name,version,score,grade,flags,maintainer_count,weekly_downloads,methodology_version
semver,7.8.5,100,A,,3,809119290,v0.2.0
minimatch,10.2.5,25,F,UNVERIFIED_PUBLISH_PATH|SINGLE_MAINTAINER,1,672619082,v0.2.0
debug,4.4.3,39,D,UNVERIFIED_PUBLISH_PATH,2,668482122,v0.2.0
lru-cache,11.5.2,25,F,UNVERIFIED_PUBLISH_PATH|SINGLE_MAINTAINER,1,514106371,v0.2.0
ms,2.1.3,28,F,UNVERIFIED_PUBLISH_PATH|DORMANT|PUBLISHER_NOT_MAINTAINER,6,510865084,v0.2.0
emoji-regex,10.6.0,77,B,,2,435509460,v0.2.0
tslib,2.8.1,39,D,UNVERIFIED_PUBLISH_PATH|DORMANT|BRANCH_REQUIRES_PR,7,410468744,v0.2.0
'@types/node,26.1.1,33,F,UNVERIFIED_PUBLISH_PATH|SINGLE_MAINTAINER,1,381913202,v0.2.0
type-fest,5.8.0,25,F,UNVERIFIED_PUBLISH_PATH|SINGLE_MAINTAINER,1,347914802,v0.2.0
ajv,8.20.0,46,D,UNVERIFIED_PUBLISH_PATH,2,342449783,v0.2.0
source-map,0.8.0,45,D,UNVERIFIED_PUBLISH_PATH,25,338402371,v0.2.0
react-is,19.2.7,83,B,INCONSISTENT_PUBLISH_PATH|BRANCH_REQUIRES_PR,2,333975552,v0.2.0
escape-string-regexp,5.0.0,19,F,UNVERIFIED_PUBLISH_PATH|DORMANT|SINGLE_MAINTAINER,1,326016650,v0.2.0
readable-stream,4.7.0,33,F,UNVERIFIED_PUBLISH_PATH|DORMANT,3,322257922,v0.2.0
json-schema-traverse,1.0.0,19,F,UNVERIFIED_PUBLISH_PATH|DORMANT|SINGLE_MAINTAINER,1,291433267,v0.2.0
safe-buffer,5.2.1,33,F,UNVERIFIED_PUBLISH_PATH|DORMANT,2,284007805,v0.2.0
undici-types,8.7.0,93,A,,2,281638823,v0.2.0
postcss,8.5.20,63,C,INCONSISTENT_PUBLISH_PATH|SINGLE_MAINTAINER|BRANCH_REQUIRES_PR,1,272264926,v0.2.0
uuid,14.0.1,77,B,INCONSISTENT_PUBLISH_PATH,2,267352912,v0.2.0
js-yaml,5.2.1,25,F,UNVERIFIED_PUBLISH_PATH|SINGLE_MAINTAINER,1,266956820,v0.2.0
entities,8.0.0,69,C,INCONSISTENT_PUBLISH_PATH|SINGLE_MAINTAINER,1,257003334,v0.2.0
esbuild,0.28.1,73,B,SINGLE_MAINTAINER,1,255790269,v0.2.0
typescript,7.0.2,45,D,UNVERIFIED_PUBLISH_PATH|BRANCH_REQUIRES_PR,7,239596637,v0.2.0
ws,8.21.1,45,D,UNVERIFIED_PUBLISH_PATH,4,235749728,v0.2.0
isarray,2.0.5,25,F,UNVERIFIED_PUBLISH_PATH|DORMANT|SINGLE_MAINTAINER,1,235390360,v0.2.0
mime-types,3.0.2,39,D,UNVERIFIED_PUBLISH_PATH,5,235071349,v0.2.0
zod,4.4.3,79,B,SINGLE_MAINTAINER,1,234533808,v0.2.0
string_decoder,1.3.0,33,F,UNVERIFIED_PUBLISH_PATH|DORMANT,4,234234057,v0.2.0
acorn,8.17.0,39,D,UNVERIFIED_PUBLISH_PATH,3,233071590,v0.2.0
nanoid,6.0.0,69,C,INCONSISTENT_PUBLISH_PATH|SINGLE_MAINTAINER,1,229525837,v0.2.0
'@jridgewell/trace-mapping,0.3.31,25,F,UNVERIFIED_PUBLISH_PATH|SINGLE_MAINTAINER,1,226000378,v0.2.0
hasown,2.0.4,39,D,UNVERIFIED_PUBLISH_PATH,2,212113614,v0.2.0
'@babel/types,8.0.4,78,B,INCONSISTENT_PUBLISH_PATH,4,211711149,v0.2.0
json5,2.2.3,39,D,UNVERIFIED_PUBLISH_PATH|DORMANT,2,210812223,v0.2.0
'@babel/parser,8.0.4,78,B,INCONSISTENT_PUBLISH_PATH,4,208311345,v0.2.0
'@radix-ui/react-slot,1.3.0,89,A,,4,201993329,v0.2.0
punycode,2.3.1,33,F,UNVERIFIED_PUBLISH_PATH|DORMANT,2,200255768,v0.2.0
convert-source-map,2.0.0,33,F,UNVERIFIED_PUBLISH_PATH|DORMANT,2,199628557,v0.2.0
pretty-format,30.4.1,45,D,UNVERIFIED_PUBLISH_PATH,5,198286358,v0.2.0
path-to-regexp,8.4.2,39,D,UNVERIFIED_PUBLISH_PATH,6,193115727,v0.2.0
'@radix-ui/react-primitive,2.1.7,89,A,,4,189568442,v0.2.0
'@jridgewell/sourcemap-codec,1.5.5,25,F,UNVERIFIED_PUBLISH_PATH|SINGLE_MAINTAINER,1,189356812,v0.2.0
function-bind,1.1.2,33,F,UNVERIFIED_PUBLISH_PATH|DORMANT,2,185787710,v0.2.0
inherits,2.0.4,19,F,UNVERIFIED_PUBLISH_PATH|DORMANT|SINGLE_MAINTAINER,1,184549164,v0.2.0
caniuse-lite,1.0.30001806,73,B,SINGLE_MAINTAINER,1,184410445,v0.2.0
fast-deep-equal,3.1.3,19,F,UNVERIFIED_PUBLISH_PATH|DORMANT|SINGLE_MAINTAINER,1,184290409,v0.2.0
'@babel/generator,8.0.0,78,B,INCONSISTENT_PUBLISH_PATH,4,181671474,v0.2.0
cookie,2.0.1,87,A,,3,180985169,v0.2.0
yaml,2.9.0,25,F,UNVERIFIED_PUBLISH_PATH|SINGLE_MAINTAINER,1,176255825,v0.2.0
'@babel/traverse,8.0.4,78,B,INCONSISTENT_PUBLISH_PATH,4,175622295,v0.2.0
es-object-atoms,1.1.2,25,F,UNVERIFIED_PUBLISH_PATH|SINGLE_MAINTAINER,1,172682785,v0.2.0
'@jridgewell/gen-mapping,0.3.13,25,F,UNVERIFIED_PUBLISH_PATH|SINGLE_MAINTAINER,1,171554907,v0.2.0
qs,6.15.3,39,D,UNVERIFIED_PUBLISH_PATH,2,171022646,v0.2.0
get-intrinsic,1.3.0,25,F,UNVERIFIED_PUBLISH_PATH|SINGLE_MAINTAINER,1,170336580,v0.2.0
es-errors,1.3.0,19,F,UNVERIFIED_PUBLISH_PATH|DORMANT|SINGLE_MAINTAINER,1,169908726,v0.2.0
node-fetch,3.3.2,39,D,UNVERIFIED_PUBLISH_PATH|DORMANT,5,169615855,v0.2.0
'@babel/template,8.0.0,78,B,INCONSISTENT_PUBLISH_PATH,4,169599755,v0.2.0
'@jridgewell/resolve-uri,3.1.2,19,F,UNVERIFIED_PUBLISH_PATH|DORMANT|SINGLE_MAINTAINER,1,168640943,v0.2.0
form-data,4.0.6,39,D,UNVERIFIED_PUBLISH_PATH,6,168446975,v0.2.0
magic-string,1.0.0,82,B,,4,168305861,v0.2.0
has-symbols,1.1.0,19,F,UNVERIFIED_PUBLISH_PATH|DORMANT|SINGLE_MAINTAINER,1,167152581,v0.2.0
'@babel/runtime,8.0.0,78,B,INCONSISTENT_PUBLISH_PATH,4,166771781,v0.2.0
source-map-js,1.2.1,19,F,UNVERIFIED_PUBLISH_PATH|DORMANT|SINGLE_MAINTAINER,1,165314294,v0.2.0
jsesc,3.1.0,19,F,UNVERIFIED_PUBLISH_PATH|DORMANT|SINGLE_MAINTAINER,1,165048455,v0.2.0
'@babel/core,8.0.1,78,B,INCONSISTENT_PUBLISH_PATH,4,165013176,v0.2.0
lodash,4.18.1,31,F,UNVERIFIED_PUBLISH_PATH|SINGLE_MAINTAINER,1,162695875,v0.2.0
scheduler,0.27.0,45,D,UNVERIFIED_PUBLISH_PATH|BRANCH_REQUIRES_PR,2,162616987,v0.2.0
'@typescript-eslint/typescript-estree,8.64.0,89,A,,2,162447097,v0.2.0
gopd,1.2.0,19,F,UNVERIFIED_PUBLISH_PATH|DORMANT|SINGLE_MAINTAINER,1,161765883,v0.2.0
react,19.2.7,83,B,INCONSISTENT_PUBLISH_PATH|BRANCH_REQUIRES_PR,2,161224397,v0.2.0
es-define-property,1.0.1,19,F,UNVERIFIED_PUBLISH_PATH|DORMANT|SINGLE_MAINTAINER,1,159076040,v0.2.0
vite,8.1.5,82,B,,2,158323671,v0.2.0
dotenv,17.4.2,45,D,UNVERIFIED_PUBLISH_PATH,3,156853461,v0.2.0
object-assign,4.1.1,33,F,UNVERIFIED_PUBLISH_PATH|DORMANT,3,156295916,v0.2.0
'@typescript-eslint/scope-manager,8.64.0,89,A,,2,155640288,v0.2.0
http-errors,2.0.1,39,D,UNVERIFIED_PUBLISH_PATH,4,153696581,v0.2.0
'@babel/helper-compilation-targets,8.0.0,78,B,INCONSISTENT_PUBLISH_PATH,4,153500500,v0.2.0
call-bind-apply-helpers,1.0.2,25,F,UNVERIFIED_PUBLISH_PATH|SINGLE_MAINTAINER,1,153466754,v0.2.0
buffer,6.0.3,19,F,UNVERIFIED_PUBLISH_PATH|DORMANT|SINGLE_MAINTAINER,1,153094183,v0.2.0
dunder-proto,1.0.1,19,F,UNVERIFIED_PUBLISH_PATH|DORMANT|SINGLE_MAINTAINER,1,152298804,v0.2.0
react-dom,19.2.7,83,B,INCONSISTENT_PUBLISH_PATH|BRANCH_REQUIRES_PR,2,152142468,v0.2.0
math-intrinsics,1.1.0,19,F,UNVERIFIED_PUBLISH_PATH|DORMANT|SINGLE_MAINTAINER,1,151899795,v0.2.0
get-proto,1.0.1,19,F,UNVERIFIED_PUBLISH_PATH|DORMANT|SINGLE_MAINTAINER,1,151452942,v0.2.0
side-channel,1.1.1,25,F,UNVERIFIED_PUBLISH_PATH|SINGLE_MAINTAINER,1,150517600,v0.2.0
eventemitter3,5.0.4,39,D,UNVERIFIED_PUBLISH_PATH,3,147903288,v0.2.0
csstype,3.2.3,39,D,UNVERIFIED_PUBLISH_PATH,2,146822810,v0.2.0
'@typescript-eslint/utils,8.64.0,89,A,,2,146642381,v0.2.0
eslint,10.7.0,46,D,UNVERIFIED_PUBLISH_PATH,2,146441841,v0.2.0
util-deprecate,1.0.2,19,F,UNVERIFIED_PUBLISH_PATH|DORMANT|SINGLE_MAINTAINER,1,146345301,v0.2.0
object-inspect,1.13.4,39,D,UNVERIFIED_PUBLISH_PATH,2,145207344,v0.2.0
'@types/react,19.2.17,33,F,UNVERIFIED_PUBLISH_PATH|SINGLE_MAINTAINER,1,140565029,v0.2.0
'@rolldown/pluginutils,1.0.1,82,B,,4,140448704,v0.2.0
flatted,3.4.2,31,F,UNVERIFIED_PUBLISH_PATH|SINGLE_MAINTAINER,1,140422415,v0.2.0
mime,4.1.0,25,F,UNVERIFIED_PUBLISH_PATH|SINGLE_MAINTAINER,1,138449364,v0.2.0
pnpm,11.15.1,85,A,INCONSISTENT_PUBLISH_PATH,2,137059868,v0.2.0
side-channel-list,1.0.1,25,F,UNVERIFIED_PUBLISH_PATH|SINGLE_MAINTAINER,1,135153095,v0.2.0
parse5,8.0.1,45,D,UNVERIFIED_PUBLISH_PATH,5,134103514,v0.2.0
undici,8.7.0,93,A,,3,132541483,v0.2.0
call-bound,1.0.4,25,F,UNVERIFIED_PUBLISH_PATH|SINGLE_MAINTAINER,1,131568509,v0.2.0
diff,9.0.0,39,D,UNVERIFIED_PUBLISH_PATH,2,129472617,v0.2.0
gensync,1.0.0-beta.2,19,F,UNVERIFIED_PUBLISH_PATH|DORMANT|SINGLE_MAINTAINER,1,129344574,v0.2.0
rollup,4.62.2,83,B,INCONSISTENT_PUBLISH_PATH,5,127789635,v0.2.0
body-parser,2.3.0,39,D,UNVERIFIED_PUBLISH_PATH,4,127767577,v0.2.0
'@jest/types,30.4.1,45,D,UNVERIFIED_PUBLISH_PATH,5,127495343,v0.2.0
'@typescript-eslint/eslint-plugin,8.64.0,89,A,,2,127115662,v0.2.0
source-map-support,0.5.21,33,F,UNVERIFIED_PUBLISH_PATH|DORMANT,3,125098468,v0.2.0
side-channel-weakmap,1.0.2,19,F,UNVERIFIED_PUBLISH_PATH|DORMANT|SINGLE_MAINTAINER,1,124983292,v0.2.0
side-channel-map,1.0.1,19,F,UNVERIFIED_PUBLISH_PATH|DORMANT|SINGLE_MAINTAINER,1,124957599,v0.2.0
base64-js,1.5.1,33,F,UNVERIFIED_PUBLISH_PATH|DORMANT,2,124273488,v0.2.0
serve-static,2.2.1,39,D,UNVERIFIED_PUBLISH_PATH,3,123333950,v0.2.0
'@radix-ui/react-context,1.2.0,89,A,,4,123247540,v0.2.0
prettier,3.9.5,39,D,UNVERIFIED_PUBLISH_PATH,11,121744410,v0.2.0
lines-and-columns,2.0.4,19,F,UNVERIFIED_PUBLISH_PATH|DORMANT|SINGLE_MAINTAINER,1,121102012,v0.2.0
'@opentelemetry/core,2.9.0,94,A,,6,120173718,v0.2.0
tailwindcss,4.3.3,89,A,,3,119529197,v0.2.0
express,5.2.1,39,D,UNVERIFIED_PUBLISH_PATH,5,119146190,v0.2.0
lodash.merge,4.6.2,34,F,UNVERIFIED_PUBLISH_PATH|DORMANT,2,117839063,v0.2.0
'@oxc-project/types,0.140.0,75,B,SINGLE_MAINTAINER,1,115457340,v0.2.0
'@types/react-dom,19.2.3,33,F,UNVERIFIED_PUBLISH_PATH|SINGLE_MAINTAINER,1,114556681,v0.2.0
axios,1.18.1,76,B,INCONSISTENT_PUBLISH_PATH|SINGLE_MAINTAINER,1,113454285,v0.2.0
clsx,2.1.1,19,F,UNVERIFIED_PUBLISH_PATH|DORMANT|SINGLE_MAINTAINER,1,113084635,v0.2.0
is-plain-obj,4.1.0,19,F,UNVERIFIED_PUBLISH_PATH|DORMANT|SINGLE_MAINTAINER,1,112972877,v0.2.0
tough-cookie,6.0.2,100,A,,2,112959241,v0.2.0
'@smithy/types,4.16.1,84,B,INCONSISTENT_PUBLISH_PATH,2,111006897,v0.2.0
retry,0.13.1,19,F,UNVERIFIED_PUBLISH_PATH|DORMANT|SINGLE_MAINTAINER,1,108876561,v0.2.0
'@aws-sdk/types,3.974.2,41,D,UNVERIFIED_PUBLISH_PATH,2,108727752,v0.2.0
'@opentelemetry/api-logs,0.220.0,94,A,,6,108419945,v0.2.0
fast-uri,4.1.1,39,D,UNVERIFIED_PUBLISH_PATH,11,108201317,v0.2.0
call-bind,1.0.9,25,F,UNVERIFIED_PUBLISH_PATH|SINGLE_MAINTAINER,1,107330791,v0.2.0
'@smithy/util-utf8,4.4.10,84,B,INCONSISTENT_PUBLISH_PATH,2,105798113,v0.2.0
'@sinclair/typebox,0.34.52,68,C,SINGLE_MAINTAINER,1,105218366,v0.2.0
'@vitest/utils,4.1.10,88,A,,5,104308523,v0.2.0
esprima,4.0.1,19,F,UNVERIFIED_PUBLISH_PATH|DORMANT|SINGLE_MAINTAINER,1,104081231,v0.2.0
ieee754,1.2.1,19,F,UNVERIFIED_PUBLISH_PATH|DORMANT|SINGLE_MAINTAINER,1,103308176,v0.2.0
lightningcss,1.33.0,25,F,UNVERIFIED_PUBLISH_PATH|SINGLE_MAINTAINER,1,102075730,v0.2.0
prop-types,15.8.1,33,F,UNVERIFIED_PUBLISH_PATH|DORMANT,3,100905818,v0.2.0
has-property-descriptors,1.0.2,19,F,UNVERIFIED_PUBLISH_PATH|DORMANT|SINGLE_MAINTAINER,1,100626254,v0.2.0
pako,3.0.1,25,F,UNVERIFIED_PUBLISH_PATH|SINGLE_MAINTAINER,1,98574092,v0.2.0
jose,6.2.3,79,B,SINGLE_MAINTAINER,1,98531098,v0.2.0
'@types/unist,3.0.3,27,F,UNVERIFIED_PUBLISH_PATH|DORMANT|SINGLE_MAINTAINER,1,98495973,v0.2.0
async,3.2.6,33,F,UNVERIFIED_PUBLISH_PATH|DORMANT,5,98271169,v0.2.0
domutils,4.0.2,73,B,SINGLE_MAINTAINER,1,97495177,v0.2.0
define-data-property,1.1.4,19,F,UNVERIFIED_PUBLISH_PATH|DORMANT|SINGLE_MAINTAINER,1,97348627,v0.2.0
'@vitest/spy,4.1.10,88,A,,5,97328869,v0.2.0
'@opentelemetry/semantic-conventions,1.43.0,94,A,,6,97115730,v0.2.0
lucide-react,1.25.0,68,C,SINGLE_MAINTAINER,1,95873933,v0.2.0
domhandler,6.0.1,73,B,SINGLE_MAINTAINER,1,95606456,v0.2.0
rxjs,7.8.2,45,D,UNVERIFIED_PUBLISH_PATH,3,95550695,v0.2.0
'@opentelemetry/resources,2.9.0,94,A,,6,95329492,v0.2.0
use-sync-external-store,1.6.0,31,F,UNVERIFIED_PUBLISH_PATH|SINGLE_MAINTAINER|BRANCH_REQUIRES_PR,1,95153772,v0.2.0
sprintf-js,1.1.3,19,F,UNVERIFIED_PUBLISH_PATH|DORMANT|SINGLE_MAINTAINER,1,95114516,v0.2.0
dom-serializer,3.1.1,79,B,SINGLE_MAINTAINER,1,94955377,v0.2.0
'@vitest/expect,4.1.10,88,A,,5,94861711,v0.2.0
chai,6.2.2,70,B,SINGLE_MAINTAINER,1,94569212,v0.2.0
'@radix-ui/react-compose-refs,1.1.3,89,A,,4,94500345,v0.2.0
tsconfig-paths,4.2.0,33,F,UNVERIFIED_PUBLISH_PATH|DORMANT,17,93683631,v0.2.0
set-function-length,1.2.2,19,F,UNVERIFIED_PUBLISH_PATH|DORMANT|SINGLE_MAINTAINER,1,93463795,v0.2.0
date-fns,4.4.0,26,F,UNVERIFIED_PUBLISH_PATH|SINGLE_MAINTAINER,1,93184951,v0.2.0
tinyrainbow,3.1.0,25,F,UNVERIFIED_PUBLISH_PATH|SINGLE_MAINTAINER,1,90551522,v0.2.0
'@radix-ui/primitive,1.1.6,89,A,,4,89528374,v0.2.0
'@standard-schema/spec,1.1.0,66,C,,2,89167533,v0.2.0
'@floating-ui/dom,1.8.0,82,B,,2,88964747,v0.2.0
'@types/yargs,17.0.35,33,F,UNVERIFIED_PUBLISH_PATH|SINGLE_MAINTAINER,1,88556008,v0.2.0
'@smithy/is-array-buffer,4.4.10,84,B,INCONSISTENT_PUBLISH_PATH,2,88239403,v0.2.0
es-abstract,1.24.2,25,F,UNVERIFIED_PUBLISH_PATH|SINGLE_MAINTAINER,1,87769322,v0.2.0
'@floating-ui/core,1.8.0,82,B,,2,87582043,v0.2.0
'@radix-ui/react-use-layout-effect,1.1.2,89,A,,4,87030215,v0.2.0
'@floating-ui/utils,0.2.12,82,B,,2,86634393,v0.2.0
d3-array,3.2.4,33,F,UNVERIFIED_PUBLISH_PATH|DORMANT,2,85792157,v0.2.0
deepmerge,4.3.1,19,F,UNVERIFIED_PUBLISH_PATH|DORMANT|SINGLE_MAINTAINER,1,85304721,v0.2.0
htmlparser2,12.0.0,69,C,INCONSISTENT_PUBLISH_PATH|SINGLE_MAINTAINER,1,85162463,v0.2.0
'@opentelemetry/instrumentation,0.220.0,94,A,,6,84570701,v0.2.0
domelementtype,3.0.0,79,B,SINGLE_MAINTAINER,1,83956712,v0.2.0
'@radix-ui/react-use-controllable-state,1.2.4,89,A,,4,83424700,v0.2.0
process-nextick-args,2.0.1,19,F,UNVERIFIED_PUBLISH_PATH|DORMANT|SINGLE_MAINTAINER,1,82736279,v0.2.0
extend,3.0.2,33,F,UNVERIFIED_PUBLISH_PATH|DORMANT,2,82596986,v0.2.0
jsdom,29.1.1,77,B,INCONSISTENT_PUBLISH_PATH,6,82542800,v0.2.0
jest-message-util,30.4.1,45,D,UNVERIFIED_PUBLISH_PATH,5,80908574,v0.2.0
rolldown,1.2.0,89,A,BRANCH_REQUIRES_PR,4,80805631,v0.2.0
'@vitest/snapshot,4.1.10,88,A,,5,80763682,v0.2.0
d3-shape,3.2.0,33,F,UNVERIFIED_PUBLISH_PATH|DORMANT,2,80484815,v0.2.0
d3-path,3.1.0,33,F,UNVERIFIED_PUBLISH_PATH|DORMANT,2,80237168,v0.2.0
vitest,4.1.10,88,A,BRANCH_REQUIRES_PR,5,79904357,v0.2.0
'@vitest/runner,4.1.10,88,A,,5,79347642,v0.2.0
fast-xml-parser,5.10.1,63,C,INCONSISTENT_PUBLISH_PATH|SINGLE_MAINTAINER,1,79264347,v0.2.0
gaxios,7.2.0,38,D,UNVERIFIED_PUBLISH_PATH|SINGLE_MAINTAINER|BRANCH_REQUIRES_PR,1,78660163,v0.2.0
'@radix-ui/react-presence,1.1.8,89,A,,4,78652736,v0.2.0
internmap,2.0.3,19,F,UNVERIFIED_PUBLISH_PATH|DORMANT|SINGLE_MAINTAINER,1,78444440,v0.2.0
'@vitest/mocker,4.1.10,88,A,,5,78331146,v0.2.0
long,5.3.2,25,F,UNVERIFIED_PUBLISH_PATH|SINGLE_MAINTAINER,1,77459308,v0.2.0
'@radix-ui/react-use-callback-ref,1.1.2,89,A,,4,77444601,v0.2.0
has-proto,1.2.0,19,F,UNVERIFIED_PUBLISH_PATH|DORMANT|SINGLE_MAINTAINER,1,77434313,v0.2.0
'@aws-sdk/core,3.975.3,41,D,UNVERIFIED_PUBLISH_PATH|BRANCH_REQUIRES_PR,2,77164852,v0.2.0
'@floating-ui/react-dom,2.1.9,82,B,,2,76881742,v0.2.0
'@radix-ui/react-dismissable-layer,1.1.16,89,A,,4,76775845,v0.2.0
'@radix-ui/react-id,1.1.2,89,A,,4,76744801,v0.2.0
'@swc/helpers,0.5.23,71,B,INCONSISTENT_PUBLISH_PATH|SINGLE_MAINTAINER,1,76356315,v0.2.0
tailwind-merge,3.6.0,63,C,INCONSISTENT_PUBLISH_PATH|SINGLE_MAINTAINER,1,76333247,v0.2.0
playwright-core,1.61.1,93,A,,4,76303290,v0.2.0
'@radix-ui/react-portal,1.1.14,89,A,,4,75967645,v0.2.0
'@vitejs/plugin-react,6.0.3,87,A,,2,75520887,v0.2.0
clone,2.1.2,19,F,UNVERIFIED_PUBLISH_PATH|DORMANT|SINGLE_MAINTAINER,1,75325581,v0.2.0
css-select,7.0.0,73,B,SINGLE_MAINTAINER,1,74317665,v0.2.0
'@aws-sdk/credential-provider-node,3.972.70,41,D,UNVERIFIED_PUBLISH_PATH,2,73652752,v0.2.0
'@aws-sdk/credential-provider-ini,3.973.4,41,D,UNVERIFIED_PUBLISH_PATH,2,73147332,v0.2.0
'@aws-sdk/credential-provider-web-identity,3.972.65,41,D,UNVERIFIED_PUBLISH_PATH,2,73105283,v0.2.0
'@ungap/structured-clone,1.3.3,25,F,UNVERIFIED_PUBLISH_PATH|SINGLE_MAINTAINER,1,73082514,v0.2.0
protobufjs,8.7.1,83,B,INCONSISTENT_PUBLISH_PATH,3,72890673,v0.2.0
'@aws-sdk/credential-provider-process,3.972.59,41,D,UNVERIFIED_PUBLISH_PATH,2,72782002,v0.2.0
'@aws-sdk/credential-provider-sso,3.973.3,41,D,UNVERIFIED_PUBLISH_PATH,2,72651479,v0.2.0
'@radix-ui/react-focus-scope,1.1.13,89,A,,4,72635450,v0.2.0
terser,5.49.0,31,F,UNVERIFIED_PUBLISH_PATH|SINGLE_MAINTAINER,1,72439055,v0.2.0
d3-interpolate,3.0.1,33,F,UNVERIFIED_PUBLISH_PATH|DORMANT,2,72169705,v0.2.0
decimal.js,10.6.0,25,F,UNVERIFIED_PUBLISH_PATH|SINGLE_MAINTAINER,1,72092083,v0.2.0
'@smithy/node-http-handler,4.9.7,84,B,INCONSISTENT_PUBLISH_PATH,2,71842802,v0.2.0
'@radix-ui/react-focus-guards,1.1.4,89,A,,4,71799461,v0.2.0
d3-color,3.1.0,33,F,UNVERIFIED_PUBLISH_PATH|DORMANT,2,71502942,v0.2.0
d3-format,3.1.2,77,B,,2,71163124,v0.2.0
'@opentelemetry/sdk-trace-base,2.9.0,94,A,,6,70969141,v0.2.0
playwright,1.61.1,93,A,,4,70825071,v0.2.0
d3-time,3.1.0,33,F,UNVERIFIED_PUBLISH_PATH|DORMANT,2,70680401,v0.2.0
d3-timer,3.0.1,33,F,UNVERIFIED_PUBLISH_PATH|DORMANT,2,70557003,v0.2.0
react-remove-scroll,2.7.2,25,F,UNVERIFIED_PUBLISH_PATH|SINGLE_MAINTAINER,1,70359673,v0.2.0
google-auth-library,10.9.0,38,D,UNVERIFIED_PUBLISH_PATH|SINGLE_MAINTAINER|BRANCH_REQUIRES_PR,1,70104290,v0.2.0
object-hash,3.0.0,33,F,UNVERIFIED_PUBLISH_PATH|DORMANT,2,69990564,v0.2.0
'@radix-ui/react-collection,1.1.12,89,A,,4,69462895,v0.2.0
tinybench,6.0.2,66,C,,3,69073888,v0.2.0
d3-time-format,4.1.0,33,F,UNVERIFIED_PUBLISH_PATH|DORMANT,2,68961794,v0.2.0
'@types/chai,5.2.3,33,F,UNVERIFIED_PUBLISH_PATH|SINGLE_MAINTAINER,1,68714241,v0.2.0
d3-ease,3.0.1,33,F,UNVERIFIED_PUBLISH_PATH|DORMANT,2,68544539,v0.2.0
'@aws-sdk/credential-provider-http,3.972.61,41,D,UNVERIFIED_PUBLISH_PATH,2,68273014,v0.2.0
'@types/d3-shape,3.1.8,33,F,UNVERIFIED_PUBLISH_PATH|SINGLE_MAINTAINER,1,68032405,v0.2.0
expect-type,1.4.0,26,F,UNVERIFIED_PUBLISH_PATH|SINGLE_MAINTAINER,1,68013441,v0.2.0
'@opentelemetry/api,1.9.1,94,A,BRANCH_REQUIRES_PR,6,67917869,v0.2.0
'@smithy/signature-v4,5.6.6,84,B,INCONSISTENT_PUBLISH_PATH,2,67902788,v0.2.0
'@radix-ui/react-direction,1.1.2,89,A,,4,67731523,v0.2.0
'@smithy/fetch-http-handler,5.6.7,84,B,INCONSISTENT_PUBLISH_PATH,2,67695875,v0.2.0
aria-hidden,1.2.6,25,F,UNVERIFIED_PUBLISH_PATH|SINGLE_MAINTAINER,1,67669383,v0.2.0
d3-scale,4.0.2,33,F,UNVERIFIED_PUBLISH_PATH|DORMANT,2,67519420,v0.2.0
'@types/d3-color,3.1.3,27,F,UNVERIFIED_PUBLISH_PATH|DORMANT|SINGLE_MAINTAINER,1,67432199,v0.2.0
'@types/d3-interpolate,3.0.4,27,F,UNVERIFIED_PUBLISH_PATH|DORMANT|SINGLE_MAINTAINER,1,67300284,v0.2.0
css-what,8.0.0,73,B,SINGLE_MAINTAINER,1,66698134,v0.2.0
strnum,2.4.1,25,F,UNVERIFIED_PUBLISH_PATH|SINGLE_MAINTAINER,1,66500869,v0.2.0
'@types/d3-time,3.0.4,27,F,UNVERIFIED_PUBLISH_PATH|DORMANT|SINGLE_MAINTAINER,1,66453128,v0.2.0
'@radix-ui/react-popper,1.3.4,89,A,,4,66341979,v0.2.0
'@types/d3-path,3.1.1,33,F,UNVERIFIED_PUBLISH_PATH|SINGLE_MAINTAINER,1,66200455,v0.2.0
'@sinonjs/fake-timers,15.4.0,39,D,UNVERIFIED_PUBLISH_PATH,6,65940323,v0.2.0
'@radix-ui/react-use-escape-keydown,1.1.3,89,A,,4,65881505,v0.2.0
bn.js,5.2.5,39,D,UNVERIFIED_PUBLISH_PATH,4,65843089,v0.2.0
jest-mock,30.4.1,45,D,UNVERIFIED_PUBLISH_PATH,5,65774764,v0.2.0
use-callback-ref,1.3.3,19,F,UNVERIFIED_PUBLISH_PATH|DORMANT|SINGLE_MAINTAINER,1,65773570,v0.2.0
'@types/d3-scale,4.0.9,33,F,UNVERIFIED_PUBLISH_PATH|SINGLE_MAINTAINER,1,65767700,v0.2.0
use-sidecar,1.1.3,19,F,UNVERIFIED_PUBLISH_PATH|DORMANT|SINGLE_MAINTAINER,1,65730165,v0.2.0
regenerator-runtime,0.14.1,19,F,UNVERIFIED_PUBLISH_PATH|DORMANT|SINGLE_MAINTAINER,1,65709532,v0.2.0
'@smithy/core,3.29.5,84,B,INCONSISTENT_PUBLISH_PATH|BRANCH_REQUIRES_PR,2,65503401,v0.2.0
'@aws-sdk/nested-clients,3.997.33,41,D,UNVERIFIED_PUBLISH_PATH|BRANCH_REQUIRES_PR,2,65399476,v0.2.0
'@noble/hashes,2.2.0,79,B,SINGLE_MAINTAINER,1,65359527,v0.2.0
'@radix-ui/react-roving-focus,1.1.16,89,A,,4,65308559,v0.2.0
'@radix-ui/react-use-size,1.1.2,89,A,,4,65173097,v0.2.0
detect-node-es,1.1.0,19,F,UNVERIFIED_PUBLISH_PATH|DORMANT|SINGLE_MAINTAINER,1,65094982,v0.2.0
'@radix-ui/react-arrow,1.1.12,89,A,,4,65009705,v0.2.0
react-remove-scroll-bar,2.3.8,19,F,UNVERIFIED_PUBLISH_PATH|DORMANT|SINGLE_MAINTAINER,1,64940713,v0.2.0
react-style-singleton,2.2.3,19,F,UNVERIFIED_PUBLISH_PATH|DORMANT|SINGLE_MAINTAINER,1,64871579,v0.2.0
web-streams-polyfill,4.3.0,87,A,,3,64512122,v0.2.0
tldts,7.4.9,73,B,SINGLE_MAINTAINER,1,64462794,v0.2.0
nth-check,3.0.1,73,B,SINGLE_MAINTAINER,1,64447345,v0.2.0
get-nonce,1.0.1,19,F,UNVERIFIED_PUBLISH_PATH|DORMANT|SINGLE_MAINTAINER,1,64199314,v0.2.0
core-js,3.49.0,31,F,UNVERIFIED_PUBLISH_PATH|SINGLE_MAINTAINER,1,64057442,v0.2.0
'@types/d3-array,3.2.2,33,F,UNVERIFIED_PUBLISH_PATH|SINGLE_MAINTAINER,1,64044743,v0.2.0
'@tanstack/query-core,5.101.2,89,A,BRANCH_REQUIRES_PR,3,63798217,v0.2.0
'@types/ws,8.18.1,33,F,UNVERIFIED_PUBLISH_PATH|SINGLE_MAINTAINER,1,62822977,v0.2.0
'@types/d3-timer,3.0.2,27,F,UNVERIFIED_PUBLISH_PATH|DORMANT|SINGLE_MAINTAINER,1,61932314,v0.2.0
'@smithy/credential-provider-imds,4.4.10,84,B,INCONSISTENT_PUBLISH_PATH,2,61776488,v0.2.0
'@types/d3-ease,3.0.2,27,F,UNVERIFIED_PUBLISH_PATH|DORMANT|SINGLE_MAINTAINER,1,61508243,v0.2.0
'@types/express,5.0.6,33,F,UNVERIFIED_PUBLISH_PATH|SINGLE_MAINTAINER,1,61148574,v0.2.0
pure-rand,8.4.2,68,C,SINGLE_MAINTAINER,1,60990998,v0.2.0
dayjs,1.11.21,73,B,SINGLE_MAINTAINER,1,60825704,v0.2.0
ast-types,0.14.2,19,F,UNVERIFIED_PUBLISH_PATH|DORMANT|SINGLE_MAINTAINER,1,60656622,v0.2.0
'@tanstack/react-query,5.101.2,89,A,,3,60636836,v0.2.0
'@types/connect,3.4.38,27,F,UNVERIFIED_PUBLISH_PATH|DORMANT|SINGLE_MAINTAINER,1,60145346,v0.2.0
class-variance-authority,0.7.1,14,F,UNVERIFIED_PUBLISH_PATH|DORMANT|SINGLE_MAINTAINER,1,59361595,v0.2.0
boolbase,2.0.0,79,B,SINGLE_MAINTAINER,1,59139067,v0.2.0
jest-haste-map,30.4.1,45,D,UNVERIFIED_PUBLISH_PATH,5,58832310,v0.2.0
fflate,0.8.3,20,F,UNVERIFIED_PUBLISH_PATH|SINGLE_MAINTAINER,1,58631019,v0.2.0
'@testing-library/dom,10.4.1,39,D,UNVERIFIED_PUBLISH_PATH,17,58562733,v0.2.0
'@jridgewell/source-map,0.3.11,25,F,UNVERIFIED_PUBLISH_PATH|SINGLE_MAINTAINER,1,58466971,v0.2.0
'@grpc/proto-loader,0.8.1,45,D,UNVERIFIED_PUBLISH_PATH,3,57910816,v0.2.0
axe-core,4.12.1,100,A,,4,57879267,v0.2.0
'@protobufjs/utf8,1.1.2,45,D,UNVERIFIED_PUBLISH_PATH,3,57713564,v0.2.0
google-logging-utils,1.1.4,32,F,UNVERIFIED_PUBLISH_PATH|SINGLE_MAINTAINER,1,57638732,v0.2.0
marked,18.0.6,93,A,,4,57154700,v0.2.0
fraction.js,5.3.4,25,F,UNVERIFIED_PUBLISH_PATH|SINGLE_MAINTAINER,1,57140819,v0.2.0
react-hook-form,7.82.0,31,F,UNVERIFIED_PUBLISH_PATH|SINGLE_MAINTAINER,1,57089178,v0.2.0
'@jest/transform,30.4.1,45,D,UNVERIFIED_PUBLISH_PATH,5,56531869,v0.2.0
'@types/serve-static,2.2.0,33,F,UNVERIFIED_PUBLISH_PATH|SINGLE_MAINTAINER,1,56523447,v0.2.0
dom-helpers,6.0.1,39,D,UNVERIFIED_PUBLISH_PATH,3,56205155,v0.2.0
'@aws-sdk/util-endpoints,3.996.32,41,D,UNVERIFIED_PUBLISH_PATH,2,55995252,v0.2.0
'@protobufjs/eventemitter,1.1.1,45,D,UNVERIFIED_PUBLISH_PATH,3,55875755,v0.2.0
'@radix-ui/react-menu,2.1.21,89,A,,4,55850517,v0.2.0
'@jest/fake-timers,30.4.1,45,D,UNVERIFIED_PUBLISH_PATH,5,55684546,v0.2.0
'@jest/environment,30.4.1,45,D,UNVERIFIED_PUBLISH_PATH,5,55409709,v0.2.0
unist-util-is,6.0.1,39,D,UNVERIFIED_PUBLISH_PATH,2,55348623,v0.2.0
react-transition-group,4.4.5,28,F,UNVERIFIED_PUBLISH_PATH|DORMANT,3,55311920,v0.2.0
'@smithy/protocol-http,5.5.10,84,B,INCONSISTENT_PUBLISH_PATH,2,55266734,v0.2.0
'@radix-ui/react-dropdown-menu,2.1.21,89,A,,4,54987291,v0.2.0
unist-util-visit-parents,6.0.2,39,D,UNVERIFIED_PUBLISH_PATH,2,54935234,v0.2.0
micromark-util-character,2.1.1,19,F,UNVERIFIED_PUBLISH_PATH|DORMANT|SINGLE_MAINTAINER,1,54612414,v0.2.0
unist-util-visit,5.1.0,39,D,UNVERIFIED_PUBLISH_PATH,2,54605308,v0.2.0
immer,11.1.15,83,B,INCONSISTENT_PUBLISH_PATH,2,54303654,v0.2.0
recharts,3.9.2,77,B,INCONSISTENT_PUBLISH_PATH|BRANCH_REQUIRES_PR,3,54278123,v0.2.0
eventsource-parser,3.1.0,73,B,SINGLE_MAINTAINER,1,54172832,v0.2.0
unist-util-stringify-position,4.0.0,33,F,UNVERIFIED_PUBLISH_PATH|DORMANT,2,53795700,v0.2.0
'@testing-library/jest-dom,6.9.1,39,D,UNVERIFIED_PUBLISH_PATH,17,53607909,v0.2.0
decimal.js-light,2.5.1,19,F,UNVERIFIED_PUBLISH_PATH|DORMANT|SINGLE_MAINTAINER,1,53515846,v0.2.0
victory-vendor,37.3.6,60,C,DORMANT,10,53420579,v0.2.0
'@aws-sdk/signature-v4-multi-region,3.996.41,41,D,UNVERIFIED_PUBLISH_PATH,2,53179262,v0.2.0
lz-string,1.5.0,25,F,UNVERIFIED_PUBLISH_PATH|DORMANT|SINGLE_MAINTAINER,1,52397210,v0.2.0
webpack,5.108.4,87,A,,8,52373119,v0.2.0
jsonwebtoken,9.0.3,27,F,UNVERIFIED_PUBLISH_PATH|SINGLE_MAINTAINER|PUBLISHER_NOT_MAINTAINER,1,52363168,v0.2.0
dompurify,3.4.12,38,D,UNVERIFIED_PUBLISH_PATH|SINGLE_MAINTAINER|BRANCH_REQUIRES_SIGNATURES|BRANCH_REQUIRES_PR,1,52359353,v0.2.0
'@sindresorhus/is,8.1.0,25,F,UNVERIFIED_PUBLISH_PATH|SINGLE_MAINTAINER,1,52148351,v0.2.0
file-type,22.0.1,25,F,UNVERIFIED_PUBLISH_PATH|SINGLE_MAINTAINER,1,52038288,v0.2.0
'@protobufjs/aspromise,1.1.2,34,F,UNVERIFIED_PUBLISH_PATH|DORMANT,2,52016875,v0.2.0
'@protobufjs/float,1.0.2,34,F,UNVERIFIED_PUBLISH_PATH|DORMANT,2,51998271,v0.2.0
'@protobufjs/pool,1.1.0,34,F,UNVERIFIED_PUBLISH_PATH|DORMANT,2,51991568,v0.2.0
'@protobufjs/base64,1.1.2,34,F,UNVERIFIED_PUBLISH_PATH|DORMANT,2,51967971,v0.2.0
'@jest/test-result,30.4.1,45,D,UNVERIFIED_PUBLISH_PATH,5,51910708,v0.2.0
sucrase,3.35.1,25,F,UNVERIFIED_PUBLISH_PATH|SINGLE_MAINTAINER,1,51860041,v0.2.0
'@jest/console,30.4.1,45,D,UNVERIFIED_PUBLISH_PATH,5,51786816,v0.2.0
'@aws-sdk/middleware-user-agent,3.972.63,41,D,UNVERIFIED_PUBLISH_PATH,2,51367084,v0.2.0
hono,4.12.31,63,C,INCONSISTENT_PUBLISH_PATH|SINGLE_MAINTAINER,1,51361924,v0.2.0
property-information,7.2.0,25,F,UNVERIFIED_PUBLISH_PATH|SINGLE_MAINTAINER,1,51352623,v0.2.0
bluebird,3.7.2,19,F,UNVERIFIED_PUBLISH_PATH|DORMANT|SINGLE_MAINTAINER,1,51324512,v0.2.0
fast-equals,6.0.2,25,F,UNVERIFIED_PUBLISH_PATH|SINGLE_MAINTAINER,1,51025307,v0.2.0
bignumber.js,11.1.5,25,F,UNVERIFIED_PUBLISH_PATH|SINGLE_MAINTAINER,1,50913911,v0.2.0
pg-protocol,1.15.0,32,F,UNVERIFIED_PUBLISH_PATH|SINGLE_MAINTAINER,1,50618945,v0.2.0
vfile-message,4.0.3,25,F,UNVERIFIED_PUBLISH_PATH|SINGLE_MAINTAINER,1,50551478,v0.2.0
zod-to-json-schema,3.25.2,25,F,UNVERIFIED_PUBLISH_PATH|SINGLE_MAINTAINER,1,50361842,v0.2.0
'@types/body-parser,1.19.6,33,F,UNVERIFIED_PUBLISH_PATH|SINGLE_MAINTAINER,1,50298733,v0.2.0
react-router,8.2.0,88,A,,2,50202279,v0.2.0
vfile,6.0.3,19,F,UNVERIFIED_PUBLISH_PATH|DORMANT|SINGLE_MAINTAINER,1,50107281,v0.2.0
'@aws-sdk/credential-provider-login,3.972.66,41,D,UNVERIFIED_PUBLISH_PATH,2,49907606,v0.2.0
'@sentry/core,10.66.0,27,F,UNVERIFIED_PUBLISH_PATH|SINGLE_MAINTAINER|BRANCH_REQUIRES_PR,1,49844575,v0.2.0
express-rate-limit,8.6.0,77,B,INCONSISTENT_PUBLISH_PATH,2,49798894,v0.2.0
fast-diff,1.3.0,33,F,UNVERIFIED_PUBLISH_PATH|DORMANT,2,49771740,v0.2.0
is-buffer,2.0.5,19,F,UNVERIFIED_PUBLISH_PATH|DORMANT|SINGLE_MAINTAINER,1,49627819,v0.2.0
ts-interface-checker,1.0.2,33,F,UNVERIFIED_PUBLISH_PATH|DORMANT,2,49246123,v0.2.0
'@aws-sdk/util-user-agent-browser,3.972.34,41,D,UNVERIFIED_PUBLISH_PATH,2,49240703,v0.2.0
'@aws-sdk/middleware-host-header,3.972.34,41,D,UNVERIFIED_PUBLISH_PATH,2,49235622,v0.2.0
'@aws-sdk/middleware-logger,3.972.33,41,D,UNVERIFIED_PUBLISH_PATH,2,49116475,v0.2.0
character-entities-legacy,3.0.0,19,F,UNVERIFIED_PUBLISH_PATH|DORMANT|SINGLE_MAINTAINER,1,48841094,v0.2.0
ufo,1.6.4,31,F,UNVERIFIED_PUBLISH_PATH|SINGLE_MAINTAINER,1,48800676,v0.2.0
'@hookform/resolvers,5.4.0,45,D,UNVERIFIED_PUBLISH_PATH,3,48785256,v0.2.0
mdast-util-to-string,4.0.0,33,F,UNVERIFIED_PUBLISH_PATH|DORMANT,2,48773225,v0.2.0
check-error,2.1.3,63,C,SINGLE_MAINTAINER,1,48692460,v0.2.0
char-regex,2.0.2,19,F,UNVERIFIED_PUBLISH_PATH|DORMANT|SINGLE_MAINTAINER,1,48680160,v0.2.0
'@aws-sdk/middleware-recursion-detection,3.972.35,41,D,UNVERIFIED_PUBLISH_PATH,2,48548748,v0.2.0
'@types/stack-utils,2.0.3,27,F,UNVERIFIED_PUBLISH_PATH|DORMANT|SINGLE_MAINTAINER,1,48448098,v0.2.0
jest-resolve,30.4.1,45,D,UNVERIFIED_PUBLISH_PATH,5,48309479,v0.2.0
sonner,2.0.7,25,F,UNVERIFIED_PUBLISH_PATH|SINGLE_MAINTAINER,1,48292453,v0.2.0
'@types/prop-types,15.7.15,33,F,UNVERIFIED_PUBLISH_PATH|SINGLE_MAINTAINER,1,48268730,v0.2.0
micromark-factory-space,2.0.1,19,F,UNVERIFIED_PUBLISH_PATH|DORMANT|SINGLE_MAINTAINER,1,48041458,v0.2.0
micromark,4.0.2,25,F,UNVERIFIED_PUBLISH_PATH|SINGLE_MAINTAINER,1,47977375,v0.2.0
'@testing-library/react,16.3.2,77,B,,17,47963821,v0.2.0
jest-watcher,30.4.1,45,D,UNVERIFIED_PUBLISH_PATH,5,47936267,v0.2.0
next,16.2.10,89,A,BRANCH_REQUIRES_SIGNATURES|BRANCH_REQUIRES_PR,4,47931736,v0.2.0
css.escape,1.5.1,19,F,UNVERIFIED_PUBLISH_PATH|DORMANT|SINGLE_MAINTAINER,1,47614129,v0.2.0
formdata-polyfill,4.0.10,19,F,UNVERIFIED_PUBLISH_PATH|DORMANT|SINGLE_MAINTAINER,1,47571722,v0.2.0
'@types/http-errors,2.0.5,33,F,UNVERIFIED_PUBLISH_PATH|SINGLE_MAINTAINER,1,47565863,v0.2.0
bowser,2.14.1,68,C,SINGLE_MAINTAINER,1,47461088,v0.2.0
cssom,0.5.0,33,F,UNVERIFIED_PUBLISH_PATH|DORMANT,2,47328148,v0.2.0
'@standard-schema/utils,0.3.0,60,C,DORMANT,2,47173890,v0.2.0
'@aws-crypto/util,5.2.0,40,D,UNVERIFIED_PUBLISH_PATH|DORMANT,2,47136882,v0.2.0
unified,11.0.5,33,F,UNVERIFIED_PUBLISH_PATH|DORMANT,2,46803797,v0.2.0
mdast-util-from-markdown,2.0.3,39,D,UNVERIFIED_PUBLISH_PATH,2,46673273,v0.2.0
micromark-util-sanitize-uri,2.0.1,19,F,UNVERIFIED_PUBLISH_PATH|DORMANT|SINGLE_MAINTAINER,1,46410250,v0.2.0
micromark-util-encode,2.0.1,19,F,UNVERIFIED_PUBLISH_PATH|DORMANT|SINGLE_MAINTAINER,1,46395209,v0.2.0
'@aws-sdk/region-config-resolver,3.972.37,41,D,UNVERIFIED_PUBLISH_PATH,2,46349550,v0.2.0
zustand,5.0.14,82,B,,3,46335926,v0.2.0
'@opentelemetry/sdk-metrics,2.9.0,94,A,,6,46227317,v0.2.0
eventsource,4.1.0,77,B,,2,46043864,v0.2.0
jest-runtime,30.4.2,45,D,UNVERIFIED_PUBLISH_PATH,5,46025079,v0.2.0
lodash.debounce,4.0.8,34,F,UNVERIFIED_PUBLISH_PATH|DORMANT,2,45874212,v0.2.0
'@grpc/grpc-js,1.14.4,45,D,UNVERIFIED_PUBLISH_PATH,3,45861699,v0.2.0
dlv,1.1.3,19,F,UNVERIFIED_PUBLISH_PATH|DORMANT|SINGLE_MAINTAINER,1,45789549,v0.2.0
'@smithy/property-provider,4.4.10,84,B,INCONSISTENT_PUBLISH_PATH,2,45356773,v0.2.0
'@aws-crypto/sha256-js,5.2.0,40,D,UNVERIFIED_PUBLISH_PATH|DORMANT,2,45274881,v0.2.0
jest-runner,30.4.2,45,D,UNVERIFIED_PUBLISH_PATH,5,45251318,v0.2.0
space-separated-tokens,2.0.2,19,F,UNVERIFIED_PUBLISH_PATH|DORMANT|SINGLE_MAINTAINER,1,45165753,v0.2.0
'@smithy/util-middleware,4.4.10,84,B,INCONSISTENT_PUBLISH_PATH,2,45005338,v0.2.0
'@jest/source-map,30.0.1,45,D,UNVERIFIED_PUBLISH_PATH,5,44862120,v0.2.0
'@jest/reporters,30.4.1,45,D,UNVERIFIED_PUBLISH_PATH,5,44795708,v0.2.0
'@types/pg,8.20.0,33,F,UNVERIFIED_PUBLISH_PATH|SINGLE_MAINTAINER,1,44710913,v0.2.0
comma-separated-tokens,2.0.3,19,F,UNVERIFIED_PUBLISH_PATH|DORMANT|SINGLE_MAINTAINER,1,44520175,v0.2.0
stylis,4.4.0,39,D,UNVERIFIED_PUBLISH_PATH,2,44349592,v0.2.0
zwitch,2.0.4,19,F,UNVERIFIED_PUBLISH_PATH|DORMANT|SINGLE_MAINTAINER,1,44121845,v0.2.0
react-router-dom,7.18.1,88,A,,2,44002584,v0.2.0
jest,30.4.2,45,D,UNVERIFIED_PUBLISH_PATH,5,43994561,v0.2.0
micromark-util-chunked,2.0.1,19,F,UNVERIFIED_PUBLISH_PATH|DORMANT|SINGLE_MAINTAINER,1,43873988,v0.2.0
micromark-util-classify-character,2.0.1,19,F,UNVERIFIED_PUBLISH_PATH|DORMANT|SINGLE_MAINTAINER,1,43827621,v0.2.0
micromark-util-resolve-all,2.0.1,19,F,UNVERIFIED_PUBLISH_PATH|DORMANT|SINGLE_MAINTAINER,1,43701179,v0.2.0
micromark-util-decode-numeric-character-reference,2.0.2,19,F,UNVERIFIED_PUBLISH_PATH|DORMANT|SINGLE_MAINTAINER,1,43699939,v0.2.0
micromark-core-commonmark,2.0.3,25,F,UNVERIFIED_PUBLISH_PATH|SINGLE_MAINTAINER,1,43689790,v0.2.0
micromark-util-normalize-identifier,2.0.1,19,F,UNVERIFIED_PUBLISH_PATH|DORMANT|SINGLE_MAINTAINER,1,43658740,v0.2.0
micromark-util-subtokenize,2.1.0,25,F,UNVERIFIED_PUBLISH_PATH|SINGLE_MAINTAINER,1,43604255,v0.2.0
micromark-factory-whitespace,2.0.1,19,F,UNVERIFIED_PUBLISH_PATH|DORMANT|SINGLE_MAINTAINER,1,43580610,v0.2.0
micromark-util-html-tag-name,2.0.1,19,F,UNVERIFIED_PUBLISH_PATH|DORMANT|SINGLE_MAINTAINER,1,43567995,v0.2.0
micromark-util-combine-extensions,2.0.1,19,F,UNVERIFIED_PUBLISH_PATH|DORMANT|SINGLE_MAINTAINER,1,43566288,v0.2.0
micromark-factory-destination,2.0.1,19,F,UNVERIFIED_PUBLISH_PATH|DORMANT|SINGLE_MAINTAINER,1,43564961,v0.2.0
remark-parse,11.0.0,33,F,UNVERIFIED_PUBLISH_PATH|DORMANT,3,43556552,v0.2.0
micromark-factory-label,2.0.1,19,F,UNVERIFIED_PUBLISH_PATH|DORMANT|SINGLE_MAINTAINER,1,43556112,v0.2.0
micromark-factory-title,2.0.1,19,F,UNVERIFIED_PUBLISH_PATH|DORMANT|SINGLE_MAINTAINER,1,43548371,v0.2.0
jest-changed-files,30.4.1,45,D,UNVERIFIED_PUBLISH_PATH,5,43441964,v0.2.0
jest-cli,30.4.2,45,D,UNVERIFIED_PUBLISH_PATH,5,43415652,v0.2.0
p-retry,8.0.0,25,F,UNVERIFIED_PUBLISH_PATH|SINGLE_MAINTAINER,1,43369782,v0.2.0
'@modelcontextprotocol/sdk,1.29.0,89,A,BRANCH_REQUIRES_PR,6,43340138,v0.2.0
graphql,17.0.2,84,B,INCONSISTENT_PUBLISH_PATH,6,43315774,v0.2.0
'@types/lodash,4.17.24,33,F,UNVERIFIED_PUBLISH_PATH|SINGLE_MAINTAINER,1,43296680,v0.2.0
'@smithy/smithy-client,4.14.10,84,B,INCONSISTENT_PUBLISH_PATH,2,43199276,v0.2.0
ccount,2.0.1,19,F,UNVERIFIED_PUBLISH_PATH|DORMANT|SINGLE_MAINTAINER,1,43135055,v0.2.0
'@jest/core,30.4.2,45,D,UNVERIFIED_PUBLISH_PATH,5,43044735,v0.2.0
react-day-picker,10.0.1,86,A,SINGLE_MAINTAINER,1,42928380,v0.2.0
mdast-util-to-markdown,2.1.2,33,F,UNVERIFIED_PUBLISH_PATH|DORMANT,2,42817812,v0.2.0
trough,2.2.0,19,F,UNVERIFIED_PUBLISH_PATH|DORMANT|SINGLE_MAINTAINER,1,42464043,v0.2.0
bail,2.0.2,19,F,UNVERIFIED_PUBLISH_PATH|DORMANT|SINGLE_MAINTAINER,1,42453611,v0.2.0
minimalistic-assert,1.0.1,33,F,UNVERIFIED_PUBLISH_PATH|DORMANT,2,42359365,v0.2.0
micromark-util-decode-string,2.0.1,19,F,UNVERIFIED_PUBLISH_PATH|DORMANT|SINGLE_MAINTAINER,1,42181220,v0.2.0
psl,1.15.0,25,F,UNVERIFIED_PUBLISH_PATH|DORMANT|SINGLE_MAINTAINER,1,42143912,v0.2.0
decode-named-character-reference,1.3.0,25,F,UNVERIFIED_PUBLISH_PATH|SINGLE_MAINTAINER,1,42135170,v0.2.0
'@smithy/util-base64,4.5.10,84,B,INCONSISTENT_PUBLISH_PATH,2,42084282,v0.2.0
'@tailwindcss/vite,4.3.3,89,A,,3,41867806,v0.2.0
immutable,5.1.9,93,A,,2,41817288,v0.2.0
mdast-util-to-hast,13.2.1,39,D,UNVERIFIED_PUBLISH_PATH,2,41800634,v0.2.0
'@smithy/middleware-endpoint,4.6.10,84,B,INCONSISTENT_PUBLISH_PATH,2,41743031,v0.2.0
unist-util-position,5.0.0,33,F,UNVERIFIED_PUBLISH_PATH|DORMANT,2,41632144,v0.2.0
'@testing-library/user-event,14.6.1,33,F,UNVERIFIED_PUBLISH_PATH|DORMANT,17,41441883,v0.2.0
longest-streak,3.1.0,19,F,UNVERIFIED_PUBLISH_PATH|DORMANT|SINGLE_MAINTAINER,1,41407482,v0.2.0
'@opentelemetry/sdk-logs,0.220.0,94,A,,6,41381461,v0.2.0
'@smithy/util-stream,4.7.10,84,B,INCONSISTENT_PUBLISH_PATH,2,41330838,v0.2.0
devlop,1.1.0,19,F,UNVERIFIED_PUBLISH_PATH|DORMANT|SINGLE_MAINTAINER,1,41173246,v0.2.0
lodash-es,4.18.1,45,D,UNVERIFIED_PUBLISH_PATH,3,41153933,v0.2.0
'@smithy/middleware-serde,4.4.10,84,B,INCONSISTENT_PUBLISH_PATH,2,41001300,v0.2.0
'@smithy/url-parser,4.4.10,84,B,INCONSISTENT_PUBLISH_PATH,2,40677253,v0.2.0
'@smithy/middleware-stack,4.4.10,84,B,INCONSISTENT_PUBLISH_PATH,2,40597960,v0.2.0
'@smithy/util-retry,4.5.10,84,B,INCONSISTENT_PUBLISH_PATH,2,40371927,v0.2.0
framer-motion,12.42.2,39,D,UNVERIFIED_PUBLISH_PATH,2,40186941,v0.2.0
crc-32,1.2.2,19,F,UNVERIFIED_PUBLISH_PATH|DORMANT|SINGLE_MAINTAINER,1,40041513,v0.2.0
reselect,5.2.0,87,A,,6,40001786,v0.2.0
he,1.2.0,33,F,UNVERIFIED_PUBLISH_PATH|DORMANT,2,39972903,v0.2.0
hast-util-whitespace,3.0.0,33,F,UNVERIFIED_PUBLISH_PATH|DORMANT,2,39876782,v0.2.0
mdast-util-phrasing,4.1.0,33,F,UNVERIFIED_PUBLISH_PATH|DORMANT,2,39534978,v0.2.0
handlebars,4.7.9,45,D,UNVERIFIED_PUBLISH_PATH,6,39494320,v0.2.0
'@opentelemetry/otlp-transformer,0.220.0,94,A,,6,39390591,v0.2.0
'@aws-crypto/sha256-browser,5.2.0,40,D,UNVERIFIED_PUBLISH_PATH|DORMANT,2,39369333,v0.2.0
json-schema-typed,8.0.2,25,F,UNVERIFIED_PUBLISH_PATH|SINGLE_MAINTAINER,1,39359703,v0.2.0
'@smithy/util-hex-encoding,4.4.10,84,B,INCONSISTENT_PUBLISH_PATH,2,39262088,v0.2.0
'@aws-crypto/supports-web-crypto,5.2.0,40,D,UNVERIFIED_PUBLISH_PATH|DORMANT,2,39232479,v0.2.0
style-to-object,2.0.2,76,B,INCONSISTENT_PUBLISH_PATH|SINGLE_MAINTAINER,1,39189610,v0.2.0
'@xmldom/xmldom,0.9.10,31,F,UNVERIFIED_PUBLISH_PATH|SINGLE_MAINTAINER,1,39142554,v0.2.0
stringify-entities,4.0.4,19,F,UNVERIFIED_PUBLISH_PATH|DORMANT|SINGLE_MAINTAINER,1,39124095,v0.2.0
'@smithy/middleware-retry,4.7.10,84,B,INCONSISTENT_PUBLISH_PATH,2,39108331,v0.2.0
'@aws-sdk/middleware-sdk-s3,3.972.64,41,D,UNVERIFIED_PUBLISH_PATH,2,39028236,v0.2.0
character-entities-html4,2.1.0,19,F,UNVERIFIED_PUBLISH_PATH|DORMANT|SINGLE_MAINTAINER,1,38998153,v0.2.0
'@smithy/querystring-builder,4.4.10,84,B,INCONSISTENT_PUBLISH_PATH,2,38912368,v0.2.0
'@opentelemetry/otlp-exporter-base,0.220.0,94,A,,6,38833866,v0.2.0
url-parse,1.5.10,39,D,UNVERIFIED_PUBLISH_PATH|DORMANT,4,38787617,v0.2.0
jszip,3.10.1,19,F,UNVERIFIED_PUBLISH_PATH|DORMANT|SINGLE_MAINTAINER|BRANCH_REQUIRES_PR,1,38701855,v0.2.0
'@smithy/config-resolver,4.6.10,84,B,INCONSISTENT_PUBLISH_PATH,2,38601038,v0.2.0
inline-style-parser,0.2.9,80,B,SINGLE_MAINTAINER,1,38523542,v0.2.0
redux,5.0.1,60,C,DORMANT,6,38348623,v0.2.0
'@smithy/util-defaults-mode-browser,4.5.10,84,B,INCONSISTENT_PUBLISH_PATH,2,38208802,v0.2.0
'@smithy/util-uri-escape,4.4.10,84,B,INCONSISTENT_PUBLISH_PATH,2,38091190,v0.2.0
'@smithy/invalid-dependency,4.4.10,84,B,INCONSISTENT_PUBLISH_PATH,2,37872579,v0.2.0
node-forge,1.4.0,45,D,UNVERIFIED_PUBLISH_PATH,3,37674439,v0.2.0
trim-lines,3.0.1,19,F,UNVERIFIED_PUBLISH_PATH|DORMANT|SINGLE_MAINTAINER,1,37276657,v0.2.0
reflect-metadata,0.2.2,19,F,UNVERIFIED_PUBLISH_PATH|DORMANT|SINGLE_MAINTAINER,1,37142873,v0.2.0
hoist-non-react-statics,3.3.2,19,F,UNVERIFIED_PUBLISH_PATH|DORMANT|SINGLE_MAINTAINER,1,37110145,v0.2.0
'@smithy/middleware-content-length,4.4.10,84,B,INCONSISTENT_PUBLISH_PATH,2,37098352,v0.2.0
'@protobufjs/inquire,1.1.2,45,D,UNVERIFIED_PUBLISH_PATH,3,36943052,v0.2.0
remark-rehype,11.1.2,39,D,UNVERIFIED_PUBLISH_PATH,3,36718724,v0.2.0
html-entities,2.6.0,25,F,UNVERIFIED_PUBLISH_PATH|SINGLE_MAINTAINER,1,36632758,v0.2.0
embla-carousel,8.6.0,25,F,UNVERIFIED_PUBLISH_PATH|SINGLE_MAINTAINER,1,36611594,v0.2.0
'@smithy/util-endpoints,3.6.10,84,B,INCONSISTENT_PUBLISH_PATH,2,36349706,v0.2.0
'@emotion/memoize,0.9.0,34,F,UNVERIFIED_PUBLISH_PATH|DORMANT|PUBLISHER_NOT_MAINTAINER,2,36255186,v0.2.0
vite-node,6.0.0,82,B,,5,36242546,v0.2.0
markdown-table,3.0.4,19,F,UNVERIFIED_PUBLISH_PATH|DORMANT|SINGLE_MAINTAINER,1,36146959,v0.2.0
'@smithy/util-body-length-browser,4.4.10,84,B,INCONSISTENT_PUBLISH_PATH,2,36121721,v0.2.0
es-toolkit,1.49.0,95,A,BRANCH_REQUIRES_PR,3,36029454,v0.2.0
ejs,6.0.1,26,F,UNVERIFIED_PUBLISH_PATH|SINGLE_MAINTAINER,1,36012667,v0.2.0
react-smooth,4.0.4,33,F,UNVERIFIED_PUBLISH_PATH|DORMANT,4,35949732,v0.2.0
'@aws-sdk/util-locate-window,3.965.8,41,D,UNVERIFIED_PUBLISH_PATH,2,35871094,v0.2.0
randombytes,2.1.0,33,F,UNVERIFIED_PUBLISH_PATH|DORMANT,5,35831704,v0.2.0
recharts-scale,0.4.5,33,F,UNVERIFIED_PUBLISH_PATH|DORMANT,2,35822059,v0.2.0
'@aws-sdk/client-s3,3.1090.0,41,D,UNVERIFIED_PUBLISH_PATH,2,35662349,v0.2.0
cross-fetch,4.1.0,25,F,UNVERIFIED_PUBLISH_PATH|DORMANT|SINGLE_MAINTAINER,1,35419846,v0.2.0
svgo,4.0.2,39,D,UNVERIFIED_PUBLISH_PATH,4,35331497,v0.2.0
'@smithy/querystring-parser,4.4.10,84,B,INCONSISTENT_PUBLISH_PATH,2,35224091,v0.2.0
moment,2.30.1,28,F,UNVERIFIED_PUBLISH_PATH|DORMANT,5,35128322,v0.2.0
motion-dom,12.42.2,25,F,UNVERIFIED_PUBLISH_PATH|SINGLE_MAINTAINER,1,35004267,v0.2.0
'@octokit/request,10.0.11,79,B,SINGLE_MAINTAINER,1,34755524,v0.2.0
micromark-extension-gfm-table,2.1.1,19,F,UNVERIFIED_PUBLISH_PATH|DORMANT|SINGLE_MAINTAINER,1,34672096,v0.2.0
'@smithy/service-error-classification,4.5.10,84,B,INCONSISTENT_PUBLISH_PATH,2,34670745,v0.2.0
'@octokit/request-error,7.1.0,63,C,SINGLE_MAINTAINER,1,34632714,v0.2.0
luxon,3.7.2,39,D,UNVERIFIED_PUBLISH_PATH,2,34607161,v0.2.0
cookie-es,3.1.1,25,F,UNVERIFIED_PUBLISH_PATH|SINGLE_MAINTAINER,1,34372804,v0.2.0
micromark-extension-gfm-autolink-literal,2.1.0,19,F,UNVERIFIED_PUBLISH_PATH|DORMANT|SINGLE_MAINTAINER,1,33844485,v0.2.0
'@types/semver,7.7.1,33,F,UNVERIFIED_PUBLISH_PATH|SINGLE_MAINTAINER,1,33637437,v0.2.0
motion-utils,12.39.0,25,F,UNVERIFIED_PUBLISH_PATH|SINGLE_MAINTAINER,1,33590351,v0.2.0
mdast-util-gfm-table,2.0.0,33,F,UNVERIFIED_PUBLISH_PATH|DORMANT,2,33313308,v0.2.0
recast,0.23.12,39,D,UNVERIFIED_PUBLISH_PATH,2,33260703,v0.2.0
big.js,7.0.1,25,F,UNVERIFIED_PUBLISH_PATH|SINGLE_MAINTAINER,1,33237745,v0.2.0
'@octokit/endpoint,11.0.3,79,B,SINGLE_MAINTAINER,1,33098357,v0.2.0
pluralize,8.0.0,25,F,UNVERIFIED_PUBLISH_PATH|DORMANT|SINGLE_MAINTAINER,1,33058259,v0.2.0
mdast-util-gfm-strikethrough,2.0.0,33,F,UNVERIFIED_PUBLISH_PATH|DORMANT,2,33056506,v0.2.0
micromark-extension-gfm-strikethrough,2.1.0,19,F,UNVERIFIED_PUBLISH_PATH|DORMANT|SINGLE_MAINTAINER,1,33036954,v0.2.0
tweetnacl,1.0.3,19,F,UNVERIFIED_PUBLISH_PATH|DORMANT|SINGLE_MAINTAINER,1,33000046,v0.2.0
micromark-extension-gfm-task-list-item,2.1.0,19,F,UNVERIFIED_PUBLISH_PATH|DORMANT|SINGLE_MAINTAINER,1,32989237,v0.2.0
mdast-util-gfm-task-list-item,2.0.0,33,F,UNVERIFIED_PUBLISH_PATH|DORMANT,2,32973329,v0.2.0
mdast-util-gfm,3.1.0,39,D,UNVERIFIED_PUBLISH_PATH,2,32769573,v0.2.0
mdast-util-find-and-replace,3.0.2,33,F,UNVERIFIED_PUBLISH_PATH|DORMANT,2,32768279,v0.2.0
micromark-extension-gfm,3.0.0,19,F,UNVERIFIED_PUBLISH_PATH|DORMANT|SINGLE_MAINTAINER,1,32472536,v0.2.0
mdast-util-gfm-autolink-literal,2.0.1,33,F,UNVERIFIED_PUBLISH_PATH|DORMANT,2,32452419,v0.2.0
micromark-extension-gfm-tagfilter,2.0.0,19,F,UNVERIFIED_PUBLISH_PATH|DORMANT|SINGLE_MAINTAINER,1,32433452,v0.2.0
'@smithy/util-config-provider,4.4.10,84,B,INCONSISTENT_PUBLISH_PATH,2,32107367,v0.2.0
remark-gfm,4.0.1,39,D,UNVERIFIED_PUBLISH_PATH,3,32065174,v0.2.0
micromark-extension-gfm-footnote,2.1.0,19,F,UNVERIFIED_PUBLISH_PATH|DORMANT|SINGLE_MAINTAINER,1,31935844,v0.2.0
'@js-sdsl/ordered-map,4.4.2,28,F,UNVERIFIED_PUBLISH_PATH|DORMANT,2,31898285,v0.2.0
'@emotion/unitless,0.10.0,34,F,UNVERIFIED_PUBLISH_PATH|DORMANT|PUBLISHER_NOT_MAINTAINER,2,31293614,v0.2.0
'@octokit/plugin-paginate-rest,14.0.0,63,C,SINGLE_MAINTAINER,1,31233516,v0.2.0
react-redux,9.3.0,87,A,,5,31185671,v0.2.0
lodash.uniq,4.5.0,34,F,UNVERIFIED_PUBLISH_PATH|DORMANT,2,31078625,v0.2.0
p-queue,9.3.1,25,F,UNVERIFIED_PUBLISH_PATH|SINGLE_MAINTAINER,1,30920423,v0.2.0
promise,8.3.0,33,F,UNVERIFIED_PUBLISH_PATH|DORMANT,2,30801288,v0.2.0
linkify-it,6.0.0,25,F,UNVERIFIED_PUBLISH_PATH|SINGLE_MAINTAINER,1,30626705,v0.2.0
mdast-util-gfm-footnote,2.1.0,39,D,UNVERIFIED_PUBLISH_PATH,2,30552424,v0.2.0
hast-util-to-jsx-runtime,2.3.6,39,D,UNVERIFIED_PUBLISH_PATH,2,29996010,v0.2.0
sass,1.101.0,87,A,,2,29936978,v0.2.0
web-vitals,5.3.0,39,D,UNVERIFIED_PUBLISH_PATH,3,29656119,v0.2.0
openai,6.48.0,90,A,INCONSISTENT_PUBLISH_PATH,18,29533977,v0.2.0
'@aws-sdk/client-sso,3.1090.0,41,D,UNVERIFIED_PUBLISH_PATH,2,29385605,v0.2.0
big-integer,1.6.52,19,F,UNVERIFIED_PUBLISH_PATH|DORMANT|SINGLE_MAINTAINER,1,29285520,v0.2.0
ua-parser-js,2.0.10,73,B,SINGLE_MAINTAINER,1,29145899,v0.2.0
uc.micro,2.1.0,19,F,UNVERIFIED_PUBLISH_PATH|DORMANT|SINGLE_MAINTAINER,1,28981669,v0.2.0
strtok3,10.3.5,25,F,UNVERIFIED_PUBLISH_PATH|SINGLE_MAINTAINER,1,28832458,v0.2.0
classnames,2.5.1,65,C,DORMANT,2,28784250,v0.2.0
'@sentry/node,10.66.0,27,F,UNVERIFIED_PUBLISH_PATH|SINGLE_MAINTAINER,1,28668323,v0.2.0
dateformat,5.0.3,33,F,UNVERIFIED_PUBLISH_PATH|DORMANT,6,28486305,v0.2.0
highlight.js,11.11.1,39,D,UNVERIFIED_PUBLISH_PATH|DORMANT,4,28346175,v0.2.0
mitt,3.0.1,19,F,UNVERIFIED_PUBLISH_PATH|DORMANT|SINGLE_MAINTAINER,1,28314167,v0.2.0
token-types,6.1.2,25,F,UNVERIFIED_PUBLISH_PATH|SINGLE_MAINTAINER,1,28257594,v0.2.0
'@emotion/hash,0.9.2,34,F,UNVERIFIED_PUBLISH_PATH|DORMANT|PUBLISHER_NOT_MAINTAINER,2,28044447,v0.2.0
teeny-request,10.1.3,46,D,UNVERIFIED_PUBLISH_PATH,4,28036510,v0.2.0
fast-check,4.9.0,81,B,SINGLE_MAINTAINER,1,27910630,v0.2.0
'@aws-sdk/middleware-flexible-checksums,3.974.43,41,D,UNVERIFIED_PUBLISH_PATH,2,27841033,v0.2.0
d3-dispatch,3.0.1,33,F,UNVERIFIED_PUBLISH_PATH|DORMANT,2,27728971,v0.2.0
ts-dedent,2.3.0,68,C,SINGLE_MAINTAINER,1,27667144,v0.2.0
hookable,6.1.1,39,D,UNVERIFIED_PUBLISH_PATH,2,27554700,v0.2.0
react-markdown,10.1.0,39,D,UNVERIFIED_PUBLISH_PATH,3,27530616,v0.2.0
js-cookie,3.0.8,93,A,,2,27386597,v0.2.0
async-retry,1.3.3,28,F,UNVERIFIED_PUBLISH_PATH|DORMANT|PUBLISHER_NOT_MAINTAINER,2,27369141,v0.2.0
'@sentry/browser,10.66.0,27,F,UNVERIFIED_PUBLISH_PATH|SINGLE_MAINTAINER|BRANCH_REQUIRES_PR,1,27320925,v0.2.0
cheerio,1.2.0,40,D,UNVERIFIED_PUBLISH_PATH|PUBLISHER_NOT_MAINTAINER,2,27212094,v0.2.0
mdurl,2.0.0,19,F,UNVERIFIED_PUBLISH_PATH|DORMANT|SINGLE_MAINTAINER,1,27207288,v0.2.0
'@emotion/is-prop-valid,1.4.0,40,D,UNVERIFIED_PUBLISH_PATH|PUBLISHER_NOT_MAINTAINER,2,27138270,v0.2.0
date-fns-jalali,4.4.0-0,26,F,UNVERIFIED_PUBLISH_PATH|SINGLE_MAINTAINER,1,27091827,v0.2.0
'@azure/abort-controller,2.2.0,47,D,UNVERIFIED_PUBLISH_PATH,3,27058255,v0.2.0
'@anthropic-ai/sdk,0.112.3,90,A,INCONSISTENT_PUBLISH_PATH,13,27056796,v0.2.0
'@jridgewell/set-array,1.2.1,19,F,UNVERIFIED_PUBLISH_PATH|DORMANT|SINGLE_MAINTAINER,1,26955105,v0.2.0
redux-thunk,3.1.0,33,F,UNVERIFIED_PUBLISH_PATH|DORMANT,5,26523776,v0.2.0
d3-selection,3.0.0,33,F,UNVERIFIED_PUBLISH_PATH|DORMANT,2,26485295,v0.2.0
decode-uri-component,0.5.0,25,F,UNVERIFIED_PUBLISH_PATH|SINGLE_MAINTAINER,1,26324076,v0.2.0
markdown-it,14.3.0,25,F,UNVERIFIED_PUBLISH_PATH|SINGLE_MAINTAINER,1,26297046,v0.2.0
prismjs,1.30.0,45,D,UNVERIFIED_PUBLISH_PATH,8,26124912,v0.2.0
tagged-tag,1.0.0,25,F,UNVERIFIED_PUBLISH_PATH|SINGLE_MAINTAINER,1,26071111,v0.2.0
http-proxy-middleware,4.2.0,73,B,SINGLE_MAINTAINER,1,25967770,v0.2.0
lodash.clonedeep,4.5.0,34,F,UNVERIFIED_PUBLISH_PATH|DORMANT,2,25889081,v0.2.0
underscore,1.13.8,45,D,UNVERIFIED_PUBLISH_PATH,2,25870291,v0.2.0
preact,10.29.7,79,B,INCONSISTENT_PUBLISH_PATH,6,25807329,v0.2.0
devtools-protocol,0.0.1663043,87,A,,3,25743290,v0.2.0
isbot,5.2.1,45,D,UNVERIFIED_PUBLISH_PATH,2,25667135,v0.2.0
stackframe,1.3.4,33,F,UNVERIFIED_PUBLISH_PATH|DORMANT,4,25649940,v0.2.0
error-stack-parser,2.1.4,33,F,UNVERIFIED_PUBLISH_PATH|DORMANT,5,25592773,v0.2.0
msgpackr,2.0.4,31,F,UNVERIFIED_PUBLISH_PATH|SINGLE_MAINTAINER,1,25449392,v0.2.0
html-url-attributes,3.0.1,33,F,UNVERIFIED_PUBLISH_PATH|DORMANT,3,25433681,v0.2.0
d3-drag,3.0.0,33,F,UNVERIFIED_PUBLISH_PATH|DORMANT,2,25305384,v0.2.0
lodash.isequal,4.5.0,34,F,UNVERIFIED_PUBLISH_PATH|DORMANT|DEPRECATED,2,25280504,v0.2.0
d3-transition,3.0.1,33,F,UNVERIFIED_PUBLISH_PATH|DORMANT,2,25264884,v0.2.0
'@noble/curves,2.2.0,79,B,SINGLE_MAINTAINER,1,25219299,v0.2.0
'@vue/shared,3.5.40,64,C,INCONSISTENT_PUBLISH_PATH|SINGLE_MAINTAINER,1,25090617,v0.2.0
seroval,1.5.6,34,F,UNVERIFIED_PUBLISH_PATH,2,25079814,v0.2.0
effect,3.22.0,82,B,,2,24998544,v0.2.0
perfect-debounce,2.1.0,25,F,UNVERIFIED_PUBLISH_PATH|SINGLE_MAINTAINER,1,24960777,v0.2.0
validator,13.15.35,93,A,,3,24894944,v0.2.0
whatwg-fetch,3.6.20,20,F,UNVERIFIED_PUBLISH_PATH|DORMANT|SINGLE_MAINTAINER|PUBLISHER_NOT_MAINTAINER,1,24721493,v0.2.0
json-schema-to-ts,3.1.1,19,F,UNVERIFIED_PUBLISH_PATH|DORMANT|SINGLE_MAINTAINER,1,24709673,v0.2.0
'@reduxjs/toolkit,2.12.0,87,A,,6,24618605,v0.2.0
crossws,0.4.10,20,F,UNVERIFIED_PUBLISH_PATH|SINGLE_MAINTAINER,1,24534605,v0.2.0
'@remix-run/router,1.23.3,74,B,SINGLE_MAINTAINER,1,24457057,v0.2.0
d3-zoom,3.0.0,33,F,UNVERIFIED_PUBLISH_PATH|DORMANT,2,24438289,v0.2.0
'@opentelemetry/exporter-trace-otlp-http,0.220.0,94,A,,6,24403973,v0.2.0
'@angular-devkit/core,22.0.7,45,D,UNVERIFIED_PUBLISH_PATH,2,24353754,v0.2.0
socket.io-parser,4.2.7,93,A,,2,24265630,v0.2.0
ioredis,5.11.1,39,D,UNVERIFIED_PUBLISH_PATH,2,23996654,v0.2.0
fecha,4.2.3,19,F,UNVERIFIED_PUBLISH_PATH|DORMANT|SINGLE_MAINTAINER,1,23791021,v0.2.0
uint8array-extras,1.5.0,25,F,UNVERIFIED_PUBLISH_PATH|SINGLE_MAINTAINER,1,23671316,v0.2.0
unstorage,1.17.5,27,F,UNVERIFIED_PUBLISH_PATH|SINGLE_MAINTAINER,1,23328914,v0.2.0
punycode.js,2.3.1,33,F,UNVERIFIED_PUBLISH_PATH|DORMANT,2,23317380,v0.2.0
html-void-elements,3.0.0,19,F,UNVERIFIED_PUBLISH_PATH|DORMANT|SINGLE_MAINTAINER,1,23312961,v0.2.0
tabbable,6.5.0,93,A,,2,23295214,v0.2.0
destr,2.0.5,25,F,UNVERIFIED_PUBLISH_PATH|SINGLE_MAINTAINER,1,23292836,v0.2.0
'@popperjs/core,2.11.8,28,F,UNVERIFIED_PUBLISH_PATH|DORMANT,2,23081708,v0.2.0
'@tanstack/router-core,1.171.15,89,A,,3,22769742,v0.2.0
'@vue/compiler-core,3.5.40,74,B,SINGLE_MAINTAINER,1,22746626,v0.2.0
'@emotion/cache,11.14.0,34,F,UNVERIFIED_PUBLISH_PATH|DORMANT|PUBLISHER_NOT_MAINTAINER,2,22709611,v0.2.0
'@noble/ciphers,2.2.0,79,B,SINGLE_MAINTAINER,1,22637289,v0.2.0
'@vue/compiler-dom,3.5.40,74,B,SINGLE_MAINTAINER,1,22633367,v0.2.0
joi,18.2.3,39,D,UNVERIFIED_PUBLISH_PATH,6,22506435,v0.2.0
proto3-json-serializer,3.0.5,32,F,UNVERIFIED_PUBLISH_PATH|SINGLE_MAINTAINER,1,22397226,v0.2.0
asn1.js,5.4.1,33,F,UNVERIFIED_PUBLISH_PATH|DORMANT,2,22390315,v0.2.0
cheerio-select,2.1.0,14,F,UNVERIFIED_PUBLISH_PATH|DORMANT|SINGLE_MAINTAINER|PUBLISHER_NOT_MAINTAINER,1,22337302,v0.2.0
'@tanstack/react-router,1.170.18,89,A,,3,22314723,v0.2.0
debounce,3.0.0,25,F,UNVERIFIED_PUBLISH_PATH|SINGLE_MAINTAINER,1,22288102,v0.2.0
hash-base,3.1.2,39,D,UNVERIFIED_PUBLISH_PATH,4,22114148,v0.2.0
superagent,10.3.0,45,D,UNVERIFIED_PUBLISH_PATH,7,22114065,v0.2.0
idb,8.0.3,20,F,UNVERIFIED_PUBLISH_PATH|SINGLE_MAINTAINER,1,21890701,v0.2.0
'@supabase/postgrest-js,2.110.7,89,A,BRANCH_REQUIRES_PR,2,21838408,v0.2.0
'@supabase/realtime-js,2.110.7,89,A,BRANCH_REQUIRES_PR,2,21770519,v0.2.0
'@supabase/storage-js,2.110.7,89,A,BRANCH_REQUIRES_PR,2,21766304,v0.2.0
'@supabase/auth-js,2.110.7,89,A,BRANCH_REQUIRES_PR,2,21724320,v0.2.0
robust-predicates,3.0.3,25,F,UNVERIFIED_PUBLISH_PATH|SINGLE_MAINTAINER,1,21681435,v0.2.0
'@supabase/functions-js,2.110.7,89,A,BRANCH_REQUIRES_PR,2,21676280,v0.2.0
d3-geo,3.1.1,33,F,UNVERIFIED_PUBLISH_PATH|DORMANT,2,21591509,v0.2.0
w3c-keyname,2.2.8,19,F,UNVERIFIED_PUBLISH_PATH|DORMANT|SINGLE_MAINTAINER,1,21588896,v0.2.0
'@sentry/opentelemetry,10.66.0,27,F,UNVERIFIED_PUBLISH_PATH|SINGLE_MAINTAINER,1,21528977,v0.2.0
'@supabase/supabase-js,2.110.7,89,A,BRANCH_REQUIRES_PR,2,21525691,v0.2.0
sha.js,2.4.12,39,D,UNVERIFIED_PUBLISH_PATH,3,21524379,v0.2.0
'@mswjs/interceptors,0.41.9,68,C,SINGLE_MAINTAINER,1,21516603,v0.2.0
ts-algebra,2.0.0,19,F,UNVERIFIED_PUBLISH_PATH|DORMANT|SINGLE_MAINTAINER,1,21301764,v0.2.0
google-gax,5.0.7,46,D,UNVERIFIED_PUBLISH_PATH,3,21211331,v0.2.0
xmlbuilder2,4.0.3,39,D,UNVERIFIED_PUBLISH_PATH,2,21151617,v0.2.0
hash.js,1.1.7,19,F,UNVERIFIED_PUBLISH_PATH|DORMANT|SINGLE_MAINTAINER,1,21057888,v0.2.0
libphonenumber-js,1.13.9,36,D,INCONSISTENT_PUBLISH_PATH|SINGLE_MAINTAINER|PUBLISHER_NOT_MAINTAINER,1,21034591,v0.2.0
'@tailwindcss/typography,0.5.20,87,A,,3,20848475,v0.2.0
'@dnd-kit/core,6.3.1,14,F,UNVERIFIED_PUBLISH_PATH|DORMANT|SINGLE_MAINTAINER,1,20703405,v0.2.0
'@vue/compiler-sfc,3.5.40,74,B,SINGLE_MAINTAINER,1,20675094,v0.2.0
engine.io-parser,5.2.3,71,B,DORMANT,2,20661360,v0.2.0
layout-base,2.0.1,33,F,UNVERIFIED_PUBLISH_PATH|DORMANT,6,20625894,v0.2.0
'@angular-devkit/schematics,22.0.7,45,D,UNVERIFIED_PUBLISH_PATH,2,20621699,v0.2.0
cose-base,2.2.0,19,F,UNVERIFIED_PUBLISH_PATH|DORMANT|SINGLE_MAINTAINER,1,20609559,v0.2.0
'@dnd-kit/utilities,3.2.2,14,F,UNVERIFIED_PUBLISH_PATH|DORMANT|SINGLE_MAINTAINER,1,20604568,v0.2.0
'@shikijs/types,4.3.1,82,B,,3,20569758,v0.2.0
loglevel,1.9.2,19,F,UNVERIFIED_PUBLISH_PATH|DORMANT|SINGLE_MAINTAINER,1,20473120,v0.2.0
'@azure/msal-common,16.11.2,47,D,UNVERIFIED_PUBLISH_PATH,3,20391375,v0.2.0
'@dnd-kit/sortable,10.0.0,14,F,UNVERIFIED_PUBLISH_PATH|DORMANT|SINGLE_MAINTAINER,1,20268648,v0.2.0
'@types/aws-lambda,8.10.162,33,F,UNVERIFIED_PUBLISH_PATH|SINGLE_MAINTAINER,1,20119133,v0.2.0
pdfjs-dist,6.1.200,94,A,,5,20096784,v0.2.0
'@sentry-internal/feedback,10.57.0,27,F,UNVERIFIED_PUBLISH_PATH|SINGLE_MAINTAINER|BRANCH_REQUIRES_PR,1,19957226,v0.2.0
'@sentry-internal/replay-canvas,10.57.0,27,F,UNVERIFIED_PUBLISH_PATH|SINGLE_MAINTAINER|BRANCH_REQUIRES_PR,1,19895315,v0.2.0
i18next,26.3.6,39,D,UNVERIFIED_PUBLISH_PATH,2,19875596,v0.2.0
'@formatjs/intl-localematcher,0.8.13,66,C,,3,19852230,v0.2.0
puppeteer-core,25.3.0,93,A,,2,19482233,v0.2.0
'@shikijs/engine-oniguruma,4.3.1,82,B,,3,19458349,v0.2.0
msw,2.15.0,68,C,SINGLE_MAINTAINER,1,19400907,v0.2.0
'@emotion/react,11.14.0,34,F,UNVERIFIED_PUBLISH_PATH|DORMANT|PUBLISHER_NOT_MAINTAINER,2,19358474,v0.2.0
'@shikijs/langs,4.3.1,82,B,,3,19193651,v0.2.0
'@puppeteer/browsers,3.0.6,93,A,,2,19174072,v0.2.0
'@azure/core-tracing,1.4.0,47,D,UNVERIFIED_PUBLISH_PATH,3,19146743,v0.2.0
storybook,10.5.2,90,A,INCONSISTENT_PUBLISH_PATH,8,19141766,v0.2.0
d3-hierarchy,3.1.2,33,F,UNVERIFIED_PUBLISH_PATH|DORMANT,2,19132522,v0.2.0
filter-obj,6.1.0,19,F,UNVERIFIED_PUBLISH_PATH|DORMANT|SINGLE_MAINTAINER,1,18951282,v0.2.0
qrcode,1.5.4,33,F,UNVERIFIED_PUBLISH_PATH|DORMANT,2,18700287,v0.2.0
isomorphic-ws,5.0.0,19,F,UNVERIFIED_PUBLISH_PATH|DORMANT|SINGLE_MAINTAINER,1,18642407,v0.2.0
'@aws-sdk/client-sts,3.1090.0,41,D,UNVERIFIED_PUBLISH_PATH,2,18623905,v0.2.0
'@socket.io/component-emitter,3.1.2,19,F,UNVERIFIED_PUBLISH_PATH|DORMANT|SINGLE_MAINTAINER,1,18505136,v0.2.0
'@sentry/node-core,10.66.0,27,F,UNVERIFIED_PUBLISH_PATH|SINGLE_MAINTAINER,1,18490742,v0.2.0
crypto-js,4.2.0,19,F,UNVERIFIED_PUBLISH_PATH|DORMANT|SINGLE_MAINTAINER,1,18480265,v0.2.0
'@sentry-internal/browser-utils,10.57.0,27,F,UNVERIFIED_PUBLISH_PATH|SINGLE_MAINTAINER|BRANCH_REQUIRES_PR,1,18328761,v0.2.0
'@sentry-internal/replay,10.57.0,27,F,UNVERIFIED_PUBLISH_PATH|SINGLE_MAINTAINER|BRANCH_REQUIRES_PR,1,18295239,v0.2.0
'@bufbuild/protobuf,2.12.1,77,B,INCONSISTENT_PUBLISH_PATH,5,18292610,v0.2.0
delaunator,5.1.0,46,D,UNVERIFIED_PUBLISH_PATH|BRANCH_REQUIRES_PR,29,18250287,v0.2.0
d3-quadtree,3.0.1,33,F,UNVERIFIED_PUBLISH_PATH|DORMANT,2,18211514,v0.2.0
katex,0.18.1,39,D,UNVERIFIED_PUBLISH_PATH,7,18196881,v0.2.0
d3-delaunay,6.0.4,33,F,UNVERIFIED_PUBLISH_PATH|DORMANT,3,17978733,v0.2.0
jwt-decode,4.0.0,40,D,UNVERIFIED_PUBLISH_PATH|DORMANT|BRANCH_REQUIRES_SIGNATURES|BRANCH_REQUIRES_PR,21,17906150,v0.2.0
d3-scale-chromatic,3.1.0,33,F,UNVERIFIED_PUBLISH_PATH|DORMANT,2,17899447,v0.2.0
'@azure/core-rest-pipeline,1.25.0,47,D,UNVERIFIED_PUBLISH_PATH,3,17846405,v0.2.0
dijkstrajs,1.0.3,19,F,UNVERIFIED_PUBLISH_PATH|DORMANT|SINGLE_MAINTAINER,1,17832590,v0.2.0
d3-force,3.0.0,33,F,UNVERIFIED_PUBLISH_PATH|DORMANT,2,17784276,v0.2.0
'@tanstack/table-core,8.21.3,78,B,,3,17743569,v0.2.0
hast-util-to-html,9.0.5,39,D,UNVERIFIED_PUBLISH_PATH,2,17733658,v0.2.0
moment-timezone,0.6.3,39,D,UNVERIFIED_PUBLISH_PATH,7,17727116,v0.2.0
encoding-sniffer,1.0.2,73,B,SINGLE_MAINTAINER,1,17690919,v0.2.0
'@tanstack/react-start,1.168.32,79,B,INCONSISTENT_PUBLISH_PATH,3,17581883,v0.2.0
'@tanstack/start-plugin-core,1.171.24,79,B,INCONSISTENT_PUBLISH_PATH,3,17562860,v0.2.0
jquery,4.0.0,45,D,UNVERIFIED_PUBLISH_PATH,5,17508640,v0.2.0
es6-promise,4.2.8,33,F,UNVERIFIED_PUBLISH_PATH|DORMANT,2,17447997,v0.2.0
shiki,4.3.1,82,B,,4,17430594,v0.2.0
chromium-bidi,17.0.2,93,A,,2,17416444,v0.2.0
'@formatjs/icu-messageformat-parser,3.5.15,82,B,BRANCH_REQUIRES_PR,3,17409638,v0.2.0
'@faker-js/faker,10.5.0,89,A,,3,17371766,v0.2.0
'@formatjs/icu-skeleton-parser,2.1.11,82,B,BRANCH_REQUIRES_PR,3,17337007,v0.2.0
'@storybook/react,10.5.2,90,A,INCONSISTENT_PUBLISH_PATH,12,17327838,v0.2.0
'@azure/core-auth,1.11.0,47,D,UNVERIFIED_PUBLISH_PATH,3,17256647,v0.2.0
'@firebase/util,1.15.1,46,D,UNVERIFIED_PUBLISH_PATH,4,17151072,v0.2.0
'@shikijs/core,4.3.1,82,B,,3,17093018,v0.2.0
'@formatjs/fast-memoize,3.1.7,66,C,,3,17084024,v0.2.0
shallowequal,1.1.0,19,F,UNVERIFIED_PUBLISH_PATH|DORMANT|SINGLE_MAINTAINER,1,16963021,v0.2.0
connect,3.7.0,25,F,UNVERIFIED_PUBLISH_PATH|DORMANT|SINGLE_MAINTAINER,1,16937548,v0.2.0
'@azure/core-util,1.14.0,47,D,UNVERIFIED_PUBLISH_PATH,3,16823923,v0.2.0
node-emoji,2.2.0,65,C,DORMANT,2,16751314,v0.2.0
d3-dsv,3.0.1,33,F,UNVERIFIED_PUBLISH_PATH|DORMANT,2,16641603,v0.2.0
core-js-pure,3.49.0,31,F,UNVERIFIED_PUBLISH_PATH|SINGLE_MAINTAINER,1,16611639,v0.2.0
'@tanstack/react-table,8.21.3,78,B,,3,16605626,v0.2.0
'@shikijs/engine-javascript,4.3.1,82,B,,3,16503695,v0.2.0
socket.io,4.8.3,83,B,,2,16500550,v0.2.0
'@types/markdown-it,14.1.2,27,F,UNVERIFIED_PUBLISH_PATH|DORMANT|SINGLE_MAINTAINER,1,16498058,v0.2.0
'@firebase/component,0.7.3,46,D,UNVERIFIED_PUBLISH_PATH,4,16480659,v0.2.0
iceberg-js,1.0.0,80,B,SINGLE_MAINTAINER|BRANCH_REQUIRES_PR,1,16425523,v0.2.0
'@shikijs/vscode-textmate,10.0.2,40,D,UNVERIFIED_PUBLISH_PATH,3,16387983,v0.2.0
intl-messageformat,11.2.12,82,B,BRANCH_REQUIRES_PR,3,16379710,v0.2.0
csv-parse,7.0.1,73,B,SINGLE_MAINTAINER,1,16321936,v0.2.0
'@sentry/types,10.66.0,27,F,UNVERIFIED_PUBLISH_PATH|SINGLE_MAINTAINER,1,16295459,v0.2.0
engine.io,6.6.9,93,A,,2,16252441,v0.2.0
mustache,4.2.0,33,F,UNVERIFIED_PUBLISH_PATH|DORMANT,3,16165233,v0.2.0
'@google/genai,2.12.0,34,F,UNVERIFIED_PUBLISH_PATH,3,16157151,v0.2.0
'@azure/logger,1.4.0,47,D,UNVERIFIED_PUBLISH_PATH,3,16140780,v0.2.0
motion,12.42.2,39,D,UNVERIFIED_PUBLISH_PATH,2,16125361,v0.2.0
eventemitter2,6.4.9,33,F,UNVERIFIED_PUBLISH_PATH|DORMANT,2,16107650,v0.2.0
js-base64,3.9.1,31,F,UNVERIFIED_PUBLISH_PATH|SINGLE_MAINTAINER,1,16035871,v0.2.0
engine.io-client,6.6.6,93,A,,2,16029775,v0.2.0
d3-axis,3.0.0,33,F,UNVERIFIED_PUBLISH_PATH|DORMANT,2,16028982,v0.2.0
filesize,11.0.22,25,F,UNVERIFIED_PUBLISH_PATH|SINGLE_MAINTAINER,1,16002503,v0.2.0
stripe,22.3.2,80,B,SINGLE_MAINTAINER,1,15996334,v0.2.0
d3,7.9.0,33,F,UNVERIFIED_PUBLISH_PATH|DORMANT,2,15975545,v0.2.0
d3-polygon,3.0.1,33,F,UNVERIFIED_PUBLISH_PATH|DORMANT,2,15964808,v0.2.0
crelt,1.0.7,21,F,UNVERIFIED_PUBLISH_PATH|SINGLE_MAINTAINER,1,15961242,v0.2.0
prosemirror-view,1.42.1,21,F,UNVERIFIED_PUBLISH_PATH|SINGLE_MAINTAINER,1,15906866,v0.2.0
d3-random,3.0.1,33,F,UNVERIFIED_PUBLISH_PATH|DORMANT,2,15875128,v0.2.0
prosemirror-model,1.25.11,21,F,UNVERIFIED_PUBLISH_PATH|SINGLE_MAINTAINER,1,15864668,v0.2.0
d3-brush,3.0.0,33,F,UNVERIFIED_PUBLISH_PATH|DORMANT,2,15850345,v0.2.0
split-on-first,4.0.0,25,F,UNVERIFIED_PUBLISH_PATH|SINGLE_MAINTAINER,1,15828173,v0.2.0
has,1.0.4,19,F,UNVERIFIED_PUBLISH_PATH|DORMANT|SINGLE_MAINTAINER,1,15689430,v0.2.0
prosemirror-transform,1.12.0,25,F,UNVERIFIED_PUBLISH_PATH|SINGLE_MAINTAINER,1,15682727,v0.2.0
compare-versions,6.1.1,19,F,UNVERIFIED_PUBLISH_PATH|DORMANT|SINGLE_MAINTAINER,1,15527972,v0.2.0
'@formatjs/ecma402-abstract,3.2.0,87,A,BRANCH_REQUIRES_PR,3,15513769,v0.2.0
'@azure/msal-browser,5.17.1,47,D,UNVERIFIED_PUBLISH_PATH|BRANCH_REQUIRES_PR,3,15505700,v0.2.0
lodash.throttle,4.1.1,34,F,UNVERIFIED_PUBLISH_PATH|DORMANT,2,15503961,v0.2.0
crypt,0.0.2,19,F,UNVERIFIED_PUBLISH_PATH|DORMANT|SINGLE_MAINTAINER,1,15491858,v0.2.0
charenc,0.0.2,19,F,UNVERIFIED_PUBLISH_PATH|DORMANT|SINGLE_MAINTAINER,1,15490930,v0.2.0
md5,2.3.0,33,F,UNVERIFIED_PUBLISH_PATH|DORMANT,2,15481993,v0.2.0
d3-chord,3.0.1,33,F,UNVERIFIED_PUBLISH_PATH|DORMANT,2,15435707,v0.2.0
d3-fetch,3.0.1,33,F,UNVERIFIED_PUBLISH_PATH|DORMANT,2,15320699,v0.2.0
d3-contour,4.0.2,33,F,UNVERIFIED_PUBLISH_PATH|DORMANT,2,15292833,v0.2.0
drizzle-orm,0.45.2,83,B,,4,15270563,v0.2.0
'@types/validator,13.15.10,33,F,UNVERIFIED_PUBLISH_PATH|SINGLE_MAINTAINER,1,15249045,v0.2.0
html2canvas,1.4.1,14,F,UNVERIFIED_PUBLISH_PATH|DORMANT|SINGLE_MAINTAINER,1,15227022,v0.2.0
'@typespec/ts-http-runtime,0.3.7,47,D,UNVERIFIED_PUBLISH_PATH,2,15221812,v0.2.0
prosemirror-state,1.4.4,25,F,UNVERIFIED_PUBLISH_PATH|SINGLE_MAINTAINER,1,15221402,v0.2.0
'@firebase/logger,0.5.1,46,D,UNVERIFIED_PUBLISH_PATH,4,15183942,v0.2.0
prosemirror-keymap,1.2.3,25,F,UNVERIFIED_PUBLISH_PATH|SINGLE_MAINTAINER,1,15150508,v0.2.0
prosemirror-commands,1.7.1,25,F,UNVERIFIED_PUBLISH_PATH|SINGLE_MAINTAINER,1,15099093,v0.2.0
orderedmap,2.1.1,19,F,UNVERIFIED_PUBLISH_PATH|DORMANT|SINGLE_MAINTAINER,1,15092146,v0.2.0
prosemirror-history,1.5.0,25,F,UNVERIFIED_PUBLISH_PATH|SINGLE_MAINTAINER,1,15069204,v0.2.0
'@azure/core-client,1.11.0,47,D,UNVERIFIED_PUBLISH_PATH,3,15042630,v0.2.0
'@prisma/client,7.8.0,89,A,,4,14952377,v0.2.0
'@mui/utils,9.2.0,88,A,,10,14944402,v0.2.0
valibot,1.4.2,79,B,SINGLE_MAINTAINER,1,14927641,v0.2.0
bson,7.3.1,94,A,,2,14926417,v0.2.0
ripemd160,2.0.3,39,D,UNVERIFIED_PUBLISH_PATH,7,14807771,v0.2.0
'@tiptap/core,3.28.0,95,A,,6,14769834,v0.2.0
nitro,3.0.260610-beta,70,B,INCONSISTENT_PUBLISH_PATH|SINGLE_MAINTAINER,1,14763022,v0.2.0
rope-sequence,1.3.4,19,F,UNVERIFIED_PUBLISH_PATH|DORMANT|SINGLE_MAINTAINER,1,14760384,v0.2.0
elliptic,6.6.1,19,F,UNVERIFIED_PUBLISH_PATH|DORMANT|SINGLE_MAINTAINER,1,14726340,v0.2.0
'@tiptap/pm,3.28.0,95,A,,6,14676976,v0.2.0
des.js,1.1.0,19,F,UNVERIFIED_PUBLISH_PATH|DORMANT|SINGLE_MAINTAINER,1,14666771,v0.2.0
'@google-cloud/storage,7.21.0,38,D,UNVERIFIED_PUBLISH_PATH|SINGLE_MAINTAINER,1,14650571,v0.2.0
prosemirror-schema-list,1.5.1,25,F,UNVERIFIED_PUBLISH_PATH|SINGLE_MAINTAINER,1,14402870,v0.2.0
'@posthog/core,1.43.1,89,A,,22,14374999,v0.2.0
prosemirror-gapcursor,1.4.1,25,F,UNVERIFIED_PUBLISH_PATH|SINGLE_MAINTAINER,1,14337864,v0.2.0
npm,12.0.1,52,C,UNVERIFIED_PUBLISH_PATH,3,14257344,v0.2.0
slugify,1.6.9,39,D,UNVERIFIED_PUBLISH_PATH,3,14205507,v0.2.0
oniguruma-to-es,4.3.6,20,F,UNVERIFIED_PUBLISH_PATH|SINGLE_MAINTAINER,1,14164076,v0.2.0
vue,3.5.40,78,B,INCONSISTENT_PUBLISH_PATH,2,14097077,v0.2.0
swr,2.4.2,94,A,,3,14095464,v0.2.0
linkifyjs,4.3.3,79,B,SINGLE_MAINTAINER,1,14084141,v0.2.0
'@firebase/database-types,1.0.20,46,D,UNVERIFIED_PUBLISH_PATH,4,14064580,v0.2.0
chart.js,4.5.1,39,D,UNVERIFIED_PUBLISH_PATH,5,13973388,v0.2.0
regex,6.1.0,20,F,UNVERIFIED_PUBLISH_PATH|SINGLE_MAINTAINER,1,13943071,v0.2.0
react-i18next,17.0.10,39,D,UNVERIFIED_PUBLISH_PATH,2,13935231,v0.2.0
mocha,11.7.6,77,B,INCONSISTENT_PUBLISH_PATH,2,13931189,v0.2.0
brorand,1.1.0,19,F,UNVERIFIED_PUBLISH_PATH|DORMANT|SINGLE_MAINTAINER,1,13919289,v0.2.0
resize-observer-polyfill,1.5.1,19,F,UNVERIFIED_PUBLISH_PATH|DORMANT|SINGLE_MAINTAINER,1,13893608,v0.2.0
klona,2.0.6,19,F,UNVERIFIED_PUBLISH_PATH|DORMANT|SINGLE_MAINTAINER,1,13891794,v0.2.0
rettime,0.11.11,68,C,SINGLE_MAINTAINER,1,13831067,v0.2.0
create-hash,1.2.0,33,F,UNVERIFIED_PUBLISH_PATH|DORMANT,5,13818262,v0.2.0
minimalistic-crypto-utils,1.0.1,19,F,UNVERIFIED_PUBLISH_PATH|DORMANT|SINGLE_MAINTAINER,1,13801431,v0.2.0
'@firebase/database,1.1.3,46,D,UNVERIFIED_PUBLISH_PATH,4,13800050,v0.2.0
hmac-drbg,1.0.1,19,F,UNVERIFIED_PUBLISH_PATH|DORMANT|SINGLE_MAINTAINER,1,13777752,v0.2.0
googleapis-common,8.0.2,32,F,UNVERIFIED_PUBLISH_PATH|SINGLE_MAINTAINER,1,13770834,v0.2.0
regex-recursion,6.0.2,20,F,UNVERIFIED_PUBLISH_PATH|SINGLE_MAINTAINER,1,13754918,v0.2.0
'@aws-sdk/credential-provider-cognito-identity,3.972.58,41,D,UNVERIFIED_PUBLISH_PATH,2,13691414,v0.2.0
ramda,0.32.0,45,D,UNVERIFIED_PUBLISH_PATH,8,13665879,v0.2.0
mysql2,3.23.1,79,B,SINGLE_MAINTAINER,1,13640816,v0.2.0
'@firebase/app-types,0.9.5,46,D,UNVERIFIED_PUBLISH_PATH,4,13640236,v0.2.0
'@aws-sdk/checksums,3.1000.18,41,D,UNVERIFIED_PUBLISH_PATH,2,13630131,v0.2.0
'@firebase/database-compat,2.1.4,46,D,UNVERIFIED_PUBLISH_PATH,4,13537827,v0.2.0
regex-utilities,2.3.0,19,F,UNVERIFIED_PUBLISH_PATH|DORMANT|SINGLE_MAINTAINER,1,13487532,v0.2.0
'@types/luxon,3.7.2,33,F,UNVERIFIED_PUBLISH_PATH|SINGLE_MAINTAINER,1,13288172,v0.2.0
'@firebase/auth-interop-types,0.2.5,46,D,UNVERIFIED_PUBLISH_PATH,4,13285728,v0.2.0
tinycolor2,1.6.0,19,F,UNVERIFIED_PUBLISH_PATH|DORMANT|SINGLE_MAINTAINER,1,13220613,v0.2.0
'@vue/reactivity,3.5.40,74,B,SINGLE_MAINTAINER,1,13066888,v0.2.0
papaparse,5.5.4,39,D,UNVERIFIED_PUBLISH_PATH,2,13051764,v0.2.0
'@nestjs/common,11.1.28,31,F,UNVERIFIED_PUBLISH_PATH|SINGLE_MAINTAINER,1,12986187,v0.2.0
'@aws-sdk/client-cognito-identity,3.1090.0,41,D,UNVERIFIED_PUBLISH_PATH,2,12946815,v0.2.0
es5-ext,0.10.64,19,F,UNVERIFIED_PUBLISH_PATH|DORMANT|SINGLE_MAINTAINER,1,12926005,v0.2.0
'@emotion/styled,11.14.1,40,D,UNVERIFIED_PUBLISH_PATH|PUBLISHER_NOT_MAINTAINER,2,12895139,v0.2.0
jspdf,4.2.1,31,F,UNVERIFIED_PUBLISH_PATH|SINGLE_MAINTAINER,1,12887164,v0.2.0
'@supabase/phoenix,0.4.5,69,C,INCONSISTENT_PUBLISH_PATH|BRANCH_REQUIRES_PR,0,12885134,v0.2.0
three,0.185.1,45,D,UNVERIFIED_PUBLISH_PATH,2,12882609,v0.2.0
github-slugger,2.0.0,33,F,UNVERIFIED_PUBLISH_PATH|DORMANT,5,12875779,v0.2.0
'@azure/identity,4.13.1,47,D,UNVERIFIED_PUBLISH_PATH,3,12870530,v0.2.0
cipher-base,1.0.7,39,D,UNVERIFIED_PUBLISH_PATH,3,12810575,v0.2.0
brotli,1.3.3,19,F,UNVERIFIED_PUBLISH_PATH|DORMANT|SINGLE_MAINTAINER,1,12764701,v0.2.0
'@braintree/sanitize-url,7.1.2,38,D,UNVERIFIED_PUBLISH_PATH|SINGLE_MAINTAINER,1,12757007,v0.2.0
'@react-types/shared,3.36.0,39,D,UNVERIFIED_PUBLISH_PATH,2,12710208,v0.2.0
socket.io-client,4.8.3,83,B,,2,12690029,v0.2.0
pbkdf2,3.1.6,39,D,UNVERIFIED_PUBLISH_PATH,6,12677210,v0.2.0
prosemirror-inputrules,1.5.1,25,F,UNVERIFIED_PUBLISH_PATH|SINGLE_MAINTAINER,1,12663588,v0.2.0
'@firebase/app-check-interop-types,0.3.4,46,D,UNVERIFIED_PUBLISH_PATH,4,12619770,v0.2.0
compute-scroll-into-view,3.1.1,19,F,UNVERIFIED_PUBLISH_PATH|DORMANT|SINGLE_MAINTAINER,1,12578785,v0.2.0
metro,0.87.0,77,B,INCONSISTENT_PUBLISH_PATH,2,12571838,v0.2.0
'@nestjs/core,11.1.28,31,F,UNVERIFIED_PUBLISH_PATH|SINGLE_MAINTAINER,1,12511371,v0.2.0
'@internationalized/date,3.12.2,39,D,UNVERIFIED_PUBLISH_PATH,2,12480719,v0.2.0
'@azure/core-lro,3.4.0,47,D,UNVERIFIED_PUBLISH_PATH,3,12452536,v0.2.0
'@lezer/common,1.5.2,25,F,UNVERIFIED_PUBLISH_PATH|SINGLE_MAINTAINER,1,12369342,v0.2.0
yup,1.7.1,25,F,UNVERIFIED_PUBLISH_PATH|SINGLE_MAINTAINER,1,12309195,v0.2.0
md5.js,1.3.5,33,F,UNVERIFIED_PUBLISH_PATH|DORMANT,5,12308344,v0.2.0
'@sentry/utils,8.55.2,27,F,UNVERIFIED_PUBLISH_PATH|SINGLE_MAINTAINER,1,12307149,v0.2.0
escape-goat,4.0.0,19,F,UNVERIFIED_PUBLISH_PATH|DORMANT|SINGLE_MAINTAINER,1,12221068,v0.2.0
bcryptjs,3.0.3,25,F,UNVERIFIED_PUBLISH_PATH|SINGLE_MAINTAINER,1,12215320,v0.2.0
toposort,2.0.2,19,F,UNVERIFIED_PUBLISH_PATH|DORMANT|SINGLE_MAINTAINER,1,12126751,v0.2.0
oniguruma-parser,0.12.2,20,F,UNVERIFIED_PUBLISH_PATH|SINGLE_MAINTAINER,1,12112000,v0.2.0
'@vue/runtime-core,3.5.40,74,B,SINGLE_MAINTAINER,1,12082245,v0.2.0
'@electric-sql/pglite,0.5.4,82,B,,4,12068860,v0.2.0
create-hmac,1.1.7,33,F,UNVERIFIED_PUBLISH_PATH|DORMANT,5,12067541,v0.2.0
'@vue/runtime-dom,3.5.40,74,B,SINGLE_MAINTAINER,1,12064944,v0.2.0
'@iconify/utils,3.1.4,20,F,UNVERIFIED_PUBLISH_PATH|SINGLE_MAINTAINER,1,12061402,v0.2.0
happy-dom,20.11.0,76,B,INCONSISTENT_PUBLISH_PATH|SINGLE_MAINTAINER,1,12056241,v0.2.0
ssf,0.11.2,19,F,UNVERIFIED_PUBLISH_PATH|DORMANT|SINGLE_MAINTAINER,1,11991835,v0.2.0
'@turf/helpers,7.3.5,87,A,,8,11986075,v0.2.0
browserify-aes,1.2.0,33,F,UNVERIFIED_PUBLISH_PATH|DORMANT,5,11963988,v0.2.0
'@lezer/lr,1.4.10,21,F,UNVERIFIED_PUBLISH_PATH|SINGLE_MAINTAINER,1,11952323,v0.2.0
babel-plugin-react-compiler,1.0.0,45,D,UNVERIFIED_PUBLISH_PATH,2,11947771,v0.2.0
d3-sankey,0.12.3,33,F,UNVERIFIED_PUBLISH_PATH|DORMANT,2,11842779,v0.2.0
browserify-sign,4.2.6,39,D,UNVERIFIED_PUBLISH_PATH,5,11802088,v0.2.0
parse-asn1,5.1.9,39,D,UNVERIFIED_PUBLISH_PATH,5,11781687,v0.2.0
evp_bytestokey,1.0.3,33,F,UNVERIFIED_PUBLISH_PATH|DORMANT,3,11750403,v0.2.0
sinon,22.0.0,39,D,UNVERIFIED_PUBLISH_PATH,4,11744165,v0.2.0
bottleneck,2.19.5,19,F,UNVERIFIED_PUBLISH_PATH|DORMANT|SINGLE_MAINTAINER,1,11730348,v0.2.0
'@vue/devtools-api,8.1.5,82,B,,5,11704866,v0.2.0
'@kurkle/color,0.4.0,25,F,UNVERIFIED_PUBLISH_PATH|SINGLE_MAINTAINER,1,11656297,v0.2.0
stackblur-canvas,3.0.1,34,F,UNVERIFIED_PUBLISH_PATH,2,11624823,v0.2.0
fuse.js,7.5.0,25,F,UNVERIFIED_PUBLISH_PATH|SINGLE_MAINTAINER,1,11610442,v0.2.0
canvg,4.0.3,34,F,UNVERIFIED_PUBLISH_PATH,2,11601085,v0.2.0
'@redis/client,6.1.0,45,D,UNVERIFIED_PUBLISH_PATH,2,11592850,v0.2.0
crypto-browserify,3.12.1,33,F,UNVERIFIED_PUBLISH_PATH|DORMANT,5,11576166,v0.2.0
xlsx,0.18.5,14,F,UNVERIFIED_PUBLISH_PATH|DORMANT|SINGLE_MAINTAINER|PUBLISHER_NOT_MAINTAINER,1,11512355,v0.2.0
kysely,0.29.4,88,A,,2,11480459,v0.2.0
cytoscape,3.34.0,77,B,INCONSISTENT_PUBLISH_PATH,4,11411271,v0.2.0
browserify-rsa,4.1.1,33,F,UNVERIFIED_PUBLISH_PATH|DORMANT,5,11379986,v0.2.0
quickselect,3.0.0,19,F,UNVERIFIED_PUBLISH_PATH|DORMANT|SINGLE_MAINTAINER,1,11360674,v0.2.0
puppeteer,25.3.0,93,A,,2,11298499,v0.2.0
class-transformer,0.5.1,28,F,UNVERIFIED_PUBLISH_PATH|DORMANT,2,11233682,v0.2.0
exceljs,4.4.0,33,F,UNVERIFIED_PUBLISH_PATH|DORMANT,2,11121522,v0.2.0
create-ecdh,4.0.4,33,F,UNVERIFIED_PUBLISH_PATH|DORMANT,5,11099295,v0.2.0
swagger-ui-dist,5.32.9,45,D,UNVERIFIED_PUBLISH_PATH,4,11074560,v0.2.0
copy-to-clipboard,4.0.2,25,F,UNVERIFIED_PUBLISH_PATH|SINGLE_MAINTAINER,1,11061009,v0.2.0
history,5.3.0,19,F,UNVERIFIED_PUBLISH_PATH|DORMANT|SINGLE_MAINTAINER,1,11052527,v0.2.0
public-encrypt,4.0.3,33,F,UNVERIFIED_PUBLISH_PATH|DORMANT,5,11020878,v0.2.0
browserify-cipher,1.0.1,19,F,UNVERIFIED_PUBLISH_PATH|DORMANT|SINGLE_MAINTAINER,1,11010281,v0.2.0
diffie-hellman,5.0.3,33,F,UNVERIFIED_PUBLISH_PATH|DORMANT,5,11008623,v0.2.0
styled-components,6.4.4,72,B,INCONSISTENT_PUBLISH_PATH,3,10997466,v0.2.0
browserify-des,1.0.2,33,F,UNVERIFIED_PUBLISH_PATH|DORMANT,3,10979474,v0.2.0
mermaid,11.16.0,82,B,,5,10971741,v0.2.0
less,4.7.0,77,B,INCONSISTENT_PUBLISH_PATH,5,10916564,v0.2.0
property-expr,2.0.6,19,F,UNVERIFIED_PUBLISH_PATH|DORMANT|SINGLE_MAINTAINER,1,10888493,v0.2.0
randomfill,1.0.4,33,F,UNVERIFIED_PUBLISH_PATH|DORMANT,3,10865898,v0.2.0
'@expo/config-plugins,57.0.5,45,D,UNVERIFIED_PUBLISH_PATH,11,10860416,v0.2.0
'@mui/system,9.2.0,88,A,,10,10761305,v0.2.0
'@codemirror/view,6.43.6,21,F,UNVERIFIED_PUBLISH_PATH|SINGLE_MAINTAINER,1,10700520,v0.2.0
'@mui/private-theming,9.2.0,88,A,,10,10689094,v0.2.0
toggle-selection,2.1.0,25,F,UNVERIFIED_PUBLISH_PATH|SINGLE_MAINTAINER,1,10682193,v0.2.0
dagre-d3-es,7.0.14,25,F,UNVERIFIED_PUBLISH_PATH|SINGLE_MAINTAINER,1,10674579,v0.2.0
bun-types,1.3.14,52,C,UNVERIFIED_PUBLISH_PATH,3,10674107,v0.2.0
isomorphic-fetch,3.0.0,33,F,UNVERIFIED_PUBLISH_PATH|DORMANT,2,10655065,v0.2.0
'@lezer/highlight,1.2.3,25,F,UNVERIFIED_PUBLISH_PATH|SINGLE_MAINTAINER,1,10583296,v0.2.0
https-browserify,1.0.0,33,F,UNVERIFIED_PUBLISH_PATH|DORMANT,2,10517779,v0.2.0
'@codemirror/state,6.7.1,21,F,UNVERIFIED_PUBLISH_PATH|SINGLE_MAINTAINER,1,10513941,v0.2.0
xml-js,1.6.11,19,F,UNVERIFIED_PUBLISH_PATH|DORMANT|SINGLE_MAINTAINER,1,10465106,v0.2.0
'@mui/styled-engine,9.1.1,88,A,,10,10433889,v0.2.0
class-validator,0.15.1,39,D,UNVERIFIED_PUBLISH_PATH,2,10424697,v0.2.0
roughjs,4.6.6,19,F,UNVERIFIED_PUBLISH_PATH|DORMANT|SINGLE_MAINTAINER,1,10400106,v0.2.0
khroma,2.1.0,19,F,UNVERIFIED_PUBLISH_PATH|DORMANT|SINGLE_MAINTAINER,1,10372208,v0.2.0
react-native,0.86.0,39,D,UNVERIFIED_PUBLISH_PATH|BRANCH_REQUIRES_PR,6,10363193,v0.2.0
'@codemirror/language,6.12.4,21,F,UNVERIFIED_PUBLISH_PATH|SINGLE_MAINTAINER,1,10282598,v0.2.0
birpc,4.0.0,72,B,,2,10281426,v0.2.0
'@azure/core-http-compat,2.5.0,47,D,UNVERIFIED_PUBLISH_PATH,3,10210444,v0.2.0
earcut,3.2.3,46,D,UNVERIFIED_PUBLISH_PATH|BRANCH_REQUIRES_PR,29,10207328,v0.2.0
cytoscape-fcose,2.2.0,19,F,UNVERIFIED_PUBLISH_PATH|DORMANT|SINGLE_MAINTAINER,1,10200672,v0.2.0
date-fns-tz,3.2.0,19,F,UNVERIFIED_PUBLISH_PATH|DORMANT|SINGLE_MAINTAINER,1,10140459,v0.2.0
'@react-native/virtualized-lists,0.86.0,39,D,UNVERIFIED_PUBLISH_PATH,2,10126502,v0.2.0
'@azure/storage-blob,12.33.0,47,D,UNVERIFIED_PUBLISH_PATH,6,10108320,v0.2.0
spark-md5,3.0.2,19,F,UNVERIFIED_PUBLISH_PATH|DORMANT|SINGLE_MAINTAINER,1,10080353,v0.2.0
kdbush,4.1.0,25,F,UNVERIFIED_PUBLISH_PATH|SINGLE_MAINTAINER,1,10051983,v0.2.0
'@mui/material,9.2.0,88,A,BRANCH_REQUIRES_PR,10,9958373,v0.2.0
style-mod,4.1.3,25,F,UNVERIFIED_PUBLISH_PATH|SINGLE_MAINTAINER,1,9949156,v0.2.0
throttle-debounce,5.0.2,19,F,UNVERIFIED_PUBLISH_PATH|DORMANT|SINGLE_MAINTAINER,1,9931523,v0.2.0
'@codemirror/commands,6.10.4,21,F,UNVERIFIED_PUBLISH_PATH|SINGLE_MAINTAINER,1,9888888,v0.2.0
'@stripe/stripe-js,9.10.0,34,F,UNVERIFIED_PUBLISH_PATH,10,9887736,v0.2.0
'@expo/config,57.0.5,45,D,UNVERIFIED_PUBLISH_PATH,11,9872746,v0.2.0
'@redis/json,6.1.0,45,D,UNVERIFIED_PUBLISH_PATH,2,9820162,v0.2.0
'@redis/search,6.1.0,45,D,UNVERIFIED_PUBLISH_PATH,2,9818947,v0.2.0
'@redis/time-series,6.1.0,45,D,UNVERIFIED_PUBLISH_PATH,2,9816281,v0.2.0
collapse-white-space,2.1.0,19,F,UNVERIFIED_PUBLISH_PATH|DORMANT|SINGLE_MAINTAINER,1,9768599,v0.2.0
'@codemirror/autocomplete,6.20.3,21,F,UNVERIFIED_PUBLISH_PATH|SINGLE_MAINTAINER,1,9767854,v0.2.0
'@redis/bloom,6.1.0,45,D,UNVERIFIED_PUBLISH_PATH,2,9761353,v0.2.0
webdriver-bidi-protocol,0.4.2,39,D,UNVERIFIED_PUBLISH_PATH,2,9750780,v0.2.0
tinyqueue,3.0.0,19,F,UNVERIFIED_PUBLISH_PATH|DORMANT|SINGLE_MAINTAINER,1,9739695,v0.2.0
posthog-js,1.404.1,89,A,BRANCH_REQUIRES_SIGNATURES|BRANCH_REQUIRES_PR,22,9684424,v0.2.0
'@pdf-lib/upng,1.0.1,14,F,UNVERIFIED_PUBLISH_PATH|DORMANT|SINGLE_MAINTAINER,1,9654893,v0.2.0
'@pdf-lib/standard-fonts,1.0.0,14,F,UNVERIFIED_PUBLISH_PATH|DORMANT|SINGLE_MAINTAINER,1,9651176,v0.2.0
jmespath,0.16.0,19,F,UNVERIFIED_PUBLISH_PATH|DORMANT|SINGLE_MAINTAINER,1,9611673,v0.2.0
refractor,5.0.0,25,F,UNVERIFIED_PUBLISH_PATH|SINGLE_MAINTAINER,1,9494400,v0.2.0
utility-types,3.11.0,25,F,UNVERIFIED_PUBLISH_PATH|DORMANT|SINGLE_MAINTAINER,1,9475811,v0.2.0
sanitize-html,2.17.6,34,F,UNVERIFIED_PUBLISH_PATH,4,9469013,v0.2.0
pupa,3.3.0,25,F,UNVERIFIED_PUBLISH_PATH|SINGLE_MAINTAINER,1,9452422,v0.2.0
pdf-lib,1.17.1,14,F,UNVERIFIED_PUBLISH_PATH|DORMANT|SINGLE_MAINTAINER,1,9382695,v0.2.0
'@firebase/auth,1.13.3,46,D,UNVERIFIED_PUBLISH_PATH,4,9334470,v0.2.0
'@marijn/find-cluster-break,1.0.3,21,F,UNVERIFIED_PUBLISH_PATH|SINGLE_MAINTAINER,1,9290788,v0.2.0
js-beautify,2.0.3,87,A,,2,9289963,v0.2.0
'@scure/base,2.2.0,79,B,SINGLE_MAINTAINER,1,9267376,v0.2.0
babel-runtime,6.26.0,34,F,UNVERIFIED_PUBLISH_PATH|DORMANT,3,9258604,v0.2.0
'@vueuse/shared,14.3.0,68,C,SINGLE_MAINTAINER,1,9239645,v0.2.0
codemirror,6.0.2,25,F,UNVERIFIED_PUBLISH_PATH|SINGLE_MAINTAINER,1,9216364,v0.2.0
'@vue/language-core,3.3.7,77,B,INCONSISTENT_PUBLISH_PATH,2,9197177,v0.2.0
googleapis,173.0.0,33,F,UNVERIFIED_PUBLISH_PATH|SINGLE_MAINTAINER,1,9150233,v0.2.0
'@aws-sdk/client-lambda,3.1090.0,41,D,UNVERIFIED_PUBLISH_PATH,2,9135770,v0.2.0
'@vueuse/core,14.3.0,68,C,SINGLE_MAINTAINER,1,9115020,v0.2.0
'@xyflow/system,0.0.79,78,B,INCONSISTENT_PUBLISH_PATH,2,9078132,v0.2.0
'@types/nodemailer,8.0.1,33,F,UNVERIFIED_PUBLISH_PATH|SINGLE_MAINTAINER,1,9001931,v0.2.0
workbox-core,7.4.1,39,D,UNVERIFIED_PUBLISH_PATH,9,8976570,v0.2.0
'@aws-sdk/client-dynamodb,3.1090.0,41,D,UNVERIFIED_PUBLISH_PATH,2,8971425,v0.2.0
chevrotain,12.0.0,73,B,SINGLE_MAINTAINER,1,8844862,v0.2.0
yarn,1.22.22,25,F,UNVERIFIED_PUBLISH_PATH|DORMANT|SINGLE_MAINTAINER,1,8843967,v0.2.0
aws-sdk,2.1693.0,46,D,UNVERIFIED_PUBLISH_PATH|DEPRECATED,2,8829814,v0.2.0
'@xyflow/react,12.11.2,78,B,INCONSISTENT_PUBLISH_PATH,2,8812238,v0.2.0
react-select,5.10.2,39,D,UNVERIFIED_PUBLISH_PATH,5,8802996,v0.2.0
graphql-request,7.4.0,39,D,UNVERIFIED_PUBLISH_PATH,5,8793853,v0.2.0
react-icons,5.7.0,77,B,INCONSISTENT_PUBLISH_PATH,5,8724102,v0.2.0
zen-observable,0.10.0,19,F,UNVERIFIED_PUBLISH_PATH|DORMANT|SINGLE_MAINTAINER,1,8690912,v0.2.0
supercluster,8.0.1,40,D,UNVERIFIED_PUBLISH_PATH|DORMANT,29,8690398,v0.2.0
remeda,2.39.0,100,A,,3,8675777,v0.2.0
quill-delta,5.1.0,33,F,UNVERIFIED_PUBLISH_PATH|DORMANT,2,8670756,v0.2.0
'@firebase/app,0.15.1,46,D,UNVERIFIED_PUBLISH_PATH,4,8644983,v0.2.0
firebase,12.16.0,46,D,UNVERIFIED_PUBLISH_PATH,4,8570845,v0.2.0
scroll-into-view-if-needed,3.1.0,19,F,UNVERIFIED_PUBLISH_PATH|DORMANT|SINGLE_MAINTAINER,1,8570546,v0.2.0
hast-util-sanitize,5.0.2,33,F,UNVERIFIED_PUBLISH_PATH|DORMANT,2,8558674,v0.2.0
unfetch,5.0.0,19,F,UNVERIFIED_PUBLISH_PATH|DORMANT|SINGLE_MAINTAINER,1,8554151,v0.2.0
pbf,5.1.2,84,B,INCONSISTENT_PUBLISH_PATH,28,8552591,v0.2.0
'@base-ui/utils,0.3.1,95,A,,8,8486318,v0.2.0
'@firebase/firestore,4.16.0,46,D,UNVERIFIED_PUBLISH_PATH,4,8485061,v0.2.0
'@firebase/remote-config,0.9.0,46,D,UNVERIFIED_PUBLISH_PATH,4,8450598,v0.2.0
'@firebase/installations,0.6.22,46,D,UNVERIFIED_PUBLISH_PATH,4,8416804,v0.2.0
'@firebase/messaging,0.13.0,46,D,UNVERIFIED_PUBLISH_PATH,4,8388809,v0.2.0
'@firebase/functions,0.13.5,46,D,UNVERIFIED_PUBLISH_PATH,4,8387843,v0.2.0
'@sentry/replay,10.66.0,27,F,UNVERIFIED_PUBLISH_PATH|SINGLE_MAINTAINER|BRANCH_REQUIRES_PR,1,8386795,v0.2.0
'@firebase/storage,0.14.3,46,D,UNVERIFIED_PUBLISH_PATH,4,8364461,v0.2.0
workbox-window,7.4.1,39,D,UNVERIFIED_PUBLISH_PATH,9,8364217,v0.2.0
workbox-build,7.4.1,39,D,UNVERIFIED_PUBLISH_PATH,10,8361681,v0.2.0
'@firebase/analytics,0.10.22,46,D,UNVERIFIED_PUBLISH_PATH,4,8360264,v0.2.0
'@firebase/performance,0.7.12,46,D,UNVERIFIED_PUBLISH_PATH,4,8356995,v0.2.0
'@firebase/app-compat,0.5.15,46,D,UNVERIFIED_PUBLISH_PATH,4,8328376,v0.2.0
'@firebase/app-check,0.12.0,46,D,UNVERIFIED_PUBLISH_PATH,4,8307387,v0.2.0
peek-readable,7.0.0,25,F,UNVERIFIED_PUBLISH_PATH|SINGLE_MAINTAINER,1,8290938,v0.2.0
'@scure/bip39,2.2.0,79,B,SINGLE_MAINTAINER,1,8276640,v0.2.0
'@firebase/webchannel-wrapper,1.0.6,46,D,UNVERIFIED_PUBLISH_PATH,4,8274076,v0.2.0
'@google-cloud/firestore,8.6.0,33,F,UNVERIFIED_PUBLISH_PATH|SINGLE_MAINTAINER,1,8271991,v0.2.0
'@firebase/remote-config-compat,0.2.27,46,D,UNVERIFIED_PUBLISH_PATH,4,8239768,v0.2.0
parchment,3.0.0,33,F,UNVERIFIED_PUBLISH_PATH|DORMANT,2,8223351,v0.2.0
'@firebase/remote-config-types,0.5.1,46,D,UNVERIFIED_PUBLISH_PATH,4,8220969,v0.2.0
'@firebase/firestore-compat,0.4.11,46,D,UNVERIFIED_PUBLISH_PATH,4,8218695,v0.2.0
'@firebase/auth-compat,0.6.8,46,D,UNVERIFIED_PUBLISH_PATH,4,8213600,v0.2.0
'@tweenjs/tween.js,25.0.0,33,F,UNVERIFIED_PUBLISH_PATH|DORMANT,4,8205616,v0.2.0
'@aws-sdk/client-bedrock-runtime,3.1090.0,41,D,UNVERIFIED_PUBLISH_PATH,2,8197551,v0.2.0
workbox-sw,7.4.1,39,D,UNVERIFIED_PUBLISH_PATH,9,8192194,v0.2.0
'@firebase/app-check-compat,0.4.5,46,D,UNVERIFIED_PUBLISH_PATH,4,8186172,v0.2.0
'@firebase/functions-compat,0.4.5,46,D,UNVERIFIED_PUBLISH_PATH,4,8160938,v0.2.0
'@firebase/messaging-compat,0.2.27,46,D,UNVERIFIED_PUBLISH_PATH,4,8155878,v0.2.0
'@firebase/storage-compat,0.4.3,46,D,UNVERIFIED_PUBLISH_PATH,4,8139239,v0.2.0
'@firebase/analytics-compat,0.2.28,46,D,UNVERIFIED_PUBLISH_PATH,4,8138919,v0.2.0
'@firebase/performance-compat,0.2.25,46,D,UNVERIFIED_PUBLISH_PATH,4,8138356,v0.2.0
'@firebase/firestore-types,3.0.4,46,D,UNVERIFIED_PUBLISH_PATH,4,8106597,v0.2.0
'@opentelemetry/sdk-trace,2.9.0,46,D,UNVERIFIED_PUBLISH_PATH,6,8100263,v0.2.0
'@scure/bip32,2.2.0,79,B,SINGLE_MAINTAINER,1,8094872,v0.2.0
'@firebase/installations-compat,0.2.22,46,D,UNVERIFIED_PUBLISH_PATH,4,8091113,v0.2.0
'@firebase/auth-types,0.13.1,46,D,UNVERIFIED_PUBLISH_PATH,4,8072319,v0.2.0
'@firebase/functions-types,0.6.4,46,D,UNVERIFIED_PUBLISH_PATH,4,8042300,v0.2.0
'@firebase/storage-types,0.8.4,46,D,UNVERIFIED_PUBLISH_PATH,4,8042080,v0.2.0
'@firebase/performance-types,0.2.4,46,D,UNVERIFIED_PUBLISH_PATH,4,8034543,v0.2.0
'@firebase/analytics-types,0.8.4,46,D,UNVERIFIED_PUBLISH_PATH,4,8030319,v0.2.0
'@types/three,0.185.1,33,F,UNVERIFIED_PUBLISH_PATH|SINGLE_MAINTAINER,1,8010773,v0.2.0
'@vitest/browser,4.1.10,88,A,,5,7997474,v0.2.0
'@firebase/installations-types,0.5.4,46,D,UNVERIFIED_PUBLISH_PATH,4,7996552,v0.2.0
localforage,1.10.0,19,F,UNVERIFIED_PUBLISH_PATH|DORMANT|SINGLE_MAINTAINER,1,7923998,v0.2.0
'@firebase/app-check-types,0.5.4,46,D,UNVERIFIED_PUBLISH_PATH,4,7923135,v0.2.0
'@firebase/messaging-interop-types,0.2.5,46,D,UNVERIFIED_PUBLISH_PATH,4,7879441,v0.2.0
just-extend,6.2.0,25,F,UNVERIFIED_PUBLISH_PATH|DORMANT|SINGLE_MAINTAINER,1,7876384,v0.2.0
'@algolia/client-common,5.56.0,77,B,INCONSISTENT_PUBLISH_PATH,7,7870391,v0.2.0
vue-demi,0.14.10,33,F,UNVERIFIED_PUBLISH_PATH|DORMANT,2,7869379,v0.2.0
'@base-ui/react,1.6.0,95,A,,8,7800533,v0.2.0
rehype-sanitize,6.0.0,33,F,UNVERIFIED_PUBLISH_PATH|DORMANT,3,7790299,v0.2.0
quill,2.0.3,33,F,UNVERIFIED_PUBLISH_PATH|DORMANT,2,7751937,v0.2.0
firebase-admin,14.2.0,34,F,UNVERIFIED_PUBLISH_PATH,4,7724854,v0.2.0
'@types/sinon,22.0.0,33,F,UNVERIFIED_PUBLISH_PATH|SINGLE_MAINTAINER,1,7722217,v0.2.0
canvas-confetti,1.9.4,63,C,SINGLE_MAINTAINER,1,7711326,v0.2.0
'@algolia/requester-browser-xhr,5.56.0,77,B,INCONSISTENT_PUBLISH_PATH,7,7696562,v0.2.0
prosemirror-menu,1.3.2,21,F,UNVERIFIED_PUBLISH_PATH|SINGLE_MAINTAINER,1,7685668,v0.2.0
canvas,3.2.3,39,D,UNVERIFIED_PUBLISH_PATH,8,7668719,v0.2.0
gl-matrix,3.4.4,39,D,UNVERIFIED_PUBLISH_PATH,3,7665676,v0.2.0
seedrandom,3.0.5,19,F,UNVERIFIED_PUBLISH_PATH|DORMANT|SINGLE_MAINTAINER,1,7641437,v0.2.0
monaco-editor,0.55.1,40,D,UNVERIFIED_PUBLISH_PATH|BRANCH_REQUIRES_PR,7,7579244,v0.2.0
'@rspack/core,2.1.4,95,A,,2,7546224,v0.2.0
fuzzysort,3.1.0,19,F,UNVERIFIED_PUBLISH_PATH|DORMANT|SINGLE_MAINTAINER,1,7520316,v0.2.0
'@algolia/client-search,5.56.0,77,B,INCONSISTENT_PUBLISH_PATH,7,7505184,v0.2.0
'@turf/invariant,7.3.5,87,A,,8,7503348,v0.2.0
meshoptimizer,1.2.0,20,F,UNVERIFIED_PUBLISH_PATH|SINGLE_MAINTAINER,1,7492817,v0.2.0
ox,1.0.3,30,F,UNVERIFIED_PUBLISH_PATH,2,7489776,v0.2.0
'@firebase/data-connect,0.7.1,46,D,UNVERIFIED_PUBLISH_PATH,4,7464630,v0.2.0
css-has-pseudo,8.0.0,45,D,UNVERIFIED_PUBLISH_PATH,3,7447136,v0.2.0
'@turf/meta,7.3.5,87,A,,8,7445848,v0.2.0
'@sentry/conventions,0.17.0,27,F,UNVERIFIED_PUBLISH_PATH|SINGLE_MAINTAINER,1,7422242,v0.2.0
vue-router,5.2.0,88,A,,2,7418519,v0.2.0
flatbuffers,25.9.23,52,C,UNVERIFIED_PUBLISH_PATH,2,7405211,v0.2.0
expo-constants,57.0.6,45,D,UNVERIFIED_PUBLISH_PATH,16,7360574,v0.2.0
idb-keyval,6.3.0,25,F,UNVERIFIED_PUBLISH_PATH|SINGLE_MAINTAINER,1,7330138,v0.2.0
'@expo/metro-config,57.0.6,45,D,UNVERIFIED_PUBLISH_PATH,11,7313039,v0.2.0
bullmq,5.80.9,73,B,SINGLE_MAINTAINER,1,7309281,v0.2.0
algoliasearch,5.56.0,77,B,INCONSISTENT_PUBLISH_PATH,19,7305472,v0.2.0
'@azure-rest/core-client,2.8.0,47,D,UNVERIFIED_PUBLISH_PATH,2,7304205,v0.2.0
react-syntax-highlighter,16.1.1,39,D,UNVERIFIED_PUBLISH_PATH,3,7295036,v0.2.0
react-aria,3.50.0,39,D,UNVERIFIED_PUBLISH_PATH,2,7293378,v0.2.0
react-native-safe-area-context,5.8.0,39,D,UNVERIFIED_PUBLISH_PATH,2,7246352,v0.2.0
tiny-emitter,2.1.0,19,F,UNVERIFIED_PUBLISH_PATH|DORMANT|SINGLE_MAINTAINER,1,7237079,v0.2.0
'@types/lodash-es,4.17.12,27,F,UNVERIFIED_PUBLISH_PATH|DORMANT|SINGLE_MAINTAINER,1,7225860,v0.2.0
babel-preset-expo,57.0.3,45,D,UNVERIFIED_PUBLISH_PATH,11,7200220,v0.2.0
'@algolia/client-analytics,5.56.0,77,B,INCONSISTENT_PUBLISH_PATH,12,7172076,v0.2.0
react-stately,3.48.0,39,D,UNVERIFIED_PUBLISH_PATH,2,7171073,v0.2.0
hls.js,1.6.16,93,A,,4,7156400,v0.2.0
'@mui/icons-material,9.2.0,88,A,BRANCH_REQUIRES_PR,10,7155137,v0.2.0
expo-modules-autolinking,57.0.8,45,D,UNVERIFIED_PUBLISH_PATH,11,7143372,v0.2.0
file-saver,2.0.5,33,F,UNVERIFIED_PUBLISH_PATH|DORMANT,2,7128155,v0.2.0
'@vue/devtools-kit,8.1.5,68,C,SINGLE_MAINTAINER,1,7116254,v0.2.0
'@vue/devtools-shared,8.1.5,68,C,SINGLE_MAINTAINER,1,7043217,v0.2.0
emojilib,4.0.3,39,D,UNVERIFIED_PUBLISH_PATH,2,7024846,v0.2.0
tiny-case,1.0.3,19,F,UNVERIFIED_PUBLISH_PATH|DORMANT|SINGLE_MAINTAINER,1,7009200,v0.2.0
qrcode.react,4.2.0,19,F,UNVERIFIED_PUBLISH_PATH|DORMANT|SINGLE_MAINTAINER,1,6997345,v0.2.0
expo-modules-core,57.0.6,45,D,UNVERIFIED_PUBLISH_PATH,11,6989401,v0.2.0
'@algolia/client-personalization,5.56.0,77,B,INCONSISTENT_PUBLISH_PATH,19,6987864,v0.2.0
expo,57.0.7,45,D,UNVERIFIED_PUBLISH_PATH,11,6977038,v0.2.0
'@types/mocha,10.0.10,27,F,UNVERIFIED_PUBLISH_PATH|DORMANT|SINGLE_MAINTAINER,1,6965890,v0.2.0
global,4.4.0,33,F,UNVERIFIED_PUBLISH_PATH|DORMANT,3,6963777,v0.2.0
babel-core,6.26.3,34,F,UNVERIFIED_PUBLISH_PATH|DORMANT,3,6901919,v0.2.0
'@sentry-internal/tracing,7.114.0,21,F,UNVERIFIED_PUBLISH_PATH|DORMANT|SINGLE_MAINTAINER,1,6890823,v0.2.0
lib0,0.2.117,31,F,UNVERIFIED_PUBLISH_PATH|SINGLE_MAINTAINER,1,6888572,v0.2.0
skin-tone,4.0.0,19,F,UNVERIFIED_PUBLISH_PATH|DORMANT|SINGLE_MAINTAINER,1,6851152,v0.2.0
unicode-emoji-modifier-base,1.0.0,19,F,UNVERIFIED_PUBLISH_PATH|DORMANT|SINGLE_MAINTAINER,1,6836321,v0.2.0
'@sentry/server-utils,10.66.0,27,F,UNVERIFIED_PUBLISH_PATH|SINGLE_MAINTAINER,1,6831066,v0.2.0
'@expo/fingerprint,0.20.5,45,D,UNVERIFIED_PUBLISH_PATH,11,6785631,v0.2.0
expo-asset,57.0.6,45,D,UNVERIFIED_PUBLISH_PATH,16,6782004,v0.2.0
'@algolia/recommend,5.56.0,77,B,INCONSISTENT_PUBLISH_PATH,9,6771186,v0.2.0
'@datadog/browser-core,7.5.0,32,F,UNVERIFIED_PUBLISH_PATH|SINGLE_MAINTAINER|BRANCH_REQUIRES_SIGNATURES,1,6730348,v0.2.0
lit,3.3.3,100,A,,8,6722520,v0.2.0
'@codemirror/lang-javascript,6.2.5,25,F,UNVERIFIED_PUBLISH_PATH|SINGLE_MAINTAINER,1,6715937,v0.2.0
lunr,2.3.9,19,F,UNVERIFIED_PUBLISH_PATH|DORMANT|SINGLE_MAINTAINER,1,6710870,v0.2.0
yjs,13.6.31,31,F,UNVERIFIED_PUBLISH_PATH|SINGLE_MAINTAINER,1,6694472,v0.2.0
react-draggable,4.7.0,39,D,UNVERIFIED_PUBLISH_PATH,2,6686792,v0.2.0
lottie-web,5.13.0,39,D,UNVERIFIED_PUBLISH_PATH,4,6683372,v0.2.0
esm-env,1.2.2,46,D,DORMANT|SINGLE_MAINTAINER,1,6674377,v0.2.0
'@apollo/client,4.2.7,94,A,,4,6673355,v0.2.0
tarn,3.1.2,39,D,UNVERIFIED_PUBLISH_PATH,4,6649692,v0.2.0
lit-html,3.3.3,100,A,,13,6640890,v0.2.0
ky,2.0.2,25,F,UNVERIFIED_PUBLISH_PATH|SINGLE_MAINTAINER,1,6634617,v0.2.0
grapheme-splitter,1.0.4,19,F,UNVERIFIED_PUBLISH_PATH|DORMANT|SINGLE_MAINTAINER,1,6634560,v0.2.0
'@juggle/resize-observer,3.4.0,19,F,UNVERIFIED_PUBLISH_PATH|DORMANT|SINGLE_MAINTAINER,1,6622978,v0.2.0
'@lezer/javascript,1.5.4,25,F,UNVERIFIED_PUBLISH_PATH|SINGLE_MAINTAINER,1,6596601,v0.2.0
pdf-parse,2.4.5,57,C,SINGLE_MAINTAINER|BRANCH_REQUIRES_PR,1,6491021,v0.2.0
'@opentelemetry/sdk-trace-web,2.9.0,94,A,,6,6456528,v0.2.0
lit-element,4.2.2,90,A,,13,6389501,v0.2.0
'@schematics/angular,22.0.7,45,D,UNVERIFIED_PUBLISH_PATH,2,6386365,v0.2.0
react-native-screens,4.26.2,72,B,INCONSISTENT_PUBLISH_PATH,2,6382630,v0.2.0
fontfaceobserver,2.3.0,19,F,UNVERIFIED_PUBLISH_PATH|DORMANT|SINGLE_MAINTAINER,1,6376602,v0.2.0
turndown,7.2.4,45,D,UNVERIFIED_PUBLISH_PATH,2,6373153,v0.2.0
stacktrace-js,2.0.2,33,F,UNVERIFIED_PUBLISH_PATH|DORMANT,4,6372782,v0.2.0
'@sentry/browser-utils,10.66.0,27,F,UNVERIFIED_PUBLISH_PATH|SINGLE_MAINTAINER,1,6269902,v0.2.0
'@sentry/feedback,10.66.0,27,F,UNVERIFIED_PUBLISH_PATH|SINGLE_MAINTAINER,1,6261992,v0.2.0
'@sentry/replay-canvas,10.66.0,27,F,UNVERIFIED_PUBLISH_PATH|SINGLE_MAINTAINER,1,6261408,v0.2.0
bootstrap,5.3.8,52,C,UNVERIFIED_PUBLISH_PATH,3,6245433,v0.2.0
abitype,1.3.0,82,B,,2,6231341,v0.2.0
mongoose,9.7.4,83,B,INCONSISTENT_PUBLISH_PATH,3,6218851,v0.2.0
'@firebase/ai,2.13.1,46,D,UNVERIFIED_PUBLISH_PATH,4,6205660,v0.2.0
'@lit/reactive-element,2.1.2,90,A,,8,6202733,v0.2.0
mammoth,1.12.0,25,F,UNVERIFIED_PUBLISH_PATH|SINGLE_MAINTAINER,1,6165858,v0.2.0
urijs,1.19.11,25,F,UNVERIFIED_PUBLISH_PATH|DORMANT|SINGLE_MAINTAINER,1,6133607,v0.2.0
'@preact/signals-core,1.14.4,89,A,,6,6124102,v0.2.0
rc-util,5.44.4,39,D,UNVERIFIED_PUBLISH_PATH,9,6084481,v0.2.0
tippy.js,6.3.7,19,F,UNVERIFIED_PUBLISH_PATH|DORMANT|SINGLE_MAINTAINER,1,6043284,v0.2.0
zone.js,0.16.2,45,D,UNVERIFIED_PUBLISH_PATH,2,5996418,v0.2.0
'@dimforge/rapier3d-compat,0.19.3,25,F,UNVERIFIED_PUBLISH_PATH|SINGLE_MAINTAINER,1,5987917,v0.2.0
'@monaco-editor/loader,1.7.0,25,F,UNVERIFIED_PUBLISH_PATH|SINGLE_MAINTAINER,1,5978443,v0.2.0
'@react-navigation/native,7.3.11,39,D,UNVERIFIED_PUBLISH_PATH,6,5973976,v0.2.0
platform,1.3.6,28,F,UNVERIFIED_PUBLISH_PATH|DORMANT|PUBLISHER_NOT_MAINTAINER,3,5972704,v0.2.0
fast-text-encoding,1.0.6,19,F,UNVERIFIED_PUBLISH_PATH|DORMANT|SINGLE_MAINTAINER,1,5963303,v0.2.0
'@expo/metro,55.1.1,39,D,UNVERIFIED_PUBLISH_PATH,11,5947681,v0.2.0
'@angular/core,22.0.7,45,D,UNVERIFIED_PUBLISH_PATH,2,5933678,v0.2.0
rsvp,4.8.5,33,F,UNVERIFIED_PUBLISH_PATH|DORMANT,6,5916412,v0.2.0
'@algolia/client-abtesting,5.56.0,87,A,,22,5892478,v0.2.0
'@react-spring/shared,10.1.2,68,C,SINGLE_MAINTAINER,1,5885426,v0.2.0
'@algolia/client-insights,5.56.0,87,A,,7,5882451,v0.2.0
leaflet,1.9.4,39,D,UNVERIFIED_PUBLISH_PATH|DORMANT,6,5861653,v0.2.0
javascript-natural-sort,0.7.1,28,F,UNVERIFIED_PUBLISH_PATH|DORMANT,2,5847671,v0.2.0
react-native-reanimated,4.5.2,79,B,INCONSISTENT_PUBLISH_PATH,3,5822900,v0.2.0
i18next-browser-languagedetector,8.2.1,39,D,UNVERIFIED_PUBLISH_PATH,2,5815438,v0.2.0
langsmith,0.8.3,77,B,INCONSISTENT_PUBLISH_PATH,5,5796159,v0.2.0
docx,9.7.1,69,C,INCONSISTENT_PUBLISH_PATH|SINGLE_MAINTAINER,1,5790928,v0.2.0
'@expo/devtools,57.0.1,45,D,UNVERIFIED_PUBLISH_PATH,11,5781086,v0.2.0
'@algolia/ingestion,1.56.0,87,A,,17,5780395,v0.2.0
'@algolia/monitoring,1.56.0,87,A,,17,5779957,v0.2.0
'@algolia/client-query-suggestions,5.56.0,87,A,,17,5779526,v0.2.0
'@datadog/browser-rum-core,7.5.0,32,F,UNVERIFIED_PUBLISH_PATH|SINGLE_MAINTAINER|BRANCH_REQUIRES_SIGNATURES,1,5765160,v0.2.0
web-tree-sitter,0.26.11,87,A,,8,5745792,v0.2.0
'@mistralai/mistralai,2.5.0,63,C,INCONSISTENT_PUBLISH_PATH|SINGLE_MAINTAINER,1,5743578,v0.2.0
react-native-gesture-handler,3.1.0,82,B,,2,5730922,v0.2.0
onnxruntime-common,1.27.0,47,D,UNVERIFIED_PUBLISH_PATH,6,5697618,v0.2.0
js-md5,0.9.2,73,B,SINGLE_MAINTAINER,1,5684253,v0.2.0
'@egjs/hammerjs,2.0.17,33,F,UNVERIFIED_PUBLISH_PATH|DORMANT,12,5683464,v0.2.0
'@expo/vector-icons,15.1.1,87,A,,11,5677048,v0.2.0
'@angular/compiler,22.0.7,45,D,UNVERIFIED_PUBLISH_PATH,2,5664370,v0.2.0
'@datadog/browser-rum,7.5.0,32,F,UNVERIFIED_PUBLISH_PATH|SINGLE_MAINTAINER,1,5656090,v0.2.0
'@react-navigation/elements,2.9.33,39,D,UNVERIFIED_PUBLISH_PATH,6,5646084,v0.2.0
react-native-svg,15.15.5,72,B,INCONSISTENT_PUBLISH_PATH,2,5635175,v0.2.0
react-popper,2.3.0,28,F,UNVERIFIED_PUBLISH_PATH|DORMANT,2,5626223,v0.2.0
'@use-gesture/core,10.3.1,14,F,UNVERIFIED_PUBLISH_PATH|DORMANT|SINGLE_MAINTAINER,1,5623903,v0.2.0
'@use-gesture/react,10.3.1,14,F,UNVERIFIED_PUBLISH_PATH|DORMANT|SINGLE_MAINTAINER,1,5603311,v0.2.0
'@angular/common,22.0.7,45,D,UNVERIFIED_PUBLISH_PATH,2,5602953,v0.2.0
safe-json-stringify,1.2.0,33,F,UNVERIFIED_PUBLISH_PATH|DORMANT,8,5569341,v0.2.0
'@azure/storage-common,12.4.1,47,D,UNVERIFIED_PUBLISH_PATH,3,5513389,v0.2.0
sass-embedded,1.100.0,73,B,SINGLE_MAINTAINER,1,5510282,v0.2.0
'@lezer/css,1.3.4,21,F,UNVERIFIED_PUBLISH_PATH|SINGLE_MAINTAINER,1,5502936,v0.2.0
react-pdf,10.4.1,73,B,SINGLE_MAINTAINER,1,5483877,v0.2.0
popper.js,1.16.1,14,F,UNVERIFIED_PUBLISH_PATH|DORMANT|SINGLE_MAINTAINER|DEPRECATED,1,5476033,v0.2.0
twilio,6.0.2,87,A,,4,5463578,v0.2.0
'@sentry/integrations,7.114.0,21,F,UNVERIFIED_PUBLISH_PATH|DORMANT|SINGLE_MAINTAINER,1,5454969,v0.2.0
eta,4.6.0,87,A,,2,5448566,v0.2.0
'@codemirror/lang-css,6.3.1,19,F,UNVERIFIED_PUBLISH_PATH|DORMANT|SINGLE_MAINTAINER,1,5384529,v0.2.0
'@lezer/html,1.3.13,25,F,UNVERIFIED_PUBLISH_PATH|SINGLE_MAINTAINER,1,5342735,v0.2.0
xss,1.0.15,25,F,UNVERIFIED_PUBLISH_PATH|DORMANT|SINGLE_MAINTAINER,1,5339467,v0.2.0
typebox,1.3.6,68,C,SINGLE_MAINTAINER,1,5325372,v0.2.0
'@codemirror/lang-html,6.4.11,25,F,UNVERIFIED_PUBLISH_PATH|SINGLE_MAINTAINER,1,5296417,v0.2.0
'@types/jsesc,3.0.3,27,F,UNVERIFIED_PUBLISH_PATH|DORMANT|SINGLE_MAINTAINER,1,5289472,v0.2.0
jotai,2.20.2,82,B,,2,5281228,v0.2.0
dnd-core,16.0.1,40,D,UNVERIFIED_PUBLISH_PATH|DORMANT,5,5281028,v0.2.0
'@angular/platform-browser,22.0.7,45,D,UNVERIFIED_PUBLISH_PATH,2,5271271,v0.2.0
pdfkit,0.19.1,39,D,UNVERIFIED_PUBLISH_PATH,4,5213976,v0.2.0
svelte,5.56.6,82,B,,3,5209570,v0.2.0
next-auth,4.24.14,41,D,UNVERIFIED_PUBLISH_PATH,3,5173066,v0.2.0
'@emotion/stylis,0.8.5,29,F,UNVERIFIED_PUBLISH_PATH|DORMANT|PUBLISHER_NOT_MAINTAINER,2,5162958,v0.2.0
focus-trap,8.2.2,93,A,,2,5161007,v0.2.0
react-dnd,16.0.1,40,D,UNVERIFIED_PUBLISH_PATH|DORMANT,5,5127225,v0.2.0
'@redis/graph,1.1.1,34,F,UNVERIFIED_PUBLISH_PATH|DORMANT|PUBLISHER_NOT_MAINTAINER,2,5119510,v0.2.0
'@googlemaps/js-api-loader,2.1.1,52,C,UNVERIFIED_PUBLISH_PATH,6,5119373,v0.2.0
'@langchain/core,1.2.3,82,B,,2,5082122,v0.2.0
'@angular/forms,22.0.7,45,D,UNVERIFIED_PUBLISH_PATH,2,5080833,v0.2.0
'@storybook/core,8.6.14,52,C,UNVERIFIED_PUBLISH_PATH,12,5069720,v0.2.0
'@mui/x-date-pickers,9.10.0,95,A,,16,5061167,v0.2.0
rbush,4.0.1,19,F,UNVERIFIED_PUBLISH_PATH|DORMANT|SINGLE_MAINTAINER,1,5050593,v0.2.0
promise-polyfill,8.3.0,25,F,UNVERIFIED_PUBLISH_PATH|DORMANT|SINGLE_MAINTAINER,1,5047414,v0.2.0
'@angular/compiler-cli,22.0.7,45,D,UNVERIFIED_PUBLISH_PATH,2,5046480,v0.2.0
viem,2.55.4,89,A,,2,5034122,v0.2.0
screenfull,6.0.2,19,F,UNVERIFIED_PUBLISH_PATH|DORMANT|SINGLE_MAINTAINER,1,5033460,v0.2.0
esbuild-wasm,0.28.1,73,B,SINGLE_MAINTAINER,1,5031010,v0.2.0
html-to-image,1.11.13,25,F,UNVERIFIED_PUBLISH_PATH|SINGLE_MAINTAINER,1,5009089,v0.2.0
'@angular/router,22.0.7,45,D,UNVERIFIED_PUBLISH_PATH,2,4992991,v0.2.0
xstate,5.32.5,82,B,,3,4953244,v0.2.0
react-native-worklets,0.11.1,79,B,INCONSISTENT_PUBLISH_PATH,2,4908408,v0.2.0
typeorm,1.1.0,78,B,INCONSISTENT_PUBLISH_PATH,2,4897900,v0.2.0
'@expo/metro-runtime,57.0.6,45,D,UNVERIFIED_PUBLISH_PATH,11,4897298,v0.2.0
'@lukeed/uuid,2.0.1,19,F,UNVERIFIED_PUBLISH_PATH|DORMANT|SINGLE_MAINTAINER,1,4887654,v0.2.0
topojson-client,3.1.0,19,F,UNVERIFIED_PUBLISH_PATH|DORMANT|SINGLE_MAINTAINER,1,4872934,v0.2.0
react-quill,2.0.0,28,F,UNVERIFIED_PUBLISH_PATH|DORMANT,2,4868358,v0.2.0
'@clerk/shared,4.25.5,82,B,,6,4845349,v0.2.0
'@react-navigation/native-stack,7.18.3,39,D,UNVERIFIED_PUBLISH_PATH,6,4835525,v0.2.0
'@ant-design/colors,8.0.1,39,D,UNVERIFIED_PUBLISH_PATH,5,4831110,v0.2.0
js-sha3,0.12.0,25,F,UNVERIFIED_PUBLISH_PATH|SINGLE_MAINTAINER,1,4830377,v0.2.0
'@emotion/css,11.13.5,34,F,UNVERIFIED_PUBLISH_PATH|DORMANT|PUBLISHER_NOT_MAINTAINER,2,4824980,v0.2.0
'@react-navigation/bottom-tabs,7.18.11,39,D,UNVERIFIED_PUBLISH_PATH,6,4804723,v0.2.0
'@vercel/analytics,2.0.1,34,F,UNVERIFIED_PUBLISH_PATH,4,4765677,v0.2.0
react-datepicker,9.1.0,45,D,UNVERIFIED_PUBLISH_PATH,2,4757212,v0.2.0
string-convert,0.2.1,19,F,UNVERIFIED_PUBLISH_PATH|DORMANT|SINGLE_MAINTAINER,1,4684366,v0.2.0
json2mq,0.2.0,19,F,UNVERIFIED_PUBLISH_PATH|DORMANT|SINGLE_MAINTAINER,1,4682887,v0.2.0
js-sha256,0.12.0,73,B,SINGLE_MAINTAINER,1,4652217,v0.2.0
'@radix-ui/react-icons,1.3.2,29,F,UNVERIFIED_PUBLISH_PATH|DORMANT,4,4651202,v0.2.0
'@adraffy/ens-normalize,1.11.1,25,F,UNVERIFIED_PUBLISH_PATH|SINGLE_MAINTAINER,1,4615164,v0.2.0
'@prisma/client-runtime-utils,7.8.0,89,A,,4,4561939,v0.2.0
is-function,1.0.2,19,F,UNVERIFIED_PUBLISH_PATH|DORMANT|SINGLE_MAINTAINER,1,4559763,v0.2.0
encoding-japanese,2.2.0,14,F,UNVERIFIED_PUBLISH_PATH|DORMANT|SINGLE_MAINTAINER,1,4528260,v0.2.0
'@ant-design/icons,6.3.2,39,D,UNVERIFIED_PUBLISH_PATH,5,4524054,v0.2.0
omggif,1.0.10,19,F,UNVERIFIED_PUBLISH_PATH|DORMANT|SINGLE_MAINTAINER,1,4507656,v0.2.0
'@react-three/fiber,9.6.1,39,D,UNVERIFIED_PUBLISH_PATH,23,4447542,v0.2.0
typedoc,0.28.20,82,B,,5,4439570,v0.2.0
hyphen,1.14.1,25,F,UNVERIFIED_PUBLISH_PATH|SINGLE_MAINTAINER,1,4421546,v0.2.0
'@types/crypto-js,4.2.2,27,F,UNVERIFIED_PUBLISH_PATH|DORMANT|SINGLE_MAINTAINER,1,4398806,v0.2.0
apache-arrow,21.1.0,39,D,UNVERIFIED_PUBLISH_PATH,9,4388200,v0.2.0
markdown-to-jsx,9.9.0,63,C,INCONSISTENT_PUBLISH_PATH|SINGLE_MAINTAINER,1,4379325,v0.2.0
expo-router,57.0.7,45,D,UNVERIFIED_PUBLISH_PATH,12,4366976,v0.2.0
pinia,4.0.2,74,B,SINGLE_MAINTAINER,1,4343210,v0.2.0
'@ctrl/tinycolor,4.2.0,52,C,SINGLE_MAINTAINER,1,4342567,v0.2.0
'@msgpack/msgpack,3.1.3,25,F,UNVERIFIED_PUBLISH_PATH|SINGLE_MAINTAINER,1,4332153,v0.2.0
'@aws-sdk/client-cloudwatch-logs,3.1090.0,41,D,UNVERIFIED_PUBLISH_PATH,2,4326010,v0.2.0
'@angular/animations,22.0.7,45,D,UNVERIFIED_PUBLISH_PATH|DEPRECATED,2,4290777,v0.2.0
echarts,6.1.0,39,D,UNVERIFIED_PUBLISH_PATH,9,4285742,v0.2.0
'@zip.js/zip.js,2.8.31,87,A,,2,4285558,v0.2.0
fp-ts,2.16.11,25,F,UNVERIFIED_PUBLISH_PATH|SINGLE_MAINTAINER,1,4241635,v0.2.0
'@jimp/core,1.6.1,39,D,UNVERIFIED_PUBLISH_PATH,2,4240723,v0.2.0
astro,7.1.1,88,A,,2,4222654,v0.2.0
'@rc-component/portal,2.2.1,39,D,UNVERIFIED_PUBLISH_PATH,5,4211758,v0.2.0
swiper,14.0.5,25,F,UNVERIFIED_PUBLISH_PATH|SINGLE_MAINTAINER,1,4205001,v0.2.0
'@jimp/types,1.6.1,39,D,UNVERIFIED_PUBLISH_PATH,2,4199760,v0.2.0
aws-cdk-lib,2.261.0,27,F,UNVERIFIED_PUBLISH_PATH|SINGLE_MAINTAINER,1,4186144,v0.2.0
'@lexical/utils,0.48.0,79,B,INCONSISTENT_PUBLISH_PATH,6,4185884,v0.2.0
lexical,0.48.0,79,B,INCONSISTENT_PUBLISH_PATH,6,4159944,v0.2.0
sortablejs,1.15.7,39,D,UNVERIFIED_PUBLISH_PATH,2,4142323,v0.2.0
'@lexical/selection,0.48.0,79,B,INCONSISTENT_PUBLISH_PATH,6,4123528,v0.2.0
zrender,6.1.0,39,D,UNVERIFIED_PUBLISH_PATH,20,4117226,v0.2.0
tedious,20.0.0,81,B,,8,4103826,v0.2.0
'@lexical/list,0.48.0,79,B,INCONSISTENT_PUBLISH_PATH,6,4100653,v0.2.0
'@mui/base,5.0.0-beta.70,40,D,UNVERIFIED_PUBLISH_PATH|DEPRECATED,10,4100343,v0.2.0
'@lexical/html,0.48.0,79,B,INCONSISTENT_PUBLISH_PATH,6,4089194,v0.2.0
react-resizable,4.0.2,25,F,UNVERIFIED_PUBLISH_PATH|SINGLE_MAINTAINER,1,4089152,v0.2.0
'@upstash/redis,1.38.0,77,B,INCONSISTENT_PUBLISH_PATH,8,4088791,v0.2.0
'@lexical/clipboard,0.48.0,79,B,INCONSISTENT_PUBLISH_PATH,6,4077718,v0.2.0
'@shikijs/transformers,4.3.1,82,B,,3,4065225,v0.2.0
'@lexical/table,0.48.0,79,B,INCONSISTENT_PUBLISH_PATH,6,4055451,v0.2.0
'@lexical/rich-text,0.48.0,79,B,INCONSISTENT_PUBLISH_PATH,6,4053458,v0.2.0
gsap,3.15.0,26,F,UNVERIFIED_PUBLISH_PATH|SINGLE_MAINTAINER,1,4042700,v0.2.0
'@lexical/link,0.48.0,79,B,INCONSISTENT_PUBLISH_PATH,6,4036361,v0.2.0
aes-js,3.1.2,19,F,UNVERIFIED_PUBLISH_PATH|DORMANT|SINGLE_MAINTAINER,1,4035550,v0.2.0
'@amplitude/analytics-core,2.53.1,89,A,,6,4035429,v0.2.0
requirejs,2.3.8,31,F,UNVERIFIED_PUBLISH_PATH|SINGLE_MAINTAINER,1,4016827,v0.2.0
'@angular/cdk,22.0.5,45,D,UNVERIFIED_PUBLISH_PATH,2,4012416,v0.2.0
'@lexical/history,0.48.0,79,B,INCONSISTENT_PUBLISH_PATH,6,3994252,v0.2.0
react-toastify,11.1.0,20,F,UNVERIFIED_PUBLISH_PATH|SINGLE_MAINTAINER|BRANCH_REQUIRES_SIGNATURES,1,3965336,v0.2.0
react-chartjs-2,5.3.1,34,F,UNVERIFIED_PUBLISH_PATH,4,3961100,v0.2.0
'@lexical/markdown,0.48.0,79,B,INCONSISTENT_PUBLISH_PATH,6,3960485,v0.2.0
'@heroicons/react,2.2.0,75,B,DORMANT,3,3957167,v0.2.0
linkedom,0.18.13,25,F,UNVERIFIED_PUBLISH_PATH|SINGLE_MAINTAINER,1,3936788,v0.2.0
'@rc-component/trigger,3.10.1,39,D,UNVERIFIED_PUBLISH_PATH,5,3931118,v0.2.0
'@wdio/types,9.29.1,94,A,,3,3927573,v0.2.0
'@lexical/mark,0.48.0,79,B,INCONSISTENT_PUBLISH_PATH,6,3915338,v0.2.0
'@scalar/openapi-types,0.9.3,89,A,,8,3912952,v0.2.0
maath,0.10.8,10,F,UNVERIFIED_PUBLISH_PATH|DORMANT|SINGLE_MAINTAINER,1,3912486,v0.2.0
'@mediapipe/tasks-vision,0.10.35,30,F,UNVERIFIED_PUBLISH_PATH,8,3894270,v0.2.0
intersection-observer,0.12.2,19,F,UNVERIFIED_PUBLISH_PATH|DORMANT|SINGLE_MAINTAINER|DEPRECATED,1,3836824,v0.2.0
uhyphen,0.2.0,19,F,UNVERIFIED_PUBLISH_PATH|DORMANT|SINGLE_MAINTAINER,1,3833685,v0.2.0
'@lezer/markdown,1.7.2,21,F,UNVERIFIED_PUBLISH_PATH|SINGLE_MAINTAINER,1,3829964,v0.2.0
'@google/generative-ai,0.24.1,39,D,UNVERIFIED_PUBLISH_PATH,3,3828561,v0.2.0
'@auth/core,0.34.3,51,C,UNVERIFIED_PUBLISH_PATH|PUBLISHER_NOT_MAINTAINER,2,3819981,v0.2.0
jsonpath,1.3.0,25,F,UNVERIFIED_PUBLISH_PATH|SINGLE_MAINTAINER,1,3813352,v0.2.0
ethers,6.17.0,31,F,UNVERIFIED_PUBLISH_PATH|SINGLE_MAINTAINER,1,3805703,v0.2.0
remark-breaks,4.0.0,33,F,UNVERIFIED_PUBLISH_PATH|DORMANT,3,3788751,v0.2.0
'@aws-sdk/client-iam,3.1090.0,41,D,UNVERIFIED_PUBLISH_PATH,2,3752519,v0.2.0
mapbox-gl,3.26.0,46,D,UNVERIFIED_PUBLISH_PATH|BRANCH_REQUIRES_PR,28,3749706,v0.2.0
'@codemirror/lang-markdown,6.5.1,21,F,UNVERIFIED_PUBLISH_PATH|SINGLE_MAINTAINER,1,3749260,v0.2.0
focus-lock,1.3.6,19,F,UNVERIFIED_PUBLISH_PATH|DORMANT|SINGLE_MAINTAINER,1,3731921,v0.2.0
react-use,17.6.1,31,F,UNVERIFIED_PUBLISH_PATH|SINGLE_MAINTAINER,1,3730695,v0.2.0
lighthouse,13.4.0,46,D,UNVERIFIED_PUBLISH_PATH,3,3718803,v0.2.0
sql-formatter,15.8.2,34,F,UNVERIFIED_PUBLISH_PATH,2,3707104,v0.2.0
pptxgenjs,4.0.1,25,F,UNVERIFIED_PUBLISH_PATH|SINGLE_MAINTAINER,1,3689143,v0.2.0
antd,6.5.1,45,D,UNVERIFIED_PUBLISH_PATH,7,3680473,v0.2.0
three-mesh-bvh,0.9.13,25,F,UNVERIFIED_PUBLISH_PATH|SINGLE_MAINTAINER,1,3658996,v0.2.0
'@walletconnect/sign-client,2.23.10,81,B,,2,3628005,v0.2.0
'@segment/analytics-generic-utils,1.2.0,40,D,UNVERIFIED_PUBLISH_PATH|DORMANT,3,3613502,v0.2.0
mdast-util-newline-to-break,2.0.0,33,F,UNVERIFIED_PUBLISH_PATH|DORMANT,2,3612552,v0.2.0
webrtc-adapter,9.0.6,39,D,UNVERIFIED_PUBLISH_PATH,4,3611368,v0.2.0
mobx,6.16.1,93,A,,6,3595516,v0.2.0
'@clerk/backend,3.11.7,82,B,,6,3567209,v0.2.0
'@codemirror/lang-sql,6.10.0,25,F,UNVERIFIED_PUBLISH_PATH|SINGLE_MAINTAINER,1,3534959,v0.2.0
media-chrome,4.19.2,94,A,,4,3525234,v0.2.0
jspdf-autotable,5.0.8,79,B,SINGLE_MAINTAINER,1,3521406,v0.2.0
stats.js,0.17.0,19,F,UNVERIFIED_PUBLISH_PATH|DORMANT|SINGLE_MAINTAINER,1,3516438,v0.2.0
'@formatjs/intl,4.1.17,82,B,BRANCH_REQUIRES_PR,3,3506593,v0.2.0
xregexp,5.1.2,39,D,UNVERIFIED_PUBLISH_PATH,2,3505102,v0.2.0
'@ant-design/icons-svg,4.5.0,39,D,UNVERIFIED_PUBLISH_PATH,5,3501243,v0.2.0
'@turf/bbox,7.3.5,87,A,,8,3497571,v0.2.0
'@scalar/helpers,0.9.2,89,A,,8,3495398,v0.2.0
nunjucks,3.2.4,33,F,UNVERIFIED_PUBLISH_PATH|DORMANT,5,3493351,v0.2.0
hey-listen,1.0.8,14,F,UNVERIFIED_PUBLISH_PATH|DORMANT|SINGLE_MAINTAINER,1,3480385,v0.2.0
maplibre-gl,5.24.0,93,A,,4,3471674,v0.2.0
'@ant-design/fast-color,3.0.1,39,D,UNVERIFIED_PUBLISH_PATH,5,3470889,v0.2.0
react-focus-lock,2.13.7,25,F,UNVERIFIED_PUBLISH_PATH|SINGLE_MAINTAINER,1,3465937,v0.2.0
'@dagrejs/dagre,3.0.0,39,D,UNVERIFIED_PUBLISH_PATH,3,3461152,v0.2.0
mobx-react-lite,4.1.1,45,D,UNVERIFIED_PUBLISH_PATH,2,3441329,v0.2.0
rc-motion,2.9.5,33,F,UNVERIFIED_PUBLISH_PATH|DORMANT,4,3439304,v0.2.0
three-stdlib,2.36.1,34,F,UNVERIFIED_PUBLISH_PATH,3,3438108,v0.2.0
'@aws-sdk/client-ses,3.1090.0,41,D,UNVERIFIED_PUBLISH_PATH,2,3426485,v0.2.0
rc-resize-observer,1.4.3,33,F,UNVERIFIED_PUBLISH_PATH|DORMANT,2,3406023,v0.2.0
'@lexical/code,0.48.0,79,B,INCONSISTENT_PUBLISH_PATH,6,3405580,v0.2.0
'@react-three/drei,10.7.7,39,D,UNVERIFIED_PUBLISH_PATH,7,3383199,v0.2.0
framesync,6.1.2,14,F,UNVERIFIED_PUBLISH_PATH|DORMANT|SINGLE_MAINTAINER,1,3379004,v0.2.0
react-aria-components,1.19.0,39,D,UNVERIFIED_PUBLISH_PATH,2,3378646,v0.2.0
'@expo/dom-webview,57.0.1,45,D,UNVERIFIED_PUBLISH_PATH,11,3375183,v0.2.0
vue-i18n,11.4.6,74,B,SINGLE_MAINTAINER,1,3365516,v0.2.0
loglevel-plugin-prefix,0.8.4,19,F,UNVERIFIED_PUBLISH_PATH|DORMANT|SINGLE_MAINTAINER,1,3363449,v0.2.0
detect-gpu,5.0.70,20,F,UNVERIFIED_PUBLISH_PATH|SINGLE_MAINTAINER|PUBLISHER_NOT_MAINTAINER,1,3362869,v0.2.0
'@capacitor/core,8.4.2,81,B,,18,3356304,v0.2.0
nprogress,0.2.0,19,F,UNVERIFIED_PUBLISH_PATH|DORMANT|SINGLE_MAINTAINER,1,3350592,v0.2.0
rc-slider,11.1.9,39,D,UNVERIFIED_PUBLISH_PATH,9,3345125,v0.2.0
react-intl,10.1.18,72,B,INCONSISTENT_PUBLISH_PATH|BRANCH_REQUIRES_PR,3,3342952,v0.2.0
'@ant-design/react-slick,2.0.0,39,D,UNVERIFIED_PUBLISH_PATH,5,3341506,v0.2.0
react-native-webview,14.0.1,94,A,,4,3339454,v0.2.0
'@aws-sdk/client-cognito-identity-provider,3.1090.0,41,D,UNVERIFIED_PUBLISH_PATH,2,3336977,v0.2.0
expo-notifications,57.0.6,45,D,UNVERIFIED_PUBLISH_PATH,12,3329023,v0.2.0
'@restart/hooks,0.6.2,33,F,UNVERIFIED_PUBLISH_PATH|DORMANT,3,3327113,v0.2.0
'@amplitude/analytics-types,2.11.1,89,A,,6,3322697,v0.2.0
'@xterm/xterm,6.0.0,25,F,UNVERIFIED_PUBLISH_PATH|SINGLE_MAINTAINER,1,3309132,v0.2.0
stats-gl,4.2.3,25,F,UNVERIFIED_PUBLISH_PATH|SINGLE_MAINTAINER,1,3305220,v0.2.0
country-flag-icons,1.6.20,21,F,UNVERIFIED_PUBLISH_PATH|SINGLE_MAINTAINER,1,3296361,v0.2.0
ts-deepmerge,8.0.0,20,F,UNVERIFIED_PUBLISH_PATH|SINGLE_MAINTAINER,1,3288452,v0.2.0
cronstrue,3.24.0,63,C,INCONSISTENT_PUBLISH_PATH|SINGLE_MAINTAINER,1,3279504,v0.2.0
deep-diff,1.0.2,14,F,UNVERIFIED_PUBLISH_PATH|DORMANT|SINGLE_MAINTAINER|PUBLISHER_NOT_MAINTAINER|DEPRECATED,1,3268346,v0.2.0
sanitize.css,13.0.0,39,D,UNVERIFIED_PUBLISH_PATH|DORMANT,3,3252750,v0.2.0
react-grid-layout,2.2.3,25,F,UNVERIFIED_PUBLISH_PATH|SINGLE_MAINTAINER,1,3233082,v0.2.0
discord-api-types,0.38.50,94,A,,3,3217785,v0.2.0
mathjs,15.2.0,31,F,UNVERIFIED_PUBLISH_PATH|SINGLE_MAINTAINER,1,3207718,v0.2.0
react-leaflet,5.0.0,14,F,UNVERIFIED_PUBLISH_PATH|DORMANT|SINGLE_MAINTAINER,1,3201293,v0.2.0
'@ant-design/cssinjs,2.1.2,39,D,UNVERIFIED_PUBLISH_PATH,5,3190871,v0.2.0
'@codemirror/legacy-modes,6.5.3,21,F,UNVERIFIED_PUBLISH_PATH|SINGLE_MAINTAINER,1,3185096,v0.2.0
broadcast-channel,7.3.0,25,F,UNVERIFIED_PUBLISH_PATH|SINGLE_MAINTAINER,1,3171601,v0.2.0
rc-tooltip,6.4.0,33,F,UNVERIFIED_PUBLISH_PATH|DORMANT,8,3168702,v0.2.0
libsodium,0.8.4,25,F,UNVERIFIED_PUBLISH_PATH|SINGLE_MAINTAINER,1,3148685,v0.2.0
'@turf/clone,7.3.5,87,A,,8,3148397,v0.2.0
libsodium-wrappers,0.8.4,25,F,UNVERIFIED_PUBLISH_PATH|SINGLE_MAINTAINER,1,3124237,v0.2.0
solid-js,1.9.14,20,F,UNVERIFIED_PUBLISH_PATH|SINGLE_MAINTAINER,1,3120111,v0.2.0
'@turf/distance,7.3.5,87,A,,8,3115703,v0.2.0
'@mozilla/readability,0.6.0,45,D,UNVERIFIED_PUBLISH_PATH,3,3099517,v0.2.0
elkjs,0.12.0,77,B,INCONSISTENT_PUBLISH_PATH,5,3092382,v0.2.0
'@vercel/speed-insights,2.0.0,34,F,UNVERIFIED_PUBLISH_PATH,4,3084019,v0.2.0
'@simplewebauthn/browser,13.3.0,73,B,SINGLE_MAINTAINER,1,3074340,v0.2.0
onnxruntime-web,1.27.0,47,D,UNVERIFIED_PUBLISH_PATH|BRANCH_REQUIRES_PR,6,3068381,v0.2.0
'@fortawesome/fontawesome-svg-core,7.3.1,34,F,UNVERIFIED_PUBLISH_PATH,8,3050982,v0.2.0
'@supabase/node-fetch,2.6.13,14,F,UNVERIFIED_PUBLISH_PATH|DORMANT,0,3038325,v0.2.0
typed-function,4.2.2,25,F,UNVERIFIED_PUBLISH_PATH|SINGLE_MAINTAINER,1,3037980,v0.2.0
complex.js,2.4.3,25,F,UNVERIFIED_PUBLISH_PATH|SINGLE_MAINTAINER,1,3016435,v0.2.0
'@tabler/icons,3.45.0,20,F,UNVERIFIED_PUBLISH_PATH|SINGLE_MAINTAINER,1,3009364,v0.2.0
webdriver,9.29.1,94,A,,3,3008950,v0.2.0
'@turf/boolean-point-in-polygon,7.3.5,87,A,,8,3006001,v0.2.0
humanize-duration,3.34.0,25,F,UNVERIFIED_PUBLISH_PATH|SINGLE_MAINTAINER,1,3000374,v0.2.0
'@wdio/protocols,9.29.1,94,A,,3,2996365,v0.2.0
'@googlemaps/markerclusterer,2.6.2,52,C,UNVERIFIED_PUBLISH_PATH,6,2979737,v0.2.0
ag-charts-types,14.0.1,86,A,SINGLE_MAINTAINER,1,2968253,v0.2.0
ag-grid-community,36.0.1,93,A,BRANCH_REQUIRES_PR,4,2962399,v0.2.0
escape-latex,1.2.0,19,F,UNVERIFIED_PUBLISH_PATH|DORMANT|SINGLE_MAINTAINER,1,2961873,v0.2.0
'@mui/x-data-grid,9.10.0,85,A,INCONSISTENT_PUBLISH_PATH,16,2959517,v0.2.0
'@lit/react,1.0.8,84,B,,8,2958551,v0.2.0
launchdarkly-js-client-sdk,3.9.3,86,A,SINGLE_MAINTAINER,1,2945584,v0.2.0
store2,2.14.4,19,F,UNVERIFIED_PUBLISH_PATH|DORMANT|SINGLE_MAINTAINER,1,2942069,v0.2.0
rc-menu,9.16.1,39,D,UNVERIFIED_PUBLISH_PATH,10,2934513,v0.2.0
openclaw,2026.7.1-2,47,D,UNVERIFIED_PUBLISH_PATH,2,2925512,v0.2.0
'@microsoft/fetch-event-source,2.0.1,39,D,UNVERIFIED_PUBLISH_PATH|DORMANT,6,2924503,v0.2.0
unhead,3.2.1,74,B,SINGLE_MAINTAINER,1,2919056,v0.2.0
d3-voronoi,1.1.4,33,F,UNVERIFIED_PUBLISH_PATH|DORMANT,2,2917664,v0.2.0
webdriverio,9.29.1,94,A,,3,2913248,v0.2.0
jsonrepair,3.15.0,25,F,UNVERIFIED_PUBLISH_PATH|SINGLE_MAINTAINER,1,2892678,v0.2.0
'@rc-component/context,2.0.2,39,D,UNVERIFIED_PUBLISH_PATH,5,2874614,v0.2.0
'@rc-component/tour,2.4.0,39,D,UNVERIFIED_PUBLISH_PATH,5,2873882,v0.2.0
'@testing-library/react-native,14.0.1,39,D,UNVERIFIED_PUBLISH_PATH,17,2870360,v0.2.0
re2,1.26.0,25,F,UNVERIFIED_PUBLISH_PATH|SINGLE_MAINTAINER,1,2862602,v0.2.0
'@rc-component/color-picker,3.1.1,39,D,UNVERIFIED_PUBLISH_PATH,5,2856432,v0.2.0
chroma-js,3.2.0,41,D,UNVERIFIED_PUBLISH_PATH|BRANCH_REQUIRES_PR,4,2854993,v0.2.0
'@rc-component/mini-decimal,1.1.4,39,D,UNVERIFIED_PUBLISH_PATH,5,2854342,v0.2.0
sockjs-client,1.6.1,33,F,UNVERIFIED_PUBLISH_PATH|DORMANT,2,2853663,v0.2.0
stylus,0.64.0,39,D,UNVERIFIED_PUBLISH_PATH|DORMANT,5,2849453,v0.2.0
multiformats,14.0.4,87,A,,2,2845656,v0.2.0
'@fortawesome/free-solid-svg-icons,7.3.1,34,F,UNVERIFIED_PUBLISH_PATH,8,2833044,v0.2.0
'@rc-component/mutate-observer,2.0.1,39,D,UNVERIFIED_PUBLISH_PATH,5,2808779,v0.2.0
encode-utf8,2.0.0,19,F,UNVERIFIED_PUBLISH_PATH|DORMANT|SINGLE_MAINTAINER,1,2796650,v0.2.0
'@amplitude/analytics-connector,1.6.5,87,A,,6,2793167,v0.2.0
rc-virtual-list,3.19.2,39,D,UNVERIFIED_PUBLISH_PATH,3,2784359,v0.2.0
rc-tree,5.13.1,39,D,UNVERIFIED_PUBLISH_PATH,11,2766721,v0.2.0
rc-overflow,1.5.0,39,D,UNVERIFIED_PUBLISH_PATH,3,2765276,v0.2.0
'@rc-component/async-validator,6.0.0,39,D,UNVERIFIED_PUBLISH_PATH,5,2762769,v0.2.0
abortcontroller-polyfill,1.7.8,19,F,UNVERIFIED_PUBLISH_PATH|DORMANT|SINGLE_MAINTAINER,1,2752075,v0.2.0
comlink,4.4.2,40,D,UNVERIFIED_PUBLISH_PATH|DORMANT,3,2750816,v0.2.0
lowdb,7.0.1,19,F,UNVERIFIED_PUBLISH_PATH|DORMANT|SINGLE_MAINTAINER,1,2748738,v0.2.0
langchain,1.5.3,82,B,,2,2744558,v0.2.0
rc-collapse,4.0.0,33,F,UNVERIFIED_PUBLISH_PATH|DORMANT,6,2741402,v0.2.0
slate,0.126.0,87,A,,6,2727041,v0.2.0
'@aws-sdk/client-ec2,3.1090.0,41,D,UNVERIFIED_PUBLISH_PATH,2,2723426,v0.2.0
rc-input-number,9.5.0,39,D,UNVERIFIED_PUBLISH_PATH,8,2719255,v0.2.0
'@unhead/vue,3.2.1,74,B,SINGLE_MAINTAINER,1,2719001,v0.2.0
mark.js,8.11.1,19,F,UNVERIFIED_PUBLISH_PATH|DORMANT|SINGLE_MAINTAINER,1,2704011,v0.2.0
i18next-http-backend,4.0.0,39,D,UNVERIFIED_PUBLISH_PATH,2,2702921,v0.2.0
jsondiffpatch,0.7.6,73,B,SINGLE_MAINTAINER,1,2701237,v0.2.0
rc-dialog,10.0.0,33,F,UNVERIFIED_PUBLISH_PATH|DORMANT,11,2698161,v0.2.0
'@rc-component/qrcode,2.0.0,39,D,UNVERIFIED_PUBLISH_PATH,5,2693528,v0.2.0
dagre,0.8.5,33,F,UNVERIFIED_PUBLISH_PATH|DORMANT,2,2686856,v0.2.0
oidc-client-ts,3.5.0,87,A,,2,2673512,v0.2.0
faker,6.6.6,19,F,UNVERIFIED_PUBLISH_PATH|DORMANT|SINGLE_MAINTAINER,1,2647306,v0.2.0
embla-carousel-autoplay,8.6.0,25,F,UNVERIFIED_PUBLISH_PATH|SINGLE_MAINTAINER,1,2646521,v0.2.0
rc-select,14.16.8,39,D,UNVERIFIED_PUBLISH_PATH,9,2643640,v0.2.0
chance,1.1.13,25,F,UNVERIFIED_PUBLISH_PATH|SINGLE_MAINTAINER,1,2639979,v0.2.0
'@algolia/autocomplete-shared,1.19.9,29,F,UNVERIFIED_PUBLISH_PATH|PUBLISHER_NOT_MAINTAINER,14,2627339,v0.2.0
'@aws-sdk/client-firehose,3.1090.0,41,D,UNVERIFIED_PUBLISH_PATH,2,2625361,v0.2.0
'@ant-design/cssinjs-utils,2.1.2,39,D,UNVERIFIED_PUBLISH_PATH,10,2624918,v0.2.0
'@algolia/autocomplete-core,1.19.9,29,F,UNVERIFIED_PUBLISH_PATH|PUBLISHER_NOT_MAINTAINER,14,2620605,v0.2.0
rc-progress,4.0.0,33,F,UNVERIFIED_PUBLISH_PATH|DORMANT,7,2620229,v0.2.0
io-ts,2.2.22,19,F,UNVERIFIED_PUBLISH_PATH|DORMANT|SINGLE_MAINTAINER,1,2594685,v0.2.0
jssha,3.3.2,31,F,UNVERIFIED_PUBLISH_PATH|SINGLE_MAINTAINER,1,2592242,v0.2.0
rc-dropdown,4.2.1,33,F,UNVERIFIED_PUBLISH_PATH|DORMANT,6,2591088,v0.2.0
detect-browser,5.3.0,33,F,UNVERIFIED_PUBLISH_PATH|DORMANT,3,2570920,v0.2.0
'@radix-ui/colors,3.0.0,24,F,UNVERIFIED_PUBLISH_PATH|DORMANT|PUBLISHER_NOT_MAINTAINER,4,2567471,v0.2.0
rc-tabs,15.7.0,39,D,UNVERIFIED_PUBLISH_PATH,7,2566822,v0.2.0
rc-pagination,5.1.0,39,D,UNVERIFIED_PUBLISH_PATH,10,2550650,v0.2.0
chrono-node,2.10.1,25,F,UNVERIFIED_PUBLISH_PATH|SINGLE_MAINTAINER,1,2550581,v0.2.0
rc-image,7.12.0,39,D,UNVERIFIED_PUBLISH_PATH,5,2550272,v0.2.0
'@algolia/autocomplete-plugin-algolia-insights,1.19.9,29,F,UNVERIFIED_PUBLISH_PATH|PUBLISHER_NOT_MAINTAINER,14,2543703,v0.2.0
splaytree,3.2.3,63,C,SINGLE_MAINTAINER,1,2541541,v0.2.0
rc-table,7.55.1,39,D,UNVERIFIED_PUBLISH_PATH,9,2539906,v0.2.0
'@phosphor-icons/react,2.1.10,20,F,UNVERIFIED_PUBLISH_PATH|SINGLE_MAINTAINER,1,2539342,v0.2.0
rc-picker,4.11.3,39,D,UNVERIFIED_PUBLISH_PATH,6,2528515,v0.2.0
rc-field-form,2.7.1,39,D,UNVERIFIED_PUBLISH_PATH,5,2527319,v0.2.0
'@xterm/addon-fit,0.11.0,25,F,UNVERIFIED_PUBLISH_PATH|SINGLE_MAINTAINER,1,2524038,v0.2.0
rc-input,1.8.0,39,D,UNVERIFIED_PUBLISH_PATH,3,2514938,v0.2.0
rc-tree-select,5.27.0,33,F,UNVERIFIED_PUBLISH_PATH|DORMANT,7,2506385,v0.2.0
rc-cascader,3.34.0,39,D,UNVERIFIED_PUBLISH_PATH,5,2500576,v0.2.0
'@angular/material,22.0.5,45,D,UNVERIFIED_PUBLISH_PATH,2,2499673,v0.2.0
rc-drawer,7.3.0,39,D,UNVERIFIED_PUBLISH_PATH,5,2490593,v0.2.0
mqtt,5.15.2,87,A,,4,2483531,v0.2.0
mixpanel-browser,2.81.0,39,D,UNVERIFIED_PUBLISH_PATH|BRANCH_REQUIRES_PR,10,2477180,v0.2.0
wasm-feature-detect,1.8.0,40,D,UNVERIFIED_PUBLISH_PATH|DORMANT,3,2473257,v0.2.0
react-phone-number-input,3.4.17,21,F,UNVERIFIED_PUBLISH_PATH|SINGLE_MAINTAINER,1,2469865,v0.2.0
'@statsig/js-client,3.33.3,77,B,INCONSISTENT_PUBLISH_PATH,2,2465471,v0.2.0
style-value-types,5.1.2,14,F,UNVERIFIED_PUBLISH_PATH|DORMANT|SINGLE_MAINTAINER,1,2462370,v0.2.0
rc-mentions,2.20.0,39,D,UNVERIFIED_PUBLISH_PATH,3,2456040,v0.2.0
'@turf/area,7.3.5,87,A,,8,2451430,v0.2.0
rc-checkbox,3.5.0,33,F,UNVERIFIED_PUBLISH_PATH|DORMANT,5,2447928,v0.2.0
'@mantine/hooks,9.4.1,25,F,UNVERIFIED_PUBLISH_PATH|SINGLE_MAINTAINER,1,2443428,v0.2.0
temporal-polyfill,1.0.1,20,F,UNVERIFIED_PUBLISH_PATH|SINGLE_MAINTAINER,1,2442335,v0.2.0
rc-notification,5.6.4,39,D,UNVERIFIED_PUBLISH_PATH,8,2441285,v0.2.0
popmotion,11.0.5,14,F,UNVERIFIED_PUBLISH_PATH|DORMANT|SINGLE_MAINTAINER,1,2439114,v0.2.0
highcharts,13.0.0,45,D,UNVERIFIED_PUBLISH_PATH,10,2436694,v0.2.0
mux-embed,5.18.1,35,D,UNVERIFIED_PUBLISH_PATH,4,2430910,v0.2.0
rc-upload,4.11.0,39,D,UNVERIFIED_PUBLISH_PATH,6,2429944,v0.2.0
livekit-client,2.20.2,65,C,INCONSISTENT_PUBLISH_PATH|SINGLE_MAINTAINER|BRANCH_REQUIRES_PR,1,2428915,v0.2.0
rrule,2.8.1,28,F,UNVERIFIED_PUBLISH_PATH|DORMANT,2,2426045,v0.2.0
mobx-react,9.2.2,93,A,,4,2424314,v0.2.0
blueimp-md5,2.19.0,19,F,UNVERIFIED_PUBLISH_PATH|DORMANT|SINGLE_MAINTAINER,1,2422265,v0.2.0
'@petamoriken/float16,3.9.3,70,B,SINGLE_MAINTAINER,1,2416936,v0.2.0
'@tanstack/query-persist-client-core,5.101.2,89,A,,3,2403420,v0.2.0
rc-steps,6.0.1,33,F,UNVERIFIED_PUBLISH_PATH|DORMANT,10,2394138,v0.2.0
rc-rate,2.13.1,39,D,UNVERIFIED_PUBLISH_PATH,8,2391058,v0.2.0
rc-switch,4.1.0,33,F,UNVERIFIED_PUBLISH_PATH|DORMANT,7,2384552,v0.2.0
'@simplewebauthn/server,13.3.2,73,B,SINGLE_MAINTAINER,1,2377596,v0.2.0
'@fontsource-variable/inter,5.3.0,81,B,,2,2377334,v0.2.0
universal-cookie,8.1.2,63,C,INCONSISTENT_PUBLISH_PATH|SINGLE_MAINTAINER,1,2366537,v0.2.0
rc-textarea,1.10.2,39,D,UNVERIFIED_PUBLISH_PATH,4,2361104,v0.2.0
point-in-polygon,1.1.0,14,F,UNVERIFIED_PUBLISH_PATH|DORMANT|SINGLE_MAINTAINER|PUBLISHER_NOT_MAINTAINER,1,2357335,v0.2.0
player.style,0.3.4,73,B,SINGLE_MAINTAINER,1,2354314,v0.2.0
'@azure/keyvault-secrets,4.11.2,47,D,UNVERIFIED_PUBLISH_PATH,3,2341602,v0.2.0
'@turf/centroid,7.3.5,87,A,,8,2340469,v0.2.0
markdown-it-task-lists,2.1.1,19,F,UNVERIFIED_PUBLISH_PATH|DORMANT|SINGLE_MAINTAINER,1,2320022,v0.2.0
zlibjs,0.3.1,19,F,UNVERIFIED_PUBLISH_PATH|DORMANT|SINGLE_MAINTAINER,1,2311354,v0.2.0
rrweb,2.1.0,83,B,INCONSISTENT_PUBLISH_PATH|BRANCH_REQUIRES_PR,2,2291492,v0.2.0
signature_pad,5.1.3,39,D,UNVERIFIED_PUBLISH_PATH,2,2286089,v0.2.0
'@auth0/auth0-spa-js,2.23.0,94,A,,21,2285014,v0.2.0
rrweb-snapshot,2.1.0,83,B,INCONSISTENT_PUBLISH_PATH,2,2281671,v0.2.0
react-onclickoutside,6.13.2,39,D,UNVERIFIED_PUBLISH_PATH,2,2273615,v0.2.0
rc-segmented,2.7.1,39,D,UNVERIFIED_PUBLISH_PATH,3,2270711,v0.2.0
'@rolldown/plugin-babel,0.2.3,72,B,INCONSISTENT_PUBLISH_PATH,4,2240301,v0.2.0
'@fortawesome/fontawesome-free,7.3.1,34,F,UNVERIFIED_PUBLISH_PATH,8,2237048,v0.2.0
'@statsig/client-core,3.33.3,77,B,INCONSISTENT_PUBLISH_PATH,2,2233163,v0.2.0
text-encoding,0.7.0,19,F,UNVERIFIED_PUBLISH_PATH|DORMANT|SINGLE_MAINTAINER|DEPRECATED,1,2228461,v0.2.0
'@fullcalendar/core,7.0.1,20,F,UNVERIFIED_PUBLISH_PATH|SINGLE_MAINTAINER,1,2219518,v0.2.0
numeral,2.0.6,19,F,UNVERIFIED_PUBLISH_PATH|DORMANT|SINGLE_MAINTAINER,1,2216389,v0.2.0
'@motionone/utils,10.18.0,29,F,UNVERIFIED_PUBLISH_PATH|DORMANT,2,2211649,v0.2.0
'@motionone/types,10.17.1,29,F,UNVERIFIED_PUBLISH_PATH|DORMANT,2,2210728,v0.2.0
'@motionone/dom,10.18.0,29,F,UNVERIFIED_PUBLISH_PATH|DORMANT,2,2209842,v0.2.0
'@fullcalendar/daygrid,6.1.21,20,F,UNVERIFIED_PUBLISH_PATH|SINGLE_MAINTAINER,1,2203108,v0.2.0
'@motionone/generators,10.18.0,29,F,UNVERIFIED_PUBLISH_PATH|DORMANT,2,2199821,v0.2.0
'@motionone/animation,10.18.0,29,F,UNVERIFIED_PUBLISH_PATH|DORMANT,2,2198784,v0.2.0
'@motionone/easing,10.18.0,29,F,UNVERIFIED_PUBLISH_PATH|DORMANT,2,2191018,v0.2.0
'@turf/bearing,7.3.5,87,A,,8,2185263,v0.2.0
emoji-mart,5.6.0,33,F,UNVERIFIED_PUBLISH_PATH|DORMANT,2,2183314,v0.2.0
react-beautiful-dnd,13.1.1,33,F,UNVERIFIED_PUBLISH_PATH|DORMANT|DEPRECATED,2,2174365,v0.2.0
'@resvg/resvg-wasm,2.6.2,33,F,UNVERIFIED_PUBLISH_PATH|DORMANT,3,2170237,v0.2.0
'@turf/boolean-clockwise,7.3.5,87,A,,8,2163991,v0.2.0
tesseract.js,7.0.0,39,D,UNVERIFIED_PUBLISH_PATH,4,2163558,v0.2.0
'@mantine/core,9.4.1,25,F,UNVERIFIED_PUBLISH_PATH|SINGLE_MAINTAINER,1,2161890,v0.2.0
i18n-iso-countries,7.14.0,39,D,UNVERIFIED_PUBLISH_PATH,2,2156222,v0.2.0
async-validator,4.2.5,33,F,UNVERIFIED_PUBLISH_PATH|DORMANT,2,2154109,v0.2.0
'@reactflow/core,11.11.4,20,F,UNVERIFIED_PUBLISH_PATH|DORMANT|SINGLE_MAINTAINER,1,2149646,v0.2.0
react-player,3.4.0,57,C,SINGLE_MAINTAINER,1,2144087,v0.2.0
pusher-js,8.5.0,39,D,UNVERIFIED_PUBLISH_PATH,2,2142531,v0.2.0
reactflow,11.11.4,20,F,UNVERIFIED_PUBLISH_PATH|DORMANT|SINGLE_MAINTAINER,1,2137697,v0.2.0
'@amplitude/analytics-browser,2.45.2,89,A,,6,2130476,v0.2.0
make-plural,8.1.0,31,F,UNVERIFIED_PUBLISH_PATH|SINGLE_MAINTAINER,1,2127818,v0.2.0
pdfmake,0.3.11,87,A,,4,2120838,v0.2.0
d3-geo-projection,4.0.0,33,F,UNVERIFIED_PUBLISH_PATH|DORMANT,2,2116264,v0.2.0
string-similarity,4.0.4,19,F,UNVERIFIED_PUBLISH_PATH|DORMANT|SINGLE_MAINTAINER|DEPRECATED,1,2115015,v0.2.0
firebase-functions,7.3.0,46,D,UNVERIFIED_PUBLISH_PATH,4,2114405,v0.2.0
konva,10.3.0,25,F,UNVERIFIED_PUBLISH_PATH|SINGLE_MAINTAINER,1,2113259,v0.2.0
figlet,1.11.2,25,F,UNVERIFIED_PUBLISH_PATH|SINGLE_MAINTAINER,1,2107567,v0.2.0
cloudflare,7.0.0,93,A,,4,2105100,v0.2.0
stream,0.0.3,25,F,UNVERIFIED_PUBLISH_PATH|DORMANT|SINGLE_MAINTAINER,1,2102115,v0.2.0
perfect-scrollbar,1.5.6,33,F,UNVERIFIED_PUBLISH_PATH|DORMANT,17,2099378,v0.2.0
'@turf/line-intersect,7.3.5,87,A,,8,2097700,v0.2.0
'@solana/web3.js,1.98.4,41,D,UNVERIFIED_PUBLISH_PATH|SINGLE_MAINTAINER,1,2096847,v0.2.0
clipboard,2.0.11,33,F,UNVERIFIED_PUBLISH_PATH|DORMANT,3,2096592,v0.2.0
'@fontsource/inter,5.3.0,81,B,,2,2088757,v0.2.0
ag-grid-react,36.0.1,93,A,,4,2087203,v0.2.0
'@amplitude/plugin-page-view-tracking-browser,2.11.9,89,A,,6,2070679,v0.2.0
tesseract.js-core,6.1.2,39,D,UNVERIFIED_PUBLISH_PATH,4,2068329,v0.2.0
'@pierre/diffs,1.2.12,30,F,UNVERIFIED_PUBLISH_PATH,6,2067046,v0.2.0
'@turf/destination,7.3.5,87,A,,8,2066201,v0.2.0
'@microsoft/microsoft-graph-client,3.0.7,35,D,UNVERIFIED_PUBLISH_PATH|DORMANT|BRANCH_REQUIRES_PR,4,2065550,v0.2.0
'@docsearch/css,4.6.3,46,D,UNVERIFIED_PUBLISH_PATH,5,2055038,v0.2.0
sqids,0.3.0,33,F,UNVERIFIED_PUBLISH_PATH|DORMANT,2,2054351,v0.2.0
'@turf/projection,7.3.5,87,A,,8,2053575,v0.2.0
'@sentry/tracing,7.120.4,27,F,UNVERIFIED_PUBLISH_PATH|SINGLE_MAINTAINER,1,2042187,v0.2.0
partysocket,1.3.0,73,B,SINGLE_MAINTAINER,1,2041411,v0.2.0
rx,4.1.0,33,F,UNVERIFIED_PUBLISH_PATH|DORMANT,2,2038245,v0.2.0
custom-media-element,1.4.6,81,B,,2,2035744,v0.2.0
search-insights,2.17.3,40,D,UNVERIFIED_PUBLISH_PATH|DORMANT,12,2031032,v0.2.0
sql.js,1.14.1,39,D,UNVERIFIED_PUBLISH_PATH,2,2020644,v0.2.0
'@atlaskit/tokens,16.0.0,16,F,UNVERIFIED_PUBLISH_PATH|SINGLE_MAINTAINER,1,1989868,v0.2.0
dexie,4.4.4,78,B,INCONSISTENT_PUBLISH_PATH,2,1989177,v0.2.0
algoliasearch-helper,3.29.2,39,D,UNVERIFIED_PUBLISH_PATH,12,1980291,v0.2.0
point-in-polygon-hao,1.2.4,19,F,UNVERIFIED_PUBLISH_PATH|DORMANT|SINGLE_MAINTAINER,1,1978952,v0.2.0
'@capacitor/app,8.1.1,69,C,REPO_LINKAGE_MISMATCH,18,1974769,v0.2.0
'@pierre/theme,1.1.0,34,F,UNVERIFIED_PUBLISH_PATH,6,1968610,v0.2.0
es6-object-assign,1.1.0,19,F,UNVERIFIED_PUBLISH_PATH|DORMANT|SINGLE_MAINTAINER,1,1967485,v0.2.0
apexcharts,6.3.0,77,B,INCONSISTENT_PUBLISH_PATH,2,1965432,v0.2.0
yamljs,0.3.0,19,F,UNVERIFIED_PUBLISH_PATH|DORMANT|SINGLE_MAINTAINER,1,1965125,v0.2.0
json2csv,6.0.0-alpha.2,33,F,UNVERIFIED_PUBLISH_PATH|DORMANT,4,1958304,v0.2.0
'@microsoft/applicationinsights-core-js,3.4.3,47,D,UNVERIFIED_PUBLISH_PATH,3,1936700,v0.2.0
'@fullcalendar/interaction,6.1.21,20,F,UNVERIFIED_PUBLISH_PATH|SINGLE_MAINTAINER,1,1936088,v0.2.0
'@turf/nearest-point-on-line,7.3.5,87,A,,8,1931917,v0.2.0
'@mux/playback-core,0.35.0,88,A,,4,1918486,v0.2.0
'@amplitude/plugin-autocapture-browser,1.28.7,89,A,,6,1918401,v0.2.0
perfect-freehand,1.2.3,25,F,UNVERIFIED_PUBLISH_PATH|SINGLE_MAINTAINER,1,1917145,v0.2.0
hammerjs,2.0.8,33,F,UNVERIFIED_PUBLISH_PATH|DORMANT,2,1910647,v0.2.0
'@emoji-mart/data,1.2.1,19,F,UNVERIFIED_PUBLISH_PATH|DORMANT|SINGLE_MAINTAINER,1,1908958,v0.2.0
media-tracks,0.3.5,81,B,,2,1904218,v0.2.0
'@jimp/js-png,1.6.1,39,D,UNVERIFIED_PUBLISH_PATH,2,1902450,v0.2.0
heap,0.2.7,19,F,UNVERIFIED_PUBLISH_PATH|DORMANT|SINGLE_MAINTAINER,1,1902265,v0.2.0
simple-xml-to-json,1.2.7,25,F,UNVERIFIED_PUBLISH_PATH|SINGLE_MAINTAINER,1,1898776,v0.2.0
'@babel/polyfill,7.12.1,34,F,UNVERIFIED_PUBLISH_PATH|DORMANT|DEPRECATED,4,1896636,v0.2.0
'@segment/analytics-next,1.84.0,46,D,UNVERIFIED_PUBLISH_PATH|BRANCH_REQUIRES_PR,3,1881650,v0.2.0
qrcode-generator,2.0.4,25,F,UNVERIFIED_PUBLISH_PATH|SINGLE_MAINTAINER,1,1877262,v0.2.0
selenium-webdriver,4.46.0,39,D,UNVERIFIED_PUBLISH_PATH,6,1875724,v0.2.0
'@amplitude/experiment-core,0.13.3,87,A,,6,1867131,v0.2.0
otpauth,9.5.1,79,B,SINGLE_MAINTAINER,1,1864854,v0.2.0
'@mux/mux-video,0.31.0,88,A,,4,1862013,v0.2.0
on-change,6.0.2,25,F,UNVERIFIED_PUBLISH_PATH|SINGLE_MAINTAINER,1,1861973,v0.2.0
autolinker,4.1.5,39,D,UNVERIFIED_PUBLISH_PATH,2,1857669,v0.2.0
'@turf/line-segment,7.3.5,87,A,,8,1855443,v0.2.0
babel-polyfill,6.26.0,34,F,UNVERIFIED_PUBLISH_PATH|DORMANT,3,1852761,v0.2.0
'@libsql/core,0.17.4,73,B,SINGLE_MAINTAINER,1,1852235,v0.2.0
bezier-easing,3.0.1,25,F,UNVERIFIED_PUBLISH_PATH|SINGLE_MAINTAINER,1,1849466,v0.2.0
'@aws-amplify/core,6.16.4,46,D,UNVERIFIED_PUBLISH_PATH,6,1846617,v0.2.0
castable-video,1.1.16,81,B,,4,1840550,v0.2.0
'@turf/rewind,7.3.5,87,A,,8,1834232,v0.2.0
jsqr,1.4.0,33,F,UNVERIFIED_PUBLISH_PATH|DORMANT,2,1831298,v0.2.0
chai-as-promised,8.0.2,71,B,,2,1830337,v0.2.0
react-table,7.8.0,21,F,UNVERIFIED_PUBLISH_PATH|DORMANT|SINGLE_MAINTAINER,1,1827355,v0.2.0
'@mux/mux-player,3.13.0,88,A,,4,1825445,v0.2.0
nitropack,2.13.4,32,F,UNVERIFIED_PUBLISH_PATH|SINGLE_MAINTAINER,1,1825414,v0.2.0
ts-custom-error,3.3.1,25,F,UNVERIFIED_PUBLISH_PATH|DORMANT|SINGLE_MAINTAINER,1,1818075,v0.2.0
'@libsql/client,0.17.4,73,B,SINGLE_MAINTAINER,1,1814643,v0.2.0
'@libsql/hrana-client,0.10.0,25,F,UNVERIFIED_PUBLISH_PATH|SINGLE_MAINTAINER,1,1812639,v0.2.0
minisearch,7.2.0,20,F,UNVERIFIED_PUBLISH_PATH|SINGLE_MAINTAINER,1,1809184,v0.2.0
'@algolia/events,4.0.1,33,F,UNVERIFIED_PUBLISH_PATH|DORMANT,9,1806694,v0.2.0
'@turf/boolean-point-on-line,7.3.5,87,A,,8,1801607,v0.2.0
liquidjs,10.27.2,79,B,SINGLE_MAINTAINER,1,1800562,v0.2.0
'@ethersproject/providers,5.8.0,31,F,UNVERIFIED_PUBLISH_PATH|SINGLE_MAINTAINER,1,1797730,v0.2.0
react-virtualized,9.22.6,33,F,UNVERIFIED_PUBLISH_PATH|DORMANT,3,1789377,v0.2.0
google-libphonenumber,3.2.44,25,F,UNVERIFIED_PUBLISH_PATH|SINGLE_MAINTAINER,1,1783143,v0.2.0
'@fullcalendar/timegrid,6.1.21,20,F,UNVERIFIED_PUBLISH_PATH|SINGLE_MAINTAINER,1,1775563,v0.2.0
'@rails/actioncable,8.1.300,94,A,,8,1770880,v0.2.0
event-target-polyfill,0.0.4,19,F,UNVERIFIED_PUBLISH_PATH|DORMANT|SINGLE_MAINTAINER,1,1752080,v0.2.0
'@microsoft/dynamicproto-js,2.0.5,40,D,UNVERIFIED_PUBLISH_PATH,4,1751579,v0.2.0
event-source-polyfill,1.0.31,33,F,UNVERIFIED_PUBLISH_PATH|DORMANT,2,1749337,v0.2.0
readline,1.3.0,33,F,UNVERIFIED_PUBLISH_PATH|DORMANT,2,1748962,v0.2.0
'@solid-primitives/utils,6.4.1,40,D,UNVERIFIED_PUBLISH_PATH,3,1744952,v0.2.0
flatpickr,4.6.13,33,F,UNVERIFIED_PUBLISH_PATH|DORMANT,2,1741262,v0.2.0
'@turf/rhumb-bearing,7.3.5,87,A,,8,1734638,v0.2.0
'@huggingface/transformers,4.2.0,34,F,UNVERIFIED_PUBLISH_PATH,5,1732537,v0.2.0
redux-persist,6.0.0,33,F,UNVERIFIED_PUBLISH_PATH|DORMANT,2,1730761,v0.2.0
'@microsoft/applicationinsights-shims,3.0.1,41,D,UNVERIFIED_PUBLISH_PATH|DORMANT,4,1726919,v0.2.0
'@amplitude/analytics-client-common,2.4.56,89,A,,6,1724753,v0.2.0
'@turf/rhumb-distance,7.3.5,87,A,,8,1721304,v0.2.0
'@turf/polygon-to-line,7.3.5,87,A,,8,1720686,v0.2.0
'@turf/length,7.3.5,87,A,,8,1720398,v0.2.0
nuxt,4.5.0,81,B,SINGLE_MAINTAINER,1,1718488,v0.2.0
'@turf/point-to-line-distance,7.3.5,87,A,,8,1715216,v0.2.0
'@chakra-ui/react,3.36.1,40,D,UNVERIFIED_PUBLISH_PATH,2,1711408,v0.2.0
'@preact/signals,2.9.4,89,A,,6,1710234,v0.2.0
geist,1.7.2,72,B,INCONSISTENT_PUBLISH_PATH|BRANCH_REQUIRES_SIGNATURES|BRANCH_REQUIRES_PR,2,1702576,v0.2.0
react-query,3.39.3,40,D,UNVERIFIED_PUBLISH_PATH|DORMANT|BRANCH_REQUIRES_PR,2,1696558,v0.2.0
unorm,1.6.0,19,F,UNVERIFIED_PUBLISH_PATH|DORMANT|SINGLE_MAINTAINER,1,1691415,v0.2.0
'@js-temporal/polyfill,0.5.1,39,D,UNVERIFIED_PUBLISH_PATH,3,1677974,v0.2.0
'@rc-component/util,1.12.0,39,D,UNVERIFIED_PUBLISH_PATH,5,1670391,v0.2.0
modern-screenshot,4.7.0,63,C,INCONSISTENT_PUBLISH_PATH|SINGLE_MAINTAINER,1,1667319,v0.2.0
'@vercel/og,0.11.1,35,D,UNVERIFIED_PUBLISH_PATH,4,1667164,v0.2.0
'@amplitude/plugin-network-capture-browser,1.10.9,79,B,INCONSISTENT_PUBLISH_PATH,6,1666659,v0.2.0
opentype.js,2.0.0,87,A,,2,1662685,v0.2.0
aws-amplify,6.18.0,46,D,UNVERIFIED_PUBLISH_PATH,6,1659584,v0.2.0
'@turf/circle,7.3.5,87,A,,8,1657740,v0.2.0
martinez-polygon-clipping,0.8.1,63,C,SINGLE_MAINTAINER,1,1656794,v0.2.0
'@turf/center,7.3.5,87,A,,8,1647978,v0.2.0
vuex,4.1.0,28,F,UNVERIFIED_PUBLISH_PATH|DORMANT,4,1643698,v0.2.0
react-loading-skeleton,3.5.0,19,F,UNVERIFIED_PUBLISH_PATH|DORMANT|SINGLE_MAINTAINER,1,1629880,v0.2.0
rc-trigger,5.3.4,33,F,UNVERIFIED_PUBLISH_PATH|DORMANT,5,1625191,v0.2.0
isomorphic-git,1.38.9,39,D,UNVERIFIED_PUBLISH_PATH,3,1608837,v0.2.0
'@turf/bbox-polygon,7.3.5,87,A,,8,1606859,v0.2.0
ndarray,1.0.19,33,F,UNVERIFIED_PUBLISH_PATH|DORMANT,5,1599854,v0.2.0
iota-array,1.0.0,19,F,UNVERIFIED_PUBLISH_PATH|DORMANT|SINGLE_MAINTAINER,1,1597817,v0.2.0
'@expo/ui,57.0.7,45,D,UNVERIFIED_PUBLISH_PATH,11,1597734,v0.2.0
body-scroll-lock,4.0.0-beta.0,14,F,UNVERIFIED_PUBLISH_PATH|DORMANT|SINGLE_MAINTAINER,1,1594569,v0.2.0
'@pulumi/aws,7.37.0,39,D,UNVERIFIED_PUBLISH_PATH,2,1591321,v0.2.0
ml-matrix,6.14.0,39,D,UNVERIFIED_PUBLISH_PATH,7,1584469,v0.2.0
'@amplitude/plugin-web-vitals-browser,1.1.41,89,A,,6,1580647,v0.2.0
cropperjs,2.1.1,73,B,SINGLE_MAINTAINER,1,1575128,v0.2.0
'@turf/union,7.3.5,87,A,,8,1570422,v0.2.0
ag-charts-community,14.0.1,86,A,SINGLE_MAINTAINER,1,1565199,v0.2.0
jsonata,2.2.2,69,C,INCONSISTENT_PUBLISH_PATH|SINGLE_MAINTAINER,1,1564868,v0.2.0
'@turf/along,7.3.5,87,A,,8,1561469,v0.2.0
'@turf/intersect,7.3.5,87,A,,8,1561063,v0.2.0
react-bootstrap,2.10.10,39,D,UNVERIFIED_PUBLISH_PATH,3,1557845,v0.2.0
'@base-org/account,2.5.7,94,A,,4,1554676,v0.2.0
'@microsoft/applicationinsights-channel-js,3.4.3,47,D,UNVERIFIED_PUBLISH_PATH,3,1538691,v0.2.0
'@turf/clean-coords,7.3.5,87,A,,8,1535733,v0.2.0
lucide-react-native,1.25.0,68,C,SINGLE_MAINTAINER,1,1534048,v0.2.0
'@rsbuild/core,2.1.6,88,A,,2,1530400,v0.2.0
'@fingerprintjs/fingerprintjs,5.2.0,87,A,BRANCH_REQUIRES_PR,2,1526836,v0.2.0
tldjs,2.3.2,25,F,UNVERIFIED_PUBLISH_PATH|SINGLE_MAINTAINER,1,1523521,v0.2.0
'@amplitude/rrweb-types,2.1.2,82,B,,6,1522907,v0.2.0
'@turf/boolean-disjoint,7.3.5,87,A,,8,1522638,v0.2.0
slug,12.0.0,73,B,SINGLE_MAINTAINER,1,1521358,v0.2.0
'@line/bot-sdk,11.2.0,87,A,,5,1518593,v0.2.0
normalize.css,8.0.1,19,F,UNVERIFIED_PUBLISH_PATH|DORMANT|SINGLE_MAINTAINER,1,1516439,v0.2.0
mediabunny,1.50.9,73,B,SINGLE_MAINTAINER,1,1515598,v0.2.0
'@openai/agents-core,0.13.5,88,A,,17,1508358,v0.2.0
canvaskit-wasm,0.41.1,35,D,UNVERIFIED_PUBLISH_PATH,9,1493764,v0.2.0
imask,7.6.1,19,F,UNVERIFIED_PUBLISH_PATH|DORMANT|SINGLE_MAINTAINER,1,1488638,v0.2.0
'@types/gensync,1.0.5,33,F,UNVERIFIED_PUBLISH_PATH|SINGLE_MAINTAINER,1,1485491,v0.2.0
'@turf/boolean-contains,7.3.5,87,A,,8,1485436,v0.2.0
'@microsoft/signalr,10.0.0,47,D,UNVERIFIED_PUBLISH_PATH|BRANCH_REQUIRES_PR,4,1480092,v0.2.0
graphology,0.26.0,25,F,UNVERIFIED_PUBLISH_PATH|SINGLE_MAINTAINER,1,1473561,v0.2.0
'@turf/buffer,7.3.5,87,A,,8,1472049,v0.2.0
exifr,7.1.3,19,F,UNVERIFIED_PUBLISH_PATH|DORMANT|SINGLE_MAINTAINER,1,1471719,v0.2.0
'@turf/kinks,7.3.5,87,A,,8,1462739,v0.2.0
'@reown/appkit-ui,1.8.22,76,B,,2,1459665,v0.2.0
'@turf/truncate,7.3.5,87,A,,8,1458421,v0.2.0
credit-card-type,10.3.0,38,D,UNVERIFIED_PUBLISH_PATH|SINGLE_MAINTAINER,1,1456478,v0.2.0
'@reown/appkit-scaffold-ui,1.8.22,76,B,,2,1455736,v0.2.0
'@turf/difference,7.3.5,87,A,,8,1427404,v0.2.0
'@turf/line-split,7.3.5,87,A,,8,1425755,v0.2.0
'@turf/boolean-within,7.3.5,87,A,,8,1419571,v0.2.0
short-unique-id,5.3.2,25,F,UNVERIFIED_PUBLISH_PATH|SINGLE_MAINTAINER,1,1413866,v0.2.0
'@amplitude/plugin-page-url-enrichment-browser,0.7.19,89,A,,6,1412061,v0.2.0
'@effect/platform,0.97.0,82,B,,3,1411932,v0.2.0
ag-grid-enterprise,36.0.1,93,A,BRANCH_REQUIRES_PR,4,1409183,v0.2.0
vuedraggable,2.24.3,19,F,UNVERIFIED_PUBLISH_PATH|DORMANT|SINGLE_MAINTAINER,1,1404636,v0.2.0
'@ckeditor/ckeditor5-engine,48.3.1,38,D,UNVERIFIED_PUBLISH_PATH|SINGLE_MAINTAINER,1,1404627,v0.2.0
'@ckeditor/ckeditor5-utils,48.3.1,38,D,UNVERIFIED_PUBLISH_PATH|SINGLE_MAINTAINER,1,1403499,v0.2.0
'@ckeditor/ckeditor5-core,48.3.1,38,D,UNVERIFIED_PUBLISH_PATH|SINGLE_MAINTAINER,1,1402287,v0.2.0
'@inversifyjs/core,14.0.0,27,F,UNVERIFIED_PUBLISH_PATH|SINGLE_MAINTAINER,1,1401195,v0.2.0
redoc,2.5.3,80,B,SINGLE_MAINTAINER,1,1398906,v0.2.0
'@turf/simplify,7.3.5,87,A,,8,1393746,v0.2.0
concaveman,2.0.0,46,D,UNVERIFIED_PUBLISH_PATH,28,1393461,v0.2.0
'@lottiefiles/dotlottie-web,0.78.0,89,A,,2,1392704,v0.2.0
ace-builds,1.44.0,87,A,,3,1387666,v0.2.0
'@turf/rhumb-destination,7.3.5,87,A,,8,1384464,v0.2.0
'@sentry/vue,10.66.0,27,F,UNVERIFIED_PUBLISH_PATH|SINGLE_MAINTAINER|BRANCH_REQUIRES_PR,1,1377272,v0.2.0
'@turf/convex,7.3.5,87,A,,8,1372130,v0.2.0
es6-shim,0.35.8,33,F,UNVERIFIED_PUBLISH_PATH|DORMANT,2,1370366,v0.2.0
'@nevware21/ts-utils,0.16.0,47,D,UNVERIFIED_PUBLISH_PATH,2,1369503,v0.2.0
'@turf/nearest-point-to-line,7.3.5,87,A,,8,1359549,v0.2.0
hotkeys-js,4.0.4,73,B,SINGLE_MAINTAINER,1,1355771,v0.2.0
'@ckeditor/ckeditor5-ui,48.3.1,38,D,UNVERIFIED_PUBLISH_PATH|SINGLE_MAINTAINER,1,1354254,v0.2.0
'@stencil/core,4.43.5,84,B,INCONSISTENT_PUBLISH_PATH,6,1354045,v0.2.0
'@turf/boolean-equal,7.3.5,87,A,,8,1353203,v0.2.0
remotion,4.0.494,20,F,UNVERIFIED_PUBLISH_PATH|SINGLE_MAINTAINER,1,1350690,v0.2.0
'@zxing/library,0.23.0,82,B,,2,1344922,v0.2.0
gel,2.2.0,39,D,UNVERIFIED_PUBLISH_PATH,2,1344605,v0.2.0
htm,3.1.1,19,F,UNVERIFIED_PUBLISH_PATH|DORMANT|SINGLE_MAINTAINER,1,1344114,v0.2.0
'@xterm/addon-web-links,0.12.0,25,F,UNVERIFIED_PUBLISH_PATH|SINGLE_MAINTAINER,1,1342108,v0.2.0
react-responsive,10.0.1,39,D,UNVERIFIED_PUBLISH_PATH,2,1340130,v0.2.0
'@turf/transform-translate,7.3.5,87,A,,8,1337967,v0.2.0
'@turf/center-of-mass,7.3.5,87,A,,8,1337054,v0.2.0
'@fontsource-variable/geist,5.3.0,81,B,,2,1336285,v0.2.0
'@primeuix/utils,0.8.0,30,F,UNVERIFIED_PUBLISH_PATH,2,1335048,v0.2.0
showdown,2.1.0,39,D,UNVERIFIED_PUBLISH_PATH|DORMANT,2,1332586,v0.2.0
chartjs-plugin-datalabels,2.2.0,33,F,UNVERIFIED_PUBLISH_PATH|DORMANT,2,1332165,v0.2.0
remarkable,2.0.1,28,F,UNVERIFIED_PUBLISH_PATH|DORMANT,8,1325808,v0.2.0
binary-search-bounds,2.0.5,19,F,UNVERIFIED_PUBLISH_PATH|DORMANT|SINGLE_MAINTAINER,1,1324855,v0.2.0
jsbarcode,3.12.3,25,F,UNVERIFIED_PUBLISH_PATH|SINGLE_MAINTAINER,1,1322364,v0.2.0
'@chakra-ui/utils,2.2.2,34,F,UNVERIFIED_PUBLISH_PATH|DORMANT,2,1321691,v0.2.0
'@material-ui/core,4.12.4,15,F,UNVERIFIED_PUBLISH_PATH|DORMANT|SINGLE_MAINTAINER|PUBLISHER_NOT_MAINTAINER|DEPRECATED,1,1321499,v0.2.0
'@turf/flatten,7.3.5,87,A,,8,1320719,v0.2.0
'@microsoft/applicationinsights-common,3.4.3,47,D,UNVERIFIED_PUBLISH_PATH,3,1320241,v0.2.0
'@turf/transform-rotate,7.3.5,87,A,,8,1320190,v0.2.0
globalize,1.7.1,45,D,UNVERIFIED_PUBLISH_PATH,3,1319764,v0.2.0
'@videojs/vhs-utils,4.1.2,39,D,UNVERIFIED_PUBLISH_PATH,17,1318266,v0.2.0
'@nevware21/ts-async,0.6.1,47,D,UNVERIFIED_PUBLISH_PATH,2,1317800,v0.2.0
'@turf/bbox-clip,7.3.5,87,A,,8,1312657,v0.2.0
'@turf/midpoint,7.3.5,87,A,,8,1308744,v0.2.0
'@hubspot/api-client,14.0.1,39,D,UNVERIFIED_PUBLISH_PATH,47,1307396,v0.2.0
'@turf/transform-scale,7.3.5,87,A,,8,1304527,v0.2.0
contentful,11.12.7,80,B,SINGLE_MAINTAINER|BRANCH_REQUIRES_PR,1,1300853,v0.2.0
'@turf/nearest-point,7.3.5,87,A,,8,1300311,v0.2.0
'@turf/ellipse,7.3.5,87,A,,8,1298324,v0.2.0
'@turf/points-within-polygon,7.3.5,87,A,,8,1297244,v0.2.0
'@turf/line-overlap,7.3.5,87,A,,8,1294628,v0.2.0
browser-image-compression,2.0.2,19,F,UNVERIFIED_PUBLISH_PATH|DORMANT|SINGLE_MAINTAINER,1,1294438,v0.2.0
zxing-wasm,3.1.2,68,C,SINGLE_MAINTAINER,1,1294139,v0.2.0
'@solana/spl-token,0.4.15,74,B,SINGLE_MAINTAINER,1,1292618,v0.2.0
'@turf/boolean-overlap,7.3.5,87,A,,8,1291994,v0.2.0
striptags,3.2.0,25,F,UNVERIFIED_PUBLISH_PATH|DORMANT|SINGLE_MAINTAINER,1,1290472,v0.2.0
'@turf/explode,7.3.5,87,A,,8,1290247,v0.2.0
'@turf/combine,7.3.5,87,A,,8,1289971,v0.2.0
videojs-vtt.js,0.15.5,28,F,UNVERIFIED_PUBLISH_PATH|DORMANT|PUBLISHER_NOT_MAINTAINER,17,1281228,v0.2.0
zxcvbn,4.4.2,19,F,UNVERIFIED_PUBLISH_PATH|DORMANT|SINGLE_MAINTAINER,1,1279142,v0.2.0
'@lit/context,1.1.6,84,B,,8,1275808,v0.2.0
topojson-server,3.0.1,19,F,UNVERIFIED_PUBLISH_PATH|DORMANT|SINGLE_MAINTAINER,1,1273787,v0.2.0
'@turf/boolean-intersects,7.3.5,87,A,,8,1272022,v0.2.0
'@turf/unkink-polygon,7.3.5,87,A,,8,1270650,v0.2.0
'@turf/square,7.3.5,87,A,,8,1269064,v0.2.0
'@turf/boolean-crosses,7.3.5,87,A,,8,1268893,v0.2.0
'@turf/line-arc,7.3.5,87,A,,8,1268796,v0.2.0
'@turf/envelope,7.3.5,87,A,,8,1268349,v0.2.0
'@turf/line-slice,7.3.5,87,A,,8,1259797,v0.2.0
'@turf/line-to-polygon,7.3.5,87,A,,8,1257287,v0.2.0
slick-carousel,1.8.1,19,F,UNVERIFIED_PUBLISH_PATH|DORMANT|SINGLE_MAINTAINER,1,1257118,v0.2.0
'@turf/sector,7.3.5,87,A,,8,1253475,v0.2.0
'@turf/point-on-feature,7.3.5,87,A,,8,1252937,v0.2.0
'@turf/clusters-dbscan,7.3.5,87,A,,8,1252608,v0.2.0
'@turf/line-offset,7.3.5,87,A,,8,1251395,v0.2.0
'@turf/bezier-spline,7.3.5,87,A,,8,1251252,v0.2.0
'@turf/great-circle,7.3.5,87,A,,8,1247101,v0.2.0
'@turf/square-grid,7.3.5,87,A,,8,1246712,v0.2.0
'@vimeo/player,2.30.4,39,D,UNVERIFIED_PUBLISH_PATH,3,1246423,v0.2.0
'@turf/line-slice-along,7.3.5,87,A,,8,1244497,v0.2.0
'@turf/dissolve,7.3.5,87,A,,8,1242968,v0.2.0
'@turf/random,7.3.5,87,A,,8,1241960,v0.2.0
'@turf/clusters-kmeans,7.3.5,87,A,,8,1241613,v0.2.0
'@turf/point-grid,7.3.5,87,A,,8,1239521,v0.2.0
'@turf/mask,7.3.5,87,A,,8,1239454,v0.2.0
weakmap-polyfill,2.0.4,14,F,UNVERIFIED_PUBLISH_PATH|DORMANT|SINGLE_MAINTAINER,1,1238553,v0.2.0
'@turf/tin,7.3.5,87,A,,8,1235132,v0.2.0
'@turf/hex-grid,7.3.5,87,A,,8,1233762,v0.2.0
convex,1.42.3,34,F,UNVERIFIED_PUBLISH_PATH,13,1233460,v0.2.0
'@turf/line-chunk,7.3.5,87,A,,8,1233228,v0.2.0
'@turf/polygonize,7.3.5,87,A,,8,1232916,v0.2.0
'@turf/voronoi,7.3.5,87,A,,8,1232745,v0.2.0
'@turf/concave,7.3.5,87,A,,8,1232228,v0.2.0
'@turf/triangle-grid,7.3.5,87,A,,8,1230375,v0.2.0
'@pdf-lib/fontkit,1.1.1,14,F,UNVERIFIED_PUBLISH_PATH|DORMANT|SINGLE_MAINTAINER,1,1229716,v0.2.0
'@turf/interpolate,7.3.5,87,A,,8,1229640,v0.2.0
'@turf/flip,7.3.5,87,A,,8,1228554,v0.2.0
'@turf/collect,7.3.5,87,A,,8,1227843,v0.2.0
'@turf/clusters,7.3.5,87,A,,8,1227566,v0.2.0
'@turf/planepoint,7.3.5,87,A,,8,1226643,v0.2.0
'@turf/sample,7.3.5,87,A,,8,1226213,v0.2.0
'@turf/tesselate,7.3.5,87,A,,8,1226098,v0.2.0
'@turf/center-mean,7.3.5,87,A,,8,1226055,v0.2.0
'@turf/tag,7.3.5,87,A,,8,1226045,v0.2.0
'@turf/isolines,7.3.5,87,A,,8,1225762,v0.2.0
'@turf/isobands,7.3.5,87,A,,8,1225585,v0.2.0
'@turf/polygon-tangents,7.3.5,87,A,,8,1224843,v0.2.0
driver.js,1.8.0,20,F,UNVERIFIED_PUBLISH_PATH|SINGLE_MAINTAINER,1,1224728,v0.2.0
'@turf/shortest-path,7.3.5,87,A,,8,1224393,v0.2.0
'@turf/center-median,7.3.5,87,A,,8,1224343,v0.2.0
'@turf/boolean-parallel,7.3.5,87,A,,8,1224298,v0.2.0
'@turf/turf,7.3.5,87,A,,8,1223823,v0.2.0
'@turf/standard-deviational-ellipse,7.3.5,87,A,,8,1223402,v0.2.0
html2pdf.js,0.14.0,25,F,UNVERIFIED_PUBLISH_PATH|SINGLE_MAINTAINER,1,1222246,v0.2.0
react-calendar,6.0.1,87,A,,3,1219533,v0.2.0
'@algolia/autocomplete-preset-algolia,1.19.9,29,F,UNVERIFIED_PUBLISH_PATH|PUBLISHER_NOT_MAINTAINER,14,1208469,v0.2.0
sweepline-intersections,2.0.1,19,F,UNVERIFIED_PUBLISH_PATH|DORMANT|SINGLE_MAINTAINER,1,1206818,v0.2.0
tus-js-client,4.3.1,33,F,UNVERIFIED_PUBLISH_PATH|DORMANT|BRANCH_REQUIRES_SIGNATURES,2,1204662,v0.2.0
enquire.js,2.1.6,19,F,UNVERIFIED_PUBLISH_PATH|DORMANT|SINGLE_MAINTAINER,1,1201748,v0.2.0
'@walletconnect/ethereum-provider,2.23.10,81,B,,2,1200841,v0.2.0
splaytree-ts,1.0.2,19,F,UNVERIFIED_PUBLISH_PATH|DORMANT|SINGLE_MAINTAINER,1,1200289,v0.2.0
polyclip-ts,0.16.8,19,F,UNVERIFIED_PUBLISH_PATH|DORMANT|SINGLE_MAINTAINER,1,1200266,v0.2.0
html5-qrcode,2.3.8,19,F,UNVERIFIED_PUBLISH_PATH|DORMANT|SINGLE_MAINTAINER,1,1199697,v0.2.0
amazon-cognito-identity-js,6.3.20,46,D,UNVERIFIED_PUBLISH_PATH,11,1194630,v0.2.0
'@azure/msal-react,5.5.3,47,D,UNVERIFIED_PUBLISH_PATH,3,1194047,v0.2.0
'@chakra-ui/styled-system,2.12.0,34,F,UNVERIFIED_PUBLISH_PATH|DORMANT,2,1192969,v0.2.0
vscode-oniguruma,2.0.1,34,F,UNVERIFIED_PUBLISH_PATH|DORMANT,6,1192876,v0.2.0
'@uppy/utils,7.2.0,45,D,UNVERIFIED_PUBLISH_PATH,4,1192605,v0.2.0
skmeans,0.11.3,19,F,UNVERIFIED_PUBLISH_PATH|DORMANT|SINGLE_MAINTAINER,1,1191700,v0.2.0
'@fontsource/roboto,5.3.0,81,B,,2,1188585,v0.2.0
brotli-wasm,3.0.1,19,F,UNVERIFIED_PUBLISH_PATH|DORMANT|SINGLE_MAINTAINER,1,1187439,v0.2.0
barcode-detector,3.2.1,68,C,SINGLE_MAINTAINER,1,1185350,v0.2.0
'@codesandbox/sandpack-client,2.19.8,35,D,UNVERIFIED_PUBLISH_PATH|DORMANT|PUBLISHER_NOT_MAINTAINER|BRANCH_REQUIRES_PR,3,1183409,v0.2.0
primeicons,8.0.0,30,F,UNVERIFIED_PUBLISH_PATH,2,1182687,v0.2.0
'@shopify/react-native-skia,2.9.0,82,B,,6,1182097,v0.2.0
'@rc-component/motion,1.3.3,39,D,UNVERIFIED_PUBLISH_PATH,5,1182078,v0.2.0
wavesurfer.js,7.12.11,25,F,UNVERIFIED_PUBLISH_PATH|SINGLE_MAINTAINER,1,1177961,v0.2.0
ag-charts-enterprise,14.0.1,86,A,SINGLE_MAINTAINER,1,1176300,v0.2.0
mux.js,6.3.0,33,F,UNVERIFIED_PUBLISH_PATH|DORMANT,20,1173609,v0.2.0
'@capacitor/push-notifications,8.1.2,69,C,REPO_LINKAGE_MISMATCH,18,1169678,v0.2.0
js-sha512,0.9.0,19,F,UNVERIFIED_PUBLISH_PATH|DORMANT|SINGLE_MAINTAINER,1,1167653,v0.2.0
static-browser-server,1.1.0,39,D,UNVERIFIED_PUBLISH_PATH|BRANCH_REQUIRES_PR,2,1161092,v0.2.0
redux-logger,3.0.6,14,F,UNVERIFIED_PUBLISH_PATH|DORMANT|SINGLE_MAINTAINER|PUBLISHER_NOT_MAINTAINER,1,1157038,v0.2.0
lenis,1.3.25,46,D,UNVERIFIED_PUBLISH_PATH,2,1151952,v0.2.0
card-validator,10.0.4,38,D,UNVERIFIED_PUBLISH_PATH|SINGLE_MAINTAINER,1,1147985,v0.2.0
'@rc-component/resize-observer,1.1.2,39,D,UNVERIFIED_PUBLISH_PATH,5,1145077,v0.2.0
es5-shim,4.6.7,33,F,UNVERIFIED_PUBLISH_PATH|DORMANT,3,1144078,v0.2.0
react-big-calendar,1.20.0,39,D,UNVERIFIED_PUBLISH_PATH,3,1143507,v0.2.0
backbone,1.6.1,45,D,UNVERIFIED_PUBLISH_PATH,4,1141320,v0.2.0
m3u8-parser,7.2.0,28,F,UNVERIFIED_PUBLISH_PATH|DORMANT|PUBLISHER_NOT_MAINTAINER,20,1139826,v0.2.0
jsts,2.12.1,19,F,UNVERIFIED_PUBLISH_PATH|DORMANT|SINGLE_MAINTAINER,1,1139366,v0.2.0
turndown-plugin-gfm,1.0.2,19,F,UNVERIFIED_PUBLISH_PATH|DORMANT|SINGLE_MAINTAINER,1,1136991,v0.2.0
'@amplitude/ua-parser-js,0.7.33,28,F,UNVERIFIED_PUBLISH_PATH|DORMANT|PUBLISHER_NOT_MAINTAINER,6,1134117,v0.2.0
number-flow,0.6.2,20,F,UNVERIFIED_PUBLISH_PATH|SINGLE_MAINTAINER,1,1134050,v0.2.0
openpgp,6.3.1,45,D,UNVERIFIED_PUBLISH_PATH,5,1127908,v0.2.0
'@types/selenium-webdriver,4.35.6,33,F,UNVERIFIED_PUBLISH_PATH|SINGLE_MAINTAINER,1,1118874,v0.2.0
'@formkit/auto-animate,0.10.0,87,A,,4,1118338,v0.2.0
video.js,8.23.9,39,D,UNVERIFIED_PUBLISH_PATH,19,1118220,v0.2.0
'@rc-component/select,1.10.0,39,D,UNVERIFIED_PUBLISH_PATH,5,1114065,v0.2.0
'@rc-component/virtual-list,1.4.0,39,D,UNVERIFIED_PUBLISH_PATH,5,1112217,v0.2.0
'@rc-component/tree,1.3.2,39,D,UNVERIFIED_PUBLISH_PATH,5,1110929,v0.2.0
systemjs,6.15.1,33,F,UNVERIFIED_PUBLISH_PATH|DORMANT,2,1107756,v0.2.0
'@rc-component/slider,1.1.1,39,D,UNVERIFIED_PUBLISH_PATH,5,1107507,v0.2.0
'@rc-component/cascader,1.21.0,39,D,UNVERIFIED_PUBLISH_PATH,5,1106952,v0.2.0
proj4,2.20.9,83,B,INCONSISTENT_PUBLISH_PATH,2,1106703,v0.2.0
flexsearch,0.8.212,31,F,UNVERIFIED_PUBLISH_PATH|SINGLE_MAINTAINER,1,1105415,v0.2.0
chartjs-plugin-annotation,3.1.0,33,F,UNVERIFIED_PUBLISH_PATH|DORMANT,2,1102913,v0.2.0
jsrsasign,11.1.3,31,F,UNVERIFIED_PUBLISH_PATH|SINGLE_MAINTAINER,1,1102703,v0.2.0
'@rc-component/tooltip,1.5.0,39,D,UNVERIFIED_PUBLISH_PATH,5,1094662,v0.2.0
graphiql,5.2.4,93,A,,12,1094566,v0.2.0
hash-wasm,4.12.0,33,F,UNVERIFIED_PUBLISH_PATH|DORMANT,2,1092552,v0.2.0
'@rc-component/picker,1.11.0,39,D,UNVERIFIED_PUBLISH_PATH,5,1090807,v0.2.0
'@rc-component/drawer,1.4.2,39,D,UNVERIFIED_PUBLISH_PATH,5,1090252,v0.2.0
phoenix,1.8.9,83,B,INCONSISTENT_PUBLISH_PATH,3,1087911,v0.2.0
'@browserbasehq/stagehand,3.7.0,72,B,INCONSISTENT_PUBLISH_PATH,8,1084592,v0.2.0
'@fortawesome/free-brands-svg-icons,7.3.1,34,F,UNVERIFIED_PUBLISH_PATH,8,1082914,v0.2.0
ckeditor5,48.3.1,38,D,UNVERIFIED_PUBLISH_PATH|SINGLE_MAINTAINER,1,1082684,v0.2.0
react-native-maps,1.29.0,100,A,,16,1081687,v0.2.0
html2canvas-pro,2.2.4,58,C,INCONSISTENT_PUBLISH_PATH|SINGLE_MAINTAINER,1,1080981,v0.2.0
'@rc-component/menu,1.4.1,39,D,UNVERIFIED_PUBLISH_PATH,5,1078971,v0.2.0
'@rc-component/overflow,1.0.1,39,D,UNVERIFIED_PUBLISH_PATH,5,1077534,v0.2.0
'@rc-component/tabs,1.12.0,39,D,UNVERIFIED_PUBLISH_PATH,5,1075073,v0.2.0
'@rc-component/dropdown,1.0.3,39,D,UNVERIFIED_PUBLISH_PATH,5,1074430,v0.2.0
'@react-navigation/stack,7.10.14,39,D,UNVERIFIED_PUBLISH_PATH,6,1073726,v0.2.0
simple-statistics,7.9.3,68,C,SINGLE_MAINTAINER,1,1073386,v0.2.0
font-awesome,4.7.0,19,F,UNVERIFIED_PUBLISH_PATH|DORMANT|SINGLE_MAINTAINER,1,1071009,v0.2.0
'@rc-component/table,1.10.4,39,D,UNVERIFIED_PUBLISH_PATH,5,1070462,v0.2.0
'@rc-component/form,1.8.5,39,D,UNVERIFIED_PUBLISH_PATH,5,1069955,v0.2.0
'@uppy/core,5.2.0,45,D,UNVERIFIED_PUBLISH_PATH,4,1068751,v0.2.0
gpt-tokenizer,3.4.0,25,F,UNVERIFIED_PUBLISH_PATH|SINGLE_MAINTAINER,1,1067924,v0.2.0
utif,3.1.0,33,F,UNVERIFIED_PUBLISH_PATH|DORMANT,2,1066779,v0.2.0
docx-preview,0.4.0,25,F,UNVERIFIED_PUBLISH_PATH|SINGLE_MAINTAINER,1,1066477,v0.2.0
'@rc-component/dialog,1.10.0,39,D,UNVERIFIED_PUBLISH_PATH,5,1062832,v0.2.0
'@rc-component/tree-select,1.15.0,39,D,UNVERIFIED_PUBLISH_PATH,5,1062174,v0.2.0
'@microsoft/applicationinsights-properties-js,3.4.3,47,D,UNVERIFIED_PUBLISH_PATH,3,1062074,v0.2.0
'@rc-component/mentions,1.11.0,39,D,UNVERIFIED_PUBLISH_PATH,5,1061764,v0.2.0
msgpack-lite,0.1.26,19,F,UNVERIFIED_PUBLISH_PATH|DORMANT|SINGLE_MAINTAINER,1,1060105,v0.2.0
'@rc-component/input,1.3.1,39,D,UNVERIFIED_PUBLISH_PATH,5,1058602,v0.2.0
'@rc-component/pagination,1.5.0,39,D,UNVERIFIED_PUBLISH_PATH,5,1057381,v0.2.0
'@microsoft/applicationinsights-web,3.4.3,47,D,UNVERIFIED_PUBLISH_PATH,3,1056222,v0.2.0
'@microsoft/applicationinsights-analytics-js,3.4.3,47,D,UNVERIFIED_PUBLISH_PATH,3,1055883,v0.2.0
'@chakra-ui/theme,3.4.6,34,F,UNVERIFIED_PUBLISH_PATH|DORMANT,2,1054456,v0.2.0
webfontloader,1.6.28,33,F,UNVERIFIED_PUBLISH_PATH|DORMANT,2,1054200,v0.2.0
'@microsoft/applicationinsights-dependencies-js,3.4.3,47,D,UNVERIFIED_PUBLISH_PATH,3,1053212,v0.2.0
'@rc-component/notification,2.0.7,39,D,UNVERIFIED_PUBLISH_PATH,5,1052653,v0.2.0
tinymce,8.8.0,47,D,UNVERIFIED_PUBLISH_PATH,3,1052593,v0.2.0
libheif-js,1.19.8,25,F,UNVERIFIED_PUBLISH_PATH|SINGLE_MAINTAINER,1,1052469,v0.2.0
mpd-parser,1.4.0,39,D,UNVERIFIED_PUBLISH_PATH,18,1051943,v0.2.0
'@rc-component/image,1.10.0,39,D,UNVERIFIED_PUBLISH_PATH,5,1049668,v0.2.0
'@rc-component/upload,1.1.1,39,D,UNVERIFIED_PUBLISH_PATH,5,1049480,v0.2.0
'@zxcvbn-ts/core,4.1.2,31,F,UNVERIFIED_PUBLISH_PATH|SINGLE_MAINTAINER,1,1048050,v0.2.0
'@videojs/http-streaming,3.17.5,39,D,UNVERIFIED_PUBLISH_PATH,97,1045249,v0.2.0
'@rc-component/collapse,1.2.0,39,D,UNVERIFIED_PUBLISH_PATH,5,1041842,v0.2.0
'@turf/polygon-smooth,7.3.5,87,A,,8,1041665,v0.2.0
'@ckeditor/ckeditor5-widget,48.3.1,38,D,UNVERIFIED_PUBLISH_PATH|SINGLE_MAINTAINER,1,1040556,v0.2.0
'@hotwired/stimulus,3.2.2,39,D,UNVERIFIED_PUBLISH_PATH|DORMANT,6,1040173,v0.2.0
'@rc-component/progress,1.0.2,39,D,UNVERIFIED_PUBLISH_PATH,5,1037804,v0.2.0
vee-validate,4.15.1,62,C,SINGLE_MAINTAINER,1,1037311,v0.2.0
'@rc-component/input-number,1.6.2,39,D,UNVERIFIED_PUBLISH_PATH,5,1037309,v0.2.0
'@turf/rectangle-grid,7.3.5,87,A,,8,1036840,v0.2.0
'@restart/ui,1.9.4,39,D,UNVERIFIED_PUBLISH_PATH,3,1035658,v0.2.0
'@rc-component/rate,1.0.1,39,D,UNVERIFIED_PUBLISH_PATH,5,1035589,v0.2.0
'@rc-component/steps,1.2.2,39,D,UNVERIFIED_PUBLISH_PATH,5,1035382,v0.2.0
'@xterm/addon-webgl,0.19.0,25,F,UNVERIFIED_PUBLISH_PATH|SINGLE_MAINTAINER,1,1035359,v0.2.0
'@ckeditor/ckeditor5-enter,48.3.1,38,D,UNVERIFIED_PUBLISH_PATH|SINGLE_MAINTAINER,1,1034766,v0.2.0
transliteration,2.6.1,73,B,SINGLE_MAINTAINER,1,1029957,v0.2.0
nostics,1.2.0,72,B,INCONSISTENT_PUBLISH_PATH,3,1029245,v0.2.0
ismobilejs,1.1.1,19,F,UNVERIFIED_PUBLISH_PATH|DORMANT|SINGLE_MAINTAINER,1,1028818,v0.2.0
'@amplitude/session-replay-browser,1.47.4,89,A,,6,1028250,v0.2.0
'@turf/angle,7.3.5,87,A,,8,1026139,v0.2.0
'@turf/geojson-rbush,7.3.5,87,A,,8,1026127,v0.2.0
'@chenglou/pretext,0.0.8,31,F,UNVERIFIED_PUBLISH_PATH|SINGLE_MAINTAINER,1,1023651,v0.2.0
'@turf/distance-weight,7.3.5,87,A,,8,1020275,v0.2.0
'@ckeditor/ckeditor5-clipboard,48.3.1,38,D,UNVERIFIED_PUBLISH_PATH|SINGLE_MAINTAINER,1,1019600,v0.2.0
'@turf/moran-index,7.3.5,87,A,,8,1019348,v0.2.0
requestidlecallback,0.3.0,19,F,UNVERIFIED_PUBLISH_PATH|DORMANT|SINGLE_MAINTAINER,1,1015404,v0.2.0
h3-js,4.5.0,39,D,UNVERIFIED_PUBLISH_PATH,2,1014479,v0.2.0
'@amplitude/rrweb,2.1.3,82,B,,6,1014452,v0.2.0
'@amplitude/rrweb-snapshot,2.1.2,82,B,,6,1013396,v0.2.0
'@remotion/renderer,4.0.494,20,F,UNVERIFIED_PUBLISH_PATH|SINGLE_MAINTAINER,1,1010472,v0.2.0
url-search-params-polyfill,8.2.5,19,F,UNVERIFIED_PUBLISH_PATH|DORMANT|SINGLE_MAINTAINER,1,1008793,v0.2.0
'@hotwired/turbo,8.0.23,34,F,UNVERIFIED_PUBLISH_PATH,6,1004776,v0.2.0
ably,2.25.0,39,D,UNVERIFIED_PUBLISH_PATH,9,1004153,v0.2.0
heic2any,0.0.4,19,F,UNVERIFIED_PUBLISH_PATH|DORMANT|SINGLE_MAINTAINER,1,1003394,v0.2.0
js-binary-schema-parser,2.0.3,19,F,UNVERIFIED_PUBLISH_PATH|DORMANT|SINGLE_MAINTAINER,1,1001897,v0.2.0
'@amplitude/rrweb-packer,2.1.2,82,B,,6,996556,v0.2.0
react-apexcharts,2.1.1,77,B,INCONSISTENT_PUBLISH_PATH,2,996372,v0.2.0
'@ckeditor/ckeditor5-upload,48.3.1,38,D,UNVERIFIED_PUBLISH_PATH|SINGLE_MAINTAINER,1,996218,v0.2.0
geotiff,3.0.5,39,D,UNVERIFIED_PUBLISH_PATH,3,993800,v0.2.0
'@remotion/media-parser,4.0.494,20,F,UNVERIFIED_PUBLISH_PATH|SINGLE_MAINTAINER,1,993405,v0.2.0
'@ckeditor/ckeditor5-undo,48.3.1,38,D,UNVERIFIED_PUBLISH_PATH|SINGLE_MAINTAINER,1,992858,v0.2.0
keycloak-js,26.2.4,34,F,UNVERIFIED_PUBLISH_PATH,4,991601,v0.2.0
'@videojs/xhr,2.7.0,33,F,UNVERIFIED_PUBLISH_PATH|DORMANT,17,991000,v0.2.0
node,26.5.0,73,B,SINGLE_MAINTAINER,1,987562,v0.2.0
node-uuid,1.4.8,33,F,UNVERIFIED_PUBLISH_PATH|DORMANT|DEPRECATED,2,986925,v0.2.0
sweetalert2,11.26.25,79,B,SINGLE_MAINTAINER,1,986532,v0.2.0
hogan.js,3.0.2,33,F,UNVERIFIED_PUBLISH_PATH|DORMANT,2,986062,v0.2.0
'@turf/jsts,2.7.2,28,F,UNVERIFIED_PUBLISH_PATH|DORMANT|PUBLISHER_NOT_MAINTAINER,8,977917,v0.2.0
'@ckeditor/ckeditor5-select-all,48.3.1,38,D,UNVERIFIED_PUBLISH_PATH|SINGLE_MAINTAINER,1,977101,v0.2.0
vue-chartjs,5.3.4,20,F,UNVERIFIED_PUBLISH_PATH|SINGLE_MAINTAINER,1,976057,v0.2.0
'@antv/util,3.3.11,39,D,UNVERIFIED_PUBLISH_PATH,19,971575,v0.2.0
'@zxcvbn-ts/language-common,4.1.3,31,F,UNVERIFIED_PUBLISH_PATH|SINGLE_MAINTAINER,1,970341,v0.2.0
vuetify,4.1.5,93,A,,4,962288,v0.2.0
'@huggingface/tokenizers,0.1.3,87,A,,5,959286,v0.2.0
tocbot,4.36.8,25,F,UNVERIFIED_PUBLISH_PATH|SINGLE_MAINTAINER,1,955239,v0.2.0
animejs,4.5.0,25,F,UNVERIFIED_PUBLISH_PATH|SINGLE_MAINTAINER,1,955215,v0.2.0
'@wagmi/core,3.6.3,89,A,,2,954975,v0.2.0
mousetrap,1.6.5,33,F,UNVERIFIED_PUBLISH_PATH|DORMANT,2,945069,v0.2.0
'@rails/activestorage,8.1.300,94,A,,8,942294,v0.2.0
bezier-js,6.1.4,19,F,UNVERIFIED_PUBLISH_PATH|DORMANT|SINGLE_MAINTAINER,1,941867,v0.2.0
oauth-1.0a,2.2.6,19,F,UNVERIFIED_PUBLISH_PATH|DORMANT|SINGLE_MAINTAINER,1,939407,v0.2.0
embla-carousel-fade,8.6.0,25,F,UNVERIFIED_PUBLISH_PATH|SINGLE_MAINTAINER,1,939082,v0.2.0
nostr-tools,2.23.12,25,F,UNVERIFIED_PUBLISH_PATH|SINGLE_MAINTAINER,1,936223,v0.2.0
'@amplitude/rrweb-plugin-console-record,2.1.3,82,B,,6,936148,v0.2.0
'@fullcalendar/list,6.1.21,20,F,UNVERIFIED_PUBLISH_PATH|SINGLE_MAINTAINER,1,936136,v0.2.0
'@babel/standalone,8.0.4,78,B,INCONSISTENT_PUBLISH_PATH,4,935426,v0.2.0
color-space,2.3.2,39,D,UNVERIFIED_PUBLISH_PATH,6,935387,v0.2.0
promise.prototype.finally,3.1.8,33,F,UNVERIFIED_PUBLISH_PATH|DORMANT,2,933989,v0.2.0
smoothscroll-polyfill,0.4.4,33,F,UNVERIFIED_PUBLISH_PATH|DORMANT,3,932261,v0.2.0
'@mui/x-charts,9.10.0,95,A,,16,929772,v0.2.0
'@ark-ui/react,5.37.2,77,B,INCONSISTENT_PUBLISH_PATH,2,929379,v0.2.0
wheel-gestures,2.2.48,19,F,UNVERIFIED_PUBLISH_PATH|DORMANT|SINGLE_MAINTAINER,1,926019,v0.2.0
intl-tel-input,29.1.2,63,C,INCONSISTENT_PUBLISH_PATH|SINGLE_MAINTAINER,1,923335,v0.2.0
'@iconify-json/simple-icons,1.2.91,21,F,UNVERIFIED_PUBLISH_PATH|SINGLE_MAINTAINER,1,923310,v0.2.0
lucide-vue-next,1.0.0,68,C,SINGLE_MAINTAINER|DEPRECATED,1,922072,v0.2.0
fzstd,0.1.1,19,F,UNVERIFIED_PUBLISH_PATH|DORMANT|SINGLE_MAINTAINER,1,919598,v0.2.0
'@adobe/react-spectrum,3.47.2,39,D,UNVERIFIED_PUBLISH_PATH,2,919185,v0.2.0
'@chakra-ui/hooks,2.4.2,34,F,UNVERIFIED_PUBLISH_PATH|DORMANT,2,919031,v0.2.0
embla-carousel-wheel-gestures,8.1.0,20,F,UNVERIFIED_PUBLISH_PATH|SINGLE_MAINTAINER,1,916840,v0.2.0
'@openzeppelin/contracts,5.6.1,95,A,,7,915752,v0.2.0
geojson-equality-ts,1.0.2,51,C,DORMANT|SINGLE_MAINTAINER,1,912713,v0.2.0
ahooks,3.9.7,45,D,UNVERIFIED_PUBLISH_PATH,5,912689,v0.2.0
'@material/base,14.0.0,33,F,UNVERIFIED_PUBLISH_PATH|DORMANT,14,911751,v0.2.0
pizzip,3.2.0,25,F,UNVERIFIED_PUBLISH_PATH|SINGLE_MAINTAINER,1,904692,v0.2.0
'@opentelemetry/context-zone-peer-dep,2.9.0,94,A,,6,903960,v0.2.0
howler,2.2.4,19,F,UNVERIFIED_PUBLISH_PATH|DORMANT|SINGLE_MAINTAINER,1,903531,v0.2.0
'@material-ui/icons,4.11.3,15,F,UNVERIFIED_PUBLISH_PATH|DORMANT|SINGLE_MAINTAINER|PUBLISHER_NOT_MAINTAINER,1,898086,v0.2.0
'@amplitude/targeting,0.3.6,89,A,,6,897599,v0.2.0
'@okta/okta-auth-js,8.0.1,20,F,UNVERIFIED_PUBLISH_PATH|SINGLE_MAINTAINER,1,895228,v0.2.0
'@tanstack/query-sync-storage-persister,5.101.2,89,A,,3,893797,v0.2.0
'@hotwired/turbo-rails,8.0.23,34,F,UNVERIFIED_PUBLISH_PATH,6,891148,v0.2.0
javascript-obfuscator,5.5.0,25,F,UNVERIFIED_PUBLISH_PATH|SINGLE_MAINTAINER,1,887507,v0.2.0
jquery-ui,1.14.2,45,D,UNVERIFIED_PUBLISH_PATH,5,887498,v0.2.0
'@amplitude/plugin-custom-enrichment-browser,0.1.17,79,B,INCONSISTENT_PUBLISH_PATH,6,887061,v0.2.0
'@material/animation,14.0.0,33,F,UNVERIFIED_PUBLISH_PATH|DORMANT,14,886998,v0.2.0
chartjs-adapter-date-fns,3.0.0,19,F,UNVERIFIED_PUBLISH_PATH|DORMANT|SINGLE_MAINTAINER,1,886468,v0.2.0
'@growthbook/growthbook,1.6.5,45,D,UNVERIFIED_PUBLISH_PATH,2,886456,v0.2.0
groq-sdk,1.3.0,90,A,INCONSISTENT_PUBLISH_PATH,5,882810,v0.2.0
url-polyfill,1.1.14,25,F,UNVERIFIED_PUBLISH_PATH|SINGLE_MAINTAINER,1,882136,v0.2.0
fabric,7.4.0,83,B,INCONSISTENT_PUBLISH_PATH,2,879418,v0.2.0
validate.js,0.13.1,19,F,UNVERIFIED_PUBLISH_PATH|DORMANT|SINGLE_MAINTAINER,1,872047,v0.2.0
'@material/ripple,14.0.0,33,F,UNVERIFIED_PUBLISH_PATH|DORMANT,14,871705,v0.2.0
'@ckeditor/ckeditor5-font,48.3.1,38,D,UNVERIFIED_PUBLISH_PATH|SINGLE_MAINTAINER,1,871693,v0.2.0
'@ckeditor/ckeditor5-remove-format,48.3.1,38,D,UNVERIFIED_PUBLISH_PATH|SINGLE_MAINTAINER,1,869323,v0.2.0
'@primeuix/styles,3.0.0,30,F,UNVERIFIED_PUBLISH_PATH,2,868676,v0.2.0
'@flatten-js/interval-tree,2.0.3,57,C,SINGLE_MAINTAINER,1,867702,v0.2.0
pixi.js,8.19.0,94,A,,4,867139,v0.2.0
'@ckeditor/ckeditor5-alignment,48.3.1,38,D,UNVERIFIED_PUBLISH_PATH|SINGLE_MAINTAINER,1,866986,v0.2.0
'@tensorflow/tfjs-core,4.22.0,33,F,UNVERIFIED_PUBLISH_PATH|DORMANT,10,866831,v0.2.0
'@capacitor/synapse,1.0.4,35,D,UNVERIFIED_PUBLISH_PATH,18,866375,v0.2.0
ev-emitter,2.1.2,19,F,UNVERIFIED_PUBLISH_PATH|DORMANT|SINGLE_MAINTAINER,1,865698,v0.2.0
svg.js,2.7.1,33,F,UNVERIFIED_PUBLISH_PATH|DORMANT,3,864578,v0.2.0
lucide,1.25.0,68,C,SINGLE_MAINTAINER,1,864299,v0.2.0
'@opentelemetry/context-zone,2.9.0,94,A,,6,860987,v0.2.0
'@langchain/community,1.1.29,82,B,DEPRECATED,2,860568,v0.2.0
'@material/dom,14.0.0,33,F,UNVERIFIED_PUBLISH_PATH|DORMANT,14,858949,v0.2.0
currency.js,2.0.4,19,F,UNVERIFIED_PUBLISH_PATH|DORMANT|SINGLE_MAINTAINER,1,857308,v0.2.0
'@turf/boolean-valid,7.3.5,87,A,,8,856894,v0.2.0
reconnecting-websocket,4.4.0,19,F,UNVERIFIED_PUBLISH_PATH|DORMANT|SINGLE_MAINTAINER,1,855361,v0.2.0
daisyui,5.6.18,25,F,UNVERIFIED_PUBLISH_PATH|SINGLE_MAINTAINER,1,852390,v0.2.0
lightweight-charts,5.2.0,39,D,UNVERIFIED_PUBLISH_PATH,5,851815,v0.2.0
'@ckeditor/ckeditor5-code-block,48.3.1,38,D,UNVERIFIED_PUBLISH_PATH|SINGLE_MAINTAINER,1,848887,v0.2.0
'@ckeditor/ckeditor5-autosave,48.3.1,38,D,UNVERIFIED_PUBLISH_PATH|SINGLE_MAINTAINER,1,848773,v0.2.0
'@rive-app/canvas,2.38.5,87,A,BRANCH_REQUIRES_PR,5,848658,v0.2.0
'@ckeditor/ckeditor5-html-embed,48.3.1,38,D,UNVERIFIED_PUBLISH_PATH|SINGLE_MAINTAINER,1,846479,v0.2.0
react-scan,0.5.7,27,F,UNVERIFIED_PUBLISH_PATH|SINGLE_MAINTAINER,1,846159,v0.2.0
'@ckeditor/ckeditor5-horizontal-line,48.3.1,38,D,UNVERIFIED_PUBLISH_PATH|SINGLE_MAINTAINER,1,842711,v0.2.0
'@capacitor/preferences,8.0.1,69,C,REPO_LINKAGE_MISMATCH,18,842376,v0.2.0
'@ckeditor/ckeditor5-page-break,48.3.1,38,D,UNVERIFIED_PUBLISH_PATH|SINGLE_MAINTAINER,1,841753,v0.2.0
ssr-window,5.0.1,25,F,UNVERIFIED_PUBLISH_PATH|SINGLE_MAINTAINER,1,841373,v0.2.0
leaflet.markercluster,1.5.3,33,F,UNVERIFIED_PUBLISH_PATH|DORMANT,2,840956,v0.2.0
flag-icons,7.5.0,25,F,UNVERIFIED_PUBLISH_PATH|SINGLE_MAINTAINER,1,840069,v0.2.0
'@ckeditor/ckeditor5-restricted-editing,48.3.1,38,D,UNVERIFIED_PUBLISH_PATH|SINGLE_MAINTAINER,1,838240,v0.2.0
'@radix-ui/themes,3.3.0,82,B,,4,838165,v0.2.0
emotion,11.0.0,29,F,UNVERIFIED_PUBLISH_PATH|DORMANT|PUBLISHER_NOT_MAINTAINER,3,837341,v0.2.0
dom-mutator,0.7.0,29,F,UNVERIFIED_PUBLISH_PATH|DORMANT,2,837224,v0.2.0
'@ckeditor/ckeditor5-word-count,48.3.1,38,D,UNVERIFIED_PUBLISH_PATH|SINGLE_MAINTAINER,1,837082,v0.2.0
'@ckeditor/ckeditor5-source-editing,48.3.1,38,D,UNVERIFIED_PUBLISH_PATH|SINGLE_MAINTAINER,1,836043,v0.2.0
'@ckeditor/ckeditor5-special-characters,48.3.1,38,D,UNVERIFIED_PUBLISH_PATH|SINGLE_MAINTAINER,1,832097,v0.2.0
'@ckeditor/ckeditor5-html-support,48.3.1,38,D,UNVERIFIED_PUBLISH_PATH|SINGLE_MAINTAINER,1,831135,v0.2.0
docxtemplater,3.69.0,31,F,UNVERIFIED_PUBLISH_PATH|SINGLE_MAINTAINER,1,830388,v0.2.0
'@turf/boolean-touches,7.3.5,87,A,,8,830032,v0.2.0
'@ckeditor/ckeditor5-language,48.3.1,38,D,UNVERIFIED_PUBLISH_PATH|SINGLE_MAINTAINER,1,829481,v0.2.0
'@ckeditor/ckeditor5-highlight,48.3.1,38,D,UNVERIFIED_PUBLISH_PATH|SINGLE_MAINTAINER,1,829293,v0.2.0
'@ckeditor/ckeditor5-style,48.3.1,38,D,UNVERIFIED_PUBLISH_PATH|SINGLE_MAINTAINER,1,829078,v0.2.0
compromise,14.16.0,77,B,INCONSISTENT_PUBLISH_PATH,3,826776,v0.2.0
'@turf/nearest-neighbor-analysis,7.3.5,87,A,,8,825779,v0.2.0
'@turf/boolean-concave,7.3.5,87,A,,8,825689,v0.2.0
'@turf/quadrat-analysis,7.3.5,87,A,,8,824184,v0.2.0
'@icons-pack/react-simple-icons,13.13.0,68,C,SINGLE_MAINTAINER,1,823655,v0.2.0
'@amplitude/plugin-session-replay-browser,1.33.4,89,A,,6,823323,v0.2.0
'@whiskeysockets/baileys,7.0.0-rc13,83,B,INCONSISTENT_PUBLISH_PATH,3,822744,v0.2.0
'@ckeditor/ckeditor5-show-blocks,48.3.1,38,D,UNVERIFIED_PUBLISH_PATH|SINGLE_MAINTAINER,1,820939,v0.2.0
'@ckeditor/ckeditor5-find-and-replace,48.3.1,38,D,UNVERIFIED_PUBLISH_PATH|SINGLE_MAINTAINER,1,819808,v0.2.0
dashjs,5.2.0,39,D,UNVERIFIED_PUBLISH_PATH,4,818576,v0.2.0
'@twilio/voice-sdk,2.18.3,34,F,UNVERIFIED_PUBLISH_PATH|PUBLISHER_NOT_MAINTAINER,3,815779,v0.2.0
'@ckeditor/ckeditor5-list,48.3.1,38,D,UNVERIFIED_PUBLISH_PATH|SINGLE_MAINTAINER,1,815160,v0.2.0
rss-parser,3.13.0,19,F,UNVERIFIED_PUBLISH_PATH|DORMANT|SINGLE_MAINTAINER,1,815060,v0.2.0
'@grafana/faro-web-sdk,2.8.2,94,A,BRANCH_REQUIRES_SIGNATURES|BRANCH_REQUIRES_PR,2,813528,v0.2.0
'@expo-google-fonts/inter,0.4.2,39,D,UNVERIFIED_PUBLISH_PATH,4,812784,v0.2.0
bootstrap-icons,1.13.1,39,D,UNVERIFIED_PUBLISH_PATH,3,811422,v0.2.0
'@ckeditor/ckeditor5-image,48.3.1,38,D,UNVERIFIED_PUBLISH_PATH|SINGLE_MAINTAINER,1,811345,v0.2.0
postprocessing,6.39.3,73,B,SINGLE_MAINTAINER,1,809899,v0.2.0
'@ckeditor/ckeditor5-table,48.3.1,38,D,UNVERIFIED_PUBLISH_PATH|SINGLE_MAINTAINER,1,807335,v0.2.0
aws-crt,1.32.2,34,F,UNVERIFIED_PUBLISH_PATH,2,806873,v0.2.0
countup.js,2.10.1,25,F,UNVERIFIED_PUBLISH_PATH|SINGLE_MAINTAINER,1,800860,v0.2.0
'@grafana/faro-core,2.8.2,94,A,BRANCH_REQUIRES_SIGNATURES|BRANCH_REQUIRES_PR,2,800110,v0.2.0
'@ckeditor/ckeditor5-link,48.3.1,38,D,UNVERIFIED_PUBLISH_PATH|SINGLE_MAINTAINER,1,797552,v0.2.0
'@ckeditor/ckeditor5-heading,48.3.1,38,D,UNVERIFIED_PUBLISH_PATH|SINGLE_MAINTAINER,1,797291,v0.2.0
'@aws-sdk/client-rds-data,3.1090.0,41,D,UNVERIFIED_PUBLISH_PATH,2,796642,v0.2.0
'@aws-sdk/md5-js,3.374.0,35,D,UNVERIFIED_PUBLISH_PATH|DORMANT|DEPRECATED|BRANCH_REQUIRES_PR,2,795065,v0.2.0
braintree-web,3.143.0,25,F,UNVERIFIED_PUBLISH_PATH|SINGLE_MAINTAINER,1,790008,v0.2.0
'@zxing/browser,0.2.1,82,B,,2,786614,v0.2.0
bwip-js,4.11.2,39,D,UNVERIFIED_PUBLISH_PATH,2,785619,v0.2.0
'@primeuix/themes,3.0.0,30,F,UNVERIFIED_PUBLISH_PATH,2,785377,v0.2.0
'@coinbase/cdp-sdk,1.53.0,78,B,INCONSISTENT_PUBLISH_PATH,2,784529,v0.2.0
'@ckeditor/ckeditor5-basic-styles,48.3.1,38,D,UNVERIFIED_PUBLISH_PATH|SINGLE_MAINTAINER,1,784064,v0.2.0
bson-objectid,2.0.4,33,F,UNVERIFIED_PUBLISH_PATH|DORMANT,3,782615,v0.2.0
primeng,22.0.0,30,F,UNVERIFIED_PUBLISH_PATH,4,782570,v0.2.0
'@amplitude/plugin-event-property-attribution-browser,0.2.9,79,B,INCONSISTENT_PUBLISH_PATH,6,780647,v0.2.0
'@aws-sdk/util-utf8,3.374.0,35,D,UNVERIFIED_PUBLISH_PATH|DORMANT|DEPRECATED|BRANCH_REQUIRES_PR,2,779691,v0.2.0
'@ckeditor/ckeditor5-media-embed,48.3.1,38,D,UNVERIFIED_PUBLISH_PATH|SINGLE_MAINTAINER,1,779439,v0.2.0
autosize,6.0.1,19,F,UNVERIFIED_PUBLISH_PATH|DORMANT|SINGLE_MAINTAINER,1,778324,v0.2.0
binaryen,131.0.0,87,A,,2,773993,v0.2.0
jalaali-js,2.0.0,25,F,UNVERIFIED_PUBLISH_PATH|SINGLE_MAINTAINER,1,771743,v0.2.0
'@ckeditor/ckeditor5-indent,48.3.1,38,D,UNVERIFIED_PUBLISH_PATH|SINGLE_MAINTAINER,1,771405,v0.2.0
'@ckeditor/ckeditor5-autoformat,48.3.1,38,D,UNVERIFIED_PUBLISH_PATH|SINGLE_MAINTAINER,1,771297,v0.2.0
'@docsearch/js,4.6.3,46,D,UNVERIFIED_PUBLISH_PATH,5,771003,v0.2.0
vanilla-colorful,0.7.2,19,F,UNVERIFIED_PUBLISH_PATH|DORMANT|SINGLE_MAINTAINER,1,770510,v0.2.0
'@deck.gl/core,9.3.7,39,D,UNVERIFIED_PUBLISH_PATH,5,770095,v0.2.0
'@ckeditor/ckeditor5-block-quote,48.3.1,38,D,UNVERIFIED_PUBLISH_PATH|SINGLE_MAINTAINER,1,769285,v0.2.0
countries-list,3.4.1,80,B,SINGLE_MAINTAINER,1,769096,v0.2.0
date-holidays,3.33.0,20,F,UNVERIFIED_PUBLISH_PATH|SINGLE_MAINTAINER,1,768183,v0.2.0
n-gram,2.0.2,33,F,UNVERIFIED_PUBLISH_PATH|DORMANT,2,767428,v0.2.0
'@rails/ujs,7.1.3-4,40,D,UNVERIFIED_PUBLISH_PATH|DORMANT,8,762651,v0.2.0
'@fontsource/jetbrains-mono,5.3.0,81,B,,2,759248,v0.2.0
speech-rule-engine,5.0.0-rc.4,20,F,UNVERIFIED_PUBLISH_PATH|SINGLE_MAINTAINER,1,758892,v0.2.0
web3,4.16.0,27,F,UNVERIFIED_PUBLISH_PATH|DORMANT|SINGLE_MAINTAINER|PUBLISHER_NOT_MAINTAINER,1,757551,v0.2.0
react-responsive-carousel,3.2.23,19,F,UNVERIFIED_PUBLISH_PATH|DORMANT|SINGLE_MAINTAINER,1,757462,v0.2.0
countries-and-timezones,3.9.0,25,F,UNVERIFIED_PUBLISH_PATH|SINGLE_MAINTAINER|BRANCH_REQUIRES_PR,1,750478,v0.2.0
astronomia,4.2.0,20,F,UNVERIFIED_PUBLISH_PATH|SINGLE_MAINTAINER,1,750434,v0.2.0
'@ckeditor/ckeditor5-ckfinder,48.3.1,38,D,UNVERIFIED_PUBLISH_PATH|SINGLE_MAINTAINER,1,750019,v0.2.0
dot,1.1.3,33,F,UNVERIFIED_PUBLISH_PATH|DORMANT,2,749828,v0.2.0
select2,4.1.0,73,B,SINGLE_MAINTAINER|BRANCH_REQUIRES_PR,1,746998,v0.2.0
'@pinecone-database/pinecone,8.0.0,73,B,SINGLE_MAINTAINER,1,746062,v0.2.0
'@microsoft/applicationinsights-cfgsync-js,3.4.3,47,D,UNVERIFIED_PUBLISH_PATH,3,741119,v0.2.0
'@medv/finder,4.0.2,19,F,UNVERIFIED_PUBLISH_PATH|DORMANT|SINGLE_MAINTAINER,1,740248,v0.2.0
numbro,2.5.0,33,F,UNVERIFIED_PUBLISH_PATH|DORMANT,2,738843,v0.2.0
'@huggingface/tasks,0.21.26,89,A,,5,736912,v0.2.0
'@phosphor-icons/core,2.1.1,14,F,UNVERIFIED_PUBLISH_PATH|DORMANT|SINGLE_MAINTAINER,1,736059,v0.2.0
morphdom,2.7.8,39,D,UNVERIFIED_PUBLISH_PATH,6,735185,v0.2.0
ol,10.9.0,77,B,INCONSISTENT_PUBLISH_PATH,3,732131,v0.2.0
hi-base32,0.5.1,19,F,UNVERIFIED_PUBLISH_PATH|DORMANT|SINGLE_MAINTAINER,1,731309,v0.2.0
'@svgdotjs/svg.js,3.2.7,39,D,UNVERIFIED_PUBLISH_PATH,2,731091,v0.2.0
react-ace,14.0.1,25,F,UNVERIFIED_PUBLISH_PATH|SINGLE_MAINTAINER,1,729647,v0.2.0
'@azure/cosmos,4.9.3,47,D,UNVERIFIED_PUBLISH_PATH,3,725889,v0.2.0
typesense,3.0.6,39,D,UNVERIFIED_PUBLISH_PATH,4,723006,v0.2.0
react-phone-input-2,2.15.1,19,F,UNVERIFIED_PUBLISH_PATH|DORMANT|SINGLE_MAINTAINER,1,721241,v0.2.0
plotly.js,3.7.0,45,D,UNVERIFIED_PUBLISH_PATH,14,720569,v0.2.0
markdown-it-emoji,3.0.0,19,F,UNVERIFIED_PUBLISH_PATH|DORMANT|SINGLE_MAINTAINER,1,720375,v0.2.0
'@revenuecat/purchases-js,1.47.3,46,D,UNVERIFIED_PUBLISH_PATH,12,719883,v0.2.0
vega-lite,6.4.3,46,D,UNVERIFIED_PUBLISH_PATH,6,719732,v0.2.0
wicked-good-xpath,1.3.0,19,F,UNVERIFIED_PUBLISH_PATH|DORMANT|SINGLE_MAINTAINER,1,719305,v0.2.0
trigram-utils,2.0.1,19,F,UNVERIFIED_PUBLISH_PATH|DORMANT|SINGLE_MAINTAINER,1,718333,v0.2.0
expo-sqlite,57.0.1,45,D,UNVERIFIED_PUBLISH_PATH,11,717653,v0.2.0
ionicons,8.0.13,76,B,,4,716607,v0.2.0
'@amplitude/analytics-remote-config,0.6.3,46,D,UNVERIFIED_PUBLISH_PATH,6,716124,v0.2.0
'@scalar/snippetz,0.9.23,89,A,,8,716078,v0.2.0
embla-carousel-auto-scroll,8.6.0,25,F,UNVERIFIED_PUBLISH_PATH|SINGLE_MAINTAINER,1,715196,v0.2.0
vega,6.2.0,52,C,UNVERIFIED_PUBLISH_PATH,5,714751,v0.2.0
force-graph,1.51.4,25,F,UNVERIFIED_PUBLISH_PATH|SINGLE_MAINTAINER,1,714428,v0.2.0
'@ckeditor/ckeditor5-ckbox,48.3.1,38,D,UNVERIFIED_PUBLISH_PATH|SINGLE_MAINTAINER,1,713871,v0.2.0
datatables.net,2.3.8,25,F,UNVERIFIED_PUBLISH_PATH|SINGLE_MAINTAINER,1,707207,v0.2.0
emojibase-data,17.0.0,25,F,UNVERIFIED_PUBLISH_PATH|SINGLE_MAINTAINER,1,707114,v0.2.0
hyparquet,1.26.2,39,D,UNVERIFIED_PUBLISH_PATH,2,703617,v0.2.0
'@fontsource/ibm-plex-mono,5.3.0,81,B,,2,698508,v0.2.0
'@elevenlabs/client,1.15.1,82,B,,5,697965,v0.2.0
'@tensorflow/tfjs-backend-cpu,4.22.0,33,F,UNVERIFIED_PUBLISH_PATH|DORMANT,10,697815,v0.2.0
'@microsoft/teams-js,2.54.0,47,D,UNVERIFIED_PUBLISH_PATH,4,690114,v0.2.0
svg-pan-zoom,3.6.2,33,F,UNVERIFIED_PUBLISH_PATH|DORMANT,3,687705,v0.2.0
element-plus,2.14.3,94,A,,2,687603,v0.2.0
simple-icons,16.27.0,87,A,,4,687428,v0.2.0
'@elevenlabs/elevenlabs-js,2.58.0,87,A,,5,686439,v0.2.0
hls-video-element,1.5.11,81,B,,4,686063,v0.2.0
get-size,3.0.0,19,F,UNVERIFIED_PUBLISH_PATH|DORMANT|SINGLE_MAINTAINER,1,686055,v0.2.0
'@mdi/font,7.4.47,33,F,UNVERIFIED_PUBLISH_PATH|DORMANT,6,683066,v0.2.0
'@scalar/workspace-store,0.55.6,89,A,,8,677257,v0.2.0
'@scalar/components,0.27.9,89,A,,8,673875,v0.2.0
'@vuepic/vue-datepicker,14.0.0,26,F,UNVERIFIED_PUBLISH_PATH|SINGLE_MAINTAINER,1,673150,v0.2.0
laravel-echo,2.4.0,68,C,SINGLE_MAINTAINER,1,671993,v0.2.0
mathjax-full,3.2.2,19,F,UNVERIFIED_PUBLISH_PATH|DORMANT|SINGLE_MAINTAINER|DEPRECATED,1,670286,v0.2.0
jsonp,0.2.1,33,F,UNVERIFIED_PUBLISH_PATH|DORMANT,3,669910,v0.2.0
'@scalar/icons,0.7.5,89,A,,8,669660,v0.2.0
overlayscrollbars,2.16.0,25,F,UNVERIFIED_PUBLISH_PATH|SINGLE_MAINTAINER,1,669602,v0.2.0
vis-network,10.1.0,39,D,UNVERIFIED_PUBLISH_PATH,4,669578,v0.2.0
videojs-contrib-quality-levels,4.1.0,33,F,UNVERIFIED_PUBLISH_PATH|DORMANT,21,668584,v0.2.0
'@pagefind/default-ui,1.5.2,81,B,SINGLE_MAINTAINER,1,668557,v0.2.0
'@fontsource-variable/jetbrains-mono,5.3.0,81,B,,2,668025,v0.2.0
primevue,5.0.0,30,F,UNVERIFIED_PUBLISH_PATH,3,667290,v0.2.0
moment-duration-format,2.3.2,19,F,UNVERIFIED_PUBLISH_PATH|DORMANT|SINGLE_MAINTAINER,1,664557,v0.2.0
animate.css,4.1.1,39,D,UNVERIFIED_PUBLISH_PATH|DORMANT,2,662283,v0.2.0
'@sqlite.org/sqlite-wasm,3.53.0-build1,39,D,UNVERIFIED_PUBLISH_PATH,2,659720,v0.2.0
'@grafana/faro-web-tracing,2.8.2,94,A,,2,657914,v0.2.0
intl,1.2.5,33,F,UNVERIFIED_PUBLISH_PATH|DORMANT,2,654633,v0.2.0
'@types/less,3.0.8,33,F,UNVERIFIED_PUBLISH_PATH|SINGLE_MAINTAINER,1,654394,v0.2.0
store,2.0.12,19,F,UNVERIFIED_PUBLISH_PATH|DORMANT|SINGLE_MAINTAINER,1,652996,v0.2.0
dom7,4.0.6,19,F,UNVERIFIED_PUBLISH_PATH|DORMANT|SINGLE_MAINTAINER,1,651456,v0.2.0
number-to-words,1.2.4,19,F,UNVERIFIED_PUBLISH_PATH|DORMANT|SINGLE_MAINTAINER,1,647389,v0.2.0
'@hugeicons/core-free-icons,4.2.2,16,F,UNVERIFIED_PUBLISH_PATH|SINGLE_MAINTAINER,1,644185,v0.2.0
iframe-resizer,5.5.9,31,F,UNVERIFIED_PUBLISH_PATH|SINGLE_MAINTAINER,1,642854,v0.2.0
'@material/button,14.0.0,33,F,UNVERIFIED_PUBLISH_PATH|DORMANT,14,640041,v0.2.0
adaptivecards,3.0.6,38,D,UNVERIFIED_PUBLISH_PATH|SINGLE_MAINTAINER|BRANCH_REQUIRES_PR,1,638736,v0.2.0
'@webcomponents/custom-elements,1.6.0,41,D,UNVERIFIED_PUBLISH_PATH|DORMANT,6,636518,v0.2.0
'@revenuecat/purchases-js-hybrid-mappings,18.22.2,46,D,UNVERIFIED_PUBLISH_PATH,12,636427,v0.2.0
dropzone,6.0.0-beta.2,19,F,UNVERIFIED_PUBLISH_PATH|DORMANT|SINGLE_MAINTAINER,1,635453,v0.2.0
'@scalar/typebox,0.1.3,34,F,UNVERIFIED_PUBLISH_PATH,8,635109,v0.2.0
'@tensorflow/tfjs-converter,4.22.0,33,F,UNVERIFIED_PUBLISH_PATH|DORMANT,10,633816,v0.2.0
instantsearch.js,4.106.0,39,D,UNVERIFIED_PUBLISH_PATH,7,630549,v0.2.0
'@deepgram/sdk,5.6.0,46,D,UNVERIFIED_PUBLISH_PATH,4,627460,v0.2.0
'@mapbox/polyline,1.2.1,33,F,UNVERIFIED_PUBLISH_PATH|DORMANT,28,625797,v0.2.0
'@react-three/postprocessing,3.0.4,34,F,UNVERIFIED_PUBLISH_PATH,5,625623,v0.2.0
'@uppy/dashboard,5.1.1,45,D,UNVERIFIED_PUBLISH_PATH,4,624751,v0.2.0
polygon-clipping,0.15.7,19,F,UNVERIFIED_PUBLISH_PATH|DORMANT|SINGLE_MAINTAINER,1,620784,v0.2.0
jsencrypt,3.5.4,25,F,UNVERIFIED_PUBLISH_PATH|SINGLE_MAINTAINER,1,616388,v0.2.0
pica,10.0.2,25,F,UNVERIFIED_PUBLISH_PATH|SINGLE_MAINTAINER,1,614835,v0.2.0
interactjs,1.10.27,19,F,UNVERIFIED_PUBLISH_PATH|DORMANT|SINGLE_MAINTAINER,1,614711,v0.2.0
custom-event-polyfill,1.0.7,33,F,UNVERIFIED_PUBLISH_PATH|DORMANT,2,614051,v0.2.0
alpinejs,3.15.12,63,C,INCONSISTENT_PUBLISH_PATH|SINGLE_MAINTAINER,1,612616,v0.2.0
interval-tree-1d,1.0.4,19,F,UNVERIFIED_PUBLISH_PATH|DORMANT|SINGLE_MAINTAINER,1,609014,v0.2.0
'@shopify/graphql-client,1.4.2,89,A,,6,608205,v0.2.0
flowbite,4.0.2,25,F,UNVERIFIED_PUBLISH_PATH|SINGLE_MAINTAINER,1,607048,v0.2.0
vanilla-picker,2.12.3,19,F,UNVERIFIED_PUBLISH_PATH|DORMANT|SINGLE_MAINTAINER,1,605787,v0.2.0
'@vscode/codicons,0.0.45,40,D,UNVERIFIED_PUBLISH_PATH,6,603894,v0.2.0
blueimp-canvas-to-blob,3.29.0,19,F,UNVERIFIED_PUBLISH_PATH|DORMANT|SINGLE_MAINTAINER,1,600522,v0.2.0
ngx-toastr,20.0.5,73,B,SINGLE_MAINTAINER,1,597133,v0.2.0
angular,1.8.3,25,F,UNVERIFIED_PUBLISH_PATH|DORMANT|SINGLE_MAINTAINER|DEPRECATED,1,595570,v0.2.0
i18n-js,4.5.3,32,F,UNVERIFIED_PUBLISH_PATH|SINGLE_MAINTAINER,1,591549,v0.2.0
youtube-video-element,1.9.0,81,B,,4,591303,v0.2.0
tablesort,5.7.1,25,F,UNVERIFIED_PUBLISH_PATH|SINGLE_MAINTAINER,1,591154,v0.2.0
'@fontsource/open-sans,5.3.0,81,B,,2,590878,v0.2.0
xlsx-js-style,1.2.0,19,F,UNVERIFIED_PUBLISH_PATH|DORMANT|SINGLE_MAINTAINER,1,589326,v0.2.0
isoformat,0.2.1,19,F,UNVERIFIED_PUBLISH_PATH|DORMANT|SINGLE_MAINTAINER,1,586706,v0.2.0
'@ffmpeg/ffmpeg,0.12.15,28,F,UNVERIFIED_PUBLISH_PATH|DORMANT,3,586658,v0.2.0
'@fingerprintjs/fingerprintjs-pro,3.12.12,35,D,UNVERIFIED_PUBLISH_PATH,2,584342,v0.2.0
vimeo-video-element,1.7.2,81,B,,2,584160,v0.2.0
'@fontsource/poppins,5.3.0,81,B,,2,583009,v0.2.0
react-dates,21.8.0,33,F,UNVERIFIED_PUBLISH_PATH|DORMANT,7,582342,v0.2.0
'@amplitude/experiment-js-client,1.21.3,87,A,,6,581604,v0.2.0
unique-names-generator,4.7.1,14,F,UNVERIFIED_PUBLISH_PATH|DORMANT|SINGLE_MAINTAINER,1,581118,v0.2.0
'@xenova/transformers,2.17.2,19,F,UNVERIFIED_PUBLISH_PATH|DORMANT|SINGLE_MAINTAINER,1,580294,v0.2.0
cloudflare-video-element,1.3.5,71,B,,2,579729,v0.2.0
trix,2.1.19,39,D,UNVERIFIED_PUBLISH_PATH,5,579129,v0.2.0
'@observablehq/plot,0.6.17,39,D,UNVERIFIED_PUBLISH_PATH,4,578940,v0.2.0
super-media-element,1.4.2,65,C,DORMANT,2,578074,v0.2.0
google-proto-files,5.0.2,32,F,UNVERIFIED_PUBLISH_PATH|SINGLE_MAINTAINER,1,574078,v0.2.0
twig,3.0.0,39,D,UNVERIFIED_PUBLISH_PATH,7,573017,v0.2.0
'@element-plus/icons-vue,2.3.2,72,B,,3,572168,v0.2.0
arc,1.0.0,39,D,UNVERIFIED_PUBLISH_PATH,3,571020,v0.2.0
qr-code-styling,1.9.2,25,F,UNVERIFIED_PUBLISH_PATH|SINGLE_MAINTAINER,1,570891,v0.2.0
'@mapbox/mapbox-gl-draw,1.5.1,46,D,UNVERIFIED_PUBLISH_PATH,28,570009,v0.2.0
'@phosphor-icons/webcomponents,2.1.5,28,F,UNVERIFIED_PUBLISH_PATH|DORMANT,2,569949,v0.2.0
focus-visible,5.2.1,33,F,UNVERIFIED_PUBLISH_PATH|DORMANT,2,567450,v0.2.0
payload,3.86.0,47,D,UNVERIFIED_PUBLISH_PATH,11,566691,v0.2.0
'@fluentui/react-icons,2.0.333,52,C,UNVERIFIED_PUBLISH_PATH,10,565894,v0.2.0
node-vibrant,4.0.4,39,D,UNVERIFIED_PUBLISH_PATH,2,564456,v0.2.0
scriptjs,2.5.9,33,F,UNVERIFIED_PUBLISH_PATH|DORMANT,2,563940,v0.2.0
'@scalar/api-client,3.13.7,89,A,,8,562197,v0.2.0
automation-events,8.0.1,25,F,UNVERIFIED_PUBLISH_PATH|SINGLE_MAINTAINER,1,558045,v0.2.0
geolib,3.3.14,73,B,SINGLE_MAINTAINER,1,556431,v0.2.0
'@atlaskit/primitives,22.0.0,16,F,UNVERIFIED_PUBLISH_PATH|SINGLE_MAINTAINER,1,554153,v0.2.0
markdown-it-sup,2.0.0,19,F,UNVERIFIED_PUBLISH_PATH|DORMANT|SINGLE_MAINTAINER,1,553673,v0.2.0
vue-virtual-scroller,3.0.4,20,F,UNVERIFIED_PUBLISH_PATH|SINGLE_MAINTAINER,1,550573,v0.2.0
'@iconify-json/lucide,1.2.118,21,F,UNVERIFIED_PUBLISH_PATH|SINGLE_MAINTAINER,1,545737,v0.2.0
gridstack,13.0.0,39,D,UNVERIFIED_PUBLISH_PATH,3,544698,v0.2.0
'@typeform/embed,6.0.0,94,A,,2,544681,v0.2.0
ogl,1.0.11,25,F,UNVERIFIED_PUBLISH_PATH|SINGLE_MAINTAINER,1,544289,v0.2.0
'@ng-select/ng-select,23.4.0,77,B,INCONSISTENT_PUBLISH_PATH,2,543909,v0.2.0
'@tensorflow/tfjs-backend-webgl,4.22.0,33,F,UNVERIFIED_PUBLISH_PATH|DORMANT,10,543100,v0.2.0
cldrjs,0.5.5,19,F,UNVERIFIED_PUBLISH_PATH|DORMANT|SINGLE_MAINTAINER,1,542243,v0.2.0
'@daily-co/daily-js,0.91.0,35,D,UNVERIFIED_PUBLISH_PATH,15,540689,v0.2.0
'@mdi/js,7.4.47,33,F,UNVERIFIED_PUBLISH_PATH|DORMANT,6,540194,v0.2.0
'@openrouter/sdk,0.13.66,77,B,INCONSISTENT_PUBLISH_PATH,7,539527,v0.2.0
standardized-audio-context,25.3.77,19,F,UNVERIFIED_PUBLISH_PATH|DORMANT|SINGLE_MAINTAINER,1,539180,v0.2.0
markdown-it-footnote,4.0.0,19,F,UNVERIFIED_PUBLISH_PATH|DORMANT|SINGLE_MAINTAINER,1,537192,v0.2.0
hashids,2.3.0,33,F,UNVERIFIED_PUBLISH_PATH|DORMANT,2,536644,v0.2.0
downloadjs,1.4.7,19,F,UNVERIFIED_PUBLISH_PATH|DORMANT|SINGLE_MAINTAINER,1,536583,v0.2.0
pmtiles,4.4.1,21,F,UNVERIFIED_PUBLISH_PATH|SINGLE_MAINTAINER,1,536087,v0.2.0
'@formatjs/intl-relativetimeformat,12.3.13,82,B,,3,535961,v0.2.0
'@capacitor/network,8.0.1,69,C,REPO_LINKAGE_MISMATCH,18,534926,v0.2.0
'@rrweb/record,2.1.0,83,B,INCONSISTENT_PUBLISH_PATH,2,533477,v0.2.0
instantsearch-ui-components,0.33.1,39,D,UNVERIFIED_PUBLISH_PATH,6,530160,v0.2.0
'@blueprintjs/icons,6.13.0,15,F,UNVERIFIED_PUBLISH_PATH|SINGLE_MAINTAINER|PUBLISHER_NOT_MAINTAINER,1,529926,v0.2.0
'@ckeditor/ckeditor5-emoji,48.3.1,38,D,UNVERIFIED_PUBLISH_PATH|SINGLE_MAINTAINER,1,529208,v0.2.0
floating-vue,5.2.2,28,F,UNVERIFIED_PUBLISH_PATH|DORMANT,2,529011,v0.2.0
photoswipe,5.4.4,19,F,UNVERIFIED_PUBLISH_PATH|DORMANT|SINGLE_MAINTAINER,1,527726,v0.2.0
bootstrap.native,5.1.10,62,C,SINGLE_MAINTAINER,1,526286,v0.2.0
split.js,1.6.5,19,F,UNVERIFIED_PUBLISH_PATH|DORMANT|SINGLE_MAINTAINER,1,526247,v0.2.0
'@scalar/api-reference,1.62.9,89,A,,8,526108,v0.2.0
react-list,0.8.19,25,F,UNVERIFIED_PUBLISH_PATH|SINGLE_MAINTAINER,1,523952,v0.2.0
vega-embed,7.1.0,39,D,UNVERIFIED_PUBLISH_PATH,6,523233,v0.2.0
moment-range,4.0.2,28,F,UNVERIFIED_PUBLISH_PATH|DORMANT,4,523154,v0.2.0
'@cfcs/core,0.1.0,19,F,UNVERIFIED_PUBLISH_PATH|DORMANT|SINGLE_MAINTAINER,1,521754,v0.2.0
xterm,5.3.0,33,F,UNVERIFIED_PUBLISH_PATH|DORMANT|DEPRECATED,2,520917,v0.2.0
loadjs,4.3.0,19,F,UNVERIFIED_PUBLISH_PATH|DORMANT|SINGLE_MAINTAINER,1,520201,v0.2.0
'@mermaid-js/layout-elk,0.2.2,82,B,,6,519674,v0.2.0
'@egjs/list-differ,1.0.1,33,F,UNVERIFIED_PUBLISH_PATH|DORMANT,12,519298,v0.2.0
markdown-it-container,4.0.0,19,F,UNVERIFIED_PUBLISH_PATH|DORMANT|SINGLE_MAINTAINER,1,518784,v0.2.0
rollbar,3.1.0,45,D,UNVERIFIED_PUBLISH_PATH,4,516859,v0.2.0
humanize,0.0.9,14,F,UNVERIFIED_PUBLISH_PATH|DORMANT|SINGLE_MAINTAINER,1,516537,v0.2.0
colorthief,3.4.0,25,F,UNVERIFIED_PUBLISH_PATH|SINGLE_MAINTAINER,1,516281,v0.2.0
simplebar,6.3.3,25,F,UNVERIFIED_PUBLISH_PATH|SINGLE_MAINTAINER,1,513691,v0.2.0
embla-carousel-auto-height,8.6.0,25,F,UNVERIFIED_PUBLISH_PATH|SINGLE_MAINTAINER,1,511864,v0.2.0
diff2html,3.4.56,31,F,UNVERIFIED_PUBLISH_PATH|SINGLE_MAINTAINER,1,511826,v0.2.0
'@contentful/live-preview,4.10.12,46,D,UNVERIFIED_PUBLISH_PATH,4,511214,v0.2.0
web-haptics,0.0.6,20,F,UNVERIFIED_PUBLISH_PATH|SINGLE_MAINTAINER,1,508119,v0.2.0
mutationobserver-shim,0.3.7,19,F,UNVERIFIED_PUBLISH_PATH|DORMANT|SINGLE_MAINTAINER,1,504525,v0.2.0
'@fontsource-variable/geist-mono,5.3.0,81,B,,2,502312,v0.2.0
'@vuelidate/core,2.0.3,39,D,UNVERIFIED_PUBLISH_PATH|DORMANT,3,502167,v0.2.0
'@vuelidate/validators,2.0.4,39,D,UNVERIFIED_PUBLISH_PATH|DORMANT,3,499684,v0.2.0
'@unhead/dom,3.2.1,74,B,SINGLE_MAINTAINER,1,499449,v0.2.0
unleash-proxy-client,3.8.0,39,D,UNVERIFIED_PUBLISH_PATH,3,495487,v0.2.0
qunit,2.26.0,45,D,UNVERIFIED_PUBLISH_PATH,5,492876,v0.2.0
'@egjs/children-differ,1.0.1,33,F,UNVERIFIED_PUBLISH_PATH|DORMANT,12,492572,v0.2.0
'@egjs/component,3.0.5,33,F,UNVERIFIED_PUBLISH_PATH|DORMANT,12,490919,v0.2.0
'@paper-design/shaders,0.0.77,35,D,UNVERIFIED_PUBLISH_PATH,4,489393,v0.2.0
expr-eval,2.0.2,19,F,UNVERIFIED_PUBLISH_PATH|DORMANT|SINGLE_MAINTAINER,1,489296,v0.2.0
'@shopify/storefront-api-client,1.0.10,89,A,,6,488472,v0.2.0
'@fullcalendar/premium-common,6.1.21,20,F,UNVERIFIED_PUBLISH_PATH|SINGLE_MAINTAINER,1,487412,v0.2.0
write-excel-file,4.1.1,21,F,UNVERIFIED_PUBLISH_PATH|SINGLE_MAINTAINER,1,487082,v0.2.0
'@ckeditor/ckeditor5-bookmark,48.3.1,38,D,UNVERIFIED_PUBLISH_PATH|SINGLE_MAINTAINER,1,486525,v0.2.0
markdown-it-sub,2.0.0,19,F,UNVERIFIED_PUBLISH_PATH|DORMANT|SINGLE_MAINTAINER,1,485996,v0.2.0
'@zxcvbn-ts/language-en,4.1.1,31,F,UNVERIFIED_PUBLISH_PATH|SINGLE_MAINTAINER,1,485727,v0.2.0
'@blueprintjs/core,6.17.2,15,F,UNVERIFIED_PUBLISH_PATH|SINGLE_MAINTAINER|PUBLISHER_NOT_MAINTAINER,1,485688,v0.2.0
hardhat,3.10.0,68,C,SINGLE_MAINTAINER,1,484090,v0.2.0
yet-another-react-lightbox,3.32.1,79,B,SINGLE_MAINTAINER,1,483519,v0.2.0
tronweb,6.4.0,39,D,UNVERIFIED_PUBLISH_PATH,2,482629,v0.2.0
cohere-ai,8.0.0,87,A,,5,482406,v0.2.0
'@excalidraw/excalidraw,0.18.1,34,F,UNVERIFIED_PUBLISH_PATH,2,481558,v0.2.0
choices.js,11.2.3,87,A,,2,480995,v0.2.0
'@unhead/shared,3.2.1,74,B,SINGLE_MAINTAINER,1,480735,v0.2.0
'@splinetool/runtime,1.12.98,39,D,UNVERIFIED_PUBLISH_PATH,3,480701,v0.2.0
airtable,0.12.2,33,F,UNVERIFIED_PUBLISH_PATH|DORMANT,14,478986,v0.2.0
'@duckdb/duckdb-wasm,1.33.1-dev57.0,87,A,,2,478175,v0.2.0
'@clerk/clerk-js,6.25.5,82,B,BRANCH_REQUIRES_PR,6,478150,v0.2.0
'@pulumi/kubernetes,4.33.0,39,D,UNVERIFIED_PUBLISH_PATH,2,476426,v0.2.0
nouislider,15.8.1,19,F,UNVERIFIED_PUBLISH_PATH|DORMANT|SINGLE_MAINTAINER,1,473212,v0.2.0
material-symbols,0.45.8,73,B,SINGLE_MAINTAINER,1,470544,v0.2.0
'@tensorflow/tfjs-layers,4.22.0,33,F,UNVERIFIED_PUBLISH_PATH|DORMANT,10,469774,v0.2.0
'@amplitude/engagement-browser,1.0.11,35,D,UNVERIFIED_PUBLISH_PATH,6,469337,v0.2.0
'@ffmpeg/util,0.12.2,28,F,UNVERIFIED_PUBLISH_PATH|DORMANT,3,468620,v0.2.0
'@stomp/stompjs,7.3.0,87,A,,2,467816,v0.2.0
selecto,1.26.3,19,F,UNVERIFIED_PUBLISH_PATH|DORMANT|SINGLE_MAINTAINER,1,466464,v0.2.0
'@tensorflow/tfjs,4.22.0,33,F,UNVERIFIED_PUBLISH_PATH|DORMANT,10,466360,v0.2.0
'@shoelace-style/localize,3.2.2,39,D,UNVERIFIED_PUBLISH_PATH,2,465511,v0.2.0
'@shoelace-style/animations,1.2.0,33,F,UNVERIFIED_PUBLISH_PATH|DORMANT,2,463991,v0.2.0
'@ag-grid-community/core,32.3.9,45,D,UNVERIFIED_PUBLISH_PATH,3,463567,v0.2.0
recoil,0.7.7,33,F,UNVERIFIED_PUBLISH_PATH|DORMANT,3,462860,v0.2.0
fizzy-ui-utils,3.0.0,19,F,UNVERIFIED_PUBLISH_PATH|DORMANT|SINGLE_MAINTAINER,1,462304,v0.2.0
meilisearch,0.59.0,82,B,,3,458845,v0.2.0
modern-normalize,3.0.1,19,F,UNVERIFIED_PUBLISH_PATH|DORMANT|SINGLE_MAINTAINER,1,456936,v0.2.0
markdown-it-mark,4.0.0,19,F,UNVERIFIED_PUBLISH_PATH|DORMANT|SINGLE_MAINTAINER,1,456696,v0.2.0
react-native-paper,5.15.3,39,D,UNVERIFIED_PUBLISH_PATH,8,454742,v0.2.0
chartjs-plugin-zoom,2.2.0,33,F,UNVERIFIED_PUBLISH_PATH|DORMANT,3,454387,v0.2.0
'@vue-flow/core,1.48.2,27,F,UNVERIFIED_PUBLISH_PATH|SINGLE_MAINTAINER,1,453592,v0.2.0
uplot,1.6.32,25,F,UNVERIFIED_PUBLISH_PATH|SINGLE_MAINTAINER,1,452074,v0.2.0
'@adyen/adyen-web,6.41.0,84,B,INCONSISTENT_PUBLISH_PATH|BRANCH_REQUIRES_PR,6,451500,v0.2.0
d3-cloud,1.2.9,25,F,UNVERIFIED_PUBLISH_PATH|SINGLE_MAINTAINER,1,447539,v0.2.0
lunr-languages,1.20.0,32,F,UNVERIFIED_PUBLISH_PATH|SINGLE_MAINTAINER,1,446245,v0.2.0
date-and-time,4.5.1,25,F,UNVERIFIED_PUBLISH_PATH|SINGLE_MAINTAINER,1,445242,v0.2.0
'@wordpress/components,37.0.0,52,C,UNVERIFIED_PUBLISH_PATH,24,440730,v0.2.0
dinero.js,2.0.2,80,B,SINGLE_MAINTAINER,1,440519,v0.2.0
'@capacitor/geolocation,8.2.0,77,B,INCONSISTENT_PUBLISH_PATH,18,440311,v0.2.0
franc-min,6.2.0,19,F,UNVERIFIED_PUBLISH_PATH|DORMANT|SINGLE_MAINTAINER,1,438682,v0.2.0
'@mermaid-js/mermaid-zenuml,0.2.3,82,B,,6,434068,v0.2.0
desandro-matches-selector,2.0.2,19,F,UNVERIFIED_PUBLISH_PATH|DORMANT|SINGLE_MAINTAINER,1,433713,v0.2.0
react-date-picker,12.0.2,73,B,SINGLE_MAINTAINER,1,431653,v0.2.0
antd-style,4.1.0,25,F,UNVERIFIED_PUBLISH_PATH|SINGLE_MAINTAINER,1,430201,v0.2.0
'@nozbe/microfuzz,1.0.0,33,F,UNVERIFIED_PUBLISH_PATH|DORMANT,7,428298,v0.2.0
country-state-city,3.2.1,19,F,UNVERIFIED_PUBLISH_PATH|DORMANT|SINGLE_MAINTAINER,1,426875,v0.2.0
'@base-ui-components/react,1.0.0-rc.0,85,A,DEPRECATED,7,425984,v0.2.0
inputmask,5.0.9,19,F,UNVERIFIED_PUBLISH_PATH|DORMANT|SINGLE_MAINTAINER,1,425460,v0.2.0
markdown-it-ins,4.0.0,19,F,UNVERIFIED_PUBLISH_PATH|DORMANT|SINGLE_MAINTAINER,1,424516,v0.2.0
single-spa,6.0.3,9,F,UNVERIFIED_PUBLISH_PATH|DORMANT|SINGLE_MAINTAINER|PUBLISHER_NOT_MAINTAINER,1,424503,v0.2.0
msal,1.4.18,32,F,UNVERIFIED_PUBLISH_PATH|DORMANT|SINGLE_MAINTAINER|DEPRECATED,1,421964,v0.2.0
'@rails/actiontext,8.1.300,94,A,,8,420910,v0.2.0
safevalues,1.2.0,27,F,UNVERIFIED_PUBLISH_PATH|SINGLE_MAINTAINER,1,419900,v0.2.0
portal-vue,3.0.0,19,F,UNVERIFIED_PUBLISH_PATH|DORMANT|SINGLE_MAINTAINER,1,415187,v0.2.0
'@livekit/components-styles,1.2.0,41,D,UNVERIFIED_PUBLISH_PATH,20,414828,v0.2.0
stream-chat,9.50.2,100,A,,9,414139,v0.2.0
react-instantsearch,7.39.1,39,D,UNVERIFIED_PUBLISH_PATH,7,412180,v0.2.0
'@tsparticles/engine,4.3.2,69,C,INCONSISTENT_PUBLISH_PATH|SINGLE_MAINTAINER,1,411819,v0.2.0
heic-to,1.5.2,25,F,UNVERIFIED_PUBLISH_PATH|SINGLE_MAINTAINER,1,410583,v0.2.0
pwacompat,2.0.17,28,F,UNVERIFIED_PUBLISH_PATH|DORMANT,2,410510,v0.2.0
world-atlas,2.0.2,19,F,UNVERIFIED_PUBLISH_PATH|DORMANT|SINGLE_MAINTAINER,1,409083,v0.2.0
'@ionic/core,8.8.14,94,A,,2,408008,v0.2.0
accounting,0.4.1,14,F,UNVERIFIED_PUBLISH_PATH|DORMANT|SINGLE_MAINTAINER|PUBLISHER_NOT_MAINTAINER,1,404508,v0.2.0
bulma,1.0.4,25,F,UNVERIFIED_PUBLISH_PATH|SINGLE_MAINTAINER,1,403402,v0.2.0
vue-observe-visibility,1.0.0,14,F,UNVERIFIED_PUBLISH_PATH|DORMANT|SINGLE_MAINTAINER,1,395878,v0.2.0
compressorjs,1.3.0,73,B,SINGLE_MAINTAINER,1,395163,v0.2.0
plyr,3.8.4,25,F,UNVERIFIED_PUBLISH_PATH|SINGLE_MAINTAINER,1,390615,v0.2.0
'@vaadin/component-base,25.2.5,39,D,UNVERIFIED_PUBLISH_PATH,12,388678,v0.2.0
tz-lookup,6.1.25,33,F,UNVERIFIED_PUBLISH_PATH|DORMANT,2,386885,v0.2.0
mp4box,2.4.1,87,A,,2,386215,v0.2.0
rangetouch,2.0.1,14,F,UNVERIFIED_PUBLISH_PATH|DORMANT|SINGLE_MAINTAINER|PUBLISHER_NOT_MAINTAINER,1,383061,v0.2.0
'@aws-sdk/client-service-quotas,3.1090.0,41,D,UNVERIFIED_PUBLISH_PATH,2,382828,v0.2.0
lucide-static,1.25.0,58,C,INCONSISTENT_PUBLISH_PATH|SINGLE_MAINTAINER,1,381352,v0.2.0
'@vaadin/vaadin-themable-mixin,25.2.5,39,D,UNVERIFIED_PUBLISH_PATH,12,381099,v0.2.0
blueimp-load-image,5.16.0,19,F,UNVERIFIED_PUBLISH_PATH|DORMANT|SINGLE_MAINTAINER,1,380743,v0.2.0
'@rive-app/webgl2,2.38.5,87,A,BRANCH_REQUIRES_PR,5,380540,v0.2.0
'@optimizely/optimizely-sdk,6.5.0,46,D,UNVERIFIED_PUBLISH_PATH,4,379549,v0.2.0
markdown-it-deflist,3.0.1,25,F,UNVERIFIED_PUBLISH_PATH|SINGLE_MAINTAINER,1,379421,v0.2.0
string-strip-html,13.5.3,63,C,SINGLE_MAINTAINER,1,377425,v0.2.0
bootstrap-sass,3.4.3,33,F,UNVERIFIED_PUBLISH_PATH|DORMANT,4,375451,v0.2.0
'@tsparticles/basic,4.3.2,69,C,INCONSISTENT_PUBLISH_PATH|SINGLE_MAINTAINER,1,373525,v0.2.0
'@tsparticles/updater-size,4.3.2,69,C,INCONSISTENT_PUBLISH_PATH|SINGLE_MAINTAINER,1,373304,v0.2.0
'@tsparticles/updater-opacity,4.3.2,69,C,INCONSISTENT_PUBLISH_PATH|SINGLE_MAINTAINER,1,373278,v0.2.0
'@tsparticles/shape-circle,4.3.2,69,C,INCONSISTENT_PUBLISH_PATH|SINGLE_MAINTAINER,1,373247,v0.2.0
'@tsparticles/updater-out-modes,4.3.2,69,C,INCONSISTENT_PUBLISH_PATH|SINGLE_MAINTAINER,1,373185,v0.2.0
'@wordpress/icons,15.2.0,52,C,UNVERIFIED_PUBLISH_PATH,24,370731,v0.2.0
fetch-jsonp,1.4.0,25,F,UNVERIFIED_PUBLISH_PATH|SINGLE_MAINTAINER,1,370364,v0.2.0
'@fontsource/ibm-plex-sans,5.3.0,81,B,,2,370309,v0.2.0
imagesloaded,5.0.0,19,F,UNVERIFIED_PUBLISH_PATH|DORMANT|SINGLE_MAINTAINER,1,369515,v0.2.0
'@ckeditor/ckeditor5-fullscreen,48.3.1,38,D,UNVERIFIED_PUBLISH_PATH|SINGLE_MAINTAINER,1,369394,v0.2.0
'@statsig/web-analytics,3.33.3,77,B,INCONSISTENT_PUBLISH_PATH,2,368844,v0.2.0
powerbi-client,2.24.1,40,D,UNVERIFIED_PUBLISH_PATH|BRANCH_REQUIRES_PR,3,368721,v0.2.0
nanopop,2.4.2,19,F,UNVERIFIED_PUBLISH_PATH|DORMANT|SINGLE_MAINTAINER,1,367429,v0.2.0
'@antv/g2,5.4.8,39,D,UNVERIFIED_PUBLISH_PATH,19,367233,v0.2.0
centrifuge,5.7.0,25,F,UNVERIFIED_PUBLISH_PATH|SINGLE_MAINTAINER,1,366216,v0.2.0
ical.js,2.2.1,25,F,UNVERIFIED_PUBLISH_PATH|SINGLE_MAINTAINER,1,365798,v0.2.0
'@simonwep/pickr,1.10.0,73,B,SINGLE_MAINTAINER,1,364891,v0.2.0
fix-webm-duration,1.0.6,19,F,UNVERIFIED_PUBLISH_PATH|DORMANT|SINGLE_MAINTAINER,1,363253,v0.2.0
'@tsparticles/updater-life,4.3.2,69,C,INCONSISTENT_PUBLISH_PATH|SINGLE_MAINTAINER,1,362525,v0.2.0
i18next-chained-backend,5.0.5,39,D,UNVERIFIED_PUBLISH_PATH,2,362182,v0.2.0
'@tsparticles/updater-rotate,4.3.2,69,C,INCONSISTENT_PUBLISH_PATH|SINGLE_MAINTAINER,1,362072,v0.2.0
'@tsparticles/shape-square,4.3.2,69,C,INCONSISTENT_PUBLISH_PATH|SINGLE_MAINTAINER,1,361520,v0.2.0
vue-multiselect,3.5.0,39,D,UNVERIFIED_PUBLISH_PATH,2,361388,v0.2.0
hyperformula,3.3.0,39,D,UNVERIFIED_PUBLISH_PATH,5,360620,v0.2.0
material-icons,1.13.14,25,F,UNVERIFIED_PUBLISH_PATH|SINGLE_MAINTAINER,1,359861,v0.2.0
'@tsparticles/shape-star,4.3.2,69,C,INCONSISTENT_PUBLISH_PATH|SINGLE_MAINTAINER,1,359771,v0.2.0
uuid-random,1.3.2,19,F,UNVERIFIED_PUBLISH_PATH|DORMANT|SINGLE_MAINTAINER,1,359719,v0.2.0
typo-js,1.3.2,31,F,UNVERIFIED_PUBLISH_PATH|SINGLE_MAINTAINER,1,359655,v0.2.0
'@tsparticles/shape-image,4.3.2,69,C,INCONSISTENT_PUBLISH_PATH|SINGLE_MAINTAINER,1,358995,v0.2.0
masonry-layout,4.2.2,19,F,UNVERIFIED_PUBLISH_PATH|DORMANT|SINGLE_MAINTAINER,1,358500,v0.2.0
'@tsparticles/shape-emoji,4.3.2,69,C,INCONSISTENT_PUBLISH_PATH|SINGLE_MAINTAINER,1,358381,v0.2.0
'@tsparticles/shape-polygon,4.3.2,69,C,INCONSISTENT_PUBLISH_PATH|SINGLE_MAINTAINER,1,358381,v0.2.0
'@analytics/cookie-utils,0.2.14,25,F,UNVERIFIED_PUBLISH_PATH|SINGLE_MAINTAINER,1,356943,v0.2.0
dom-to-image,2.6.0,19,F,UNVERIFIED_PUBLISH_PATH|DORMANT|SINGLE_MAINTAINER,1,356517,v0.2.0
'@syncfusion/ej2-base,34.1.30,39,D,UNVERIFIED_PUBLISH_PATH,3,356350,v0.2.0
d3-tip,0.9.1,33,F,UNVERIFIED_PUBLISH_PATH|DORMANT,2,356179,v0.2.0
messageformat,4.0.0,45,D,UNVERIFIED_PUBLISH_PATH,2,356164,v0.2.0
'@novnc/novnc,1.7.0,87,A,,5,355986,v0.2.0
plotly.js-dist-min,3.7.0,45,D,UNVERIFIED_PUBLISH_PATH,15,355723,v0.2.0
'@pdftron/webviewer,12.0.0,21,F,UNVERIFIED_PUBLISH_PATH|SINGLE_MAINTAINER,1,355368,v0.2.0
primereact,11.0.0,30,F,UNVERIFIED_PUBLISH_PATH,3,353231,v0.2.0
'@unocss/reset,66.7.5,89,A,,3,352011,v0.2.0
tether,3.0.2,72,B,,2,351985,v0.2.0
pikaday,1.8.2,19,F,UNVERIFIED_PUBLISH_PATH|DORMANT|SINGLE_MAINTAINER,1,351665,v0.2.0
'@mapbox/mapbox-sdk,0.16.2,46,D,UNVERIFIED_PUBLISH_PATH,28,350521,v0.2.0
cytoscape-dagre,4.0.0,39,D,UNVERIFIED_PUBLISH_PATH,4,349539,v0.2.0
'@fullcalendar/timeline,6.1.21,20,F,UNVERIFIED_PUBLISH_PATH|SINGLE_MAINTAINER,1,349469,v0.2.0
media-captions,0.0.18,19,F,UNVERIFIED_PUBLISH_PATH|DORMANT|SINGLE_MAINTAINER,1,349026,v0.2.0
ngx-bootstrap,21.2.1,39,D,UNVERIFIED_PUBLISH_PATH,3,348920,v0.2.0
'@material/linear-progress,14.0.0,33,F,UNVERIFIED_PUBLISH_PATH|DORMANT,14,348624,v0.2.0
'@solid-primitives/trigger,1.2.4,40,D,UNVERIFIED_PUBLISH_PATH,3,347700,v0.2.0
vue-echarts,8.0.1,89,A,,2,346583,v0.2.0
'@fontsource/montserrat,5.3.0,81,B,,2,346281,v0.2.0
flowbite-datepicker,2.0.0,25,F,UNVERIFIED_PUBLISH_PATH|SINGLE_MAINTAINER,1,345782,v0.2.0
'@thumbmarkjs/thumbmarkjs,1.10.1,35,D,UNVERIFIED_PUBLISH_PATH,2,344512,v0.2.0
geo-tz,8.1.8,25,F,UNVERIFIED_PUBLISH_PATH|SINGLE_MAINTAINER,1,343631,v0.2.0
leaflet-draw,1.0.4,33,F,UNVERIFIED_PUBLISH_PATH|DORMANT,2,342353,v0.2.0
dragula,3.7.3,33,F,UNVERIFIED_PUBLISH_PATH|DORMANT,2,342136,v0.2.0
nosleep.js,0.12.0,25,F,UNVERIFIED_PUBLISH_PATH|DORMANT|SINGLE_MAINTAINER,1,341962,v0.2.0
'@material/switch,14.0.0,33,F,UNVERIFIED_PUBLISH_PATH|DORMANT,14,341946,v0.2.0
markerjs2,2.32.7,25,F,UNVERIFIED_PUBLISH_PATH|SINGLE_MAINTAINER,1,340399,v0.2.0
ally.js,1.4.1,14,F,UNVERIFIED_PUBLISH_PATH|DORMANT|SINGLE_MAINTAINER,1,339615,v0.2.0
js-sha1,0.7.0,19,F,UNVERIFIED_PUBLISH_PATH|DORMANT|SINGLE_MAINTAINER,1,339508,v0.2.0
simple-peer,9.11.1,33,F,UNVERIFIED_PUBLISH_PATH|DORMANT,6,338985,v0.2.0
'@progress/kendo-svg-icons,5.3.0,70,B,INCONSISTENT_PUBLISH_PATH|SINGLE_MAINTAINER,1,338634,v0.2.0
'@vaadin/vaadin-lumo-styles,25.2.5,39,D,UNVERIFIED_PUBLISH_PATH,12,338091,v0.2.0
'@deck.gl/google-maps,9.3.7,39,D,UNVERIFIED_PUBLISH_PATH,5,338046,v0.2.0
'@types/convert-source-map,2.0.3,27,F,UNVERIFIED_PUBLISH_PATH|DORMANT|SINGLE_MAINTAINER,1,337324,v0.2.0
xterm-addon-fit,0.8.0,19,F,UNVERIFIED_PUBLISH_PATH|DORMANT|SINGLE_MAINTAINER|DEPRECATED,1,335762,v0.2.0
'@vaadin/vaadin-development-mode-detector,2.0.7,33,F,UNVERIFIED_PUBLISH_PATH|DORMANT,12,335657,v0.2.0
'@vaadin/vaadin-usage-statistics,2.1.3,33,F,UNVERIFIED_PUBLISH_PATH|DORMANT,12,335220,v0.2.0
'@material/tab-indicator,14.0.0,33,F,UNVERIFIED_PUBLISH_PATH|DORMANT,14,334942,v0.2.0
'@vaadin/vaadin-material-styles,24.9.17,39,D,UNVERIFIED_PUBLISH_PATH,12,334494,v0.2.0
domready,1.0.8,33,F,UNVERIFIED_PUBLISH_PATH|DORMANT,2,333778,v0.2.0
rrweb-player,2.1.0,83,B,INCONSISTENT_PUBLISH_PATH|BRANCH_REQUIRES_PR,2,333496,v0.2.0
'@material/tab-scroller,14.0.0,33,F,UNVERIFIED_PUBLISH_PATH|DORMANT,14,333121,v0.2.0
maska,3.2.0,25,F,UNVERIFIED_PUBLISH_PATH|SINGLE_MAINTAINER,1,332184,v0.2.0
medium-zoom,1.1.0,19,F,UNVERIFIED_PUBLISH_PATH|DORMANT|SINGLE_MAINTAINER,1,330678,v0.2.0
'@lobehub/icons,5.14.0,39,D,UNVERIFIED_PUBLISH_PATH,9,330193,v0.2.0
emoji-toolkit,10.0.0,25,F,UNVERIFIED_PUBLISH_PATH|SINGLE_MAINTAINER,1,329813,v0.2.0
'@castleio/castle-js,2.8.5,30,F,UNVERIFIED_PUBLISH_PATH,7,328810,v0.2.0
mergician,2.0.2,19,F,UNVERIFIED_PUBLISH_PATH|DORMANT|SINGLE_MAINTAINER,1,328626,v0.2.0
'@amcharts/amcharts5,5.19.1,34,F,UNVERIFIED_PUBLISH_PATH,4,327299,v0.2.0
'@material/slider,14.0.0,33,F,UNVERIFIED_PUBLISH_PATH|DORMANT,14,326053,v0.2.0
3d-force-graph,1.80.0,25,F,UNVERIFIED_PUBLISH_PATH|SINGLE_MAINTAINER,1,324696,v0.2.0
shepherd.js,15.2.2,79,B,INCONSISTENT_PUBLISH_PATH,2,324553,v0.2.0
semantic-ui-react,2.1.5,33,F,UNVERIFIED_PUBLISH_PATH|DORMANT,2,324134,v0.2.0
'@copilotkit/react-core,1.63.1,71,B,INCONSISTENT_PUBLISH_PATH|SINGLE_MAINTAINER,1,323484,v0.2.0
'@syncfusion/ej2-buttons,34.1.30,39,D,UNVERIFIED_PUBLISH_PATH,3,323482,v0.2.0
fscreen,1.2.0,19,F,UNVERIFIED_PUBLISH_PATH|DORMANT|SINGLE_MAINTAINER,1,322619,v0.2.0
unidragger,3.0.1,19,F,UNVERIFIED_PUBLISH_PATH|DORMANT|SINGLE_MAINTAINER,1,322009,v0.2.0
'@primer/octicons,19.29.2,80,B,SINGLE_MAINTAINER,1,321803,v0.2.0
videojs-ie8,1.1.2,33,F,UNVERIFIED_PUBLISH_PATH|DORMANT,2,321254,v0.2.0
'@material/layout-grid,14.0.0,33,F,UNVERIFIED_PUBLISH_PATH|DORMANT,14,320964,v0.2.0
'@tsparticles/move-base,3.9.1,26,F,UNVERIFIED_PUBLISH_PATH|SINGLE_MAINTAINER|DEPRECATED,1,320907,v0.2.0
svg-to-pdfkit,0.1.8,14,F,UNVERIFIED_PUBLISH_PATH|DORMANT|SINGLE_MAINTAINER,1,320665,v0.2.0
'@vaadin/input-container,25.2.5,39,D,UNVERIFIED_PUBLISH_PATH,12,319988,v0.2.0
'@tsparticles/updater-color,3.9.1,26,F,UNVERIFIED_PUBLISH_PATH|SINGLE_MAINTAINER|DEPRECATED,1,319795,v0.2.0
'@webcomponents/webcomponentsjs,2.8.0,41,D,UNVERIFIED_PUBLISH_PATH|DORMANT,7,319542,v0.2.0
kuromoji,0.1.2,19,F,UNVERIFIED_PUBLISH_PATH|DORMANT|SINGLE_MAINTAINER,1,319429,v0.2.0
primeflex,4.0.0,39,D,UNVERIFIED_PUBLISH_PATH,2,319169,v0.2.0
'@vaadin/field-base,25.2.5,39,D,UNVERIFIED_PUBLISH_PATH,12,318852,v0.2.0
'@vaadin/lit-renderer,25.2.5,39,D,UNVERIFIED_PUBLISH_PATH,12,318833,v0.2.0
recordrtc,5.6.2,25,F,UNVERIFIED_PUBLISH_PATH|DORMANT|SINGLE_MAINTAINER,1,318024,v0.2.0
'@material/circular-progress,14.0.0,33,F,UNVERIFIED_PUBLISH_PATH|DORMANT,14,317946,v0.2.0
chartjs-plugin-crosshair,2.0.0,33,F,UNVERIFIED_PUBLISH_PATH|DORMANT,2,317659,v0.2.0
froala-editor,5.3.1,25,F,UNVERIFIED_PUBLISH_PATH|SINGLE_MAINTAINER,1,316995,v0.2.0
'@glideapps/glide-data-grid,6.0.3,33,F,UNVERIFIED_PUBLISH_PATH|DORMANT,30,315996,v0.2.0
'@zumer/snapdom,2.16.0,25,F,UNVERIFIED_PUBLISH_PATH|SINGLE_MAINTAINER,1,315298,v0.2.0
survey-core,2.5.34,39,D,UNVERIFIED_PUBLISH_PATH,4,315196,v0.2.0
'@amplitude/element-selector,0.2.1,79,B,INCONSISTENT_PUBLISH_PATH,6,315140,v0.2.0
'@awesome.me/webawesome,3.10.0,39,D,UNVERIFIED_PUBLISH_PATH|BRANCH_REQUIRES_PR,4,314601,v0.2.0
diagram-js,15.22.0,39,D,UNVERIFIED_PUBLISH_PATH,11,314528,v0.2.0
react-image-gallery,2.1.2,63,C,INCONSISTENT_PUBLISH_PATH|SINGLE_MAINTAINER,1,313816,v0.2.0
jsoneditor,10.4.3,31,F,UNVERIFIED_PUBLISH_PATH|SINGLE_MAINTAINER,1,313486,v0.2.0
'@fullcalendar/resource,6.1.21,20,F,UNVERIFIED_PUBLISH_PATH|SINGLE_MAINTAINER,1,313432,v0.2.0
penpal,7.0.6,25,F,UNVERIFIED_PUBLISH_PATH|SINGLE_MAINTAINER,1,312297,v0.2.0
cobe,2.0.1,39,D,UNVERIFIED_PUBLISH_PATH,2,310814,v0.2.0
tom-select,2.6.2,87,A,,2,309978,v0.2.0
cleave.js,1.6.0,19,F,UNVERIFIED_PUBLISH_PATH|DORMANT|SINGLE_MAINTAINER,1,309831,v0.2.0
sigma,3.0.3,39,D,UNVERIFIED_PUBLISH_PATH,2,309440,v0.2.0
'@polymer/polymer,3.5.2,40,D,UNVERIFIED_PUBLISH_PATH|DORMANT,10,309427,v0.2.0
amplitude-js,8.21.10,87,A,,8,308145,v0.2.0
'@types/stylus,0.48.43,27,F,UNVERIFIED_PUBLISH_PATH|DORMANT|SINGLE_MAINTAINER,1,306845,v0.2.0
'@vaadin/a11y-base,25.2.5,39,D,UNVERIFIED_PUBLISH_PATH,12,305884,v0.2.0
disposable-email-domains,1.0.62,33,F,UNVERIFIED_PUBLISH_PATH|DORMANT,2,305207,v0.2.0
codemirror-spell-checker,1.1.2,14,F,UNVERIFIED_PUBLISH_PATH|DORMANT|SINGLE_MAINTAINER|PUBLISHER_NOT_MAINTAINER,1,305067,v0.2.0
'@vinejs/vine,4.4.0,87,A,,2,304757,v0.2.0
v-calendar,2.4.2,14,F,UNVERIFIED_PUBLISH_PATH|DORMANT|SINGLE_MAINTAINER,1,304571,v0.2.0
'@orchidjs/sifter,1.1.0,33,F,UNVERIFIED_PUBLISH_PATH|DORMANT,2,303867,v0.2.0
'@vinejs/compiler,4.1.3,87,A,,2,303684,v0.2.0
raphael,2.3.0,33,F,UNVERIFIED_PUBLISH_PATH|DORMANT,3,302712,v0.2.0
tweakpane,4.0.5,14,F,UNVERIFIED_PUBLISH_PATH|DORMANT|SINGLE_MAINTAINER,1,302545,v0.2.0
'@syncfusion/ej2-popups,34.1.29,39,D,UNVERIFIED_PUBLISH_PATH,3,301678,v0.2.0
'@embedpdf/pdfium,2.14.4,26,F,UNVERIFIED_PUBLISH_PATH|SINGLE_MAINTAINER,1,301416,v0.2.0
'@syncfusion/ej2-inputs,34.1.30,39,D,UNVERIFIED_PUBLISH_PATH,3,300559,v0.2.0
simplex-noise,4.0.3,19,F,UNVERIFIED_PUBLISH_PATH|DORMANT|SINGLE_MAINTAINER,1,299883,v0.2.0
spacetime,7.13.0,87,A,,3,298505,v0.2.0
'@syncfusion/ej2-navigations,34.1.31,39,D,UNVERIFIED_PUBLISH_PATH,3,298464,v0.2.0
handsontable,18.0.0,82,B,,6,297134,v0.2.0
microsoft-cognitiveservices-speech-sdk,1.50.0,40,D,UNVERIFIED_PUBLISH_PATH|BRANCH_REQUIRES_PR,5,295974,v0.2.0
'@fontsource/lato,5.3.0,81,B,,2,295951,v0.2.0
'@orchidjs/unicode-variants,1.1.2,33,F,UNVERIFIED_PUBLISH_PATH|DORMANT,2,295597,v0.2.0
'@google/model-viewer,4.3.1,39,D,UNVERIFIED_PUBLISH_PATH,4,294821,v0.2.0
rxjs-compat,6.6.7,10,F,UNVERIFIED_PUBLISH_PATH|DORMANT|SINGLE_MAINTAINER,1,294288,v0.2.0
'@rails/request.js,0.0.13,39,D,UNVERIFIED_PUBLISH_PATH,9,294264,v0.2.0
mupdf,1.28.0,21,F,UNVERIFIED_PUBLISH_PATH|SINGLE_MAINTAINER,1,293922,v0.2.0
marked-highlight,2.2.4,73,B,SINGLE_MAINTAINER,1,293708,v0.2.0
'@splidejs/splide,4.1.4,19,F,UNVERIFIED_PUBLISH_PATH|DORMANT|SINGLE_MAINTAINER,1,292840,v0.2.0
'@editorjs/editorjs,2.31.6,27,F,UNVERIFIED_PUBLISH_PATH|SINGLE_MAINTAINER,1,292060,v0.2.0
merkletreejs,0.6.0,57,C,SINGLE_MAINTAINER,1,292015,v0.2.0
sa-sdk-javascript,1.27.13,20,F,UNVERIFIED_PUBLISH_PATH|SINGLE_MAINTAINER,1,291995,v0.2.0
'@formulajs/formulajs,4.6.0,73,B,SINGLE_MAINTAINER,1,290986,v0.2.0
vanilla-cookieconsent,3.1.0,39,D,UNVERIFIED_PUBLISH_PATH,2,289896,v0.2.0
draftjs-to-html,0.9.1,19,F,UNVERIFIED_PUBLISH_PATH|DORMANT|SINGLE_MAINTAINER,1,288660,v0.2.0
'@pixi/utils,7.4.3,46,D,UNVERIFIED_PUBLISH_PATH,2,288653,v0.2.0
'@pixi/core,7.4.3,46,D,UNVERIFIED_PUBLISH_PATH,2,287479,v0.2.0
tcplayer.js,5.3.4,35,D,UNVERIFIED_PUBLISH_PATH,2,287101,v0.2.0
dom4,2.1.6,19,F,UNVERIFIED_PUBLISH_PATH|DORMANT|SINGLE_MAINTAINER,1,286919,v0.2.0
'@fluentui/react,8.125.7,52,C,UNVERIFIED_PUBLISH_PATH,10,286553,v0.2.0
vanilla-jsoneditor,3.12.0,31,F,UNVERIFIED_PUBLISH_PATH|SINGLE_MAINTAINER,1,286428,v0.2.0
'@cloudinary/url-gen,1.22.0,29,F,UNVERIFIED_PUBLISH_PATH|PUBLISHER_NOT_MAINTAINER,2,286381,v0.2.0
'@fullcalendar/resource-timeline,6.1.21,20,F,UNVERIFIED_PUBLISH_PATH|SINGLE_MAINTAINER,1,285258,v0.2.0
'@snowplow/browser-plugin-enhanced-consent,4.8.4,39,D,UNVERIFIED_PUBLISH_PATH,3,284869,v0.2.0
grapesjs,0.23.2,25,F,UNVERIFIED_PUBLISH_PATH|SINGLE_MAINTAINER,1,284407,v0.2.0
'@lobehub/ui,5.22.3,81,B,,9,284082,v0.2.0
storyblok-js-client,7.7.1,89,A,,7,283769,v0.2.0
'@ant-design/pro-layout,7.22.7,39,D,UNVERIFIED_PUBLISH_PATH,5,282846,v0.2.0
angular-sanitize,1.8.3,25,F,UNVERIFIED_PUBLISH_PATH|DORMANT|SINGLE_MAINTAINER|DEPRECATED,1,282292,v0.2.0
quasar,2.21.4,40,D,UNVERIFIED_PUBLISH_PATH,3,281599,v0.2.0
'@iabtcf/core,1.5.6,28,F,UNVERIFIED_PUBLISH_PATH|DORMANT,2,279897,v0.2.0
keen-slider,6.8.6,19,F,UNVERIFIED_PUBLISH_PATH|DORMANT|SINGLE_MAINTAINER,1,279887,v0.2.0
'@syncfusion/ej2-splitbuttons,34.1.31,39,D,UNVERIFIED_PUBLISH_PATH,3,278903,v0.2.0
'@rrweb/packer,2.1.0,83,B,INCONSISTENT_PUBLISH_PATH,2,278683,v0.2.0
react-draft-wysiwyg,1.15.0,19,F,UNVERIFIED_PUBLISH_PATH|DORMANT|SINGLE_MAINTAINER,1,278636,v0.2.0
'@syncfusion/ej2-data,34.1.29,35,D,UNVERIFIED_PUBLISH_PATH,3,278613,v0.2.0
client-zip,2.5.0,25,F,UNVERIFIED_PUBLISH_PATH|SINGLE_MAINTAINER,1,278393,v0.2.0
react-use-gesture,9.1.3,33,F,UNVERIFIED_PUBLISH_PATH|DORMANT|DEPRECATED,2,277696,v0.2.0
'@capsizecss/metrics,4.2.0,89,A,,2,277061,v0.2.0
lzutf8,0.6.3,19,F,UNVERIFIED_PUBLISH_PATH|DORMANT|SINGLE_MAINTAINER,1,276607,v0.2.0
jquery-ujs,1.2.3,33,F,UNVERIFIED_PUBLISH_PATH|DORMANT,2,275723,v0.2.0
phaser,4.2.1,25,F,UNVERIFIED_PUBLISH_PATH|SINGLE_MAINTAINER,1,274565,v0.2.0
'@progress/kendo-react-common,15.1.0,25,F,UNVERIFIED_PUBLISH_PATH|SINGLE_MAINTAINER,1,273659,v0.2.0
mobile-detect,1.4.5,19,F,UNVERIFIED_PUBLISH_PATH|DORMANT|SINGLE_MAINTAINER,1,273091,v0.2.0
'@elastic/eui,117.0.0,89,A,,3,272889,v0.2.0
'@shopify/polaris-icons,9.3.1,78,B,,6,272751,v0.2.0
linkify-html,4.3.3,79,B,SINGLE_MAINTAINER,1,272505,v0.2.0
vue-advanced-cropper,2.8.9,19,F,UNVERIFIED_PUBLISH_PATH|DORMANT|SINGLE_MAINTAINER,1,271476,v0.2.0
'@syncfusion/ej2-lists,34.1.30,39,D,UNVERIFIED_PUBLISH_PATH,3,271459,v0.2.0
jquery-mousewheel,3.2.2,39,D,UNVERIFIED_PUBLISH_PATH,5,271448,v0.2.0
bpmn-js,18.21.0,39,D,UNVERIFIED_PUBLISH_PATH,11,270529,v0.2.0
timeago.js,4.0.2,33,F,UNVERIFIED_PUBLISH_PATH|DORMANT,2,270489,v0.2.0
'@sentry/fullstory,5.0.0,20,F,UNVERIFIED_PUBLISH_PATH|SINGLE_MAINTAINER,1,270357,v0.2.0
filepond,4.32.12,25,F,UNVERIFIED_PUBLISH_PATH|SINGLE_MAINTAINER,1,270147,v0.2.0
'@vercel/postgres,0.10.0,28,F,UNVERIFIED_PUBLISH_PATH|DORMANT|DEPRECATED,4,269401,v0.2.0
alasql,4.17.3,45,D,UNVERIFIED_PUBLISH_PATH,2,269073,v0.2.0
matter-js,0.20.0,19,F,UNVERIFIED_PUBLISH_PATH|DORMANT|SINGLE_MAINTAINER,1,268526,v0.2.0
'@ant-design/icons-vue,7.0.1,33,F,UNVERIFIED_PUBLISH_PATH|DORMANT,6,267525,v0.2.0
quill-mention,6.1.1,57,C,SINGLE_MAINTAINER,1,266967,v0.2.0
'@types/sql.js,1.4.11,33,F,UNVERIFIED_PUBLISH_PATH|SINGLE_MAINTAINER,1,266893,v0.2.0
'@progress/kendo-drawing,1.25.3,25,F,UNVERIFIED_PUBLISH_PATH|SINGLE_MAINTAINER,1,266834,v0.2.0
'@vite-pwa/assets-generator,1.0.2,72,B,,2,265122,v0.2.0
css-vars-ponyfill,2.4.9,19,F,UNVERIFIED_PUBLISH_PATH|DORMANT|SINGLE_MAINTAINER,1,264648,v0.2.0
devextreme,26.1.3,47,D,UNVERIFIED_PUBLISH_PATH|BRANCH_REQUIRES_PR,3,264228,v0.2.0
lil-uuid,0.1.1,19,F,UNVERIFIED_PUBLISH_PATH|DORMANT|SINGLE_MAINTAINER,1,263673,v0.2.0
shaka-player,5.2.1,83,B,INCONSISTENT_PUBLISH_PATH,3,263653,v0.2.0
ol-mapbox-style,13.4.1,39,D,UNVERIFIED_PUBLISH_PATH,4,263567,v0.2.0
'@xterm/addon-clipboard,0.2.0,25,F,UNVERIFIED_PUBLISH_PATH|SINGLE_MAINTAINER,1,262900,v0.2.0
'@iconify-json/mdi,1.2.3,15,F,UNVERIFIED_PUBLISH_PATH|DORMANT|SINGLE_MAINTAINER,1,262652,v0.2.0
'@vue-flow/controls,1.1.3,27,F,UNVERIFIED_PUBLISH_PATH|SINGLE_MAINTAINER,1,262284,v0.2.0
'@antv/g6,5.1.1,40,D,UNVERIFIED_PUBLISH_PATH,18,262251,v0.2.0
vue-select,3.20.4,39,D,UNVERIFIED_PUBLISH_PATH,8,262192,v0.2.0
square,45.0.1,87,A,,22,262116,v0.2.0
easymde,2.21.0,73,B,SINGLE_MAINTAINER,1,261594,v0.2.0
'@iconify-json/logos,1.2.11,21,F,UNVERIFIED_PUBLISH_PATH|SINGLE_MAINTAINER,1,260720,v0.2.0
roboto-fontface,0.10.0,19,F,UNVERIFIED_PUBLISH_PATH|DORMANT|SINGLE_MAINTAINER,1,260501,v0.2.0
'@builder.io/partytown,0.10.3,33,F,UNVERIFIED_PUBLISH_PATH|DORMANT|DEPRECATED,26,260494,v0.2.0
'@tsparticles/interaction-particles-links,4.3.2,69,C,INCONSISTENT_PUBLISH_PATH|SINGLE_MAINTAINER,1,260474,v0.2.0
'@iconify-json/ph,1.2.2,15,F,UNVERIFIED_PUBLISH_PATH|DORMANT|SINGLE_MAINTAINER,1,259867,v0.2.0
'@tsparticles/slim,4.3.2,69,C,INCONSISTENT_PUBLISH_PATH|SINGLE_MAINTAINER,1,259463,v0.2.0
'@tsparticles/interaction-external-push,4.3.2,69,C,INCONSISTENT_PUBLISH_PATH|SINGLE_MAINTAINER,1,258924,v0.2.0
'@tsparticles/interaction-particles-collisions,4.3.2,69,C,INCONSISTENT_PUBLISH_PATH|SINGLE_MAINTAINER,1,258818,v0.2.0
'@tsparticles/shape-line,4.3.2,69,C,INCONSISTENT_PUBLISH_PATH|SINGLE_MAINTAINER,1,258682,v0.2.0
'@tsparticles/interaction-external-attract,4.3.2,69,C,INCONSISTENT_PUBLISH_PATH|SINGLE_MAINTAINER,1,258638,v0.2.0
'@tsparticles/interaction-external-bounce,4.3.2,69,C,INCONSISTENT_PUBLISH_PATH|SINGLE_MAINTAINER,1,258299,v0.2.0
'@tsparticles/interaction-external-slow,4.3.2,69,C,INCONSISTENT_PUBLISH_PATH|SINGLE_MAINTAINER,1,258278,v0.2.0
'@tsparticles/interaction-external-repulse,4.3.2,69,C,INCONSISTENT_PUBLISH_PATH|SINGLE_MAINTAINER,1,258267,v0.2.0
'@tsparticles/interaction-external-bubble,4.3.2,69,C,INCONSISTENT_PUBLISH_PATH|SINGLE_MAINTAINER,1,258238,v0.2.0
'@tsparticles/plugin-easing-quad,4.3.2,69,C,INCONSISTENT_PUBLISH_PATH|SINGLE_MAINTAINER,1,258215,v0.2.0
'@tsparticles/interaction-external-grab,4.3.2,69,C,INCONSISTENT_PUBLISH_PATH|SINGLE_MAINTAINER,1,258185,v0.2.0
'@tsparticles/interaction-external-pause,4.3.2,69,C,INCONSISTENT_PUBLISH_PATH|SINGLE_MAINTAINER,1,258168,v0.2.0
'@tsparticles/interaction-external-connect,4.3.2,69,C,INCONSISTENT_PUBLISH_PATH|SINGLE_MAINTAINER,1,258159,v0.2.0
'@tsparticles/interaction-particles-attract,4.3.2,69,C,INCONSISTENT_PUBLISH_PATH|SINGLE_MAINTAINER,1,258146,v0.2.0
'@tsparticles/interaction-external-remove,4.3.2,69,C,INCONSISTENT_PUBLISH_PATH|SINGLE_MAINTAINER,1,258139,v0.2.0
aos,2.3.4,19,F,UNVERIFIED_PUBLISH_PATH|DORMANT|SINGLE_MAINTAINER,1,257527,v0.2.0
react-time-picker,8.0.3,73,B,SINGLE_MAINTAINER,1,256664,v0.2.0
github-markdown-css,5.9.0,25,F,UNVERIFIED_PUBLISH_PATH|SINGLE_MAINTAINER,1,255525,v0.2.0
cesium,1.143.0,39,D,UNVERIFIED_PUBLISH_PATH|BRANCH_REQUIRES_PR,16,255389,v0.2.0
device-detector-js,3.0.3,19,F,UNVERIFIED_PUBLISH_PATH|DORMANT|SINGLE_MAINTAINER,1,254813,v0.2.0
xlsx-populate,1.21.0,19,F,UNVERIFIED_PUBLISH_PATH|DORMANT|SINGLE_MAINTAINER,1,254482,v0.2.0
tone,15.1.22,25,F,UNVERIFIED_PUBLISH_PATH|SINGLE_MAINTAINER,1,254249,v0.2.0
'@contentful/rich-text-html-renderer,17.2.3,39,D,UNVERIFIED_PUBLISH_PATH,4,254160,v0.2.0
fullcalendar,7.0.1,20,F,UNVERIFIED_PUBLISH_PATH|SINGLE_MAINTAINER,1,254151,v0.2.0
wretch,3.0.9,73,B,SINGLE_MAINTAINER,1,254123,v0.2.0
material-design-icons-iconfont,6.7.0,19,F,UNVERIFIED_PUBLISH_PATH|DORMANT|SINGLE_MAINTAINER,1,253661,v0.2.0
'@syncfusion/ej2-dropdowns,34.1.30,35,D,UNVERIFIED_PUBLISH_PATH,3,253150,v0.2.0
datatables.net-dt,2.3.8,25,F,UNVERIFIED_PUBLISH_PATH|SINGLE_MAINTAINER,1,252178,v0.2.0
auth0-js,10.2.0,94,A,,21,251802,v0.2.0
htmlhint,1.9.2,46,D,UNVERIFIED_PUBLISH_PATH,2,250948,v0.2.0
single-spa-react,6.0.2,9,F,UNVERIFIED_PUBLISH_PATH|DORMANT|SINGLE_MAINTAINER|PUBLISHER_NOT_MAINTAINER,1,250508,v0.2.0
twemoji,14.0.2,28,F,UNVERIFIED_PUBLISH_PATH|DORMANT,3,250375,v0.2.0
'@shopify/polaris,13.9.5,73,B,,6,249818,v0.2.0
'@polar-sh/sdk,0.49.0,87,A,,5,249714,v0.2.0
'@pulumi/aws-native,1.72.0,39,D,UNVERIFIED_PUBLISH_PATH,2,249330,v0.2.0
'@quasar/extras,2.0.2,40,D,UNVERIFIED_PUBLISH_PATH,5,248730,v0.2.0
'@bprogress/core,1.3.4,20,F,UNVERIFIED_PUBLISH_PATH|SINGLE_MAINTAINER,1,248717,v0.2.0
print-js,1.6.0,19,F,UNVERIFIED_PUBLISH_PATH|DORMANT|SINGLE_MAINTAINER,1,247533,v0.2.0
'@mermaid-js/layout-tidy-tree,0.2.2,82,B,,6,247210,v0.2.0
'@fontsource/space-grotesk,5.3.0,81,B,,2,246157,v0.2.0
'@babylonjs/core,9.17.0,25,F,UNVERIFIED_PUBLISH_PATH|SINGLE_MAINTAINER,1,245736,v0.2.0
'@adyen/api-library,32.0.0,84,B,INCONSISTENT_PUBLISH_PATH,6,243011,v0.2.0
qrcode.vue,3.10.0,63,C,INCONSISTENT_PUBLISH_PATH|SINGLE_MAINTAINER,1,242811,v0.2.0
'@microsoft/fast-element,3.0.1,47,D,UNVERIFIED_PUBLISH_PATH,8,242139,v0.2.0
pinyin-pro,3.28.1,25,F,UNVERIFIED_PUBLISH_PATH|SINGLE_MAINTAINER,1,241888,v0.2.0
cloudinary-core,2.14.1,29,F,UNVERIFIED_PUBLISH_PATH|PUBLISHER_NOT_MAINTAINER,2,241713,v0.2.0
'@syncfusion/ej2-calendars,34.1.29,39,D,UNVERIFIED_PUBLISH_PATH,3,241236,v0.2.0
spin.js,4.1.2,33,F,UNVERIFIED_PUBLISH_PATH|DORMANT,3,241114,v0.2.0
'@tmcw/togeojson,7.1.2,20,F,UNVERIFIED_PUBLISH_PATH|SINGLE_MAINTAINER,1,238763,v0.2.0
prism-themes,1.9.0,39,D,UNVERIFIED_PUBLISH_PATH|DORMANT,4,238535,v0.2.0
vue-meta,2.4.0,33,F,UNVERIFIED_PUBLISH_PATH|DORMANT,5,238069,v0.2.0
jstz,2.1.1,14,F,UNVERIFIED_PUBLISH_PATH|DORMANT|SINGLE_MAINTAINER|PUBLISHER_NOT_MAINTAINER,1,237992,v0.2.0
vis-timeline,8.5.2,39,D,UNVERIFIED_PUBLISH_PATH,3,237965,v0.2.0
'@cloudinary/transformation-builder-sdk,1.21.2,25,F,UNVERIFIED_PUBLISH_PATH|PUBLISHER_NOT_MAINTAINER,2,237068,v0.2.0
'@fontsource/noto-sans-sc,5.3.0,81,B,,2,236897,v0.2.0
ant-design-vue,4.2.6,25,F,UNVERIFIED_PUBLISH_PATH|DORMANT|SINGLE_MAINTAINER,1,236191,v0.2.0
'@microsoft/fast-foundation,2.50.0,46,D,UNVERIFIED_PUBLISH_PATH|DORMANT,8,236181,v0.2.0
'@azure/data-tables,13.3.2,47,D,UNVERIFIED_PUBLISH_PATH,3,236089,v0.2.0
lazysizes,5.3.2,33,F,UNVERIFIED_PUBLISH_PATH|DORMANT,2,235806,v0.2.0
suncalc,2.0.1,25,F,UNVERIFIED_PUBLISH_PATH|SINGLE_MAINTAINER,1,235042,v0.2.0
deck.gl,9.3.7,39,D,UNVERIFIED_PUBLISH_PATH,10,234758,v0.2.0
'@elastic/apm-rum,5.17.5,87,A,BRANCH_REQUIRES_PR,3,234213,v0.2.0
chartkick,5.0.1,19,F,UNVERIFIED_PUBLISH_PATH|DORMANT|SINGLE_MAINTAINER,1,233767,v0.2.0
'@esri/calcite-components,5.1.2,94,A,,37,232032,v0.2.0
angular-animate,1.8.3,25,F,UNVERIFIED_PUBLISH_PATH|DORMANT|SINGLE_MAINTAINER|DEPRECATED,1,232003,v0.2.0
'@fontsource/geist-mono,5.3.0,81,B,,2,230768,v0.2.0
jquery-ui-dist,1.13.3,25,F,UNVERIFIED_PUBLISH_PATH|DORMANT|SINGLE_MAINTAINER,1,230491,v0.2.0
upng-js,2.1.0,33,F,UNVERIFIED_PUBLISH_PATH|DORMANT,2,228593,v0.2.0
jquery-validation,1.22.1,45,D,UNVERIFIED_PUBLISH_PATH,3,228053,v0.2.0
dom-to-image-more,3.10.2,25,F,UNVERIFIED_PUBLISH_PATH|SINGLE_MAINTAINER,1,227032,v0.2.0
array-flat-polyfill,1.0.1,19,F,UNVERIFIED_PUBLISH_PATH|DORMANT|SINGLE_MAINTAINER,1,226396,v0.2.0
paper,0.12.18,33,F,UNVERIFIED_PUBLISH_PATH|DORMANT,2,226099,v0.2.0
'@solid-primitives/scheduled,1.5.3,40,D,UNVERIFIED_PUBLISH_PATH,3,225673,v0.2.0
'@arcgis/core,5.1.12,35,D,UNVERIFIED_PUBLISH_PATH,5,225667,v0.2.0
ethereumjs-tx,2.1.2,33,F,UNVERIFIED_PUBLISH_PATH|DORMANT|DEPRECATED,5,225399,v0.2.0
'@microsoft/agents-activity,1.6.1,47,D,UNVERIFIED_PUBLISH_PATH,2,224535,v0.2.0
elevenlabs,1.59.0,39,D,UNVERIFIED_PUBLISH_PATH|DEPRECATED,3,224389,v0.2.0
dayjs-plugin-utc,0.1.2,19,F,UNVERIFIED_PUBLISH_PATH|DORMANT|SINGLE_MAINTAINER,1,224047,v0.2.0
three-globe,2.45.2,25,F,UNVERIFIED_PUBLISH_PATH|SINGLE_MAINTAINER,1,223975,v0.2.0
'@ag-grid-community/styles,32.3.9,45,D,UNVERIFIED_PUBLISH_PATH|BRANCH_REQUIRES_PR,3,223855,v0.2.0
'@fontsource-variable/space-grotesk,5.3.0,81,B,,2,223446,v0.2.0
'@fontsource/dm-sans,5.3.0,81,B,,2,223078,v0.2.0
'@syncfusion/ej2-notifications,34.1.29,39,D,UNVERIFIED_PUBLISH_PATH,3,223073,v0.2.0
mailcheck,1.1.1,33,F,UNVERIFIED_PUBLISH_PATH|DORMANT,3,222905,v0.2.0
'@fontsource-variable/dm-sans,5.3.0,81,B,,2,220961,v0.2.0
exifreader,4.41.3,69,C,INCONSISTENT_PUBLISH_PATH|SINGLE_MAINTAINER,1,220091,v0.2.0
'@hyzyla/pdfium,2.1.13,73,B,SINGLE_MAINTAINER,1,219602,v0.2.0
'@ibm/plex,6.4.1,33,F,UNVERIFIED_PUBLISH_PATH|DORMANT,5,219158,v0.2.0
qr-scanner,1.4.2,14,F,UNVERIFIED_PUBLISH_PATH|DORMANT|SINGLE_MAINTAINER,1,219044,v0.2.0
jstimezonedetect,1.0.7,33,F,UNVERIFIED_PUBLISH_PATH|DORMANT,2,218984,v0.2.0
toastr,2.1.4,19,F,UNVERIFIED_PUBLISH_PATH|DORMANT|SINGLE_MAINTAINER,1,218305,v0.2.0
smartystreets-javascript-sdk,12.1.0,77,B,INCONSISTENT_PUBLISH_PATH,12,218018,v0.2.0
fast-average-color,9.5.2,25,F,UNVERIFIED_PUBLISH_PATH|SINGLE_MAINTAINER,1,216745,v0.2.0
dialog-polyfill,0.5.6,33,F,UNVERIFIED_PUBLISH_PATH|DORMANT,2,216141,v0.2.0
exif-js,2.3.0,33,F,UNVERIFIED_PUBLISH_PATH|DORMANT,3,216069,v0.2.0
'@progress/kendo-date-math,1.5.17,25,F,UNVERIFIED_PUBLISH_PATH|SINGLE_MAINTAINER,1,215722,v0.2.0
clipboard-polyfill,4.1.1,19,F,UNVERIFIED_PUBLISH_PATH|DORMANT|SINGLE_MAINTAINER,1,215551,v0.2.0
'@milkdown/crepe,7.21.3,74,B,SINGLE_MAINTAINER,1,215505,v0.2.0
'@fontsource-variable/fraunces,5.3.0,81,B,,2,215356,v0.2.0
'@planetscale/database,1.20.1,84,B,INCONSISTENT_PUBLISH_PATH,7,215244,v0.2.0
devexpress-diagram,2.2.29,34,F,UNVERIFIED_PUBLISH_PATH,3,215015,v0.2.0
'@breezystack/lamejs,1.2.7,19,F,UNVERIFIED_PUBLISH_PATH|DORMANT|SINGLE_MAINTAINER,1,214680,v0.2.0
'@fingerprintjs/botd,2.0.0,34,F,UNVERIFIED_PUBLISH_PATH|BRANCH_REQUIRES_PR,2,213915,v0.2.0
stream-chat-react,14.9.0,100,A,,8,213123,v0.2.0
'@tsparticles/updater-stroke-color,3.9.1,26,F,UNVERIFIED_PUBLISH_PATH|SINGLE_MAINTAINER|DEPRECATED,1,212949,v0.2.0
jquery-migrate,4.0.2,39,D,UNVERIFIED_PUBLISH_PATH,5,212537,v0.2.0
'@tsparticles/move-parallax,3.9.1,26,F,UNVERIFIED_PUBLISH_PATH|SINGLE_MAINTAINER|DEPRECATED,1,211422,v0.2.0
'@getbrevo/brevo,6.0.2,77,B,INCONSISTENT_PUBLISH_PATH,4,210748,v0.2.0
devextreme-quill,1.7.10,85,A,INCONSISTENT_PUBLISH_PATH,9,210409,v0.2.0
vue-dompurify-html,5.3.0,58,C,SINGLE_MAINTAINER,1,210361,v0.2.0
'@fullcalendar/vue3,7.0.1,20,F,UNVERIFIED_PUBLISH_PATH|SINGLE_MAINTAINER,1,208376,v0.2.0
'@material/material-color-utilities,0.4.0,25,F,UNVERIFIED_PUBLISH_PATH|SINGLE_MAINTAINER,1,207287,v0.2.0
leaflet.heat,0.2.0,19,F,UNVERIFIED_PUBLISH_PATH|DORMANT|SINGLE_MAINTAINER,1,206642,v0.2.0
html-to-pdfmake,2.5.33,25,F,UNVERIFIED_PUBLISH_PATH|SINGLE_MAINTAINER,1,206488,v0.2.0
'@okta/okta-signin-widget,7.47.2,27,F,UNVERIFIED_PUBLISH_PATH|SINGLE_MAINTAINER,1,206299,v0.2.0
gojs,4.0.3,39,D,UNVERIFIED_PUBLISH_PATH,2,205724,v0.2.0
js-video-url-parser,0.5.1,19,F,UNVERIFIED_PUBLISH_PATH|DORMANT|SINGLE_MAINTAINER,1,205716,v0.2.0
world-countries,5.1.0,25,F,UNVERIFIED_PUBLISH_PATH|SINGLE_MAINTAINER,1,205620,v0.2.0
moment-business-days,1.2.0,33,F,UNVERIFIED_PUBLISH_PATH|DORMANT,4,205379,v0.2.0
chartjs-adapter-moment,1.0.1,33,F,UNVERIFIED_PUBLISH_PATH|DORMANT,2,204883,v0.2.0
'@cortex-js/compute-engine,0.87.0,25,F,UNVERIFIED_PUBLISH_PATH|SINGLE_MAINTAINER,1,204243,v0.2.0
react-multi-carousel,2.8.6,25,F,UNVERIFIED_PUBLISH_PATH|SINGLE_MAINTAINER,1,203870,v0.2.0
'@statsig/session-replay,3.33.3,77,B,INCONSISTENT_PUBLISH_PATH,2,203025,v0.2.0
us-atlas,3.0.1,19,F,UNVERIFIED_PUBLISH_PATH|DORMANT|SINGLE_MAINTAINER,1,202974,v0.2.0
mobius1-selectr,2.4.13,19,F,UNVERIFIED_PUBLISH_PATH|DORMANT|SINGLE_MAINTAINER,1,201937,v0.2.0
dockview-core,7.0.2,86,A,SINGLE_MAINTAINER,1,201073,v0.2.0
'@fullcalendar/resource-daygrid,6.1.21,20,F,UNVERIFIED_PUBLISH_PATH|SINGLE_MAINTAINER,1,200774,v0.2.0
'@iconify-json/carbon,1.2.24,21,F,UNVERIFIED_PUBLISH_PATH|SINGLE_MAINTAINER,1,200683,v0.2.0
air-datepicker,3.6.0,25,F,UNVERIFIED_PUBLISH_PATH|SINGLE_MAINTAINER,1,200598,v0.2.0
'@ricky0123/vad-web,0.0.30,21,F,UNVERIFIED_PUBLISH_PATH|SINGLE_MAINTAINER,1,200294,v0.2.0
feather-icons,4.29.2,26,F,UNVERIFIED_PUBLISH_PATH|DORMANT|SINGLE_MAINTAINER,1,200017,v0.2.0
chess.js,1.4.0,25,F,UNVERIFIED_PUBLISH_PATH|SINGLE_MAINTAINER,1,199995,v0.2.0
'@pdfme/pdf-lib,6.1.11,73,B,SINGLE_MAINTAINER,1,199933,v0.2.0
d3-flextree,2.1.2,33,F,UNVERIFIED_PUBLISH_PATH|DORMANT,2,199828,v0.2.0
'@ckeditor/ckeditor5-collaboration-core,48.3.1,21,F,UNVERIFIED_PUBLISH_PATH|SINGLE_MAINTAINER,1,199566,v0.2.0
ngx-extended-pdf-viewer,28.1.0,79,B,SINGLE_MAINTAINER,1,199327,v0.2.0
velocity-animate,1.5.2,33,F,UNVERIFIED_PUBLISH_PATH|DORMANT,3,199258,v0.2.0
typed.js,3.0.0,25,F,UNVERIFIED_PUBLISH_PATH|SINGLE_MAINTAINER,1,199242,v0.2.0
bootstrap-datepicker,1.10.1,39,D,UNVERIFIED_PUBLISH_PATH,2,198904,v0.2.0
'@fontsource/playfair-display,5.3.0,81,B,,2,198593,v0.2.0
qr-creator,1.0.0,19,F,UNVERIFIED_PUBLISH_PATH|DORMANT|SINGLE_MAINTAINER,1,198497,v0.2.0
bootstrap-vue,2.23.1,39,D,UNVERIFIED_PUBLISH_PATH|DORMANT,4,197887,v0.2.0
'@ckeditor/ckeditor5-comments,48.3.1,21,F,UNVERIFIED_PUBLISH_PATH|SINGLE_MAINTAINER,1,197575,v0.2.0
'@fullcalendar/resource-timegrid,6.1.21,20,F,UNVERIFIED_PUBLISH_PATH|SINGLE_MAINTAINER,1,197525,v0.2.0
htmx.org,2.0.10,31,F,UNVERIFIED_PUBLISH_PATH|SINGLE_MAINTAINER,1,197109,v0.2.0
'@syncfusion/ej2-pdf-export,34.1.31,35,D,UNVERIFIED_PUBLISH_PATH,3,196929,v0.2.0
'@novu/js,3.18.0,95,A,,4,196885,v0.2.0
mathlive,0.110.0,31,F,UNVERIFIED_PUBLISH_PATH|SINGLE_MAINTAINER,1,195335,v0.2.0
element-ui,2.15.14,33,F,UNVERIFIED_PUBLISH_PATH|DORMANT,11,194802,v0.2.0
datatables.net-buttons,3.2.6,25,F,UNVERIFIED_PUBLISH_PATH|SINGLE_MAINTAINER,1,194616,v0.2.0
'@fontsource/noto-sans-jp,5.3.0,81,B,,2,194338,v0.2.0
url-search-params,1.1.0,19,F,UNVERIFIED_PUBLISH_PATH|DORMANT|SINGLE_MAINTAINER|DEPRECATED,1,194154,v0.2.0
'@mapbox/mapbox-gl-geocoder,5.1.2,46,D,UNVERIFIED_PUBLISH_PATH|BRANCH_REQUIRES_PR,28,194028,v0.2.0
govuk-frontend,6.4.0,80,B,SINGLE_MAINTAINER,1,193344,v0.2.0
marked-gfm-heading-id,4.1.4,73,B,SINGLE_MAINTAINER,1,193258,v0.2.0
get-video-id,4.2.0,25,F,UNVERIFIED_PUBLISH_PATH|SINGLE_MAINTAINER,1,192796,v0.2.0
'@oddbird/popover-polyfill,0.7.1,52,C,UNVERIFIED_PUBLISH_PATH,5,191871,v0.2.0
'@rrweb/replay,2.1.0,83,B,INCONSISTENT_PUBLISH_PATH,2,191738,v0.2.0
'@progress/kendo-theme-default,14.3.0,80,B,SINGLE_MAINTAINER,1,190730,v0.2.0
ng-zorro-antd,21.3.3,41,D,UNVERIFIED_PUBLISH_PATH,8,190716,v0.2.0
mercadopago,3.2.0,39,D,UNVERIFIED_PUBLISH_PATH,11,190009,v0.2.0
iban,0.0.14,19,F,UNVERIFIED_PUBLISH_PATH|DORMANT|SINGLE_MAINTAINER,1,189890,v0.2.0
bootstrap-daterangepicker,3.1.0,33,F,UNVERIFIED_PUBLISH_PATH|DORMANT,3,189737,v0.2.0
'@uploadcare/file-uploader,1.32.0,39,D,UNVERIFIED_PUBLISH_PATH,4,189108,v0.2.0
pocketbase,0.27.0,25,F,UNVERIFIED_PUBLISH_PATH|SINGLE_MAINTAINER,1,189048,v0.2.0
es-module-shims,2.8.2,25,F,UNVERIFIED_PUBLISH_PATH|SINGLE_MAINTAINER,1,188980,v0.2.0
simplify-js,1.2.4,19,F,UNVERIFIED_PUBLISH_PATH|DORMANT|SINGLE_MAINTAINER,1,188900,v0.2.0
'@vue-flow/minimap,1.5.4,27,F,UNVERIFIED_PUBLISH_PATH|SINGLE_MAINTAINER,1,188457,v0.2.0
'@mux/upchunk,3.5.0,41,D,UNVERIFIED_PUBLISH_PATH,4,188075,v0.2.0
daterangepicker,3.1.0,19,F,UNVERIFIED_PUBLISH_PATH|DORMANT|SINGLE_MAINTAINER,1,187635,v0.2.0
'@iconify-json/material-symbols,1.2.86,21,F,UNVERIFIED_PUBLISH_PATH|SINGLE_MAINTAINER,1,187396,v0.2.0
smartbanner.js,1.29.0,86,A,SINGLE_MAINTAINER,1,186230,v0.2.0
ali-oss,6.23.0,45,D,UNVERIFIED_PUBLISH_PATH,8,186188,v0.2.0
'@github/webauthn-json,2.1.1,48,D,REPO_LINKAGE_MISMATCH|DORMANT|PUBLISHER_NOT_MAINTAINER|DEPRECATED,20,184878,v0.2.0
datamaps,0.5.10,39,D,UNVERIFIED_PUBLISH_PATH,2,184210,v0.2.0
csslint,1.0.5,33,F,UNVERIFIED_PUBLISH_PATH|DORMANT,5,183583,v0.2.0
'@vee-validate/rules,4.15.1,62,C,SINGLE_MAINTAINER,1,183331,v0.2.0
'@fontsource/manrope,5.3.0,81,B,,2,182801,v0.2.0
telnyx,7.8.0,78,B,INCONSISTENT_PUBLISH_PATH,6,182617,v0.2.0
a11y-dialog,8.1.5,25,F,UNVERIFIED_PUBLISH_PATH|SINGLE_MAINTAINER,1,182498,v0.2.0
'@algolia/autocomplete-js,1.19.9,29,F,UNVERIFIED_PUBLISH_PATH|PUBLISHER_NOT_MAINTAINER,14,182424,v0.2.0
vue-toastification,1.7.14,14,F,UNVERIFIED_PUBLISH_PATH|DORMANT|SINGLE_MAINTAINER,1,182295,v0.2.0
'@ckeditor/ckeditor5-track-changes,48.3.1,21,F,UNVERIFIED_PUBLISH_PATH|SINGLE_MAINTAINER,1,181915,v0.2.0
'@progress/kendo-theme-core,14.3.0,80,B,SINGLE_MAINTAINER,1,181758,v0.2.0
d3-tile,1.0.0,33,F,UNVERIFIED_PUBLISH_PATH|DORMANT,2,181711,v0.2.0
'@superset-ui/embedded-sdk,0.4.0,100,A,,21,181195,v0.2.0
what-input,5.2.12,19,F,UNVERIFIED_PUBLISH_PATH|DORMANT|SINGLE_MAINTAINER,1,180853,v0.2.0
'@fontsource/space-mono,5.3.0,81,B,,2,180107,v0.2.0
raven-js,3.27.2,35,D,UNVERIFIED_PUBLISH_PATH|DORMANT|DEPRECATED,5,180098,v0.2.0
lil-gui,0.21.0,25,F,UNVERIFIED_PUBLISH_PATH|SINGLE_MAINTAINER,1,179438,v0.2.0
'@tsparticles/plugin-emitters,4.3.2,69,C,INCONSISTENT_PUBLISH_PATH|SINGLE_MAINTAINER,1,179244,v0.2.0
tua-body-scroll-lock,1.6.3,39,D,UNVERIFIED_PUBLISH_PATH,2,179198,v0.2.0
intro.js,8.3.2,25,F,UNVERIFIED_PUBLISH_PATH|SINGLE_MAINTAINER,1,179069,v0.2.0
yahoo-finance2,4.0.0,77,B,INCONSISTENT_PUBLISH_PATH,2,178746,v0.2.0
rc-calendar,9.15.11,33,F,UNVERIFIED_PUBLISH_PATH|DORMANT,6,178611,v0.2.0
flowbite-react,0.12.17,39,D,UNVERIFIED_PUBLISH_PATH,4,178456,v0.2.0
'@ckeditor/ckeditor5-revision-history,48.3.1,21,F,UNVERIFIED_PUBLISH_PATH|SINGLE_MAINTAINER,1,178424,v0.2.0
'@coreui/coreui,5.8.0,31,F,UNVERIFIED_PUBLISH_PATH|SINGLE_MAINTAINER,1,178241,v0.2.0
'@ckeditor/ckeditor5-real-time-collaboration,48.3.1,21,F,UNVERIFIED_PUBLISH_PATH|SINGLE_MAINTAINER,1,178126,v0.2.0
'@ckeditor/ckeditor-cloud-services-collaboration,53.0.7,21,F,UNVERIFIED_PUBLISH_PATH|SINGLE_MAINTAINER,1,177917,v0.2.0
'@progress/kendo-theme-utils,14.3.0,80,B,SINGLE_MAINTAINER,1,177910,v0.2.0
'@ckeditor/ckeditor5-format-painter,48.3.1,21,F,UNVERIFIED_PUBLISH_PATH|SINGLE_MAINTAINER,1,177775,v0.2.0
'@tsparticles/updater-wobble,4.3.2,69,C,INCONSISTENT_PUBLISH_PATH|SINGLE_MAINTAINER,1,177689,v0.2.0
'@frontegg/js,7.118.0,35,D,UNVERIFIED_PUBLISH_PATH,3,177325,v0.2.0
angular-ui-bootstrap,2.5.6,33,F,UNVERIFIED_PUBLISH_PATH|DORMANT,4,177191,v0.2.0
'@fontsource/outfit,5.3.0,81,B,,2,176758,v0.2.0
'@fullcalendar/multimonth,6.1.21,20,F,UNVERIFIED_PUBLISH_PATH|SINGLE_MAINTAINER,1,176653,v0.2.0
inter-ui,4.1.1,25,F,UNVERIFIED_PUBLISH_PATH|SINGLE_MAINTAINER,1,176645,v0.2.0
'@medplum/fhirtypes,5.1.26,90,A,INCONSISTENT_PUBLISH_PATH,3,176166,v0.2.0
'@fontsource-variable/plus-jakarta-sans,5.3.0,81,B,,2,175890,v0.2.0
'@ckeditor/ckeditor5-pagination,48.3.1,21,F,UNVERIFIED_PUBLISH_PATH|SINGLE_MAINTAINER,1,175480,v0.2.0
'@ckeditor/ckeditor5-build-classic,44.3.0,38,D,UNVERIFIED_PUBLISH_PATH|SINGLE_MAINTAINER|DEPRECATED,1,175388,v0.2.0
'@fontsource/plus-jakarta-sans,5.3.0,81,B,,2,175278,v0.2.0
construct-style-sheets-polyfill,3.1.0,19,F,UNVERIFIED_PUBLISH_PATH|DORMANT|SINGLE_MAINTAINER,1,175025,v0.2.0
country-region-data,4.1.0,25,F,UNVERIFIED_PUBLISH_PATH|SINGLE_MAINTAINER,1,174696,v0.2.0
filepond-plugin-file-validate-type,1.2.9,19,F,UNVERIFIED_PUBLISH_PATH|DORMANT|SINGLE_MAINTAINER,1,174664,v0.2.0
'@rive-app/canvas-lite,2.38.5,87,A,BRANCH_REQUIRES_PR,5,174571,v0.2.0
'@syncfusion/ej2-grids,34.1.31,39,D,UNVERIFIED_PUBLISH_PATH,3,174434,v0.2.0
'@ckeditor/ckeditor5-document-outline,48.3.1,21,F,UNVERIFIED_PUBLISH_PATH|SINGLE_MAINTAINER,1,174430,v0.2.0
'@tsparticles/updater-roll,4.3.2,69,C,INCONSISTENT_PUBLISH_PATH|SINGLE_MAINTAINER,1,174385,v0.2.0
'@tsparticles/updater-tilt,4.3.2,69,C,INCONSISTENT_PUBLISH_PATH|SINGLE_MAINTAINER,1,174353,v0.2.0
globe.gl,2.46.1,25,F,UNVERIFIED_PUBLISH_PATH|SINGLE_MAINTAINER,1,173886,v0.2.0
terra-draw,1.32.0,63,C,INCONSISTENT_PUBLISH_PATH|SINGLE_MAINTAINER,1,173730,v0.2.0
exiftool-vendored.pl,13.59.0,73,B,SINGLE_MAINTAINER,1,173617,v0.2.0
'@ckeditor/ckeditor5-merge-fields,48.3.1,21,F,UNVERIFIED_PUBLISH_PATH|SINGLE_MAINTAINER,1,173447,v0.2.0
panzoom,9.4.4,25,F,UNVERIFIED_PUBLISH_PATH|SINGLE_MAINTAINER,1,173055,v0.2.0
'@fontsource-variable/manrope,5.3.0,81,B,,2,172919,v0.2.0
reakit,1.3.11,19,F,UNVERIFIED_PUBLISH_PATH|DORMANT|SINGLE_MAINTAINER,1,172684,v0.2.0
rsuite,6.2.2,93,A,,6,172302,v0.2.0
'@handsontable/pikaday,1.0.0,33,F,UNVERIFIED_PUBLISH_PATH|DORMANT,4,171901,v0.2.0
sourcemapped-stacktrace,1.1.11,19,F,UNVERIFIED_PUBLISH_PATH|DORMANT|SINGLE_MAINTAINER,1,171350,v0.2.0
css-element-queries,1.2.3,19,F,UNVERIFIED_PUBLISH_PATH|DORMANT|SINGLE_MAINTAINER,1,170296,v0.2.0
stimulus-use,0.53.0,87,A,,2,169825,v0.2.0
tabulator-tables,6.5.2,77,B,INCONSISTENT_PUBLISH_PATH,3,169700,v0.2.0
markdown,0.5.0,28,F,UNVERIFIED_PUBLISH_PATH|DORMANT,2,168785,v0.2.0
'@editorjs/header,2.8.9,20,F,UNVERIFIED_PUBLISH_PATH|SINGLE_MAINTAINER,1,167982,v0.2.0
expo-three,8.0.0,33,F,UNVERIFIED_PUBLISH_PATH|DORMANT,11,167823,v0.2.0
'@fontsource/nunito,5.3.0,81,B,,2,167343,v0.2.0
web-animations-js,2.3.2,33,F,UNVERIFIED_PUBLISH_PATH|DORMANT,3,167310,v0.2.0
emoji-picker-element,1.29.1,25,F,UNVERIFIED_PUBLISH_PATH|SINGLE_MAINTAINER,1,167265,v0.2.0
'@vue/compat,3.5.40,64,C,INCONSISTENT_PUBLISH_PATH|SINGLE_MAINTAINER,1,166480,v0.2.0
'@ckeditor/ckeditor5-export-pdf,48.3.1,21,F,UNVERIFIED_PUBLISH_PATH|SINGLE_MAINTAINER,1,166381,v0.2.0
'@coreui/icons,3.1.0,25,F,UNVERIFIED_PUBLISH_PATH|SINGLE_MAINTAINER,1,166306,v0.2.0
oidc-client,1.11.5,19,F,UNVERIFIED_PUBLISH_PATH|DORMANT|SINGLE_MAINTAINER,1,166012,v0.2.0
'@ckeditor/ckeditor5-export-word,48.3.1,21,F,UNVERIFIED_PUBLISH_PATH|SINGLE_MAINTAINER,1,165406,v0.2.0
autocomplete.js,0.38.1,33,F,UNVERIFIED_PUBLISH_PATH|DORMANT,21,165028,v0.2.0
'@iconify-json/tabler,1.2.37,21,F,UNVERIFIED_PUBLISH_PATH|SINGLE_MAINTAINER,1,164922,v0.2.0
shpjs,6.2.0,25,F,UNVERIFIED_PUBLISH_PATH|SINGLE_MAINTAINER,1,164874,v0.2.0
plantuml-encoder,1.4.0,19,F,UNVERIFIED_PUBLISH_PATH|DORMANT|SINGLE_MAINTAINER,1,164615,v0.2.0
'@fontsource/geist-sans,5.3.0,81,B,,2,164479,v0.2.0
'@ckeditor/ckeditor5-import-word,48.3.1,21,F,UNVERIFIED_PUBLISH_PATH|SINGLE_MAINTAINER,1,163521,v0.2.0
canvas-size,2.0.0,19,F,UNVERIFIED_PUBLISH_PATH|DORMANT|SINGLE_MAINTAINER,1,163389,v0.2.0
'@ffmpeg/core,0.12.10,28,F,UNVERIFIED_PUBLISH_PATH|DORMANT,3,162920,v0.2.0
'@ckeditor/ckeditor5-ai,48.3.1,21,F,UNVERIFIED_PUBLISH_PATH|SINGLE_MAINTAINER,1,162631,v0.2.0
ckeditor5-premium-features,48.3.1,21,F,UNVERIFIED_PUBLISH_PATH|SINGLE_MAINTAINER,1,162123,v0.2.0
'@ckeditor/ckeditor5-case-change,48.3.1,21,F,UNVERIFIED_PUBLISH_PATH|SINGLE_MAINTAINER,1,161902,v0.2.0
frappe-gantt,1.2.2,73,B,SINGLE_MAINTAINER,1,161607,v0.2.0
'@ckeditor/ckeditor5-template,48.3.1,21,F,UNVERIFIED_PUBLISH_PATH|SINGLE_MAINTAINER,1,161430,v0.2.0
'@ckeditor/ckeditor5-slash-command,48.3.1,21,F,UNVERIFIED_PUBLISH_PATH|SINGLE_MAINTAINER,1,161409,v0.2.0
'@ibm/plex-mono,2.5.0,39,D,UNVERIFIED_PUBLISH_PATH,23,161289,v0.2.0
svg2pdf.js,2.7.0,45,D,UNVERIFIED_PUBLISH_PATH,4,161222,v0.2.0
'@clerk/ui,1.25.5,82,B,BRANCH_REQUIRES_PR,6,160921,v0.2.0
bootstrap-select,1.13.18,19,F,UNVERIFIED_PUBLISH_PATH|DORMANT|SINGLE_MAINTAINER,1,160685,v0.2.0
'@ckeditor/ckeditor5-list-multi-level,48.3.1,21,F,UNVERIFIED_PUBLISH_PATH|SINGLE_MAINTAINER,1,160328,v0.2.0
jodit,4.13.5,69,C,INCONSISTENT_PUBLISH_PATH|SINGLE_MAINTAINER,1,160126,v0.2.0
chartjs-adapter-luxon,1.3.1,19,F,UNVERIFIED_PUBLISH_PATH|DORMANT|SINGLE_MAINTAINER,1,159534,v0.2.0
survey-creator-core,2.5.34,39,D,UNVERIFIED_PUBLISH_PATH,5,158300,v0.2.0
vue-tippy,6.7.1,16,F,UNVERIFIED_PUBLISH_PATH|SINGLE_MAINTAINER,1,158228,v0.2.0
pdfobject,2.3.1,25,F,UNVERIFIED_PUBLISH_PATH|SINGLE_MAINTAINER,1,157909,v0.2.0
wicg-inert,3.1.3,33,F,UNVERIFIED_PUBLISH_PATH|DORMANT,2,157857,v0.2.0
tinyld,1.3.4,28,F,UNVERIFIED_PUBLISH_PATH|DORMANT,2,157781,v0.2.0
naive-ui,2.44.1,20,F,UNVERIFIED_PUBLISH_PATH|SINGLE_MAINTAINER,1,157724,v0.2.0
'@iconify-json/heroicons,1.2.3,21,F,UNVERIFIED_PUBLISH_PATH|SINGLE_MAINTAINER,1,157615,v0.2.0
'@react-icons/all-files,4.1.0,14,F,UNVERIFIED_PUBLISH_PATH|DORMANT|SINGLE_MAINTAINER,1,157220,v0.2.0
croppie,2.6.5,19,F,UNVERIFIED_PUBLISH_PATH|DORMANT|SINGLE_MAINTAINER,1,157207,v0.2.0
'@amplitude/plugin-experiment-browser,1.0.0-beta.36,79,B,INCONSISTENT_PUBLISH_PATH,6,157181,v0.2.0
'@wix/sdk-runtime,1.0.15,30,F,UNVERIFIED_PUBLISH_PATH,12,156898,v0.2.0
'@emailjs/browser,4.4.1,19,F,UNVERIFIED_PUBLISH_PATH|DORMANT|SINGLE_MAINTAINER,1,156054,v0.2.0
'@fontsource-variable/figtree,5.3.0,81,B,,2,154579,v0.2.0
'@carbon/icons,11.84.0,100,A,,7,154421,v0.2.0
tributejs,5.1.3,19,F,UNVERIFIED_PUBLISH_PATH|DORMANT|SINGLE_MAINTAINER,1,154266,v0.2.0
vue-tel-input,9.8.0,25,F,UNVERIFIED_PUBLISH_PATH|SINGLE_MAINTAINER,1,154129,v0.2.0
'@ckeditor/ckeditor5-uploadcare,48.3.1,21,F,UNVERIFIED_PUBLISH_PATH|SINGLE_MAINTAINER,1,152180,v0.2.0
'@ckeditor/ckeditor5-source-editing-enhanced,48.3.1,21,F,UNVERIFIED_PUBLISH_PATH|SINGLE_MAINTAINER,1,152060,v0.2.0
'@amplitude/unified,1.1.25,89,A,,6,151870,v0.2.0
'@ua-parser-js/pro-business,2.0.10,73,B,SINGLE_MAINTAINER,1,151442,v0.2.0
angular-cookies,1.8.3,25,F,UNVERIFIED_PUBLISH_PATH|DORMANT|SINGLE_MAINTAINER|DEPRECATED,1,151251,v0.2.0
vue-slider-component,3.2.24,19,F,UNVERIFIED_PUBLISH_PATH|DORMANT|SINGLE_MAINTAINER,1,150757,v0.2.0
datatables.net-responsive,3.0.8,25,F,UNVERIFIED_PUBLISH_PATH|SINGLE_MAINTAINER,1,150457,v0.2.0
youtubei.js,17.2.0,73,B,SINGLE_MAINTAINER,1,150432,v0.2.0
agora-rtc-sdk-ng,4.24.6,39,D,UNVERIFIED_PUBLISH_PATH,2,150295,v0.2.0
stimulus,3.2.2,15,F,UNVERIFIED_PUBLISH_PATH|DORMANT|SINGLE_MAINTAINER,1,150256,v0.2.0
uuid4,2.0.3,19,F,UNVERIFIED_PUBLISH_PATH|DORMANT|SINGLE_MAINTAINER,1,150245,v0.2.0
'@azure/app-configuration,1.12.1,47,D,UNVERIFIED_PUBLISH_PATH,3,150241,v0.2.0
'@lit-labs/virtualizer,2.1.1,84,B,,11,149796,v0.2.0
datatables.net-select,3.1.3,25,F,UNVERIFIED_PUBLISH_PATH|SINGLE_MAINTAINER,1,149658,v0.2.0
'@shoelace-style/shoelace,2.20.1,39,D,UNVERIFIED_PUBLISH_PATH,2,149535,v0.2.0
'@ant-design/charts,2.6.7,34,F,UNVERIFIED_PUBLISH_PATH,8,149461,v0.2.0
filepond-plugin-image-preview,4.6.12,19,F,UNVERIFIED_PUBLISH_PATH|DORMANT|SINGLE_MAINTAINER,1,149092,v0.2.0
'@rsuite/icons,1.4.1,87,A,,6,149007,v0.2.0
remixicon,4.9.1,73,B,SINGLE_MAINTAINER,1,147984,v0.2.0
wavefile,11.0.0,19,F,UNVERIFIED_PUBLISH_PATH|DORMANT|SINGLE_MAINTAINER,1,147705,v0.2.0
knockout,3.5.3,39,D,UNVERIFIED_PUBLISH_PATH,2,147543,v0.2.0
'@capgo/capacitor-social-login,8.3.38,67,C,SINGLE_MAINTAINER,1,146888,v0.2.0
'@capacitor/app-launcher,8.0.1,69,C,REPO_LINKAGE_MISMATCH,18,146749,v0.2.0
'@fontsource/roboto-mono,5.3.0,81,B,,2,146644,v0.2.0
'@iconify-json/ri,1.2.10,21,F,UNVERIFIED_PUBLISH_PATH|SINGLE_MAINTAINER,1,146440,v0.2.0
'@geoman-io/leaflet-geoman-free,2.20.0,68,C,SINGLE_MAINTAINER,1,146165,v0.2.0
'@holiday-jp/holiday_jp,2.5.1,39,D,UNVERIFIED_PUBLISH_PATH,2,145835,v0.2.0
'@editorjs/paragraph,3.0.0,21,F,UNVERIFIED_PUBLISH_PATH|SINGLE_MAINTAINER,1,145611,v0.2.0
'@fullcalendar/moment-timezone,6.1.21,20,F,UNVERIFIED_PUBLISH_PATH|SINGLE_MAINTAINER,1,145383,v0.2.0
'@vapi-ai/web,2.6.1,82,B,,7,144827,v0.2.0
jdenticon,3.3.0,14,F,UNVERIFIED_PUBLISH_PATH|DORMANT|SINGLE_MAINTAINER,1,143101,v0.2.0
xss-filters,1.2.7,33,F,UNVERIFIED_PUBLISH_PATH|DORMANT,4,143048,v0.2.0
'@tanstack/solid-query,5.101.2,89,A,,3,143028,v0.2.0
datatables.net-bs4,2.3.8,25,F,UNVERIFIED_PUBLISH_PATH|SINGLE_MAINTAINER,1,142718,v0.2.0
quill-delta-to-html,0.12.1,33,F,UNVERIFIED_PUBLISH_PATH|DORMANT,2,142656,v0.2.0
three-spritetext,1.10.0,25,F,UNVERIFIED_PUBLISH_PATH|SINGLE_MAINTAINER,1,142253,v0.2.0
vuelidate,0.7.7,39,D,UNVERIFIED_PUBLISH_PATH|DORMANT,2,141834,v0.2.0
ag-stack,36.0.1,69,C,INCONSISTENT_PUBLISH_PATH|SINGLE_MAINTAINER,1,141448,v0.2.0
flagsmith,10.0.0,84,B,DEPRECATED|BRANCH_REQUIRES_PR,3,141403,v0.2.0
piexifjs,1.0.6,19,F,UNVERIFIED_PUBLISH_PATH|DORMANT|SINGLE_MAINTAINER,1,141329,v0.2.0
fireworks-js,2.10.8,14,F,UNVERIFIED_PUBLISH_PATH|DORMANT|SINGLE_MAINTAINER,1,141308,v0.2.0
phosphor-react-native,3.0.6,39,D,UNVERIFIED_PUBLISH_PATH,4,140872,v0.2.0
ansi_up,6.0.6,25,F,UNVERIFIED_PUBLISH_PATH|SINGLE_MAINTAINER,1,140857,v0.2.0
turbolinks,5.2.0,33,F,UNVERIFIED_PUBLISH_PATH|DORMANT,3,140815,v0.2.0
3dmol,2.5.5,39,D,UNVERIFIED_PUBLISH_PATH,2,140319,v0.2.0
'@qwik.dev/partytown,0.14.0,82,B,,7,139865,v0.2.0
paho-mqtt,1.1.0,20,F,UNVERIFIED_PUBLISH_PATH|DORMANT|SINGLE_MAINTAINER,1,139775,v0.2.0
'@fontsource/material-icons,5.3.0,81,B,,2,139601,v0.2.0
pagedjs,0.4.3,15,F,UNVERIFIED_PUBLISH_PATH|DORMANT|SINGLE_MAINTAINER,1,139085,v0.2.0
'@symbiotejs/symbiote,3.8.2,39,D,UNVERIFIED_PUBLISH_PATH,3,138642,v0.2.0
'@lottiefiles/lottie-player,2.0.12,65,C,DORMANT,2,138587,v0.2.0
vue-cookies,1.8.6,19,F,UNVERIFIED_PUBLISH_PATH|DORMANT|SINGLE_MAINTAINER,1,138527,v0.2.0
holderjs,2.9.9,19,F,UNVERIFIED_PUBLISH_PATH|DORMANT|SINGLE_MAINTAINER,1,138489,v0.2.0
'@supabase/gotrue-js,2.108.2,75,B,,0,138357,v0.2.0
'@telnyx/webrtc,2.27.5,84,B,INCONSISTENT_PUBLISH_PATH,6,138147,v0.2.0
'@panzoom/panzoom,4.6.2,31,F,UNVERIFIED_PUBLISH_PATH|SINGLE_MAINTAINER|BRANCH_REQUIRES_PR,1,137627,v0.2.0
calendar-link,2.11.4,73,B,SINGLE_MAINTAINER,1,137489,v0.2.0
'@material-symbols/svg-400,0.45.8,73,B,SINGLE_MAINTAINER,1,137440,v0.2.0
snarkdown,2.0.0,19,F,UNVERIFIED_PUBLISH_PATH|DORMANT|SINGLE_MAINTAINER,1,137377,v0.2.0
vue-currency-input,3.2.2,58,C,SINGLE_MAINTAINER,1,137324,v0.2.0
'@techstark/opencv-js,5.0.0-release.1,73,B,SINGLE_MAINTAINER,1,137075,v0.2.0
qz-tray,2.2.6,25,F,UNVERIFIED_PUBLISH_PATH|SINGLE_MAINTAINER,1,136545,v0.2.0
'@editorjs/list,2.0.9,20,F,UNVERIFIED_PUBLISH_PATH|SINGLE_MAINTAINER,1,136388,v0.2.0
'@babylonjs/loaders,9.17.0,25,F,UNVERIFIED_PUBLISH_PATH|SINGLE_MAINTAINER,1,135317,v0.2.0
'@fe6/water-pro,3.58.1,14,F,UNVERIFIED_PUBLISH_PATH|DORMANT|SINGLE_MAINTAINER,1,135160,v0.2.0
'@lucide/lab,0.1.2,14,F,UNVERIFIED_PUBLISH_PATH|DORMANT|SINGLE_MAINTAINER,1,134990,v0.2.0
react-native-iap,15.5.2,73,B,SINGLE_MAINTAINER,1,134946,v0.2.0
angular-messages,1.8.3,25,F,UNVERIFIED_PUBLISH_PATH|DORMANT|SINGLE_MAINTAINER,1,134618,v0.2.0
'@pixi/assets,7.4.3,46,D,UNVERIFIED_PUBLISH_PATH,2,134196,v0.2.0
'@highcharts/map-collection,2.3.3,39,D,UNVERIFIED_PUBLISH_PATH,10,133818,v0.2.0
opencc-js,1.4.1,77,B,INCONSISTENT_PUBLISH_PATH,3,133720,v0.2.0
phenomenon,1.6.0,19,F,UNVERIFIED_PUBLISH_PATH|DORMANT|SINGLE_MAINTAINER,1,133096,v0.2.0
amazon-connect-streams,2.27.1,39,D,UNVERIFIED_PUBLISH_PATH,12,132900,v0.2.0
'@stackblitz/sdk,1.11.1,39,D,UNVERIFIED_PUBLISH_PATH,4,132629,v0.2.0
'@tensorflow/tfjs-backend-wasm,4.22.0,33,F,UNVERIFIED_PUBLISH_PATH|DORMANT,10,132183,v0.2.0
flag-icon-css,4.1.7,19,F,UNVERIFIED_PUBLISH_PATH|DORMANT|SINGLE_MAINTAINER|DEPRECATED,1,131895,v0.2.0
lucide-solid,1.25.0,68,C,SINGLE_MAINTAINER,1,130839,v0.2.0
'@fontsource-variable/source-serif-4,5.3.0,81,B,,2,130618,v0.2.0
parse,8.6.0,39,D,UNVERIFIED_PUBLISH_PATH,10,130499,v0.2.0
'@graphiql/plugin-explorer,5.1.3,93,A,,5,130020,v0.2.0
'@formkit/themes,2.1.0,72,B,INCONSISTENT_PUBLISH_PATH,4,129924,v0.2.0
'@yaireo/tagify,4.38.0,20,F,UNVERIFIED_PUBLISH_PATH|SINGLE_MAINTAINER,1,129710,v0.2.0
'@lit/task,1.0.3,84,B,,8,129682,v0.2.0
typewriter-effect,2.22.0,25,F,UNVERIFIED_PUBLISH_PATH|SINGLE_MAINTAINER,1,129661,v0.2.0
mp4-muxer,5.2.2,57,C,SINGLE_MAINTAINER|DEPRECATED,1,129579,v0.2.0
p5,2.3.0,45,D,UNVERIFIED_PUBLISH_PATH,8,128261,v0.2.0
lamejs,1.2.1,19,F,UNVERIFIED_PUBLISH_PATH|DORMANT|SINGLE_MAINTAINER,1,127972,v0.2.0
topojson,3.0.2,33,F,UNVERIFIED_PUBLISH_PATH|DORMANT|DEPRECATED,2,127846,v0.2.0
'@syncfusion/ej2-layouts,34.1.29,39,D,UNVERIFIED_PUBLISH_PATH,3,127755,v0.2.0
mathjax,4.1.3,68,C,SINGLE_MAINTAINER,1,127512,v0.2.0
body-scroll-lock-upgrade,1.1.0,19,F,UNVERIFIED_PUBLISH_PATH|DORMANT|SINGLE_MAINTAINER,1,127457,v0.2.0
angular-route,1.8.3,25,F,UNVERIFIED_PUBLISH_PATH|DORMANT|SINGLE_MAINTAINER|DEPRECATED,1,127363,v0.2.0
'@material/web,2.5.0,45,D,UNVERIFIED_PUBLISH_PATH,4,126730,v0.2.0
svg-country-flags,1.2.10,19,F,UNVERIFIED_PUBLISH_PATH|DORMANT|SINGLE_MAINTAINER,1,126609,v0.2.0
'@ant-design/icons-angular,22.0.0,39,D,UNVERIFIED_PUBLISH_PATH,8,126535,v0.2.0
'@fontsource/fraunces,5.3.0,81,B,,2,125651,v0.2.0
highcharts-vue,2.0.1,29,F,UNVERIFIED_PUBLISH_PATH|DORMANT,10,125536,v0.2.0
autocompleter,10.0.0,25,F,UNVERIFIED_PUBLISH_PATH|SINGLE_MAINTAINER,1,125344,v0.2.0
occt-import-js,0.0.23,19,F,UNVERIFIED_PUBLISH_PATH|DORMANT|SINGLE_MAINTAINER,1,125057,v0.2.0
vue-scrollto,2.20.0,19,F,UNVERIFIED_PUBLISH_PATH|DORMANT|SINGLE_MAINTAINER,1,125013,v0.2.0
'@fontsource/eb-garamond,5.3.0,81,B,,2,124439,v0.2.0
'@iconify-json/svg-spinners,1.2.4,21,F,UNVERIFIED_PUBLISH_PATH|SINGLE_MAINTAINER,1,124240,v0.2.0
'@fontsource-variable/public-sans,5.3.0,81,B,,2,123868,v0.2.0
blueimp-tmpl,3.20.0,19,F,UNVERIFIED_PUBLISH_PATH|DORMANT|SINGLE_MAINTAINER,1,123311,v0.2.0
accessible-autocomplete,3.0.1,40,D,UNVERIFIED_PUBLISH_PATH|DORMANT,2,123253,v0.2.0
'@tsparticles/plugin-motion,4.3.2,69,C,INCONSISTENT_PUBLISH_PATH|SINGLE_MAINTAINER,1,122609,v0.2.0
face-api.js,0.22.2,15,F,UNVERIFIED_PUBLISH_PATH|DORMANT|SINGLE_MAINTAINER,1,122567,v0.2.0
just-compare,2.3.0,25,F,UNVERIFIED_PUBLISH_PATH|DORMANT|SINGLE_MAINTAINER,1,122382,v0.2.0
onfido-sdk-ui,14.78.0,25,F,UNVERIFIED_PUBLISH_PATH|SINGLE_MAINTAINER,1,122160,v0.2.0
'@vueform/multiselect,2.6.11,19,F,UNVERIFIED_PUBLISH_PATH|DORMANT|SINGLE_MAINTAINER,1,121937,v0.2.0
'@mui/joy,5.0.0-beta.52,40,D,UNVERIFIED_PUBLISH_PATH,10,121867,v0.2.0
heatmap.js,2.0.5,15,F,UNVERIFIED_PUBLISH_PATH|DORMANT|SINGLE_MAINTAINER,1,121386,v0.2.0
'@sap-theming/theming-base-content,11.36.4,34,F,UNVERIFIED_PUBLISH_PATH|BRANCH_REQUIRES_PR,4,121126,v0.2.0
'@tolgee/web,7.1.2,73,B,SINGLE_MAINTAINER,1,120816,v0.2.0
sweetalert,2.1.2,19,F,UNVERIFIED_PUBLISH_PATH|DORMANT|SINGLE_MAINTAINER,1,120498,v0.2.0
angular-resource,1.8.3,25,F,UNVERIFIED_PUBLISH_PATH|DORMANT|SINGLE_MAINTAINER|DEPRECATED,1,120400,v0.2.0
'@stytch/vanilla-js,6.0.11,52,C,UNVERIFIED_PUBLISH_PATH,15,119420,v0.2.0
'@fullcalendar/rrule,7.0.1,20,F,UNVERIFIED_PUBLISH_PATH|SINGLE_MAINTAINER,1,119388,v0.2.0
'@fontsource/oswald,5.3.0,81,B,,2,119317,v0.2.0
filepond-plugin-file-validate-size,2.2.8,19,F,UNVERIFIED_PUBLISH_PATH|DORMANT|SINGLE_MAINTAINER,1,119261,v0.2.0
i18next-localstorage-backend,4.3.1,39,D,UNVERIFIED_PUBLISH_PATH,2,119149,v0.2.0
monday-sdk-js,0.5.9,39,D,UNVERIFIED_PUBLISH_PATH,11,119105,v0.2.0
'@livekit/track-processors,0.7.2,68,C,,0,119073,v0.2.0
'@fontsource/dm-mono,5.3.0,81,B,,2,119039,v0.2.0
dxf-parser,1.1.2,19,F,UNVERIFIED_PUBLISH_PATH|DORMANT|SINGLE_MAINTAINER,1,119001,v0.2.0
'@vaadin/overlay,25.2.5,39,D,UNVERIFIED_PUBLISH_PATH,12,118713,v0.2.0
bootstrap-slider,11.0.2,33,F,UNVERIFIED_PUBLISH_PATH|DORMANT,2,118409,v0.2.0
'@schedule-x/calendar,4.6.1,25,F,UNVERIFIED_PUBLISH_PATH|SINGLE_MAINTAINER,1,118322,v0.2.0
vue-flatpickr-component,12.0.0,25,F,UNVERIFIED_PUBLISH_PATH|SINGLE_MAINTAINER,1,118226,v0.2.0
toastify-js,1.12.0,19,F,UNVERIFIED_PUBLISH_PATH|DORMANT|SINGLE_MAINTAINER,1,118200,v0.2.0
'@snowplow/browser-plugin-link-click-tracking,4.8.4,39,D,UNVERIFIED_PUBLISH_PATH,3,118194,v0.2.0
summernote,0.9.1,28,F,UNVERIFIED_PUBLISH_PATH|DORMANT,3,117827,v0.2.0
qrious,4.0.2,14,F,UNVERIFIED_PUBLISH_PATH|DORMANT|SINGLE_MAINTAINER|PUBLISHER_NOT_MAINTAINER,1,117816,v0.2.0
'@tsparticles/shape-heart,4.3.2,69,C,INCONSISTENT_PUBLISH_PATH|SINGLE_MAINTAINER,1,117332,v0.2.0
'@tsparticles/shape-cards,4.3.2,69,C,INCONSISTENT_PUBLISH_PATH|SINGLE_MAINTAINER,1,117306,v0.2.0
'@viz-js/viz,3.28.0,73,B,SINGLE_MAINTAINER,1,117211,v0.2.0
'@algolia/autocomplete-theme-classic,1.19.9,29,F,UNVERIFIED_PUBLISH_PATH|PUBLISHER_NOT_MAINTAINER,14,116832,v0.2.0
jsuites,6.4.2,25,F,UNVERIFIED_PUBLISH_PATH|SINGLE_MAINTAINER,1,116645,v0.2.0
ng-file-upload,12.2.13,19,F,UNVERIFIED_PUBLISH_PATH|DORMANT|SINGLE_MAINTAINER,1,116560,v0.2.0
viewerjs,1.11.8,73,B,SINGLE_MAINTAINER,1,116264,v0.2.0
vue3-carousel,0.17.0,39,D,UNVERIFIED_PUBLISH_PATH,2,116116,v0.2.0
'@keystar/ui,0.8.0,89,A,,2,115689,v0.2.0
datatables.net-bs5,2.3.8,25,F,UNVERIFIED_PUBLISH_PATH|SINGLE_MAINTAINER,1,115567,v0.2.0
'@imgly/background-removal,1.7.0,34,F,UNVERIFIED_PUBLISH_PATH,12,115427,v0.2.0
'@syncfusion/ej2-charts,34.1.29,39,D,UNVERIFIED_PUBLISH_PATH,3,114408,v0.2.0
'@fontsource-variable/roboto,5.3.0,81,B,,2,114342,v0.2.0
nightwatch,3.16.0,39,D,UNVERIFIED_PUBLISH_PATH,4,114199,v0.2.0
'@ungap/global-this,0.4.4,19,F,UNVERIFIED_PUBLISH_PATH|DORMANT|SINGLE_MAINTAINER,1,114050,v0.2.0
react-image-lightbox,5.1.4,33,F,UNVERIFIED_PUBLISH_PATH|DORMANT|DEPRECATED,2,114017,v0.2.0
'@antv/g2plot,2.4.35,34,F,UNVERIFIED_PUBLISH_PATH|PUBLISHER_NOT_MAINTAINER,19,113965,v0.2.0
vue-color,3.3.3,39,D,UNVERIFIED_PUBLISH_PATH,2,113732,v0.2.0
'@honeybadger-io/js,6.15.0,39,D,UNVERIFIED_PUBLISH_PATH,5,113663,v0.2.0
'@tsparticles/confetti,4.3.2,69,C,INCONSISTENT_PUBLISH_PATH|SINGLE_MAINTAINER,1,113496,v0.2.0
rc-editor-mention,1.1.13,33,F,UNVERIFIED_PUBLISH_PATH|DORMANT,3,113311,v0.2.0
semantic-ui-css,2.5.0,19,F,UNVERIFIED_PUBLISH_PATH|DORMANT|SINGLE_MAINTAINER,1,113113,v0.2.0
'@wix/sdk-types,1.17.9,30,F,UNVERIFIED_PUBLISH_PATH,12,112595,v0.2.0
blueimp-file-upload,10.32.0,25,F,UNVERIFIED_PUBLISH_PATH|DORMANT|SINGLE_MAINTAINER,1,112522,v0.2.0
streamsaver,2.0.6,19,F,UNVERIFIED_PUBLISH_PATH|DORMANT|SINGLE_MAINTAINER,1,112485,v0.2.0
typesense-instantsearch-adapter,3.0.2,39,D,UNVERIFIED_PUBLISH_PATH,4,112217,v0.2.0
'@iconify-json/vscode-icons,1.2.67,21,F,UNVERIFIED_PUBLISH_PATH|SINGLE_MAINTAINER,1,111496,v0.2.0
'@fontsource/noto-sans,5.3.0,81,B,,2,111361,v0.2.0
eonasdan-bootstrap-datetimepicker,4.17.49,14,F,UNVERIFIED_PUBLISH_PATH|DORMANT|SINGLE_MAINTAINER|PUBLISHER_NOT_MAINTAINER,1,111319,v0.2.0
'@shopify/draggable,1.2.1,77,B,,6,111283,v0.2.0
fingerprintjs2,2.1.4,28,F,UNVERIFIED_PUBLISH_PATH|DORMANT|DEPRECATED|BRANCH_REQUIRES_PR,2,111107,v0.2.0
js-confetti,0.13.1,25,F,UNVERIFIED_PUBLISH_PATH|SINGLE_MAINTAINER,1,110918,v0.2.0
opus-recorder,8.0.5,19,F,UNVERIFIED_PUBLISH_PATH|DORMANT|SINGLE_MAINTAINER,1,110462,v0.2.0
'@swimlane/ngx-datatable,24.0.1,45,D,UNVERIFIED_PUBLISH_PATH,24,110424,v0.2.0
vue-axios,3.5.2,25,F,UNVERIFIED_PUBLISH_PATH|DORMANT|SINGLE_MAINTAINER,1,110416,v0.2.0
typeface-roboto,1.1.13,14,F,UNVERIFIED_PUBLISH_PATH|DORMANT|SINGLE_MAINTAINER,1,110280,v0.2.0
emoji-datasource-apple,16.0.0,25,F,UNVERIFIED_PUBLISH_PATH|SINGLE_MAINTAINER,1,109851,v0.2.0
'@amcharts/amcharts4,4.10.40,34,F,UNVERIFIED_PUBLISH_PATH,4,109818,v0.2.0
vant,4.10.0,26,F,UNVERIFIED_PUBLISH_PATH|SINGLE_MAINTAINER,1,109740,v0.2.0
marked-katex-extension,5.1.10,73,B,SINGLE_MAINTAINER,1,109572,v0.2.0
js-search,2.0.1,28,F,UNVERIFIED_PUBLISH_PATH|DORMANT,2,109540,v0.2.0
phosphor-react,1.4.1,14,F,UNVERIFIED_PUBLISH_PATH|DORMANT|SINGLE_MAINTAINER,1,109328,v0.2.0
insert-text-at-cursor,0.3.0,19,F,UNVERIFIED_PUBLISH_PATH|DORMANT|SINGLE_MAINTAINER,1,109083,v0.2.0
chartjs-chart-matrix,3.0.5,73,B,SINGLE_MAINTAINER,1,108892,v0.2.0
'@alpinejs/collapse,3.15.12,63,C,INCONSISTENT_PUBLISH_PATH|SINGLE_MAINTAINER,1,108653,v0.2.0
angular-ui-router,1.1.2,39,D,UNVERIFIED_PUBLISH_PATH,2,108635,v0.2.0
post-robot,8.0.32,46,D,UNVERIFIED_PUBLISH_PATH|DORMANT,5,108476,v0.2.0
ccxt,4.5.67,84,B,INCONSISTENT_PUBLISH_PATH,2,108391,v0.2.0
'@fontsource-variable/hanken-grotesk,5.3.0,81,B,,2,108376,v0.2.0
'@vue/composition-api,1.7.2,33,F,UNVERIFIED_PUBLISH_PATH|DORMANT,5,108216,v0.2.0
geodesy,2.4.0,14,F,UNVERIFIED_PUBLISH_PATH|DORMANT|SINGLE_MAINTAINER,1,107958,v0.2.0
openseadragon,6.0.2,25,F,UNVERIFIED_PUBLISH_PATH|SINGLE_MAINTAINER,1,107943,v0.2.0
'@nathanvda/cocoon,1.2.14,14,F,UNVERIFIED_PUBLISH_PATH|DORMANT|SINGLE_MAINTAINER,1,107529,v0.2.0
pretendard,1.3.9,33,F,UNVERIFIED_PUBLISH_PATH|DORMANT,2,107509,v0.2.0
datatables.net-bs,2.3.8,25,F,UNVERIFIED_PUBLISH_PATH|SINGLE_MAINTAINER,1,107484,v0.2.0
'@vaadin/button,25.2.5,39,D,UNVERIFIED_PUBLISH_PATH,12,107039,v0.2.0
'@embedpdf/snippet,2.14.4,16,F,UNVERIFIED_PUBLISH_PATH|SINGLE_MAINTAINER,1,106969,v0.2.0
altcha-lib,2.3.1,79,B,SINGLE_MAINTAINER,1,106354,v0.2.0
'@schedule-x/theme-default,4.6.1,25,F,UNVERIFIED_PUBLISH_PATH|SINGLE_MAINTAINER,1,106278,v0.2.0
'@fontsource/cormorant-garamond,5.3.0,81,B,,2,106151,v0.2.0
'@fontsource/instrument-serif,5.3.0,81,B,,2,106007,v0.2.0
material-design-icons,3.0.1,33,F,UNVERIFIED_PUBLISH_PATH|DORMANT,6,105922,v0.2.0
v-tooltip,2.1.3,19,F,UNVERIFIED_PUBLISH_PATH|DORMANT|SINGLE_MAINTAINER,1,105645,v0.2.0
'@fontsource-variable/montserrat,5.3.0,81,B,,2,105315,v0.2.0
foundation-sites,6.9.0,39,D,UNVERIFIED_PUBLISH_PATH|DORMANT,4,104885,v0.2.0
loaders.css,0.1.2,19,F,UNVERIFIED_PUBLISH_PATH|DORMANT|SINGLE_MAINTAINER,1,104081,v0.2.0
chartist,1.5.0,20,F,UNVERIFIED_PUBLISH_PATH|SINGLE_MAINTAINER,1,103873,v0.2.0
vazirmatn,33.0.3,19,F,UNVERIFIED_PUBLISH_PATH|DORMANT|SINGLE_MAINTAINER,1,103687,v0.2.0
'@fontsource/barlow,5.3.0,81,B,,2,103575,v0.2.0
'@vee-validate/i18n,4.15.1,62,C,SINGLE_MAINTAINER,1,103546,v0.2.0
'@fullcalendar/luxon3,6.1.21,20,F,UNVERIFIED_PUBLISH_PATH|SINGLE_MAINTAINER,1,103421,v0.2.0
vidstack,0.6.15,14,F,UNVERIFIED_PUBLISH_PATH|DORMANT|SINGLE_MAINTAINER,1,103383,v0.2.0
'@launchdarkly/observability,1.1.17,81,B,SINGLE_MAINTAINER,1,103350,v0.2.0
jquery-form,4.3.0,33,F,UNVERIFIED_PUBLISH_PATH|DORMANT,3,102966,v0.2.0
rough-notation,0.5.1,19,F,UNVERIFIED_PUBLISH_PATH|DORMANT|SINGLE_MAINTAINER,1,102654,v0.2.0
country-flag-emoji-polyfill,0.1.8,19,F,UNVERIFIED_PUBLISH_PATH|DORMANT|SINGLE_MAINTAINER,1,102366,v0.2.0
jeep-sqlite,2.8.0,19,F,UNVERIFIED_PUBLISH_PATH|DORMANT|SINGLE_MAINTAINER,1,102039,v0.2.0
'@ministryofjustice/frontend,10.0.0,94,A,,4,101825,v0.2.0
focus-outline-manager,1.0.2,19,F,UNVERIFIED_PUBLISH_PATH|DORMANT|SINGLE_MAINTAINER,1,101698,v0.2.0
'@fontsource-variable/ibm-plex-sans,5.3.0,81,B,,2,101620,v0.2.0
'@zootools/email-spell-checker,1.12.0,19,F,UNVERIFIED_PUBLISH_PATH|DORMANT|SINGLE_MAINTAINER,1,101522,v0.2.0
'@fontsource-variable/outfit,5.3.0,81,B,,2,101223,v0.2.0
plotly.js-dist,3.7.0,45,D,UNVERIFIED_PUBLISH_PATH,15,101099,v0.2.0
'@github/relative-time-element,5.3.0,94,A,,20,101017,v0.2.0
'@lit-labs/observers,2.1.0,90,A,,11,100593,v0.2.0
heroicons,2.2.0,75,B,DORMANT,3,100470,v0.2.0
'@wooorm/starry-night,3.10.0,25,F,UNVERIFIED_PUBLISH_PATH|SINGLE_MAINTAINER,1,100320,v0.2.0
tsparticles,4.3.2,69,C,INCONSISTENT_PUBLISH_PATH|SINGLE_MAINTAINER,1,99907,v0.2.0
eruda,3.4.3,25,F,UNVERIFIED_PUBLISH_PATH|SINGLE_MAINTAINER,1,99851,v0.2.0
'@getzep/zep-cloud,3.25.0,87,A,,2,99839,v0.2.0
ol-ext,4.0.38,73,B,SINGLE_MAINTAINER,1,99834,v0.2.0
lucide-angular,1.0.0,68,C,SINGLE_MAINTAINER|DEPRECATED,1,99547,v0.2.0
'@photo-sphere-viewer/core,5.14.3,73,B,SINGLE_MAINTAINER,1,99489,v0.2.0
eme-encryption-scheme-polyfill,2.2.4,45,D,UNVERIFIED_PUBLISH_PATH|DEPRECATED,4,99390,v0.2.0
'@ag-grid-community/locale,36.0.1,93,A,,3,98925,v0.2.0
'@uppy/locales,5.1.1,45,D,UNVERIFIED_PUBLISH_PATH,4,98845,v0.2.0
'@ui5/webcomponents-base,2.24.0,87,A,,2,98749,v0.2.0
'@ttskch/select2-bootstrap4-theme,1.5.2,19,F,UNVERIFIED_PUBLISH_PATH|DORMANT|SINGLE_MAINTAINER,1,98739,v0.2.0
'@expo-google-fonts/poppins,0.4.1,39,D,UNVERIFIED_PUBLISH_PATH,4,98416,v0.2.0
'@launchdarkly/session-replay,1.1.17,81,B,SINGLE_MAINTAINER,1,98167,v0.2.0
cash-dom,8.1.5,19,F,UNVERIFIED_PUBLISH_PATH|DORMANT|SINGLE_MAINTAINER,1,97917,v0.2.0
lite-youtube-embed,0.3.4,25,F,UNVERIFIED_PUBLISH_PATH|SINGLE_MAINTAINER,1,97761,v0.2.0
classlist.js,1.1.20150312,19,F,UNVERIFIED_PUBLISH_PATH|DORMANT|SINGLE_MAINTAINER,1,97731,v0.2.0
'@editorjs/table,2.4.5,20,F,UNVERIFIED_PUBLISH_PATH|SINGLE_MAINTAINER,1,97186,v0.2.0
react-tippy,1.4.0,19,F,UNVERIFIED_PUBLISH_PATH|DORMANT|SINGLE_MAINTAINER,1,97090,v0.2.0
'@docsearch/sidepanel-js,4.6.3,46,D,UNVERIFIED_PUBLISH_PATH,5,97037,v0.2.0
'@hpcc-js/wasm,2.34.8,25,F,UNVERIFIED_PUBLISH_PATH|SINGLE_MAINTAINER,1,97013,v0.2.0
'@protomaps/basemaps,5.7.2,25,F,UNVERIFIED_PUBLISH_PATH|SINGLE_MAINTAINER,1,96910,v0.2.0
'@fullcalendar/moment,6.1.21,20,F,UNVERIFIED_PUBLISH_PATH|SINGLE_MAINTAINER,1,96677,v0.2.0
sip.js,0.21.2,39,D,UNVERIFIED_PUBLISH_PATH|DORMANT,4,96658,v0.2.0
c3,0.7.20,33,F,UNVERIFIED_PUBLISH_PATH|DORMANT,2,96652,v0.2.0
'@syncfusion/ej2-richtexteditor,34.1.30,39,D,UNVERIFIED_PUBLISH_PATH,3,96625,v0.2.0
blockly,13.1.1,84,B,INCONSISTENT_PUBLISH_PATH,5,96344,v0.2.0
'@mediapipe/face_detection,0.4.1646425229,24,F,UNVERIFIED_PUBLISH_PATH|DORMANT,8,96292,v0.2.0
wanakana,5.3.1,33,F,UNVERIFIED_PUBLISH_PATH|DORMANT,4,96149,v0.2.0
tachyons,4.12.0,33,F,UNVERIFIED_PUBLISH_PATH|DORMANT,3,96038,v0.2.0
lightgallery,2.9.0,20,F,UNVERIFIED_PUBLISH_PATH|SINGLE_MAINTAINER,1,95887,v0.2.0
'@editorjs/image,2.10.3,20,F,UNVERIFIED_PUBLISH_PATH|SINGLE_MAINTAINER,1,95244,v0.2.0
simple-keyboard,3.8.165,73,B,SINGLE_MAINTAINER,1,95244,v0.2.0
ag-psd,31.0.2,25,F,UNVERIFIED_PUBLISH_PATH|SINGLE_MAINTAINER,1,94725,v0.2.0
'@cloudscape-design/components,3.0.1330,27,F,UNVERIFIED_PUBLISH_PATH|SINGLE_MAINTAINER,1,94706,v0.2.0
datatables.net-colreorder,2.1.2,25,F,UNVERIFIED_PUBLISH_PATH|SINGLE_MAINTAINER,1,94633,v0.2.0
linkify-string,4.3.3,79,B,SINGLE_MAINTAINER,1,94505,v0.2.0
'@fontsource/source-serif-4,5.3.0,81,B,,2,94501,v0.2.0
navigator.sendbeacon,0.0.20,19,F,UNVERIFIED_PUBLISH_PATH|DORMANT|SINGLE_MAINTAINER,1,94457,v0.2.0
qrcode-reader,1.0.4,19,F,UNVERIFIED_PUBLISH_PATH|DORMANT|SINGLE_MAINTAINER,1,94351,v0.2.0
'@formkit/tempo,1.1.0,87,A,,4,94228,v0.2.0
typeahead.js,0.11.1,19,F,UNVERIFIED_PUBLISH_PATH|DORMANT|SINGLE_MAINTAINER,1,93865,v0.2.0
'@progress/kendo-charts,2.13.0,25,F,UNVERIFIED_PUBLISH_PATH|SINGLE_MAINTAINER,1,93826,v0.2.0
google-maps-infobox,2.0.0,19,F,UNVERIFIED_PUBLISH_PATH|DORMANT|SINGLE_MAINTAINER,1,93647,v0.2.0
hark,1.2.3,33,F,UNVERIFIED_PUBLISH_PATH|DORMANT,3,93509,v0.2.0
'@progress/kendo-angular-grid,24.2.2,21,F,UNVERIFIED_PUBLISH_PATH|SINGLE_MAINTAINER,1,93457,v0.2.0
vue-recaptcha,3.0.0-alpha.6,19,F,UNVERIFIED_PUBLISH_PATH|DORMANT|SINGLE_MAINTAINER,1,93454,v0.2.0
'@fontsource-variable/nunito-sans,5.3.0,81,B,,2,93167,v0.2.0
flagpack-core,2.1.0,39,D,UNVERIFIED_PUBLISH_PATH|BRANCH_REQUIRES_SIGNATURES|BRANCH_REQUIRES_PR,4,93075,v0.2.0
reset-css,5.0.2,19,F,UNVERIFIED_PUBLISH_PATH|DORMANT|SINGLE_MAINTAINER,1,92743,v0.2.0
'@ctrl/ngx-emoji-mart,9.3.0,57,C,SINGLE_MAINTAINER,1,92708,v0.2.0
'@coveo/headless,3.53.1,75,B,SINGLE_MAINTAINER,1,92546,v0.2.0
'@tesseract.js-data/eng,1.0.0,19,F,UNVERIFIED_PUBLISH_PATH|DORMANT|SINGLE_MAINTAINER,1,92390,v0.2.0
jstree,3.3.17,19,F,UNVERIFIED_PUBLISH_PATH|DORMANT|SINGLE_MAINTAINER,1,92293,v0.2.0
d3-org-chart,3.1.1,19,F,UNVERIFIED_PUBLISH_PATH|DORMANT|SINGLE_MAINTAINER,1,92264,v0.2.0
'@snowplow/browser-plugin-timezone,4.8.4,39,D,UNVERIFIED_PUBLISH_PATH,3,92249,v0.2.0
cookies-js,1.2.3,19,F,UNVERIFIED_PUBLISH_PATH|DORMANT|SINGLE_MAINTAINER,1,92216,v0.2.0
flickity,3.0.0,19,F,UNVERIFIED_PUBLISH_PATH|DORMANT|SINGLE_MAINTAINER,1,92102,v0.2.0
'@fontsource/geist,5.3.0,81,B,,2,92042,v0.2.0
bootstrap-colorpicker,3.4.0,19,F,UNVERIFIED_PUBLISH_PATH|DORMANT|SINGLE_MAINTAINER|DEPRECATED,1,91844,v0.2.0
add-to-calendar-button,2.15.0,87,A,,2,91775,v0.2.0
'@fancyapps/ui,6.1.14,25,F,UNVERIFIED_PUBLISH_PATH|SINGLE_MAINTAINER,1,91353,v0.2.0
'@studio-freight/lenis,1.0.42,40,D,UNVERIFIED_PUBLISH_PATH|DORMANT|DEPRECATED,4,91235,v0.2.0
cannon-es,0.20.0,28,F,UNVERIFIED_PUBLISH_PATH|DORMANT,5,91195,v0.2.0
rangy,1.3.2,19,F,UNVERIFIED_PUBLISH_PATH|DORMANT|SINGLE_MAINTAINER,1,90572,v0.2.0
svg4everybody,2.1.9,33,F,UNVERIFIED_PUBLISH_PATH|DORMANT,4,90486,v0.2.0
'@fontsource-variable/bricolage-grotesque,5.3.0,81,B,,2,90333,v0.2.0
iconify-icon,3.0.2,20,F,UNVERIFIED_PUBLISH_PATH|SINGLE_MAINTAINER,1,90320,v0.2.0
'@ui5/webcomponents,2.24.0,87,A,,2,90204,v0.2.0
epubjs,0.3.93,33,F,UNVERIFIED_PUBLISH_PATH|DORMANT,2,90004,v0.2.0
'@fontsource/public-sans,5.3.0,81,B,,2,89926,v0.2.0
devextreme-angular,26.1.3,47,D,UNVERIFIED_PUBLISH_PATH,3,89839,v0.2.0
'@esotericsoftware/spine-core,4.3.11,77,B,INCONSISTENT_PUBLISH_PATH,3,89679,v0.2.0
'@wix/monitoring-types,1.0.0,30,F,UNVERIFIED_PUBLISH_PATH,12,89409,v0.2.0
'@ui5/webcomponents-icons,2.24.0,87,A,,2,89300,v0.2.0
'@alpinejs/focus,3.15.12,63,C,INCONSISTENT_PUBLISH_PATH|SINGLE_MAINTAINER,1,89185,v0.2.0
datatables.net-fixedcolumns,5.0.5,25,F,UNVERIFIED_PUBLISH_PATH|SINGLE_MAINTAINER,1,89094,v0.2.0
magnific-popup,1.2.0,19,F,UNVERIFIED_PUBLISH_PATH|DORMANT|SINGLE_MAINTAINER,1,89087,v0.2.0
emoji-mart-vue-fast,15.0.5,25,F,UNVERIFIED_PUBLISH_PATH|SINGLE_MAINTAINER,1,88902,v0.2.0
jquery-mask-plugin,1.14.16,19,F,UNVERIFIED_PUBLISH_PATH|DORMANT|SINGLE_MAINTAINER,1,88790,v0.2.0
filepond-plugin-image-exif-orientation,1.0.11,19,F,UNVERIFIED_PUBLISH_PATH|DORMANT|SINGLE_MAINTAINER,1,88640,v0.2.0
vconsole,3.15.1,19,F,UNVERIFIED_PUBLISH_PATH|DORMANT|SINGLE_MAINTAINER,1,88619,v0.2.0
'@nomicfoundation/hardhat-utils,4.1.5,68,C,,0,88409,v0.2.0
'@sitecore/byoc,0.3.4,39,D,UNVERIFIED_PUBLISH_PATH,3,88235,v0.2.0
'@solid-primitives/storage,4.4.0,40,D,UNVERIFIED_PUBLISH_PATH,3,88233,v0.2.0
'@fontsource/fira-code,5.3.0,81,B,,2,88205,v0.2.0
vue-upload-component,2.8.23,19,F,UNVERIFIED_PUBLISH_PATH|DORMANT|SINGLE_MAINTAINER,1,88201,v0.2.0
'@fontsource/source-sans-3,5.3.0,81,B,,2,88122,v0.2.0
unipointer,2.4.0,19,F,UNVERIFIED_PUBLISH_PATH|DORMANT|SINGLE_MAINTAINER,1,87858,v0.2.0
'@fontsource/lora,5.3.0,81,B,,2,87856,v0.2.0
'@atlaskit/top-layer,1.8.1,16,F,UNVERIFIED_PUBLISH_PATH|SINGLE_MAINTAINER,1,87693,v0.2.0
'@fontsource/archivo-black,5.3.0,81,B,,2,87667,v0.2.0
devicon,2.17.0,39,D,UNVERIFIED_PUBLISH_PATH,3,87412,v0.2.0
'@farcaster/miniapp-sdk,0.3.0,72,B,INCONSISTENT_PUBLISH_PATH|BRANCH_REQUIRES_PR,11,87330,v0.2.0
'@vladmandic/face-api,1.7.15,26,F,UNVERIFIED_PUBLISH_PATH|SINGLE_MAINTAINER,1,86555,v0.2.0
'@mathjax/mathjax-newcm-font,4.1.3,39,D,UNVERIFIED_PUBLISH_PATH,3,86439,v0.2.0
moveable,0.53.0,19,F,UNVERIFIED_PUBLISH_PATH|DORMANT|SINGLE_MAINTAINER,1,86329,v0.2.0
viz.js,2.1.2,19,F,UNVERIFIED_PUBLISH_PATH|DORMANT|SINGLE_MAINTAINER|DEPRECATED,1,86329,v0.2.0
github-buttons,2.33.0,73,B,SINGLE_MAINTAINER,1,86306,v0.2.0
progressbar.js,1.1.1,19,F,UNVERIFIED_PUBLISH_PATH|DORMANT|SINGLE_MAINTAINER,1,86259,v0.2.0
'@ui5/webcomponents-localization,2.24.0,87,A,,2,86256,v0.2.0
qrcode-svg,1.1.0,19,F,UNVERIFIED_PUBLISH_PATH|DORMANT|SINGLE_MAINTAINER,1,86099,v0.2.0
tablesorter,2.32.0,25,F,UNVERIFIED_PUBLISH_PATH|DORMANT|SINGLE_MAINTAINER,1,85978,v0.2.0
ladda,2.0.3,33,F,UNVERIFIED_PUBLISH_PATH|DORMANT,2,85740,v0.2.0
'@fontsource-variable/noto-sans-sc,5.3.0,81,B,,2,85412,v0.2.0
proxy-polyfill,0.3.2,28,F,UNVERIFIED_PUBLISH_PATH|DORMANT,2,85150,v0.2.0
'@material-design-icons/svg,0.14.15,25,F,UNVERIFIED_PUBLISH_PATH|SINGLE_MAINTAINER,1,85132,v0.2.0
page-flip,2.0.7,19,F,UNVERIFIED_PUBLISH_PATH|DORMANT|SINGLE_MAINTAINER,1,85073,v0.2.0
'@fontsource/source-code-pro,5.3.0,81,B,,2,84946,v0.2.0
bootstrap-touchspin,5.1.0,31,F,UNVERIFIED_PUBLISH_PATH|SINGLE_MAINTAINER,1,84899,v0.2.0
snapsvg,0.5.1,19,F,UNVERIFIED_PUBLISH_PATH|DORMANT|SINGLE_MAINTAINER,1,84690,v0.2.0
'@marp-team/marpit-svg-polyfill,2.1.0,19,F,UNVERIFIED_PUBLISH_PATH|DORMANT|SINGLE_MAINTAINER,1,84662,v0.2.0
instantsearch.css,8.18.0,39,D,UNVERIFIED_PUBLISH_PATH,17,84583,v0.2.0
pouchdb,9.0.0,33,F,UNVERIFIED_PUBLISH_PATH|DORMANT,12,84522,v0.2.0
ress,5.0.2,19,F,UNVERIFIED_PUBLISH_PATH|DORMANT|SINGLE_MAINTAINER,1,84505,v0.2.0
altcha,3.2.1,79,B,SINGLE_MAINTAINER,1,84484,v0.2.0
'@sitecore-feaas/clientside,0.6.4,35,D,UNVERIFIED_PUBLISH_PATH,5,84319,v0.2.0
ui-select,0.19.8,33,F,UNVERIFIED_PUBLISH_PATH|DORMANT,3,84300,v0.2.0
'@fontsource/source-sans-pro,5.3.0,81,B,,2,84277,v0.2.0
actioncable,5.2.8-1,40,D,UNVERIFIED_PUBLISH_PATH|DORMANT,7,84277,v0.2.0
'@vaadin/date-picker,25.2.5,39,D,UNVERIFIED_PUBLISH_PATH,12,84173,v0.2.0
peerjs,1.5.5,39,D,UNVERIFIED_PUBLISH_PATH,3,84144,v0.2.0
wnumb,1.2.0,19,F,UNVERIFIED_PUBLISH_PATH|DORMANT|SINGLE_MAINTAINER,1,83902,v0.2.0
tui-code-snippet,2.3.3,19,F,UNVERIFIED_PUBLISH_PATH|DORMANT|SINGLE_MAINTAINER,1,83863,v0.2.0
'@dnb/eufemia,11.8.2,70,B,INCONSISTENT_PUBLISH_PATH|SINGLE_MAINTAINER,1,83648,v0.2.0
retell-client-js-sdk,2.0.8,35,D,UNVERIFIED_PUBLISH_PATH,3,83455,v0.2.0
fg-loadcss,3.1.0,33,F,UNVERIFIED_PUBLISH_PATH|DORMANT,6,83052,v0.2.0
'@svgmoji/openmoji,3.2.0,14,F,UNVERIFIED_PUBLISH_PATH|DORMANT|SINGLE_MAINTAINER,1,82848,v0.2.0
json-joy,18.28.0,20,F,UNVERIFIED_PUBLISH_PATH|SINGLE_MAINTAINER,1,82762,v0.2.0
string,3.3.3,33,F,UNVERIFIED_PUBLISH_PATH|DORMANT,2,82680,v0.2.0
'@fontsource-variable/noto-sans,5.3.0,81,B,,2,82630,v0.2.0
vue-the-mask,0.11.1,15,F,UNVERIFIED_PUBLISH_PATH|DORMANT|SINGLE_MAINTAINER,1,82583,v0.2.0
document-register-element,1.14.10,19,F,UNVERIFIED_PUBLISH_PATH|DORMANT|SINGLE_MAINTAINER|DEPRECATED,1,82333,v0.2.0
jquery.browser,0.1.0,19,F,UNVERIFIED_PUBLISH_PATH|DORMANT|SINGLE_MAINTAINER,1,82068,v0.2.0
vue2-datepicker,3.11.1,19,F,UNVERIFIED_PUBLISH_PATH|DORMANT|SINGLE_MAINTAINER,1,82061,v0.2.0
pixi-filters,6.1.5,39,D,UNVERIFIED_PUBLISH_PATH,3,81915,v0.2.0
'@svgmoji/twemoji,3.2.0,14,F,UNVERIFIED_PUBLISH_PATH|DORMANT|SINGLE_MAINTAINER,1,81899,v0.2.0
jquery.cookie,1.4.1,19,F,UNVERIFIED_PUBLISH_PATH|DORMANT|SINGLE_MAINTAINER,1,81874,v0.2.0
angular-aria,1.8.3,25,F,UNVERIFIED_PUBLISH_PATH|DORMANT|SINGLE_MAINTAINER|DEPRECATED,1,81794,v0.2.0
'@svgmoji/blob,3.2.0,14,F,UNVERIFIED_PUBLISH_PATH|DORMANT|SINGLE_MAINTAINER,1,81662,v0.2.0
media-icons,0.10.0,19,F,UNVERIFIED_PUBLISH_PATH|DORMANT|SINGLE_MAINTAINER,1,81400,v0.2.0
object-fit-images,3.2.4,9,F,UNVERIFIED_PUBLISH_PATH|DORMANT|SINGLE_MAINTAINER|PUBLISHER_NOT_MAINTAINER,1,81353,v0.2.0
datatables.net-fixedheader,4.0.6,25,F,UNVERIFIED_PUBLISH_PATH|SINGLE_MAINTAINER,1,81194,v0.2.0
admin-lte,4.1.0,45,D,UNVERIFIED_PUBLISH_PATH,3,81145,v0.2.0
vanilla-calendar-pro,3.1.0,25,F,UNVERIFIED_PUBLISH_PATH|SINGLE_MAINTAINER,1,81093,v0.2.0
zepto,1.2.0,14,F,UNVERIFIED_PUBLISH_PATH|DORMANT|SINGLE_MAINTAINER|PUBLISHER_NOT_MAINTAINER,1,80896,v0.2.0
antd-mobile,5.42.3,39,D,UNVERIFIED_PUBLISH_PATH,3,80730,v0.2.0
container-query-polyfill,1.0.2,33,F,UNVERIFIED_PUBLISH_PATH|DORMANT,5,80717,v0.2.0
zoid,9.0.86,46,D,UNVERIFIED_PUBLISH_PATH|DORMANT,8,80703,v0.2.0
'@fontsource/noto-sans-kr,5.3.0,81,B,,2,80691,v0.2.0
'@inlang/plugin-message-format,4.4.0,82,B,,2,80663,v0.2.0
i18next-locize-backend,10.0.1,39,D,UNVERIFIED_PUBLISH_PATH,2,80605,v0.2.0
'@fontsource-variable/noto-sans-jp,5.3.0,81,B,,2,80482,v0.2.0
'@activeadmin/activeadmin,3.5.2,39,D,UNVERIFIED_PUBLISH_PATH,4,80256,v0.2.0
jspreadsheet-ce,5.0.4,25,F,UNVERIFIED_PUBLISH_PATH|SINGLE_MAINTAINER,1,80044,v0.2.0
b-validate,1.5.3,33,F,UNVERIFIED_PUBLISH_PATH|DORMANT,2,79961,v0.2.0
local-time,3.0.3,39,D,UNVERIFIED_PUBLISH_PATH,3,79924,v0.2.0
astronomy-engine,2.1.19,19,F,UNVERIFIED_PUBLISH_PATH|DORMANT|SINGLE_MAINTAINER,1,79679,v0.2.0
'@fontsource-variable/playfair-display,5.3.0,81,B,,2,79658,v0.2.0
'@expo-google-fonts/playfair-display,0.4.2,39,D,UNVERIFIED_PUBLISH_PATH,4,79656,v0.2.0
autonumeric,4.10.10,39,D,UNVERIFIED_PUBLISH_PATH,2,79647,v0.2.0
backbone.marionette,4.1.3,33,F,UNVERIFIED_PUBLISH_PATH|DORMANT,7,79629,v0.2.0
dictionary-en,4.0.0,19,F,UNVERIFIED_PUBLISH_PATH|DORMANT|SINGLE_MAINTAINER,1,79616,v0.2.0
tooltip.js,1.3.3,14,F,UNVERIFIED_PUBLISH_PATH|DORMANT|SINGLE_MAINTAINER|DEPRECATED,1,79553,v0.2.0
'@iconify-json/fluent,1.2.53,21,F,UNVERIFIED_PUBLISH_PATH|SINGLE_MAINTAINER,1,79376,v0.2.0
awesomplete,1.1.7,19,F,UNVERIFIED_PUBLISH_PATH|DORMANT|SINGLE_MAINTAINER,1,79340,v0.2.0
ldrs,1.1.9,25,F,UNVERIFIED_PUBLISH_PATH|SINGLE_MAINTAINER,1,79323,v0.2.0
picmo,5.8.5,19,F,UNVERIFIED_PUBLISH_PATH|DORMANT|SINGLE_MAINTAINER|DEPRECATED,1,78892,v0.2.0
shiki-es,0.14.0,33,F,UNVERIFIED_PUBLISH_PATH|DORMANT|DEPRECATED,2,78872,v0.2.0
'@kount/kount-web-client-sdk,2.2.3,34,F,UNVERIFIED_PUBLISH_PATH,4,78821,v0.2.0
vue-apexcharts,1.7.0,33,F,UNVERIFIED_PUBLISH_PATH|DORMANT,2,78772,v0.2.0
'@configcat/sdk,1.1.0,94,A,,4,78746,v0.2.0
vue3-toastify,0.2.9,25,F,UNVERIFIED_PUBLISH_PATH|SINGLE_MAINTAINER,1,78626,v0.2.0
'@fontsource-variable/roboto-mono,5.3.0,81,B,,2,78597,v0.2.0
file-saver-es,2.0.5,19,F,UNVERIFIED_PUBLISH_PATH|DORMANT|SINGLE_MAINTAINER,1,78401,v0.2.0
grapesjs-preset-webpage,1.0.3,19,F,UNVERIFIED_PUBLISH_PATH|DORMANT|SINGLE_MAINTAINER,1,78286,v0.2.0
slim-select,4.0.6,25,F,UNVERIFIED_PUBLISH_PATH|SINGLE_MAINTAINER,1,78178,v0.2.0
getstream,8.14.0,100,A,,8,77818,v0.2.0
'@vue-flow/node-resizer,1.5.1,27,F,UNVERIFIED_PUBLISH_PATH|SINGLE_MAINTAINER,1,77810,v0.2.0
jquery-datetimepicker,2.5.21,19,F,UNVERIFIED_PUBLISH_PATH|DORMANT|SINGLE_MAINTAINER,1,77802,v0.2.0
local-storage-fallback,5.0.0,19,F,UNVERIFIED_PUBLISH_PATH|DORMANT|SINGLE_MAINTAINER,1,77788,v0.2.0
material-icon-theme,5.37.0,31,F,UNVERIFIED_PUBLISH_PATH|SINGLE_MAINTAINER,1,77733,v0.2.0
'@snowplow/browser-plugin-form-tracking,4.8.4,39,D,UNVERIFIED_PUBLISH_PATH,3,77716,v0.2.0
videojs-wavesurfer,3.10.0,19,F,UNVERIFIED_PUBLISH_PATH|DORMANT|SINGLE_MAINTAINER,1,77585,v0.2.0
reveal.js,6.0.1,25,F,UNVERIFIED_PUBLISH_PATH|SINGLE_MAINTAINER,1,77421,v0.2.0
topbar,3.0.1,25,F,UNVERIFIED_PUBLISH_PATH|SINGLE_MAINTAINER,1,77309,v0.2.0
chosen-js,1.8.7,19,F,UNVERIFIED_PUBLISH_PATH|DORMANT|SINGLE_MAINTAINER|BRANCH_REQUIRES_PR,1,77259,v0.2.0
'@ui5/webcomponents-fiori,2.24.0,87,A,,2,77133,v0.2.0
'@editorjs/quote,2.7.6,14,F,UNVERIFIED_PUBLISH_PATH|DORMANT|SINGLE_MAINTAINER,1,77104,v0.2.0
'@fontsource-variable/newsreader,5.3.0,81,B,,2,77060,v0.2.0
'@github/combobox-nav,3.0.2,94,A,,20,77045,v0.2.0
seamless-scroll-polyfill,2.3.4,19,F,UNVERIFIED_PUBLISH_PATH|DORMANT|SINGLE_MAINTAINER,1,76820,v0.2.0
delegate-it,6.4.0,25,F,UNVERIFIED_PUBLISH_PATH|SINGLE_MAINTAINER,1,76509,v0.2.0
'@aws/amazon-location-utilities-auth-helper,1.3.3,94,A,,4,76098,v0.2.0
'@fontsource/carlito,5.3.0,81,B,,2,75984,v0.2.0
'@microsoft/signalr-protocol-msgpack,10.0.0,47,D,UNVERIFIED_PUBLISH_PATH,4,75803,v0.2.0
'@fontsource-variable/archivo,5.3.0,81,B,,2,75756,v0.2.0
'@ckeditor/ckeditor5-footnotes,48.3.1,21,F,UNVERIFIED_PUBLISH_PATH|SINGLE_MAINTAINER,1,75683,v0.2.0
echarts-wordcloud,2.1.0,33,F,UNVERIFIED_PUBLISH_PATH|DORMANT,4,75626,v0.2.0
hoverintent,2.2.1,33,F,UNVERIFIED_PUBLISH_PATH|DORMANT,2,75473,v0.2.0
'@dotlottie/dotlottie-js,1.7.0,82,B,,2,75452,v0.2.0
asciinema-player,3.17.0,73,B,SINGLE_MAINTAINER,1,75425,v0.2.0
videojs-record,4.8.0,19,F,UNVERIFIED_PUBLISH_PATH|DORMANT|SINGLE_MAINTAINER,1,75410,v0.2.0
jquery-touchswipe,1.6.19,19,F,UNVERIFIED_PUBLISH_PATH|DORMANT|SINGLE_MAINTAINER,1,75408,v0.2.0
'@stomp/rx-stomp,2.4.0,39,D,UNVERIFIED_PUBLISH_PATH,2,74906,v0.2.0
'@picmo/popup-picker,5.8.5,19,F,UNVERIFIED_PUBLISH_PATH|DORMANT|SINGLE_MAINTAINER|DEPRECATED,1,74636,v0.2.0
three-bvh-csg,0.0.18,25,F,UNVERIFIED_PUBLISH_PATH|SINGLE_MAINTAINER,1,74283,v0.2.0
'@pixiv/three-vrm,3.5.5,87,A,,6,74238,v0.2.0
amazon-connect-chatjs,5.1.1,46,D,UNVERIFIED_PUBLISH_PATH,8,74202,v0.2.0
'@fontsource-variable/open-sans,5.3.0,81,B,,2,74170,v0.2.0
windmill-client,1.763.0,32,F,UNVERIFIED_PUBLISH_PATH|SINGLE_MAINTAINER,1,74101,v0.2.0
gridjs,6.2.0,19,F,UNVERIFIED_PUBLISH_PATH|DORMANT|SINGLE_MAINTAINER,1,73939,v0.2.0
ng-infinite-scroll,1.3.0,33,F,UNVERIFIED_PUBLISH_PATH|DORMANT,3,73711,v0.2.0
flexlayout-react,0.10.0,25,F,UNVERIFIED_PUBLISH_PATH|SINGLE_MAINTAINER,1,73333,v0.2.0
react-native-elements,3.4.3,33,F,UNVERIFIED_PUBLISH_PATH|DORMANT,4,73321,v0.2.0
vue-easy-lightbox,1.19.0,19,F,UNVERIFIED_PUBLISH_PATH|DORMANT|SINGLE_MAINTAINER,1,72989,v0.2.0
pangu,8.0.0,73,B,SINGLE_MAINTAINER,1,72850,v0.2.0
'@fontsource-variable/lora,5.3.0,81,B,,2,72844,v0.2.0
react-leaflet-markercluster,5.0.0-rc.0,33,F,UNVERIFIED_PUBLISH_PATH|DORMANT,2,72819,v0.2.0
editorjs-undo,2.0.28,39,D,UNVERIFIED_PUBLISH_PATH|DORMANT,2,72722,v0.2.0
deepdash,5.3.9,19,F,UNVERIFIED_PUBLISH_PATH|DORMANT|SINGLE_MAINTAINER,1,72705,v0.2.0
'@fontsource/merriweather,5.3.0,81,B,,2,72689,v0.2.0
cookieconsent,3.1.1,33,F,UNVERIFIED_PUBLISH_PATH|DORMANT,4,72586,v0.2.0
echarts-gl,2.1.0,39,D,UNVERIFIED_PUBLISH_PATH,4,72504,v0.2.0
'@editorjs/delimiter,1.4.2,14,F,UNVERIFIED_PUBLISH_PATH|DORMANT|SINGLE_MAINTAINER,1,72244,v0.2.0
'@imagemagick/magick-wasm,0.0.41,73,B,SINGLE_MAINTAINER,1,72196,v0.2.0
'@opentok/client,2.34.2,35,D,UNVERIFIED_PUBLISH_PATH,4,72138,v0.2.0
3d-tiles-renderer,0.5.0,39,D,UNVERIFIED_PUBLISH_PATH,2,71873,v0.2.0
vuejs-datepicker,1.6.2,19,F,UNVERIFIED_PUBLISH_PATH|DORMANT|SINGLE_MAINTAINER,1,71806,v0.2.0
boxicons,2.1.4,19,F,UNVERIFIED_PUBLISH_PATH|DORMANT|SINGLE_MAINTAINER,1,71776,v0.2.0
navigator.locks,0.8.8,25,F,UNVERIFIED_PUBLISH_PATH|SINGLE_MAINTAINER,1,71658,v0.2.0
pptx-preview,1.0.7,21,F,UNVERIFIED_PUBLISH_PATH|SINGLE_MAINTAINER,1,71633,v0.2.0
vue-resource,1.5.3,33,F,UNVERIFIED_PUBLISH_PATH|DORMANT,2,71482,v0.2.0
micromodal,0.7.0,34,F,UNVERIFIED_PUBLISH_PATH,2,71439,v0.2.0
'@fontsource-variable/nunito,5.3.0,81,B,,2,71365,v0.2.0
tiny-slider,2.9.4,19,F,UNVERIFIED_PUBLISH_PATH|DORMANT|SINGLE_MAINTAINER,1,71309,v0.2.0
'@tscircuit/math-utils,0.0.36,21,F,UNVERIFIED_PUBLISH_PATH|SINGLE_MAINTAINER,1,71220,v0.2.0
fastclick,1.0.6,40,D,UNVERIFIED_PUBLISH_PATH|DORMANT,3,71094,v0.2.0
'@progress/kendo-font-icons,5.3.0,70,B,INCONSISTENT_PUBLISH_PATH|SINGLE_MAINTAINER,1,71069,v0.2.0
'@polar-sh/checkout,0.4.0,85,A,INCONSISTENT_PUBLISH_PATH,5,70932,v0.2.0
bootswatch,5.3.8,39,D,UNVERIFIED_PUBLISH_PATH,2,70858,v0.2.0
vue-moment,4.1.0,33,F,UNVERIFIED_PUBLISH_PATH|DORMANT,2,70573,v0.2.0
'@visactor/vchart,2.1.4,87,A,,16,70384,v0.2.0
'@rutter/rutter-link,1.2.8,35,D,UNVERIFIED_PUBLISH_PATH,6,70323,v0.2.0
can-autoplay,3.0.2,24,F,UNVERIFIED_PUBLISH_PATH|DORMANT,3,70073,v0.2.0
jquery.growl,1.3.5,14,F,UNVERIFIED_PUBLISH_PATH|DORMANT|SINGLE_MAINTAINER,1,70040,v0.2.0
vue-lazyload,3.0.0,33,F,UNVERIFIED_PUBLISH_PATH|DORMANT,2,70039,v0.2.0
timemachine,0.3.2,33,F,UNVERIFIED_PUBLISH_PATH|DORMANT,2,69965,v0.2.0
hyperlist,1.0.0,33,F,UNVERIFIED_PUBLISH_PATH|DORMANT,2,69844,v0.2.0
'@mlc-ai/web-llm,0.2.84,45,D,UNVERIFIED_PUBLISH_PATH,7,69792,v0.2.0
string.prototype.startswith,1.0.1,33,F,UNVERIFIED_PUBLISH_PATH|DORMANT,2,69608,v0.2.0
'@open-wc/lit-helpers,0.7.0,33,F,UNVERIFIED_PUBLISH_PATH|DORMANT,4,69557,v0.2.0
'@redocly/theme,0.67.0,30,F,UNVERIFIED_PUBLISH_PATH,6,69458,v0.2.0
'@fontsource/league-gothic,5.3.0,81,B,,2,69429,v0.2.0
'@redocly/realm-asyncapi-sdk,0.13.0,30,F,UNVERIFIED_PUBLISH_PATH,6,69271,v0.2.0
'@snowplow/browser-plugin-performance-timing,4.8.4,39,D,UNVERIFIED_PUBLISH_PATH,3,69267,v0.2.0
'@hyperdx/browser,0.25.1,87,A,,2,69196,v0.2.0
material-design-lite,1.3.0,33,F,UNVERIFIED_PUBLISH_PATH|DORMANT,3,69191,v0.2.0
kiwi-schema,0.5.0,19,F,UNVERIFIED_PUBLISH_PATH|DORMANT|SINGLE_MAINTAINER,1,69141,v0.2.0
'@fluent/bundle,0.19.1,39,D,UNVERIFIED_PUBLISH_PATH,4,68616,v0.2.0
vxe-table,4.20.5,25,F,UNVERIFIED_PUBLISH_PATH|SINGLE_MAINTAINER,1,68616,v0.2.0
superdoc,1.45.0,47,D,UNVERIFIED_PUBLISH_PATH,3,68539,v0.2.0
satellite.js,7.0.1,39,D,UNVERIFIED_PUBLISH_PATH,3,68502,v0.2.0
'@fontsource/sora,5.3.0,81,B,,2,68402,v0.2.0
'@fontsource-variable/inter-tight,5.3.0,81,B,,2,68222,v0.2.0
'@algolia/autocomplete-plugin-recent-searches,1.19.9,29,F,UNVERIFIED_PUBLISH_PATH|PUBLISHER_NOT_MAINTAINER,14,68110,v0.2.0
glightbox,3.3.1,19,F,UNVERIFIED_PUBLISH_PATH|DORMANT|SINGLE_MAINTAINER,1,68082,v0.2.0
'@highlightjs/cdn-assets,11.11.1,39,D,UNVERIFIED_PUBLISH_PATH|DORMANT,4,67578,v0.2.0
component-register,0.8.8,25,F,UNVERIFIED_PUBLISH_PATH|SINGLE_MAINTAINER,1,67564,v0.2.0
'@fluentui/svg-icons,1.1.333,52,C,UNVERIFIED_PUBLISH_PATH,10,67526,v0.2.0
'@antv/x6,3.1.7,40,D,UNVERIFIED_PUBLISH_PATH,18,67520,v0.2.0
core-js-bundle,3.49.0,31,F,UNVERIFIED_PUBLISH_PATH|SINGLE_MAINTAINER,1,67519,v0.2.0
shaders,3.0.441,21,F,UNVERIFIED_PUBLISH_PATH|SINGLE_MAINTAINER,1,67469,v0.2.0
'@wordpress/block-library,10.2.0,52,C,UNVERIFIED_PUBLISH_PATH,24,67449,v0.2.0
owl.carousel,2.3.4,33,F,UNVERIFIED_PUBLISH_PATH|DORMANT,2,67277,v0.2.0
azure-maps-control,3.7.4,21,F,UNVERIFIED_PUBLISH_PATH|SINGLE_MAINTAINER,1,67056,v0.2.0
office-ui-fabric-react,7.204.1,47,D,UNVERIFIED_PUBLISH_PATH,5,66986,v0.2.0
frappe-charts,1.6.2,33,F,UNVERIFIED_PUBLISH_PATH|DORMANT,6,66802,v0.2.0
'@hebcal/core,6.8.0,63,C,INCONSISTENT_PUBLISH_PATH|SINGLE_MAINTAINER,1,66703,v0.2.0
'@zoom/meetingsdk,6.2.0,39,D,UNVERIFIED_PUBLISH_PATH,5,66577,v0.2.0
jquery-ui-touch-punch,0.2.3,14,F,UNVERIFIED_PUBLISH_PATH|DORMANT|SINGLE_MAINTAINER,1,66372,v0.2.0
luxon-business-days,3.0.1,19,F,UNVERIFIED_PUBLISH_PATH|DORMANT|SINGLE_MAINTAINER,1,66221,v0.2.0
'@mdi/svg,7.4.47,33,F,UNVERIFIED_PUBLISH_PATH|DORMANT,6,66206,v0.2.0
'@fontsource/caveat,5.3.0,81,B,,2,66184,v0.2.0
'@mediapipe/selfie_segmentation,0.1.1675465747,24,F,UNVERIFIED_PUBLISH_PATH|DORMANT,8,65545,v0.2.0
'@wix/error-handler-types,1.20.0,30,F,UNVERIFIED_PUBLISH_PATH,12,65364,v0.2.0
diff-dom,5.2.1,25,F,UNVERIFIED_PUBLISH_PATH|SINGLE_MAINTAINER,1,65340,v0.2.0
'@arco-design/web-react,2.66.16,39,D,UNVERIFIED_PUBLISH_PATH,11,65297,v0.2.0
'@editorjs/inline-code,1.5.2,20,F,UNVERIFIED_PUBLISH_PATH|SINGLE_MAINTAINER,1,65282,v0.2.0
'@progress/kendo-theme-material,14.3.0,80,B,SINGLE_MAINTAINER,1,65213,v0.2.0
'@jaames/iro,5.5.2,19,F,UNVERIFIED_PUBLISH_PATH|DORMANT|SINGLE_MAINTAINER,1,65066,v0.2.0
es6-promise-polyfill,1.2.0,19,F,UNVERIFIED_PUBLISH_PATH|DORMANT|SINGLE_MAINTAINER,1,65054,v0.2.0
ahoy.js,0.4.5,25,F,UNVERIFIED_PUBLISH_PATH|SINGLE_MAINTAINER,1,64972,v0.2.0
'@mux/mux-uploader,1.5.0,88,A,,4,64945,v0.2.0
sha-1,1.0.0,19,F,UNVERIFIED_PUBLISH_PATH|DORMANT|SINGLE_MAINTAINER,1,64923,v0.2.0
pspdfkit,2024.8.2,35,D,UNVERIFIED_PUBLISH_PATH|DEPRECATED,4,64688,v0.2.0
'@editorjs/code,2.9.4,20,F,UNVERIFIED_PUBLISH_PATH|SINGLE_MAINTAINER,1,64658,v0.2.0
cleave-zen,0.0.17,19,F,UNVERIFIED_PUBLISH_PATH|DORMANT|SINGLE_MAINTAINER,1,64648,v0.2.0
'@shopify/app-bridge,3.7.11,39,D,UNVERIFIED_PUBLISH_PATH,6,64370,v0.2.0
mediainfo.js,0.3.7,20,F,UNVERIFIED_PUBLISH_PATH|SINGLE_MAINTAINER,1,64347,v0.2.0
'@vueform/slider,2.1.10,19,F,UNVERIFIED_PUBLISH_PATH|DORMANT|SINGLE_MAINTAINER,1,64260,v0.2.0
odometer,0.4.8,29,F,UNVERIFIED_PUBLISH_PATH|DORMANT,10,64131,v0.2.0
nipplejs,1.0.4,73,B,SINGLE_MAINTAINER,1,63770,v0.2.0
country-list-with-dial-code-and-flag,5.1.1,25,F,UNVERIFIED_PUBLISH_PATH|SINGLE_MAINTAINER,1,63533,v0.2.0
tsparticles-engine,2.12.0,39,D,UNVERIFIED_PUBLISH_PATH|DORMANT|DEPRECATED,2,63266,v0.2.0
validatorjs,3.22.1,33,F,UNVERIFIED_PUBLISH_PATH|DORMANT,4,63221,v0.2.0
'@11labs/client,0.2.0,34,F,UNVERIFIED_PUBLISH_PATH|DEPRECATED,4,63180,v0.2.0
idiomorph,0.7.4,39,D,UNVERIFIED_PUBLISH_PATH,2,63127,v0.2.0
gif.js,0.2.0,19,F,UNVERIFIED_PUBLISH_PATH|DORMANT|SINGLE_MAINTAINER,1,63069,v0.2.0
'@algolia/autocomplete-plugin-query-suggestions,1.19.9,29,F,UNVERIFIED_PUBLISH_PATH|PUBLISHER_NOT_MAINTAINER,14,62979,v0.2.0
flot,4.2.6,33,F,UNVERIFIED_PUBLISH_PATH|DORMANT,3,62919,v0.2.0
ion-rangeslider,2.3.1,19,F,UNVERIFIED_PUBLISH_PATH|DORMANT|SINGLE_MAINTAINER,1,62795,v0.2.0
'@tonconnect/ui,3.0.0,41,D,UNVERIFIED_PUBLISH_PATH,2,62682,v0.2.0
imagetracerjs,1.2.6,19,F,UNVERIFIED_PUBLISH_PATH|DORMANT|SINGLE_MAINTAINER,1,62359,v0.2.0
office-ui-fabric-core,11.1.0,33,F,UNVERIFIED_PUBLISH_PATH|DORMANT,2,62230,v0.2.0
'@tarekraafat/autocomplete.js,10.2.10,25,F,UNVERIFIED_PUBLISH_PATH|SINGLE_MAINTAINER,1,62002,v0.2.0
'@thoughtspot/visual-embed-sdk,1.50.1,84,B,INCONSISTENT_PUBLISH_PATH,13,62000,v0.2.0
'@brightcove/player-loader,1.8.1,35,D,UNVERIFIED_PUBLISH_PATH,80,61911,v0.2.0
vanilla-lazyload,19.1.3,19,F,UNVERIFIED_PUBLISH_PATH|DORMANT|SINGLE_MAINTAINER,1,61879,v0.2.0
'@cf-wasm/photon,0.3.7,75,B,SINGLE_MAINTAINER,1,61684,v0.2.0
'@editorjs/embed,2.8.0,20,F,UNVERIFIED_PUBLISH_PATH|SINGLE_MAINTAINER,1,61605,v0.2.0
jsvectormap,1.7.0,25,F,UNVERIFIED_PUBLISH_PATH|SINGLE_MAINTAINER,1,61483,v0.2.0
sniffr,1.4.0,25,F,UNVERIFIED_PUBLISH_PATH|SINGLE_MAINTAINER,1,61432,v0.2.0
'@fontsource/archivo,5.3.0,81,B,,2,61370,v0.2.0
'@redocly/realm,0.135.0,30,F,UNVERIFIED_PUBLISH_PATH,6,61320,v0.2.0
statsig-js,5.1.0,28,F,UNVERIFIED_PUBLISH_PATH|DORMANT|PUBLISHER_NOT_MAINTAINER|DEPRECATED,2,61245,v0.2.0
'@googlemaps/markerclustererplus,1.2.10,46,D,UNVERIFIED_PUBLISH_PATH|DORMANT|DEPRECATED,6,61217,v0.2.0
docsify,4.13.1,39,D,UNVERIFIED_PUBLISH_PATH|DORMANT,6,61215,v0.2.0
angular-material,1.2.5,20,F,UNVERIFIED_PUBLISH_PATH|DORMANT|SINGLE_MAINTAINER|DEPRECATED,1,61143,v0.2.0
friendly-challenge,0.9.20,39,D,UNVERIFIED_PUBLISH_PATH,2,61058,v0.2.0
vue-clickaway,2.2.2,19,F,UNVERIFIED_PUBLISH_PATH|DORMANT|SINGLE_MAINTAINER,1,60763,v0.2.0
jquery-hoverintent,1.10.2,19,F,UNVERIFIED_PUBLISH_PATH|DORMANT|SINGLE_MAINTAINER,1,60690,v0.2.0
idle-js,1.2.0,33,F,UNVERIFIED_PUBLISH_PATH|DORMANT,3,60514,v0.2.0
vue-infinite-loading,2.4.5,19,F,UNVERIFIED_PUBLISH_PATH|DORMANT|SINGLE_MAINTAINER,1,60451,v0.2.0
vue2-dropzone,3.6.0,33,F,UNVERIFIED_PUBLISH_PATH|DORMANT,2,60240,v0.2.0
stompjs,2.3.3,14,F,UNVERIFIED_PUBLISH_PATH|DORMANT|SINGLE_MAINTAINER,1,60122,v0.2.0
bootbox,6.0.4,39,D,UNVERIFIED_PUBLISH_PATH,3,60119,v0.2.0
'@phosphor-icons/web,2.1.2,20,F,UNVERIFIED_PUBLISH_PATH|SINGLE_MAINTAINER,1,60063,v0.2.0
datejs,1.0.0-rc3,19,F,UNVERIFIED_PUBLISH_PATH|DORMANT|SINGLE_MAINTAINER,1,60007,v0.2.0
leaflet-rotatedmarker,0.2.0,19,F,UNVERIFIED_PUBLISH_PATH|DORMANT|SINGLE_MAINTAINER,1,59914,v0.2.0
'@fontsource/barlow-condensed,5.3.0,81,B,,2,59808,v0.2.0
react-modern-drawer,1.4.0,19,F,UNVERIFIED_PUBLISH_PATH|DORMANT|SINGLE_MAINTAINER,1,59764,v0.2.0
'@fontsource-variable/instrument-sans,5.3.0,81,B,,2,59755,v0.2.0
'@coreui/coreui-pro,5.26.0,31,F,UNVERIFIED_PUBLISH_PATH|SINGLE_MAINTAINER,1,59708,v0.2.0
'@khmyznikov/pwa-install,0.6.4,25,F,UNVERIFIED_PUBLISH_PATH|SINGLE_MAINTAINER,1,59619,v0.2.0
terra-draw-google-maps-adapter,1.6.1,63,C,INCONSISTENT_PUBLISH_PATH|SINGLE_MAINTAINER,1,59601,v0.2.0
'@wangeditor/editor,5.1.23,19,F,UNVERIFIED_PUBLISH_PATH|DORMANT|SINGLE_MAINTAINER,1,59568,v0.2.0
'@tsparticles/updater-destroy,4.3.2,69,C,INCONSISTENT_PUBLISH_PATH|SINGLE_MAINTAINER,1,59505,v0.2.0
'@alpinejs/intersect,3.15.12,63,C,INCONSISTENT_PUBLISH_PATH|SINGLE_MAINTAINER,1,59450,v0.2.0
'@airbrake/browser,2.1.9,20,F,UNVERIFIED_PUBLISH_PATH|SINGLE_MAINTAINER,1,59378,v0.2.0
angular-touch,1.8.3,25,F,UNVERIFIED_PUBLISH_PATH|DORMANT|SINGLE_MAINTAINER|DEPRECATED,1,59358,v0.2.0
'@tsparticles/plugin-emitters-shape-square,4.3.2,69,C,INCONSISTENT_PUBLISH_PATH|SINGLE_MAINTAINER,1,59336,v0.2.0
'@openui5/sap.ui.core,1.150.0,34,F,UNVERIFIED_PUBLISH_PATH|BRANCH_REQUIRES_PR,2,59324,v0.2.0
'@fontsource-variable/source-sans-3,5.3.0,81,B,,2,59202,v0.2.0
pepjs,0.5.3,33,F,UNVERIFIED_PUBLISH_PATH|DORMANT,4,59117,v0.2.0
'@snowplow/browser-plugin-client-hints,4.8.4,39,D,UNVERIFIED_PUBLISH_PATH,3,59074,v0.2.0
object-assign-polyfill,0.1.0,19,F,UNVERIFIED_PUBLISH_PATH|DORMANT|SINGLE_MAINTAINER,1,58987,v0.2.0
'@tsparticles/shape-text,4.3.2,69,C,INCONSISTENT_PUBLISH_PATH|SINGLE_MAINTAINER,1,58975,v0.2.0
'@fontsource/figtree,5.3.0,81,B,,2,58931,v0.2.0
'@tsparticles/plugin-absorbers,4.3.2,69,C,INCONSISTENT_PUBLISH_PATH|SINGLE_MAINTAINER,1,58906,v0.2.0
text-security,3.2.1,19,F,UNVERIFIED_PUBLISH_PATH|DORMANT|SINGLE_MAINTAINER,1,58873,v0.2.0
'@uswds/uswds,3.13.0,47,D,UNVERIFIED_PUBLISH_PATH|PUBLISHER_NOT_MAINTAINER|BRANCH_REQUIRES_PR,6,58754,v0.2.0
suneditor,3.2.2,69,C,INCONSISTENT_PUBLISH_PATH|SINGLE_MAINTAINER,1,58683,v0.2.0
preline,4.2.0,25,F,UNVERIFIED_PUBLISH_PATH|SINGLE_MAINTAINER,1,58353,v0.2.0
jszip-utils,0.1.0,33,F,UNVERIFIED_PUBLISH_PATH|DORMANT,2,58243,v0.2.0
'@fontsource-variable/fira-code,5.3.0,81,B,,2,58048,v0.2.0
'@fontsource/newsreader,5.3.0,81,B,,2,58009,v0.2.0
'@lobehub/icons-static-svg,1.94.0,39,D,UNVERIFIED_PUBLISH_PATH,9,57999,v0.2.0
topojson-simplify,3.0.3,19,F,UNVERIFIED_PUBLISH_PATH|DORMANT|SINGLE_MAINTAINER,1,57929,v0.2.0
'@iconify-json/solar,1.2.5,21,F,UNVERIFIED_PUBLISH_PATH|SINGLE_MAINTAINER,1,57914,v0.2.0
'@tsparticles/interaction-external-trail,4.3.2,69,C,INCONSISTENT_PUBLISH_PATH|SINGLE_MAINTAINER,1,57911,v0.2.0
'@syncfusion/ej2-schedule,34.1.29,39,D,UNVERIFIED_PUBLISH_PATH,3,57878,v0.2.0
react-range-slider-input,3.3.5,25,F,UNVERIFIED_PUBLISH_PATH|SINGLE_MAINTAINER,1,57844,v0.2.0
'@tsparticles/plugin-emitters-shape-circle,4.3.2,69,C,INCONSISTENT_PUBLISH_PATH|SINGLE_MAINTAINER,1,57762,v0.2.0
'@tsparticles/updater-twinkle,4.3.2,69,C,INCONSISTENT_PUBLISH_PATH|SINGLE_MAINTAINER,1,57743,v0.2.0
pixi.js-legacy,7.4.3,32,F,UNVERIFIED_PUBLISH_PATH|SINGLE_MAINTAINER,1,57722,v0.2.0
'@syncfusion/ej2-treegrid,34.1.31,39,D,UNVERIFIED_PUBLISH_PATH,3,57707,v0.2.0
carbon-components,10.58.15,46,D,UNVERIFIED_PUBLISH_PATH|DORMANT|DEPRECATED,6,57509,v0.2.0
mobx-persist-store,1.1.8,25,F,UNVERIFIED_PUBLISH_PATH|SINGLE_MAINTAINER,1,57474,v0.2.0
'@fullcalendar/bootstrap,6.1.21,20,F,UNVERIFIED_PUBLISH_PATH|SINGLE_MAINTAINER,1,57367,v0.2.0
'@fontsource/nunito-sans,5.3.0,81,B,,2,57159,v0.2.0
chartjs-chart-sankey,0.15.0,73,B,SINGLE_MAINTAINER,1,57139,v0.2.0
bootstrap-switch,3.4.0,14,F,UNVERIFIED_PUBLISH_PATH|DORMANT|SINGLE_MAINTAINER,1,57030,v0.2.0
dat.gui,0.7.9,33,F,UNVERIFIED_PUBLISH_PATH|DORMANT,3,56996,v0.2.0
'@walletconnect/client,1.8.0,28,F,UNVERIFIED_PUBLISH_PATH|DORMANT|PUBLISHER_NOT_MAINTAINER|DEPRECATED,2,56960,v0.2.0
highlightjs-line-numbers.js,2.9.1,25,F,UNVERIFIED_PUBLISH_PATH|SINGLE_MAINTAINER,1,56875,v0.2.0
clipper-lib,6.4.2,19,F,UNVERIFIED_PUBLISH_PATH|DORMANT|SINGLE_MAINTAINER,1,56869,v0.2.0
'@fontsource/rubik,5.3.0,81,B,,2,56841,v0.2.0
leaflet-geosearch,4.4.0,73,B,SINGLE_MAINTAINER,1,56761,v0.2.0
split-type,0.3.4,19,F,UNVERIFIED_PUBLISH_PATH|DORMANT|SINGLE_MAINTAINER,1,56649,v0.2.0
'@rapideditor/country-coder,5.6.1,34,F,UNVERIFIED_PUBLISH_PATH,4,56617,v0.2.0
'@tensorflow-models/face-detection,1.0.3,33,F,UNVERIFIED_PUBLISH_PATH|DORMANT,8,56490,v0.2.0
'@snowplow/browser-plugin-ga-cookies,4.8.4,39,D,UNVERIFIED_PUBLISH_PATH,3,56366,v0.2.0
'@fontsource/work-sans,5.3.0,81,B,,2,56300,v0.2.0
'@tailwindplus/elements,1.0.22,25,F,UNVERIFIED_PUBLISH_PATH|PUBLISHER_NOT_MAINTAINER,3,56176,v0.2.0
'@swup/plugin,4.0.0,33,F,UNVERIFIED_PUBLISH_PATH|DORMANT,3,55999,v0.2.0
matchmedia-polyfill,0.3.2,33,F,UNVERIFIED_PUBLISH_PATH|DORMANT,2,55963,v0.2.0
'@joint/core,4.3.0,45,D,UNVERIFIED_PUBLISH_PATH,2,55953,v0.2.0
'@primer/css,22.3.0,80,B,SINGLE_MAINTAINER,1,55798,v0.2.0
'@pipecat-ai/client-js,1.13.0,77,B,INCONSISTENT_PUBLISH_PATH,7,55750,v0.2.0
'@schedule-x/events-service,4.6.1,25,F,UNVERIFIED_PUBLISH_PATH|SINGLE_MAINTAINER,1,55679,v0.2.0
grapesjs-blocks-basic,1.0.2,19,F,UNVERIFIED_PUBLISH_PATH|DORMANT|SINGLE_MAINTAINER,1,55613,v0.2.0
'@iframe-resizer/child,5.5.9,31,F,UNVERIFIED_PUBLISH_PATH|SINGLE_MAINTAINER,1,55549,v0.2.0
modernizr,3.13.1,33,F,UNVERIFIED_PUBLISH_PATH|DORMANT,7,55127,v0.2.0
'@fontsource/mulish,5.3.0,81,B,,2,55105,v0.2.0
spectrum-colorpicker,1.8.1,15,F,UNVERIFIED_PUBLISH_PATH|DORMANT|SINGLE_MAINTAINER,1,55102,v0.2.0
configcat-js,9.6.1,84,B,BRANCH_REQUIRES_PR,4,54971,v0.2.0
microcms-js-sdk,3.4.0,87,A,,4,54963,v0.2.0
'@alpinejs/persist,3.15.12,63,C,INCONSISTENT_PUBLISH_PATH|SINGLE_MAINTAINER,1,54908,v0.2.0
'@ungap/custom-elements,1.3.0,19,F,UNVERIFIED_PUBLISH_PATH|DORMANT|SINGLE_MAINTAINER,1,54862,v0.2.0
fhirclient,2.6.3,39,D,UNVERIFIED_PUBLISH_PATH,2,54825,v0.2.0
jquery-validation-unobtrusive,4.0.0,20,F,UNVERIFIED_PUBLISH_PATH|DORMANT|SINGLE_MAINTAINER|BRANCH_REQUIRES_PR,1,54645,v0.2.0
geographiclib,1.52.2,14,F,UNVERIFIED_PUBLISH_PATH|DORMANT|SINGLE_MAINTAINER|DEPRECATED,1,54431,v0.2.0
'@flatfile/adapter,2.9.6,28,F,UNVERIFIED_PUBLISH_PATH|DORMANT|PUBLISHER_NOT_MAINTAINER,12,54364,v0.2.0
datatables.net-buttons-dt,3.2.6,25,F,UNVERIFIED_PUBLISH_PATH|SINGLE_MAINTAINER,1,54288,v0.2.0
rapidoc,9.3.8,19,F,UNVERIFIED_PUBLISH_PATH|DORMANT|SINGLE_MAINTAINER,1,54002,v0.2.0
'@expo-google-fonts/montserrat,0.4.2,39,D,UNVERIFIED_PUBLISH_PATH,4,53882,v0.2.0
'@fontsource/ibm-plex-serif,5.3.0,81,B,,2,53669,v0.2.0
'@fontsource/atkinson-hyperlegible,5.3.0,81,B,,2,53647,v0.2.0
muuri,0.9.5,19,F,UNVERIFIED_PUBLISH_PATH|DORMANT|SINGLE_MAINTAINER,1,53503,v0.2.0
jquery-serializejson,3.2.1,19,F,UNVERIFIED_PUBLISH_PATH|DORMANT|SINGLE_MAINTAINER,1,53472,v0.2.0
emoji-datasource-google,16.0.0,25,F,UNVERIFIED_PUBLISH_PATH|SINGLE_MAINTAINER,1,53358,v0.2.0
abcjs,6.6.4,31,F,UNVERIFIED_PUBLISH_PATH|SINGLE_MAINTAINER,1,53019,v0.2.0
list.js,2.3.1,19,F,UNVERIFIED_PUBLISH_PATH|DORMANT|SINGLE_MAINTAINER,1,52869,v0.2.0
xterm-addon-web-links,0.9.0,19,F,UNVERIFIED_PUBLISH_PATH|DORMANT|SINGLE_MAINTAINER|DEPRECATED,1,52706,v0.2.0
'@alpinejs/mask,3.15.12,63,C,INCONSISTENT_PUBLISH_PATH|SINGLE_MAINTAINER,1,52633,v0.2.0
'@iconify/iconify,3.1.1,14,F,UNVERIFIED_PUBLISH_PATH|DORMANT|SINGLE_MAINTAINER|DEPRECATED,1,52632,v0.2.0
ckeditor4,4.25.2,45,D,UNVERIFIED_PUBLISH_PATH,2,52628,v0.2.0
vue-star-rating,1.7.0,19,F,UNVERIFIED_PUBLISH_PATH|DORMANT|SINGLE_MAINTAINER,1,52506,v0.2.0
'@fontsource/hanken-grotesk,5.3.0,81,B,,2,52377,v0.2.0
'@tensorflow-models/coco-ssd,2.2.3,33,F,UNVERIFIED_PUBLISH_PATH|DORMANT,10,52300,v0.2.0
devexpress-reporting,26.1.3,16,F,UNVERIFIED_PUBLISH_PATH|SINGLE_MAINTAINER,1,52273,v0.2.0
docsearch.js,2.6.3,35,D,UNVERIFIED_PUBLISH_PATH|DORMANT|PUBLISHER_NOT_MAINTAINER|DEPRECATED,71,51951,v0.2.0
vue3-touch-events,5.0.15,20,F,UNVERIFIED_PUBLISH_PATH|SINGLE_MAINTAINER,1,51877,v0.2.0
'@fontsource/bebas-neue,5.3.0,81,B,,2,51845,v0.2.0
jsxgraph,1.12.2,39,D,UNVERIFIED_PUBLISH_PATH,2,51739,v0.2.0
function.name-polyfill,1.0.6,19,F,UNVERIFIED_PUBLISH_PATH|DORMANT|SINGLE_MAINTAINER,1,51527,v0.2.0
timepicker,1.14.1,19,F,UNVERIFIED_PUBLISH_PATH|DORMANT|SINGLE_MAINTAINER,1,51472,v0.2.0
'@iconify-json/teenyicons,1.2.2,15,F,UNVERIFIED_PUBLISH_PATH|DORMANT|SINGLE_MAINTAINER,1,51448,v0.2.0
'@syncfusion/ej2-pdfviewer,34.1.31,39,D,UNVERIFIED_PUBLISH_PATH,3,51433,v0.2.0
lscache,1.3.2,19,F,UNVERIFIED_PUBLISH_PATH|DORMANT|SINGLE_MAINTAINER,1,51418,v0.2.0
highlightjs,9.16.2,29,F,UNVERIFIED_PUBLISH_PATH|DORMANT|DEPRECATED,5,51346,v0.2.0
select2-bootstrap-theme,0.1.0-beta.10,19,F,UNVERIFIED_PUBLISH_PATH|DORMANT|SINGLE_MAINTAINER,1,51061,v0.2.0
'@ericblade/quagga2,1.12.1,25,F,UNVERIFIED_PUBLISH_PATH|SINGLE_MAINTAINER,1,50990,v0.2.0
echarts-stat,1.2.0,33,F,UNVERIFIED_PUBLISH_PATH|DORMANT,2,50722,v0.2.0
'@fontsource-variable/rubik,5.3.0,81,B,,2,50448,v0.2.0
nvd3,1.8.6,19,F,UNVERIFIED_PUBLISH_PATH|DORMANT|SINGLE_MAINTAINER,1,50442,v0.2.0
vest,6.3.2,73,B,SINGLE_MAINTAINER,1,50276,v0.2.0
xlsx-style,0.8.13,19,F,UNVERIFIED_PUBLISH_PATH|DORMANT|SINGLE_MAINTAINER,1,50169,v0.2.0
'@progress/kendo-theme-bootstrap,14.3.0,80,B,SINGLE_MAINTAINER,1,50157,v0.2.0
v-mask,2.3.0,19,F,UNVERIFIED_PUBLISH_PATH|DORMANT|SINGLE_MAINTAINER,1,50062,v0.2.0
'@tabler/icons-webfont,3.45.0,20,F,UNVERIFIED_PUBLISH_PATH|SINGLE_MAINTAINER,1,50037,v0.2.0
'@webcomponents/scoped-custom-element-registry,0.0.10,52,C,UNVERIFIED_PUBLISH_PATH,6,49974,v0.2.0
vanillajs-datepicker,1.3.4,19,F,UNVERIFIED_PUBLISH_PATH|DORMANT|SINGLE_MAINTAINER,1,49854,v0.2.0
localstorage-slim,2.7.1,19,F,UNVERIFIED_PUBLISH_PATH|DORMANT|SINGLE_MAINTAINER,1,49773,v0.2.0
leaflet.gridlayer.googlemutant,0.16.0,21,F,UNVERIFIED_PUBLISH_PATH|SINGLE_MAINTAINER,1,49690,v0.2.0
'@segment/analytics-consent-tools,2.0.3,46,D,UNVERIFIED_PUBLISH_PATH,3,49375,v0.2.0
react-confirm-alert,3.0.6,14,F,UNVERIFIED_PUBLISH_PATH|DORMANT|SINGLE_MAINTAINER,1,49331,v0.2.0
browser-update,3.3.63,25,F,UNVERIFIED_PUBLISH_PATH|SINGLE_MAINTAINER,1,49310,v0.2.0
'@aspnet/signalr,1.0.27,28,F,UNVERIFIED_PUBLISH_PATH|DORMANT|DEPRECATED,4,49231,v0.2.0
'@fxts/core,1.26.0,46,D,UNVERIFIED_PUBLISH_PATH,2,49209,v0.2.0
selectize,0.12.6,39,D,UNVERIFIED_PUBLISH_PATH|DORMANT,2,49195,v0.2.0
'@editorjs/checklist,1.6.0,14,F,UNVERIFIED_PUBLISH_PATH|DORMANT|SINGLE_MAINTAINER,1,48961,v0.2.0
'@iconify-json/ic,1.2.4,21,F,UNVERIFIED_PUBLISH_PATH|SINGLE_MAINTAINER,1,48935,v0.2.0
vue3-emoji-picker,1.1.8,33,F,UNVERIFIED_PUBLISH_PATH|DORMANT,2,48921,v0.2.0
vue-js-modal,2.0.1,19,F,UNVERIFIED_PUBLISH_PATH|DORMANT|SINGLE_MAINTAINER,1,48863,v0.2.0
'@joeattardi/emoji-button,4.6.4,19,F,UNVERIFIED_PUBLISH_PATH|DORMANT|SINGLE_MAINTAINER|DEPRECATED,1,48844,v0.2.0
chartjs-chart-geo,4.3.6,25,F,UNVERIFIED_PUBLISH_PATH|SINGLE_MAINTAINER,1,48840,v0.2.0
'@editorjs/marker,1.4.0,14,F,UNVERIFIED_PUBLISH_PATH|DORMANT|SINGLE_MAINTAINER,1,48744,v0.2.0
'@fontsource/kanit,5.3.0,81,B,,2,48694,v0.2.0
tempusdominus-bootstrap-4,5.39.2,33,F,UNVERIFIED_PUBLISH_PATH|DORMANT,2,48637,v0.2.0
'@iframe-resizer/parent,5.5.9,31,F,UNVERIFIED_PUBLISH_PATH|SINGLE_MAINTAINER,1,48628,v0.2.0
emoji-js,3.9.0,25,F,UNVERIFIED_PUBLISH_PATH|SINGLE_MAINTAINER,1,48562,v0.2.0
capacitor-plugin-app-tracking-transparency,3.0.0,25,F,UNVERIFIED_PUBLISH_PATH|SINGLE_MAINTAINER,1,48492,v0.2.0
billboard.js,4.0.3,25,F,UNVERIFIED_PUBLISH_PATH|SINGLE_MAINTAINER,1,48488,v0.2.0
'@iconify-json/fa6-solid,1.2.4,21,F,UNVERIFIED_PUBLISH_PATH|SINGLE_MAINTAINER,1,48468,v0.2.0
quill-blot-formatter,1.0.5,14,F,UNVERIFIED_PUBLISH_PATH|DORMANT|SINGLE_MAINTAINER,1,48460,v0.2.0
keymaster,1.6.2,28,F,UNVERIFIED_PUBLISH_PATH|DORMANT,2,48357,v0.2.0
'@lottiefiles/dotlottie-wc,0.9.22,89,A,,2,48347,v0.2.0
'@hyperframes/core,0.7.64,78,B,INCONSISTENT_PUBLISH_PATH,3,48336,v0.2.0
'@arco-design/web-vue,2.58.0,39,D,UNVERIFIED_PUBLISH_PATH,11,48252,v0.2.0
'@pixi/filter-motion-blur,5.1.1,33,F,UNVERIFIED_PUBLISH_PATH|DORMANT,2,48135,v0.2.0
'@fontsource/cousine,5.3.0,81,B,,2,48095,v0.2.0
filepond-plugin-image-resize,2.0.10,19,F,UNVERIFIED_PUBLISH_PATH|DORMANT|SINGLE_MAINTAINER,1,48061,v0.2.0
vue-awesome-swiper,5.0.1,19,F,UNVERIFIED_PUBLISH_PATH|DORMANT|SINGLE_MAINTAINER,1,48049,v0.2.0
'@bjorn3/browser_wasi_shim,0.4.2,25,F,UNVERIFIED_PUBLISH_PATH|SINGLE_MAINTAINER,1,47971,v0.2.0
vue-cropper,0.6.5,19,F,UNVERIFIED_PUBLISH_PATH|DORMANT|SINGLE_MAINTAINER,1,47895,v0.2.0
'@tabler/core,1.4.0,26,F,UNVERIFIED_PUBLISH_PATH|SINGLE_MAINTAINER,1,47779,v0.2.0
'@maptiler/sdk,4.0.2,39,D,UNVERIFIED_PUBLISH_PATH,11,47775,v0.2.0
vue-grid-layout,2.4.0,14,F,UNVERIFIED_PUBLISH_PATH|DORMANT|SINGLE_MAINTAINER,1,47708,v0.2.0
'@undecaf/zbar-wasm,0.11.0,19,F,UNVERIFIED_PUBLISH_PATH|DORMANT|SINGLE_MAINTAINER,1,47556,v0.2.0
'@progress/kendo-ui,2026.2.520,21,F,UNVERIFIED_PUBLISH_PATH|SINGLE_MAINTAINER,1,47519,v0.2.0
vue-loading-overlay,6.0.6,19,F,UNVERIFIED_PUBLISH_PATH|DORMANT|SINGLE_MAINTAINER,1,47502,v0.2.0
'@fontsource-variable/literata,5.3.0,81,B,,2,47471,v0.2.0
'@spectrum-web-components/icons-ui,1.12.2,84,B,INCONSISTENT_PUBLISH_PATH,9,47444,v0.2.0
'@github/auto-complete-element,3.8.0,46,D,UNVERIFIED_PUBLISH_PATH,20,47363,v0.2.0
'@salesforce-ux/design-system,2.30.7,16,F,UNVERIFIED_PUBLISH_PATH|SINGLE_MAINTAINER,1,47280,v0.2.0
marked-base-url,1.1.10,73,B,SINGLE_MAINTAINER,1,47247,v0.2.0
simple-line-icons,2.5.5,19,F,UNVERIFIED_PUBLISH_PATH|DORMANT|SINGLE_MAINTAINER,1,47212,v0.2.0
leaflet-gesture-handling,1.2.2,19,F,UNVERIFIED_PUBLISH_PATH|DORMANT|SINGLE_MAINTAINER,1,47188,v0.2.0
'@egjs/imready,1.4.2,39,D,UNVERIFIED_PUBLISH_PATH,12,47152,v0.2.0
'@tonejs/midi,2.0.28,33,F,UNVERIFIED_PUBLISH_PATH|DORMANT,2,47118,v0.2.0
line-awesome,1.3.0,33,F,UNVERIFIED_PUBLISH_PATH|DORMANT,2,47118,v0.2.0
'@fontsource/dm-serif-display,5.3.0,81,B,,2,47103,v0.2.0
fitty,2.4.2,33,F,UNVERIFIED_PUBLISH_PATH|DORMANT,2,47026,v0.2.0
universal-router,10.0.3,39,D,UNVERIFIED_PUBLISH_PATH,2,47018,v0.2.0
manifold-3d,3.5.1,77,B,INCONSISTENT_PUBLISH_PATH,2,46906,v0.2.0
arquero,8.0.3,25,F,UNVERIFIED_PUBLISH_PATH|SINGLE_MAINTAINER,1,46882,v0.2.0
graphics-debug,0.0.96,21,F,UNVERIFIED_PUBLISH_PATH|SINGLE_MAINTAINER,1,46838,v0.2.0
angular-moment,1.3.0,19,F,UNVERIFIED_PUBLISH_PATH|DORMANT|SINGLE_MAINTAINER,1,46754,v0.2.0
esri-leaflet,3.0.19,39,D,UNVERIFIED_PUBLISH_PATH,6,46528,v0.2.0
chartjs-chart-treemap,4.2.0,73,B,SINGLE_MAINTAINER,1,46377,v0.2.0
datatables.net-buttons-bs4,3.2.6,25,F,UNVERIFIED_PUBLISH_PATH|SINGLE_MAINTAINER,1,46368,v0.2.0
videojs-contrib-ads,7.5.2,33,F,UNVERIFIED_PUBLISH_PATH|DORMANT,26,46263,v0.2.0
pinyin,4.0.0,25,F,UNVERIFIED_PUBLISH_PATH|SINGLE_MAINTAINER,1,46237,v0.2.0
'@fontsource/anton,5.3.0,81,B,,2,46211,v0.2.0
mobile-drag-drop,3.0.0-rc.0,19,F,UNVERIFIED_PUBLISH_PATH|DORMANT|SINGLE_MAINTAINER,1,46137,v0.2.0
'@dailymotion/vast-client,6.4.5,39,D,UNVERIFIED_PUBLISH_PATH,5,46112,v0.2.0
'@pixi/unsafe-eval,7.4.3,46,D,UNVERIFIED_PUBLISH_PATH,2,46104,v0.2.0
playcanvas,2.20.6,73,B,SINGLE_MAINTAINER,1,46100,v0.2.0
'@mapbox/corslite,0.0.7,40,D,UNVERIFIED_PUBLISH_PATH|DORMANT,28,46099,v0.2.0
dmn-js,17.9.0,39,D,UNVERIFIED_PUBLISH_PATH,12,46030,v0.2.0
super-three,0.185.0,31,F,UNVERIFIED_PUBLISH_PATH|SINGLE_MAINTAINER,1,45881,v0.2.0
angular-ui-grid,4.12.7,34,F,UNVERIFIED_PUBLISH_PATH|DORMANT,6,45835,v0.2.0
scorm-again,3.1.1,58,C,INCONSISTENT_PUBLISH_PATH|SINGLE_MAINTAINER,1,45792,v0.2.0
angular-file-upload,2.6.1,14,F,UNVERIFIED_PUBLISH_PATH|DORMANT|SINGLE_MAINTAINER|PUBLISHER_NOT_MAINTAINER,1,45653,v0.2.0
tailwindcss-stimulus-components,6.1.4,25,F,UNVERIFIED_PUBLISH_PATH|SINGLE_MAINTAINER,1,45647,v0.2.0
tonweb,0.0.66,33,F,UNVERIFIED_PUBLISH_PATH|DORMANT,2,45616,v0.2.0
commons-validator-js,1.0.1669,34,F,UNVERIFIED_PUBLISH_PATH|PUBLISHER_NOT_MAINTAINER,6,45582,v0.2.0
'@walletconnect/qrcode-modal,1.8.0,28,F,UNVERIFIED_PUBLISH_PATH|DORMANT|PUBLISHER_NOT_MAINTAINER|DEPRECATED,2,45556,v0.2.0
altair-static,8.5.7,68,C,SINGLE_MAINTAINER,1,45555,v0.2.0
'@fontsource/spectral,5.3.0,81,B,,2,45499,v0.2.0
react-testing-library,8.0.1,10,F,UNVERIFIED_PUBLISH_PATH|DORMANT|SINGLE_MAINTAINER|DEPRECATED,1,45390,v0.2.0
molstar,5.11.0,39,D,UNVERIFIED_PUBLISH_PATH,2,45366,v0.2.0
'@json-editor/json-editor,2.17.1,39,D,UNVERIFIED_PUBLISH_PATH,4,45305,v0.2.0
'@fontsource/raleway,5.3.0,81,B,,2,45297,v0.2.0
'@expo-google-fonts/roboto,0.4.3,39,D,UNVERIFIED_PUBLISH_PATH,4,45235,v0.2.0
'@mediapipe/face_mesh,0.4.1633559619,24,F,UNVERIFIED_PUBLISH_PATH|DORMANT,8,45224,v0.2.0
vue-cal,4.10.2,19,F,UNVERIFIED_PUBLISH_PATH|DORMANT|SINGLE_MAINTAINER,1,45186,v0.2.0
vue-instantsearch,4.27.1,39,D,UNVERIFIED_PUBLISH_PATH,6,45158,v0.2.0
signalr,2.4.3,34,F,UNVERIFIED_PUBLISH_PATH|DORMANT,4,45024,v0.2.0
amazon-ivs-web-broadcast,1.37.0,35,D,UNVERIFIED_PUBLISH_PATH,3,45021,v0.2.0
accounting-js,2.0.3,25,F,UNVERIFIED_PUBLISH_PATH|SINGLE_MAINTAINER,1,44991,v0.2.0
gun,0.2020.1241,26,F,UNVERIFIED_PUBLISH_PATH|SINGLE_MAINTAINER,1,44972,v0.2.0
vexflow,5.0.0,39,D,UNVERIFIED_PUBLISH_PATH,4,44957,v0.2.0
modern-css-reset,1.4.0,19,F,UNVERIFIED_PUBLISH_PATH|DORMANT|SINGLE_MAINTAINER,1,44904,v0.2.0
'@fontsource/noto-sans-tc,5.3.0,81,B,,2,44875,v0.2.0
appwrite,26.2.0,87,A,,3,44845,v0.2.0
markdown-it-texmath,1.0.0,19,F,UNVERIFIED_PUBLISH_PATH|DORMANT|SINGLE_MAINTAINER,1,44752,v0.2.0
markmap-view,0.18.12,25,F,UNVERIFIED_PUBLISH_PATH|SINGLE_MAINTAINER,1,44614,v0.2.0
datatables.net-select-dt,3.1.3,25,F,UNVERIFIED_PUBLISH_PATH|SINGLE_MAINTAINER,1,44584,v0.2.0
datatables.net-responsive-dt,3.0.8,25,F,UNVERIFIED_PUBLISH_PATH|SINGLE_MAINTAINER,1,44583,v0.2.0
'@worldcoin/idkit-core,4.2.2,94,A,,3,44570,v0.2.0
jquery-pjax,2.0.1,19,F,UNVERIFIED_PUBLISH_PATH|DORMANT|SINGLE_MAINTAINER,1,44531,v0.2.0
nsfwjs,4.3.0,39,D,UNVERIFIED_PUBLISH_PATH,3,44427,v0.2.0
'@formily/core,2.3.7,39,D,UNVERIFIED_PUBLISH_PATH,2,44376,v0.2.0
'@editorjs/underline,1.2.1,14,F,UNVERIFIED_PUBLISH_PATH|DORMANT|SINGLE_MAINTAINER,1,44289,v0.2.0
bootstrap-table,1.27.3,25,F,UNVERIFIED_PUBLISH_PATH|SINGLE_MAINTAINER,1,44253,v0.2.0
'@fontsource/noto-serif-sc,5.3.0,81,B,,2,44179,v0.2.0
bs-custom-file-input,1.3.4,19,F,UNVERIFIED_PUBLISH_PATH|DORMANT|SINGLE_MAINTAINER,1,44135,v0.2.0
spinkit,2.0.1,33,F,UNVERIFIED_PUBLISH_PATH|DORMANT,2,44002,v0.2.0
bitmovin-player,8.267.0,30,F,UNVERIFIED_PUBLISH_PATH,2,43977,v0.2.0
formiojs,4.21.7,34,F,UNVERIFIED_PUBLISH_PATH,3,43960,v0.2.0
nats.ws,1.30.3,71,B,DEPRECATED,2,43905,v0.2.0
filepond-plugin-image-crop,2.0.6,19,F,UNVERIFIED_PUBLISH_PATH|DORMANT|SINGLE_MAINTAINER,1,43827,v0.2.0
linq,4.0.3,19,F,UNVERIFIED_PUBLISH_PATH|DORMANT|SINGLE_MAINTAINER,1,43742,v0.2.0
clientjs,0.2.1,33,F,UNVERIFIED_PUBLISH_PATH|DORMANT,2,43688,v0.2.0
markmap-lib,0.18.12,25,F,UNVERIFIED_PUBLISH_PATH|SINGLE_MAINTAINER,1,43631,v0.2.0
'@eppo/js-client-sdk,3.18.0,39,D,UNVERIFIED_PUBLISH_PATH,10,43588,v0.2.0
d3-composite-projections,2.0.0,25,F,UNVERIFIED_PUBLISH_PATH|SINGLE_MAINTAINER,1,43577,v0.2.0
vanilla-masker,1.2.0,33,F,UNVERIFIED_PUBLISH_PATH|DORMANT,2,43329,v0.2.0
'@wix/wix-ui-icons-common,3.181.0,30,F,UNVERIFIED_PUBLISH_PATH,12,43294,v0.2.0
perfume.js,9.4.0,19,F,UNVERIFIED_PUBLISH_PATH|DORMANT|SINGLE_MAINTAINER,1,43258,v0.2.0
'@sgratzl/chartjs-chart-boxplot,4.4.5,25,F,UNVERIFIED_PUBLISH_PATH|SINGLE_MAINTAINER,1,43245,v0.2.0
simplemde,1.11.2,14,F,UNVERIFIED_PUBLISH_PATH|DORMANT,0,43088,v0.2.0
'@tailwindcss/browser,4.3.3,89,A,,3,43029,v0.2.0
noty,3.2.0-beta-deprecated,28,F,UNVERIFIED_PUBLISH_PATH|DORMANT|PUBLISHER_NOT_MAINTAINER|DEPRECATED,2,42824,v0.2.0
'@fontsource/caladea,5.3.0,81,B,,2,42792,v0.2.0
'@atlaskit/css-reset,8.1.1,16,F,UNVERIFIED_PUBLISH_PATH|SINGLE_MAINTAINER,1,42741,v0.2.0
favico.js,0.3.10,19,F,UNVERIFIED_PUBLISH_PATH|DORMANT|SINGLE_MAINTAINER,1,42619,v0.2.0
isotope-layout,3.0.6,19,F,UNVERIFIED_PUBLISH_PATH|DORMANT|SINGLE_MAINTAINER,1,42426,v0.2.0
scroll-lock,2.1.5,19,F,UNVERIFIED_PUBLISH_PATH|DORMANT|SINGLE_MAINTAINER|DEPRECATED,1,42408,v0.2.0
notyf,3.10.0,14,F,UNVERIFIED_PUBLISH_PATH|DORMANT|SINGLE_MAINTAINER,1,42300,v0.2.0
datatables.net-keytable,2.12.2,25,F,UNVERIFIED_PUBLISH_PATH|SINGLE_MAINTAINER,1,42160,v0.2.0
uppy,5.2.4,45,D,UNVERIFIED_PUBLISH_PATH,5,42142,v0.2.0
vue-toast-notification,3.1.3,19,F,UNVERIFIED_PUBLISH_PATH|DORMANT|SINGLE_MAINTAINER,1,42137,v0.2.0
'@fontsource/fira-sans,5.3.0,81,B,,2,42035,v0.2.0
datatables.net-buttons-bs5,3.2.6,25,F,UNVERIFIED_PUBLISH_PATH|SINGLE_MAINTAINER,1,41883,v0.2.0
'@cloudflare/realtimekit-ui,2.0.1,84,B,INCONSISTENT_PUBLISH_PATH,5,41850,v0.2.0
resumablejs,1.1.0,14,F,UNVERIFIED_PUBLISH_PATH|DORMANT|SINGLE_MAINTAINER|PUBLISHER_NOT_MAINTAINER,1,41756,v0.2.0
tsparticles-updater-opacity,2.12.0,39,D,UNVERIFIED_PUBLISH_PATH|DORMANT|DEPRECATED,2,41745,v0.2.0
tti-polyfill,0.2.2,19,F,UNVERIFIED_PUBLISH_PATH|DORMANT|SINGLE_MAINTAINER,1,41694,v0.2.0
angular-ui-sortable,0.19.0,33,F,UNVERIFIED_PUBLISH_PATH|DORMANT,2,41676,v0.2.0
open-location-code,1.0.3,10,F,UNVERIFIED_PUBLISH_PATH|DORMANT|SINGLE_MAINTAINER,1,41550,v0.2.0
'@picocss/pico,2.1.1,25,F,UNVERIFIED_PUBLISH_PATH|SINGLE_MAINTAINER,1,41478,v0.2.0
balance-text,3.3.1,33,F,UNVERIFIED_PUBLISH_PATH|DORMANT,2,41472,v0.2.0
'@viselect/vanilla,3.9.0,19,F,UNVERIFIED_PUBLISH_PATH|DORMANT|SINGLE_MAINTAINER,1,41375,v0.2.0
'@fontsource/bricolage-grotesque,5.3.0,81,B,,2,41370,v0.2.0
datatables.net-responsive-bs5,3.0.8,25,F,UNVERIFIED_PUBLISH_PATH|SINGLE_MAINTAINER,1,41317,v0.2.0
email-misspelled,4.4.0,32,F,UNVERIFIED_PUBLISH_PATH|SINGLE_MAINTAINER,1,41316,v0.2.0
react-native-navigation,8.8.10,39,D,UNVERIFIED_PUBLISH_PATH,7,41201,v0.2.0
lunar-javascript,1.7.7,25,F,UNVERIFIED_PUBLISH_PATH|SINGLE_MAINTAINER,1,41042,v0.2.0
npm2url,0.2.4,14,F,UNVERIFIED_PUBLISH_PATH|DORMANT|SINGLE_MAINTAINER,1,40993,v0.2.0
tsparticles-move-base,2.12.0,39,D,UNVERIFIED_PUBLISH_PATH|DORMANT|DEPRECATED,2,40924,v0.2.0
tsparticles-updater-size,2.12.0,39,D,UNVERIFIED_PUBLISH_PATH|DORMANT|DEPRECATED,2,40912,v0.2.0
'@fontsource/libre-baskerville,5.3.0,81,B,,2,40846,v0.2.0
datatables.net-responsive-bs4,3.0.8,25,F,UNVERIFIED_PUBLISH_PATH|SINGLE_MAINTAINER,1,40812,v0.2.0
'@fontsource/dancing-script,5.3.0,81,B,,2,40735,v0.2.0
'@nylas/web-elements,2.5.13,34,F,UNVERIFIED_PUBLISH_PATH,5,40717,v0.2.0
'@editorjs/raw,2.5.1,14,F,UNVERIFIED_PUBLISH_PATH|DORMANT|SINGLE_MAINTAINER,1,40702,v0.2.0
img-comparison-slider,8.0.7,25,F,UNVERIFIED_PUBLISH_PATH|SINGLE_MAINTAINER,1,40608,v0.2.0
detectrtc,1.4.1,19,F,UNVERIFIED_PUBLISH_PATH|DORMANT|SINGLE_MAINTAINER,1,40588,v0.2.0
motion-ui,2.0.8,33,F,UNVERIFIED_PUBLISH_PATH|DORMANT,3,40361,v0.2.0
'@fluentui/web-components,3.0.2,52,C,UNVERIFIED_PUBLISH_PATH,10,40338,v0.2.0
lozad,1.16.0,19,F,UNVERIFIED_PUBLISH_PATH|DORMANT|SINGLE_MAINTAINER,1,40244,v0.2.0
hamburgers,1.2.1,19,F,UNVERIFIED_PUBLISH_PATH|DORMANT|SINGLE_MAINTAINER,1,39999,v0.2.0
'@elastic/app-search-javascript,8.13.0,28,F,UNVERIFIED_PUBLISH_PATH|DORMANT|PUBLISHER_NOT_MAINTAINER,3,39962,v0.2.0
dejavu-fonts-ttf,2.37.3,19,F,UNVERIFIED_PUBLISH_PATH|DORMANT|SINGLE_MAINTAINER,1,39881,v0.2.0
'@foblex/flow,19.1.4,31,F,UNVERIFIED_PUBLISH_PATH|SINGLE_MAINTAINER,1,39762,v0.2.0
'@zapier/zapier-sdk,0.86.0,11,F,UNVERIFIED_PUBLISH_PATH|SINGLE_MAINTAINER|PUBLISHER_NOT_MAINTAINER,1,39555,v0.2.0
proj4leaflet,1.0.2,33,F,UNVERIFIED_PUBLISH_PATH|DORMANT,3,39526,v0.2.0
'@esotericsoftware/spine-pixi-v8,4.3.11,77,B,INCONSISTENT_PUBLISH_PATH,3,39518,v0.2.0
'@fontsource/cinzel,5.3.0,81,B,,2,39461,v0.2.0
datatables.net-select-bs5,3.1.3,25,F,UNVERIFIED_PUBLISH_PATH|SINGLE_MAINTAINER,1,39395,v0.2.0
'@fontsource-variable/sora,5.3.0,81,B,,2,39276,v0.2.0
scroll-behavior-polyfill,2.0.13,19,F,UNVERIFIED_PUBLISH_PATH|DORMANT|SINGLE_MAINTAINER,1,39257,v0.2.0
sourcebuster,1.1.0,19,F,UNVERIFIED_PUBLISH_PATH|DORMANT|SINGLE_MAINTAINER,1,39225,v0.2.0
json-formatter-js,2.5.23,20,F,UNVERIFIED_PUBLISH_PATH|SINGLE_MAINTAINER|PUBLISHER_NOT_MAINTAINER,1,39159,v0.2.0
signals,1.0.0,9,F,UNVERIFIED_PUBLISH_PATH|DORMANT|SINGLE_MAINTAINER,1,39114,v0.2.0
vue-quill-editor,3.0.6,19,F,UNVERIFIED_PUBLISH_PATH|DORMANT|SINGLE_MAINTAINER,1,39080,v0.2.0
'@expo-google-fonts/lora,0.4.2,39,D,UNVERIFIED_PUBLISH_PATH,4,39024,v0.2.0
flexibility,2.0.1,19,F,UNVERIFIED_PUBLISH_PATH|DORMANT|SINGLE_MAINTAINER,1,38999,v0.2.0
squirrelly,9.1.1,34,F,UNVERIFIED_PUBLISH_PATH,2,38964,v0.2.0
v-viewer,3.0.23,25,F,UNVERIFIED_PUBLISH_PATH|SINGLE_MAINTAINER,1,38958,v0.2.0
'@riophae/vue-treeselect,0.4.0,19,F,UNVERIFIED_PUBLISH_PATH|DORMANT|SINGLE_MAINTAINER,1,38802,v0.2.0
leaflet-routing-machine,3.2.12,19,F,UNVERIFIED_PUBLISH_PATH|DORMANT|SINGLE_MAINTAINER,1,38723,v0.2.0
filepond-plugin-image-edit,1.6.3,19,F,UNVERIFIED_PUBLISH_PATH|DORMANT|SINGLE_MAINTAINER,1,38721,v0.2.0
vue2-daterange-picker,0.6.8,19,F,UNVERIFIED_PUBLISH_PATH|DORMANT|SINGLE_MAINTAINER,1,38583,v0.2.0
'@fontsource/orbitron,5.3.0,81,B,,2,38503,v0.2.0
'@selectize/selectize,0.15.2,25,F,UNVERIFIED_PUBLISH_PATH|DORMANT|SINGLE_MAINTAINER,1,38422,v0.2.0
stickyfilljs,2.1.0,19,F,UNVERIFIED_PUBLISH_PATH|DORMANT|SINGLE_MAINTAINER,1,38417,v0.2.0
ganache-cli,6.12.2,40,D,UNVERIFIED_PUBLISH_PATH|DORMANT|DEPRECATED,5,38328,v0.2.0
multi-clamp,2.0.2,19,F,UNVERIFIED_PUBLISH_PATH|DORMANT|SINGLE_MAINTAINER,1,38291,v0.2.0
'@fontsource-variable/source-code-pro,5.3.0,81,B,,2,38219,v0.2.0
tdesign-vue-next,1.20.3,75,B,SINGLE_MAINTAINER,1,38174,v0.2.0
'@mediapipe/camera_utils,0.3.1675466862,24,F,UNVERIFIED_PUBLISH_PATH|DORMANT,8,38085,v0.2.0
'@iconfu/svg-inject,2.0.1,25,F,UNVERIFIED_PUBLISH_PATH|SINGLE_MAINTAINER,1,38044,v0.2.0
emoji-datasource-twitter,16.0.0,25,F,UNVERIFIED_PUBLISH_PATH|SINGLE_MAINTAINER,1,37974,v0.2.0
videojs-hotkeys,0.2.30,19,F,UNVERIFIED_PUBLISH_PATH|DORMANT|SINGLE_MAINTAINER,1,37874,v0.2.0
'@vaadin/router,2.0.1,39,D,UNVERIFIED_PUBLISH_PATH,12,37864,v0.2.0
moment-hijri,3.0.0,19,F,UNVERIFIED_PUBLISH_PATH|DORMANT|SINGLE_MAINTAINER,1,37832,v0.2.0
pretty-checkbox,3.0.3,19,F,UNVERIFIED_PUBLISH_PATH|DORMANT|SINGLE_MAINTAINER,1,37800,v0.2.0
'@claviska/jquery-minicolors,2.3.6,19,F,UNVERIFIED_PUBLISH_PATH|DORMANT|SINGLE_MAINTAINER,1,37789,v0.2.0
'@editorjs/link,2.6.2,14,F,UNVERIFIED_PUBLISH_PATH|DORMANT|SINGLE_MAINTAINER,1,37715,v0.2.0
medium-editor,5.23.3,33,F,UNVERIFIED_PUBLISH_PATH|DORMANT,6,37616,v0.2.0
'@iconify-json/twemoji,1.2.5,21,F,UNVERIFIED_PUBLISH_PATH|SINGLE_MAINTAINER,1,37606,v0.2.0
tui-time-picker,2.1.6,19,F,UNVERIFIED_PUBLISH_PATH|DORMANT|SINGLE_MAINTAINER,1,37577,v0.2.0
babel-standalone,6.26.0,28,F,UNVERIFIED_PUBLISH_PATH|DORMANT|PUBLISHER_NOT_MAINTAINER,3,37519,v0.2.0
angular-filter,0.5.17,19,F,UNVERIFIED_PUBLISH_PATH|DORMANT|SINGLE_MAINTAINER,1,37478,v0.2.0
'@fontsource/roboto-slab,5.3.0,81,B,,2,37456,v0.2.0
swup,4.9.2,87,A,,3,37440,v0.2.0
rails-ujs,5.2.8-1,40,D,UNVERIFIED_PUBLISH_PATH|DORMANT,8,37428,v0.2.0
budoux,0.8.4,20,F,UNVERIFIED_PUBLISH_PATH|SINGLE_MAINTAINER,1,37391,v0.2.0
html-docx-js,0.3.1,19,F,UNVERIFIED_PUBLISH_PATH|DORMANT|SINGLE_MAINTAINER|BRANCH_REQUIRES_PR,1,37297,v0.2.0
bs-stepper,1.7.0,19,F,UNVERIFIED_PUBLISH_PATH|DORMANT|SINGLE_MAINTAINER,1,37277,v0.2.0
leaflet-polylinedecorator,1.6.0,19,F,UNVERIFIED_PUBLISH_PATH|DORMANT|SINGLE_MAINTAINER,1,37274,v0.2.0
ckeditor,4.12.1,39,D,UNVERIFIED_PUBLISH_PATH|DORMANT|DEPRECATED,2,37248,v0.2.0
cookiejs,2.1.4,73,B,SINGLE_MAINTAINER,1,37229,v0.2.0
mg-api-js,3.0.3,87,A,,11,37220,v0.2.0
lightbox2,2.12.0,25,F,UNVERIFIED_PUBLISH_PATH|SINGLE_MAINTAINER|DEPRECATED,1,37217,v0.2.0
agora-rtm-sdk,2.2.4,30,F,UNVERIFIED_PUBLISH_PATH,3,37211,v0.2.0
tui-image-editor,3.15.3,14,F,UNVERIFIED_PUBLISH_PATH|DORMANT|SINGLE_MAINTAINER,1,37206,v0.2.0
patternomaly,1.3.2,19,F,UNVERIFIED_PUBLISH_PATH|DORMANT|SINGLE_MAINTAINER,1,37161,v0.2.0
videojs-ima,2.6.0,39,D,UNVERIFIED_PUBLISH_PATH,2,37144,v0.2.0
'@myriaddreamin/typst.ts,0.7.0,73,B,SINGLE_MAINTAINER,1,36993,v0.2.0
'@twemoji/api,17.0.3,39,D,UNVERIFIED_PUBLISH_PATH,2,36890,v0.2.0
jquery-slimscroll,1.3.8,19,F,UNVERIFIED_PUBLISH_PATH|DORMANT|SINGLE_MAINTAINER,1,36884,v0.2.0
single-spa-vue,3.0.1,23,F,UNVERIFIED_PUBLISH_PATH|DORMANT|PUBLISHER_NOT_MAINTAINER,2,36876,v0.2.0
jsplumb,2.15.6,19,F,UNVERIFIED_PUBLISH_PATH|DORMANT|SINGLE_MAINTAINER,1,36838,v0.2.0
'@fontsource/roboto-condensed,5.3.0,81,B,,2,36790,v0.2.0
datatables.net-colreorder-dt,2.1.2,25,F,UNVERIFIED_PUBLISH_PATH|SINGLE_MAINTAINER,1,36789,v0.2.0
'@antv/data-set,0.11.8,33,F,UNVERIFIED_PUBLISH_PATH|DORMANT,18,36750,v0.2.0
'@fontsource/tinos,5.3.0,81,B,,2,36743,v0.2.0
'@iconify-json/mingcute,1.2.7,21,F,UNVERIFIED_PUBLISH_PATH|SINGLE_MAINTAINER,1,36740,v0.2.0
angular-drag-and-drop-lists,2.1.0,19,F,UNVERIFIED_PUBLISH_PATH|DORMANT|SINGLE_MAINTAINER,1,36643,v0.2.0
'@fontsource-variable/schibsted-grotesk,5.3.0,81,B,,2,36597,v0.2.0
golden-layout,2.6.0,19,F,UNVERIFIED_PUBLISH_PATH|DORMANT|SINGLE_MAINTAINER,1,36552,v0.2.0
'@tarojs/components,4.2.1,40,D,UNVERIFIED_PUBLISH_PATH,12,36503,v0.2.0
jquery-sparkline,2.4.0,19,F,UNVERIFIED_PUBLISH_PATH|DORMANT|SINGLE_MAINTAINER,1,36322,v0.2.0
'@mediapipe/pose,0.5.1675469404,24,F,UNVERIFIED_PUBLISH_PATH|DORMANT,8,36316,v0.2.0
litepicker,2.0.12,19,F,UNVERIFIED_PUBLISH_PATH|DORMANT|SINGLE_MAINTAINER,1,36312,v0.2.0
'@meilisearch/instant-meilisearch,0.31.2,82,B,BRANCH_REQUIRES_PR,5,36282,v0.2.0
smiles-drawer,2.4.1,87,A,,3,36138,v0.2.0
'@alpinejs/csp,3.15.12,63,C,INCONSISTENT_PUBLISH_PATH|SINGLE_MAINTAINER,1,36113,v0.2.0
pace-js,1.2.4,19,F,UNVERIFIED_PUBLISH_PATH|DORMANT|SINGLE_MAINTAINER,1,36105,v0.2.0
datatables,1.10.18,19,F,UNVERIFIED_PUBLISH_PATH|DORMANT|SINGLE_MAINTAINER,1,36104,v0.2.0
pulltorefreshjs,0.1.22,15,F,UNVERIFIED_PUBLISH_PATH|DORMANT|SINGLE_MAINTAINER,1,36098,v0.2.0
'@fontsource/noto-sans-arabic,5.3.0,81,B,,2,36040,v0.2.0
socicon,3.0.5,15,F,UNVERIFIED_PUBLISH_PATH|DORMANT|SINGLE_MAINTAINER,1,36006,v0.2.0
tablednd,1.0.5,19,F,UNVERIFIED_PUBLISH_PATH|DORMANT|SINGLE_MAINTAINER,1,35947,v0.2.0
'@devexpress/analytics-core,26.1.3,16,F,UNVERIFIED_PUBLISH_PATH|SINGLE_MAINTAINER,1,35913,v0.2.0
simple-parallax-js,7.0.0,73,B,SINGLE_MAINTAINER,1,35908,v0.2.0
'@fontsource/inconsolata,5.3.0,81,B,,2,35900,v0.2.0
'@iconify-json/fa6-brands,1.2.6,21,F,UNVERIFIED_PUBLISH_PATH|SINGLE_MAINTAINER,1,35870,v0.2.0
'@syncfusion/ej2-gantt,34.1.30,39,D,UNVERIFIED_PUBLISH_PATH,3,35799,v0.2.0
cos-js-sdk-v5,1.10.1,39,D,UNVERIFIED_PUBLISH_PATH,5,35798,v0.2.0
mrz,5.0.2,39,D,UNVERIFIED_PUBLISH_PATH,4,35718,v0.2.0
'@fontsource/ubuntu,5.3.0,81,B,,2,35677,v0.2.0
'@fontsource-variable/work-sans,5.3.0,81,B,,2,35618,v0.2.0
quill-emoji,0.2.0,19,F,UNVERIFIED_PUBLISH_PATH|DORMANT|SINGLE_MAINTAINER,1,35563,v0.2.0
'@fontsource/inter-tight,5.3.0,81,B,,2,35550,v0.2.0
chartjs-plugin-gradient,0.6.1,19,F,UNVERIFIED_PUBLISH_PATH|DORMANT|SINGLE_MAINTAINER,1,35501,v0.2.0
fusioncharts,4.2.2,39,D,UNVERIFIED_PUBLISH_PATH,2,35463,v0.2.0
'@photo-sphere-viewer/markers-plugin,5.14.3,73,B,SINGLE_MAINTAINER,1,35462,v0.2.0
manrope,2.0.0,14,F,UNVERIFIED_PUBLISH_PATH|DORMANT|SINGLE_MAINTAINER,1,35295,v0.2.0
klinecharts,10.0.0,25,F,UNVERIFIED_PUBLISH_PATH|SINGLE_MAINTAINER,1,35279,v0.2.0
jquery-ui-bundle,1.12.1-migrate,19,F,UNVERIFIED_PUBLISH_PATH|DORMANT|SINGLE_MAINTAINER,1,35265,v0.2.0
'@maplibre/maplibre-gl-leaflet,0.1.3,39,D,UNVERIFIED_PUBLISH_PATH,5,35264,v0.2.0
datatables.net-select-bs4,3.1.3,25,F,UNVERIFIED_PUBLISH_PATH|SINGLE_MAINTAINER,1,35213,v0.2.0
balloon-css,1.2.0,19,F,UNVERIFIED_PUBLISH_PATH|DORMANT|SINGLE_MAINTAINER,1,35180,v0.2.0
metismenu,3.1.0,25,F,UNVERIFIED_PUBLISH_PATH|SINGLE_MAINTAINER,1,35102,v0.2.0
party-js,2.2.0,14,F,UNVERIFIED_PUBLISH_PATH|DORMANT|SINGLE_MAINTAINER,1,35072,v0.2.0
'@fontsource/instrument-sans,5.3.0,81,B,,2,34998,v0.2.0
japanese-holidays,1.0.10,19,F,UNVERIFIED_PUBLISH_PATH|DORMANT|SINGLE_MAINTAINER,1,34998,v0.2.0
'@editorjs/nested-list,1.4.3,14,F,UNVERIFIED_PUBLISH_PATH|DORMANT|SINGLE_MAINTAINER,1,34982,v0.2.0
leaflet.locatecontrol,0.90.0,39,D,UNVERIFIED_PUBLISH_PATH,2,34909,v0.2.0
'@builder.io/qwik,1.20.0,85,A,INCONSISTENT_PUBLISH_PATH,26,34902,v0.2.0
chartjs-chart-funnel,4.2.5,25,F,UNVERIFIED_PUBLISH_PATH|SINGLE_MAINTAINER,1,34880,v0.2.0
art-template,4.13.4,15,F,UNVERIFIED_PUBLISH_PATH|SINGLE_MAINTAINER|PUBLISHER_NOT_MAINTAINER,1,34870,v0.2.0
'@jetbrains/logos,3.0.14,39,D,UNVERIFIED_PUBLISH_PATH,3,34868,v0.2.0
'@material-symbols/svg-500,0.45.8,73,B,SINGLE_MAINTAINER,1,34849,v0.2.0
jets,0.15.0,19,F,UNVERIFIED_PUBLISH_PATH|DORMANT|SINGLE_MAINTAINER,1,34832,v0.2.0
uploadcare-widget,3.24.0,39,D,UNVERIFIED_PUBLISH_PATH,4,34790,v0.2.0
'@zxcvbn-ts/language-fr,4.1.1,25,F,UNVERIFIED_PUBLISH_PATH|SINGLE_MAINTAINER,1,34683,v0.2.0
buefy,3.0.8,39,D,UNVERIFIED_PUBLISH_PATH,2,34672,v0.2.0
datatables.net-fixedcolumns-bs4,5.0.5,25,F,UNVERIFIED_PUBLISH_PATH|SINGLE_MAINTAINER,1,34671,v0.2.0
waveform-data,4.5.2,39,D,UNVERIFIED_PUBLISH_PATH,2,34637,v0.2.0
videojs-hls-quality-selector,2.0.0,15,F,UNVERIFIED_PUBLISH_PATH|DORMANT|SINGLE_MAINTAINER,1,34487,v0.2.0
tsparticles-slim,2.12.0,39,D,UNVERIFIED_PUBLISH_PATH|DORMANT|DEPRECATED,2,34436,v0.2.0
thirdweb,5.120.1,41,D,UNVERIFIED_PUBLISH_PATH,5,34428,v0.2.0
leaflet.fullscreen,5.3.3,25,F,UNVERIFIED_PUBLISH_PATH|SINGLE_MAINTAINER,1,34427,v0.2.0
flexboxgrid,6.3.1,19,F,UNVERIFIED_PUBLISH_PATH|DORMANT|SINGLE_MAINTAINER,1,34413,v0.2.0
'@tensorflow-models/blazeface,0.1.0,33,F,UNVERIFIED_PUBLISH_PATH|DORMANT,8,34388,v0.2.0
'@alexanderolsen/libsamplerate-js,2.1.2,19,F,UNVERIFIED_PUBLISH_PATH|DORMANT|SINGLE_MAINTAINER,1,34373,v0.2.0
tinymce-i18n,26.7.13,73,B,SINGLE_MAINTAINER,1,34372,v0.2.0
'@spectrum-web-components/icons-workflow,1.12.2,84,B,INCONSISTENT_PUBLISH_PATH,9,34353,v0.2.0
'@adobe/adobe-client-data-layer,3.0.1,39,D,UNVERIFIED_PUBLISH_PATH,31,34162,v0.2.0
filepond-plugin-image-transform,3.8.8,25,F,UNVERIFIED_PUBLISH_PATH|SINGLE_MAINTAINER,1,34116,v0.2.0
'@fullcalendar/bootstrap5,6.1.21,20,F,UNVERIFIED_PUBLISH_PATH|SINGLE_MAINTAINER,1,33922,v0.2.0
inapp-spy,5.0.10,20,F,UNVERIFIED_PUBLISH_PATH|SINGLE_MAINTAINER,1,33902,v0.2.0
scrollmagic,2.0.9,25,F,UNVERIFIED_PUBLISH_PATH|SINGLE_MAINTAINER,1,33875,v0.2.0
filepond-plugin-file-encode,2.1.14,19,F,UNVERIFIED_PUBLISH_PATH|DORMANT|SINGLE_MAINTAINER,1,33866,v0.2.0
raygun4js,3.1.4,34,F,UNVERIFIED_PUBLISH_PATH|PUBLISHER_NOT_MAINTAINER,2,33848,v0.2.0
mpegts.js,1.8.0,19,F,UNVERIFIED_PUBLISH_PATH|DORMANT|SINGLE_MAINTAINER,1,33828,v0.2.0
'@iconify-json/octicon,1.2.29,21,F,UNVERIFIED_PUBLISH_PATH|SINGLE_MAINTAINER,1,33807,v0.2.0
'@openui5/sap.m,1.150.0,34,F,UNVERIFIED_PUBLISH_PATH,2,33801,v0.2.0
'@fontsource-variable/noto-sans-arabic,5.3.0,81,B,,2,33796,v0.2.0
'@duetds/date-picker,1.4.0,28,F,UNVERIFIED_PUBLISH_PATH|DORMANT|PUBLISHER_NOT_MAINTAINER,5,33759,v0.2.0
vue-toasted,1.1.28,19,F,UNVERIFIED_PUBLISH_PATH|DORMANT|SINGLE_MAINTAINER,1,33742,v0.2.0
leaflet-fullscreen,1.0.2,33,F,UNVERIFIED_PUBLISH_PATH|DORMANT,8,33739,v0.2.0
'@fancyapps/fancybox,3.5.7,19,F,UNVERIFIED_PUBLISH_PATH|DORMANT|SINGLE_MAINTAINER,1,33726,v0.2.0
cropper,4.1.0,19,F,UNVERIFIED_PUBLISH_PATH|DORMANT|SINGLE_MAINTAINER,1,33621,v0.2.0
'@formkit/icons,2.1.0,72,B,INCONSISTENT_PUBLISH_PATH,4,33610,v0.2.0
chartjs-plugin-stacked100,1.7.1,25,F,UNVERIFIED_PUBLISH_PATH|SINGLE_MAINTAINER,1,33603,v0.2.0
flv.js,1.6.2,19,F,UNVERIFIED_PUBLISH_PATH|DORMANT|SINGLE_MAINTAINER,1,33526,v0.2.0
tw-elements,2.0.0,33,F,UNVERIFIED_PUBLISH_PATH|DORMANT,17,33461,v0.2.0
ohmyfetch,0.4.21,14,F,UNVERIFIED_PUBLISH_PATH|DORMANT|SINGLE_MAINTAINER|DEPRECATED,1,33330,v0.2.0
'@maplibre/maplibre-gl-geocoder,1.9.4,77,B,,5,33304,v0.2.0
'@wix/headless-utils,0.0.12,30,F,UNVERIFIED_PUBLISH_PATH,6,33299,v0.2.0
postmate,1.5.2,40,D,UNVERIFIED_PUBLISH_PATH|DORMANT,3,33135,v0.2.0
'@formio/js,5.4.2,34,F,UNVERIFIED_PUBLISH_PATH,7,33014,v0.2.0
'@vladmandic/human,3.3.6,31,F,UNVERIFIED_PUBLISH_PATH|SINGLE_MAINTAINER,1,32979,v0.2.0
waypoints,4.0.1,19,F,UNVERIFIED_PUBLISH_PATH|DORMANT|SINGLE_MAINTAINER,1,32638,v0.2.0
react-flagkit,2.0.4,10,F,UNVERIFIED_PUBLISH_PATH|DORMANT|SINGLE_MAINTAINER,1,32586,v0.2.0
luaparse,0.3.1,33,F,UNVERIFIED_PUBLISH_PATH|DORMANT,2,32409,v0.2.0
ng-tags-input,3.2.0,28,F,UNVERIFIED_PUBLISH_PATH|DORMANT,2,32241,v0.2.0
sheetjs-style,0.15.8,19,F,UNVERIFIED_PUBLISH_PATH|DORMANT|SINGLE_MAINTAINER,1,32204,v0.2.0
current-device,2.0.2,73,B,SINGLE_MAINTAINER,1,32106,v0.2.0
'@fontsource/pt-sans,5.3.0,81,B,,2,32020,v0.2.0
simmerjs,0.5.6,19,F,UNVERIFIED_PUBLISH_PATH|DORMANT|SINGLE_MAINTAINER,1,32000,v0.2.0
v-money,0.8.1,15,F,UNVERIFIED_PUBLISH_PATH|DORMANT|SINGLE_MAINTAINER,1,31954,v0.2.0
'@snowplow/browser-plugin-button-click-tracking,4.8.4,39,D,UNVERIFIED_PUBLISH_PATH,3,31922,v0.2.0
tempusdominus-core,5.19.3,33,F,UNVERIFIED_PUBLISH_PATH|DORMANT,2,31841,v0.2.0
'@tensorflow-models/body-pix,2.2.1,33,F,UNVERIFIED_PUBLISH_PATH|DORMANT,10,31766,v0.2.0
'@alfalab/core-components,50.23.0,35,D,UNVERIFIED_PUBLISH_PATH,15,31712,v0.2.0
simpleheat,0.4.0,19,F,UNVERIFIED_PUBLISH_PATH|DORMANT|SINGLE_MAINTAINER,1,31712,v0.2.0
'@fullcalendar/adaptive,6.1.21,20,F,UNVERIFIED_PUBLISH_PATH|SINGLE_MAINTAINER,1,31702,v0.2.0
'@irys/query,0.0.13,34,F,UNVERIFIED_PUBLISH_PATH,2,31597,v0.2.0
'@fontsource/arimo,5.3.0,81,B,,2,31521,v0.2.0
'@tensorflow/tfjs-backend-webgpu,4.22.0,33,F,UNVERIFIED_PUBLISH_PATH|DORMANT,10,31499,v0.2.0
'@snowplow/browser-plugin-error-tracking,4.8.4,39,D,UNVERIFIED_PUBLISH_PATH,3,31474,v0.2.0
uikit,3.25.20,77,B,INCONSISTENT_PUBLISH_PATH,2,31445,v0.2.0
bootstrap-multiselect,2.0.0,34,F,UNVERIFIED_PUBLISH_PATH,2,31392,v0.2.0
vanilla-tilt,1.8.1,19,F,UNVERIFIED_PUBLISH_PATH|DORMANT|SINGLE_MAINTAINER,1,31297,v0.2.0
react-rte,0.16.5,33,F,UNVERIFIED_PUBLISH_PATH|DORMANT,6,31235,v0.2.0
chartjs-plugin-trendline,3.2.4,73,B,SINGLE_MAINTAINER,1,31212,v0.2.0
vue-carousel,0.18.0,28,F,UNVERIFIED_PUBLISH_PATH|DORMANT,4,31172,v0.2.0
'@egjs/flicking,4.16.4,30,F,UNVERIFIED_PUBLISH_PATH,12,31170,v0.2.0
'@google/markerclusterer,2.0.9,14,F,UNVERIFIED_PUBLISH_PATH|DORMANT|SINGLE_MAINTAINER|DEPRECATED,1,31153,v0.2.0
jquery.scrollto,2.1.3,19,F,UNVERIFIED_PUBLISH_PATH|DORMANT|SINGLE_MAINTAINER,1,31151,v0.2.0
fine-uploader,5.16.2,14,F,UNVERIFIED_PUBLISH_PATH|DORMANT|SINGLE_MAINTAINER,1,31124,v0.2.0
'@fontsource/jost,5.3.0,81,B,,2,31057,v0.2.0
datatables.net-plugins,2.3.6,25,F,UNVERIFIED_PUBLISH_PATH|SINGLE_MAINTAINER,1,30993,v0.2.0
'@opensearch-project/oui,1.23.0,47,D,UNVERIFIED_PUBLISH_PATH,3,30968,v0.2.0
quicklink,3.0.1,25,F,UNVERIFIED_PUBLISH_PATH|SINGLE_MAINTAINER,1,30968,v0.2.0
jquery-autosize,1.18.18,19,F,UNVERIFIED_PUBLISH_PATH|DORMANT|SINGLE_MAINTAINER,1,30956,v0.2.0
'@tensorflow-models/face-landmarks-detection,1.0.6,33,F,UNVERIFIED_PUBLISH_PATH|DORMANT,8,30934,v0.2.0
lethargy,1.0.9,19,F,UNVERIFIED_PUBLISH_PATH|DORMANT|SINGLE_MAINTAINER,1,30917,v0.2.0
'@snowplow/browser-plugin-web-vitals,4.8.4,39,D,UNVERIFIED_PUBLISH_PATH,3,30915,v0.2.0
save-svg-as-png,1.4.17,19,F,UNVERIFIED_PUBLISH_PATH|DORMANT|SINGLE_MAINTAINER,1,30915,v0.2.0
'@fontsource-variable/roboto-flex,5.3.0,81,B,,2,30906,v0.2.0
stickybits,3.7.11,32,F,UNVERIFIED_PUBLISH_PATH|DORMANT|SINGLE_MAINTAINER,1,30867,v0.2.0
mdn-polyfills,5.20.0,19,F,UNVERIFIED_PUBLISH_PATH|DORMANT|SINGLE_MAINTAINER,1,30849,v0.2.0
videojs-youtube,3.0.1,33,F,UNVERIFIED_PUBLISH_PATH|DORMANT,19,30755,v0.2.0
'@gouvfr/dsfr,1.15.0,45,D,UNVERIFIED_PUBLISH_PATH,5,30709,v0.2.0
'@chenfengyuan/vue-countdown,2.1.3,25,F,UNVERIFIED_PUBLISH_PATH|SINGLE_MAINTAINER,1,30702,v0.2.0
html-truncate,1.2.2,19,F,UNVERIFIED_PUBLISH_PATH|DORMANT|SINGLE_MAINTAINER,1,30699,v0.2.0
'@kiwicom/orbit-components,27.7.1-alpha.0,39,D,UNVERIFIED_PUBLISH_PATH,3,30650,v0.2.0
dxf-viewer,1.0.48,25,F,UNVERIFIED_PUBLISH_PATH|SINGLE_MAINTAINER,1,30614,v0.2.0
workbox-cdn,5.1.4,14,F,UNVERIFIED_PUBLISH_PATH|DORMANT|SINGLE_MAINTAINER|PUBLISHER_NOT_MAINTAINER,1,30456,v0.2.0
'@splidejs/splide-extension-auto-scroll,0.5.3,19,F,UNVERIFIED_PUBLISH_PATH|DORMANT|SINGLE_MAINTAINER,1,30451,v0.2.0
headroom.js,0.12.0,33,F,UNVERIFIED_PUBLISH_PATH|DORMANT,2,30445,v0.2.0
grapesjs-plugin-forms,2.0.6,19,F,UNVERIFIED_PUBLISH_PATH|DORMANT|SINGLE_MAINTAINER,1,30429,v0.2.0
vue-spinner,3.0.2,67,C,SINGLE_MAINTAINER,1,30373,v0.2.0
'@fontsource-variable/mulish,5.3.0,81,B,,2,30330,v0.2.0
malihu-custom-scrollbar-plugin,3.1.5,19,F,UNVERIFIED_PUBLISH_PATH|DORMANT|SINGLE_MAINTAINER,1,30310,v0.2.0
'@fontsource-variable/lexend,5.3.0,81,B,,2,30298,v0.2.0
datebook,8.0.1,19,F,UNVERIFIED_PUBLISH_PATH|DORMANT|SINGLE_MAINTAINER,1,30225,v0.2.0
'@revolist/revogrid,4.23.22,73,B,SINGLE_MAINTAINER,1,30076,v0.2.0
clevertap-web-sdk,2.7.4,94,A,,6,30056,v0.2.0
datatables.net-fixedheader-bs4,4.0.6,25,F,UNVERIFIED_PUBLISH_PATH|SINGLE_MAINTAINER,1,29990,v0.2.0
smooth-scrollbar,8.8.4,19,F,UNVERIFIED_PUBLISH_PATH|DORMANT|SINGLE_MAINTAINER,1,29756,v0.2.0
moment-parseformat,4.0.0,33,F,UNVERIFIED_PUBLISH_PATH|DORMANT,2,29754,v0.2.0
'@pyscript/core,0.7.31,25,F,UNVERIFIED_PUBLISH_PATH|SINGLE_MAINTAINER,1,29745,v0.2.0
icheck,1.0.2,19,F,UNVERIFIED_PUBLISH_PATH|DORMANT|SINGLE_MAINTAINER,1,29694,v0.2.0
bootstrap-notify,3.1.3,33,F,UNVERIFIED_PUBLISH_PATH|DORMANT,3,29684,v0.2.0
'@zendeskgarden/css-bedrock,10.0.1,26,F,UNVERIFIED_PUBLISH_PATH|DORMANT|SINGLE_MAINTAINER,1,29647,v0.2.0
'@material/mwc-base,0.27.0,39,D,UNVERIFIED_PUBLISH_PATH|DORMANT|DEPRECATED,14,29636,v0.2.0
'@fontsource/quicksand,5.3.0,81,B,,2,29634,v0.2.0
smooth-scroll,16.1.3,19,F,UNVERIFIED_PUBLISH_PATH|DORMANT|SINGLE_MAINTAINER,1,29441,v0.2.0
vanta,0.5.24,19,F,UNVERIFIED_PUBLISH_PATH|DORMANT|SINGLE_MAINTAINER,1,29369,v0.2.0
single-spa-layout,3.0.0,9,F,UNVERIFIED_PUBLISH_PATH|DORMANT|SINGLE_MAINTAINER|PUBLISHER_NOT_MAINTAINER,1,29277,v0.2.0
jquery.easing,1.4.1,33,F,UNVERIFIED_PUBLISH_PATH|DORMANT,2,29254,v0.2.0
player.js,0.1.0,33,F,UNVERIFIED_PUBLISH_PATH|DORMANT,2,29215,v0.2.0
'@zerodevx/svelte-toast,0.9.6,19,F,UNVERIFIED_PUBLISH_PATH|DORMANT|SINGLE_MAINTAINER,1,29204,v0.2.0
'@fontsource/ubuntu-mono,5.3.0,81,B,,2,29179,v0.2.0
emoji-picker-element-data,1.8.0,25,F,UNVERIFIED_PUBLISH_PATH|SINGLE_MAINTAINER,1,29160,v0.2.0
quilljs-markdown,1.2.0,19,F,UNVERIFIED_PUBLISH_PATH|DORMANT|SINGLE_MAINTAINER,1,29102,v0.2.0
ng-idle,1.3.2,19,F,UNVERIFIED_PUBLISH_PATH|DORMANT|SINGLE_MAINTAINER,1,29081,v0.2.0
the-new-css-reset,1.11.3,19,F,UNVERIFIED_PUBLISH_PATH|DORMANT|SINGLE_MAINTAINER,1,29072,v0.2.0
'@iconify-json/hugeicons,1.2.31,21,F,UNVERIFIED_PUBLISH_PATH|SINGLE_MAINTAINER,1,29044,v0.2.0
browser-dtector,4.1.1,63,C,SINGLE_MAINTAINER,1,28997,v0.2.0
bootstrap-toggle,2.2.2,19,F,UNVERIFIED_PUBLISH_PATH|DORMANT|SINGLE_MAINTAINER,1,28952,v0.2.0
secure-ls,2.0.0,19,F,UNVERIFIED_PUBLISH_PATH|DORMANT|SINGLE_MAINTAINER,1,28920,v0.2.0
'@sweetalert2/theme-bootstrap-4,5.0.27,25,F,UNVERIFIED_PUBLISH_PATH|SINGLE_MAINTAINER|DEPRECATED,1,28856,v0.2.0
parsleyjs,2.9.2,39,D,UNVERIFIED_PUBLISH_PATH|DORMANT,2,28843,v0.2.0
'@zendeskgarden/css-variables,7.0.0,26,F,UNVERIFIED_PUBLISH_PATH|DORMANT|SINGLE_MAINTAINER,1,28841,v0.2.0
'@openobserve/browser-logs,0.3.4,41,D,UNVERIFIED_PUBLISH_PATH,4,28813,v0.2.0
picturefill,3.0.3,33,F,UNVERIFIED_PUBLISH_PATH|DORMANT|DEPRECATED,2,28663,v0.2.0
sm-crypto,0.4.0,31,F,UNVERIFIED_PUBLISH_PATH|SINGLE_MAINTAINER,1,28649,v0.2.0
'@fontsource/great-vibes,5.3.0,81,B,,2,28616,v0.2.0
editorjs-html,4.0.5,15,F,UNVERIFIED_PUBLISH_PATH|DORMANT|SINGLE_MAINTAINER,1,28576,v0.2.0
'@fontsource-variable/noto-sans-kr,5.3.0,81,B,,2,28566,v0.2.0
'@melloware/coloris,0.25.0,39,D,UNVERIFIED_PUBLISH_PATH,2,28503,v0.2.0
xgplayer,3.0.26,77,B,INCONSISTENT_PUBLISH_PATH,10,28502,v0.2.0
timeago,1.6.7,29,F,UNVERIFIED_PUBLISH_PATH|DORMANT,2,28391,v0.2.0
materialize-css,1.0.0,19,F,UNVERIFIED_PUBLISH_PATH|DORMANT|SINGLE_MAINTAINER,1,28385,v0.2.0
jspdf-html2canvas,1.7.0,25,F,UNVERIFIED_PUBLISH_PATH|SINGLE_MAINTAINER,1,28369,v0.2.0
'@rive-app/canvas-advanced,2.38.5,87,A,,5,28314,v0.2.0
'@nebular/theme,17.0.0,25,F,UNVERIFIED_PUBLISH_PATH|SINGLE_MAINTAINER,1,28278,v0.2.0
'@fontsource/noto-sans-thai,5.3.0,81,B,,2,28276,v0.2.0
ravelinjs,2.2.0,39,D,UNVERIFIED_PUBLISH_PATH,3,28240,v0.2.0
'@friendlycaptcha/sdk,1.0.2,73,B,SINGLE_MAINTAINER,1,28238,v0.2.0
moment-jalaali,0.10.4,33,F,UNVERIFIED_PUBLISH_PATH|DORMANT,2,28214,v0.2.0
react-slideshow-image,4.4.0,25,F,UNVERIFIED_PUBLISH_PATH|SINGLE_MAINTAINER,1,28099,v0.2.0
universal-parallax,1.3.2,19,F,UNVERIFIED_PUBLISH_PATH|DORMANT|SINGLE_MAINTAINER,1,28078,v0.2.0
vue-content-loader,2.0.1,19,F,UNVERIFIED_PUBLISH_PATH|DORMANT|SINGLE_MAINTAINER,1,28069,v0.2.0
'@iabtechlabtcf/core,1.5.21,34,F,UNVERIFIED_PUBLISH_PATH,2,28053,v0.2.0
'@wix/identity,1.0.213,30,F,UNVERIFIED_PUBLISH_PATH,12,27996,v0.2.0
'@revolut/checkout,1.1.25,39,D,UNVERIFIED_PUBLISH_PATH,5,27971,v0.2.0
vditor,3.11.2,25,F,UNVERIFIED_PUBLISH_PATH|SINGLE_MAINTAINER,1,27875,v0.2.0
pnotify,5.2.0,19,F,UNVERIFIED_PUBLISH_PATH|DORMANT|SINGLE_MAINTAINER,1,27855,v0.2.0
appcenter-cli,3.0.4,52,C,UNVERIFIED_PUBLISH_PATH,2,27789,v0.2.0
wordcloud,1.2.3,19,F,UNVERIFIED_PUBLISH_PATH|DORMANT|SINGLE_MAINTAINER,1,27781,v0.2.0
filepond-plugin-file-poster,2.5.2,25,F,UNVERIFIED_PUBLISH_PATH|SINGLE_MAINTAINER,1,27712,v0.2.0
'@editorjs/simple-image,1.6.0,14,F,UNVERIFIED_PUBLISH_PATH|DORMANT|SINGLE_MAINTAINER,1,27683,v0.2.0
emailjs-com,3.2.0,14,F,UNVERIFIED_PUBLISH_PATH|DORMANT|SINGLE_MAINTAINER|PUBLISHER_NOT_MAINTAINER|DEPRECATED,1,27672,v0.2.0
quagga,0.12.1,19,F,UNVERIFIED_PUBLISH_PATH|DORMANT|SINGLE_MAINTAINER,1,27666,v0.2.0
iscroll,5.2.0,14,F,UNVERIFIED_PUBLISH_PATH|DORMANT|SINGLE_MAINTAINER|PUBLISHER_NOT_MAINTAINER|DEPRECATED,1,27664,v0.2.0
minimasonry,1.3.2,19,F,UNVERIFIED_PUBLISH_PATH|DORMANT|SINGLE_MAINTAINER,1,27577,v0.2.0
'@fontsource/libre-franklin,5.3.0,81,B,,2,27528,v0.2.0
'@swup/head-plugin,2.3.1,33,F,UNVERIFIED_PUBLISH_PATH|DORMANT,3,27520,v0.2.0
leaflet-control-geocoder,4.0.0,39,D,UNVERIFIED_PUBLISH_PATH,2,27484,v0.2.0
'@openui5/themelib_sap_fiori_3,1.150.0,34,F,UNVERIFIED_PUBLISH_PATH,2,27469,v0.2.0
obs-websocket-js,5.0.8,87,A,,3,27455,v0.2.0
'@taiga-ui/core,5.15.0,46,D,UNVERIFIED_PUBLISH_PATH,7,27417,v0.2.0
'@worldcoin/minikit-js,2.0.3,72,B,INCONSISTENT_PUBLISH_PATH,2,27371,v0.2.0
'@fontsource/ibm-plex-sans-arabic,5.3.0,81,B,,2,27367,v0.2.0
quill-better-table,1.2.10,19,F,UNVERIFIED_PUBLISH_PATH|DORMANT|SINGLE_MAINTAINER,1,27269,v0.2.0
magic-sdk,33.9.0,76,B,REPO_LINKAGE_MISMATCH,13,27243,v0.2.0
'@wix/design-system,1.299.0,30,F,UNVERIFIED_PUBLISH_PATH,12,27240,v0.2.0
'@qlik/api,2.13.0,46,D,UNVERIFIED_PUBLISH_PATH,2,27231,v0.2.0
'@fontsource/opendyslexic,5.3.0,81,B,,2,27206,v0.2.0
html-to-md,0.8.8,25,F,UNVERIFIED_PUBLISH_PATH|SINGLE_MAINTAINER,1,27170,v0.2.0
zoomist,2.2.0,25,F,UNVERIFIED_PUBLISH_PATH|SINGLE_MAINTAINER,1,27147,v0.2.0
'@open-iframe-resizer/core,2.4.0,63,C,INCONSISTENT_PUBLISH_PATH|SINGLE_MAINTAINER,1,27061,v0.2.0
'@taiga-ui/kit,5.15.0,46,D,UNVERIFIED_PUBLISH_PATH,7,27012,v0.2.0
corejs-typeahead,1.3.4,19,F,UNVERIFIED_PUBLISH_PATH|DORMANT|SINGLE_MAINTAINER,1,26914,v0.2.0
jsrender,1.2.0,34,F,UNVERIFIED_PUBLISH_PATH,2,26842,v0.2.0
'@fontsource/pt-serif,5.3.0,81,B,,2,26697,v0.2.0
places.js,1.19.0,23,F,UNVERIFIED_PUBLISH_PATH|DORMANT|PUBLISHER_NOT_MAINTAINER|DEPRECATED,77,26618,v0.2.0
'@fontsource-variable/eb-garamond,5.3.0,81,B,,2,26614,v0.2.0
cep-promise,4.4.1,33,F,UNVERIFIED_PUBLISH_PATH|DORMANT,2,26610,v0.2.0
'@swup/scripts-plugin,2.1.0,33,F,UNVERIFIED_PUBLISH_PATH|DORMANT,3,26578,v0.2.0
metismenujs,1.4.0,19,F,UNVERIFIED_PUBLISH_PATH|DORMANT|SINGLE_MAINTAINER,1,26569,v0.2.0
react-virtualized-select,3.1.3,19,F,UNVERIFIED_PUBLISH_PATH|DORMANT|SINGLE_MAINTAINER,1,26495,v0.2.0
datatables.net-colreorder-bs4,2.1.2,25,F,UNVERIFIED_PUBLISH_PATH|SINGLE_MAINTAINER,1,26448,v0.2.0
'@material/mwc-ripple,0.27.0,39,D,UNVERIFIED_PUBLISH_PATH|DORMANT|DEPRECATED,14,26370,v0.2.0
packery,3.0.0,25,F,UNVERIFIED_PUBLISH_PATH|SINGLE_MAINTAINER,1,26357,v0.2.0
'@wix/image-kit,1.124.0,30,F,UNVERIFIED_PUBLISH_PATH,12,26337,v0.2.0
destyle.css,4.0.1,19,F,UNVERIFIED_PUBLISH_PATH|DORMANT|SINGLE_MAINTAINER,1,26332,v0.2.0
darkreader,4.9.128,31,F,UNVERIFIED_PUBLISH_PATH|SINGLE_MAINTAINER,1,26197,v0.2.0
'@wix/auto_sdk_identity_oauth,1.0.50,30,F,UNVERIFIED_PUBLISH_PATH,12,26196,v0.2.0
material-components-web,14.0.0,33,F,UNVERIFIED_PUBLISH_PATH|DORMANT,14,26190,v0.2.0
match-media,0.2.0,19,F,UNVERIFIED_PUBLISH_PATH|DORMANT|SINGLE_MAINTAINER,1,26108,v0.2.0
maz-ui,4.9.3,20,F,UNVERIFIED_PUBLISH_PATH|SINGLE_MAINTAINER,1,26004,v0.2.0
simple-datatables,10.2.0,25,F,UNVERIFIED_PUBLISH_PATH|SINGLE_MAINTAINER,1,25992,v0.2.0
'@discordapp/twemoji,16.0.1,39,D,UNVERIFIED_PUBLISH_PATH,5,25979,v0.2.0
bootstrap-tagsinput,0.7.1,19,F,UNVERIFIED_PUBLISH_PATH|DORMANT|SINGLE_MAINTAINER,1,25895,v0.2.0
'@fontsource-variable/noto-sans-thai,5.3.0,81,B,,2,25797,v0.2.0
'@snowplow/browser-plugin-performance-navigation-timing,4.8.4,39,D,UNVERIFIED_PUBLISH_PATH,3,25791,v0.2.0
'@eonasdan/tempus-dominus,6.10.4,25,F,UNVERIFIED_PUBLISH_PATH|SINGLE_MAINTAINER,1,25783,v0.2.0
scichart,5.2.55,39,D,UNVERIFIED_PUBLISH_PATH,2,25781,v0.2.0
devexpress-richedit,26.1.3,30,F,UNVERIFIED_PUBLISH_PATH,3,25722,v0.2.0
'@lit-labs/motion,1.1.0,90,A,,11,25696,v0.2.0
select2-bootstrap-5-theme,1.3.0,19,F,UNVERIFIED_PUBLISH_PATH|DORMANT|SINGLE_MAINTAINER,1,25689,v0.2.0
angular-spinner,1.0.1,19,F,UNVERIFIED_PUBLISH_PATH|DORMANT|SINGLE_MAINTAINER,1,25586,v0.2.0
windmill-cli,1.763.0,32,F,UNVERIFIED_PUBLISH_PATH|SINGLE_MAINTAINER,1,25553,v0.2.0
datatables.net-keytable-bs4,2.12.2,25,F,UNVERIFIED_PUBLISH_PATH|SINGLE_MAINTAINER,1,25547,v0.2.0
wix-style-react,10.173.4,30,F,UNVERIFIED_PUBLISH_PATH,6,25510,v0.2.0
simple-crypto-js,3.0.1,25,F,UNVERIFIED_PUBLISH_PATH|DORMANT|SINGLE_MAINTAINER,1,25495,v0.2.0
ekko-lightbox,5.3.0,19,F,UNVERIFIED_PUBLISH_PATH|DORMANT|SINGLE_MAINTAINER,1,25491,v0.2.0
vue-infinite-scroll,2.0.2,33,F,UNVERIFIED_PUBLISH_PATH|DORMANT,3,25482,v0.2.0
angular-smart-table,2.1.11,19,F,UNVERIFIED_PUBLISH_PATH|DORMANT|SINGLE_MAINTAINER,1,25470,v0.2.0
'@gradio/client,2.3.1,74,B,SINGLE_MAINTAINER,1,25466,v0.2.0
'@wix/auto_sdk_identity_authentication,1.0.49,30,F,UNVERIFIED_PUBLISH_PATH,12,25423,v0.2.0
'@vicons/ionicons5,0.13.0,15,F,UNVERIFIED_PUBLISH_PATH|DORMANT|SINGLE_MAINTAINER,1,25364,v0.2.0
compress.js,2.1.2,19,F,UNVERIFIED_PUBLISH_PATH|DORMANT|SINGLE_MAINTAINER,1,25295,v0.2.0
'@fontsource-variable/merriweather,5.3.0,81,B,,2,25261,v0.2.0
bitmovin-player-ui,4.17.0,25,F,UNVERIFIED_PUBLISH_PATH|SINGLE_MAINTAINER,1,25225,v0.2.0
leaflet-geometryutil,0.10.3,33,F,UNVERIFIED_PUBLISH_PATH|DORMANT,6,25202,v0.2.0
'@fontsource/vt323,5.3.0,81,B,,2,25184,v0.2.0
styled-icons,10.47.1,28,F,UNVERIFIED_PUBLISH_PATH|DORMANT,2,25184,v0.2.0
pretty-print-json,3.0.8,25,F,UNVERIFIED_PUBLISH_PATH|SINGLE_MAINTAINER,1,25169,v0.2.0
'@iconify-json/bi,1.2.7,21,F,UNVERIFIED_PUBLISH_PATH|SINGLE_MAINTAINER,1,25117,v0.2.0
phaser3-rex-plugins,1.80.20,25,F,UNVERIFIED_PUBLISH_PATH|SINGLE_MAINTAINER,1,25091,v0.2.0
htl,1.0.0,73,B,SINGLE_MAINTAINER,1,25076,v0.2.0
handlebars-intl,1.1.2,33,F,UNVERIFIED_PUBLISH_PATH|DORMANT,4,24985,v0.2.0
multiple-select-vanilla,5.2.1,73,B,SINGLE_MAINTAINER,1,24984,v0.2.0
dwt,19.4.1,34,F,UNVERIFIED_PUBLISH_PATH,6,24911,v0.2.0
postscribe,2.0.8,46,D,UNVERIFIED_PUBLISH_PATH|DORMANT,5,24855,v0.2.0
'@alpinejs/sort,3.15.12,63,C,INCONSISTENT_PUBLISH_PATH|SINGLE_MAINTAINER,1,24665,v0.2.0
'@pipecat-ai/daily-transport,1.6.8,77,B,INCONSISTENT_PUBLISH_PATH,7,24624,v0.2.0
quill-image-resize-module,3.0.0,19,F,UNVERIFIED_PUBLISH_PATH|DORMANT|SINGLE_MAINTAINER,1,24612,v0.2.0
smarthr-ui,98.1.0,79,B,INCONSISTENT_PUBLISH_PATH,25,24597,v0.2.0
n2words,5.1.2,100,A,,2,24561,v0.2.0
'@fontsource-variable/noto-serif,5.3.0,81,B,,2,24549,v0.2.0
'@jitsu/js,1.11.0,72,B,INCONSISTENT_PUBLISH_PATH|BRANCH_REQUIRES_PR,4,24533,v0.2.0
eva-icons,1.1.3,9,F,UNVERIFIED_PUBLISH_PATH|DORMANT,0,24494,v0.2.0
'@dimforge/rapier2d-compat,0.19.3,25,F,UNVERIFIED_PUBLISH_PATH|SINGLE_MAINTAINER,1,24479,v0.2.0
egoroof-blowfish,4.0.3,73,B,SINGLE_MAINTAINER,1,24471,v0.2.0
number-format.js,2.0.9,19,F,UNVERIFIED_PUBLISH_PATH|DORMANT|SINGLE_MAINTAINER,1,24454,v0.2.0
jquery-extendext,1.0.0,19,F,UNVERIFIED_PUBLISH_PATH|DORMANT|SINGLE_MAINTAINER,1,24447,v0.2.0
quill-paste-smart,2.0.0,19,F,UNVERIFIED_PUBLISH_PATH|DORMANT|SINGLE_MAINTAINER,1,24437,v0.2.0
codice-fiscale-js,2.3.23,25,F,UNVERIFIED_PUBLISH_PATH|SINGLE_MAINTAINER,1,24419,v0.2.0
'@wix/headless-media,0.0.25,30,F,UNVERIFIED_PUBLISH_PATH,12,24405,v0.2.0
'@snowplow/browser-plugin-media,4.8.4,39,D,UNVERIFIED_PUBLISH_PATH,3,24401,v0.2.0
vuejs-paginate,2.1.0,19,F,UNVERIFIED_PUBLISH_PATH|DORMANT|SINGLE_MAINTAINER,1,24389,v0.2.0
echarts-liquidfill,3.1.0,33,F,UNVERIFIED_PUBLISH_PATH|DORMANT,2,24361,v0.2.0
esptool-js,0.6.0,87,A,,2,24326,v0.2.0
'@fontsource-variable/noto-sans-tc,5.3.0,81,B,,2,24260,v0.2.0
grapesjs-parser-postcss,1.0.3,19,F,UNVERIFIED_PUBLISH_PATH|DORMANT|SINGLE_MAINTAINER,1,24237,v0.2.0
deep-chat,2.5.0,25,F,UNVERIFIED_PUBLISH_PATH|SINGLE_MAINTAINER,1,24232,v0.2.0
pannellum,2.5.7,20,F,UNVERIFIED_PUBLISH_PATH|SINGLE_MAINTAINER,1,24203,v0.2.0
opensheetmusicdisplay,2.0.0,39,D,UNVERIFIED_PUBLISH_PATH,2,24180,v0.2.0
'@fontsource/cairo,5.3.0,81,B,,2,24173,v0.2.0
pickadate,5.0.0-alpha.3,14,F,UNVERIFIED_PUBLISH_PATH|DORMANT|SINGLE_MAINTAINER,1,24149,v0.2.0
'@zoom-image/core,0.42.0,20,F,UNVERIFIED_PUBLISH_PATH|SINGLE_MAINTAINER,1,24127,v0.2.0
trumbowyg,2.31.0,25,F,UNVERIFIED_PUBLISH_PATH|SINGLE_MAINTAINER,1,24118,v0.2.0
nhsuk-frontend,10.5.2,87,A,,4,24023,v0.2.0
polotno,4.4.0,21,F,UNVERIFIED_PUBLISH_PATH|SINGLE_MAINTAINER,1,23987,v0.2.0
'@cap.js/widget,0.1.56,20,F,UNVERIFIED_PUBLISH_PATH|SINGLE_MAINTAINER|BRANCH_REQUIRES_SIGNATURES|BRANCH_REQUIRES_PR,1,23924,v0.2.0
'@iconify-json/fa6-regular,1.2.4,21,F,UNVERIFIED_PUBLISH_PATH|SINGLE_MAINTAINER,1,23900,v0.2.0
monaco-editor-core,0.55.1,47,D,UNVERIFIED_PUBLISH_PATH,6,23846,v0.2.0
vanilla-text-mask,5.1.1,28,F,UNVERIFIED_PUBLISH_PATH|DORMANT,3,23824,v0.2.0
survey-analytics,2.5.34,39,D,UNVERIFIED_PUBLISH_PATH,5,23795,v0.2.0
vue-js-toggle-button,1.3.3,19,F,UNVERIFIED_PUBLISH_PATH|DORMANT|SINGLE_MAINTAINER,1,23791,v0.2.0
wangeditor,4.7.15,19,F,UNVERIFIED_PUBLISH_PATH|DORMANT|SINGLE_MAINTAINER,1,23719,v0.2.0
poly-decomp,0.3.0,19,F,UNVERIFIED_PUBLISH_PATH|DORMANT|SINGLE_MAINTAINER,1,23691,v0.2.0
markerclustererplus,2.1.4,19,F,UNVERIFIED_PUBLISH_PATH|DORMANT|SINGLE_MAINTAINER,1,23654,v0.2.0
'@adobe/magento-storefront-events-sdk,1.17.0,34,F,UNVERIFIED_PUBLISH_PATH,31,23636,v0.2.0
'@dotlottie/player-component,2.7.12,28,F,UNVERIFIED_PUBLISH_PATH|DORMANT|DEPRECATED,2,23623,v0.2.0
baron,3.0.3,19,F,UNVERIFIED_PUBLISH_PATH|DORMANT|SINGLE_MAINTAINER,1,23581,v0.2.0
'@namnode/store,0.1.0,14,F,UNVERIFIED_PUBLISH_PATH|DORMANT|SINGLE_MAINTAINER,1,23546,v0.2.0
angular-dynamic-locale,0.1.38,19,F,UNVERIFIED_PUBLISH_PATH|DORMANT|SINGLE_MAINTAINER,1,23506,v0.2.0
computer-modern,0.1.3,19,F,UNVERIFIED_PUBLISH_PATH|DORMANT|SINGLE_MAINTAINER,1,23502,v0.2.0
icheck-bootstrap,3.0.1,19,F,UNVERIFIED_PUBLISH_PATH|DORMANT|SINGLE_MAINTAINER,1,23442,v0.2.0
react-base-table,2.1.0,34,F,UNVERIFIED_PUBLISH_PATH,2,23412,v0.2.0
'@react-spectrum/icon,3.9.1,39,D,UNVERIFIED_PUBLISH_PATH,2,23410,v0.2.0
'@editorjs/warning,1.4.1,14,F,UNVERIFIED_PUBLISH_PATH|DORMANT|SINGLE_MAINTAINER,1,23409,v0.2.0
vue-social-sharing,3.0.9,19,F,UNVERIFIED_PUBLISH_PATH|DORMANT|SINGLE_MAINTAINER,1,23352,v0.2.0
'@iconify-json/fa7-solid,1.2.5,21,F,UNVERIFIED_PUBLISH_PATH|SINGLE_MAINTAINER,1,23351,v0.2.0
blg-akaun-ts-lib,0.2.910046280302,35,D,UNVERIFIED_PUBLISH_PATH,2,23345,v0.2.0
angular-chart.js,2.1.1,25,F,UNVERIFIED_PUBLISH_PATH|SINGLE_MAINTAINER,1,23337,v0.2.0
scrollbooster,3.0.2,19,F,UNVERIFIED_PUBLISH_PATH|DORMANT|SINGLE_MAINTAINER,1,23337,v0.2.0
'@tailwindcss/custom-forms,0.2.1,33,F,UNVERIFIED_PUBLISH_PATH|DORMANT,3,23336,v0.2.0
'@fawazahmed0/currency-api,2026.7.20,63,C,SINGLE_MAINTAINER,1,23298,v0.2.0
videojs-playlist,5.2.0,28,F,UNVERIFIED_PUBLISH_PATH|DORMANT|PUBLISHER_NOT_MAINTAINER,101,23274,v0.2.0
'@fontsource/rajdhani,5.3.0,81,B,,2,23259,v0.2.0
marked-alert,2.1.2,19,F,UNVERIFIED_PUBLISH_PATH|DORMANT|SINGLE_MAINTAINER,1,23159,v0.2.0
leaflet-editable,1.3.2,25,F,UNVERIFIED_PUBLISH_PATH|SINGLE_MAINTAINER,1,23150,v0.2.0
'@fontsource/be-vietnam-pro,5.3.0,81,B,,2,23141,v0.2.0
hugerte,1.0.12,31,F,UNVERIFIED_PUBLISH_PATH|SINGLE_MAINTAINER,1,23139,v0.2.0
bootstrap-timepicker,0.5.2,19,F,UNVERIFIED_PUBLISH_PATH|DORMANT|SINGLE_MAINTAINER,1,23108,v0.2.0
'@wix/sdk,1.21.13,30,F,UNVERIFIED_PUBLISH_PATH,12,23055,v0.2.0
jvectormap-next,3.2.0,25,F,UNVERIFIED_PUBLISH_PATH|SINGLE_MAINTAINER,1,23006,v0.2.0
stackdriver-errors-js,0.12.0,19,F,UNVERIFIED_PUBLISH_PATH|DORMANT|SINGLE_MAINTAINER,1,22953,v0.2.0
'@iconify-json/uil,1.2.3,15,F,UNVERIFIED_PUBLISH_PATH|DORMANT|SINGLE_MAINTAINER,1,22940,v0.2.0
jquery-mapael,2.2.0,19,F,UNVERIFIED_PUBLISH_PATH|DORMANT|SINGLE_MAINTAINER,1,22920,v0.2.0
dojo,1.17.3,33,F,UNVERIFIED_PUBLISH_PATH|DORMANT,3,22879,v0.2.0
videojs-contrib-hls,5.15.0,33,F,UNVERIFIED_PUBLISH_PATH|DORMANT,21,22867,v0.2.0
jsgrid,1.5.3,19,F,UNVERIFIED_PUBLISH_PATH|DORMANT|SINGLE_MAINTAINER,1,22723,v0.2.0
cobrowse-sdk-js,3.25.3,39,D,UNVERIFIED_PUBLISH_PATH,2,22710,v0.2.0
disable-devtool,0.3.9,25,F,UNVERIFIED_PUBLISH_PATH|SINGLE_MAINTAINER,1,22661,v0.2.0
'@tsparticles/preset-confetti,4.3.2,69,C,INCONSISTENT_PUBLISH_PATH|SINGLE_MAINTAINER,1,22653,v0.2.0
'@openobserve/browser-rum,0.3.4,41,D,UNVERIFIED_PUBLISH_PATH,4,22592,v0.2.0
iztro,2.5.8,26,F,UNVERIFIED_PUBLISH_PATH|SINGLE_MAINTAINER,1,22569,v0.2.0
vue-fragment,1.6.0,19,F,UNVERIFIED_PUBLISH_PATH|DORMANT|SINGLE_MAINTAINER,1,22482,v0.2.0
jmuxer,2.1.1,39,D,UNVERIFIED_PUBLISH_PATH,2,22416,v0.2.0
stimulus-sortable,4.1.1,14,F,UNVERIFIED_PUBLISH_PATH|DORMANT|SINGLE_MAINTAINER|DEPRECATED,1,22383,v0.2.0
node-waves,0.7.6,19,F,UNVERIFIED_PUBLISH_PATH|DORMANT|SINGLE_MAINTAINER,1,22378,v0.2.0
'@shopify/app-bridge-utils,3.5.1,33,F,UNVERIFIED_PUBLISH_PATH|DORMANT|DEPRECATED,6,22372,v0.2.0
'@google/markerclustererplus,5.1.3,14,F,UNVERIFIED_PUBLISH_PATH|DORMANT|SINGLE_MAINTAINER|DEPRECATED,1,22343,v0.2.0
'@iconify-json/circle-flags,1.2.10,21,F,UNVERIFIED_PUBLISH_PATH|SINGLE_MAINTAINER,1,22317,v0.2.0
google-maps-utility-library-v3-infobox,1.1.14,19,F,UNVERIFIED_PUBLISH_PATH|DORMANT|SINGLE_MAINTAINER,1,22302,v0.2.0
'@yume-chan/adb,2.6.0,68,C,SINGLE_MAINTAINER,1,22275,v0.2.0
quill-table-better,1.2.3,25,F,UNVERIFIED_PUBLISH_PATH|SINGLE_MAINTAINER,1,22268,v0.2.0
simple-keyboard-layouts,3.4.237,73,B,SINGLE_MAINTAINER,1,22263,v0.2.0
'@fontsource-variable/noto-sans-mono,5.3.0,81,B,,2,22238,v0.2.0
'@inlang/plugin-m-function-matcher,2.2.9,82,B,,2,22236,v0.2.0
chartjs-plugin-dragdata,2.3.1,33,F,UNVERIFIED_PUBLISH_PATH|DORMANT,2,22208,v0.2.0
'@fontsource/onest,5.3.0,81,B,,2,22206,v0.2.0
'@alpinejs/anchor,3.15.12,63,C,INCONSISTENT_PUBLISH_PATH|SINGLE_MAINTAINER,1,22174,v0.2.0
shortcut-buttons-flatpickr,0.4.0,19,F,UNVERIFIED_PUBLISH_PATH|DORMANT|SINGLE_MAINTAINER,1,22148,v0.2.0
webmidi,3.1.16,31,F,UNVERIFIED_PUBLISH_PATH|SINGLE_MAINTAINER,1,22095,v0.2.0
'@tensorflow-models/pose-detection,2.1.3,33,F,UNVERIFIED_PUBLISH_PATH|DORMANT,8,22087,v0.2.0
kuroshiro,1.2.0,19,F,UNVERIFIED_PUBLISH_PATH|DORMANT|SINGLE_MAINTAINER,1,22080,v0.2.0
webstomp-client,1.2.6,19,F,UNVERIFIED_PUBLISH_PATH|DORMANT|SINGLE_MAINTAINER,1,22026,v0.2.0
'@finos/perspective,3.8.0,40,D,UNVERIFIED_PUBLISH_PATH,4,21995,v0.2.0
editorjs-drag-drop,1.1.16,39,D,UNVERIFIED_PUBLISH_PATH|DORMANT,2,21956,v0.2.0
adhan,4.4.4,87,A,,2,21951,v0.2.0
'@subframe/core,1.155.0,35,D,UNVERIFIED_PUBLISH_PATH,2,21917,v0.2.0
devextreme-dist,26.1.3,33,F,UNVERIFIED_PUBLISH_PATH|SINGLE_MAINTAINER,1,21916,v0.2.0
bootstrap4-duallistbox,4.0.2,19,F,UNVERIFIED_PUBLISH_PATH|DORMANT|SINGLE_MAINTAINER,1,21895,v0.2.0
'@yume-chan/stream-extra,2.6.1,68,C,SINGLE_MAINTAINER,1,21848,v0.2.0
'@joyfill/components,4.0.0-rc24,35,D,UNVERIFIED_PUBLISH_PATH,3,21816,v0.2.0
rsshub,1.0.0-master.39aa7af,74,B,SINGLE_MAINTAINER,1,21768,v0.2.0
jzz,1.9.6,25,F,UNVERIFIED_PUBLISH_PATH|SINGLE_MAINTAINER,1,21740,v0.2.0
ngstorage,0.3.11,19,F,UNVERIFIED_PUBLISH_PATH|DORMANT|SINGLE_MAINTAINER,1,21705,v0.2.0
kuroshiro-analyzer-kuromoji,1.1.0,19,F,UNVERIFIED_PUBLISH_PATH|DORMANT|SINGLE_MAINTAINER,1,21703,v0.2.0
'@pmndrs/uikit,1.0.74,82,B,,8,21699,v0.2.0
'@37signals/lexxy,0.9.25,34,F,UNVERIFIED_PUBLISH_PATH,7,21690,v0.2.0
circle-flags,2.8.3,25,F,UNVERIFIED_PUBLISH_PATH|SINGLE_MAINTAINER,1,21662,v0.2.0
'@fontsource/titillium-web,5.3.0,81,B,,2,21630,v0.2.0
'@mediapipe/hands,0.4.1675469240,24,F,UNVERIFIED_PUBLISH_PATH|DORMANT,8,21626,v0.2.0
'@wix/auto_sdk_identity_verification,1.0.45,30,F,UNVERIFIED_PUBLISH_PATH,12,21561,v0.2.0
angularjs-slider,7.1.0,19,F,UNVERIFIED_PUBLISH_PATH|DORMANT|SINGLE_MAINTAINER,1,21486,v0.2.0
'@fontsource/press-start-2p,5.3.0,81,B,,2,21485,v0.2.0
'@iconify-json/bx,1.2.3,21,F,UNVERIFIED_PUBLISH_PATH|SINGLE_MAINTAINER,1,21465,v0.2.0
tdesign-icons-vue-next,0.4.6,20,F,UNVERIFIED_PUBLISH_PATH|SINGLE_MAINTAINER,1,21416,v0.2.0
glider-js,1.7.10,25,F,UNVERIFIED_PUBLISH_PATH|SINGLE_MAINTAINER,1,21342,v0.2.0
'@astral-sh/ruff-wasm-web,0.15.22,89,A,,3,21296,v0.2.0
'@videojs/themes,1.0.1,24,F,UNVERIFIED_PUBLISH_PATH|DORMANT,17,21292,v0.2.0
devexpress-dashboard,26.1.3,30,F,UNVERIFIED_PUBLISH_PATH,2,21274,v0.2.0
react-flagpack,2.0.6,28,F,UNVERIFIED_PUBLISH_PATH|DORMANT|PUBLISHER_NOT_MAINTAINER,4,21208,v0.2.0
'@segment/analytics-consent-wrapper-onetrust,1.1.3,46,D,UNVERIFIED_PUBLISH_PATH|BRANCH_REQUIRES_PR,3,21191,v0.2.0
js-datepicker,5.18.4,20,F,UNVERIFIED_PUBLISH_PATH|SINGLE_MAINTAINER,1,21174,v0.2.0
quill-image-uploader,1.3.0,19,F,UNVERIFIED_PUBLISH_PATH|DORMANT|SINGLE_MAINTAINER,1,21172,v0.2.0
vue-slick-carousel,1.0.6,19,F,UNVERIFIED_PUBLISH_PATH|DORMANT|SINGLE_MAINTAINER,1,21154,v0.2.0
'@fontsource/fredoka,5.3.0,81,B,,2,20997,v0.2.0
shave,5.1.0,32,F,UNVERIFIED_PUBLISH_PATH|SINGLE_MAINTAINER,1,20956,v0.2.0
money,0.2.0,14,F,UNVERIFIED_PUBLISH_PATH|DORMANT|SINGLE_MAINTAINER|PUBLISHER_NOT_MAINTAINER,1,20954,v0.2.0
elasticlunr,0.9.5,19,F,UNVERIFIED_PUBLISH_PATH|DORMANT|SINGLE_MAINTAINER,1,20949,v0.2.0
webtorrent,3.0.16,87,A,,10,20930,v0.2.0
emojione,4.5.0,14,F,UNVERIFIED_PUBLISH_PATH|DORMANT|SINGLE_MAINTAINER|PUBLISHER_NOT_MAINTAINER,1,20907,v0.2.0
jquery-knob,1.2.11,19,F,UNVERIFIED_PUBLISH_PATH|DORMANT|SINGLE_MAINTAINER,1,20865,v0.2.0
'@iconify-json/heroicons-solid,1.2.1,15,F,UNVERIFIED_PUBLISH_PATH|DORMANT|SINGLE_MAINTAINER,1,20767,v0.2.0
basecoat-css,1.0.2,25,F,UNVERIFIED_PUBLISH_PATH|SINGLE_MAINTAINER,1,20756,v0.2.0
'@fullcalendar/icalendar,7.0.1,20,F,UNVERIFIED_PUBLISH_PATH|SINGLE_MAINTAINER,1,20752,v0.2.0
particles.js,2.0.0,19,F,UNVERIFIED_PUBLISH_PATH|DORMANT|SINGLE_MAINTAINER,1,20734,v0.2.0
'@easepick/datetime,1.2.1,19,F,UNVERIFIED_PUBLISH_PATH|DORMANT|SINGLE_MAINTAINER,1,20725,v0.2.0
'@realsee/dnalogel,3.81.2,39,D,UNVERIFIED_PUBLISH_PATH,7,20702,v0.2.0
cometd,9.0.1,25,F,UNVERIFIED_PUBLISH_PATH|SINGLE_MAINTAINER,1,20678,v0.2.0
jquery.fancytree,2.38.5,32,F,UNVERIFIED_PUBLISH_PATH|SINGLE_MAINTAINER,1,20634,v0.2.0
'@alifd/next,1.27.34,39,D,UNVERIFIED_PUBLISH_PATH,8,20623,v0.2.0
easy-pie-chart,2.1.7,19,F,UNVERIFIED_PUBLISH_PATH|DORMANT|SINGLE_MAINTAINER,1,20615,v0.2.0
'@fontsource/noto-color-emoji,5.3.0,81,B,,2,20539,v0.2.0
'@tensorflow-models/mobilenet,2.1.1,33,F,UNVERIFIED_PUBLISH_PATH|DORMANT,10,20516,v0.2.0
purecss,3.0.0,33,F,UNVERIFIED_PUBLISH_PATH|DORMANT,3,20507,v0.2.0
'@flatfile/javascript,1.5.7,35,D,UNVERIFIED_PUBLISH_PATH,12,20463,v0.2.0
scrollama,3.2.0,14,F,UNVERIFIED_PUBLISH_PATH|DORMANT|SINGLE_MAINTAINER|PUBLISHER_NOT_MAINTAINER,1,20457,v0.2.0
gpu.js,2.16.0,19,F,UNVERIFIED_PUBLISH_PATH|DORMANT|SINGLE_MAINTAINER,1,20407,v0.2.0
'@wix/auto_sdk_identity_recovery,1.0.43,30,F,UNVERIFIED_PUBLISH_PATH,12,20400,v0.2.0
easyqrcodejs,4.6.2,25,F,UNVERIFIED_PUBLISH_PATH|SINGLE_MAINTAINER,1,20400,v0.2.0
detect-autofill,1.1.4,19,F,UNVERIFIED_PUBLISH_PATH|DORMANT|SINGLE_MAINTAINER,1,20377,v0.2.0
'@iframe-resizer/jquery,5.5.9,31,F,UNVERIFIED_PUBLISH_PATH|SINGLE_MAINTAINER,1,20370,v0.2.0
datatables.net-fixedcolumns-dt,5.0.5,25,F,UNVERIFIED_PUBLISH_PATH|SINGLE_MAINTAINER,1,20370,v0.2.0
zipson,0.2.12,19,F,UNVERIFIED_PUBLISH_PATH|DORMANT|SINGLE_MAINTAINER,1,20330,v0.2.0
'@itwin/core-frontend,5.11.3,47,D,UNVERIFIED_PUBLISH_PATH,5,20327,v0.2.0
'@flaticon/flaticon-uicons,3.3.1,19,F,UNVERIFIED_PUBLISH_PATH|DORMANT|SINGLE_MAINTAINER|BRANCH_REQUIRES_PR,1,20289,v0.2.0
'@hotwired/hotwire-native-bridge,1.2.2,39,D,UNVERIFIED_PUBLISH_PATH,6,20236,v0.2.0
jasny-bootstrap,4.0.0,19,F,UNVERIFIED_PUBLISH_PATH|DORMANT|SINGLE_MAINTAINER,1,20183,v0.2.0
page-agent,1.12.2,73,B,SINGLE_MAINTAINER,1,20162,v0.2.0
grapesjs-plugin-export,1.0.12,19,F,UNVERIFIED_PUBLISH_PATH|DORMANT|SINGLE_MAINTAINER,1,20147,v0.2.0
rellax,1.12.1,19,F,UNVERIFIED_PUBLISH_PATH|DORMANT|SINGLE_MAINTAINER,1,20141,v0.2.0
filepond-plugin-image-validate-size,1.2.7,19,F,UNVERIFIED_PUBLISH_PATH|DORMANT|SINGLE_MAINTAINER,1,20136,v0.2.0
dynamsoft-camera-enhancer,4.1.1,10,F,UNVERIFIED_PUBLISH_PATH|DORMANT|SINGLE_MAINTAINER|DEPRECATED,1,20083,v0.2.0
alertifyjs,1.14.0,19,F,UNVERIFIED_PUBLISH_PATH|DORMANT|SINGLE_MAINTAINER,1,20016,v0.2.0
klaro,0.7.21,19,F,UNVERIFIED_PUBLISH_PATH|DORMANT|SINGLE_MAINTAINER,1,20010,v0.2.0
hint,7.1.13,40,D,UNVERIFIED_PUBLISH_PATH|DORMANT,5,19975,v0.2.0
open-props,1.7.23,25,F,UNVERIFIED_PUBLISH_PATH|SINGLE_MAINTAINER,1,19968,v0.2.0
babylonjs,9.17.0,25,F,UNVERIFIED_PUBLISH_PATH|SINGLE_MAINTAINER,1,19957,v0.2.0
'@guyplusplus/turndown-plugin-gfm,1.0.7,19,F,UNVERIFIED_PUBLISH_PATH|DORMANT|SINGLE_MAINTAINER,1,19935,v0.2.0
'@pisell/private-materials,3.4.137,30,F,UNVERIFIED_PUBLISH_PATH,8,19923,v0.2.0
'@clr/icons,13.0.2,23,F,UNVERIFIED_PUBLISH_PATH|DORMANT|PUBLISHER_NOT_MAINTAINER,4,19908,v0.2.0
express-serve-static-core,0.1.1,10,F,UNVERIFIED_PUBLISH_PATH|DORMANT|SINGLE_MAINTAINER,1,19886,v0.2.0
'@fontsource/noto-serif,5.3.0,81,B,,2,19871,v0.2.0
'@finos/perspective-viewer,3.8.0,40,D,UNVERIFIED_PUBLISH_PATH,4,19861,v0.2.0
leaflet.vectorgrid,1.3.0,33,F,UNVERIFIED_PUBLISH_PATH|DORMANT,3,19851,v0.2.0
placeholder-loading,0.7.0,19,F,UNVERIFIED_PUBLISH_PATH|DORMANT|SINGLE_MAINTAINER,1,19820,v0.2.0
mediaelement,7.1.0,39,D,UNVERIFIED_PUBLISH_PATH,4,19706,v0.2.0
'@fontsource-variable/syne,5.3.0,81,B,,2,19693,v0.2.0
tooltipster,4.2.8,9,F,UNVERIFIED_PUBLISH_PATH|DORMANT|SINGLE_MAINTAINER|PUBLISHER_NOT_MAINTAINER,1,19688,v0.2.0
jquery-colorbox,1.6.4,19,F,UNVERIFIED_PUBLISH_PATH|DORMANT|SINGLE_MAINTAINER,1,19663,v0.2.0
'@fontsource/lexend,5.3.0,81,B,,2,19654,v0.2.0
epic-spinners,2.0.0,19,F,UNVERIFIED_PUBLISH_PATH|DORMANT|SINGLE_MAINTAINER,1,19612,v0.2.0
'@iconify-json/fa7-brands,1.2.4,21,F,UNVERIFIED_PUBLISH_PATH|SINGLE_MAINTAINER,1,19568,v0.2.0
scanbot-web-sdk,9.0.0,21,F,UNVERIFIED_PUBLISH_PATH|SINGLE_MAINTAINER,1,19538,v0.2.0
jquery-match-height,0.7.2,19,F,UNVERIFIED_PUBLISH_PATH|DORMANT|SINGLE_MAINTAINER,1,19508,v0.2.0
'@meronex/icons,4.0.0,14,F,UNVERIFIED_PUBLISH_PATH|DORMANT|SINGLE_MAINTAINER,1,19477,v0.2.0
'@videojs/html,10.0.0-beta.25,82,B,BRANCH_REQUIRES_PR,22,19464,v0.2.0
'@observablehq/runtime,6.0.0,33,F,UNVERIFIED_PUBLISH_PATH|DORMANT,4,19463,v0.2.0
'@carbon/web-components,2.59.0,100,A,,7,19433,v0.2.0
flickity-imagesloaded,2.0.0,19,F,UNVERIFIED_PUBLISH_PATH|DORMANT|SINGLE_MAINTAINER,1,19424,v0.2.0
powerbi-report-authoring,3.0.0,40,D,UNVERIFIED_PUBLISH_PATH,3,19421,v0.2.0
latlon-geohash,2.0.0,14,F,UNVERIFIED_PUBLISH_PATH|DORMANT|SINGLE_MAINTAINER,1,19419,v0.2.0
'@iconify-json/heroicons-outline,1.2.1,15,F,UNVERIFIED_PUBLISH_PATH|DORMANT|SINGLE_MAINTAINER,1,19347,v0.2.0
moment-precise-range-plugin,1.3.0,19,F,UNVERIFIED_PUBLISH_PATH|DORMANT|SINGLE_MAINTAINER,1,19334,v0.2.0
vanilla-autokana,1.3.0,10,F,UNVERIFIED_PUBLISH_PATH|DORMANT|SINGLE_MAINTAINER,1,19304,v0.2.0
vue-async-computed,4.0.1,33,F,UNVERIFIED_PUBLISH_PATH|DORMANT,2,19270,v0.2.0
browser-interaction-time,3.0.0,14,F,UNVERIFIED_PUBLISH_PATH|DORMANT|SINGLE_MAINTAINER|PUBLISHER_NOT_MAINTAINER|DEPRECATED,1,19259,v0.2.0
argon2-browser,1.18.0,19,F,UNVERIFIED_PUBLISH_PATH|DORMANT|SINGLE_MAINTAINER,1,19254,v0.2.0
typeit,8.8.7,19,F,UNVERIFIED_PUBLISH_PATH|DORMANT|SINGLE_MAINTAINER,1,19203,v0.2.0
'@deno/kv,0.14.0,76,B,,4,19136,v0.2.0
offline-js,0.7.19,33,F,UNVERIFIED_PUBLISH_PATH|DORMANT,10,19072,v0.2.0
'@fullcalendar/google-calendar,7.0.1,20,F,UNVERIFIED_PUBLISH_PATH|SINGLE_MAINTAINER,1,19044,v0.2.0
vue-bootstrap-datetimepicker,5.0.1,19,F,UNVERIFIED_PUBLISH_PATH|DORMANT|SINGLE_MAINTAINER,1,19000,v0.2.0
'@carbon/pictograms,12.80.0,100,A,,7,18981,v0.2.0
'@fontsource/crimson-text,5.3.0,81,B,,2,18953,v0.2.0
dynamsoft-javascript-barcode,9.6.42,28,F,UNVERIFIED_PUBLISH_PATH|DORMANT|DEPRECATED,5,18903,v0.2.0
cryptocurrency-icons,0.18.1,33,F,UNVERIFIED_PUBLISH_PATH|DORMANT,3,18898,v0.2.0
lemonadejs,5.3.6,25,F,UNVERIFIED_PUBLISH_PATH|SINGLE_MAINTAINER,1,18891,v0.2.0
jquery-countdown,2.2.0,33,F,UNVERIFIED_PUBLISH_PATH|DORMANT,2,18880,v0.2.0
jquery-mockjax,3.0.1,25,F,UNVERIFIED_PUBLISH_PATH|SINGLE_MAINTAINER,1,18857,v0.2.0
'@fontsource-variable/crimson-pro,5.3.0,81,B,,2,18811,v0.2.0
'@fontsource/heebo,5.3.0,81,B,,2,18779,v0.2.0
artplayer,5.4.0,25,F,UNVERIFIED_PUBLISH_PATH|SINGLE_MAINTAINER,1,18702,v0.2.0
'@loaders.gl/i3s,4.4.3,39,D,UNVERIFIED_PUBLISH_PATH,8,18693,v0.2.0
fslightbox,3.7.5,25,F,UNVERIFIED_PUBLISH_PATH|SINGLE_MAINTAINER,1,18563,v0.2.0
inner-image-zoom,1.0.1,25,F,UNVERIFIED_PUBLISH_PATH|SINGLE_MAINTAINER,1,18560,v0.2.0
pinch-zoom-js,2.3.5,19,F,UNVERIFIED_PUBLISH_PATH|DORMANT|SINGLE_MAINTAINER,1,18559,v0.2.0
jsprintmanager,9.0.1,20,F,UNVERIFIED_PUBLISH_PATH|SINGLE_MAINTAINER,1,18543,v0.2.0
'@editorjs/attaches,1.3.2,20,F,UNVERIFIED_PUBLISH_PATH|SINGLE_MAINTAINER,1,18542,v0.2.0
gmaps,0.4.25,33,F,UNVERIFIED_PUBLISH_PATH|DORMANT,2,18481,v0.2.0
prism-code-editor,5.2.0,25,F,UNVERIFIED_PUBLISH_PATH|SINGLE_MAINTAINER,1,18472,v0.2.0
jspreadsheet,12.8.7,21,F,UNVERIFIED_PUBLISH_PATH|SINGLE_MAINTAINER,1,18453,v0.2.0
'@adobe/lit-mobx,2.2.2,33,F,UNVERIFIED_PUBLISH_PATH|DORMANT,31,18425,v0.2.0
observe-element-in-viewport,0.0.15,19,F,UNVERIFIED_PUBLISH_PATH|DORMANT|SINGLE_MAINTAINER,1,18410,v0.2.0
videojs-flash,2.2.1,33,F,UNVERIFIED_PUBLISH_PATH|DORMANT,4,18407,v0.2.0
featurebase-js,1.0.3,39,D,UNVERIFIED_PUBLISH_PATH,2,18376,v0.2.0
videojs-mux,4.21.28,35,D,UNVERIFIED_PUBLISH_PATH,4,18373,v0.2.0
drawflow,0.0.60,19,F,UNVERIFIED_PUBLISH_PATH|DORMANT|SINGLE_MAINTAINER,1,18370,v0.2.0
'@enzedonline/quill-blot-formatter2,3.2.0,25,F,UNVERIFIED_PUBLISH_PATH|SINGLE_MAINTAINER,1,18325,v0.2.0
izitoast,1.4.0,19,F,UNVERIFIED_PUBLISH_PATH|DORMANT|SINGLE_MAINTAINER,1,18303,v0.2.0
fullcalendar-scheduler,7.0.1,20,F,UNVERIFIED_PUBLISH_PATH|SINGLE_MAINTAINER,1,18214,v0.2.0
pixi-live2d-display,0.4.0,14,F,UNVERIFIED_PUBLISH_PATH|DORMANT|SINGLE_MAINTAINER,1,18208,v0.2.0
tdesign-react,1.18.1,65,C,INCONSISTENT_PUBLISH_PATH|SINGLE_MAINTAINER,1,18176,v0.2.0
sass.js,0.11.1,19,F,UNVERIFIED_PUBLISH_PATH|DORMANT|SINGLE_MAINTAINER,1,18109,v0.2.0
'@logicflow/core,2.2.4,34,F,UNVERIFIED_PUBLISH_PATH,8,18042,v0.2.0
theoplayer,11.7.0,30,F,UNVERIFIED_PUBLISH_PATH|PUBLISHER_NOT_MAINTAINER,2,18004,v0.2.0
onmount,2.0.0,20,F,UNVERIFIED_PUBLISH_PATH|SINGLE_MAINTAINER,1,18002,v0.2.0
'@easepick/core,1.2.1,19,F,UNVERIFIED_PUBLISH_PATH|DORMANT|SINGLE_MAINTAINER,1,17997,v0.2.0
'@easepick/base-plugin,1.2.1,19,F,UNVERIFIED_PUBLISH_PATH|DORMANT|SINGLE_MAINTAINER,1,17930,v0.2.0
'@vonage/client-sdk,2.6.0,35,D,UNVERIFIED_PUBLISH_PATH,69,17925,v0.2.0
hanzi-writer-data,2.0.1,19,F,UNVERIFIED_PUBLISH_PATH|DORMANT|SINGLE_MAINTAINER,1,17909,v0.2.0
jquery.maskedinput,1.4.1,14,F,UNVERIFIED_PUBLISH_PATH|DORMANT|SINGLE_MAINTAINER|PUBLISHER_NOT_MAINTAINER,1,17888,v0.2.0
'@wix/services-definitions,1.0.5,30,F,UNVERIFIED_PUBLISH_PATH,12,17842,v0.2.0
'@fontsource-variable/noto-sans-bengali,5.3.0,81,B,,2,17838,v0.2.0
'@fontsource-variable/bitter,5.3.0,81,B,,2,17797,v0.2.0
'@userlike/messenger,2.0.3,71,B,,4,17765,v0.2.0
qrcodejs2,0.0.2,14,F,UNVERIFIED_PUBLISH_PATH|DORMANT|SINGLE_MAINTAINER|PUBLISHER_NOT_MAINTAINER,1,17751,v0.2.0
'@observablehq/inspector,5.0.1,33,F,UNVERIFIED_PUBLISH_PATH|DORMANT,4,17743,v0.2.0
'@easepick/range-plugin,1.2.1,19,F,UNVERIFIED_PUBLISH_PATH|DORMANT|SINGLE_MAINTAINER,1,17702,v0.2.0
shufflejs,7.0.0,25,F,UNVERIFIED_PUBLISH_PATH|SINGLE_MAINTAINER,1,17702,v0.2.0
extenso,2.1.0,19,F,UNVERIFIED_PUBLISH_PATH|DORMANT|SINGLE_MAINTAINER,1,17701,v0.2.0
'@fontsource-variable/libre-franklin,5.3.0,81,B,,2,17685,v0.2.0
vue-autosuggest,2.2.0,19,F,UNVERIFIED_PUBLISH_PATH|DORMANT|SINGLE_MAINTAINER,1,17676,v0.2.0
vue2-perfect-scrollbar,1.5.56,19,F,UNVERIFIED_PUBLISH_PATH|DORMANT|SINGLE_MAINTAINER,1,17676,v0.2.0
linkify-element,4.3.3,79,B,SINGLE_MAINTAINER,1,17674,v0.2.0
block-ui,2.70.1,19,F,UNVERIFIED_PUBLISH_PATH|DORMANT|SINGLE_MAINTAINER,1,17673,v0.2.0
quill-image-compress,2.0.3,19,F,UNVERIFIED_PUBLISH_PATH|DORMANT|SINGLE_MAINTAINER,1,17667,v0.2.0
diffusion,6.12.2,21,F,UNVERIFIED_PUBLISH_PATH|SINGLE_MAINTAINER,1,17638,v0.2.0
'@fontsource/pacifico,5.3.0,81,B,,2,17556,v0.2.0
flexboxgrid2,7.2.1,19,F,UNVERIFIED_PUBLISH_PATH|DORMANT|SINGLE_MAINTAINER,1,17547,v0.2.0
angular-strap,2.3.12,33,F,UNVERIFIED_PUBLISH_PATH|DORMANT,2,17446,v0.2.0
'@fontsource-variable/karla,5.3.0,81,B,,2,17409,v0.2.0
'@aurodesignsystem/design-tokens,9.1.0,46,D,UNVERIFIED_PUBLISH_PATH,8,17390,v0.2.0
angular-recaptcha,4.2.0,33,F,UNVERIFIED_PUBLISH_PATH|DORMANT,2,17376,v0.2.0
'@wix/members,1.0.491,30,F,UNVERIFIED_PUBLISH_PATH,12,17375,v0.2.0
'@iconify-json/radix-icons,1.2.6,21,F,UNVERIFIED_PUBLISH_PATH|SINGLE_MAINTAINER,1,17370,v0.2.0
wc-datepicker,0.13.0,25,F,UNVERIFIED_PUBLISH_PATH|SINGLE_MAINTAINER,1,17319,v0.2.0
'@iconify-json/iconoir,1.2.11,21,F,UNVERIFIED_PUBLISH_PATH|SINGLE_MAINTAINER,1,17313,v0.2.0
phpunserialize,1.3.0,19,F,UNVERIFIED_PUBLISH_PATH|DORMANT|SINGLE_MAINTAINER,1,17287,v0.2.0
'@fontsource/tajawal,5.3.0,81,B,,2,17285,v0.2.0
vue-good-table,2.21.11,19,F,UNVERIFIED_PUBLISH_PATH|DORMANT|SINGLE_MAINTAINER,1,17274,v0.2.0
sticky-js,1.3.0,19,F,UNVERIFIED_PUBLISH_PATH|DORMANT|SINGLE_MAINTAINER,1,17263,v0.2.0
'@ryangjchandler/alpine-tooltip,2.0.1,19,F,UNVERIFIED_PUBLISH_PATH|DORMANT|SINGLE_MAINTAINER,1,17241,v0.2.0
chartjs-plugin-labels,1.1.0,19,F,UNVERIFIED_PUBLISH_PATH|DORMANT|SINGLE_MAINTAINER,1,17183,v0.2.0
framework7,9.1.1,25,F,UNVERIFIED_PUBLISH_PATH|SINGLE_MAINTAINER,1,17178,v0.2.0
vue2-filters,0.14.0,19,F,UNVERIFIED_PUBLISH_PATH|DORMANT|SINGLE_MAINTAINER,1,17155,v0.2.0
'@wix/ricos,11.6.3,30,F,UNVERIFIED_PUBLISH_PATH,12,17147,v0.2.0
file-icon-vectors,1.0.0,19,F,UNVERIFIED_PUBLISH_PATH|DORMANT|SINGLE_MAINTAINER,1,17132,v0.2.0
drag-drop-touch,1.3.1,10,F,UNVERIFIED_PUBLISH_PATH|DORMANT|SINGLE_MAINTAINER|PUBLISHER_NOT_MAINTAINER,1,17102,v0.2.0
jqueryui,1.11.1,19,F,UNVERIFIED_PUBLISH_PATH|DORMANT|SINGLE_MAINTAINER,1,17079,v0.2.0
react-native-ui-lib,9.1.0,39,D,UNVERIFIED_PUBLISH_PATH,6,17078,v0.2.0
accessibility-checker-engine,4.0.29,63,C,INCONSISTENT_PUBLISH_PATH|SINGLE_MAINTAINER,1,17075,v0.2.0
pixelarticons,2.2.0,25,F,UNVERIFIED_PUBLISH_PATH|SINGLE_MAINTAINER,1,17053,v0.2.0
'@wix/headless-ecom,0.0.45,30,F,UNVERIFIED_PUBLISH_PATH,12,17031,v0.2.0
svgaplayerweb,2.3.2,33,F,UNVERIFIED_PUBLISH_PATH|DORMANT,2,16998,v0.2.0
reframe.js,4.0.2,32,F,UNVERIFIED_PUBLISH_PATH|DORMANT|SINGLE_MAINTAINER,1,16989,v0.2.0
'@fontsource/josefin-sans,5.3.0,81,B,,2,16983,v0.2.0
'@segment/analytics-signals,2.4.4,30,F,UNVERIFIED_PUBLISH_PATH|PUBLISHER_NOT_MAINTAINER,3,16945,v0.2.0
three-gpu-pathtracer,0.0.24,25,F,UNVERIFIED_PUBLISH_PATH|SINGLE_MAINTAINER,1,16922,v0.2.0
'@wix/essentials,1.0.11,30,F,UNVERIFIED_PUBLISH_PATH,12,16917,v0.2.0
'@justinribeiro/lite-youtube,1.9.0,25,F,UNVERIFIED_PUBLISH_PATH|SINGLE_MAINTAINER,1,16890,v0.2.0
'@alpinejs/morph,3.15.12,63,C,INCONSISTENT_PUBLISH_PATH|SINGLE_MAINTAINER,1,16831,v0.2.0
'@observablehq/inputs,0.12.0,33,F,UNVERIFIED_PUBLISH_PATH|DORMANT,4,16807,v0.2.0
vue-pagination-2,3.1.0,19,F,UNVERIFIED_PUBLISH_PATH|DORMANT|SINGLE_MAINTAINER,1,16784,v0.2.0
uuidjs,5.1.0,19,F,UNVERIFIED_PUBLISH_PATH|DORMANT|SINGLE_MAINTAINER,1,16759,v0.2.0
jvectormap,2.0.4,15,F,UNVERIFIED_PUBLISH_PATH|DORMANT|SINGLE_MAINTAINER|DEPRECATED,1,16758,v0.2.0
vue-phone-number-input,1.12.13,19,F,UNVERIFIED_PUBLISH_PATH|DORMANT|SINGLE_MAINTAINER,1,16736,v0.2.0
pixi-spine,4.0.6,39,D,UNVERIFIED_PUBLISH_PATH,2,16717,v0.2.0
'@wix/auto_sdk_members_members,1.0.128,30,F,UNVERIFIED_PUBLISH_PATH,12,16710,v0.2.0
tweetnacl-sealedbox-js,1.2.0,15,F,UNVERIFIED_PUBLISH_PATH|DORMANT|SINGLE_MAINTAINER,1,16709,v0.2.0
'@fontsource/syne,5.3.0,81,B,,2,16654,v0.2.0
clabe-validator,3.2.2,25,F,UNVERIFIED_PUBLISH_PATH|SINGLE_MAINTAINER,1,16634,v0.2.0
'@fontsource-variable/quicksand,5.3.0,81,B,,2,16617,v0.2.0
bootstrap-maxlength,2.0.0,19,F,UNVERIFIED_PUBLISH_PATH|DORMANT|SINGLE_MAINTAINER,1,16611,v0.2.0
world-flags-sprite,0.0.2,19,F,UNVERIFIED_PUBLISH_PATH|DORMANT|SINGLE_MAINTAINER,1,16601,v0.2.0
js-polyfills,0.1.43,19,F,UNVERIFIED_PUBLISH_PATH|DORMANT|SINGLE_MAINTAINER|DEPRECATED,1,16596,v0.2.0
jarallax,3.0.1,73,B,SINGLE_MAINTAINER,1,16567,v0.2.0
cal-heatmap,4.2.4,19,F,UNVERIFIED_PUBLISH_PATH|DORMANT|SINGLE_MAINTAINER,1,16516,v0.2.0
'@fontsource-variable/raleway,5.3.0,81,B,,2,16512,v0.2.0
'@wix/auto_sdk_members_member-privacy-settings,1.0.56,30,F,UNVERIFIED_PUBLISH_PATH,12,16473,v0.2.0
'@wix/auto_sdk_members_user-member,1.0.53,30,F,UNVERIFIED_PUBLISH_PATH,12,16459,v0.2.0
html5shiv,3.7.3,19,F,UNVERIFIED_PUBLISH_PATH|DORMANT|SINGLE_MAINTAINER,1,16453,v0.2.0
print-this,2.0.0,33,F,UNVERIFIED_PUBLISH_PATH|DORMANT,2,16445,v0.2.0
igv,3.8.4,25,F,UNVERIFIED_PUBLISH_PATH|SINGLE_MAINTAINER,1,16423,v0.2.0
'@coderline/alphatab,1.8.4,25,F,UNVERIFIED_PUBLISH_PATH|SINGLE_MAINTAINER,1,16414,v0.2.0
'@wix/auto_sdk_members_custom-fields,1.0.55,30,F,UNVERIFIED_PUBLISH_PATH,12,16409,v0.2.0
'@easepick/lock-plugin,1.2.1,19,F,UNVERIFIED_PUBLISH_PATH|DORMANT|SINGLE_MAINTAINER,1,16397,v0.2.0
clipboard-js,0.3.6,14,F,UNVERIFIED_PUBLISH_PATH|DORMANT|SINGLE_MAINTAINER|DEPRECATED,1,16384,v0.2.0
svgxuse,1.2.6,19,F,UNVERIFIED_PUBLISH_PATH|DORMANT|SINGLE_MAINTAINER,1,16374,v0.2.0
vue-video-player,6.0.0,19,F,UNVERIFIED_PUBLISH_PATH|DORMANT|SINGLE_MAINTAINER,1,16341,v0.2.0
'@wix/auto_sdk_members_custom-field-suggestions,1.0.39,30,F,UNVERIFIED_PUBLISH_PATH,12,16249,v0.2.0
'@wix/auto_sdk_members_members-about,1.0.71,30,F,UNVERIFIED_PUBLISH_PATH,12,16241,v0.2.0
'@wix/auto_sdk_members_authentication,1.0.44,30,F,UNVERIFIED_PUBLISH_PATH,12,16239,v0.2.0
'@wix/auto_sdk_members_member-role-definition,1.0.45,30,F,UNVERIFIED_PUBLISH_PATH,12,16239,v0.2.0
stimulsoft-reports-js,2026.3.1,25,F,UNVERIFIED_PUBLISH_PATH|SINGLE_MAINTAINER,1,16233,v0.2.0
'@wix/auto_sdk_members_member-report,1.0.48,30,F,UNVERIFIED_PUBLISH_PATH,12,16227,v0.2.0
'@wix/auto_sdk_members_custom-field-applications,1.0.40,30,F,UNVERIFIED_PUBLISH_PATH,12,16226,v0.2.0
'@wix/auto_sdk_members_badges,1.0.52,30,F,UNVERIFIED_PUBLISH_PATH,12,16222,v0.2.0
'@wix/auto_sdk_members_authorization,1.0.35,30,F,UNVERIFIED_PUBLISH_PATH,12,16221,v0.2.0
'@wix/auto_sdk_members_member-to-member-block,1.0.34,30,F,UNVERIFIED_PUBLISH_PATH,12,16201,v0.2.0
'@wix/auto_sdk_members_default-privacy,1.0.33,30,F,UNVERIFIED_PUBLISH_PATH,12,16200,v0.2.0
chartist-plugin-tooltips-updated,1.0.0,14,F,UNVERIFIED_PUBLISH_PATH|DORMANT|SINGLE_MAINTAINER|DEPRECATED,1,16189,v0.2.0
'@lemonadejs/modal,5.8.3,21,F,UNVERIFIED_PUBLISH_PATH|SINGLE_MAINTAINER,1,16185,v0.2.0
'@coreui/icons-pro,3.1.0,25,F,UNVERIFIED_PUBLISH_PATH|SINGLE_MAINTAINER,1,16176,v0.2.0
'@wix/auto_sdk_members_badge-assignments,1.0.29,30,F,UNVERIFIED_PUBLISH_PATH,12,16160,v0.2.0
'@wix/auto_sdk_members_member-followers,1.0.43,30,F,UNVERIFIED_PUBLISH_PATH,12,16160,v0.2.0
'@easepick/preset-plugin,1.2.1,19,F,UNVERIFIED_PUBLISH_PATH|DORMANT|SINGLE_MAINTAINER,1,16155,v0.2.0
'@iconify-json/line-md,1.2.16,21,F,UNVERIFIED_PUBLISH_PATH|SINGLE_MAINTAINER,1,16144,v0.2.0
'@wix/auto_sdk_members_badges-v-2,1.0.36,30,F,UNVERIFIED_PUBLISH_PATH,12,16144,v0.2.0
sendbird,3.1.33,19,F,UNVERIFIED_PUBLISH_PATH|DORMANT|SINGLE_MAINTAINER,1,16144,v0.2.0
navigo,8.11.1,19,F,UNVERIFIED_PUBLISH_PATH|DORMANT|SINGLE_MAINTAINER,1,16055,v0.2.0
parallax-js,3.1.0,33,F,UNVERIFIED_PUBLISH_PATH|DORMANT,2,16031,v0.2.0
fomantic-ui,2.9.4,50,C,UNVERIFIED_PUBLISH_PATH,3,16015,v0.2.0
'@algolia/autocomplete-plugin-redirect-url,1.19.9,29,F,UNVERIFIED_PUBLISH_PATH|PUBLISHER_NOT_MAINTAINER,14,15964,v0.2.0
bootstrap-css-only,4.4.1,19,F,UNVERIFIED_PUBLISH_PATH|DORMANT|SINGLE_MAINTAINER,1,15940,v0.2.0
just-validate,4.3.0,19,F,UNVERIFIED_PUBLISH_PATH|DORMANT|SINGLE_MAINTAINER,1,15921,v0.2.0
'@iconify-json/material-symbols-light,1.2.86,21,F,UNVERIFIED_PUBLISH_PATH|SINGLE_MAINTAINER,1,15864,v0.2.0
'@fontsource/noto-serif-jp,5.3.0,81,B,,2,15838,v0.2.0
textangular,1.5.16,33,F,UNVERIFIED_PUBLISH_PATH|DORMANT,4,15818,v0.2.0
locomotive-scroll,5.0.1,39,D,UNVERIFIED_PUBLISH_PATH,3,15804,v0.2.0
'@iconify-json/ion,1.2.7,21,F,UNVERIFIED_PUBLISH_PATH|SINGLE_MAINTAINER,1,15796,v0.2.0
'@siemens/ix,5.1.0,78,B,INCONSISTENT_PUBLISH_PATH,3,15789,v0.2.0
'@wix/auto_sdk_ecom_checkout,1.0.162,30,F,UNVERIFIED_PUBLISH_PATH,12,15782,v0.2.0
'@esotericsoftware/spine-player,4.3.11,77,B,INCONSISTENT_PUBLISH_PATH,3,15741,v0.2.0
'@fontsource/karla,5.3.0,81,B,,2,15697,v0.2.0
vue-form-wizard,0.8.4,19,F,UNVERIFIED_PUBLISH_PATH|DORMANT|SINGLE_MAINTAINER,1,15689,v0.2.0
'@ip-location-db/geolite2-geo-whois-asn-country,2.3.2026061719,58,C,INCONSISTENT_PUBLISH_PATH|SINGLE_MAINTAINER,1,15685,v0.2.0
countly-sdk-web,26.1.3,45,D,UNVERIFIED_PUBLISH_PATH,3,15685,v0.2.0
'@visactor/vtable,1.26.5,77,B,INCONSISTENT_PUBLISH_PATH,16,15664,v0.2.0
vue-cleave-component,3.0.2,19,F,UNVERIFIED_PUBLISH_PATH|DORMANT|SINGLE_MAINTAINER,1,15628,v0.2.0
jquery-contextmenu,2.10.1,39,D,UNVERIFIED_PUBLISH_PATH,2,15549,v0.2.0
quill-resize-module,2.1.3,25,F,UNVERIFIED_PUBLISH_PATH|SINGLE_MAINTAINER,1,15547,v0.2.0
'@easepick/amp-plugin,1.2.1,19,F,UNVERIFIED_PUBLISH_PATH|DORMANT|SINGLE_MAINTAINER,1,15520,v0.2.0
'@fontsource/schibsted-grotesk,5.3.0,81,B,,2,15517,v0.2.0
countdown,2.6.0,19,F,UNVERIFIED_PUBLISH_PATH|DORMANT|SINGLE_MAINTAINER,1,15514,v0.2.0
'@fontsource-variable/onest,5.3.0,81,B,,2,15497,v0.2.0
'@n8n/chat,1.29.1,95,A,BRANCH_REQUIRES_PR,5,15452,v0.2.0
'@fontsource/baloo-2,5.3.0,81,B,,2,15445,v0.2.0
dygraphs,2.2.1,33,F,UNVERIFIED_PUBLISH_PATH|DORMANT,5,15444,v0.2.0
photoswipe-dynamic-caption-plugin,1.2.7,19,F,UNVERIFIED_PUBLISH_PATH|DORMANT|SINGLE_MAINTAINER,1,15439,v0.2.0
'@wllama/wllama,3.5.1,25,F,UNVERIFIED_PUBLISH_PATH|SINGLE_MAINTAINER,1,15401,v0.2.0
chartjs-chart-financial,0.2.1,19,F,UNVERIFIED_PUBLISH_PATH|DORMANT|SINGLE_MAINTAINER,1,15375,v0.2.0
drift-zoom,1.5.1,40,D,UNVERIFIED_PUBLISH_PATH|DORMANT,10,15359,v0.2.0
external-svg-loader,1.7.1,14,F,UNVERIFIED_PUBLISH_PATH|DORMANT|SINGLE_MAINTAINER,1,15354,v0.2.0
'@fontsource/sarabun,5.3.0,81,B,,2,15337,v0.2.0
vue-custom-element,3.3.0,19,F,UNVERIFIED_PUBLISH_PATH|DORMANT|SINGLE_MAINTAINER,1,15335,v0.2.0
moment-timezone-all,0.5.5,19,F,UNVERIFIED_PUBLISH_PATH|DORMANT|SINGLE_MAINTAINER,1,15300,v0.2.0
'@fontsource/zilla-slab,5.3.0,81,B,,2,15276,v0.2.0
vue-ctk-date-time-picker,2.6.1,39,D,UNVERIFIED_PUBLISH_PATH,4,15199,v0.2.0
opus-media-recorder,0.8.0,19,F,UNVERIFIED_PUBLISH_PATH|DORMANT|SINGLE_MAINTAINER,1,15191,v0.2.0
'@checkr/web-sdk,0.0.59,29,F,UNVERIFIED_PUBLISH_PATH|DORMANT,4,15174,v0.2.0
'@contentauth/c2pa-web,0.12.3,72,B,INCONSISTENT_PUBLISH_PATH|BRANCH_REQUIRES_PR,5,15173,v0.2.0
easy-autocomplete,1.3.5,19,F,UNVERIFIED_PUBLISH_PATH|DORMANT|SINGLE_MAINTAINER,1,15173,v0.2.0
'@embedpdf/default-stamps,0.0.1,26,F,UNVERIFIED_PUBLISH_PATH|SINGLE_MAINTAINER,1,15168,v0.2.0
'@easepick/kbd-plugin,1.2.1,19,F,UNVERIFIED_PUBLISH_PATH|DORMANT|SINGLE_MAINTAINER,1,15164,v0.2.0
'@siemens/ix-icons,3.4.0,78,B,INCONSISTENT_PUBLISH_PATH,3,15158,v0.2.0
'@fontsource/permanent-marker,5.3.0,81,B,,2,15129,v0.2.0
chartjs-chart-error-bars,4.4.5,25,F,UNVERIFIED_PUBLISH_PATH|SINGLE_MAINTAINER,1,15124,v0.2.0
'@ryangjchandler/alpine-clipboard,2.3.0,19,F,UNVERIFIED_PUBLISH_PATH|DORMANT|SINGLE_MAINTAINER,1,15113,v0.2.0
spin,0.0.1,9,F,UNVERIFIED_PUBLISH_PATH|DORMANT|SINGLE_MAINTAINER,1,15069,v0.2.0
'@tailwindcss/ui,0.7.2,24,F,UNVERIFIED_PUBLISH_PATH|DORMANT,3,15060,v0.2.0
requirejs-text,2.0.16,19,F,UNVERIFIED_PUBLISH_PATH|DORMANT|SINGLE_MAINTAINER,1,15060,v0.2.0
rdflib,2.4.0,82,B,,15,15040,v0.2.0
svelecte,5.3.0,25,F,UNVERIFIED_PUBLISH_PATH|SINGLE_MAINTAINER,1,15020,v0.2.0
typeface-montserrat,1.1.13,14,F,UNVERIFIED_PUBLISH_PATH|DORMANT|SINGLE_MAINTAINER,1,15019,v0.2.0
'@easepick/bundle,1.2.1,19,F,UNVERIFIED_PUBLISH_PATH|DORMANT|SINGLE_MAINTAINER,1,15017,v0.2.0
typograf,7.7.0,25,F,UNVERIFIED_PUBLISH_PATH|SINGLE_MAINTAINER,1,15011,v0.2.0
video-worker,3.0.1,73,B,SINGLE_MAINTAINER,1,15005,v0.2.0
'@expo-google-fonts/rubik,0.4.2,39,D,UNVERIFIED_PUBLISH_PATH,4,14992,v0.2.0
scrollmonitor,1.2.11,19,F,UNVERIFIED_PUBLISH_PATH|DORMANT|SINGLE_MAINTAINER,1,14977,v0.2.0
jquery-ui-timepicker-addon,1.6.3,19,F,UNVERIFIED_PUBLISH_PATH|DORMANT|SINGLE_MAINTAINER,1,14961,v0.2.0
angular-inview,3.1.0,19,F,UNVERIFIED_PUBLISH_PATH|DORMANT|SINGLE_MAINTAINER,1,14952,v0.2.0
'@microsoft/fast-components,2.30.6,46,D,UNVERIFIED_PUBLISH_PATH|DORMANT|DEPRECATED,8,14858,v0.2.0
htmx-ext-ws,2.0.4,39,D,UNVERIFIED_PUBLISH_PATH,2,14815,v0.2.0
'@fontsource/chakra-petch,5.3.0,81,B,,2,14783,v0.2.0
'@waline/emojis,1.4.0,34,F,UNVERIFIED_PUBLISH_PATH,2,14779,v0.2.0
restangular,1.6.1,33,F,UNVERIFIED_PUBLISH_PATH|DORMANT,3,14735,v0.2.0
'@wix/auto_sdk_ecom_current-cart,1.0.179,30,F,UNVERIFIED_PUBLISH_PATH,12,14719,v0.2.0
'@pdftron/pdfjs-express-viewer,8.7.5,15,F,UNVERIFIED_PUBLISH_PATH|DORMANT|SINGLE_MAINTAINER,1,14707,v0.2.0
'@fontsource/courier-prime,5.3.0,81,B,,2,14686,v0.2.0
dromo-uploader-js,2.13.0,35,D,UNVERIFIED_PUBLISH_PATH,2,14667,v0.2.0
'@fontsource/crimson-pro,5.3.0,81,B,,2,14651,v0.2.0
babel-regenerator-runtime,6.5.0,24,F,UNVERIFIED_PUBLISH_PATH|DORMANT,2,14627,v0.2.0
qtip2,3.0.3,19,F,UNVERIFIED_PUBLISH_PATH|DORMANT|SINGLE_MAINTAINER,1,14601,v0.2.0
'@yandex/ymaps3-default-ui-theme,0.0.25,87,A,BRANCH_REQUIRES_PR,2,14592,v0.2.0
universalviewer,4.4.2,39,D,UNVERIFIED_PUBLISH_PATH,3,14585,v0.2.0
'@toast-ui/calendar,2.1.3,33,F,UNVERIFIED_PUBLISH_PATH|DORMANT,2,14563,v0.2.0
clamp-js,0.7.0,19,F,UNVERIFIED_PUBLISH_PATH|DORMANT|SINGLE_MAINTAINER,1,14548,v0.2.0
esri-leaflet-vector,4.3.2,39,D,UNVERIFIED_PUBLISH_PATH,5,14546,v0.2.0
'@nativescript/core,9.0.20,77,B,INCONSISTENT_PUBLISH_PATH,2,14545,v0.2.0
'@fontsource-variable/cormorant-garamond,5.3.0,81,B,,2,14522,v0.2.0
angular-cache,4.6.0,19,F,UNVERIFIED_PUBLISH_PATH|DORMANT|SINGLE_MAINTAINER,1,14507,v0.2.0
botframework-webchat,4.19.1,41,D,UNVERIFIED_PUBLISH_PATH,7,14495,v0.2.0
'@elastic/apm-rum-vue,2.1.15,87,A,,3,14481,v0.2.0
'@walletconnect/web3-provider,1.8.0,28,F,UNVERIFIED_PUBLISH_PATH|DORMANT|PUBLISHER_NOT_MAINTAINER|DEPRECATED,2,14447,v0.2.0
'@lobehub/icons-static-png,1.94.0,39,D,UNVERIFIED_PUBLISH_PATH,9,14415,v0.2.0
'@drupal/once,1.0.1,24,F,UNVERIFIED_PUBLISH_PATH|DORMANT,2,14405,v0.2.0
payment-icons,1.2.1,19,F,UNVERIFIED_PUBLISH_PATH|DORMANT|SINGLE_MAINTAINER|DEPRECATED,1,14373,v0.2.0
'@scandit/web-datacapture-barcode,8.5.0,35,D,UNVERIFIED_PUBLISH_PATH,5,14326,v0.2.0
survey-js-ui,2.5.34,39,D,UNVERIFIED_PUBLISH_PATH,2,14293,v0.2.0
graphlib-dot,0.6.4,33,F,UNVERIFIED_PUBLISH_PATH|DORMANT,2,14269,v0.2.0
'@expo-google-fonts/bebas-neue,0.4.1,39,D,UNVERIFIED_PUBLISH_PATH,4,14213,v0.2.0
iconoir,7.11.1,76,B,,2,14167,v0.2.0
jquery-timepicker,1.3.3,19,F,UNVERIFIED_PUBLISH_PATH|DORMANT|SINGLE_MAINTAINER,1,14165,v0.2.0
grapesjs-navbar,1.0.2,19,F,UNVERIFIED_PUBLISH_PATH|DORMANT|SINGLE_MAINTAINER,1,14146,v0.2.0
'@scandit/web-datacapture-core,8.5.0,35,D,UNVERIFIED_PUBLISH_PATH,5,14100,v0.2.0
'@logicflow/extension,2.3.0,34,F,UNVERIFIED_PUBLISH_PATH,8,14093,v0.2.0
'@iconify-json/game-icons,1.2.4,21,F,UNVERIFIED_PUBLISH_PATH|SINGLE_MAINTAINER,1,14063,v0.2.0
zd-h5-check-json,1.0.157,21,F,UNVERIFIED_PUBLISH_PATH|SINGLE_MAINTAINER,1,13996,v0.2.0
cloudinary-video-player,4.0.3,94,A,,5,13973,v0.2.0
world_countries_lists,3.3.0,25,F,UNVERIFIED_PUBLISH_PATH|SINGLE_MAINTAINER,1,13971,v0.2.0
'@grapecity/spread-sheets,18.2.5,30,F,UNVERIFIED_PUBLISH_PATH,2,13930,v0.2.0
'@fontsource-variable/noto-sans-devanagari,5.3.0,81,B,,2,13897,v0.2.0
'@fontsource-variable/oswald,5.3.0,81,B,,2,13889,v0.2.0
scandit-web-datacapture-core,6.28.11,35,D,UNVERIFIED_PUBLISH_PATH,4,13878,v0.2.0
custom-protocol-check,1.4.0,19,F,UNVERIFIED_PUBLISH_PATH|DORMANT|SINGLE_MAINTAINER,1,13854,v0.2.0
'@fontsource-variable/caveat,5.3.0,81,B,,2,13850,v0.2.0
ionic-angular,3.9.10,35,D,UNVERIFIED_PUBLISH_PATH|DORMANT,10,13838,v0.2.0
essentia.js,0.1.3,33,F,UNVERIFIED_PUBLISH_PATH|DORMANT,2,13837,v0.2.0
intersection-observer-polyfill,0.1.0,19,F,UNVERIFIED_PUBLISH_PATH|DORMANT|SINGLE_MAINTAINER,1,13815,v0.2.0
scandit-web-datacapture-barcode,6.28.11,35,D,UNVERIFIED_PUBLISH_PATH,4,13808,v0.2.0
'@fontsource-variable/noto-sans-hebrew,5.3.0,81,B,,2,13790,v0.2.0
gmap-vue,3.5.4,25,F,UNVERIFIED_PUBLISH_PATH|DORMANT|SINGLE_MAINTAINER,1,13788,v0.2.0
'@deriv/quill-icons,2.10.0,39,D,UNVERIFIED_PUBLISH_PATH,2,13778,v0.2.0
ie-array-find-polyfill,1.1.0,19,F,UNVERIFIED_PUBLISH_PATH|DORMANT|SINGLE_MAINTAINER,1,13775,v0.2.0
outdated-browser-rework,3.0.1,19,F,UNVERIFIED_PUBLISH_PATH|DORMANT|SINGLE_MAINTAINER,1,13752,v0.2.0
load-script2,2.0.6,19,F,UNVERIFIED_PUBLISH_PATH|DORMANT|SINGLE_MAINTAINER,1,13744,v0.2.0
'@stimulus-components/password-visibility,3.0.0,14,F,UNVERIFIED_PUBLISH_PATH|DORMANT|SINGLE_MAINTAINER,1,13676,v0.2.0
htmx-ext-response-targets,2.0.4,25,F,UNVERIFIED_PUBLISH_PATH|SINGLE_MAINTAINER,1,13642,v0.2.0
leaflet-rotate,0.2.8,19,F,UNVERIFIED_PUBLISH_PATH|DORMANT|SINGLE_MAINTAINER,1,13636,v0.2.0
'@fontsource/urbanist,5.3.0,81,B,,2,13625,v0.2.0
framework7-icons,5.0.5,14,F,UNVERIFIED_PUBLISH_PATH|DORMANT|SINGLE_MAINTAINER,1,13594,v0.2.0
kendo-ui-core,2026.2.520,32,F,UNVERIFIED_PUBLISH_PATH|SINGLE_MAINTAINER,1,13582,v0.2.0
vue-mq,1.0.1,19,F,UNVERIFIED_PUBLISH_PATH|DORMANT|SINGLE_MAINTAINER,1,13581,v0.2.0
'@skyway-sdk/room,2.5.1,34,F,UNVERIFIED_PUBLISH_PATH,10,13553,v0.2.0
classie,1.0.0,19,F,UNVERIFIED_PUBLISH_PATH|DORMANT|SINGLE_MAINTAINER,1,13478,v0.2.0
alpine-turbo-drive-adapter,2.2.0,21,F,UNVERIFIED_PUBLISH_PATH|SINGLE_MAINTAINER,1,13455,v0.2.0
arrive,2.5.3,39,D,UNVERIFIED_PUBLISH_PATH,2,13424,v0.2.0
dynamsoft-core,3.4.31,10,F,UNVERIFIED_PUBLISH_PATH|DORMANT|SINGLE_MAINTAINER,1,13416,v0.2.0
videojs-contrib-eme,5.5.2,35,D,UNVERIFIED_PUBLISH_PATH,22,13413,v0.2.0
'@fontsource/amiri,5.3.0,81,B,,2,13405,v0.2.0
'@fontsource-variable/rethink-sans,5.3.0,81,B,,2,13401,v0.2.0
'@fontsource/literata,5.3.0,81,B,,2,13401,v0.2.0
clarity-js,0.8.68,45,D,UNVERIFIED_PUBLISH_PATH,5,13361,v0.2.0
compression-streams-polyfill,0.1.7,19,F,UNVERIFIED_PUBLISH_PATH|DORMANT|SINGLE_MAINTAINER,1,13298,v0.2.0
'@material/mwc-circular-progress,0.27.0,39,D,UNVERIFIED_PUBLISH_PATH|DORMANT|DEPRECATED,14,13289,v0.2.0
'@mskcc/fundamentals,2.7.3,30,F,UNVERIFIED_PUBLISH_PATH,6,13222,v0.2.0
'@fontsource-variable/mona-sans,5.3.0,81,B,,2,13212,v0.2.0
prebid.js,11.24.0,39,D,UNVERIFIED_PUBLISH_PATH,2,13201,v0.2.0
'@ebay/skin,19.28.0,77,B,INCONSISTENT_PUBLISH_PATH,7,13196,v0.2.0
'@fontsource-variable/vazirmatn,5.3.0,81,B,,2,13185,v0.2.0
'@fontsource/cormorant,5.3.0,81,B,,2,13158,v0.2.0
videojs-contrib-dash,5.1.1,33,F,UNVERIFIED_PUBLISH_PATH|DORMANT,20,13136,v0.2.0
'@fontsource/vazirmatn,5.3.0,81,B,,2,13127,v0.2.0
'@iconscout/unicons,4.2.0,33,F,UNVERIFIED_PUBLISH_PATH|DORMANT,2,13125,v0.2.0
'@openedx/paragon,23.22.2,87,A,,3,13123,v0.2.0
'@mediapipe/drawing_utils,0.3.1675466124,24,F,UNVERIFIED_PUBLISH_PATH|DORMANT,8,13120,v0.2.0
jquery-i18next,1.3.0,39,D,UNVERIFIED_PUBLISH_PATH,2,13117,v0.2.0
'@multiavatar/multiavatar,1.0.7,19,F,UNVERIFIED_PUBLISH_PATH|DORMANT|SINGLE_MAINTAINER,1,13092,v0.2.0
react-highcharts,16.1.0,33,F,UNVERIFIED_PUBLISH_PATH|DORMANT,2,13080,v0.2.0
'@react-spectrum/s2,1.5.1,39,D,UNVERIFIED_PUBLISH_PATH,2,13046,v0.2.0
searchkit,4.16.0,45,D,UNVERIFIED_PUBLISH_PATH,2,12985,v0.2.0
vue-datetime,1.0.0-beta.14,14,F,UNVERIFIED_PUBLISH_PATH|DORMANT|SINGLE_MAINTAINER,1,12978,v0.2.0
openmoji,17.0.0,25,F,UNVERIFIED_PUBLISH_PATH|SINGLE_MAINTAINER,1,12947,v0.2.0
tokml,0.4.0,21,F,UNVERIFIED_PUBLISH_PATH|DORMANT|SINGLE_MAINTAINER|PUBLISHER_NOT_MAINTAINER,1,12944,v0.2.0
angular-toastr,2.1.1,19,F,UNVERIFIED_PUBLISH_PATH|DORMANT|SINGLE_MAINTAINER,1,12938,v0.2.0
nanoscroller,0.8.7,19,F,UNVERIFIED_PUBLISH_PATH|DORMANT|SINGLE_MAINTAINER,1,12936,v0.2.0
chartjs-plugin-autocolors,0.3.1,19,F,UNVERIFIED_PUBLISH_PATH|DORMANT|SINGLE_MAINTAINER,1,12935,v0.2.0
skinview3d,3.4.2,39,D,UNVERIFIED_PUBLISH_PATH,4,12933,v0.2.0
vue-radial-progress,0.3.2,14,F,UNVERIFIED_PUBLISH_PATH|DORMANT|SINGLE_MAINTAINER|PUBLISHER_NOT_MAINTAINER|DEPRECATED,1,12933,v0.2.0
'@vkid/sdk,2.6.6,41,D,UNVERIFIED_PUBLISH_PATH,6,12902,v0.2.0
smoothscroll,0.4.0,19,F,UNVERIFIED_PUBLISH_PATH|DORMANT|SINGLE_MAINTAINER,1,12899,v0.2.0
'@relewise/client,2.24.0,87,A,,3,12880,v0.2.0
'@ffmpeg/core-mt,0.12.10,39,D,UNVERIFIED_PUBLISH_PATH,3,12863,v0.2.0
'@watergis/maplibre-gl-terradraw,1.14.6,64,C,INCONSISTENT_PUBLISH_PATH|SINGLE_MAINTAINER,1,12848,v0.2.0
ng-table,3.0.1,33,F,UNVERIFIED_PUBLISH_PATH|DORMANT,6,12821,v0.2.0
'@fontsource/kalam,5.3.0,81,B,,2,12819,v0.2.0
translate,3.0.1,19,F,UNVERIFIED_PUBLISH_PATH|DORMANT|SINGLE_MAINTAINER,1,12812,v0.2.0
textfit,2.4.0,19,F,UNVERIFIED_PUBLISH_PATH|DORMANT|SINGLE_MAINTAINER,1,12791,v0.2.0
confetti-js,0.0.18,19,F,UNVERIFIED_PUBLISH_PATH|DORMANT|SINGLE_MAINTAINER,1,12775,v0.2.0
esri-leaflet-geocoder,3.1.7,39,D,UNVERIFIED_PUBLISH_PATH,6,12771,v0.2.0
'@sjmc11/tourguidejs,0.0.27,25,F,UNVERIFIED_PUBLISH_PATH|SINGLE_MAINTAINER,1,12768,v0.2.0
tiff.js,1.0.0,19,F,UNVERIFIED_PUBLISH_PATH|DORMANT|SINGLE_MAINTAINER,1,12737,v0.2.0
jquery-placeholder,2.3.1,33,F,UNVERIFIED_PUBLISH_PATH|DORMANT,2,12698,v0.2.0
'@wix/headless-components,0.0.46,30,F,UNVERIFIED_PUBLISH_PATH,6,12669,v0.2.0
angularjs-toaster,3.0.0,33,F,UNVERIFIED_PUBLISH_PATH|DORMANT,2,12612,v0.2.0
jquery-modal,0.9.2,19,F,UNVERIFIED_PUBLISH_PATH|DORMANT|SINGLE_MAINTAINER,1,12605,v0.2.0
bootstrap-material-design,4.1.3,23,F,UNVERIFIED_PUBLISH_PATH|DORMANT|PUBLISHER_NOT_MAINTAINER,17,12562,v0.2.0
'@cspell/dict-redis,1.0.7,63,C,SINGLE_MAINTAINER,1,12538,v0.2.0
emoji-mart-vue,2.6.6,19,F,UNVERIFIED_PUBLISH_PATH|DORMANT|SINGLE_MAINTAINER,1,12533,v0.2.0
scroll-hint,1.2.9,15,F,UNVERIFIED_PUBLISH_PATH|DORMANT|SINGLE_MAINTAINER,1,12501,v0.2.0
'@photo-sphere-viewer/virtual-tour-plugin,5.14.3,73,B,SINGLE_MAINTAINER,1,12497,v0.2.0
jquery-bar-rating,1.2.2,33,F,UNVERIFIED_PUBLISH_PATH|DORMANT,2,12464,v0.2.0
ol-contextmenu,6.0.1,79,B,SINGLE_MAINTAINER,1,12434,v0.2.0
bootstrap-fileinput,5.5.4,19,F,UNVERIFIED_PUBLISH_PATH|DORMANT|SINGLE_MAINTAINER,1,12432,v0.2.0
devextreme-exceljs-fork,4.4.11,94,A,,3,12415,v0.2.0
sticky-sidebar,3.3.1,19,F,UNVERIFIED_PUBLISH_PATH|DORMANT|SINGLE_MAINTAINER,1,12405,v0.2.0
'@mappedin/mappedin-js,6.22.0,21,F,UNVERIFIED_PUBLISH_PATH|SINGLE_MAINTAINER,1,12404,v0.2.0
'@aurodesignsystem/webcorestylesheets,11.1.3,46,D,UNVERIFIED_PUBLISH_PATH,8,12389,v0.2.0
recombee-js-api-client,6.2.1,39,D,UNVERIFIED_PUBLISH_PATH,5,12388,v0.2.0
jquery-cropper,1.0.2,25,F,UNVERIFIED_PUBLISH_PATH|SINGLE_MAINTAINER,1,12385,v0.2.0
'@tryghost/portal,2.69.161,95,A,,34,12341,v0.2.0
'@expo-google-fonts/anton,0.4.2,39,D,UNVERIFIED_PUBLISH_PATH,4,12336,v0.2.0
'@deltablot/dropzone,7.4.3,69,C,SINGLE_MAINTAINER,1,12328,v0.2.0
mxgraph,4.2.2,14,F,UNVERIFIED_PUBLISH_PATH|DORMANT|SINGLE_MAINTAINER|PUBLISHER_NOT_MAINTAINER|DEPRECATED,1,12306,v0.2.0
knockout.validation,2.0.4,33,F,UNVERIFIED_PUBLISH_PATH|DORMANT,2,12288,v0.2.0
'@fontsource-variable/assistant,5.3.0,81,B,,2,12270,v0.2.0
pc-bootstrap4-datetimepicker,4.17.51,19,F,UNVERIFIED_PUBLISH_PATH|DORMANT|SINGLE_MAINTAINER,1,12258,v0.2.0
siema,1.5.1,14,F,UNVERIFIED_PUBLISH_PATH|DORMANT|SINGLE_MAINTAINER,1,12246,v0.2.0
v-lazy-image,2.1.1,15,F,UNVERIFIED_PUBLISH_PATH|DORMANT|SINGLE_MAINTAINER,1,12206,v0.2.0
nerdamer,1.1.13,33,F,UNVERIFIED_PUBLISH_PATH|DORMANT,2,12199,v0.2.0
ids-enterprise-wc,1.16.23,35,D,UNVERIFIED_PUBLISH_PATH,9,12185,v0.2.0
theme-change,3.0.4,20,F,UNVERIFIED_PUBLISH_PATH|SINGLE_MAINTAINER,1,12139,v0.2.0
import-map-overrides,6.1.0,20,F,UNVERIFIED_PUBLISH_PATH|SINGLE_MAINTAINER,1,12134,v0.2.0
open-iconic,1.1.1,19,F,UNVERIFIED_PUBLISH_PATH|DORMANT|SINGLE_MAINTAINER,1,12131,v0.2.0
polyline-encoded,0.0.9,19,F,UNVERIFIED_PUBLISH_PATH|DORMANT|SINGLE_MAINTAINER,1,12101,v0.2.0
vviinn-widgets,2.217.0,35,D,UNVERIFIED_PUBLISH_PATH,2,12077,v0.2.0
'@waline/client,3.15.2,82,B,,2,12041,v0.2.0
'@fontsource/overpass,5.3.0,81,B,,2,12037,v0.2.0
svgmap,2.21.0,25,F,UNVERIFIED_PUBLISH_PATH|SINGLE_MAINTAINER,1,12027,v0.2.0
pro-gallery-lib,5.0.115,39,D,UNVERIFIED_PUBLISH_PATH,2,12021,v0.2.0
mdb-ui-kit,9.3.0,39,D,UNVERIFIED_PUBLISH_PATH,17,11997,v0.2.0
leaflet-providers,3.0.0,39,D,UNVERIFIED_PUBLISH_PATH,3,11968,v0.2.0
jquery-ui-sortable,1.0.0,10,F,UNVERIFIED_PUBLISH_PATH|DORMANT|SINGLE_MAINTAINER,1,11946,v0.2.0
withinviewport,3.0.1,19,F,UNVERIFIED_PUBLISH_PATH|DORMANT|SINGLE_MAINTAINER,1,11943,v0.2.0
leader-line,1.0.8,25,F,UNVERIFIED_PUBLISH_PATH|SINGLE_MAINTAINER,1,11936,v0.2.0
'@ivanv/vue-collapse-transition,1.0.2,19,F,UNVERIFIED_PUBLISH_PATH|DORMANT|SINGLE_MAINTAINER,1,11908,v0.2.0
wowjs,1.1.3,19,F,UNVERIFIED_PUBLISH_PATH|DORMANT|SINGLE_MAINTAINER,1,11906,v0.2.0
time-input-polyfill,1.0.11,19,F,UNVERIFIED_PUBLISH_PATH|DORMANT|SINGLE_MAINTAINER,1,11905,v0.2.0
'@saasquatch/squatch-js,2.8.4,45,D,UNVERIFIED_PUBLISH_PATH,10,11876,v0.2.0
'@fontsource/cascadia-code,5.3.0,81,B,,2,11857,v0.2.0
'@fontsource-variable/urbanist,5.3.0,81,B,,2,11854,v0.2.0
qrcodejs,1.0.0,19,F,UNVERIFIED_PUBLISH_PATH|DORMANT|SINGLE_MAINTAINER,1,11840,v0.2.0
autotrack,2.4.1,19,F,UNVERIFIED_PUBLISH_PATH|DORMANT|SINGLE_MAINTAINER,1,11824,v0.2.0
spotlight.js,0.7.8,19,F,UNVERIFIED_PUBLISH_PATH|DORMANT|SINGLE_MAINTAINER,1,11821,v0.2.0
angular-gettext,2.4.2,19,F,UNVERIFIED_PUBLISH_PATH|DORMANT|SINGLE_MAINTAINER,1,11810,v0.2.0
'@fontsource/commit-mono,5.3.0,81,B,,2,11803,v0.2.0
scrollreveal,4.0.9,19,F,UNVERIFIED_PUBLISH_PATH|DORMANT|SINGLE_MAINTAINER,1,11783,v0.2.0
material-design-iconic-font,2.2.0,19,F,UNVERIFIED_PUBLISH_PATH|DORMANT|SINGLE_MAINTAINER,1,11772,v0.2.0
focus-within-polyfill,5.2.1,19,F,UNVERIFIED_PUBLISH_PATH|DORMANT|SINGLE_MAINTAINER,1,11765,v0.2.0
'@fontsource/share-tech-mono,5.3.0,81,B,,2,11748,v0.2.0
jquery.repeater,1.2.1,19,F,UNVERIFIED_PUBLISH_PATH|DORMANT|SINGLE_MAINTAINER,1,11744,v0.2.0
markmap-toolbar,0.18.12,25,F,UNVERIFIED_PUBLISH_PATH|SINGLE_MAINTAINER,1,11700,v0.2.0
element-qsa-scope,1.1.0,19,F,UNVERIFIED_PUBLISH_PATH|DORMANT|SINGLE_MAINTAINER,1,11658,v0.2.0
cal-sans,1.0.1,33,F,UNVERIFIED_PUBLISH_PATH|DORMANT,10,11615,v0.2.0
'@iconify-json/eos-icons,1.2.4,21,F,UNVERIFIED_PUBLISH_PATH|SINGLE_MAINTAINER,1,11612,v0.2.0
jsnlog,2.30.0,19,F,UNVERIFIED_PUBLISH_PATH|DORMANT|SINGLE_MAINTAINER,1,11610,v0.2.0
'@expo-google-fonts/oswald,0.4.2,39,D,UNVERIFIED_PUBLISH_PATH,4,11606,v0.2.0
'@iconify-json/icon-park-outline,1.2.4,21,F,UNVERIFIED_PUBLISH_PATH|SINGLE_MAINTAINER,1,11606,v0.2.0
'@fontsource-variable/roboto-slab,5.3.0,81,B,,2,11602,v0.2.0
'@wix/auto_sdk_ecom_discounts,1.0.33,30,F,UNVERIFIED_PUBLISH_PATH,12,11598,v0.2.0
streaming-markdown,0.2.15,25,F,UNVERIFIED_PUBLISH_PATH|SINGLE_MAINTAINER,1,11587,v0.2.0
'@fontsource/cardo,5.3.0,81,B,,2,11585,v0.2.0
'@litertjs/core,2.5.3,40,D,UNVERIFIED_PUBLISH_PATH,4,11579,v0.2.0
'@expo-google-fonts/barlow,0.4.1,39,D,UNVERIFIED_PUBLISH_PATH,4,11552,v0.2.0
'@fontsource-variable/arimo,5.3.0,81,B,,2,11549,v0.2.0
vivus,0.4.6,19,F,UNVERIFIED_PUBLISH_PATH|DORMANT|SINGLE_MAINTAINER,1,11512,v0.2.0
pro-gallery,5.0.119,39,D,UNVERIFIED_PUBLISH_PATH,2,11510,v0.2.0
devbridge-autocomplete,2.0.4,79,B,SINGLE_MAINTAINER,1,11505,v0.2.0
'@fontsource/bitter,5.3.0,81,B,,2,11495,v0.2.0
'@babylonjs/viewer,9.17.0,25,F,UNVERIFIED_PUBLISH_PATH|SINGLE_MAINTAINER,1,11494,v0.2.0
'@mcp-b/global,4.0.0,71,B,INCONSISTENT_PUBLISH_PATH|SINGLE_MAINTAINER,1,11489,v0.2.0
uswds,2.14.0,46,D,UNVERIFIED_PUBLISH_PATH|DORMANT|BRANCH_REQUIRES_PR,4,11480,v0.2.0
invokers-polyfill,1.0.3,73,B,SINGLE_MAINTAINER,1,11461,v0.2.0
'@fontsource/saira-condensed,5.3.0,81,B,,2,11447,v0.2.0
vosk-browser,0.0.8,19,F,UNVERIFIED_PUBLISH_PATH|DORMANT|SINGLE_MAINTAINER,1,11438,v0.2.0
axios-jsonp,1.0.4,19,F,UNVERIFIED_PUBLISH_PATH|DORMANT|SINGLE_MAINTAINER,1,11430,v0.2.0
'@microsoft/agents-copilotstudio-client,1.6.1,47,D,UNVERIFIED_PUBLISH_PATH,2,11429,v0.2.0
'@notabene/javascript-sdk,2.19.1,50,C,INCONSISTENT_PUBLISH_PATH|PUBLISHER_NOT_MAINTAINER,5,11427,v0.2.0
'@fontsource/bodoni-moda,5.3.0,81,B,,2,11409,v0.2.0
'@justifi/webcomponents,6.14.3,73,B,SINGLE_MAINTAINER|BRANCH_REQUIRES_PR,1,11402,v0.2.0
plupload,2.3.9,39,D,UNVERIFIED_PUBLISH_PATH|DORMANT,2,11354,v0.2.0
ajax-bootstrap-select,1.4.5,19,F,UNVERIFIED_PUBLISH_PATH|DORMANT|SINGLE_MAINTAINER,1,11334,v0.2.0
abp-web-resources,6.1.0,39,D,UNVERIFIED_PUBLISH_PATH,2,11318,v0.2.0
jquery-ajax-unobtrusive,3.2.6,34,F,UNVERIFIED_PUBLISH_PATH|DORMANT|BRANCH_REQUIRES_PR,2,11303,v0.2.0
beercss,4.0.23,87,A,,2,11280,v0.2.0
'@fontsource-variable/noto-sans-armenian,5.3.0,81,B,,2,11273,v0.2.0
leader-line-new,1.1.9,19,F,UNVERIFIED_PUBLISH_PATH|DORMANT|SINGLE_MAINTAINER,1,11257,v0.2.0
'@fontsource-variable/noto-sans-georgian,5.3.0,81,B,,2,11251,v0.2.0
'@juspay/neurolink,10.0.1,90,A,INCONSISTENT_PUBLISH_PATH,7,11247,v0.2.0
alova,3.5.2,26,F,UNVERIFIED_PUBLISH_PATH|SINGLE_MAINTAINER,1,11224,v0.2.0
leaflet-path-drag,1.9.5,19,F,UNVERIFIED_PUBLISH_PATH|DORMANT|SINGLE_MAINTAINER,1,11210,v0.2.0
'@fontsource-variable/cabin,5.3.0,81,B,,2,11188,v0.2.0
blueimp-gallery,3.4.0,19,F,UNVERIFIED_PUBLISH_PATH|DORMANT|SINGLE_MAINTAINER,1,11186,v0.2.0
react-owl-carousel,2.3.3,19,F,UNVERIFIED_PUBLISH_PATH|DORMANT|SINGLE_MAINTAINER,1,11158,v0.2.0
'@marcreichel/alpine-autosize,1.3.3,19,F,UNVERIFIED_PUBLISH_PATH|DORMANT|SINGLE_MAINTAINER,1,11154,v0.2.0
'@fontsource/cabin,5.3.0,81,B,,2,11146,v0.2.0
'@wix/ecom,1.0.2272,30,F,UNVERIFIED_PUBLISH_PATH,12,11141,v0.2.0
knockout-mapping,2.6.0,19,F,UNVERIFIED_PUBLISH_PATH|DORMANT|SINGLE_MAINTAINER,1,11136,v0.2.0
polyline,0.2.0,14,F,UNVERIFIED_PUBLISH_PATH|DORMANT|SINGLE_MAINTAINER|PUBLISHER_NOT_MAINTAINER|DEPRECATED,1,11120,v0.2.0
'@fontsource-variable/noto-sans-tamil,5.3.0,81,B,,2,11119,v0.2.0
orejime,3.2.0,83,B,INCONSISTENT_PUBLISH_PATH,2,11105,v0.2.0
leaflet-measure,3.1.0,19,F,UNVERIFIED_PUBLISH_PATH|DORMANT|SINGLE_MAINTAINER,1,11102,v0.2.0
first-input-delay,0.1.3,19,F,UNVERIFIED_PUBLISH_PATH|DORMANT|SINGLE_MAINTAINER,1,11100,v0.2.0
pathseg,1.2.1,19,F,UNVERIFIED_PUBLISH_PATH|DORMANT|SINGLE_MAINTAINER,1,11060,v0.2.0
fp-ts-esm,2.16.10,25,F,UNVERIFIED_PUBLISH_PATH|SINGLE_MAINTAINER,1,11054,v0.2.0
'@marimo-team/frontend,0.23.14,95,A,,2,11034,v0.2.0
leaflet-easybutton,2.4.0,19,F,UNVERIFIED_PUBLISH_PATH|DORMANT|SINGLE_MAINTAINER,1,11032,v0.2.0
devextreme-cldr-data,1.0.3,19,F,UNVERIFIED_PUBLISH_PATH|DORMANT|PUBLISHER_NOT_MAINTAINER,4,11031,v0.2.0
ogv,1.9.0,19,F,UNVERIFIED_PUBLISH_PATH|DORMANT|SINGLE_MAINTAINER,1,11028,v0.2.0
'@rajesh896/broprint.js,3.0.0,38,D,UNVERIFIED_PUBLISH_PATH|SINGLE_MAINTAINER,1,10988,v0.2.0
'@raruto/leaflet-elevation,2.5.2,25,F,UNVERIFIED_PUBLISH_PATH|SINGLE_MAINTAINER,1,10945,v0.2.0
polyfill-array-includes,2.0.0,19,F,UNVERIFIED_PUBLISH_PATH|DORMANT|SINGLE_MAINTAINER,1,10930,v0.2.0
'@fontsource/exo-2,5.3.0,81,B,,2,10923,v0.2.0
single-spa-css,4.0.1,15,F,UNVERIFIED_PUBLISH_PATH|SINGLE_MAINTAINER|PUBLISHER_NOT_MAINTAINER,1,10919,v0.2.0
'@loopback/docs,8.0.16,52,C,UNVERIFIED_PUBLISH_PATH,7,10914,v0.2.0
'@tensorflow/tfjs-vis,1.5.1,28,F,UNVERIFIED_PUBLISH_PATH|DORMANT,10,10873,v0.2.0
satellizer,0.15.5,19,F,UNVERIFIED_PUBLISH_PATH|DORMANT|SINGLE_MAINTAINER,1,10866,v0.2.0
'@fontsource/noto-sans-devanagari,5.3.0,81,B,,2,10851,v0.2.0
code-prettify,0.1.0,19,F,UNVERIFIED_PUBLISH_PATH|DORMANT|SINGLE_MAINTAINER,1,10839,v0.2.0
'@fontsource-variable/noto-serif-sc,5.3.0,81,B,,2,10834,v0.2.0
device-uuid,3.0.4,63,C,INCONSISTENT_PUBLISH_PATH|SINGLE_MAINTAINER,1,10824,v0.2.0
anthropic,0.0.0,19,F,UNVERIFIED_PUBLISH_PATH|DORMANT|PUBLISHER_NOT_MAINTAINER,14,10821,v0.2.0
bloodhound-js,1.2.3,19,F,UNVERIFIED_PUBLISH_PATH|DORMANT|SINGLE_MAINTAINER,1,10821,v0.2.0
components-font-awesome,5.9.0,33,F,UNVERIFIED_PUBLISH_PATH|DORMANT,2,10758,v0.2.0
jquery-deparam,0.5.3,33,F,UNVERIFIED_PUBLISH_PATH|DORMANT,2,10739,v0.2.0
vue-rx,6.2.0,19,F,UNVERIFIED_PUBLISH_PATH|DORMANT|SINGLE_MAINTAINER,1,10709,v0.2.0
'@mux/videojs-kit,0.12.3,35,D,UNVERIFIED_PUBLISH_PATH,4,10686,v0.2.0
jquery.payment,3.0.0,33,F,UNVERIFIED_PUBLISH_PATH|DORMANT,5,10685,v0.2.0
'@microsoft/mgt,4.6.1,52,C,UNVERIFIED_PUBLISH_PATH,3,10670,v0.2.0
detect-incognito,1.0.0,19,F,UNVERIFIED_PUBLISH_PATH|DORMANT|SINGLE_MAINTAINER,1,10642,v0.2.0
js-marker-clusterer,1.0.0,19,F,UNVERIFIED_PUBLISH_PATH|DORMANT|SINGLE_MAINTAINER,1,10609,v0.2.0
mapboxgl-spiderifier,1.0.10,33,F,UNVERIFIED_PUBLISH_PATH|DORMANT,5,10607,v0.2.0
ng-dialog,1.4.0,33,F,UNVERIFIED_PUBLISH_PATH|DORMANT,3,10606,v0.2.0
'@forevolve/bootstrap-dark,4.0.2,19,F,UNVERIFIED_PUBLISH_PATH|DORMANT|SINGLE_MAINTAINER,1,10574,v0.2.0
'@material-icons/svg,1.0.33,19,F,UNVERIFIED_PUBLISH_PATH|DORMANT|SINGLE_MAINTAINER,1,10570,v0.2.0
'@iabtechlabtcf/cmpapi,1.5.21,34,F,UNVERIFIED_PUBLISH_PATH,2,10562,v0.2.0
'@fontsource/metropolis,5.3.0,81,B,,2,10556,v0.2.0
'@fontsource/barlow-semi-condensed,5.3.0,81,B,,2,10546,v0.2.0
'@govtechsg/sgds-web-component,3.24.0,34,F,UNVERIFIED_PUBLISH_PATH,14,10544,v0.2.0
easytimer.js,4.6.0,19,F,UNVERIFIED_PUBLISH_PATH|DORMANT|SINGLE_MAINTAINER,1,10542,v0.2.0
'@fontsource-variable/red-hat-text,5.3.0,81,B,,2,10520,v0.2.0
'@farmfe/core,1.7.11,34,F,UNVERIFIED_PUBLISH_PATH,3,10514,v0.2.0
'@mediapipe/tasks-genai,0.10.29,30,F,UNVERIFIED_PUBLISH_PATH,8,10509,v0.2.0
dodopayments-checkout,1.9.5,21,F,UNVERIFIED_PUBLISH_PATH|SINGLE_MAINTAINER,1,10508,v0.2.0
'@fontsource-variable/alegreya,5.3.0,81,B,,2,10505,v0.2.0
'@wix/error-handler,1.68.0,30,F,UNVERIFIED_PUBLISH_PATH,12,10488,v0.2.0
ngmap,1.18.5,19,F,UNVERIFIED_PUBLISH_PATH|DORMANT|SINGLE_MAINTAINER,1,10487,v0.2.0
vue-timeago,5.1.3,33,F,UNVERIFIED_PUBLISH_PATH|DORMANT,3,10466,v0.2.0
gumshoejs,5.1.2,19,F,UNVERIFIED_PUBLISH_PATH|DORMANT|SINGLE_MAINTAINER,1,10457,v0.2.0
blazy,1.8.2,19,F,UNVERIFIED_PUBLISH_PATH|DORMANT|SINGLE_MAINTAINER,1,10449,v0.2.0
'@fontsource-variable/spline-sans-mono,5.3.0,81,B,,2,10399,v0.2.0
'@fontsource-variable/frank-ruhl-libre,5.3.0,81,B,,2,10391,v0.2.0
flickity-fullscreen,2.0.0,19,F,UNVERIFIED_PUBLISH_PATH|DORMANT|SINGLE_MAINTAINER,1,10384,v0.2.0
'@fontsource/prompt,5.3.0,81,B,,2,10381,v0.2.0
quill-image-drop-module,1.0.3,19,F,UNVERIFIED_PUBLISH_PATH|DORMANT|SINGLE_MAINTAINER,1,10380,v0.2.0
audiomotion-analyzer,4.5.4,25,F,UNVERIFIED_PUBLISH_PATH|SINGLE_MAINTAINER,1,10376,v0.2.0
systemjs-plugin-css,0.1.37,15,F,UNVERIFIED_PUBLISH_PATH|DORMANT|SINGLE_MAINTAINER,1,10352,v0.2.0
'@yandex/ymaps3-clusterer,0.0.12,35,D,UNVERIFIED_PUBLISH_PATH,2,10335,v0.2.0
typeface-poppins,1.1.13,14,F,UNVERIFIED_PUBLISH_PATH|DORMANT|SINGLE_MAINTAINER,1,10327,v0.2.0
'@atomic-reactor/reactium-ui,0.3.6,28,F,UNVERIFIED_PUBLISH_PATH|DORMANT,2,10299,v0.2.0
uevent,3.0.0,25,F,UNVERIFIED_PUBLISH_PATH|SINGLE_MAINTAINER,1,10297,v0.2.0
plotly.js-gl3d-dist-min,3.7.0,45,D,UNVERIFIED_PUBLISH_PATH,15,10294,v0.2.0
currency-flags,4.0.7,33,F,UNVERIFIED_PUBLISH_PATH|DORMANT|DEPRECATED,4,10288,v0.2.0
hanzi-writer,3.7.3,25,F,UNVERIFIED_PUBLISH_PATH|SINGLE_MAINTAINER,1,10288,v0.2.0
ng-zorro-antd-mobile,10.0.0,33,F,UNVERIFIED_PUBLISH_PATH|DORMANT,3,10263,v0.2.0
smartwizard,7.0.2,25,F,UNVERIFIED_PUBLISH_PATH|SINGLE_MAINTAINER,1,10259,v0.2.0
hint.css,3.0.0,19,F,UNVERIFIED_PUBLISH_PATH|DORMANT|SINGLE_MAINTAINER,1,10249,v0.2.0
'@fontsource/lexend-deca,5.3.0,81,B,,2,10235,v0.2.0
'@egjs/view360,3.6.4,33,F,UNVERIFIED_PUBLISH_PATH|DORMANT,12,10219,v0.2.0
tween.js,16.6.0,33,F,UNVERIFIED_PUBLISH_PATH|DORMANT|DEPRECATED,2,10209,v0.2.0
jquery.ui.widget,1.10.3,20,F,UNVERIFIED_PUBLISH_PATH|DORMANT|SINGLE_MAINTAINER,1,10202,v0.2.0
bootstrap-italia,2.18.2,39,D,UNVERIFIED_PUBLISH_PATH,3,10190,v0.2.0
vwo-fme-node-sdk,1.60.0,25,F,UNVERIFIED_PUBLISH_PATH|SINGLE_MAINTAINER,1,10186,v0.2.0
visionscarto-world-atlas,1.0.0,19,F,UNVERIFIED_PUBLISH_PATH|DORMANT|SINGLE_MAINTAINER,1,10182,v0.2.0
x-editable,1.5.1,19,F,UNVERIFIED_PUBLISH_PATH|DORMANT|SINGLE_MAINTAINER,1,10180,v0.2.0
'@fontsource-variable/libre-baskerville,5.3.0,81,B,,2,10172,v0.2.0
'@lucide/icons,1.25.0,58,C,INCONSISTENT_PUBLISH_PATH|SINGLE_MAINTAINER,1,10164,v0.2.0
fontmetrics,1.0.0,19,F,UNVERIFIED_PUBLISH_PATH|DORMANT|SINGLE_MAINTAINER,1,10156,v0.2.0
material-dynamic-colors,1.1.4,63,C,INCONSISTENT_PUBLISH_PATH|SINGLE_MAINTAINER,1,10140,v0.2.0
weathericons,2.1.0,29,F,UNVERIFIED_PUBLISH_PATH|DORMANT,4,10134,v0.2.0
rater-js,1.0.1,19,F,UNVERIFIED_PUBLISH_PATH|DORMANT|SINGLE_MAINTAINER,1,10111,v0.2.0
'@opentiny/vue-icon,3.30.0,20,F,UNVERIFIED_PUBLISH_PATH|SINGLE_MAINTAINER,1,10106,v0.2.0
'@fontsource-variable/vollkorn,5.3.0,81,B,,2,10088,v0.2.0
versor,0.2.0,19,F,UNVERIFIED_PUBLISH_PATH|DORMANT|SINGLE_MAINTAINER,1,10088,v0.2.0
copy-image-clipboard,2.1.2,15,F,UNVERIFIED_PUBLISH_PATH|DORMANT|SINGLE_MAINTAINER,1,10085,v0.2.0
jupyter-matplotlib,0.12.0,39,D,UNVERIFIED_PUBLISH_PATH,5,10082,v0.2.0
charts.css,1.2.0,25,F,UNVERIFIED_PUBLISH_PATH|SINGLE_MAINTAINER,1,10078,v0.2.0
iview,3.5.4,33,F,UNVERIFIED_PUBLISH_PATH|DORMANT,8,10077,v0.2.0
jqwidgets-scripts,26.0.0,34,F,UNVERIFIED_PUBLISH_PATH,2,10039,v0.2.0
'@pixelverse/strichjs-sdk,1.16.2,30,F,UNVERIFIED_PUBLISH_PATH|PUBLISHER_NOT_MAINTAINER,2,10033,v0.2.0
'@withfig/autocomplete,2.692.3,46,D,UNVERIFIED_PUBLISH_PATH,7,10025,v0.2.0
'@fontsource-variable/unbounded,5.3.0,81,B,,2,10018,v0.2.0
'@wix/wix-data-items-common,1.0.319,30,F,UNVERIFIED_PUBLISH_PATH,12,10015,v0.2.0
'@fontsource-variable/noto-sans-ethiopic,5.3.0,81,B,,2,10003,v0.2.0
xml-beautify,1.2.3,19,F,UNVERIFIED_PUBLISH_PATH|DORMANT|SINGLE_MAINTAINER,1,9978,v0.2.0
view-design,4.7.0,33,F,UNVERIFIED_PUBLISH_PATH|DORMANT,3,9968,v0.2.0
'@wix/wix-data-items-sdk,1.0.537,30,F,UNVERIFIED_PUBLISH_PATH,12,9965,v0.2.0
lightpick,1.6.2,14,F,UNVERIFIED_PUBLISH_PATH|DORMANT|SINGLE_MAINTAINER|PUBLISHER_NOT_MAINTAINER|DEPRECATED,1,9943,v0.2.0
'@fontsource-variable/gelasio,5.3.0,81,B,,2,9932,v0.2.0
devtools-detector,2.0.25,20,F,UNVERIFIED_PUBLISH_PATH|SINGLE_MAINTAINER,1,9924,v0.2.0
citation-js,0.8.2,25,F,UNVERIFIED_PUBLISH_PATH|SINGLE_MAINTAINER,1,9918,v0.2.0
mdi,2.2.43,19,F,UNVERIFIED_PUBLISH_PATH|DORMANT|SINGLE_MAINTAINER|DEPRECATED,1,9908,v0.2.0
'@jupyter-widgets/html-manager,1.0.14,39,D,UNVERIFIED_PUBLISH_PATH,8,9850,v0.2.0
photoswipe-video-plugin,1.0.2,19,F,UNVERIFIED_PUBLISH_PATH|DORMANT|SINGLE_MAINTAINER,1,9850,v0.2.0
leaflet-minimap,3.6.1,19,F,UNVERIFIED_PUBLISH_PATH|DORMANT|SINGLE_MAINTAINER,1,9811,v0.2.0
'@vant/touch-emulator,1.5.0,26,F,UNVERIFIED_PUBLISH_PATH|SINGLE_MAINTAINER,1,9809,v0.2.0
famfamfam-flags,1.0.0,19,F,UNVERIFIED_PUBLISH_PATH|DORMANT|SINGLE_MAINTAINER,1,9807,v0.2.0
'@rcsb/rcsb-saguaro,3.3.0,39,D,UNVERIFIED_PUBLISH_PATH,5,9777,v0.2.0
bootstrap-social,5.1.1,19,F,UNVERIFIED_PUBLISH_PATH|DORMANT|SINGLE_MAINTAINER,1,9773,v0.2.0
'@wix/filter-builder,1.0.245,30,F,UNVERIFIED_PUBLISH_PATH,12,9769,v0.2.0
editorjs-text-color-plugin,2.0.4,19,F,UNVERIFIED_PUBLISH_PATH|DORMANT|SINGLE_MAINTAINER,1,9755,v0.2.0
'@fontsource-variable/domine,5.3.0,81,B,,2,9753,v0.2.0
angular-jwt,0.1.11,35,D,UNVERIFIED_PUBLISH_PATH|DORMANT|PUBLISHER_NOT_MAINTAINER,21,9752,v0.2.0
slickgrid,5.18.6,87,A,,2,9711,v0.2.0
'@trimble-oss/modus-icons,1.21.0,46,D,UNVERIFIED_PUBLISH_PATH,8,9689,v0.2.0
inkjs,2.4.0,35,D,UNVERIFIED_PUBLISH_PATH,2,9669,v0.2.0
leaflet-extra-markers,2.0.1,25,F,UNVERIFIED_PUBLISH_PATH|SINGLE_MAINTAINER,1,9663,v0.2.0
esri-leaflet-cluster,3.0.1,33,F,UNVERIFIED_PUBLISH_PATH|DORMANT,4,9660,v0.2.0
resize-sensor,0.0.6,19,F,UNVERIFIED_PUBLISH_PATH|DORMANT|SINGLE_MAINTAINER,1,9654,v0.2.0
'@canva/app-ui-kit,5.13.0,21,F,UNVERIFIED_PUBLISH_PATH|SINGLE_MAINTAINER,1,9645,v0.2.0
dijit,1.17.3,33,F,UNVERIFIED_PUBLISH_PATH|DORMANT,2,9631,v0.2.0
'@splidejs/splide-extension-grid,0.4.1,19,F,UNVERIFIED_PUBLISH_PATH|DORMANT|SINGLE_MAINTAINER,1,9610,v0.2.0
js-image-zoom,0.7.0,14,F,UNVERIFIED_PUBLISH_PATH|DORMANT|SINGLE_MAINTAINER,1,9587,v0.2.0
'@fontsource-variable/noto-sans-hk,5.3.0,81,B,,2,9574,v0.2.0
nepali-date-converter,3.4.0,25,F,UNVERIFIED_PUBLISH_PATH|SINGLE_MAINTAINER,1,9562,v0.2.0
'@salutejs/plasma-new-hope,0.368.0,46,D,UNVERIFIED_PUBLISH_PATH,4,9552,v0.2.0
jquery-bridget,3.0.1,19,F,UNVERIFIED_PUBLISH_PATH|DORMANT|SINGLE_MAINTAINER,1,9552,v0.2.0
'@fontsource/unbounded,5.3.0,81,B,,2,9531,v0.2.0
'@fontsource-variable/noto-sans-lao,5.3.0,81,B,,2,9522,v0.2.0
videojs-contrib-quality-menu,1.0.4,35,D,UNVERIFIED_PUBLISH_PATH,18,9513,v0.2.0
'@lottiefiles/lottie-interactivity,1.6.2,33,F,UNVERIFIED_PUBLISH_PATH|DORMANT,2,9495,v0.2.0
'@fontsource-variable/noto-sans-gujarati,5.3.0,81,B,,2,9490,v0.2.0
'@fontsource/geologica,5.3.0,81,B,,2,9487,v0.2.0
jkanban,1.3.1,19,F,UNVERIFIED_PUBLISH_PATH|DORMANT|SINGLE_MAINTAINER,1,9446,v0.2.0
'@grapecity/spread-excelio,18.2.5,30,F,UNVERIFIED_PUBLISH_PATH,2,9442,v0.2.0
php-unserialize,0.0.1,14,F,UNVERIFIED_PUBLISH_PATH|DORMANT|SINGLE_MAINTAINER,1,9434,v0.2.0
fullpage.js,4.0.41,31,F,UNVERIFIED_PUBLISH_PATH|SINGLE_MAINTAINER,1,9410,v0.2.0
scandit-sdk,5.15.0,24,F,UNVERIFIED_PUBLISH_PATH|DORMANT|DEPRECATED,4,9395,v0.2.0
'@corva/ui,3.67.0,35,D,UNVERIFIED_PUBLISH_PATH,16,9394,v0.2.0
'@jspreadsheet/formula-pro,6.0.8,25,F,UNVERIFIED_PUBLISH_PATH|SINGLE_MAINTAINER,1,9382,v0.2.0
'@bryntum/schedulerpro-trial,7.3.3,35,D,UNVERIFIED_PUBLISH_PATH,2,9375,v0.2.0
'@wix/site,1.64.0,30,F,UNVERIFIED_PUBLISH_PATH,12,9372,v0.2.0
'@alpinejs/resize,3.15.12,63,C,INCONSISTENT_PUBLISH_PATH|SINGLE_MAINTAINER,1,9349,v0.2.0
moment-holiday,1.5.1,19,F,UNVERIFIED_PUBLISH_PATH|DORMANT|SINGLE_MAINTAINER|DEPRECATED,1,9338,v0.2.0
jquery-csv,1.0.40,46,D,DORMANT|SINGLE_MAINTAINER,1,9334,v0.2.0
'@wix/data,1.0.487,30,F,UNVERIFIED_PUBLISH_PATH,12,9330,v0.2.0
dohjs,0.3.3,19,F,UNVERIFIED_PUBLISH_PATH|DORMANT|SINGLE_MAINTAINER,1,9321,v0.2.0
'@egjs/grid,1.18.0,39,D,UNVERIFIED_PUBLISH_PATH,12,9317,v0.2.0
'@lucca-front/scss,21.4.0,84,B,INCONSISTENT_PUBLISH_PATH,3,9312,v0.2.0
ngx-scanner-qrcode,1.8.1,20,F,UNVERIFIED_PUBLISH_PATH|SINGLE_MAINTAINER,1,9310,v0.2.0
'@wix/authentication,1.16.0,30,F,UNVERIFIED_PUBLISH_PATH,12,9308,v0.2.0
'@alova/shared,1.3.3,26,F,UNVERIFIED_PUBLISH_PATH|SINGLE_MAINTAINER,1,9306,v0.2.0
'@snowplow/browser-plugin-media-tracking,4.8.4,39,D,UNVERIFIED_PUBLISH_PATH,3,9294,v0.2.0
spectrum-colorpicker2,2.0.10,15,F,UNVERIFIED_PUBLISH_PATH|DORMANT|SINGLE_MAINTAINER,1,9251,v0.2.0
babylonjs-loaders,9.17.0,25,F,UNVERIFIED_PUBLISH_PATH|SINGLE_MAINTAINER,1,9233,v0.2.0
'@vkontakte/vk-bridge,3.0.2,89,A,,3,9231,v0.2.0
'@stimulus-components/dialog,1.0.1,14,F,UNVERIFIED_PUBLISH_PATH|DORMANT|SINGLE_MAINTAINER,1,9230,v0.2.0
jquery-toast-plugin,1.3.2,19,F,UNVERIFIED_PUBLISH_PATH|DORMANT|SINGLE_MAINTAINER,1,9224,v0.2.0
nodelist-foreach-polyfill,1.2.0,19,F,UNVERIFIED_PUBLISH_PATH|DORMANT|SINGLE_MAINTAINER,1,9218,v0.2.0
photo-sphere-viewer,4.8.1,14,F,UNVERIFIED_PUBLISH_PATH|DORMANT|SINGLE_MAINTAINER|DEPRECATED,1,9215,v0.2.0
js-brasil,2.8.0,25,F,UNVERIFIED_PUBLISH_PATH|SINGLE_MAINTAINER,1,9206,v0.2.0
videojs-seek-buttons,3.0.1,19,F,UNVERIFIED_PUBLISH_PATH|DORMANT|SINGLE_MAINTAINER,1,9190,v0.2.0
bootstrap-filestyle,1.2.1,19,F,UNVERIFIED_PUBLISH_PATH|DORMANT|SINGLE_MAINTAINER|DEPRECATED,1,9172,v0.2.0
ractive,1.4.4,33,F,UNVERIFIED_PUBLISH_PATH|DORMANT,4,9167,v0.2.0
'@central-icons-react-native/round-outlined-radius-3-stroke-2,1.1.296,21,F,UNVERIFIED_PUBLISH_PATH|SINGLE_MAINTAINER,1,9162,v0.2.0
riot,10.1.4,25,F,UNVERIFIED_PUBLISH_PATH|SINGLE_MAINTAINER,1,9162,v0.2.0
'@hyperlane-xyz/registry,25.3.0,82,B,,4,9139,v0.2.0
'@sweetalert2/theme-dark,5.0.27,25,F,UNVERIFIED_PUBLISH_PATH|SINGLE_MAINTAINER|DEPRECATED,1,9121,v0.2.0
dsbridge,3.1.4,10,F,UNVERIFIED_PUBLISH_PATH|DORMANT|SINGLE_MAINTAINER,1,9112,v0.2.0
cnchar-data,1.1.0,19,F,UNVERIFIED_PUBLISH_PATH|DORMANT|SINGLE_MAINTAINER,1,9097,v0.2.0
just-detect-adblock,1.1.0,19,F,UNVERIFIED_PUBLISH_PATH|DORMANT|SINGLE_MAINTAINER,1,9078,v0.2.0
videojs-http-source-selector,1.1.6,19,F,UNVERIFIED_PUBLISH_PATH|DORMANT|SINGLE_MAINTAINER,1,9071,v0.2.0
'@expo-google-fonts/raleway,0.4.2,39,D,UNVERIFIED_PUBLISH_PATH,4,9066,v0.2.0
editorjs-toggle-block,0.3.16,39,D,UNVERIFIED_PUBLISH_PATH|DORMANT,2,9065,v0.2.0
'@thi.ng/vectors,8.6.37,21,F,UNVERIFIED_PUBLISH_PATH|SINGLE_MAINTAINER,1,9061,v0.2.0
raty-js,4.3.0,19,F,UNVERIFIED_PUBLISH_PATH|DORMANT|SINGLE_MAINTAINER,1,9058,v0.2.0
card,2.5.4,33,F,UNVERIFIED_PUBLISH_PATH|DORMANT,2,9048,v0.2.0
virtual-scroll,2.2.1,19,F,UNVERIFIED_PUBLISH_PATH|DORMANT|SINGLE_MAINTAINER,1,9034,v0.2.0
'@yandex/ymaps3-context-menu,0.0.2,35,D,UNVERIFIED_PUBLISH_PATH,2,8985,v0.2.0
blaze-slider,1.9.3,15,F,UNVERIFIED_PUBLISH_PATH|DORMANT|SINGLE_MAINTAINER,1,8977,v0.2.0
moment-recur,1.0.7,19,F,UNVERIFIED_PUBLISH_PATH|DORMANT|SINGLE_MAINTAINER,1,8977,v0.2.0
'@fontsource/m-plus-rounded-1c,5.3.0,81,B,,2,8976,v0.2.0
'@fontsource/roboto-flex,5.3.0,81,B,,2,8965,v0.2.0
'@mojs/core,1.7.1,19,F,UNVERIFIED_PUBLISH_PATH|DORMANT|SINGLE_MAINTAINER,1,8963,v0.2.0
'@fontsource/zen-kaku-gothic-new,5.3.0,81,B,,2,8959,v0.2.0
'@wix/auto_sdk_media_files,1.0.92,30,F,UNVERIFIED_PUBLISH_PATH,12,8959,v0.2.0
ol-layerswitcher,4.1.2,33,F,UNVERIFIED_PUBLISH_PATH|DORMANT,2,8952,v0.2.0
'@feedmepos/merge-css,1.0.1,29,F,UNVERIFIED_PUBLISH_PATH|DORMANT,3,8947,v0.2.0
jquery-inview,1.1.2,19,F,UNVERIFIED_PUBLISH_PATH|DORMANT|SINGLE_MAINTAINER,1,8945,v0.2.0
fetch-polyfill,0.8.2,19,F,UNVERIFIED_PUBLISH_PATH|DORMANT|SINGLE_MAINTAINER,1,8938,v0.2.0
rhino3dm,8.17.0,34,F,UNVERIFIED_PUBLISH_PATH,3,8933,v0.2.0
'@wix/auto_sdk_data_tasks,1.0.40,30,F,UNVERIFIED_PUBLISH_PATH,12,8929,v0.2.0
file-system-access,1.0.4,19,F,UNVERIFIED_PUBLISH_PATH|DORMANT|SINGLE_MAINTAINER,1,8912,v0.2.0
jquery-confirm,3.3.4,19,F,UNVERIFIED_PUBLISH_PATH|DORMANT|SINGLE_MAINTAINER,1,8912,v0.2.0
a-color-picker,1.2.1,19,F,UNVERIFIED_PUBLISH_PATH|DORMANT|SINGLE_MAINTAINER,1,8906,v0.2.0
'@dragdroptouch/drag-drop-touch,2.0.3,39,D,UNVERIFIED_PUBLISH_PATH,2,8905,v0.2.0
'@wix/auto_sdk_data_collections,1.0.88,30,F,UNVERIFIED_PUBLISH_PATH,12,8905,v0.2.0
svg-gauge,1.0.7,19,F,UNVERIFIED_PUBLISH_PATH|DORMANT|SINGLE_MAINTAINER,1,8904,v0.2.0
buttplug,5.0.1,25,F,UNVERIFIED_PUBLISH_PATH|SINGLE_MAINTAINER,1,8888,v0.2.0
notiflix,3.2.8,39,D,UNVERIFIED_PUBLISH_PATH|DORMANT,2,8882,v0.2.0
jsface,2.4.9,19,F,UNVERIFIED_PUBLISH_PATH|DORMANT|SINGLE_MAINTAINER,1,8872,v0.2.0
'@fluid-topics/public-api,1.0.129,35,D,UNVERIFIED_PUBLISH_PATH,3,8868,v0.2.0
public-google-sheets-parser,1.5.4,26,F,UNVERIFIED_PUBLISH_PATH|DORMANT|SINGLE_MAINTAINER,1,8859,v0.2.0
editorjs-text-alignment-blocktune,1.0.3,19,F,UNVERIFIED_PUBLISH_PATH|DORMANT|SINGLE_MAINTAINER,1,8858,v0.2.0
hyphenopoly,6.1.0,25,F,UNVERIFIED_PUBLISH_PATH|SINGLE_MAINTAINER,1,8853,v0.2.0
'@wix/auto_sdk_data_backups,1.0.66,30,F,UNVERIFIED_PUBLISH_PATH,12,8836,v0.2.0
luckyexcel,1.0.1,19,F,UNVERIFIED_PUBLISH_PATH|DORMANT|SINGLE_MAINTAINER,1,8835,v0.2.0
'@wix/auto_sdk_data_permissions,1.0.50,30,F,UNVERIFIED_PUBLISH_PATH,12,8824,v0.2.0
'@wix/auto_sdk_data_indexes,1.0.53,30,F,UNVERIFIED_PUBLISH_PATH,12,8821,v0.2.0
'@wix/auto_sdk_data_external-database-connections,1.0.49,30,F,UNVERIFIED_PUBLISH_PATH,12,8807,v0.2.0
'@wix/auto_sdk_data_movement-jobs,1.0.56,30,F,UNVERIFIED_PUBLISH_PATH,12,8804,v0.2.0
'@twemoji/svg,15.0.0,33,F,UNVERIFIED_PUBLISH_PATH|DORMANT,2,8782,v0.2.0
backbone-validation,0.11.5,33,F,UNVERIFIED_PUBLISH_PATH|DORMANT,2,8781,v0.2.0
'@wix/auto_sdk_data_external-database,1.0.30,30,F,UNVERIFIED_PUBLISH_PATH,12,8779,v0.2.0
mathquill,0.10.1-a,28,F,UNVERIFIED_PUBLISH_PATH|DORMANT|PUBLISHER_NOT_MAINTAINER,2,8755,v0.2.0
phosphor-icons,1.4.2,14,F,UNVERIFIED_PUBLISH_PATH|DORMANT|SINGLE_MAINTAINER,1,8742,v0.2.0
'@fontsource/rethink-sans,5.3.0,81,B,,2,8736,v0.2.0
'@wix/auto_sdk_ecom_catalog,1.0.59,30,F,UNVERIFIED_PUBLISH_PATH,12,8725,v0.2.0
'@wix/auto_sdk_data_sharing,1.0.21,30,F,UNVERIFIED_PUBLISH_PATH,12,8724,v0.2.0
'@tryghost/sodo-search,1.8.175,95,A,,34,8723,v0.2.0
vega-datasets,3.2.1,39,D,UNVERIFIED_PUBLISH_PATH,6,8716,v0.2.0
multiple-select,2.4.0,25,F,UNVERIFIED_PUBLISH_PATH|SINGLE_MAINTAINER,1,8709,v0.2.0
'@snowplow/browser-plugin-optimizely-x,4.8.4,39,D,UNVERIFIED_PUBLISH_PATH,3,8707,v0.2.0
'@marimo-team/islands,0.23.14,95,A,,2,8696,v0.2.0
source-sans-pro,3.6.0,19,F,UNVERIFIED_PUBLISH_PATH|DORMANT|SINGLE_MAINTAINER|DEPRECATED,1,8689,v0.2.0
macy,2.5.1,33,F,UNVERIFIED_PUBLISH_PATH|DORMANT,2,8688,v0.2.0
toastedjs,0.0.2,19,F,UNVERIFIED_PUBLISH_PATH|DORMANT|SINGLE_MAINTAINER,1,8687,v0.2.0
'@fontsource/comfortaa,5.3.0,81,B,,2,8686,v0.2.0
'@snowplow/browser-plugin-ecommerce,3.24.6,33,F,UNVERIFIED_PUBLISH_PATH|DORMANT,3,8677,v0.2.0
'@millicast/sdk,0.6.1,34,F,UNVERIFIED_PUBLISH_PATH|PUBLISHER_NOT_MAINTAINER|BRANCH_REQUIRES_PR,5,8672,v0.2.0
'@hmcts/ccd-case-ui-toolkit,7.3.75,94,A,,6,8665,v0.2.0
winbox,0.2.82,19,F,UNVERIFIED_PUBLISH_PATH|DORMANT|SINGLE_MAINTAINER,1,8634,v0.2.0
shopar-plugin,1.2.2,21,F,UNVERIFIED_PUBLISH_PATH|SINGLE_MAINTAINER,1,8625,v0.2.0
'@fontsource/ibm-plex-sans-thai,5.3.0,81,B,,2,8622,v0.2.0
'@fontsource/pt-mono,5.3.0,81,B,,2,8608,v0.2.0
sticky-kit,1.1.3,19,F,UNVERIFIED_PUBLISH_PATH|DORMANT|SINGLE_MAINTAINER,1,8606,v0.2.0
htmx-ext-sse,2.2.4,39,D,UNVERIFIED_PUBLISH_PATH,2,8600,v0.2.0
sunrise-sunset-js,3.3.0,63,C,INCONSISTENT_PUBLISH_PATH|SINGLE_MAINTAINER,1,8591,v0.2.0
'@snowplow/browser-plugin-enhanced-ecommerce,4.8.4,39,D,UNVERIFIED_PUBLISH_PATH,3,8575,v0.2.0
'@bigbinary/neeto-molecules,5.2.22,39,D,UNVERIFIED_PUBLISH_PATH,3,8574,v0.2.0
verovio,6.2.0,25,F,UNVERIFIED_PUBLISH_PATH|SINGLE_MAINTAINER,1,8562,v0.2.0
tether-drop,1.4.2,28,F,UNVERIFIED_PUBLISH_PATH|DORMANT|PUBLISHER_NOT_MAINTAINER,10,8526,v0.2.0
jquery-datatables-checkboxes,1.3.0,19,F,UNVERIFIED_PUBLISH_PATH|DORMANT|SINGLE_MAINTAINER,1,8525,v0.2.0
bootstrap-markdown,2.10.0,19,F,UNVERIFIED_PUBLISH_PATH|DORMANT|SINGLE_MAINTAINER,1,8508,v0.2.0
jquery-datepicker,1.12.3,15,F,UNVERIFIED_PUBLISH_PATH|DORMANT|SINGLE_MAINTAINER,1,8497,v0.2.0
'@fontsource/albert-sans,5.3.0,81,B,,2,8487,v0.2.0
'@clayui/css,3.165.0,34,F,UNVERIFIED_PUBLISH_PATH,9,8485,v0.2.0
'@wix/metro-runtime,1.2121.0,30,F,UNVERIFIED_PUBLISH_PATH,12,8467,v0.2.0
highgain,0.1.0,16,F,UNVERIFIED_PUBLISH_PATH|SINGLE_MAINTAINER,1,8440,v0.2.0
leaflet-image,0.4.0,14,F,UNVERIFIED_PUBLISH_PATH|DORMANT|SINGLE_MAINTAINER|PUBLISHER_NOT_MAINTAINER,1,8433,v0.2.0
loggly-jslogger,2.2.4,33,F,UNVERIFIED_PUBLISH_PATH|DORMANT,3,8433,v0.2.0
'@wix/auto_sdk_ecom_additional-fees,1.0.48,30,F,UNVERIFIED_PUBLISH_PATH,12,8431,v0.2.0
fitvids,2.1.1,19,F,UNVERIFIED_PUBLISH_PATH|DORMANT|SINGLE_MAINTAINER,1,8414,v0.2.0
jsmediatags,3.9.7,19,F,UNVERIFIED_PUBLISH_PATH|DORMANT|SINGLE_MAINTAINER,1,8409,v0.2.0
idpay-b2b-sdk,2.2.2,25,F,UNVERIFIED_PUBLISH_PATH|SINGLE_MAINTAINER,1,8390,v0.2.0
'@perspective-dev/viewer,4.5.2,40,D,UNVERIFIED_PUBLISH_PATH,2,8376,v0.2.0
gifsicle-wasm-browser,1.5.19,25,F,UNVERIFIED_PUBLISH_PATH|SINGLE_MAINTAINER,1,8367,v0.2.0
'@rive-app/webgl2-advanced,2.38.5,87,A,,5,8334,v0.2.0
'@wix/auto_sdk_ecom_payment-settings,1.0.136,30,F,UNVERIFIED_PUBLISH_PATH,12,8331,v0.2.0
panolens,0.12.1,33,F,UNVERIFIED_PUBLISH_PATH|DORMANT,2,8331,v0.2.0
'@iconify-json/fa-solid,1.2.2,21,F,UNVERIFIED_PUBLISH_PATH|SINGLE_MAINTAINER,1,8329,v0.2.0
'@photo-sphere-viewer/autorotate-plugin,5.14.3,73,B,SINGLE_MAINTAINER,1,8314,v0.2.0
'@wix/auto_sdk_ecom_cart-v-2,1.0.169,30,F,UNVERIFIED_PUBLISH_PATH,12,8307,v0.2.0
webcrypto,0.1.1,19,F,UNVERIFIED_PUBLISH_PATH|DORMANT|SINGLE_MAINTAINER,1,8292,v0.2.0
'@antv/s2,2.7.2,77,B,INCONSISTENT_PUBLISH_PATH,18,8291,v0.2.0
'@fontsource-variable/jost,5.3.0,81,B,,2,8281,v0.2.0
flowise-embed,3.1.6,35,D,UNVERIFIED_PUBLISH_PATH,10,8254,v0.2.0
systemjs-plugin-babel,0.0.25,19,F,UNVERIFIED_PUBLISH_PATH|DORMANT|SINGLE_MAINTAINER,1,8248,v0.2.0
'@3d-dice/dice-box,1.1.4,19,F,UNVERIFIED_PUBLISH_PATH|DORMANT|SINGLE_MAINTAINER,1,8243,v0.2.0
videojs-overlay,4.0.0,28,F,UNVERIFIED_PUBLISH_PATH|DORMANT|PUBLISHER_NOT_MAINTAINER,84,8241,v0.2.0
benz-amr-recorder,1.1.5,19,F,UNVERIFIED_PUBLISH_PATH|DORMANT|SINGLE_MAINTAINER,1,8239,v0.2.0
svg-injector,1.1.3,19,F,UNVERIFIED_PUBLISH_PATH|DORMANT|SINGLE_MAINTAINER,1,8235,v0.2.0
'@material-symbols/svg-200,0.45.8,73,B,SINGLE_MAINTAINER,1,8221,v0.2.0
'@mediapipe/tasks-text,0.10.35,30,F,UNVERIFIED_PUBLISH_PATH,8,8220,v0.2.0
mdbootstrap,4.20.0,33,F,UNVERIFIED_PUBLISH_PATH|DORMANT,17,8209,v0.2.0
chartjs-plugin-colorschemes,0.4.0,19,F,UNVERIFIED_PUBLISH_PATH|DORMANT|SINGLE_MAINTAINER,1,8204,v0.2.0
ouibounce,0.0.12,33,F,UNVERIFIED_PUBLISH_PATH|DORMANT,2,8182,v0.2.0
vimeo-froogaloop2,0.1.1,19,F,UNVERIFIED_PUBLISH_PATH|DORMANT|SINGLE_MAINTAINER,1,8174,v0.2.0
'@iconify-json/flag,1.2.12,21,F,UNVERIFIED_PUBLISH_PATH|SINGLE_MAINTAINER,1,8140,v0.2.0
marked-linkify-it,4.0.0,73,B,SINGLE_MAINTAINER,1,8134,v0.2.0
'@silvermine/videojs-quality-selector,1.3.1,33,F,UNVERIFIED_PUBLISH_PATH|DORMANT,5,8120,v0.2.0
'@wix/auto_sdk_ecom_tip-settings,1.0.53,30,F,UNVERIFIED_PUBLISH_PATH,12,8102,v0.2.0
bootstrap-datetime-picker,2.4.4,19,F,UNVERIFIED_PUBLISH_PATH|DORMANT|SINGLE_MAINTAINER,1,8093,v0.2.0
pace-progress,1.0.2,33,F,UNVERIFIED_PUBLISH_PATH|DORMANT|DEPRECATED,2,8084,v0.2.0
orgchart,5.0.0,19,F,UNVERIFIED_PUBLISH_PATH|DORMANT|SINGLE_MAINTAINER,1,8065,v0.2.0
'@fontsource/architects-daughter,5.3.0,81,B,,2,8064,v0.2.0
maptalks,1.12.1,30,F,UNVERIFIED_PUBLISH_PATH,2,8061,v0.2.0
htmx-ext-preload,2.1.2,25,F,UNVERIFIED_PUBLISH_PATH|SINGLE_MAINTAINER,1,8056,v0.2.0
lato-font,3.0.0,19,F,UNVERIFIED_PUBLISH_PATH|DORMANT|SINGLE_MAINTAINER,1,8037,v0.2.0
'@flagship.io/js-sdk,5.2.0,87,A,,4,8028,v0.2.0
splitting,1.1.0,19,F,UNVERIFIED_PUBLISH_PATH|DORMANT|SINGLE_MAINTAINER,1,8021,v0.2.0
'@derockdev/discord-components-core,3.6.1,26,F,UNVERIFIED_PUBLISH_PATH|DORMANT|SINGLE_MAINTAINER,1,8018,v0.2.0
hack-font,3.3.0,33,F,UNVERIFIED_PUBLISH_PATH|DORMANT,3,8003,v0.2.0
'@openui5/themelib_sap_belize,1.150.0,34,F,UNVERIFIED_PUBLISH_PATH,2,7998,v0.2.0
'@wix/auto_sdk_ecom_totals-calculator,1.0.108,30,F,UNVERIFIED_PUBLISH_PATH,12,7958,v0.2.0
'@deriv-com/quill-tokens,2.0.31,32,F,UNVERIFIED_PUBLISH_PATH|SINGLE_MAINTAINER,1,7946,v0.2.0
'@wix/headless-cms,0.0.50,30,F,UNVERIFIED_PUBLISH_PATH,12,7906,v0.2.0
'@meteocons/svg,0.1.0,25,F,UNVERIFIED_PUBLISH_PATH|SINGLE_MAINTAINER,1,7905,v0.2.0
'@wix/auto_sdk_ecom_order-billing,1.0.95,30,F,UNVERIFIED_PUBLISH_PATH,12,7902,v0.2.0
'@wix/auto_sdk_ecom_order-transactions,1.0.100,30,F,UNVERIFIED_PUBLISH_PATH,12,7898,v0.2.0
rx-player,4.5.0,87,A,,2,7892,v0.2.0
webui-popover,1.2.18,19,F,UNVERIFIED_PUBLISH_PATH|DORMANT|SINGLE_MAINTAINER,1,7889,v0.2.0
jquery.hotkeys,0.1.0,33,F,UNVERIFIED_PUBLISH_PATH|DORMANT,2,7875,v0.2.0
'@fontsource-variable/google-sans-flex,5.3.0,81,B,,2,7874,v0.2.0
angular-nvd3,1.0.9,19,F,UNVERIFIED_PUBLISH_PATH|DORMANT|SINGLE_MAINTAINER,1,7873,v0.2.0
'@wix/auto_sdk_ecom_delivery-profile,1.0.423,30,F,UNVERIFIED_PUBLISH_PATH,12,7853,v0.2.0
css.gg,2.1.4,19,F,UNVERIFIED_PUBLISH_PATH|DORMANT|SINGLE_MAINTAINER|BRANCH_REQUIRES_SIGNATURES|BRANCH_REQUIRES_PR,1,7843,v0.2.0
typeface-lato,1.1.13,14,F,UNVERIFIED_PUBLISH_PATH|DORMANT|SINGLE_MAINTAINER,1,7841,v0.2.0
filepond-plugin-image-filter,1.0.1,19,F,UNVERIFIED_PUBLISH_PATH|DORMANT|SINGLE_MAINTAINER,1,7827,v0.2.0
'@iconify-json/mynaui,1.2.19,21,F,UNVERIFIED_PUBLISH_PATH|SINGLE_MAINTAINER,1,7826,v0.2.0
'@pnotify/core,5.2.0,19,F,UNVERIFIED_PUBLISH_PATH|DORMANT|SINGLE_MAINTAINER,1,7824,v0.2.0
bitmovin-analytics,2.58.0,21,F,UNVERIFIED_PUBLISH_PATH|SINGLE_MAINTAINER,1,7807,v0.2.0
'@preline/dropdown,4.2.0,39,D,UNVERIFIED_PUBLISH_PATH,3,7803,v0.2.0
'@fontsource/luckiest-guy,5.3.0,81,B,,2,7801,v0.2.0
hooper,0.3.4,24,F,UNVERIFIED_PUBLISH_PATH|DORMANT,2,7800,v0.2.0
'@fontsource/pretendard,5.3.0,81,B,,2,7796,v0.2.0
breeze-client,2.2.2,39,D,UNVERIFIED_PUBLISH_PATH,5,7790,v0.2.0
'@fontsource/ibm-plex-sans-jp,5.3.0,81,B,,2,7789,v0.2.0
numeraljs,1.5.6,33,F,UNVERIFIED_PUBLISH_PATH|DORMANT,2,7785,v0.2.0
anychart,8.14.1,25,F,UNVERIFIED_PUBLISH_PATH|SINGLE_MAINTAINER,1,7757,v0.2.0
'@fontsource-variable/noto-serif-jp,5.3.0,81,B,,2,7745,v0.2.0
'@wix/form-public,0.321.0,30,F,UNVERIFIED_PUBLISH_PATH,12,7729,v0.2.0
photoeditorsdk,5.20.0,39,D,UNVERIFIED_PUBLISH_PATH,12,7726,v0.2.0
linkify-plugin-mention,4.3.3,79,B,SINGLE_MAINTAINER,1,7704,v0.2.0
devextreme-aspnet-data,5.1.0,47,D,UNVERIFIED_PUBLISH_PATH,3,7703,v0.2.0
lightgallery.js,1.4.0,19,F,UNVERIFIED_PUBLISH_PATH|DORMANT|SINGLE_MAINTAINER,1,7688,v0.2.0
'@wix/auto_sdk_ecom_shipping-options,1.0.187,30,F,UNVERIFIED_PUBLISH_PATH,12,7687,v0.2.0
leaflet.awesome-markers,2.0.5,14,F,UNVERIFIED_PUBLISH_PATH|DORMANT|SINGLE_MAINTAINER|PUBLISHER_NOT_MAINTAINER,1,7672,v0.2.0
'@fontsource/noto-serif-kr,5.3.0,81,B,,2,7670,v0.2.0
gif.js.optimized,1.0.1,19,F,UNVERIFIED_PUBLISH_PATH|DORMANT|SINGLE_MAINTAINER,1,7669,v0.2.0
'@wix/auto_sdk_ecom_cart,1.0.169,30,F,UNVERIFIED_PUBLISH_PATH,12,7647,v0.2.0
vue-numeric,2.5.1,19,F,UNVERIFIED_PUBLISH_PATH|DORMANT|SINGLE_MAINTAINER,1,7647,v0.2.0
'@fontsource/patrick-hand,5.3.0,81,B,,2,7641,v0.2.0
bxslider,4.2.17,19,F,UNVERIFIED_PUBLISH_PATH|DORMANT|SINGLE_MAINTAINER,1,7639,v0.2.0
'@wix/auto_sdk_ecom_subscription-contracts,1.0.119,30,F,UNVERIFIED_PUBLISH_PATH,12,7611,v0.2.0
'@wix/auto_sdk_ecom_checkout-templates,1.0.145,30,F,UNVERIFIED_PUBLISH_PATH,12,7608,v0.2.0
polyfill,0.1.0,28,F,UNVERIFIED_PUBLISH_PATH|DORMANT,2,7607,v0.2.0
kjua,0.10.0,19,F,UNVERIFIED_PUBLISH_PATH|DORMANT|SINGLE_MAINTAINER,1,7603,v0.2.0
'@iconify-json/devicon,1.2.62,21,F,UNVERIFIED_PUBLISH_PATH|SINGLE_MAINTAINER,1,7587,v0.2.0
'@wix/auto_sdk_ecom_current-cart-v-2,1.0.170,30,F,UNVERIFIED_PUBLISH_PATH,12,7572,v0.2.0
'@fontsource/league-spartan,5.3.0,81,B,,2,7566,v0.2.0
'@fontsource/saira,5.3.0,81,B,,2,7556,v0.2.0
'@salutejs/plasma-icons,1.242.0,46,D,UNVERIFIED_PUBLISH_PATH,4,7556,v0.2.0
bulma-extensions,6.2.7,28,F,UNVERIFIED_PUBLISH_PATH|DORMANT|PUBLISHER_NOT_MAINTAINER|DEPRECATED,2,7556,v0.2.0
'@alaskaairux/icons,5.24.0,32,F,UNVERIFIED_PUBLISH_PATH|SINGLE_MAINTAINER,1,7554,v0.2.0
snazzy-info-window,1.1.1,19,F,UNVERIFIED_PUBLISH_PATH|DORMANT|SINGLE_MAINTAINER,1,7545,v0.2.0
'@genpact/genome.mfe.solidify-app,3.15.0,21,F,UNVERIFIED_PUBLISH_PATH|SINGLE_MAINTAINER,1,7540,v0.2.0
'@wix/auto_sdk_ecom_orders,1.0.273,30,F,UNVERIFIED_PUBLISH_PATH,12,7523,v0.2.0
'@wix/headless-blog,0.0.34,30,F,UNVERIFIED_PUBLISH_PATH,12,7522,v0.2.0
leaflet-ant-path,1.3.0,14,F,UNVERIFIED_PUBLISH_PATH|DORMANT|SINGLE_MAINTAINER,1,7513,v0.2.0
'@wix/auto_sdk_ecom_draft-orders,1.0.163,30,F,UNVERIFIED_PUBLISH_PATH,12,7502,v0.2.0
flagpack,1.0.5,19,F,UNVERIFIED_PUBLISH_PATH|DORMANT|SINGLE_MAINTAINER,1,7490,v0.2.0
jquery-typeahead,2.11.1,19,F,UNVERIFIED_PUBLISH_PATH|DORMANT|SINGLE_MAINTAINER,1,7488,v0.2.0
flickity-fade,2.0.0,19,F,UNVERIFIED_PUBLISH_PATH|DORMANT|SINGLE_MAINTAINER,1,7452,v0.2.0
leaflet-textpath,1.3.0,39,D,UNVERIFIED_PUBLISH_PATH,7,7452,v0.2.0
'@tsparticles/plugin-sounds,4.3.2,69,C,INCONSISTENT_PUBLISH_PATH|SINGLE_MAINTAINER,1,7442,v0.2.0
'@wix/ecom_app-extensions,1.0.106,30,F,UNVERIFIED_PUBLISH_PATH,12,7437,v0.2.0
'@wix/auto_sdk_ecom_memberships,1.0.60,30,F,UNVERIFIED_PUBLISH_PATH,12,7434,v0.2.0
'@wix/auto_sdk_ecom_back-in-stock-notifications,1.0.61,30,F,UNVERIFIED_PUBLISH_PATH,12,7426,v0.2.0
'@wix/auto_sdk_data_scheduled-workflows,1.0.6,30,F,UNVERIFIED_PUBLISH_PATH,12,7419,v0.2.0
videojs-mobile-ui,1.2.6,25,F,UNVERIFIED_PUBLISH_PATH|SINGLE_MAINTAINER,1,7418,v0.2.0
'@wix/auto_sdk_ecom_tax-calculation-provider,1.0.29,30,F,UNVERIFIED_PUBLISH_PATH,12,7404,v0.2.0
'@wix/auto_sdk_ecom_abandoned-checkouts,1.0.76,30,F,UNVERIFIED_PUBLISH_PATH,12,7400,v0.2.0
mapbox-gl-leaflet,0.0.16,33,F,UNVERIFIED_PUBLISH_PATH|DORMANT,5,7386,v0.2.0
'@wix/auto_sdk_ecom_discount-rules,1.0.110,30,F,UNVERIFIED_PUBLISH_PATH,12,7377,v0.2.0
'@wix/auto_sdk_ecom_recommendations-provider,1.0.32,30,F,UNVERIFIED_PUBLISH_PATH,12,7374,v0.2.0
'@wix/auto_sdk_ecom_checkout-settings,1.0.66,30,F,UNVERIFIED_PUBLISH_PATH,12,7366,v0.2.0
'@wix/auto_sdk_ecom_order-payment-requests,1.0.61,30,F,UNVERIFIED_PUBLISH_PATH,12,7366,v0.2.0
readmore-js,2.2.1,19,F,UNVERIFIED_PUBLISH_PATH|DORMANT|SINGLE_MAINTAINER,1,7364,v0.2.0
'@wix/auto_sdk_ecom_validations,1.0.54,30,F,UNVERIFIED_PUBLISH_PATH,12,7355,v0.2.0
infinite-scroll,5.0.0,25,F,UNVERIFIED_PUBLISH_PATH|SINGLE_MAINTAINER,1,7355,v0.2.0
'@pipedrive/app-extensions-sdk,0.16.0,84,B,INCONSISTENT_PUBLISH_PATH,3,7354,v0.2.0
'@wix/auto_sdk_ecom_delivery-solutions,1.0.60,30,F,UNVERIFIED_PUBLISH_PATH,12,7353,v0.2.0
'@wix/auto_sdk_ecom_pickup-locations,1.0.49,30,F,UNVERIFIED_PUBLISH_PATH,12,7345,v0.2.0
'@wix/auto_sdk_ecom_local-delivery-options,1.0.51,30,F,UNVERIFIED_PUBLISH_PATH,12,7342,v0.2.0
'@wix/auto_sdk_ecom_shippo-configurations,1.0.68,30,F,UNVERIFIED_PUBLISH_PATH,12,7338,v0.2.0
'@wix/auto_sdk_ecom_tips,1.0.61,30,F,UNVERIFIED_PUBLISH_PATH,12,7335,v0.2.0
'@wix/auto_sdk_ecom_order-fulfillments,1.0.60,30,F,UNVERIFIED_PUBLISH_PATH,12,7332,v0.2.0
microtip,0.2.2,19,F,UNVERIFIED_PUBLISH_PATH|DORMANT|SINGLE_MAINTAINER,1,7331,v0.2.0
'@fontsource/mona-sans,5.3.0,81,B,,2,7327,v0.2.0
vue-snotify,3.2.1,14,F,UNVERIFIED_PUBLISH_PATH|DORMANT|SINGLE_MAINTAINER,1,7324,v0.2.0
'@wix/auto_sdk_ecom_orders-settings,1.0.53,30,F,UNVERIFIED_PUBLISH_PATH,12,7323,v0.2.0
'@wix/auto_sdk_ecom_order-invoices,1.0.51,30,F,UNVERIFIED_PUBLISH_PATH,12,7322,v0.2.0
leaflet-easyprint,2.1.9,19,F,UNVERIFIED_PUBLISH_PATH|DORMANT|SINGLE_MAINTAINER,1,7318,v0.2.0
'@wix/auto_sdk_ecom_gift-vouchers-provider,1.0.34,30,F,UNVERIFIED_PUBLISH_PATH,12,7308,v0.2.0
'@iconify-json/majesticons,1.2.5,21,F,UNVERIFIED_PUBLISH_PATH|SINGLE_MAINTAINER,1,7302,v0.2.0
'@alpinejs/ui,3.15.12,63,C,INCONSISTENT_PUBLISH_PATH|SINGLE_MAINTAINER,1,7293,v0.2.0
carbon-web-components,1.21.0,40,D,UNVERIFIED_PUBLISH_PATH|DORMANT|DEPRECATED,5,7291,v0.2.0
angular-bootstrap-calendar,1.0.0,19,F,UNVERIFIED_PUBLISH_PATH|DORMANT|SINGLE_MAINTAINER,1,7287,v0.2.0
ngx-select-dropdown,3.3.2,19,F,UNVERIFIED_PUBLISH_PATH|DORMANT|SINGLE_MAINTAINER,1,7281,v0.2.0
lucky-canvas,1.7.27,28,F,UNVERIFIED_PUBLISH_PATH|DORMANT,2,7275,v0.2.0
a11y-dialog-component,5.5.1,19,F,UNVERIFIED_PUBLISH_PATH|DORMANT|SINGLE_MAINTAINER,1,7253,v0.2.0
'@accessible360/accessible-slick,1.0.1,28,F,UNVERIFIED_PUBLISH_PATH|DORMANT|PUBLISHER_NOT_MAINTAINER,2,7247,v0.2.0
jquery.inputmask,3.3.4,19,F,UNVERIFIED_PUBLISH_PATH|DORMANT|SINGLE_MAINTAINER|DEPRECATED,1,7245,v0.2.0
'@fontsource/marcellus,5.3.0,81,B,,2,7241,v0.2.0
'@fontsource/lobster,5.3.0,81,B,,2,7222,v0.2.0
'@wix/auto_sdk_ecom_tax-groups,1.0.60,30,F,UNVERIFIED_PUBLISH_PATH,12,7218,v0.2.0
angular-material-icons,0.7.1,19,F,UNVERIFIED_PUBLISH_PATH|DORMANT|SINGLE_MAINTAINER,1,7215,v0.2.0
'@wix/auto_sdk_ecom_tax-regions,1.0.57,30,F,UNVERIFIED_PUBLISH_PATH,12,7181,v0.2.0
tarteaucitronjs,1.34.0,31,F,UNVERIFIED_PUBLISH_PATH|SINGLE_MAINTAINER,1,7166,v0.2.0
'@fontsource/alfa-slab-one,5.3.0,81,B,,2,7163,v0.2.0
'@fontsource/alegreya,5.3.0,81,B,,2,7152,v0.2.0
'@wix/wix-ui-test-utils,1.3.5,30,F,UNVERIFIED_PUBLISH_PATH,6,7152,v0.2.0
'@fontsource/bangers,5.3.0,81,B,,2,7146,v0.2.0
'@splidejs/splide-extension-video,0.8.0,19,F,UNVERIFIED_PUBLISH_PATH|DORMANT|SINGLE_MAINTAINER,1,7146,v0.2.0
emmet-monaco-es,5.7.0,25,F,UNVERIFIED_PUBLISH_PATH|SINGLE_MAINTAINER,1,7124,v0.2.0
'@feathersjs/client,5.0.46,39,D,UNVERIFIED_PUBLISH_PATH,2,7123,v0.2.0
'@fontsource-variable/fredoka,5.3.0,81,B,,2,7123,v0.2.0
bootstrap-validator,0.11.9,19,F,UNVERIFIED_PUBLISH_PATH|DORMANT|SINGLE_MAINTAINER,1,7079,v0.2.0
natively,2.28.5,39,D,UNVERIFIED_PUBLISH_PATH,2,7076,v0.2.0
typeahead-standalone,5.4.0,20,F,UNVERIFIED_PUBLISH_PATH|DORMANT|SINGLE_MAINTAINER,1,7048,v0.2.0
date-input-polyfill,2.14.0,19,F,UNVERIFIED_PUBLISH_PATH|DORMANT|SINGLE_MAINTAINER,1,7044,v0.2.0
'@wix/forms,1.0.463,30,F,UNVERIFIED_PUBLISH_PATH,12,7035,v0.2.0
simple-notify,1.0.6,19,F,UNVERIFIED_PUBLISH_PATH|DORMANT|SINGLE_MAINTAINER,1,7029,v0.2.0
'@barba/core,2.10.3,33,F,UNVERIFIED_PUBLISH_PATH|DORMANT,3,7027,v0.2.0
vue-simple-spinner,1.2.10,19,F,UNVERIFIED_PUBLISH_PATH|DORMANT|SINGLE_MAINTAINER,1,7004,v0.2.0
'@wix/auto_sdk_ecom_manual-tax-mappings,1.0.37,30,F,UNVERIFIED_PUBLISH_PATH,12,6990,v0.2.0
clippyjs,0.1.0,25,F,UNVERIFIED_PUBLISH_PATH|SINGLE_MAINTAINER,1,6989,v0.2.0
jquery.ripples,0.6.3,19,F,UNVERIFIED_PUBLISH_PATH|DORMANT|SINGLE_MAINTAINER,1,6987,v0.2.0
beautifymarker,1.0.9,19,F,UNVERIFIED_PUBLISH_PATH|DORMANT|SINGLE_MAINTAINER,1,6976,v0.2.0
'@fontsource/allura,5.3.0,81,B,,2,6959,v0.2.0
'@calumk/editorjs-columns,0.4.0,73,B,SINGLE_MAINTAINER,1,6953,v0.2.0
leaflet-toolbar,0.4.0-alpha.2,19,F,UNVERIFIED_PUBLISH_PATH|DORMANT|SINGLE_MAINTAINER,1,6949,v0.2.0
flickity-sync,3.0.0,19,F,UNVERIFIED_PUBLISH_PATH|DORMANT|SINGLE_MAINTAINER,1,6941,v0.2.0
'@ruffle-rs/ruffle,0.4.1,87,A,BRANCH_REQUIRES_PR,4,6937,v0.2.0
lg-thumbnail,1.2.1,19,F,UNVERIFIED_PUBLISH_PATH|DORMANT|SINGLE_MAINTAINER,1,6927,v0.2.0
dragscroll,0.0.8,14,F,UNVERIFIED_PUBLISH_PATH|DORMANT|SINGLE_MAINTAINER,1,6913,v0.2.0
'@iconify-json/streamline,1.2.5,21,F,UNVERIFIED_PUBLISH_PATH|SINGLE_MAINTAINER,1,6905,v0.2.0
boosted,5.3.8,52,C,UNVERIFIED_PUBLISH_PATH,5,6895,v0.2.0
'@wix/unidriver-core,1.5.5,30,F,UNVERIFIED_PUBLISH_PATH,12,6894,v0.2.0
'@wix/auto_sdk_ecom_recommendations,1.0.45,30,F,UNVERIFIED_PUBLISH_PATH,12,6888,v0.2.0
'@wix/auto_sdk_ecom_gift-vouchers,1.0.42,30,F,UNVERIFIED_PUBLISH_PATH,12,6887,v0.2.0
'@wix/auto_sdk_ecom_currencies,1.0.34,30,F,UNVERIFIED_PUBLISH_PATH,12,6885,v0.2.0
'@wix/auto_sdk_ecom_custom-triggers,1.0.37,30,F,UNVERIFIED_PUBLISH_PATH,12,6885,v0.2.0
'@wix/auto_sdk_ecom_tippable-staff,1.0.39,30,F,UNVERIFIED_PUBLISH_PATH,12,6884,v0.2.0
'@svgdotjs/svg.panzoom.js,2.1.2,33,F,UNVERIFIED_PUBLISH_PATH|DORMANT,2,6883,v0.2.0
'@fontsource/dosis,5.3.0,81,B,,2,6880,v0.2.0
'@wix/auto_sdk_ecom_back-in-stock-settings,1.0.40,30,F,UNVERIFIED_PUBLISH_PATH,12,6880,v0.2.0
'@wix/auto_sdk_ecom_discounts-custom-trigger,1.0.43,30,F,UNVERIFIED_PUBLISH_PATH,12,6880,v0.2.0
jsoniq,0.0.8,19,F,UNVERIFIED_PUBLISH_PATH|DORMANT|SINGLE_MAINTAINER,1,6876,v0.2.0
wow.js,1.2.2,19,F,UNVERIFIED_PUBLISH_PATH|DORMANT|SINGLE_MAINTAINER|DEPRECATED,1,6876,v0.2.0
'@wix/auto_sdk_forms_submissions,1.0.139,30,F,UNVERIFIED_PUBLISH_PATH,12,6875,v0.2.0
'@fontsource/comic-neue,5.3.0,81,B,,2,6874,v0.2.0
'@wix/auto_sdk_ecom_checkout-content,1.0.35,30,F,UNVERIFIED_PUBLISH_PATH,12,6873,v0.2.0
'@wix/auto_sdk_ecom_shipping-rates,1.0.38,30,F,UNVERIFIED_PUBLISH_PATH,12,6869,v0.2.0
excellentexport,3.9.15,25,F,UNVERIFIED_PUBLISH_PATH|SINGLE_MAINTAINER,1,6869,v0.2.0
cross-storage,1.0.0,26,F,UNVERIFIED_PUBLISH_PATH|DORMANT|SINGLE_MAINTAINER,1,6866,v0.2.0
jquery-circle-progress,1.2.2,19,F,UNVERIFIED_PUBLISH_PATH|DORMANT|SINGLE_MAINTAINER,1,6855,v0.2.0
hyperscript.org,0.9.93,39,D,UNVERIFIED_PUBLISH_PATH,2,6828,v0.2.0
justgage,2.0.1,39,D,UNVERIFIED_PUBLISH_PATH,2,6821,v0.2.0
'@snowplow/browser-plugin-debugger,4.8.4,39,D,UNVERIFIED_PUBLISH_PATH,3,6815,v0.2.0
'@dynatrace/openkit-js,4.2.0,34,F,UNVERIFIED_PUBLISH_PATH,4,6792,v0.2.0
'@sum.cumo/vue-datepicker,5.0.0,33,F,UNVERIFIED_PUBLISH_PATH|DORMANT,6,6792,v0.2.0
'@fontsource/libre-caslon-text,5.3.0,81,B,,2,6786,v0.2.0
'@silvermine/videojs-chromecast,1.5.0,33,F,UNVERIFIED_PUBLISH_PATH|DORMANT,5,6786,v0.2.0
'@vap/shiki,0.10.5,19,F,UNVERIFIED_PUBLISH_PATH|DORMANT|SINGLE_MAINTAINER,1,6784,v0.2.0
'@primer-io/primer-js,1.6.3,35,D,UNVERIFIED_PUBLISH_PATH,2,6780,v0.2.0
'@fontsource/sacramento,5.3.0,81,B,,2,6778,v0.2.0
'@tsparticles/path-zig-zag,4.3.2,69,C,INCONSISTENT_PUBLISH_PATH|SINGLE_MAINTAINER,1,6775,v0.2.0
webex,3.12.0,46,D,UNVERIFIED_PUBLISH_PATH,2,6766,v0.2.0
'@wix/headless-forms,0.0.45,30,F,UNVERIFIED_PUBLISH_PATH,6,6759,v0.2.0
stimulus-dropdown,2.1.0,14,F,UNVERIFIED_PUBLISH_PATH|DORMANT|SINGLE_MAINTAINER|DEPRECATED,1,6752,v0.2.0
brain.js,2.0.0-beta.24,33,F,UNVERIFIED_PUBLISH_PATH|DORMANT,3,6741,v0.2.0
'@wix/auto_sdk_ecom_tax-calculation,1.0.50,30,F,UNVERIFIED_PUBLISH_PATH,12,6740,v0.2.0
basiclightbox,5.0.4,19,F,UNVERIFIED_PUBLISH_PATH|DORMANT|SINGLE_MAINTAINER,1,6707,v0.2.0
'@searchkit/instantsearch-client,4.15.0,45,D,UNVERIFIED_PUBLISH_PATH,2,6697,v0.2.0
'@fontsource-variable/lexend-deca,5.3.0,81,B,,2,6696,v0.2.0
'@ryangjchandler/spruce,2.7.1,19,F,UNVERIFIED_PUBLISH_PATH|DORMANT|SINGLE_MAINTAINER,1,6691,v0.2.0
'@fontsource/pinyon-script,5.3.0,81,B,,2,6683,v0.2.0
wsemi,1.8.65,31,F,UNVERIFIED_PUBLISH_PATH|SINGLE_MAINTAINER,1,6683,v0.2.0
danfojs,1.2.0,39,D,UNVERIFIED_PUBLISH_PATH,3,6681,v0.2.0
'@tesseract.js-data/chi_sim,1.0.0,19,F,UNVERIFIED_PUBLISH_PATH|DORMANT|SINGLE_MAINTAINER,1,6677,v0.2.0
mo-js,0.288.2,19,F,UNVERIFIED_PUBLISH_PATH|DORMANT|SINGLE_MAINTAINER,1,6671,v0.2.0
js-xlsx,0.8.22,19,F,UNVERIFIED_PUBLISH_PATH|DORMANT|SINGLE_MAINTAINER,1,6665,v0.2.0
jquery-ui-multiselect-widget,3.0.1,19,F,UNVERIFIED_PUBLISH_PATH|DORMANT|SINGLE_MAINTAINER,1,6658,v0.2.0
'@eid-easy/eideasy-widget,3.17.0,39,D,UNVERIFIED_PUBLISH_PATH,2,6643,v0.2.0
'@iabtcf/stub,1.5.6,28,F,UNVERIFIED_PUBLISH_PATH|DORMANT,3,6639,v0.2.0
angucomplete-alt,3.0.0,19,F,UNVERIFIED_PUBLISH_PATH|DORMANT|SINGLE_MAINTAINER,1,6632,v0.2.0
'@wix/auto_sdk_forms_interactive-form-sessions,1.0.66,30,F,UNVERIFIED_PUBLISH_PATH,12,6621,v0.2.0
layui,2.13.8,45,D,UNVERIFIED_PUBLISH_PATH,2,6616,v0.2.0
gettext.js,2.0.3,15,F,UNVERIFIED_PUBLISH_PATH|DORMANT|SINGLE_MAINTAINER,1,6614,v0.2.0
lvovich,2.1.0,25,F,UNVERIFIED_PUBLISH_PATH|SINGLE_MAINTAINER,1,6612,v0.2.0
'@fontsource/assistant,5.3.0,81,B,,2,6609,v0.2.0
'@wix/auto_sdk_forms_form-submissions,1.0.22,30,F,UNVERIFIED_PUBLISH_PATH,12,6594,v0.2.0
'@wix/auto_sdk_forms_form-spam-submission-reports,1.0.37,30,F,UNVERIFIED_PUBLISH_PATH,12,6587,v0.2.0
'@wix/auto_sdk_categories_categories,1.0.126,30,F,UNVERIFIED_PUBLISH_PATH,12,6583,v0.2.0
'@wix/auto_sdk_forms_chat-settings,1.0.25,30,F,UNVERIFIED_PUBLISH_PATH,12,6579,v0.2.0
'@fontsource-variable/comfortaa,5.3.0,81,B,,2,6565,v0.2.0
'@wix/auto_sdk_ecom_inventory,1.0.23,30,F,UNVERIFIED_PUBLISH_PATH,12,6545,v0.2.0
bootstrap4-toggle,3.6.1,19,F,UNVERIFIED_PUBLISH_PATH|DORMANT|SINGLE_MAINTAINER,1,6544,v0.2.0
handy-scroll,2.0.6,25,F,UNVERIFIED_PUBLISH_PATH|SINGLE_MAINTAINER,1,6523,v0.2.0
editorjs-parser,1.5.3,14,F,UNVERIFIED_PUBLISH_PATH|DORMANT|SINGLE_MAINTAINER|PUBLISHER_NOT_MAINTAINER,1,6522,v0.2.0
vue-masonry-css,1.0.3,19,F,UNVERIFIED_PUBLISH_PATH|DORMANT|SINGLE_MAINTAINER,1,6503,v0.2.0
zoom-vanilla.js,2.0.6,19,F,UNVERIFIED_PUBLISH_PATH|DORMANT|SINGLE_MAINTAINER,1,6491,v0.2.0
'@geoman-io/maplibre-geoman-free,0.8.4,79,B,SINGLE_MAINTAINER,1,6489,v0.2.0
'@fontsource/ibm-plex-sans-condensed,5.3.0,81,B,,2,6485,v0.2.0
'@elevenlabs/convai-widget-embed,0.14.11,82,B,,5,6478,v0.2.0
spectorjs,0.9.30,19,F,UNVERIFIED_PUBLISH_PATH|DORMANT|SINGLE_MAINTAINER,1,6478,v0.2.0
igniteui-angular,22.0.3,69,C,INCONSISTENT_PUBLISH_PATH|SINGLE_MAINTAINER,1,6467,v0.2.0
anchor-js,5.0.0,19,F,UNVERIFIED_PUBLISH_PATH|DORMANT|SINGLE_MAINTAINER,1,6454,v0.2.0
amplitudejs,5.3.2,33,F,UNVERIFIED_PUBLISH_PATH|DORMANT,3,6449,v0.2.0
htmx-ext-head-support,2.0.5,25,F,UNVERIFIED_PUBLISH_PATH|SINGLE_MAINTAINER,1,6437,v0.2.0
'@wix/auto_sdk_ecom_ecommerce-settings,1.0.26,30,F,UNVERIFIED_PUBLISH_PATH,12,6433,v0.2.0
jquery.json-viewer,1.5.0,19,F,UNVERIFIED_PUBLISH_PATH|DORMANT|SINGLE_MAINTAINER,1,6419,v0.2.0
'@fontsource-variable/cairo,5.3.0,81,B,,2,6405,v0.2.0
lg-zoom,1.3.0,19,F,UNVERIFIED_PUBLISH_PATH|DORMANT|SINGLE_MAINTAINER,1,6394,v0.2.0
node-tikzjax,1.0.5,21,F,UNVERIFIED_PUBLISH_PATH|SINGLE_MAINTAINER,1,6390,v0.2.0
bootstrap3-dialog,1.35.4,19,F,UNVERIFIED_PUBLISH_PATH|DORMANT|SINGLE_MAINTAINER,1,6389,v0.2.0
smart-app-banner,2.0.0,33,F,UNVERIFIED_PUBLISH_PATH|DORMANT,6,6381,v0.2.0
jgrowl,1.5.1,19,F,UNVERIFIED_PUBLISH_PATH|DORMANT|SINGLE_MAINTAINER,1,6377,v0.2.0
misans,4.1.0,25,F,UNVERIFIED_PUBLISH_PATH|SINGLE_MAINTAINER,1,6371,v0.2.0
pivottable,2.23.0,19,F,UNVERIFIED_PUBLISH_PATH|DORMANT|SINGLE_MAINTAINER,1,6352,v0.2.0
'@talkjs/core,1.11.1,35,D,UNVERIFIED_PUBLISH_PATH,9,6341,v0.2.0
mp3-parser,0.3.0,19,F,UNVERIFIED_PUBLISH_PATH|DORMANT|SINGLE_MAINTAINER,1,6340,v0.2.0
'@trendyol/baklava,3.5.0,76,B,INCONSISTENT_PUBLISH_PATH|SINGLE_MAINTAINER,1,6336,v0.2.0
videojs-vr,2.0.0,28,F,UNVERIFIED_PUBLISH_PATH|DORMANT|PUBLISHER_NOT_MAINTAINER,18,6335,v0.2.0
naja,3.3.3,63,C,SINGLE_MAINTAINER,1,6324,v0.2.0
node-ray,3.0.0,20,F,UNVERIFIED_PUBLISH_PATH|SINGLE_MAINTAINER,1,6322,v0.2.0
notosans-fontface,1.3.0,19,F,UNVERIFIED_PUBLISH_PATH|DORMANT|SINGLE_MAINTAINER,1,6321,v0.2.0
d3plus-text,1.2.5,19,F,UNVERIFIED_PUBLISH_PATH|DORMANT|SINGLE_MAINTAINER|DEPRECATED,1,6320,v0.2.0
soundfont-player,0.12.0,19,F,UNVERIFIED_PUBLISH_PATH|DORMANT|SINGLE_MAINTAINER,1,6304,v0.2.0
basicscroll,3.0.4,19,F,UNVERIFIED_PUBLISH_PATH|DORMANT|SINGLE_MAINTAINER,1,6302,v0.2.0
'@kontent-ai/smart-link,5.1.0,89,A,,4,6300,v0.2.0
jquery-textcomplete,1.8.5,19,F,UNVERIFIED_PUBLISH_PATH|DORMANT|SINGLE_MAINTAINER,1,6282,v0.2.0
hover.css,2.3.2,19,F,UNVERIFIED_PUBLISH_PATH|DORMANT|SINGLE_MAINTAINER,1,6273,v0.2.0
'@silvermine/videojs-airplay,1.3.0,33,F,UNVERIFIED_PUBLISH_PATH|DORMANT,5,6270,v0.2.0
'@bybas/weather-icons,2.0.0,26,F,UNVERIFIED_PUBLISH_PATH|DORMANT|SINGLE_MAINTAINER,1,6262,v0.2.0
normalize-css,2.3.1,14,F,UNVERIFIED_PUBLISH_PATH|DORMANT|SINGLE_MAINTAINER|DEPRECATED,1,6260,v0.2.0
h5p-standalone,3.8.2,87,A,,2,6259,v0.2.0
'@fontsource/varela-round,5.3.0,81,B,,2,6257,v0.2.0
'@fontsource/source-serif-pro,5.3.0,81,B,,2,6237,v0.2.0
dplayer,1.27.1,19,F,UNVERIFIED_PUBLISH_PATH|DORMANT|SINGLE_MAINTAINER,1,6229,v0.2.0
jquery-zoom,1.7.22,25,F,UNVERIFIED_PUBLISH_PATH|SINGLE_MAINTAINER,1,6217,v0.2.0
'@fontsource/noto-naskh-arabic,5.3.0,81,B,,2,6212,v0.2.0
'@trimble-oss/modus-web-components,1.8.2,39,D,UNVERIFIED_PUBLISH_PATH,8,6204,v0.2.0
rangeslider.js,2.3.3,19,F,UNVERIFIED_PUBLISH_PATH|DORMANT|SINGLE_MAINTAINER,1,6199,v0.2.0
vuejs-dialog,1.4.2,19,F,UNVERIFIED_PUBLISH_PATH|DORMANT|SINGLE_MAINTAINER,1,6187,v0.2.0
'@snowplow/browser-plugin-youtube-tracking,4.8.4,39,D,UNVERIFIED_PUBLISH_PATH,3,6164,v0.2.0
virtual-select-plugin,1.1.0,21,F,UNVERIFIED_PUBLISH_PATH|SINGLE_MAINTAINER,1,6162,v0.2.0
'@wix/auto_sdk_bookings_availability-calendar,1.0.193,30,F,UNVERIFIED_PUBLISH_PATH,12,6157,v0.2.0
lity,2.4.1,19,F,UNVERIFIED_PUBLISH_PATH|DORMANT|SINGLE_MAINTAINER,1,6149,v0.2.0
'@tsparticles/shape-rounded-polygon,4.3.2,69,C,INCONSISTENT_PUBLISH_PATH|SINGLE_MAINTAINER,1,6144,v0.2.0
ng-material-datetimepicker,1.20.0,19,F,UNVERIFIED_PUBLISH_PATH|DORMANT|SINGLE_MAINTAINER,1,6142,v0.2.0
'@fontsource/averia-libre,5.3.0,81,B,,2,6140,v0.2.0
'@fontsource-variable/inconsolata,5.3.0,81,B,,2,6135,v0.2.0
jquery-sticky,1.0.4,19,F,UNVERIFIED_PUBLISH_PATH|DORMANT|SINGLE_MAINTAINER,1,6135,v0.2.0
'@pmndrs/uikit-lucide,1.0.74,82,B,,8,6131,v0.2.0
mand-mobile,2.7.0,33,F,UNVERIFIED_PUBLISH_PATH|DORMANT,7,6125,v0.2.0
chessground,9.2.1,39,D,UNVERIFIED_PUBLISH_PATH|DEPRECATED,2,6112,v0.2.0
'@fontsource-variable/roboto-condensed,5.3.0,81,B,,2,6105,v0.2.0
angular-utils-pagination,0.11.1,19,F,UNVERIFIED_PUBLISH_PATH|DORMANT|SINGLE_MAINTAINER,1,6094,v0.2.0
luckysheet,2.1.13,15,F,UNVERIFIED_PUBLISH_PATH|DORMANT|SINGLE_MAINTAINER,1,6094,v0.2.0
leaflet-gpx,2.2.0,25,F,UNVERIFIED_PUBLISH_PATH|SINGLE_MAINTAINER,1,6093,v0.2.0
jqvmap,1.5.1,33,F,UNVERIFIED_PUBLISH_PATH|DORMANT,2,6091,v0.2.0
jquery.flot,0.8.3,10,F,UNVERIFIED_PUBLISH_PATH|DORMANT|SINGLE_MAINTAINER,1,6082,v0.2.0
'@fontsource/alex-brush,5.3.0,81,B,,2,6076,v0.2.0
bootstrap-duallistbox,3.0.9,14,F,UNVERIFIED_PUBLISH_PATH|DORMANT|SINGLE_MAINTAINER|PUBLISHER_NOT_MAINTAINER,1,6073,v0.2.0
'@creativebulma/bulma-divider,1.1.0,33,F,UNVERIFIED_PUBLISH_PATH|DORMANT,2,6045,v0.2.0
'@snowplow/browser-plugin-webview,4.8.4,39,D,UNVERIFIED_PUBLISH_PATH,3,6038,v0.2.0
jquery-blockui,2.7.0,19,F,UNVERIFIED_PUBLISH_PATH|DORMANT|SINGLE_MAINTAINER,1,6038,v0.2.0
keen-tracking,5.0.1,33,F,UNVERIFIED_PUBLISH_PATH|DORMANT,3,6038,v0.2.0
'@snowplow/browser-plugin-element-tracking,4.8.4,39,D,UNVERIFIED_PUBLISH_PATH,3,6033,v0.2.0
'@wix/unidriver-jsdom-react-legacy,1.5.5,30,F,UNVERIFIED_PUBLISH_PATH,12,6028,v0.2.0
agora-rtm,2.2.4,30,F,UNVERIFIED_PUBLISH_PATH,2,6027,v0.2.0
zuck.js,2.1.1,25,F,UNVERIFIED_PUBLISH_PATH|SINGLE_MAINTAINER,1,6007,v0.2.0
'@fontsource-variable/cinzel,5.3.0,81,B,,2,6003,v0.2.0
jscrollpane,2.2.3-rc.2,19,F,UNVERIFIED_PUBLISH_PATH|DORMANT|SINGLE_MAINTAINER,1,6000,v0.2.0
jquery-visible,1.2.0,19,F,UNVERIFIED_PUBLISH_PATH|DORMANT|SINGLE_MAINTAINER,1,5996,v0.2.0
typesaurus,10.7.0,19,F,UNVERIFIED_PUBLISH_PATH|DORMANT|SINGLE_MAINTAINER,1,5996,v0.2.0
fontawesome-free,1.0.4,15,F,UNVERIFIED_PUBLISH_PATH|DORMANT|SINGLE_MAINTAINER,1,5995,v0.2.0
'@fontsource-variable/bodoni-moda,5.3.0,81,B,,2,5994,v0.2.0
tooltip-plugin,1.0.16,15,F,UNVERIFIED_PUBLISH_PATH|DORMANT|SINGLE_MAINTAINER,1,5976,v0.2.0
nette-forms,3.5.3,19,F,UNVERIFIED_PUBLISH_PATH|DORMANT|SINGLE_MAINTAINER,1,5968,v0.2.0
context-filter-polyfill,0.3.23,25,F,UNVERIFIED_PUBLISH_PATH|SINGLE_MAINTAINER,1,5958,v0.2.0
javascript-detect-element-resize,0.5.3,14,F,UNVERIFIED_PUBLISH_PATH|DORMANT|SINGLE_MAINTAINER,1,5956,v0.2.0
'@splidejs/splide-extension-intersection,0.2.0,19,F,UNVERIFIED_PUBLISH_PATH|DORMANT|SINGLE_MAINTAINER,1,5941,v0.2.0
in-view,0.6.1,19,F,UNVERIFIED_PUBLISH_PATH|DORMANT|SINGLE_MAINTAINER,1,5941,v0.2.0
'@mediapipe/holistic,0.5.1675471629,24,F,UNVERIFIED_PUBLISH_PATH|DORMANT,8,5937,v0.2.0
watermarkjs,2.1.1,19,F,UNVERIFIED_PUBLISH_PATH|DORMANT|SINGLE_MAINTAINER,1,5925,v0.2.0
jquery.qrcode,1.0.3,19,F,UNVERIFIED_PUBLISH_PATH|DORMANT|SINGLE_MAINTAINER,1,5918,v0.2.0
'@fontsource/red-hat-text,5.3.0,81,B,,2,5917,v0.2.0
accordion-js,3.4.1,25,F,UNVERIFIED_PUBLISH_PATH|SINGLE_MAINTAINER,1,5910,v0.2.0
'@fontsource/abril-fatface,5.3.0,81,B,,2,5886,v0.2.0
'@unocss/runtime,66.7.5,89,A,,3,5883,v0.2.0
'@aurodesignsystem/auro-icon,9.2.0,89,A,BRANCH_REQUIRES_PR,8,5866,v0.2.0
form_to_object,3.2.0,25,F,UNVERIFIED_PUBLISH_PATH|SINGLE_MAINTAINER,1,5863,v0.2.0
upscaler,1.0.0,20,F,UNVERIFIED_PUBLISH_PATH|SINGLE_MAINTAINER,1,5852,v0.2.0
lazyload,2.0.0-rc.2,19,F,UNVERIFIED_PUBLISH_PATH|DORMANT|SINGLE_MAINTAINER,1,5819,v0.2.0
bulma-tooltip,3.0.2,28,F,UNVERIFIED_PUBLISH_PATH|DORMANT|PUBLISHER_NOT_MAINTAINER|DEPRECATED,2,5816,v0.2.0
'@iconify-json/la,1.2.1,15,F,UNVERIFIED_PUBLISH_PATH|DORMANT|SINGLE_MAINTAINER,1,5808,v0.2.0
highlight-within-textarea,2.0.5,19,F,UNVERIFIED_PUBLISH_PATH|DORMANT|SINGLE_MAINTAINER,1,5802,v0.2.0
mdui,2.1.5,20,F,UNVERIFIED_PUBLISH_PATH|SINGLE_MAINTAINER,1,5801,v0.2.0
'@fontsource-variable/orbitron,5.3.0,81,B,,2,5794,v0.2.0
'@hackler/javascript-sdk,11.56.0,30,F,UNVERIFIED_PUBLISH_PATH,2,5792,v0.2.0
bulma-calendar,7.1.1,14,F,UNVERIFIED_PUBLISH_PATH|DORMANT|SINGLE_MAINTAINER|PUBLISHER_NOT_MAINTAINER|DEPRECATED,1,5791,v0.2.0
respond.js,1.4.2,14,F,UNVERIFIED_PUBLISH_PATH|DORMANT|SINGLE_MAINTAINER,1,5786,v0.2.0
lzwcompress,1.1.0,19,F,UNVERIFIED_PUBLISH_PATH|DORMANT|SINGLE_MAINTAINER,1,5785,v0.2.0
prettydiff,101.2.6,19,F,UNVERIFIED_PUBLISH_PATH|DORMANT|SINGLE_MAINTAINER,1,5778,v0.2.0
instant.page,5.2.0,19,F,UNVERIFIED_PUBLISH_PATH|DORMANT|SINGLE_MAINTAINER,1,5765,v0.2.0
ovenplayer,0.10.52,25,F,UNVERIFIED_PUBLISH_PATH|SINGLE_MAINTAINER,1,5758,v0.2.0
gasparesganga-jquery-loading-overlay,2.1.7,19,F,UNVERIFIED_PUBLISH_PATH|DORMANT|SINGLE_MAINTAINER,1,5753,v0.2.0
'@upscalerjs/default-model,1.0.0,20,F,UNVERIFIED_PUBLISH_PATH|SINGLE_MAINTAINER,1,5746,v0.2.0
ui-cropper,1.0.9,14,F,UNVERIFIED_PUBLISH_PATH|DORMANT|SINGLE_MAINTAINER,1,5741,v0.2.0
'@telekom/scale-components,3.0.0-beta.161,46,D,UNVERIFIED_PUBLISH_PATH,4,5739,v0.2.0
'@aurodesignsystem/auro-library,5.13.1,46,D,UNVERIFIED_PUBLISH_PATH,8,5732,v0.2.0
'@inlang/message-lint-rule-missing-translation,1.4.8,24,F,UNVERIFIED_PUBLISH_PATH|DORMANT,2,5722,v0.2.0
'@mathjax/mathjax-tex-font,4.1.3,39,D,UNVERIFIED_PUBLISH_PATH,3,5709,v0.2.0
onsenui,2.12.9,39,D,UNVERIFIED_PUBLISH_PATH,9,5706,v0.2.0
multiselect-two-sides,2.5.7,19,F,UNVERIFIED_PUBLISH_PATH|DORMANT|SINGLE_MAINTAINER,1,5702,v0.2.0
'@chenfengyuan/datepicker,1.0.10,19,F,UNVERIFIED_PUBLISH_PATH|DORMANT|SINGLE_MAINTAINER,1,5701,v0.2.0
'@fullcalendar/web-component,7.0.1,20,F,UNVERIFIED_PUBLISH_PATH|SINGLE_MAINTAINER,1,5687,v0.2.0
'@fontsource-variable/sofia-sans,5.3.0,81,B,,2,5685,v0.2.0
'@fontsource/zen-maru-gothic,5.3.0,81,B,,2,5684,v0.2.0
vue-plugin-hiprint,0.0.60,25,F,UNVERIFIED_PUBLISH_PATH|SINGLE_MAINTAINER,1,5684,v0.2.0
jquery-highlight,3.5.0,19,F,UNVERIFIED_PUBLISH_PATH|DORMANT|SINGLE_MAINTAINER,1,5682,v0.2.0
'@ideal-postcodes/address-finder,5.3.0,40,D,UNVERIFIED_PUBLISH_PATH,2,5679,v0.2.0
survey-jquery,1.12.63,34,F,UNVERIFIED_PUBLISH_PATH,5,5675,v0.2.0
jquery.dirtyforms,2.0.0,14,F,UNVERIFIED_PUBLISH_PATH|DORMANT|SINGLE_MAINTAINER,1,5671,v0.2.0
bigger-picture,1.1.20,25,F,UNVERIFIED_PUBLISH_PATH|SINGLE_MAINTAINER,1,5652,v0.2.0
jquery.terminal,2.46.1,25,F,UNVERIFIED_PUBLISH_PATH|SINGLE_MAINTAINER,1,5650,v0.2.0
canvas-gauges,2.1.7,14,F,UNVERIFIED_PUBLISH_PATH|DORMANT|SINGLE_MAINTAINER,1,5645,v0.2.0
'@fontsource/biz-udpgothic,5.3.0,81,B,,2,5637,v0.2.0
calendar-base,2.0.1,14,F,UNVERIFIED_PUBLISH_PATH|DORMANT|SINGLE_MAINTAINER,1,5633,v0.2.0
nice-select2,2.4.1,39,D,UNVERIFIED_PUBLISH_PATH,2,5630,v0.2.0
'@fontsource/besley,5.3.0,81,B,,2,5611,v0.2.0
'@uploadcare/blocks,0.50.4,33,F,UNVERIFIED_PUBLISH_PATH|DORMANT|DEPRECATED,4,5604,v0.2.0
vue3-sfc-loader,0.9.5,19,F,UNVERIFIED_PUBLISH_PATH|DORMANT|SINGLE_MAINTAINER,1,5593,v0.2.0
chartjs-plugin-streaming,2.0.0,19,F,UNVERIFIED_PUBLISH_PATH|DORMANT|SINGLE_MAINTAINER,1,5592,v0.2.0
accordion,3.0.2,19,F,UNVERIFIED_PUBLISH_PATH|DORMANT|SINGLE_MAINTAINER,1,5570,v0.2.0
pe7-icon,1.0.4,19,F,UNVERIFIED_PUBLISH_PATH|DORMANT|SINGLE_MAINTAINER,1,5568,v0.2.0
'@vime/core,5.4.1,14,F,UNVERIFIED_PUBLISH_PATH|DORMANT|SINGLE_MAINTAINER,1,5564,v0.2.0
measuretool-googlemaps-v3,1.0.2,19,F,UNVERIFIED_PUBLISH_PATH|DORMANT|SINGLE_MAINTAINER,1,5553,v0.2.0
'@fontsource/dm-serif-text,5.3.0,81,B,,2,5552,v0.2.0
domotz-remote-pawn,6.7.5-b001,30,F,UNVERIFIED_PUBLISH_PATH,6,5552,v0.2.0
'@tylertech/tyler-icons,2.2.0,46,D,UNVERIFIED_PUBLISH_PATH,6,5549,v0.2.0
'@fontsource/frank-ruhl-libre,5.3.0,81,B,,2,5545,v0.2.0
'@expo-google-fonts/archivo-black,0.4.1,39,D,UNVERIFIED_PUBLISH_PATH,4,5534,v0.2.0
vue-scrollactive,0.9.3,19,F,UNVERIFIED_PUBLISH_PATH|DORMANT|SINGLE_MAINTAINER,1,5533,v0.2.0
fancybox,3.0.1,19,F,UNVERIFIED_PUBLISH_PATH|DORMANT|SINGLE_MAINTAINER,1,5530,v0.2.0
'@solid-primitives/set,0.7.4,40,D,UNVERIFIED_PUBLISH_PATH,3,5525,v0.2.0
leancloud-storage,4.15.2,28,F,UNVERIFIED_PUBLISH_PATH|DORMANT|PUBLISHER_NOT_MAINTAINER,3,5522,v0.2.0
'@tsparticles/path-curves,4.3.2,69,C,INCONSISTENT_PUBLISH_PATH|SINGLE_MAINTAINER,1,5517,v0.2.0
jose-browser-runtime,5.10.0,63,C,SINGLE_MAINTAINER,1,5514,v0.2.0
elm-pep,1.0.6,19,F,UNVERIFIED_PUBLISH_PATH|DORMANT|SINGLE_MAINTAINER,1,5507,v0.2.0
'@undecaf/barcode-detector-polyfill,0.9.23,25,F,UNVERIFIED_PUBLISH_PATH|SINGLE_MAINTAINER,1,5503,v0.2.0
'@egjs/infinitegrid,4.13.0,39,D,UNVERIFIED_PUBLISH_PATH,12,5496,v0.2.0
'@fontsource/atkinson-hyperlegible-next,5.3.0,81,B,,2,5490,v0.2.0
tdesign-icons-vue,0.4.6,20,F,UNVERIFIED_PUBLISH_PATH|SINGLE_MAINTAINER,1,5485,v0.2.0
'@fontsource-variable/geologica,5.3.0,81,B,,2,5482,v0.2.0
'@snapshot-labs/snapshot.js,0.14.26,39,D,UNVERIFIED_PUBLISH_PATH,2,5475,v0.2.0
roboto-font,0.1.0,14,F,UNVERIFIED_PUBLISH_PATH|DORMANT|SINGLE_MAINTAINER|PUBLISHER_NOT_MAINTAINER|DEPRECATED,1,5474,v0.2.0
'@fontsource/kiwi-maru,5.3.0,81,B,,2,5468,v0.2.0
'@ip-location-db/geolite2-country,2.3.2026061719,58,C,INCONSISTENT_PUBLISH_PATH|SINGLE_MAINTAINER,1,5467,v0.2.0
scratchcard-js,1.5.5,19,F,UNVERIFIED_PUBLISH_PATH|DORMANT|SINGLE_MAINTAINER,1,5463,v0.2.0
'@fluid-topics/ft-tooltip,2.1.12,35,D,UNVERIFIED_PUBLISH_PATH,3,5462,v0.2.0
'@fontsource/alegreya-sans,5.3.0,81,B,,2,5437,v0.2.0
filepond-plugin-file-rename,1.1.8,19,F,UNVERIFIED_PUBLISH_PATH|DORMANT|SINGLE_MAINTAINER,1,5431,v0.2.0
'@fullcalendar/luxon2,6.1.21,20,F,UNVERIFIED_PUBLISH_PATH|SINGLE_MAINTAINER,1,5415,v0.2.0
vex-js,4.1.0,33,F,UNVERIFIED_PUBLISH_PATH|DORMANT,3,5415,v0.2.0
impetus,0.8.8,19,F,UNVERIFIED_PUBLISH_PATH|DORMANT|SINGLE_MAINTAINER,1,5406,v0.2.0
'@material-tailwind/html,3.0.0-beta.7,39,D,UNVERIFIED_PUBLISH_PATH,4,5399,v0.2.0
highlightjs-copy,1.0.6,15,F,UNVERIFIED_PUBLISH_PATH|DORMANT|SINGLE_MAINTAINER,1,5382,v0.2.0
'@chinese-fonts/maple-mono-cn,2.0.0,20,F,UNVERIFIED_PUBLISH_PATH|SINGLE_MAINTAINER,1,5376,v0.2.0
'@fontsource/balsamiq-sans,5.3.0,81,B,,2,5376,v0.2.0
vue-shadow-dom,4.2.0,19,F,UNVERIFIED_PUBLISH_PATH|DORMANT|SINGLE_MAINTAINER,1,5375,v0.2.0
'@tsparticles/effect-trail,4.3.2,69,C,INCONSISTENT_PUBLISH_PATH|SINGLE_MAINTAINER,1,5358,v0.2.0
'@tsparticles/plugin-emitters-shape-polygon,4.3.2,69,C,INCONSISTENT_PUBLISH_PATH|SINGLE_MAINTAINER,1,5358,v0.2.0
babylonjs-gui,9.17.0,25,F,UNVERIFIED_PUBLISH_PATH|SINGLE_MAINTAINER,1,5358,v0.2.0
'@lobehub/fluent-emoji-3d,1.1.0,33,F,UNVERIFIED_PUBLISH_PATH|DORMANT,9,5348,v0.2.0
bootstrap-4-grid,3.4.0,19,F,UNVERIFIED_PUBLISH_PATH|DORMANT|SINGLE_MAINTAINER|DEPRECATED,1,5339,v0.2.0
jquery-textfill,0.6.0,19,F,UNVERIFIED_PUBLISH_PATH|DORMANT|SINGLE_MAINTAINER,1,5338,v0.2.0
leaflet-search,4.0.0,19,F,UNVERIFIED_PUBLISH_PATH|DORMANT|SINGLE_MAINTAINER,1,5337,v0.2.0
chart.js-plugin-labels-dv,5.0.1-beta,19,F,UNVERIFIED_PUBLISH_PATH|DORMANT|SINGLE_MAINTAINER,1,5334,v0.2.0
'@iconify-json/flagpack,1.2.8,21,F,UNVERIFIED_PUBLISH_PATH|SINGLE_MAINTAINER,1,5327,v0.2.0
'@tsparticles/perlin-noise,4.3.2,69,C,INCONSISTENT_PUBLISH_PATH|SINGLE_MAINTAINER,1,5320,v0.2.0
'@grapecity/spread-sheets-charts,18.2.5,30,F,UNVERIFIED_PUBLISH_PATH,2,5311,v0.2.0
'@lskjs/dashboard,2.9.0,33,F,UNVERIFIED_PUBLISH_PATH|DORMANT,12,5309,v0.2.0
chii,1.15.5,25,F,UNVERIFIED_PUBLISH_PATH|SINGLE_MAINTAINER,1,5306,v0.2.0
'@fontsource-variable/cormorant,5.3.0,81,B,,2,5305,v0.2.0
'@tsparticles/plugin-polygon-mask,4.3.2,69,C,INCONSISTENT_PUBLISH_PATH|SINGLE_MAINTAINER,1,5305,v0.2.0
jsstore,4.9.0,19,F,UNVERIFIED_PUBLISH_PATH|DORMANT|SINGLE_MAINTAINER,1,5299,v0.2.0
'@feathery/react,2.54.1,94,A,BRANCH_REQUIRES_PR,4,5296,v0.2.0
'@fontsource-variable/noto-serif-kr,5.3.0,81,B,,2,5283,v0.2.0
'@fontsource/noto-sans-hebrew,5.3.0,81,B,,2,5282,v0.2.0
'@tsparticles/plugin-hsv-color,4.3.2,69,C,INCONSISTENT_PUBLISH_PATH|SINGLE_MAINTAINER,1,5281,v0.2.0
yakuhanjp,4.1.1,19,F,UNVERIFIED_PUBLISH_PATH|DORMANT|SINGLE_MAINTAINER,1,5264,v0.2.0
swiped-events,1.2.0,19,F,UNVERIFIED_PUBLISH_PATH|DORMANT|SINGLE_MAINTAINER,1,5259,v0.2.0
'@iconify-json/cil,1.2.3,21,F,UNVERIFIED_PUBLISH_PATH|SINGLE_MAINTAINER,1,5252,v0.2.0
janus-gateway,1.4.1,45,D,UNVERIFIED_PUBLISH_PATH,2,5252,v0.2.0
'@iconify-json/tdesign,1.2.17,21,F,UNVERIFIED_PUBLISH_PATH|SINGLE_MAINTAINER,1,5239,v0.2.0
videojs-vtt-thumbnails,0.0.13,19,F,UNVERIFIED_PUBLISH_PATH|DORMANT|SINGLE_MAINTAINER,1,5231,v0.2.0
'@grapecity/spread-sheets-print,18.2.5,30,F,UNVERIFIED_PUBLISH_PATH,2,5226,v0.2.0
chartist-plugin-tooltips,0.0.17,33,F,UNVERIFIED_PUBLISH_PATH|DORMANT,2,5222,v0.2.0
chartjs-plugin-doughnutlabel-rebourne,3.0.0-beta.4,19,F,UNVERIFIED_PUBLISH_PATH|DORMANT|SINGLE_MAINTAINER,1,5221,v0.2.0
clockpicker,0.0.7,19,F,UNVERIFIED_PUBLISH_PATH|DORMANT|SINGLE_MAINTAINER,1,5210,v0.2.0
'@grapecity/spread-sheets-shapes,18.2.5,30,F,UNVERIFIED_PUBLISH_PATH,2,5196,v0.2.0
'@fontsource/red-hat-display,5.3.0,81,B,,2,5192,v0.2.0
jquery-bootstrap-scrolling-tabs,2.6.1,19,F,UNVERIFIED_PUBLISH_PATH|DORMANT|SINGLE_MAINTAINER,1,5188,v0.2.0
liquor-tree,0.2.70,19,F,UNVERIFIED_PUBLISH_PATH|DORMANT|SINGLE_MAINTAINER,1,5188,v0.2.0
firacode,6.2.0,33,F,UNVERIFIED_PUBLISH_PATH|DORMANT,2,5183,v0.2.0
gijgo,1.9.14,10,F,UNVERIFIED_PUBLISH_PATH|DORMANT|SINGLE_MAINTAINER,1,5175,v0.2.0
'@tsparticles/shape-spiral,4.3.2,69,C,INCONSISTENT_PUBLISH_PATH|SINGLE_MAINTAINER,1,5164,v0.2.0
'@yandex/ymaps3-hint,0.1.2,35,D,UNVERIFIED_PUBLISH_PATH,2,5162,v0.2.0
semantic-ui-calendar,0.0.8,19,F,UNVERIFIED_PUBLISH_PATH|DORMANT|SINGLE_MAINTAINER,1,5160,v0.2.0
jquery-lazyload,1.9.7,19,F,UNVERIFIED_PUBLISH_PATH|DORMANT|SINGLE_MAINTAINER,1,5152,v0.2.0
hellojs,1.21.4,25,F,UNVERIFIED_PUBLISH_PATH|SINGLE_MAINTAINER,1,5147,v0.2.0
'@ntohq/buefy-next,0.2.0,19,F,UNVERIFIED_PUBLISH_PATH|DORMANT|SINGLE_MAINTAINER,1,5144,v0.2.0
'@tsparticles/simplex-noise,4.3.2,69,C,INCONSISTENT_PUBLISH_PATH|SINGLE_MAINTAINER,1,5134,v0.2.0
es2015,0.0.0,19,F,UNVERIFIED_PUBLISH_PATH|DORMANT|SINGLE_MAINTAINER,1,5129,v0.2.0
'@fontsource/noto-serif-tc,5.3.0,81,B,,2,5110,v0.2.0
select2-theme-bootstrap4,1.0.2,19,F,UNVERIFIED_PUBLISH_PATH|DORMANT|SINGLE_MAINTAINER,1,5106,v0.2.0
lib-flexible,0.3.2,10,F,UNVERIFIED_PUBLISH_PATH|DORMANT|SINGLE_MAINTAINER,1,5097,v0.2.0
'@tsparticles/updater-gradient,4.3.2,69,C,INCONSISTENT_PUBLISH_PATH|SINGLE_MAINTAINER,1,5096,v0.2.0
'@1money/react-ui,1.17.3,52,C,INCONSISTENT_PUBLISH_PATH|SINGLE_MAINTAINER,1,5092,v0.2.0
jquery-lazy,1.7.11,19,F,UNVERIFIED_PUBLISH_PATH|DORMANT|SINGLE_MAINTAINER,1,5092,v0.2.0
marzipano,0.10.2,33,F,UNVERIFIED_PUBLISH_PATH|DORMANT,2,5092,v0.2.0
quill2-image-uploader,1.0.4,19,F,UNVERIFIED_PUBLISH_PATH|DORMANT|SINGLE_MAINTAINER,1,5080,v0.2.0
igniteui-angular-core,22.0.1,16,F,UNVERIFIED_PUBLISH_PATH|SINGLE_MAINTAINER,1,5072,v0.2.0
'@tsparticles/path-perlin-noise,4.3.2,69,C,INCONSISTENT_PUBLISH_PATH|SINGLE_MAINTAINER,1,5071,v0.2.0
emojify.js,1.1.0,33,F,UNVERIFIED_PUBLISH_PATH|DORMANT,2,5070,v0.2.0
'@fontsource-variable/oxanium,5.3.0,81,B,,2,5067,v0.2.0
'@tsparticles/updater-orbit,4.3.2,69,C,INCONSISTENT_PUBLISH_PATH|SINGLE_MAINTAINER,1,5054,v0.2.0
'@dropins/tools,1.9.0,35,D,UNVERIFIED_PUBLISH_PATH,10,5051,v0.2.0
'@fontsource-variable/albert-sans,5.3.0,81,B,,2,5051,v0.2.0
dropify,0.2.2,19,F,UNVERIFIED_PUBLISH_PATH|DORMANT|SINGLE_MAINTAINER,1,5048,v0.2.0
'@tesseract.js-data/jpn,1.0.0,19,F,UNVERIFIED_PUBLISH_PATH|DORMANT|SINGLE_MAINTAINER,1,5045,v0.2.0
venobox,2.2.0,25,F,UNVERIFIED_PUBLISH_PATH|SINGLE_MAINTAINER,1,5040,v0.2.0
'@iconify-json/gravity-ui,1.2.13,21,F,UNVERIFIED_PUBLISH_PATH|SINGLE_MAINTAINER,1,5039,v0.2.0
startbootstrap-sb-admin-2,4.1.4,19,F,UNVERIFIED_PUBLISH_PATH|DORMANT|SINGLE_MAINTAINER,1,5021,v0.2.0
'@fontsource/vollkorn,5.3.0,81,B,,2,5020,v0.2.0
c2pa,0.30.17,45,D,UNVERIFIED_PUBLISH_PATH|DEPRECATED,3,5018,v0.2.0
simple-mind-map,0.14.0-fix.3,20,F,UNVERIFIED_PUBLISH_PATH|SINGLE_MAINTAINER,1,5003,v0.2.0
pi-hermes-memory,0.8.1,25,F,UNVERIFIED_PUBLISH_PATH|SINGLE_MAINTAINER,1,4984,v0.2.0
'@freeday-ai/webchat,2025.6.0-4.10.34.8523,30,F,UNVERIFIED_PUBLISH_PATH,3,4977,v0.2.0
editorjs-paragraph-with-alignment,3.0.0,19,F,UNVERIFIED_PUBLISH_PATH|DORMANT|SINGLE_MAINTAINER,1,4971,v0.2.0
'@fontsource/shippori-mincho,5.3.0,81,B,,2,4965,v0.2.0
'@fontsource/krona-one,5.3.0,81,B,,2,4915,v0.2.0
bulma-slider,2.0.5,14,F,UNVERIFIED_PUBLISH_PATH|DORMANT|SINGLE_MAINTAINER|PUBLISHER_NOT_MAINTAINER,1,4912,v0.2.0
'@iconify-json/mi,1.2.2,15,F,UNVERIFIED_PUBLISH_PATH|DORMANT|SINGLE_MAINTAINER,1,4904,v0.2.0
'@skbkontur/react-ui,6.1.5,39,D,UNVERIFIED_PUBLISH_PATH,13,4903,v0.2.0
'@photo-sphere-viewer/gyroscope-plugin,5.14.3,73,B,SINGLE_MAINTAINER,1,4902,v0.2.0
dynamsoft-barcode-reader-bundle,11.4.3000,20,F,UNVERIFIED_PUBLISH_PATH|SINGLE_MAINTAINER,1,4896,v0.2.0
share-this,1.3.1,19,F,UNVERIFIED_PUBLISH_PATH|DORMANT|SINGLE_MAINTAINER,1,4885,v0.2.0
'@photo-sphere-viewer/gallery-plugin,5.14.3,73,B,SINGLE_MAINTAINER,1,4884,v0.2.0
rich-filemanager,2.7.6,19,F,UNVERIFIED_PUBLISH_PATH|DORMANT|SINGLE_MAINTAINER,1,4881,v0.2.0
'@descope/web-components-ui,3.18.0,30,F,UNVERIFIED_PUBLISH_PATH,5,4877,v0.2.0
jquery-once,2.3.0,33,F,UNVERIFIED_PUBLISH_PATH|DORMANT,5,4877,v0.2.0
'@elbwalker/walker.js,3.4.2,32,F,UNVERIFIED_PUBLISH_PATH|SINGLE_MAINTAINER,1,4873,v0.2.0
'@tsparticles/shape-cog,4.3.2,69,C,INCONSISTENT_PUBLISH_PATH|SINGLE_MAINTAINER,1,4871,v0.2.0
twikoo,1.7.14,63,C,INCONSISTENT_PUBLISH_PATH|SINGLE_MAINTAINER,1,4870,v0.2.0
'@fontsource/gabarito,5.3.0,81,B,,2,4868,v0.2.0
jplayer,2.9.2,19,F,UNVERIFIED_PUBLISH_PATH|DORMANT|SINGLE_MAINTAINER,1,4865,v0.2.0
'@recogito/annotorious,2.7.14,39,D,UNVERIFIED_PUBLISH_PATH,3,4864,v0.2.0
'@aurodesignsystem/auro-button,12.3.2,89,A,BRANCH_REQUIRES_PR,8,4858,v0.2.0
selectric,1.13.0,19,F,UNVERIFIED_PUBLISH_PATH|DORMANT|SINGLE_MAINTAINER,1,4856,v0.2.0
anywidget,0.11.0,68,C,SINGLE_MAINTAINER,1,4836,v0.2.0
'@tensorflow/tfjs-tflite,0.0.1-alpha.10,28,F,UNVERIFIED_PUBLISH_PATH|DORMANT|PUBLISHER_NOT_MAINTAINER,10,4821,v0.2.0
'@tsparticles/interaction-light,4.3.2,69,C,INCONSISTENT_PUBLISH_PATH|SINGLE_MAINTAINER,1,4821,v0.2.0
dialog-closedby-polyfill,1.3.0,25,F,UNVERIFIED_PUBLISH_PATH|SINGLE_MAINTAINER,1,4816,v0.2.0
single-spa-angularjs,4.3.1,14,F,UNVERIFIED_PUBLISH_PATH|DORMANT|SINGLE_MAINTAINER|PUBLISHER_NOT_MAINTAINER,1,4811,v0.2.0
'@fontsource/oxanium,5.3.0,81,B,,2,4809,v0.2.0
'@fontsource/questrial,5.3.0,81,B,,2,4808,v0.2.0
noto-sans-sc,37.0.0,19,F,UNVERIFIED_PUBLISH_PATH|DORMANT|SINGLE_MAINTAINER,1,4807,v0.2.0
'@tsparticles/all,4.3.2,69,C,INCONSISTENT_PUBLISH_PATH|SINGLE_MAINTAINER,1,4806,v0.2.0
'@grapecity/spread-sheets-pdf,18.2.5,30,F,UNVERIFIED_PUBLISH_PATH,2,4803,v0.2.0
'@inlang/message-lint-rule-empty-pattern,1.4.8,24,F,UNVERIFIED_PUBLISH_PATH|DORMANT,2,4784,v0.2.0
mmenu-js,9.3.0,19,F,UNVERIFIED_PUBLISH_PATH|DORMANT|SINGLE_MAINTAINER,1,4779,v0.2.0
'@tsparticles/path-polygon,4.3.2,69,C,INCONSISTENT_PUBLISH_PATH|SINGLE_MAINTAINER,1,4776,v0.2.0
xgplayer-hls,3.0.26,77,B,INCONSISTENT_PUBLISH_PATH,9,4773,v0.2.0
'@snowplow/browser-plugin-snowplow-ecommerce,4.8.4,39,D,UNVERIFIED_PUBLISH_PATH,3,4770,v0.2.0
hexo-generator-searchdb,1.5.0,39,D,UNVERIFIED_PUBLISH_PATH,2,4768,v0.2.0
'@fontsource/iosevka,5.3.0,81,B,,2,4765,v0.2.0
'@adobe/magento-storefront-event-collector,1.17.0,34,F,UNVERIFIED_PUBLISH_PATH,31,4756,v0.2.0
chartist-plugin-legend,0.6.2,33,F,UNVERIFIED_PUBLISH_PATH|DORMANT,3,4754,v0.2.0
'@tsparticles/path-curl-noise,4.3.2,69,C,INCONSISTENT_PUBLISH_PATH|SINGLE_MAINTAINER,1,4750,v0.2.0
share-api-polyfill,1.1.1,25,F,UNVERIFIED_PUBLISH_PATH|DORMANT|SINGLE_MAINTAINER,1,4738,v0.2.0
'@crystaldesign/diva-core,26.7.7,21,F,UNVERIFIED_PUBLISH_PATH|SINGLE_MAINTAINER,1,4736,v0.2.0
tableexport.jquery.plugin,1.33.0,31,F,UNVERIFIED_PUBLISH_PATH|SINGLE_MAINTAINER,1,4736,v0.2.0
'@infineon/infineon-design-system-stencil,39.37.0,45,D,UNVERIFIED_PUBLISH_PATH,5,4733,v0.2.0
'@fontsource/special-elite,5.3.0,81,B,,2,4726,v0.2.0
'@swisspost/design-system-icons,10.0.1,95,A,,4,4723,v0.2.0
chartjs-plugin-piechart-outlabels,0.1.4,19,F,UNVERIFIED_PUBLISH_PATH|DORMANT|SINGLE_MAINTAINER,1,4720,v0.2.0
zent,10.0.18,34,F,UNVERIFIED_PUBLISH_PATH,3,4720,v0.2.0
'@iconify-json/skill-icons,1.2.4,21,F,UNVERIFIED_PUBLISH_PATH|SINGLE_MAINTAINER,1,4703,v0.2.0
'@tsparticles/plugin-infection,4.3.2,69,C,INCONSISTENT_PUBLISH_PATH|SINGLE_MAINTAINER,1,4699,v0.2.0
'@fontsource-variable/golos-text,5.3.0,81,B,,2,4689,v0.2.0
devtools-detect,4.0.2,19,F,UNVERIFIED_PUBLISH_PATH|DORMANT|SINGLE_MAINTAINER,1,4689,v0.2.0
openlayers,4.6.5,33,F,UNVERIFIED_PUBLISH_PATH|DORMANT|DEPRECATED,6,4688,v0.2.0
angular-bootstrap-toggle,0.4.2,19,F,UNVERIFIED_PUBLISH_PATH|DORMANT|SINGLE_MAINTAINER,1,4687,v0.2.0
'@fontsource/bad-script,5.3.0,81,B,,2,4684,v0.2.0
simplelightbox,2.14.3,19,F,UNVERIFIED_PUBLISH_PATH|DORMANT|SINGLE_MAINTAINER,1,4684,v0.2.0
'@n8n_io/n8n-demo-component,1.0.20,34,F,UNVERIFIED_PUBLISH_PATH|PUBLISHER_NOT_MAINTAINER,3,4677,v0.2.0
jquery.counterup,2.1.0,19,F,UNVERIFIED_PUBLISH_PATH|DORMANT|SINGLE_MAINTAINER,1,4671,v0.2.0
stats-js,1.0.1,19,F,UNVERIFIED_PUBLISH_PATH|DORMANT|SINGLE_MAINTAINER,1,4670,v0.2.0
'@iconify-json/bxs,1.2.3,21,F,UNVERIFIED_PUBLISH_PATH|SINGLE_MAINTAINER,1,4663,v0.2.0
webxr-polyfill,2.0.3,33,F,UNVERIFIED_PUBLISH_PATH|DORMANT,2,4653,v0.2.0
components-jqueryui,1.12.1,19,F,UNVERIFIED_PUBLISH_PATH|DORMANT|SINGLE_MAINTAINER,1,4649,v0.2.0
'@tsparticles/shape-rounded-rect,4.3.2,69,C,INCONSISTENT_PUBLISH_PATH|SINGLE_MAINTAINER,1,4645,v0.2.0
'@telnyx/video,1.0.2,24,F,UNVERIFIED_PUBLISH_PATH|DORMANT,6,4643,v0.2.0
'@iconify-json/mdi-light,1.2.2,15,F,UNVERIFIED_PUBLISH_PATH|DORMANT|SINGLE_MAINTAINER,1,4640,v0.2.0
'@lobehub/icons-static-webp,1.93.0,39,D,UNVERIFIED_PUBLISH_PATH,9,4635,v0.2.0
dayjs-with-plugins,1.0.4,33,F,UNVERIFIED_PUBLISH_PATH|DORMANT,2,4631,v0.2.0
unpoly,3.14.3,25,F,UNVERIFIED_PUBLISH_PATH|SINGLE_MAINTAINER,1,4631,v0.2.0
'@vindral/web-sdk,4.4.0,30,F,UNVERIFIED_PUBLISH_PATH,4,4608,v0.2.0
skulpt,1.2.0,19,F,UNVERIFIED_PUBLISH_PATH|DORMANT|SINGLE_MAINTAINER,1,4608,v0.2.0
oembed-parser,3.1.6-rc1,34,F,UNVERIFIED_PUBLISH_PATH|DORMANT,3,4602,v0.2.0
filepond-plugin-file-metadata,1.0.8,19,F,UNVERIFIED_PUBLISH_PATH|DORMANT|SINGLE_MAINTAINER,1,4594,v0.2.0
clusterize.js,1.0.0,19,F,UNVERIFIED_PUBLISH_PATH|DORMANT|SINGLE_MAINTAINER,1,4585,v0.2.0
'@wix/auto_sdk_crm_contacts,1.0.1337,30,F,UNVERIFIED_PUBLISH_PATH,12,4583,v0.2.0
hexo-theme-next,8.28.0,73,B,SINGLE_MAINTAINER,1,4576,v0.2.0
'@sun-typeface/suit,2.0.5,33,F,UNVERIFIED_PUBLISH_PATH|DORMANT,2,4571,v0.2.0
'@fontsource/bungee,5.3.0,81,B,,2,4570,v0.2.0
'@tsparticles/plugin-emitters-shape-path,4.3.2,69,C,INCONSISTENT_PUBLISH_PATH|SINGLE_MAINTAINER,1,4568,v0.2.0
magic-grid,3.4.7,19,F,UNVERIFIED_PUBLISH_PATH|DORMANT|SINGLE_MAINTAINER,1,4565,v0.2.0
'@tsparticles/plugin-poisson-disc,4.3.2,69,C,INCONSISTENT_PUBLISH_PATH|SINGLE_MAINTAINER,1,4564,v0.2.0
'@stylable/runtime,6.1.1,33,F,UNVERIFIED_PUBLISH_PATH|DORMANT,5,4560,v0.2.0
'@fontsource-variable/heebo,5.3.0,81,B,,2,4559,v0.2.0
'@tsparticles/plugin-canvas-mask,4.3.2,69,C,INCONSISTENT_PUBLISH_PATH|SINGLE_MAINTAINER,1,4556,v0.2.0
'@mediapipe/tasks-audio,0.10.35,30,F,UNVERIFIED_PUBLISH_PATH,8,4554,v0.2.0
'@tylertech/forge-core,3.3.1,47,D,UNVERIFIED_PUBLISH_PATH,6,4547,v0.2.0
'@tsparticles/path-svg,4.3.2,69,C,INCONSISTENT_PUBLISH_PATH|SINGLE_MAINTAINER,1,4539,v0.2.0
'@iconify-json/healthicons,1.2.12,21,F,UNVERIFIED_PUBLISH_PATH|SINGLE_MAINTAINER,1,4536,v0.2.0
validate-polish,2.1.40,15,F,UNVERIFIED_PUBLISH_PATH|DORMANT|SINGLE_MAINTAINER,1,4534,v0.2.0
round-slider,1.6.1,19,F,UNVERIFIED_PUBLISH_PATH|DORMANT|SINGLE_MAINTAINER,1,4531,v0.2.0
'@tsparticles/preset-snow,4.3.2,69,C,INCONSISTENT_PUBLISH_PATH|SINGLE_MAINTAINER,1,4528,v0.2.0
'@tsparticles/plugin-easing-cubic,4.3.2,69,C,INCONSISTENT_PUBLISH_PATH|SINGLE_MAINTAINER,1,4527,v0.2.0
nucleo-ui-fill-12,1.5.0,16,F,UNVERIFIED_PUBLISH_PATH|SINGLE_MAINTAINER,1,4526,v0.2.0
'@tsparticles/plugin-easing-circ,4.3.2,69,C,INCONSISTENT_PUBLISH_PATH|SINGLE_MAINTAINER,1,4525,v0.2.0
'@tsparticles/plugin-easing-expo,4.3.2,69,C,INCONSISTENT_PUBLISH_PATH|SINGLE_MAINTAINER,1,4523,v0.2.0
'@tsparticles/shape-arrow,4.3.2,69,C,INCONSISTENT_PUBLISH_PATH|SINGLE_MAINTAINER,1,4523,v0.2.0
'@tsparticles/interaction-particles-repulse,4.3.2,69,C,INCONSISTENT_PUBLISH_PATH|SINGLE_MAINTAINER,1,4518,v0.2.0
'@snowplow/browser-plugin-vimeo-tracking,4.8.4,39,D,UNVERIFIED_PUBLISH_PATH,3,4517,v0.2.0
'@tsparticles/interaction-external-pop,4.3.2,69,C,INCONSISTENT_PUBLISH_PATH|SINGLE_MAINTAINER,1,4517,v0.2.0
colorjoe,4.2.0,19,F,UNVERIFIED_PUBLISH_PATH|DORMANT|SINGLE_MAINTAINER,1,4517,v0.2.0
flexslider,2.7.2,19,F,UNVERIFIED_PUBLISH_PATH|DORMANT|SINGLE_MAINTAINER,1,4514,v0.2.0
'@creativebulma/bulma-tooltip,1.2.0,33,F,UNVERIFIED_PUBLISH_PATH|DORMANT,2,4512,v0.2.0
'@tsparticles/plugin-easing-back,4.3.2,69,C,INCONSISTENT_PUBLISH_PATH|SINGLE_MAINTAINER,1,4512,v0.2.0
'@tsparticles/plugin-easing-quart,4.3.2,69,C,INCONSISTENT_PUBLISH_PATH|SINGLE_MAINTAINER,1,4512,v0.2.0
'@tsparticles/plugin-easing-quint,4.3.2,69,C,INCONSISTENT_PUBLISH_PATH|SINGLE_MAINTAINER,1,4512,v0.2.0
'@tsparticles/path-simplex-noise,4.3.2,69,C,INCONSISTENT_PUBLISH_PATH|SINGLE_MAINTAINER,1,4509,v0.2.0
'@tsparticles/plugin-export-image,4.3.2,69,C,INCONSISTENT_PUBLISH_PATH|SINGLE_MAINTAINER,1,4505,v0.2.0
'@tsparticles/effect-bubble,4.3.2,69,C,INCONSISTENT_PUBLISH_PATH|SINGLE_MAINTAINER,1,4504,v0.2.0
'@tsparticles/plugin-export-video,4.3.2,69,C,INCONSISTENT_PUBLISH_PATH|SINGLE_MAINTAINER,1,4504,v0.2.0
'@tsparticles/plugin-easing-linear,4.3.2,69,C,INCONSISTENT_PUBLISH_PATH|SINGLE_MAINTAINER,1,4503,v0.2.0
artplayer-plugin-hls-control,1.1.0,25,F,UNVERIFIED_PUBLISH_PATH|SINGLE_MAINTAINER,1,4501,v0.2.0
'@fontsource-variable/noto-sans-display,5.3.0,81,B,,2,4498,v0.2.0
'@tsparticles/shape-path,4.3.2,69,C,INCONSISTENT_PUBLISH_PATH|SINGLE_MAINTAINER,1,4497,v0.2.0
desandro-classie,1.0.1,14,F,UNVERIFIED_PUBLISH_PATH|DORMANT|SINGLE_MAINTAINER,1,4496,v0.2.0
fiori-fundamentals,1.7.10,19,F,UNVERIFIED_PUBLISH_PATH|DORMANT|SINGLE_MAINTAINER|DEPRECATED,1,4493,v0.2.0
'@fontsource-variable/noto-serif-tc,5.3.0,81,B,,2,4486,v0.2.0
'@tsparticles/plugin-emitters-shape-canvas,4.3.2,69,C,INCONSISTENT_PUBLISH_PATH|SINGLE_MAINTAINER,1,4485,v0.2.0
mirador,4.1.0,39,D,UNVERIFIED_PUBLISH_PATH,10,4482,v0.2.0
'@fontsource/cinzel-decorative,5.3.0,81,B,,2,4479,v0.2.0
'@tsparticles/plugin-easing-sine,4.3.2,69,C,INCONSISTENT_PUBLISH_PATH|SINGLE_MAINTAINER,1,4474,v0.2.0
'@fontsource/roboto-serif,5.3.0,81,B,,2,4472,v0.2.0
font-awesome-animation,1.1.1,33,F,UNVERIFIED_PUBLISH_PATH|DORMANT,2,4470,v0.2.0
'@jspreadsheet/parser,6.0.6,25,F,UNVERIFIED_PUBLISH_PATH|SINGLE_MAINTAINER,1,4466,v0.2.0
'@tsparticles/plugin-export-json,4.3.2,69,C,INCONSISTENT_PUBLISH_PATH|SINGLE_MAINTAINER,1,4462,v0.2.0
'@fontsource/parisienne,5.3.0,81,B,,2,4459,v0.2.0
lg-thumbnail.js,1.2.0,19,F,UNVERIFIED_PUBLISH_PATH|DORMANT|SINGLE_MAINTAINER,1,4456,v0.2.0
'@fontsource/noto-sans-bengali,5.3.0,81,B,,2,4451,v0.2.0
'@pqina/flip,1.8.4,19,F,UNVERIFIED_PUBLISH_PATH|DORMANT|SINGLE_MAINTAINER,1,4451,v0.2.0
'@fontsource/nanum-gothic,5.3.0,81,B,,2,4445,v0.2.0
aws-icons,3.3.0,25,F,UNVERIFIED_PUBLISH_PATH|SINGLE_MAINTAINER,1,4439,v0.2.0
'@inlang/message-lint-rule-without-source,1.4.8,24,F,UNVERIFIED_PUBLISH_PATH|DORMANT,2,4438,v0.2.0
ui-router-extras,0.1.3,15,F,UNVERIFIED_PUBLISH_PATH|DORMANT|SINGLE_MAINTAINER,1,4435,v0.2.0
jquery-chained,2.0.0-beta.2,14,F,UNVERIFIED_PUBLISH_PATH|DORMANT|SINGLE_MAINTAINER,1,4430,v0.2.0
pdf-lib-with-encrypt,1.2.1,14,F,UNVERIFIED_PUBLISH_PATH|DORMANT|SINGLE_MAINTAINER,1,4423,v0.2.0
'@brainfish-ai/web-widget,1.24.1,30,F,UNVERIFIED_PUBLISH_PATH,4,4421,v0.2.0
'@fontsource/satisfy,5.3.0,81,B,,2,4420,v0.2.0
'@fontsource/archivo-narrow,5.3.0,81,B,,2,4417,v0.2.0
isotope-packery,2.0.1,19,F,UNVERIFIED_PUBLISH_PATH|DORMANT|SINGLE_MAINTAINER,1,4409,v0.2.0
js-storage,1.1.0,19,F,UNVERIFIED_PUBLISH_PATH|DORMANT|SINGLE_MAINTAINER,1,4386,v0.2.0
'@fontsource/ibm-plex-sans-kr,5.3.0,81,B,,2,4382,v0.2.0
jquery-jpostal-ja,2.14.82,25,F,UNVERIFIED_PUBLISH_PATH|SINGLE_MAINTAINER,1,4382,v0.2.0
lg-fullscreen.js,1.2.0,19,F,UNVERIFIED_PUBLISH_PATH|DORMANT|SINGLE_MAINTAINER,1,4378,v0.2.0
flag-icons-svg,0.0.3,19,F,UNVERIFIED_PUBLISH_PATH|DORMANT|SINGLE_MAINTAINER,1,4374,v0.2.0
'@pnotify/glyphicon,5.2.0,19,F,UNVERIFIED_PUBLISH_PATH|DORMANT|SINGLE_MAINTAINER,1,4353,v0.2.0
chart2music,1.20.0,25,F,UNVERIFIED_PUBLISH_PATH|SINGLE_MAINTAINER,1,4345,v0.2.0
'@razorpay/blade,12.110.0,94,A,,4,4344,v0.2.0
antdv-next,1.4.4,34,F,UNVERIFIED_PUBLISH_PATH,3,4339,v0.2.0
rateyo,3.0.0-alpha.2,19,F,UNVERIFIED_PUBLISH_PATH|DORMANT|SINGLE_MAINTAINER,1,4338,v0.2.0
gentle-pi,1.1.0,58,C,INCONSISTENT_PUBLISH_PATH|SINGLE_MAINTAINER,1,4331,v0.2.0
gsplat,1.2.9,25,F,UNVERIFIED_PUBLISH_PATH|SINGLE_MAINTAINER,1,4325,v0.2.0
videojs-quality-selector-hls,1.1.1,19,F,UNVERIFIED_PUBLISH_PATH|DORMANT|SINGLE_MAINTAINER,1,4325,v0.2.0
'@iconify-json/fluent-mdl2,1.2.1,15,F,UNVERIFIED_PUBLISH_PATH|DORMANT|SINGLE_MAINTAINER,1,4322,v0.2.0
'@fontsource/chivo,5.3.0,81,B,,2,4321,v0.2.0
'@wix/auto_sdk_media_enterprise-media-items,1.0.38,30,F,UNVERIFIED_PUBLISH_PATH,12,4311,v0.2.0
leaflet.path.drag,0.0.6,19,F,UNVERIFIED_PUBLISH_PATH|DORMANT|SINGLE_MAINTAINER,1,4292,v0.2.0
zooming,2.1.1,19,F,UNVERIFIED_PUBLISH_PATH|DORMANT|SINGLE_MAINTAINER,1,4292,v0.2.0
'@tylertech/forge,3.14.4,47,D,UNVERIFIED_PUBLISH_PATH,6,4287,v0.2.0
solar-icon-set,2.0.1,34,F,UNVERIFIED_PUBLISH_PATH,3,4283,v0.2.0
v-charts,1.19.0,19,F,UNVERIFIED_PUBLISH_PATH|DORMANT|SINGLE_MAINTAINER,1,4282,v0.2.0
'@file-viewer/web-full,2.2.2,20,F,UNVERIFIED_PUBLISH_PATH|SINGLE_MAINTAINER,1,4275,v0.2.0
bootstrap3,3.3.5,32,F,UNVERIFIED_PUBLISH_PATH|DORMANT|SINGLE_MAINTAINER,1,4271,v0.2.0
'@fontsource/gelasio,5.3.0,81,B,,2,4262,v0.2.0
'@fontsource/google-sans,5.3.0,81,B,,2,4259,v0.2.0
'@wix/auto_sdk_stores_products-v-3,1.0.198,30,F,UNVERIFIED_PUBLISH_PATH,12,4244,v0.2.0
jquery.nicescroll,3.7.6,28,F,UNVERIFIED_PUBLISH_PATH|DORMANT,2,4243,v0.2.0
accessibility,6.1.0,21,F,UNVERIFIED_PUBLISH_PATH|SINGLE_MAINTAINER,1,4231,v0.2.0
luminous-lightbox,2.4.0,40,D,UNVERIFIED_PUBLISH_PATH|DORMANT,10,4229,v0.2.0
'@mediakind/mkplayer,1.41.0,35,D,UNVERIFIED_PUBLISH_PATH,8,4222,v0.2.0
babylonjs-materials,9.17.0,25,F,UNVERIFIED_PUBLISH_PATH|SINGLE_MAINTAINER,1,4221,v0.2.0
tingle.js,0.16.0,33,F,UNVERIFIED_PUBLISH_PATH|DORMANT,2,4219,v0.2.0
'@pnotify/bootstrap3,5.2.0,19,F,UNVERIFIED_PUBLISH_PATH|DORMANT|SINGLE_MAINTAINER,1,4218,v0.2.0
'@wix/stores,1.0.831,30,F,UNVERIFIED_PUBLISH_PATH,12,4214,v0.2.0
'@fontsource/prata,5.3.0,81,B,,2,4210,v0.2.0
webp-hero,0.0.2,19,F,UNVERIFIED_PUBLISH_PATH|DORMANT|SINGLE_MAINTAINER,1,4207,v0.2.0
'@snowplow/javascript-tracker,4.8.4,39,D,UNVERIFIED_PUBLISH_PATH,3,4206,v0.2.0
jquery-smooth-scroll,2.2.0,19,F,UNVERIFIED_PUBLISH_PATH|DORMANT|SINGLE_MAINTAINER,1,4199,v0.2.0
slideout,1.0.1,19,F,UNVERIFIED_PUBLISH_PATH|DORMANT|SINGLE_MAINTAINER,1,4192,v0.2.0
swetrix,4.4.0,73,B,SINGLE_MAINTAINER,1,4185,v0.2.0
lg-video,1.4.0,19,F,UNVERIFIED_PUBLISH_PATH|DORMANT|SINGLE_MAINTAINER,1,4183,v0.2.0
is-in-viewport,3.0.4,19,F,UNVERIFIED_PUBLISH_PATH|DORMANT|SINGLE_MAINTAINER,1,4160,v0.2.0
'@fontsource/open-sauce-one,5.3.0,81,B,,2,4159,v0.2.0
'@hiseb/confetti,2.1.0,25,F,UNVERIFIED_PUBLISH_PATH|SINGLE_MAINTAINER,1,4159,v0.2.0
aplayer,1.10.1,19,F,UNVERIFIED_PUBLISH_PATH|DORMANT|SINGLE_MAINTAINER,1,4156,v0.2.0
featherlight,1.7.14,19,F,UNVERIFIED_PUBLISH_PATH|DORMANT|SINGLE_MAINTAINER,1,4153,v0.2.0
jquery-resizable-dom,0.35.0,19,F,UNVERIFIED_PUBLISH_PATH|DORMANT|SINGLE_MAINTAINER,1,4148,v0.2.0
next-csrf,0.2.1,19,F,UNVERIFIED_PUBLISH_PATH|DORMANT|SINGLE_MAINTAINER,1,4135,v0.2.0
'@wix/auto_sdk_crm_extended-fields,1.0.67,30,F,UNVERIFIED_PUBLISH_PATH,12,4131,v0.2.0
'@tesseract.js-data/spa,1.0.0,19,F,UNVERIFIED_PUBLISH_PATH|DORMANT|SINGLE_MAINTAINER,1,4129,v0.2.0
jquery.rut,1.1.2,33,F,UNVERIFIED_PUBLISH_PATH|DORMANT,2,4128,v0.2.0
'@iconify-json/flowbite,1.2.7,21,F,UNVERIFIED_PUBLISH_PATH|SINGLE_MAINTAINER,1,4126,v0.2.0
bs5-lightbox,1.8.5,25,F,UNVERIFIED_PUBLISH_PATH|SINGLE_MAINTAINER,1,4120,v0.2.0
'@fontsource/homemade-apple,5.3.0,81,B,,2,4117,v0.2.0
openplayerjs,2.14.12,25,F,UNVERIFIED_PUBLISH_PATH|SINGLE_MAINTAINER,1,4117,v0.2.0
'@fontsource/lilita-one,5.3.0,81,B,,2,4116,v0.2.0
'@dropins/storefront-cart,3.3.0,35,D,UNVERIFIED_PUBLISH_PATH,10,4113,v0.2.0
quasar-framework,0.17.20,25,F,UNVERIFIED_PUBLISH_PATH|DORMANT|SINGLE_MAINTAINER,1,4111,v0.2.0
'@tesseract.js-data/fra,1.0.0,19,F,UNVERIFIED_PUBLISH_PATH|DORMANT|SINGLE_MAINTAINER,1,4107,v0.2.0
vwo-node-sdk,1.73.0,39,D,UNVERIFIED_PUBLISH_PATH,2,4107,v0.2.0
'@wix/auto_sdk_crm_labels,1.0.67,30,F,UNVERIFIED_PUBLISH_PATH,12,4105,v0.2.0
'@tsparticles/pjs,4.3.2,69,C,INCONSISTENT_PUBLISH_PATH|SINGLE_MAINTAINER,1,4104,v0.2.0
baguettebox.js,1.13.0,25,F,UNVERIFIED_PUBLISH_PATH|SINGLE_MAINTAINER,1,4096,v0.2.0
jexcel,4.6.1,19,F,UNVERIFIED_PUBLISH_PATH|DORMANT|SINGLE_MAINTAINER,1,4092,v0.2.0
sequential-workflow-designer,0.40.0,25,F,UNVERIFIED_PUBLISH_PATH|SINGLE_MAINTAINER,1,4080,v0.2.0
tablesaw,3.1.2,33,F,UNVERIFIED_PUBLISH_PATH|DORMANT,6,4069,v0.2.0
artplayer-plugin-chapter,1.1.0,25,F,UNVERIFIED_PUBLISH_PATH|SINGLE_MAINTAINER,1,4060,v0.2.0
idn-finlogos,2.5.0,74,B,SINGLE_MAINTAINER,1,4054,v0.2.0
'@icon/themify-icons,1.0.1-alpha.3,33,F,UNVERIFIED_PUBLISH_PATH|DORMANT,2,4045,v0.2.0
'@emran-alhaddad/saudi-riyal-font,1.1.0,25,F,UNVERIFIED_PUBLISH_PATH|SINGLE_MAINTAINER,1,4043,v0.2.0
jquery.marquee,1.6.1,33,F,UNVERIFIED_PUBLISH_PATH|DORMANT,2,4040,v0.2.0
'@fontsource/dela-gothic-one,5.3.0,81,B,,2,4039,v0.2.0
'@imacrayon/alpine-ajax,0.12.7,73,B,SINGLE_MAINTAINER,1,4033,v0.2.0
spin-wheel,5.0.2,19,F,UNVERIFIED_PUBLISH_PATH|DORMANT|SINGLE_MAINTAINER,1,4028,v0.2.0
'@embrace-io/web-sdk,2.23.1,94,A,,9,4021,v0.2.0
counterup2,2.0.2,19,F,UNVERIFIED_PUBLISH_PATH|DORMANT|SINGLE_MAINTAINER,1,4019,v0.2.0
'@pnotify/bootstrap4,5.2.0,19,F,UNVERIFIED_PUBLISH_PATH|DORMANT|SINGLE_MAINTAINER,1,4015,v0.2.0
'@crystaldesign/real-time-viewer,26.7.7,21,F,UNVERIFIED_PUBLISH_PATH|SINGLE_MAINTAINER,1,4014,v0.2.0
'@fontsource/noto-sans-hk,5.3.0,81,B,,2,4014,v0.2.0
mathpix-markdown-it,3.0.1,39,D,UNVERIFIED_PUBLISH_PATH,3,4008,v0.2.0
lg-zoom.js,1.3.0,19,F,UNVERIFIED_PUBLISH_PATH|DORMANT|SINGLE_MAINTAINER,1,4006,v0.2.0
'@fontsource/rokkitt,5.3.0,81,B,,2,3999,v0.2.0
shariff,3.3.0,33,F,UNVERIFIED_PUBLISH_PATH|DORMANT,5,3999,v0.2.0
paginationjs,2.6.0,19,F,UNVERIFIED_PUBLISH_PATH|DORMANT|SINGLE_MAINTAINER,1,3998,v0.2.0
css-toggle-switch,4.1.0,19,F,UNVERIFIED_PUBLISH_PATH|DORMANT|SINGLE_MAINTAINER,1,3994,v0.2.0
'@fontsource/russo-one,5.3.0,81,B,,2,3991,v0.2.0
bootstrap-tour,0.12.0,33,F,UNVERIFIED_PUBLISH_PATH|DORMANT,2,3988,v0.2.0
libpag,4.5.76,32,F,UNVERIFIED_PUBLISH_PATH|SINGLE_MAINTAINER|BRANCH_REQUIRES_PR,1,3986,v0.2.0
'@dynatrace/strato-components,3.9.0,30,F,UNVERIFIED_PUBLISH_PATH,4,3975,v0.2.0
details-polyfill,1.2.0,14,F,UNVERIFIED_PUBLISH_PATH|DORMANT|SINGLE_MAINTAINER,1,3966,v0.2.0
accessible-menu,4.4.0,25,F,UNVERIFIED_PUBLISH_PATH|SINGLE_MAINTAINER,1,3957,v0.2.0
ui-bootstrap4,3.0.7,19,F,UNVERIFIED_PUBLISH_PATH|DORMANT|SINGLE_MAINTAINER,1,3956,v0.2.0
'@fontsource-variable/epilogue,5.3.0,81,B,,2,3954,v0.2.0
sal.js,0.8.5,19,F,UNVERIFIED_PUBLISH_PATH|DORMANT|SINGLE_MAINTAINER,1,3946,v0.2.0
'@fontsource-variable/roboto-serif,5.3.0,81,B,,2,3943,v0.2.0
jquery.panzoom,3.2.3,25,F,UNVERIFIED_PUBLISH_PATH|DORMANT|SINGLE_MAINTAINER,1,3939,v0.2.0
'@fontsource/asap,5.3.0,81,B,,2,3934,v0.2.0
'@openstreetmap/id-tagging-schema,7.0.1,39,D,UNVERIFIED_PUBLISH_PATH,3,3933,v0.2.0
scroll-timeline-polyfill,1.1.0,19,F,UNVERIFIED_PUBLISH_PATH|DORMANT|SINGLE_MAINTAINER,1,3932,v0.2.0
keyrune,3.19.0,25,F,UNVERIFIED_PUBLISH_PATH|SINGLE_MAINTAINER,1,3931,v0.2.0
jqcloud2,2.0.3,19,F,UNVERIFIED_PUBLISH_PATH|DORMANT|SINGLE_MAINTAINER,1,3923,v0.2.0
'@fontsource/big-shoulders-display,5.3.0,81,B,,2,3922,v0.2.0
'@iconify-json/iconamoon,1.2.2,15,F,UNVERIFIED_PUBLISH_PATH|DORMANT|SINGLE_MAINTAINER,1,3919,v0.2.0
cap-widget,0.1.56,20,F,UNVERIFIED_PUBLISH_PATH|SINGLE_MAINTAINER,1,3918,v0.2.0
'@govbr-ds/core,3.7.0,35,D,UNVERIFIED_PUBLISH_PATH,4,3912,v0.2.0
'@shined/react-use,1.14.0,82,B,,4,3911,v0.2.0
remodal,1.1.1,19,F,UNVERIFIED_PUBLISH_PATH|DORMANT|SINGLE_MAINTAINER,1,3905,v0.2.0
vuesax,3.12.2,19,F,UNVERIFIED_PUBLISH_PATH|DORMANT|SINGLE_MAINTAINER,1,3898,v0.2.0
material-icons-font,2.1.0,19,F,UNVERIFIED_PUBLISH_PATH|DORMANT|SINGLE_MAINTAINER,1,3876,v0.2.0
leaflet-heatmap,1.0.0,10,F,UNVERIFIED_PUBLISH_PATH|DORMANT|SINGLE_MAINTAINER,1,3861,v0.2.0
atropos,2.0.2,19,F,UNVERIFIED_PUBLISH_PATH|DORMANT|SINGLE_MAINTAINER,1,3858,v0.2.0
jquery-tooltipster,3.3.0,15,F,UNVERIFIED_PUBLISH_PATH|DORMANT|SINGLE_MAINTAINER,1,3856,v0.2.0
'@iconify-json/pajamas,1.2.15,21,F,UNVERIFIED_PUBLISH_PATH|SINGLE_MAINTAINER,1,3854,v0.2.0
'@pnotify/font-awesome5,5.2.0,19,F,UNVERIFIED_PUBLISH_PATH|DORMANT|SINGLE_MAINTAINER,1,3848,v0.2.0
'@scandit/web-datacapture-parser,8.5.0,35,D,UNVERIFIED_PUBLISH_PATH,5,3841,v0.2.0
jquery.scrollbar,0.2.11,33,F,UNVERIFIED_PUBLISH_PATH|DORMANT,2,3841,v0.2.0
skeleton-screen-css,1.1.0,19,F,UNVERIFIED_PUBLISH_PATH|DORMANT|SINGLE_MAINTAINER,1,3841,v0.2.0
js-loading-overlay,1.2.0,19,F,UNVERIFIED_PUBLISH_PATH|DORMANT|SINGLE_MAINTAINER,1,3836,v0.2.0
ricos-content,10.102.0,24,F,UNVERIFIED_PUBLISH_PATH|DORMANT,8,3829,v0.2.0
'@fontsource-variable/zalando-sans,5.3.0,81,B,,2,3827,v0.2.0
ie11-custom-properties,4.1.0,19,F,UNVERIFIED_PUBLISH_PATH|DORMANT|SINGLE_MAINTAINER,1,3814,v0.2.0
bootstrap-autocomplete,2.3.7,14,F,UNVERIFIED_PUBLISH_PATH|DORMANT|SINGLE_MAINTAINER,1,3811,v0.2.0
davidshimjs-qrcodejs,0.0.2,19,F,UNVERIFIED_PUBLISH_PATH|DORMANT|SINGLE_MAINTAINER,1,3802,v0.2.0
wavesurfer,1.3.4,14,F,UNVERIFIED_PUBLISH_PATH|DORMANT|SINGLE_MAINTAINER|DEPRECATED,1,3798,v0.2.0
'@promptbook/anthropic-claude,0.113.0-11,63,C,INCONSISTENT_PUBLISH_PATH|SINGLE_MAINTAINER,1,3792,v0.2.0
fingerprintjs2sync,1.5.9,19,F,UNVERIFIED_PUBLISH_PATH|DORMANT|SINGLE_MAINTAINER,1,3790,v0.2.0
'@webxr-input-profiles/motion-controllers,1.0.0,24,F,UNVERIFIED_PUBLISH_PATH|DORMANT,2,3787,v0.2.0
'@wix/bookings,1.0.1539,30,F,UNVERIFIED_PUBLISH_PATH,12,3779,v0.2.0
audio-context-polyfill,1.0.0,14,F,UNVERIFIED_PUBLISH_PATH|DORMANT|SINGLE_MAINTAINER|PUBLISHER_NOT_MAINTAINER|DEPRECATED,1,3778,v0.2.0
'@fontsource/titan-one,5.3.0,81,B,,2,3768,v0.2.0
ricos-schema,10.102.0,24,F,UNVERIFIED_PUBLISH_PATH|DORMANT,8,3755,v0.2.0
japanese-string-utils,0.5.0,19,F,UNVERIFIED_PUBLISH_PATH|DORMANT|SINGLE_MAINTAINER,1,3750,v0.2.0
mixitup,3.3.2,19,F,UNVERIFIED_PUBLISH_PATH|DORMANT|SINGLE_MAINTAINER,1,3749,v0.2.0
'@fontsource/kumbh-sans,5.3.0,81,B,,2,3747,v0.2.0
bootstrap-progressbar,0.9.0,19,F,UNVERIFIED_PUBLISH_PATH|DORMANT|SINGLE_MAINTAINER,1,3739,v0.2.0
jsignature,2.1.3,19,F,UNVERIFIED_PUBLISH_PATH|DORMANT|SINGLE_MAINTAINER,1,3735,v0.2.0
'@edtr-io/mathquill,0.11.0,33,F,UNVERIFIED_PUBLISH_PATH|DORMANT,3,3732,v0.2.0
'@banuba/webar,1.18.4,30,F,UNVERIFIED_PUBLISH_PATH,6,3728,v0.2.0
hexo-theme-butterfly,5.6.0,57,C,INCONSISTENT_PUBLISH_PATH|SINGLE_MAINTAINER,1,3721,v0.2.0
hacktimer,1.1.3,19,F,UNVERIFIED_PUBLISH_PATH|DORMANT|SINGLE_MAINTAINER,1,3700,v0.2.0
emoji-datasource-facebook,16.0.0,25,F,UNVERIFIED_PUBLISH_PATH|SINGLE_MAINTAINER,1,3695,v0.2.0
'@fontsource/epilogue,5.3.0,81,B,,2,3692,v0.2.0
'@suprsend/web-sdk,4.4.0,39,D,UNVERIFIED_PUBLISH_PATH,3,3691,v0.2.0
'@wix/auto_sdk_crm_tasks,1.0.80,30,F,UNVERIFIED_PUBLISH_PATH,12,3690,v0.2.0
promise-js,0.0.7,19,F,UNVERIFIED_PUBLISH_PATH|DORMANT|SINGLE_MAINTAINER,1,3684,v0.2.0
'@botom/quill-resize-module,2.2.0,25,F,UNVERIFIED_PUBLISH_PATH|SINGLE_MAINTAINER,1,3683,v0.2.0
image-map-resizer,1.0.10,25,F,UNVERIFIED_PUBLISH_PATH|DORMANT|SINGLE_MAINTAINER,1,3683,v0.2.0
bootstrap-hover-dropdown,2.2.1,19,F,UNVERIFIED_PUBLISH_PATH|DORMANT|SINGLE_MAINTAINER,1,3678,v0.2.0
'@fontsource/michroma,5.3.0,81,B,,2,3677,v0.2.0
'@shakebugs/browser,3.3.2,25,F,UNVERIFIED_PUBLISH_PATH|SINGLE_MAINTAINER,1,3675,v0.2.0
osm-community-index,6.0.0,30,F,UNVERIFIED_PUBLISH_PATH,2,3666,v0.2.0
select2-bootstrap4-theme,1.0.0,19,F,UNVERIFIED_PUBLISH_PATH|DORMANT|SINGLE_MAINTAINER,1,3663,v0.2.0
slide-anim,1.6.0,25,F,UNVERIFIED_PUBLISH_PATH|SINGLE_MAINTAINER,1,3658,v0.2.0
'@trevoreyre/autocomplete-js,3.0.3,19,F,UNVERIFIED_PUBLISH_PATH|DORMANT|SINGLE_MAINTAINER,1,3656,v0.2.0
fittext.js,1.2.0,19,F,UNVERIFIED_PUBLISH_PATH|DORMANT|SINGLE_MAINTAINER,1,3655,v0.2.0
'@fontsource/noto-kufi-arabic,5.3.0,81,B,,2,3653,v0.2.0
jquery-slim,3.0.0,19,F,UNVERIFIED_PUBLISH_PATH|DORMANT|SINGLE_MAINTAINER,1,3650,v0.2.0
vast-client,3.2.0,33,F,UNVERIFIED_PUBLISH_PATH|DORMANT|DEPRECATED,5,3640,v0.2.0
riot-route,3.1.4,33,F,UNVERIFIED_PUBLISH_PATH|DORMANT,2,3639,v0.2.0
itemsjs,2.4.4,25,F,UNVERIFIED_PUBLISH_PATH|SINGLE_MAINTAINER,1,3637,v0.2.0
'@fontsource-variable/host-grotesk,5.3.0,81,B,,2,3629,v0.2.0
'@fontsource-variable/funnel-display,5.3.0,81,B,,2,3627,v0.2.0
'@fontsource/oxygen,5.3.0,81,B,,2,3627,v0.2.0
'@materializecss/materialize,2.3.3,39,D,UNVERIFIED_PUBLISH_PATH,2,3624,v0.2.0
cm-chessboard,8.12.12,25,F,UNVERIFIED_PUBLISH_PATH|SINGLE_MAINTAINER,1,3623,v0.2.0
jquery-drawer,3.2.2,19,F,UNVERIFIED_PUBLISH_PATH|DORMANT|SINGLE_MAINTAINER,1,3612,v0.2.0
'@fontsource/redacted-script,5.3.0,81,B,,2,3609,v0.2.0
'@tensorflow-models/posenet,2.2.2,28,F,UNVERIFIED_PUBLISH_PATH|DORMANT,10,3608,v0.2.0
'@wix/auto_sdk_stores_products,1.0.98,30,F,UNVERIFIED_PUBLISH_PATH,12,3596,v0.2.0
'@crystaldesign/product-detail-page,26.7.7,21,F,UNVERIFIED_PUBLISH_PATH|SINGLE_MAINTAINER,1,3595,v0.2.0
loading-attribute-polyfill,2.1.1,19,F,UNVERIFIED_PUBLISH_PATH|DORMANT|SINGLE_MAINTAINER,1,3588,v0.2.0
'@fontsource-variable/gabarito,5.3.0,81,B,,2,3586,v0.2.0
'@fontsource/pt-sans-narrow,5.3.0,81,B,,2,3585,v0.2.0
'@aurodesignsystem/auro-hyperlink,8.0.3,89,A,,8,3584,v0.2.0
ajaxinate,3.0.1,19,F,UNVERIFIED_PUBLISH_PATH|DORMANT|SINGLE_MAINTAINER,1,3584,v0.2.0
chartjs-plugin-watermark,2.0.2,19,F,UNVERIFIED_PUBLISH_PATH|DORMANT|SINGLE_MAINTAINER,1,3573,v0.2.0
'@typebot.io/js,0.10.7,16,F,UNVERIFIED_PUBLISH_PATH|SINGLE_MAINTAINER,1,3570,v0.2.0
'@qlik/embed-web-components,1.7.2,30,F,UNVERIFIED_PUBLISH_PATH,2,3568,v0.2.0
'@fontsource/almarai,5.3.0,81,B,,2,3564,v0.2.0
snowball-stemmer.jsx,0.2.3,19,F,UNVERIFIED_PUBLISH_PATH|DORMANT|SINGLE_MAINTAINER,1,3562,v0.2.0
name-suggestion-index,7.2.20260530,34,F,UNVERIFIED_PUBLISH_PATH,5,3546,v0.2.0
'@vonage/media-processor,3.0.4,35,D,UNVERIFIED_PUBLISH_PATH,66,3539,v0.2.0
leaflet-pegman,0.1.7,25,F,UNVERIFIED_PUBLISH_PATH|SINGLE_MAINTAINER,1,3532,v0.2.0
pristinejs,1.1.0,19,F,UNVERIFIED_PUBLISH_PATH|DORMANT|SINGLE_MAINTAINER,1,3532,v0.2.0
lg-video.js,1.3.0,19,F,UNVERIFIED_PUBLISH_PATH|DORMANT|SINGLE_MAINTAINER,1,3526,v0.2.0
'@crystaldesign/diva-web-planner-react,26.7.7,21,F,UNVERIFIED_PUBLISH_PATH|SINGLE_MAINTAINER,1,3516,v0.2.0
docusaurus-plugin-drawio,0.4.0,19,F,UNVERIFIED_PUBLISH_PATH|DORMANT|SINGLE_MAINTAINER,1,3514,v0.2.0
'@fontsource-variable/josefin-sans,5.3.0,81,B,,2,3507,v0.2.0
jscroll,2.4.1,19,F,UNVERIFIED_PUBLISH_PATH|DORMANT|SINGLE_MAINTAINER,1,3505,v0.2.0
fontawesome-iconpicker,3.2.0,19,F,UNVERIFIED_PUBLISH_PATH|DORMANT|SINGLE_MAINTAINER|DEPRECATED,1,3501,v0.2.0
'@fontsource/hind,5.3.0,81,B,,2,3493,v0.2.0
enter-view,2.0.1,10,F,UNVERIFIED_PUBLISH_PATH|DORMANT|SINGLE_MAINTAINER|PUBLISHER_NOT_MAINTAINER,1,3487,v0.2.0
footable,2.0.6,19,F,UNVERIFIED_PUBLISH_PATH|DORMANT|SINGLE_MAINTAINER,1,3487,v0.2.0
cannon,0.6.2,14,F,UNVERIFIED_PUBLISH_PATH|DORMANT|SINGLE_MAINTAINER,1,3482,v0.2.0
'@iconify-json/noto,1.2.7,21,F,UNVERIFIED_PUBLISH_PATH|SINGLE_MAINTAINER,1,3481,v0.2.0
sharer.js,0.5.4,32,F,UNVERIFIED_PUBLISH_PATH|SINGLE_MAINTAINER,1,3480,v0.2.0
'@joemasilotti/bridge-components,0.13.2,25,F,UNVERIFIED_PUBLISH_PATH|SINGLE_MAINTAINER,1,3475,v0.2.0
'@fontsource/teko,5.3.0,81,B,,2,3462,v0.2.0
'@voerro/vue-tagsinput,2.7.1,19,F,UNVERIFIED_PUBLISH_PATH|DORMANT|SINGLE_MAINTAINER,1,3457,v0.2.0
'@microblink/blinkcard-in-browser-sdk,2.12.0,39,D,UNVERIFIED_PUBLISH_PATH|DEPRECATED,5,3452,v0.2.0
'@bigcommerce/stencil-utils,6.23.0,94,A,,8,3450,v0.2.0
mana-font,1.18.0,19,F,UNVERIFIED_PUBLISH_PATH|DORMANT|SINGLE_MAINTAINER,1,3446,v0.2.0
pjax,0.2.8,33,F,UNVERIFIED_PUBLISH_PATH|DORMANT,3,3445,v0.2.0
'@digital-realty/ui-service-management,12.6.4,30,F,UNVERIFIED_PUBLISH_PATH,4,3444,v0.2.0
leaflet-mouse-position,1.2.0,19,F,UNVERIFIED_PUBLISH_PATH|DORMANT|SINGLE_MAINTAINER,1,3441,v0.2.0
mediaelement-plugins,5.2.0,39,D,UNVERIFIED_PUBLISH_PATH,4,3440,v0.2.0
bulma-switch-control,1.2.2,19,F,UNVERIFIED_PUBLISH_PATH|DORMANT|SINGLE_MAINTAINER,1,3439,v0.2.0
image-compare-viewer,1.6.2,19,F,UNVERIFIED_PUBLISH_PATH|DORMANT|SINGLE_MAINTAINER,1,3436,v0.2.0
jquery-hammerjs,2.0.0,33,F,UNVERIFIED_PUBLISH_PATH|DORMANT,2,3433,v0.2.0
webcamjs,1.0.26,19,F,UNVERIFIED_PUBLISH_PATH|DORMANT|SINGLE_MAINTAINER,1,3428,v0.2.0
'@wix/auto_sdk_stores_catalog-versioning,1.0.72,30,F,UNVERIFIED_PUBLISH_PATH,12,3427,v0.2.0
node-snackbar,0.1.16,19,F,UNVERIFIED_PUBLISH_PATH|DORMANT|SINGLE_MAINTAINER,1,3427,v0.2.0
tocca,2.0.9,19,F,UNVERIFIED_PUBLISH_PATH|DORMANT|SINGLE_MAINTAINER,1,3425,v0.2.0
'@alma/widgets,4.4.0,87,A,,6,3422,v0.2.0
xgplayer-flv,3.0.26,77,B,INCONSISTENT_PUBLISH_PATH,11,3422,v0.2.0
'@iconify-json/gridicons,1.2.5,21,F,UNVERIFIED_PUBLISH_PATH|SINGLE_MAINTAINER,1,3421,v0.2.0
cnchar,3.2.6,19,F,UNVERIFIED_PUBLISH_PATH|DORMANT|SINGLE_MAINTAINER,1,3417,v0.2.0
'@fontsource/arvo,5.3.0,81,B,,2,3404,v0.2.0
'@reachfive/identity-core,1.41.0,39,D,UNVERIFIED_PUBLISH_PATH,3,3403,v0.2.0
'@fontsource/zcool-kuaile,5.3.0,81,B,,2,3397,v0.2.0
'@iconify-json/prime,1.2.5,21,F,UNVERIFIED_PUBLISH_PATH|SINGLE_MAINTAINER,1,3389,v0.2.0
bulma-toast,2.4.4,19,F,UNVERIFIED_PUBLISH_PATH|DORMANT|SINGLE_MAINTAINER,1,3387,v0.2.0
phpjs,1.3.2,14,F,UNVERIFIED_PUBLISH_PATH|DORMANT|SINGLE_MAINTAINER|DEPRECATED,1,3377,v0.2.0
'@iconify-json/akar-icons,1.2.7,21,F,UNVERIFIED_PUBLISH_PATH|SINGLE_MAINTAINER,1,3363,v0.2.0
'@aws/amazon-location-for-maplibre-gl-geocoder,2.0.8,94,A,,4,3361,v0.2.0
'@contentstack/personalize-edge-sdk,1.0.23,39,D,UNVERIFIED_PUBLISH_PATH,2,3361,v0.2.0
'@fontsource/poiret-one,5.3.0,81,B,,2,3356,v0.2.0
rich-markdown-editor,11.21.3,19,F,UNVERIFIED_PUBLISH_PATH|DORMANT|SINGLE_MAINTAINER,1,3355,v0.2.0
'@fontsource/im-fell-english,5.3.0,81,B,,2,3354,v0.2.0
formbouncerjs,1.4.6,19,F,UNVERIFIED_PUBLISH_PATH|DORMANT|SINGLE_MAINTAINER,1,3346,v0.2.0
volantis-static,0.0.1761982841160,63,C,SINGLE_MAINTAINER,1,3343,v0.2.0
'@fontsource/turret-road,5.3.0,81,B,,2,3342,v0.2.0
leaflet.geodesic,2.7.2,25,F,UNVERIFIED_PUBLISH_PATH|SINGLE_MAINTAINER,1,3341,v0.2.0
bromcom-ui,2.12.3,35,D,UNVERIFIED_PUBLISH_PATH,3,3339,v0.2.0
'@oracle/oraclejet,20.1.3,30,F,UNVERIFIED_PUBLISH_PATH,7,3338,v0.2.0
'@aurodesignsystem/auro-formkit,6.0.1,79,B,INCONSISTENT_PUBLISH_PATH,8,3337,v0.2.0
jspanel4,4.16.1,19,F,UNVERIFIED_PUBLISH_PATH|DORMANT|SINGLE_MAINTAINER,1,3336,v0.2.0
'@doenet/standalone,0.7.21,77,B,INCONSISTENT_PUBLISH_PATH,3,3334,v0.2.0
angular-elastic-input,2.4.0,19,F,UNVERIFIED_PUBLISH_PATH|DORMANT|SINGLE_MAINTAINER,1,3326,v0.2.0
'@fontsource/caprasimo,5.3.0,81,B,,2,3324,v0.2.0
require-css,0.1.10,29,F,UNVERIFIED_PUBLISH_PATH|DORMANT,2,3321,v0.2.0
'@antdv-next/icons,1.1.1,34,F,UNVERIFIED_PUBLISH_PATH,5,3318,v0.2.0
leaflet-velocity,2.1.4,19,F,UNVERIFIED_PUBLISH_PATH|DORMANT|SINGLE_MAINTAINER,1,3316,v0.2.0
'@iconify-json/mage,1.2.4,21,F,UNVERIFIED_PUBLISH_PATH|SINGLE_MAINTAINER,1,3314,v0.2.0
vue-json-to-csv,1.1.8,19,F,UNVERIFIED_PUBLISH_PATH|DORMANT|SINGLE_MAINTAINER,1,3313,v0.2.0
isotope-masonry-horizontal,2.0.1,19,F,UNVERIFIED_PUBLISH_PATH|DORMANT|SINGLE_MAINTAINER,1,3311,v0.2.0
'@fontsource-variable/noto-serif-hk,5.3.0,81,B,,2,3309,v0.2.0
'@wix/auto_sdk_stores_catalog-imports-v-3,1.0.70,30,F,UNVERIFIED_PUBLISH_PATH,12,3307,v0.2.0
'@hackernoon/pixel-icon-library,1.1.0,39,D,UNVERIFIED_PUBLISH_PATH,4,3298,v0.2.0
shake.js,1.2.2,19,F,UNVERIFIED_PUBLISH_PATH|DORMANT|SINGLE_MAINTAINER,1,3291,v0.2.0
angular-socialshare,2.3.11,19,F,UNVERIFIED_PUBLISH_PATH|DORMANT|SINGLE_MAINTAINER,1,3285,v0.2.0
'@iconify-json/icon-park-solid,1.2.4,21,F,UNVERIFIED_PUBLISH_PATH|SINGLE_MAINTAINER,1,3281,v0.2.0
alertify.js,1.0.12,19,F,UNVERIFIED_PUBLISH_PATH|DORMANT|SINGLE_MAINTAINER,1,3276,v0.2.0
'@wix/auto_sdk_stores_inventory-items-v-3,1.0.89,30,F,UNVERIFIED_PUBLISH_PATH,12,3272,v0.2.0
'@shiguredo/virtual-background,2023.2.0,33,F,UNVERIFIED_PUBLISH_PATH|DORMANT,2,3271,v0.2.0
angular-carousel,1.1.0,19,F,UNVERIFIED_PUBLISH_PATH|DORMANT|SINGLE_MAINTAINER,1,3268,v0.2.0
vlitejs,8.1.1,73,B,SINGLE_MAINTAINER,1,3268,v0.2.0
latex.js,0.12.6,19,F,UNVERIFIED_PUBLISH_PATH|DORMANT|SINGLE_MAINTAINER,1,3266,v0.2.0
alpaca,1.5.27,14,F,UNVERIFIED_PUBLISH_PATH|DORMANT|SINGLE_MAINTAINER,1,3258,v0.2.0
jquery-autocomplete,1.2.8,19,F,UNVERIFIED_PUBLISH_PATH|DORMANT|SINGLE_MAINTAINER,1,3256,v0.2.0
mind-ar,1.2.5,19,F,UNVERIFIED_PUBLISH_PATH|DORMANT|SINGLE_MAINTAINER,1,3248,v0.2.0
animated-number-vue,1.0.0,14,F,UNVERIFIED_PUBLISH_PATH|DORMANT|SINGLE_MAINTAINER,1,3247,v0.2.0
'@wix/auto_sdk_stores_customizations-v-3,1.0.87,30,F,UNVERIFIED_PUBLISH_PATH,12,3244,v0.2.0
observable-slim,0.2.2,25,F,UNVERIFIED_PUBLISH_PATH|SINGLE_MAINTAINER,1,3244,v0.2.0
'@zendeskgarden/css-callouts,3.3.21,26,F,UNVERIFIED_PUBLISH_PATH|DORMANT|SINGLE_MAINTAINER|DEPRECATED,1,3239,v0.2.0
'@wix/auto_sdk_stores_info-sections-v-3,1.0.98,30,F,UNVERIFIED_PUBLISH_PATH,12,3234,v0.2.0
'@fontsource/tenor-sans,5.3.0,81,B,,2,3232,v0.2.0
'@fontsource/zen-old-mincho,5.3.0,81,B,,2,3231,v0.2.0
jam-icons,2.0.0,14,F,UNVERIFIED_PUBLISH_PATH|DORMANT|SINGLE_MAINTAINER,1,3231,v0.2.0
'@wix/auto_sdk_stores_brands-v-3,1.0.78,30,F,UNVERIFIED_PUBLISH_PATH,12,3226,v0.2.0
vue-image-lightbox,7.2.0,33,F,UNVERIFIED_PUBLISH_PATH|DORMANT,2,3224,v0.2.0
svelte-material-ui,9.0.1,25,F,UNVERIFIED_PUBLISH_PATH|SINGLE_MAINTAINER,1,3220,v0.2.0
aspnet-client-validation,0.11.1,19,F,UNVERIFIED_PUBLISH_PATH|DORMANT|SINGLE_MAINTAINER,1,3218,v0.2.0
'@wix/auto_sdk_stores_read-only-variants-v-3,1.0.132,30,F,UNVERIFIED_PUBLISH_PATH,12,3215,v0.2.0
'@proximus/lavender-common,1.4.13-alpha.6,21,F,UNVERIFIED_PUBLISH_PATH|SINGLE_MAINTAINER,1,3214,v0.2.0
'@wix/auto_sdk_stores_stores-locations-v-3,1.0.53,30,F,UNVERIFIED_PUBLISH_PATH,12,3211,v0.2.0
'@genpact/genome.mfe.v6-app,1.0.318,21,F,UNVERIFIED_PUBLISH_PATH|SINGLE_MAINTAINER,1,3206,v0.2.0
'@wix/auto_sdk_crm_attachments,1.0.54,30,F,UNVERIFIED_PUBLISH_PATH,12,3203,v0.2.0
bulma-timeline,3.0.5,33,F,UNVERIFIED_PUBLISH_PATH|DORMANT|DEPRECATED,2,3203,v0.2.0
'@betorigami/games,2.8.4,35,D,UNVERIFIED_PUBLISH_PATH,8,3201,v0.2.0
jquery-sortablejs,1.0.1,33,F,UNVERIFIED_PUBLISH_PATH|DORMANT,2,3200,v0.2.0
'@kingshott/iodine,8.3.0,19,F,UNVERIFIED_PUBLISH_PATH|DORMANT|SINGLE_MAINTAINER|DEPRECATED,1,3197,v0.2.0
'@fontsource/line-seed-jp,5.3.0,81,B,,2,3196,v0.2.0
'@fontsource/righteous,5.3.0,81,B,,2,3196,v0.2.0
'@wix/auto_sdk_stores_ribbons-v-3,1.0.57,30,F,UNVERIFIED_PUBLISH_PATH,12,3196,v0.2.0
harmonyos-sans-sc-webfont-splitted,1.1.0,25,F,UNVERIFIED_PUBLISH_PATH|SINGLE_MAINTAINER,1,3194,v0.2.0
'@zonos/elements,1.3.281,25,F,UNVERIFIED_PUBLISH_PATH|SINGLE_MAINTAINER|BRANCH_REQUIRES_PR,1,3176,v0.2.0
canvas-5-polyfill,0.1.5,15,F,UNVERIFIED_PUBLISH_PATH|DORMANT|SINGLE_MAINTAINER,1,3173,v0.2.0
'@fontsource-variable/funnel-sans,5.3.0,81,B,,2,3171,v0.2.0
'@fontsource/montserrat-alternates,5.3.0,81,B,,2,3161,v0.2.0
wix-ui-core,3.0.252,24,F,UNVERIFIED_PUBLISH_PATH|DORMANT,6,3161,v0.2.0
notie,4.3.1,19,F,UNVERIFIED_PUBLISH_PATH|DORMANT|SINGLE_MAINTAINER,1,3157,v0.2.0
retinajs,2.1.3,33,F,UNVERIFIED_PUBLISH_PATH|DORMANT,2,3157,v0.2.0
verifalia-widget,1.14.1,21,F,UNVERIFIED_PUBLISH_PATH|SINGLE_MAINTAINER,1,3155,v0.2.0
'@formcrafts/embed,1.0.38,25,F,UNVERIFIED_PUBLISH_PATH|SINGLE_MAINTAINER,1,3154,v0.2.0
'@fontsource/noto-serif-display,5.3.0,81,B,,2,3147,v0.2.0
bulma-divider,0.2.0,14,F,UNVERIFIED_PUBLISH_PATH|DORMANT|SINGLE_MAINTAINER|PUBLISHER_NOT_MAINTAINER,1,3142,v0.2.0
'@wix/auto_sdk_stores_inventory,1.0.73,30,F,UNVERIFIED_PUBLISH_PATH,12,3141,v0.2.0
'@meteocons/svg-static,0.1.0,32,F,UNVERIFIED_PUBLISH_PATH|SINGLE_MAINTAINER,1,3140,v0.2.0
chartjs-plugin-deferred,2.0.0,33,F,UNVERIFIED_PUBLISH_PATH|DORMANT,2,3139,v0.2.0
easy-speech,2.4.0,25,F,UNVERIFIED_PUBLISH_PATH|DORMANT|SINGLE_MAINTAINER,1,3138,v0.2.0
'@flarehr/apollo-customer-workplace-link,0.4.21729,35,D,UNVERIFIED_PUBLISH_PATH,8,3126,v0.2.0
tableexport,5.2.0,14,F,UNVERIFIED_PUBLISH_PATH|DORMANT|SINGLE_MAINTAINER,1,3124,v0.2.0
'@fontsource/blinker,5.3.0,81,B,,2,3122,v0.2.0
'@fontsource/ma-shan-zheng,5.3.0,81,B,,2,3117,v0.2.0
'@globalpayments/vega,2.94.0,35,D,UNVERIFIED_PUBLISH_PATH,12,3114,v0.2.0
'@mercuryworkshop/bare-mux,2.1.9,30,F,UNVERIFIED_PUBLISH_PATH,6,3100,v0.2.0
98.css,0.1.21,25,F,UNVERIFIED_PUBLISH_PATH|SINGLE_MAINTAINER,1,3095,v0.2.0
apextree,1.14.0,63,C,INCONSISTENT_PUBLISH_PATH|SINGLE_MAINTAINER,1,3094,v0.2.0
'@xano/js-sdk,3.0.1,39,D,UNVERIFIED_PUBLISH_PATH,5,3092,v0.2.0
dotdotdot,1.7.0,10,F,UNVERIFIED_PUBLISH_PATH|DORMANT|SINGLE_MAINTAINER,1,3090,v0.2.0
semantic-ui,2.5.0,33,F,UNVERIFIED_PUBLISH_PATH|DORMANT,2,3083,v0.2.0
lax.js,2.0.3,19,F,UNVERIFIED_PUBLISH_PATH|DORMANT|SINGLE_MAINTAINER,1,3082,v0.2.0
'@tinymce/tinymce-webcomponent,2.4.0,52,C,UNVERIFIED_PUBLISH_PATH,2,3081,v0.2.0
'@aurodesignsystem/auro-loader,6.2.0,89,A,BRANCH_REQUIRES_PR,8,3080,v0.2.0
inline-svg,2.2.3,33,F,UNVERIFIED_PUBLISH_PATH|DORMANT,2,3079,v0.2.0
leaflet-pixi-overlay,1.9.5,25,F,UNVERIFIED_PUBLISH_PATH|SINGLE_MAINTAINER,1,3078,v0.2.0
'@wix/auto_sdk_crm_submitted-contact,1.0.44,30,F,UNVERIFIED_PUBLISH_PATH,12,3069,v0.2.0
'@dropins/storefront-auth,4.0.0,35,D,UNVERIFIED_PUBLISH_PATH,10,3067,v0.2.0
bootstrap5-toggle,5.4.1,31,F,UNVERIFIED_PUBLISH_PATH|SINGLE_MAINTAINER,1,3067,v0.2.0
pushfeedback,0.1.84,25,F,UNVERIFIED_PUBLISH_PATH|SINGLE_MAINTAINER,1,3062,v0.2.0
'@fontsource/maven-pro,5.3.0,81,B,,2,3061,v0.2.0
ad-rotator,5.8.1,20,F,UNVERIFIED_PUBLISH_PATH|DORMANT|SINGLE_MAINTAINER,1,3059,v0.2.0
tsparticles-preset-confetti,2.12.0,33,F,UNVERIFIED_PUBLISH_PATH|DORMANT|DEPRECATED,2,3059,v0.2.0
'@animxyz/core,0.6.7,39,D,UNVERIFIED_PUBLISH_PATH,2,3036,v0.2.0
'@highcharts/grid-lite,3.0.0,39,D,UNVERIFIED_PUBLISH_PATH,10,3034,v0.2.0
'@fontsource/staatliches,5.3.0,81,B,,2,3033,v0.2.0
stimulus-content-loader,4.2.0,14,F,UNVERIFIED_PUBLISH_PATH|DORMANT|SINGLE_MAINTAINER|DEPRECATED,1,3033,v0.2.0
'@tesseract.js-data/deu,1.0.0,19,F,UNVERIFIED_PUBLISH_PATH|DORMANT|SINGLE_MAINTAINER,1,3016,v0.2.0
bootstrap-confirmation2,4.2.1,19,F,UNVERIFIED_PUBLISH_PATH|DORMANT|SINGLE_MAINTAINER,1,3015,v0.2.0
leaflet-measure-path,1.5.0,19,F,UNVERIFIED_PUBLISH_PATH|DORMANT|SINGLE_MAINTAINER,1,3015,v0.2.0
'@blotoutio/providers-google-ads-clicks-sdk,1.63.3,25,F,UNVERIFIED_PUBLISH_PATH|SINGLE_MAINTAINER,1,3008,v0.2.0
'@wix/auto_sdk_stores_subscription-options,1.0.68,30,F,UNVERIFIED_PUBLISH_PATH,12,3006,v0.2.0
'@iconify-json/f7,1.2.2,15,F,UNVERIFIED_PUBLISH_PATH|DORMANT|SINGLE_MAINTAINER,1,3005,v0.2.0
'@wix/auto_sdk_stores_abandoned-carts,1.0.41,30,F,UNVERIFIED_PUBLISH_PATH,12,2999,v0.2.0
opencv.js,1.2.1,20,F,UNVERIFIED_PUBLISH_PATH|DORMANT|SINGLE_MAINTAINER,1,2991,v0.2.0
'@wix/auto_sdk_stores_wishlist,1.0.37,30,F,UNVERIFIED_PUBLISH_PATH,12,2987,v0.2.0
leaflet.featuregroup.subgroup,1.0.2,19,F,UNVERIFIED_PUBLISH_PATH|DORMANT|SINGLE_MAINTAINER,1,2987,v0.2.0
'@wix/auto_sdk_stores_collections,1.0.41,30,F,UNVERIFIED_PUBLISH_PATH,12,2983,v0.2.0
jsmind,0.9.1,63,C,SINGLE_MAINTAINER,1,2978,v0.2.0
'@fontsource/karma,5.3.0,81,B,,2,2976,v0.2.0
videojs-errors,6.2.0,33,F,UNVERIFIED_PUBLISH_PATH|DORMANT,105,2975,v0.2.0
huebee,2.1.1,19,F,UNVERIFIED_PUBLISH_PATH|DORMANT|SINGLE_MAINTAINER,1,2968,v0.2.0
leaflet-sidebar-v2,3.2.3,33,F,UNVERIFIED_PUBLISH_PATH|DORMANT,2,2963,v0.2.0
fork-awesome,1.2.0,33,F,UNVERIFIED_PUBLISH_PATH|DORMANT|DEPRECATED,2,2958,v0.2.0
'@fontsource-variable/besley,5.3.0,81,B,,2,2951,v0.2.0
'@fontsource/audiowide,5.3.0,81,B,,2,2948,v0.2.0
'@wix/auto_sdk_bookings_staff-members,1.0.115,30,F,UNVERIFIED_PUBLISH_PATH,12,2935,v0.2.0
'@fontsource/anonymous-pro,5.3.0,81,B,,2,2934,v0.2.0
'@fontsource-variable/chivo,5.3.0,81,B,,2,2926,v0.2.0
'@fontsource-variable/google-sans,5.3.0,81,B,,2,2925,v0.2.0
reinvented-color-wheel,0.4.0,19,F,UNVERIFIED_PUBLISH_PATH|DORMANT|SINGLE_MAINTAINER,1,2924,v0.2.0
'@fontsource-variable/commissioner,5.3.0,81,B,,2,2921,v0.2.0
qrcanvas,3.1.2,19,F,UNVERIFIED_PUBLISH_PATH|DORMANT|SINGLE_MAINTAINER,1,2921,v0.2.0
lightslider,1.1.6,19,F,UNVERIFIED_PUBLISH_PATH|DORMANT|SINGLE_MAINTAINER,1,2916,v0.2.0
jquery.waitforimages,2.4.0,19,F,UNVERIFIED_PUBLISH_PATH|DORMANT|SINGLE_MAINTAINER,1,2913,v0.2.0
'@wix/headless-stores,0.0.119,30,F,UNVERIFIED_PUBLISH_PATH,12,2903,v0.2.0
lxgw-wenkai-webfont,1.7.0,19,F,UNVERIFIED_PUBLISH_PATH|DORMANT|SINGLE_MAINTAINER,1,2902,v0.2.0
'@fontsource/didact-gothic,5.3.0,81,B,,2,2889,v0.2.0
dynamic-marquee,2.6.5,19,F,UNVERIFIED_PUBLISH_PATH|DORMANT|SINGLE_MAINTAINER,1,2883,v0.2.0
'@fontsource/saira-semi-condensed,5.3.0,81,B,,2,2877,v0.2.0
chartjs-gauge,0.3.0,19,F,UNVERIFIED_PUBLISH_PATH|DORMANT|SINGLE_MAINTAINER,1,2875,v0.2.0
'@sweetalert2/themes,5.0.27,25,F,UNVERIFIED_PUBLISH_PATH|SINGLE_MAINTAINER|DEPRECATED,1,2872,v0.2.0
async-alpine,2.0.3,25,F,UNVERIFIED_PUBLISH_PATH|SINGLE_MAINTAINER,1,2860,v0.2.0
'@tesseract.js-data/ara,1.0.0,19,F,UNVERIFIED_PUBLISH_PATH|DORMANT|SINGLE_MAINTAINER,1,2859,v0.2.0
fontawesome-4.7,4.7.0,19,F,UNVERIFIED_PUBLISH_PATH|DORMANT|SINGLE_MAINTAINER,1,2851,v0.2.0
'@near-wallet-selector/modal-ui-js,10.1.4,40,D,UNVERIFIED_PUBLISH_PATH,3,2849,v0.2.0
clappr,0.3.13,33,F,UNVERIFIED_PUBLISH_PATH|DORMANT|DEPRECATED,11,2845,v0.2.0
jquery.event.move,1.3.6,15,F,UNVERIFIED_PUBLISH_PATH|DORMANT|SINGLE_MAINTAINER,1,2845,v0.2.0
html-screen-capture-js,2.0.9,39,D,UNVERIFIED_PUBLISH_PATH,2,2844,v0.2.0
blockadblock,3.2.1,19,F,UNVERIFIED_PUBLISH_PATH|DORMANT|SINGLE_MAINTAINER,1,2843,v0.2.0
'@fontsource-variable/red-hat-display,5.3.0,81,B,,2,2840,v0.2.0
'@trutoo/event-bus,3.0.0,39,D,UNVERIFIED_PUBLISH_PATH,2,2839,v0.2.0
arv-extends,5.0.3-status-track-1.71,28,F,UNVERIFIED_PUBLISH_PATH|DORMANT,4,2838,v0.2.0
'@flowjs/ng-flow,2.7.8,28,F,UNVERIFIED_PUBLISH_PATH|DORMANT|PUBLISHER_NOT_MAINTAINER,3,2822,v0.2.0
rmodal,1.1.0,19,F,UNVERIFIED_PUBLISH_PATH|DORMANT|SINGLE_MAINTAINER,1,2818,v0.2.0
libgif,0.0.3,19,F,UNVERIFIED_PUBLISH_PATH|DORMANT|SINGLE_MAINTAINER,1,2816,v0.2.0
treeselectjs,0.14.2,20,F,UNVERIFIED_PUBLISH_PATH|SINGLE_MAINTAINER,1,2813,v0.2.0
easyzoom,2.6.0,19,F,UNVERIFIED_PUBLISH_PATH|DORMANT|SINGLE_MAINTAINER,1,2809,v0.2.0
'@laragear/webpass,2.1.2,73,B,SINGLE_MAINTAINER|DEPRECATED,1,2804,v0.2.0
addsearch-js-client,1.2.5,39,D,UNVERIFIED_PUBLISH_PATH,3,2795,v0.2.0
docsify-pagination,2.10.1,14,F,UNVERIFIED_PUBLISH_PATH|DORMANT|SINGLE_MAINTAINER,1,2792,v0.2.0
notifly-js-sdk,2.19.0,77,B,INCONSISTENT_PUBLISH_PATH,2,2783,v0.2.0
zero-md,3.1.8,25,F,UNVERIFIED_PUBLISH_PATH|SINGLE_MAINTAINER,1,2781,v0.2.0
editorjs-alert,1.1.4,14,F,UNVERIFIED_PUBLISH_PATH|DORMANT|SINGLE_MAINTAINER,1,2778,v0.2.0
'@lskjs/ui,2.8.0,33,F,UNVERIFIED_PUBLISH_PATH|DORMANT,12,2776,v0.2.0
'@apollographql/graphql-playground-react,1.7.42,15,F,UNVERIFIED_PUBLISH_PATH|DORMANT|SINGLE_MAINTAINER|PUBLISHER_NOT_MAINTAINER,1,2767,v0.2.0
'@webpixels/css,3.0.5,25,F,UNVERIFIED_PUBLISH_PATH|SINGLE_MAINTAINER,1,2763,v0.2.0
'@fontsource/amatic-sc,5.3.0,81,B,,2,2762,v0.2.0
petite-vue,0.4.1,14,F,UNVERIFIED_PUBLISH_PATH|DORMANT|SINGLE_MAINTAINER,1,2762,v0.2.0
range-slider-input,2.4.5,25,F,UNVERIFIED_PUBLISH_PATH|SINGLE_MAINTAINER,1,2757,v0.2.0
star-rating.js,4.3.1,19,F,UNVERIFIED_PUBLISH_PATH|DORMANT|SINGLE_MAINTAINER,1,2750,v0.2.0
'@iconify-json/cib,1.2.3,21,F,UNVERIFIED_PUBLISH_PATH|SINGLE_MAINTAINER,1,2746,v0.2.0
solarlunar,3.1.0,26,F,UNVERIFIED_PUBLISH_PATH|SINGLE_MAINTAINER|PUBLISHER_NOT_MAINTAINER,1,2746,v0.2.0
mmenu-light,3.2.2,19,F,UNVERIFIED_PUBLISH_PATH|DORMANT|SINGLE_MAINTAINER,1,2738,v0.2.0
smartmenus,2.0.0-alpha.1,19,F,UNVERIFIED_PUBLISH_PATH|DORMANT|SINGLE_MAINTAINER,1,2732,v0.2.0
'@teipublisher/pb-components,3.6.6,77,B,INCONSISTENT_PUBLISH_PATH,3,2726,v0.2.0
'@anyline/anyline-js,56.1.1,39,D,UNVERIFIED_PUBLISH_PATH,9,2724,v0.2.0
'@fontsource-variable/dancing-script,5.3.0,81,B,,2,2723,v0.2.0
computed-types,1.11.2,19,F,UNVERIFIED_PUBLISH_PATH|DORMANT|SINGLE_MAINTAINER,1,2721,v0.2.0
'@fontsource-variable/reddit-sans,5.3.0,81,B,,2,2720,v0.2.0
'@fontsource/italiana,5.3.0,81,B,,2,2720,v0.2.0
'@zephr/browser,1.9.1,29,F,UNVERIFIED_PUBLISH_PATH|DORMANT,5,2720,v0.2.0
onscreen,1.4.0,19,F,UNVERIFIED_PUBLISH_PATH|DORMANT|SINGLE_MAINTAINER|DEPRECATED,1,2720,v0.2.0
'@dropins/storefront-order,4.0.0,35,D,UNVERIFIED_PUBLISH_PATH,10,2709,v0.2.0
nbtify,2.2.0,19,F,UNVERIFIED_PUBLISH_PATH|DORMANT|SINGLE_MAINTAINER,1,2708,v0.2.0
'@highcharts/grid-pro,3.0.0,39,D,UNVERIFIED_PUBLISH_PATH,10,2706,v0.2.0
chartist-plugin-pointlabels,0.0.6,19,F,UNVERIFIED_PUBLISH_PATH|DORMANT|SINGLE_MAINTAINER,1,2705,v0.2.0
dragdealer,0.10.0,19,F,UNVERIFIED_PUBLISH_PATH|DORMANT|SINGLE_MAINTAINER,1,2685,v0.2.0
'@aurodesignsystem/auro-header,5.0.1,89,A,,8,2676,v0.2.0
'@fontsource/itim,5.3.0,81,B,,2,2664,v0.2.0
froala-pages,1.2.0,14,F,UNVERIFIED_PUBLISH_PATH|DORMANT|SINGLE_MAINTAINER,1,2662,v0.2.0
'@iconify-json/fa-brands,1.2.2,21,F,UNVERIFIED_PUBLISH_PATH|SINGLE_MAINTAINER,1,2661,v0.2.0
'@simonwep/selection-js,2.1.2,19,F,UNVERIFIED_PUBLISH_PATH|DORMANT|SINGLE_MAINTAINER|DEPRECATED,1,2660,v0.2.0
videojs-sprite-thumbnails,2.2.5,25,F,UNVERIFIED_PUBLISH_PATH|SINGLE_MAINTAINER,1,2660,v0.2.0
'@fontsource-variable/saira,5.3.0,81,B,,2,2658,v0.2.0
jquery.typewatch,3.0.2,33,F,UNVERIFIED_PUBLISH_PATH|DORMANT,2,2655,v0.2.0
'@teachablemachine/image,0.8.5,28,F,UNVERIFIED_PUBLISH_PATH|DORMANT,3,2647,v0.2.0
'@neo4j-ndl/base,4.16.4,30,F,UNVERIFIED_PUBLISH_PATH,3,2643,v0.2.0
xhook,1.6.2,33,F,UNVERIFIED_PUBLISH_PATH|DORMANT,2,2643,v0.2.0
awesome-notifications,3.1.3,33,F,UNVERIFIED_PUBLISH_PATH|DORMANT,2,2642,v0.2.0
'@blackbaud/sky-addin-client,1.7.3,25,F,UNVERIFIED_PUBLISH_PATH|SINGLE_MAINTAINER,1,2638,v0.2.0
jquery-ui-themes,1.12.0,10,F,UNVERIFIED_PUBLISH_PATH|DORMANT|SINGLE_MAINTAINER,1,2637,v0.2.0
'@probo/cookie-banner,0.10.0,83,B,INCONSISTENT_PUBLISH_PATH,2,2630,v0.2.0
'@fontsource/jockey-one,5.3.0,81,B,,2,2626,v0.2.0
spoqa-han-sans,3.3.0,28,F,UNVERIFIED_PUBLISH_PATH|DORMANT|PUBLISHER_NOT_MAINTAINER,5,2622,v0.2.0
'@tsparticles/preset-links,4.3.2,69,C,INCONSISTENT_PUBLISH_PATH|SINGLE_MAINTAINER,1,2620,v0.2.0
'@fontsource/young-serif,5.3.0,81,B,,2,2617,v0.2.0
request-animation-frame-polyfill,1.1.2,14,F,UNVERIFIED_PUBLISH_PATH|DORMANT|SINGLE_MAINTAINER,1,2614,v0.2.0
'@countrystatecity/countries-browser,1.0.2,20,F,UNVERIFIED_PUBLISH_PATH|SINGLE_MAINTAINER,1,2611,v0.2.0
'@fontsource-variable/alexandria,5.3.0,81,B,,2,2609,v0.2.0
'@webxr-input-profiles/assets,1.0.20,35,D,UNVERIFIED_PUBLISH_PATH,2,2593,v0.2.0
'@iconify-json/pepicons-pop,1.2.3,21,F,UNVERIFIED_PUBLISH_PATH|SINGLE_MAINTAINER,1,2588,v0.2.0
'@fontsource/dotgothic16,5.3.0,81,B,,2,2586,v0.2.0
clamp-js-main,0.11.6,19,F,UNVERIFIED_PUBLISH_PATH|DORMANT|SINGLE_MAINTAINER,1,2582,v0.2.0
gameanalytics,5.0.0,25,F,UNVERIFIED_PUBLISH_PATH|SINGLE_MAINTAINER,1,2578,v0.2.0
yall-js,4.0.2,19,F,UNVERIFIED_PUBLISH_PATH|DORMANT|SINGLE_MAINTAINER,1,2577,v0.2.0
sysend,1.17.5,19,F,UNVERIFIED_PUBLISH_PATH|DORMANT|SINGLE_MAINTAINER,1,2575,v0.2.0
leaflet-distortableimage,0.21.9,33,F,UNVERIFIED_PUBLISH_PATH|DORMANT,2,2573,v0.2.0
'@fontsource/play,5.3.0,81,B,,2,2571,v0.2.0
nsw-design-system,3.24.16,73,B,SINGLE_MAINTAINER,1,2569,v0.2.0
'@fontsource/old-standard-tt,5.3.0,81,B,,2,2561,v0.2.0
isfastnet,2.0.2,15,F,UNVERIFIED_PUBLISH_PATH|DORMANT|SINGLE_MAINTAINER,1,2547,v0.2.0
'@iconify-json/ci,1.2.2,15,F,UNVERIFIED_PUBLISH_PATH|DORMANT|SINGLE_MAINTAINER,1,2546,v0.2.0
leaflet-kmz,1.0.9,19,F,UNVERIFIED_PUBLISH_PATH|DORMANT|SINGLE_MAINTAINER,1,2544,v0.2.0
webgl-fluid,0.4.0,25,F,UNVERIFIED_PUBLISH_PATH|SINGLE_MAINTAINER,1,2544,v0.2.0
'@algolia/ui-components-horizontal-slider-theme,1.2.3,23,F,UNVERIFIED_PUBLISH_PATH|DORMANT|PUBLISHER_NOT_MAINTAINER,14,2543,v0.2.0
'@magenta/music,1.23.1,28,F,UNVERIFIED_PUBLISH_PATH|DORMANT,6,2543,v0.2.0
mutf-8,1.2.3,73,B,SINGLE_MAINTAINER,1,2541,v0.2.0
'@babylonjs/lite,1.12.0,25,F,UNVERIFIED_PUBLISH_PATH|SINGLE_MAINTAINER,1,2527,v0.2.0
'@flarehr/apollo-benefits-onboarding,0.1.3748,35,D,UNVERIFIED_PUBLISH_PATH,8,2520,v0.2.0
custom-select,1.1.15,33,F,UNVERIFIED_PUBLISH_PATH|DORMANT,2,2517,v0.2.0
lume,0.3.0-alpha.46,25,F,UNVERIFIED_PUBLISH_PATH|SINGLE_MAINTAINER,1,2516,v0.2.0
counterup,1.0.2,14,F,UNVERIFIED_PUBLISH_PATH|DORMANT|SINGLE_MAINTAINER,1,2513,v0.2.0
'@onescience/onecode-web,1.14.50-202607200911,16,F,UNVERIFIED_PUBLISH_PATH|SINGLE_MAINTAINER,1,2510,v0.2.0
notifyjs-browser,0.4.2,15,F,UNVERIFIED_PUBLISH_PATH|DORMANT|SINGLE_MAINTAINER,1,2508,v0.2.0
pdbe-molstar,3.12.0,77,B,INCONSISTENT_PUBLISH_PATH,4,2506,v0.2.0
'@microblink/blinkid,8000.0.1,75,B,SINGLE_MAINTAINER,1,2505,v0.2.0
cn-fontsource-xiaolai-sc-regular,1.0.2,19,F,UNVERIFIED_PUBLISH_PATH|DORMANT|SINGLE_MAINTAINER,1,2504,v0.2.0
'@fontsource/david-libre,5.3.0,81,B,,2,2498,v0.2.0
'@fontsource-variable/noto-naskh-arabic,5.3.0,81,B,,2,2495,v0.2.0
bulma-steps,2.2.1,23,F,UNVERIFIED_PUBLISH_PATH|DORMANT|PUBLISHER_NOT_MAINTAINER|DEPRECATED,2,2495,v0.2.0
vue-mapbox,0.4.1,19,F,UNVERIFIED_PUBLISH_PATH|DORMANT|SINGLE_MAINTAINER,1,2494,v0.2.0
'@wix/auto_sdk_bookings_booking-policies,1.0.139,30,F,UNVERIFIED_PUBLISH_PATH,12,2493,v0.2.0
vara,1.4.1,19,F,UNVERIFIED_PUBLISH_PATH|DORMANT|SINGLE_MAINTAINER,1,2491,v0.2.0
knockout-switch-case,2.1.0,10,F,UNVERIFIED_PUBLISH_PATH|DORMANT|SINGLE_MAINTAINER,1,2488,v0.2.0
'@wix/auto_sdk_bookings_availability-time-slots,1.0.255,30,F,UNVERIFIED_PUBLISH_PATH,12,2486,v0.2.0
'@fontsource-variable/zalando-sans-expanded,5.3.0,81,B,,2,2484,v0.2.0
'@azzas/azzas-tracker-web,2.0.1,35,D,UNVERIFIED_PUBLISH_PATH,2,2474,v0.2.0
'@feedmepos/mf-report,5.27.35,30,F,UNVERIFIED_PUBLISH_PATH,3,2471,v0.2.0
'@tesseract.js-data/por,1.0.0,19,F,UNVERIFIED_PUBLISH_PATH|DORMANT|SINGLE_MAINTAINER,1,2469,v0.2.0
hbjs,0.22.10,33,F,UNVERIFIED_PUBLISH_PATH|DORMANT|DEPRECATED,2,2466,v0.2.0
dynamsoft-license,3.4.31,10,F,UNVERIFIED_PUBLISH_PATH|DORMANT|SINGLE_MAINTAINER|DEPRECATED,1,2465,v0.2.0
instagram.css,0.1.4,19,F,UNVERIFIED_PUBLISH_PATH|DORMANT|SINGLE_MAINTAINER,1,2465,v0.2.0
sticky-sidebar-v2,1.1.1,19,F,UNVERIFIED_PUBLISH_PATH|DORMANT|SINGLE_MAINTAINER,1,2463,v0.2.0
slick-slider,1.8.2,33,F,UNVERIFIED_PUBLISH_PATH|DORMANT,3,2460,v0.2.0
'@wix/auto_sdk_bookings_service-options-and-variants,1.0.82,30,F,UNVERIFIED_PUBLISH_PATH,12,2455,v0.2.0
suggestions-jquery,22.6.0,33,F,UNVERIFIED_PUBLISH_PATH|DORMANT,2,2455,v0.2.0
leaflet.control.layers.tree,1.2.0,25,F,UNVERIFIED_PUBLISH_PATH|SINGLE_MAINTAINER,1,2453,v0.2.0
'@wix/auto_sdk_bookings_bookings,1.0.215,30,F,UNVERIFIED_PUBLISH_PATH,12,2450,v0.2.0
'@betterbugs/web-sdk,0.0.43,25,F,UNVERIFIED_PUBLISH_PATH|SINGLE_MAINTAINER,1,2449,v0.2.0
'@fontsource/yeseva-one,5.3.0,81,B,,2,2446,v0.2.0
'@sweetalert2/theme-bulma,5.0.27,25,F,UNVERIFIED_PUBLISH_PATH|SINGLE_MAINTAINER|DEPRECATED,1,2443,v0.2.0
'@wix/auto_sdk_bookings_resources,1.0.87,30,F,UNVERIFIED_PUBLISH_PATH,12,2435,v0.2.0
'@fontsource/mochiy-pop-one,5.3.0,81,B,,2,2432,v0.2.0
'@aurodesignsystem/auro-skeleton,5.0.1,89,A,,8,2428,v0.2.0
foundation-icons,2.0.0,19,F,UNVERIFIED_PUBLISH_PATH|DORMANT|SINGLE_MAINTAINER,1,2428,v0.2.0
'@recogito/annotorious-openseadragon,2.7.19,39,D,UNVERIFIED_PUBLISH_PATH,3,2426,v0.2.0
'@fontsource/readex-pro,5.3.0,81,B,,2,2425,v0.2.0
'@nutui/touch-emulator,1.0.0,33,F,UNVERIFIED_PUBLISH_PATH|DORMANT,2,2424,v0.2.0
kekule,1.0.4,21,F,UNVERIFIED_PUBLISH_PATH|SINGLE_MAINTAINER,1,2417,v0.2.0
dequanto,0.2.36,73,B,SINGLE_MAINTAINER,1,2416,v0.2.0
persian-date,1.1.0,19,F,UNVERIFIED_PUBLISH_PATH|DORMANT|SINGLE_MAINTAINER,1,2416,v0.2.0
jquery.transit,0.9.12,33,F,UNVERIFIED_PUBLISH_PATH|DORMANT,2,2413,v0.2.0
'@wix/auto_sdk_bookings_services,1.0.259,30,F,UNVERIFIED_PUBLISH_PATH,12,2409,v0.2.0
'@proximus/lavender,1.4.13-alpha.6,21,F,UNVERIFIED_PUBLISH_PATH|SINGLE_MAINTAINER,1,2395,v0.2.0
jquery-scroll-lock,3.1.3,19,F,UNVERIFIED_PUBLISH_PATH|DORMANT|SINGLE_MAINTAINER,1,2394,v0.2.0
'@fontsource/merriweather-sans,5.3.0,81,B,,2,2389,v0.2.0
valine,1.5.3,19,F,UNVERIFIED_PUBLISH_PATH|DORMANT|SINGLE_MAINTAINER,1,2385,v0.2.0
bootstrap-v4-rtl,4.6.2-4,31,F,UNVERIFIED_PUBLISH_PATH|SINGLE_MAINTAINER,1,2380,v0.2.0
'@wix/auto_sdk_bookings_event-time-slots,1.0.122,30,F,UNVERIFIED_PUBLISH_PATH,12,2379,v0.2.0
'@fontsource/aleo,5.3.0,81,B,,2,2375,v0.2.0
language-icons,0.3.0,19,F,UNVERIFIED_PUBLISH_PATH|DORMANT|SINGLE_MAINTAINER,1,2375,v0.2.0
'@wix/auto_sdk_ecom_wishlists,1.0.1,30,F,UNVERIFIED_PUBLISH_PATH,12,2365,v0.2.0
lory.js,2.5.3,19,F,UNVERIFIED_PUBLISH_PATH|DORMANT|SINGLE_MAINTAINER,1,2365,v0.2.0
'@ongov/ontario-design-system-global-styles,8.1.0,77,B,INCONSISTENT_PUBLISH_PATH,5,2364,v0.2.0
'@fontsource-variable/asap,5.3.0,81,B,,2,2363,v0.2.0
'@recombee/quick-search-widget-js,0.2.15,30,F,UNVERIFIED_PUBLISH_PATH,5,2362,v0.2.0
strophejs-plugin-disco,0.0.2,33,F,UNVERIFIED_PUBLISH_PATH|DORMANT,4,2360,v0.2.0
circletype,2.3.0,19,F,UNVERIFIED_PUBLISH_PATH|DORMANT|SINGLE_MAINTAINER,1,2359,v0.2.0
'@themesberg/flowbite,1.3.0,19,F,UNVERIFIED_PUBLISH_PATH|DORMANT|SINGLE_MAINTAINER|DEPRECATED,1,2356,v0.2.0
survey-vue,1.12.63,34,F,UNVERIFIED_PUBLISH_PATH,5,2354,v0.2.0
'@fontsource/apfel-grotezk,5.3.0,81,B,,2,2347,v0.2.0
'@wix/bookings_app-extensions,1.0.105,30,F,UNVERIFIED_PUBLISH_PATH,12,2343,v0.2.0
igniteui-angular-charts,22.0.1,16,F,UNVERIFIED_PUBLISH_PATH|SINGLE_MAINTAINER,1,2343,v0.2.0
taucharts,2.8.0,33,F,UNVERIFIED_PUBLISH_PATH|DORMANT,3,2337,v0.2.0
'@wix/auto_sdk_bookings_extended-bookings,1.0.120,30,F,UNVERIFIED_PUBLISH_PATH,12,2333,v0.2.0
'@mathjax/mathjax-mhchem-font-extension,4.1.3,39,D,UNVERIFIED_PUBLISH_PATH,3,2332,v0.2.0
dual-listbox,2.0.0,33,F,UNVERIFIED_PUBLISH_PATH|DORMANT,2,2331,v0.2.0
'@wix/auto_sdk_bookings_multi-service-availability-time-slots,1.0.248,30,F,UNVERIFIED_PUBLISH_PATH,12,2327,v0.2.0
sweetalert2-neutral,11.22.2-neutral,31,F,UNVERIFIED_PUBLISH_PATH|SINGLE_MAINTAINER,1,2323,v0.2.0
'@fontsource/commissioner,5.3.0,81,B,,2,2321,v0.2.0
'@wix/auto_sdk_bookings_booking-policy-snapshots,1.0.51,30,F,UNVERIFIED_PUBLISH_PATH,12,2320,v0.2.0
umbrellajs,3.3.3,19,F,UNVERIFIED_PUBLISH_PATH|DORMANT|SINGLE_MAINTAINER,1,2319,v0.2.0
lxgw-wenkai-screen-webfont,1.7.0,19,F,UNVERIFIED_PUBLISH_PATH|DORMANT|SINGLE_MAINTAINER,1,2312,v0.2.0
'@fontsource/gloock,5.3.0,81,B,,2,2305,v0.2.0
'@govtechsg/sgds,2.3.6,33,F,UNVERIFIED_PUBLISH_PATH|DORMANT,14,2304,v0.2.0
noto-serif-jp,28.0.0,19,F,UNVERIFIED_PUBLISH_PATH|DORMANT|SINGLE_MAINTAINER,1,2302,v0.2.0
videojs-playlist-ui,5.0.0,33,F,UNVERIFIED_PUBLISH_PATH|DORMANT,84,2302,v0.2.0
'@wix/auto_sdk_bookings_pricing,1.0.96,30,F,UNVERIFIED_PUBLISH_PATH,12,2301,v0.2.0
'@fontsource/shadows-into-light,5.3.0,81,B,,2,2300,v0.2.0
'@neodrag/vanilla,2.3.1,20,F,UNVERIFIED_PUBLISH_PATH|SINGLE_MAINTAINER,1,2299,v0.2.0
'@fontsource/fjalla-one,5.3.0,81,B,,2,2294,v0.2.0
addsearch-search-ui,0.10.7,39,D,UNVERIFIED_PUBLISH_PATH,3,2291,v0.2.0
'@wix/auto_sdk_bookings_external-calendars,1.0.56,30,F,UNVERIFIED_PUBLISH_PATH,12,2290,v0.2.0
'@fontsource/domine,5.3.0,81,B,,2,2289,v0.2.0
'@wix/auto_sdk_bookings_attendance,1.0.66,30,F,UNVERIFIED_PUBLISH_PATH,12,2287,v0.2.0
'@fontsource/calistoga,5.3.0,81,B,,2,2286,v0.2.0
'@single-spa-community/angular,21.0.1,25,F,UNVERIFIED_PUBLISH_PATH|SINGLE_MAINTAINER,1,2286,v0.2.0
'@fontsource/creepster,5.3.0,81,B,,2,2283,v0.2.0
'@wix/auto_sdk_bookings_categories-v-2,1.0.55,30,F,UNVERIFIED_PUBLISH_PATH,12,2283,v0.2.0
'@wix/auto_sdk_bookings_resource-types,1.0.79,30,F,UNVERIFIED_PUBLISH_PATH,12,2282,v0.2.0
angular-motion,0.4.4,19,F,UNVERIFIED_PUBLISH_PATH|DORMANT|SINGLE_MAINTAINER,1,2281,v0.2.0
jquery-easy-loading,2.0.0-rc.2,19,F,UNVERIFIED_PUBLISH_PATH|DORMANT|SINGLE_MAINTAINER,1,2281,v0.2.0
programming-languages-logos,0.0.3,19,F,UNVERIFIED_PUBLISH_PATH|DORMANT|SINGLE_MAINTAINER,1,2280,v0.2.0
jsonstat-toolkit,2.2.2,25,F,UNVERIFIED_PUBLISH_PATH|SINGLE_MAINTAINER,1,2275,v0.2.0
quill-toggle-fullscreen-button,0.1.4,25,F,UNVERIFIED_PUBLISH_PATH|SINGLE_MAINTAINER,1,2275,v0.2.0
'@wix/auto_sdk_bookings_categories,1.0.57,30,F,UNVERIFIED_PUBLISH_PATH,12,2274,v0.2.0
'@wix/auto_sdk_bookings_booking-fees,1.0.56,30,F,UNVERIFIED_PUBLISH_PATH,12,2272,v0.2.0
web-demuxer,4.0.0,25,F,UNVERIFIED_PUBLISH_PATH|SINGLE_MAINTAINER,1,2272,v0.2.0
'@algolia/autocomplete-plugin-tags,1.19.9,29,F,UNVERIFIED_PUBLISH_PATH|PUBLISHER_NOT_MAINTAINER,14,2271,v0.2.0
createjs,1.0.1,33,F,UNVERIFIED_PUBLISH_PATH|DORMANT,3,2271,v0.2.0
academicons,1.9.5,77,B,,2,2270,v0.2.0
lg-hash.js,1.0.0,19,F,UNVERIFIED_PUBLISH_PATH|DORMANT|SINGLE_MAINTAINER,1,2266,v0.2.0
nette.ajax.js,2.3.0,33,F,UNVERIFIED_PUBLISH_PATH|DORMANT,2,2266,v0.2.0
vgr-komponentkartan,16.0.1,35,D,UNVERIFIED_PUBLISH_PATH,8,2263,v0.2.0
'@cap.js/wasm,0.0.7,20,F,UNVERIFIED_PUBLISH_PATH|SINGLE_MAINTAINER|BRANCH_REQUIRES_SIGNATURES|BRANCH_REQUIRES_PR,1,2256,v0.2.0
npm-modernizr,2.8.3,14,F,UNVERIFIED_PUBLISH_PATH|DORMANT|SINGLE_MAINTAINER,1,2256,v0.2.0
iphone-inline-video,2.2.2,14,F,UNVERIFIED_PUBLISH_PATH|DORMANT|SINGLE_MAINTAINER|PUBLISHER_NOT_MAINTAINER,1,2254,v0.2.0
'@iconify-json/formkit,1.2.2,15,F,UNVERIFIED_PUBLISH_PATH|DORMANT|SINGLE_MAINTAINER,1,2253,v0.2.0
vue-chat-scroll,1.4.0,19,F,UNVERIFIED_PUBLISH_PATH|DORMANT|SINGLE_MAINTAINER,1,2251,v0.2.0
'@creativebulma/bulma-badge,1.0.1,33,F,UNVERIFIED_PUBLISH_PATH|DORMANT,2,2245,v0.2.0
ideogram,1.53.0,25,F,UNVERIFIED_PUBLISH_PATH|SINGLE_MAINTAINER,1,2244,v0.2.0
data-layer-helper,0.1.0,15,F,UNVERIFIED_PUBLISH_PATH|DORMANT|SINGLE_MAINTAINER,1,2242,v0.2.0
'@fontsource/indie-flower,5.3.0,81,B,,2,2241,v0.2.0
pdfjs-viewer-element,3.2.2,20,F,UNVERIFIED_PUBLISH_PATH|SINGLE_MAINTAINER,1,2238,v0.2.0
'@fontsource/amiri-quran,5.3.0,81,B,,2,2234,v0.2.0
'@artaio/arta-browser,2.21.0,87,A,,4,2233,v0.2.0
ricos-types,10.102.0,24,F,UNVERIFIED_PUBLISH_PATH|DORMANT,8,2224,v0.2.0
password-strength-meter,2.1.0,19,F,UNVERIFIED_PUBLISH_PATH|DORMANT|SINGLE_MAINTAINER,1,2222,v0.2.0
'@tinymce/tinymce-jquery,2.3.0,38,D,UNVERIFIED_PUBLISH_PATH|SINGLE_MAINTAINER,1,2218,v0.2.0
'@proximus/lavender-theming-proximus,1.4.13-alpha.6,16,F,UNVERIFIED_PUBLISH_PATH|SINGLE_MAINTAINER,1,2217,v0.2.0
clay,2.24.1,28,F,UNVERIFIED_PUBLISH_PATH|DORMANT|PUBLISHER_NOT_MAINTAINER,12,2211,v0.2.0
ol-geocoder,4.3.3,33,F,UNVERIFIED_PUBLISH_PATH|DORMANT,2,2207,v0.2.0
'@wc1font/source-han-serif-sc-vf,1.0.6,19,F,UNVERIFIED_PUBLISH_PATH|DORMANT|SINGLE_MAINTAINER,1,2206,v0.2.0
react-time-input-polyfill,1.0.11,19,F,UNVERIFIED_PUBLISH_PATH|DORMANT|SINGLE_MAINTAINER|DEPRECATED,1,2205,v0.2.0
pdfmake-unicode,0.0.1,19,F,UNVERIFIED_PUBLISH_PATH|DORMANT|SINGLE_MAINTAINER,1,2200,v0.2.0
ui-contextmenu,1.18.1,19,F,UNVERIFIED_PUBLISH_PATH|DORMANT|SINGLE_MAINTAINER,1,2199,v0.2.0
'@fontsource-variable/overpass,5.3.0,81,B,,2,2198,v0.2.0
'@fontsource/yellowtail,5.3.0,81,B,,2,2198,v0.2.0
angular-slick-carousel,3.1.7,19,F,UNVERIFIED_PUBLISH_PATH|DORMANT|SINGLE_MAINTAINER,1,2195,v0.2.0
'@fontsource/cal-sans,5.3.0,81,B,,2,2190,v0.2.0
dynamsoft-capture-vision-router,2.4.33,10,F,UNVERIFIED_PUBLISH_PATH|DORMANT|SINGLE_MAINTAINER|DEPRECATED,1,2190,v0.2.0
'@proximus/lavender-eda-button,1.4.13-alpha.6,16,F,UNVERIFIED_PUBLISH_PATH|SINGLE_MAINTAINER,1,2185,v0.2.0
'@wikimedia/jquery.i18n,1.0.9,33,F,UNVERIFIED_PUBLISH_PATH|DORMANT,29,2185,v0.2.0
vue-awesome-countdown,2.0.2,25,F,UNVERIFIED_PUBLISH_PATH|SINGLE_MAINTAINER,1,2185,v0.2.0
jquery-treegrid,0.3.0,19,F,UNVERIFIED_PUBLISH_PATH|DORMANT|SINGLE_MAINTAINER,1,2181,v0.2.0
'@zendeskgarden/css-utilities,4.5.5,26,F,UNVERIFIED_PUBLISH_PATH|DORMANT|SINGLE_MAINTAINER|DEPRECATED,1,2180,v0.2.0
tail.select.js,1.1.0,25,F,UNVERIFIED_PUBLISH_PATH|SINGLE_MAINTAINER,1,2174,v0.2.0
'@zendeskgarden/css-buttons,9.0.1,32,F,UNVERIFIED_PUBLISH_PATH|SINGLE_MAINTAINER,1,2171,v0.2.0
vue2-smooth-scroll,1.6.0,19,F,UNVERIFIED_PUBLISH_PATH|DORMANT|SINGLE_MAINTAINER,1,2171,v0.2.0
'@fontsource/bai-jamjuree,5.3.0,81,B,,2,2169,v0.2.0
jbox,1.3.3,33,F,UNVERIFIED_PUBLISH_PATH|DORMANT|DEPRECATED,2,2167,v0.2.0
cropit,0.5.1,19,F,UNVERIFIED_PUBLISH_PATH|DORMANT|SINGLE_MAINTAINER,1,2164,v0.2.0
sweet-modal,1.3.2,19,F,UNVERIFIED_PUBLISH_PATH|DORMANT|SINGLE_MAINTAINER,1,2162,v0.2.0
litegraph.js,0.7.18,33,F,UNVERIFIED_PUBLISH_PATH|DORMANT,2,2161,v0.2.0
'@festo-ui/web-essentials,11.1.0,35,D,UNVERIFIED_PUBLISH_PATH,2,2157,v0.2.0
'@fontsource/abeezee,5.3.0,81,B,,2,2155,v0.2.0
jstree-bootstrap-theme,1.0.1,9,F,UNVERIFIED_PUBLISH_PATH|DORMANT|SINGLE_MAINTAINER|PUBLISHER_NOT_MAINTAINER,1,2152,v0.2.0
plugin-typescript,8.0.0,19,F,UNVERIFIED_PUBLISH_PATH|DORMANT|SINGLE_MAINTAINER,1,2152,v0.2.0
'@fontsource/gloria-hallelujah,5.3.0,81,B,,2,2149,v0.2.0
gitalk,1.8.0,15,F,UNVERIFIED_PUBLISH_PATH|DORMANT|SINGLE_MAINTAINER,1,2148,v0.2.0
'@fontsource/tangerine,5.3.0,81,B,,2,2146,v0.2.0
'@tabler/icons-png,3.45.0,20,F,UNVERIFIED_PUBLISH_PATH|SINGLE_MAINTAINER,1,2146,v0.2.0
ez-plus,1.2.1,19,F,UNVERIFIED_PUBLISH_PATH|DORMANT|SINGLE_MAINTAINER,1,2142,v0.2.0
'@fontsource/asap-condensed,5.3.0,81,B,,2,2140,v0.2.0
bootstrap-rtl,3.3.4,19,F,UNVERIFIED_PUBLISH_PATH|DORMANT|SINGLE_MAINTAINER,1,2133,v0.2.0
countup,1.8.2,19,F,UNVERIFIED_PUBLISH_PATH|DORMANT|SINGLE_MAINTAINER,1,2131,v0.2.0
'@constructor-io/constructorio-ui-autocomplete,1.30.1,79,B,INCONSISTENT_PUBLISH_PATH,8,2126,v0.2.0
'@fontsource/mukta,5.3.0,81,B,,2,2126,v0.2.0
doc-cookies,1.1.0,19,F,UNVERIFIED_PUBLISH_PATH|DORMANT|SINGLE_MAINTAINER,1,2123,v0.2.0
fannypack,4.21.38,40,D,UNVERIFIED_PUBLISH_PATH|DORMANT,2,2123,v0.2.0
lazyframe,2.2.7,33,F,UNVERIFIED_PUBLISH_PATH|DORMANT,3,2123,v0.2.0
'@grapecity/spread-sheets-barcode,18.2.5,30,F,UNVERIFIED_PUBLISH_PATH,2,2121,v0.2.0
'@fontsource/handlee,5.3.0,81,B,,2,2120,v0.2.0
'@fontsource/quattrocento,5.3.0,81,B,,2,2120,v0.2.0
medium-draft,0.5.18,19,F,UNVERIFIED_PUBLISH_PATH|DORMANT|SINGLE_MAINTAINER,1,2118,v0.2.0
docsify-copy-code,3.0.2,39,D,UNVERIFIED_PUBLISH_PATH,2,2116,v0.2.0
'@infineon/design-system-tokens,7.0.0,45,D,UNVERIFIED_PUBLISH_PATH,5,2109,v0.2.0
r7insight_js,1.1.2,33,F,UNVERIFIED_PUBLISH_PATH|DORMANT,4,2102,v0.2.0
tlite,0.1.9,19,F,UNVERIFIED_PUBLISH_PATH|DORMANT|SINGLE_MAINTAINER,1,2101,v0.2.0
jquery.stellar,0.6.2,33,F,UNVERIFIED_PUBLISH_PATH|DORMANT,2,2100,v0.2.0
'@fontsource/spicy-rice,5.3.0,81,B,,2,2099,v0.2.0
artplayer-plugin-auto-thumbnail,1.1.0,25,F,UNVERIFIED_PUBLISH_PATH|SINGLE_MAINTAINER,1,2093,v0.2.0
stimulus-scroll-reveal,3.2.0,14,F,UNVERIFIED_PUBLISH_PATH|DORMANT|SINGLE_MAINTAINER,1,2092,v0.2.0
meilisearch-docsearch,0.8.0,16,F,UNVERIFIED_PUBLISH_PATH|SINGLE_MAINTAINER,1,2090,v0.2.0
'@fontsource/kaushan-script,5.3.0,81,B,,2,2083,v0.2.0
'@fontsource/hind-siliguri,5.3.0,81,B,,2,2082,v0.2.0
'@scandit/web-datacapture-id,8.5.0,35,D,UNVERIFIED_PUBLISH_PATH,5,2078,v0.2.0
'@fontsource/fredoka-one,5.3.0,81,B,,2,2072,v0.2.0
mk-sdk-git,1.1.119,21,F,UNVERIFIED_PUBLISH_PATH|SINGLE_MAINTAINER,1,2071,v0.2.0
'@fontsource-variable/hubot-sans,5.3.0,81,B,,2,2068,v0.2.0
tracking,1.1.3,33,F,UNVERIFIED_PUBLISH_PATH|DORMANT,2,2066,v0.2.0
ga-lite,2.1.6,15,F,UNVERIFIED_PUBLISH_PATH|DORMANT|SINGLE_MAINTAINER,1,2065,v0.2.0
'@fluid-topics/ft-search-bar,2.1.12,35,D,UNVERIFIED_PUBLISH_PATH,3,2062,v0.2.0
pixeden-stroke-7-icon,1.2.3,19,F,UNVERIFIED_PUBLISH_PATH|DORMANT|SINGLE_MAINTAINER,1,2062,v0.2.0
'@fontsource/kosugi-maru,5.3.0,81,B,,2,2061,v0.2.0
flipclock,1.0.1,20,F,UNVERIFIED_PUBLISH_PATH|SINGLE_MAINTAINER,1,2052,v0.2.0
jquery-nice-select,1.1.0,19,F,UNVERIFIED_PUBLISH_PATH|DORMANT|SINGLE_MAINTAINER,1,2051,v0.2.0
moment-countdown,0.0.3,19,F,UNVERIFIED_PUBLISH_PATH|DORMANT|SINGLE_MAINTAINER,1,2049,v0.2.0
'@wix/headless-bookings,1.0.17,30,F,UNVERIFIED_PUBLISH_PATH,12,2048,v0.2.0
'@wiris/mathtype-froala3,7.31.1,26,F,UNVERIFIED_PUBLISH_PATH|DORMANT|SINGLE_MAINTAINER|DEPRECATED,1,2046,v0.2.0
tablefilter,0.7.2,19,F,UNVERIFIED_PUBLISH_PATH|DORMANT|SINGLE_MAINTAINER,1,2046,v0.2.0
'@ibm/plex-sans-sc,1.1.0,33,F,UNVERIFIED_PUBLISH_PATH|DORMANT,5,2045,v0.2.0
'@iplookup/country,1.0.20260719,73,B,SINGLE_MAINTAINER,1,2039,v0.2.0
quran-json,3.1.2,19,F,UNVERIFIED_PUBLISH_PATH|DORMANT|SINGLE_MAINTAINER,1,2037,v0.2.0
pickerjs,1.2.1,19,F,UNVERIFIED_PUBLISH_PATH|DORMANT|SINGLE_MAINTAINER,1,2029,v0.2.0
'@fontsource/gaegu,5.3.0,81,B,,2,2028,v0.2.0
intercooler,1.2.4,19,F,UNVERIFIED_PUBLISH_PATH|DORMANT|SINGLE_MAINTAINER,1,2017,v0.2.0
'@fontsource/alexandria,5.3.0,81,B,,2,2015,v0.2.0
'@fontsource-variable/big-shoulders-display,5.3.0,81,B,,2,2013,v0.2.0
jquery.redirect,1.2.0,15,F,UNVERIFIED_PUBLISH_PATH|DORMANT|SINGLE_MAINTAINER,1,2013,v0.2.0
'@fontsource-variable/dosis,5.3.0,81,B,,2,2012,v0.2.0
'@fontsource/jura,5.3.0,81,B,,2,2004,v0.2.0
'@jack-henry/banno-plugin-framework-bridge,1.0.3,84,B,,4,2004,v0.2.0
pickr-widget,0.3.6,19,F,UNVERIFIED_PUBLISH_PATH|DORMANT|SINGLE_MAINTAINER|DEPRECATED,1,2001,v0.2.0
'@tesseract.js-data/kor,1.0.0,19,F,UNVERIFIED_PUBLISH_PATH|DORMANT|SINGLE_MAINTAINER,1,1996,v0.2.0
'@webcomponents/url,0.7.9,41,D,UNVERIFIED_PUBLISH_PATH|DORMANT,6,1995,v0.2.0
'@fontsource/libre-caslon-display,5.3.0,81,B,,2,1990,v0.2.0
'@grapecity/spread-sheets-languagepackages,18.2.5,30,F,UNVERIFIED_PUBLISH_PATH,2,1990,v0.2.0
payment-token-efi,3.4.1,67,C,SINGLE_MAINTAINER,1,1989,v0.2.0
'@chainlink/cre-sdk,1.16.0,94,A,,8,1988,v0.2.0
fengari-web,0.1.4,33,F,UNVERIFIED_PUBLISH_PATH|DORMANT,2,1980,v0.2.0
'@fluid-topics/ft-toggle,2.1.12,35,D,UNVERIFIED_PUBLISH_PATH,3,1979,v0.2.0
'@vismaux/vud,1.8.4,33,F,UNVERIFIED_PUBLISH_PATH|DORMANT,10,1972,v0.2.0
'@fontsource/basic,5.3.0,81,B,,2,1971,v0.2.0
'@wix/auto_sdk_bookings_staff-member-settings,1.0.21,30,F,UNVERIFIED_PUBLISH_PATH,12,1971,v0.2.0
apexsankey,1.9.0,63,C,INCONSISTENT_PUBLISH_PATH|SINGLE_MAINTAINER,1,1971,v0.2.0
get-google-fonts,1.2.2,19,F,UNVERIFIED_PUBLISH_PATH|DORMANT|SINGLE_MAINTAINER,1,1970,v0.2.0
'@wix/auto_sdk_bookings_add-ons,1.0.31,30,F,UNVERIFIED_PUBLISH_PATH,12,1968,v0.2.0
replaywebpage,2.4.6,73,B,SINGLE_MAINTAINER,1,1968,v0.2.0
'@exampledev/new.css,1.1.3,19,F,UNVERIFIED_PUBLISH_PATH|DORMANT|SINGLE_MAINTAINER,1,1967,v0.2.0
bootstrap-sweetalert,1.0.1,19,F,UNVERIFIED_PUBLISH_PATH|DORMANT|SINGLE_MAINTAINER,1,1967,v0.2.0
'@wix/auto_sdk_bookings_pricing-provider,1.0.26,30,F,UNVERIFIED_PUBLISH_PATH,12,1956,v0.2.0
noto-sans-cjk-jp,1.0.1,10,F,UNVERIFIED_PUBLISH_PATH|DORMANT|SINGLE_MAINTAINER,1,1954,v0.2.0
'@postenbring/hedwig-css,4.2.1,41,D,UNVERIFIED_PUBLISH_PATH,6,1952,v0.2.0
tsparticles-confetti,2.12.0,25,F,UNVERIFIED_PUBLISH_PATH|DORMANT|SINGLE_MAINTAINER|DEPRECATED,1,1951,v0.2.0
'@wix/auto_sdk_bookings_staff-sorting,1.0.7,30,F,UNVERIFIED_PUBLISH_PATH,12,1946,v0.2.0
'@lizardbyte/shared-web,2026.314.32913,73,B,SINGLE_MAINTAINER,1,1937,v0.2.0
ifvisible,1.1.0,19,F,UNVERIFIED_PUBLISH_PATH|DORMANT|SINGLE_MAINTAINER,1,1936,v0.2.0
'@eka-care/medassist-widget,0.1.98,39,D,UNVERIFIED_PUBLISH_PATH,12,1932,v0.2.0
open-dyslexic,1.0.3,19,F,UNVERIFIED_PUBLISH_PATH|DORMANT|SINGLE_MAINTAINER,1,1929,v0.2.0
'@fontsource/nanum-myeongjo,5.3.0,81,B,,2,1922,v0.2.0
'@vicons/ionicons4,0.13.0,15,F,UNVERIFIED_PUBLISH_PATH|DORMANT|SINGLE_MAINTAINER,1,1922,v0.2.0
'@fontsource/abel,5.3.0,81,B,,2,1920,v0.2.0
galleria,1.6.1,19,F,UNVERIFIED_PUBLISH_PATH|DORMANT|SINGLE_MAINTAINER,1,1917,v0.2.0
tsparticles-shape-heart,2.12.0,39,D,UNVERIFIED_PUBLISH_PATH|DORMANT|DEPRECATED,2,1917,v0.2.0
tabler-icons,1.35.0,19,F,UNVERIFIED_PUBLISH_PATH|DORMANT|SINGLE_MAINTAINER|DEPRECATED,1,1913,v0.2.0
crds-core,1.17.2-rc.0,23,F,UNVERIFIED_PUBLISH_PATH|DORMANT|PUBLISHER_NOT_MAINTAINER,7,1909,v0.2.0
'@naturacosmeticos/natds-icons,1.34.1,46,D,UNVERIFIED_PUBLISH_PATH|BRANCH_REQUIRES_PR,10,1907,v0.2.0
'@fontsource/fira-sans-condensed,5.3.0,81,B,,2,1906,v0.2.0
'@watergis/maplibre-gl-export,4.1.2,20,F,UNVERIFIED_PUBLISH_PATH|SINGLE_MAINTAINER,1,1906,v0.2.0
js-url,2.3.0,19,F,UNVERIFIED_PUBLISH_PATH|DORMANT|SINGLE_MAINTAINER,1,1906,v0.2.0
'@covalent/components,11.20.0,45,D,UNVERIFIED_PUBLISH_PATH,4,1901,v0.2.0
noto-sans-kr,0.1.1,19,F,UNVERIFIED_PUBLISH_PATH|DORMANT|SINGLE_MAINTAINER,1,1894,v0.2.0
showdown-katex,0.8.0,19,F,UNVERIFIED_PUBLISH_PATH|DORMANT|SINGLE_MAINTAINER,1,1888,v0.2.0
'@sfpy/atoms,0.3.7,16,F,UNVERIFIED_PUBLISH_PATH|SINGLE_MAINTAINER,1,1884,v0.2.0
threejs-components,0.0.30,21,F,UNVERIFIED_PUBLISH_PATH|SINGLE_MAINTAINER,1,1880,v0.2.0
'@swishapp/sdk,0.140.0,16,F,UNVERIFIED_PUBLISH_PATH|SINGLE_MAINTAINER,1,1879,v0.2.0
bootstrap4-datetimepicker,5.2.3,19,F,UNVERIFIED_PUBLISH_PATH|DORMANT|SINGLE_MAINTAINER,1,1876,v0.2.0
es6-polyfills,2.0.0,14,F,UNVERIFIED_PUBLISH_PATH|DORMANT|DEPRECATED,0,1873,v0.2.0
'@fontsource-variable/sofia-sans-condensed,5.3.0,81,B,,2,1872,v0.2.0
http-vue-loader,1.4.2,19,F,UNVERIFIED_PUBLISH_PATH|DORMANT|SINGLE_MAINTAINER,1,1871,v0.2.0
ol-popup,5.1.1,19,F,UNVERIFIED_PUBLISH_PATH|DORMANT|SINGLE_MAINTAINER,1,1871,v0.2.0
js-autocomplete,1.0.4,14,F,UNVERIFIED_PUBLISH_PATH|DORMANT|SINGLE_MAINTAINER,1,1870,v0.2.0
'@fontsource/pt-sans-caption,5.3.0,81,B,,2,1869,v0.2.0
kute.js,2.2.6,62,C,SINGLE_MAINTAINER,1,1865,v0.2.0
'@yaireo/dragsort,1.3.2,14,F,UNVERIFIED_PUBLISH_PATH|DORMANT|SINGLE_MAINTAINER,1,1864,v0.2.0
'@fontsource/caveat-brush,5.3.0,81,B,,2,1858,v0.2.0
'@iconify-json/gg,1.2.2,15,F,UNVERIFIED_PUBLISH_PATH|DORMANT|SINGLE_MAINTAINER,1,1858,v0.2.0
bootstrap-select-country,4.2.0,19,F,UNVERIFIED_PUBLISH_PATH|DORMANT|SINGLE_MAINTAINER,1,1858,v0.2.0
floating-scroll,3.2.0,19,F,UNVERIFIED_PUBLISH_PATH|DORMANT|SINGLE_MAINTAINER|DEPRECATED,1,1857,v0.2.0
gen-interface-jp,0.8.0,25,F,UNVERIFIED_PUBLISH_PATH|SINGLE_MAINTAINER,1,1855,v0.2.0
typeface-noto-sans,1.1.13,14,F,UNVERIFIED_PUBLISH_PATH|DORMANT|SINGLE_MAINTAINER,1,1855,v0.2.0
'@expo/styleguide-icons,4.2.8,39,D,UNVERIFIED_PUBLISH_PATH,11,1853,v0.2.0
'@fontsource/schoolbell,5.3.0,81,B,,2,1847,v0.2.0
'@mathjax/mathjax-stix2-font,4.1.3,39,D,UNVERIFIED_PUBLISH_PATH,3,1845,v0.2.0
videojs-landscape-fullscreen,12.3.0,19,F,UNVERIFIED_PUBLISH_PATH|DORMANT|SINGLE_MAINTAINER,1,1845,v0.2.0
'@jspreadsheet/charts,7.5.1,25,F,UNVERIFIED_PUBLISH_PATH|SINGLE_MAINTAINER,1,1843,v0.2.0
angular-ui-carousel,0.1.10,19,F,UNVERIFIED_PUBLISH_PATH|DORMANT|SINGLE_MAINTAINER,1,1841,v0.2.0
'@fontsource/alice,5.3.0,81,B,,2,1839,v0.2.0
history.js,1.8.0,14,F,UNVERIFIED_PUBLISH_PATH|DORMANT|SINGLE_MAINTAINER,1,1839,v0.2.0
dynamsoft-barcode-reader,10.4.31,10,F,UNVERIFIED_PUBLISH_PATH|DORMANT|SINGLE_MAINTAINER|DEPRECATED,1,1838,v0.2.0
dap-design-system,0.57.11,21,F,UNVERIFIED_PUBLISH_PATH|SINGLE_MAINTAINER,1,1835,v0.2.0
'@fontsource/esteban,5.3.0,81,B,,2,1830,v0.2.0
leaflet-semicircle,2.0.4,19,F,UNVERIFIED_PUBLISH_PATH|DORMANT|SINGLE_MAINTAINER,1,1830,v0.2.0
bootpag,5.0.1,73,B,SINGLE_MAINTAINER,1,1823,v0.2.0
emojionearea,3.4.2,19,F,UNVERIFIED_PUBLISH_PATH|DORMANT|SINGLE_MAINTAINER,1,1821,v0.2.0
'@wix/auto_sdk_bookings_booking-policy,1.0.2,30,F,UNVERIFIED_PUBLISH_PATH,12,1820,v0.2.0
jquery.mmenu,7.3.3,19,F,UNVERIFIED_PUBLISH_PATH|DORMANT|SINGLE_MAINTAINER|DEPRECATED,1,1819,v0.2.0
vscode-codicons,0.0.17,25,F,UNVERIFIED_PUBLISH_PATH|DORMANT|SINGLE_MAINTAINER|DEPRECATED,1,1819,v0.2.0
'@fontsource-variable/noto-kufi-arabic,5.3.0,81,B,,2,1809,v0.2.0
'@fontsource/nanum-pen-script,5.3.0,81,B,,2,1807,v0.2.0
'@hawk.so/javascript,3.3.5,25,F,UNVERIFIED_PUBLISH_PATH|SINGLE_MAINTAINER,1,1807,v0.2.0
'@adobe/helix-rum-js,2.15.3,87,A,,31,1802,v0.2.0
leaflet-curve,1.0.0,19,F,UNVERIFIED_PUBLISH_PATH|DORMANT|SINGLE_MAINTAINER,1,1802,v0.2.0
'@fontsource/gentium-book-plus,5.3.0,81,B,,2,1801,v0.2.0
'@vismaux/vud-icons,1.8.4,33,F,UNVERIFIED_PUBLISH_PATH|DORMANT,10,1801,v0.2.0
'@mathjax/mathjax-fira-font,4.1.3,39,D,UNVERIFIED_PUBLISH_PATH,3,1799,v0.2.0
'@fontsource/exo,5.3.0,81,B,,2,1795,v0.2.0
font-logos,1.3.0,33,F,UNVERIFIED_PUBLISH_PATH|DORMANT,2,1794,v0.2.0
'@fontsource/fira-sans-extra-condensed,5.3.0,81,B,,2,1792,v0.2.0
thinkingdata-browser,2.5.0,21,F,UNVERIFIED_PUBLISH_PATH|SINGLE_MAINTAINER,1,1789,v0.2.0
quail-js,0.3.28,20,F,UNVERIFIED_PUBLISH_PATH|SINGLE_MAINTAINER,1,1787,v0.2.0
outdatedbrowser,1.1.5,19,F,UNVERIFIED_PUBLISH_PATH|DORMANT|SINGLE_MAINTAINER,1,1777,v0.2.0
'@iconify-json/fe,1.2.4,21,F,UNVERIFIED_PUBLISH_PATH|SINGLE_MAINTAINER,1,1776,v0.2.0
jquery-waypoints,2.0.5,28,F,UNVERIFIED_PUBLISH_PATH|DORMANT|PUBLISHER_NOT_MAINTAINER,2,1776,v0.2.0
'@fontsource/arsenal,5.3.0,81,B,,2,1774,v0.2.0
scroll-out,2.2.12,15,F,UNVERIFIED_PUBLISH_PATH|DORMANT|SINGLE_MAINTAINER,1,1774,v0.2.0
jstorage,0.4.8,19,F,UNVERIFIED_PUBLISH_PATH|DORMANT|SINGLE_MAINTAINER,1,1769,v0.2.0
'@flarehr/benefits-plan-assessment,1.0.976,35,D,UNVERIFIED_PUBLISH_PATH,8,1764,v0.2.0
slick-lightbox,0.2.12,15,F,UNVERIFIED_PUBLISH_PATH|DORMANT|SINGLE_MAINTAINER,1,1760,v0.2.0
'@fontsource/aref-ruqaa,5.3.0,81,B,,2,1756,v0.2.0
greenlet,1.1.0,19,F,UNVERIFIED_PUBLISH_PATH|DORMANT|SINGLE_MAINTAINER,1,1756,v0.2.0
modal-video,2.4.8,10,F,UNVERIFIED_PUBLISH_PATH|DORMANT|SINGLE_MAINTAINER,1,1750,v0.2.0
lobibox,1.2.7,19,F,UNVERIFIED_PUBLISH_PATH|DORMANT|SINGLE_MAINTAINER,1,1748,v0.2.0
rtsp-relay,1.9.0,51,C,DORMANT|SINGLE_MAINTAINER,1,1747,v0.2.0
'@meltingspot/meltingspot-js,0.11.0,25,F,UNVERIFIED_PUBLISH_PATH|PUBLISHER_NOT_MAINTAINER,2,1746,v0.2.0
sumoselect,3.4.9,26,F,UNVERIFIED_PUBLISH_PATH|DORMANT|SINGLE_MAINTAINER,1,1745,v0.2.0
pixi-ease,3.0.7,14,F,UNVERIFIED_PUBLISH_PATH|DORMANT|SINGLE_MAINTAINER,1,1740,v0.2.0
php-wasm,0.1.0,25,F,UNVERIFIED_PUBLISH_PATH|SINGLE_MAINTAINER,1,1738,v0.2.0
'@fontsource/pirata-one,5.3.0,81,B,,2,1737,v0.2.0
'@panoramax/web-viewer,5.1.2,21,F,UNVERIFIED_PUBLISH_PATH|SINGLE_MAINTAINER,1,1737,v0.2.0
simple-lightbox,2.1.0,19,F,UNVERIFIED_PUBLISH_PATH|DORMANT|SINGLE_MAINTAINER,1,1735,v0.2.0
'@fontsource/mali,5.3.0,81,B,,2,1731,v0.2.0
'@chinese-fonts/lxgwwenkai,3.0.0,20,F,UNVERIFIED_PUBLISH_PATH|SINGLE_MAINTAINER,1,1729,v0.2.0
gifler,0.1.0,15,F,UNVERIFIED_PUBLISH_PATH|DORMANT|SINGLE_MAINTAINER,1,1729,v0.2.0
kiso.css,1.2.4,25,F,UNVERIFIED_PUBLISH_PATH|SINGLE_MAINTAINER,1,1723,v0.2.0
geolite2-city,1.0.82,73,B,SINGLE_MAINTAINER,1,1721,v0.2.0
'@aurodesignsystem/auro-dialog,4.2.0,89,A,BRANCH_REQUIRES_PR,8,1718,v0.2.0
'@master/css,1.37.8,43,D,UNVERIFIED_PUBLISH_PATH|DORMANT,2,1717,v0.2.0
lg-fullscreen,1.2.1,19,F,UNVERIFIED_PUBLISH_PATH|DORMANT|SINGLE_MAINTAINER,1,1716,v0.2.0
wix-ui-icons-common,2.0.409,33,F,UNVERIFIED_PUBLISH_PATH|DORMANT,6,1716,v0.2.0
'@list-kr/filterslists,2026.20654.1,70,B,INCONSISTENT_PUBLISH_PATH|SINGLE_MAINTAINER,1,1715,v0.2.0
jquery-countto,1.2.0,19,F,UNVERIFIED_PUBLISH_PATH|DORMANT|SINGLE_MAINTAINER,1,1713,v0.2.0
'@fontsource/k2d,5.3.0,81,B,,2,1711,v0.2.0
'@aurodesignsystem/auro-alert,5.0.2,89,A,,8,1709,v0.2.0
'@chatui/core,3.8.0,25,F,UNVERIFIED_PUBLISH_PATH|SINGLE_MAINTAINER,1,1708,v0.2.0
'@fontsource/nanum-gothic-coding,5.3.0,81,B,,2,1700,v0.2.0
'@feedmepos/mf-order-setting,0.0.74-prod,30,F,UNVERIFIED_PUBLISH_PATH,3,1698,v0.2.0
'@diffusionstudio/vits-web,1.0.3,19,F,UNVERIFIED_PUBLISH_PATH|DORMANT|SINGLE_MAINTAINER,1,1695,v0.2.0
'@tesseract.js-data/rus,1.0.0,19,F,UNVERIFIED_PUBLISH_PATH|DORMANT|SINGLE_MAINTAINER,1,1695,v0.2.0
'@fontsource/google-sans-code,5.3.0,81,B,,2,1690,v0.2.0
'@sbb-esta/lyne-elements,5.3.0,94,A,,4,1690,v0.2.0
star-rating-svg,3.5.0,19,F,UNVERIFIED_PUBLISH_PATH|DORMANT|SINGLE_MAINTAINER,1,1688,v0.2.0
'@uvarov.frontend/vanilla-calendar,2.8.6,19,F,UNVERIFIED_PUBLISH_PATH|DORMANT|SINGLE_MAINTAINER|DEPRECATED,1,1686,v0.2.0
bootstrap-input-spinner,5.1.0,25,F,UNVERIFIED_PUBLISH_PATH|SINGLE_MAINTAINER,1,1685,v0.2.0
'@fontsource/damion,5.3.0,81,B,,2,1684,v0.2.0
vue-carousel-3d,1.0.1,19,F,UNVERIFIED_PUBLISH_PATH|DORMANT|SINGLE_MAINTAINER,1,1684,v0.2.0
template7,1.4.2,19,F,UNVERIFIED_PUBLISH_PATH|DORMANT|SINGLE_MAINTAINER,1,1683,v0.2.0
jquery-date-range-picker,1.0.4,14,F,UNVERIFIED_PUBLISH_PATH|DORMANT|SINGLE_MAINTAINER|PUBLISHER_NOT_MAINTAINER,1,1682,v0.2.0
silvermine-videojs-quality-selector,1.1.2,19,F,UNVERIFIED_PUBLISH_PATH|DORMANT|SINGLE_MAINTAINER,1,1682,v0.2.0
'@social-mail/social-mail-client,1.11.38,21,F,UNVERIFIED_PUBLISH_PATH|SINGLE_MAINTAINER,1,1680,v0.2.0
'@fontsource/black-han-sans,5.3.0,81,B,,2,1678,v0.2.0
simple-audio-recorder,1.3.0,25,F,UNVERIFIED_PUBLISH_PATH|SINGLE_MAINTAINER,1,1678,v0.2.0
handorgel,1.0.0,19,F,UNVERIFIED_PUBLISH_PATH|DORMANT|SINGLE_MAINTAINER,1,1676,v0.2.0
leaflet.icon.glyph,0.3.0,14,F,UNVERIFIED_PUBLISH_PATH|DORMANT|SINGLE_MAINTAINER,1,1675,v0.2.0
'@engie-group/fluid-design-system,6.2.0,34,F,UNVERIFIED_PUBLISH_PATH,2,1674,v0.2.0
'@pinyin-pro/data,1.3.1,25,F,UNVERIFIED_PUBLISH_PATH|SINGLE_MAINTAINER,1,1671,v0.2.0
'@iplookup/country-extra,1.0.20260719,73,B,SINGLE_MAINTAINER,1,1666,v0.2.0
'@govbr-ds/webcomponents,2.0.0-next.66,30,F,UNVERIFIED_PUBLISH_PATH,4,1664,v0.2.0
'@jspreadsheet/render,6.2.1,25,F,UNVERIFIED_PUBLISH_PATH|SINGLE_MAINTAINER,1,1664,v0.2.0
'@appnest/masonry-layout,2.2.3,33,F,UNVERIFIED_PUBLISH_PATH|DORMANT,2,1663,v0.2.0
'@iconify-json/charm,1.2.3,21,F,UNVERIFIED_PUBLISH_PATH|SINGLE_MAINTAINER,1,1661,v0.2.0
'@fontsource/black-ops-one,5.3.0,81,B,,2,1660,v0.2.0
'@fontsource/cormorant-sc,5.3.0,81,B,,2,1656,v0.2.0
'@tensorflow-models/toxicity,1.2.2,28,F,UNVERIFIED_PUBLISH_PATH|DORMANT,8,1656,v0.2.0
'@aurodesignsystem/auro-accordion,6.1.3,89,A,,8,1653,v0.2.0
'@creativebulma/bulma-collapsible,1.0.4,29,F,UNVERIFIED_PUBLISH_PATH|DORMANT,2,1653,v0.2.0
'@sweetalert2/theme-material-ui,5.0.27,25,F,UNVERIFIED_PUBLISH_PATH|SINGLE_MAINTAINER|DEPRECATED,1,1653,v0.2.0
'@inlang/message-lint-rule-identical-pattern,1.5.9,24,F,UNVERIFIED_PUBLISH_PATH|DORMANT,2,1649,v0.2.0
'@fontsource/gowun-batang,5.3.0,81,B,,2,1648,v0.2.0
'@fontsource/open-sauce-sans,5.3.0,81,B,,2,1645,v0.2.0
'@iconify-json/simple-line-icons,1.2.1,15,F,UNVERIFIED_PUBLISH_PATH|DORMANT|SINGLE_MAINTAINER,1,1643,v0.2.0
'@fontsource-variable/readex-pro,5.3.0,81,B,,2,1638,v0.2.0
innersvg-polyfill,0.0.5,19,F,UNVERIFIED_PUBLISH_PATH|DORMANT|SINGLE_MAINTAINER,1,1638,v0.2.0
'@inlang/message-lint-rule-valid-js-identifier,1.0.8,24,F,UNVERIFIED_PUBLISH_PATH|DORMANT,2,1635,v0.2.0
'@wix/events,1.0.809,30,F,UNVERIFIED_PUBLISH_PATH,12,1634,v0.2.0
'@fontsource/klee-one,5.3.0,81,B,,2,1630,v0.2.0
preact-material-components,1.6.1,33,F,UNVERIFIED_PUBLISH_PATH|DORMANT,3,1625,v0.2.0
'@wix/auto_sdk_bookings_attribute-definition,1.0.6,30,F,UNVERIFIED_PUBLISH_PATH,12,1622,v0.2.0
emoji-datasource-messenger,4.1.0,14,F,UNVERIFIED_PUBLISH_PATH|DORMANT|SINGLE_MAINTAINER,1,1622,v0.2.0
scrolly-video,0.0.24,25,F,UNVERIFIED_PUBLISH_PATH|SINGLE_MAINTAINER,1,1619,v0.2.0
'@wix/auto_sdk_bookings_attribute-value,1.0.7,30,F,UNVERIFIED_PUBLISH_PATH,12,1618,v0.2.0
typeface-nunito-sans,1.1.13,14,F,UNVERIFIED_PUBLISH_PATH|DORMANT|SINGLE_MAINTAINER,1,1617,v0.2.0
'@fontsource-variable/chivo-mono,5.3.0,81,B,,2,1615,v0.2.0
aiware-js,0.0.0,24,F,UNVERIFIED_PUBLISH_PATH|DORMANT,13,1615,v0.2.0
p2p-media-loader-core,3.0.1,74,B,SINGLE_MAINTAINER,1,1615,v0.2.0
'@fontsource/yanone-kaffeesatz,5.3.0,81,B,,2,1614,v0.2.0
'@fontsource/actor,5.3.0,81,B,,2,1613,v0.2.0
typeroo,0.16.0,14,F,UNVERIFIED_PUBLISH_PATH|DORMANT|SINGLE_MAINTAINER,1,1613,v0.2.0
chobitsu,1.8.6,25,F,UNVERIFIED_PUBLISH_PATH|SINGLE_MAINTAINER,1,1611,v0.2.0
noto-sans-japanese,1.0.0,10,F,UNVERIFIED_PUBLISH_PATH|DORMANT|SINGLE_MAINTAINER,1,1611,v0.2.0
'@arborium/arborium,2.18.1,73,B,SINGLE_MAINTAINER,1,1609,v0.2.0
simple-icons-font,16.27.0,87,A,,4,1608,v0.2.0
'@engie-group/fluid-design-tokens,6.2.0,34,F,UNVERIFIED_PUBLISH_PATH,2,1606,v0.2.0
'@wix/auto_sdk_bookings_bookings-validation,1.0.11,30,F,UNVERIFIED_PUBLISH_PATH,12,1606,v0.2.0
owl.carousel2,2.2.2,10,F,UNVERIFIED_PUBLISH_PATH|DORMANT|SINGLE_MAINTAINER|PUBLISHER_NOT_MAINTAINER|DEPRECATED,1,1606,v0.2.0
'@fontsource-variable/league-spartan,5.3.0,81,B,,2,1605,v0.2.0
gritter,1.7.4,19,F,UNVERIFIED_PUBLISH_PATH|DORMANT|SINGLE_MAINTAINER,1,1604,v0.2.0
'@web-atoms/web-controls,2.6.22,58,C,INCONSISTENT_PUBLISH_PATH|SINGLE_MAINTAINER,1,1603,v0.2.0
jquery-expander,2.0.3,25,F,UNVERIFIED_PUBLISH_PATH|SINGLE_MAINTAINER,1,1603,v0.2.0
deepar,5.6.22,21,F,UNVERIFIED_PUBLISH_PATH|SINGLE_MAINTAINER,1,1601,v0.2.0
'@wix/auto_sdk_stores_product-groups-v-3,1.0.3,30,F,UNVERIFIED_PUBLISH_PATH,12,1600,v0.2.0
hebcal,2.3.2,19,F,UNVERIFIED_PUBLISH_PATH|DORMANT|SINGLE_MAINTAINER,1,1595,v0.2.0
inert-polyfill,0.2.5,33,F,UNVERIFIED_PUBLISH_PATH|DORMANT,2,1595,v0.2.0
'@fynd-design-engineering/fynd-one-v2,3.4.66,34,F,UNVERIFIED_PUBLISH_PATH,4,1594,v0.2.0
bigpicture,2.6.4,25,F,UNVERIFIED_PUBLISH_PATH|SINGLE_MAINTAINER,1,1591,v0.2.0
'@roadtrip/components,3.54.1,21,F,UNVERIFIED_PUBLISH_PATH|SINGLE_MAINTAINER,1,1590,v0.2.0
'@iconify-json/basil,1.2.4,21,F,UNVERIFIED_PUBLISH_PATH|SINGLE_MAINTAINER,1,1587,v0.2.0
twbs-pagination,1.4.2,33,F,UNVERIFIED_PUBLISH_PATH|DORMANT,3,1577,v0.2.0
'@fontsource/cabin-sketch,5.3.0,81,B,,2,1576,v0.2.0
sweph-wasm,2.6.9,31,F,UNVERIFIED_PUBLISH_PATH|SINGLE_MAINTAINER,1,1575,v0.2.0
'@baloise/ds-core,19.10.2,84,B,INCONSISTENT_PUBLISH_PATH,8,1574,v0.2.0
bootstrap5-autocomplete,1.1.42,25,F,UNVERIFIED_PUBLISH_PATH|SINGLE_MAINTAINER,1,1574,v0.2.0
modaal,0.4.4,14,F,UNVERIFIED_PUBLISH_PATH|DORMANT|SINGLE_MAINTAINER|PUBLISHER_NOT_MAINTAINER,1,1573,v0.2.0
'@fontsource/open-sauce-two,5.3.0,81,B,,2,1569,v0.2.0
'@iconify-json/dashicons,1.2.1,15,F,UNVERIFIED_PUBLISH_PATH|DORMANT|SINGLE_MAINTAINER,1,1569,v0.2.0
p2p-media-loader-hlsjs,3.0.1,74,B,SINGLE_MAINTAINER,1,1569,v0.2.0
'@scania/tegel,1.59.1,46,D,UNVERIFIED_PUBLISH_PATH,12,1567,v0.2.0
free-jqgrid,4.15.5,19,F,UNVERIFIED_PUBLISH_PATH|DORMANT|SINGLE_MAINTAINER,1,1567,v0.2.0
cd-themify-icons,0.0.1,15,F,UNVERIFIED_PUBLISH_PATH|DORMANT|SINGLE_MAINTAINER,1,1566,v0.2.0
alpinejs-component,2.0.2,25,F,UNVERIFIED_PUBLISH_PATH|SINGLE_MAINTAINER,1,1561,v0.2.0
'@fontsource-variable/tasa-orbiter,5.3.0,81,B,,2,1560,v0.2.0
persian-datepicker,1.2.0,19,F,UNVERIFIED_PUBLISH_PATH|DORMANT|SINGLE_MAINTAINER,1,1560,v0.2.0
'@blotoutio/providers-facebook-sdk,1.63.3,25,F,UNVERIFIED_PUBLISH_PATH|SINGLE_MAINTAINER,1,1559,v0.2.0
'@zendeskgarden/css-forms,8.0.1,32,F,UNVERIFIED_PUBLISH_PATH|SINGLE_MAINTAINER,1,1555,v0.2.0
'@hackler/javascript-devtools,1.0.3,19,F,UNVERIFIED_PUBLISH_PATH|DORMANT|SINGLE_MAINTAINER,1,1552,v0.2.0
chocolat,1.1.3,19,F,UNVERIFIED_PUBLISH_PATH|DORMANT|SINGLE_MAINTAINER,1,1552,v0.2.0
'@fontsource/alata,5.3.0,81,B,,2,1549,v0.2.0
brackets-viewer,1.9.1,73,B,SINGLE_MAINTAINER,1,1548,v0.2.0
'@iconify-json/emojione,1.2.3,21,F,UNVERIFIED_PUBLISH_PATH|SINGLE_MAINTAINER,1,1546,v0.2.0
'@nutui/nutui,4.3.15-beta.1,39,D,UNVERIFIED_PUBLISH_PATH,3,1536,v0.2.0
'@foxy.io/elements,1.53.3,45,D,UNVERIFIED_PUBLISH_PATH,4,1535,v0.2.0
alwan,2.3.1,25,F,UNVERIFIED_PUBLISH_PATH|SINGLE_MAINTAINER,1,1535,v0.2.0
store-js,2.0.4,19,F,UNVERIFIED_PUBLISH_PATH|DORMANT|SINGLE_MAINTAINER,1,1534,v0.2.0
flickity-bg-lazyload,2.0.0,19,F,UNVERIFIED_PUBLISH_PATH|DORMANT|SINGLE_MAINTAINER,1,1529,v0.2.0
luna-data-grid,2.0.2,25,F,UNVERIFIED_PUBLISH_PATH|SINGLE_MAINTAINER,1,1528,v0.2.0
fotorama,4.6.4,10,F,UNVERIFIED_PUBLISH_PATH|DORMANT|SINGLE_MAINTAINER,1,1527,v0.2.0
layzr.js,2.2.2,19,F,UNVERIFIED_PUBLISH_PATH|DORMANT|SINGLE_MAINTAINER,1,1527,v0.2.0
'@fontsource/adamina,5.3.0,81,B,,2,1526,v0.2.0
svelte-remixicon,2.10.0,25,F,UNVERIFIED_PUBLISH_PATH|SINGLE_MAINTAINER,1,1526,v0.2.0
'@fontsource/acme,5.3.0,81,B,,2,1524,v0.2.0
'@wix/auto_sdk_bookings_catalog-search,1.0.18,30,F,UNVERIFIED_PUBLISH_PATH,12,1522,v0.2.0
badger-accordion,1.2.4,19,F,UNVERIFIED_PUBLISH_PATH|DORMANT|SINGLE_MAINTAINER,1,1521,v0.2.0
graphql-playground-react,1.7.28,39,D,UNVERIFIED_PUBLISH_PATH|DORMANT,6,1521,v0.2.0
blowfish,1.0.1,14,F,UNVERIFIED_PUBLISH_PATH|DORMANT|SINGLE_MAINTAINER,1,1518,v0.2.0
'@fontsource/jua,5.3.0,81,B,,2,1514,v0.2.0
scroll-depth,1.2.0,19,F,UNVERIFIED_PUBLISH_PATH|DORMANT|SINGLE_MAINTAINER,1,1510,v0.2.0
'@nobleclem/jquery-multiselect,2.4.26,25,F,UNVERIFIED_PUBLISH_PATH|SINGLE_MAINTAINER,1,1501,v0.2.0
'@goodgamestudios/cxf-events,1.24.0,29,F,UNVERIFIED_PUBLISH_PATH|DORMANT,27,1496,v0.2.0
jquery-xml2json,0.0.8,14,F,UNVERIFIED_PUBLISH_PATH|DORMANT|SINGLE_MAINTAINER,1,1495,v0.2.0
viewport-extra,3.0.0,69,C,SINGLE_MAINTAINER|BRANCH_REQUIRES_PR,1,1495,v0.2.0
'@goodgamestudios/cxf-runtime,0.3.2,24,F,UNVERIFIED_PUBLISH_PATH|DORMANT|PUBLISHER_NOT_MAINTAINER,27,1490,v0.2.0
frenchkiss,0.4.0,33,F,UNVERIFIED_PUBLISH_PATH|DORMANT,2,1485,v0.2.0
hc-sticky,2.3.0,25,F,UNVERIFIED_PUBLISH_PATH|SINGLE_MAINTAINER,1,1484,v0.2.0
'@wix/auto_sdk_bookings_display-settings,1.0.8,30,F,UNVERIFIED_PUBLISH_PATH,12,1483,v0.2.0
misans-vf,1.0.0,19,F,UNVERIFIED_PUBLISH_PATH|DORMANT|SINGLE_MAINTAINER,1,1481,v0.2.0
'@fontsource/hanuman,5.3.0,81,B,,2,1479,v0.2.0
typeface-source-code-pro,1.1.13,14,F,UNVERIFIED_PUBLISH_PATH|DORMANT|SINGLE_MAINTAINER,1,1477,v0.2.0
'@fontsource/noto-sans-georgian,5.3.0,81,B,,2,1476,v0.2.0
lil-http,0.1.17,19,F,UNVERIFIED_PUBLISH_PATH|DORMANT|SINGLE_MAINTAINER,1,1476,v0.2.0
blockui,1.0.0,10,F,UNVERIFIED_PUBLISH_PATH|DORMANT|SINGLE_MAINTAINER,1,1475,v0.2.0
'@fontsource/philosopher,5.3.0,81,B,,2,1472,v0.2.0
'@fontsource/sniglet,5.3.0,81,B,,2,1469,v0.2.0
'@caneara/iodine,8.5.0,19,F,UNVERIFIED_PUBLISH_PATH|DORMANT|SINGLE_MAINTAINER,1,1468,v0.2.0
dealpos,26.28.1,21,F,UNVERIFIED_PUBLISH_PATH|SINGLE_MAINTAINER,1,1467,v0.2.0
wix-ui-tpa,3.145.0,30,F,UNVERIFIED_PUBLISH_PATH,6,1467,v0.2.0
'@date-fns/docs,0.38.0,14,F,UNVERIFIED_PUBLISH_PATH|DORMANT|SINGLE_MAINTAINER,1,1463,v0.2.0
'@ticketevolution/seatmaps-client,5.0.0,27,F,UNVERIFIED_PUBLISH_PATH|SINGLE_MAINTAINER,1,1462,v0.2.0
playable,2.15.4,28,F,UNVERIFIED_PUBLISH_PATH|DORMANT|PUBLISHER_NOT_MAINTAINER,6,1462,v0.2.0
'@mux/mux-background-video,0.2.3,87,A,,4,1461,v0.2.0
prefixfree,1.0.0,19,F,UNVERIFIED_PUBLISH_PATH|DORMANT|SINGLE_MAINTAINER,1,1458,v0.2.0
detect-touch-device,1.1.6,19,F,UNVERIFIED_PUBLISH_PATH|DORMANT|SINGLE_MAINTAINER,1,1457,v0.2.0
'@vkontakte/superappkit,1.62.0,35,D,UNVERIFIED_PUBLISH_PATH|DEPRECATED,3,1456,v0.2.0
webp-converter-browser,1.0.4,19,F,UNVERIFIED_PUBLISH_PATH|DORMANT|SINGLE_MAINTAINER,1,1456,v0.2.0
'@wix/auto_sdk_bookings_time-slots-configuration,1.0.3,30,F,UNVERIFIED_PUBLISH_PATH,12,1455,v0.2.0
'@beyonk/gdpr-cookie-consent-banner,16.0.2,30,F,UNVERIFIED_PUBLISH_PATH,7,1454,v0.2.0
'@dinazor/core,1.1.113,15,F,UNVERIFIED_PUBLISH_PATH|DORMANT|SINGLE_MAINTAINER,1,1448,v0.2.0
mint-ui,2.2.13,33,F,UNVERIFIED_PUBLISH_PATH|DORMANT,3,1444,v0.2.0
'@bamirorg/core-assets-271a22f75,1.27.0,16,F,UNVERIFIED_PUBLISH_PATH|SINGLE_MAINTAINER,1,1440,v0.2.0
'@wix/auto_sdk_bookings_related-products,1.0.1,30,F,UNVERIFIED_PUBLISH_PATH,12,1440,v0.2.0
magic.css,1.4.8,19,F,UNVERIFIED_PUBLISH_PATH|DORMANT|SINGLE_MAINTAINER,1,1440,v0.2.0
stimulus-store,0.0.3,19,F,UNVERIFIED_PUBLISH_PATH|DORMANT|SINGLE_MAINTAINER,1,1439,v0.2.0
bootstrap5-tags,1.7.17,25,F,UNVERIFIED_PUBLISH_PATH|SINGLE_MAINTAINER,1,1438,v0.2.0
immortal-db,1.1.0,19,F,UNVERIFIED_PUBLISH_PATH|DORMANT|SINGLE_MAINTAINER,1,1438,v0.2.0
'@fontsource/maple-mono,5.3.0,81,B,,2,1436,v0.2.0
'@fontsource/sunflower,5.3.0,81,B,,2,1436,v0.2.0
'@fontsource/zcool-xiaowei,5.3.0,81,B,,2,1434,v0.2.0
'@iconify-json/humbleicons,1.2.20,21,F,UNVERIFIED_PUBLISH_PATH|SINGLE_MAINTAINER,1,1433,v0.2.0
'@topvisor/ui,1.5.6,35,D,UNVERIFIED_PUBLISH_PATH,2,1432,v0.2.0
roddeh-i18n,1.2.1,19,F,UNVERIFIED_PUBLISH_PATH|DORMANT|SINGLE_MAINTAINER,1,1431,v0.2.0
'@flarehr/salpac-cars-calculator,1.0.1607,35,D,UNVERIFIED_PUBLISH_PATH,8,1427,v0.2.0
'@fontsource/abhaya-libre,5.3.0,81,B,,2,1427,v0.2.0
'@fontsource/familjen-grotesk,5.3.0,81,B,,2,1427,v0.2.0
angular-wizard,1.1.1,33,F,UNVERIFIED_PUBLISH_PATH|DORMANT,2,1427,v0.2.0
jquery-treetable,3.2.0-1,14,F,UNVERIFIED_PUBLISH_PATH|DORMANT|SINGLE_MAINTAINER|PUBLISHER_NOT_MAINTAINER,1,1427,v0.2.0
'@shopify/theme-hot-reload,0.0.22,30,F,UNVERIFIED_PUBLISH_PATH,6,1422,v0.2.0
'@wix/auto_sdk_bookings_bookings-settings,1.0.1,30,F,UNVERIFIED_PUBLISH_PATH,10,1421,v0.2.0
v-img,0.2.0,19,F,UNVERIFIED_PUBLISH_PATH|DORMANT|SINGLE_MAINTAINER,1,1419,v0.2.0
bootstrap-chosen,1.4.2,19,F,UNVERIFIED_PUBLISH_PATH|DORMANT|SINGLE_MAINTAINER,1,1418,v0.2.0
'@grapecity/spread-sheets-resources-ja,18.2.5,30,F,UNVERIFIED_PUBLISH_PATH,2,1417,v0.2.0
themify-icons,1.0.0,14,F,UNVERIFIED_PUBLISH_PATH|DORMANT|SINGLE_MAINTAINER|PUBLISHER_NOT_MAINTAINER,1,1417,v0.2.0
js-circle-progress,1.0.0,25,F,UNVERIFIED_PUBLISH_PATH|SINGLE_MAINTAINER,1,1412,v0.2.0
'@ffmpeg/core-st,0.11.1,33,F,UNVERIFIED_PUBLISH_PATH|DORMANT,3,1410,v0.2.0
lit-i18n,4.1.0,19,F,UNVERIFIED_PUBLISH_PATH|DORMANT|SINGLE_MAINTAINER,1,1409,v0.2.0
gs2,1.4.120,21,F,UNVERIFIED_PUBLISH_PATH|SINGLE_MAINTAINER,1,1408,v0.2.0
paymentfont,1.2.5,19,F,UNVERIFIED_PUBLISH_PATH|DORMANT|SINGLE_MAINTAINER,1,1408,v0.2.0
toolcool-range-slider,4.0.28,19,F,UNVERIFIED_PUBLISH_PATH|DORMANT|SINGLE_MAINTAINER,1,1407,v0.2.0
editorjs-button,3.0.3,19,F,UNVERIFIED_PUBLISH_PATH|DORMANT|SINGLE_MAINTAINER,1,1406,v0.2.0
notification-polyfill,1.0.0,19,F,UNVERIFIED_PUBLISH_PATH|DORMANT|SINGLE_MAINTAINER,1,1404,v0.2.0
'@iconify-json/token-branded,1.2.42,21,F,UNVERIFIED_PUBLISH_PATH|SINGLE_MAINTAINER,1,1402,v0.2.0
v-autocomplete,1.8.2,28,F,UNVERIFIED_PUBLISH_PATH|DORMANT|PUBLISHER_NOT_MAINTAINER,5,1401,v0.2.0
jquery-form-validator,2.3.79,19,F,UNVERIFIED_PUBLISH_PATH|DORMANT|SINGLE_MAINTAINER,1,1396,v0.2.0
'@naturacosmeticos/natds-web,4.7.4,46,D,UNVERIFIED_PUBLISH_PATH,10,1393,v0.2.0
'@fontsource/marck-script,5.3.0,81,B,,2,1392,v0.2.0
leaflet-sidebar,0.2.4,33,F,UNVERIFIED_PUBLISH_PATH|DORMANT,2,1392,v0.2.0
loc-i18next,0.1.6,19,F,UNVERIFIED_PUBLISH_PATH|DORMANT|SINGLE_MAINTAINER,1,1390,v0.2.0
'@fontsource-variable/antonio,5.3.0,81,B,,2,1388,v0.2.0
jquery-ui-slider,1.12.1,20,F,UNVERIFIED_PUBLISH_PATH|DORMANT|SINGLE_MAINTAINER,1,1385,v0.2.0
webshim,1.16.0,19,F,UNVERIFIED_PUBLISH_PATH|DORMANT|SINGLE_MAINTAINER,1,1381,v0.2.0
'@upscalerjs/esrgan-thick,1.0.0,20,F,UNVERIFIED_PUBLISH_PATH|SINGLE_MAINTAINER,1,1380,v0.2.0
glyphicons-halflings,1.9.1,10,F,UNVERIFIED_PUBLISH_PATH|DORMANT|SINGLE_MAINTAINER,1,1378,v0.2.0
comfy.js,1.1.29,25,F,UNVERIFIED_PUBLISH_PATH|SINGLE_MAINTAINER,1,1374,v0.2.0
cooltipz-css,2.5.1,25,F,UNVERIFIED_PUBLISH_PATH|SINGLE_MAINTAINER,1,1373,v0.2.0
'@omni-door/cli,3.2.2,25,F,UNVERIFIED_PUBLISH_PATH|SINGLE_MAINTAINER,1,1371,v0.2.0
swiffy-slider,2.1.1,45,D,UNVERIFIED_PUBLISH_PATH,3,1371,v0.2.0
'@fontsource-variable/afacad,5.3.0,81,B,,2,1366,v0.2.0
'@fontsource/tomorrow,5.3.0,81,B,,2,1364,v0.2.0
react-render-tracker,0.7.8,25,F,UNVERIFIED_PUBLISH_PATH|SINGLE_MAINTAINER,1,1364,v0.2.0
'@voxeet/voxeet-web-sdk,3.11.1,28,F,UNVERIFIED_PUBLISH_PATH|DORMANT,6,1362,v0.2.0
'@fontsource/cookie,5.3.0,81,B,,2,1361,v0.2.0
'@fontsource/gothic-a1,5.3.0,81,B,,2,1361,v0.2.0
stimulus-read-more,4.1.0,14,F,UNVERIFIED_PUBLISH_PATH|DORMANT|SINGLE_MAINTAINER|DEPRECATED,1,1357,v0.2.0
'@fontsource/catamaran,5.3.0,81,B,,2,1356,v0.2.0
handsontable-pro,6.2.3,33,F,UNVERIFIED_PUBLISH_PATH|DORMANT|DEPRECATED,2,1355,v0.2.0
'@fontsource/encode-sans-semi-condensed,5.3.0,81,B,,2,1354,v0.2.0
datetimepicker,0.1.39,33,F,UNVERIFIED_PUBLISH_PATH|DORMANT,3,1345,v0.2.0
minilazyload,2.3.4,15,F,UNVERIFIED_PUBLISH_PATH|DORMANT|SINGLE_MAINTAINER,1,1341,v0.2.0
'@fontsource-variable/victor-mono,5.3.0,81,B,,2,1340,v0.2.0
cookies-eu-banner,2.0.1,19,F,UNVERIFIED_PUBLISH_PATH|DORMANT|SINGLE_MAINTAINER,1,1340,v0.2.0
heatmapjs,2.0.2,10,F,UNVERIFIED_PUBLISH_PATH|DORMANT|SINGLE_MAINTAINER,1,1335,v0.2.0
messenger-hubspot,1.5.0-b2,19,F,UNVERIFIED_PUBLISH_PATH|DORMANT|SINGLE_MAINTAINER,1,1335,v0.2.0
'@fontsource/anek-latin,5.3.0,81,B,,2,1334,v0.2.0
'@fontsource/baskervville,5.3.0,81,B,,2,1334,v0.2.0
'@freshworks/crayons,2.13.4,33,F,UNVERIFIED_PUBLISH_PATH|DORMANT,21,1334,v0.2.0
'@blotoutio/providers-bing-sdk,1.63.3,25,F,UNVERIFIED_PUBLISH_PATH|SINGLE_MAINTAINER,1,1332,v0.2.0
'@vidstack/player,0.13.3,14,F,UNVERIFIED_PUBLISH_PATH|DORMANT|SINGLE_MAINTAINER|DEPRECATED,1,1332,v0.2.0
echo-js,1.7.3,15,F,UNVERIFIED_PUBLISH_PATH|DORMANT|SINGLE_MAINTAINER,1,1332,v0.2.0
'@fontsource-variable/shantell-sans,5.3.0,81,B,,2,1328,v0.2.0
hexo-theme-redefine,2.9.0,25,F,UNVERIFIED_PUBLISH_PATH|SINGLE_MAINTAINER,1,1324,v0.2.0
ibp-cdn,3.0.49,16,F,UNVERIFIED_PUBLISH_PATH|SINGLE_MAINTAINER,1,1323,v0.2.0
sudoku-gen,1.0.2,19,F,UNVERIFIED_PUBLISH_PATH|DORMANT|SINGLE_MAINTAINER,1,1322,v0.2.0
'@fontsource/coming-soon,5.3.0,81,B,,2,1320,v0.2.0
marx-css,5.3.0,73,B,SINGLE_MAINTAINER,1,1320,v0.2.0
'@meilisearch/autocomplete-client,0.9.0,82,B,,5,1319,v0.2.0
'@barba/prefetch,2.2.0,33,F,UNVERIFIED_PUBLISH_PATH|DORMANT,3,1318,v0.2.0
iso8601-js-period,0.2.1,19,F,UNVERIFIED_PUBLISH_PATH|DORMANT|SINGLE_MAINTAINER,1,1315,v0.2.0
vanilla-marquee,1.1.2,19,F,UNVERIFIED_PUBLISH_PATH|DORMANT|SINGLE_MAINTAINER,1,1314,v0.2.0
jquery.appear,1.0.1,19,F,UNVERIFIED_PUBLISH_PATH|DORMANT|SINGLE_MAINTAINER,1,1313,v0.2.0
'@fontsource-variable/sen,5.3.0,81,B,,2,1312,v0.2.0
'@jspreadsheet/importer,6.4.0,25,F,UNVERIFIED_PUBLISH_PATH|SINGLE_MAINTAINER,1,1311,v0.2.0
overlapping-marker-spiderfier-leaflet,0.2.7,19,F,UNVERIFIED_PUBLISH_PATH|DORMANT|SINGLE_MAINTAINER,1,1309,v0.2.0
pdfh5,3.0.0,25,F,UNVERIFIED_PUBLISH_PATH|SINGLE_MAINTAINER,1,1309,v0.2.0
headjs,1.0.3,19,F,UNVERIFIED_PUBLISH_PATH|DORMANT|SINGLE_MAINTAINER,1,1303,v0.2.0
leaflet-iconlayers,0.2.0,19,F,UNVERIFIED_PUBLISH_PATH|DORMANT|SINGLE_MAINTAINER,1,1302,v0.2.0
jquery-number,2.1.6,15,F,UNVERIFIED_PUBLISH_PATH|DORMANT|SINGLE_MAINTAINER,1,1300,v0.2.0
pusher-angular,1.0.0,28,F,UNVERIFIED_PUBLISH_PATH|DORMANT|PUBLISHER_NOT_MAINTAINER,2,1300,v0.2.0
'@reown/appkit-cdn,1.8.22,76,B,,2,1298,v0.2.0
'@ttsc/linux-arm64,0.19.3,58,C,INCONSISTENT_PUBLISH_PATH|SINGLE_MAINTAINER,1,1297,v0.2.0
'@fontsource/scheherazade-new,5.3.0,81,B,,2,1293,v0.2.0
'@openfonts/noto-sans-kr_korean,1.44.1,19,F,UNVERIFIED_PUBLISH_PATH|DORMANT|SINGLE_MAINTAINER,1,1286,v0.2.0
lr-chatbot,0.48.5,16,F,UNVERIFIED_PUBLISH_PATH|SINGLE_MAINTAINER,1,1286,v0.2.0
galmuri,2.40.3,25,F,UNVERIFIED_PUBLISH_PATH|SINGLE_MAINTAINER,1,1284,v0.2.0
'@progress/kendo-theme-meridian,14.3.0,70,B,INCONSISTENT_PUBLISH_PATH|SINGLE_MAINTAINER,1,1280,v0.2.0
'@studyportals/modal-dll,4.0.1,30,F,UNVERIFIED_PUBLISH_PATH|PUBLISHER_NOT_MAINTAINER,21,1280,v0.2.0
'@comscore/analytics,7.14.0,30,F,UNVERIFIED_PUBLISH_PATH,5,1272,v0.2.0
flipdown,0.3.2,19,F,UNVERIFIED_PUBLISH_PATH|DORMANT|SINGLE_MAINTAINER,1,1270,v0.2.0
mingcute_icon,2.9.72,20,F,UNVERIFIED_PUBLISH_PATH|SINGLE_MAINTAINER,1,1270,v0.2.0
'@tsparticles/preset-stars,4.3.2,69,C,INCONSISTENT_PUBLISH_PATH|SINGLE_MAINTAINER,1,1269,v0.2.0
'@fontsource/forum,5.3.0,81,B,,2,1267,v0.2.0
'@khipu/design-system,0.2.0-alpha.124,67,C,SINGLE_MAINTAINER,1,1266,v0.2.0
color-calendar,3.0.0,20,F,UNVERIFIED_PUBLISH_PATH|SINGLE_MAINTAINER,1,1266,v0.2.0
'@iconify-json/cryptocurrency-color,1.2.4,21,F,UNVERIFIED_PUBLISH_PATH|SINGLE_MAINTAINER,1,1265,v0.2.0
'@plainsheet/core,1.0.1,16,F,UNVERIFIED_PUBLISH_PATH|SINGLE_MAINTAINER,1,1264,v0.2.0
graphql.js,0.6.8,19,F,UNVERIFIED_PUBLISH_PATH|DORMANT|SINGLE_MAINTAINER,1,1260,v0.2.0
'@meetelise/chat,1.49.1,39,D,UNVERIFIED_PUBLISH_PATH,7,1255,v0.2.0
indexeddb-export-import,2.2.0,25,F,UNVERIFIED_PUBLISH_PATH|SINGLE_MAINTAINER,1,1254,v0.2.0
superfish,1.7.10,19,F,UNVERIFIED_PUBLISH_PATH|DORMANT|SINGLE_MAINTAINER,1,1253,v0.2.0
'@fontsource/graduate,5.3.0,81,B,,2,1252,v0.2.0
botui,1.1.3,19,F,UNVERIFIED_PUBLISH_PATH|DORMANT|SINGLE_MAINTAINER,1,1251,v0.2.0
jquery.numeric,1.0.0,15,F,UNVERIFIED_PUBLISH_PATH|DORMANT|SINGLE_MAINTAINER,1,1250,v0.2.0
'@fontsource/noto-sans-display,5.3.0,81,B,,2,1249,v0.2.0
angular-libphonenumber,1.1.0,19,F,UNVERIFIED_PUBLISH_PATH|DORMANT|SINGLE_MAINTAINER,1,1247,v0.2.0
jquery-menu-aim,1.1.0,19,F,UNVERIFIED_PUBLISH_PATH|DORMANT|SINGLE_MAINTAINER,1,1247,v0.2.0
'@fontsource-variable/wix-madefor-text,5.3.0,81,B,,2,1246,v0.2.0
helvatica-neue-lt,1.0.1,19,F,UNVERIFIED_PUBLISH_PATH|DORMANT|SINGLE_MAINTAINER,1,1244,v0.2.0
smartphoto,1.6.5,33,F,UNVERIFIED_PUBLISH_PATH|DORMANT,2,1244,v0.2.0
'@feedmepos/mf-menu,0.32.60,30,F,UNVERIFIED_PUBLISH_PATH,3,1242,v0.2.0
dynamsoft-document-viewer,4.0.0,34,F,UNVERIFIED_PUBLISH_PATH,2,1238,v0.2.0
'@master/normal.css,3.3.1,81,B,,2,1236,v0.2.0
'@feedmepos/mf-inventory-portal,1.7.1,30,F,UNVERIFIED_PUBLISH_PATH,3,1234,v0.2.0
'@fontsource/shippori-mincho-b1,5.3.0,81,B,,2,1233,v0.2.0
'@keeex/qrcodejs-kx,1.0.2,33,F,UNVERIFIED_PUBLISH_PATH|DORMANT,3,1230,v0.2.0
vue-cool-select,3.5.2,19,F,UNVERIFIED_PUBLISH_PATH|DORMANT|SINGLE_MAINTAINER,1,1230,v0.2.0
'@tripetto/runner-autoscroll,9.0.2,35,D,UNVERIFIED_PUBLISH_PATH,3,1229,v0.2.0
'@3dsource/angular-unreal-module,0.0.151,35,D,UNVERIFIED_PUBLISH_PATH,4,1225,v0.2.0
'@fontsource/finger-paint,5.3.0,81,B,,2,1225,v0.2.0
'@mui-symbols-material/w400,0.4.1,14,F,UNVERIFIED_PUBLISH_PATH|DORMANT|SINGLE_MAINTAINER,1,1223,v0.2.0
'@fontsource/quantico,5.3.0,81,B,,2,1219,v0.2.0
pure-md5,1.0.0,25,F,UNVERIFIED_PUBLISH_PATH|SINGLE_MAINTAINER,1,1219,v0.2.0
'@tripetto/runner-fabric,8.0.16,29,F,UNVERIFIED_PUBLISH_PATH|DORMANT,3,1217,v0.2.0
'@wazo/sdk,0.49.2,72,B,INCONSISTENT_PUBLISH_PATH,4,1217,v0.2.0
'@fontsource/khand,5.3.0,81,B,,2,1216,v0.2.0
angular-gantt,2.0.0-rc.1,33,F,UNVERIFIED_PUBLISH_PATH|DORMANT,2,1216,v0.2.0
spritespin,4.1.0,19,F,UNVERIFIED_PUBLISH_PATH|DORMANT|SINGLE_MAINTAINER,1,1214,v0.2.0
'@tripetto/runner,8.2.0,29,F,UNVERIFIED_PUBLISH_PATH|DORMANT,3,1212,v0.2.0
gridlex,2.7.1,19,F,UNVERIFIED_PUBLISH_PATH|DORMANT|SINGLE_MAINTAINER,1,1212,v0.2.0
leaflet-timedimension,1.1.1,19,F,UNVERIFIED_PUBLISH_PATH|DORMANT|SINGLE_MAINTAINER,1,1212,v0.2.0
darkmode-js,1.5.7,19,F,UNVERIFIED_PUBLISH_PATH|DORMANT|SINGLE_MAINTAINER,1,1211,v0.2.0
'@sheerid/jslib,2.257.0,35,D,UNVERIFIED_PUBLISH_PATH,4,1207,v0.2.0
'@fontsource-variable/wix-madefor-display,5.3.0,81,B,,2,1206,v0.2.0
bootstrap-print-css,1.0.1,26,F,UNVERIFIED_PUBLISH_PATH|DORMANT|SINGLE_MAINTAINER,1,1205,v0.2.0
greensock,1.20.2,19,F,UNVERIFIED_PUBLISH_PATH|DORMANT|SINGLE_MAINTAINER,1,1204,v0.2.0
dropkickjs,2.2.4,19,F,UNVERIFIED_PUBLISH_PATH|DORMANT|SINGLE_MAINTAINER,1,1203,v0.2.0
'@fontsource/m-plus-1p,5.3.0,81,B,,2,1201,v0.2.0
'@digital-realty/app-shell,13.0.13,30,F,UNVERIFIED_PUBLISH_PATH,4,1199,v0.2.0
jetbrains-mono,1.0.6,19,F,UNVERIFIED_PUBLISH_PATH|DORMANT|SINGLE_MAINTAINER,1,1196,v0.2.0
datatables.mark.js,2.1.0,19,F,UNVERIFIED_PUBLISH_PATH|DORMANT|SINGLE_MAINTAINER,1,1195,v0.2.0
moyasar-payment-form,2.2.10,21,F,UNVERIFIED_PUBLISH_PATH|SINGLE_MAINTAINER,1,1194,v0.2.0
'@web-atoms/core,2.6.52,58,C,INCONSISTENT_PUBLISH_PATH|SINGLE_MAINTAINER,1,1191,v0.2.0
'@fontsource/amaranth,5.3.0,81,B,,2,1189,v0.2.0
'@volcengine/tls-js-sdk,0.0.3,29,F,UNVERIFIED_PUBLISH_PATH|DORMANT,46,1186,v0.2.0
'@digital-realty/ix-icon-button,1.3.4,35,D,UNVERIFIED_PUBLISH_PATH,4,1179,v0.2.0
swipebox,1.4.6,19,F,UNVERIFIED_PUBLISH_PATH|DORMANT|SINGLE_MAINTAINER,1,1178,v0.2.0
'@talkjs/web-components,0.3.3,35,D,UNVERIFIED_PUBLISH_PATH,9,1175,v0.2.0
vue-smooth-scroll,1.0.13,19,F,UNVERIFIED_PUBLISH_PATH|DORMANT|SINGLE_MAINTAINER,1,1175,v0.2.0
'@fontsource/lobster-two,5.3.0,81,B,,2,1174,v0.2.0
priority-nav,1.0.14,25,F,UNVERIFIED_PUBLISH_PATH|SINGLE_MAINTAINER,1,1174,v0.2.0
dseg,0.46.0,19,F,UNVERIFIED_PUBLISH_PATH|DORMANT|SINGLE_MAINTAINER,1,1173,v0.2.0
tui-editor-plugin-font-size,1.0.4,19,F,UNVERIFIED_PUBLISH_PATH|DORMANT|SINGLE_MAINTAINER,1,1171,v0.2.0
instafeed.js,2.1.0,25,F,UNVERIFIED_PUBLISH_PATH|SINGLE_MAINTAINER,1,1170,v0.2.0
'@fontsource-variable/exo,5.3.0,81,B,,2,1166,v0.2.0
files.photo.gallery,0.15.3,25,F,UNVERIFIED_PUBLISH_PATH|SINGLE_MAINTAINER,1,1163,v0.2.0
optiscroll,3.2.1,19,F,UNVERIFIED_PUBLISH_PATH|DORMANT|SINGLE_MAINTAINER,1,1163,v0.2.0
js-html2pdf,1.1.4,19,F,UNVERIFIED_PUBLISH_PATH|DORMANT|SINGLE_MAINTAINER,1,1161,v0.2.0
dom-slider,2.2.1,25,F,UNVERIFIED_PUBLISH_PATH|SINGLE_MAINTAINER,1,1160,v0.2.0
'@wavoip/wavoip-webphone,1.7.2,77,B,INCONSISTENT_PUBLISH_PATH,3,1159,v0.2.0
'@feedmepos/mf-payment,1.8.1,30,F,UNVERIFIED_PUBLISH_PATH,3,1158,v0.2.0
inko,1.1.1,19,F,UNVERIFIED_PUBLISH_PATH|DORMANT|SINGLE_MAINTAINER,1,1155,v0.2.0
iconista,3.0.0,25,F,UNVERIFIED_PUBLISH_PATH|SINGLE_MAINTAINER,1,1154,v0.2.0
'@webcreate/infinite-ajax-scroll,3.1.0,19,F,UNVERIFIED_PUBLISH_PATH|DORMANT|SINGLE_MAINTAINER,1,1153,v0.2.0
'@wix/auto_sdk_automations_storage-item,1.0.21,30,F,UNVERIFIED_PUBLISH_PATH,12,1152,v0.2.0
jquery-throttle-debounce,1.0.0,19,F,UNVERIFIED_PUBLISH_PATH|DORMANT|SINGLE_MAINTAINER,1,1151,v0.2.0
'@mapsindoors/map-template,1.99.12,35,D,UNVERIFIED_PUBLISH_PATH,5,1149,v0.2.0
'@upscalerjs/esrgan-medium,1.0.0,20,F,UNVERIFIED_PUBLISH_PATH|SINGLE_MAINTAINER,1,1149,v0.2.0
kore-web-sdk,11.26.1,39,D,UNVERIFIED_PUBLISH_PATH,2,1149,v0.2.0
rangeslider-pure,0.5.0,73,B,SINGLE_MAINTAINER,1,1146,v0.2.0
'@managed-api/commons-core,0.3.16,30,F,UNVERIFIED_PUBLISH_PATH,9,1142,v0.2.0
'@tensorflow-models/facemesh,0.0.5,28,F,UNVERIFIED_PUBLISH_PATH|DORMANT|DEPRECATED,8,1142,v0.2.0
h8k-components,2.2.0,39,D,UNVERIFIED_PUBLISH_PATH,5,1142,v0.2.0
'@fontsource-variable/noto-nastaliq-urdu,5.3.0,81,B,,2,1141,v0.2.0
'@68publishers/cookie-consent,1.4.1,39,D,UNVERIFIED_PUBLISH_PATH,2,1139,v0.2.0
nanogallery2,3.0.5,19,F,UNVERIFIED_PUBLISH_PATH|DORMANT|SINGLE_MAINTAINER,1,1136,v0.2.0
hexo-theme-keep,4.3.0,25,F,UNVERIFIED_PUBLISH_PATH|SINGLE_MAINTAINER,1,1135,v0.2.0
before-after-slider,1.0.1,19,F,UNVERIFIED_PUBLISH_PATH|DORMANT|SINGLE_MAINTAINER,1,1133,v0.2.0
jquery-ui-multidatespicker,1.6.6,19,F,UNVERIFIED_PUBLISH_PATH|DORMANT|SINGLE_MAINTAINER,1,1133,v0.2.0
'@magica11y/prefers-reduced-motion,1.0.11,19,F,UNVERIFIED_PUBLISH_PATH|DORMANT|SINGLE_MAINTAINER,1,1132,v0.2.0
'@bookolosystem/engine,4.4.43,21,F,UNVERIFIED_PUBLISH_PATH|SINGLE_MAINTAINER,1,1130,v0.2.0
izimodal,1.6.1,19,F,UNVERIFIED_PUBLISH_PATH|DORMANT|SINGLE_MAINTAINER,1,1130,v0.2.0
chinese-days,1.5.9,73,B,SINGLE_MAINTAINER,1,1127,v0.2.0
dcraw,1.0.3,19,F,UNVERIFIED_PUBLISH_PATH|DORMANT|SINGLE_MAINTAINER,1,1123,v0.2.0
clockwork-browser,1.1.2,19,F,UNVERIFIED_PUBLISH_PATH|DORMANT|SINGLE_MAINTAINER,1,1122,v0.2.0
slider-pro,1.6.2,19,F,UNVERIFIED_PUBLISH_PATH|DORMANT|SINGLE_MAINTAINER,1,1122,v0.2.0
tail.select,0.5.15,19,F,UNVERIFIED_PUBLISH_PATH|DORMANT|SINGLE_MAINTAINER|DEPRECATED,1,1118,v0.2.0
'@fontsource/gfs-didot,5.3.0,81,B,,2,1116,v0.2.0
'@fontsource/liu-jian-mao-cao,5.3.0,81,B,,2,1115,v0.2.0
'@gumlet/player.js,3.0.8,87,A,,2,1114,v0.2.0
jquery-unveil,1.3.2,19,F,UNVERIFIED_PUBLISH_PATH|DORMANT|SINGLE_MAINTAINER,1,1114,v0.2.0
simple-scrollspy,2.5.3,19,F,UNVERIFIED_PUBLISH_PATH|DORMANT|SINGLE_MAINTAINER,1,1114,v0.2.0
'@fontsource/averia-serif-libre,5.3.0,81,B,,2,1110,v0.2.0
c2pa-wc,0.14.17,45,D,UNVERIFIED_PUBLISH_PATH,3,1110,v0.2.0
noto-serif-sc,31.0.0,19,F,UNVERIFIED_PUBLISH_PATH|DORMANT|SINGLE_MAINTAINER,1,1109,v0.2.0
jquery-resizable-columns,0.2.3,19,F,UNVERIFIED_PUBLISH_PATH|DORMANT|SINGLE_MAINTAINER,1,1105,v0.2.0
'@fontsource/playpen-sans,5.3.0,81,B,,2,1104,v0.2.0
'@fontsource/biz-udgothic,5.3.0,81,B,,2,1103,v0.2.0
'@calumk/editorjs-codeflask,1.0.10,19,F,UNVERIFIED_PUBLISH_PATH|DORMANT|SINGLE_MAINTAINER|DEPRECATED,1,1100,v0.2.0
'@fontsource/unifrakturmaguntia,5.3.0,81,B,,2,1098,v0.2.0
bootstrap-star-rating,4.1.2,14,F,UNVERIFIED_PUBLISH_PATH|DORMANT|SINGLE_MAINTAINER,1,1097,v0.2.0
multirange,2.0.0,19,F,UNVERIFIED_PUBLISH_PATH|DORMANT|SINGLE_MAINTAINER,1,1096,v0.2.0
'@8thwall/engine-binary,1.0.0,39,D,UNVERIFIED_PUBLISH_PATH,2,1092,v0.2.0
'@fengyuanchen/datepicker,0.6.5,19,F,UNVERIFIED_PUBLISH_PATH|DORMANT|SINGLE_MAINTAINER|DEPRECATED,1,1090,v0.2.0
'@playpilot/tpi,8.26.1,35,D,UNVERIFIED_PUBLISH_PATH,2,1090,v0.2.0
'@fontsource/syncopate,5.3.0,81,B,,2,1089,v0.2.0
'@analytics-debugger/ga4mp,0.0.8,19,F,UNVERIFIED_PUBLISH_PATH|DORMANT|SINGLE_MAINTAINER,1,1088,v0.2.0
'@fontsource/lxgw-wenkai-tc,5.3.0,81,B,,2,1088,v0.2.0
'@fontsource/biryani,5.3.0,81,B,,2,1085,v0.2.0
simple-scrollbar,0.4.0,19,F,UNVERIFIED_PUBLISH_PATH|DORMANT|SINGLE_MAINTAINER,1,1085,v0.2.0
'@breadstone/mosaik-elements-foundation,0.1.54,25,F,UNVERIFIED_PUBLISH_PATH|SINGLE_MAINTAINER,1,1080,v0.2.0
'@fontsource-variable/maven-pro,5.3.0,81,B,,2,1078,v0.2.0
'@openfonts/open-sans_all,1.44.2,14,F,UNVERIFIED_PUBLISH_PATH|DORMANT|SINGLE_MAINTAINER,1,1078,v0.2.0
jquery-filepond,1.0.0,10,F,UNVERIFIED_PUBLISH_PATH|DORMANT|SINGLE_MAINTAINER,1,1076,v0.2.0
vazir-font,30.1.0,19,F,UNVERIFIED_PUBLISH_PATH|DORMANT|SINGLE_MAINTAINER|DEPRECATED,1,1076,v0.2.0
'@fontsource/lalezar,5.3.0,81,B,,2,1074,v0.2.0
artalk,2.9.1,20,F,UNVERIFIED_PUBLISH_PATH|DORMANT|SINGLE_MAINTAINER,1,1074,v0.2.0
'@nifty_ai/browser-image-compression,2.0.4,34,F,UNVERIFIED_PUBLISH_PATH,2,1073,v0.2.0
videojs-logo,3.0.0,19,F,UNVERIFIED_PUBLISH_PATH|DORMANT|SINGLE_MAINTAINER,1,1071,v0.2.0
'@aha-app/shadcn-ui-built,2.5.0-build.1,35,D,UNVERIFIED_PUBLISH_PATH,48,1070,v0.2.0
aitu-app,1.0.3,21,F,UNVERIFIED_PUBLISH_PATH|SINGLE_MAINTAINER,1,1066,v0.2.0
brython,3.14.3,25,F,UNVERIFIED_PUBLISH_PATH|SINGLE_MAINTAINER,1,1064,v0.2.0
'@digital-realty/ix-icon,1.3.4,35,D,UNVERIFIED_PUBLISH_PATH,4,1062,v0.2.0
'@dubai-design-system/components-js,3.12.16,35,D,UNVERIFIED_PUBLISH_PATH,3,1061,v0.2.0
'@fontsource/signika,5.3.0,81,B,,2,1059,v0.2.0
'@trimble-oss/modus-bootstrap,2.3.2,46,D,UNVERIFIED_PUBLISH_PATH,8,1059,v0.2.0
viewability,1.3.4,19,F,UNVERIFIED_PUBLISH_PATH|DORMANT|SINGLE_MAINTAINER,1,1059,v0.2.0
'@fontsource-variable/el-messiri,5.3.0,81,B,,2,1058,v0.2.0
htmx-ext-include-vals,2.0.2,25,F,UNVERIFIED_PUBLISH_PATH|SINGLE_MAINTAINER,1,1055,v0.2.0
'@fontsource/lustria,5.3.0,81,B,,2,1054,v0.2.0
fluid-player,3.59.0,39,D,UNVERIFIED_PUBLISH_PATH,4,1052,v0.2.0
'@digital-realty/ix-shared-fns,1.1.4,35,D,UNVERIFIED_PUBLISH_PATH,4,1046,v0.2.0
'@placekit/autocomplete-js,2.2.1,33,F,UNVERIFIED_PUBLISH_PATH|DORMANT,2,1045,v0.2.0
jquery-storage-api,1.9.4,19,F,UNVERIFIED_PUBLISH_PATH|DORMANT|SINGLE_MAINTAINER|DEPRECATED,1,1044,v0.2.0
'@fontsource/corinthia,5.3.0,81,B,,2,1041,v0.2.0
'@iconify-json/meteor-icons,1.2.3,21,F,UNVERIFIED_PUBLISH_PATH|SINGLE_MAINTAINER,1,1041,v0.2.0
'@zendeskgarden/css-tags,6.0.0,26,F,UNVERIFIED_PUBLISH_PATH|DORMANT|SINGLE_MAINTAINER,1,1039,v0.2.0
'@fontsource/gilda-display,5.3.0,81,B,,2,1035,v0.2.0
ublaboo-datagrid,6.9.1,29,F,UNVERIFIED_PUBLISH_PATH|DORMANT|DEPRECATED,2,1034,v0.2.0
jquery-editable-select,2.2.5,19,F,UNVERIFIED_PUBLISH_PATH|DORMANT|SINGLE_MAINTAINER,1,1031,v0.2.0
'@bevacqua/rome,3.0.4,19,F,UNVERIFIED_PUBLISH_PATH|DORMANT|SINGLE_MAINTAINER,1,1030,v0.2.0
youtube-background,1.1.8,19,F,UNVERIFIED_PUBLISH_PATH|DORMANT|SINGLE_MAINTAINER,1,1030,v0.2.0
highlightjs-cshtml-razor,2.2.0,25,F,UNVERIFIED_PUBLISH_PATH|SINGLE_MAINTAINER,1,1029,v0.2.0
angularfire,2.3.0,28,F,UNVERIFIED_PUBLISH_PATH|DORMANT|PUBLISHER_NOT_MAINTAINER,4,1028,v0.2.0
skrollr,0.6.26,9,F,UNVERIFIED_PUBLISH_PATH|DORMANT,0,1027,v0.2.0
'@cscfi/csc-ui,3.0.19,39,D,UNVERIFIED_PUBLISH_PATH,4,1024,v0.2.0
youverify-web-sdk,2.2.1,21,F,UNVERIFIED_PUBLISH_PATH|SINGLE_MAINTAINER,1,1024,v0.2.0
pdf.js-viewer,0.2.8,14,F,UNVERIFIED_PUBLISH_PATH|DORMANT|SINGLE_MAINTAINER|PUBLISHER_NOT_MAINTAINER,1,1022,v0.2.0
sceditor,3.2.1,31,F,UNVERIFIED_PUBLISH_PATH|SINGLE_MAINTAINER,1,1022,v0.2.0
'@fontsource/stix-two-math,5.3.0,81,B,,2,1020,v0.2.0
'@peculiar/certificates-viewer,4.9.2,93,A,,7,1020,v0.2.0
bootstrap-ie11,5.3.7,32,F,UNVERIFIED_PUBLISH_PATH|SINGLE_MAINTAINER,1,1018,v0.2.0
vue3-flag-icons,0.1.5,25,F,UNVERIFIED_PUBLISH_PATH|SINGLE_MAINTAINER,1,1017,v0.2.0
'@goplayerzero/sdk-web,0.3.0,25,F,UNVERIFIED_PUBLISH_PATH|SINGLE_MAINTAINER,1,1016,v0.2.0
'@vonage/ml-transformers,7.0.4,39,D,UNVERIFIED_PUBLISH_PATH,66,1015,v0.2.0
hexo-math,5.0.0,33,F,UNVERIFIED_PUBLISH_PATH|DORMANT,4,1015,v0.2.0
lg-pager,1.0.2,19,F,UNVERIFIED_PUBLISH_PATH|DORMANT|SINGLE_MAINTAINER,1,1012,v0.2.0
rpg-awesome,0.2.0,19,F,UNVERIFIED_PUBLISH_PATH|DORMANT|SINGLE_MAINTAINER,1,1012,v0.2.0
mutation-events,1.0.8,26,F,UNVERIFIED_PUBLISH_PATH|DORMANT|SINGLE_MAINTAINER,1,1009,v0.2.0
'@fontsource/noto-serif-bengali,5.3.0,81,B,,2,1007,v0.2.0
react-big-scheduler,0.2.7,19,F,UNVERIFIED_PUBLISH_PATH|DORMANT|SINGLE_MAINTAINER,1,1007,v0.2.0
franken-ui,2.1.2,25,F,UNVERIFIED_PUBLISH_PATH|SINGLE_MAINTAINER,1,1004,v0.2.0
dynamsoft-label-recognizer,3.4.32,24,F,UNVERIFIED_PUBLISH_PATH|DORMANT|DEPRECATED,4,1002,v0.2.0
'@mynaui/icons,0.4.11,73,B,SINGLE_MAINTAINER,1,1001,v0.2.0
'@tsocial/tvweb-sdk,5.38.4,35,D,UNVERIFIED_PUBLISH_PATH,3,1001,v0.2.0
markmap-autoloader,0.18.12,25,F,UNVERIFIED_PUBLISH_PATH|SINGLE_MAINTAINER,1,1001,v0.2.0
'@fontsource-variable/anybody,5.3.0,81,B,,2,996,v0.2.0
angular-debounce,1.1.1,19,F,UNVERIFIED_PUBLISH_PATH|DORMANT|SINGLE_MAINTAINER,1,995,v0.2.0
formvalidation,0.6.2-dev,33,F,UNVERIFIED_PUBLISH_PATH|DORMANT,2,994,v0.2.0
leaflet-label,0.2.1-0,9,F,UNVERIFIED_PUBLISH_PATH|DORMANT|SINGLE_MAINTAINER|PUBLISHER_NOT_MAINTAINER,1,994,v0.2.0
'@central-icons-react-native/square-outlined-radius-0-stroke-1,1.1.296,21,F,UNVERIFIED_PUBLISH_PATH|SINGLE_MAINTAINER,1,991,v0.2.0
'@fontsource/bree-serif,5.3.0,81,B,,2,990,v0.2.0
'@inlang/plugin-json,5.1.57,82,B,,2,990,v0.2.0
eligrey-classlist-js-polyfill,1.2.20180112,19,F,UNVERIFIED_PUBLISH_PATH|DORMANT|SINGLE_MAINTAINER,1,990,v0.2.0
super-tiny-icons,0.6.0,19,F,UNVERIFIED_PUBLISH_PATH|DORMANT|SINGLE_MAINTAINER,1,990,v0.2.0
vue-swal,1.0.0,14,F,UNVERIFIED_PUBLISH_PATH|DORMANT|SINGLE_MAINTAINER,1,990,v0.2.0
'@capacitor-community/photoviewer,8.0.1,46,D,UNVERIFIED_PUBLISH_PATH,52,989,v0.2.0
aubiojs,0.2.1,15,F,UNVERIFIED_PUBLISH_PATH|DORMANT|SINGLE_MAINTAINER,1,984,v0.2.0
'@gouvfr/dsfr-chart,2.1.1,39,D,UNVERIFIED_PUBLISH_PATH,5,980,v0.2.0
'@danske/sapphire-icons,3.2.0,35,D,UNVERIFIED_PUBLISH_PATH,2,978,v0.2.0
'@srexi/purecounterjs,1.5.0,25,F,UNVERIFIED_PUBLISH_PATH|DORMANT|SINGLE_MAINTAINER,1,977,v0.2.0
'@fontsource/delicious-handrawn,5.3.0,81,B,,2,975,v0.2.0
'@fontsource/rock-salt,5.3.0,81,B,,2,971,v0.2.0
flot-charts,0.8.3,19,F,UNVERIFIED_PUBLISH_PATH|DORMANT|SINGLE_MAINTAINER,1,969,v0.2.0
vanillajs-scrollspy,3.0.8,19,F,UNVERIFIED_PUBLISH_PATH|DORMANT|SINGLE_MAINTAINER,1,969,v0.2.0
table-sort-js,1.22.3,25,F,UNVERIFIED_PUBLISH_PATH|SINGLE_MAINTAINER,1,968,v0.2.0
'@cantinc/ui,0.3.16,39,D,UNVERIFIED_PUBLISH_PATH,2,966,v0.2.0
'@fontsource/chewy,5.3.0,81,B,,2,965,v0.2.0
jsframe.js,1.6.8,19,F,UNVERIFIED_PUBLISH_PATH|DORMANT|SINGLE_MAINTAINER,1,964,v0.2.0
onnxjs,0.1.8,19,F,UNVERIFIED_PUBLISH_PATH|DORMANT|SINGLE_MAINTAINER,1,964,v0.2.0
'@fontsource/unifrakturcook,5.3.0,81,B,,2,963,v0.2.0
olamaps-web-sdk,1.4.0,25,F,UNVERIFIED_PUBLISH_PATH|SINGLE_MAINTAINER,1,961,v0.2.0
'@searchstax-inc/searchstudio-ux-js,4.2.19,35,D,UNVERIFIED_PUBLISH_PATH,4,959,v0.2.0
bootstrap4-tagsinput,4.1.3,14,F,UNVERIFIED_PUBLISH_PATH|DORMANT|SINGLE_MAINTAINER,1,958,v0.2.0
'@fontsource-variable/hepta-slab,5.3.0,81,B,,2,957,v0.2.0
bootstrap4-notify,4.0.3,19,F,UNVERIFIED_PUBLISH_PATH|DORMANT|SINGLE_MAINTAINER,1,957,v0.2.0
'@ideal-postcodes/address-finder-bundled,5.0.8,40,D,UNVERIFIED_PUBLISH_PATH,2,955,v0.2.0
'@liip/liipgpt,3.7.0,30,F,UNVERIFIED_PUBLISH_PATH,2,955,v0.2.0
noto-sans-jp,52.0.0,19,F,UNVERIFIED_PUBLISH_PATH|DORMANT|SINGLE_MAINTAINER,1,955,v0.2.0
'@fontsource-variable/playfair,5.3.0,81,B,,2,953,v0.2.0
formstone,2.2.2,25,F,UNVERIFIED_PUBLISH_PATH|SINGLE_MAINTAINER,1,953,v0.2.0
wordgard,0.3.1,21,F,UNVERIFIED_PUBLISH_PATH|SINGLE_MAINTAINER,1,949,v0.2.0
'@fontsource/istok-web,5.3.0,81,B,,2,943,v0.2.0
icofont,1.0.0,19,F,UNVERIFIED_PUBLISH_PATH|DORMANT|SINGLE_MAINTAINER,1,941,v0.2.0
cocoen,3.2.0,19,F,UNVERIFIED_PUBLISH_PATH|DORMANT|SINGLE_MAINTAINER,1,940,v0.2.0
leaflet-panel-layers,1.3.1,19,F,UNVERIFIED_PUBLISH_PATH|DORMANT|SINGLE_MAINTAINER,1,940,v0.2.0
'@marcreichel/alpine-timeago,2.0.3,73,B,SINGLE_MAINTAINER,1,939,v0.2.0
docsify-themeable,0.9.0,19,F,UNVERIFIED_PUBLISH_PATH|DORMANT|SINGLE_MAINTAINER,1,939,v0.2.0
jquery-parallax.js,1.5.0,33,F,UNVERIFIED_PUBLISH_PATH|DORMANT,2,938,v0.2.0
'@memori.ai/memori-react,8.41.4,39,D,UNVERIFIED_PUBLISH_PATH,3,937,v0.2.0
'@fontsource/changa-one,5.3.0,81,B,,2,936,v0.2.0
hexo-theme-solitude,4.0.0,31,F,UNVERIFIED_PUBLISH_PATH|SINGLE_MAINTAINER,1,933,v0.2.0
'@fontsource/cactus-classical-serif,5.3.0,81,B,,2,932,v0.2.0
'@blotoutio/providers-snapchat-sdk,1.63.3,25,F,UNVERIFIED_PUBLISH_PATH|SINGLE_MAINTAINER,1,931,v0.2.0
stomp-websocket,2.3.4-next,19,F,UNVERIFIED_PUBLISH_PATH|DORMANT|SINGLE_MAINTAINER,1,929,v0.2.0
usal,2.0.0,25,F,UNVERIFIED_PUBLISH_PATH|SINGLE_MAINTAINER,1,928,v0.2.0
'@ip-location-db/geolite2-city-mmdb,2.3.2026061719,68,C,SINGLE_MAINTAINER,1,926,v0.2.0
linearicons,1.0.2,19,F,UNVERIFIED_PUBLISH_PATH|DORMANT|SINGLE_MAINTAINER,1,923,v0.2.0
strophejs-plugin-muc,1.1.0,33,F,UNVERIFIED_PUBLISH_PATH|DORMANT,4,923,v0.2.0
'@iconify-json/wi,1.2.1,15,F,UNVERIFIED_PUBLISH_PATH|DORMANT|SINGLE_MAINTAINER,1,922,v0.2.0
'@fontsource/reddit-sans,5.3.0,81,B,,2,921,v0.2.0
tify,0.35.0,39,D,UNVERIFIED_PUBLISH_PATH,2,921,v0.2.0
'@fontsource/days-one,5.3.0,81,B,,2,920,v0.2.0
'@google/model-viewer-effects,1.5.0,39,D,UNVERIFIED_PUBLISH_PATH,3,920,v0.2.0
scrolltofixed,1.0.6,19,F,UNVERIFIED_PUBLISH_PATH|DORMANT|SINGLE_MAINTAINER,1,919,v0.2.0
css-skeletons,1.0.7,19,F,UNVERIFIED_PUBLISH_PATH|DORMANT|SINGLE_MAINTAINER,1,918,v0.2.0
'@hcaptcha/vanilla-hcaptcha,1.1.4,34,F,UNVERIFIED_PUBLISH_PATH,2,916,v0.2.0
easydropdown,4.2.0,19,F,UNVERIFIED_PUBLISH_PATH|DORMANT|SINGLE_MAINTAINER,1,916,v0.2.0
sas-ui,0.8.277,21,F,UNVERIFIED_PUBLISH_PATH|SINGLE_MAINTAINER,1,916,v0.2.0
'@blotoutio/providers-reddit-sdk,1.63.3,25,F,UNVERIFIED_PUBLISH_PATH|SINGLE_MAINTAINER,1,915,v0.2.0
alpinejs-i18n,2.5.3,20,F,UNVERIFIED_PUBLISH_PATH|SINGLE_MAINTAINER,1,915,v0.2.0
bulma-carousel,4.0.24,28,F,UNVERIFIED_PUBLISH_PATH|DORMANT|PUBLISHER_NOT_MAINTAINER|DEPRECATED,2,914,v0.2.0
vue-tinybox,1.3.0,9,F,UNVERIFIED_PUBLISH_PATH|DORMANT|SINGLE_MAINTAINER|PUBLISHER_NOT_MAINTAINER,1,914,v0.2.0
ace,1.3.0,29,F,UNVERIFIED_PUBLISH_PATH|DORMANT,3,913,v0.2.0
'@fontsource/londrina-solid,5.3.0,81,B,,2,912,v0.2.0
'@fontsource-variable/archivo-narrow,5.3.0,81,B,,2,910,v0.2.0
mailtoui,1.0.3,19,F,UNVERIFIED_PUBLISH_PATH|DORMANT|SINGLE_MAINTAINER,1,909,v0.2.0
'@fontsource/gowun-dodum,5.3.0,81,B,,2,908,v0.2.0
'@goongmaps/goong-js,1.0.9,33,F,UNVERIFIED_PUBLISH_PATH|DORMANT,2,908,v0.2.0
simplycountdown.js,3.0.1,19,F,UNVERIFIED_PUBLISH_PATH|DORMANT|SINGLE_MAINTAINER,1,906,v0.2.0
'@fontsource/cormorant-infant,5.3.0,81,B,,2,905,v0.2.0
'@getopenpay/openpay-js,0.5.25,35,D,UNVERIFIED_PUBLISH_PATH,3,905,v0.2.0
jquery-resizable,1.0.6,19,F,UNVERIFIED_PUBLISH_PATH|DORMANT|SINGLE_MAINTAINER,1,905,v0.2.0
bootstrap-utilities,4.1.3,14,F,UNVERIFIED_PUBLISH_PATH|DORMANT|SINGLE_MAINTAINER|DEPRECATED,1,900,v0.2.0
radial-progress-chart,0.0.4,19,F,UNVERIFIED_PUBLISH_PATH|DORMANT|SINGLE_MAINTAINER,1,899,v0.2.0
zotlo-checkout,1.18.2,21,F,UNVERIFIED_PUBLISH_PATH|SINGLE_MAINTAINER,1,898,v0.2.0
'@fontsource/ibm-plex-sans-thai-looped,5.3.0,81,B,,2,896,v0.2.0
lg-hash,1.0.4,19,F,UNVERIFIED_PUBLISH_PATH|DORMANT|SINGLE_MAINTAINER,1,896,v0.2.0
survey-vue-ui,1.12.63,34,F,UNVERIFIED_PUBLISH_PATH,2,896,v0.2.0
'@trimbleinc/modus-bootstrap,1.6.4,29,F,UNVERIFIED_PUBLISH_PATH|DORMANT,3,895,v0.2.0
taos,2.0.1,25,F,UNVERIFIED_PUBLISH_PATH|SINGLE_MAINTAINER,1,895,v0.2.0
xzoom,1.0.15,19,F,UNVERIFIED_PUBLISH_PATH|DORMANT|SINGLE_MAINTAINER,1,895,v0.2.0
'@fontsource/oooh-baby,5.3.0,81,B,,2,891,v0.2.0
scrollable-component,2.0.3,25,F,UNVERIFIED_PUBLISH_PATH|SINGLE_MAINTAINER,1,890,v0.2.0
ti-icons,0.1.2,19,F,UNVERIFIED_PUBLISH_PATH|DORMANT|SINGLE_MAINTAINER,1,890,v0.2.0
jquery-templates,1.0.0,19,F,UNVERIFIED_PUBLISH_PATH|DORMANT|SINGLE_MAINTAINER,1,889,v0.2.0
'@fontsource/changa,5.3.0,81,B,,2,887,v0.2.0
'@grapecity/gcpdfviewer,7.2.3,24,F,UNVERIFIED_PUBLISH_PATH|DORMANT,2,885,v0.2.0
geocomplete,1.7.0,33,F,UNVERIFIED_PUBLISH_PATH|DORMANT,6,885,v0.2.0
paroller.js,1.5.0,25,F,UNVERIFIED_PUBLISH_PATH|SINGLE_MAINTAINER,1,885,v0.2.0
'@fontsource-variable/noto-serif-display,5.3.0,81,B,,2,883,v0.2.0
'@fontsource/rasa,5.3.0,81,B,,2,882,v0.2.0
sienna-accessibility,2.2.333,25,F,UNVERIFIED_PUBLISH_PATH|SINGLE_MAINTAINER,1,882,v0.2.0
pseudocode,2.4.1,19,F,UNVERIFIED_PUBLISH_PATH|DORMANT|SINGLE_MAINTAINER,1,879,v0.2.0
'@cognigy/webchat,3.46.0,77,B,INCONSISTENT_PUBLISH_PATH|BRANCH_REQUIRES_PR,14,878,v0.2.0
fluentui-emoji,1.3.0,25,F,UNVERIFIED_PUBLISH_PATH|SINGLE_MAINTAINER,1,878,v0.2.0
jssocials,1.5.0,19,F,UNVERIFIED_PUBLISH_PATH|DORMANT|SINGLE_MAINTAINER,1,878,v0.2.0
'@fontsource/cooper-hewitt,5.3.0,81,B,,2,877,v0.2.0
qweather-icons,1.8.0,25,F,UNVERIFIED_PUBLISH_PATH|SINGLE_MAINTAINER,1,877,v0.2.0
'@digigov/css,2.4.2,30,F,UNVERIFIED_PUBLISH_PATH,5,876,v0.2.0
'@magic-ext/auth,4.3.2,40,D,UNVERIFIED_PUBLISH_PATH|DORMANT|DEPRECATED,11,876,v0.2.0
'@fontsource-variable/grenze-gotisch,5.3.0,81,B,,2,875,v0.2.0
'@wiris/mathtype-tinymce6,8.15.2,27,F,UNVERIFIED_PUBLISH_PATH|SINGLE_MAINTAINER,1,875,v0.2.0
'@mediapipe/control_utils,0.6.1675466023,24,F,UNVERIFIED_PUBLISH_PATH|DORMANT,8,874,v0.2.0
'@fontsource/volkhov,5.3.0,81,B,,2,873,v0.2.0
zebra_datepicker,2.2.0,19,F,UNVERIFIED_PUBLISH_PATH|DORMANT|SINGLE_MAINTAINER,1,871,v0.2.0
jquery.tabbable,1.0.1,19,F,UNVERIFIED_PUBLISH_PATH|DORMANT|SINGLE_MAINTAINER,1,869,v0.2.0
smoothscroll-for-websites,1.5.1,19,F,UNVERIFIED_PUBLISH_PATH|DORMANT|SINGLE_MAINTAINER,1,867,v0.2.0
'@orestbida/iframemanager,1.3.0,26,F,UNVERIFIED_PUBLISH_PATH|DORMANT|SINGLE_MAINTAINER,1,866,v0.2.0
'@fontsource/sanchez,5.3.0,81,B,,2,864,v0.2.0
'@marcreichel/alpine-auto-animate,1.1.0,19,F,UNVERIFIED_PUBLISH_PATH|DORMANT|SINGLE_MAINTAINER,1,863,v0.2.0
'@fontsource-variable/sn-pro,5.3.0,81,B,,2,862,v0.2.0
bulma-checkbox,1.2.1,19,F,UNVERIFIED_PUBLISH_PATH|DORMANT|SINGLE_MAINTAINER,1,862,v0.2.0
pluspagos-aes-encryption,1.0.0,15,F,UNVERIFIED_PUBLISH_PATH|DORMANT|SINGLE_MAINTAINER,1,862,v0.2.0
'@fontsource-variable/anek-latin,5.3.0,81,B,,2,861,v0.2.0
'@fontsource/do-hyeon,5.3.0,81,B,,2,860,v0.2.0
'@single-spa/import-map-injector,3.0.1,20,F,UNVERIFIED_PUBLISH_PATH|SINGLE_MAINTAINER,1,860,v0.2.0
'@ds-autonomie/web-components,2.22.2,30,F,UNVERIFIED_PUBLISH_PATH,4,859,v0.2.0
ityped,1.0.3,15,F,UNVERIFIED_PUBLISH_PATH|DORMANT|SINGLE_MAINTAINER,1,858,v0.2.0
lxgw-wenkai-lite-webfont,1.7.0,19,F,UNVERIFIED_PUBLISH_PATH|DORMANT|SINGLE_MAINTAINER,1,858,v0.2.0
'@fontsource-variable/kumbh-sans,5.3.0,81,B,,2,857,v0.2.0
hideseek,0.8.0,19,F,UNVERIFIED_PUBLISH_PATH|DORMANT|SINGLE_MAINTAINER,1,857,v0.2.0
videojs-contrib-hls.js,3.2.0,19,F,UNVERIFIED_PUBLISH_PATH|DORMANT|SINGLE_MAINTAINER,1,857,v0.2.0
theia-sticky-sidebar,2.0.0,25,F,UNVERIFIED_PUBLISH_PATH|SINGLE_MAINTAINER,1,855,v0.2.0
'@cybersource/flex-sdk-web,0.3.1,33,F,UNVERIFIED_PUBLISH_PATH|DORMANT,4,854,v0.2.0
'@fontsource/encode-sans,5.3.0,81,B,,2,853,v0.2.0
'@fontsource/gantari,5.3.0,81,B,,2,853,v0.2.0
igniteui-angular-spreadsheet,22.0.1,16,F,UNVERIFIED_PUBLISH_PATH|SINGLE_MAINTAINER,1,852,v0.2.0
'@fontsource/sorts-mill-goudy,5.3.0,81,B,,2,848,v0.2.0
connectycube,6.3.0,35,D,UNVERIFIED_PUBLISH_PATH,2,848,v0.2.0
'@fontsource/kaisei-opti,5.3.0,81,B,,2,846,v0.2.0
'@svgdotjs/svg.topath.js,2.0.3,33,F,UNVERIFIED_PUBLISH_PATH|DORMANT,2,845,v0.2.0
water.css,2.1.1,14,F,UNVERIFIED_PUBLISH_PATH|DORMANT|SINGLE_MAINTAINER,1,845,v0.2.0
'@fontsource/long-cang,5.3.0,81,B,,2,844,v0.2.0
'@streamroot/videojs-hlsjs-plugin,1.0.16,14,F,UNVERIFIED_PUBLISH_PATH|DORMANT|SINGLE_MAINTAINER|DEPRECATED,1,844,v0.2.0
jquery-balloon-js,1.1.2,19,F,UNVERIFIED_PUBLISH_PATH|DORMANT|SINGLE_MAINTAINER,1,844,v0.2.0
'@fontsource/paytone-one,5.3.0,81,B,,2,843,v0.2.0
jquery-creditcardvalidator,1.2.0,33,F,UNVERIFIED_PUBLISH_PATH|DORMANT,2,843,v0.2.0
'@dynamic-framework/ui-react,2.7.0,70,B,INCONSISTENT_PUBLISH_PATH|SINGLE_MAINTAINER,1,842,v0.2.0
'@fontsource/mitr,5.3.0,81,B,,2,842,v0.2.0
'@fontsource/passion-one,5.3.0,81,B,,2,834,v0.2.0
jquery.event.swipe,0.5.4,15,F,UNVERIFIED_PUBLISH_PATH|DORMANT|SINGLE_MAINTAINER,1,834,v0.2.0
scandit-web-datacapture-id,6.28.11,35,D,UNVERIFIED_PUBLISH_PATH,4,834,v0.2.0
'@fontsource-variable/tiktok-sans,5.3.0,81,B,,2,832,v0.2.0
'@expo-google-fonts/teko,0.4.1,39,D,UNVERIFIED_PUBLISH_PATH,4,830,v0.2.0
'@fontsource/bellefair,5.3.0,81,B,,2,828,v0.2.0
'@fontsource/zen-kaku-gothic-antique,5.3.0,81,B,,2,828,v0.2.0
flexmasonry,0.2.3,15,F,UNVERIFIED_PUBLISH_PATH|DORMANT|SINGLE_MAINTAINER,1,828,v0.2.0
detect-external-link,2.0.1,19,F,UNVERIFIED_PUBLISH_PATH|DORMANT|SINGLE_MAINTAINER,1,827,v0.2.0
deep-chat-dev,9.0.371,25,F,UNVERIFIED_PUBLISH_PATH|SINGLE_MAINTAINER,1,826,v0.2.0
bootstrap-additions,0.3.1,19,F,UNVERIFIED_PUBLISH_PATH|DORMANT|SINGLE_MAINTAINER,1,823,v0.2.0
'@fontsource/rozha-one,5.3.0,81,B,,2,822,v0.2.0
'@ukho/admiralty-core,5.7.0,94,A,,3,822,v0.2.0
'@blotoutio/providers-criteo-sdk,1.63.3,25,F,UNVERIFIED_PUBLISH_PATH|SINGLE_MAINTAINER,1,821,v0.2.0
nw-style-guide,21.2.11,72,B,INCONSISTENT_PUBLISH_PATH,7,821,v0.2.0
'@blotoutio/providers-google-analytics-4-sdk,1.63.3,25,F,UNVERIFIED_PUBLISH_PATH|SINGLE_MAINTAINER,1,819,v0.2.0
curtainsjs,8.1.6,19,F,UNVERIFIED_PUBLISH_PATH|DORMANT|SINGLE_MAINTAINER,1,817,v0.2.0
'@maveio/components,0.0.182,79,B,SINGLE_MAINTAINER,1,816,v0.2.0
'@zanichelli/albe-web-components,20.0.0,35,D,UNVERIFIED_PUBLISH_PATH,27,815,v0.2.0
'@fontsource/zain,5.3.0,81,B,,2,814,v0.2.0
'@ds-autonomie/assets,1.4.13,34,F,UNVERIFIED_PUBLISH_PATH,4,813,v0.2.0
bootoast,1.1.4,14,F,UNVERIFIED_PUBLISH_PATH|DORMANT|SINGLE_MAINTAINER,1,813,v0.2.0
'@fontsource/el-messiri,5.3.0,81,B,,2,811,v0.2.0
lg-autoplay,1.2.1,19,F,UNVERIFIED_PUBLISH_PATH|DORMANT|SINGLE_MAINTAINER,1,810,v0.2.0
webaudiofont,3.0.4,19,F,UNVERIFIED_PUBLISH_PATH|DORMANT|SINGLE_MAINTAINER,1,808,v0.2.0
buttplug-wasm,3.0.0,25,F,UNVERIFIED_PUBLISH_PATH|SINGLE_MAINTAINER,1,807,v0.2.0
'@fontsource-variable/museomoderno,5.3.0,81,B,,2,806,v0.2.0
'@flowjs/fusty-flow.js,1.2.0,28,F,UNVERIFIED_PUBLISH_PATH|DORMANT|PUBLISHER_NOT_MAINTAINER,3,805,v0.2.0
'@feedmepos/mf-connect,0.1.98-beta.3,30,F,UNVERIFIED_PUBLISH_PATH,3,804,v0.2.0
'@mappedin/viewer,0.59.4,30,F,UNVERIFIED_PUBLISH_PATH,2,803,v0.2.0
'@slightlyoff/lite-vimeo,0.1.4,25,F,UNVERIFIED_PUBLISH_PATH|SINGLE_MAINTAINER,1,803,v0.2.0
'@fontsource-variable/encode-sans,5.3.0,81,B,,2,801,v0.2.0
dealposbooks,6.29.0,21,F,UNVERIFIED_PUBLISH_PATH|SINGLE_MAINTAINER,1,801,v0.2.0
spinjs,0.4.193,19,F,UNVERIFIED_PUBLISH_PATH|DORMANT|SINGLE_MAINTAINER,1,801,v0.2.0
'@exceptionless/browser,3.2.1,87,A,,2,800,v0.2.0
jquery-ui-iconfont,2.3.2,19,F,UNVERIFIED_PUBLISH_PATH|DORMANT|SINGLE_MAINTAINER,1,800,v0.2.0
'@fontsource/courgette,5.3.0,81,B,,2,799,v0.2.0
bootstrap4c-chosen,1.1.1,19,F,UNVERIFIED_PUBLISH_PATH|DORMANT|SINGLE_MAINTAINER,1,798,v0.2.0
'@fontsource/noto-serif-georgian,5.3.0,81,B,,2,797,v0.2.0
'@jspreadsheet/bar,7.0.2,25,F,UNVERIFIED_PUBLISH_PATH|SINGLE_MAINTAINER,1,797,v0.2.0
'@goongmaps/goong-geocoder,1.1.1,29,F,UNVERIFIED_PUBLISH_PATH|DORMANT,2,796,v0.2.0
dynamsoft-image-processing,2.4.31,10,F,UNVERIFIED_PUBLISH_PATH|DORMANT|SINGLE_MAINTAINER|DEPRECATED,1,796,v0.2.0
shareon,2.8.1,58,C,INCONSISTENT_PUBLISH_PATH|SINGLE_MAINTAINER,1,796,v0.2.0
turn.js,1.0.5,19,F,UNVERIFIED_PUBLISH_PATH|DORMANT|SINGLE_MAINTAINER,1,796,v0.2.0
'@blotoutio/providers-twitter-sdk,1.63.3,25,F,UNVERIFIED_PUBLISH_PATH|SINGLE_MAINTAINER,1,795,v0.2.0
'@fontsource/afacad,5.3.0,81,B,,2,795,v0.2.0
kanbanniang,0.2.12,19,F,UNVERIFIED_PUBLISH_PATH|DORMANT|SINGLE_MAINTAINER,1,795,v0.2.0
'@arborium/rust,2.18.1,73,B,SINGLE_MAINTAINER,1,794,v0.2.0
'@fontsource-variable/teko,5.3.0,81,B,,2,793,v0.2.0
'@zendeskgarden/css-grid,0.1.39,26,F,UNVERIFIED_PUBLISH_PATH|DORMANT|SINGLE_MAINTAINER|DEPRECATED,1,793,v0.2.0
browser-tool,1.3.4,25,F,UNVERIFIED_PUBLISH_PATH|SINGLE_MAINTAINER,1,793,v0.2.0
social-likes-next,1.1.0,19,F,UNVERIFIED_PUBLISH_PATH|DORMANT|SINGLE_MAINTAINER,1,793,v0.2.0
dynamsoft-capture-vision-std,1.4.21,10,F,UNVERIFIED_PUBLISH_PATH|DORMANT|SINGLE_MAINTAINER|DEPRECATED,1,790,v0.2.0
statsig-sidecar,2.0.12,34,F,UNVERIFIED_PUBLISH_PATH|PUBLISHER_NOT_MAINTAINER,2,785,v0.2.0
sticker-heo,2022.7.5,19,F,UNVERIFIED_PUBLISH_PATH|DORMANT|SINGLE_MAINTAINER,1,782,v0.2.0
form-data-json-convert,3.0.1,20,F,UNVERIFIED_PUBLISH_PATH|SINGLE_MAINTAINER,1,780,v0.2.0
lite-vimeo-embed,0.3.0,51,C,DORMANT|SINGLE_MAINTAINER,1,779,v0.2.0
'@fontsource/m-plus-1,5.3.0,81,B,,2,776,v0.2.0
timecircles,1.5.3,15,F,UNVERIFIED_PUBLISH_PATH|DORMANT|SINGLE_MAINTAINER,1,776,v0.2.0
'@fontsource/hachi-maru-pop,5.3.0,81,B,,2,775,v0.2.0
'@fontsource-variable/grandstander,5.3.0,81,B,,2,774,v0.2.0
'@jitbit/htmlsanitizer,2.0.4,25,F,UNVERIFIED_PUBLISH_PATH|SINGLE_MAINTAINER,1,774,v0.2.0
browselucide,1.0.3,21,F,UNVERIFIED_PUBLISH_PATH|SINGLE_MAINTAINER,1,774,v0.2.0
'@churchsuite/embed,5.2.9,25,F,UNVERIFIED_PUBLISH_PATH|SINGLE_MAINTAINER,1,772,v0.2.0
'@bamirorg/core-assets-0fadfa228,1.13.0,16,F,UNVERIFIED_PUBLISH_PATH|SINGLE_MAINTAINER,1,771,v0.2.0
moment-timer,1.3.0,19,F,UNVERIFIED_PUBLISH_PATH|DORMANT|SINGLE_MAINTAINER,1,770,v0.2.0
'@liner-fe/design-token,4.0.1,30,F,UNVERIFIED_PUBLISH_PATH,2,769,v0.2.0
'@social-mail/web-components,1.1.19,21,F,UNVERIFIED_PUBLISH_PATH|SINGLE_MAINTAINER,1,768,v0.2.0
highcharts-annotations,1.3.3,19,F,UNVERIFIED_PUBLISH_PATH|DORMANT|SINGLE_MAINTAINER,1,767,v0.2.0
yandex-metrica-watch,1.449.0,16,F,UNVERIFIED_PUBLISH_PATH|SINGLE_MAINTAINER,1,767,v0.2.0
'@fontsource/la-belle-aurore,5.3.0,81,B,,2,765,v0.2.0
farbstastic,1.3.0,15,F,UNVERIFIED_PUBLISH_PATH|DORMANT|SINGLE_MAINTAINER,1,765,v0.2.0
'@biopassid/face-sdk,1.3.46,39,D,UNVERIFIED_PUBLISH_PATH,6,763,v0.2.0
'@dynamic-mockups/mockup-editor-sdk,1.1.52,39,D,UNVERIFIED_PUBLISH_PATH,2,761,v0.2.0
'@fontsource/fugaz-one,5.3.0,81,B,,2,760,v0.2.0
bootstrap4-dialog,4.4.4,19,F,UNVERIFIED_PUBLISH_PATH|DORMANT|SINGLE_MAINTAINER,1,757,v0.2.0
'@fontsource/aldrich,5.3.0,81,B,,2,756,v0.2.0
x_ite,15.1.12,31,F,UNVERIFIED_PUBLISH_PATH|SINGLE_MAINTAINER,1,756,v0.2.0
artemis-code,0.2.80,21,F,UNVERIFIED_PUBLISH_PATH|SINGLE_MAINTAINER,1,755,v0.2.0
'@db-ui/core,3.3.7,89,A,,4,754,v0.2.0
'@fontsource/monda,5.3.0,81,B,,2,754,v0.2.0
'@linways/table-to-excel,1.0.4,19,F,UNVERIFIED_PUBLISH_PATH|DORMANT|SINGLE_MAINTAINER,1,754,v0.2.0
'@shopify/buy-button-js,3.0.6,78,B,,6,753,v0.2.0
'@fontsource/francois-one,5.3.0,81,B,,2,752,v0.2.0
'@fontsource-variable/rokkitt,5.3.0,81,B,,2,750,v0.2.0
colresizable,1.6.0,15,F,UNVERIFIED_PUBLISH_PATH|DORMANT|SINGLE_MAINTAINER,1,750,v0.2.0
'@icon/stroke-7,1.2.0-alpha.3,33,F,UNVERIFIED_PUBLISH_PATH|DORMANT,2,749,v0.2.0
ab-datepicker,2.1.19,19,F,UNVERIFIED_PUBLISH_PATH|DORMANT|SINGLE_MAINTAINER,1,749,v0.2.0
'@fontsource/concert-one,5.3.0,81,B,,2,748,v0.2.0
rater-jquery,1.0.0,19,F,UNVERIFIED_PUBLISH_PATH|DORMANT|SINGLE_MAINTAINER,1,748,v0.2.0
'@fontsource/ms-madi,5.3.0,81,B,,2,746,v0.2.0
tilt.js,1.2.1,19,F,UNVERIFIED_PUBLISH_PATH|DORMANT|SINGLE_MAINTAINER,1,746,v0.2.0
'@ungap/has-own,0.1.1,19,F,UNVERIFIED_PUBLISH_PATH|DORMANT|SINGLE_MAINTAINER,1,744,v0.2.0
flot-spline,0.0.1,14,F,UNVERIFIED_PUBLISH_PATH|DORMANT|SINGLE_MAINTAINER,1,744,v0.2.0
loadcss,0.0.2,19,F,UNVERIFIED_PUBLISH_PATH|DORMANT|SINGLE_MAINTAINER,1,743,v0.2.0
'@fontsource/berkshire-swash,5.3.0,81,B,,2,740,v0.2.0
'@event-calendar/build,5.10.0,25,F,UNVERIFIED_PUBLISH_PATH|SINGLE_MAINTAINER,1,739,v0.2.0
'@fontsource/darker-grotesque,5.3.0,81,B,,2,739,v0.2.0
'@fontsource/racing-sans-one,5.3.0,81,B,,2,737,v0.2.0
vue-markup,0.0.56,19,F,UNVERIFIED_PUBLISH_PATH|DORMANT|SINGLE_MAINTAINER,1,737,v0.2.0
live2d-widget,3.1.4,33,F,UNVERIFIED_PUBLISH_PATH|DORMANT,2,735,v0.2.0
'@wix/auto_sdk_events_ticket-definitions-v-2,1.0.120,30,F,UNVERIFIED_PUBLISH_PATH,12,734,v0.2.0
jvectormap-content,0.2.0,25,F,UNVERIFIED_PUBLISH_PATH|SINGLE_MAINTAINER,1,734,v0.2.0
'@b9g/crank,0.7.9,63,C,INCONSISTENT_PUBLISH_PATH|SINGLE_MAINTAINER,1,732,v0.2.0
tobii,2.0.0-alpha,33,F,UNVERIFIED_PUBLISH_PATH|DORMANT,2,732,v0.2.0
'@fontsource-variable/mada,5.3.0,81,B,,2,731,v0.2.0
'@fontsource/lateef,5.3.0,81,B,,2,731,v0.2.0
'@fontsource/markazi-text,5.3.0,81,B,,2,730,v0.2.0
'@fontsource/sawarabi-gothic,5.3.0,81,B,,2,730,v0.2.0
'@fontsource/sen,5.3.0,81,B,,2,730,v0.2.0
twemoji-colr-font,15.0.3,19,F,UNVERIFIED_PUBLISH_PATH|DORMANT|SINGLE_MAINTAINER|DEPRECATED,1,730,v0.2.0
lightbox3,1.2.1,25,F,UNVERIFIED_PUBLISH_PATH|SINGLE_MAINTAINER,1,729,v0.2.0
'@fontsource-variable/faustina,5.3.0,81,B,,2,728,v0.2.0
'@inkeep/cxkit-js,0.5.119,34,F,UNVERIFIED_PUBLISH_PATH,7,728,v0.2.0
'@algolia/advanced-personalization,0.0.1-alpha.45,87,A,,16,727,v0.2.0
'@fontsource/rufina,5.3.0,81,B,,2,727,v0.2.0
'@fontsource/special-gothic-expanded-one,5.3.0,81,B,,2,726,v0.2.0
vegas,3.0.0,25,F,UNVERIFIED_PUBLISH_PATH|SINGLE_MAINTAINER,1,725,v0.2.0
'@fontsource/bowlby-one,5.3.0,81,B,,2,723,v0.2.0
kernelsu,3.0.2,31,F,UNVERIFIED_PUBLISH_PATH|SINGLE_MAINTAINER,1,723,v0.2.0
vikinginvest-prices,1.0.1779225699,25,F,UNVERIFIED_PUBLISH_PATH|SINGLE_MAINTAINER,1,723,v0.2.0
'@fontsource/marcellus-sc,5.3.0,81,B,,2,722,v0.2.0
'@fontsource-variable/eczar,5.3.0,81,B,,2,721,v0.2.0
'@fontsource-variable/pathway-extreme,5.3.0,81,B,,2,720,v0.2.0
'@fontsource-variable/signika,5.3.0,81,B,,2,719,v0.2.0
seamless,1.4.1,15,F,UNVERIFIED_PUBLISH_PATH|DORMANT|SINGLE_MAINTAINER,1,719,v0.2.0
exit-intent-js,1.2.0,25,F,UNVERIFIED_PUBLISH_PATH|SINGLE_MAINTAINER,1,715,v0.2.0
jquery.autokana,1.0.0,19,F,UNVERIFIED_PUBLISH_PATH|DORMANT|SINGLE_MAINTAINER,1,715,v0.2.0
'@fontsource-variable/merriweather-sans,5.3.0,81,B,,2,714,v0.2.0
'@micropython/micropython-webassembly-pyscript,1.28.0-6,20,F,UNVERIFIED_PUBLISH_PATH|SINGLE_MAINTAINER,1,711,v0.2.0
load-awesome,1.1.0,19,F,UNVERIFIED_PUBLISH_PATH|DORMANT|SINGLE_MAINTAINER,1,709,v0.2.0
'@fontsource-variable/josefin-slab,5.3.0,81,B,,2,708,v0.2.0
'@fontsource/patua-one,5.3.0,81,B,,2,708,v0.2.0
simple-jscalendar,1.4.5,19,F,UNVERIFIED_PUBLISH_PATH|DORMANT|SINGLE_MAINTAINER,1,708,v0.2.0
dynamsoft-capture-vision-data,1.2.1,16,F,UNVERIFIED_PUBLISH_PATH|SINGLE_MAINTAINER,1,706,v0.2.0
lazyloadxt,1.1.0,19,F,UNVERIFIED_PUBLISH_PATH|DORMANT|SINGLE_MAINTAINER,1,705,v0.2.0
lg-share,1.2.1,19,F,UNVERIFIED_PUBLISH_PATH|DORMANT|SINGLE_MAINTAINER,1,704,v0.2.0
'@algolia/recommend-js,1.16.0,28,F,UNVERIFIED_PUBLISH_PATH|DORMANT,16,703,v0.2.0
dynamsoft-capture-vision-bundle,3.4.3000,16,F,UNVERIFIED_PUBLISH_PATH|SINGLE_MAINTAINER,1,700,v0.2.0
particlesjs,2.2.3,19,F,UNVERIFIED_PUBLISH_PATH|DORMANT|SINGLE_MAINTAINER,1,697,v0.2.0
lt-themify-icons,1.1.0,14,F,UNVERIFIED_PUBLISH_PATH|DORMANT|SINGLE_MAINTAINER|PUBLISHER_NOT_MAINTAINER,1,694,v0.2.0
'@fontsource/hind-vadodara,5.3.0,81,B,,2,690,v0.2.0
'@fontsource/ultra,5.3.0,81,B,,2,690,v0.2.0
'@wix/auto_sdk_events_wix-events-v-2,1.0.103,30,F,UNVERIFIED_PUBLISH_PATH,12,689,v0.2.0
'@ip-location-db/geo-asn-country,2.3.2026061719,58,C,INCONSISTENT_PUBLISH_PATH|SINGLE_MAINTAINER,1,688,v0.2.0
evil-icons,1.10.1,19,F,UNVERIFIED_PUBLISH_PATH|DORMANT|SINGLE_MAINTAINER,1,688,v0.2.0
'@fontsource/nothing-you-could-do,5.3.0,81,B,,2,683,v0.2.0
'@flussonic/flussonic-webrtc-player,24.7.1-10-g016867a,16,F,UNVERIFIED_PUBLISH_PATH|SINGLE_MAINTAINER,1,682,v0.2.0
'@fontsource/yuji-syuku,5.3.0,81,B,,2,682,v0.2.0
videojs-resolution-switcher,0.4.2,19,F,UNVERIFIED_PUBLISH_PATH|DORMANT|SINGLE_MAINTAINER,1,682,v0.2.0
'@fontsource/secular-one,5.3.0,81,B,,2,681,v0.2.0
'@wix/auto_sdk_events_forms,1.0.99,30,F,UNVERIFIED_PUBLISH_PATH,12,680,v0.2.0
classroomduck,1.0.77,16,F,UNVERIFIED_PUBLISH_PATH|SINGLE_MAINTAINER,1,679,v0.2.0
zebra_dialog,3.1.0,19,F,UNVERIFIED_PUBLISH_PATH|DORMANT|SINGLE_MAINTAINER,1,679,v0.2.0
'@fontsource/kaisei-decol,5.3.0,81,B,,2,677,v0.2.0
jquery-scrollify,1.0.21,19,F,UNVERIFIED_PUBLISH_PATH|DORMANT|SINGLE_MAINTAINER,1,677,v0.2.0
trunk8,0.0.1,33,F,UNVERIFIED_PUBLISH_PATH|DORMANT,2,677,v0.2.0
'@tanay-wispr/webflow-package,6.6.20,20,F,UNVERIFIED_PUBLISH_PATH|SINGLE_MAINTAINER|BRANCH_REQUIRES_PR,1,676,v0.2.0
adp-web-components,0.3.6,25,F,UNVERIFIED_PUBLISH_PATH|SINGLE_MAINTAINER,1,676,v0.2.0
'@fontsource/saira-extra-condensed,5.3.0,81,B,,2,675,v0.2.0
'@fontsource/uncial-antiqua,5.3.0,81,B,,2,674,v0.2.0
jquery.finger,0.1.6,19,F,UNVERIFIED_PUBLISH_PATH|DORMANT|SINGLE_MAINTAINER,1,673,v0.2.0
d3-celestial,0.7.35,19,F,UNVERIFIED_PUBLISH_PATH|DORMANT|SINGLE_MAINTAINER,1,672,v0.2.0
'@fontsource-variable/noto-serif-devanagari,5.3.0,81,B,,2,670,v0.2.0
html5-boilerplate,9.0.1,19,F,UNVERIFIED_PUBLISH_PATH|DORMANT|SINGLE_MAINTAINER,1,670,v0.2.0
imjoy-rpc,0.5.59,14,F,UNVERIFIED_PUBLISH_PATH|DORMANT|SINGLE_MAINTAINER,1,670,v0.2.0
'@eox/ui,1.1.0,87,A,,5,669,v0.2.0
'@pardnchiu/quickui,0.6.18,25,F,UNVERIFIED_PUBLISH_PATH|SINGLE_MAINTAINER,1,668,v0.2.0
doofinder,7.0.3,25,F,UNVERIFIED_PUBLISH_PATH|SINGLE_MAINTAINER,1,668,v0.2.0
materialize-stepper,3.1.0,19,F,UNVERIFIED_PUBLISH_PATH|DORMANT|SINGLE_MAINTAINER,1,668,v0.2.0
'@fontsource/economica,5.3.0,81,B,,2,667,v0.2.0
'@mekari/pixel-reset,0.2.1,24,F,UNVERIFIED_PUBLISH_PATH|DORMANT,8,667,v0.2.0
jquery.idle,1.3.0,19,F,UNVERIFIED_PUBLISH_PATH|DORMANT|SINGLE_MAINTAINER,1,667,v0.2.0
'@fontsource/sofia-sans,5.3.0,81,B,,2,666,v0.2.0
baseline-status,1.1.1,25,F,UNVERIFIED_PUBLISH_PATH|SINGLE_MAINTAINER,1,665,v0.2.0
translate-js,1.3.0,19,F,UNVERIFIED_PUBLISH_PATH|DORMANT|SINGLE_MAINTAINER,1,665,v0.2.0
'@fontsource-variable/markazi-text,5.3.0,81,B,,2,663,v0.2.0
'@iconify-json/fluent-emoji-high-contrast,1.2.5,21,F,UNVERIFIED_PUBLISH_PATH|SINGLE_MAINTAINER,1,662,v0.2.0
kity,2.0.4,19,F,UNVERIFIED_PUBLISH_PATH|DORMANT|SINGLE_MAINTAINER,1,662,v0.2.0
'@fontsource/livvic,5.3.0,81,B,,2,661,v0.2.0
butterfly-extsrc,1.1.6,25,F,UNVERIFIED_PUBLISH_PATH|SINGLE_MAINTAINER,1,661,v0.2.0
van11y-accessible-accordion-aria,3.1.0,21,F,UNVERIFIED_PUBLISH_PATH|SINGLE_MAINTAINER,1,661,v0.2.0
pagedone,3.0.0,25,F,UNVERIFIED_PUBLISH_PATH|SINGLE_MAINTAINER,1,659,v0.2.0
'@bamirorg/core-assets-3458b2eea,1.20.0,16,F,UNVERIFIED_PUBLISH_PATH|SINGLE_MAINTAINER,1,658,v0.2.0
'@d-i-t-a/reader,2.5.3,38,D,UNVERIFIED_PUBLISH_PATH|SINGLE_MAINTAINER,1,658,v0.2.0
'@fontsource/huninn,5.3.0,81,B,,2,658,v0.2.0
'@cumul.io/cumulio-dashboard,4.0.1,5,F,UNVERIFIED_PUBLISH_PATH|DORMANT|SINGLE_MAINTAINER|PUBLISHER_NOT_MAINTAINER|DEPRECATED,1,657,v0.2.0
'@fontsource/kadwa,5.3.0,81,B,,2,657,v0.2.0
'@fontsource/taviraj,5.3.0,81,B,,2,656,v0.2.0
preloadjs,1.0.1,33,F,UNVERIFIED_PUBLISH_PATH|DORMANT,2,656,v0.2.0
'@raruto/leaflet-gesture-handling,1.4.4,19,F,UNVERIFIED_PUBLISH_PATH|DORMANT|SINGLE_MAINTAINER,1,655,v0.2.0
cropme,1.4.3,33,F,UNVERIFIED_PUBLISH_PATH|DORMANT,2,654,v0.2.0
'@adrop/ads-web-sdk,1.2.5,35,D,UNVERIFIED_PUBLISH_PATH,4,653,v0.2.0
'@fontsource-variable/catamaran,5.3.0,81,B,,2,653,v0.2.0
'@justeattakeaway/pie-icons,5.30.0,46,D,UNVERIFIED_PUBLISH_PATH,10,653,v0.2.0
'@wix/auto_sdk_events_guests,1.0.60,30,F,UNVERIFIED_PUBLISH_PATH,12,653,v0.2.0
bootstrap-tabcollapse,0.2.6,19,F,UNVERIFIED_PUBLISH_PATH|DORMANT|SINGLE_MAINTAINER,1,652,v0.2.0
jquery.mousewheel,3.1.9,14,F,UNVERIFIED_PUBLISH_PATH|DORMANT|SINGLE_MAINTAINER,1,650,v0.2.0
flowbite-icons,1.5.0,25,F,UNVERIFIED_PUBLISH_PATH|SINGLE_MAINTAINER,1,648,v0.2.0
'@iconify-json/jam,1.2.3,21,F,UNVERIFIED_PUBLISH_PATH|SINGLE_MAINTAINER,1,647,v0.2.0
'@blotoutio/providers-smblead-sdk,1.63.3,25,F,UNVERIFIED_PUBLISH_PATH|SINGLE_MAINTAINER,1,645,v0.2.0
html2canvas-oklch,1.5.0-alpha.0,25,F,UNVERIFIED_PUBLISH_PATH|SINGLE_MAINTAINER,1,645,v0.2.0
'@fontsource/dseg7-classic,5.3.0,81,B,,2,644,v0.2.0
'@fortawesome/fa-icon-chooser,0.11.0,87,A,,8,644,v0.2.0
chat-engine,0.9.21,33,F,UNVERIFIED_PUBLISH_PATH|DORMANT,9,644,v0.2.0
'@fontsource-variable/aleo,5.3.0,81,B,,2,643,v0.2.0
jquery-ellipsis,0.1.6,15,F,UNVERIFIED_PUBLISH_PATH|DORMANT|SINGLE_MAINTAINER,1,642,v0.2.0
tb-skeleton,0.3.6,19,F,UNVERIFIED_PUBLISH_PATH|DORMANT|SINGLE_MAINTAINER,1,641,v0.2.0
'@tannerhodges/match-height,1.1.3,19,F,UNVERIFIED_PUBLISH_PATH|DORMANT|SINGLE_MAINTAINER,1,640,v0.2.0
'@blotoutio/providers-app-lovin-sdk,1.63.3,25,F,UNVERIFIED_PUBLISH_PATH|SINGLE_MAINTAINER,1,639,v0.2.0
'@hasna/connectors,1.3.42,26,F,UNVERIFIED_PUBLISH_PATH|SINGLE_MAINTAINER,1,639,v0.2.0
jquery-powertip,1.3.2,19,F,UNVERIFIED_PUBLISH_PATH|DORMANT|SINGLE_MAINTAINER,1,638,v0.2.0
'@fontsource-variable/libre-bodoni,5.3.0,81,B,,2,634,v0.2.0
'@fontsource/yantramanav,5.3.0,81,B,,2,633,v0.2.0
'@blotoutio/providers-customers-ai-sdk,1.63.3,25,F,UNVERIFIED_PUBLISH_PATH|SINGLE_MAINTAINER,1,631,v0.2.0
'@veltdev/sdk,6.0.0-beta.12,35,D,UNVERIFIED_PUBLISH_PATH,6,630,v0.2.0
'@digital-realty/ui-launchpad,12.0.12,30,F,UNVERIFIED_PUBLISH_PATH,4,629,v0.2.0
reseter.css,2.0.0,14,F,UNVERIFIED_PUBLISH_PATH|DORMANT|SINGLE_MAINTAINER|PUBLISHER_NOT_MAINTAINER,1,629,v0.2.0
respimage,1.4.2,19,F,UNVERIFIED_PUBLISH_PATH|DORMANT|SINGLE_MAINTAINER,1,629,v0.2.0
'@hellotext/hellotext,2.4.53,39,D,UNVERIFIED_PUBLISH_PATH,2,627,v0.2.0
'@alpine-collective/toolkit-scroll,1.0.2,15,F,UNVERIFIED_PUBLISH_PATH|DORMANT|SINGLE_MAINTAINER,1,626,v0.2.0
'@cookbookdev/docsbot,4.25.15,21,F,UNVERIFIED_PUBLISH_PATH|SINGLE_MAINTAINER,1,625,v0.2.0
'@qratilabs/qrati-connect,2.27.2,25,F,UNVERIFIED_PUBLISH_PATH|SINGLE_MAINTAINER,1,625,v0.2.0
'@soywod/pin-field,0.2.2,19,F,UNVERIFIED_PUBLISH_PATH|DORMANT|SINGLE_MAINTAINER|DEPRECATED,1,625,v0.2.0
'@blotoutio/providers-klaviyo-sdk,1.63.3,25,F,UNVERIFIED_PUBLISH_PATH|SINGLE_MAINTAINER,1,624,v0.2.0
'@fontsource/the-nautigal,5.3.0,81,B,,2,624,v0.2.0
flickr-justified-gallery,2.2.0,19,F,UNVERIFIED_PUBLISH_PATH|DORMANT|SINGLE_MAINTAINER,1,623,v0.2.0
'@fontsource-variable/georama,5.3.0,81,B,,2,620,v0.2.0
'@fontsource/zen-dots,5.3.0,81,B,,2,620,v0.2.0
bulma-accordion,2.0.1,14,F,UNVERIFIED_PUBLISH_PATH|DORMANT|SINGLE_MAINTAINER|PUBLISHER_NOT_MAINTAINER|DEPRECATED,1,620,v0.2.0
number-to-arabic-words,1.5.3,15,F,UNVERIFIED_PUBLISH_PATH|DORMANT|SINGLE_MAINTAINER,1,620,v0.2.0
'@fontsource/sn-pro,5.3.0,81,B,,2,618,v0.2.0
'@inlang/plugin-icu1,1.1.0,82,B,,2,618,v0.2.0
'@fontsource-variable/yanone-kaffeesatz,5.3.0,81,B,,2,617,v0.2.0
jquery-formatdatetime,1.1.6,19,F,UNVERIFIED_PUBLISH_PATH|DORMANT|SINGLE_MAINTAINER,1,617,v0.2.0
'@minimal-analytics/ga4,1.8.7,19,F,UNVERIFIED_PUBLISH_PATH|DORMANT|SINGLE_MAINTAINER,1,616,v0.2.0
mouse-follower,1.1.2,19,F,UNVERIFIED_PUBLISH_PATH|DORMANT|SINGLE_MAINTAINER,1,616,v0.2.0
jcarousel,0.3.9,19,F,UNVERIFIED_PUBLISH_PATH|DORMANT|SINGLE_MAINTAINER,1,615,v0.2.0
'@iconify-json/ooui,1.2.20,21,F,UNVERIFIED_PUBLISH_PATH|SINGLE_MAINTAINER,1,613,v0.2.0
gmap3,7.2.0,19,F,UNVERIFIED_PUBLISH_PATH|DORMANT|SINGLE_MAINTAINER,1,611,v0.2.0
winwheel,1.0.1,19,F,UNVERIFIED_PUBLISH_PATH|DORMANT|SINGLE_MAINTAINER,1,611,v0.2.0
'@fontsource-variable/biorhyme,5.3.0,81,B,,2,609,v0.2.0
'@fontsource/charis-sil,5.3.0,81,B,,2,609,v0.2.0
'@tmorin/plantuml-libs,18.1.4,69,C,INCONSISTENT_PUBLISH_PATH|SINGLE_MAINTAINER,1,608,v0.2.0
stacktable.js,1.0.3,19,F,UNVERIFIED_PUBLISH_PATH|DORMANT|SINGLE_MAINTAINER,1,608,v0.2.0
'@fontsource-variable/gantari,5.3.0,81,B,,2,606,v0.2.0
'@kentico/kontent-smart-link,2.3.1,35,D,UNVERIFIED_PUBLISH_PATH|DORMANT|PUBLISHER_NOT_MAINTAINER|DEPRECATED,3,606,v0.2.0
'@blotoutio/providers-spotify-sdk,1.63.3,25,F,UNVERIFIED_PUBLISH_PATH|SINGLE_MAINTAINER,1,605,v0.2.0
'@epigraph/solutions,1.12.1,35,D,UNVERIFIED_PUBLISH_PATH,4,605,v0.2.0
'@fontsource-variable/changa,5.3.0,81,B,,2,604,v0.2.0
ukiyojs,4.2.0,19,F,UNVERIFIED_PUBLISH_PATH|DORMANT|SINGLE_MAINTAINER,1,604,v0.2.0
elastic-apm-js-base,3.0.0,19,F,UNVERIFIED_PUBLISH_PATH|DORMANT|SINGLE_MAINTAINER|DEPRECATED,1,603,v0.2.0
videojs-flvjs,0.3.1,19,F,UNVERIFIED_PUBLISH_PATH|DORMANT|SINGLE_MAINTAINER,1,603,v0.2.0
fuckadblock,3.2.1,19,F,UNVERIFIED_PUBLISH_PATH|DORMANT|SINGLE_MAINTAINER,1,602,v0.2.0
'@fontsource/cuprum,5.3.0,81,B,,2,601,v0.2.0
'@fontsource/palanquin,5.3.0,81,B,,2,601,v0.2.0
'@wix/automations,1.0.465,30,F,UNVERIFIED_PUBLISH_PATH,12,601,v0.2.0
fancygrid,1.7.180,19,F,UNVERIFIED_PUBLISH_PATH|DORMANT|SINGLE_MAINTAINER,1,601,v0.2.0
'@fontsource/sawarabi-mincho,5.3.0,81,B,,2,600,v0.2.0
hexo-butterfly-tag-plugins-plus,1.0.18,19,F,UNVERIFIED_PUBLISH_PATH|DORMANT|SINGLE_MAINTAINER,1,600,v0.2.0
kifu-for-js,5.5.0,25,F,UNVERIFIED_PUBLISH_PATH|SINGLE_MAINTAINER,1,600,v0.2.0
'@fontsource-variable/ruda,5.3.0,81,B,,2,599,v0.2.0
country-select-js,2.1.0,19,F,UNVERIFIED_PUBLISH_PATH|DORMANT|SINGLE_MAINTAINER,1,597,v0.2.0
'@fontsource-variable/afacad-flux,5.3.0,81,B,,2,596,v0.2.0
'@diffusionstudio/piper-wasm,1.0.0,19,F,UNVERIFIED_PUBLISH_PATH|DORMANT|SINGLE_MAINTAINER,1,595,v0.2.0
priority-plus,1.5.1,19,F,UNVERIFIED_PUBLISH_PATH|DORMANT|SINGLE_MAINTAINER,1,594,v0.2.0
'@midzer/tobii,3.2.0,25,F,UNVERIFIED_PUBLISH_PATH|SINGLE_MAINTAINER,1,593,v0.2.0
'@allmaps/openlayers,1.0.0-beta.86,25,F,UNVERIFIED_PUBLISH_PATH|SINGLE_MAINTAINER,1,592,v0.2.0
'@fontsource-variable/big-shoulders-text,5.3.0,81,B,,2,592,v0.2.0
'@recogito/annotorious-better-polygon,0.2.0,33,F,UNVERIFIED_PUBLISH_PATH|DORMANT,3,592,v0.2.0
'@wisdomgarden/mobile-assets,0.0.79,87,A,,7,592,v0.2.0
pg-calendar,1.4.31,19,F,UNVERIFIED_PUBLISH_PATH|DORMANT|SINGLE_MAINTAINER,1,592,v0.2.0
x3.photo.gallery,3.34.2,14,F,UNVERIFIED_PUBLISH_PATH|DORMANT|SINGLE_MAINTAINER,1,592,v0.2.0
'@blotoutio/edgetag-sdk-browser,1.63.3,25,F,UNVERIFIED_PUBLISH_PATH|SINGLE_MAINTAINER,1,591,v0.2.0
typeface-quicksand,1.1.13,14,F,UNVERIFIED_PUBLISH_PATH|DORMANT|SINGLE_MAINTAINER,1,589,v0.2.0
'@fontsource-variable/merienda,5.3.0,81,B,,2,588,v0.2.0
'@fontsource/fredericka-the-great,5.3.0,81,B,,2,588,v0.2.0
'@blotoutio/providers-visitor-edge-sdk,1.63.3,25,F,UNVERIFIED_PUBLISH_PATH|SINGLE_MAINTAINER,1,587,v0.2.0
'@dannymichel/proxima-nova,4.5.2,19,F,UNVERIFIED_PUBLISH_PATH|DORMANT|SINGLE_MAINTAINER,1,587,v0.2.0
'@jenkinsci/jenkins-io-components,1.41.1,35,D,UNVERIFIED_PUBLISH_PATH,2,587,v0.2.0
'@luminai-platform/rrweb-plugin-console-record,2.0.16,45,D,UNVERIFIED_PUBLISH_PATH,2,587,v0.2.0
'@blotoutio/providers-live-intent-sdk,1.63.3,25,F,UNVERIFIED_PUBLISH_PATH|SINGLE_MAINTAINER,1,586,v0.2.0
scrollwatch,2.0.1,19,F,UNVERIFIED_PUBLISH_PATH|DORMANT|SINGLE_MAINTAINER,1,586,v0.2.0
select-picker,0.3.2,19,F,UNVERIFIED_PUBLISH_PATH|DORMANT|SINGLE_MAINTAINER,1,585,v0.2.0
'@fontsource-variable/advent-pro,5.3.0,81,B,,2,584,v0.2.0
'@hellouxpavel/cssanimation,6.11.7,31,F,UNVERIFIED_PUBLISH_PATH|SINGLE_MAINTAINER,1,584,v0.2.0
live2d-widget-model-shizuku,1.0.5,28,F,UNVERIFIED_PUBLISH_PATH|DORMANT,2,584,v0.2.0
'@blotoutio/providers-listrak-sdk,1.63.3,25,F,UNVERIFIED_PUBLISH_PATH|SINGLE_MAINTAINER,1,583,v0.2.0
'@esm-bundle/rxjs,7.8.1,33,F,UNVERIFIED_PUBLISH_PATH|DORMANT,6,583,v0.2.0
'@fontsource/neuton,5.3.0,81,B,,2,583,v0.2.0
country-flag-emoji-json,2.0.0,19,F,UNVERIFIED_PUBLISH_PATH|DORMANT|SINGLE_MAINTAINER,1,583,v0.2.0
'@blotoutio/providers-vibe-co-sdk,1.63.3,25,F,UNVERIFIED_PUBLISH_PATH|SINGLE_MAINTAINER,1,582,v0.2.0
'@bullhorn/bullhorn-icons,3.2.0,39,D,UNVERIFIED_PUBLISH_PATH,10,582,v0.2.0
'@frak-labs/nexus-sdk,0.0.55,34,F,UNVERIFIED_PUBLISH_PATH,2,581,v0.2.0
'@zanichelli/idp-login-topbar,5.1.0,30,F,UNVERIFIED_PUBLISH_PATH,27,581,v0.2.0
'@fontsource/fusion-pixel-12px-proportional-sc,5.3.0,81,B,,2,580,v0.2.0
'@fontsource/murecho,5.3.0,81,B,,2,580,v0.2.0
kioskboard,2.3.0,25,F,UNVERIFIED_PUBLISH_PATH|DORMANT|SINGLE_MAINTAINER,1,580,v0.2.0
'@fontsource-variable/ibarra-real-nova,5.3.0,81,B,,2,579,v0.2.0
apple-mapkit-js,6.1.0,19,F,UNVERIFIED_PUBLISH_PATH|DORMANT|SINGLE_MAINTAINER,1,578,v0.2.0
docsify-tabs,1.6.3,19,F,UNVERIFIED_PUBLISH_PATH|DORMANT|SINGLE_MAINTAINER,1,578,v0.2.0
'@fontsource-variable/signika-negative,5.3.0,81,B,,2,577,v0.2.0
'@fontsource/firago,5.3.0,81,B,,2,577,v0.2.0
'@uh-design-system/component-library,1.7.0,35,D,UNVERIFIED_PUBLISH_PATH,3,577,v0.2.0
quick-email-editor-v2,0.4.9,29,F,UNVERIFIED_PUBLISH_PATH|DORMANT,2,575,v0.2.0
'@chainlink/cl-search-frontend,0.13.2,35,D,UNVERIFIED_PUBLISH_PATH,8,574,v0.2.0
vanilla-back-to-top,7.2.1,19,F,UNVERIFIED_PUBLISH_PATH|DORMANT|SINGLE_MAINTAINER,1,574,v0.2.0
jquery-query-object,2.2.3,19,F,UNVERIFIED_PUBLISH_PATH|DORMANT|SINGLE_MAINTAINER,1,573,v0.2.0
'@fontsource-variable/parkinsans,5.3.0,81,B,,2,572,v0.2.0
'@fontsource/annie-use-your-telescope,5.3.0,81,B,,2,572,v0.2.0
'@myparcel/delivery-options,6.22.0,46,D,UNVERIFIED_PUBLISH_PATH,3,572,v0.2.0
dynamsoft-mrz-scanner,4.0.0,25,F,UNVERIFIED_PUBLISH_PATH|SINGLE_MAINTAINER,1,572,v0.2.0
lightense-images,1.0.17,19,F,UNVERIFIED_PUBLISH_PATH|DORMANT|SINGLE_MAINTAINER,1,572,v0.2.0
'@fontsource-variable/marhey,5.3.0,81,B,,2,571,v0.2.0
vanilla-datatables,1.6.16,19,F,UNVERIFIED_PUBLISH_PATH|DORMANT|SINGLE_MAINTAINER,1,571,v0.2.0
'@fontsource-variable/anek-bangla,5.3.0,81,B,,2,570,v0.2.0
'@fungies/fungies-js,0.7.3,30,F,UNVERIFIED_PUBLISH_PATH,4,570,v0.2.0
'@fontsource/cantarell,5.3.0,81,B,,2,569,v0.2.0
misans-webfont,4.3.1,57,C,SINGLE_MAINTAINER,1,569,v0.2.0
'@fontsource-variable/anek-devanagari,5.3.0,81,B,,2,567,v0.2.0
entreprise7pro-bootstrap,3.4.8,25,F,UNVERIFIED_PUBLISH_PATH|SINGLE_MAINTAINER,1,567,v0.2.0
kityminder-core,1.4.50,19,F,UNVERIFIED_PUBLISH_PATH|DORMANT|SINGLE_MAINTAINER,1,567,v0.2.0
'@wix/image,1.452.0,30,F,UNVERIFIED_PUBLISH_PATH,12,566,v0.2.0
'@fontsource-variable/noto-serif-bengali,5.3.0,81,B,,2,565,v0.2.0
accordionjs,2.1.2,19,F,UNVERIFIED_PUBLISH_PATH|DORMANT|SINGLE_MAINTAINER,1,565,v0.2.0
bot18,0.4.31,19,F,UNVERIFIED_PUBLISH_PATH|DORMANT|SINGLE_MAINTAINER,1,565,v0.2.0
'@blotoutio/providers-stack-adapt-sdk,1.63.3,25,F,UNVERIFIED_PUBLISH_PATH|SINGLE_MAINTAINER,1,564,v0.2.0
'@fontsource-variable/playpen-sans,5.3.0,81,B,,2,564,v0.2.0
'@splidejs/splide-extension-url-hash,0.3.0,19,F,UNVERIFIED_PUBLISH_PATH|DORMANT|SINGLE_MAINTAINER,1,564,v0.2.0
'@blotoutio/providers-open-ai-ads-sdk,1.63.3,25,F,UNVERIFIED_PUBLISH_PATH|SINGLE_MAINTAINER,1,562,v0.2.0
'@fontsource-variable/anek-malayalam,5.3.0,81,B,,2,562,v0.2.0
webc-miam-uat,9.3.22,30,F,UNVERIFIED_PUBLISH_PATH,3,562,v0.2.0
'@blotoutio/providers-google-tag-manager-sdk,1.63.3,25,F,UNVERIFIED_PUBLISH_PATH|SINGLE_MAINTAINER,1,561,v0.2.0
'@fontsource-variable/yrsa,5.3.0,81,B,,2,561,v0.2.0
'@ibm/plex-sans-tc,1.1.1,33,F,UNVERIFIED_PUBLISH_PATH|DORMANT,23,561,v0.2.0
canvas-nest.js,2.0.4,19,F,UNVERIFIED_PUBLISH_PATH|DORMANT|SINGLE_MAINTAINER,1,561,v0.2.0
'@blotoutio/providers-tatari-sdk,1.63.3,25,F,UNVERIFIED_PUBLISH_PATH|SINGLE_MAINTAINER,1,560,v0.2.0
cas-ds-web-components,1.3.29,35,D,UNVERIFIED_PUBLISH_PATH,2,560,v0.2.0
editor.md,1.5.0,19,F,UNVERIFIED_PUBLISH_PATH|DORMANT|SINGLE_MAINTAINER,1,560,v0.2.0
timezone-picker,2.0.0-1,19,F,UNVERIFIED_PUBLISH_PATH|DORMANT|SINGLE_MAINTAINER,1,560,v0.2.0
workbook,1.1.3,19,F,UNVERIFIED_PUBLISH_PATH|DORMANT|SINGLE_MAINTAINER,1,560,v0.2.0
docsify-katex,2.0.2,19,F,UNVERIFIED_PUBLISH_PATH|DORMANT|SINGLE_MAINTAINER,1,559,v0.2.0
segoe-fonts,1.0.1,14,F,UNVERIFIED_PUBLISH_PATH|DORMANT|SINGLE_MAINTAINER|PUBLISHER_NOT_MAINTAINER|DEPRECATED,1,559,v0.2.0
bootstrap-block-grid,1.1.7,19,F,UNVERIFIED_PUBLISH_PATH|DORMANT|SINGLE_MAINTAINER,1,558,v0.2.0
bootstrap-reboot,4.5.6,19,F,UNVERIFIED_PUBLISH_PATH|DORMANT|SINGLE_MAINTAINER,1,558,v0.2.0
'@fontsource-variable/noto-sans-thai-looped,5.3.0,81,B,,2,557,v0.2.0
'@fontsource/koho,5.3.0,81,B,,2,557,v0.2.0
'@fontsource/reggae-one,5.3.0,81,B,,2,557,v0.2.0
cordova-plugin-qrscanner,3.0.1,33,F,UNVERIFIED_PUBLISH_PATH|DORMANT,3,557,v0.2.0
byterover-cli,3.16.1,41,D,UNVERIFIED_PUBLISH_PATH|PUBLISHER_NOT_MAINTAINER,3,556,v0.2.0
lightcase,2.5.0,19,F,UNVERIFIED_PUBLISH_PATH|DORMANT|SINGLE_MAINTAINER,1,556,v0.2.0
'@blotoutio/providers-omnisend-sdk,1.63.3,25,F,UNVERIFIED_PUBLISH_PATH|SINGLE_MAINTAINER,1,555,v0.2.0
'@fontsource-variable/baskervville,5.3.0,81,B,,2,555,v0.2.0
'@fontsource/belleza,5.3.0,81,B,,2,555,v0.2.0
cssuseragent,2.1.31,19,F,UNVERIFIED_PUBLISH_PATH|DORMANT|SINGLE_MAINTAINER,1,555,v0.2.0
van11y-accessible-modal-window-aria,2.5.1,21,F,UNVERIFIED_PUBLISH_PATH|SINGLE_MAINTAINER,1,553,v0.2.0
'@blotoutio/providers-trybe-sdk,1.63.3,25,F,UNVERIFIED_PUBLISH_PATH|SINGLE_MAINTAINER,1,552,v0.2.0
'@covet-pics/covet-pics-widget,0.178.0,25,F,UNVERIFIED_PUBLISH_PATH|SINGLE_MAINTAINER,1,552,v0.2.0
datatables.net-colresize-unofficial,2.0.0,25,F,UNVERIFIED_PUBLISH_PATH|SINGLE_MAINTAINER,1,552,v0.2.0
roaarrr-browser,1.0.8,25,F,UNVERIFIED_PUBLISH_PATH|SINGLE_MAINTAINER,1,552,v0.2.0
wmf-sitematrix,0.2.0,33,F,UNVERIFIED_PUBLISH_PATH|DORMANT,2,552,v0.2.0
'@fontsource/encode-sans-expanded,5.3.0,81,B,,2,551,v0.2.0
'@ibm/plex-sans-jp,3.0.0,39,D,UNVERIFIED_PUBLISH_PATH,23,551,v0.2.0
formbuilder-languages,1.2.1,25,F,UNVERIFIED_PUBLISH_PATH|SINGLE_MAINTAINER,1,551,v0.2.0
'@lanyundev/blog-static,1.4.17,16,F,UNVERIFIED_PUBLISH_PATH|SINGLE_MAINTAINER,1,550,v0.2.0
'@dmuy/timepicker,2.0.2,19,F,UNVERIFIED_PUBLISH_PATH|DORMANT|SINGLE_MAINTAINER,1,549,v0.2.0
'@memori.ai/memori-webcomponent,8.2.16,39,D,UNVERIFIED_PUBLISH_PATH,3,549,v0.2.0
videojs-max-quality-selector,1.0.0,15,F,UNVERIFIED_PUBLISH_PATH|DORMANT|SINGLE_MAINTAINER,1,549,v0.2.0
'@digital-realty/theme,3.1.4,35,D,UNVERIFIED_PUBLISH_PATH,4,548,v0.2.0
'@fontsource/kodchasan,5.3.0,81,B,,2,548,v0.2.0
'@peculiar/fortify-webcomponents,4.2.0,39,D,UNVERIFIED_PUBLISH_PATH,7,548,v0.2.0
eligrey-classlist.js,1.2.20180112,14,F,UNVERIFIED_PUBLISH_PATH|DORMANT|SINGLE_MAINTAINER,1,548,v0.2.0
jquery.dfp,2.4.2,19,F,UNVERIFIED_PUBLISH_PATH|DORMANT|SINGLE_MAINTAINER,1,548,v0.2.0
red5pro-webrtc-sdk,15.5.0,63,C,INCONSISTENT_PUBLISH_PATH|SINGLE_MAINTAINER,1,546,v0.2.0
'@fontsource/inria-serif,5.3.0,81,B,,2,545,v0.2.0
'@wix/auto_sdk_events_rsvp-v-2,1.0.101,30,F,UNVERIFIED_PUBLISH_PATH,12,545,v0.2.0
'@wix/auto_sdk_automations_automations-v-2,1.0.139,30,F,UNVERIFIED_PUBLISH_PATH,12,544,v0.2.0
luna-object-viewer,0.3.2,25,F,UNVERIFIED_PUBLISH_PATH|SINGLE_MAINTAINER,1,544,v0.2.0
'@fontsource-variable/kufam,5.3.0,81,B,,2,543,v0.2.0
'@feedmepos/ui-library,1.10.10,34,F,UNVERIFIED_PUBLISH_PATH,3,542,v0.2.0
'@fontsource-variable/lexend-exa,5.3.0,81,B,,2,542,v0.2.0
'@fontsource/mada,5.3.0,81,B,,2,541,v0.2.0
'@mcp-b/webmcp-local-relay,4.0.0,71,B,INCONSISTENT_PUBLISH_PATH|SINGLE_MAINTAINER,1,541,v0.2.0
cn-fontsource-source-han-serif-sc-vf,1.0.9,19,F,UNVERIFIED_PUBLISH_PATH|DORMANT|SINGLE_MAINTAINER,1,541,v0.2.0
hotel-datepicker,4.13.0,25,F,UNVERIFIED_PUBLISH_PATH|SINGLE_MAINTAINER,1,541,v0.2.0
tripetto-runner-foundation,6.3.1,29,F,UNVERIFIED_PUBLISH_PATH|DORMANT|DEPRECATED,3,540,v0.2.0
'@wix/auto_sdk_events_events-settings,1.0.47,30,F,UNVERIFIED_PUBLISH_PATH,12,538,v0.2.0
'@fontsource/pattaya,5.3.0,81,B,,2,537,v0.2.0
'@fontsource-variable/lemonada,5.3.0,81,B,,2,535,v0.2.0
jquery.flipster,1.1.6,33,F,UNVERIFIED_PUBLISH_PATH|DORMANT,2,534,v0.2.0
meting,2.0.2,25,F,UNVERIFIED_PUBLISH_PATH|SINGLE_MAINTAINER,1,534,v0.2.0
scrollpos-styler,0.7.1,19,F,UNVERIFIED_PUBLISH_PATH|DORMANT|SINGLE_MAINTAINER,1,533,v0.2.0
sf-font,1.0.0,10,F,UNVERIFIED_PUBLISH_PATH|DORMANT|SINGLE_MAINTAINER,1,533,v0.2.0
shikwasa,2.2.1,19,F,UNVERIFIED_PUBLISH_PATH|DORMANT|SINGLE_MAINTAINER,1,533,v0.2.0
ibp-max,3.1.36,16,F,UNVERIFIED_PUBLISH_PATH|SINGLE_MAINTAINER,1,532,v0.2.0
keen-js,6.0.1,28,F,UNVERIFIED_PUBLISH_PATH|DORMANT|PUBLISHER_NOT_MAINTAINER|DEPRECATED,2,532,v0.2.0
'@fontsource-variable/reddit-sans-condensed,5.3.0,81,B,,2,531,v0.2.0
'@fontsource/solway,5.3.0,81,B,,2,531,v0.2.0
greenbricks-cps-sdk,1.7.0,21,F,UNVERIFIED_PUBLISH_PATH|SINGLE_MAINTAINER,1,530,v0.2.0
slicknav,1.0.8,19,F,UNVERIFIED_PUBLISH_PATH|DORMANT|SINGLE_MAINTAINER,1,529,v0.2.0
'@fontsource/trirong,5.3.0,81,B,,2,528,v0.2.0
'@glassesusa/dsm,4.6.2,25,F,UNVERIFIED_PUBLISH_PATH|SINGLE_MAINTAINER,1,528,v0.2.0
'@chordcommerce/analytics,1.23.0,35,D,UNVERIFIED_PUBLISH_PATH,2,527,v0.2.0
'@fontsource/goldman,5.3.0,81,B,,2,527,v0.2.0
'@fontsource/khula,5.3.0,81,B,,2,527,v0.2.0
jquery-dateformat,1.0.4,15,F,UNVERIFIED_PUBLISH_PATH|DORMANT|SINGLE_MAINTAINER,1,526,v0.2.0
'@clappr/player,0.11.16,39,D,UNVERIFIED_PUBLISH_PATH,9,525,v0.2.0
'@fontsource/charm,5.3.0,81,B,,2,525,v0.2.0
'@icon/icofont,1.0.1-alpha.1,28,F,UNVERIFIED_PUBLISH_PATH|DORMANT,2,525,v0.2.0
'@fontsource-variable/wittgenstein,5.3.0,81,B,,2,524,v0.2.0
'@fontsource/cherry-bomb-one,5.3.0,81,B,,2,524,v0.2.0
'@konnectio/core,4.7.1,21,F,UNVERIFIED_PUBLISH_PATH|SINGLE_MAINTAINER,1,524,v0.2.0
angular-cron-gen,1.0.1,19,F,UNVERIFIED_PUBLISH_PATH|DORMANT|SINGLE_MAINTAINER,1,524,v0.2.0
mailgo,0.12.2,25,F,UNVERIFIED_PUBLISH_PATH|DORMANT|SINGLE_MAINTAINER|DEPRECATED,1,524,v0.2.0
slick-carousel-browserify,1.6.12,19,F,UNVERIFIED_PUBLISH_PATH|DORMANT|SINGLE_MAINTAINER,1,524,v0.2.0
'@imtbl/checkout-widgets,2.21.0,95,A,,3,523,v0.2.0
'@toruslabs/openlogin-subkey,8.1.0,40,D,UNVERIFIED_PUBLISH_PATH|DORMANT,5,522,v0.2.0
'@fontsource-variable/comme,5.3.0,81,B,,2,520,v0.2.0
animsition,4.0.2,19,F,UNVERIFIED_PUBLISH_PATH|DORMANT|SINGLE_MAINTAINER,1,520,v0.2.0
leaflet-styleeditor,0.1.21,19,F,UNVERIFIED_PUBLISH_PATH|DORMANT|SINGLE_MAINTAINER,1,520,v0.2.0
webc-miam,9.3.22,30,F,UNVERIFIED_PUBLISH_PATH,3,519,v0.2.0
'@fontsource/delius,5.3.0,81,B,,2,518,v0.2.0
'@tesseract.js-data/vie,1.0.0,19,F,UNVERIFIED_PUBLISH_PATH|DORMANT|SINGLE_MAINTAINER,1,515,v0.2.0
cirrus-ui,0.8.0,25,F,UNVERIFIED_PUBLISH_PATH|SINGLE_MAINTAINER,1,515,v0.2.0
vanilla-ripplejs,1.0.6,19,F,UNVERIFIED_PUBLISH_PATH|DORMANT|SINGLE_MAINTAINER,1,515,v0.2.0
'@cdklabs/cdk-construct-connect-datalake,0.0.18,72,B,INCONSISTENT_PUBLISH_PATH,3,514,v0.2.0
font-kopub,1.0.2,19,F,UNVERIFIED_PUBLISH_PATH|DORMANT|SINGLE_MAINTAINER,1,514,v0.2.0
'@fontsource/martel,5.3.0,81,B,,2,513,v0.2.0
'@banuba/agora-extension,2.0.0,24,F,UNVERIFIED_PUBLISH_PATH|DORMANT|PUBLISHER_NOT_MAINTAINER,6,511,v0.2.0
'@beeq/core,1.13.0,65,C,INCONSISTENT_PUBLISH_PATH|SINGLE_MAINTAINER,1,511,v0.2.0
'@fontsource/gentium-plus,5.3.0,81,B,,2,511,v0.2.0
blip-tokens,1.103.0,25,F,UNVERIFIED_PUBLISH_PATH|SINGLE_MAINTAINER|BRANCH_REQUIRES_PR,1,511,v0.2.0
sargam-icons,1.6.7,25,F,UNVERIFIED_PUBLISH_PATH|SINGLE_MAINTAINER,1,510,v0.2.0
'@tesseract.js-data/tha,1.0.0,19,F,UNVERIFIED_PUBLISH_PATH|DORMANT|SINGLE_MAINTAINER,1,509,v0.2.0
paymob-pixel,1.2.7,21,F,UNVERIFIED_PUBLISH_PATH|SINGLE_MAINTAINER,1,509,v0.2.0
'@frak-labs/components,1.0.12,34,F,UNVERIFIED_PUBLISH_PATH,2,508,v0.2.0
et-line,1.0.1,19,F,UNVERIFIED_PUBLISH_PATH|DORMANT|SINGLE_MAINTAINER,1,508,v0.2.0
undraw-svg,1.0.0,21,F,UNVERIFIED_PUBLISH_PATH|SINGLE_MAINTAINER,1,508,v0.2.0
'@fontsource/unna,5.3.0,81,B,,2,507,v0.2.0
jquery.fancybox,2.1.5,14,F,UNVERIFIED_PUBLISH_PATH|DORMANT|SINGLE_MAINTAINER,1,505,v0.2.0
'@deck.gl/jupyter-widget,9.3.7,39,D,UNVERIFIED_PUBLISH_PATH,5,504,v0.2.0
'@fontsource/hahmlet,5.3.0,81,B,,2,504,v0.2.0
'@story-telling-reporter/react-embed-code-generator,2.2.20,25,F,UNVERIFIED_PUBLISH_PATH|SINGLE_MAINTAINER,1,504,v0.2.0
jquery-simple-upload,1.1.0,19,F,UNVERIFIED_PUBLISH_PATH|DORMANT|SINGLE_MAINTAINER,1,504,v0.2.0
'@fontsource/cabin-condensed,5.3.0,81,B,,2,502,v0.2.0
'@snowplow/browser-plugin-bot-detection,4.8.4,39,D,UNVERIFIED_PUBLISH_PATH,3,502,v0.2.0
'@srgssr/pillarbox-web,1.36.3,77,B,INCONSISTENT_PUBLISH_PATH,5,502,v0.2.0
jquery.kinetic,2.2.4,15,F,UNVERIFIED_PUBLISH_PATH|DORMANT|SINGLE_MAINTAINER,1,502,v0.2.0
bootstrap-4-autocomplete,1.3.2,19,F,UNVERIFIED_PUBLISH_PATH|DORMANT|SINGLE_MAINTAINER,1,501,v0.2.0
noto-sans-tc,36.0.0,19,F,UNVERIFIED_PUBLISH_PATH|DORMANT|SINGLE_MAINTAINER,1,501,v0.2.0
rrssb,1.14.0,19,F,UNVERIFIED_PUBLISH_PATH|DORMANT|SINGLE_MAINTAINER,1,501,v0.2.0
'@digital-realty/ix-grid,1.4.5,35,D,UNVERIFIED_PUBLISH_PATH,4,499,v0.2.0
'@usesuperflow/toolbar,1.0.178,35,D,UNVERIFIED_PUBLISH_PATH,7,499,v0.2.0
jscolor-picker,2.0.4,19,F,UNVERIFIED_PUBLISH_PATH|DORMANT|SINGLE_MAINTAINER,1,499,v0.2.0
'@fontsource/krub,5.3.0,81,B,,2,498,v0.2.0
'@fontsource/athiti,5.3.0,81,B,,2,496,v0.2.0
comlinkjs,3.2.0,21,F,UNVERIFIED_PUBLISH_PATH|DORMANT|SINGLE_MAINTAINER|DEPRECATED,1,496,v0.2.0
eq.js,1.9.0,19,F,UNVERIFIED_PUBLISH_PATH|DORMANT|SINGLE_MAINTAINER,1,495,v0.2.0
'@fontsource-variable/noto-sans-lao-looped,5.3.0,81,B,,2,493,v0.2.0
'@fontsource/julius-sans-one,5.3.0,81,B,,2,493,v0.2.0
'@dashboardcode/bsmultiselect,1.1.18,19,F,UNVERIFIED_PUBLISH_PATH|DORMANT|SINGLE_MAINTAINER,1,490,v0.2.0
'@fontsource/hind-madurai,5.3.0,81,B,,2,490,v0.2.0
'@wix/auto_sdk_events_schedule,1.0.45,30,F,UNVERIFIED_PUBLISH_PATH,12,490,v0.2.0
css-tooltip,0.3.4,19,F,UNVERIFIED_PUBLISH_PATH|DORMANT|SINGLE_MAINTAINER,1,490,v0.2.0
'@snippyly/plugin,1.0.246,35,D,UNVERIFIED_PUBLISH_PATH,2,489,v0.2.0
svg-loaders,0.2.0,15,F,UNVERIFIED_PUBLISH_PATH|DORMANT|SINGLE_MAINTAINER,1,489,v0.2.0
'@fontsource/ruda,5.3.0,81,B,,2,488,v0.2.0
'@fontsource/allerta-stencil,5.3.0,81,B,,2,487,v0.2.0
'@wix/auto_sdk_events_orders,1.0.68,30,F,UNVERIFIED_PUBLISH_PATH,12,487,v0.2.0
'@blotoutio/providers-evo-search-sdk,1.63.3,25,F,UNVERIFIED_PUBLISH_PATH|SINGLE_MAINTAINER,1,486,v0.2.0
'@fontsource/pridi,5.3.0,81,B,,2,486,v0.2.0
'@fontsource/patrick-hand-sc,5.3.0,81,B,,2,485,v0.2.0
bootstrap-grid,3.0.1,19,F,UNVERIFIED_PUBLISH_PATH|DORMANT|SINGLE_MAINTAINER,1,485,v0.2.0
fontisto,3.0.4,14,F,UNVERIFIED_PUBLISH_PATH|DORMANT|SINGLE_MAINTAINER,1,485,v0.2.0
'@wix/auto_sdk_events_notifications,1.0.78,30,F,UNVERIFIED_PUBLISH_PATH,12,483,v0.2.0
'@wix/auto_sdk_events_schedule-bookmarks,1.0.37,30,F,UNVERIFIED_PUBLISH_PATH,12,483,v0.2.0
marquee3000,1.1.1,19,F,UNVERIFIED_PUBLISH_PATH|DORMANT|SINGLE_MAINTAINER,1,483,v0.2.0
mealz-components,3.0.0,30,F,UNVERIFIED_PUBLISH_PATH|PUBLISHER_NOT_MAINTAINER,3,483,v0.2.0
'@chinese-fonts/xiaolai,3.0.0,20,F,UNVERIFIED_PUBLISH_PATH|SINGLE_MAINTAINER,1,482,v0.2.0
'@fontsource/gudea,5.3.0,81,B,,2,482,v0.2.0
canvas2image,1.0.5,19,F,UNVERIFIED_PUBLISH_PATH|DORMANT|SINGLE_MAINTAINER,1,482,v0.2.0
web-pingjs,1.0.1,19,F,UNVERIFIED_PUBLISH_PATH|DORMANT|SINGLE_MAINTAINER,1,481,v0.2.0
'@fontsource/sriracha,5.3.0,81,B,,2,480,v0.2.0
jquery-bez,1.0.11,19,F,UNVERIFIED_PUBLISH_PATH|DORMANT|SINGLE_MAINTAINER,1,479,v0.2.0
'@fontsource/iceland,5.3.0,81,B,,2,477,v0.2.0
'@inlang/plugin-i18next,6.2.3,82,B,,2,477,v0.2.0
leanplum-sdk,1.14.0,25,F,UNVERIFIED_PUBLISH_PATH|SINGLE_MAINTAINER,1,477,v0.2.0
svg-pan-zoom-container,0.6.1,19,F,UNVERIFIED_PUBLISH_PATH|DORMANT|SINGLE_MAINTAINER,1,477,v0.2.0
'@fontsource/crete-round,5.3.0,81,B,,2,476,v0.2.0
vueinview,1.0.7,19,F,UNVERIFIED_PUBLISH_PATH|DORMANT|SINGLE_MAINTAINER,1,476,v0.2.0
'@easydarwin/easyplayer,5.1.6,21,F,UNVERIFIED_PUBLISH_PATH|SINGLE_MAINTAINER,1,475,v0.2.0
'@mangopay/vault-sdk,1.5.1,35,D,UNVERIFIED_PUBLISH_PATH,3,475,v0.2.0
'@wix/auto_sdk_events_staff-members,1.0.52,30,F,UNVERIFIED_PUBLISH_PATH,12,475,v0.2.0
countdowntimer,2.0.1,19,F,UNVERIFIED_PUBLISH_PATH|DORMANT|SINGLE_MAINTAINER,1,473,v0.2.0
pure-web-bottom-sheet,1.0.0,73,B,SINGLE_MAINTAINER,1,473,v0.2.0
'@sezzle/sezzle-static-widget,3.2.6,35,D,UNVERIFIED_PUBLISH_PATH,5,472,v0.2.0
jquery-uniform,2.2.2,19,F,UNVERIFIED_PUBLISH_PATH|DORMANT|SINGLE_MAINTAINER,1,472,v0.2.0
docsify-sidebar-collapse,1.3.5,19,F,UNVERIFIED_PUBLISH_PATH|DORMANT|SINGLE_MAINTAINER,1,471,v0.2.0
'@fontsource/boogaloo,5.3.0,81,B,,2,470,v0.2.0
'@tesseract.js-data/heb,1.0.0,19,F,UNVERIFIED_PUBLISH_PATH|DORMANT|SINGLE_MAINTAINER,1,470,v0.2.0
'@wix/auto_sdk_events_policies,1.0.49,30,F,UNVERIFIED_PUBLISH_PATH,12,470,v0.2.0
'@desivocal/agents-cdn,1.0.21,35,D,UNVERIFIED_PUBLISH_PATH,2,469,v0.2.0
'@digital-realty/ix-drawer,1.3.6,35,D,UNVERIFIED_PUBLISH_PATH,4,469,v0.2.0
'@fontsource/martel-sans,5.3.0,81,B,,2,468,v0.2.0
'@fontsource-variable/nokora,5.3.0,81,B,,2,467,v0.2.0
'@blotoutio/providers-pinterest-sdk,1.63.3,25,F,UNVERIFIED_PUBLISH_PATH|SINGLE_MAINTAINER,1,466,v0.2.0
'@fontsource/electrolize,5.3.0,81,B,,2,466,v0.2.0
'@fontsource/playfair-display-sc,5.3.0,81,B,,2,465,v0.2.0
'@fontsource-variable/chiron-goround-tc,5.3.0,81,B,,2,464,v0.2.0
'@fontsource/battambang,5.3.0,81,B,,2,464,v0.2.0
'@wix/auto_sdk_events_tickets,1.0.50,30,F,UNVERIFIED_PUBLISH_PATH,12,464,v0.2.0
'@naturacosmeticos/natds-themes,0.84.9,34,F,UNVERIFIED_PUBLISH_PATH,10,463,v0.2.0
'@wix/auto_sdk_events_ticket-definitions,1.0.53,30,F,UNVERIFIED_PUBLISH_PATH,12,463,v0.2.0
'@fontsource/alegreya-sans-sc,5.3.0,81,B,,2,462,v0.2.0
'@fontsource/encode-sans-condensed,5.3.0,81,B,,2,462,v0.2.0
'@fontsource/fahkwang,5.3.0,81,B,,2,462,v0.2.0
'@fontsource/radley,5.3.0,81,B,,2,462,v0.2.0
'@wix/auto_sdk_events_categories,1.0.57,30,F,UNVERIFIED_PUBLISH_PATH,12,461,v0.2.0
imagemapster,1.9.2,19,F,UNVERIFIED_PUBLISH_PATH|DORMANT|SINGLE_MAINTAINER,1,461,v0.2.0
'@fontsource/prosto-one,5.3.0,81,B,,2,460,v0.2.0
scroll-padlock,3.1.0,25,F,UNVERIFIED_PUBLISH_PATH|SINGLE_MAINTAINER,1,460,v0.2.0
'@fontsource/caudex,5.3.0,81,B,,2,459,v0.2.0
'@sneas/telephone,1.1.2,25,F,UNVERIFIED_PUBLISH_PATH|SINGLE_MAINTAINER,1,458,v0.2.0
'@yababay67/svelte-meets-bootstrap-icons,0.0.9,19,F,UNVERIFIED_PUBLISH_PATH|DORMANT|SINGLE_MAINTAINER,1,458,v0.2.0
bootstrap-iconpicker,1.8.2,19,F,UNVERIFIED_PUBLISH_PATH|DORMANT|SINGLE_MAINTAINER,1,457,v0.2.0
jquery.localscroll,2.0.0,19,F,UNVERIFIED_PUBLISH_PATH|DORMANT|SINGLE_MAINTAINER,1,457,v0.2.0
'@fontsource/just-another-hand,5.3.0,81,B,,2,456,v0.2.0
'@fontsource/noticia-text,5.3.0,81,B,,2,456,v0.2.0
float-labels.js,3.3.9,19,F,UNVERIFIED_PUBLISH_PATH|DORMANT|SINGLE_MAINTAINER,1,456,v0.2.0
'@wp-pay/logos,2.3.2,39,D,UNVERIFIED_PUBLISH_PATH,2,455,v0.2.0
charter-webfont,4.1.0,33,F,UNVERIFIED_PUBLISH_PATH|DORMANT,2,454,v0.2.0
tw-city-selector,2.1.2,25,F,UNVERIFIED_PUBLISH_PATH|SINGLE_MAINTAINER,1,454,v0.2.0
'@lemonadejs/signature,5.0.0,21,F,UNVERIFIED_PUBLISH_PATH|SINGLE_MAINTAINER,1,453,v0.2.0
'@wix/auto_sdk_events_rsvp,1.0.44,30,F,UNVERIFIED_PUBLISH_PATH,12,452,v0.2.0
rangeslider-js,3.2.5,19,F,UNVERIFIED_PUBLISH_PATH|DORMANT|SINGLE_MAINTAINER,1,452,v0.2.0
wysihtml,0.6.0-beta1,19,F,UNVERIFIED_PUBLISH_PATH|DORMANT|SINGLE_MAINTAINER,1,452,v0.2.0
'@fontsource/coda,5.3.0,81,B,,2,451,v0.2.0
'@fontsource/uncut-sans,5.3.0,81,B,,2,451,v0.2.0
geolite2-country,1.0.69,73,B,SINGLE_MAINTAINER,1,450,v0.2.0
'@fontsource/alumni-sans,5.3.0,81,B,,2,449,v0.2.0
'@fontsource/carter-one,5.3.0,81,B,,2,449,v0.2.0
disqusjs,3.2.1,58,C,SINGLE_MAINTAINER,1,449,v0.2.0
'@whitesev/pops,4.2.9,16,F,UNVERIFIED_PUBLISH_PATH|SINGLE_MAINTAINER,1,448,v0.2.0
'@fontsource/alef,5.3.0,81,B,,2,447,v0.2.0
'@fontsource/sansation,5.3.0,81,B,,2,447,v0.2.0
'@fontsource/song-myung,5.3.0,81,B,,2,447,v0.2.0
'@tech-leads-club/skills-catalog,0.16.0,69,C,INCONSISTENT_PUBLISH_PATH|SINGLE_MAINTAINER,1,447,v0.2.0
jssor-slider,28.0.0,19,F,UNVERIFIED_PUBLISH_PATH|DORMANT|SINGLE_MAINTAINER,1,447,v0.2.0
'@digital-realty/ix-dialog,1.3.4,35,D,UNVERIFIED_PUBLISH_PATH,4,446,v0.2.0
'@fontsource/alegreya-sc,5.3.0,81,B,,2,446,v0.2.0
'@digital-realty/ix-file-uploader,1.3.5,35,D,UNVERIFIED_PUBLISH_PATH,4,444,v0.2.0
'@emdgroup-liquid/liquid,5.15.0,45,D,UNVERIFIED_PUBLISH_PATH,2,444,v0.2.0
'@nysds/components,1.19.3,39,D,UNVERIFIED_PUBLISH_PATH,3,443,v0.2.0
'@pwabuilder/pwaupdate,0.2.1,29,F,UNVERIFIED_PUBLISH_PATH|DORMANT,3,443,v0.2.0
leaflet-ajax,2.1.0,19,F,UNVERIFIED_PUBLISH_PATH|DORMANT|SINGLE_MAINTAINER,1,443,v0.2.0
happy-inputs,2.1.0,19,F,UNVERIFIED_PUBLISH_PATH|DORMANT|SINGLE_MAINTAINER,1,442,v0.2.0
'@loophq/onstore-sdk,1.5.16,35,D,UNVERIFIED_PUBLISH_PATH,17,441,v0.2.0
leaflet-snap,0.0.4,19,F,UNVERIFIED_PUBLISH_PATH|DORMANT|SINGLE_MAINTAINER,1,441,v0.2.0
'@digital-realty/grid,1.2.3,39,D,UNVERIFIED_PUBLISH_PATH,4,440,v0.2.0
'@digital-realty/ix-button,3.5.6,35,D,UNVERIFIED_PUBLISH_PATH,4,440,v0.2.0
'@digital-realty/ix-menu,1.3.4,35,D,UNVERIFIED_PUBLISH_PATH,4,440,v0.2.0
'@digital-realty/ix-date,1.3.4,35,D,UNVERIFIED_PUBLISH_PATH,4,439,v0.2.0
country-region-selector,1.0.0,19,F,UNVERIFIED_PUBLISH_PATH|DORMANT|SINGLE_MAINTAINER,1,439,v0.2.0
read-smore,2.5.1,19,F,UNVERIFIED_PUBLISH_PATH|DORMANT|SINGLE_MAINTAINER,1,439,v0.2.0
'@digital-realty/ix-account-switcher,1.3.9,35,D,UNVERIFIED_PUBLISH_PATH,4,438,v0.2.0
marketplacepos,6.29.1,21,F,UNVERIFIED_PUBLISH_PATH|SINGLE_MAINTAINER,1,438,v0.2.0
'@fontsource/aboreto,5.3.0,81,B,,2,437,v0.2.0
'@fontsource/sansita,5.3.0,81,B,,2,437,v0.2.0
'@digital-realty/ix-app-logic,2.1.7,35,D,UNVERIFIED_PUBLISH_PATH,4,436,v0.2.0
lxgw-wenkai-tc-webfont,1.2.0,19,F,UNVERIFIED_PUBLISH_PATH|DORMANT|SINGLE_MAINTAINER,1,436,v0.2.0
magnify,2.3.3,19,F,UNVERIFIED_PUBLISH_PATH|DORMANT|SINGLE_MAINTAINER,1,436,v0.2.0
md5-js,0.0.3,19,F,UNVERIFIED_PUBLISH_PATH|DORMANT|SINGLE_MAINTAINER,1,436,v0.2.0
'@mesh-interactive/mesh-sdk,0.4.1,35,D,UNVERIFIED_PUBLISH_PATH,3,434,v0.2.0
'@dearhive/dearflip-jquery-flipbook,1.7.3,19,F,UNVERIFIED_PUBLISH_PATH|DORMANT|SINGLE_MAINTAINER,1,433,v0.2.0
'@fontsource/new-rocker,5.3.0,81,B,,2,432,v0.2.0
scrollcue,2.0.0,19,F,UNVERIFIED_PUBLISH_PATH|DORMANT|SINGLE_MAINTAINER,1,432,v0.2.0
'@moveo-ai/web-client,0.107.0,39,D,UNVERIFIED_PUBLISH_PATH,3,431,v0.2.0
'@oiz/stzh-components,4.14.0,35,D,UNVERIFIED_PUBLISH_PATH,3,431,v0.2.0
mixpanel-lite,1.6.0,19,F,UNVERIFIED_PUBLISH_PATH|DORMANT|SINGLE_MAINTAINER,1,431,v0.2.0
'@fontsource/news-cycle,5.3.0,81,B,,2,429,v0.2.0
angular-ui-router-title,0.1.1,19,F,UNVERIFIED_PUBLISH_PATH|DORMANT|SINGLE_MAINTAINER,1,428,v0.2.0
jquery-selectric,0.2.0,10,F,UNVERIFIED_PUBLISH_PATH|DORMANT|SINGLE_MAINTAINER,1,428,v0.2.0
'@digital-realty/ix-select,1.3.4,35,D,UNVERIFIED_PUBLISH_PATH,4,427,v0.2.0
'@banksapitechnology/embeddable-finance-web-components,1.9.1,16,F,UNVERIFIED_PUBLISH_PATH|SINGLE_MAINTAINER,1,426,v0.2.0
easytimer,1.1.3,15,F,UNVERIFIED_PUBLISH_PATH|DORMANT|SINGLE_MAINTAINER|DEPRECATED,1,426,v0.2.0
luna-console,1.3.6,25,F,UNVERIFIED_PUBLISH_PATH|SINGLE_MAINTAINER,1,426,v0.2.0
'@digital-realty/ix-progress,1.4.4,35,D,UNVERIFIED_PUBLISH_PATH,4,425,v0.2.0
'@fontsource/advent-pro,5.3.0,81,B,,2,425,v0.2.0
slidebars,2.0.2,15,F,UNVERIFIED_PUBLISH_PATH|DORMANT|SINGLE_MAINTAINER,1,425,v0.2.0
'@fontsource/kosugi,5.3.0,81,B,,2,424,v0.2.0
'@fontsource/playball,5.3.0,81,B,,2,424,v0.2.0
dynamsoft-document-normalizer,2.6.11,10,F,UNVERIFIED_PUBLISH_PATH|DORMANT|SINGLE_MAINTAINER|DEPRECATED,1,424,v0.2.0
prebid-universal-creative,1.18.0,25,F,UNVERIFIED_PUBLISH_PATH|SINGLE_MAINTAINER,1,424,v0.2.0
'@clappr/core,0.13.2,39,D,UNVERIFIED_PUBLISH_PATH,9,423,v0.2.0
'@opuu/inview,2.3.1,25,F,UNVERIFIED_PUBLISH_PATH|SINGLE_MAINTAINER,1,423,v0.2.0
xchange-rates,2026.5.19,25,F,UNVERIFIED_PUBLISH_PATH|SINGLE_MAINTAINER,1,423,v0.2.0
'@digital-realty/ix-field,1.3.4,35,D,UNVERIFIED_PUBLISH_PATH,4,422,v0.2.0
'@digital-realty/ix-phone-input,2.4.5,35,D,UNVERIFIED_PUBLISH_PATH,4,422,v0.2.0
'@recogito/annotorious-selector-pack,0.6.1,33,F,UNVERIFIED_PUBLISH_PATH|DORMANT,3,422,v0.2.0
mescroll.js,1.4.2,14,F,UNVERIFIED_PUBLISH_PATH|DORMANT|SINGLE_MAINTAINER,1,422,v0.2.0
'@coopdigital/foundations,1.9.1,39,D,UNVERIFIED_PUBLISH_PATH,4,421,v0.2.0
'@fontsource/proza-libre,5.3.0,81,B,,2,421,v0.2.0
'@blotoutio/providers-shop-gpt-sdk,1.63.3,25,F,UNVERIFIED_PUBLISH_PATH|SINGLE_MAINTAINER,1,420,v0.2.0
cn-fontsource-source-han-sans-sc-vf,1.0.10,19,F,UNVERIFIED_PUBLISH_PATH|DORMANT|SINGLE_MAINTAINER,1,420,v0.2.0
oauthio-web,0.6.2,33,F,UNVERIFIED_PUBLISH_PATH|DORMANT,2,420,v0.2.0
'@live-codes/browser-compilers,0.22.10,25,F,UNVERIFIED_PUBLISH_PATH|SINGLE_MAINTAINER,1,419,v0.2.0
layui-src,2.6.8,19,F,UNVERIFIED_PUBLISH_PATH|DORMANT|SINGLE_MAINTAINER|DEPRECATED,1,419,v0.2.0
wonder-image,2.1.1-alpha.3,21,F,UNVERIFIED_PUBLISH_PATH|SINGLE_MAINTAINER,1,419,v0.2.0
'@safepassage/sdk,3.5.3,39,D,UNVERIFIED_PUBLISH_PATH,2,418,v0.2.0
angularjs-toast,4.0.1,14,F,UNVERIFIED_PUBLISH_PATH|DORMANT|SINGLE_MAINTAINER,1,418,v0.2.0
anypicker,2.0.9,33,F,UNVERIFIED_PUBLISH_PATH|DORMANT,2,418,v0.2.0
'@digital-realty/ix-tooltip,1.3.4,35,D,UNVERIFIED_PUBLISH_PATH,4,417,v0.2.0
slick-animation,0.3.3,19,F,UNVERIFIED_PUBLISH_PATH|DORMANT|SINGLE_MAINTAINER,1,417,v0.2.0
reveal.js-menu,2.1.0,19,F,UNVERIFIED_PUBLISH_PATH|DORMANT|SINGLE_MAINTAINER,1,414,v0.2.0
cn-fontsource-lxgw-wen-kai-gb-screen,1.0.6,19,F,UNVERIFIED_PUBLISH_PATH|DORMANT|SINGLE_MAINTAINER,1,413,v0.2.0
jqdoublescroll,1.0.0,19,F,UNVERIFIED_PUBLISH_PATH|DORMANT|SINGLE_MAINTAINER,1,413,v0.2.0
luna-dom-viewer,1.8.4,63,C,SINGLE_MAINTAINER,1,413,v0.2.0
'@digital-realty/ix-switch,2.4.4,35,D,UNVERIFIED_PUBLISH_PATH,4,412,v0.2.0
'@digital-realty/ix-textbox,2.4.5,35,D,UNVERIFIED_PUBLISH_PATH,4,412,v0.2.0
'@postnord/pn-marketweb-components,4.5.0,35,D,UNVERIFIED_PUBLISH_PATH,4,412,v0.2.0
xrblocks,0.18.0,87,A,,2,412,v0.2.0
'@tagadapay/plugin-sdk,4.1.0,34,F,UNVERIFIED_PUBLISH_PATH,4,411,v0.2.0
'@wix/auto_sdk_automations_action-catalog,1.0.56,30,F,UNVERIFIED_PUBLISH_PATH,12,411,v0.2.0
lxgw-wenkai-screen-web,1.522.0,73,B,SINGLE_MAINTAINER,1,411,v0.2.0
'@mdi/light-font,0.2.63,33,F,UNVERIFIED_PUBLISH_PATH|DORMANT,6,410,v0.2.0
dynamsoft-document-scanner,1.5.0,58,C,INCONSISTENT_PUBLISH_PATH|SINGLE_MAINTAINER,1,410,v0.2.0
'@hawk.so/browser,3.4.0,25,F,UNVERIFIED_PUBLISH_PATH|SINGLE_MAINTAINER,1,409,v0.2.0
bootstrap-responsive-tabs,2.0.3,19,F,UNVERIFIED_PUBLISH_PATH|DORMANT|SINGLE_MAINTAINER,1,409,v0.2.0
validate-js,2.0.1,19,F,UNVERIFIED_PUBLISH_PATH|DORMANT|SINGLE_MAINTAINER,1,409,v0.2.0
basictable,2.0.5,19,F,UNVERIFIED_PUBLISH_PATH|DORMANT|SINGLE_MAINTAINER,1,408,v0.2.0
'@fontsource/arima,5.3.0,81,B,,2,407,v0.2.0
'@spw-ds/spw-stencil-library,1.17.1,35,D,UNVERIFIED_PUBLISH_PATH,2,406,v0.2.0
bondage-club-mod-sdk,1.2.0,14,F,UNVERIFIED_PUBLISH_PATH|DORMANT|SINGLE_MAINTAINER,1,406,v0.2.0
locuszoom,0.14.0,33,F,UNVERIFIED_PUBLISH_PATH|DORMANT,3,406,v0.2.0
sidr,2.2.1,19,F,UNVERIFIED_PUBLISH_PATH|DORMANT|SINGLE_MAINTAINER,1,406,v0.2.0
'@uoguelph/web-components,2.1.2,39,D,UNVERIFIED_PUBLISH_PATH,5,405,v0.2.0
'@digital-realty/ix-date-next,1.2.4,35,D,UNVERIFIED_PUBLISH_PATH,4,404,v0.2.0
'@digital-realty/ix-tree,3.4.8,35,D,UNVERIFIED_PUBLISH_PATH,4,404,v0.2.0
'@letscooee/web-sdk,14.8.13,39,D,UNVERIFIED_PUBLISH_PATH,3,404,v0.2.0
snapdom,0.1.2,19,F,UNVERIFIED_PUBLISH_PATH|DORMANT|SINGLE_MAINTAINER,1,404,v0.2.0
'@digital-realty/ix-radio,1.3.4,35,D,UNVERIFIED_PUBLISH_PATH,4,402,v0.2.0
'@fontsource/rocknroll-one,5.3.0,81,B,,2,402,v0.2.0
'@wix/auto_sdk_automations_activations,1.0.137,30,F,UNVERIFIED_PUBLISH_PATH,12,402,v0.2.0
'@fontsource/faustina,5.3.0,81,B,,2,401,v0.2.0
'@fontsource/playfair,5.3.0,81,B,,2,401,v0.2.0
barba.js,1.0.0,19,F,UNVERIFIED_PUBLISH_PATH|DORMANT|SINGLE_MAINTAINER,1,401,v0.2.0
ng-notify,0.7.1,19,F,UNVERIFIED_PUBLISH_PATH|DORMANT|SINGLE_MAINTAINER,1,400,v0.2.0
'@fontsource/pathway-gothic-one,5.3.0,81,B,,2,399,v0.2.0
'@alpine-collective/toolkit,1.0.2,15,F,UNVERIFIED_PUBLISH_PATH|DORMANT|SINGLE_MAINTAINER,1,398,v0.2.0
'@mui-symbols-material/w500,0.4.1,14,F,UNVERIFIED_PUBLISH_PATH|DORMANT|SINGLE_MAINTAINER,1,398,v0.2.0
'@shinsenter/defer.js,3.9.0,25,F,UNVERIFIED_PUBLISH_PATH|SINGLE_MAINTAINER,1,397,v0.2.0
bulib-wc,0.1.59,33,F,UNVERIFIED_PUBLISH_PATH|DORMANT,4,397,v0.2.0
kutty,0.6.0,19,F,UNVERIFIED_PUBLISH_PATH|DORMANT|SINGLE_MAINTAINER,1,397,v0.2.0
poppins-font,1.0.1,19,F,UNVERIFIED_PUBLISH_PATH|DORMANT|SINGLE_MAINTAINER|DEPRECATED,1,397,v0.2.0
'@fontsource/tiro-devanagari-hindi,5.3.0,81,B,,2,396,v0.2.0
'@malga/tokenization,2.3.0,27,F,UNVERIFIED_PUBLISH_PATH|SINGLE_MAINTAINER,1,396,v0.2.0
bootstrap-dark-5,1.1.3,14,F,UNVERIFIED_PUBLISH_PATH|DORMANT|SINGLE_MAINTAINER|PUBLISHER_NOT_MAINTAINER|DEPRECATED,1,396,v0.2.0
mw-fonts,0.0.2,10,F,UNVERIFIED_PUBLISH_PATH|DORMANT|SINGLE_MAINTAINER,1,396,v0.2.0
videojs-contextmenu-ui,7.0.0,24,F,UNVERIFIED_PUBLISH_PATH|DORMANT|PUBLISHER_NOT_MAINTAINER,84,396,v0.2.0
'@fontsource/unica-one,5.3.0,81,B,,2,395,v0.2.0
'@calumk/editorjs-paragraph-linebreakable,1.0.0,15,F,UNVERIFIED_PUBLISH_PATH|DORMANT|SINGLE_MAINTAINER,1,394,v0.2.0
'@dadata/suggestions,26.3.0,25,F,UNVERIFIED_PUBLISH_PATH|SINGLE_MAINTAINER,1,392,v0.2.0
'@fontsource/antic,5.3.0,81,B,,2,392,v0.2.0
'@fontsource/harmattan,5.3.0,81,B,,2,390,v0.2.0
'@headwai/chat-bubble,8.4.0,87,A,,2,390,v0.2.0
react-client-captcha,1.0.3,19,F,UNVERIFIED_PUBLISH_PATH|DORMANT|SINGLE_MAINTAINER,1,390,v0.2.0
round-flag-icons,1.3.0,19,F,UNVERIFIED_PUBLISH_PATH|DORMANT|SINGLE_MAINTAINER,1,390,v0.2.0
'@blotoutio/providers-blotout-wallet-sdk,1.63.3,25,F,UNVERIFIED_PUBLISH_PATH|SINGLE_MAINTAINER,1,389,v0.2.0
'@fontsource/lusitana,5.3.0,81,B,,2,389,v0.2.0
'@snowplow/browser-plugin-focalmeter,4.8.4,39,D,UNVERIFIED_PUBLISH_PATH,3,389,v0.2.0
editorjs-layout,1.2.5,19,F,UNVERIFIED_PUBLISH_PATH|DORMANT|SINGLE_MAINTAINER,1,388,v0.2.0
jquery-ui-datepicker-with-i18n,1.10.4,25,F,UNVERIFIED_PUBLISH_PATH|DORMANT|SINGLE_MAINTAINER,1,388,v0.2.0
'@fontsource/anek-bangla,5.3.0,81,B,,2,387,v0.2.0
'@fontsource/ubuntu-condensed,5.3.0,81,B,,2,387,v0.2.0
'@fontsource/capriola,5.3.0,81,B,,2,386,v0.2.0
vanilla-infinite-marquee,1.0.15,25,F,UNVERIFIED_PUBLISH_PATH|SINGLE_MAINTAINER,1,386,v0.2.0
analytics-client,3.2.0,58,C,INCONSISTENT_PUBLISH_PATH|SINGLE_MAINTAINER,1,385,v0.2.0
'@8thwall/xrextras,1.0.0,39,D,UNVERIFIED_PUBLISH_PATH,2,384,v0.2.0
'@fontsource-variable/noto-emoji,5.3.0,81,B,,2,383,v0.2.0
'@fontsource/tiro-bangla,5.3.0,81,B,,2,383,v0.2.0
'@nasa-terra/components,0.0.194,39,D,UNVERIFIED_PUBLISH_PATH,3,383,v0.2.0
jquery-shinybox,5.1.0,28,F,UNVERIFIED_PUBLISH_PATH|DORMANT|PUBLISHER_NOT_MAINTAINER,7,383,v0.2.0
'@tacc/core-styles,2.57.3,39,D,UNVERIFIED_PUBLISH_PATH,2,382,v0.2.0
'@fontsource/josefin-slab,5.3.0,81,B,,2,381,v0.2.0
'@fontsource/quattrocento-sans,5.3.0,81,B,,2,381,v0.2.0
'@fontsource/ovo,5.3.0,81,B,,2,380,v0.2.0
mergn-webapp-sdk,1.0.280,35,D,UNVERIFIED_PUBLISH_PATH,4,380,v0.2.0
'@fontsource/viga,5.3.0,81,B,,2,379,v0.2.0
'@pine-ds/icons,10.0.0,32,F,UNVERIFIED_PUBLISH_PATH|SINGLE_MAINTAINER,1,379,v0.2.0
font-awesome-5-css,5.4.1,10,F,UNVERIFIED_PUBLISH_PATH|DORMANT|SINGLE_MAINTAINER,1,379,v0.2.0
map-gl-style-switcher,0.10.1,63,C,INCONSISTENT_PUBLISH_PATH|SINGLE_MAINTAINER,1,379,v0.2.0
sakura.css,1.5.1,25,F,UNVERIFIED_PUBLISH_PATH|SINGLE_MAINTAINER,1,379,v0.2.0
'@sableclient/twemoji-font,1.0.4,87,A,,3,378,v0.2.0
'@wix/auto_sdk_automations_automations-service,1.0.64,30,F,UNVERIFIED_PUBLISH_PATH,12,378,v0.2.0
'@wix/auto_sdk_automations_trigger-catalog,1.0.60,30,F,UNVERIFIED_PUBLISH_PATH,12,378,v0.2.0
'@fontsource/glegoo,5.3.0,81,B,,2,377,v0.2.0
'@fontsource/voces,5.3.0,81,B,,2,377,v0.2.0
live2d-widget-model-wanko,1.0.5,28,F,UNVERIFIED_PUBLISH_PATH|DORMANT,2,377,v0.2.0
'@digital-realty/ix-checkbox,1.4.5,35,D,UNVERIFIED_PUBLISH_PATH,4,376,v0.2.0
'@wix/auto_sdk_automations_activation-action-log,1.0.32,30,F,UNVERIFIED_PUBLISH_PATH,12,376,v0.2.0
tailwindcss-cdn,3.4.10,19,F,UNVERIFIED_PUBLISH_PATH|DORMANT|SINGLE_MAINTAINER,1,376,v0.2.0
'@fontsource/inria-sans,5.3.0,81,B,,2,375,v0.2.0
truelayer-web-sdk,0.11.0,30,F,UNVERIFIED_PUBLISH_PATH,2,374,v0.2.0
'@wix/auto_sdk_automations_activation-action-summary,1.0.21,30,F,UNVERIFIED_PUBLISH_PATH,12,373,v0.2.0
'@wix/auto_sdk_automations_activation-log,1.0.53,30,F,UNVERIFIED_PUBLISH_PATH,12,373,v0.2.0
baffle,0.3.6,19,F,UNVERIFIED_PUBLISH_PATH|DORMANT|SINGLE_MAINTAINER,1,373,v0.2.0
jquery.steps,1.1.4,19,F,UNVERIFIED_PUBLISH_PATH|DORMANT|SINGLE_MAINTAINER,1,373,v0.2.0
'@blotoutio/providers-blotout-consent-sdk,1.63.3,25,F,UNVERIFIED_PUBLISH_PATH|SINGLE_MAINTAINER,1,372,v0.2.0
'@digital-realty/ix-toast,1.3.5,35,D,UNVERIFIED_PUBLISH_PATH,4,372,v0.2.0
'@fontsource/ibarra-real-nova,5.3.0,81,B,,2,371,v0.2.0
guidechimp,5.0.5,79,B,SINGLE_MAINTAINER,1,371,v0.2.0
'@fontsource/kaisei-tokumin,5.3.0,81,B,,2,370,v0.2.0
'@novastar/native,2.2.1,25,F,UNVERIFIED_PUBLISH_PATH|SINGLE_MAINTAINER,1,370,v0.2.0
ngbootbox,0.2.0,19,F,UNVERIFIED_PUBLISH_PATH|DORMANT|SINGLE_MAINTAINER,1,370,v0.2.0
'@wix/auto_sdk_automations_custom-trigger,1.0.29,30,F,UNVERIFIED_PUBLISH_PATH,12,369,v0.2.0
stimulus-photoswipe,5.1.1,14,F,UNVERIFIED_PUBLISH_PATH|DORMANT|SINGLE_MAINTAINER,1,369,v0.2.0
'@fontsource/dongle,5.3.0,81,B,,2,367,v0.2.0
dejavu-sans,1.0.0,19,F,UNVERIFIED_PUBLISH_PATH|DORMANT|SINGLE_MAINTAINER,1,367,v0.2.0
menuspy,1.3.0,19,F,UNVERIFIED_PUBLISH_PATH|DORMANT|SINGLE_MAINTAINER,1,366,v0.2.0
social-share.js,1.0.16,14,F,UNVERIFIED_PUBLISH_PATH|DORMANT|SINGLE_MAINTAINER|PUBLISHER_NOT_MAINTAINER,1,366,v0.2.0
'@fontsource/arizonia,5.3.0,81,B,,2,365,v0.2.0
'@fastwork/turbine-theme,2.0.3,35,D,UNVERIFIED_PUBLISH_PATH,2,364,v0.2.0
'@fontsource/alatsi,5.3.0,81,B,,2,364,v0.2.0
jquery-wheelcolorpicker,3.0.9,19,F,UNVERIFIED_PUBLISH_PATH|DORMANT|SINGLE_MAINTAINER,1,364,v0.2.0
open-sans-all,0.1.3,19,F,UNVERIFIED_PUBLISH_PATH|DORMANT|SINGLE_MAINTAINER,1,363,v0.2.0
jquery-storelocator-plugin,3.4.0,19,F,UNVERIFIED_PUBLISH_PATH|DORMANT|SINGLE_MAINTAINER,1,362,v0.2.0
tooltipster-follower,0.1.5,19,F,UNVERIFIED_PUBLISH_PATH|DORMANT|SINGLE_MAINTAINER,1,362,v0.2.0
x-mega-menu,1.4.1,33,F,UNVERIFIED_PUBLISH_PATH|DORMANT,2,362,v0.2.0
'@iconify-json/fontisto,1.2.1,15,F,UNVERIFIED_PUBLISH_PATH|DORMANT|SINGLE_MAINTAINER,1,361,v0.2.0
'@scouterna/ui-webc,4.5.1,68,C,SINGLE_MAINTAINER,1,361,v0.2.0
chartist-plugin-accessibility,0.0.5,19,F,UNVERIFIED_PUBLISH_PATH|DORMANT|SINGLE_MAINTAINER,1,361,v0.2.0
'@digital-realty/ix-divider,1.3.4,35,D,UNVERIFIED_PUBLISH_PATH,4,360,v0.2.0
'@fontsource/mirza,5.3.0,81,B,,2,360,v0.2.0
blacklight-hierarchy,6.9.0,39,D,UNVERIFIED_PUBLISH_PATH,3,360,v0.2.0
jqgrid,4.6.4,10,F,UNVERIFIED_PUBLISH_PATH|DORMANT|SINGLE_MAINTAINER,1,360,v0.2.0
'@creativecommons/vocabulary,2020.11.3,30,F,UNVERIFIED_PUBLISH_PATH|DORMANT|PUBLISHER_NOT_MAINTAINER,4,359,v0.2.0
'@digital-realty/ix-label-tag,2.4.4,35,D,UNVERIFIED_PUBLISH_PATH,4,359,v0.2.0
leaflet-pip,1.1.0,21,F,UNVERIFIED_PUBLISH_PATH|DORMANT|SINGLE_MAINTAINER|PUBLISHER_NOT_MAINTAINER|DEPRECATED,1,359,v0.2.0
'@fontsource/iansui,5.3.0,81,B,,2,357,v0.2.0
'@nanoporetech-digital/components,8.23.10,35,D,UNVERIFIED_PUBLISH_PATH,4,357,v0.2.0
'@fontsource/playwrite-us-trad,5.3.0,81,B,,2,356,v0.2.0
yasgui-yasqe,2.11.22,19,F,UNVERIFIED_PUBLISH_PATH|DORMANT|SINGLE_MAINTAINER|DEPRECATED,1,356,v0.2.0
'@commversion/libs,0.18.13,21,F,UNVERIFIED_PUBLISH_PATH|SINGLE_MAINTAINER,1,355,v0.2.0
'@geocodeearth/autocomplete-element,0.8.0,39,D,UNVERIFIED_PUBLISH_PATH,3,355,v0.2.0
'@wix/auto_sdk_events_ticket-reservations,1.0.50,30,F,UNVERIFIED_PUBLISH_PATH,12,355,v0.2.0
'@adalong/widget,7.14.5,21,F,UNVERIFIED_PUBLISH_PATH|SINGLE_MAINTAINER,1,354,v0.2.0
'@ip-location-db/geo-whois-asn-country-mmdb,2.3.2026061719,68,C,SINGLE_MAINTAINER,1,353,v0.2.0
docs-searchbar.js,2.5.0,33,F,UNVERIFIED_PUBLISH_PATH|DORMANT,4,353,v0.2.0
'@govtechsg/sgds-masthead,0.0.20,28,F,UNVERIFIED_PUBLISH_PATH|DORMANT|DEPRECATED,14,352,v0.2.0
'@fontsource/licorice,5.3.0,81,B,,2,351,v0.2.0
'@fontsource/petrona,5.3.0,81,B,,2,351,v0.2.0
datatables-buttons-excel-styles,1.2.0,19,F,UNVERIFIED_PUBLISH_PATH|DORMANT|SINGLE_MAINTAINER,1,351,v0.2.0
treeviz,3.0.1,19,F,UNVERIFIED_PUBLISH_PATH|DORMANT|SINGLE_MAINTAINER,1,351,v0.2.0
'@fontsource/aclonica,5.3.0,81,B,,2,349,v0.2.0
revslider,5.4.201-8.6,19,F,UNVERIFIED_PUBLISH_PATH|DORMANT|SINGLE_MAINTAINER,1,349,v0.2.0
'@almacareer/cookie-consent-manager,3.1.0,34,F,UNVERIFIED_PUBLISH_PATH|DEPRECATED,2,348,v0.2.0
chinese-lunar-calendar,1.0.1,19,F,UNVERIFIED_PUBLISH_PATH|DORMANT|SINGLE_MAINTAINER,1,348,v0.2.0
jtippy,1.7.2,19,F,UNVERIFIED_PUBLISH_PATH|DORMANT|SINGLE_MAINTAINER,1,348,v0.2.0
v-resizable,0.0.14,19,F,UNVERIFIED_PUBLISH_PATH|DORMANT|SINGLE_MAINTAINER,1,348,v0.2.0
noto-sans-kr-font,0.0.6,19,F,UNVERIFIED_PUBLISH_PATH|DORMANT|SINGLE_MAINTAINER,1,347,v0.2.0
'@feedmepos/mf-common,1.29.23,30,F,UNVERIFIED_PUBLISH_PATH,3,345,v0.2.0
'@fontsource/georama,5.3.0,81,B,,2,345,v0.2.0
'@fontsource/maitree,5.3.0,81,B,,2,345,v0.2.0
'@master/css-runtime,2.0.0-rc.67,76,B,,2,345,v0.2.0
'@politiet/sheriff-icons,2.1.0,35,D,UNVERIFIED_PUBLISH_PATH,2,345,v0.2.0
'@pine-ds/core,3.26.4,74,B,SINGLE_MAINTAINER|BRANCH_REQUIRES_PR,1,344,v0.2.0
'@fontsource/noto-serif-sinhala,5.3.0,81,B,,2,343,v0.2.0
'@hackmd/emojify.js,3.0.2,39,D,UNVERIFIED_PUBLISH_PATH,3,343,v0.2.0
'@fontsource/amita,5.3.0,81,B,,2,342,v0.2.0
'@fontsource/bakbak-one,5.3.0,81,B,,2,342,v0.2.0
hw-chartjs-plugin-colorschemes,0.6.5,19,F,UNVERIFIED_PUBLISH_PATH|DORMANT|SINGLE_MAINTAINER,1,342,v0.2.0
halfmoon,2.0.2,19,F,UNVERIFIED_PUBLISH_PATH|DORMANT|SINGLE_MAINTAINER,1,341,v0.2.0
'@fontsource/cormorant-upright,5.3.0,81,B,,2,340,v0.2.0
'@optionfactory/ful,7.0.5,25,F,UNVERIFIED_PUBLISH_PATH|SINGLE_MAINTAINER,1,340,v0.2.0
'@snackbar/core,1.7.0,19,F,UNVERIFIED_PUBLISH_PATH|DORMANT|SINGLE_MAINTAINER,1,340,v0.2.0
inview,0.0.15,19,F,UNVERIFIED_PUBLISH_PATH|DORMANT|SINGLE_MAINTAINER,1,340,v0.2.0
umd-react,19.2.7,73,B,SINGLE_MAINTAINER,1,340,v0.2.0
'@sukka/react-icons-all-files,4.4.0,15,F,UNVERIFIED_PUBLISH_PATH|DORMANT|SINGLE_MAINTAINER,1,339,v0.2.0
'@truex/ad-renderer,1.12.7,21,F,UNVERIFIED_PUBLISH_PATH|SINGLE_MAINTAINER,1,339,v0.2.0
'@fontsource/comforter,5.3.0,81,B,,2,338,v0.2.0
'@stlite/browser,1.8.1,68,C,SINGLE_MAINTAINER,1,337,v0.2.0
inputmask.phone,1.0.5,19,F,UNVERIFIED_PUBLISH_PATH|DORMANT|SINGLE_MAINTAINER,1,337,v0.2.0
jquery-1.10.2,1.10.2,10,F,UNVERIFIED_PUBLISH_PATH|DORMANT|SINGLE_MAINTAINER,1,337,v0.2.0
'@fontsource/dseg7-classic-mini,5.3.0,81,B,,2,336,v0.2.0
range-slider-element,2.2.0,25,F,UNVERIFIED_PUBLISH_PATH|SINGLE_MAINTAINER,1,336,v0.2.0
visitdata,1.3.2,19,F,UNVERIFIED_PUBLISH_PATH|DORMANT|SINGLE_MAINTAINER,1,336,v0.2.0
goodshare.js,6.3.0,19,F,UNVERIFIED_PUBLISH_PATH|DORMANT|SINGLE_MAINTAINER,1,335,v0.2.0
jquery-drilldown,1.1.2,14,F,UNVERIFIED_PUBLISH_PATH|DORMANT|SINGLE_MAINTAINER|PUBLISHER_NOT_MAINTAINER,1,335,v0.2.0
jquery-form-styler,2.0.2,19,F,UNVERIFIED_PUBLISH_PATH|DORMANT|SINGLE_MAINTAINER,1,335,v0.2.0
jquery-viewer,1.0.1,19,F,UNVERIFIED_PUBLISH_PATH|DORMANT|SINGLE_MAINTAINER,1,335,v0.2.0
jquery.reel,1.3.1,19,F,UNVERIFIED_PUBLISH_PATH|DORMANT|SINGLE_MAINTAINER,1,335,v0.2.0
'@fontsource/mukta-vaani,5.3.0,81,B,,2,334,v0.2.0
litepicker-polyfills-ie11,0.0.1,19,F,UNVERIFIED_PUBLISH_PATH|DORMANT|SINGLE_MAINTAINER,1,333,v0.2.0
'@fontsource/signika-negative,5.3.0,81,B,,2,332,v0.2.0
wanted-sans,1.0.3,19,F,UNVERIFIED_PUBLISH_PATH|DORMANT|SINGLE_MAINTAINER,1,332,v0.2.0
'@grubersjoe/slide-menu,1.2.3,19,F,UNVERIFIED_PUBLISH_PATH|DORMANT|SINGLE_MAINTAINER|DEPRECATED,1,331,v0.2.0
'@fontsource/arapey,5.3.0,81,B,,2,330,v0.2.0
'@fontsource/hammersmith-one,5.3.0,81,B,,2,330,v0.2.0
'@fontsource/sarala,5.3.0,81,B,,2,330,v0.2.0
'@unidy.io/sdk,1.9.0,77,B,INCONSISTENT_PUBLISH_PATH,6,330,v0.2.0
'@fontsource/poor-story,5.3.0,81,B,,2,329,v0.2.0
'@iconify-json/cryptocurrency,1.2.3,21,F,UNVERIFIED_PUBLISH_PATH|SINGLE_MAINTAINER,1,329,v0.2.0
card-js,1.0.13,19,F,UNVERIFIED_PUBLISH_PATH|DORMANT|SINGLE_MAINTAINER,1,329,v0.2.0
typecho-joe-next,7.3.6,15,F,UNVERIFIED_PUBLISH_PATH|DORMANT|SINGLE_MAINTAINER,1,329,v0.2.0
'@fontsource/big-shoulders-text,5.3.0,81,B,,2,327,v0.2.0
'@fontsource/bilbo-swash-caps,5.3.0,81,B,,2,327,v0.2.0
'@fontsource/chocolate-classical-sans,5.3.0,81,B,,2,327,v0.2.0
'@ip-location-db/asn-mmdb,2.3.2026061719,68,C,SINGLE_MAINTAINER,1,327,v0.2.0
'@fontsource/ribeye,5.3.0,81,B,,2,326,v0.2.0
'@fontsource/gruppo,5.3.0,81,B,,2,325,v0.2.0
alpinejs-masonry,1.0.16,15,F,UNVERIFIED_PUBLISH_PATH|DORMANT|SINGLE_MAINTAINER,1,325,v0.2.0
imagelightbox,3.1.1,70,B,SINGLE_MAINTAINER,1,325,v0.2.0
jquery-ui-monthpicker,1.0.3,19,F,UNVERIFIED_PUBLISH_PATH|DORMANT|SINGLE_MAINTAINER,1,325,v0.2.0
jquery.toc,0.4.0,19,F,UNVERIFIED_PUBLISH_PATH|DORMANT|SINGLE_MAINTAINER,1,325,v0.2.0
leaflet-control-custom,1.0.0,19,F,UNVERIFIED_PUBLISH_PATH|DORMANT|SINGLE_MAINTAINER,1,325,v0.2.0
'@froomle/frontend-sdk,0.6.4,16,F,UNVERIFIED_PUBLISH_PATH|SINGLE_MAINTAINER|PUBLISHER_NOT_MAINTAINER,1,324,v0.2.0
siimple,4.4.0,25,F,UNVERIFIED_PUBLISH_PATH|SINGLE_MAINTAINER,1,324,v0.2.0
'@fontsource/arbutus-slab,5.3.0,81,B,,2,323,v0.2.0
'@fontsource/benchnine,5.3.0,81,B,,2,323,v0.2.0
'@fontsource/love-ya-like-a-sister,5.3.0,81,B,,2,323,v0.2.0
'@fontsource/manjari,5.3.0,81,B,,2,323,v0.2.0
'@fontsource/suranna,5.3.0,81,B,,2,323,v0.2.0
hyperclayjs,1.36.0,25,F,UNVERIFIED_PUBLISH_PATH|SINGLE_MAINTAINER,1,323,v0.2.0
'@ip-location-db/geo-whois-asn-country,2.3.2026061719,58,C,INCONSISTENT_PUBLISH_PATH|SINGLE_MAINTAINER,1,322,v0.2.0
jquery-cron,1.0.0,14,F,UNVERIFIED_PUBLISH_PATH|DORMANT|SINGLE_MAINTAINER,1,322,v0.2.0
'@fontsource/kufam,5.3.0,81,B,,2,321,v0.2.0
'@fontsource/noto-serif-kannada,5.3.0,81,B,,2,321,v0.2.0
'@8wave/ai-elements,0.93.0,21,F,UNVERIFIED_PUBLISH_PATH|SINGLE_MAINTAINER,1,320,v0.2.0
pinch-zoom-element-js,1.1.2,19,F,UNVERIFIED_PUBLISH_PATH|DORMANT|SINGLE_MAINTAINER,1,320,v0.2.0
wot-design,2.4.1,33,F,UNVERIFIED_PUBLISH_PATH|DORMANT,8,320,v0.2.0
'@rededor/cura,2.0.0-alpha.16,35,D,UNVERIFIED_PUBLISH_PATH,15,319,v0.2.0
jquery-emoji-picker,0.2.2,19,F,UNVERIFIED_PUBLISH_PATH|DORMANT|SINGLE_MAINTAINER,1,319,v0.2.0
'@wewear/web-components,1.0.107,21,F,UNVERIFIED_PUBLISH_PATH|SINGLE_MAINTAINER,1,318,v0.2.0
semantic-ui-dimmer,2.5.0,19,F,UNVERIFIED_PUBLISH_PATH|DORMANT|SINGLE_MAINTAINER,1,318,v0.2.0
'@orbitellabs/chatbot-sdk,2.0.4,21,F,UNVERIFIED_PUBLISH_PATH|SINGLE_MAINTAINER,1,317,v0.2.0
'@depict-ai/utilishared,2.6.6,35,D,UNVERIFIED_PUBLISH_PATH,2,316,v0.2.0
'@fontsource/alike,5.3.0,81,B,,2,316,v0.2.0
'@fontsource/anek-gujarati,5.3.0,81,B,,2,316,v0.2.0
'@fontsource/inika,5.3.0,81,B,,2,316,v0.2.0
elegant-icons,0.0.1,19,F,UNVERIFIED_PUBLISH_PATH|DORMANT|SINGLE_MAINTAINER,1,316,v0.2.0
hc-offcanvas-nav,6.2.5,25,F,UNVERIFIED_PUBLISH_PATH|SINGLE_MAINTAINER,1,316,v0.2.0
protip,1.4.21,14,F,UNVERIFIED_PUBLISH_PATH|DORMANT|SINGLE_MAINTAINER|PUBLISHER_NOT_MAINTAINER,1,316,v0.2.0
'@fontsource/big-shoulders-inline-text,5.3.0,81,B,,2,315,v0.2.0
artyom.js,1.0.6,19,F,UNVERIFIED_PUBLISH_PATH|DORMANT|SINGLE_MAINTAINER,1,315,v0.2.0
'@fontsource/niramit,5.3.0,81,B,,2,314,v0.2.0
'@fontsource-variable/hahmlet,5.3.0,81,B,,2,313,v0.2.0
a11y-toggle,2.1.0,14,F,UNVERIFIED_PUBLISH_PATH|DORMANT|SINGLE_MAINTAINER|PUBLISHER_NOT_MAINTAINER,1,313,v0.2.0
'@ideal-postcodes/postcode-lookup-bundled,3.0.7,40,D,UNVERIFIED_PUBLISH_PATH,2,311,v0.2.0
v-google-translate,1.0.1,19,F,UNVERIFIED_PUBLISH_PATH|DORMANT|SINGLE_MAINTAINER,1,311,v0.2.0
'@fontsource/amarante,5.3.0,81,B,,2,310,v0.2.0
'@fontsource/holtwood-one-sc,5.3.0,81,B,,2,310,v0.2.0
'@kissflow/lowcode-client-sdk,1.0.49,41,D,UNVERIFIED_PUBLISH_PATH,2,310,v0.2.0
'@coopdigital/foundations-forms,5.6.10,39,D,UNVERIFIED_PUBLISH_PATH,4,309,v0.2.0
'@fontsource/gluten,5.3.0,81,B,,2,309,v0.2.0
'@fontsource/khmer,5.3.0,81,B,,2,309,v0.2.0
'@coopdigital/foundations-buttons,2.7.14,39,D,UNVERIFIED_PUBLISH_PATH,4,308,v0.2.0
'@fontsource/averia-sans-libre,5.3.0,81,B,,2,308,v0.2.0
'@fontsource/henny-penny,5.3.0,81,B,,2,308,v0.2.0
beerslider,1.0.3,19,F,UNVERIFIED_PUBLISH_PATH|DORMANT|SINGLE_MAINTAINER,1,307,v0.2.0
ibm-appconfiguration-js-client-sdk,0.3.0,25,F,UNVERIFIED_PUBLISH_PATH|SINGLE_MAINTAINER,1,307,v0.2.0
jquery-gray,1.7.0,19,F,UNVERIFIED_PUBLISH_PATH|DORMANT|SINGLE_MAINTAINER,1,306,v0.2.0
videojs-watermark,2.0.0,33,F,UNVERIFIED_PUBLISH_PATH|DORMANT,3,306,v0.2.0
'@fontsource/antic-didone,5.3.0,81,B,,2,305,v0.2.0
'@fontsource/dangrek,5.3.0,81,B,,2,305,v0.2.0
'@commercelayer/drop-in.js,2.27.0,82,B,,2,304,v0.2.0
'@plattar/plattar-ar-adapter,2.7.3,87,A,,2,304,v0.2.0
bulma-tagsinput,2.0.0,9,F,UNVERIFIED_PUBLISH_PATH|DORMANT|SINGLE_MAINTAINER|PUBLISHER_NOT_MAINTAINER,1,304,v0.2.0
'@fontsource/manuale,5.3.0,81,B,,2,303,v0.2.0
'@fontsource/mukta-malar,5.3.0,81,B,,2,303,v0.2.0
'@mate-academy/sourcebuster,1.5.2,16,F,UNVERIFIED_PUBLISH_PATH|SINGLE_MAINTAINER,1,303,v0.2.0
html-midi-player,1.6.0,25,F,UNVERIFIED_PUBLISH_PATH|SINGLE_MAINTAINER,1,303,v0.2.0
'@deriv-com/webflow-plugins,1.1.3,21,F,UNVERIFIED_PUBLISH_PATH|SINGLE_MAINTAINER,1,302,v0.2.0
'@foxreis/tizentube,1.14.6,25,F,UNVERIFIED_PUBLISH_PATH|SINGLE_MAINTAINER,1,302,v0.2.0
'@fontsource/mallanna,5.3.0,81,B,,2,301,v0.2.0
bootstrap-colorselector,0.1.0,19,F,UNVERIFIED_PUBLISH_PATH|DORMANT|SINGLE_MAINTAINER,1,301,v0.2.0
'@fontsource/alkatra,5.3.0,81,B,,2,300,v0.2.0
'@fontsource/kameron,5.3.0,81,B,,2,300,v0.2.0
ddslick,1.0.3,14,F,UNVERIFIED_PUBLISH_PATH|DORMANT|SINGLE_MAINTAINER|PUBLISHER_NOT_MAINTAINER,1,300,v0.2.0
'@picmo/renderer-twemoji,5.8.5,19,F,UNVERIFIED_PUBLISH_PATH|DORMANT|SINGLE_MAINTAINER|DEPRECATED,1,299,v0.2.0
symbol-es6,0.1.2,19,F,UNVERIFIED_PUBLISH_PATH|DORMANT|SINGLE_MAINTAINER,1,299,v0.2.0
'@telegram.ts/types,1.29.2,20,F,UNVERIFIED_PUBLISH_PATH|SINGLE_MAINTAINER,1,298,v0.2.0
jquery.mb.ytplayer,3.4.6,25,F,UNVERIFIED_PUBLISH_PATH|SINGLE_MAINTAINER,1,298,v0.2.0
jquery_lazyload,1.9.3,19,F,UNVERIFIED_PUBLISH_PATH|DORMANT|SINGLE_MAINTAINER,1,298,v0.2.0
'@watergis/mapbox-gl-export,3.6.1,20,F,UNVERIFIED_PUBLISH_PATH|SINGLE_MAINTAINER,1,297,v0.2.0
devicons,2.0.1,63,C,INCONSISTENT_PUBLISH_PATH|SINGLE_MAINTAINER,1,297,v0.2.0
maximize-select2-height,1.0.4,19,F,UNVERIFIED_PUBLISH_PATH|DORMANT|SINGLE_MAINTAINER,1,297,v0.2.0
select-woo,1.0.1,14,F,UNVERIFIED_PUBLISH_PATH|DORMANT|SINGLE_MAINTAINER,1,297,v0.2.0
sgds-govtech,1.3.23,33,F,UNVERIFIED_PUBLISH_PATH|DORMANT,4,297,v0.2.0
'@depict-ai/dpc,2.6.10,35,D,UNVERIFIED_PUBLISH_PATH,2,296,v0.2.0
'@fontsource/allerta,5.3.0,81,B,,2,296,v0.2.0
'@fontsource/lxgw-wenkai-mono-tc,5.3.0,81,B,,2,296,v0.2.0
bytebrew-web-sdk,1.0.1,15,F,UNVERIFIED_PUBLISH_PATH|DORMANT|SINGLE_MAINTAINER,1,296,v0.2.0
futura-font,1.0.0,19,F,UNVERIFIED_PUBLISH_PATH|DORMANT|SINGLE_MAINTAINER,1,296,v0.2.0
'@fontsource/pontano-sans,5.3.0,81,B,,2,295,v0.2.0
van11y-accessible-tab-panel-aria,2.1.0,21,F,UNVERIFIED_PUBLISH_PATH|SINGLE_MAINTAINER,1,295,v0.2.0
'@fontsource/mandali,5.3.0,81,B,,2,294,v0.2.0
froala-editor-paragraph-format-extended-plugin,0.2.0,19,F,UNVERIFIED_PUBLISH_PATH|DORMANT|SINGLE_MAINTAINER,1,294,v0.2.0
layuicdns,1.6.4,25,F,UNVERIFIED_PUBLISH_PATH|SINGLE_MAINTAINER,1,294,v0.2.0
selectivizr,1.0.3,19,F,UNVERIFIED_PUBLISH_PATH|DORMANT|SINGLE_MAINTAINER,1,294,v0.2.0
'@digital-realty/ix-accordion,1.2.4,35,D,UNVERIFIED_PUBLISH_PATH,4,293,v0.2.0
'@fontsource/nobile,5.3.0,81,B,,2,292,v0.2.0
material-scrolltop,2.0.1,19,F,UNVERIFIED_PUBLISH_PATH|DORMANT|SINGLE_MAINTAINER,1,292,v0.2.0
'@lmc-eu/cookie-consent-manager,2.6.0,14,F,UNVERIFIED_PUBLISH_PATH|DORMANT|SINGLE_MAINTAINER,1,291,v0.2.0
'@aurodesignsystem/auro-nav,4.1.1,89,A,,8,290,v0.2.0
'@cdek-it/widget,3.11.1,39,D,UNVERIFIED_PUBLISH_PATH|DORMANT|BRANCH_REQUIRES_SIGNATURES|BRANCH_REQUIRES_PR,3,290,v0.2.0
three-js,79.0.0,19,F,UNVERIFIED_PUBLISH_PATH|DORMANT|SINGLE_MAINTAINER|DEPRECATED,1,288,v0.2.0
'@fontsource/rambla,5.3.0,81,B,,2,287,v0.2.0
'@fontsource/dorsa,5.3.0,81,B,,2,286,v0.2.0
'@fontsource/yeon-sung,5.3.0,81,B,,2,286,v0.2.0
'@fontsource/antic-slab,5.3.0,81,B,,2,285,v0.2.0
gotham-fonts,1.0.3,10,F,UNVERIFIED_PUBLISH_PATH|DORMANT|SINGLE_MAINTAINER,1,285,v0.2.0
'@fontsource/bentham,5.3.0,81,B,,2,284,v0.2.0
'@fontsource/coustard,5.3.0,81,B,,2,284,v0.2.0
'@fontsource/koh-santepheap,5.3.0,81,B,,2,284,v0.2.0
gidx-js,0.6.3,25,F,UNVERIFIED_PUBLISH_PATH|SINGLE_MAINTAINER,1,283,v0.2.0
sakana-widget,3.0.1,25,F,UNVERIFIED_PUBLISH_PATH|SINGLE_MAINTAINER,1,282,v0.2.0
'@wix/headless-events,0.0.66,30,F,UNVERIFIED_PUBLISH_PATH,6,281,v0.2.0
litepicker-module-ranges,0.0.4,19,F,UNVERIFIED_PUBLISH_PATH|DORMANT|SINGLE_MAINTAINER|DEPRECATED,1,281,v0.2.0
'@fontsource/anek-kannada,5.3.0,81,B,,2,280,v0.2.0
mc-datepicker,0.6.5,19,F,UNVERIFIED_PUBLISH_PATH|DORMANT|SINGLE_MAINTAINER,1,280,v0.2.0
'@fontsource/cambo,5.3.0,81,B,,2,279,v0.2.0
'@tripetto/studio,4.0.1,29,F,UNVERIFIED_PUBLISH_PATH|DORMANT,3,279,v0.2.0
file-drop-element,1.0.1,19,F,UNVERIFIED_PUBLISH_PATH|DORMANT|SINGLE_MAINTAINER,1,279,v0.2.0
'@johanaarstein/dotlottie-player,1.5.23,19,F,UNVERIFIED_PUBLISH_PATH|DORMANT|SINGLE_MAINTAINER|DEPRECATED,1,278,v0.2.0
biel-search,0.1.83,25,F,UNVERIFIED_PUBLISH_PATH|SINGLE_MAINTAINER,1,278,v0.2.0
'@fontsource/nuosu-sil,5.3.0,81,B,,2,277,v0.2.0
'@fontsource/rosario,5.3.0,81,B,,2,277,v0.2.0
jquery.initialize,1.3.2,33,F,UNVERIFIED_PUBLISH_PATH|DORMANT,2,277,v0.2.0
'@fontsource/belgrano,5.3.0,81,B,,2,276,v0.2.0
'@fontsource/cantata-one,5.3.0,81,B,,2,276,v0.2.0
'@digital-realty/ix-email-list,1.4.4,35,D,UNVERIFIED_PUBLISH_PATH,4,275,v0.2.0
'@fontsource/sintony,5.3.0,81,B,,2,275,v0.2.0
'@fontsource/ysabeau,5.3.0,81,B,,2,275,v0.2.0
'@managed-api/jira-cloud-v3-core,3.7.0,30,F,UNVERIFIED_PUBLISH_PATH,9,274,v0.2.0
opencc-data,1.4.1,77,B,INCONSISTENT_PUBLISH_PATH,3,274,v0.2.0
'@fontsource/zen-antique,5.3.0,81,B,,2,273,v0.2.0
'@kvass/widgets,1.10.3,39,D,UNVERIFIED_PUBLISH_PATH,2,273,v0.2.0
live2d-widgets,1.0.1,25,F,UNVERIFIED_PUBLISH_PATH|SINGLE_MAINTAINER,1,273,v0.2.0
sticky-scroller,0.4.0,33,F,UNVERIFIED_PUBLISH_PATH|DORMANT,2,273,v0.2.0
'@fontsource/amethysta,5.3.0,81,B,,2,272,v0.2.0
'@fontsource/train-one,5.3.0,81,B,,2,272,v0.2.0
'@fontsource/chiron-goround-tc,5.3.0,81,B,,2,270,v0.2.0
ractive-transitions-fly,0.3.0,19,F,UNVERIFIED_PUBLISH_PATH|DORMANT|SINGLE_MAINTAINER,1,270,v0.2.0
vue-snack,0.1.4,19,F,UNVERIFIED_PUBLISH_PATH|DORMANT|SINGLE_MAINTAINER,1,270,v0.2.0
'@fontsource/ropa-sans,5.3.0,81,B,,2,268,v0.2.0
'@fontsource/stylish,5.3.0,81,B,,2,268,v0.2.0
cdnbye,1.22.1,19,F,UNVERIFIED_PUBLISH_PATH|DORMANT|SINGLE_MAINTAINER,1,268,v0.2.0
simple-jekyll-search,1.10.0,19,F,UNVERIFIED_PUBLISH_PATH|DORMANT|SINGLE_MAINTAINER,1,268,v0.2.0
'@algolia/algoliasearch-netlify-frontend,1.0.15,28,F,UNVERIFIED_PUBLISH_PATH|DORMANT|PUBLISHER_NOT_MAINTAINER,11,267,v0.2.0
'@axa-ch/patterns-library-polyfill,3.0.1,28,F,UNVERIFIED_PUBLISH_PATH|DORMANT|PUBLISHER_NOT_MAINTAINER|DEPRECATED,5,267,v0.2.0
'@flussonic/flussonic-mse-player,26.4.0-2-ga9c7672,20,F,UNVERIFIED_PUBLISH_PATH|SINGLE_MAINTAINER,1,267,v0.2.0
'@fontsource/salsa,5.3.0,81,B,,2,267,v0.2.0
ai-taxonomist,0.7.0,33,F,UNVERIFIED_PUBLISH_PATH|DORMANT,4,267,v0.2.0
'@digital-realty/ix-multi-select,1.3.5,35,D,UNVERIFIED_PUBLISH_PATH,4,266,v0.2.0
'@ekyc_qoobiss/qbs-ect-cmp,5.7.0,35,D,UNVERIFIED_PUBLISH_PATH,3,266,v0.2.0
'@fontsource/palanquin-dark,5.3.0,81,B,,2,266,v0.2.0
jupyter-threejs,2.4.1,33,F,UNVERIFIED_PUBLISH_PATH|DORMANT,3,266,v0.2.0
'@digital-realty/ix-chip,1.3.4,35,D,UNVERIFIED_PUBLISH_PATH,4,265,v0.2.0
'@digital-realty/ix-filter-select,1.3.5,35,D,UNVERIFIED_PUBLISH_PATH,4,265,v0.2.0
owlcarousel,1.3.3,19,F,UNVERIFIED_PUBLISH_PATH|DORMANT|SINGLE_MAINTAINER,1,265,v0.2.0
'@finsweet/attributes,2.7.1,82,B,BRANCH_REQUIRES_PR,2,264,v0.2.0
akar-icons-fonts,1.1.22,19,F,UNVERIFIED_PUBLISH_PATH|DORMANT|SINGLE_MAINTAINER,1,263,v0.2.0
mt-boost,1.0.46,10,F,UNVERIFIED_PUBLISH_PATH|DORMANT|SINGLE_MAINTAINER,1,263,v0.2.0
share-buttons,1.10.0,25,F,UNVERIFIED_PUBLISH_PATH|SINGLE_MAINTAINER,1,262,v0.2.0
tempusdominus-bootstrap,5.37.0,19,F,UNVERIFIED_PUBLISH_PATH|DORMANT|SINGLE_MAINTAINER,1,262,v0.2.0
'@fontsource/milonga,5.3.0,81,B,,2,261,v0.2.0
'@tesseract.js-data/osd,1.0.0,19,F,UNVERIFIED_PUBLISH_PATH|DORMANT|SINGLE_MAINTAINER,1,261,v0.2.0
webcrypto-jwt,0.2.2,19,F,UNVERIFIED_PUBLISH_PATH|DORMANT|SINGLE_MAINTAINER,1,261,v0.2.0
'@digital-realty/ix-time,1.3.4,35,D,UNVERIFIED_PUBLISH_PATH,4,260,v0.2.0
'@icon/dashicons,0.9.0-alpha.4,33,F,UNVERIFIED_PUBLISH_PATH|DORMANT,2,259,v0.2.0
'@vidstack/cdn,1.15.4,25,F,UNVERIFIED_PUBLISH_PATH|SINGLE_MAINTAINER,1,259,v0.2.0
echarts-map,3.0.1,14,F,UNVERIFIED_PUBLISH_PATH|DORMANT|SINGLE_MAINTAINER,1,259,v0.2.0
'@fontsource/shippori-antique-b1,5.3.0,81,B,,2,258,v0.2.0
gifffer,1.5.4,19,F,UNVERIFIED_PUBLISH_PATH|DORMANT|SINGLE_MAINTAINER,1,258,v0.2.0
'@digital-realty/ix-wizard,1.3.6,35,D,UNVERIFIED_PUBLISH_PATH,4,257,v0.2.0
rasa-webchat,1.0.1,33,F,UNVERIFIED_PUBLISH_PATH|DORMANT,2,257,v0.2.0
'@clappr/hlsjs-playback,1.9.4,39,D,UNVERIFIED_PUBLISH_PATH,9,256,v0.2.0
'@digital-realty/ix-tabs,1.3.4,35,D,UNVERIFIED_PUBLISH_PATH,4,256,v0.2.0
'@fontsource/mina,5.3.0,81,B,,2,256,v0.2.0
ripplet.js,1.1.0,19,F,UNVERIFIED_PUBLISH_PATH|DORMANT|SINGLE_MAINTAINER,1,256,v0.2.0
'@denali-design/icons,1.2.1,33,F,UNVERIFIED_PUBLISH_PATH|DORMANT,4,255,v0.2.0
jquery-qrcode2,0.17.0,19,F,UNVERIFIED_PUBLISH_PATH|DORMANT|SINGLE_MAINTAINER,1,255,v0.2.0
'@bikematrix/web-components,1.3.16,39,D,UNVERIFIED_PUBLISH_PATH,3,253,v0.2.0
'@fontsource/trochut,5.3.0,81,B,,2,253,v0.2.0
'@lobehub/webfont-harmony-sans-sc,1.0.0,33,F,UNVERIFIED_PUBLISH_PATH|DORMANT,9,253,v0.2.0
powered-ad-config,0.1.107,35,D,UNVERIFIED_PUBLISH_PATH,2,253,v0.2.0
'@adobe/helix-rum-enhancer,2.49.0,87,A,,31,251,v0.2.0
'@chatvolt/embeds,4.3.16,25,F,UNVERIFIED_PUBLISH_PATH|SINGLE_MAINTAINER,1,251,v0.2.0
'@fontsource/peralta,5.3.0,81,B,,2,251,v0.2.0
cn-fontsource-alimama-dong-fang-da-kai-regular,1.0.3,19,F,UNVERIFIED_PUBLISH_PATH|DORMANT|SINGLE_MAINTAINER,1,249,v0.2.0
'@fontsource/rancho,5.3.0,81,B,,2,248,v0.2.0
'@gcba/obelisco-v2,1.15.0,25,F,UNVERIFIED_PUBLISH_PATH|SINGLE_MAINTAINER,1,248,v0.2.0
kfgqpc-uthmanic-script-hafs-regular,1.0.0,15,F,UNVERIFIED_PUBLISH_PATH|DORMANT|SINGLE_MAINTAINER,1,248,v0.2.0
js-info-bubble,0.8.0,19,F,UNVERIFIED_PUBLISH_PATH|DORMANT|SINGLE_MAINTAINER,1,247,v0.2.0
webstorage-polyfill,1.0.1,14,F,UNVERIFIED_PUBLISH_PATH|DORMANT|SINGLE_MAINTAINER|PUBLISHER_NOT_MAINTAINER,1,247,v0.2.0
'@brainfish-ai/search-widget,0.21.4,30,F,UNVERIFIED_PUBLISH_PATH,4,246,v0.2.0
'@fontsource/phudu,5.3.0,81,B,,2,246,v0.2.0
styletron,3.0.4,14,F,UNVERIFIED_PUBLISH_PATH|DORMANT|SINGLE_MAINTAINER,1,245,v0.2.0
'@fontsource/trocchi,5.3.0,81,B,,2,244,v0.2.0
jquery-table2excel,1.1.1,19,F,UNVERIFIED_PUBLISH_PATH|DORMANT|SINGLE_MAINTAINER,1,244,v0.2.0
'@digital-realty/ix-timer,3.5.4,35,D,UNVERIFIED_PUBLISH_PATH,4,243,v0.2.0
bry-biometric-collector,3.3.6,21,F,UNVERIFIED_PUBLISH_PATH|SINGLE_MAINTAINER,1,243,v0.2.0
jquery-sticky-kit,1.1.3,19,F,UNVERIFIED_PUBLISH_PATH|DORMANT|SINGLE_MAINTAINER,1,241,v0.2.0
theme-toggles,4.10.1,14,F,UNVERIFIED_PUBLISH_PATH|DORMANT|SINGLE_MAINTAINER|DEPRECATED,1,241,v0.2.0
emoogle-emoji-search-engine,1.0.2,19,F,UNVERIFIED_PUBLISH_PATH|DORMANT|SINGLE_MAINTAINER,1,240,v0.2.0
marvinj,1.0.0,19,F,UNVERIFIED_PUBLISH_PATH|DORMANT|SINGLE_MAINTAINER,1,240,v0.2.0
'@3dweb/360javascriptviewer,1.8.58,25,F,UNVERIFIED_PUBLISH_PATH|SINGLE_MAINTAINER,1,239,v0.2.0
mona-sans,1.0.0,14,F,UNVERIFIED_PUBLISH_PATH|DORMANT|SINGLE_MAINTAINER,1,239,v0.2.0
polipop,1.0.0,19,F,UNVERIFIED_PUBLISH_PATH|DORMANT|SINGLE_MAINTAINER,1,239,v0.2.0
'@data-fair/frame,0.18.6,35,D,UNVERIFIED_PUBLISH_PATH,3,238,v0.2.0
'@genpact/genome.mfe.mgtwin-app,1.1.98,21,F,UNVERIFIED_PUBLISH_PATH|SINGLE_MAINTAINER,1,238,v0.2.0
'@inkeep/agents-ui-js-cloud,0.17.6,34,F,UNVERIFIED_PUBLISH_PATH,7,238,v0.2.0
'@recogito/annotorious-toolbar,1.2.1,29,F,UNVERIFIED_PUBLISH_PATH|DORMANT,3,238,v0.2.0
'@ricky0123/vad,0.2.4,15,F,UNVERIFIED_PUBLISH_PATH|DORMANT|SINGLE_MAINTAINER|DEPRECATED,1,237,v0.2.0
single-spa-canopy,3.2.0,39,D,UNVERIFIED_PUBLISH_PATH,12,237,v0.2.0
'@reachfive/identity-ui,1.43.1,71,B,INCONSISTENT_PUBLISH_PATH,3,235,v0.2.0
layui-layer,1.0.9,14,F,UNVERIFIED_PUBLISH_PATH|DORMANT|SINGLE_MAINTAINER,1,235,v0.2.0
rolldate-full,3.2.3,19,F,UNVERIFIED_PUBLISH_PATH|DORMANT|SINGLE_MAINTAINER,1,235,v0.2.0
tinymce-all-in-one,4.9.5,15,F,UNVERIFIED_PUBLISH_PATH|DORMANT|SINGLE_MAINTAINER,1,235,v0.2.0
use-bootstrap-tag,2.2.2,14,F,UNVERIFIED_PUBLISH_PATH|DORMANT|SINGLE_MAINTAINER,1,235,v0.2.0
'@wf-financing/ui,5.5.1,16,F,UNVERIFIED_PUBLISH_PATH|SINGLE_MAINTAINER,1,233,v0.2.0
shuffle-text,0.6.0,25,F,UNVERIFIED_PUBLISH_PATH|SINGLE_MAINTAINER,1,233,v0.2.0
40phaser,1.1.1,14,F,UNVERIFIED_PUBLISH_PATH|DORMANT|SINGLE_MAINTAINER|PUBLISHER_NOT_MAINTAINER,1,232,v0.2.0
'@stlite/mountable,0.75.0,14,F,UNVERIFIED_PUBLISH_PATH|DORMANT|SINGLE_MAINTAINER|DEPRECATED,1,232,v0.2.0
jqplot,1.0.9,10,F,UNVERIFIED_PUBLISH_PATH|DORMANT|SINGLE_MAINTAINER,1,232,v0.2.0
responsive-tabs,1.6.3,19,F,UNVERIFIED_PUBLISH_PATH|DORMANT|SINGLE_MAINTAINER,1,231,v0.2.0
hemfixarna-web-components,1.8.23,35,D,UNVERIFIED_PUBLISH_PATH,3,230,v0.2.0
hi-base64,0.5.0,25,F,UNVERIFIED_PUBLISH_PATH|SINGLE_MAINTAINER,1,230,v0.2.0
leaflet.pancontrol,1.0.0,33,F,UNVERIFIED_PUBLISH_PATH|DORMANT,3,230,v0.2.0
vanilla-hcaptcha,1.0.3,15,F,UNVERIFIED_PUBLISH_PATH|DORMANT|SINGLE_MAINTAINER,1,230,v0.2.0
nimbbl_sonic,6.2.0,21,F,UNVERIFIED_PUBLISH_PATH|SINGLE_MAINTAINER,1,229,v0.2.0
wheelzoom,4.0.1,19,F,UNVERIFIED_PUBLISH_PATH|DORMANT|SINGLE_MAINTAINER,1,229,v0.2.0
'@lobehub/fluent-emoji-flat,1.1.0,33,F,UNVERIFIED_PUBLISH_PATH|DORMANT,9,227,v0.2.0
'@tesseract.js-data/hin,1.0.0,19,F,UNVERIFIED_PUBLISH_PATH|DORMANT|SINGLE_MAINTAINER,1,227,v0.2.0
jquery-multiselect-checkbox,3.13.0,19,F,UNVERIFIED_PUBLISH_PATH|DORMANT|SINGLE_MAINTAINER,1,227,v0.2.0
'@fontsource/adlam-display,5.3.0,81,B,,2,226,v0.2.0
'@fontsource/lxgw-marker-gothic,5.3.0,81,B,,2,225,v0.2.0
'@formbird/angular-elements,8.5.7,35,D,UNVERIFIED_PUBLISH_PATH,17,224,v0.2.0
'@openfonts/noto-sans-sc_chinese-simplified,1.44.9,14,F,UNVERIFIED_PUBLISH_PATH|DORMANT|SINGLE_MAINTAINER,1,224,v0.2.0
ckeditor-full,4.7.3,20,F,UNVERIFIED_PUBLISH_PATH|DORMANT|SINGLE_MAINTAINER,1,224,v0.2.0
'@aws/amazon-location-client,1.3.2,94,A,,4,223,v0.2.0
css-browser-selector,0.6.5,19,F,UNVERIFIED_PUBLISH_PATH|DORMANT|SINGLE_MAINTAINER,1,223,v0.2.0
playerx,1.0.6,19,F,UNVERIFIED_PUBLISH_PATH|DORMANT|SINGLE_MAINTAINER,1,222,v0.2.0
reveal.js-plugins,4.6.0,25,F,UNVERIFIED_PUBLISH_PATH|SINGLE_MAINTAINER,1,222,v0.2.0
dripicons,2.0.0,14,F,UNVERIFIED_PUBLISH_PATH|DORMANT|SINGLE_MAINTAINER|PUBLISHER_NOT_MAINTAINER|DEPRECATED,1,220,v0.2.0
fansunited-widgets-cdn,0.0.105,35,D,UNVERIFIED_PUBLISH_PATH,3,220,v0.2.0
'@tannerhodges/snap-slider,2.0.3,19,F,UNVERIFIED_PUBLISH_PATH|DORMANT|SINGLE_MAINTAINER,1,219,v0.2.0
credit-card-logos,1.0.5,19,F,UNVERIFIED_PUBLISH_PATH|DORMANT|SINGLE_MAINTAINER,1,219,v0.2.0
rolldate,3.1.3,19,F,UNVERIFIED_PUBLISH_PATH|DORMANT|SINGLE_MAINTAINER,1,219,v0.2.0
sofya.transcription,0.0.20,21,F,UNVERIFIED_PUBLISH_PATH|SINGLE_MAINTAINER,1,219,v0.2.0
table2excel,1.0.4,19,F,UNVERIFIED_PUBLISH_PATH|DORMANT|SINGLE_MAINTAINER,1,219,v0.2.0
disableautofill,4.0.0,19,F,UNVERIFIED_PUBLISH_PATH|DORMANT|SINGLE_MAINTAINER,1,218,v0.2.0
docsify-darklight-theme,3.2.0,19,F,UNVERIFIED_PUBLISH_PATH|DORMANT|SINGLE_MAINTAINER,1,218,v0.2.0
lxgw-wenkai-gb-web,1.522.0,73,B,SINGLE_MAINTAINER,1,217,v0.2.0
vast-player,0.2.10,19,F,UNVERIFIED_PUBLISH_PATH|DORMANT|SINGLE_MAINTAINER,1,217,v0.2.0
'@a1rth/css-normalize,1.2.4,25,F,UNVERIFIED_PUBLISH_PATH|SINGLE_MAINTAINER,1,216,v0.2.0
'@contactlab/ds-tokens,3.6.0,39,D,UNVERIFIED_PUBLISH_PATH,6,216,v0.2.0
'@fontsource/akatab,5.3.0,81,B,,2,216,v0.2.0
mapbox-gl-rain-layer,0.9.1,25,F,UNVERIFIED_PUBLISH_PATH|SINGLE_MAINTAINER,1,216,v0.2.0
neffos.js,0.1.34,19,F,UNVERIFIED_PUBLISH_PATH|DORMANT|SINGLE_MAINTAINER,1,216,v0.2.0
'@pie-api/pie-api-components,5.16.1,39,D,UNVERIFIED_PUBLISH_PATH,5,215,v0.2.0
'@tracelog/lib,3.3.2,38,D,UNVERIFIED_PUBLISH_PATH|SINGLE_MAINTAINER,1,215,v0.2.0
denali-icon-font,1.8.0,33,F,UNVERIFIED_PUBLISH_PATH|DORMANT,4,215,v0.2.0
mediabox,1.1.3,19,F,UNVERIFIED_PUBLISH_PATH|DORMANT|SINGLE_MAINTAINER,1,215,v0.2.0
simptip,1.0.4,19,F,UNVERIFIED_PUBLISH_PATH|DORMANT|SINGLE_MAINTAINER,1,215,v0.2.0
'@fontsource/m-plus-u,5.3.0,81,B,,2,214,v0.2.0
'@lemonadejs/studio,5.7.14,25,F,UNVERIFIED_PUBLISH_PATH|SINGLE_MAINTAINER,1,214,v0.2.0
'@thasmo/external-svg-polyfill,3.1.2,19,F,UNVERIFIED_PUBLISH_PATH|DORMANT|SINGLE_MAINTAINER,1,214,v0.2.0
jquery-ui-1-11-4,1.11.4,20,F,UNVERIFIED_PUBLISH_PATH|DORMANT|SINGLE_MAINTAINER|DEPRECATED,1,214,v0.2.0
rozmova-analytics,1.1.56,16,F,UNVERIFIED_PUBLISH_PATH|SINGLE_MAINTAINER,1,214,v0.2.0
sticksy,0.2.0,19,F,UNVERIFIED_PUBLISH_PATH|DORMANT|SINGLE_MAINTAINER,1,214,v0.2.0
'@zanichelli/zanichelli-footer,1.1.1,30,F,UNVERIFIED_PUBLISH_PATH,27,213,v0.2.0
caroufredsel,6.2.1,19,F,UNVERIFIED_PUBLISH_PATH|DORMANT|SINGLE_MAINTAINER,1,213,v0.2.0
'@fractaledmind/dialog-closedby-polyfill,1.2.5,25,F,UNVERIFIED_PUBLISH_PATH|SINGLE_MAINTAINER,1,212,v0.2.0
'@typehaus/metropolis,12.0.0-next.7,28,F,UNVERIFIED_PUBLISH_PATH|DORMANT,2,210,v0.2.0
anzhiyu-theme-static,1.1.10,10,F,UNVERIFIED_PUBLISH_PATH|DORMANT|SINGLE_MAINTAINER,1,210,v0.2.0
table2csv,1.1.6,19,F,UNVERIFIED_PUBLISH_PATH|DORMANT|SINGLE_MAINTAINER,1,209,v0.2.0
'@digital-realty/ui-inventory,11.0.7,30,F,UNVERIFIED_PUBLISH_PATH,4,208,v0.2.0
'@inkeep/cxkit-mintlify,0.5.119,34,F,UNVERIFIED_PUBLISH_PATH,7,208,v0.2.0
eldarion-ajax,0.16.0,19,F,UNVERIFIED_PUBLISH_PATH|DORMANT|SINGLE_MAINTAINER,1,208,v0.2.0
glidejs,2.1.0,19,F,UNVERIFIED_PUBLISH_PATH|DORMANT|SINGLE_MAINTAINER|DEPRECATED,1,208,v0.2.0
jquery-select-areas,0.1.0,19,F,UNVERIFIED_PUBLISH_PATH|DORMANT|SINGLE_MAINTAINER,1,208,v0.2.0
'@ccrpc/webmapgl,0.18.11,35,D,UNVERIFIED_PUBLISH_PATH,4,207,v0.2.0
accessibility-widgets,2.0.14,25,F,UNVERIFIED_PUBLISH_PATH|SINGLE_MAINTAINER,1,207,v0.2.0
siimple-icons,4.4.0,25,F,UNVERIFIED_PUBLISH_PATH|SINGLE_MAINTAINER,1,207,v0.2.0
iframe-lightbox,0.2.12,25,F,UNVERIFIED_PUBLISH_PATH|SINGLE_MAINTAINER,1,206,v0.2.0
knockout-fast-foreach,0.6.0,19,F,UNVERIFIED_PUBLISH_PATH|DORMANT|SINGLE_MAINTAINER,1,206,v0.2.0
'@addresszen/address-lookup,2.3.5,26,F,UNVERIFIED_PUBLISH_PATH|SINGLE_MAINTAINER,1,205,v0.2.0
'@mezereon/ui-shopify,2.0.9,21,F,UNVERIFIED_PUBLISH_PATH|SINGLE_MAINTAINER,1,205,v0.2.0
'@swarmcloud/hls,2.18.0,25,F,UNVERIFIED_PUBLISH_PATH|SINGLE_MAINTAINER,1,205,v0.2.0
'@twind/cdn,1.0.8,21,F,UNVERIFIED_PUBLISH_PATH|DORMANT|SINGLE_MAINTAINER,1,205,v0.2.0
dragtable,2.0.12,15,F,UNVERIFIED_PUBLISH_PATH|DORMANT|SINGLE_MAINTAINER,1,205,v0.2.0
'@observablehq/highlight.js,2.0.0,34,F,UNVERIFIED_PUBLISH_PATH|DORMANT|PUBLISHER_NOT_MAINTAINER,4,204,v0.2.0
dubai-font,1.1.1,19,F,UNVERIFIED_PUBLISH_PATH|DORMANT|SINGLE_MAINTAINER|DEPRECATED,1,204,v0.2.0
'@cgtic-cps/web,1.8.3,20,F,UNVERIFIED_PUBLISH_PATH|SINGLE_MAINTAINER,1,203,v0.2.0
'@materials-elements/core,1.0.2,19,F,UNVERIFIED_PUBLISH_PATH|DORMANT|SINGLE_MAINTAINER,1,203,v0.2.0
'@xiaoyexiang/videojs-resolution-switcher-v7,1.1.9,19,F,UNVERIFIED_PUBLISH_PATH|DORMANT|SINGLE_MAINTAINER,1,203,v0.2.0
chiron-sung-hk-webfont,1.0.24,68,C,SINGLE_MAINTAINER,1,203,v0.2.0
'@fontsource/ar-one-sans,5.3.0,81,B,,2,202,v0.2.0
scroll-carousel,1.2.7,25,F,UNVERIFIED_PUBLISH_PATH|DORMANT|SINGLE_MAINTAINER,1,202,v0.2.0
tempusdominus-bootstrap-3,5.0.0-alpha10,33,F,UNVERIFIED_PUBLISH_PATH|DORMANT,2,202,v0.2.0
'@digital-realty/ix-intraportal-nav,1.3.4,35,D,UNVERIFIED_PUBLISH_PATH,4,201,v0.2.0
'@flasher/flasher,2.2.0,21,F,UNVERIFIED_PUBLISH_PATH|SINGLE_MAINTAINER,1,201,v0.2.0
jquery-clock-timepicker,2.6.6,25,F,UNVERIFIED_PUBLISH_PATH|SINGLE_MAINTAINER,1,201,v0.2.0
'@fontsource/rubik-gemstones,5.3.0,81,B,,2,200,v0.2.0
commonjs-require,1.4.6,19,F,UNVERIFIED_PUBLISH_PATH|DORMANT|SINGLE_MAINTAINER,1,200,v0.2.0
inclusive-dates,0.1.10,19,F,UNVERIFIED_PUBLISH_PATH|DORMANT|SINGLE_MAINTAINER,1,200,v0.2.0
jquery.equalheights,1.5.3,19,F,UNVERIFIED_PUBLISH_PATH|DORMANT|SINGLE_MAINTAINER,1,200,v0.2.0
jsmart,4.0.0,19,F,UNVERIFIED_PUBLISH_PATH|DORMANT|SINGLE_MAINTAINER,1,200,v0.2.0
'@cycjimmy/swiper-animation,6.0.3,19,F,UNVERIFIED_PUBLISH_PATH|DORMANT|SINGLE_MAINTAINER,1,199,v0.2.0
'@feedmepos/mf-remy-panel,0.16.0,30,F,UNVERIFIED_PUBLISH_PATH,3,199,v0.2.0
emoji-button,2.2.2,19,F,UNVERIFIED_PUBLISH_PATH|DORMANT|SINGLE_MAINTAINER|DEPRECATED,1,199,v0.2.0
'@fontpkg/alibaba-pu-hui-ti-3-0,3.1.2,20,F,UNVERIFIED_PUBLISH_PATH|SINGLE_MAINTAINER,1,198,v0.2.0
'@mladenilic/threesixty.js,1.3.0,19,F,UNVERIFIED_PUBLISH_PATH|DORMANT|SINGLE_MAINTAINER,1,198,v0.2.0
jquery-bgiframe,3.0.1,14,F,UNVERIFIED_PUBLISH_PATH|DORMANT|SINGLE_MAINTAINER,1,198,v0.2.0
owl.carousel2.thumbs,0.1.8,19,F,UNVERIFIED_PUBLISH_PATH|DORMANT|SINGLE_MAINTAINER,1,198,v0.2.0
'@whitesev/utils,2.12.2,16,F,UNVERIFIED_PUBLISH_PATH|SINGLE_MAINTAINER,1,197,v0.2.0
typecho_joe_theme,4.4.5,5,F,UNVERIFIED_PUBLISH_PATH|DORMANT|SINGLE_MAINTAINER|PUBLISHER_NOT_MAINTAINER,1,197,v0.2.0
'@newrelic/video-shaka,4.1.3,68,C,SINGLE_MAINTAINER,1,196,v0.2.0
desvg,1.0.2,19,F,UNVERIFIED_PUBLISH_PATH|DORMANT|SINGLE_MAINTAINER,1,196,v0.2.0
use-bootstrap-select,2.2.1,14,F,UNVERIFIED_PUBLISH_PATH|DORMANT|SINGLE_MAINTAINER,1,196,v0.2.0
'@teddy-digital/frontend,2.2.13,39,D,UNVERIFIED_PUBLISH_PATH,3,195,v0.2.0
clappr-playback-rate-plugin,0.7.0,19,F,UNVERIFIED_PUBLISH_PATH|DORMANT|SINGLE_MAINTAINER,1,195,v0.2.0
htmx-ext-path-params,2.0.2,25,F,UNVERIFIED_PUBLISH_PATH|SINGLE_MAINTAINER,1,195,v0.2.0
jquery-connections,1.0.1,19,F,UNVERIFIED_PUBLISH_PATH|DORMANT|SINGLE_MAINTAINER,1,195,v0.2.0
lodash3,3.10.2,39,D,UNVERIFIED_PUBLISH_PATH|DORMANT,3,195,v0.2.0
'@qpokychuk/gilroy,1.0.2,10,F,UNVERIFIED_PUBLISH_PATH|DORMANT|SINGLE_MAINTAINER,1,194,v0.2.0
'@vetixy/circular-std,1.0.0,19,F,UNVERIFIED_PUBLISH_PATH|DORMANT|SINGLE_MAINTAINER,1,194,v0.2.0
vue-custom-range-slider,0.2.3,19,F,UNVERIFIED_PUBLISH_PATH|DORMANT|SINGLE_MAINTAINER,1,194,v0.2.0
hanzi-writer-data-jp,0.0.2,19,F,UNVERIFIED_PUBLISH_PATH|DORMANT|SINGLE_MAINTAINER,1,193,v0.2.0
printthis,0.1.5,19,F,UNVERIFIED_PUBLISH_PATH|DORMANT|SINGLE_MAINTAINER,1,193,v0.2.0
simple-pagination.js,1.6.0,19,F,UNVERIFIED_PUBLISH_PATH|DORMANT|SINGLE_MAINTAINER,1,193,v0.2.0
tripetto-runner-autoscroll,6.1.9,15,F,UNVERIFIED_PUBLISH_PATH|DORMANT|SINGLE_MAINTAINER|DEPRECATED,1,193,v0.2.0
'@europeana/feedback-widget,0.5.5,34,F,UNVERIFIED_PUBLISH_PATH,4,192,v0.2.0
'@sr-connect/jira-cloud,1.5.0,30,F,UNVERIFIED_PUBLISH_PATH,8,192,v0.2.0
'@workco/pannellum-react,1.2.5,33,F,UNVERIFIED_PUBLISH_PATH|DORMANT,5,192,v0.2.0
console-ban,5.0.0,19,F,UNVERIFIED_PUBLISH_PATH|DORMANT|SINGLE_MAINTAINER|DEPRECATED,1,192,v0.2.0
waitme,1.19.0,14,F,UNVERIFIED_PUBLISH_PATH|DORMANT|SINGLE_MAINTAINER,1,192,v0.2.0
'@gentour/dedge-support-agent,1.3.0,21,F,UNVERIFIED_PUBLISH_PATH|SINGLE_MAINTAINER,1,191,v0.2.0
'@nent/core,0.10.8,33,F,UNVERIFIED_PUBLISH_PATH|DORMANT,2,191,v0.2.0
ableplayer,5.0.0,25,F,UNVERIFIED_PUBLISH_PATH|SINGLE_MAINTAINER,1,191,v0.2.0
juxtaposejs,1.1.6,19,F,UNVERIFIED_PUBLISH_PATH|DORMANT|SINGLE_MAINTAINER,1,191,v0.2.0
md5-js-tools,1.0.2,19,F,UNVERIFIED_PUBLISH_PATH|DORMANT|SINGLE_MAINTAINER,1,191,v0.2.0
tc-string-parse,1.3.0,19,F,UNVERIFIED_PUBLISH_PATH|DORMANT|SINGLE_MAINTAINER,1,190,v0.2.0
'@inpageedit/core,0.18.0,68,C,SINGLE_MAINTAINER,1,189,v0.2.0
'@positioner/psk-gallery,1.1.0-15,39,D,UNVERIFIED_PUBLISH_PATH,4,189,v0.2.0
dflip,1.0.0,10,F,UNVERIFIED_PUBLISH_PATH|DORMANT|SINGLE_MAINTAINER,1,189,v0.2.0
findindex_polyfill_mdn,1.0.0,15,F,UNVERIFIED_PUBLISH_PATH|DORMANT|SINGLE_MAINTAINER,1,188,v0.2.0
busy-load,0.1.2,19,F,UNVERIFIED_PUBLISH_PATH|DORMANT|SINGLE_MAINTAINER,1,187,v0.2.0
drawsvg,1.1.0,19,F,UNVERIFIED_PUBLISH_PATH|DORMANT|SINGLE_MAINTAINER,1,186,v0.2.0
lightbox,0.5.0,19,F,UNVERIFIED_PUBLISH_PATH|DORMANT|SINGLE_MAINTAINER,1,186,v0.2.0
textfilljs,1.0.3-a,19,F,UNVERIFIED_PUBLISH_PATH|DORMANT|SINGLE_MAINTAINER,1,186,v0.2.0
algoliasearch.zendesk-hc,3.0.0,39,D,UNVERIFIED_PUBLISH_PATH,65,185,v0.2.0
angular-joyride,1.0.10,33,F,UNVERIFIED_PUBLISH_PATH|DORMANT,2,184,v0.2.0
jquery-slinky,4.2.1,19,F,UNVERIFIED_PUBLISH_PATH|DORMANT|SINGLE_MAINTAINER,1,184,v0.2.0
user-experior-web,0.3.28,21,F,UNVERIFIED_PUBLISH_PATH|SINGLE_MAINTAINER,1,184,v0.2.0
gumlet.js,3.0.5,21,F,UNVERIFIED_PUBLISH_PATH|SINGLE_MAINTAINER,1,183,v0.2.0
interactiveimagejs,2.7.1,19,F,UNVERIFIED_PUBLISH_PATH|DORMANT|SINGLE_MAINTAINER,1,183,v0.2.0
smooth-zoom,1.5.0,14,F,UNVERIFIED_PUBLISH_PATH|DORMANT|SINGLE_MAINTAINER,1,183,v0.2.0
whatmore-react-assets,1.0.1832,25,F,UNVERIFIED_PUBLISH_PATH|SINGLE_MAINTAINER,1,183,v0.2.0
'@micro-lc/bk-web-components,1.5.28,35,D,UNVERIFIED_PUBLISH_PATH,4,182,v0.2.0
cn-fontsource-lxgw-wen-kai-screen,1.0.6,19,F,UNVERIFIED_PUBLISH_PATH|DORMANT|SINGLE_MAINTAINER,1,182,v0.2.0
cq-prolyfill,0.4.0,19,F,UNVERIFIED_PUBLISH_PATH|DORMANT|SINGLE_MAINTAINER,1,182,v0.2.0
ios-pwa-splash,1.0.0,19,F,UNVERIFIED_PUBLISH_PATH|DORMANT|SINGLE_MAINTAINER,1,182,v0.2.0
live2d-widget-model-hibiki,1.0.5,28,F,UNVERIFIED_PUBLISH_PATH|DORMANT,2,182,v0.2.0
textify.js,3.0.1,25,F,UNVERIFIED_PUBLISH_PATH|DORMANT|SINGLE_MAINTAINER,1,182,v0.2.0
'@flittpayments/js-sdk,2.0.11-alpha.0,35,D,UNVERIFIED_PUBLISH_PATH,5,181,v0.2.0
'@fontsource/akt,5.3.0,81,B,,2,181,v0.2.0
'@zendeskgarden/css-tables,4.0.19,26,F,UNVERIFIED_PUBLISH_PATH|DORMANT|SINGLE_MAINTAINER|DEPRECATED,1,181,v0.2.0
minigrid,3.1.1,19,F,UNVERIFIED_PUBLISH_PATH|DORMANT|SINGLE_MAINTAINER,1,181,v0.2.0
textillate,0.4.1,10,F,UNVERIFIED_PUBLISH_PATH|DORMANT|SINGLE_MAINTAINER|PUBLISHER_NOT_MAINTAINER,1,181,v0.2.0
'@aurodesignsystem/auro-background,5.0.1,89,A,,8,179,v0.2.0
jquery.skeleton.loader,1.2.0,19,F,UNVERIFIED_PUBLISH_PATH|DORMANT|SINGLE_MAINTAINER,1,179,v0.2.0
'@animated-color-icons/lucide-wc,1.0.0,25,F,UNVERIFIED_PUBLISH_PATH|SINGLE_MAINTAINER,1,178,v0.2.0
'@googledrive/index,2.5.9,21,F,UNVERIFIED_PUBLISH_PATH|SINGLE_MAINTAINER,1,178,v0.2.0
es2020,1.1.9,33,F,UNVERIFIED_PUBLISH_PATH|DORMANT,3,178,v0.2.0
jquery-bonsai,2.1.3,19,F,UNVERIFIED_PUBLISH_PATH|DORMANT|SINGLE_MAINTAINER,1,178,v0.2.0
krds-uiux,1.1.0,21,F,UNVERIFIED_PUBLISH_PATH|SINGLE_MAINTAINER,1,178,v0.2.0
'@bentopdf/pymupdf-wasm,0.11.16,67,C,SINGLE_MAINTAINER,1,177,v0.2.0
artplayer-plugin-chromecast,1.1.0,25,F,UNVERIFIED_PUBLISH_PATH|SINGLE_MAINTAINER,1,177,v0.2.0
typeface-nanum-square-neo,0.0.6,19,F,UNVERIFIED_PUBLISH_PATH|DORMANT|SINGLE_MAINTAINER,1,177,v0.2.0
xtra-web-components,1.1.4,21,F,UNVERIFIED_PUBLISH_PATH|SINGLE_MAINTAINER,1,177,v0.2.0
'@aarhus-university/au-designsystem-delphinus,1.14.0,35,D,UNVERIFIED_PUBLISH_PATH,8,176,v0.2.0
'@undp/design-system-assets,2.0.1,87,A,,5,176,v0.2.0
evo-calendar,1.1.3,19,F,UNVERIFIED_PUBLISH_PATH|DORMANT|SINGLE_MAINTAINER,1,176,v0.2.0
bvi,1.0.2,14,F,UNVERIFIED_PUBLISH_PATH|DORMANT|SINGLE_MAINTAINER,1,175,v0.2.0
'@blendvision/player,2.27.1,16,F,UNVERIFIED_PUBLISH_PATH|SINGLE_MAINTAINER,1,174,v0.2.0
'@goodgamestudios/cxf-plugins,0.105.1,35,D,UNVERIFIED_PUBLISH_PATH,27,174,v0.2.0
readmore.js,2.0.4,19,F,UNVERIFIED_PUBLISH_PATH|DORMANT|SINGLE_MAINTAINER,1,174,v0.2.0
cn-fontsource-source-han-serif-sc-vf-regular,1.0.1,19,F,UNVERIFIED_PUBLISH_PATH|DORMANT|SINGLE_MAINTAINER,1,173,v0.2.0
swiftype-autocomplete-jquery,1.2.0,14,F,UNVERIFIED_PUBLISH_PATH|DORMANT|SINGLE_MAINTAINER,1,173,v0.2.0
'@fastwork/xosmoz-theme,1.1.7,35,D,UNVERIFIED_PUBLISH_PATH,2,172,v0.2.0
astm-ux-design-system,2.1.0,21,F,UNVERIFIED_PUBLISH_PATH|SINGLE_MAINTAINER,1,172,v0.2.0
rich-marker,0.0.1,14,F,UNVERIFIED_PUBLISH_PATH|DORMANT|SINGLE_MAINTAINER,1,172,v0.2.0
veris-storybook-beta,0.1.81-react-upgrade,39,D,UNVERIFIED_PUBLISH_PATH,3,172,v0.2.0
'@cometchat/chat-embed,1.0.35,35,D,UNVERIFIED_PUBLISH_PATH,14,171,v0.2.0
scroll-watcher,2.2.0,19,F,UNVERIFIED_PUBLISH_PATH|DORMANT|SINGLE_MAINTAINER,1,170,v0.2.0
'@websolutespa/llm-farmaciacarli,1.0.22,39,D,UNVERIFIED_PUBLISH_PATH,8,169,v0.2.0
fontawesome6pro,1.0.3,25,F,UNVERIFIED_PUBLISH_PATH|SINGLE_MAINTAINER,1,169,v0.2.0
jquery.fancytable,1.0.36,19,F,UNVERIFIED_PUBLISH_PATH|DORMANT|SINGLE_MAINTAINER,1,169,v0.2.0
'@engine-web/website,0.7.13,30,F,UNVERIFIED_PUBLISH_PATH,4,167,v0.2.0
'@loomchild/webflow-alpinejs,2.2.0,19,F,UNVERIFIED_PUBLISH_PATH|DORMANT|SINGLE_MAINTAINER,1,167,v0.2.0
'@noonnu/nanum-square-neo-variable,0.1.0,14,F,UNVERIFIED_PUBLISH_PATH|DORMANT|SINGLE_MAINTAINER,1,167,v0.2.0
dbip-city-lite,1.0.15,73,B,SINGLE_MAINTAINER,1,167,v0.2.0
jwplayer,1.0.3,29,F,UNVERIFIED_PUBLISH_PATH|DORMANT,2,167,v0.2.0
native-toast,2.0.0,33,F,UNVERIFIED_PUBLISH_PATH|DORMANT,2,167,v0.2.0
'@animuz/embed,0.2.5-rc4.2,35,D,UNVERIFIED_PUBLISH_PATH,3,166,v0.2.0
'@pardnchiu/nanojson,1.2.1,25,F,UNVERIFIED_PUBLISH_PATH|SINGLE_MAINTAINER,1,166,v0.2.0
vue-pop-colorpicker,1.0.2,19,F,UNVERIFIED_PUBLISH_PATH|DORMANT|SINGLE_MAINTAINER,1,166,v0.2.0
'@xiee/utils,1.14.69,73,B,SINGLE_MAINTAINER,1,165,v0.2.0
videojs-resolution-switcher-vjs7,1.0.0,10,F,UNVERIFIED_PUBLISH_PATH|DORMANT|SINGLE_MAINTAINER,1,165,v0.2.0
apexstock,0.3.1,73,B,SINGLE_MAINTAINER,1,164,v0.2.0
'@material-symbols-react-native/rounded-600,1.0.0,19,F,UNVERIFIED_PUBLISH_PATH|DORMANT|SINGLE_MAINTAINER,1,163,v0.2.0
'@synqro/tab-cycler,1.7.0,21,F,UNVERIFIED_PUBLISH_PATH|SINGLE_MAINTAINER,1,163,v0.2.0
social-likes,3.1.3,19,F,UNVERIFIED_PUBLISH_PATH|DORMANT|SINGLE_MAINTAINER,1,163,v0.2.0
'@trendyol/baklava-icons,1.3.0,73,B,SINGLE_MAINTAINER,1,162,v0.2.0
footable-v3,1.0.0,19,F,UNVERIFIED_PUBLISH_PATH|DORMANT|SINGLE_MAINTAINER,1,162,v0.2.0
jquerykeyframes,2.0.0,25,F,UNVERIFIED_PUBLISH_PATH|SINGLE_MAINTAINER,1,162,v0.2.0
sheryjs,1.0.0-beta.0.1.8,29,F,UNVERIFIED_PUBLISH_PATH|DORMANT,2,162,v0.2.0
thedatepicker,3.1.0,25,F,UNVERIFIED_PUBLISH_PATH|SINGLE_MAINTAINER,1,162,v0.2.0
'@bostonuniversity/bulib-wc,0.1.75,33,F,UNVERIFIED_PUBLISH_PATH|DORMANT,8,161,v0.2.0
'@feedmepos/mf-hrm-portal,2.0.25,30,F,UNVERIFIED_PUBLISH_PATH,3,161,v0.2.0
'@mycujoo/videojs-hls-quality-selector,1.1.5-rc.4,33,F,UNVERIFIED_PUBLISH_PATH|DORMANT,16,161,v0.2.0
'@algolia/utm-attribution,3.2.0,39,D,UNVERIFIED_PUBLISH_PATH,21,160,v0.2.0
'@strongdm/glyphicon,0.0.5,28,F,UNVERIFIED_PUBLISH_PATH|DORMANT|PUBLISHER_NOT_MAINTAINER|DEPRECATED,4,160,v0.2.0
holidoit,1.0.162,25,F,UNVERIFIED_PUBLISH_PATH|SINGLE_MAINTAINER,1,160,v0.2.0
isotope-fit-columns,1.1.4,19,F,UNVERIFIED_PUBLISH_PATH|DORMANT|SINGLE_MAINTAINER,1,160,v0.2.0
player-venom,0.3.4,21,F,UNVERIFIED_PUBLISH_PATH|SINGLE_MAINTAINER,1,160,v0.2.0
'@microlink/vanilla,5.5.25,25,F,UNVERIFIED_PUBLISH_PATH|SINGLE_MAINTAINER,1,159,v0.2.0
'@tinybirdco/flock.js,1.7.1,25,F,UNVERIFIED_PUBLISH_PATH|SINGLE_MAINTAINER,1,159,v0.2.0
'@flowbase-co/boosters-carousel-ticker,1.3.3,34,F,UNVERIFIED_PUBLISH_PATH,2,158,v0.2.0
'@ip-location-db/asn,2.3.2026061719,58,C,INCONSISTENT_PUBLISH_PATH|SINGLE_MAINTAINER,1,158,v0.2.0
'@raisenow/tamaro-core,2.19.1,30,F,UNVERIFIED_PUBLISH_PATH,5,158,v0.2.0
'@supersoniks/concorde,4.9.3,35,D,UNVERIFIED_PUBLISH_PATH,5,158,v0.2.0
knockout-amd-helpers,1.0.0,19,F,UNVERIFIED_PUBLISH_PATH|DORMANT|SINGLE_MAINTAINER,1,158,v0.2.0
nonblockjs,1.0.8,19,F,UNVERIFIED_PUBLISH_PATH|DORMANT|SINGLE_MAINTAINER,1,158,v0.2.0
artplayer-plugin-ads,1.0.6,19,F,UNVERIFIED_PUBLISH_PATH|DORMANT|SINGLE_MAINTAINER,1,157,v0.2.0
eruda-dom,2.0.0,19,F,UNVERIFIED_PUBLISH_PATH|DORMANT|SINGLE_MAINTAINER,1,157,v0.2.0
mathjax-modern-font,4.0.0-beta.7,19,F,UNVERIFIED_PUBLISH_PATH|DORMANT|SINGLE_MAINTAINER,1,157,v0.2.0
'@adahealth/web-sdk,2.58.4,39,D,UNVERIFIED_PUBLISH_PATH,10,156,v0.2.0
fastbootstrap,2.2.0,19,F,UNVERIFIED_PUBLISH_PATH|DORMANT|SINGLE_MAINTAINER,1,156,v0.2.0
'@jumpgroup/jump-design-system,1.0.25,39,D,UNVERIFIED_PUBLISH_PATH,8,155,v0.2.0
'@kajabi-ui/styles,1.4.0,74,B,SINGLE_MAINTAINER|BRANCH_REQUIRES_PR,1,155,v0.2.0
alpine-tailwind-lightbox,1.3.0,25,F,UNVERIFIED_PUBLISH_PATH|SINGLE_MAINTAINER,1,155,v0.2.0
leaflet-overpass-layer,2.9.0,19,F,UNVERIFIED_PUBLISH_PATH|DORMANT|SINGLE_MAINTAINER,1,155,v0.2.0
'@digital-realty/ix-widget,2.3.7,35,D,UNVERIFIED_PUBLISH_PATH,4,154,v0.2.0
'@materialstyle/materialstyle,3.1.1,19,F,UNVERIFIED_PUBLISH_PATH|DORMANT|SINGLE_MAINTAINER,1,154,v0.2.0
imgviewer2,1.1.0,19,F,UNVERIFIED_PUBLISH_PATH|DORMANT|SINGLE_MAINTAINER,1,154,v0.2.0
leaflet-graticule,0.0.1,19,F,UNVERIFIED_PUBLISH_PATH|DORMANT|SINGLE_MAINTAINER,1,154,v0.2.0
slick-carousel-latest,1.9.0,19,F,UNVERIFIED_PUBLISH_PATH|DORMANT|SINGLE_MAINTAINER,1,154,v0.2.0
'@noli42/chosen,3.1.3,25,F,UNVERIFIED_PUBLISH_PATH|SINGLE_MAINTAINER,1,152,v0.2.0
bootstrap-typeahead,2.3.2,10,F,UNVERIFIED_PUBLISH_PATH|DORMANT|SINGLE_MAINTAINER,1,152,v0.2.0
postalcodes-india,1.1.4,73,B,SINGLE_MAINTAINER,1,152,v0.2.0
twkb,0.2.2,29,F,UNVERIFIED_PUBLISH_PATH|DORMANT,2,152,v0.2.0
'@widgetbot/crate,3.9.1,71,B,INCONSISTENT_PUBLISH_PATH,5,151,v0.2.0
'@zendeskgarden/css-arrows,3.1.4,26,F,UNVERIFIED_PUBLISH_PATH|DORMANT|SINGLE_MAINTAINER|DEPRECATED,1,151,v0.2.0
harmonyos-sans-webfont-splitted,1.2.1,25,F,UNVERIFIED_PUBLISH_PATH|SINGLE_MAINTAINER,1,151,v0.2.0
reefjs,13.0.6,19,F,UNVERIFIED_PUBLISH_PATH|DORMANT|SINGLE_MAINTAINER,1,151,v0.2.0
'@gstat/leaflet-gesture-handling,1.2.8,19,F,UNVERIFIED_PUBLISH_PATH|DORMANT|SINGLE_MAINTAINER,1,150,v0.2.0
icomoon,1.0.0,10,F,UNVERIFIED_PUBLISH_PATH|DORMANT|SINGLE_MAINTAINER,1,150,v0.2.0
'@prefecthq/prefab-ui,0.20.2,77,B,INCONSISTENT_PUBLISH_PATH,3,149,v0.2.0
'@saasquatch/mint-components,2.2.0,77,B,INCONSISTENT_PUBLISH_PATH,10,149,v0.2.0
bootstrap-grid-only,1.0.0,19,F,UNVERIFIED_PUBLISH_PATH|DORMANT|SINGLE_MAINTAINER,1,149,v0.2.0
cn-fontsource-ding-talk-jin-bu-ti-regular,1.0.3,19,F,UNVERIFIED_PUBLISH_PATH|DORMANT|SINGLE_MAINTAINER,1,149,v0.2.0
'@itcenteratunihelsinki/huds-lib,0.12.2,35,D,UNVERIFIED_PUBLISH_PATH,4,148,v0.2.0
input-autogrow,1.1.1,19,F,UNVERIFIED_PUBLISH_PATH|DORMANT|SINGLE_MAINTAINER,1,148,v0.2.0
toaster-ui,1.1.5,19,F,UNVERIFIED_PUBLISH_PATH|DORMANT|SINGLE_MAINTAINER,1,148,v0.2.0
'@grigorov-it/mazer,2.2.0,19,F,UNVERIFIED_PUBLISH_PATH|DORMANT|SINGLE_MAINTAINER,1,147,v0.2.0
bsky-embed,0.2.7,25,F,UNVERIFIED_PUBLISH_PATH|SINGLE_MAINTAINER,1,147,v0.2.0
multi-select-dropdown-js,1.0.3,20,F,UNVERIFIED_PUBLISH_PATH|SINGLE_MAINTAINER,1,147,v0.2.0
qmsg,1.7.2,16,F,UNVERIFIED_PUBLISH_PATH|SINGLE_MAINTAINER,1,147,v0.2.0
unslider,2.0.3,19,F,UNVERIFIED_PUBLISH_PATH|DORMANT|SINGLE_MAINTAINER,1,147,v0.2.0
vue-lazyload-next,0.0.2,19,F,UNVERIFIED_PUBLISH_PATH|DORMANT|SINGLE_MAINTAINER|DEPRECATED,1,147,v0.2.0
'@vertical-insure/embedded-offer,0.16.0,39,D,UNVERIFIED_PUBLISH_PATH,2,146,v0.2.0
affiliate,5.0.0,19,F,UNVERIFIED_PUBLISH_PATH|DORMANT|SINGLE_MAINTAINER,1,146,v0.2.0
'@pwabuilder/pwainstall,1.6.7,24,F,UNVERIFIED_PUBLISH_PATH|DORMANT|PUBLISHER_NOT_MAINTAINER,3,145,v0.2.0
'@epigraph/configurator-lite,1.23.7,35,D,UNVERIFIED_PUBLISH_PATH,4,144,v0.2.0
'@nswdoe/app-icons,3.0.20,35,D,UNVERIFIED_PUBLISH_PATH,2,144,v0.2.0
bootstrap-toaster,5.2.0-beta1.1,19,F,UNVERIFIED_PUBLISH_PATH|DORMANT|SINGLE_MAINTAINER,1,144,v0.2.0
'@bi-digital/icons,0.12.3,34,F,UNVERIFIED_PUBLISH_PATH,2,143,v0.2.0
ima-ad-player,0.5.7,19,F,UNVERIFIED_PUBLISH_PATH|DORMANT|SINGLE_MAINTAINER,1,143,v0.2.0
'@chinese-fonts/syst,3.0.0,20,F,UNVERIFIED_PUBLISH_PATH|SINGLE_MAINTAINER,1,142,v0.2.0
'@codidact/co-design,0.12.9,33,F,UNVERIFIED_PUBLISH_PATH|DORMANT,4,142,v0.2.0
persist-js,0.3.1,19,F,UNVERIFIED_PUBLISH_PATH|DORMANT|SINGLE_MAINTAINER,1,142,v0.2.0
zebra-browser-print-min,3.0.216,10,F,UNVERIFIED_PUBLISH_PATH|DORMANT|SINGLE_MAINTAINER,1,142,v0.2.0
device-detector,1.0.2,14,F,UNVERIFIED_PUBLISH_PATH|DORMANT|SINGLE_MAINTAINER|PUBLISHER_NOT_MAINTAINER|DEPRECATED,1,141,v0.2.0
ken-burns-carousel,0.2.5,19,F,UNVERIFIED_PUBLISH_PATH|DORMANT|SINGLE_MAINTAINER,1,141,v0.2.0
'@feedmepos/mf-mdm,1.9.1,30,F,UNVERIFIED_PUBLISH_PATH,3,140,v0.2.0
boomerangjs,1.815.1,39,D,UNVERIFIED_PUBLISH_PATH,6,140,v0.2.0
jquery.sticky,0.2.1,19,F,UNVERIFIED_PUBLISH_PATH|DORMANT|SINGLE_MAINTAINER,1,140,v0.2.0
'@kfonts/nanum-myeongjo,0.2.0,19,F,UNVERIFIED_PUBLISH_PATH|DORMANT|SINGLE_MAINTAINER,1,139,v0.2.0
'@kfonts/nanum-square,0.2.0,19,F,UNVERIFIED_PUBLISH_PATH|DORMANT|SINGLE_MAINTAINER,1,139,v0.2.0
'@unicorn-fail/drupal-bootstrap-styles,0.0.2,14,F,UNVERIFIED_PUBLISH_PATH|DORMANT|SINGLE_MAINTAINER|PUBLISHER_NOT_MAINTAINER,1,139,v0.2.0
salvattore,1.0.9,19,F,UNVERIFIED_PUBLISH_PATH|DORMANT|SINGLE_MAINTAINER|DEPRECATED,1,139,v0.2.0
'@jsuites/template,1.1.0,25,F,UNVERIFIED_PUBLISH_PATH|SINGLE_MAINTAINER,1,138,v0.2.0
'@myparcel-dev/delivery-options,7.4.2,46,D,UNVERIFIED_PUBLISH_PATH,3,138,v0.2.0
interlude-ui,1.2.2,25,F,UNVERIFIED_PUBLISH_PATH|SINGLE_MAINTAINER,1,138,v0.2.0
moment-transform,1.0.1,19,F,UNVERIFIED_PUBLISH_PATH|DORMANT|SINGLE_MAINTAINER|DEPRECATED,1,138,v0.2.0
'@feedmepos/mf-brand-app-builder,0.5.41-prod,30,F,UNVERIFIED_PUBLISH_PATH,3,137,v0.2.0
'@zendeskgarden/css-menus,9.0.20,26,F,UNVERIFIED_PUBLISH_PATH|DORMANT|SINGLE_MAINTAINER|DEPRECATED,1,137,v0.2.0
jquery.shorten,1.0.0,19,F,UNVERIFIED_PUBLISH_PATH|DORMANT|SINGLE_MAINTAINER,1,137,v0.2.0
simpleweather,3.1.0,19,F,UNVERIFIED_PUBLISH_PATH|DORMANT|SINGLE_MAINTAINER,1,137,v0.2.0
'@ionic-selectable/core,8.0.0-alpha.5,33,F,UNVERIFIED_PUBLISH_PATH|DORMANT,3,136,v0.2.0
iransans,1.0.0,15,F,UNVERIFIED_PUBLISH_PATH|DORMANT|SINGLE_MAINTAINER,1,136,v0.2.0
jwplayer-video-element,1.3.5,71,B,,2,136,v0.2.0
'@openfonts/montserrat_all,1.44.2,14,F,UNVERIFIED_PUBLISH_PATH|DORMANT|SINGLE_MAINTAINER,1,135,v0.2.0
'@typopro/web-open-sans,3.7.5,14,F,UNVERIFIED_PUBLISH_PATH|DORMANT|SINGLE_MAINTAINER,1,135,v0.2.0
'@xz/fonts,1.0.2,19,F,UNVERIFIED_PUBLISH_PATH|DORMANT|SINGLE_MAINTAINER,1,135,v0.2.0
'@zendeskgarden/css-avatars,7.0.0,26,F,UNVERIFIED_PUBLISH_PATH|DORMANT|SINGLE_MAINTAINER,1,135,v0.2.0
dynamsoft-code-parser,2.4.32,24,F,UNVERIFIED_PUBLISH_PATH|DORMANT|DEPRECATED,4,135,v0.2.0
'@zendeskgarden/css-pagination,4.0.19,26,F,UNVERIFIED_PUBLISH_PATH|DORMANT|SINGLE_MAINTAINER|DEPRECATED,1,134,v0.2.0
'@rededor/nice-chat-component-lib,0.5.14-alpha.0,35,D,UNVERIFIED_PUBLISH_PATH,15,132,v0.2.0
dash-shaka-playback,3.6.3,39,D,UNVERIFIED_PUBLISH_PATH,10,132,v0.2.0
jquery.mb.browser,1.0.0,19,F,UNVERIFIED_PUBLISH_PATH|DORMANT|SINGLE_MAINTAINER,1,132,v0.2.0
sp-supermarquee,3.1.2,25,F,UNVERIFIED_PUBLISH_PATH|SINGLE_MAINTAINER,1,132,v0.2.0
'@apilium/mayros,0.3.2,31,F,UNVERIFIED_PUBLISH_PATH|SINGLE_MAINTAINER,1,131,v0.2.0
'@promakeai/inspector,1.7.6,35,D,UNVERIFIED_PUBLISH_PATH,2,131,v0.2.0
'@zendeskgarden/css-tabs,6.0.19,26,F,UNVERIFIED_PUBLISH_PATH|DORMANT|SINGLE_MAINTAINER|DEPRECATED,1,131,v0.2.0
'@zendeskgarden/css-tooltips,4.1.27,26,F,UNVERIFIED_PUBLISH_PATH|DORMANT|SINGLE_MAINTAINER|DEPRECATED,1,131,v0.2.0
clappr-chromecast-plugin,0.1.1,19,F,UNVERIFIED_PUBLISH_PATH|DORMANT|SINGLE_MAINTAINER,1,131,v0.2.0
'@brightcove/videojs-flashls-source-handler,1.4.8,24,F,UNVERIFIED_PUBLISH_PATH|DORMANT|PUBLISHER_NOT_MAINTAINER,80,130,v0.2.0
progressive-image.js,1.6.1,19,F,UNVERIFIED_PUBLISH_PATH|DORMANT|SINGLE_MAINTAINER,1,130,v0.2.0
'@algolia/ui-components-js-horizontal-slider,1.0.0-experimental.0,23,F,UNVERIFIED_PUBLISH_PATH|DORMANT|PUBLISHER_NOT_MAINTAINER,14,129,v0.2.0
green-audio-player,1.1.2,19,F,UNVERIFIED_PUBLISH_PATH|DORMANT|SINGLE_MAINTAINER,1,129,v0.2.0
videojs-airplay,1.1.1,19,F,UNVERIFIED_PUBLISH_PATH|DORMANT|SINGLE_MAINTAINER,1,129,v0.2.0
superplaceholder,1.0.0,19,F,UNVERIFIED_PUBLISH_PATH|DORMANT|SINGLE_MAINTAINER,1,128,v0.2.0
'@algolia/experiences,0.1.1,30,F,UNVERIFIED_PUBLISH_PATH|PUBLISHER_NOT_MAINTAINER,24,127,v0.2.0
'@jpeer/jquery.dotdotdot,1.8.3,19,F,UNVERIFIED_PUBLISH_PATH|DORMANT|SINGLE_MAINTAINER,1,127,v0.2.0
'@leadmetrics-ai/landing-sdk,1.0.49,25,F,UNVERIFIED_PUBLISH_PATH|SINGLE_MAINTAINER,1,126,v0.2.0
'@nosto/autocomplete,2.13.3,87,A,,6,126,v0.2.0
'@percy.ai/hvs-autocomplete,2.9.0,30,F,UNVERIFIED_PUBLISH_PATH,3,126,v0.2.0
bootstrap-avatar,1.3.1,19,F,UNVERIFIED_PUBLISH_PATH|DORMANT|SINGLE_MAINTAINER,1,126,v0.2.0
fetch-inject,3.3.1,15,F,UNVERIFIED_PUBLISH_PATH|DORMANT|SINGLE_MAINTAINER,1,126,v0.2.0
overhang,1.0.8,19,F,UNVERIFIED_PUBLISH_PATH|DORMANT|SINGLE_MAINTAINER,1,126,v0.2.0
'@marcreichel/alpine-typewriter,1.2.1,19,F,UNVERIFIED_PUBLISH_PATH|DORMANT|SINGLE_MAINTAINER,1,125,v0.2.0
'@thelevicole/youtube-to-html5-loader,5.0.0,19,F,UNVERIFIED_PUBLISH_PATH|DORMANT|SINGLE_MAINTAINER,1,125,v0.2.0
p2p-media-loader-shaka,3.0.1,74,B,SINGLE_MAINTAINER,1,125,v0.2.0
'@justaa/scripts,1.6.7,16,F,UNVERIFIED_PUBLISH_PATH|SINGLE_MAINTAINER,1,124,v0.2.0
'@zendeskgarden/css-modals,6.4.21,26,F,UNVERIFIED_PUBLISH_PATH|DORMANT|SINGLE_MAINTAINER|DEPRECATED,1,124,v0.2.0
g1,0.18.1,15,F,UNVERIFIED_PUBLISH_PATH|DORMANT|SINGLE_MAINTAINER,1,124,v0.2.0
jquery-color-animation,1.5.1,19,F,UNVERIFIED_PUBLISH_PATH|DORMANT|SINGLE_MAINTAINER,1,124,v0.2.0
videojs-chromecast,2.0.8,14,F,UNVERIFIED_PUBLISH_PATH|DORMANT|SINGLE_MAINTAINER|PUBLISHER_NOT_MAINTAINER,1,124,v0.2.0
'@orange-games/phaser-input,2.0.5,28,F,UNVERIFIED_PUBLISH_PATH|DORMANT|DEPRECATED,3,123,v0.2.0
fontsource-noto-sans-sc,4.0.0,19,F,UNVERIFIED_PUBLISH_PATH|DORMANT|SINGLE_MAINTAINER|DEPRECATED,1,123,v0.2.0
js-captcha,1.2.2,25,F,UNVERIFIED_PUBLISH_PATH|SINGLE_MAINTAINER,1,123,v0.2.0
'@feedmepos/mf-financing,0.0.2,35,D,UNVERIFIED_PUBLISH_PATH,3,122,v0.2.0
'@juo/blocks,1.14.0,30,F,UNVERIFIED_PUBLISH_PATH,2,122,v0.2.0
jquery-accessible-tabpanel-aria,1.6.1,19,F,UNVERIFIED_PUBLISH_PATH|DORMANT|SINGLE_MAINTAINER,1,122,v0.2.0
'@flowbase-co/boosters-countup,1.0.2,34,F,UNVERIFIED_PUBLISH_PATH,2,121,v0.2.0
bootstrap-float-label,3.0.1,19,F,UNVERIFIED_PUBLISH_PATH|DORMANT|SINGLE_MAINTAINER,1,121,v0.2.0
bootstrap-honoka,4.4.0,19,F,UNVERIFIED_PUBLISH_PATH|DORMANT|SINGLE_MAINTAINER,1,121,v0.2.0
dayschedule-widget,1.2.8,25,F,UNVERIFIED_PUBLISH_PATH|SINGLE_MAINTAINER,1,121,v0.2.0
lumious-components,1.0.8,15,F,UNVERIFIED_PUBLISH_PATH|DORMANT|SINGLE_MAINTAINER,1,121,v0.2.0
tail.datetime,0.4.13,19,F,UNVERIFIED_PUBLISH_PATH|DORMANT|SINGLE_MAINTAINER|DEPRECATED,1,121,v0.2.0
'@dmester/sffjs,1.17.0,19,F,UNVERIFIED_PUBLISH_PATH|DORMANT|SINGLE_MAINTAINER,1,120,v0.2.0
'@gradio/lite,5.45.0,16,F,UNVERIFIED_PUBLISH_PATH|SINGLE_MAINTAINER,1,120,v0.2.0
'@magicpatterns/html-to-figma,1.0.5,35,D,UNVERIFIED_PUBLISH_PATH,3,120,v0.2.0
leaflet.layergroup.collision,0.3.1,19,F,UNVERIFIED_PUBLISH_PATH|DORMANT|SINGLE_MAINTAINER,1,120,v0.2.0
grained,0.0.2,14,F,UNVERIFIED_PUBLISH_PATH|DORMANT|SINGLE_MAINTAINER,1,119,v0.2.0
mv-boost,0.0.8,10,F,UNVERIFIED_PUBLISH_PATH|DORMANT|SINGLE_MAINTAINER,1,119,v0.2.0
table-to-json,1.0.0,33,F,UNVERIFIED_PUBLISH_PATH|DORMANT,2,119,v0.2.0
vue-jquery-mask,2.0.0,19,F,UNVERIFIED_PUBLISH_PATH|DORMANT|SINGLE_MAINTAINER|DEPRECATED,1,119,v0.2.0
ajaxq,0.0.7,33,F,UNVERIFIED_PUBLISH_PATH|DORMANT,2,118,v0.2.0
frow,4.0.0,19,F,UNVERIFIED_PUBLISH_PATH|DORMANT|SINGLE_MAINTAINER,1,118,v0.2.0
jquery-breakpoints,1.8.1,19,F,UNVERIFIED_PUBLISH_PATH|DORMANT|SINGLE_MAINTAINER,1,118,v0.2.0
jquery-smarttab,4.0.2,19,F,UNVERIFIED_PUBLISH_PATH|DORMANT|SINGLE_MAINTAINER,1,118,v0.2.0
'@8thwall/landing-page,1.0.0,35,D,UNVERIFIED_PUBLISH_PATH,2,117,v0.2.0
'@filteringdev/tinyshield,4.0.4,73,B,SINGLE_MAINTAINER,1,117,v0.2.0
'@finsweet/attributes-cmsfilter,1.16.3,28,F,UNVERIFIED_PUBLISH_PATH|DORMANT|BRANCH_REQUIRES_PR,2,116,v0.2.0
artplayer-plugin-document-pip,1.1.0,25,F,UNVERIFIED_PUBLISH_PATH|SINGLE_MAINTAINER,1,116,v0.2.0
mammoth-plus,2.0.2,19,F,UNVERIFIED_PUBLISH_PATH|DORMANT|SINGLE_MAINTAINER,1,116,v0.2.0
'@3t-transform/threeteeui,1.11.0,35,D,UNVERIFIED_PUBLISH_PATH,7,115,v0.2.0
'@fontsource/chiron-hei-hk,5.3.0,81,B,,2,115,v0.2.0
'@metalayer/widget,1.0.8,34,F,UNVERIFIED_PUBLISH_PATH,4,115,v0.2.0
'@developerportalsg/docsify-sidebar-collapse,2.2.0,33,F,UNVERIFIED_PUBLISH_PATH|DORMANT,3,114,v0.2.0
'@lobehub/fluent-emoji-modern,1.0.0,33,F,UNVERIFIED_PUBLISH_PATH|DORMANT,9,114,v0.2.0
'@vouchfor/embeds,8.1.0,35,D,UNVERIFIED_PUBLISH_PATH,5,114,v0.2.0
'@bridgeline-digital/hawksearch-handlebars-ui,7.0.1,35,D,UNVERIFIED_PUBLISH_PATH,6,113,v0.2.0
font-kopubworld,1.0.3,19,F,UNVERIFIED_PUBLISH_PATH|DORMANT|SINGLE_MAINTAINER,1,113,v0.2.0
hystmodal,1.0.1,19,F,UNVERIFIED_PUBLISH_PATH|DORMANT|SINGLE_MAINTAINER,1,113,v0.2.0
jquery.resizeend,1.1.1,19,F,UNVERIFIED_PUBLISH_PATH|DORMANT|SINGLE_MAINTAINER,1,113,v0.2.0
machinelearn,2.1.5,14,F,UNVERIFIED_PUBLISH_PATH|DORMANT|SINGLE_MAINTAINER,1,113,v0.2.0
'@azure/msal-angularjs,0.1.1,41,D,UNVERIFIED_PUBLISH_PATH|DORMANT|DEPRECATED,3,112,v0.2.0
'@flowbase-co/boosters-tab-rotation-webflow,1.2.2,34,F,UNVERIFIED_PUBLISH_PATH,2,112,v0.2.0
'@jsuites/cropper,1.7.0,25,F,UNVERIFIED_PUBLISH_PATH|SINGLE_MAINTAINER,1,112,v0.2.0
'@nosto/web-components,11.6.0,87,A,BRANCH_REQUIRES_PR,6,112,v0.2.0
'@textback/notification-widget,2.0.23,21,F,UNVERIFIED_PUBLISH_PATH|SINGLE_MAINTAINER,1,112,v0.2.0
beefup,1.5.0,19,F,UNVERIFIED_PUBLISH_PATH|DORMANT|SINGLE_MAINTAINER,1,112,v0.2.0
jquery-postcodes,3.0.8,19,F,UNVERIFIED_PUBLISH_PATH|DORMANT|SINGLE_MAINTAINER,1,112,v0.2.0
stardew-valley-data,1.0.1,32,F,UNVERIFIED_PUBLISH_PATH|SINGLE_MAINTAINER,1,112,v0.2.0
trig-js,4.2.1,25,F,UNVERIFIED_PUBLISH_PATH|SINGLE_MAINTAINER,1,112,v0.2.0
'@exawizards/exabase-design-system-icons,1.5.0,35,D,UNVERIFIED_PUBLISH_PATH,2,111,v0.2.0
'@finsweet/attributes-autovideo,1.5.0,28,F,UNVERIFIED_PUBLISH_PATH|DORMANT|BRANCH_REQUIRES_PR,2,111,v0.2.0
'@superpoweredsdk/web,2.8.1,25,F,UNVERIFIED_PUBLISH_PATH|SINGLE_MAINTAINER,1,111,v0.2.0
alpinejs-ray,2.1.1,14,F,UNVERIFIED_PUBLISH_PATH|DORMANT|SINGLE_MAINTAINER,1,111,v0.2.0
jquery-twzipcode,1.7.15-rc1,14,F,UNVERIFIED_PUBLISH_PATH|DORMANT|SINGLE_MAINTAINER,1,111,v0.2.0
tonejs-instrument-guitar-acoustic-mp3,1.1.2,14,F,UNVERIFIED_PUBLISH_PATH|DORMANT|SINGLE_MAINTAINER,1,111,v0.2.0
translation-widget,1.1.4,39,D,UNVERIFIED_PUBLISH_PATH,3,111,v0.2.0
'@eclipsefdn/solstice-components,0.9.1,35,D,UNVERIFIED_PUBLISH_PATH,7,110,v0.2.0
'@myriaddreamin/typst-ts-parser,0.7.0,73,B,SINGLE_MAINTAINER,1,109,v0.2.0
react-responsive-datepicker,1.0.7,19,F,UNVERIFIED_PUBLISH_PATH|DORMANT|SINGLE_MAINTAINER,1,109,v0.2.0
typesense-docsearch.js,3.4.1,35,D,UNVERIFIED_PUBLISH_PATH|DORMANT,4,109,v0.2.0
venom-player,0.2.92,21,F,UNVERIFIED_PUBLISH_PATH|SINGLE_MAINTAINER,1,109,v0.2.0
'@builder.io/webcomponents,2.0.2,52,C,UNVERIFIED_PUBLISH_PATH,22,108,v0.2.0
'@next-theme/pjax,0.6.0,19,F,UNVERIFIED_PUBLISH_PATH|DORMANT|SINGLE_MAINTAINER,1,108,v0.2.0
'@rtstic.dev/pulse,0.0.104,16,F,UNVERIFIED_PUBLISH_PATH|SINGLE_MAINTAINER,1,108,v0.2.0
'@e-inscricao/widget,0.0.24,35,D,UNVERIFIED_PUBLISH_PATH,5,107,v0.2.0
'@vant/assets,1.0.8,15,F,UNVERIFIED_PUBLISH_PATH|DORMANT|SINGLE_MAINTAINER,1,107,v0.2.0
tapjs,1.0.9,33,F,UNVERIFIED_PUBLISH_PATH|DORMANT,2,107,v0.2.0
videojs-hlsjs,1.4.8,28,F,UNVERIFIED_PUBLISH_PATH|DORMANT|PUBLISHER_NOT_MAINTAINER,5,107,v0.2.0
'@wssto2/dacia-header-footer-2022,1.13.1,39,D,UNVERIFIED_PUBLISH_PATH,2,106,v0.2.0
kursor,0.1.6,19,F,UNVERIFIED_PUBLISH_PATH|DORMANT|SINGLE_MAINTAINER,1,105,v0.2.0
'@viewdo/dxp-nent,0.12.1,35,D,UNVERIFIED_PUBLISH_PATH,5,104,v0.2.0
layer-src,3.5.1,19,F,UNVERIFIED_PUBLISH_PATH|DORMANT|SINGLE_MAINTAINER,1,104,v0.2.0
taipei-sans-tc,0.1.1,14,F,UNVERIFIED_PUBLISH_PATH|DORMANT|SINGLE_MAINTAINER,1,104,v0.2.0
urisanity,0.1.6,26,F,UNVERIFIED_PUBLISH_PATH|DORMANT|SINGLE_MAINTAINER|DEPRECATED,1,104,v0.2.0
'@activix/double-scroll,1.0.2,29,F,UNVERIFIED_PUBLISH_PATH|DORMANT,6,103,v0.2.0
'@finsweet/attributes-cmsstatic,1.3.0,28,F,UNVERIFIED_PUBLISH_PATH|DORMANT|BRANCH_REQUIRES_PR,2,103,v0.2.0
'@perceptimagery/dita-configurator,1.3.24,30,F,UNVERIFIED_PUBLISH_PATH,2,103,v0.2.0
'@staaky/fresco,2.3.2,19,F,UNVERIFIED_PUBLISH_PATH|DORMANT|SINGLE_MAINTAINER,1,103,v0.2.0
typeface-nanum-square,1.1.0,19,F,UNVERIFIED_PUBLISH_PATH|DORMANT|SINGLE_MAINTAINER,1,103,v0.2.0
'@bmg.studio/form,1.5.2,15,F,UNVERIFIED_PUBLISH_PATH|DORMANT|SINGLE_MAINTAINER,1,102,v0.2.0
keyshapejs,1.3.0,19,F,UNVERIFIED_PUBLISH_PATH|DORMANT|SINGLE_MAINTAINER,1,102,v0.2.0
node-marquee,3.0.6,19,F,UNVERIFIED_PUBLISH_PATH|DORMANT|SINGLE_MAINTAINER|DEPRECATED,1,102,v0.2.0
swiper-animation,2.0.2,14,F,UNVERIFIED_PUBLISH_PATH|DORMANT|SINGLE_MAINTAINER|PUBLISHER_NOT_MAINTAINER|DEPRECATED,1,102,v0.2.0
'@finsweet/cms-library,1.9.11,33,F,UNVERIFIED_PUBLISH_PATH|DORMANT,2,101,v0.2.0
'@genpact/genome.mfe.prework-app,1.26.9,21,F,UNVERIFIED_PUBLISH_PATH|SINGLE_MAINTAINER,1,101,v0.2.0
'@vuesimple/vs-pagination,3.1.6,25,F,UNVERIFIED_PUBLISH_PATH|SINGLE_MAINTAINER,1,101,v0.2.0
'@d8a-tech/wt,1.4.2,63,C,INCONSISTENT_PUBLISH_PATH|SINGLE_MAINTAINER,1,100,v0.2.0
chiron-go-round-tc-webfont,1.0.11,68,C,SINGLE_MAINTAINER,1,100,v0.2.0
frankenphp-hot-reload,1.0.1,73,B,SINGLE_MAINTAINER,1,100,v0.2.0
jquery-doubletaptogo,3.0.2,19,F,UNVERIFIED_PUBLISH_PATH|DORMANT|SINGLE_MAINTAINER,1,100,v0.2.0
prometix,1.7.0,25,F,UNVERIFIED_PUBLISH_PATH|SINGLE_MAINTAINER,1,100,v0.2.0
now-ui-kit,1.3.0,24,F,UNVERIFIED_PUBLISH_PATH|DORMANT,8,99,v0.2.0
'@flowbase-co/boosters-tooltip,1.1.2,34,F,UNVERIFIED_PUBLISH_PATH,2,98,v0.2.0
brownies,4.0.1,25,F,UNVERIFIED_PUBLISH_PATH|SINGLE_MAINTAINER,1,98,v0.2.0
cdbootstrap,1.3.4,19,F,UNVERIFIED_PUBLISH_PATH|DORMANT|SINGLE_MAINTAINER,1,98,v0.2.0
progressively,1.2.5,19,F,UNVERIFIED_PUBLISH_PATH|DORMANT|SINGLE_MAINTAINER,1,98,v0.2.0
'@digital-realty/ui-user-management,12.0.10,30,F,UNVERIFIED_PUBLISH_PATH,4,97,v0.2.0
'@finsweet/attributes-copyclip,1.7.0,28,F,UNVERIFIED_PUBLISH_PATH|DORMANT|BRANCH_REQUIRES_PR,2,97,v0.2.0
'@ryanmorr/ready,1.4.1,19,F,UNVERIFIED_PUBLISH_PATH|DORMANT|SINGLE_MAINTAINER,1,97,v0.2.0
angular-jk-carousel,0.5.0,19,F,UNVERIFIED_PUBLISH_PATH|DORMANT|SINGLE_MAINTAINER|DEPRECATED,1,97,v0.2.0
morecontent-js,1.0.1,19,F,UNVERIFIED_PUBLISH_PATH|DORMANT|SINGLE_MAINTAINER,1,97,v0.2.0
tomatov2-assets,1.0.2,16,F,UNVERIFIED_PUBLISH_PATH|SINGLE_MAINTAINER,1,97,v0.2.0
'@engie-group/fluid-design-system-webcomponents,6.3.0,34,F,UNVERIFIED_PUBLISH_PATH,2,96,v0.2.0
'@tc-turing/webflow,1.0.73,20,F,UNVERIFIED_PUBLISH_PATH|SINGLE_MAINTAINER,1,96,v0.2.0
'@trustdevicejs/trustdevice-js,1.0.6,25,F,UNVERIFIED_PUBLISH_PATH|SINGLE_MAINTAINER,1,96,v0.2.0
jquery-linear-navigation,1.0.2,19,F,UNVERIFIED_PUBLISH_PATH|DORMANT|SINGLE_MAINTAINER,1,96,v0.2.0
jquery-ui-bundle.1.12.1,1.12.1,20,F,UNVERIFIED_PUBLISH_PATH|DORMANT|SINGLE_MAINTAINER,1,96,v0.2.0
ractive-transitions-slide,0.4.0,19,F,UNVERIFIED_PUBLISH_PATH|DORMANT|SINGLE_MAINTAINER,1,96,v0.2.0
ytpro,3.9.80,73,B,SINGLE_MAINTAINER,1,96,v0.2.0
'@swissfederalrailways/internet-tracking,16.0.16,35,D,UNVERIFIED_PUBLISH_PATH,2,95,v0.2.0
'@tsparticles/jquery,4.3.2,69,C,INCONSISTENT_PUBLISH_PATH|SINGLE_MAINTAINER,1,95,v0.2.0
'@unlk/keymaster,1.6.5,21,F,UNVERIFIED_PUBLISH_PATH|SINGLE_MAINTAINER,1,95,v0.2.0
adzone,2.3.231,10,F,UNVERIFIED_PUBLISH_PATH|DORMANT|SINGLE_MAINTAINER,1,95,v0.2.0
icheck-2,2.0.0,14,F,UNVERIFIED_PUBLISH_PATH|DORMANT|SINGLE_MAINTAINER,1,95,v0.2.0
jquery-tiny-pubsub,0.7.1,19,F,UNVERIFIED_PUBLISH_PATH|DORMANT|SINGLE_MAINTAINER,1,95,v0.2.0
cssdelivr,1.0.2,10,F,UNVERIFIED_PUBLISH_PATH|DORMANT|SINGLE_MAINTAINER,1,94,v0.2.0
frankenstyle,0.3.8,21,F,UNVERIFIED_PUBLISH_PATH|SINGLE_MAINTAINER,1,94,v0.2.0
jquery-countup,1.0.1,19,F,UNVERIFIED_PUBLISH_PATH|DORMANT|SINGLE_MAINTAINER,1,94,v0.2.0
onoffcanvas,3.0.1,25,F,UNVERIFIED_PUBLISH_PATH|SINGLE_MAINTAINER,1,94,v0.2.0
page-scroll-to-id,1.6.8,19,F,UNVERIFIED_PUBLISH_PATH|DORMANT|SINGLE_MAINTAINER,1,94,v0.2.0
profanity-cleaner,0.0.3,14,F,UNVERIFIED_PUBLISH_PATH|DORMANT|SINGLE_MAINTAINER,1,94,v0.2.0
typeface-nanum-barun-gothic,1.0.0,19,F,UNVERIFIED_PUBLISH_PATH|DORMANT|SINGLE_MAINTAINER,1,94,v0.2.0
'@esm-bundle/styled-components,5.2.1,33,F,UNVERIFIED_PUBLISH_PATH|DORMANT,6,93,v0.2.0
'@finsweet/attributes-cmsload,1.12.1,34,F,UNVERIFIED_PUBLISH_PATH|BRANCH_REQUIRES_PR,2,93,v0.2.0
cdnhost,0.0.1-security.0,11,F,UNVERIFIED_PUBLISH_PATH,0,93,v0.2.0
datalist-css,1.0.0,19,F,UNVERIFIED_PUBLISH_PATH|DORMANT|SINGLE_MAINTAINER,1,93,v0.2.0
masky-js,1.0.4,80,B,SINGLE_MAINTAINER,1,93,v0.2.0
mutationobserver-polyfill,1.3.0,19,F,UNVERIFIED_PUBLISH_PATH|DORMANT|SINGLE_MAINTAINER,1,93,v0.2.0
slim-js,5.0.10,19,F,UNVERIFIED_PUBLISH_PATH|DORMANT|SINGLE_MAINTAINER,1,93,v0.2.0
'@finsweet/attributes-cmstabs,1.7.0,28,F,UNVERIFIED_PUBLISH_PATH|DORMANT|BRANCH_REQUIRES_PR,2,92,v0.2.0
'@laserfiche/lf-ui-components,21.1.1,87,A,,5,92,v0.2.0
getmdl-select,2.0.1,33,F,UNVERIFIED_PUBLISH_PATH|DORMANT,3,92,v0.2.0
jquery-ui-sortable-animation,1.0.3,19,F,UNVERIFIED_PUBLISH_PATH|DORMANT|SINGLE_MAINTAINER,1,92,v0.2.0
sb-admin-2,3.3.8,19,F,UNVERIFIED_PUBLISH_PATH|DORMANT|SINGLE_MAINTAINER,1,92,v0.2.0
uigg,3.1.1,16,F,UNVERIFIED_PUBLISH_PATH|SINGLE_MAINTAINER,1,92,v0.2.0
yandex-share2,3.1.0,10,F,UNVERIFIED_PUBLISH_PATH|DORMANT|SINGLE_MAINTAINER|PUBLISHER_NOT_MAINTAINER,1,92,v0.2.0
zeynepjs,2.2.0,19,F,UNVERIFIED_PUBLISH_PATH|DORMANT|SINGLE_MAINTAINER,1,92,v0.2.0
'@fastwork/turbine,2.5.5,29,F,UNVERIFIED_PUBLISH_PATH|DORMANT,2,91,v0.2.0
'@finsweet/attributes-cmscombine,1.8.0,28,F,UNVERIFIED_PUBLISH_PATH|DORMANT|BRANCH_REQUIRES_PR,2,91,v0.2.0
'@finsweet/attributes-rangeslider,1.8.0,28,F,UNVERIFIED_PUBLISH_PATH|DORMANT|BRANCH_REQUIRES_PR,2,91,v0.2.0
'@widgetbot/html-embed,1.3.1,81,B,,5,91,v0.2.0
bootstrap-compatibility-layer,1.1.2,25,F,UNVERIFIED_PUBLISH_PATH|SINGLE_MAINTAINER,1,91,v0.2.0
responsive-auto-height,0.0.5,15,F,UNVERIFIED_PUBLISH_PATH|DORMANT|SINGLE_MAINTAINER,1,91,v0.2.0
'@mskcc/icons,2.7.3,30,F,UNVERIFIED_PUBLISH_PATH,5,90,v0.2.0
'@penn-libraries/web,1.4.0,21,F,UNVERIFIED_PUBLISH_PATH|SINGLE_MAINTAINER,1,90,v0.2.0
jquery-grid-navigation,1.0.1,19,F,UNVERIFIED_PUBLISH_PATH|DORMANT|SINGLE_MAINTAINER,1,90,v0.2.0
jquery-prevent-scroll-keys,1.0.1,19,F,UNVERIFIED_PUBLISH_PATH|DORMANT|SINGLE_MAINTAINER,1,90,v0.2.0
visualdx,1.1.15,21,F,UNVERIFIED_PUBLISH_PATH|SINGLE_MAINTAINER,1,90,v0.2.0
'@apollosproject/apollos-embeds,0.2.42,77,B,INCONSISTENT_PUBLISH_PATH,7,89,v0.2.0
'@banana-ui/banana,1.20.1,28,F,UNVERIFIED_PUBLISH_PATH|DORMANT,2,89,v0.2.0
'@d1g1tal/transportr,5.0.0,68,C,SINGLE_MAINTAINER,1,89,v0.2.0
'@finsweet/attributes-linkblockedit,1.5.0,28,F,UNVERIFIED_PUBLISH_PATH|DORMANT|BRANCH_REQUIRES_PR,2,89,v0.2.0
'@idotj/mastodon-embed-timeline,4.8.2,21,F,UNVERIFIED_PUBLISH_PATH|SINGLE_MAINTAINER,1,89,v0.2.0
flying-pages,2.0.6,19,F,UNVERIFIED_PUBLISH_PATH|DORMANT|SINGLE_MAINTAINER,1,89,v0.2.0
jquery-columnizer,1.6.3,19,F,UNVERIFIED_PUBLISH_PATH|DORMANT|SINGLE_MAINTAINER,1,89,v0.2.0
nanumsquareneo,0.0.5,19,F,UNVERIFIED_PUBLISH_PATH|DORMANT|SINGLE_MAINTAINER,1,89,v0.2.0
'@aws/amazon-location-migration-sdk,1.4.0,94,A,,4,88,v0.2.0
'@blux.ai/web-sdk,2.2.29,25,F,UNVERIFIED_PUBLISH_PATH|SINGLE_MAINTAINER,1,88,v0.2.0
'@eppo/visual_editor_snippet,0.0.11,35,D,UNVERIFIED_PUBLISH_PATH,10,88,v0.2.0
'@klaxit/cookie-consent,0.3.4,33,F,UNVERIFIED_PUBLISH_PATH|DORMANT,3,88,v0.2.0
'@undp/design-system,2.0.1,73,B,SINGLE_MAINTAINER,1,88,v0.2.0
jquery-pincode-autotab,2.2.3,19,F,UNVERIFIED_PUBLISH_PATH|DORMANT|SINGLE_MAINTAINER,1,88,v0.2.0
nanogram.js,3.2.0,19,F,UNVERIFIED_PUBLISH_PATH|DORMANT|SINGLE_MAINTAINER,1,88,v0.2.0
njx-ui,1.1.4,25,F,UNVERIFIED_PUBLISH_PATH|SINGLE_MAINTAINER,1,88,v0.2.0
timepicker.js,4.1.0,51,C,DORMANT|SINGLE_MAINTAINER,1,88,v0.2.0
zurb-twentytwenty,0.1.1,19,F,UNVERIFIED_PUBLISH_PATH|DORMANT|SINGLE_MAINTAINER,1,88,v0.2.0
'@callmebill/lxgw-wenkai-web,1.522.0,73,B,SINGLE_MAINTAINER,1,87,v0.2.0
'@dmvs-apac/dm-custom-embed,1.5.29,25,F,UNVERIFIED_PUBLISH_PATH|DORMANT|SINGLE_MAINTAINER,1,87,v0.2.0
'@finsweet/attributes-queryparam,1.2.1,28,F,UNVERIFIED_PUBLISH_PATH|DORMANT,2,87,v0.2.0
'@finsweet/cookie-consent,1.15.0,24,F,UNVERIFIED_PUBLISH_PATH|DORMANT,2,87,v0.2.0
cn-fontsource-smiley-sans-oblique-regular,1.0.1,19,F,UNVERIFIED_PUBLISH_PATH|DORMANT|SINGLE_MAINTAINER,1,87,v0.2.0
jellyskin,12.5.1,19,F,UNVERIFIED_PUBLISH_PATH|DORMANT|SINGLE_MAINTAINER,1,86,v0.2.0
jquery-range,1.0.0,19,F,UNVERIFIED_PUBLISH_PATH|DORMANT|SINGLE_MAINTAINER,1,86,v0.2.0
'@deriv-com/marketing-utils,2.2.1,25,F,UNVERIFIED_PUBLISH_PATH|SINGLE_MAINTAINER,1,85,v0.2.0
'@finsweet/attributes-docs,2.0.16,34,F,UNVERIFIED_PUBLISH_PATH,2,85,v0.2.0
'@finsweet/attributes-sliderdots,1.8.0,28,F,UNVERIFIED_PUBLISH_PATH|DORMANT|BRANCH_REQUIRES_PR,2,85,v0.2.0
'@gemeosagency/splide,3.6.0,30,F,UNVERIFIED_PUBLISH_PATH,2,85,v0.2.0
'@wssto2/renault-header-footer-2022,1.16.2,39,D,UNVERIFIED_PUBLISH_PATH,2,85,v0.2.0
mnemo-bot,2026.6.4,25,F,UNVERIFIED_PUBLISH_PATH|SINGLE_MAINTAINER,1,85,v0.2.0
ng-youtube-embed,1.7.17,19,F,UNVERIFIED_PUBLISH_PATH|DORMANT|SINGLE_MAINTAINER,1,85,v0.2.0
'@doctorassistant/daai-component,2.5.2,77,B,,2,84,v0.2.0
'@feedmepos/mf-e-invoice,0.0.87-prod,35,D,UNVERIFIED_PUBLISH_PATH,3,84,v0.2.0
'@finsweet/attributes-readtime,1.2.3,28,F,UNVERIFIED_PUBLISH_PATH|DORMANT|BRANCH_REQUIRES_PR,2,84,v0.2.0
'@india-boundary-corrector/leaflet-layer,0.2.2,73,B,SINGLE_MAINTAINER,1,84,v0.2.0
fitie,1.0.0,19,F,UNVERIFIED_PUBLISH_PATH|DORMANT|SINGLE_MAINTAINER,1,84,v0.2.0
jquery.session,1.0.0,19,F,UNVERIFIED_PUBLISH_PATH|DORMANT|SINGLE_MAINTAINER,1,84,v0.2.0
lazy-load-video,1.0.0,10,F,UNVERIFIED_PUBLISH_PATH|DORMANT|SINGLE_MAINTAINER,1,84,v0.2.0
'@agent-embed/js,0.4.0,21,F,UNVERIFIED_PUBLISH_PATH|SINGLE_MAINTAINER,1,83,v0.2.0
'@bmlt-enabled/croutonjs,4.1.12,84,B,INCONSISTENT_PUBLISH_PATH,5,83,v0.2.0
'@feedmepos/mf-table,0.0.38,30,F,UNVERIFIED_PUBLISH_PATH,3,83,v0.2.0
'@ignf-geoportal/sdk-2d,3.5.6,34,F,UNVERIFIED_PUBLISH_PATH,3,83,v0.2.0
'@lookscanned/web-dist,2.41.0-git-cec1dd8e94cbc1b09bd7627441650144f7b8458b,21,F,UNVERIFIED_PUBLISH_PATH|SINGLE_MAINTAINER,1,83,v0.2.0
add-to-calendar-buttons,1.0.0,19,F,UNVERIFIED_PUBLISH_PATH|DORMANT|SINGLE_MAINTAINER,1,83,v0.2.0
country-code-flag-phone-extension-json,1.0.2,19,F,UNVERIFIED_PUBLISH_PATH|DORMANT|SINGLE_MAINTAINER,1,83,v0.2.0
game-icons-react,0.1.6,20,F,UNVERIFIED_PUBLISH_PATH|SINGLE_MAINTAINER,1,83,v0.2.0
goo-motion-library,1.0.1,15,F,UNVERIFIED_PUBLISH_PATH|DORMANT|SINGLE_MAINTAINER,1,83,v0.2.0
jquery-dropdown-datepicker,1.3.0,14,F,UNVERIFIED_PUBLISH_PATH|DORMANT|SINGLE_MAINTAINER,1,83,v0.2.0
jquery-eu-cookie-law-popup,1.1.3,15,F,UNVERIFIED_PUBLISH_PATH|DORMANT|SINGLE_MAINTAINER,1,83,v0.2.0
kiltel,3.0.0,25,F,UNVERIFIED_PUBLISH_PATH|SINGLE_MAINTAINER,1,83,v0.2.0
myriad-font,0.0.2,19,F,UNVERIFIED_PUBLISH_PATH|DORMANT|SINGLE_MAINTAINER,1,83,v0.2.0
'@feedmepos/mf-operation,0.0.30,30,F,UNVERIFIED_PUBLISH_PATH,3,82,v0.2.0
'@feedmepos/mf-transaction,0.0.71,30,F,UNVERIFIED_PUBLISH_PATH,3,82,v0.2.0
'@filteringdev/namulink,20.6.0,73,B,SINGLE_MAINTAINER,1,82,v0.2.0
'@mariusbongarts/previewbox,0.0.24,19,F,UNVERIFIED_PUBLISH_PATH|DORMANT|SINGLE_MAINTAINER,1,82,v0.2.0
ez-consent,1.4.0,20,F,UNVERIFIED_PUBLISH_PATH|SINGLE_MAINTAINER,1,82,v0.2.0
ficons,1.1.54,33,F,UNVERIFIED_PUBLISH_PATH|DORMANT,3,82,v0.2.0
tripetto-services,2.1.1,29,F,UNVERIFIED_PUBLISH_PATH|DORMANT|DEPRECATED,3,82,v0.2.0
'@alaskaairux/auro-interruption,1.4.5,19,F,UNVERIFIED_PUBLISH_PATH|DORMANT|SINGLE_MAINTAINER|DEPRECATED,1,81,v0.2.0
'@bebranded/bb-contents,1.1.23,25,F,UNVERIFIED_PUBLISH_PATH|SINGLE_MAINTAINER,1,81,v0.2.0
'@finsweet/attributes-countitems,1.6.0,28,F,UNVERIFIED_PUBLISH_PATH|DORMANT|BRANCH_REQUIRES_PR,2,81,v0.2.0
'@frametrail/frametrail,1.2.7,63,C,INCONSISTENT_PUBLISH_PATH|SINGLE_MAINTAINER,1,81,v0.2.0
'@icon/entypo,1.0.0-alpha.3,33,F,UNVERIFIED_PUBLISH_PATH|DORMANT,2,81,v0.2.0
ibp-app,1.2.10,16,F,UNVERIFIED_PUBLISH_PATH|SINGLE_MAINTAINER,1,81,v0.2.0
publicalbum,1.3.4,14,F,UNVERIFIED_PUBLISH_PATH|DORMANT|SINGLE_MAINTAINER,1,81,v0.2.0
'@finsweet/attributes-richtext,1.10.3,34,F,UNVERIFIED_PUBLISH_PATH|BRANCH_REQUIRES_PR,2,80,v0.2.0
lazy-line-painter,2.0.3,19,F,UNVERIFIED_PUBLISH_PATH|DORMANT|SINGLE_MAINTAINER,1,80,v0.2.0
nprogress-esm,0.2.6,19,F,UNVERIFIED_PUBLISH_PATH|DORMANT|SINGLE_MAINTAINER,1,80,v0.2.0
videojs-analytics,1.0.0,15,F,UNVERIFIED_PUBLISH_PATH|DORMANT|SINGLE_MAINTAINER,1,80,v0.2.0
'@animaj/pocoyo,0.2.34,20,F,UNVERIFIED_PUBLISH_PATH|SINGLE_MAINTAINER,1,79,v0.2.0
'@finsweet/attributes-cmsprevnext,1.6.0,28,F,UNVERIFIED_PUBLISH_PATH|DORMANT,2,79,v0.2.0
'@jarstone/dselect,1.0.4,19,F,UNVERIFIED_PUBLISH_PATH|DORMANT|SINGLE_MAINTAINER,1,79,v0.2.0
'@privateav/sdk,3.5.3,25,F,UNVERIFIED_PUBLISH_PATH|SINGLE_MAINTAINER,1,79,v0.2.0
'@r3dz0n3/fontawesome-pro,6.3.0,19,F,UNVERIFIED_PUBLISH_PATH|DORMANT|SINGLE_MAINTAINER,1,79,v0.2.0
'@sendcloud/checkout-plugin-ui,2.4.4,35,D,UNVERIFIED_PUBLISH_PATH,4,79,v0.2.0
docsify-pagination-keyboard-helper,1.0.5,19,F,UNVERIFIED_PUBLISH_PATH|DORMANT|SINGLE_MAINTAINER,1,79,v0.2.0
searchinghost,1.6.2,19,F,UNVERIFIED_PUBLISH_PATH|DORMANT|SINGLE_MAINTAINER,1,79,v0.2.0
'@feedmepos/mf-settings,0.0.75-dev.1,30,F,UNVERIFIED_PUBLISH_PATH,3,78,v0.2.0
'@icon/elegant-icons,0.0.1-alpha.4,33,F,UNVERIFIED_PUBLISH_PATH|DORMANT,2,78,v0.2.0
'@intergrav/devins-badges,3.3.1,16,F,UNVERIFIED_PUBLISH_PATH|SINGLE_MAINTAINER,1,78,v0.2.0
'@jsuites/css,1.5.2,25,F,UNVERIFIED_PUBLISH_PATH|SINGLE_MAINTAINER,1,78,v0.2.0
'@kfonts/line-seed-sans-kr,0.1.0,19,F,UNVERIFIED_PUBLISH_PATH|DORMANT|SINGLE_MAINTAINER,1,78,v0.2.0
'@nortic/icons,0.1.6,34,F,UNVERIFIED_PUBLISH_PATH,4,78,v0.2.0
'@rtirl/api,1.2.1,15,F,UNVERIFIED_PUBLISH_PATH|DORMANT|SINGLE_MAINTAINER,1,78,v0.2.0
cookie-bar,1.10.3,19,F,UNVERIFIED_PUBLISH_PATH|DORMANT|SINGLE_MAINTAINER,1,78,v0.2.0
katex-copytex,1.0.2,19,F,UNVERIFIED_PUBLISH_PATH|DORMANT|SINGLE_MAINTAINER,1,78,v0.2.0
morphext,2.4.7,19,F,UNVERIFIED_PUBLISH_PATH|DORMANT|SINGLE_MAINTAINER,1,78,v0.2.0
starry-rating,5.1.0,19,F,UNVERIFIED_PUBLISH_PATH|DORMANT|SINGLE_MAINTAINER,1,78,v0.2.0
statsig-sidecar-v2-beta,2.6.2,39,D,UNVERIFIED_PUBLISH_PATH,7,78,v0.2.0
'@aurodesignsystem/auro-sidenav,5.1.1,89,A,,8,77,v0.2.0
'@beyonk/embedded,4.1.0,30,F,UNVERIFIED_PUBLISH_PATH,7,77,v0.2.0
'@digital-realty/ui-my-account,12.0.6,30,F,UNVERIFIED_PUBLISH_PATH,4,77,v0.2.0
'@esri/hub-components,5.420.1,39,D,UNVERIFIED_PUBLISH_PATH,18,77,v0.2.0
'@finsweet/3dglobes,1.0.0,33,F,UNVERIFIED_PUBLISH_PATH|DORMANT,2,77,v0.2.0
'@freshworks/crayons-icon,1.3.1,33,F,UNVERIFIED_PUBLISH_PATH|DORMANT,21,77,v0.2.0
'@swarmcloud/media,1.3.2,25,F,UNVERIFIED_PUBLISH_PATH|SINGLE_MAINTAINER,1,77,v0.2.0
'@uscreentv/video-player,1.4.0,34,F,UNVERIFIED_PUBLISH_PATH|PUBLISHER_NOT_MAINTAINER,2,77,v0.2.0
ant-design-icons,1.3.3,19,F,UNVERIFIED_PUBLISH_PATH|DORMANT|SINGLE_MAINTAINER,1,77,v0.2.0
detect_swipe,2.1.4,19,F,UNVERIFIED_PUBLISH_PATH|DORMANT|SINGLE_MAINTAINER,1,77,v0.2.0
extra-map-card,1.8.0,25,F,UNVERIFIED_PUBLISH_PATH|SINGLE_MAINTAINER,1,77,v0.2.0
jq-accordion,1.0.3,19,F,UNVERIFIED_PUBLISH_PATH|DORMANT|SINGLE_MAINTAINER,1,77,v0.2.0
razzle-hacknews,1.0.0,14,F,UNVERIFIED_PUBLISH_PATH|DORMANT|SINGLE_MAINTAINER|PUBLISHER_NOT_MAINTAINER,1,77,v0.2.0
soundfont-for-samplers,0.0.3,21,F,UNVERIFIED_PUBLISH_PATH|SINGLE_MAINTAINER,1,77,v0.2.0
t-datepicker,1.0.4,15,F,UNVERIFIED_PUBLISH_PATH|DORMANT|SINGLE_MAINTAINER,1,77,v0.2.0
'@finsweet/attributes-cmscore,1.13.1,34,F,UNVERIFIED_PUBLISH_PATH|BRANCH_REQUIRES_PR,2,76,v0.2.0
'@finsweet/attributes-codehighlight,1.5.2,28,F,UNVERIFIED_PUBLISH_PATH|DORMANT,2,76,v0.2.0
'@finsweet/attributes-combobox,1.0.7,28,F,UNVERIFIED_PUBLISH_PATH|DORMANT|BRANCH_REQUIRES_PR,2,76,v0.2.0
'@metaxia/scriptures-source-openscriptures-ohb,2.0.0,25,F,UNVERIFIED_PUBLISH_PATH|SINGLE_MAINTAINER,1,76,v0.2.0
'@wssto2/rv-nissan-header-footer,1.10.0,34,F,UNVERIFIED_PUBLISH_PATH,2,76,v0.2.0
'@zkreations/tooltips,4.2.2,25,F,UNVERIFIED_PUBLISH_PATH|SINGLE_MAINTAINER,1,76,v0.2.0
gcal-sync,2.1.3,20,F,UNVERIFIED_PUBLISH_PATH|SINGLE_MAINTAINER,1,76,v0.2.0
heroui-chat-script,0.0.3,35,D,UNVERIFIED_PUBLISH_PATH,3,76,v0.2.0
ms-dropdown,4.0.3,19,F,UNVERIFIED_PUBLISH_PATH|DORMANT|SINGLE_MAINTAINER,1,76,v0.2.0
'@emretulek/jbvalidator,1.0.9,19,F,UNVERIFIED_PUBLISH_PATH|DORMANT|SINGLE_MAINTAINER,1,75,v0.2.0
'@farcade/game-sdk,0.3.0,35,D,UNVERIFIED_PUBLISH_PATH,3,75,v0.2.0
'@finsweet/fs-components,2.3.56,34,F,UNVERIFIED_PUBLISH_PATH,2,75,v0.2.0
'@gumlet/insights-js-core,2.2.3,39,D,UNVERIFIED_PUBLISH_PATH,2,75,v0.2.0
font-applesdgothicneo,1.0.3,19,F,UNVERIFIED_PUBLISH_PATH|DORMANT|SINGLE_MAINTAINER,1,75,v0.2.0
jquery-images-compare,4.0.0,73,B,SINGLE_MAINTAINER,1,75,v0.2.0
responsively-lazy,3.2.1,19,F,UNVERIFIED_PUBLISH_PATH|DORMANT|SINGLE_MAINTAINER,1,75,v0.2.0
'@egiftcard/chain-icons,1.0.5,19,F,UNVERIFIED_PUBLISH_PATH|DORMANT|SINGLE_MAINTAINER,1,74,v0.2.0
'@epigraph/ar,2.11.6,35,D,UNVERIFIED_PUBLISH_PATH,4,74,v0.2.0
'@feedmepos/mf-service-charge,0.0.9-alpha.0,30,F,UNVERIFIED_PUBLISH_PATH,3,74,v0.2.0
'@justinribeiro/lite-tiktok,0.1.0,19,F,UNVERIFIED_PUBLISH_PATH|DORMANT|SINGLE_MAINTAINER,1,74,v0.2.0
'@turingpaper/ui,0.0.16,21,F,UNVERIFIED_PUBLISH_PATH|SINGLE_MAINTAINER,1,74,v0.2.0
accessible-menu-bootstrap-5,2.1.0,19,F,UNVERIFIED_PUBLISH_PATH|DORMANT|SINGLE_MAINTAINER,1,74,v0.2.0
fa6,2.0.1,15,F,UNVERIFIED_PUBLISH_PATH|DORMANT|SINGLE_MAINTAINER,1,74,v0.2.0
jquery.cookie-consent,1.0.19,19,F,UNVERIFIED_PUBLISH_PATH|DORMANT|SINGLE_MAINTAINER,1,74,v0.2.0
pretendard-std,1.3.9,19,F,UNVERIFIED_PUBLISH_PATH|DORMANT|SINGLE_MAINTAINER,1,74,v0.2.0
'@feedmepos/mf-discount-rule,0.0.9-alpha.0,30,F,UNVERIFIED_PUBLISH_PATH,3,73,v0.2.0
'@feedmepos/mf-feedback,0.0.18,30,F,UNVERIFIED_PUBLISH_PATH,3,73,v0.2.0
'@openuiai/next,16.3.0,32,F,UNVERIFIED_PUBLISH_PATH|SINGLE_MAINTAINER,1,73,v0.2.0
'@prefecthq/prefab-ui-docs,0.20.2,77,B,INCONSISTENT_PUBLISH_PATH,3,73,v0.2.0
'@seedgou/dos.lol,9.4.1-git-14ebc749c0b120965b54d2af92025c3e6d23b78a,21,F,UNVERIFIED_PUBLISH_PATH|SINGLE_MAINTAINER,1,73,v0.2.0
botman-web-widget,0.0.20,15,F,UNVERIFIED_PUBLISH_PATH|DORMANT|SINGLE_MAINTAINER,1,73,v0.2.0
jgallery,2.2.0,15,F,UNVERIFIED_PUBLISH_PATH|DORMANT|SINGLE_MAINTAINER,1,73,v0.2.0
joshjs,1.0.8,19,F,UNVERIFIED_PUBLISH_PATH|DORMANT|SINGLE_MAINTAINER,1,73,v0.2.0
'@finsweet/attributes-smartlightbox,1.7.0,28,F,UNVERIFIED_PUBLISH_PATH|DORMANT,2,72,v0.2.0
'@flowbase-co/boosters-before-after-slider,1.0.3,34,F,UNVERIFIED_PUBLISH_PATH,2,72,v0.2.0
'@optiaxiom/web-components,3.0.4,89,A,,2,72,v0.2.0
game-icons-transparent,1.0.2,16,F,UNVERIFIED_PUBLISH_PATH|SINGLE_MAINTAINER,1,72,v0.2.0
n8n-embedded-chat-interface,0.4.0,25,F,UNVERIFIED_PUBLISH_PATH|SINGLE_MAINTAINER,1,72,v0.2.0
'@feedmepos/mf-admin,0.0.1-beta.2,35,D,UNVERIFIED_PUBLISH_PATH,3,71,v0.2.0
'@finsweet/attributes-starrating,1.0.2,28,F,UNVERIFIED_PUBLISH_PATH|DORMANT,2,71,v0.2.0
'@inboundlabs/booya-ui,0.2.91,29,F,UNVERIFIED_PUBLISH_PATH|DORMANT,2,71,v0.2.0
'@jspreadsheet/pivot,1.1.0,25,F,UNVERIFIED_PUBLISH_PATH|SINGLE_MAINTAINER,1,71,v0.2.0
'@tulipnpm/livechat,1.7.4,15,F,UNVERIFIED_PUBLISH_PATH|DORMANT|SINGLE_MAINTAINER,1,71,v0.2.0
browser-cookie-utils,2.0.1,25,F,UNVERIFIED_PUBLISH_PATH|SINGLE_MAINTAINER,1,71,v0.2.0
hello-week,2.14.3,19,F,UNVERIFIED_PUBLISH_PATH|DORMANT|SINGLE_MAINTAINER,1,71,v0.2.0
jsonlylightbox,0.5.5,19,F,UNVERIFIED_PUBLISH_PATH|DORMANT|SINGLE_MAINTAINER,1,71,v0.2.0
socks-ui,0.3.13,21,F,UNVERIFIED_PUBLISH_PATH|SINGLE_MAINTAINER,1,71,v0.2.0
videojs-http-quality-selector,1.2.1,19,F,UNVERIFIED_PUBLISH_PATH|DORMANT|SINGLE_MAINTAINER,1,71,v0.2.0
'@bibleup/bibleup,1.1.0,19,F,UNVERIFIED_PUBLISH_PATH|DORMANT|SINGLE_MAINTAINER,1,70,v0.2.0
angular-validation-ghiscoding,1.5.28,19,F,UNVERIFIED_PUBLISH_PATH|DORMANT|SINGLE_MAINTAINER|DEPRECATED,1,70,v0.2.0
artplayer-plugin-hls-quality,2.0.1,19,F,UNVERIFIED_PUBLISH_PATH|DORMANT|SINGLE_MAINTAINER|DEPRECATED,1,70,v0.2.0
citizendev-bubble-utils,0.0.10,10,F,UNVERIFIED_PUBLISH_PATH|DORMANT|SINGLE_MAINTAINER,1,70,v0.2.0
iconsax-font-icon,1.1.0,19,F,UNVERIFIED_PUBLISH_PATH|DORMANT|SINGLE_MAINTAINER,1,70,v0.2.0
leaflet-tag-filter-button,0.0.5,19,F,UNVERIFIED_PUBLISH_PATH|DORMANT|SINGLE_MAINTAINER,1,70,v0.2.0
'@data-fair/app-charts,1.3.9,35,D,UNVERIFIED_PUBLISH_PATH,3,69,v0.2.0
'@finsweet/attributes-cmsattribute,1.3.0,28,F,UNVERIFIED_PUBLISH_PATH|DORMANT,2,69,v0.2.0
ping-widget,0.3.8,19,F,UNVERIFIED_PUBLISH_PATH|DORMANT|SINGLE_MAINTAINER,1,69,v0.2.0
chiron-hei-hk-webfont,2.6.9,68,C,SINGLE_MAINTAINER,1,68,v0.2.0
ixn2,1.0.0,19,F,UNVERIFIED_PUBLISH_PATH|DORMANT|SINGLE_MAINTAINER,1,68,v0.2.0
rubik-font,0.0.3,10,F,UNVERIFIED_PUBLISH_PATH|DORMANT|SINGLE_MAINTAINER,1,68,v0.2.0
zebra_tooltips,2.4.1,25,F,UNVERIFIED_PUBLISH_PATH|SINGLE_MAINTAINER,1,68,v0.2.0
'@list-kr/tinyshield,1.8.1,63,C,SINGLE_MAINTAINER,1,67,v0.2.0
'@vntana/viewer,2.3.0,16,F,UNVERIFIED_PUBLISH_PATH,0,67,v0.2.0
'@zf-web-font/sourcehansanscn,0.2.0,10,F,UNVERIFIED_PUBLISH_PATH|DORMANT|SINGLE_MAINTAINER,1,67,v0.2.0
bulma-social,3.2.0,73,B,SINGLE_MAINTAINER,1,67,v0.2.0
jsonview,1.2.0,14,F,UNVERIFIED_PUBLISH_PATH|DORMANT|SINGLE_MAINTAINER,1,67,v0.2.0
litlyx-js,1.4.0,21,F,UNVERIFIED_PUBLISH_PATH|SINGLE_MAINTAINER,1,67,v0.2.0
pikaday-responsive,0.7.0,15,F,UNVERIFIED_PUBLISH_PATH|DORMANT|SINGLE_MAINTAINER,1,67,v0.2.0
'@finsweet/attributes-inputactive,1.0.0,28,F,UNVERIFIED_PUBLISH_PATH|DORMANT|BRANCH_REQUIRES_PR,2,66,v0.2.0
'@finsweet/attributes-mirrorclick,1.5.0,28,F,UNVERIFIED_PUBLISH_PATH|DORMANT|BRANCH_REQUIRES_PR,2,66,v0.2.0
'@finsweet/attributes-mirrorinput,1.4.0,28,F,UNVERIFIED_PUBLISH_PATH|DORMANT,2,66,v0.2.0
'@goodgamestudios/cxf-webshop,7.1.10,35,D,UNVERIFIED_PUBLISH_PATH,27,66,v0.2.0
'@swarmcloud/shaka,0.8.5,25,F,UNVERIFIED_PUBLISH_PATH|SINGLE_MAINTAINER,1,66,v0.2.0
'@vamlabs/vam-chatbot,0.1.82,39,D,UNVERIFIED_PUBLISH_PATH,2,66,v0.2.0
leaflet.styledlayercontrol,1.0.0,14,F,UNVERIFIED_PUBLISH_PATH|DORMANT|SINGLE_MAINTAINER,1,66,v0.2.0
midnight.js,1.1.1,19,F,UNVERIFIED_PUBLISH_PATH|DORMANT|SINGLE_MAINTAINER,1,66,v0.2.0
pjax-api,3.44.1,19,F,UNVERIFIED_PUBLISH_PATH|DORMANT|SINGLE_MAINTAINER,1,66,v0.2.0
tecatecom,0.0.48,15,F,UNVERIFIED_PUBLISH_PATH|DORMANT|SINGLE_MAINTAINER,1,66,v0.2.0
'@blinkmobile/canvas-manipulation,1.0.1,28,F,UNVERIFIED_PUBLISH_PATH|DORMANT|PUBLISHER_NOT_MAINTAINER|DEPRECATED,5,65,v0.2.0
'@finsweet/attributes-formsubmit,1.4.1,28,F,UNVERIFIED_PUBLISH_PATH|DORMANT|BRANCH_REQUIRES_PR,2,65,v0.2.0
'@finsweet/attributes-selectcustom,1.7.2,28,F,UNVERIFIED_PUBLISH_PATH|DORMANT|BRANCH_REQUIRES_PR,2,65,v0.2.0
'@jspreadsheet/comments,6.3.3,25,F,UNVERIFIED_PUBLISH_PATH|SINGLE_MAINTAINER,1,65,v0.2.0
'@jspreadsheet/format,4.0.1,25,F,UNVERIFIED_PUBLISH_PATH|SINGLE_MAINTAINER,1,65,v0.2.0
'@searchtap/search-client,1.3.0,33,F,UNVERIFIED_PUBLISH_PATH|DORMANT,3,65,v0.2.0
'@staytuned-io/sdk-v2,2.0.41,39,D,UNVERIFIED_PUBLISH_PATH,5,65,v0.2.0
docsify-count,1.1.0,19,F,UNVERIFIED_PUBLISH_PATH|DORMANT|SINGLE_MAINTAINER,1,65,v0.2.0
jquery-captcha,2.3.2,19,F,UNVERIFIED_PUBLISH_PATH|DORMANT|SINGLE_MAINTAINER,1,65,v0.2.0
jquery.iframetracker,2.1.0,19,F,UNVERIFIED_PUBLISH_PATH|DORMANT|SINGLE_MAINTAINER,1,65,v0.2.0
'@digital-realty/ui-mfe-dcim,12.0.2,30,F,UNVERIFIED_PUBLISH_PATH,4,64,v0.2.0
'@figmania/loader,3.3.10,15,F,UNVERIFIED_PUBLISH_PATH|DORMANT|SINGLE_MAINTAINER,1,64,v0.2.0
'@finsweet/attributes-inputcounter,1.2.5,28,F,UNVERIFIED_PUBLISH_PATH|DORMANT,2,64,v0.2.0
'@flowbase-co/boosters-custom-slider-webflow,2.0.3,34,F,UNVERIFIED_PUBLISH_PATH,2,64,v0.2.0
'@keyurmaru/vad,0.0.1,25,F,UNVERIFIED_PUBLISH_PATH|SINGLE_MAINTAINER,1,64,v0.2.0
'@teamepyc/webflow-toolkit,0.4.4,28,F,UNVERIFIED_PUBLISH_PATH|DORMANT,2,64,v0.2.0
appblocks,2.1.1,25,F,UNVERIFIED_PUBLISH_PATH|SINGLE_MAINTAINER,1,64,v0.2.0
javascript-debounce,1.0.1,19,F,UNVERIFIED_PUBLISH_PATH|DORMANT|SINGLE_MAINTAINER,1,64,v0.2.0
material-icon-font,3.0.1,19,F,UNVERIFIED_PUBLISH_PATH|DORMANT|SINGLE_MAINTAINER,1,64,v0.2.0
quran-cloud,1.0.0,14,F,UNVERIFIED_PUBLISH_PATH|DORMANT|SINGLE_MAINTAINER,1,64,v0.2.0
'@dvdevcz/components,0.2.8,29,F,UNVERIFIED_PUBLISH_PATH|DORMANT,2,63,v0.2.0
'@koumoul/v-iframe,2.4.5,39,D,UNVERIFIED_PUBLISH_PATH,3,63,v0.2.0
'@vuesimple/vs-datepicker,3.1.6,25,F,UNVERIFIED_PUBLISH_PATH|SINGLE_MAINTAINER,1,63,v0.2.0
clappr-stats,0.1.5,33,F,UNVERIFIED_PUBLISH_PATH|DORMANT,6,63,v0.2.0
dzxstatic,3.4.20211231,10,F,UNVERIFIED_PUBLISH_PATH|DORMANT|SINGLE_MAINTAINER,1,63,v0.2.0
knockout-viewmodel,2.1.0,19,F,UNVERIFIED_PUBLISH_PATH|DORMANT|SINGLE_MAINTAINER,1,63,v0.2.0
zebra_pin,3.0.1,19,F,UNVERIFIED_PUBLISH_PATH|DORMANT|SINGLE_MAINTAINER,1,63,v0.2.0
'@flowbase-co/boosters-social-share,1.0.2,34,F,UNVERIFIED_PUBLISH_PATH,2,62,v0.2.0
'@litemetrics/tracker,0.4.0,20,F,UNVERIFIED_PUBLISH_PATH|SINGLE_MAINTAINER,1,62,v0.2.0
'@lunarkid/react-data-grid,2.0.78,14,F,UNVERIFIED_PUBLISH_PATH|DORMANT|SINGLE_MAINTAINER,1,62,v0.2.0
'@oplayer/core,1.2.38-beta.2,10,F,UNVERIFIED_PUBLISH_PATH|DORMANT|SINGLE_MAINTAINER,1,62,v0.2.0
'@theidentityselector/thiss-ds,3.0.3,39,D,UNVERIFIED_PUBLISH_PATH,3,62,v0.2.0
elaina-theme-data,4.5.1,25,F,UNVERIFIED_PUBLISH_PATH|SINGLE_MAINTAINER,1,62,v0.2.0
jquery-imagemapster,1.2.10,19,F,UNVERIFIED_PUBLISH_PATH|DORMANT|SINGLE_MAINTAINER|DEPRECATED,1,62,v0.2.0
ng-browser-detector,4.0.3,19,F,UNVERIFIED_PUBLISH_PATH|DORMANT|SINGLE_MAINTAINER,1,62,v0.2.0
polyfill-object-assign,1.0.0,19,F,UNVERIFIED_PUBLISH_PATH|DORMANT|SINGLE_MAINTAINER,1,62,v0.2.0
strophe,1.2.4,19,F,UNVERIFIED_PUBLISH_PATH|DORMANT|SINGLE_MAINTAINER|DEPRECATED,1,62,v0.2.0
videojs7-vimeo,2.0.3,19,F,UNVERIFIED_PUBLISH_PATH|DORMANT|SINGLE_MAINTAINER,1,62,v0.2.0
'@getnexorai/sdk,0.1.7,35,D,UNVERIFIED_PUBLISH_PATH,2,61,v0.2.0
'@managed-api/slack-core,2.4.0,30,F,UNVERIFIED_PUBLISH_PATH,9,61,v0.2.0
'@staytuned-io/web-components,1.0.30,33,F,UNVERIFIED_PUBLISH_PATH|DORMANT,5,61,v0.2.0
bootstrap-v4-grid-only,1.0.0,19,F,UNVERIFIED_PUBLISH_PATH|DORMANT|SINGLE_MAINTAINER,1,61,v0.2.0
jquery-shadow-animation,1.12.0,19,F,UNVERIFIED_PUBLISH_PATH|DORMANT|SINGLE_MAINTAINER,1,61,v0.2.0
'@finsweet/attributes-a11y,1.1.3,28,F,UNVERIFIED_PUBLISH_PATH|DORMANT|BRANCH_REQUIRES_PR,2,60,v0.2.0
'@glenlowland/jellyfin-tizen,0.1.51,19,F,UNVERIFIED_PUBLISH_PATH|DORMANT|SINGLE_MAINTAINER,1,60,v0.2.0
'@mailbiz/onsite-vtex-vendor,0.11.6,35,D,UNVERIFIED_PUBLISH_PATH,3,60,v0.2.0
hockeystack,1.3.234,39,D,UNVERIFIED_PUBLISH_PATH,3,60,v0.2.0
infiniteslidev2,2.0.1-1,19,F,UNVERIFIED_PUBLISH_PATH|DORMANT|SINGLE_MAINTAINER,1,60,v0.2.0
jquery.appendgrid,2.1.1,19,F,UNVERIFIED_PUBLISH_PATH|DORMANT|SINGLE_MAINTAINER,1,60,v0.2.0
leaflet-tooltip,1.0.4,15,F,UNVERIFIED_PUBLISH_PATH|DORMANT|SINGLE_MAINTAINER,1,60,v0.2.0
videojs-qualityselector,0.0.4,15,F,UNVERIFIED_PUBLISH_PATH|DORMANT|SINGLE_MAINTAINER,1,60,v0.2.0
'@alaskaairux/auro-button,6.6.0,26,F,UNVERIFIED_PUBLISH_PATH|DORMANT|SINGLE_MAINTAINER,1,59,v0.2.0
'@handsfree/aa-launcher,2.1.54,39,D,UNVERIFIED_PUBLISH_PATH,4,59,v0.2.0
'@jobinsjp/vue3-datepicker,1.0.2-jobins-03,19,F,UNVERIFIED_PUBLISH_PATH|DORMANT|SINGLE_MAINTAINER,1,59,v0.2.0
'@pluralsight/design-tokens,0.7.1,14,F,UNVERIFIED_PUBLISH_PATH|DORMANT|SINGLE_MAINTAINER,1,59,v0.2.0
joe-header,2.0.13,35,D,UNVERIFIED_PUBLISH_PATH,2,59,v0.2.0
map-fanbox-points,0.1.1,21,F,UNVERIFIED_PUBLISH_PATH|SINGLE_MAINTAINER,1,59,v0.2.0
pstpn-webfont-montserrat,0.0.5,10,F,UNVERIFIED_PUBLISH_PATH|DORMANT|SINGLE_MAINTAINER,1,59,v0.2.0
timepicki,2.0.1,19,F,UNVERIFIED_PUBLISH_PATH|DORMANT|SINGLE_MAINTAINER|DEPRECATED,1,59,v0.2.0
'@finsweet/attributes-toc,1.2.4,28,F,UNVERIFIED_PUBLISH_PATH|DORMANT|BRANCH_REQUIRES_PR,2,58,v0.2.0
'@fontpkg/alibaba-pu-hui-ti-2-0,2.0.2,20,F,UNVERIFIED_PUBLISH_PATH|SINGLE_MAINTAINER,1,58,v0.2.0
'@free-fonts/plangothic,1.0.0,25,F,UNVERIFIED_PUBLISH_PATH|SINGLE_MAINTAINER,1,58,v0.2.0
'@perfectgym/client-portal,1.13.3,39,D,UNVERIFIED_PUBLISH_PATH,3,58,v0.2.0
'@pwabuilder/pwaauth,0.9.7,24,F,UNVERIFIED_PUBLISH_PATH|DORMANT|PUBLISHER_NOT_MAINTAINER,3,58,v0.2.0
'@widgetti/solara-vuetify-app,10.1.1,93,A,,3,58,v0.2.0
bpg-arial,1.0.0,19,F,UNVERIFIED_PUBLISH_PATH|DORMANT|SINGLE_MAINTAINER,1,58,v0.2.0
feather-icon,0.1.0,19,F,UNVERIFIED_PUBLISH_PATH|DORMANT|SINGLE_MAINTAINER,1,58,v0.2.0
level-selector,0.2.0,19,F,UNVERIFIED_PUBLISH_PATH|DORMANT|SINGLE_MAINTAINER,1,58,v0.2.0
timelinejs3,3.4.0,19,F,UNVERIFIED_PUBLISH_PATH|DORMANT|SINGLE_MAINTAINER,1,58,v0.2.0
'@aarhus-university/au-lib-react-components,12.6.3,35,D,UNVERIFIED_PUBLISH_PATH,8,57,v0.2.0
'@bro-design/bro-marquee,1.0.1,25,F,UNVERIFIED_PUBLISH_PATH|SINGLE_MAINTAINER,1,57,v0.2.0
'@digital-realty/ui-mfe-reports,12.0.2,30,F,UNVERIFIED_PUBLISH_PATH,4,57,v0.2.0
'@redvars/peacock,3.9.1,63,C,INCONSISTENT_PUBLISH_PATH|SINGLE_MAINTAINER,1,57,v0.2.0
'@swisspost/internet-header,1.17.0,95,A,,4,57,v0.2.0
'@umich-lib/components,1.1.0,29,F,UNVERIFIED_PUBLISH_PATH|DORMANT,7,57,v0.2.0
amwal-checkout-button,0.2.3,35,D,UNVERIFIED_PUBLISH_PATH,3,57,v0.2.0
line-seed-jp,0.0.5,15,F,UNVERIFIED_PUBLISH_PATH|DORMANT|SINGLE_MAINTAINER,1,57,v0.2.0
'@evlop/commons,1.0.388,35,D,UNVERIFIED_PUBLISH_PATH,2,56,v0.2.0
'@finsweet/attributes-cmsselect,1.7.0,28,F,UNVERIFIED_PUBLISH_PATH|DORMANT|BRANCH_REQUIRES_PR,2,56,v0.2.0
'@rive-app/flutter-native-wasm,42.0.0,34,F,UNVERIFIED_PUBLISH_PATH|BRANCH_REQUIRES_PR,5,56,v0.2.0
bootstrap-tree-view,1.9.13,10,F,UNVERIFIED_PUBLISH_PATH|DORMANT|SINGLE_MAINTAINER,1,56,v0.2.0
cwru-components,0.0.44,35,D,UNVERIFIED_PUBLISH_PATH,2,56,v0.2.0
evrythng,6.0.5,19,F,UNVERIFIED_PUBLISH_PATH|DORMANT|SINGLE_MAINTAINER,1,56,v0.2.0
imaskjs,1.1.1,19,F,UNVERIFIED_PUBLISH_PATH|DORMANT|SINGLE_MAINTAINER|DEPRECATED,1,56,v0.2.0
outdated-browser,1.0.2,19,F,UNVERIFIED_PUBLISH_PATH|DORMANT|SINGLE_MAINTAINER,1,56,v0.2.0
roboto-fontface-woff,0.8.0,19,F,UNVERIFIED_PUBLISH_PATH|DORMANT|SINGLE_MAINTAINER,1,56,v0.2.0
unite-lib,1.12.1,21,F,UNVERIFIED_PUBLISH_PATH|SINGLE_MAINTAINER,1,56,v0.2.0
'@aydee-app/icons,1.3.11,21,F,UNVERIFIED_PUBLISH_PATH|SINGLE_MAINTAINER,1,55,v0.2.0
'@framerauth/sdk,2.1.7,21,F,UNVERIFIED_PUBLISH_PATH|SINGLE_MAINTAINER,1,55,v0.2.0
'@tips-web/webchat,3.1.2,39,D,UNVERIFIED_PUBLISH_PATH,3,55,v0.2.0
jquery-common-keydown,1.0.1,19,F,UNVERIFIED_PUBLISH_PATH|DORMANT|SINGLE_MAINTAINER,1,55,v0.2.0
livcounter,1.0.0,10,F,UNVERIFIED_PUBLISH_PATH|DORMANT|SINGLE_MAINTAINER,1,55,v0.2.0
'@imshaiksaif/webflow-marquee,3.0.1,10,F,UNVERIFIED_PUBLISH_PATH|DORMANT|SINGLE_MAINTAINER,1,54,v0.2.0
aksharamukha,2.3.0-32,63,C,INCONSISTENT_PUBLISH_PATH|SINGLE_MAINTAINER,1,54,v0.2.0
alpheios-embedded,3.4.2-incr-3.4.x.20220429024,33,F,UNVERIFIED_PUBLISH_PATH|DORMANT,3,54,v0.2.0
banks-in-india,0.3.2,25,F,UNVERIFIED_PUBLISH_PATH|SINGLE_MAINTAINER,1,54,v0.2.0
bootstrap-modbox,1.7.0,19,F,UNVERIFIED_PUBLISH_PATH|DORMANT|SINGLE_MAINTAINER,1,54,v0.2.0
font-pingfang-sc,1.0.5,15,F,UNVERIFIED_PUBLISH_PATH|DORMANT|SINGLE_MAINTAINER,1,54,v0.2.0
japhy-custom-elements,1.0.73,21,F,UNVERIFIED_PUBLISH_PATH|SINGLE_MAINTAINER,1,54,v0.2.0
jquery-roving-tabindex,1.0.1,19,F,UNVERIFIED_PUBLISH_PATH|DORMANT|SINGLE_MAINTAINER,1,54,v0.2.0
miam-injector,1.47.14,30,F,UNVERIFIED_PUBLISH_PATH,3,54,v0.2.0
statsig-js-local-eval,1.4.0,28,F,UNVERIFIED_PUBLISH_PATH|DORMANT|PUBLISHER_NOT_MAINTAINER|DEPRECATED,2,54,v0.2.0
videojs-schema,0.8.0,19,F,UNVERIFIED_PUBLISH_PATH|DORMANT|SINGLE_MAINTAINER|BRANCH_REQUIRES_PR,1,54,v0.2.0
wavify,1.0.0,19,F,UNVERIFIED_PUBLISH_PATH|DORMANT|SINGLE_MAINTAINER,1,54,v0.2.0
'@finsweet/attributes-socialshare,1.3.2,28,F,UNVERIFIED_PUBLISH_PATH|DORMANT|BRANCH_REQUIRES_PR,2,53,v0.2.0
'@hanzi.pro/webfonts-shanggu-serif,0.1.0,52,C,INCONSISTENT_PUBLISH_PATH|SINGLE_MAINTAINER,1,53,v0.2.0
'@marqueefy/marqueefy,1.0.3,19,F,UNVERIFIED_PUBLISH_PATH|DORMANT|SINGLE_MAINTAINER,1,53,v0.2.0
'@pairbo/ui-kit,0.4.23,21,F,UNVERIFIED_PUBLISH_PATH|SINGLE_MAINTAINER,1,53,v0.2.0
'@vuesimple/vs-modal,3.1.6,25,F,UNVERIFIED_PUBLISH_PATH|SINGLE_MAINTAINER,1,53,v0.2.0
alibabapuhuiti-3-55-regular,1.0.0,15,F,UNVERIFIED_PUBLISH_PATH|DORMANT|SINGLE_MAINTAINER,1,53,v0.2.0
jquery-simple-mobilemenu,2.0.1,19,F,UNVERIFIED_PUBLISH_PATH|DORMANT|SINGLE_MAINTAINER,1,53,v0.2.0
'@alaskaairux/auro-icon,3.4.4,26,F,UNVERIFIED_PUBLISH_PATH|DORMANT|SINGLE_MAINTAINER|DEPRECATED,1,52,v0.2.0
'@blinkmobile/angular-signature-pad,1.0.1,33,F,UNVERIFIED_PUBLISH_PATH|DORMANT|DEPRECATED,5,52,v0.2.0
'@live-codes/monaco-editor,0.3.1,21,F,UNVERIFIED_PUBLISH_PATH|SINGLE_MAINTAINER,1,52,v0.2.0
'@mailbiz/onsite-linxcommerce-vendor,0.10.0,35,D,UNVERIFIED_PUBLISH_PATH,3,52,v0.2.0
'@page-speed/svg-loader,1.7.4,39,D,UNVERIFIED_PUBLISH_PATH,2,52,v0.2.0
antd-button,1.0.1,10,F,UNVERIFIED_PUBLISH_PATH|DORMANT|SINGLE_MAINTAINER,1,52,v0.2.0
leaflet-control-boxzoom,1.5.0,19,F,UNVERIFIED_PUBLISH_PATH|DORMANT|SINGLE_MAINTAINER,1,52,v0.2.0
simple-load-more,1.6.2,19,F,UNVERIFIED_PUBLISH_PATH|DORMANT|SINGLE_MAINTAINER,1,52,v0.2.0
'@formconnector/form-utils,1.0.15,30,F,UNVERIFIED_PUBLISH_PATH,4,51,v0.2.0
'@speechkit/speechkit-audio-player,3.18.30,28,F,UNVERIFIED_PUBLISH_PATH|DORMANT|PUBLISHER_NOT_MAINTAINER,2,51,v0.2.0
busuanzi,2.3.0,19,F,UNVERIFIED_PUBLISH_PATH|DORMANT|SINGLE_MAINTAINER,1,51,v0.2.0
restack-mobile-cli,0.3.9,15,F,UNVERIFIED_PUBLISH_PATH|DORMANT|SINGLE_MAINTAINER,1,51,v0.2.0
swarmcloud-hls,2.18.0,25,F,UNVERIFIED_PUBLISH_PATH|SINGLE_MAINTAINER,1,51,v0.2.0
swipe-up,1.2.16,19,F,UNVERIFIED_PUBLISH_PATH|DORMANT|SINGLE_MAINTAINER,1,51,v0.2.0
vue-axios-plugin,1.3.0,19,F,UNVERIFIED_PUBLISH_PATH|DORMANT|SINGLE_MAINTAINER,1,51,v0.2.0
'@saccerwin/antigravity-flow,1.1.3,21,F,UNVERIFIED_PUBLISH_PATH|SINGLE_MAINTAINER,1,50,v0.2.0
'@umich-lib/web,1.3.2,29,F,UNVERIFIED_PUBLISH_PATH|DORMANT,7,50,v0.2.0
bootstrap4-select2-theme,1.0.3,19,F,UNVERIFIED_PUBLISH_PATH|DORMANT|SINGLE_MAINTAINER,1,50,v0.2.0
cdnbye-shaka,0.6.0,19,F,UNVERIFIED_PUBLISH_PATH|DORMANT|SINGLE_MAINTAINER,1,50,v0.2.0
jquery-multifile,2.2.2,19,F,UNVERIFIED_PUBLISH_PATH|DORMANT|SINGLE_MAINTAINER,1,50,v0.2.0
jquery-offcanvas,3.4.7,19,F,UNVERIFIED_PUBLISH_PATH|DORMANT|SINGLE_MAINTAINER,1,50,v0.2.0
summernote-ext-print,0.1.6,19,F,UNVERIFIED_PUBLISH_PATH|DORMANT|SINGLE_MAINTAINER,1,50,v0.2.0
swiftype-app-search-javascript,2.4.0,33,F,UNVERIFIED_PUBLISH_PATH|DORMANT|DEPRECATED,10,50,v0.2.0
'@flowbase-co/boosters-cookie,1.0.3,34,F,UNVERIFIED_PUBLISH_PATH,2,49,v0.2.0
'@flowbase-co/boosters-gsap,3.12.7,34,F,UNVERIFIED_PUBLISH_PATH,2,49,v0.2.0
'@nano-apps/cas,0.0.12,16,F,UNVERIFIED_PUBLISH_PATH|SINGLE_MAINTAINER|PUBLISHER_NOT_MAINTAINER|DEPRECATED,1,49,v0.2.0
clappr-pip,0.2.0,19,F,UNVERIFIED_PUBLISH_PATH|DORMANT|SINGLE_MAINTAINER,1,49,v0.2.0
isotope-horizontal,2.0.1,19,F,UNVERIFIED_PUBLISH_PATH|DORMANT|SINGLE_MAINTAINER,1,49,v0.2.0
qrcode_js,1.0.0,19,F,UNVERIFIED_PUBLISH_PATH|DORMANT|SINGLE_MAINTAINER,1,49,v0.2.0
'@finsweet/attributes-accordion,1.1.2,28,F,UNVERIFIED_PUBLISH_PATH|DORMANT|BRANCH_REQUIRES_PR,2,48,v0.2.0
'@finsweet/attributes-cmsnest,1.12.1,39,D,UNVERIFIED_PUBLISH_PATH|BRANCH_REQUIRES_PR,2,48,v0.2.0
'@mailbiz/onsite-wapstore-vendor,0.8.0,35,D,UNVERIFIED_PUBLISH_PATH,3,48,v0.2.0
'@simondmc/popup-js,1.4.4,25,F,UNVERIFIED_PUBLISH_PATH|SINGLE_MAINTAINER,1,48,v0.2.0
autonotifier12,1.0.0,16,F,UNVERIFIED_PUBLISH_PATH|SINGLE_MAINTAINER,1,48,v0.2.0
ldcover,3.5.6,25,F,UNVERIFIED_PUBLISH_PATH|SINGLE_MAINTAINER,1,48,v0.2.0
mojocss,0.2.0,19,F,UNVERIFIED_PUBLISH_PATH|DORMANT|SINGLE_MAINTAINER,1,48,v0.2.0
ractive-decorators-sortable,0.2.1,33,F,UNVERIFIED_PUBLISH_PATH|DORMANT,2,48,v0.2.0
uikit-icons-extended,1.4.3,21,F,UNVERIFIED_PUBLISH_PATH|SINGLE_MAINTAINER,1,48,v0.2.0
videojs-persist,0.2.0,15,F,UNVERIFIED_PUBLISH_PATH|DORMANT|SINGLE_MAINTAINER,1,48,v0.2.0
'@bspk/icons,1.1.1,73,B,SINGLE_MAINTAINER,1,47,v0.2.0
'@deltaclan/splitter,1.0.9,15,F,UNVERIFIED_PUBLISH_PATH|DORMANT|SINGLE_MAINTAINER,1,47,v0.2.0
'@digital-realty/ix-generic-tree,2.2.6,35,D,UNVERIFIED_PUBLISH_PATH,4,47,v0.2.0
'@etchteam/recycling-locator,1.78.1,87,A,,4,47,v0.2.0
'@oplayer/hls,1.2.28-beta.1,16,F,UNVERIFIED_PUBLISH_PATH|SINGLE_MAINTAINER,1,47,v0.2.0
'@posten/hedwig,11.13.4,33,F,UNVERIFIED_PUBLISH_PATH|DORMANT,6,47,v0.2.0
'@progleasing/grit-universal,3.0.0,24,F,UNVERIFIED_PUBLISH_PATH|DORMANT|PUBLISHER_NOT_MAINTAINER,4,47,v0.2.0
'@victoryoalli/yamm3,1.1.1,19,F,UNVERIFIED_PUBLISH_PATH|DORMANT|SINGLE_MAINTAINER,1,47,v0.2.0
'@vuesimple/vs-alert,3.1.6,25,F,UNVERIFIED_PUBLISH_PATH|SINGLE_MAINTAINER,1,47,v0.2.0
'@vuesimple/vs-select,3.1.6,25,F,UNVERIFIED_PUBLISH_PATH|SINGLE_MAINTAINER,1,47,v0.2.0
big-buck-bunny-1080p,0.0.6,15,F,UNVERIFIED_PUBLISH_PATH|DORMANT|SINGLE_MAINTAINER,1,47,v0.2.0
swarmcloud-jwplayer-hlsjs,0.1.3,15,F,UNVERIFIED_PUBLISH_PATH|DORMANT|SINGLE_MAINTAINER,1,47,v0.2.0
'@alfatech/livechat,2026.6.1-2.1,35,D,UNVERIFIED_PUBLISH_PATH,2,46,v0.2.0
'@axa-ch/button,8.2.5,28,F,UNVERIFIED_PUBLISH_PATH|DORMANT|PUBLISHER_NOT_MAINTAINER|DEPRECATED,5,46,v0.2.0
'@bootcss/v3.bootcss.com,1.0.56,10,F,UNVERIFIED_PUBLISH_PATH|DORMANT|SINGLE_MAINTAINER,1,46,v0.2.0
'@curiolabs/flowscan,1.0.9,25,F,UNVERIFIED_PUBLISH_PATH|SINGLE_MAINTAINER,1,46,v0.2.0
'@flowbase-co/boosters-gsap-text-highlight,1.0.5,34,F,UNVERIFIED_PUBLISH_PATH,2,46,v0.2.0
'@intermine/chromatin,0.0.27,28,F,UNVERIFIED_PUBLISH_PATH|DORMANT,5,46,v0.2.0
'@jspreadsheet/shapes,6.6.0,25,F,UNVERIFIED_PUBLISH_PATH|SINGLE_MAINTAINER,1,46,v0.2.0
'@pulpoar/plugin-sdk,0.0.5,15,F,UNVERIFIED_PUBLISH_PATH|DORMANT|SINGLE_MAINTAINER,1,46,v0.2.0
'@scbd/sso-vue-plugin-scbd,1.0.5,28,F,UNVERIFIED_PUBLISH_PATH|DORMANT,4,46,v0.2.0
apirocket,0.17.17,35,D,UNVERIFIED_PUBLISH_PATH,2,46,v0.2.0
data-metrics-badge,0.5.7,33,F,UNVERIFIED_PUBLISH_PATH|DORMANT,3,46,v0.2.0
jquery.fullscreen,0.6.0,19,F,UNVERIFIED_PUBLISH_PATH|DORMANT|SINGLE_MAINTAINER,1,46,v0.2.0
'@alma/in-page,2.8.0,39,D,UNVERIFIED_PUBLISH_PATH,6,45,v0.2.0
'@daivietpda/tizentube,1.0.18,25,F,UNVERIFIED_PUBLISH_PATH|SINGLE_MAINTAINER,1,45,v0.2.0
'@hanzi.pro/webfonts-lxgw-wenkai-tc,0.1.0,52,C,INCONSISTENT_PUBLISH_PATH|SINGLE_MAINTAINER,1,45,v0.2.0
'@vuesimple/vs-loader,3.1.6,25,F,UNVERIFIED_PUBLISH_PATH|SINGLE_MAINTAINER,1,45,v0.2.0
'@xpressengine/xeicon,2.4.0,25,F,UNVERIFIED_PUBLISH_PATH|SINGLE_MAINTAINER,1,45,v0.2.0
aixdb-tracker,1.3.4,10,F,UNVERIFIED_PUBLISH_PATH|DORMANT|SINGLE_MAINTAINER,1,45,v0.2.0
animatedmodal,1.0.0,10,F,UNVERIFIED_PUBLISH_PATH|DORMANT|SINGLE_MAINTAINER,1,45,v0.2.0
bullframe.css,5.1.0,25,F,UNVERIFIED_PUBLISH_PATH|SINGLE_MAINTAINER,1,45,v0.2.0
jose-jwe,0.2.2,14,F,UNVERIFIED_PUBLISH_PATH|DORMANT|SINGLE_MAINTAINER|PUBLISHER_NOT_MAINTAINER,1,45,v0.2.0
jquery.md5,1.0.2,10,F,UNVERIFIED_PUBLISH_PATH|DORMANT|SINGLE_MAINTAINER,1,45,v0.2.0
secure-web,1.2.4,25,F,UNVERIFIED_PUBLISH_PATH|DORMANT|SINGLE_MAINTAINER,1,45,v0.2.0
toastmejs,1.2.7,19,F,UNVERIFIED_PUBLISH_PATH|DORMANT|SINGLE_MAINTAINER,1,45,v0.2.0
alibabapuhuiti-3-85-bold,1.0.0,15,F,UNVERIFIED_PUBLISH_PATH|DORMANT|SINGLE_MAINTAINER,1,44,v0.2.0
animate.min.css,0.0.3,19,F,UNVERIFIED_PUBLISH_PATH|DORMANT|SINGLE_MAINTAINER,1,44,v0.2.0
cookie-consent-box,2.4.0,19,F,UNVERIFIED_PUBLISH_PATH|DORMANT|SINGLE_MAINTAINER,1,44,v0.2.0
excanvas,2.0.0,14,F,UNVERIFIED_PUBLISH_PATH|DORMANT|SINGLE_MAINTAINER|PUBLISHER_NOT_MAINTAINER|DEPRECATED,1,44,v0.2.0
lc-lightbox-lite,2.2.0,25,F,UNVERIFIED_PUBLISH_PATH|SINGLE_MAINTAINER,1,44,v0.2.0
vanilla-match-height,2.1.0,25,F,UNVERIFIED_PUBLISH_PATH|SINGLE_MAINTAINER,1,44,v0.2.0
'@deox/blogger-feed,0.1.1,75,B,SINGLE_MAINTAINER|DEPRECATED,1,43,v0.2.0
'@modiphy/copyright,0.1.5,25,F,UNVERIFIED_PUBLISH_PATH|SINGLE_MAINTAINER,1,43,v0.2.0
jmapserver-ng-core,2.13.0,35,D,UNVERIFIED_PUBLISH_PATH,7,43,v0.2.0
jquery-ias,2.3.1,19,F,UNVERIFIED_PUBLISH_PATH|DORMANT|SINGLE_MAINTAINER,1,43,v0.2.0
login.log,1.0.4,10,F,UNVERIFIED_PUBLISH_PATH|DORMANT|SINGLE_MAINTAINER,1,43,v0.2.0
mixitup-multifilter,3.3.7,19,F,UNVERIFIED_PUBLISH_PATH|DORMANT|SINGLE_MAINTAINER,1,43,v0.2.0
tiberportalall,1.0.0,19,F,UNVERIFIED_PUBLISH_PATH|DORMANT|SINGLE_MAINTAINER,1,43,v0.2.0
vanillajs,1.0.1,19,F,UNVERIFIED_PUBLISH_PATH|DORMANT|SINGLE_MAINTAINER,1,43,v0.2.0
'@finsweet/attributes-scrolldisable,1.6.2,28,F,UNVERIFIED_PUBLISH_PATH|DORMANT|BRANCH_REQUIRES_PR,2,42,v0.2.0
'@flittpayments/checkout,1.16.9,39,D,UNVERIFIED_PUBLISH_PATH,5,42,v0.2.0
'@flowbase-co/boosters-countdown,2.0.2,34,F,UNVERIFIED_PUBLISH_PATH,2,42,v0.2.0
'@jspreadsheet/editors,11.0.1,25,F,UNVERIFIED_PUBLISH_PATH|SINGLE_MAINTAINER,1,42,v0.2.0
'@meetelise/hc-scheduler-widget,1.2.5,39,D,UNVERIFIED_PUBLISH_PATH,7,42,v0.2.0
'@openscan/metadata,1.0.1,77,B,INCONSISTENT_PUBLISH_PATH,2,42,v0.2.0
'@partslogic/ui,2.0.7,25,F,UNVERIFIED_PUBLISH_PATH|SINGLE_MAINTAINER,1,42,v0.2.0
bootstrap-5-vertical-tabs,2.0.1,19,F,UNVERIFIED_PUBLISH_PATH|DORMANT|SINGLE_MAINTAINER,1,42,v0.2.0
cappen-sign,0.0.6,15,F,UNVERIFIED_PUBLISH_PATH|DORMANT|SINGLE_MAINTAINER,1,42,v0.2.0
dora-layout,0.0.0-dev.2,26,F,UNVERIFIED_PUBLISH_PATH|DORMANT|SINGLE_MAINTAINER,1,42,v0.2.0
jtsage-datebox-jqm,5.3.3,14,F,UNVERIFIED_PUBLISH_PATH|DORMANT|SINGLE_MAINTAINER,1,42,v0.2.0
next-popover,0.0.41,19,F,UNVERIFIED_PUBLISH_PATH|DORMANT|SINGLE_MAINTAINER,1,42,v0.2.0
smoothstate,0.7.2,19,F,UNVERIFIED_PUBLISH_PATH|DORMANT|SINGLE_MAINTAINER,1,42,v0.2.0
'@chaindesk/embeds,1.0.245,25,F,UNVERIFIED_PUBLISH_PATH|SINGLE_MAINTAINER,1,41,v0.2.0
'@drustack/leaflet.resetview,1.9.2,19,F,UNVERIFIED_PUBLISH_PATH|DORMANT|SINGLE_MAINTAINER,1,41,v0.2.0
'@finsweet/attributes-numbercount,1.2.1,28,F,UNVERIFIED_PUBLISH_PATH|DORMANT|BRANCH_REQUIRES_PR,2,41,v0.2.0
'@observablehq/katex,0.11.1,33,F,UNVERIFIED_PUBLISH_PATH|DORMANT,4,41,v0.2.0
'@oplayer/ui,1.3.4-beta.10,16,F,UNVERIFIED_PUBLISH_PATH|SINGLE_MAINTAINER,1,41,v0.2.0
'@redbeemedia/javascript-player,1.8.2,94,A,,4,41,v0.2.0
anony-icons,1.0.5,30,F,UNVERIFIED_PUBLISH_PATH,2,41,v0.2.0
ckplayer,3.1.2,19,F,UNVERIFIED_PUBLISH_PATH|DORMANT|SINGLE_MAINTAINER,1,41,v0.2.0
clappr-ga-events-plugin,2.2.0,19,F,UNVERIFIED_PUBLISH_PATH|DORMANT|SINGLE_MAINTAINER,1,41,v0.2.0
dealpos-tm,8.3.2,16,F,UNVERIFIED_PUBLISH_PATH|SINGLE_MAINTAINER,1,41,v0.2.0
iati-design-system,4.10.0,63,C,INCONSISTENT_PUBLISH_PATH|SINGLE_MAINTAINER,1,41,v0.2.0
jplist-es6,1.2.0,19,F,UNVERIFIED_PUBLISH_PATH|DORMANT|SINGLE_MAINTAINER,1,41,v0.2.0
udesly-instagram-feed,2.0.7,10,F,UNVERIFIED_PUBLISH_PATH|DORMANT|SINGLE_MAINTAINER,1,41,v0.2.0
'@ideal-postcodes/bigcommerce,3.2.0,39,D,UNVERIFIED_PUBLISH_PATH,2,40,v0.2.0
'@lemonstand.org/config-goodgamestudios,0.47.0,35,D,UNVERIFIED_PUBLISH_PATH,7,40,v0.2.0
'@mgdis/mg-components,6.24.0,30,F,UNVERIFIED_PUBLISH_PATH,7,40,v0.2.0
'@reform-digital/cookie-flow,2.3.1,16,F,UNVERIFIED_PUBLISH_PATH|SINGLE_MAINTAINER,1,40,v0.2.0
'@wf-financing/headless,5.1.1,16,F,UNVERIFIED_PUBLISH_PATH|SINGLE_MAINTAINER,1,40,v0.2.0
'@zf-web-font/youshebiaotihei,0.2.0,10,F,UNVERIFIED_PUBLISH_PATH|DORMANT|SINGLE_MAINTAINER,1,40,v0.2.0
es-promise,1.0.3,19,F,UNVERIFIED_PUBLISH_PATH|DORMANT|SINGLE_MAINTAINER,1,40,v0.2.0
reverie-stt-sdk,0.24.0,21,F,UNVERIFIED_PUBLISH_PATH|SINGLE_MAINTAINER,1,40,v0.2.0
'@gaia-project/viewer,5.11.50,28,F,UNVERIFIED_PUBLISH_PATH|DORMANT,2,39,v0.2.0
animate.js,2.0.2,19,F,UNVERIFIED_PUBLISH_PATH|DORMANT|SINGLE_MAINTAINER,1,39,v0.2.0
jquery-1.8,1.8.3,19,F,UNVERIFIED_PUBLISH_PATH|DORMANT|SINGLE_MAINTAINER,1,39,v0.2.0
raleigh-map-components,1.0.9,25,F,UNVERIFIED_PUBLISH_PATH|SINGLE_MAINTAINER,1,39,v0.2.0
scrollprogress,3.0.2,19,F,UNVERIFIED_PUBLISH_PATH|DORMANT|SINGLE_MAINTAINER,1,39,v0.2.0
'@chativa/ui,0.8.2,20,F,UNVERIFIED_PUBLISH_PATH|SINGLE_MAINTAINER,1,38,v0.2.0
'@figmania/webcomponent,3.3.10,15,F,UNVERIFIED_PUBLISH_PATH|DORMANT|SINGLE_MAINTAINER,1,38,v0.2.0
'@findify/bundle,7.1.108,46,D,UNVERIFIED_PUBLISH_PATH,5,38,v0.2.0
'@finsweet/attributes-cmssort,1.13.3,28,F,UNVERIFIED_PUBLISH_PATH|DORMANT|BRANCH_REQUIRES_PR,2,38,v0.2.0
'@finsweet/attributes-favcustom,1.5.0,28,F,UNVERIFIED_PUBLISH_PATH|DORMANT,2,38,v0.2.0
'@swetrix/captcha,2.3.0,73,B,SINGLE_MAINTAINER,1,38,v0.2.0
'@synqro/infinite-logo,1.2.0,21,F,UNVERIFIED_PUBLISH_PATH|SINGLE_MAINTAINER,1,38,v0.2.0
alibabapuhuiti-3-65-medium,1.0.0,15,F,UNVERIFIED_PUBLISH_PATH|DORMANT|SINGLE_MAINTAINER,1,38,v0.2.0
flatpickr-year-select-plugin,1.3.1,25,F,UNVERIFIED_PUBLISH_PATH|SINGLE_MAINTAINER,1,38,v0.2.0
hanamin,0.0.5,14,F,UNVERIFIED_PUBLISH_PATH|DORMANT|SINGLE_MAINTAINER,1,38,v0.2.0
jquery.searchable,1.1.0,33,F,UNVERIFIED_PUBLISH_PATH|DORMANT,2,38,v0.2.0
pure,2.85.0,19,F,UNVERIFIED_PUBLISH_PATH|DORMANT|SINGLE_MAINTAINER,1,38,v0.2.0
'@appmate/wishlist,5.29.0,21,F,UNVERIFIED_PUBLISH_PATH|SINGLE_MAINTAINER,1,37,v0.2.0
'@deltaclan/superform,2.1.13,15,F,UNVERIFIED_PUBLISH_PATH|DORMANT|SINGLE_MAINTAINER,1,37,v0.2.0
'@feedspring/framer-instagram,1.9.1,30,F,UNVERIFIED_PUBLISH_PATH,2,37,v0.2.0
'@ludens-reklame/cookie-dialog,1.2.0,29,F,UNVERIFIED_PUBLISH_PATH|DORMANT,5,37,v0.2.0
'@managed-api/confluence-cloud-core,3.2.0,30,F,UNVERIFIED_PUBLISH_PATH,9,37,v0.2.0
'@tuily/heic2any,0.0.6,19,F,UNVERIFIED_PUBLISH_PATH|DORMANT|SINGLE_MAINTAINER,1,37,v0.2.0
'@websolutespa/bom-llm,3.0.1,39,D,UNVERIFIED_PUBLISH_PATH,8,37,v0.2.0
arabic-webfonts,1.5.0,10,F,UNVERIFIED_PUBLISH_PATH|DORMANT|SINGLE_MAINTAINER,1,37,v0.2.0
brain-sam-js,1.0.9,25,F,UNVERIFIED_PUBLISH_PATH|SINGLE_MAINTAINER,1,37,v0.2.0
docsify-edit-on-github,1.0.3,19,F,UNVERIFIED_PUBLISH_PATH|DORMANT|SINGLE_MAINTAINER,1,37,v0.2.0
gather-vue,8.20.2,21,F,UNVERIFIED_PUBLISH_PATH|SINGLE_MAINTAINER,1,37,v0.2.0
google-maps-utility-library-v3-markerwithlabel,1.1.10,19,F,UNVERIFIED_PUBLISH_PATH|DORMANT|SINGLE_MAINTAINER,1,37,v0.2.0
lazysizes-umd,3.0.1,19,F,UNVERIFIED_PUBLISH_PATH|DORMANT|SINGLE_MAINTAINER,1,37,v0.2.0
open_sans,1.0.1,10,F,UNVERIFIED_PUBLISH_PATH|DORMANT|SINGLE_MAINTAINER,1,37,v0.2.0
syzoj-public-cdn,1.2.0,19,F,UNVERIFIED_PUBLISH_PATH|DORMANT|SINGLE_MAINTAINER,1,37,v0.2.0
'@mobiloud/ml-smart-banner,1.4.0,25,F,UNVERIFIED_PUBLISH_PATH|SINGLE_MAINTAINER,1,36,v0.2.0
'@pimaonline/pimaonline-themepack,5.24.24,39,D,UNVERIFIED_PUBLISH_PATH,2,36,v0.2.0
'@rive-app/flutter-wasm,41.0.0,33,F,UNVERIFIED_PUBLISH_PATH|DORMANT|BRANCH_REQUIRES_PR,5,36,v0.2.0
'@wc1font/source-han-serif-cn-vf,1.0.11,19,F,UNVERIFIED_PUBLISH_PATH|DORMANT|SINGLE_MAINTAINER,1,36,v0.2.0
afterglowplayer,1.1.0,19,F,UNVERIFIED_PUBLISH_PATH|DORMANT|SINGLE_MAINTAINER,1,36,v0.2.0
arakawa,0.4.2,73,B,SINGLE_MAINTAINER,1,36,v0.2.0
fontsource-noto-sans-tc,4.0.0,19,F,UNVERIFIED_PUBLISH_PATH|DORMANT|SINGLE_MAINTAINER|DEPRECATED,1,36,v0.2.0
jquery-todictionary,1.3.0,19,F,UNVERIFIED_PUBLISH_PATH|DORMANT|SINGLE_MAINTAINER,1,36,v0.2.0
lazyhtml,1.2.3,19,F,UNVERIFIED_PUBLISH_PATH|DORMANT|SINGLE_MAINTAINER,1,36,v0.2.0
quizdown,0.6.0,19,F,UNVERIFIED_PUBLISH_PATH|DORMANT|SINGLE_MAINTAINER,1,36,v0.2.0
ractive-route,0.3.13,25,F,UNVERIFIED_PUBLISH_PATH|SINGLE_MAINTAINER,1,36,v0.2.0
'@andrea_ztn/gladia,0.1.3,10,F,UNVERIFIED_PUBLISH_PATH|DORMANT|SINGLE_MAINTAINER,1,35,v0.2.0
'@flowbase-co/boosters-typewriter,1.0.3,34,F,UNVERIFIED_PUBLISH_PATH,2,35,v0.2.0
'@justinribeiro/share-to-mastodon,2.0.2,19,F,UNVERIFIED_PUBLISH_PATH|DORMANT|SINGLE_MAINTAINER,1,35,v0.2.0
'@mailbiz/onsite-shopify-vendor,0.4.2,35,D,UNVERIFIED_PUBLISH_PATH,3,35,v0.2.0
'@managed-api/jira-service-management-cloud-core,2.4.0,30,F,UNVERIFIED_PUBLISH_PATH,9,35,v0.2.0
'@northeastern-web/global-elements,1.1.3,39,D,UNVERIFIED_PUBLISH_PATH,4,35,v0.2.0
'@userland-run/nano-cas,0.0.12,16,F,UNVERIFIED_PUBLISH_PATH|SINGLE_MAINTAINER,1,35,v0.2.0
cloud9carousel,2.2.0,19,F,UNVERIFIED_PUBLISH_PATH|DORMANT|SINGLE_MAINTAINER,1,35,v0.2.0
scrollax,1.0.0,19,F,UNVERIFIED_PUBLISH_PATH|DORMANT|SINGLE_MAINTAINER,1,35,v0.2.0
simple-parallax-jquery,3.1.3,19,F,UNVERIFIED_PUBLISH_PATH|DORMANT|SINGLE_MAINTAINER|DEPRECATED,1,35,v0.2.0
vipassana-design-standards,1.2.5,21,F,UNVERIFIED_PUBLISH_PATH|SINGLE_MAINTAINER,1,35,v0.2.0
whatsapp-widget,1.2.0,19,F,UNVERIFIED_PUBLISH_PATH|DORMANT|SINGLE_MAINTAINER,1,35,v0.2.0
'@ecodev/natural-gallery-js,11.1.3,77,B,,3,34,v0.2.0
'@finsweet/attributes-cmsslider,1.7.1,28,F,UNVERIFIED_PUBLISH_PATH|DORMANT|BRANCH_REQUIRES_PR,2,34,v0.2.0
'@firebase/analytics-interop-types,0.3.5,46,D,UNVERIFIED_PUBLISH_PATH,4,34,v0.2.0
'@mailbiz/onsite-tray-vendor,0.6.2,30,F,UNVERIFIED_PUBLISH_PATH,3,34,v0.2.0
'@signalwire/address-widget,0.1.1,71,B,INCONSISTENT_PUBLISH_PATH,7,34,v0.2.0
flot-pie,1.0.0,19,F,UNVERIFIED_PUBLISH_PATH|DORMANT|SINGLE_MAINTAINER,1,34,v0.2.0
jquery-background-video,1.1.0,19,F,UNVERIFIED_PUBLISH_PATH|DORMANT|SINGLE_MAINTAINER,1,34,v0.2.0
js-lru-cache,0.1.10,19,F,UNVERIFIED_PUBLISH_PATH|DORMANT|SINGLE_MAINTAINER,1,34,v0.2.0
siiimple-toast,3.1.7,19,F,UNVERIFIED_PUBLISH_PATH|DORMANT|SINGLE_MAINTAINER,1,34,v0.2.0
snackbarlightjs,1.1.2,19,F,UNVERIFIED_PUBLISH_PATH|DORMANT|SINGLE_MAINTAINER,1,34,v0.2.0
'@epigraph/configurator,2.6.3,39,D,UNVERIFIED_PUBLISH_PATH,4,33,v0.2.0
'@fewangsit/wangsvue-sales,1.0.40,39,D,UNVERIFIED_PUBLISH_PATH,5,33,v0.2.0
'@finsweet/attributes-modal,1.1.3,28,F,UNVERIFIED_PUBLISH_PATH|DORMANT|BRANCH_REQUIRES_PR,2,33,v0.2.0
'@gocharles/axeptio-then-segment,4.1.0,25,F,UNVERIFIED_PUBLISH_PATH|SINGLE_MAINTAINER,1,33,v0.2.0
'@influence-society-web/yuna-frontend,2.0.6,39,D,UNVERIFIED_PUBLISH_PATH,3,33,v0.2.0
'@managed-api/bitbucket-cloud-v2-core,2.5.0,30,F,UNVERIFIED_PUBLISH_PATH,9,33,v0.2.0
lisan,0.1.1,19,F,UNVERIFIED_PUBLISH_PATH|DORMANT|SINGLE_MAINTAINER,1,33,v0.2.0
marquee6k,1.3.4,31,F,UNVERIFIED_PUBLISH_PATH|SINGLE_MAINTAINER,1,33,v0.2.0
shadows-imgs,0.0.40,10,F,UNVERIFIED_PUBLISH_PATH|DORMANT|SINGLE_MAINTAINER,1,33,v0.2.0
theme-lx,0.4.4,19,F,UNVERIFIED_PUBLISH_PATH|DORMANT|SINGLE_MAINTAINER,1,33,v0.2.0
videojs-brand,0.0.4,19,F,UNVERIFIED_PUBLISH_PATH|DORMANT|SINGLE_MAINTAINER,1,33,v0.2.0
'@azerion/phaser,2.6.16,28,F,UNVERIFIED_PUBLISH_PATH|DORMANT|PUBLISHER_NOT_MAINTAINER,4,32,v0.2.0
'@denserai/embed-chat,1.0.33,35,D,UNVERIFIED_PUBLISH_PATH,3,32,v0.2.0
'@forms.js/core,1.1.12,19,F,UNVERIFIED_PUBLISH_PATH|DORMANT|SINGLE_MAINTAINER,1,32,v0.2.0
'@gamely/gly-engine,0.3.13,87,A,,2,32,v0.2.0
'@hola.org/jwplayer-hlsjs,0.0.79,19,F,UNVERIFIED_PUBLISH_PATH|DORMANT|SINGLE_MAINTAINER,1,32,v0.2.0
'@maray-ai/foodness-gracious,2.2.1,20,F,UNVERIFIED_PUBLISH_PATH|SINGLE_MAINTAINER,1,32,v0.2.0
'@oplayer/plugins,1.0.15-beta.4,16,F,UNVERIFIED_PUBLISH_PATH|SINGLE_MAINTAINER,1,32,v0.2.0
'@record-evolution/widget-linechart,1.6.34,25,F,UNVERIFIED_PUBLISH_PATH|SINGLE_MAINTAINER,1,32,v0.2.0
'@umich-lib/css,1.0.9,29,F,UNVERIFIED_PUBLISH_PATH|DORMANT,7,32,v0.2.0
bubbly-bg,1.0.0,19,F,UNVERIFIED_PUBLISH_PATH|DORMANT|SINGLE_MAINTAINER,1,32,v0.2.0
easy-tooltips,3.0.3,25,F,UNVERIFIED_PUBLISH_PATH|SINGLE_MAINTAINER,1,32,v0.2.0
ecocdn,2.13.8,19,F,UNVERIFIED_PUBLISH_PATH|DORMANT|SINGLE_MAINTAINER,1,32,v0.2.0
emoji-datasource-apple-split,1.0.6,19,F,UNVERIFIED_PUBLISH_PATH|DORMANT|SINGLE_MAINTAINER,1,32,v0.2.0
html5-simple-date-input-polyfill,1.1.0,19,F,UNVERIFIED_PUBLISH_PATH|DORMANT|SINGLE_MAINTAINER,1,32,v0.2.0
unicode-emoji-data-windows,0.1.0,14,F,UNVERIFIED_PUBLISH_PATH|DORMANT|SINGLE_MAINTAINER,1,32,v0.2.0
'@brytdesigns/shopify-ajax-cart,1.1.8,30,F,UNVERIFIED_PUBLISH_PATH,5,31,v0.2.0
'@digital-realty/ix-card,1.2.4,35,D,UNVERIFIED_PUBLISH_PATH,4,31,v0.2.0
'@mailbiz/javascript-tracker,0.1.13,28,F,UNVERIFIED_PUBLISH_PATH|DORMANT,3,31,v0.2.0
'@meowwolf/meowwolf-main,1.4.0,34,F,UNVERIFIED_PUBLISH_PATH|BRANCH_REQUIRES_PR,14,31,v0.2.0
'@smartrep/web-widget,1.0.52,39,D,UNVERIFIED_PUBLISH_PATH,4,31,v0.2.0
'@tripetto/runner-chat,7.0.1,29,F,UNVERIFIED_PUBLISH_PATH|DORMANT,3,31,v0.2.0
bcswipe,2.0.5,19,F,UNVERIFIED_PUBLISH_PATH|DORMANT|SINGLE_MAINTAINER,1,31,v0.2.0
cli-host-components,1.0.6,21,F,UNVERIFIED_PUBLISH_PATH|SINGLE_MAINTAINER,1,31,v0.2.0
figuration,4.4.1,19,F,UNVERIFIED_PUBLISH_PATH|DORMANT|SINGLE_MAINTAINER,1,31,v0.2.0
iro-transparency-plugin,1.0.2,19,F,UNVERIFIED_PUBLISH_PATH|DORMANT|SINGLE_MAINTAINER,1,31,v0.2.0
jquery.waituntilexists,1.0.0,15,F,UNVERIFIED_PUBLISH_PATH|DORMANT|SINGLE_MAINTAINER,1,31,v0.2.0
plusplusjakartasans,1.0.1,19,F,UNVERIFIED_PUBLISH_PATH|DORMANT|SINGLE_MAINTAINER,1,31,v0.2.0
pretty-dropdowns,4.17.0,19,F,UNVERIFIED_PUBLISH_PATH|DORMANT|SINGLE_MAINTAINER,1,31,v0.2.0
typeface-nanum-square-round,1.0.2,19,F,UNVERIFIED_PUBLISH_PATH|DORMANT|SINGLE_MAINTAINER,1,31,v0.2.0
'@aurolabs/auro-back-to-top,1.1.0,40,D,UNVERIFIED_PUBLISH_PATH|DORMANT|DEPRECATED,2,30,v0.2.0
'@eai/moji,1.2.0,19,F,UNVERIFIED_PUBLISH_PATH|DORMANT|SINGLE_MAINTAINER,1,30,v0.2.0
'@goodgamestudios/cxf-styles,1.4.0,29,F,UNVERIFIED_PUBLISH_PATH|DORMANT,27,30,v0.2.0
'@hanzi.pro/diantenjeom,0.1.0,57,C,INCONSISTENT_PUBLISH_PATH|SINGLE_MAINTAINER,1,30,v0.2.0
'@mailbiz/onsite-nuvemshop-vendor,0.5.4,35,D,UNVERIFIED_PUBLISH_PATH,3,30,v0.2.0
'@smarttalks.ai/widget,0.23.0,30,F,UNVERIFIED_PUBLISH_PATH,2,30,v0.2.0
'@svg-icons/fluentui-system-regular,1.87.0,28,F,UNVERIFIED_PUBLISH_PATH|DORMANT,2,30,v0.2.0
'@svg-icons/material-rounded,1.87.0,28,F,UNVERIFIED_PUBLISH_PATH|DORMANT,2,30,v0.2.0
apercu-font,1.0.0,10,F,UNVERIFIED_PUBLISH_PATH|DORMANT|SINGLE_MAINTAINER,1,30,v0.2.0
cbplayer,0.6.7,19,F,UNVERIFIED_PUBLISH_PATH|DORMANT|SINGLE_MAINTAINER,1,30,v0.2.0
jquery.scrollup,2.4.1,19,F,UNVERIFIED_PUBLISH_PATH|DORMANT|SINGLE_MAINTAINER,1,30,v0.2.0
kclsu-components,0.1.13,15,F,UNVERIFIED_PUBLISH_PATH|DORMANT|SINGLE_MAINTAINER,1,30,v0.2.0
neuicons,1.9.0,19,F,UNVERIFIED_PUBLISH_PATH|DORMANT|SINGLE_MAINTAINER,1,30,v0.2.0
robinclientjs,1.0.10,21,F,UNVERIFIED_PUBLISH_PATH|SINGLE_MAINTAINER,1,30,v0.2.0
'@chilipiper/concierge,1.1.93,39,D,UNVERIFIED_PUBLISH_PATH,6,29,v0.2.0
'@digital-realty/ix-phone-number,1.2.4,35,D,UNVERIFIED_PUBLISH_PATH,4,29,v0.2.0
'@raisenow/solution-embed,1.3.0,30,F,UNVERIFIED_PUBLISH_PATH,5,29,v0.2.0
'@zendeskgarden/css-chrome,4.1.20,26,F,UNVERIFIED_PUBLISH_PATH|DORMANT|SINGLE_MAINTAINER|DEPRECATED,1,29,v0.2.0
amazon-fonts,1.0.1,19,F,UNVERIFIED_PUBLISH_PATH|DORMANT|SINGLE_MAINTAINER,1,29,v0.2.0
angularjs-social-login,2.6.1,19,F,UNVERIFIED_PUBLISH_PATH|DORMANT|SINGLE_MAINTAINER,1,29,v0.2.0
bootstrap3-wysihtml5-npm,0.3.3-npm.12,19,F,UNVERIFIED_PUBLISH_PATH|DORMANT|SINGLE_MAINTAINER,1,29,v0.2.0
kenobi-js,0.1.47,35,D,UNVERIFIED_PUBLISH_PATH,2,29,v0.2.0
labjs,0.0.0-pre1,14,F,UNVERIFIED_PUBLISH_PATH|DORMANT|SINGLE_MAINTAINER,1,29,v0.2.0
popupable,1.10.0,25,F,UNVERIFIED_PUBLISH_PATH|SINGLE_MAINTAINER,1,29,v0.2.0
videojsx-vast-plugin,1.0.4,19,F,UNVERIFIED_PUBLISH_PATH|DORMANT|SINGLE_MAINTAINER,1,29,v0.2.0
'@activix/summernote-image-attributes,1.0.2,29,F,UNVERIFIED_PUBLISH_PATH|DORMANT,6,28,v0.2.0
'@analytics-debugger/google-tag-linker,0.0.1,19,F,UNVERIFIED_PUBLISH_PATH|DORMANT|SINGLE_MAINTAINER,1,28,v0.2.0
'@chrisgdt/delbot-mouse,1.3.3,19,F,UNVERIFIED_PUBLISH_PATH|DORMANT|SINGLE_MAINTAINER,1,28,v0.2.0
'@dettalant/laymic,2.2.2,10,F,UNVERIFIED_PUBLISH_PATH|DORMANT|SINGLE_MAINTAINER,1,28,v0.2.0
'@easyjur/design-system,1.0.8,21,F,UNVERIFIED_PUBLISH_PATH|SINGLE_MAINTAINER,1,28,v0.2.0
'@hanzi.pro/webfonts-shanggu-sans,0.1.0,52,C,INCONSISTENT_PUBLISH_PATH|SINGLE_MAINTAINER,1,28,v0.2.0
'@leadmetrics-ai/landing-controls,1.0.29,25,F,UNVERIFIED_PUBLISH_PATH|SINGLE_MAINTAINER,1,28,v0.2.0
'@machi-pla/ai-chatbot,0.1.25,35,D,UNVERIFIED_PUBLISH_PATH,3,28,v0.2.0
'@managed-api/confluence-cloud-v2-core,2.4.0,30,F,UNVERIFIED_PUBLISH_PATH,9,28,v0.2.0
'@moxiworks/mds,0.25.1,29,F,UNVERIFIED_PUBLISH_PATH|DORMANT,6,28,v0.2.0
'@openfonts/noto-sans-tc_chinese-traditional,1.44.8,14,F,UNVERIFIED_PUBLISH_PATH|DORMANT|SINGLE_MAINTAINER,1,28,v0.2.0
'@reform-digital/era-group-weglot,1.3.2,16,F,UNVERIFIED_PUBLISH_PATH|SINGLE_MAINTAINER,1,28,v0.2.0
forkadapter161,1.0.0,16,F,UNVERIFIED_PUBLISH_PATH|SINGLE_MAINTAINER,1,28,v0.2.0
glitch-canvas,1.1.12,33,F,UNVERIFIED_PUBLISH_PATH|DORMANT,2,28,v0.2.0
hero-mega-menu,1.8.2,15,F,UNVERIFIED_PUBLISH_PATH|DORMANT|SINGLE_MAINTAINER,1,28,v0.2.0
jquery-date-dropdowns,1.1.1,10,F,UNVERIFIED_PUBLISH_PATH|DORMANT|SINGLE_MAINTAINER,1,28,v0.2.0
jquery-listnav,2.4.10,33,F,UNVERIFIED_PUBLISH_PATH|DORMANT,3,28,v0.2.0
jquery.datepicker-plus-css,1.0.0,19,F,UNVERIFIED_PUBLISH_PATH|DORMANT|SINGLE_MAINTAINER,1,28,v0.2.0
metro-ui,3.0.15,19,F,UNVERIFIED_PUBLISH_PATH|DORMANT|SINGLE_MAINTAINER,1,28,v0.2.0
midi-instrument-patches,1.0.5,19,F,UNVERIFIED_PUBLISH_PATH|DORMANT|SINGLE_MAINTAINER,1,28,v0.2.0
sv-hover-intent,1.0.1,19,F,UNVERIFIED_PUBLISH_PATH|DORMANT|SINGLE_MAINTAINER,1,28,v0.2.0
text-obfuscator,1.2.0,19,F,UNVERIFIED_PUBLISH_PATH|DORMANT|SINGLE_MAINTAINER,1,28,v0.2.0
wickedpicker,0.4.3,19,F,UNVERIFIED_PUBLISH_PATH|DORMANT|SINGLE_MAINTAINER,1,28,v0.2.0
'@afosto/instant-search-client,1.0.9,33,F,UNVERIFIED_PUBLISH_PATH|DORMANT,3,27,v0.2.0
'@chativa/connector-directline,0.8.2,20,F,UNVERIFIED_PUBLISH_PATH|SINGLE_MAINTAINER,1,27,v0.2.0
'@flowbase-co/boosters-gsap-text-reveal,1.0.4,34,F,UNVERIFIED_PUBLISH_PATH,2,27,v0.2.0
'@opencage/geosearch-bundle,0.3.0,45,D,UNVERIFIED_PUBLISH_PATH,2,27,v0.2.0
'@ping-pub/widget,0.3.12,25,F,UNVERIFIED_PUBLISH_PATH|SINGLE_MAINTAINER,1,27,v0.2.0
'@superleapai/flow-ui,2.6.25,25,F,UNVERIFIED_PUBLISH_PATH|SINGLE_MAINTAINER,1,27,v0.2.0
'@vuesimple/vs-button,3.1.6,25,F,UNVERIFIED_PUBLISH_PATH|SINGLE_MAINTAINER,1,27,v0.2.0
avalynx-table,1.0.3,25,F,UNVERIFIED_PUBLISH_PATH|SINGLE_MAINTAINER,1,27,v0.2.0
careplix-web-algo,3.2.1,39,D,UNVERIFIED_PUBLISH_PATH,2,27,v0.2.0
hapi-video,1.2.2,24,F,UNVERIFIED_PUBLISH_PATH|DORMANT,2,27,v0.2.0
opencv.js-webassembly,4.2.0,10,F,UNVERIFIED_PUBLISH_PATH|DORMANT|SINGLE_MAINTAINER,1,27,v0.2.0
'@mailbiz/onsite-wakecommerce-vendor,0.4.2,35,D,UNVERIFIED_PUBLISH_PATH,3,26,v0.2.0
'@transloadit/jquery-sdk,3.3.7,35,D,UNVERIFIED_PUBLISH_PATH,3,26,v0.2.0
chiron-hei-hk-webfont-truetype,2.6.9,68,C,SINGLE_MAINTAINER,1,26,v0.2.0
clappr-nerd-stats,2.0.2,19,F,UNVERIFIED_PUBLISH_PATH|DORMANT|SINGLE_MAINTAINER,1,26,v0.2.0
enlighterjs,3.4.0,14,F,UNVERIFIED_PUBLISH_PATH|DORMANT|SINGLE_MAINTAINER,1,26,v0.2.0
feather-icons-css,1.2.0,10,F,UNVERIFIED_PUBLISH_PATH|DORMANT|SINGLE_MAINTAINER,1,26,v0.2.0
ghost-search,1.1.0,19,F,UNVERIFIED_PUBLISH_PATH|DORMANT|SINGLE_MAINTAINER,1,26,v0.2.0
ghost-theme-utils,1.7.0,19,F,UNVERIFIED_PUBLISH_PATH|DORMANT|SINGLE_MAINTAINER,1,26,v0.2.0
ip-geolocation-api-jquery-sdk,1.1.4,19,F,UNVERIFIED_PUBLISH_PATH|DORMANT|SINGLE_MAINTAINER,1,26,v0.2.0
jquery.marker-animation,1.5.21,26,F,UNVERIFIED_PUBLISH_PATH|DORMANT|SINGLE_MAINTAINER,1,26,v0.2.0
long-story-library,0.0.23,14,F,UNVERIFIED_PUBLISH_PATH|DORMANT|SINGLE_MAINTAINER,1,26,v0.2.0
neue-template,1.4.17,25,F,UNVERIFIED_PUBLISH_PATH|SINGLE_MAINTAINER,1,26,v0.2.0
perfecttense-editor,2.6.7,5,F,UNVERIFIED_PUBLISH_PATH|DORMANT|SINGLE_MAINTAINER|PUBLISHER_NOT_MAINTAINER,1,26,v0.2.0
6vd-pub-shen,4.0.1764330165,16,F,UNVERIFIED_PUBLISH_PATH|SINGLE_MAINTAINER,1,25,v0.2.0
'@axa-ch/button-link,7.0.3,28,F,UNVERIFIED_PUBLISH_PATH|DORMANT|PUBLISHER_NOT_MAINTAINER|DEPRECATED,5,25,v0.2.0
'@ceeblue/wrts-client,1.2.1,87,A,,4,25,v0.2.0
'@commerce-blocks/sdk,2.0.3,35,D,UNVERIFIED_PUBLISH_PATH,2,25,v0.2.0
'@flowbase-co/boosters-gsap-text-hover,1.0.5,34,F,UNVERIFIED_PUBLISH_PATH,2,25,v0.2.0
'@geoflow/geoflow,1.0.2,35,D,UNVERIFIED_PUBLISH_PATH,2,25,v0.2.0
'@mailbiz/onsite-lojaintegrada-vendor,0.6.1,30,F,UNVERIFIED_PUBLISH_PATH,3,25,v0.2.0
'@readysize/modal,1.0.6,21,F,UNVERIFIED_PUBLISH_PATH|SINGLE_MAINTAINER,1,25,v0.2.0
'@tax-justice-network/fsi-components,3.3.1,25,F,UNVERIFIED_PUBLISH_PATH|SINGLE_MAINTAINER,1,25,v0.2.0
'@tesseract.js-data/lao,1.0.0,19,F,UNVERIFIED_PUBLISH_PATH|DORMANT|SINGLE_MAINTAINER,1,25,v0.2.0
'@zendeskgarden/css-breadcrumbs,0.2.23,26,F,UNVERIFIED_PUBLISH_PATH|DORMANT|SINGLE_MAINTAINER|DEPRECATED,1,25,v0.2.0
butterpop,1.0.4,20,F,UNVERIFIED_PUBLISH_PATH|SINGLE_MAINTAINER,1,25,v0.2.0
mtr-facemesh,7.2.1,25,F,UNVERIFIED_PUBLISH_PATH|SINGLE_MAINTAINER,1,25,v0.2.0
noto-serif-kr,27.0.0,19,F,UNVERIFIED_PUBLISH_PATH|DORMANT|SINGLE_MAINTAINER,1,25,v0.2.0
whatsapp-sharing,1.3.4,19,F,UNVERIFIED_PUBLISH_PATH|DORMANT|SINGLE_MAINTAINER|DEPRECATED,1,25,v0.2.0
'@cd2/fileboy-browser,0.15.4,35,D,UNVERIFIED_PUBLISH_PATH,3,24,v0.2.0
'@contactlab/marketing-cloud-logo,6.0.0,39,D,UNVERIFIED_PUBLISH_PATH,6,24,v0.2.0
'@deltaclan/attributes-accordiontoggle,1.0.0,10,F,UNVERIFIED_PUBLISH_PATH|DORMANT|SINGLE_MAINTAINER,1,24,v0.2.0
'@flasher/flasher-toastr,2.2.0,21,F,UNVERIFIED_PUBLISH_PATH|SINGLE_MAINTAINER,1,24,v0.2.0
'@handsfree/accessangel,2.4.16,35,D,UNVERIFIED_PUBLISH_PATH,4,24,v0.2.0
'@mailbiz/onsite-bagy-vendor,0.5.1,35,D,UNVERIFIED_PUBLISH_PATH,3,24,v0.2.0
'@mobiloud/ml-qr-widget,1.2.0,25,F,UNVERIFIED_PUBLISH_PATH|SINGLE_MAINTAINER,1,24,v0.2.0
'@sugarologie/cakeculator,3.0.2,20,F,UNVERIFIED_PUBLISH_PATH|SINGLE_MAINTAINER,1,24,v0.2.0
'@teamepyc/sliders,0.9.5-alpha,28,F,UNVERIFIED_PUBLISH_PATH|DORMANT,2,24,v0.2.0
'@typopro/web-fantasque-sans-mono,3.7.5,14,F,UNVERIFIED_PUBLISH_PATH|DORMANT|SINGLE_MAINTAINER,1,24,v0.2.0
icheck-material,1.0.1,19,F,UNVERIFIED_PUBLISH_PATH|DORMANT|SINGLE_MAINTAINER,1,24,v0.2.0
iszolea-ui,1.2.91,35,D,UNVERIFIED_PUBLISH_PATH,9,24,v0.2.0
knockout.merge,1.5.8,19,F,UNVERIFIED_PUBLISH_PATH|DORMANT|SINGLE_MAINTAINER,1,24,v0.2.0
liuseroj-public-cdn,1.0.3,20,F,UNVERIFIED_PUBLISH_PATH|SINGLE_MAINTAINER,1,24,v0.2.0
typeface-notosans-kor,1.0.2,19,F,UNVERIFIED_PUBLISH_PATH|DORMANT|SINGLE_MAINTAINER,1,24,v0.2.0
udesly-wf-countup,0.0.1,10,F,UNVERIFIED_PUBLISH_PATH|DORMANT|SINGLE_MAINTAINER,1,24,v0.2.0
'@goodgamestudios/cxf-tracking,1.1.9-qa.0,24,F,UNVERIFIED_PUBLISH_PATH|DORMANT|PUBLISHER_NOT_MAINTAINER,27,23,v0.2.0
'@illumio/landing,0.4.14,20,F,UNVERIFIED_PUBLISH_PATH|SINGLE_MAINTAINER,1,23,v0.2.0
'@initweb-fr/datacamp,1.0.0,20,F,UNVERIFIED_PUBLISH_PATH|SINGLE_MAINTAINER,1,23,v0.2.0
'@mailbiz/onsite-irroba-vendor,0.7.0,35,D,UNVERIFIED_PUBLISH_PATH,3,23,v0.2.0
'@mugnai/rscs,0.5.9,19,F,UNVERIFIED_PUBLISH_PATH|DORMANT|SINGLE_MAINTAINER,1,23,v0.2.0
'@orange-games/splash,3.6.0,24,F,UNVERIFIED_PUBLISH_PATH|DORMANT|DEPRECATED,3,23,v0.2.0
'@pyscript/try-me,0.2.8,21,F,UNVERIFIED_PUBLISH_PATH|SINGLE_MAINTAINER,1,23,v0.2.0
'@vuesimple/vs-tag,3.1.6,25,F,UNVERIFIED_PUBLISH_PATH|SINGLE_MAINTAINER,1,23,v0.2.0
'@waitwhile/waitwhile-embed,1.5.1,39,D,UNVERIFIED_PUBLISH_PATH,3,23,v0.2.0
'@yes-chef/yes-chef-sliders,2.0.13,20,F,UNVERIFIED_PUBLISH_PATH|SINGLE_MAINTAINER,1,23,v0.2.0
clappr-google-ima-html5-preroll-plugin,0.3.3,19,F,UNVERIFIED_PUBLISH_PATH|DORMANT|SINGLE_MAINTAINER|DEPRECATED,1,23,v0.2.0
ict-shopify,2.2.1,25,F,UNVERIFIED_PUBLISH_PATH|SINGLE_MAINTAINER,1,23,v0.2.0
micro-slider,1.1.0,19,F,UNVERIFIED_PUBLISH_PATH|DORMANT|SINGLE_MAINTAINER,1,23,v0.2.0
pushbar.js,1.0.0,19,F,UNVERIFIED_PUBLISH_PATH|DORMANT|SINGLE_MAINTAINER,1,23,v0.2.0
slick-carousel-jquery4,4.0.2,25,F,UNVERIFIED_PUBLISH_PATH|SINGLE_MAINTAINER,1,23,v0.2.0
slide-and-swipe-menu,1.2.6,19,F,UNVERIFIED_PUBLISH_PATH|DORMANT|SINGLE_MAINTAINER,1,23,v0.2.0
tipr,2.0.2,19,F,UNVERIFIED_PUBLISH_PATH|DORMANT|SINGLE_MAINTAINER,1,23,v0.2.0
zenselect,0.1.7,19,F,UNVERIFIED_PUBLISH_PATH|DORMANT|SINGLE_MAINTAINER,1,23,v0.2.0
'@accusoft/pdf-viewer,3.11.158639,15,F,UNVERIFIED_PUBLISH_PATH|DORMANT|SINGLE_MAINTAINER,1,22,v0.2.0
'@cc-external/kendo-ui-core,2021.3.1,15,F,UNVERIFIED_PUBLISH_PATH|DORMANT|SINGLE_MAINTAINER,1,22,v0.2.0
'@flowbase-co/boosters-text-scramble,1.0.2,34,F,UNVERIFIED_PUBLISH_PATH,2,22,v0.2.0
'@mailbiz/onsite-moovin-vendor,0.1.1,35,D,UNVERIFIED_PUBLISH_PATH,3,22,v0.2.0
'@pardnchiu/flexplyr,2.2.9,25,F,UNVERIFIED_PUBLISH_PATH|SINGLE_MAINTAINER,1,22,v0.2.0
'@react-native-oh-tpl/op-sqlite,8.0.2-0.0.2,23,F,UNVERIFIED_PUBLISH_PATH|DORMANT|PUBLISHER_NOT_MAINTAINER,14,22,v0.2.0
'@reform-digital/tooltip-x,1.1.0,16,F,UNVERIFIED_PUBLISH_PATH|SINGLE_MAINTAINER,1,22,v0.2.0
'@tulipnpm/timekit_project_selector,2.1.4,21,F,UNVERIFIED_PUBLISH_PATH|SINGLE_MAINTAINER,1,22,v0.2.0
'@unbabel/ui,5.19.0,30,F,UNVERIFIED_PUBLISH_PATH|PUBLISHER_NOT_MAINTAINER,4,22,v0.2.0
debugrunner186,1.0.0,16,F,UNVERIFIED_PUBLISH_PATH|SINGLE_MAINTAINER,1,22,v0.2.0
enocean-js,0.1.0,19,F,UNVERIFIED_PUBLISH_PATH|DORMANT|SINGLE_MAINTAINER,1,22,v0.2.0
fansunited-sdk-umd,1.128.0,35,D,UNVERIFIED_PUBLISH_PATH,3,22,v0.2.0
fetchclient163,1.0.0,16,F,UNVERIFIED_PUBLISH_PATH|SINGLE_MAINTAINER,1,22,v0.2.0
focustype,0.1.2,19,F,UNVERIFIED_PUBLISH_PATH|DORMANT|SINGLE_MAINTAINER,1,22,v0.2.0
fork-corner,2.0.1,19,F,UNVERIFIED_PUBLISH_PATH|DORMANT|SINGLE_MAINTAINER,1,22,v0.2.0
instantsearch-googlemaps,1.2.6,19,F,UNVERIFIED_PUBLISH_PATH|DORMANT|SINGLE_MAINTAINER,1,22,v0.2.0
receive-auditor-10,1.0.0,16,F,UNVERIFIED_PUBLISH_PATH|SINGLE_MAINTAINER,1,22,v0.2.0
sui.ski,5.0.0,63,C,INCONSISTENT_PUBLISH_PATH|SINGLE_MAINTAINER,1,22,v0.2.0
urdu-web-fonts,1.0.3,19,F,UNVERIFIED_PUBLISH_PATH|DORMANT|SINGLE_MAINTAINER,1,22,v0.2.0
vimeo-froogaloop,0.1.0,19,F,UNVERIFIED_PUBLISH_PATH|DORMANT|SINGLE_MAINTAINER,1,22,v0.2.0
zebra_cookie,4.0.0,25,F,UNVERIFIED_PUBLISH_PATH|SINGLE_MAINTAINER,1,22,v0.2.0
'@flowbase-co/boosters-real-time-clock,1.1.2,34,F,UNVERIFIED_PUBLISH_PATH,2,21,v0.2.0
'@grabzit/js,3.5.5,21,F,UNVERIFIED_PUBLISH_PATH|SINGLE_MAINTAINER,1,21,v0.2.0
'@leadsales/leadclick,1.12.0,29,F,UNVERIFIED_PUBLISH_PATH|DORMANT,4,21,v0.2.0
'@mencraft/lore-headless,0.1.22,25,F,UNVERIFIED_PUBLISH_PATH|SINGLE_MAINTAINER,1,21,v0.2.0
'@numbersprotocol/capture-eye,1.11.1,77,B,INCONSISTENT_PUBLISH_PATH,2,21,v0.2.0
'@record-evolution/widget-table,1.1.20,25,F,UNVERIFIED_PUBLISH_PATH|SINGLE_MAINTAINER,1,21,v0.2.0
'@rutter/rutter-link-js,1.0.12,33,F,UNVERIFIED_PUBLISH_PATH|DORMANT,6,21,v0.2.0
affiliate-plugin-amazon,3.0.0,19,F,UNVERIFIED_PUBLISH_PATH|DORMANT|SINGLE_MAINTAINER,1,21,v0.2.0
ag-event,1.0.48,16,F,UNVERIFIED_PUBLISH_PATH|SINGLE_MAINTAINER,1,21,v0.2.0
clappr-level-selector-plugin,0.2.1,19,F,UNVERIFIED_PUBLISH_PATH|DORMANT|SINGLE_MAINTAINER,1,21,v0.2.0
css3-mediaqueries-js,1.0.0,19,F,UNVERIFIED_PUBLISH_PATH|DORMANT|SINGLE_MAINTAINER,1,21,v0.2.0
flatpickr-hijri-calendar,1.0.0,19,F,UNVERIFIED_PUBLISH_PATH|DORMANT|SINGLE_MAINTAINER,1,21,v0.2.0
flowbitz,2.4.5,25,F,UNVERIFIED_PUBLISH_PATH|SINGLE_MAINTAINER,1,21,v0.2.0
fluidbox,2.0.5,19,F,UNVERIFIED_PUBLISH_PATH|DORMANT|SINGLE_MAINTAINER,1,21,v0.2.0
hero-parallax,2.1.1,15,F,UNVERIFIED_PUBLISH_PATH|DORMANT|SINGLE_MAINTAINER,1,21,v0.2.0
ie-buster,2.0.2,19,F,UNVERIFIED_PUBLISH_PATH|DORMANT|SINGLE_MAINTAINER,1,21,v0.2.0
javascript.validation,1.8.0,19,F,UNVERIFIED_PUBLISH_PATH|DORMANT|SINGLE_MAINTAINER,1,21,v0.2.0
jquery.facebox,1.4.1,14,F,UNVERIFIED_PUBLISH_PATH|DORMANT|SINGLE_MAINTAINER,1,21,v0.2.0
js-heo,1.0.13,19,F,UNVERIFIED_PUBLISH_PATH|DORMANT|SINGLE_MAINTAINER,1,21,v0.2.0
miam-ds,1.2.6,30,F,UNVERIFIED_PUBLISH_PATH,3,21,v0.2.0
mithril-datepicker,0.9.3,19,F,UNVERIFIED_PUBLISH_PATH|DORMANT|SINGLE_MAINTAINER,1,21,v0.2.0
stackedboost-shopify-assets,0.2.0,33,F,UNVERIFIED_PUBLISH_PATH|DORMANT,2,21,v0.2.0
store-badge,1.3.0,19,F,UNVERIFIED_PUBLISH_PATH|DORMANT|SINGLE_MAINTAINER,1,21,v0.2.0
'@autosync/atx-bootstrap-datetimepicker,2.0.7,33,F,UNVERIFIED_PUBLISH_PATH|DORMANT,4,20,v0.2.0
'@cloud-canal/cloud-canal,3.27.3,25,F,UNVERIFIED_PUBLISH_PATH|SINGLE_MAINTAINER,1,20,v0.2.0
'@codementor/tracker,3.15.1,35,D,UNVERIFIED_PUBLISH_PATH,8,20,v0.2.0
'@mailbiz/onsite-jet-vendor,0.5.1,30,F,UNVERIFIED_PUBLISH_PATH,3,20,v0.2.0
'@noonnu/cafe24-ssurround-air,0.1.0,14,F,UNVERIFIED_PUBLISH_PATH|DORMANT|SINGLE_MAINTAINER,1,20,v0.2.0
'@openfonts/sarabun_thai,1.44.3,14,F,UNVERIFIED_PUBLISH_PATH|DORMANT|SINGLE_MAINTAINER,1,20,v0.2.0
'@percy.ai/your-team,1.0.15,30,F,UNVERIFIED_PUBLISH_PATH,3,20,v0.2.0
'@reform-digital/script-embed,1.1.0,16,F,UNVERIFIED_PUBLISH_PATH|SINGLE_MAINTAINER,1,20,v0.2.0
'@shipnity/navbar,1.9.1,15,F,UNVERIFIED_PUBLISH_PATH|DORMANT|SINGLE_MAINTAINER,1,20,v0.2.0
cdn4script,2.2.0,16,F,UNVERIFIED_PUBLISH_PATH|SINGLE_MAINTAINER,1,20,v0.2.0
clappr-markers-plugin,0.6.3,19,F,UNVERIFIED_PUBLISH_PATH|DORMANT|SINGLE_MAINTAINER,1,20,v0.2.0
gigz,3.0.0,21,F,UNVERIFIED_PUBLISH_PATH|SINGLE_MAINTAINER,1,20,v0.2.0
jquery.scrolly,0.0.1,19,F,UNVERIFIED_PUBLISH_PATH|DORMANT|SINGLE_MAINTAINER,1,20,v0.2.0
knack-api-helper,3.1.1,25,F,UNVERIFIED_PUBLISH_PATH|SINGLE_MAINTAINER,1,20,v0.2.0
monitortool116,1.0.0,16,F,UNVERIFIED_PUBLISH_PATH|SINGLE_MAINTAINER,1,20,v0.2.0
monster-roco-appearance-assets,1.0.2,21,F,UNVERIFIED_PUBLISH_PATH|SINGLE_MAINTAINER,1,20,v0.2.0
paymob-chatbot,1.0.5,21,F,UNVERIFIED_PUBLISH_PATH|SINGLE_MAINTAINER,1,20,v0.2.0
pushreceiver1,1.0.0,16,F,UNVERIFIED_PUBLISH_PATH|SINGLE_MAINTAINER,1,20,v0.2.0
teddy-frontend,2.2.8,25,F,UNVERIFIED_PUBLISH_PATH|SINGLE_MAINTAINER,1,20,v0.2.0
udesly-wf-cookie-bar,1.0.3,10,F,UNVERIFIED_PUBLISH_PATH|DORMANT|SINGLE_MAINTAINER,1,20,v0.2.0
walkway.js,0.0.9,19,F,UNVERIFIED_PUBLISH_PATH|DORMANT|SINGLE_MAINTAINER,1,20,v0.2.0
'@aurolabs/auro-banner,1.1.0,40,D,UNVERIFIED_PUBLISH_PATH|DORMANT,2,19,v0.2.0
'@cycjimmy/canvas-snow,3.0.3,19,F,UNVERIFIED_PUBLISH_PATH|DORMANT|SINGLE_MAINTAINER,1,19,v0.2.0
'@daihaus/lxgw-bright-tc,2.0.0,73,B,SINGLE_MAINTAINER,1,19,v0.2.0
'@dataforsyningen/vector_tiles_assets,0.3.2,39,D,UNVERIFIED_PUBLISH_PATH,2,19,v0.2.0
'@elastic/behavioral-analytics-browser-tracker,2.1.4,24,F,UNVERIFIED_PUBLISH_PATH|DORMANT|PUBLISHER_NOT_MAINTAINER,3,19,v0.2.0
'@hackler/js-client-sdk,3.5.0,19,F,UNVERIFIED_PUBLISH_PATH|DORMANT|SINGLE_MAINTAINER,1,19,v0.2.0
'@lemonadejs/data-grid,2.0.0,21,F,UNVERIFIED_PUBLISH_PATH|SINGLE_MAINTAINER,1,19,v0.2.0
'@machi-pla/cc-client-js-fukuoka-city,0.1.7,35,D,UNVERIFIED_PUBLISH_PATH,3,19,v0.2.0
'@mailbiz/onsite-convertr-vendor,0.2.1,35,D,UNVERIFIED_PUBLISH_PATH,3,19,v0.2.0
'@rsltda/components,1.0.25,21,F,UNVERIFIED_PUBLISH_PATH|SINGLE_MAINTAINER,1,19,v0.2.0
'@typopro/web-monoid,3.7.5,14,F,UNVERIFIED_PUBLISH_PATH|DORMANT|SINGLE_MAINTAINER,1,19,v0.2.0
build-notifier-47,1.0.0,16,F,UNVERIFIED_PUBLISH_PATH|SINGLE_MAINTAINER,1,19,v0.2.0
cf-gotham-fonts,1.0.0,10,F,UNVERIFIED_PUBLISH_PATH|DORMANT|SINGLE_MAINTAINER,1,19,v0.2.0
chrome-devtools-frontend-prebuilt,1.0.975442,10,F,UNVERIFIED_PUBLISH_PATH|DORMANT|SINGLE_MAINTAINER,1,19,v0.2.0
darkify-js,1.1.13,25,F,UNVERIFIED_PUBLISH_PATH|SINGLE_MAINTAINER|DEPRECATED,1,19,v0.2.0
gw-customer-accounts,1.6.2,25,F,UNVERIFIED_PUBLISH_PATH|SINGLE_MAINTAINER,1,19,v0.2.0
konnektive-core,0.4.91,35,D,UNVERIFIED_PUBLISH_PATH,2,19,v0.2.0
minze,1.10.2,25,F,UNVERIFIED_PUBLISH_PATH|SINGLE_MAINTAINER,1,19,v0.2.0
nice-toast-js,0.2.3,19,F,UNVERIFIED_PUBLISH_PATH|DORMANT|SINGLE_MAINTAINER,1,19,v0.2.0
'@alertbox/docsify-footer,1.0.0-0,14,F,UNVERIFIED_PUBLISH_PATH|DORMANT|SINGLE_MAINTAINER,1,18,v0.2.0
'@claviska/jquery-alertable,1.0.2,19,F,UNVERIFIED_PUBLISH_PATH|DORMANT|SINGLE_MAINTAINER,1,18,v0.2.0
'@findify/analytics,3.6.15,40,D,UNVERIFIED_PUBLISH_PATH|DORMANT,5,18,v0.2.0
'@flowbase-co/boosters-age-gate,1.1.2,34,F,UNVERIFIED_PUBLISH_PATH,2,18,v0.2.0
'@flowbase-co/boosters-password-visibility-control,1.0.2,34,F,UNVERIFIED_PUBLISH_PATH,2,18,v0.2.0
'@goodgamestudios/cxf-canvas,1.2.3,30,F,UNVERIFIED_PUBLISH_PATH,27,18,v0.2.0
'@lemonadejs/router,6.0.0,21,F,UNVERIFIED_PUBLISH_PATH|SINGLE_MAINTAINER,1,18,v0.2.0
'@noonnu/noto-sans-kr,0.1.0,14,F,UNVERIFIED_PUBLISH_PATH|DORMANT|SINGLE_MAINTAINER,1,18,v0.2.0
'@noonnu/s-core-dream-3-light,0.1.0,14,F,UNVERIFIED_PUBLISH_PATH|DORMANT|SINGLE_MAINTAINER,1,18,v0.2.0
'@record-evolution/widget-gauge,1.7.31,25,F,UNVERIFIED_PUBLISH_PATH|SINGLE_MAINTAINER,1,18,v0.2.0
'@record-evolution/widget-value,1.1.27,25,F,UNVERIFIED_PUBLISH_PATH|SINGLE_MAINTAINER,1,18,v0.2.0
'@s3static/embeds,1.0.13,15,F,UNVERIFIED_PUBLISH_PATH|DORMANT|SINGLE_MAINTAINER,1,18,v0.2.0
'@samhammer/jquery.zoomer,3.1.0,28,F,UNVERIFIED_PUBLISH_PATH|DORMANT|PUBLISHER_NOT_MAINTAINER,9,18,v0.2.0
'@vexia/gtm-analytics,1.0.0,34,F,UNVERIFIED_PUBLISH_PATH,3,18,v0.2.0
bootstrap-sheet,0.2.0,31,F,UNVERIFIED_PUBLISH_PATH|SINGLE_MAINTAINER,1,18,v0.2.0
cbplayer2,0.12.0,19,F,UNVERIFIED_PUBLISH_PATH|DORMANT|SINGLE_MAINTAINER,1,18,v0.2.0
face-age,2.3.13,21,F,UNVERIFIED_PUBLISH_PATH|SINGLE_MAINTAINER,1,18,v0.2.0
goldvideo-player,1.0.2,19,F,UNVERIFIED_PUBLISH_PATH|DORMANT|SINGLE_MAINTAINER,1,18,v0.2.0
jquery-sse,0.1.5,14,F,UNVERIFIED_PUBLISH_PATH|DORMANT|SINGLE_MAINTAINER,1,18,v0.2.0
lightslider-min-page,1.1.7,19,F,UNVERIFIED_PUBLISH_PATH|DORMANT|SINGLE_MAINTAINER,1,18,v0.2.0
minicon1,0.0.3,16,F,UNVERIFIED_PUBLISH_PATH|SINGLE_MAINTAINER,1,18,v0.2.0
mok-project,1.1.7,19,F,UNVERIFIED_PUBLISH_PATH|DORMANT|SINGLE_MAINTAINER,1,18,v0.2.0
nusantara-valid,0.4.2,33,F,UNVERIFIED_PUBLISH_PATH|DORMANT,2,18,v0.2.0
render_formatter_137,1.0.0,16,F,UNVERIFIED_PUBLISH_PATH|SINGLE_MAINTAINER,1,18,v0.2.0
shox,1.2.0,19,F,UNVERIFIED_PUBLISH_PATH|DORMANT|SINGLE_MAINTAINER,1,18,v0.2.0
ss-utils,0.2.7,19,F,UNVERIFIED_PUBLISH_PATH|DORMANT|SINGLE_MAINTAINER,1,18,v0.2.0
wicked.components,1.3.0,16,F,UNVERIFIED_PUBLISH_PATH|SINGLE_MAINTAINER,1,18,v0.2.0
wikiplus-core,4.1.0,19,F,UNVERIFIED_PUBLISH_PATH|DORMANT|SINGLE_MAINTAINER,1,18,v0.2.0
'@amar-ui-web/core,2.0.0,15,F,UNVERIFIED_PUBLISH_PATH|DORMANT|SINGLE_MAINTAINER,1,17,v0.2.0
'@blackpurl/web-components,0.1.1-beta.30,35,D,UNVERIFIED_PUBLISH_PATH,3,17,v0.2.0
'@coveops/abi,2.0.0,30,F,UNVERIFIED_PUBLISH_PATH|PUBLISHER_NOT_MAINTAINER,12,17,v0.2.0
'@debales/ai,1.2.6,30,F,UNVERIFIED_PUBLISH_PATH,2,17,v0.2.0
'@jamesbattye-dev/swiperflow,0.0.4,73,B,SINGLE_MAINTAINER,1,17,v0.2.0
'@machi-pla/japan_concierge_2024,0.1.5,35,D,UNVERIFIED_PUBLISH_PATH,3,17,v0.2.0
'@mailbiz/onsite-magazord-vendor,0.6.1,30,F,UNVERIFIED_PUBLISH_PATH,3,17,v0.2.0
'@orange-games/phaser-ads,2.3.0-alpha.1,33,F,UNVERIFIED_PUBLISH_PATH|DORMANT,3,17,v0.2.0
'@pagemaker.io/plugins,6.2.0,21,F,UNVERIFIED_PUBLISH_PATH|SINGLE_MAINTAINER,1,17,v0.2.0
'@plurio/intake,2.2.0,25,F,UNVERIFIED_PUBLISH_PATH|SINGLE_MAINTAINER,1,17,v0.2.0
'@record-evolution/widget-mapbox,1.5.17,25,F,UNVERIFIED_PUBLISH_PATH|SINGLE_MAINTAINER,1,17,v0.2.0
'@saasquatch/vanilla-components,1.4.1,39,D,UNVERIFIED_PUBLISH_PATH,10,17,v0.2.0
'@the-oz/app-sales,4.8.8,29,F,UNVERIFIED_PUBLISH_PATH|DORMANT,3,17,v0.2.0
analyze-combiner-205,1.0.0,16,F,UNVERIFIED_PUBLISH_PATH|SINGLE_MAINTAINER,1,17,v0.2.0
buildlistener220,1.0.0,16,F,UNVERIFIED_PUBLISH_PATH|SINGLE_MAINTAINER,1,17,v0.2.0
country-detail,1.0.0,15,F,UNVERIFIED_PUBLISH_PATH|DORMANT|SINGLE_MAINTAINER,1,17,v0.2.0
filterbalancer238,1.0.0,16,F,UNVERIFIED_PUBLISH_PATH|SINGLE_MAINTAINER,1,17,v0.2.0
fluid-tabs,0.1.2,25,F,UNVERIFIED_PUBLISH_PATH|SINGLE_MAINTAINER,1,17,v0.2.0
jmapserver-ng,2.13.0,35,D,UNVERIFIED_PUBLISH_PATH,7,17,v0.2.0
jquery-accessible-subnav-dropdown,1.2.1,19,F,UNVERIFIED_PUBLISH_PATH|DORMANT|SINGLE_MAINTAINER,1,17,v0.2.0
jquery.mb.vimeo_player,1.2.0,19,F,UNVERIFIED_PUBLISH_PATH|DORMANT|SINGLE_MAINTAINER,1,17,v0.2.0
mori-chat-widget,2.0.49,16,F,UNVERIFIED_PUBLISH_PATH|SINGLE_MAINTAINER,1,17,v0.2.0
nerdamer-41fb3b2,1.1.13-41fb3b2,19,F,UNVERIFIED_PUBLISH_PATH|DORMANT|SINGLE_MAINTAINER,1,17,v0.2.0
pselect.js,4.0.1,19,F,UNVERIFIED_PUBLISH_PATH|DORMANT|SINGLE_MAINTAINER,1,17,v0.2.0
runhandler183,1.0.0,16,F,UNVERIFIED_PUBLISH_PATH|SINGLE_MAINTAINER,1,17,v0.2.0
shadowbox-js,3.0.3,19,F,UNVERIFIED_PUBLISH_PATH|DORMANT|SINGLE_MAINTAINER,1,17,v0.2.0
webln-v4v,1.0.0-beta.34,19,F,UNVERIFIED_PUBLISH_PATH|DORMANT|SINGLE_MAINTAINER,1,17,v0.2.0
'@alaskaairux/auro-carousel,1.4.0,26,F,UNVERIFIED_PUBLISH_PATH|DORMANT|SINGLE_MAINTAINER,1,16,v0.2.0
'@bryt-designs/storefront-cart,2.2.44,16,F,UNVERIFIED_PUBLISH_PATH|SINGLE_MAINTAINER,1,16,v0.2.0
'@brytdesigns/shopify-ajax-cart-components,1.3.15,30,F,UNVERIFIED_PUBLISH_PATH,5,16,v0.2.0
'@goodgamestudios/cxf-announcements,0.5.0-qa.5,24,F,UNVERIFIED_PUBLISH_PATH|DORMANT|PUBLISHER_NOT_MAINTAINER,27,16,v0.2.0
'@mailbiz/onsite-vnda-vendor,0.1.10,30,F,UNVERIFIED_PUBLISH_PATH,3,16,v0.2.0
'@nikches/vanilla-text-mask,3.2.2,14,F,UNVERIFIED_PUBLISH_PATH|DORMANT|SINGLE_MAINTAINER,1,16,v0.2.0
'@noonnu/cafe24-classic-type-regular,0.1.0,14,F,UNVERIFIED_PUBLISH_PATH|DORMANT|SINGLE_MAINTAINER,1,16,v0.2.0
'@percy.ai/hvs-funnel-overlay,0.5.0,30,F,UNVERIFIED_PUBLISH_PATH,3,16,v0.2.0
'@pixelpink/baupal,1.5.1,10,F,UNVERIFIED_PUBLISH_PATH|DORMANT|SINGLE_MAINTAINER,1,16,v0.2.0
'@reform-digital/embed-script,1.0.3,16,F,UNVERIFIED_PUBLISH_PATH|SINGLE_MAINTAINER,1,16,v0.2.0
'@reform-society/agera-webflow,0.5.9,25,F,UNVERIFIED_PUBLISH_PATH|SINGLE_MAINTAINER,1,16,v0.2.0
'@repalash/ffmpeg.js,4.2.9005,19,F,UNVERIFIED_PUBLISH_PATH|DORMANT|SINGLE_MAINTAINER,1,16,v0.2.0
'@sledge-app/js,2.0.114,35,D,UNVERIFIED_PUBLISH_PATH,4,16,v0.2.0
backupserializer25,1.0.0,16,F,UNVERIFIED_PUBLISH_PATH|SINGLE_MAINTAINER,1,16,v0.2.0
dealpos-font,7.0.22,16,F,UNVERIFIED_PUBLISH_PATH|SINGLE_MAINTAINER,1,16,v0.2.0
gotham-pro-font,1.0.0,15,F,UNVERIFIED_PUBLISH_PATH|DORMANT|SINGLE_MAINTAINER,1,16,v0.2.0
hexabot-chat-widget,2.3.7,21,F,UNVERIFIED_PUBLISH_PATH|SINGLE_MAINTAINER,1,16,v0.2.0
jquery-ui.autocomplete.match,1.0.2,19,F,UNVERIFIED_PUBLISH_PATH|DORMANT|SINGLE_MAINTAINER,1,16,v0.2.0
jquery.bangla,1.3.2,19,F,UNVERIFIED_PUBLISH_PATH|DORMANT|SINGLE_MAINTAINER,1,16,v0.2.0
lawnchair,0.6.4,33,F,UNVERIFIED_PUBLISH_PATH|DORMANT,2,16,v0.2.0
movo-web,0.1.5,19,F,UNVERIFIED_PUBLISH_PATH|DORMANT|SINGLE_MAINTAINER,1,16,v0.2.0
pf-starter,2.1.3,25,F,UNVERIFIED_PUBLISH_PATH|SINGLE_MAINTAINER,1,16,v0.2.0
sans-serif,1.0.0,19,F,UNVERIFIED_PUBLISH_PATH|DORMANT|SINGLE_MAINTAINER,1,16,v0.2.0
scalepackager249,1.0.0,16,F,UNVERIFIED_PUBLISH_PATH|SINGLE_MAINTAINER,1,16,v0.2.0
spirhal,4.5.0,35,D,UNVERIFIED_PUBLISH_PATH,3,16,v0.2.0
story-show-gallery,3.3.13,25,F,UNVERIFIED_PUBLISH_PATH|SINGLE_MAINTAINER,1,16,v0.2.0
udesly-slider-pro,1.0.6,10,F,UNVERIFIED_PUBLISH_PATH|DORMANT|SINGLE_MAINTAINER,1,16,v0.2.0
videojsadx,4.1.2,39,D,UNVERIFIED_PUBLISH_PATH,2,16,v0.2.0
'@armdborg/hls.js,1.7.2,40,D,UNVERIFIED_PUBLISH_PATH,2,15,v0.2.0
'@axa-ch/footer,6.0.12,28,F,UNVERIFIED_PUBLISH_PATH|DORMANT|PUBLISHER_NOT_MAINTAINER|DEPRECATED,5,15,v0.2.0
'@bryt-designs/web-components,0.13.6,16,F,UNVERIFIED_PUBLISH_PATH|SINGLE_MAINTAINER,1,15,v0.2.0
'@commonlit/commonlit-frontend,0.1.0,39,D,UNVERIFIED_PUBLISH_PATH,3,15,v0.2.0
'@everymatrix/prod-mm-verification-report,1.1.46,35,D,UNVERIFIED_PUBLISH_PATH,22,15,v0.2.0
'@evrythng/context-script,1.1.11,19,F,UNVERIFIED_PUBLISH_PATH|DORMANT|SINGLE_MAINTAINER,1,15,v0.2.0
'@kvass/pulse-widgets,1.3.2,39,D,UNVERIFIED_PUBLISH_PATH,2,15,v0.2.0
'@mailbiz/onsite-wbuy-vendor,0.1.10,35,D,UNVERIFIED_PUBLISH_PATH,3,15,v0.2.0
'@record-evolution/widget-doughnut,1.5.21,25,F,UNVERIFIED_PUBLISH_PATH|SINGLE_MAINTAINER,1,15,v0.2.0
'@record-evolution/widget-form,1.0.27,25,F,UNVERIFIED_PUBLISH_PATH|SINGLE_MAINTAINER,1,15,v0.2.0
'@record-evolution/widget-image,1.1.19,25,F,UNVERIFIED_PUBLISH_PATH|SINGLE_MAINTAINER,1,15,v0.2.0
'@record-evolution/widget-markdown,1.0.7,25,F,UNVERIFIED_PUBLISH_PATH|SINGLE_MAINTAINER,1,15,v0.2.0
'@reuters-graphics/graphics-atlas-client,0.5.2,23,F,UNVERIFIED_PUBLISH_PATH|DORMANT|PUBLISHER_NOT_MAINTAINER,5,15,v0.2.0
'@rimiti/abm,1.0.0,14,F,UNVERIFIED_PUBLISH_PATH|DORMANT|SINGLE_MAINTAINER,1,15,v0.2.0
'@shipnity/components,1.4.18,10,F,UNVERIFIED_PUBLISH_PATH|DORMANT|SINGLE_MAINTAINER|PUBLISHER_NOT_MAINTAINER,1,15,v0.2.0
'@sr-connect/record-storage,1.1.1,30,F,UNVERIFIED_PUBLISH_PATH,8,15,v0.2.0
'@sunsama/splash,1.7.6,35,D,UNVERIFIED_PUBLISH_PATH,6,15,v0.2.0
'@uizaio/playerjs,5.20.8-rc2,19,F,UNVERIFIED_PUBLISH_PATH|DORMANT|SINGLE_MAINTAINER,1,15,v0.2.0
'@webtor/embed-sdk-js,0.2.19,25,F,UNVERIFIED_PUBLISH_PATH|SINGLE_MAINTAINER,1,15,v0.2.0
asyncllm,2.4.0,25,F,UNVERIFIED_PUBLISH_PATH|SINGLE_MAINTAINER,1,15,v0.2.0
bootstrap-show-toast,1.2.2,25,F,UNVERIFIED_PUBLISH_PATH|SINGLE_MAINTAINER,1,15,v0.2.0
bootstrap5-treeview,1.3.4,19,F,UNVERIFIED_PUBLISH_PATH|DORMANT|SINGLE_MAINTAINER,1,15,v0.2.0
highlightjs-themes,1.0.0,15,F,UNVERIFIED_PUBLISH_PATH|DORMANT|SINGLE_MAINTAINER,1,15,v0.2.0
jquery-base64-js,1.0.1,19,F,UNVERIFIED_PUBLISH_PATH|DORMANT|SINGLE_MAINTAINER,1,15,v0.2.0
jquery.swipebox,1.4.4,19,F,UNVERIFIED_PUBLISH_PATH|DORMANT|SINGLE_MAINTAINER,1,15,v0.2.0
json-bigint-parser-browser,1.0.5,19,F,UNVERIFIED_PUBLISH_PATH|DORMANT|SINGLE_MAINTAINER,1,15,v0.2.0
mathjax-fira-font,4.0.0-beta.7,19,F,UNVERIFIED_PUBLISH_PATH|DORMANT|SINGLE_MAINTAINER,1,15,v0.2.0
pdf.worker,1.0.0,10,F,UNVERIFIED_PUBLISH_PATH|DORMANT|SINGLE_MAINTAINER,1,15,v0.2.0
react-gallery-designer,1.4.5,19,F,UNVERIFIED_PUBLISH_PATH|DORMANT|SINGLE_MAINTAINER,1,15,v0.2.0
selection-sharer,1.2.2,19,F,UNVERIFIED_PUBLISH_PATH|DORMANT|SINGLE_MAINTAINER,1,15,v0.2.0
ts-sha1,0.6.1,19,F,UNVERIFIED_PUBLISH_PATH|DORMANT|SINGLE_MAINTAINER,1,15,v0.2.0
vidflow,1.0.7,21,F,UNVERIFIED_PUBLISH_PATH|SINGLE_MAINTAINER,1,15,v0.2.0
'@amplitude/amplitude-js-gtm,3.25.0,77,B,,6,14,v0.2.0
'@aurolabs/auro-twocolumn,1.2.2,33,F,UNVERIFIED_PUBLISH_PATH|DORMANT,2,14,v0.2.0
'@binarydreams88/gf-fb-apk00001,4.6.0,21,F,UNVERIFIED_PUBLISH_PATH|SINGLE_MAINTAINER,1,14,v0.2.0
'@d1g1tal/subscribr,4.2.1,68,C,SINGLE_MAINTAINER,1,14,v0.2.0
'@davland7/rplayer,3.0.2,25,F,UNVERIFIED_PUBLISH_PATH|SINGLE_MAINTAINER,1,14,v0.2.0
'@laburen/embeds,1.0.235,21,F,UNVERIFIED_PUBLISH_PATH|SINGLE_MAINTAINER,1,14,v0.2.0
'@mailbiz/onsite-universal-vendor,0.4.2,30,F,UNVERIFIED_PUBLISH_PATH,3,14,v0.2.0
'@micro-lc/iconic,1.3.1,29,F,UNVERIFIED_PUBLISH_PATH|DORMANT,4,14,v0.2.0
'@nortic/newsletter-form,1.2.4,34,F,UNVERIFIED_PUBLISH_PATH,4,14,v0.2.0
'@record-evolution/widget-heatmap,1.0.13,25,F,UNVERIFIED_PUBLISH_PATH|SINGLE_MAINTAINER,1,14,v0.2.0
'@record-evolution/widget-sidenav,1.0.16,25,F,UNVERIFIED_PUBLISH_PATH|SINGLE_MAINTAINER,1,14,v0.2.0
artplayer-plugin-vast,1.0.0,19,F,UNVERIFIED_PUBLISH_PATH|DORMANT|SINGLE_MAINTAINER,1,14,v0.2.0
bootstrap337,3.3.7,19,F,UNVERIFIED_PUBLISH_PATH|DORMANT|SINGLE_MAINTAINER,1,14,v0.2.0
clappr-ima-plugin,0.5.3,19,F,UNVERIFIED_PUBLISH_PATH|DORMANT|SINGLE_MAINTAINER,1,14,v0.2.0
erralytics,1.0.0,25,F,UNVERIFIED_PUBLISH_PATH|SINGLE_MAINTAINER,1,14,v0.2.0
ibp-tms,1.0.77,16,F,UNVERIFIED_PUBLISH_PATH|SINGLE_MAINTAINER,1,14,v0.2.0
sdb-file-tree,2.0.15,21,F,UNVERIFIED_PUBLISH_PATH|SINGLE_MAINTAINER,1,14,v0.2.0
transfer-elements,1.0.7,19,F,UNVERIFIED_PUBLISH_PATH|DORMANT|SINGLE_MAINTAINER,1,14,v0.2.0
'@3dish-org/3dish-viewer,1.1.23,21,F,UNVERIFIED_PUBLISH_PATH|SINGLE_MAINTAINER,1,13,v0.2.0
'@adobe/commerce-events-collectors,0.0.0-b0e9ee788f86104fc458c6cba356cb515c3f1ba6,28,F,UNVERIFIED_PUBLISH_PATH|DORMANT,31,13,v0.2.0
'@brytdesigns/shopify-product-info-components,1.1.10,30,F,UNVERIFIED_PUBLISH_PATH,5,13,v0.2.0
'@brytdesigns/web-component-drawer,1.1.12,30,F,UNVERIFIED_PUBLISH_PATH,5,13,v0.2.0
'@brytdesigns/web-component-modal,1.1.9,30,F,UNVERIFIED_PUBLISH_PATH,5,13,v0.2.0
'@c3voc/clappr-audio-track-selector,0.2.4,15,F,UNVERIFIED_PUBLISH_PATH|DORMANT|SINGLE_MAINTAINER,1,13,v0.2.0
'@cshawaus/lite-vimeo,1.0.2,57,C,SINGLE_MAINTAINER,1,13,v0.2.0
'@goodgamestudios/swiper4,4.5.6,28,F,UNVERIFIED_PUBLISH_PATH|DORMANT|PUBLISHER_NOT_MAINTAINER,27,13,v0.2.0
'@jacuzzi-digital/d1-webflow,1.2.79,14,F,UNVERIFIED_PUBLISH_PATH|DORMANT|SINGLE_MAINTAINER,1,13,v0.2.0
'@linkitbe/sdk,1.0.12,21,F,UNVERIFIED_PUBLISH_PATH|SINGLE_MAINTAINER,1,13,v0.2.0
'@mailbiz/lojaeletrica,1.0.2,35,D,UNVERIFIED_PUBLISH_PATH,3,13,v0.2.0
'@mailbiz/onsite-woocommerce-vendor,0.3.2,30,F,UNVERIFIED_PUBLISH_PATH,3,13,v0.2.0
'@noonnu/one-mobile-title,0.1.0,14,F,UNVERIFIED_PUBLISH_PATH|DORMANT|SINGLE_MAINTAINER,1,13,v0.2.0
'@record-evolution/widget-scada,1.0.7,25,F,UNVERIFIED_PUBLISH_PATH|SINGLE_MAINTAINER,1,13,v0.2.0
'@riversun/sortable-table,1.1.2,19,F,UNVERIFIED_PUBLISH_PATH|DORMANT|SINGLE_MAINTAINER,1,13,v0.2.0
'@tsirosgeorge/toastnotification,5.3.3,25,F,UNVERIFIED_PUBLISH_PATH|SINGLE_MAINTAINER,1,13,v0.2.0
daliyuer-static,1.0.48,25,F,UNVERIFIED_PUBLISH_PATH|SINGLE_MAINTAINER,1,13,v0.2.0
itty-chroma,1.0.6,25,F,UNVERIFIED_PUBLISH_PATH|SINGLE_MAINTAINER,1,13,v0.2.0
jquery.loadmask,1.0.1,19,F,UNVERIFIED_PUBLISH_PATH|DORMANT|SINGLE_MAINTAINER,1,13,v0.2.0
jtsage-datebox-i18n,5.3.3,14,F,UNVERIFIED_PUBLISH_PATH|DORMANT|SINGLE_MAINTAINER,1,13,v0.2.0
mason-it,1.0.1,25,F,UNVERIFIED_PUBLISH_PATH|SINGLE_MAINTAINER,1,13,v0.2.0
udesly-audio-player,0.0.21,10,F,UNVERIFIED_PUBLISH_PATH|DORMANT|SINGLE_MAINTAINER,1,13,v0.2.0
when-in-viewport,2.0.4,19,F,UNVERIFIED_PUBLISH_PATH|DORMANT|SINGLE_MAINTAINER,1,13,v0.2.0
'@afosto/instant-search-widget,0.2.18,39,D,UNVERIFIED_PUBLISH_PATH,3,12,v0.2.0
'@aiktb/kuromoji,1.0.2,19,F,UNVERIFIED_PUBLISH_PATH|DORMANT|SINGLE_MAINTAINER,1,12,v0.2.0
'@apttec/reports,2.0.16,19,F,UNVERIFIED_PUBLISH_PATH|DORMANT|SINGLE_MAINTAINER,1,12,v0.2.0
'@azerion/phaser-cachebuster,2.0.0,28,F,UNVERIFIED_PUBLISH_PATH|DORMANT|PUBLISHER_NOT_MAINTAINER,4,12,v0.2.0
'@brytdesigns/web-component-keen-slider-navigation-arrows,1.1.10,30,F,UNVERIFIED_PUBLISH_PATH,5,12,v0.2.0
'@brytdesigns/web-component-keen-slider-navigation-dots,1.1.12,30,F,UNVERIFIED_PUBLISH_PATH,5,12,v0.2.0
'@code-cabana/elements,1.7.6,19,F,UNVERIFIED_PUBLISH_PATH|DORMANT|SINGLE_MAINTAINER,1,12,v0.2.0
'@creoglyph/cardreadmore,1.0.2,15,F,UNVERIFIED_PUBLISH_PATH|DORMANT|SINGLE_MAINTAINER,1,12,v0.2.0
'@educatly/engagement,0.0.22,15,F,UNVERIFIED_PUBLISH_PATH|DORMANT|SINGLE_MAINTAINER,1,12,v0.2.0
'@flarehr/role-management-app,1.0.1,19,F,UNVERIFIED_PUBLISH_PATH|DORMANT|PUBLISHER_NOT_MAINTAINER,8,12,v0.2.0
'@frontkom/g-hero-section,0.7.5,33,F,UNVERIFIED_PUBLISH_PATH|DORMANT,10,12,v0.2.0
'@icon/coreui-icons-free,1.0.1-alpha.1,28,F,UNVERIFIED_PUBLISH_PATH|DORMANT,2,12,v0.2.0
'@kartverket/geonorge-web-components,4.0.13,46,D,UNVERIFIED_PUBLISH_PATH,5,12,v0.2.0
'@kfonts/nexon-lv1-gothic-low-otf,0.2.0,19,F,UNVERIFIED_PUBLISH_PATH|DORMANT|SINGLE_MAINTAINER,1,12,v0.2.0
'@koreai/agentai-web-sdk,3.22.0,35,D,UNVERIFIED_PUBLISH_PATH,4,12,v0.2.0
'@luminai-platform/rrweb-record,2.0.16,45,D,UNVERIFIED_PUBLISH_PATH,2,12,v0.2.0
'@machi-pla/cc-client-js-gunma-pref,0.1.3,35,D,UNVERIFIED_PUBLISH_PATH,3,12,v0.2.0
'@mailbiz/onsite-godeep-vendor,0.2.1,35,D,UNVERIFIED_PUBLISH_PATH,3,12,v0.2.0
'@record-evolution/widget-label,1.0.4,25,F,UNVERIFIED_PUBLISH_PATH|SINGLE_MAINTAINER,1,12,v0.2.0
'@record-evolution/widget-signal,1.0.6,25,F,UNVERIFIED_PUBLISH_PATH|SINGLE_MAINTAINER,1,12,v0.2.0
'@slicemypage/motionflow,1.0.0,25,F,UNVERIFIED_PUBLISH_PATH|SINGLE_MAINTAINER,1,12,v0.2.0
'@swarmcloud/vhs,0.4.3,25,F,UNVERIFIED_PUBLISH_PATH|SINGLE_MAINTAINER,1,12,v0.2.0
'@synapxlab/cookie-consent,2.5.0,25,F,UNVERIFIED_PUBLISH_PATH|SINGLE_MAINTAINER,1,12,v0.2.0
'@thedarkita/agm,1.0.0-beta.2,14,F,UNVERIFIED_PUBLISH_PATH|DORMANT|SINGLE_MAINTAINER,1,12,v0.2.0
'@whitesev/domutils,2.0.8,16,F,UNVERIFIED_PUBLISH_PATH|SINGLE_MAINTAINER,1,12,v0.2.0
adsense,0.0.1,10,F,UNVERIFIED_PUBLISH_PATH|DORMANT|SINGLE_MAINTAINER,1,12,v0.2.0
ai-chatbot-widget,0.1.6,21,F,UNVERIFIED_PUBLISH_PATH|SINGLE_MAINTAINER,1,12,v0.2.0
fonts-archive-one-mobile,0.0.3,15,F,UNVERIFIED_PUBLISH_PATH|DORMANT|SINGLE_MAINTAINER,1,12,v0.2.0
geometria-font,1.0.1,10,F,UNVERIFIED_PUBLISH_PATH|DORMANT|SINGLE_MAINTAINER,1,12,v0.2.0
jquery-ean13,2.2.5,19,F,UNVERIFIED_PUBLISH_PATH|DORMANT|SINGLE_MAINTAINER,1,12,v0.2.0
latency-test,1.0.1,21,F,UNVERIFIED_PUBLISH_PATH|SINGLE_MAINTAINER,1,12,v0.2.0
mapconnector54,1.0.0,16,F,UNVERIFIED_PUBLISH_PATH|SINGLE_MAINTAINER,1,12,v0.2.0
test-broker-230,1.0.0,16,F,UNVERIFIED_PUBLISH_PATH|SINGLE_MAINTAINER,1,12,v0.2.0
txto,1.6.3,21,F,UNVERIFIED_PUBLISH_PATH|SINGLE_MAINTAINER,1,12,v0.2.0
udesly-before-after,1.0.1,10,F,UNVERIFIED_PUBLISH_PATH|DORMANT|SINGLE_MAINTAINER,1,12,v0.2.0
'@aiconomy/aico-components,0.0.202,29,F,UNVERIFIED_PUBLISH_PATH|DORMANT,4,11,v0.2.0
'@brytdesigns/web-component-form-sync,1.2.5,30,F,UNVERIFIED_PUBLISH_PATH,5,11,v0.2.0
'@brytdesigns/web-component-keen-slider-scrollbar,1.1.9,30,F,UNVERIFIED_PUBLISH_PATH,5,11,v0.2.0
'@codevadmin/owl.carousel,2.3.6,19,F,UNVERIFIED_PUBLISH_PATH|DORMANT|SINGLE_MAINTAINER,1,11,v0.2.0
'@digibib/deichman-ui,7.3.4,33,F,UNVERIFIED_PUBLISH_PATH|DORMANT,4,11,v0.2.0
'@figmania/svg-animate,1.3.0,10,F,UNVERIFIED_PUBLISH_PATH|DORMANT|SINGLE_MAINTAINER,1,11,v0.2.0
'@flarehr/core-hr-app,0.1.3,24,F,UNVERIFIED_PUBLISH_PATH|DORMANT|PUBLISHER_NOT_MAINTAINER,8,11,v0.2.0
'@flarehr/document-library-ui,0.0.0,24,F,UNVERIFIED_PUBLISH_PATH|DORMANT|PUBLISHER_NOT_MAINTAINER,8,11,v0.2.0
'@flasher/flasher-notyf,2.2.0,21,F,UNVERIFIED_PUBLISH_PATH|SINGLE_MAINTAINER,1,11,v0.2.0
'@noonnu/gmarketsansbold,0.0.1,14,F,UNVERIFIED_PUBLISH_PATH|DORMANT|SINGLE_MAINTAINER|DEPRECATED,1,11,v0.2.0
'@record-evolution/widget-filter-dropdown,1.0.9,25,F,UNVERIFIED_PUBLISH_PATH|SINGLE_MAINTAINER,1,11,v0.2.0
'@record-evolution/widget-navbar,1.0.14,25,F,UNVERIFIED_PUBLISH_PATH|SINGLE_MAINTAINER,1,11,v0.2.0
'@sr-connect/trigger,1.0.1,30,F,UNVERIFIED_PUBLISH_PATH,8,11,v0.2.0
'@statsig/sidecar,3.33.3,77,B,INCONSISTENT_PUBLISH_PATH,2,11,v0.2.0
bunny-skia,0.0.13,33,F,UNVERIFIED_PUBLISH_PATH|DORMANT,2,11,v0.2.0
fakeloader,1.0.0,19,F,UNVERIFIED_PUBLISH_PATH|DORMANT|SINGLE_MAINTAINER,1,11,v0.2.0
fontsource-jost,4.0.0,19,F,UNVERIFIED_PUBLISH_PATH|DORMANT|SINGLE_MAINTAINER|DEPRECATED,1,11,v0.2.0
genericons,1.0.1,19,F,UNVERIFIED_PUBLISH_PATH|DORMANT|SINGLE_MAINTAINER,1,11,v0.2.0
heightline,1.0.2,19,F,UNVERIFIED_PUBLISH_PATH|DORMANT|SINGLE_MAINTAINER,1,11,v0.2.0
hunarcourses,1.0.4,10,F,UNVERIFIED_PUBLISH_PATH|DORMANT|SINGLE_MAINTAINER,1,11,v0.2.0
jquery-datetime-picker,2.5.11,19,F,UNVERIFIED_PUBLISH_PATH|DORMANT|SINGLE_MAINTAINER,1,11,v0.2.0
jquery-scrolla,0.0.3,19,F,UNVERIFIED_PUBLISH_PATH|DORMANT|SINGLE_MAINTAINER,1,11,v0.2.0
minstyle.io,2.0.2,19,F,UNVERIFIED_PUBLISH_PATH|DORMANT|SINGLE_MAINTAINER,1,11,v0.2.0
morphemeicons,0.2.0,15,F,UNVERIFIED_PUBLISH_PATH|DORMANT|SINGLE_MAINTAINER,1,11,v0.2.0
releaseopener204,1.0.0,16,F,UNVERIFIED_PUBLISH_PATH|SINGLE_MAINTAINER,1,11,v0.2.0
sly,0.0.1,19,F,UNVERIFIED_PUBLISH_PATH|DORMANT|SINGLE_MAINTAINER,1,11,v0.2.0
videojs-tracking-events,0.2.9,15,F,UNVERIFIED_PUBLISH_PATH|DORMANT|SINGLE_MAINTAINER,1,11,v0.2.0
videojs-xr,0.1.0,19,F,UNVERIFIED_PUBLISH_PATH|DORMANT|SINGLE_MAINTAINER,1,11,v0.2.0
wf-components,1.0.10,21,F,UNVERIFIED_PUBLISH_PATH|SINGLE_MAINTAINER,1,11,v0.2.0
'@00sanoj00/rtxtube,1.3.3,20,F,UNVERIFIED_PUBLISH_PATH|SINGLE_MAINTAINER,1,10,v0.2.0
'@arcade-v/arcade_v,1.2.2,21,F,UNVERIFIED_PUBLISH_PATH|SINGLE_MAINTAINER,1,10,v0.2.0
'@areb0s/scip.js,1.2.13,25,F,UNVERIFIED_PUBLISH_PATH|SINGLE_MAINTAINER,1,10,v0.2.0
'@bryt-designs/storefront-client,0.7.10,16,F,UNVERIFIED_PUBLISH_PATH|SINGLE_MAINTAINER,1,10,v0.2.0
'@brytdesigns/shopify-ajax-cart-api,1.0.43,30,F,UNVERIFIED_PUBLISH_PATH,5,10,v0.2.0
'@deriv-com/cs-utils,1.0.14,25,F,UNVERIFIED_PUBLISH_PATH|SINGLE_MAINTAINER,1,10,v0.2.0
'@jsuites/indexing,1.5.1,25,F,UNVERIFIED_PUBLISH_PATH|SINGLE_MAINTAINER,1,10,v0.2.0
'@kfonts/bm-hanna-pro,0.2.0,19,F,UNVERIFIED_PUBLISH_PATH|DORMANT|SINGLE_MAINTAINER,1,10,v0.2.0
'@machi-pla/cc-client-js-at-yokohama,0.1.1,35,D,UNVERIFIED_PUBLISH_PATH,3,10,v0.2.0
'@mobiscroll/jquery-lite,4.10.9,23,F,UNVERIFIED_PUBLISH_PATH|DORMANT|PUBLISHER_NOT_MAINTAINER,3,10,v0.2.0
'@noonnu/ko-pub-batang,0.1.0,14,F,UNVERIFIED_PUBLISH_PATH|DORMANT|SINGLE_MAINTAINER,1,10,v0.2.0
'@oplayer/shaka,1.2.26-beta.6,16,F,UNVERIFIED_PUBLISH_PATH|SINGLE_MAINTAINER,1,10,v0.2.0
'@pardnchiu/renderjs,2.0.3,25,F,UNVERIFIED_PUBLISH_PATH|SINGLE_MAINTAINER,1,10,v0.2.0
'@record-evolution/widget-filter-calendar,1.0.7,25,F,UNVERIFIED_PUBLISH_PATH|SINGLE_MAINTAINER,1,10,v0.2.0
'@record-evolution/widget-statehistory,1.0.15,25,F,UNVERIFIED_PUBLISH_PATH|SINGLE_MAINTAINER,1,10,v0.2.0
'@unidy.io/newsletter,0.2.10,34,F,UNVERIFIED_PUBLISH_PATH,6,10,v0.2.0
'@vkgp/web-components,1.0.4,19,F,UNVERIFIED_PUBLISH_PATH|DORMANT|SINGLE_MAINTAINER,1,10,v0.2.0
alpheios-components,3.4.3-incr-3.4.x.20220428394,33,F,UNVERIFIED_PUBLISH_PATH|DORMANT,4,10,v0.2.0
amaranjs,0.5.5,15,F,UNVERIFIED_PUBLISH_PATH|DORMANT|SINGLE_MAINTAINER,1,10,v0.2.0
anfuns-assets,1.0.10,14,F,UNVERIFIED_PUBLISH_PATH|DORMANT|SINGLE_MAINTAINER,1,10,v0.2.0
angularjs-datetime-picker-v2,0.2.2,19,F,UNVERIFIED_PUBLISH_PATH|DORMANT|SINGLE_MAINTAINER,1,10,v0.2.0
bootstrap-fullscreen-select,1.5.1,19,F,UNVERIFIED_PUBLISH_PATH|DORMANT|SINGLE_MAINTAINER,1,10,v0.2.0
bootstrap-modal-wrapper,2.0.1,19,F,UNVERIFIED_PUBLISH_PATH|DORMANT|SINGLE_MAINTAINER,1,10,v0.2.0
carousel-3d,0.2.3,19,F,UNVERIFIED_PUBLISH_PATH|DORMANT|SINGLE_MAINTAINER|DEPRECATED,1,10,v0.2.0
djibe-material,4.6.2-1.0,19,F,UNVERIFIED_PUBLISH_PATH|DORMANT|SINGLE_MAINTAINER,1,10,v0.2.0
gasparesganga-jquery-message-box,3.2.2,19,F,UNVERIFIED_PUBLISH_PATH|DORMANT|SINGLE_MAINTAINER,1,10,v0.2.0
groner-checklist-form,1.0.73,25,F,UNVERIFIED_PUBLISH_PATH|SINGLE_MAINTAINER,1,10,v0.2.0
gumadapter,1.0.1,19,F,UNVERIFIED_PUBLISH_PATH|DORMANT|SINGLE_MAINTAINER,1,10,v0.2.0
jquery-directional-hover,1.0.1,19,F,UNVERIFIED_PUBLISH_PATH|DORMANT|SINGLE_MAINTAINER,1,10,v0.2.0
jquery-ticker,1.0.0,15,F,UNVERIFIED_PUBLISH_PATH|DORMANT|SINGLE_MAINTAINER,1,10,v0.2.0
prism-theme-one-light-dark,1.0.4,19,F,UNVERIFIED_PUBLISH_PATH|DORMANT|SINGLE_MAINTAINER,1,10,v0.2.0
quickomcc-widget,0.0.14,15,F,UNVERIFIED_PUBLISH_PATH|DORMANT|SINGLE_MAINTAINER,1,10,v0.2.0
snap-alert-js,1.1.4,19,F,UNVERIFIED_PUBLISH_PATH|DORMANT|SINGLE_MAINTAINER,1,10,v0.2.0
solid-icons-all,1.2.0,25,F,UNVERIFIED_PUBLISH_PATH|SINGLE_MAINTAINER,1,10,v0.2.0
udesly-ad-banner,0.0.4,15,F,UNVERIFIED_PUBLISH_PATH|DORMANT|SINGLE_MAINTAINER,1,10,v0.2.0
vanillaselectbox,1.0.5,25,F,UNVERIFIED_PUBLISH_PATH|SINGLE_MAINTAINER,1,10,v0.2.0
yet-another-medium-zoom,0.4.2,14,F,UNVERIFIED_PUBLISH_PATH|DORMANT|SINGLE_MAINTAINER,1,10,v0.2.0
'@aurolabs/auro-threecolumn,1.0.1,33,F,UNVERIFIED_PUBLISH_PATH|DORMANT,2,9,v0.2.0
'@azerion/phaser-input,2.0.5,28,F,UNVERIFIED_PUBLISH_PATH|DORMANT|PUBLISHER_NOT_MAINTAINER,4,9,v0.2.0
'@bikeindex/time-localizer,0.3.0,25,F,UNVERIFIED_PUBLISH_PATH|SINGLE_MAINTAINER,1,9,v0.2.0
'@bounoable/vue-image-slider,0.4.4,10,F,UNVERIFIED_PUBLISH_PATH|DORMANT|SINGLE_MAINTAINER,1,9,v0.2.0
'@brytdesigns/web-component-accordion,1.1.8,30,F,UNVERIFIED_PUBLISH_PATH,5,9,v0.2.0
'@brytdesigns/web-component-core,1.1.7,30,F,UNVERIFIED_PUBLISH_PATH,5,9,v0.2.0
'@brytdesigns/web-component-keen-slider,1.2.3,30,F,UNVERIFIED_PUBLISH_PATH,5,9,v0.2.0
'@clappr/stats-plugin,0.3.0,33,F,UNVERIFIED_PUBLISH_PATH|DORMANT,9,9,v0.2.0
'@dev-hero/modal-manager,1.0.3,25,F,UNVERIFIED_PUBLISH_PATH|SINGLE_MAINTAINER,1,9,v0.2.0
'@fecp/mobile,1.1.59,21,F,UNVERIFIED_PUBLISH_PATH|SINGLE_MAINTAINER,1,9,v0.2.0
'@finsweet/attributes-support,1.1.1,24,F,UNVERIFIED_PUBLISH_PATH|DORMANT,2,9,v0.2.0
'@flarehr/benefits-app,0.0.2,19,F,UNVERIFIED_PUBLISH_PATH|DORMANT|PUBLISHER_NOT_MAINTAINER,8,9,v0.2.0
'@four-corners/fourcorners.js,0.9.6,19,F,UNVERIFIED_PUBLISH_PATH|DORMANT|SINGLE_MAINTAINER,1,9,v0.2.0
'@frontkom/g-section,0.4.3,33,F,UNVERIFIED_PUBLISH_PATH|DORMANT,10,9,v0.2.0
'@ideal-postcodes/shopwired,3.0.3,39,D,UNVERIFIED_PUBLISH_PATH,2,9,v0.2.0
'@joaopaulo.vieira/clappr-media-control-plugin,1.3.1,19,F,UNVERIFIED_PUBLISH_PATH|DORMANT|SINGLE_MAINTAINER,1,9,v0.2.0
'@machi-pla/cc-client-js-kure-city,0.1.3,35,D,UNVERIFIED_PUBLISH_PATH,3,9,v0.2.0
'@mailbiz/onsite-uoou-vendor,0.1.1,35,D,UNVERIFIED_PUBLISH_PATH,3,9,v0.2.0
'@mezereon/bigcommerce-stencil,1.0.30,21,F,UNVERIFIED_PUBLISH_PATH|SINGLE_MAINTAINER,1,9,v0.2.0
'@moxiworks/project-vitruvius,0.0.38,24,F,UNVERIFIED_PUBLISH_PATH|DORMANT|PUBLISHER_NOT_MAINTAINER,6,9,v0.2.0
'@record-evolution/widget-embed,1.0.8,25,F,UNVERIFIED_PUBLISH_PATH|SINGLE_MAINTAINER,1,9,v0.2.0
'@record-evolution/widget-navbutton,1.0.9,25,F,UNVERIFIED_PUBLISH_PATH|SINGLE_MAINTAINER,1,9,v0.2.0
'@record-evolution/widget-switch,1.1.4,25,F,UNVERIFIED_PUBLISH_PATH|SINGLE_MAINTAINER,1,9,v0.2.0
'@scbd/page-footer,0.0.69,29,F,UNVERIFIED_PUBLISH_PATH|DORMANT,4,9,v0.2.0
'@testometrika/widget,1.2.1,14,F,UNVERIFIED_PUBLISH_PATH|DORMANT|SINGLE_MAINTAINER,1,9,v0.2.0
'@widgetic/sdk,1.7.12,21,F,UNVERIFIED_PUBLISH_PATH|SINGLE_MAINTAINER,1,9,v0.2.0
'@zendeskgarden/css-scrollbars,0.1.28,26,F,UNVERIFIED_PUBLISH_PATH|DORMANT|SINGLE_MAINTAINER|DEPRECATED,1,9,v0.2.0
better_deferred,2.0.2,19,F,UNVERIFIED_PUBLISH_PATH|DORMANT|SINGLE_MAINTAINER,1,9,v0.2.0
bluprnt,1.7.0,19,F,UNVERIFIED_PUBLISH_PATH|DORMANT|SINGLE_MAINTAINER,1,9,v0.2.0
cmzydzsmb2024927,1.0.8,15,F,UNVERIFIED_PUBLISH_PATH|DORMANT|SINGLE_MAINTAINER,1,9,v0.2.0
cn-fontsource-yozai-regular,1.0.9,19,F,UNVERIFIED_PUBLISH_PATH|DORMANT|SINGLE_MAINTAINER,1,9,v0.2.0
cookiecraft,1.0.11,25,F,UNVERIFIED_PUBLISH_PATH|SINGLE_MAINTAINER,1,9,v0.2.0
freezeui,1.0.1,19,F,UNVERIFIED_PUBLISH_PATH|DORMANT|SINGLE_MAINTAINER,1,9,v0.2.0
jquery-numerator,0.2.1,19,F,UNVERIFIED_PUBLISH_PATH|DORMANT|SINGLE_MAINTAINER,1,9,v0.2.0
jquery.cookiefy,1.0.4,19,F,UNVERIFIED_PUBLISH_PATH|DORMANT|SINGLE_MAINTAINER,1,9,v0.2.0
jquery.nice-number,2.1.0,19,F,UNVERIFIED_PUBLISH_PATH|DORMANT|SINGLE_MAINTAINER,1,9,v0.2.0
legrandav-ui-library,0.0.10,29,F,UNVERIFIED_PUBLISH_PATH|DORMANT,3,9,v0.2.0
lxgw-wenkai-tc-web,1.522.0,73,B,SINGLE_MAINTAINER,1,9,v0.2.0
peachy-booking-flow,1.11.6,35,D,UNVERIFIED_PUBLISH_PATH,4,9,v0.2.0
rich-text-editor-vj,3.0.6,19,F,UNVERIFIED_PUBLISH_PATH|DORMANT|SINGLE_MAINTAINER,1,9,v0.2.0
simple-popup-modal,1.1.3,19,F,UNVERIFIED_PUBLISH_PATH|DORMANT|SINGLE_MAINTAINER,1,9,v0.2.0
storii-code,1.0.2,10,F,UNVERIFIED_PUBLISH_PATH|DORMANT|SINGLE_MAINTAINER,1,9,v0.2.0
supafolio-sdk,1.4.1,10,F,UNVERIFIED_PUBLISH_PATH|DORMANT|SINGLE_MAINTAINER|PUBLISHER_NOT_MAINTAINER,1,9,v0.2.0
tia-gpc-widget,3.1.1,21,F,UNVERIFIED_PUBLISH_PATH|SINGLE_MAINTAINER,1,9,v0.2.0
vanilla-emoji-picker,0.2.4,19,F,UNVERIFIED_PUBLISH_PATH|DORMANT|SINGLE_MAINTAINER,1,9,v0.2.0
webhostinghub-glyphs,0.1.2,14,F,UNVERIFIED_PUBLISH_PATH|DORMANT|SINGLE_MAINTAINER,1,9,v0.2.0
xendit-fingerprint-sdk-web,1.1.1,29,F,UNVERIFIED_PUBLISH_PATH|DORMANT,3,9,v0.2.0
'@amwaljs/checkout-button,0.3.5,35,D,UNVERIFIED_PUBLISH_PATH,4,8,v0.2.0
'@analytics-debugger/html-media-elements,0.0.2,19,F,UNVERIFIED_PUBLISH_PATH|DORMANT|SINGLE_MAINTAINER,1,8,v0.2.0
'@autosync/atx-bootstrap-daterangepicker,2.0.0,33,F,UNVERIFIED_PUBLISH_PATH|DORMANT,4,8,v0.2.0
'@ayahub/webfont-harmony-sans-sc,1.0.0,14,F,UNVERIFIED_PUBLISH_PATH|DORMANT|SINGLE_MAINTAINER,1,8,v0.2.0
'@binarydreams88/string-utils,4.4.0,21,F,UNVERIFIED_PUBLISH_PATH|SINGLE_MAINTAINER,1,8,v0.2.0
'@bootcss/www.bootcss.com,1.0.8,15,F,UNVERIFIED_PUBLISH_PATH|DORMANT|SINGLE_MAINTAINER,1,8,v0.2.0
'@brainfish-ai/nudge-widget,0.1.3,30,F,UNVERIFIED_PUBLISH_PATH,4,8,v0.2.0
'@cabbiepete/cloud-zoom,1.0.4,19,F,UNVERIFIED_PUBLISH_PATH|DORMANT|SINGLE_MAINTAINER,1,8,v0.2.0
'@developerportalsg/docsify,4.12.18,39,D,UNVERIFIED_PUBLISH_PATH|DORMANT,3,8,v0.2.0
'@genpact/genome.mfe.voc-app,1.1.102,21,F,UNVERIFIED_PUBLISH_PATH|SINGLE_MAINTAINER,1,8,v0.2.0
'@mirrorapp/iframe-bridge,1.0.0,21,F,UNVERIFIED_PUBLISH_PATH|SINGLE_MAINTAINER,1,8,v0.2.0
'@mobiloud/ml-popup-widget,1.0.0,14,F,UNVERIFIED_PUBLISH_PATH|DORMANT|SINGLE_MAINTAINER|PUBLISHER_NOT_MAINTAINER,1,8,v0.2.0
'@mskcc/typography,0.0.3,29,F,UNVERIFIED_PUBLISH_PATH|DORMANT,5,8,v0.2.0
'@record-evolution/widget-overlay,1.0.11,25,F,UNVERIFIED_PUBLISH_PATH|SINGLE_MAINTAINER,1,8,v0.2.0
'@reform-digital/webflow-devkit-utils,1.2.1,16,F,UNVERIFIED_PUBLISH_PATH|SINGLE_MAINTAINER,1,8,v0.2.0
'@release0/js,1.2.0,16,F,UNVERIFIED_PUBLISH_PATH|SINGLE_MAINTAINER,1,8,v0.2.0
'@scbd/ckeditor5-build-inline-full,48.1.1,35,D,UNVERIFIED_PUBLISH_PATH,4,8,v0.2.0
'@sogexia/webflow,0.0.7,14,F,UNVERIFIED_PUBLISH_PATH|DORMANT|SINGLE_MAINTAINER,1,8,v0.2.0
'@swarmcloud/bitmovin,0.4.1,25,F,UNVERIFIED_PUBLISH_PATH|SINGLE_MAINTAINER,1,8,v0.2.0
'@tg-ads-mediation/ads-cdn,1.1.0,33,F,UNVERIFIED_PUBLISH_PATH|DORMANT,2,8,v0.2.0
'@travelbot/web-frontend,0.0.92,21,F,UNVERIFIED_PUBLISH_PATH|SINGLE_MAINTAINER,1,8,v0.2.0
'@wolfmaps/sdk,0.1.7,21,F,UNVERIFIED_PUBLISH_PATH|SINGLE_MAINTAINER,1,8,v0.2.0
'@youon/uon-player-skins,1.0.57,29,F,UNVERIFIED_PUBLISH_PATH|DORMANT,3,8,v0.2.0
'@zaixianwan/web-dist,2.1.0-git-820302aceb943e3d62051403a90193f4449d60c5,21,F,UNVERIFIED_PUBLISH_PATH|SINGLE_MAINTAINER,1,8,v0.2.0
addon-interscroller,1.0.6,19,F,UNVERIFIED_PUBLISH_PATH|DORMANT|SINGLE_MAINTAINER,1,8,v0.2.0
adinkra-icons,1.1.2,19,F,UNVERIFIED_PUBLISH_PATH|DORMANT|SINGLE_MAINTAINER,1,8,v0.2.0
all-animation,3.0.7,19,F,UNVERIFIED_PUBLISH_PATH|DORMANT|SINGLE_MAINTAINER,1,8,v0.2.0
blockgallery-stacked,0.0.5,15,F,UNVERIFIED_PUBLISH_PATH|DORMANT|SINGLE_MAINTAINER,1,8,v0.2.0
cmzydzs2024,1.0.3,21,F,UNVERIFIED_PUBLISH_PATH|SINGLE_MAINTAINER,1,8,v0.2.0
cn-fontsource-975-maru-sc-regular,1.0.1,19,F,UNVERIFIED_PUBLISH_PATH|DORMANT|SINGLE_MAINTAINER,1,8,v0.2.0
dragon-lightbox,1.4.1,19,F,UNVERIFIED_PUBLISH_PATH|DORMANT|SINGLE_MAINTAINER,1,8,v0.2.0
enllax,1.1.0,10,F,UNVERIFIED_PUBLISH_PATH|DORMANT|SINGLE_MAINTAINER,1,8,v0.2.0
fitfast,1.0.215,39,D,UNVERIFIED_PUBLISH_PATH,2,8,v0.2.0
fontawesome5-fullcss,1.1.0,10,F,UNVERIFIED_PUBLISH_PATH|DORMANT|SINGLE_MAINTAINER,1,8,v0.2.0
in-renderer-js,1.2.3,20,F,UNVERIFIED_PUBLISH_PATH|SINGLE_MAINTAINER,1,8,v0.2.0
param-tracker,5.0.1,73,B,SINGLE_MAINTAINER,1,8,v0.2.0
qs-like,1.0.1,14,F,UNVERIFIED_PUBLISH_PATH|DORMANT|SINGLE_MAINTAINER,1,8,v0.2.0
receiptfeedback,26.8.0,21,F,UNVERIFIED_PUBLISH_PATH|SINGLE_MAINTAINER,1,8,v0.2.0
safe-email,1.1.1,14,F,UNVERIFIED_PUBLISH_PATH|DORMANT|SINGLE_MAINTAINER,1,8,v0.2.0
scrollsnap-controls,1.0.7,15,F,UNVERIFIED_PUBLISH_PATH|DORMANT|SINGLE_MAINTAINER,1,8,v0.2.0
social-share-buttons,0.1.1,25,F,UNVERIFIED_PUBLISH_PATH|SINGLE_MAINTAINER,1,8,v0.2.0
storagedb2,1.0.5,19,F,UNVERIFIED_PUBLISH_PATH|DORMANT|SINGLE_MAINTAINER,1,8,v0.2.0
stream-engine-widgets,0.3.35,35,D,UNVERIFIED_PUBLISH_PATH,2,8,v0.2.0
ton-ai-sdk,2.2.4-alpha.5,25,F,UNVERIFIED_PUBLISH_PATH|SINGLE_MAINTAINER,1,8,v0.2.0
udesly-wf-typewriter,1.0.3,10,F,UNVERIFIED_PUBLISH_PATH|DORMANT|SINGLE_MAINTAINER,1,8,v0.2.0
youtube-iframe-api,0.0.1,15,F,UNVERIFIED_PUBLISH_PATH|DORMANT|SINGLE_MAINTAINER,1,8,v0.2.0
'@azerion/phaser-nineslice,2.0.1,28,F,UNVERIFIED_PUBLISH_PATH|DORMANT|PUBLISHER_NOT_MAINTAINER,4,7,v0.2.0
'@azerion/phaser-spine,3.0.9,28,F,UNVERIFIED_PUBLISH_PATH|DORMANT|PUBLISHER_NOT_MAINTAINER,4,7,v0.2.0
'@azerion/phaser-super-storage,2.0.0-rc.1,28,F,UNVERIFIED_PUBLISH_PATH|DORMANT|PUBLISHER_NOT_MAINTAINER,4,7,v0.2.0
'@batch.com/in-app-webview-sdk,1.0.0,19,F,UNVERIFIED_PUBLISH_PATH|DORMANT|SINGLE_MAINTAINER,1,7,v0.2.0
'@beyondspace/lightbox-widget,0.0.0,10,F,UNVERIFIED_PUBLISH_PATH|DORMANT|SINGLE_MAINTAINER,1,7,v0.2.0
'@brainfish-ai/web-tracker,0.0.33,30,F,UNVERIFIED_PUBLISH_PATH,4,7,v0.2.0
'@builder.io/persist-attribution,0.0.1-beta-2,19,F,UNVERIFIED_PUBLISH_PATH|DORMANT|PUBLISHER_NOT_MAINTAINER,22,7,v0.2.0
'@codemotion/ment.io,0.9.24,28,F,UNVERIFIED_PUBLISH_PATH|DORMANT|PUBLISHER_NOT_MAINTAINER|DEPRECATED,3,7,v0.2.0
'@hypelab/sdk-analytics,1.3.8,20,F,UNVERIFIED_PUBLISH_PATH,0,7,v0.2.0
'@hypelab/sdk-core,2.9.2,25,F,UNVERIFIED_PUBLISH_PATH,0,7,v0.2.0
'@machi-pla/cc-client-js-nasushiobara,0.1.0,35,D,UNVERIFIED_PUBLISH_PATH,3,7,v0.2.0
'@machi-pla/cc-client-js-sendai-city,0.2.1,35,D,UNVERIFIED_PUBLISH_PATH,3,7,v0.2.0
'@mailbiz/onsite-shoppub-vendor,0.1.0,35,D,UNVERIFIED_PUBLISH_PATH,3,7,v0.2.0
'@mezereon/bigcommerce-stencil-cornerstone,1.0.1,19,F,UNVERIFIED_PUBLISH_PATH|DORMANT|SINGLE_MAINTAINER,1,7,v0.2.0
'@noonnu/cafe24-ohsquare,0.1.0,14,F,UNVERIFIED_PUBLISH_PATH|DORMANT|SINGLE_MAINTAINER,1,7,v0.2.0
'@noonnu/s-coredream-4regular,0.0.1,14,F,UNVERIFIED_PUBLISH_PATH|DORMANT|SINGLE_MAINTAINER|DEPRECATED,1,7,v0.2.0
'@noonnu/sebang-gothic-bold,0.1.0,14,F,UNVERIFIED_PUBLISH_PATH|DORMANT|SINGLE_MAINTAINER,1,7,v0.2.0
'@openfonts/barlow-semi-condensed_latin-ext,1.44.2,14,F,UNVERIFIED_PUBLISH_PATH|DORMANT|SINGLE_MAINTAINER,1,7,v0.2.0
'@orange-games/phaser-super-storage,2.0.0-beta.2,33,F,UNVERIFIED_PUBLISH_PATH|DORMANT,3,7,v0.2.0
'@pardnchiu/nanomd,1.11.6,25,F,UNVERIFIED_PUBLISH_PATH|SINGLE_MAINTAINER,1,7,v0.2.0
'@positioner/psk-tabs,1.0.2,33,F,UNVERIFIED_PUBLISH_PATH|DORMANT,4,7,v0.2.0
'@rtstic.dev/infinite-marquee,1.0.1,16,F,UNVERIFIED_PUBLISH_PATH|SINGLE_MAINTAINER,1,7,v0.2.0
'@scbd/www-css,1.0.2,24,F,UNVERIFIED_PUBLISH_PATH|DORMANT,4,7,v0.2.0
'@soyleninjs/swappit,3.0.0,25,F,UNVERIFIED_PUBLISH_PATH|SINGLE_MAINTAINER,1,7,v0.2.0
'@tagadapay/shopify-mapper,1.3.0,39,D,UNVERIFIED_PUBLISH_PATH,4,7,v0.2.0
'@xena-npmjs-public/xena-designsystem,1.8.119,25,F,UNVERIFIED_PUBLISH_PATH|SINGLE_MAINTAINER,1,7,v0.2.0
'@yourasset/ya-finance-now,1.5.5,35,D,UNVERIFIED_PUBLISH_PATH,4,7,v0.2.0
'@zkreations/bjs,1.0.2,15,F,UNVERIFIED_PUBLISH_PATH|DORMANT|SINGLE_MAINTAINER,1,7,v0.2.0
bootstrap5-dialog,5.0.1,19,F,UNVERIFIED_PUBLISH_PATH|DORMANT|SINGLE_MAINTAINER,1,7,v0.2.0
canvas-qrcode-logo,1.1.1,19,F,UNVERIFIED_PUBLISH_PATH|DORMANT|SINGLE_MAINTAINER,1,7,v0.2.0
carcraft-news-component,0.1.13,16,F,UNVERIFIED_PUBLISH_PATH|SINGLE_MAINTAINER,1,7,v0.2.0
imagejextension,0.3.1,19,F,UNVERIFIED_PUBLISH_PATH|DORMANT|SINGLE_MAINTAINER,1,7,v0.2.0
intro.js-mit,3.0.0,33,F,UNVERIFIED_PUBLISH_PATH|DORMANT,2,7,v0.2.0
jpanel-menu,1.4.1,19,F,UNVERIFIED_PUBLISH_PATH|DORMANT|SINGLE_MAINTAINER,1,7,v0.2.0
jquery.role,1.0.0,19,F,UNVERIFIED_PUBLISH_PATH|DORMANT|SINGLE_MAINTAINER,1,7,v0.2.0
lazy-youtube-embed,1.0.1,19,F,UNVERIFIED_PUBLISH_PATH|DORMANT|SINGLE_MAINTAINER,1,7,v0.2.0
oa-frontend-conversiontracking,1.0.15,19,F,UNVERIFIED_PUBLISH_PATH|DORMANT|SINGLE_MAINTAINER,1,7,v0.2.0
odometer.js,1.0.0,10,F,UNVERIFIED_PUBLISH_PATH|DORMANT|SINGLE_MAINTAINER,1,7,v0.2.0
staffbase-widget-dacast,1.0.5,21,F,UNVERIFIED_PUBLISH_PATH|SINGLE_MAINTAINER,1,7,v0.2.0
vue2testrepo,1.0.4,15,F,UNVERIFIED_PUBLISH_PATH|DORMANT|SINGLE_MAINTAINER,1,7,v0.2.0
'@app-city/analytics-browser,0.5.0,21,F,UNVERIFIED_PUBLISH_PATH|SINGLE_MAINTAINER,1,6,v0.2.0
'@aurolabs/auro-card,1.0.1,33,F,UNVERIFIED_PUBLISH_PATH|DORMANT,2,6,v0.2.0
'@azerion/phaser-ads,2.4.1,28,F,UNVERIFIED_PUBLISH_PATH|DORMANT|PUBLISHER_NOT_MAINTAINER,4,6,v0.2.0
'@barkleyrei/tempusdominus-bootstrap-4,5.39.3,28,F,UNVERIFIED_PUBLISH_PATH|DORMANT|PUBLISHER_NOT_MAINTAINER,4,6,v0.2.0
'@bolkstudio/bolklab,1.1.7,25,F,UNVERIFIED_PUBLISH_PATH|SINGLE_MAINTAINER,1,6,v0.2.0
'@bryt-designs/predictive-search,3.0.10,16,F,UNVERIFIED_PUBLISH_PATH|SINGLE_MAINTAINER,1,6,v0.2.0
'@brytdesigns/web-component-gnav-header,1.0.2,30,F,UNVERIFIED_PUBLISH_PATH,5,6,v0.2.0
'@coaktion/hc-lib,0.2.0,35,D,UNVERIFIED_PUBLISH_PATH,2,6,v0.2.0
'@conversu/plugin,3.7.1,21,F,UNVERIFIED_PUBLISH_PATH|SINGLE_MAINTAINER,1,6,v0.2.0
'@electron-fonts/open-sans,1.2.0,19,F,UNVERIFIED_PUBLISH_PATH|DORMANT|SINGLE_MAINTAINER,1,6,v0.2.0
'@fawazahmed0/test-jsdelivr,0.0.21,10,F,UNVERIFIED_PUBLISH_PATH|DORMANT|SINGLE_MAINTAINER,1,6,v0.2.0
'@flarehr/savings-rego-app,0.0.2,19,F,UNVERIFIED_PUBLISH_PATH|DORMANT|PUBLISHER_NOT_MAINTAINER,8,6,v0.2.0
'@frostsw/frostjs,1.3.12,19,F,UNVERIFIED_PUBLISH_PATH|DORMANT|SINGLE_MAINTAINER,1,6,v0.2.0
'@guzzj/clappr-youtube-playback,0.0.12,19,F,UNVERIFIED_PUBLISH_PATH|DORMANT|SINGLE_MAINTAINER,1,6,v0.2.0
'@hatemhosny/ninja-keys,1.14.0,19,F,UNVERIFIED_PUBLISH_PATH|DORMANT|SINGLE_MAINTAINER,1,6,v0.2.0
'@infrastatic.com/infrapass,0.0.4,10,F,UNVERIFIED_PUBLISH_PATH|DORMANT|SINGLE_MAINTAINER|PUBLISHER_NOT_MAINTAINER,1,6,v0.2.0
'@list-kr/microshield,4.12.10,58,C,DORMANT|SINGLE_MAINTAINER,1,6,v0.2.0
'@mobiloud/ml-promotions-banner,1.0.1,14,F,UNVERIFIED_PUBLISH_PATH|DORMANT|SINGLE_MAINTAINER|PUBLISHER_NOT_MAINTAINER,1,6,v0.2.0
'@noonnu/jeju-gothic,0.1.0,14,F,UNVERIFIED_PUBLISH_PATH|DORMANT|SINGLE_MAINTAINER,1,6,v0.2.0
'@noonnu/jeju-myeongjo,0.1.0,14,F,UNVERIFIED_PUBLISH_PATH|DORMANT|SINGLE_MAINTAINER,1,6,v0.2.0
'@openfonts/fira-sans_all,1.44.1,19,F,UNVERIFIED_PUBLISH_PATH|DORMANT|SINGLE_MAINTAINER,1,6,v0.2.0
'@orange-games/phaser-spine,3.0.9,28,F,UNVERIFIED_PUBLISH_PATH|DORMANT|DEPRECATED,3,6,v0.2.0
'@perceptimagery/sprie-embed,0.5.1005,30,F,UNVERIFIED_PUBLISH_PATH,2,6,v0.2.0
'@remix-gg/sdk,0.6.0,21,F,UNVERIFIED_PUBLISH_PATH|SINGLE_MAINTAINER,1,6,v0.2.0
'@revium/gpt-widget,0.0.7-dev.0,29,F,UNVERIFIED_PUBLISH_PATH|DORMANT,3,6,v0.2.0
'@sebbie1o1/simplecss,1.0.24,10,F,UNVERIFIED_PUBLISH_PATH|DORMANT|SINGLE_MAINTAINER,1,6,v0.2.0
'@the-oz/app-swatches,3.1.1,24,F,UNVERIFIED_PUBLISH_PATH|DORMANT|PUBLISHER_NOT_MAINTAINER,3,6,v0.2.0
'@tru_id/tru-sdk-web,0.0.11,28,F,UNVERIFIED_PUBLISH_PATH|DORMANT|PUBLISHER_NOT_MAINTAINER,3,6,v0.2.0
'@zencemarketing/storepay-sdk,0.1.0-alpha.4,35,D,UNVERIFIED_PUBLISH_PATH,3,6,v0.2.0
ad-auris-iframe-distribution,2.1.0,33,F,UNVERIFIED_PUBLISH_PATH|DORMANT,2,6,v0.2.0
bootstrap-hardskilled-extend-select,1.2.2,19,F,UNVERIFIED_PUBLISH_PATH|DORMANT|SINGLE_MAINTAINER,1,6,v0.2.0
cn-fontsource-maoken-zhuyuan-ti-regular,1.0.1,19,F,UNVERIFIED_PUBLISH_PATH|DORMANT|SINGLE_MAINTAINER,1,6,v0.2.0
cookiebot-embeds,1.2.2,19,F,UNVERIFIED_PUBLISH_PATH|DORMANT|SINGLE_MAINTAINER,1,6,v0.2.0
develart-olzalogistic-pickup-points-widget,1.8.19,21,F,UNVERIFIED_PUBLISH_PATH|SINGLE_MAINTAINER,1,6,v0.2.0
eleganticons,0.0.1,19,F,UNVERIFIED_PUBLISH_PATH|DORMANT|SINGLE_MAINTAINER,1,6,v0.2.0
flextabs-js,2.0.0,19,F,UNVERIFIED_PUBLISH_PATH|DORMANT|SINGLE_MAINTAINER,1,6,v0.2.0
form-cdn,1.0.1,21,F,UNVERIFIED_PUBLISH_PATH|SINGLE_MAINTAINER,1,6,v0.2.0
gather-integration,1.27.3,21,F,UNVERIFIED_PUBLISH_PATH|SINGLE_MAINTAINER,1,6,v0.2.0
ipay9-scripts,4.2.0,21,F,UNVERIFIED_PUBLISH_PATH|SINGLE_MAINTAINER,1,6,v0.2.0
jquery-toast,1.0.0,19,F,UNVERIFIED_PUBLISH_PATH|DORMANT|SINGLE_MAINTAINER,1,6,v0.2.0
jsproxy-cache-01,0.0.79,10,F,UNVERIFIED_PUBLISH_PATH|DORMANT|SINGLE_MAINTAINER,1,6,v0.2.0
marqueee,1.4.8,19,F,UNVERIFIED_PUBLISH_PATH|DORMANT|SINGLE_MAINTAINER,1,6,v0.2.0
nullstack-tabler-icons,1.0.2,19,F,UNVERIFIED_PUBLISH_PATH|DORMANT|SINGLE_MAINTAINER|DEPRECATED,1,6,v0.2.0
quojs,3.0.8,15,F,UNVERIFIED_PUBLISH_PATH|DORMANT|SINGLE_MAINTAINER,1,6,v0.2.0
swarmcloud-hls-sw,0.8.1,19,F,UNVERIFIED_PUBLISH_PATH|DORMANT|SINGLE_MAINTAINER,1,6,v0.2.0
udesly-text-effect-mira,1.0.1,10,F,UNVERIFIED_PUBLISH_PATH|DORMANT|SINGLE_MAINTAINER,1,6,v0.2.0
web-vitals-google-analytics-shopify,1.1.0,19,F,UNVERIFIED_PUBLISH_PATH|DORMANT|SINGLE_MAINTAINER,1,6,v0.2.0
webmetric-analytics,1.0.13,15,F,UNVERIFIED_PUBLISH_PATH|DORMANT|SINGLE_MAINTAINER,1,6,v0.2.0
'@agenus-io/utms,1.0.5,35,D,UNVERIFIED_PUBLISH_PATH,2,5,v0.2.0
'@aiconomy/aico-analytics,0.0.18,35,D,UNVERIFIED_PUBLISH_PATH,4,5,v0.2.0
'@azerion/phaser-i18next,1.0.3,28,F,UNVERIFIED_PUBLISH_PATH|DORMANT|PUBLISHER_NOT_MAINTAINER,4,5,v0.2.0
'@brytdesigns/web-component-utils,0.1.14,30,F,UNVERIFIED_PUBLISH_PATH|DEPRECATED,5,5,v0.2.0
'@databerry/chat-bubble,1.0.142,19,F,UNVERIFIED_PUBLISH_PATH|DORMANT|SINGLE_MAINTAINER,1,5,v0.2.0
'@electron-fonts/roboto-condensed,1.2.0,19,F,UNVERIFIED_PUBLISH_PATH|DORMANT|SINGLE_MAINTAINER,1,5,v0.2.0
'@frontle/bottomsheet,1.0.3,33,F,UNVERIFIED_PUBLISH_PATH|DORMANT,2,5,v0.2.0
'@goodgamestudios/cxf-banners,1.21.1-qa.0,29,F,UNVERIFIED_PUBLISH_PATH|DORMANT,27,5,v0.2.0
'@goodgamestudios/cxf-ia,0.0.2-qa.2,24,F,UNVERIFIED_PUBLISH_PATH|DORMANT|PUBLISHER_NOT_MAINTAINER,27,5,v0.2.0
'@jacksonavila/phone-lib,2.0.12,25,F,UNVERIFIED_PUBLISH_PATH|SINGLE_MAINTAINER,1,5,v0.2.0
'@kiwigrid/kiwi-atoms,0.9.1,29,F,UNVERIFIED_PUBLISH_PATH|DORMANT,6,5,v0.2.0
'@mobiloud/ml-css-injector,1.2.1,25,F,UNVERIFIED_PUBLISH_PATH|SINGLE_MAINTAINER,1,5,v0.2.0
'@motomedialab/cookie-consent,1.3.3,25,F,UNVERIFIED_PUBLISH_PATH|SINGLE_MAINTAINER,1,5,v0.2.0
'@noonnu/s-coredream-5medium,0.0.1,14,F,UNVERIFIED_PUBLISH_PATH|DORMANT|SINGLE_MAINTAINER|DEPRECATED,1,5,v0.2.0
'@orange-games/phaser-cachebuster,2.0.0-rc.1,33,F,UNVERIFIED_PUBLISH_PATH|DORMANT,3,5,v0.2.0
'@perceptimagery/sprie-widget,1.3.2007,34,F,UNVERIFIED_PUBLISH_PATH,2,5,v0.2.0
'@quickcreator/quick-search,1.0.2,25,F,UNVERIFIED_PUBLISH_PATH|SINGLE_MAINTAINER,1,5,v0.2.0
'@scbd/angular-vue,4.0.0,33,F,UNVERIFIED_PUBLISH_PATH|DORMANT,4,5,v0.2.0
'@scbd/page-header,0.1.0,24,F,UNVERIFIED_PUBLISH_PATH|DORMANT,4,5,v0.2.0
'@segment/vimeo-analytics,2.0.0,23,F,UNVERIFIED_PUBLISH_PATH|DORMANT|PUBLISHER_NOT_MAINTAINER,3,5,v0.2.0
'@snovasys/usage-analytics-sdk,1.2.0,21,F,UNVERIFIED_PUBLISH_PATH|SINGLE_MAINTAINER,1,5,v0.2.0
'@stackla/widget-utils,4.3.0,73,B,SINGLE_MAINTAINER,1,5,v0.2.0
'@sum.cumo/vue-awesome-swiper,3.1.6,33,F,UNVERIFIED_PUBLISH_PATH|DORMANT,6,5,v0.2.0
'@truex/ctv-ad-renderer,1.10.1,15,F,UNVERIFIED_PUBLISH_PATH|DORMANT|SINGLE_MAINTAINER|DEPRECATED,1,5,v0.2.0
'@webreflection/element,0.3.2,25,F,UNVERIFIED_PUBLISH_PATH|SINGLE_MAINTAINER,1,5,v0.2.0
ad-auris-iframe-distribution-nextgen,3.1.1,19,F,UNVERIFIED_PUBLISH_PATH|DORMANT|SINGLE_MAINTAINER,1,5,v0.2.0
bp77-scripts,4.3.0,21,F,UNVERIFIED_PUBLISH_PATH|SINGLE_MAINTAINER,1,5,v0.2.0
cfga,1.0.3,19,F,UNVERIFIED_PUBLISH_PATH|DORMANT|SINGLE_MAINTAINER,1,5,v0.2.0
chiron-sans-hk-pro-webfont,1.11.1,14,F,UNVERIFIED_PUBLISH_PATH|DORMANT|SINGLE_MAINTAINER|DEPRECATED,1,5,v0.2.0
cn-fontsource-hongleixingshu-regular,1.0.7,19,F,UNVERIFIED_PUBLISH_PATH|DORMANT|SINGLE_MAINTAINER,1,5,v0.2.0
codex.editor.header,2.1.2,14,F,UNVERIFIED_PUBLISH_PATH|DORMANT|SINGLE_MAINTAINER,1,5,v0.2.0
design-system-for-cradlepoint-wp,1.1.4,25,F,UNVERIFIED_PUBLISH_PATH|SINGLE_MAINTAINER,1,5,v0.2.0
fansunited-react-widgets,0.8.30,21,F,UNVERIFIED_PUBLISH_PATH|SINGLE_MAINTAINER,1,5,v0.2.0
fluid-marquee,1.2.0,25,F,UNVERIFIED_PUBLISH_PATH|SINGLE_MAINTAINER,1,5,v0.2.0
fonts-archive-futura-std,0.0.0,15,F,UNVERIFIED_PUBLISH_PATH|DORMANT|SINGLE_MAINTAINER,1,5,v0.2.0
html2canvas-fixed,1.0.0,14,F,UNVERIFIED_PUBLISH_PATH|DORMANT|SINGLE_MAINTAINER,1,5,v0.2.0
ifontawesome.pro,6.4.0,19,F,UNVERIFIED_PUBLISH_PATH|DORMANT|SINGLE_MAINTAINER,1,5,v0.2.0
izimodal-1.6.0,1.6.1,19,F,UNVERIFIED_PUBLISH_PATH|DORMANT|SINGLE_MAINTAINER|DEPRECATED,1,5,v0.2.0
jquery-mask-number,1.0.1,19,F,UNVERIFIED_PUBLISH_PATH|DORMANT|SINGLE_MAINTAINER,1,5,v0.2.0
jquery.easypin,1.0.9,14,F,UNVERIFIED_PUBLISH_PATH|DORMANT|SINGLE_MAINTAINER,1,5,v0.2.0
json-db-admin,0.0.1,10,F,UNVERIFIED_PUBLISH_PATH|DORMANT|SINGLE_MAINTAINER,1,5,v0.2.0
openseadragon-opacity-slider,1.0.0,14,F,UNVERIFIED_PUBLISH_PATH|DORMANT|SINGLE_MAINTAINER,1,5,v0.2.0
osi4kjb-embed-checkout-form,1.0.0,10,F,UNVERIFIED_PUBLISH_PATH|DORMANT|SINGLE_MAINTAINER,1,5,v0.2.0
picasso-canvas-fingerprinting,1.0.1,19,F,UNVERIFIED_PUBLISH_PATH|DORMANT|SINGLE_MAINTAINER,1,5,v0.2.0
preact-htm-signals-standalone,0.0.16,19,F,UNVERIFIED_PUBLISH_PATH|DORMANT|SINGLE_MAINTAINER,1,5,v0.2.0
rad_share,1.4.1,15,F,UNVERIFIED_PUBLISH_PATH|DORMANT|SINGLE_MAINTAINER,1,5,v0.2.0
scholar-icons,1.0.3,19,F,UNVERIFIED_PUBLISH_PATH|DORMANT|SINGLE_MAINTAINER,1,5,v0.2.0
spry,0.0.4,23,F,UNVERIFIED_PUBLISH_PATH|DORMANT|PUBLISHER_NOT_MAINTAINER,2,5,v0.2.0
statsig-landing-page-exp,1.0.33,28,F,UNVERIFIED_PUBLISH_PATH|DORMANT|PUBLISHER_NOT_MAINTAINER,2,5,v0.2.0
videojs-suggestedvideoendcap,1.2.0,19,F,UNVERIFIED_PUBLISH_PATH|DORMANT|SINGLE_MAINTAINER,1,5,v0.2.0
zalgirio-arena-scripts,1.0.4,21,F,UNVERIFIED_PUBLISH_PATH|SINGLE_MAINTAINER,1,5,v0.2.0
'@azerion/splash,3.6.8,29,F,UNVERIFIED_PUBLISH_PATH|DORMANT,4,4,v0.2.0
'@datarose/scrollreveal,1.3.0,19,F,UNVERIFIED_PUBLISH_PATH|DORMANT|SINGLE_MAINTAINER,1,4,v0.2.0
'@dvgis/cesium-widget,1.0.1,14,F,UNVERIFIED_PUBLISH_PATH|DORMANT|SINGLE_MAINTAINER,1,4,v0.2.0
'@feedmepos/mf-kitchen,1.0.4,35,D,UNVERIFIED_PUBLISH_PATH,3,4,v0.2.0
'@frontkom/g-feature-box,0.1.0,33,F,UNVERIFIED_PUBLISH_PATH|DORMANT,10,4,v0.2.0
'@jsuites/menu,4.0.0,25,F,UNVERIFIED_PUBLISH_PATH|SINGLE_MAINTAINER,1,4,v0.2.0
'@labtime/avamec-api-bridge-cliente,1.0.0,15,F,UNVERIFIED_PUBLISH_PATH|DORMANT|SINGLE_MAINTAINER,1,4,v0.2.0
'@mrkenz9595/tizentube,5.30.301,20,F,UNVERIFIED_PUBLISH_PATH|SINGLE_MAINTAINER,1,4,v0.2.0
'@noonnu/gmarketsansmedium,0.0.1,14,F,UNVERIFIED_PUBLISH_PATH|DORMANT|SINGLE_MAINTAINER|DEPRECATED,1,4,v0.2.0
'@noonnu/s-coredream-6bold,0.0.1,14,F,UNVERIFIED_PUBLISH_PATH|DORMANT|SINGLE_MAINTAINER|DEPRECATED,1,4,v0.2.0
'@noonnu/tenada,0.1.0,14,F,UNVERIFIED_PUBLISH_PATH|DORMANT|SINGLE_MAINTAINER,1,4,v0.2.0
'@pitched/pitched-widget-standard,1.0.26,15,F,UNVERIFIED_PUBLISH_PATH|DORMANT|SINGLE_MAINTAINER,1,4,v0.2.0
'@playpilot/opw,1.1.2,35,D,UNVERIFIED_PUBLISH_PATH,2,4,v0.2.0
'@pollux-docaposte/icon-library,0.0.7,29,F,UNVERIFIED_PUBLISH_PATH|DORMANT,2,4,v0.2.0
'@priceshape/clientscript,0.4.0,10,F,UNVERIFIED_PUBLISH_PATH|DORMANT|SINGLE_MAINTAINER,1,4,v0.2.0
'@snapboard/flipdown,0.2.3,19,F,UNVERIFIED_PUBLISH_PATH|DORMANT|SINGLE_MAINTAINER,1,4,v0.2.0
'@yookgmbh/storefront-components,1.3.12,24,F,UNVERIFIED_PUBLISH_PATH|DORMANT,4,4,v0.2.0
aliplayercomonents,1.0.0,10,F,UNVERIFIED_PUBLISH_PATH|DORMANT|SINGLE_MAINTAINER,1,4,v0.2.0
cdnbye-mp4,0.11.3,19,F,UNVERIFIED_PUBLISH_PATH|DORMANT|SINGLE_MAINTAINER,1,4,v0.2.0
cmzydzsff2024927,1.0.2,10,F,UNVERIFIED_PUBLISH_PATH|DORMANT|SINGLE_MAINTAINER,1,4,v0.2.0
contrast-js,0.0.3,19,F,UNVERIFIED_PUBLISH_PATH|DORMANT|SINGLE_MAINTAINER,1,4,v0.2.0
custom-recaptcha,1.1.23,19,F,UNVERIFIED_PUBLISH_PATH|DORMANT|SINGLE_MAINTAINER,1,4,v0.2.0
datatables-loadmore,1.0.1,10,F,UNVERIFIED_PUBLISH_PATH|DORMANT|SINGLE_MAINTAINER,1,4,v0.2.0
freemarker-web-editor,1.0.0,15,F,UNVERIFIED_PUBLISH_PATH|DORMANT|SINGLE_MAINTAINER,1,4,v0.2.0
fullscreen.js,0.3.0,19,F,UNVERIFIED_PUBLISH_PATH|DORMANT|SINGLE_MAINTAINER,1,4,v0.2.0
gtm-basic-methods,1.0.0,10,F,UNVERIFIED_PUBLISH_PATH|DORMANT|SINGLE_MAINTAINER,1,4,v0.2.0
jquery-toasts,1.1.0,19,F,UNVERIFIED_PUBLISH_PATH|DORMANT|SINGLE_MAINTAINER,1,4,v0.2.0
konami-code.js,1.5.1,19,F,UNVERIFIED_PUBLISH_PATH|DORMANT|SINGLE_MAINTAINER|DEPRECATED,1,4,v0.2.0
late-images,2.1.0,19,F,UNVERIFIED_PUBLISH_PATH|DORMANT|SINGLE_MAINTAINER,1,4,v0.2.0
lazy-load-picture,0.0.1,14,F,UNVERIFIED_PUBLISH_PATH|DORMANT|SINGLE_MAINTAINER,1,4,v0.2.0
malihu-custom-scrollbar-plugin-with-iframe-fix,3.1.6,19,F,UNVERIFIED_PUBLISH_PATH|DORMANT|SINGLE_MAINTAINER,1,4,v0.2.0
mathjax-img,5.0.0,25,F,UNVERIFIED_PUBLISH_PATH|SINGLE_MAINTAINER,1,4,v0.2.0
owlcarousel2-filter,1.0.0,15,F,UNVERIFIED_PUBLISH_PATH|DORMANT|SINGLE_MAINTAINER,1,4,v0.2.0
rechat-material,1.2.0,10,F,UNVERIFIED_PUBLISH_PATH|DORMANT|SINGLE_MAINTAINER,1,4,v0.2.0
saby-customizer,0.0.11,25,F,UNVERIFIED_PUBLISH_PATH|SINGLE_MAINTAINER,1,4,v0.2.0
scarab-cli,0.2.2,19,F,UNVERIFIED_PUBLISH_PATH|DORMANT|SINGLE_MAINTAINER,1,4,v0.2.0
sdb-widget,2.0.13,21,F,UNVERIFIED_PUBLISH_PATH|SINGLE_MAINTAINER,1,4,v0.2.0
svg-skeleton,0.0.4,19,F,UNVERIFIED_PUBLISH_PATH|DORMANT|SINGLE_MAINTAINER,1,4,v0.2.0
swarmcloud-mp4-sw,0.2.2,19,F,UNVERIFIED_PUBLISH_PATH|DORMANT|SINGLE_MAINTAINER,1,4,v0.2.0
thb-calendar,1.0.1,19,F,UNVERIFIED_PUBLISH_PATH|DORMANT|SINGLE_MAINTAINER,1,4,v0.2.0
videojs-record-countdown,4.5.1,19,F,UNVERIFIED_PUBLISH_PATH|DORMANT|SINGLE_MAINTAINER,1,4,v0.2.0
wasm-imports-parser,1.0.4,19,F,UNVERIFIED_PUBLISH_PATH|DORMANT|SINGLE_MAINTAINER,1,4,v0.2.0
web3fonts,1.0.0,10,F,UNVERIFIED_PUBLISH_PATH|DORMANT|SINGLE_MAINTAINER,1,4,v0.2.0
'@alexandr-sokolov-dev/curb-waste,0.7.7,10,F,UNVERIFIED_PUBLISH_PATH|DORMANT|SINGLE_MAINTAINER,1,3,v0.2.0
'@datacite/datacite-tracker,0.0.5,33,F,UNVERIFIED_PUBLISH_PATH|DORMANT,3,3,v0.2.0
'@dflock/primeicons,6.0.3-SNAPSHOT,19,F,UNVERIFIED_PUBLISH_PATH|DORMANT|SINGLE_MAINTAINER,1,3,v0.2.0
'@eliaslazcano/utils,1.0.24,25,F,UNVERIFIED_PUBLISH_PATH|SINGLE_MAINTAINER,1,3,v0.2.0
'@frontkom/g-content-in-columns,0.4.5,33,F,UNVERIFIED_PUBLISH_PATH|DORMANT,10,3,v0.2.0
'@fsl-app/erm-app,1.1.3,21,F,UNVERIFIED_PUBLISH_PATH|SINGLE_MAINTAINER,1,3,v0.2.0
'@goodgamestudios/cxf-error-handler,0.0.1-qa.0,24,F,UNVERIFIED_PUBLISH_PATH|DORMANT|PUBLISHER_NOT_MAINTAINER,27,3,v0.2.0
'@goodgamestudios/cxf-shop-zipcodes,1.0.1-qa.1,24,F,UNVERIFIED_PUBLISH_PATH|DORMANT|PUBLISHER_NOT_MAINTAINER,27,3,v0.2.0
'@kwaeri/user-experience,0.1.13,15,F,UNVERIFIED_PUBLISH_PATH|DORMANT|SINGLE_MAINTAINER,1,3,v0.2.0
'@machi-pla/cc-client-js-tazawako,0.1.0,35,D,UNVERIFIED_PUBLISH_PATH,3,3,v0.2.0
'@mailbiz/onsite-fastcommerce-vendor,0.1.0,30,F,UNVERIFIED_PUBLISH_PATH,3,3,v0.2.0
'@noonnu/spoqa-han-sans,0.1.0,14,F,UNVERIFIED_PUBLISH_PATH|DORMANT|SINGLE_MAINTAINER,1,3,v0.2.0
'@orange-games/phaser-nineslice,2.0.1,28,F,UNVERIFIED_PUBLISH_PATH|DORMANT|DEPRECATED,3,3,v0.2.0
'@peachai/whatsapp-widget,0.0.7,35,D,UNVERIFIED_PUBLISH_PATH,3,3,v0.2.0
'@seedgou/flash.homes,5.2.0-git-00f5c8297fc3b7fce98e5c875f754ccf8f3d8b0a,15,F,UNVERIFIED_PUBLISH_PATH|DORMANT|SINGLE_MAINTAINER,1,3,v0.2.0
'@smart-serve-npm/chatbot,1.0.6,16,F,UNVERIFIED_PUBLISH_PATH|SINGLE_MAINTAINER,1,3,v0.2.0
'@ststui/web-components,0.0.13,10,F,UNVERIFIED_PUBLISH_PATH|DORMANT|SINGLE_MAINTAINER|PUBLISHER_NOT_MAINTAINER|DEPRECATED,1,3,v0.2.0
'@uoguelph/uofg-styles,3.0.3,35,D,UNVERIFIED_PUBLISH_PATH,5,3,v0.2.0
'@wc-lib/d3-line-chart,1.0.14,16,F,UNVERIFIED_PUBLISH_PATH|SINGLE_MAINTAINER,1,3,v0.2.0
'@wc1font/lxgw-wen-kai-screen,1.0.3,19,F,UNVERIFIED_PUBLISH_PATH|DORMANT|SINGLE_MAINTAINER,1,3,v0.2.0
'@youon/videojs-ssa,1.1.1,29,F,UNVERIFIED_PUBLISH_PATH|DORMANT,3,3,v0.2.0
'@zanichelli/zanichelli-adv,2.0.1,34,F,UNVERIFIED_PUBLISH_PATH,27,3,v0.2.0
afterglow,0.0.3,19,F,UNVERIFIED_PUBLISH_PATH|DORMANT|SINGLE_MAINTAINER,1,3,v0.2.0
appybee-widget,0.2.12,21,F,UNVERIFIED_PUBLISH_PATH|SINGLE_MAINTAINER,1,3,v0.2.0
choices-esm,10.0.0-1,14,F,UNVERIFIED_PUBLISH_PATH|DORMANT|SINGLE_MAINTAINER,1,3,v0.2.0
clappr-pip-plugin,2.0.1,19,F,UNVERIFIED_PUBLISH_PATH|DORMANT|SINGLE_MAINTAINER,1,3,v0.2.0
clappr-thumbnails-plugin,3.7.3,19,F,UNVERIFIED_PUBLISH_PATH|DORMANT|SINGLE_MAINTAINER,1,3,v0.2.0
cmzydzsff2024926,1.0.2,10,F,UNVERIFIED_PUBLISH_PATH|DORMANT|SINGLE_MAINTAINER,1,3,v0.2.0
cn-fontsource-xiaolai-mono-sc-regular,1.0.3,19,F,UNVERIFIED_PUBLISH_PATH|DORMANT|SINGLE_MAINTAINER,1,3,v0.2.0
country-flags-css,1.1.2,19,F,UNVERIFIED_PUBLISH_PATH|DORMANT|SINGLE_MAINTAINER,1,3,v0.2.0
dejavu-smoji,1.0.2,14,F,UNVERIFIED_PUBLISH_PATH|DORMANT|SINGLE_MAINTAINER,1,3,v0.2.0
editor-blocks-pricing-table,0.0.9,10,F,UNVERIFIED_PUBLISH_PATH|DORMANT|SINGLE_MAINTAINER,1,3,v0.2.0
editorjs-youtube-embed-extended,1.0.3,19,F,UNVERIFIED_PUBLISH_PATH|DORMANT|SINGLE_MAINTAINER,1,3,v0.2.0
font-touhou98,1.0.0,19,F,UNVERIFIED_PUBLISH_PATH|DORMANT|SINGLE_MAINTAINER,1,3,v0.2.0
gocaptcha,1.0.0,16,F,UNVERIFIED_PUBLISH_PATH|SINGLE_MAINTAINER,1,3,v0.2.0
jquery-passive,3.6.0,15,F,UNVERIFIED_PUBLISH_PATH|DORMANT|SINGLE_MAINTAINER,1,3,v0.2.0
kgr88-scripts,4.5.0,21,F,UNVERIFIED_PUBLISH_PATH|SINGLE_MAINTAINER,1,3,v0.2.0
lap-core-js,1.3.22,15,F,UNVERIFIED_PUBLISH_PATH|DORMANT|SINGLE_MAINTAINER,1,3,v0.2.0
location-store-js,0.1.13,15,F,UNVERIFIED_PUBLISH_PATH|DORMANT|SINGLE_MAINTAINER,1,3,v0.2.0
orbitcss,2.0.0,19,F,UNVERIFIED_PUBLISH_PATH|DORMANT|SINGLE_MAINTAINER,1,3,v0.2.0
perfect-scrollbar-vue2,1.2.0,19,F,UNVERIFIED_PUBLISH_PATH|DORMANT|SINGLE_MAINTAINER,1,3,v0.2.0
r9-scripts,4.0.0,21,F,UNVERIFIED_PUBLISH_PATH|SINGLE_MAINTAINER,1,3,v0.2.0
rocket-loader,2.4.0,19,F,UNVERIFIED_PUBLISH_PATH|DORMANT|SINGLE_MAINTAINER|DEPRECATED,1,3,v0.2.0
rslider,2.16.3,33,F,UNVERIFIED_PUBLISH_PATH|DORMANT,3,3,v0.2.0
sigy,0.0.11,25,F,UNVERIFIED_PUBLISH_PATH|SINGLE_MAINTAINER,1,3,v0.2.0
skrollr-stylesheets,1.0.0,14,F,UNVERIFIED_PUBLISH_PATH|DORMANT|SINGLE_MAINTAINER|DEPRECATED,1,3,v0.2.0
tabpanelwidget,3.0.4,21,F,UNVERIFIED_PUBLISH_PATH|SINGLE_MAINTAINER,1,3,v0.2.0
viewport-action,1.0.2,19,F,UNVERIFIED_PUBLISH_PATH|DORMANT|SINGLE_MAINTAINER,1,3,v0.2.0
webflow-scripts,1.1.0,21,F,UNVERIFIED_PUBLISH_PATH|SINGLE_MAINTAINER,1,3,v0.2.0
whatsapp-notification-sound,1.0.0,10,F,UNVERIFIED_PUBLISH_PATH|DORMANT|SINGLE_MAINTAINER,1,3,v0.2.0
wikistxr,0.1.5,25,F,UNVERIFIED_PUBLISH_PATH|SINGLE_MAINTAINER,1,3,v0.2.0
'@appility/scrolltracker,1.0.3,15,F,UNVERIFIED_PUBLISH_PATH|DORMANT|SINGLE_MAINTAINER,1,2,v0.2.0
'@frontkom/starterx-employees,1.3.0,33,F,UNVERIFIED_PUBLISH_PATH|DORMANT,10,2,v0.2.0
'@frontkom/starterx-mosaic,1.0.1,28,F,UNVERIFIED_PUBLISH_PATH|DORMANT|PUBLISHER_NOT_MAINTAINER,10,2,v0.2.0
'@getlupa/assets,1.0.2,10,F,UNVERIFIED_PUBLISH_PATH|DORMANT|SINGLE_MAINTAINER,1,2,v0.2.0
'@jimmyswrld/j-calc,2.0.0,15,F,UNVERIFIED_PUBLISH_PATH|DORMANT|SINGLE_MAINTAINER,1,2,v0.2.0
'@kirick/man,2.0.0-beta.7,19,F,UNVERIFIED_PUBLISH_PATH|DORMANT|SINGLE_MAINTAINER,1,2,v0.2.0
'@mig8447/lodash-debounce-throttle,4.17.5,19,F,UNVERIFIED_PUBLISH_PATH|DORMANT|SINGLE_MAINTAINER,1,2,v0.2.0
'@mobiloud/ml-review-popup,1.0.0,25,F,UNVERIFIED_PUBLISH_PATH|SINGLE_MAINTAINER,1,2,v0.2.0
'@noonnu/cafe24-ohsquareair,0.1.0,14,F,UNVERIFIED_PUBLISH_PATH|DORMANT|SINGLE_MAINTAINER,1,2,v0.2.0
'@noonnu/nanum-gothic-coding,0.1.0,14,F,UNVERIFIED_PUBLISH_PATH|DORMANT|SINGLE_MAINTAINER,1,2,v0.2.0
'@tashop/prebid-universal-creative,1.14.0,19,F,UNVERIFIED_PUBLISH_PATH|DORMANT|SINGLE_MAINTAINER,1,2,v0.2.0
'@wc-lib/infinite-scroll-list,1.3.3,58,C,INCONSISTENT_PUBLISH_PATH|SINGLE_MAINTAINER,1,2,v0.2.0
'@wrapp/f89e3f1419d40,0.1.6,16,F,UNVERIFIED_PUBLISH_PATH|SINGLE_MAINTAINER,1,2,v0.2.0
'@youon/videojs-abloop,1.0.2,29,F,UNVERIFIED_PUBLISH_PATH|DORMANT,3,2,v0.2.0
bb-track,1.0.13,10,F,UNVERIFIED_PUBLISH_PATH|DORMANT|SINGLE_MAINTAINER,1,2,v0.2.0
c-zoolab-w-data,1.0.11,25,F,UNVERIFIED_PUBLISH_PATH|SINGLE_MAINTAINER,1,2,v0.2.0
cmzydzsfile2024,1.0.4,21,F,UNVERIFIED_PUBLISH_PATH|SINGLE_MAINTAINER,1,2,v0.2.0
codalyn-loadout,1.1.4,73,B,SINGLE_MAINTAINER,1,2,v0.2.0
depends-on-js,1.5.1,14,F,UNVERIFIED_PUBLISH_PATH|DORMANT|SINGLE_MAINTAINER,1,2,v0.2.0
honeyjs,1.1.3,14,F,UNVERIFIED_PUBLISH_PATH|DORMANT|SINGLE_MAINTAINER|PUBLISHER_NOT_MAINTAINER|DEPRECATED,1,2,v0.2.0
icons_ms728,1.0.0,10,F,UNVERIFIED_PUBLISH_PATH|DORMANT|SINGLE_MAINTAINER,1,2,v0.2.0
mtr-pixel,2.0.0,25,F,UNVERIFIED_PUBLISH_PATH|SINGLE_MAINTAINER,1,2,v0.2.0
plhq_js_static,1.0.2,10,F,UNVERIFIED_PUBLISH_PATH|DORMANT|SINGLE_MAINTAINER,1,2,v0.2.0
proxymity,2.0.4,19,F,UNVERIFIED_PUBLISH_PATH|DORMANT|SINGLE_MAINTAINER,1,2,v0.2.0
responsive-youtube.js,0.2.1,19,F,UNVERIFIED_PUBLISH_PATH|DORMANT|SINGLE_MAINTAINER,1,2,v0.2.0
roboto-regular-woff,0.7.1,5,F,UNVERIFIED_PUBLISH_PATH|DORMANT,0,2,v0.2.0
selenium-engine-js,3.2.1,19,F,UNVERIFIED_PUBLISH_PATH|DORMANT|SINGLE_MAINTAINER,1,2,v0.2.0
videojs-hls-source-selector,1.0.1,15,F,UNVERIFIED_PUBLISH_PATH|DORMANT|SINGLE_MAINTAINER,1,2,v0.2.0
'@dytesdk/device-emulator,1.12.0,33,F,UNVERIFIED_PUBLISH_PATH|DORMANT,2,1,v0.2.0
'@fmakdemir/ckeditor5-super-build,12.2.2,19,F,UNVERIFIED_PUBLISH_PATH|DORMANT|SINGLE_MAINTAINER,1,1,v0.2.0
'@frontkom/section-row,0.2.0,33,F,UNVERIFIED_PUBLISH_PATH|DORMANT,10,1,v0.2.0
'@frontkom/starterx-quote-background,2.0.0,33,F,UNVERIFIED_PUBLISH_PATH|DORMANT,10,1,v0.2.0
'@goodgamestudios/cxf-dialog,1.6.1,29,F,UNVERIFIED_PUBLISH_PATH|DORMANT,27,1,v0.2.0
'@guzzj/clappr-level-selector-plugin,0.2.3,19,F,UNVERIFIED_PUBLISH_PATH|DORMANT|SINGLE_MAINTAINER,1,1,v0.2.0
'@intelight/geolib,2.0.22,14,F,UNVERIFIED_PUBLISH_PATH|DORMANT|SINGLE_MAINTAINER|PUBLISHER_NOT_MAINTAINER,1,1,v0.2.0
'@jleskovar/vue-native-websocket,2.0.5,19,F,UNVERIFIED_PUBLISH_PATH|DORMANT|SINGLE_MAINTAINER,1,1,v0.2.0
'@kirick/event-emitter,3.0.3,19,F,UNVERIFIED_PUBLISH_PATH|DORMANT|SINGLE_MAINTAINER,1,1,v0.2.0
'@noonnu/sebang-gothic_regular,0.0.1,14,F,UNVERIFIED_PUBLISH_PATH|DORMANT|SINGLE_MAINTAINER|DEPRECATED,1,1,v0.2.0
ics-browser-gen,0.1.3,19,F,UNVERIFIED_PUBLISH_PATH|DORMANT|SINGLE_MAINTAINER,1,1,v0.2.0
lining.js,0.3.2,10,F,UNVERIFIED_PUBLISH_PATH|DORMANT|SINGLE_MAINTAINER,1,1,v0.2.0
min-1px,1.0.0,19,F,UNVERIFIED_PUBLISH_PATH|DORMANT|SINGLE_MAINTAINER,1,1,v0.2.0
mksiema,1.0.3,20,F,UNVERIFIED_PUBLISH_PATH|SINGLE_MAINTAINER,1,1,v0.2.0
routie-2,1.0.0,19,F,UNVERIFIED_PUBLISH_PATH|DORMANT|SINGLE_MAINTAINER,1,1,v0.2.0
showfer-tv-guide,1.0.3,21,F,UNVERIFIED_PUBLISH_PATH|SINGLE_MAINTAINER,1,1,v0.2.0
spotclip,1.3.22,25,F,UNVERIFIED_PUBLISH_PATH|SINGLE_MAINTAINER,1,1,v0.2.0
tiptip,0.2.4,19,F,UNVERIFIED_PUBLISH_PATH|DORMANT|SINGLE_MAINTAINER,1,1,v0.2.0
udesly-web-share-api,1.0.2,10,F,UNVERIFIED_PUBLISH_PATH|DORMANT|SINGLE_MAINTAINER,1,1,v0.2.0
uiterator,1.0.5,19,F,UNVERIFIED_PUBLISH_PATH|DORMANT|SINGLE_MAINTAINER,1,1,v0.2.0
videopopup,0.0.8,19,F,UNVERIFIED_PUBLISH_PATH|DORMANT|SINGLE_MAINTAINER,1,1,v0.2.0
whatsapp-floating-widget,1.0.3,20,F,UNVERIFIED_PUBLISH_PATH|SINGLE_MAINTAINER,1,1,v0.2.0
'@blotoutio/providers-tiktok-sdk,1.63.3,25,F,UNVERIFIED_PUBLISH_PATH|SINGLE_MAINTAINER,1,0,v0.2.0
'@finsweet/attributes-animation,1.2.2,28,F,UNVERIFIED_PUBLISH_PATH|DORMANT|BRANCH_REQUIRES_PR,2,0,v0.2.0
'@get-advantage/advantage,0.11.2,25,F,UNVERIFIED_PUBLISH_PATH|SINGLE_MAINTAINER,1,0,v0.2.0
'@glidejs/glide,3.7.1,19,F,UNVERIFIED_PUBLISH_PATH|DORMANT|SINGLE_MAINTAINER,1,0,v0.2.0
'@goodgamestudios/cxf-fullscreen,0.0.4,24,F,UNVERIFIED_PUBLISH_PATH|DORMANT|PUBLISHER_NOT_MAINTAINER,27,0,v0.2.0
'@miso.ai/client-sdk,1.13.1,87,A,,2,0,v0.2.0
'@vap/shiki-worker,0.0.8,15,F,UNVERIFIED_PUBLISH_PATH|DORMANT|SINGLE_MAINTAINER,1,0,v0.2.0
a11y-slider,0.4.22,19,F,UNVERIFIED_PUBLISH_PATH|DORMANT|SINGLE_MAINTAINER,1,0,v0.2.0
admin-iframe-compatibility,1.0.116,34,F,UNVERIFIED_PUBLISH_PATH,59,0,v0.2.0
advanced-ellipsis,0.2.3,19,F,UNVERIFIED_PUBLISH_PATH|DORMANT|SINGLE_MAINTAINER,1,0,v0.2.0
aframe-look-at-component,1.0.0,28,F,UNVERIFIED_PUBLISH_PATH|DORMANT,2,0,v0.2.0
aframe-troika-text,0.14.0,21,F,UNVERIFIED_PUBLISH_PATH|SINGLE_MAINTAINER,1,0,v0.2.0
alertify-js,0.3.12,15,F,UNVERIFIED_PUBLISH_PATH|DORMANT|SINGLE_MAINTAINER,1,0,v0.2.0
alist-web,3.55.0,20,F,UNVERIFIED_PUBLISH_PATH|SINGLE_MAINTAINER,1,0,v0.2.0
amazon-chime-sdk-js,3.32.0,94,A,,2,0,v0.2.0
amis,6.13.0,39,D,UNVERIFIED_PUBLISH_PATH,7,0,v0.2.0
angular-bootstrap-slider,None,5,F,UNVERIFIED_PUBLISH_PATH,0,0,v0.2.0
angular-lock,3.1.0,78,B,,21,0,v0.2.0
angular-materialize,0.2.2,19,F,UNVERIFIED_PUBLISH_PATH|DORMANT|SINGLE_MAINTAINER,1,0,v0.2.0
angular-trix,1.0.2,19,F,UNVERIFIED_PUBLISH_PATH|DORMANT|SINGLE_MAINTAINER,1,0,v0.2.0
antd-mobile-icons,0.3.0,19,F,UNVERIFIED_PUBLISH_PATH|DORMANT|SINGLE_MAINTAINER,1,0,v0.2.0
apollo-client-browser,1.9.0,19,F,UNVERIFIED_PUBLISH_PATH|DORMANT|SINGLE_MAINTAINER,1,0,v0.2.0
artplayer-plugin-dash-quality,2.0.0,19,F,UNVERIFIED_PUBLISH_PATH|DORMANT|SINGLE_MAINTAINER|DEPRECATED,1,0,v0.2.0
astrobench,0.1.2,19,F,UNVERIFIED_PUBLISH_PATH|DORMANT|SINGLE_MAINTAINER,1,0,v0.2.0
async-wait-until,2.0.31,32,F,UNVERIFIED_PUBLISH_PATH|SINGLE_MAINTAINER,1,0,v0.2.0
authenticate-distribut,1.0.0,16,F,UNVERIFIED_PUBLISH_PATH|SINGLE_MAINTAINER,1,0,v0.2.0
baseline-browser-mapping,2.10.43,63,C,INCONSISTENT_PUBLISH_PATH|SINGLE_MAINTAINER,1,0,v0.2.0
blogger-utils,1.4.5,15,F,UNVERIFIED_PUBLISH_PATH|DORMANT|SINGLE_MAINTAINER,1,0,v0.2.0
bootstrap-4.3.0,1.0.0,27,F,UNVERIFIED_PUBLISH_PATH|DORMANT|SINGLE_MAINTAINER,1,0,v0.2.0
bootstrap-less,3.3.8,19,F,UNVERIFIED_PUBLISH_PATH|DORMANT|SINGLE_MAINTAINER,1,0,v0.2.0
bootstrap-tokenfield,0.12.0,14,F,UNVERIFIED_PUBLISH_PATH|DORMANT|SINGLE_MAINTAINER,1,0,v0.2.0
bootstrap4c-custom-switch,1.1.2,19,F,UNVERIFIED_PUBLISH_PATH|DORMANT|SINGLE_MAINTAINER,1,0,v0.2.0
breakpoints-js,1.0.6,19,F,UNVERIFIED_PUBLISH_PATH|DORMANT|SINGLE_MAINTAINER,1,0,v0.2.0
browser-fs-access,0.38.0,25,F,UNVERIFIED_PUBLISH_PATH|SINGLE_MAINTAINER,1,0,v0.2.0
browser-or-node,3.0.0,19,F,UNVERIFIED_PUBLISH_PATH|DORMANT|SINGLE_MAINTAINER,1,0,v0.2.0
browser-query-utils,2.0.1,25,F,UNVERIFIED_PUBLISH_PATH|SINGLE_MAINTAINER,1,0,v0.2.0
buffer-xor,2.0.2,33,F,UNVERIFIED_PUBLISH_PATH|DORMANT,2,0,v0.2.0
bulma-checkradio,2.1.3,33,F,UNVERIFIED_PUBLISH_PATH|DORMANT|DEPRECATED,2,0,v0.2.0
calenstyle,2.0.8,24,F,UNVERIFIED_PUBLISH_PATH|DORMANT,2,0,v0.2.0
camera-controls,3.1.2,39,D,UNVERIFIED_PUBLISH_PATH,3,0,v0.2.0
ccapture.js,1.1.0,19,F,UNVERIFIED_PUBLISH_PATH|DORMANT|SINGLE_MAINTAINER,1,0,v0.2.0
centricminds-ui,2.8.4,21,F,UNVERIFIED_PUBLISH_PATH|SINGLE_MAINTAINER,1,0,v0.2.0
cgview,1.8.2,25,F,UNVERIFIED_PUBLISH_PATH|SINGLE_MAINTAINER,1,0,v0.2.0
chalk,5.6.2,25,F,UNVERIFIED_PUBLISH_PATH|SINGLE_MAINTAINER,1,0,v0.2.0
chartjs-chart-venn,4.3.7,25,F,UNVERIFIED_PUBLISH_PATH|SINGLE_MAINTAINER,1,0,v0.2.0
cisdi-making-form,0.0.7,15,F,UNVERIFIED_PUBLISH_PATH|DORMANT|SINGLE_MAINTAINER|DEPRECATED,1,0,v0.2.0
cn-fontsource-lxgw-wen-kai-screen-r,1.0.6,19,F,UNVERIFIED_PUBLISH_PATH|DORMANT|SINGLE_MAINTAINER,1,0,v0.2.0
component-emitter,2.0.0,19,F,UNVERIFIED_PUBLISH_PATH|DORMANT|SINGLE_MAINTAINER,1,0,v0.2.0
convertapi-js,1.0.8,19,F,UNVERIFIED_PUBLISH_PATH|DORMANT|SINGLE_MAINTAINER,1,0,v0.2.0
core-util-is,1.0.3,19,F,UNVERIFIED_PUBLISH_PATH|DORMANT|SINGLE_MAINTAINER,1,0,v0.2.0
cornerstone-math,0.1.10,33,F,UNVERIFIED_PUBLISH_PATH|DORMANT,10,0,v0.2.0
create-file-list,1.1.0,19,F,UNVERIFIED_PUBLISH_PATH|DORMANT|SINGLE_MAINTAINER,1,0,v0.2.0
csc-ui,0.9.5,19,F,UNVERIFIED_PUBLISH_PATH|DORMANT|SINGLE_MAINTAINER,1,0,v0.2.0
currency-code-symbol-map,1.0.1,19,F,UNVERIFIED_PUBLISH_PATH|DORMANT|SINGLE_MAINTAINER,1,0,v0.2.0
deat-mui-icons,3.0.2,14,F,UNVERIFIED_PUBLISH_PATH|DORMANT|SINGLE_MAINTAINER,1,0,v0.2.0
dedent,1.7.2,39,D,UNVERIFIED_PUBLISH_PATH,2,0,v0.2.0
default-passive-events,4.0.0,34,F,UNVERIFIED_PUBLISH_PATH,2,0,v0.2.0
defuddle,0.19.1,25,F,UNVERIFIED_PUBLISH_PATH|SINGLE_MAINTAINER,1,0,v0.2.0
dirham,1.5.3,25,F,UNVERIFIED_PUBLISH_PATH|SINGLE_MAINTAINER,1,0,v0.2.0
docsify-ko-fi,1.0.0,19,F,UNVERIFIED_PUBLISH_PATH|DORMANT|SINGLE_MAINTAINER,1,0,v0.2.0
dolphinq-element,0.1.0,10,F,UNVERIFIED_PUBLISH_PATH|DORMANT|SINGLE_MAINTAINER,1,0,v0.2.0
easyzoom-mp,2.2.2,19,F,UNVERIFIED_PUBLISH_PATH|DORMANT|SINGLE_MAINTAINER,1,0,v0.2.0
editor,1.0.0,14,F,UNVERIFIED_PUBLISH_PATH|DORMANT|SINGLE_MAINTAINER|PUBLISHER_NOT_MAINTAINER,1,0,v0.2.0
editorjs-simple-image-updated,1.3.8,19,F,UNVERIFIED_PUBLISH_PATH|DORMANT|SINGLE_MAINTAINER,1,0,v0.2.0
editorjs-style,3.0.3,14,F,UNVERIFIED_PUBLISH_PATH|DORMANT|SINGLE_MAINTAINER,1,0,v0.2.0
electron,43.1.1,47,D,UNVERIFIED_PUBLISH_PATH,2,0,v0.2.0
eslint-plugin-react,7.37.5,45,D,UNVERIFIED_PUBLISH_PATH,2,0,v0.2.0
espeak-ng,1.0.2,19,F,UNVERIFIED_PUBLISH_PATH|DORMANT|SINGLE_MAINTAINER,1,0,v0.2.0
eventsource-client,1.2.0,25,F,UNVERIFIED_PUBLISH_PATH|SINGLE_MAINTAINER,1,0,v0.2.0
extendable-media-recorder,9.2.38,25,F,UNVERIFIED_PUBLISH_PATH|SINGLE_MAINTAINER,1,0,v0.2.0
famfamfam-silk,1.0.0,19,F,UNVERIFIED_PUBLISH_PATH|DORMANT|SINGLE_MAINTAINER,1,0,v0.2.0
fast-json-patch,3.1.1,33,F,UNVERIFIED_PUBLISH_PATH|DORMANT,4,0,v0.2.0
fast-levenshtein,3.0.0,19,F,UNVERIFIED_PUBLISH_PATH|DORMANT|SINGLE_MAINTAINER,1,0,v0.2.0
file-upload-with-preview,6.1.2,33,F,UNVERIFIED_PUBLISH_PATH|DORMANT,2,0,v0.2.0
filesaver.js,1.3.4,33,F,UNVERIFIED_PUBLISH_PATH|DORMANT|DEPRECATED,2,0,v0.2.0
fjelheisen-api-warning,1.0.12,14,F,UNVERIFIED_PUBLISH_PATH|DORMANT|SINGLE_MAINTAINER,1,0,v0.2.0
flexbundle-components,0.1.3,15,F,UNVERIFIED_PUBLISH_PATH|DORMANT|SINGLE_MAINTAINER,1,0,v0.2.0
flubber,0.4.2,19,F,UNVERIFIED_PUBLISH_PATH|DORMANT|SINGLE_MAINTAINER,1,0,v0.2.0
font-awesome-4,4.7.4,19,F,UNVERIFIED_PUBLISH_PATH|DORMANT|SINGLE_MAINTAINER,1,0,v0.2.0
fontawesome-free-6.2.1,None,5,F,UNVERIFIED_PUBLISH_PATH,0,0,v0.2.0
fontawesome-free-v6,1.0.1,15,F,UNVERIFIED_PUBLISH_PATH|DORMANT|SINGLE_MAINTAINER,1,0,v0.2.0
fsevents,2.3.3,33,F,UNVERIFIED_PUBLISH_PATH|DORMANT,2,0,v0.2.0
fuse-js-latest,3.1.0,19,F,UNVERIFIED_PUBLISH_PATH|DORMANT|SINGLE_MAINTAINER|DEPRECATED,1,0,v0.2.0
fxpmzkxstt,None,5,F,UNVERIFIED_PUBLISH_PATH,0,0,v0.2.0
gl-vec3,1.2.0,39,D,UNVERIFIED_PUBLISH_PATH,11,0,v0.2.0
glyphicons-only-bootstrap,1.0.1,14,F,UNVERIFIED_PUBLISH_PATH|DORMANT|SINGLE_MAINTAINER,1,0,v0.2.0
gpu-curtains,0.16.3,20,F,UNVERIFIED_PUBLISH_PATH|SINGLE_MAINTAINER,1,0,v0.2.0
granim,2.0.0,33,F,UNVERIFIED_PUBLISH_PATH|DORMANT,2,0,v0.2.0
graphhopper-js-api-client,7.6.5,39,D,UNVERIFIED_PUBLISH_PATH|DEPRECATED,2,0,v0.2.0
graphql-ws,6.1.0,77,B,INCONSISTENT_PUBLISH_PATH,2,0,v0.2.0
gridalicious,3.0.4,19,F,UNVERIFIED_PUBLISH_PATH|DORMANT|SINGLE_MAINTAINER,1,0,v0.2.0
hexo-shiki-plugin,1.0.32,73,B,SINGLE_MAINTAINER,1,0,v0.2.0
highlight.run,10.6.0,94,A,,2,0,v0.2.0
hijri-datepicker-component,0.0.10,19,F,UNVERIFIED_PUBLISH_PATH|DORMANT|SINGLE_MAINTAINER,1,0,v0.2.0
hopscotch,0.3.1,33,F,UNVERIFIED_PUBLISH_PATH|DORMANT,2,0,v0.2.0
http-status-codes,2.3.0,19,F,UNVERIFIED_PUBLISH_PATH|DORMANT|SINGLE_MAINTAINER,1,0,v0.2.0
i8-icon,0.9.4,19,F,UNVERIFIED_PUBLISH_PATH|DORMANT|SINGLE_MAINTAINER,1,0,v0.2.0
igniteui-react-core,19.6.0,16,F,UNVERIFIED_PUBLISH_PATH|SINGLE_MAINTAINER,1,0,v0.2.0
image-blob-reduce,5.0.1,25,F,UNVERIFIED_PUBLISH_PATH|SINGLE_MAINTAINER,1,0,v0.2.0
infinite-scroll-component,0.0.4,19,F,UNVERIFIED_PUBLISH_PATH|DORMANT|SINGLE_MAINTAINER,1,0,v0.2.0
jcider,3.0.8,19,F,UNVERIFIED_PUBLISH_PATH|DORMANT|SINGLE_MAINTAINER,1,0,v0.2.0
jolty,0.6.2,19,F,UNVERIFIED_PUBLISH_PATH|DORMANT|SINGLE_MAINTAINER,1,0,v0.2.0
jquery-backstretch,2.1.18,33,F,UNVERIFIED_PUBLISH_PATH|DORMANT,2,0,v0.2.0
jquery-binarytransport,1.0.0,19,F,UNVERIFIED_PUBLISH_PATH|DORMANT|SINGLE_MAINTAINER,1,0,v0.2.0
jquery-file-upload,4.0.11,19,F,UNVERIFIED_PUBLISH_PATH|DORMANT|SINGLE_MAINTAINER,1,0,v0.2.0
jquery-keyboard-focus,0.0.4,15,F,UNVERIFIED_PUBLISH_PATH|DORMANT|SINGLE_MAINTAINER,1,0,v0.2.0
jquery-minicolors,2.1.10,19,F,UNVERIFIED_PUBLISH_PATH|DORMANT|SINGLE_MAINTAINER,1,0,v0.2.0
jquery-particles,None,5,F,UNVERIFIED_PUBLISH_PATH,0,0,v0.2.0
jquery-tagcanvas,2.9.0,19,F,UNVERIFIED_PUBLISH_PATH|DORMANT|SINGLE_MAINTAINER,1,0,v0.2.0
jquery-ui.accordion.multiple,1.0.1,19,F,UNVERIFIED_PUBLISH_PATH|DORMANT|SINGLE_MAINTAINER,1,0,v0.2.0
jquery-weui,1.2.1,19,F,UNVERIFIED_PUBLISH_PATH|DORMANT|SINGLE_MAINTAINER,1,0,v0.2.0
jquery.calculator,2.0.1,19,F,UNVERIFIED_PUBLISH_PATH|DORMANT|SINGLE_MAINTAINER,1,0,v0.2.0
jupyter-leaflet,0.20.0,39,D,UNVERIFIED_PUBLISH_PATH,6,0,v0.2.0
jzz-synth-tiny,1.4.4,25,F,UNVERIFIED_PUBLISH_PATH|SINGLE_MAINTAINER,1,0,v0.2.0
kchop-plugin,None,5,F,UNVERIFIED_PUBLISH_PATH,0,0,v0.2.0
knex,3.3.0,72,B,INCONSISTENT_PUBLISH_PATH,5,0,v0.2.0
lcdp-vue3-components,1.0.57,16,F,UNVERIFIED_PUBLISH_PATH|SINGLE_MAINTAINER,1,0,v0.2.0
leaflet-spin,1.1.2,33,F,UNVERIFIED_PUBLISH_PATH|DORMANT,6,0,v0.2.0
leaflet.markercluster.freezable,1.0.0,19,F,UNVERIFIED_PUBLISH_PATH|DORMANT|SINGLE_MAINTAINER,1,0,v0.2.0
leaflet.snogylop,0.4.0,19,F,UNVERIFIED_PUBLISH_PATH|DORMANT|SINGLE_MAINTAINER,1,0,v0.2.0
live2d-widget-model-haru,1.0.5,14,F,UNVERIFIED_PUBLISH_PATH|DORMANT|SINGLE_MAINTAINER,1,0,v0.2.0
luxy.js,0.1.0,19,F,UNVERIFIED_PUBLISH_PATH|DORMANT|SINGLE_MAINTAINER,1,0,v0.2.0
mapbox-gl-animated-popup,0.4.0,19,F,UNVERIFIED_PUBLISH_PATH|DORMANT|SINGLE_MAINTAINER,1,0,v0.2.0
maplace-js,0.2.10,19,F,UNVERIFIED_PUBLISH_PATH|DORMANT|SINGLE_MAINTAINER,1,0,v0.2.0
maplemono-normal-nf-cn,1.0.0,16,F,UNVERIFIED_PUBLISH_PATH|SINGLE_MAINTAINER,1,0,v0.2.0
marchingsquares,1.3.3,19,F,UNVERIFIED_PUBLISH_PATH|DORMANT|SINGLE_MAINTAINER,1,0,v0.2.0
markdown-it-abbr,2.0.0,19,F,UNVERIFIED_PUBLISH_PATH|DORMANT|SINGLE_MAINTAINER,1,0,v0.2.0
markdown-it-mathjax,2.0.0,19,F,UNVERIFIED_PUBLISH_PATH|DORMANT|SINGLE_MAINTAINER,1,0,v0.2.0
mathjax-tex-font,4.0.0-beta.7,19,F,UNVERIFIED_PUBLISH_PATH|DORMANT|SINGLE_MAINTAINER,1,0,v0.2.0
mdbvue,6.7.4,29,F,UNVERIFIED_PUBLISH_PATH|DORMANT,17,0,v0.2.0
mdi-react,9.4.0,14,F,UNVERIFIED_PUBLISH_PATH|DORMANT|SINGLE_MAINTAINER,1,0,v0.2.0
miller-rabin,4.0.1,33,F,UNVERIFIED_PUBLISH_PATH|DORMANT,2,0,v0.2.0
minizinc,4.4.6,82,B,,3,0,v0.2.0
mlwgycqisx,None,5,F,UNVERIFIED_PUBLISH_PATH,0,0,v0.2.0
mnfst,0.5.180,25,F,UNVERIFIED_PUBLISH_PATH|SINGLE_MAINTAINER,1,0,v0.2.0
mockdate,3.0.5,19,F,UNVERIFIED_PUBLISH_PATH|DORMANT|SINGLE_MAINTAINER,1,0,v0.2.0
moveto,1.8.2,19,F,UNVERIFIED_PUBLISH_PATH|DORMANT|SINGLE_MAINTAINER,1,0,v0.2.0
msgpack5,6.0.2,25,F,UNVERIFIED_PUBLISH_PATH|DORMANT|SINGLE_MAINTAINER,1,0,v0.2.0
multiselect,0.9.12,10,F,UNVERIFIED_PUBLISH_PATH|DORMANT|SINGLE_MAINTAINER,1,0,v0.2.0
native-base-v3,0.2.5,14,F,UNVERIFIED_PUBLISH_PATH|DORMANT|SINGLE_MAINTAINER,1,0,v0.2.0
native-material-icons,0.1.4,34,F,UNVERIFIED_PUBLISH_PATH,4,0,v0.2.0
neataptic,1.4.7,19,F,UNVERIFIED_PUBLISH_PATH|DORMANT|SINGLE_MAINTAINER,1,0,v0.2.0
next-intl,4.13.2,73,B,SINGLE_MAINTAINER,1,0,v0.2.0
nyc,18.0.0,39,D,UNVERIFIED_PUBLISH_PATH,3,0,v0.2.0
objcjs-types,0.8.0,16,F,UNVERIFIED_PUBLISH_PATH|SINGLE_MAINTAINER,1,0,v0.2.0
object-fit-videos,1.0.4,19,F,UNVERIFIED_PUBLISH_PATH|DORMANT|SINGLE_MAINTAINER,1,0,v0.2.0
obug,2.1.4,68,C,SINGLE_MAINTAINER,1,0,v0.2.0
octicons,8.5.0,35,D,UNVERIFIED_PUBLISH_PATH|DORMANT|DEPRECATED,20,0,v0.2.0
offcanvas-bootstrap,2.5.2,19,F,UNVERIFIED_PUBLISH_PATH|DORMANT|SINGLE_MAINTAINER,1,0,v0.2.0
ovenlivekit,1.5.8,25,F,UNVERIFIED_PUBLISH_PATH|SINGLE_MAINTAINER,1,0,v0.2.0
p-timeout,7.0.1,25,F,UNVERIFIED_PUBLISH_PATH|SINGLE_MAINTAINER,1,0,v0.2.0
path-expression-matcher,1.6.2,31,F,UNVERIFIED_PUBLISH_PATH|SINGLE_MAINTAINER,1,0,v0.2.0
path2d-polyfill,3.2.2,20,F,UNVERIFIED_PUBLISH_PATH|SINGLE_MAINTAINER,1,0,v0.2.0
popup-framework-core-v2,1.0.3,21,F,UNVERIFIED_PUBLISH_PATH|SINGLE_MAINTAINER,1,0,v0.2.0
pretty-checkbox-vue,1.1.9,14,F,UNVERIFIED_PUBLISH_PATH|DORMANT|SINGLE_MAINTAINER,1,0,v0.2.0
print-area-js,1.0.2,19,F,UNVERIFIED_PUBLISH_PATH|DORMANT|SINGLE_MAINTAINER,1,0,v0.2.0
protomaps-leaflet,5.1.0,25,F,UNVERIFIED_PUBLISH_PATH|SINGLE_MAINTAINER,1,0,v0.2.0
pure-swipe,1.0.7,19,F,UNVERIFIED_PUBLISH_PATH|DORMANT|SINGLE_MAINTAINER,1,0,v0.2.0
q,1.5.1,33,F,UNVERIFIED_PUBLISH_PATH|DORMANT|DEPRECATED,2,0,v0.2.0
query-string,9.4.1,25,F,UNVERIFIED_PUBLISH_PATH|SINGLE_MAINTAINER,1,0,v0.2.0
querystringify,2.2.0,33,F,UNVERIFIED_PUBLISH_PATH|DORMANT,4,0,v0.2.0
raleigh-map-components-config,0.0.3,16,F,UNVERIFIED_PUBLISH_PATH|SINGLE_MAINTAINER,1,0,v0.2.0
randomcolor,0.6.2,19,F,UNVERIFIED_PUBLISH_PATH|DORMANT|SINGLE_MAINTAINER,1,0,v0.2.0
rc-animate,3.1.1,33,F,UNVERIFIED_PUBLISH_PATH|DORMANT,5,0,v0.2.0
reach-prebid-universal-creative,1.17.2,21,F,UNVERIFIED_PUBLISH_PATH|SINGLE_MAINTAINER,1,0,v0.2.0
react-date-range,2.0.1,35,D,UNVERIFIED_PUBLISH_PATH|DORMANT,4,0,v0.2.0
react-native-vision-camera,5.1.1,25,F,UNVERIFIED_PUBLISH_PATH|SINGLE_MAINTAINER,1,0,v0.2.0
react-step-wizard,5.3.11,19,F,UNVERIFIED_PUBLISH_PATH|DORMANT|SINGLE_MAINTAINER,1,0,v0.2.0
react-to-print,3.3.0,39,D,UNVERIFIED_PUBLISH_PATH,2,0,v0.2.0
react-tooltip,6.0.8,39,D,UNVERIFIED_PUBLISH_PATH,6,0,v0.2.0
react-weui,1.2.3,33,F,UNVERIFIED_PUBLISH_PATH|DORMANT,2,0,v0.2.0
reaviz,16.2.1,25,F,UNVERIFIED_PUBLISH_PATH|SINGLE_MAINTAINER,1,0,v0.2.0
regl,2.1.1,33,F,UNVERIFIED_PUBLISH_PATH|DORMANT,5,0,v0.2.0
regression,2.0.1,19,F,UNVERIFIED_PUBLISH_PATH|DORMANT|SINGLE_MAINTAINER,1,0,v0.2.0
requestanimationframe,0.0.23,19,F,UNVERIFIED_PUBLISH_PATH|DORMANT|SINGLE_MAINTAINER,1,0,v0.2.0
requires-port,1.0.0,33,F,UNVERIFIED_PUBLISH_PATH|DORMANT,2,0,v0.2.0
responsive-image-map,1.0.6,19,F,UNVERIFIED_PUBLISH_PATH|DORMANT|SINGLE_MAINTAINER,1,0,v0.2.0
rffchggias,None,5,F,UNVERIFIED_PUBLISH_PATH,0,0,v0.2.0
sakura-js,1.1.1,15,F,UNVERIFIED_PUBLISH_PATH|DORMANT|SINGLE_MAINTAINER,1,0,v0.2.0
sequelize,6.37.8,52,C,UNVERIFIED_PUBLISH_PATH,9,0,v0.2.0
sharepointplus,6.2.0,19,F,UNVERIFIED_PUBLISH_PATH|DORMANT|SINGLE_MAINTAINER,1,0,v0.2.0
smartcrop,2.0.5,19,F,UNVERIFIED_PUBLISH_PATH|DORMANT|SINGLE_MAINTAINER,1,0,v0.2.0
sn-ui-kit-icons,0.4.0,15,F,UNVERIFIED_PUBLISH_PATH|DORMANT|SINGLE_MAINTAINER,1,0,v0.2.0
source-han-vf,0.1.1,19,F,UNVERIFIED_PUBLISH_PATH|DORMANT|SINGLE_MAINTAINER,1,0,v0.2.0
squire-rte,2.4.8,20,F,UNVERIFIED_PUBLISH_PATH|SINGLE_MAINTAINER,1,0,v0.2.0
stimulus-autocomplete,3.1.0,33,F,UNVERIFIED_PUBLISH_PATH|DORMANT,2,0,v0.2.0
stimulus-textarea-autogrow,4.1.0,14,F,UNVERIFIED_PUBLISH_PATH|DORMANT|SINGLE_MAINTAINER,1,0,v0.2.0
style-object-to-css-string,1.1.3,19,F,UNVERIFIED_PUBLISH_PATH|DORMANT|SINGLE_MAINTAINER,1,0,v0.2.0
svix,1.98.0,100,A,,2,0,v0.2.0
tabularjs,1.0.1,25,F,UNVERIFIED_PUBLISH_PATH|SINGLE_MAINTAINER,1,0,v0.2.0
tar,7.5.20,25,F,UNVERIFIED_PUBLISH_PATH|SINGLE_MAINTAINER,1,0,v0.2.0
terriajs,8.12.4,83,B,INCONSISTENT_PUBLISH_PATH,3,0,v0.2.0
texme,1.2.2,19,F,UNVERIFIED_PUBLISH_PATH|DORMANT|SINGLE_MAINTAINER,1,0,v0.2.0
three-addons,1.2.0,14,F,UNVERIFIED_PUBLISH_PATH|DORMANT|SINGLE_MAINTAINER,1,0,v0.2.0
threesixty-slider,2.0.6,19,F,UNVERIFIED_PUBLISH_PATH|DORMANT|SINGLE_MAINTAINER,1,0,v0.2.0
thumbmarkjs,0.15.0,15,F,UNVERIFIED_PUBLISH_PATH|DORMANT|SINGLE_MAINTAINER|DEPRECATED,1,0,v0.2.0
timestamp-witch-js,1.0.0,25,F,UNVERIFIED_PUBLISH_PATH|SINGLE_MAINTAINER,1,0,v0.2.0
timezz,9.0.2,19,F,UNVERIFIED_PUBLISH_PATH|DORMANT|SINGLE_MAINTAINER,1,0,v0.2.0
tiny-invariant,1.3.3,19,F,UNVERIFIED_PUBLISH_PATH|DORMANT|SINGLE_MAINTAINER,1,0,v0.2.0
togeojson,0.16.0,21,F,UNVERIFIED_PUBLISH_PATH|DORMANT|SINGLE_MAINTAINER|PUBLISHER_NOT_MAINTAINER|DEPRECATED,1,0,v0.2.0
ts-ebml,3.0.2,25,F,UNVERIFIED_PUBLISH_PATH|SINGLE_MAINTAINER,1,0,v0.2.0
tsparticles-plugin-emitters,2.12.0,39,D,UNVERIFIED_PUBLISH_PATH|DORMANT|DEPRECATED,2,0,v0.2.0
tsparticles-preset-snow,None,5,F,UNVERIFIED_PUBLISH_PATH,0,0,v0.2.0
tsparticles-shape-circle,2.12.0,39,D,UNVERIFIED_PUBLISH_PATH|DORMANT|DEPRECATED,2,0,v0.2.0
tsparticles-updater-color,2.12.0,39,D,UNVERIFIED_PUBLISH_PATH|DORMANT|DEPRECATED,2,0,v0.2.0
tt-chat-n8n,0.7.4,25,F,UNVERIFIED_PUBLISH_PATH|SINGLE_MAINTAINER,1,0,v0.2.0
tw-animate-css,1.4.0,62,C,SINGLE_MAINTAINER,1,0,v0.2.0
typeface-minecraft,1.0.0,14,F,UNVERIFIED_PUBLISH_PATH|DORMANT|SINGLE_MAINTAINER,1,0,v0.2.0
uglify-js,3.19.3,33,F,UNVERIFIED_PUBLISH_PATH|DORMANT,3,0,v0.2.0
uint8arrays,6.1.1,73,B,SINGLE_MAINTAINER,1,0,v0.2.0
unenv,1.10.0,26,F,UNVERIFIED_PUBLISH_PATH|DORMANT|SINGLE_MAINTAINER,1,0,v0.2.0
uniqode-card-templates,1.0.5,25,F,UNVERIFIED_PUBLISH_PATH|SINGLE_MAINTAINER,1,0,v0.2.0
unist,0.0.1,19,F,UNVERIFIED_PUBLISH_PATH|DORMANT|PUBLISHER_NOT_MAINTAINER|DEPRECATED,2,0,v0.2.0
v-money-customized,0.0.1,10,F,UNVERIFIED_PUBLISH_PATH|DORMANT|SINGLE_MAINTAINER,1,0,v0.2.0
values.js,2.1.1,19,F,UNVERIFIED_PUBLISH_PATH|DORMANT|SINGLE_MAINTAINER,1,0,v0.2.0
vanilla-js-wheel-zoom,9.0.4,19,F,UNVERIFIED_PUBLISH_PATH|DORMANT|SINGLE_MAINTAINER,1,0,v0.2.0
vanillatoasts,1.6.0,19,F,UNVERIFIED_PUBLISH_PATH|DORMANT|SINGLE_MAINTAINER,1,0,v0.2.0
vega-tooltip,1.1.0,39,D,UNVERIFIED_PUBLISH_PATH,6,0,v0.2.0
vega-util,2.1.1,52,C,UNVERIFIED_PUBLISH_PATH,5,0,v0.2.0
velocity-ui-pack,1.2.2,14,F,UNVERIFIED_PUBLISH_PATH|DORMANT|SINGLE_MAINTAINER,1,0,v0.2.0
vh-check,2.0.5,19,F,UNVERIFIED_PUBLISH_PATH|DORMANT|SINGLE_MAINTAINER,1,0,v0.2.0
vue-apollo,3.1.2,19,F,UNVERIFIED_PUBLISH_PATH|DORMANT|SINGLE_MAINTAINER,1,0,v0.2.0
vue-file-agent,1.7.3,19,F,UNVERIFIED_PUBLISH_PATH|DORMANT|SINGLE_MAINTAINER,1,0,v0.2.0
vue-hotel-datepicker,5.0.1,39,D,UNVERIFIED_PUBLISH_PATH,2,0,v0.2.0
vue-konva,3.4.0,39,D,UNVERIFIED_PUBLISH_PATH,2,0,v0.2.0
vue-toastr,2.1.2,19,F,UNVERIFIED_PUBLISH_PATH|DORMANT|SINGLE_MAINTAINER,1,0,v0.2.0
vue2-touch-events,3.2.3,19,F,UNVERIFIED_PUBLISH_PATH|DORMANT|SINGLE_MAINTAINER,1,0,v0.2.0
vue3-lazyload,0.4.2,20,F,UNVERIFIED_PUBLISH_PATH|SINGLE_MAINTAINER,1,0,v0.2.0
wasm-imagemagick,1.2.8,19,F,UNVERIFIED_PUBLISH_PATH|DORMANT|SINGLE_MAINTAINER,1,0,v0.2.0
web-ifc,0.0.77,87,A,,2,0,v0.2.0
webcoin-dogecoin,0.1.1,19,F,UNVERIFIED_PUBLISH_PATH|DORMANT|SINGLE_MAINTAINER,1,0,v0.2.0
webmetric,None,5,F,UNVERIFIED_PUBLISH_PATH,0,0,v0.2.0
webvr-polyfill,0.10.12,33,F,UNVERIFIED_PUBLISH_PATH|DORMANT,3,0,v0.2.0
xeicon,None,5,F,UNVERIFIED_PUBLISH_PATH,0,0,v0.2.0
xml-formatter,3.7.0,25,F,UNVERIFIED_PUBLISH_PATH|SINGLE_MAINTAINER,1,0,v0.2.0
xmldom,0.6.0,34,F,UNVERIFIED_PUBLISH_PATH|DORMANT|PUBLISHER_NOT_MAINTAINER,2,0,v0.2.0
xterm-addon-canvas,0.5.0,19,F,UNVERIFIED_PUBLISH_PATH|DORMANT|SINGLE_MAINTAINER|DEPRECATED,1,0,v0.2.0
yargs,18.0.0,39,D,UNVERIFIED_PUBLISH_PATH,3,0,v0.2.0
yoga-layout,3.2.1,14,F,UNVERIFIED_PUBLISH_PATH|DORMANT|SINGLE_MAINTAINER,1,0,v0.2.0
yt-player,3.6.1,19,F,UNVERIFIED_PUBLISH_PATH|DORMANT|SINGLE_MAINTAINER,1,0,v0.2.0
zpl-image,0.3.0,25,F,UNVERIFIED_PUBLISH_PATH|SINGLE_MAINTAINER,1,0,v0.2.0
