name,version,score,grade,flags,maintainer_count,weekly_downloads,methodology_version
semver,7.8.5,100,A,,3,807724145,v0.2.0
minimatch,10.2.5,25,F,UNVERIFIED_PUBLISH_PATH|SINGLE_MAINTAINER,1,671279035,v0.2.0
debug,4.4.3,39,D,UNVERIFIED_PUBLISH_PATH,2,669071141,v0.2.0
lru-cache,11.5.2,25,F,UNVERIFIED_PUBLISH_PATH|SINGLE_MAINTAINER,1,512290498,v0.2.0
ms,2.1.3,28,F,UNVERIFIED_PUBLISH_PATH|DORMANT|PUBLISHER_NOT_MAINTAINER,6,509717030,v0.2.0
tslib,2.8.1,39,D,UNVERIFIED_PUBLISH_PATH|DORMANT|BRANCH_REQUIRES_PR,7,417455269,v0.2.0
emoji-regex,10.6.0,77,B,,2,412824979,v0.2.0
'@types/node,26.1.1,33,F,UNVERIFIED_PUBLISH_PATH|SINGLE_MAINTAINER,1,386768646,v0.2.0
type-fest,5.8.0,25,F,UNVERIFIED_PUBLISH_PATH|SINGLE_MAINTAINER,1,356337198,v0.2.0
ajv,8.20.0,46,D,UNVERIFIED_PUBLISH_PATH,2,348723980,v0.2.0
source-map,0.8.0,45,D,UNVERIFIED_PUBLISH_PATH,25,341197174,v0.2.0
react-is,19.2.8,83,B,INCONSISTENT_PUBLISH_PATH|BRANCH_REQUIRES_PR,2,337744621,v0.2.0
escape-string-regexp,5.0.0,19,F,UNVERIFIED_PUBLISH_PATH|DORMANT|SINGLE_MAINTAINER,1,330231567,v0.2.0
readable-stream,4.7.0,33,F,UNVERIFIED_PUBLISH_PATH|DORMANT,3,324795774,v0.2.0
json-schema-traverse,1.0.0,19,F,UNVERIFIED_PUBLISH_PATH|DORMANT|SINGLE_MAINTAINER,1,295632344,v0.2.0
safe-buffer,5.2.1,33,F,UNVERIFIED_PUBLISH_PATH|DORMANT,2,286261566,v0.2.0
undici-types,8.9.0,93,A,,2,285444110,v0.2.0
js-yaml,5.2.2,25,F,UNVERIFIED_PUBLISH_PATH|SINGLE_MAINTAINER,1,272170870,v0.2.0
uuid,14.0.1,77,B,INCONSISTENT_PUBLISH_PATH,2,270413794,v0.2.0
postcss,8.5.23,63,C,INCONSISTENT_PUBLISH_PATH|SINGLE_MAINTAINER|BRANCH_REQUIRES_PR,1,269513261,v0.2.0
entities,8.0.0,79,B,SINGLE_MAINTAINER,1,261460545,v0.2.0
esbuild,0.28.1,73,B,SINGLE_MAINTAINER,1,260807856,v0.2.0
typescript,7.0.2,45,D,UNVERIFIED_PUBLISH_PATH|BRANCH_REQUIRES_PR,7,243734374,v0.2.0
mime-types,3.0.2,39,D,UNVERIFIED_PUBLISH_PATH,5,240571960,v0.2.0
ws,8.21.1,45,D,UNVERIFIED_PUBLISH_PATH,4,240264197,v0.2.0
zod,4.4.3,79,B,SINGLE_MAINTAINER,1,239177371,v0.2.0
acorn,8.17.0,39,D,UNVERIFIED_PUBLISH_PATH,3,236073605,v0.2.0
isarray,2.0.5,25,F,UNVERIFIED_PUBLISH_PATH|DORMANT|SINGLE_MAINTAINER,1,235722254,v0.2.0
string_decoder,1.3.0,33,F,UNVERIFIED_PUBLISH_PATH|DORMANT,4,235690622,v0.2.0
'@jridgewell/trace-mapping,0.3.31,25,F,UNVERIFIED_PUBLISH_PATH|SINGLE_MAINTAINER,1,229580339,v0.2.0
nanoid,6.0.0,69,C,INCONSISTENT_PUBLISH_PATH|SINGLE_MAINTAINER,1,226395778,v0.2.0
'@babel/types,8.0.4,78,B,INCONSISTENT_PUBLISH_PATH,4,214635206,v0.2.0
json5,2.2.3,39,D,UNVERIFIED_PUBLISH_PATH|DORMANT,2,213886975,v0.2.0
'@babel/parser,8.0.4,78,B,INCONSISTENT_PUBLISH_PATH,4,211167017,v0.2.0
hasown,2.0.4,39,D,UNVERIFIED_PUBLISH_PATH,2,208806747,v0.2.0
'@radix-ui/react-slot,1.3.3,89,A,,4,203690624,v0.2.0
convert-source-map,2.0.0,33,F,UNVERIFIED_PUBLISH_PATH|DORMANT,2,203169791,v0.2.0
punycode,2.3.1,33,F,UNVERIFIED_PUBLISH_PATH|DORMANT,2,202849486,v0.2.0
pretty-format,30.4.1,45,D,UNVERIFIED_PUBLISH_PATH,5,202111255,v0.2.0
path-to-regexp,8.4.2,39,D,UNVERIFIED_PUBLISH_PATH,6,197890548,v0.2.0
'@radix-ui/react-primitive,2.1.10,89,A,,4,192158077,v0.2.0
'@jridgewell/sourcemap-codec,1.5.5,25,F,UNVERIFIED_PUBLISH_PATH|SINGLE_MAINTAINER,1,192154989,v0.2.0
fast-deep-equal,3.1.3,19,F,UNVERIFIED_PUBLISH_PATH|DORMANT|SINGLE_MAINTAINER,1,186168667,v0.2.0
inherits,2.0.4,19,F,UNVERIFIED_PUBLISH_PATH|DORMANT|SINGLE_MAINTAINER,1,186097398,v0.2.0
caniuse-lite,1.0.30001806,73,B,SINGLE_MAINTAINER,1,185988050,v0.2.0
'@babel/generator,8.0.0,78,B,INCONSISTENT_PUBLISH_PATH,4,185764987,v0.2.0
cookie,2.0.1,87,A,,3,184685178,v0.2.0
function-bind,1.1.2,33,F,UNVERIFIED_PUBLISH_PATH|DORMANT,2,183756605,v0.2.0
'@babel/traverse,8.0.4,78,B,INCONSISTENT_PUBLISH_PATH,4,180084382,v0.2.0
yaml,2.9.0,25,F,UNVERIFIED_PUBLISH_PATH|SINGLE_MAINTAINER,1,179406162,v0.2.0
es-object-atoms,1.1.2,25,F,UNVERIFIED_PUBLISH_PATH|SINGLE_MAINTAINER,1,176530042,v0.2.0
get-intrinsic,1.3.0,25,F,UNVERIFIED_PUBLISH_PATH|SINGLE_MAINTAINER,1,174699883,v0.2.0
qs,6.15.3,39,D,UNVERIFIED_PUBLISH_PATH,2,174354951,v0.2.0
'@babel/template,8.0.0,78,B,INCONSISTENT_PUBLISH_PATH,4,173978232,v0.2.0
node-fetch,3.3.2,39,D,UNVERIFIED_PUBLISH_PATH|DORMANT,5,173736500,v0.2.0
'@jridgewell/gen-mapping,0.3.13,25,F,UNVERIFIED_PUBLISH_PATH|SINGLE_MAINTAINER,1,173028902,v0.2.0
'@jridgewell/resolve-uri,3.1.2,19,F,UNVERIFIED_PUBLISH_PATH|DORMANT|SINGLE_MAINTAINER,1,172103246,v0.2.0
has-symbols,1.1.0,19,F,UNVERIFIED_PUBLISH_PATH|DORMANT|SINGLE_MAINTAINER,1,171402159,v0.2.0
magic-string,1.1.0,82,B,,4,171267377,v0.2.0
form-data,4.0.6,39,D,UNVERIFIED_PUBLISH_PATH,6,170618334,v0.2.0
es-errors,1.3.0,19,F,UNVERIFIED_PUBLISH_PATH|DORMANT|SINGLE_MAINTAINER,1,168266469,v0.2.0
'@babel/runtime,8.0.0,78,B,INCONSISTENT_PUBLISH_PATH,4,168052141,v0.2.0
'@babel/core,8.0.1,78,B,INCONSISTENT_PUBLISH_PATH,4,167681992,v0.2.0
jsesc,3.1.0,19,F,UNVERIFIED_PUBLISH_PATH|DORMANT|SINGLE_MAINTAINER,1,167604666,v0.2.0
source-map-js,1.2.1,19,F,UNVERIFIED_PUBLISH_PATH|DORMANT|SINGLE_MAINTAINER,1,166408399,v0.2.0
gopd,1.2.0,19,F,UNVERIFIED_PUBLISH_PATH|DORMANT|SINGLE_MAINTAINER,1,166079236,v0.2.0
'@typescript-eslint/typescript-estree,8.65.0,89,A,,2,165802634,v0.2.0
lodash,4.18.1,31,F,UNVERIFIED_PUBLISH_PATH|SINGLE_MAINTAINER,1,163623694,v0.2.0
es-define-property,1.0.1,19,F,UNVERIFIED_PUBLISH_PATH|DORMANT|SINGLE_MAINTAINER,1,163380060,v0.2.0
scheduler,0.27.0,45,D,UNVERIFIED_PUBLISH_PATH|BRANCH_REQUIRES_PR,2,163005444,v0.2.0
react,19.2.8,83,B,INCONSISTENT_PUBLISH_PATH|BRANCH_REQUIRES_PR,2,161945140,v0.2.0
dotenv,17.4.2,45,D,UNVERIFIED_PUBLISH_PATH,3,160720632,v0.2.0
'@typescript-eslint/scope-manager,8.65.0,89,A,,2,158476977,v0.2.0
http-errors,2.0.1,39,D,UNVERIFIED_PUBLISH_PATH,4,157928251,v0.2.0
call-bind-apply-helpers,1.0.2,25,F,UNVERIFIED_PUBLISH_PATH|SINGLE_MAINTAINER,1,157648912,v0.2.0
vite,8.1.5,82,B,,2,157648184,v0.2.0
object-assign,4.1.1,33,F,UNVERIFIED_PUBLISH_PATH|DORMANT,3,157193953,v0.2.0
dunder-proto,1.0.1,19,F,UNVERIFIED_PUBLISH_PATH|DORMANT|SINGLE_MAINTAINER,1,156523013,v0.2.0
'@babel/helper-compilation-targets,8.0.0,78,B,INCONSISTENT_PUBLISH_PATH,4,156408171,v0.2.0
buffer,6.0.3,19,F,UNVERIFIED_PUBLISH_PATH|DORMANT|SINGLE_MAINTAINER,1,156179337,v0.2.0
math-intrinsics,1.1.0,19,F,UNVERIFIED_PUBLISH_PATH|DORMANT|SINGLE_MAINTAINER,1,156077072,v0.2.0
get-proto,1.0.1,19,F,UNVERIFIED_PUBLISH_PATH|DORMANT|SINGLE_MAINTAINER,1,155587814,v0.2.0
side-channel,1.1.1,25,F,UNVERIFIED_PUBLISH_PATH|SINGLE_MAINTAINER,1,154591801,v0.2.0
react-dom,19.2.8,83,B,INCONSISTENT_PUBLISH_PATH|BRANCH_REQUIRES_PR,2,152937758,v0.2.0
eventemitter3,5.0.4,39,D,UNVERIFIED_PUBLISH_PATH,3,151935302,v0.2.0
'@typescript-eslint/utils,8.65.0,89,A,,2,150281623,v0.2.0
object-inspect,1.13.4,39,D,UNVERIFIED_PUBLISH_PATH,2,149040363,v0.2.0
eslint,10.8.0,46,D,UNVERIFIED_PUBLISH_PATH,2,148610169,v0.2.0
csstype,3.2.3,39,D,UNVERIFIED_PUBLISH_PATH,2,147053933,v0.2.0
flatted,3.4.3,31,F,UNVERIFIED_PUBLISH_PATH|SINGLE_MAINTAINER,1,142620867,v0.2.0
mime,4.1.0,25,F,UNVERIFIED_PUBLISH_PATH|SINGLE_MAINTAINER,1,141929980,v0.2.0
uri-js,4.4.1,19,F,UNVERIFIED_PUBLISH_PATH|DORMANT|SINGLE_MAINTAINER,1,141891986,v0.2.0
'@types/react,19.2.17,33,F,UNVERIFIED_PUBLISH_PATH|SINGLE_MAINTAINER,1,140797694,v0.2.0
util-deprecate,1.0.2,19,F,UNVERIFIED_PUBLISH_PATH|DORMANT|SINGLE_MAINTAINER,1,140594721,v0.2.0
'@rolldown/pluginutils,1.0.1,82,B,,4,140387269,v0.2.0
pnpm,11.17.0,85,A,INCONSISTENT_PUBLISH_PATH,2,140248184,v0.2.0
side-channel-list,1.0.1,25,F,UNVERIFIED_PUBLISH_PATH|SINGLE_MAINTAINER,1,139202465,v0.2.0
undici,8.9.0,93,A,,3,136871235,v0.2.0
parse5,8.0.1,45,D,UNVERIFIED_PUBLISH_PATH,5,136363638,v0.2.0
call-bound,1.0.4,25,F,UNVERIFIED_PUBLISH_PATH|SINGLE_MAINTAINER,1,135313554,v0.2.0
diff,9.0.0,39,D,UNVERIFIED_PUBLISH_PATH,2,131397112,v0.2.0
gensync,1.0.0-beta.2,19,F,UNVERIFIED_PUBLISH_PATH|DORMANT|SINGLE_MAINTAINER,1,131268908,v0.2.0
body-parser,2.3.0,39,D,UNVERIFIED_PUBLISH_PATH,4,130848727,v0.2.0
'@jest/types,30.4.1,45,D,UNVERIFIED_PUBLISH_PATH,5,129823654,v0.2.0
'@typescript-eslint/eslint-plugin,8.65.0,89,A,,2,129218435,v0.2.0
side-channel-weakmap,1.0.2,19,F,UNVERIFIED_PUBLISH_PATH|DORMANT|SINGLE_MAINTAINER,1,128639309,v0.2.0
side-channel-map,1.0.1,19,F,UNVERIFIED_PUBLISH_PATH|DORMANT|SINGLE_MAINTAINER,1,128604500,v0.2.0
source-map-support,0.5.21,33,F,UNVERIFIED_PUBLISH_PATH|DORMANT,3,128125572,v0.2.0
base64-js,1.5.1,33,F,UNVERIFIED_PUBLISH_PATH|DORMANT,2,127791209,v0.2.0
serve-static,2.2.1,39,D,UNVERIFIED_PUBLISH_PATH,3,127027288,v0.2.0
rollup,4.62.2,83,B,INCONSISTENT_PUBLISH_PATH,5,126193926,v0.2.0
prettier,3.9.6,39,D,UNVERIFIED_PUBLISH_PATH,11,124805558,v0.2.0
'@opentelemetry/core,2.10.0,94,A,,6,124524211,v0.2.0
'@radix-ui/react-context,1.2.2,89,A,,4,124231002,v0.2.0
express,5.2.1,39,D,UNVERIFIED_PUBLISH_PATH,5,122463512,v0.2.0
lodash.merge,4.6.2,34,F,UNVERIFIED_PUBLISH_PATH|DORMANT,2,119013599,v0.2.0
'@oxc-project/types,0.141.0,75,B,SINGLE_MAINTAINER,1,118977768,v0.2.0
axios,1.18.1,76,B,INCONSISTENT_PUBLISH_PATH|SINGLE_MAINTAINER,1,118255112,v0.2.0
lines-and-columns,2.0.4,19,F,UNVERIFIED_PUBLISH_PATH|DORMANT|SINGLE_MAINTAINER,1,117524833,v0.2.0
is-plain-obj,4.1.0,19,F,UNVERIFIED_PUBLISH_PATH|DORMANT|SINGLE_MAINTAINER,1,115354757,v0.2.0
tough-cookie,6.0.2,100,A,,2,115308788,v0.2.0
'@types/react-dom,19.2.3,33,F,UNVERIFIED_PUBLISH_PATH|SINGLE_MAINTAINER,1,114752751,v0.2.0
tailwindcss,4.3.3,89,A,,3,114702350,v0.2.0
clsx,2.1.1,19,F,UNVERIFIED_PUBLISH_PATH|DORMANT|SINGLE_MAINTAINER,1,113645680,v0.2.0
'@opentelemetry/api-logs,0.221.0,94,A,,6,113611082,v0.2.0
ajv-formats,3.0.1,33,F,UNVERIFIED_PUBLISH_PATH|DORMANT,3,113515969,v0.2.0
'@smithy/types,4.16.1,84,B,INCONSISTENT_PUBLISH_PATH,2,113505372,v0.2.0
fast-uri,4.1.1,39,D,UNVERIFIED_PUBLISH_PATH,11,113224417,v0.2.0
'@aws-sdk/types,3.974.2,41,D,UNVERIFIED_PUBLISH_PATH,2,112085874,v0.2.0
call-bind,1.0.9,25,F,UNVERIFIED_PUBLISH_PATH|SINGLE_MAINTAINER,1,109120813,v0.2.0
'@smithy/util-utf8,4.4.14,84,B,INCONSISTENT_PUBLISH_PATH,2,108793331,v0.2.0
'@sinclair/typebox,0.34.52,68,C,SINGLE_MAINTAINER,1,107498087,v0.2.0
'@vitest/utils,4.1.10,88,A,,5,107050120,v0.2.0
'@vitest/pretty-format,4.1.10,88,A,,5,106836547,v0.2.0
lightningcss,1.33.0,25,F,UNVERIFIED_PUBLISH_PATH|SINGLE_MAINTAINER,1,105076125,v0.2.0
ieee754,1.2.1,19,F,UNVERIFIED_PUBLISH_PATH|DORMANT|SINGLE_MAINTAINER,1,105034534,v0.2.0
esprima,4.0.1,19,F,UNVERIFIED_PUBLISH_PATH|DORMANT|SINGLE_MAINTAINER,1,104664716,v0.2.0
retry,0.13.1,19,F,UNVERIFIED_PUBLISH_PATH|DORMANT|SINGLE_MAINTAINER,1,102706609,v0.2.0
jose,6.2.4,79,B,SINGLE_MAINTAINER,1,102573932,v0.2.0
has-property-descriptors,1.0.2,19,F,UNVERIFIED_PUBLISH_PATH|DORMANT|SINGLE_MAINTAINER,1,102116872,v0.2.0
prop-types,15.8.1,33,F,UNVERIFIED_PUBLISH_PATH|DORMANT,3,101656387,v0.2.0
'@types/unist,3.0.3,27,F,UNVERIFIED_PUBLISH_PATH|DORMANT|SINGLE_MAINTAINER,1,100831409,v0.2.0
pako,3.0.1,25,F,UNVERIFIED_PUBLISH_PATH|SINGLE_MAINTAINER,1,100064285,v0.2.0
'@vitest/spy,4.1.10,88,A,,5,99888451,v0.2.0
async,3.2.6,33,F,UNVERIFIED_PUBLISH_PATH|DORMANT,5,99794505,v0.2.0
'@opentelemetry/semantic-conventions,1.43.0,94,A,,6,99361506,v0.2.0
domutils,4.0.2,73,B,SINGLE_MAINTAINER,1,99279618,v0.2.0
define-data-property,1.1.4,19,F,UNVERIFIED_PUBLISH_PATH|DORMANT|SINGLE_MAINTAINER,1,98789322,v0.2.0
'@opentelemetry/resources,2.10.0,94,A,,6,98634645,v0.2.0
'@vitest/expect,4.1.10,88,A,,5,98013723,v0.2.0
rxjs,7.8.2,45,D,UNVERIFIED_PUBLISH_PATH,3,97685405,v0.2.0
domhandler,6.0.1,73,B,SINGLE_MAINTAINER,1,97471692,v0.2.0
chai,6.2.2,70,B,SINGLE_MAINTAINER,1,96955401,v0.2.0
sprintf-js,1.1.3,19,F,UNVERIFIED_PUBLISH_PATH|DORMANT|SINGLE_MAINTAINER,1,96884763,v0.2.0
'@radix-ui/react-compose-refs,1.1.5,89,A,,4,96817892,v0.2.0
lucide-react,1.26.0,68,C,SINGLE_MAINTAINER,1,96725471,v0.2.0
dom-serializer,3.1.1,79,B,SINGLE_MAINTAINER,1,96724287,v0.2.0
tsconfig-paths,4.2.0,33,F,UNVERIFIED_PUBLISH_PATH|DORMANT,17,95812680,v0.2.0
use-sync-external-store,1.6.0,31,F,UNVERIFIED_PUBLISH_PATH|SINGLE_MAINTAINER|BRANCH_REQUIRES_PR,1,95788678,v0.2.0
set-function-length,1.2.2,19,F,UNVERIFIED_PUBLISH_PATH|DORMANT|SINGLE_MAINTAINER,1,94858095,v0.2.0
date-fns,4.4.0,26,F,UNVERIFIED_PUBLISH_PATH|SINGLE_MAINTAINER,1,94646785,v0.2.0
tinyrainbow,3.1.0,25,F,UNVERIFIED_PUBLISH_PATH|SINGLE_MAINTAINER,1,93299907,v0.2.0
'@radix-ui/primitive,1.1.7,89,A,,4,92158017,v0.2.0
'@standard-schema/spec,1.1.0,66,C,,2,91440553,v0.2.0
'@smithy/is-array-buffer,4.4.14,84,B,INCONSISTENT_PUBLISH_PATH,2,90773544,v0.2.0
'@floating-ui/dom,1.8.0,82,B,,2,89857068,v0.2.0
es-abstract,1.24.2,25,F,UNVERIFIED_PUBLISH_PATH|SINGLE_MAINTAINER,1,89794602,v0.2.0
'@radix-ui/react-use-layout-effect,1.1.4,89,A,,4,89115031,v0.2.0
'@opentelemetry/instrumentation,0.221.0,94,A,,6,88710511,v0.2.0
'@floating-ui/core,1.8.0,82,B,,2,88443229,v0.2.0
d3-array,3.2.4,33,F,UNVERIFIED_PUBLISH_PATH|DORMANT,2,88228190,v0.2.0
'@floating-ui/utils,0.2.12,82,B,,2,87622042,v0.2.0
deepmerge,4.3.1,19,F,UNVERIFIED_PUBLISH_PATH|DORMANT|SINGLE_MAINTAINER,1,87176154,v0.2.0
htmlparser2,12.0.0,79,B,SINGLE_MAINTAINER,1,86988555,v0.2.0
'@radix-ui/react-use-controllable-state,1.2.6,89,A,,4,86030909,v0.2.0
extend,3.0.2,33,F,UNVERIFIED_PUBLISH_PATH|DORMANT,2,85099198,v0.2.0
jsdom,29.1.1,77,B,INCONSISTENT_PUBLISH_PATH,6,85043272,v0.2.0
domelementtype,3.0.0,79,B,SINGLE_MAINTAINER,1,85032458,v0.2.0
'@vitest/snapshot,4.1.10,88,A,,5,83277714,v0.2.0
rolldown,1.2.0,89,A,BRANCH_REQUIRES_PR,4,82127017,v0.2.0
jest-message-util,30.4.1,45,D,UNVERIFIED_PUBLISH_PATH,5,81947845,v0.2.0
vitest,4.1.10,88,A,BRANCH_REQUIRES_PR,5,81843364,v0.2.0
'@vitest/runner,4.1.10,88,A,,5,81825107,v0.2.0
d3-shape,3.2.0,33,F,UNVERIFIED_PUBLISH_PATH|DORMANT,2,81816864,v0.2.0
d3-path,3.1.0,33,F,UNVERIFIED_PUBLISH_PATH|DORMANT,2,81576080,v0.2.0
fast-xml-parser,5.10.1,63,C,INCONSISTENT_PUBLISH_PATH|SINGLE_MAINTAINER,1,81038177,v0.2.0
'@vitest/mocker,4.1.10,88,A,,5,80835605,v0.2.0
'@radix-ui/react-presence,1.1.10,89,A,,4,80391118,v0.2.0
'@aws-sdk/core,3.977.1,46,D,UNVERIFIED_PUBLISH_PATH|BRANCH_REQUIRES_PR,2,80225827,v0.2.0
gaxios,7.3.0,33,F,UNVERIFIED_PUBLISH_PATH|SINGLE_MAINTAINER|BRANCH_REQUIRES_PR,1,80048117,v0.2.0
long,5.3.2,25,F,UNVERIFIED_PUBLISH_PATH|SINGLE_MAINTAINER,1,79748536,v0.2.0
internmap,2.0.3,19,F,UNVERIFIED_PUBLISH_PATH|DORMANT|SINGLE_MAINTAINER,1,79688693,v0.2.0
clone,2.1.2,19,F,UNVERIFIED_PUBLISH_PATH|DORMANT|SINGLE_MAINTAINER,1,79660793,v0.2.0
'@swc/helpers,0.5.23,71,B,INCONSISTENT_PUBLISH_PATH|SINGLE_MAINTAINER,1,79417956,v0.2.0
has-proto,1.2.0,19,F,UNVERIFIED_PUBLISH_PATH|DORMANT|SINGLE_MAINTAINER,1,78991919,v0.2.0
'@radix-ui/react-use-callback-ref,1.1.4,89,A,,4,78755501,v0.2.0
'@radix-ui/react-dismissable-layer,1.1.19,89,A,,4,78132355,v0.2.0
'@radix-ui/react-id,1.1.4,89,A,,4,78119524,v0.2.0
'@floating-ui/react-dom,2.1.9,82,B,,2,77935695,v0.2.0
playwright-core,1.62.0,93,A,,4,77756440,v0.2.0
'@radix-ui/react-portal,1.1.17,89,A,,4,77458548,v0.2.0
'@aws-sdk/credential-provider-node,3.972.72,41,D,UNVERIFIED_PUBLISH_PATH,2,76838821,v0.2.0
tailwind-merge,3.6.0,63,C,INCONSISTENT_PUBLISH_PATH|SINGLE_MAINTAINER,1,76424226,v0.2.0
'@aws-sdk/credential-provider-web-identity,3.972.67,41,D,UNVERIFIED_PUBLISH_PATH,2,76387637,v0.2.0
'@aws-sdk/credential-provider-ini,3.973.6,41,D,UNVERIFIED_PUBLISH_PATH,2,76097311,v0.2.0
'@aws-sdk/credential-provider-process,3.972.61,41,D,UNVERIFIED_PUBLISH_PATH,2,75927653,v0.2.0
'@vitejs/plugin-react,6.0.4,87,A,,2,75787873,v0.2.0
'@aws-sdk/credential-provider-sso,3.973.5,41,D,UNVERIFIED_PUBLISH_PATH,2,75774503,v0.2.0
css-select,7.0.0,73,B,SINGLE_MAINTAINER,1,75295202,v0.2.0
'@ungap/structured-clone,1.3.3,25,F,UNVERIFIED_PUBLISH_PATH|SINGLE_MAINTAINER,1,74669497,v0.2.0
terser,5.49.0,31,F,UNVERIFIED_PUBLISH_PATH|SINGLE_MAINTAINER,1,74325420,v0.2.0
protobufjs,8.7.1,83,B,INCONSISTENT_PUBLISH_PATH,3,74148344,v0.2.0
decimal.js,10.6.0,25,F,UNVERIFIED_PUBLISH_PATH|SINGLE_MAINTAINER,1,73904815,v0.2.0
'@radix-ui/react-focus-scope,1.1.16,89,A,,4,73867664,v0.2.0
'@smithy/node-http-handler,4.9.11,84,B,INCONSISTENT_PUBLISH_PATH,2,73695970,v0.2.0
'@opentelemetry/sdk-trace-base,2.10.0,94,A,,6,73259689,v0.2.0
d3-interpolate,3.0.1,33,F,UNVERIFIED_PUBLISH_PATH|DORMANT,2,73095578,v0.2.0
'@radix-ui/react-focus-guards,1.1.6,89,A,,4,72879159,v0.2.0
d3-color,3.1.0,33,F,UNVERIFIED_PUBLISH_PATH|DORMANT,2,72417534,v0.2.0
d3-format,3.1.2,77,B,,2,72325249,v0.2.0
playwright,1.62.0,93,A,,4,72222232,v0.2.0
d3-time,3.1.0,33,F,UNVERIFIED_PUBLISH_PATH|DORMANT,2,71722050,v0.2.0
google-auth-library,10.9.1,33,F,UNVERIFIED_PUBLISH_PATH|SINGLE_MAINTAINER|BRANCH_REQUIRES_PR,1,71653702,v0.2.0
'@types/chai,5.2.3,33,F,UNVERIFIED_PUBLISH_PATH|SINGLE_MAINTAINER,1,71343337,v0.2.0
'@aws-sdk/credential-provider-http,3.972.63,41,D,UNVERIFIED_PUBLISH_PATH,2,71271670,v0.2.0
'@smithy/signature-v4,5.6.10,84,B,INCONSISTENT_PUBLISH_PATH,2,71118742,v0.2.0
'@smithy/fetch-http-handler,5.6.11,84,B,INCONSISTENT_PUBLISH_PATH,2,70964068,v0.2.0
d3-timer,3.0.1,33,F,UNVERIFIED_PUBLISH_PATH|DORMANT,2,70865996,v0.2.0
tinybench,6.1.2,66,C,,3,70757686,v0.2.0
'@radix-ui/react-collection,1.1.15,89,A,,4,70563601,v0.2.0
react-remove-scroll,2.7.2,25,F,UNVERIFIED_PUBLISH_PATH|SINGLE_MAINTAINER,1,70542224,v0.2.0
expect-type,1.4.0,26,F,UNVERIFIED_PUBLISH_PATH|SINGLE_MAINTAINER,1,69963702,v0.2.0
d3-time-format,4.1.0,33,F,UNVERIFIED_PUBLISH_PATH|DORMANT,2,69891307,v0.2.0
'@types/d3-shape,3.1.8,33,F,UNVERIFIED_PUBLISH_PATH|SINGLE_MAINTAINER,1,69700277,v0.2.0
'@opentelemetry/api,1.9.1,94,A,,6,69583880,v0.2.0
'@types/d3-color,3.1.3,27,F,UNVERIFIED_PUBLISH_PATH|DORMANT|SINGLE_MAINTAINER,1,69146079,v0.2.0
'@types/d3-interpolate,3.0.4,27,F,UNVERIFIED_PUBLISH_PATH|DORMANT|SINGLE_MAINTAINER,1,68949772,v0.2.0
'@radix-ui/react-direction,1.1.4,89,A,,4,68900577,v0.2.0
'@smithy/core,3.30.0,84,B,INCONSISTENT_PUBLISH_PATH|BRANCH_REQUIRES_PR,2,68870459,v0.2.0
d3-ease,3.0.1,33,F,UNVERIFIED_PUBLISH_PATH|DORMANT,2,68747201,v0.2.0
d3-scale,4.0.2,33,F,UNVERIFIED_PUBLISH_PATH|DORMANT,2,68397848,v0.2.0
strnum,2.4.1,25,F,UNVERIFIED_PUBLISH_PATH|SINGLE_MAINTAINER,1,68241219,v0.2.0
'@types/d3-time,3.0.4,27,F,UNVERIFIED_PUBLISH_PATH|DORMANT|SINGLE_MAINTAINER,1,68239833,v0.2.0
'@sinonjs/fake-timers,15.4.0,39,D,UNVERIFIED_PUBLISH_PATH,6,68154287,v0.2.0
'@aws-sdk/nested-clients,3.997.35,41,D,UNVERIFIED_PUBLISH_PATH|BRANCH_REQUIRES_PR,2,67979797,v0.2.0
aria-hidden,1.2.6,25,F,UNVERIFIED_PUBLISH_PATH|SINGLE_MAINTAINER,1,67837832,v0.2.0
'@types/d3-path,3.1.1,33,F,UNVERIFIED_PUBLISH_PATH|SINGLE_MAINTAINER,1,67686062,v0.2.0
'@radix-ui/react-popper,1.3.7,89,A,,4,67648271,v0.2.0
'@types/d3-scale,4.0.9,33,F,UNVERIFIED_PUBLISH_PATH|SINGLE_MAINTAINER,1,67475885,v0.2.0
css-what,8.0.0,73,B,SINGLE_MAINTAINER,1,67350716,v0.2.0
regenerator-runtime,0.14.1,19,F,UNVERIFIED_PUBLISH_PATH|DORMANT|SINGLE_MAINTAINER,1,66906576,v0.2.0
'@noble/hashes,2.2.0,79,B,SINGLE_MAINTAINER,1,66838521,v0.2.0
tldts,7.4.9,73,B,SINGLE_MAINTAINER,1,66462804,v0.2.0
'@radix-ui/react-roving-focus,1.1.19,89,A,,4,66444621,v0.2.0
web-streams-polyfill,4.3.0,87,A,,3,66434881,v0.2.0
'@radix-ui/react-arrow,1.1.15,89,A,,4,66312881,v0.2.0
'@radix-ui/react-use-size,1.1.4,89,A,,4,66265105,v0.2.0
use-callback-ref,1.3.3,19,F,UNVERIFIED_PUBLISH_PATH|DORMANT|SINGLE_MAINTAINER,1,65868262,v0.2.0
use-sidecar,1.1.3,19,F,UNVERIFIED_PUBLISH_PATH|DORMANT|SINGLE_MAINTAINER,1,65831332,v0.2.0
'@radix-ui/react-use-escape-keydown,1.1.5,89,A,,4,65716898,v0.2.0
core-js,3.49.0,31,F,UNVERIFIED_PUBLISH_PATH|SINGLE_MAINTAINER,1,65612162,v0.2.0
'@types/d3-array,3.2.2,33,F,UNVERIFIED_PUBLISH_PATH|SINGLE_MAINTAINER,1,65513362,v0.2.0
detect-node-es,1.1.0,19,F,UNVERIFIED_PUBLISH_PATH|DORMANT|SINGLE_MAINTAINER,1,65177886,v0.2.0
nth-check,3.0.1,73,B,SINGLE_MAINTAINER,1,65147923,v0.2.0
object-hash,3.0.0,33,F,UNVERIFIED_PUBLISH_PATH|DORMANT,2,65139901,v0.2.0
react-remove-scroll-bar,2.3.8,19,F,UNVERIFIED_PUBLISH_PATH|DORMANT|SINGLE_MAINTAINER,1,65030901,v0.2.0
react-style-singleton,2.2.3,19,F,UNVERIFIED_PUBLISH_PATH|DORMANT|SINGLE_MAINTAINER,1,64956791,v0.2.0
'@smithy/credential-provider-imds,4.4.14,84,B,INCONSISTENT_PUBLISH_PATH,2,64391030,v0.2.0
'@tanstack/query-core,5.101.4,89,A,BRANCH_REQUIRES_PR,3,64312073,v0.2.0
get-nonce,1.0.1,19,F,UNVERIFIED_PUBLISH_PATH|DORMANT|SINGLE_MAINTAINER,1,64262536,v0.2.0
'@types/ws,8.18.1,33,F,UNVERIFIED_PUBLISH_PATH|SINGLE_MAINTAINER,1,63940088,v0.2.0
'@types/express,5.0.6,33,F,UNVERIFIED_PUBLISH_PATH|SINGLE_MAINTAINER,1,63719003,v0.2.0
bn.js,5.2.5,39,D,UNVERIFIED_PUBLISH_PATH,4,63479627,v0.2.0
pure-rand,8.4.2,68,C,SINGLE_MAINTAINER,1,63053288,v0.2.0
dayjs,1.11.21,73,B,SINGLE_MAINTAINER,1,62798479,v0.2.0
'@types/d3-timer,3.0.2,27,F,UNVERIFIED_PUBLISH_PATH|DORMANT|SINGLE_MAINTAINER,1,62337584,v0.2.0
'@types/connect,3.4.38,27,F,UNVERIFIED_PUBLISH_PATH|DORMANT|SINGLE_MAINTAINER,1,62245764,v0.2.0
'@types/d3-ease,3.0.2,27,F,UNVERIFIED_PUBLISH_PATH|DORMANT|SINGLE_MAINTAINER,1,61888170,v0.2.0
fflate,0.8.3,20,F,UNVERIFIED_PUBLISH_PATH|SINGLE_MAINTAINER,1,61308704,v0.2.0
ast-types,0.14.2,19,F,UNVERIFIED_PUBLISH_PATH|DORMANT|SINGLE_MAINTAINER,1,61263706,v0.2.0
'@tanstack/react-query,5.101.4,89,A,,3,61082459,v0.2.0
jest-haste-map,30.4.1,45,D,UNVERIFIED_PUBLISH_PATH,5,60196501,v0.2.0
'@testing-library/dom,10.4.1,39,D,UNVERIFIED_PUBLISH_PATH,17,60169016,v0.2.0
google-logging-utils,1.2.0,38,D,UNVERIFIED_PUBLISH_PATH|SINGLE_MAINTAINER,1,60105857,v0.2.0
'@jridgewell/source-map,0.3.11,25,F,UNVERIFIED_PUBLISH_PATH|SINGLE_MAINTAINER,1,60087040,v0.2.0
boolbase,2.0.0,79,B,SINGLE_MAINTAINER,1,59955810,v0.2.0
axe-core,4.12.1,100,A,,4,59788977,v0.2.0
class-variance-authority,0.7.1,14,F,UNVERIFIED_PUBLISH_PATH|DORMANT|SINGLE_MAINTAINER,1,59258636,v0.2.0
'@grpc/proto-loader,0.8.1,45,D,UNVERIFIED_PUBLISH_PATH,3,59208359,v0.2.0
'@types/serve-static,2.2.0,33,F,UNVERIFIED_PUBLISH_PATH|SINGLE_MAINTAINER,1,58951006,v0.2.0
marked,18.0.7,93,A,,4,58938412,v0.2.0
'@protobufjs/utf8,1.1.2,45,D,UNVERIFIED_PUBLISH_PATH,3,58475102,v0.2.0
'@jest/transform,30.4.1,45,D,UNVERIFIED_PUBLISH_PATH,5,58366287,v0.2.0
fraction.js,5.3.4,25,F,UNVERIFIED_PUBLISH_PATH|SINGLE_MAINTAINER,1,58181026,v0.2.0
'@aws-sdk/util-endpoints,3.996.34,41,D,UNVERIFIED_PUBLISH_PATH,2,57877551,v0.2.0
'@jest/fake-timers,30.4.1,45,D,UNVERIFIED_PUBLISH_PATH,5,57464726,v0.2.0
'@protobufjs/eventemitter,1.1.1,45,D,UNVERIFIED_PUBLISH_PATH,3,57400920,v0.2.0
react-hook-form,7.83.0,31,F,UNVERIFIED_PUBLISH_PATH|SINGLE_MAINTAINER,1,57303075,v0.2.0
unist-util-is,6.0.1,39,D,UNVERIFIED_PUBLISH_PATH,2,56448082,v0.2.0
'@radix-ui/react-menu,2.1.24,89,A,,4,56429583,v0.2.0
dom-helpers,6.0.1,39,D,UNVERIFIED_PUBLISH_PATH,3,56325868,v0.2.0
'@aws-sdk/signature-v4-multi-region,3.996.42,41,D,UNVERIFIED_PUBLISH_PATH,2,56110540,v0.2.0
unist-util-visit-parents,6.0.2,39,D,UNVERIFIED_PUBLISH_PATH,2,56089414,v0.2.0
unist-util-visit,5.1.0,39,D,UNVERIFIED_PUBLISH_PATH,2,55738288,v0.2.0
'@smithy/protocol-http,5.5.14,84,B,INCONSISTENT_PUBLISH_PATH,2,55701859,v0.2.0
micromark-util-character,2.1.1,19,F,UNVERIFIED_PUBLISH_PATH|DORMANT|SINGLE_MAINTAINER,1,55637974,v0.2.0
'@testing-library/jest-dom,7.0.0,87,A,,17,55557051,v0.2.0
'@radix-ui/react-dropdown-menu,2.1.24,89,A,,4,55470480,v0.2.0
react-transition-group,4.4.5,28,F,UNVERIFIED_PUBLISH_PATH|DORMANT,3,55388747,v0.2.0
immer,11.1.15,83,B,INCONSISTENT_PUBLISH_PATH,2,55188310,v0.2.0
unist-util-stringify-position,4.0.0,33,F,UNVERIFIED_PUBLISH_PATH|DORMANT,2,54655062,v0.2.0
recharts,3.10.0,77,B,INCONSISTENT_PUBLISH_PATH|BRANCH_REQUIRES_PR,3,54463016,v0.2.0
webpack,5.109.0,87,A,,8,54014746,v0.2.0
'@protobufjs/aspromise,1.1.2,34,F,UNVERIFIED_PUBLISH_PATH|DORMANT,2,53814879,v0.2.0
'@protobufjs/float,1.0.2,34,F,UNVERIFIED_PUBLISH_PATH|DORMANT,2,53792742,v0.2.0
'@protobufjs/pool,1.1.0,34,F,UNVERIFIED_PUBLISH_PATH|DORMANT,2,53766578,v0.2.0
'@protobufjs/base64,1.1.2,34,F,UNVERIFIED_PUBLISH_PATH|DORMANT,2,53745252,v0.2.0
lz-string,1.5.0,25,F,UNVERIFIED_PUBLISH_PATH|DORMANT|SINGLE_MAINTAINER,1,53702220,v0.2.0
'@sindresorhus/is,8.1.0,25,F,UNVERIFIED_PUBLISH_PATH|SINGLE_MAINTAINER,1,53656979,v0.2.0
dompurify,3.4.12,38,D,UNVERIFIED_PUBLISH_PATH|SINGLE_MAINTAINER|BRANCH_REQUIRES_SIGNATURES|BRANCH_REQUIRES_PR,1,53590432,v0.2.0
decimal.js-light,2.5.1,19,F,UNVERIFIED_PUBLISH_PATH|DORMANT|SINGLE_MAINTAINER,1,53530538,v0.2.0
victory-vendor,37.3.6,60,C,DORMANT,9,53527607,v0.2.0
'@jest/test-result,30.4.1,45,D,UNVERIFIED_PUBLISH_PATH,5,53250909,v0.2.0
jsonwebtoken,9.0.3,27,F,UNVERIFIED_PUBLISH_PATH|SINGLE_MAINTAINER|PUBLISHER_NOT_MAINTAINER,1,53206443,v0.2.0
'@jest/console,30.4.1,45,D,UNVERIFIED_PUBLISH_PATH,5,53133138,v0.2.0
'@aws-sdk/middleware-user-agent,3.972.65,41,D,UNVERIFIED_PUBLISH_PATH,2,52654859,v0.2.0
fast-diff,1.3.0,33,F,UNVERIFIED_PUBLISH_PATH|DORMANT,2,52639581,v0.2.0
bluebird,3.7.2,19,F,UNVERIFIED_PUBLISH_PATH|DORMANT|SINGLE_MAINTAINER,1,52636850,v0.2.0
zod-to-json-schema,3.25.2,25,F,UNVERIFIED_PUBLISH_PATH|SINGLE_MAINTAINER,1,52576788,v0.2.0
hono,4.12.32,63,C,INCONSISTENT_PUBLISH_PATH|SINGLE_MAINTAINER,1,52552031,v0.2.0
'@types/body-parser,1.19.6,33,F,UNVERIFIED_PUBLISH_PATH|SINGLE_MAINTAINER,1,52500834,v0.2.0
file-type,22.0.1,25,F,UNVERIFIED_PUBLISH_PATH|SINGLE_MAINTAINER,1,52481445,v0.2.0
'@aws-sdk/credential-provider-login,3.972.68,41,D,UNVERIFIED_PUBLISH_PATH,2,52379967,v0.2.0
express-rate-limit,8.6.0,77,B,INCONSISTENT_PUBLISH_PATH,2,52262205,v0.2.0
property-information,7.2.0,25,F,UNVERIFIED_PUBLISH_PATH|SINGLE_MAINTAINER,1,52199344,v0.2.0
pg-protocol,1.15.0,32,F,UNVERIFIED_PUBLISH_PATH|SINGLE_MAINTAINER,1,51968598,v0.2.0
bignumber.js,11.1.5,25,F,UNVERIFIED_PUBLISH_PATH|SINGLE_MAINTAINER,1,51555095,v0.2.0
'@sentry/core,10.68.0,27,F,UNVERIFIED_PUBLISH_PATH|SINGLE_MAINTAINER|BRANCH_REQUIRES_PR,1,51494868,v0.2.0
vfile-message,4.0.3,25,F,UNVERIFIED_PUBLISH_PATH|SINGLE_MAINTAINER,1,51432548,v0.2.0
fast-equals,6.0.2,25,F,UNVERIFIED_PUBLISH_PATH|SINGLE_MAINTAINER,1,51121893,v0.2.0
next,16.2.11,89,A,BRANCH_REQUIRES_SIGNATURES|BRANCH_REQUIRES_PR,4,50991228,v0.2.0
vfile,6.0.3,19,F,UNVERIFIED_PUBLISH_PATH|DORMANT|SINGLE_MAINTAINER,1,50956757,v0.2.0
'@aws-sdk/util-user-agent-browser,3.972.36,41,D,UNVERIFIED_PUBLISH_PATH,2,50787558,v0.2.0
'@aws-sdk/middleware-host-header,3.972.36,41,D,UNVERIFIED_PUBLISH_PATH,2,50782938,v0.2.0
'@aws-sdk/middleware-logger,3.972.35,41,D,UNVERIFIED_PUBLISH_PATH,2,50668279,v0.2.0
is-buffer,2.0.5,19,F,UNVERIFIED_PUBLISH_PATH|DORMANT|SINGLE_MAINTAINER,1,50277797,v0.2.0
char-regex,2.0.2,19,F,UNVERIFIED_PUBLISH_PATH|DORMANT|SINGLE_MAINTAINER,1,49983306,v0.2.0
'@aws-sdk/middleware-recursion-detection,3.972.37,41,D,UNVERIFIED_PUBLISH_PATH,2,49896800,v0.2.0
react-router,8.3.0,88,A,,2,49864911,v0.2.0
character-entities-legacy,3.0.0,19,F,UNVERIFIED_PUBLISH_PATH|DORMANT|SINGLE_MAINTAINER,1,49745632,v0.2.0
mdast-util-to-string,4.0.0,33,F,UNVERIFIED_PUBLISH_PATH|DORMANT,2,49652756,v0.2.0
'@types/http-errors,2.0.5,33,F,UNVERIFIED_PUBLISH_PATH|SINGLE_MAINTAINER,1,49612581,v0.2.0
formdata-polyfill,4.0.10,19,F,UNVERIFIED_PUBLISH_PATH|DORMANT|SINGLE_MAINTAINER,1,49435609,v0.2.0
bowser,2.14.1,68,C,SINGLE_MAINTAINER,1,49434372,v0.2.0
'@testing-library/react,16.3.2,77,B,,17,49288028,v0.2.0
jest-resolve,30.4.1,45,D,UNVERIFIED_PUBLISH_PATH,5,49262895,v0.2.0
check-error,2.1.3,63,C,SINGLE_MAINTAINER,1,49188612,v0.2.0
jest-watcher,30.4.1,45,D,UNVERIFIED_PUBLISH_PATH,5,49121865,v0.2.0
micromark-factory-space,2.0.1,19,F,UNVERIFIED_PUBLISH_PATH|DORMANT|SINGLE_MAINTAINER,1,49077825,v0.2.0
micromark,4.0.2,25,F,UNVERIFIED_PUBLISH_PATH|SINGLE_MAINTAINER,1,48948426,v0.2.0
'@aws-crypto/util,5.2.0,40,D,UNVERIFIED_PUBLISH_PATH|DORMANT,2,48915368,v0.2.0
ufo,1.6.4,31,F,UNVERIFIED_PUBLISH_PATH|SINGLE_MAINTAINER,1,48785779,v0.2.0
css.escape,1.5.1,19,F,UNVERIFIED_PUBLISH_PATH|DORMANT|SINGLE_MAINTAINER,1,48675915,v0.2.0
'@hookform/resolvers,5.4.2,45,D,UNVERIFIED_PUBLISH_PATH,3,48598178,v0.2.0
sonner,2.0.7,25,F,UNVERIFIED_PUBLISH_PATH|SINGLE_MAINTAINER,1,48242147,v0.2.0
'@types/prop-types,15.7.15,33,F,UNVERIFIED_PUBLISH_PATH|SINGLE_MAINTAINER,1,48182697,v0.2.0
'@standard-schema/utils,0.3.0,60,C,DORMANT,2,47987687,v0.2.0
'@aws-sdk/region-config-resolver,3.972.39,41,D,UNVERIFIED_PUBLISH_PATH,2,47864219,v0.2.0
cssom,0.5.0,33,F,UNVERIFIED_PUBLISH_PATH|DORMANT,2,47818544,v0.2.0
'@opentelemetry/sdk-metrics,2.10.0,94,A,,6,47756588,v0.2.0
unified,11.0.5,33,F,UNVERIFIED_PUBLISH_PATH|DORMANT,2,47658612,v0.2.0
mdast-util-from-markdown,2.0.3,39,D,UNVERIFIED_PUBLISH_PATH,2,47604342,v0.2.0
micromark-util-sanitize-uri,2.0.1,19,F,UNVERIFIED_PUBLISH_PATH|DORMANT|SINGLE_MAINTAINER,1,47429238,v0.2.0
micromark-util-encode,2.0.1,19,F,UNVERIFIED_PUBLISH_PATH|DORMANT|SINGLE_MAINTAINER,1,47411669,v0.2.0
jest-runtime,30.4.2,45,D,UNVERIFIED_PUBLISH_PATH,5,47239237,v0.2.0
eventsource,4.1.0,77,B,,2,47169052,v0.2.0
zustand,5.0.14,82,B,,3,46935520,v0.2.0
'@smithy/util-middleware,4.4.14,84,B,INCONSISTENT_PUBLISH_PATH,2,46911682,v0.2.0
lodash.debounce,4.0.8,34,F,UNVERIFIED_PUBLISH_PATH|DORMANT,2,46895692,v0.2.0
'@aws-crypto/sha256-js,5.2.0,40,D,UNVERIFIED_PUBLISH_PATH|DORMANT,2,46889272,v0.2.0
'@grpc/grpc-js,1.14.4,45,D,UNVERIFIED_PUBLISH_PATH,3,46773710,v0.2.0
'@jest/source-map,30.0.1,45,D,UNVERIFIED_PUBLISH_PATH,5,46490774,v0.2.0
jest-runner,30.4.2,45,D,UNVERIFIED_PUBLISH_PATH,5,46479709,v0.2.0
'@types/pg,8.20.0,33,F,UNVERIFIED_PUBLISH_PATH|SINGLE_MAINTAINER,1,46271076,v0.2.0
'@jest/reporters,30.4.1,45,D,UNVERIFIED_PUBLISH_PATH,5,46252999,v0.2.0
sucrase,3.35.1,25,F,UNVERIFIED_PUBLISH_PATH|SINGLE_MAINTAINER,1,46189265,v0.2.0
'@smithy/property-provider,4.4.14,84,B,INCONSISTENT_PUBLISH_PATH,2,46138889,v0.2.0
space-separated-tokens,2.0.2,19,F,UNVERIFIED_PUBLISH_PATH|DORMANT|SINGLE_MAINTAINER,1,45942473,v0.2.0
p-retry,8.0.0,25,F,UNVERIFIED_PUBLISH_PATH|SINGLE_MAINTAINER,1,45442647,v0.2.0
'@modelcontextprotocol/sdk,1.29.0,89,A,BRANCH_REQUIRES_PR,6,45384206,v0.2.0
stylis,4.4.0,39,D,UNVERIFIED_PUBLISH_PATH,2,45360735,v0.2.0
'@types/lodash,4.17.24,33,F,UNVERIFIED_PUBLISH_PATH|SINGLE_MAINTAINER,1,45283459,v0.2.0
comma-separated-tokens,2.0.3,19,F,UNVERIFIED_PUBLISH_PATH|DORMANT|SINGLE_MAINTAINER,1,45268461,v0.2.0
jest,30.4.2,45,D,UNVERIFIED_PUBLISH_PATH,5,45197869,v0.2.0
micromark-util-chunked,2.0.1,19,F,UNVERIFIED_PUBLISH_PATH|DORMANT|SINGLE_MAINTAINER,1,44903020,v0.2.0
zwitch,2.0.4,19,F,UNVERIFIED_PUBLISH_PATH|DORMANT|SINGLE_MAINTAINER,1,44895741,v0.2.0
micromark-util-classify-character,2.0.1,19,F,UNVERIFIED_PUBLISH_PATH|DORMANT|SINGLE_MAINTAINER,1,44843047,v0.2.0
'@smithy/smithy-client,4.14.14,84,B,INCONSISTENT_PUBLISH_PATH,2,44758470,v0.2.0
micromark-util-decode-numeric-character-reference,2.0.2,19,F,UNVERIFIED_PUBLISH_PATH|DORMANT|SINGLE_MAINTAINER,1,44713471,v0.2.0
micromark-core-commonmark,2.0.3,25,F,UNVERIFIED_PUBLISH_PATH|SINGLE_MAINTAINER,1,44705376,v0.2.0
micromark-util-resolve-all,2.0.1,19,F,UNVERIFIED_PUBLISH_PATH|DORMANT|SINGLE_MAINTAINER,1,44701716,v0.2.0
micromark-util-normalize-identifier,2.0.1,19,F,UNVERIFIED_PUBLISH_PATH|DORMANT|SINGLE_MAINTAINER,1,44684787,v0.2.0
jest-cli,30.4.2,45,D,UNVERIFIED_PUBLISH_PATH,5,44617141,v0.2.0
micromark-util-subtokenize,2.1.0,25,F,UNVERIFIED_PUBLISH_PATH|SINGLE_MAINTAINER,1,44611895,v0.2.0
micromark-util-combine-extensions,2.0.1,19,F,UNVERIFIED_PUBLISH_PATH|DORMANT|SINGLE_MAINTAINER,1,44590429,v0.2.0
micromark-factory-whitespace,2.0.1,19,F,UNVERIFIED_PUBLISH_PATH|DORMANT|SINGLE_MAINTAINER,1,44585561,v0.2.0
micromark-util-html-tag-name,2.0.1,19,F,UNVERIFIED_PUBLISH_PATH|DORMANT|SINGLE_MAINTAINER,1,44581929,v0.2.0
micromark-factory-destination,2.0.1,19,F,UNVERIFIED_PUBLISH_PATH|DORMANT|SINGLE_MAINTAINER,1,44575833,v0.2.0
micromark-factory-label,2.0.1,19,F,UNVERIFIED_PUBLISH_PATH|DORMANT|SINGLE_MAINTAINER,1,44569405,v0.2.0
micromark-factory-title,2.0.1,19,F,UNVERIFIED_PUBLISH_PATH|DORMANT|SINGLE_MAINTAINER,1,44551536,v0.2.0
jest-changed-files,30.4.1,45,D,UNVERIFIED_PUBLISH_PATH,5,44546653,v0.2.0
remark-parse,11.0.0,33,F,UNVERIFIED_PUBLISH_PATH|DORMANT,3,44376556,v0.2.0
'@jest/core,30.4.2,45,D,UNVERIFIED_PUBLISH_PATH,5,44203654,v0.2.0
'@smithy/util-base64,4.5.14,84,B,INCONSISTENT_PUBLISH_PATH,2,44050552,v0.2.0
p-timeout,7.0.1,25,F,UNVERIFIED_PUBLISH_PATH|SINGLE_MAINTAINER,1,44021316,v0.2.0
graphql,17.0.2,84,B,INCONSISTENT_PUBLISH_PATH,6,43979039,v0.2.0
ccount,2.0.1,19,F,UNVERIFIED_PUBLISH_PATH|DORMANT|SINGLE_MAINTAINER,1,43893148,v0.2.0
ts-interface-checker,1.0.2,33,F,UNVERIFIED_PUBLISH_PATH|DORMANT,2,43600845,v0.2.0
'@smithy/middleware-endpoint,4.6.14,84,B,INCONSISTENT_PUBLISH_PATH,2,43562502,v0.2.0
mdast-util-to-markdown,2.1.2,33,F,UNVERIFIED_PUBLISH_PATH|DORMANT,2,43542378,v0.2.0
react-router-dom,7.18.1,88,A,,2,43494048,v0.2.0
trough,2.2.0,19,F,UNVERIFIED_PUBLISH_PATH|DORMANT|SINGLE_MAINTAINER,1,43375691,v0.2.0
bail,2.0.2,19,F,UNVERIFIED_PUBLISH_PATH|DORMANT|SINGLE_MAINTAINER,1,43340547,v0.2.0
'@testing-library/user-event,14.6.1,33,F,UNVERIFIED_PUBLISH_PATH|DORMANT,17,43256496,v0.2.0
'@opentelemetry/sdk-logs,0.221.0,94,A,,6,43238266,v0.2.0
micromark-util-decode-string,2.0.1,19,F,UNVERIFIED_PUBLISH_PATH|DORMANT|SINGLE_MAINTAINER,1,43052357,v0.2.0
decode-named-character-reference,1.3.0,25,F,UNVERIFIED_PUBLISH_PATH|SINGLE_MAINTAINER,1,42982146,v0.2.0
react-day-picker,10.0.1,86,A,SINGLE_MAINTAINER,1,42936782,v0.2.0
'@smithy/util-stream,4.7.14,84,B,INCONSISTENT_PUBLISH_PATH,2,42793424,v0.2.0
minimalistic-assert,1.0.1,33,F,UNVERIFIED_PUBLISH_PATH|DORMANT,2,42769880,v0.2.0
immutable,5.1.9,93,A,,2,42609762,v0.2.0
'@smithy/middleware-serde,4.4.14,84,B,INCONSISTENT_PUBLISH_PATH,2,42503240,v0.2.0
mdast-util-to-hast,13.2.1,39,D,UNVERIFIED_PUBLISH_PATH,2,42426967,v0.2.0
psl,1.15.0,25,F,UNVERIFIED_PUBLISH_PATH|DORMANT|SINGLE_MAINTAINER,1,42399501,v0.2.0
unist-util-position,5.0.0,33,F,UNVERIFIED_PUBLISH_PATH|DORMANT,2,42309046,v0.2.0
'@smithy/url-parser,4.4.14,84,B,INCONSISTENT_PUBLISH_PATH,2,42197669,v0.2.0
'@smithy/util-retry,4.5.14,84,B,INCONSISTENT_PUBLISH_PATH,2,42186990,v0.2.0
'@smithy/middleware-stack,4.4.14,84,B,INCONSISTENT_PUBLISH_PATH,2,42164012,v0.2.0
longest-streak,3.1.0,19,F,UNVERIFIED_PUBLISH_PATH|DORMANT|SINGLE_MAINTAINER,1,42117084,v0.2.0
devlop,1.1.0,19,F,UNVERIFIED_PUBLISH_PATH|DORMANT|SINGLE_MAINTAINER,1,42020104,v0.2.0
lodash-es,4.18.1,45,D,UNVERIFIED_PUBLISH_PATH,3,41981286,v0.2.0
'@tailwindcss/vite,4.3.3,89,A,,3,41768673,v0.2.0
'@types/jest,30.0.0,33,F,UNVERIFIED_PUBLISH_PATH|SINGLE_MAINTAINER,1,41629897,v0.2.0
crc-32,1.2.2,19,F,UNVERIFIED_PUBLISH_PATH|DORMANT|SINGLE_MAINTAINER,1,41106109,v0.2.0
reselect,5.2.0,87,A,,6,41057125,v0.2.0
'@smithy/util-hex-encoding,4.4.14,84,B,INCONSISTENT_PUBLISH_PATH,2,40965128,v0.2.0
'@opentelemetry/otlp-transformer,0.221.0,94,A,,6,40949487,v0.2.0
'@smithy/middleware-retry,4.7.14,84,B,INCONSISTENT_PUBLISH_PATH,2,40912489,v0.2.0
'@aws-sdk/middleware-sdk-s3,3.972.66,41,D,UNVERIFIED_PUBLISH_PATH,2,40905615,v0.2.0
handlebars,4.7.9,45,D,UNVERIFIED_PUBLISH_PATH,6,40806402,v0.2.0
'@aws-crypto/sha256-browser,5.2.0,40,D,UNVERIFIED_PUBLISH_PATH|DORMANT,2,40728439,v0.2.0
he,1.2.0,33,F,UNVERIFIED_PUBLISH_PATH|DORMANT,2,40701758,v0.2.0
framer-motion,12.42.2,39,D,UNVERIFIED_PUBLISH_PATH,2,40677291,v0.2.0
'@aws-crypto/supports-web-crypto,5.2.0,40,D,UNVERIFIED_PUBLISH_PATH|DORMANT,2,40648969,v0.2.0
json-schema-typed,8.0.2,25,F,UNVERIFIED_PUBLISH_PATH|SINGLE_MAINTAINER,1,40541777,v0.2.0
hast-util-whitespace,3.0.0,33,F,UNVERIFIED_PUBLISH_PATH|DORMANT,2,40497283,v0.2.0
mdast-util-phrasing,4.1.0,33,F,UNVERIFIED_PUBLISH_PATH|DORMANT,2,40334674,v0.2.0
'@opentelemetry/otlp-exporter-base,0.221.0,94,A,,6,40327981,v0.2.0
'@smithy/config-resolver,4.6.14,84,B,INCONSISTENT_PUBLISH_PATH,2,40276051,v0.2.0
style-to-object,2.0.2,76,B,INCONSISTENT_PUBLISH_PATH|SINGLE_MAINTAINER,1,40176284,v0.2.0
dlv,1.1.3,19,F,UNVERIFIED_PUBLISH_PATH|DORMANT|SINGLE_MAINTAINER,1,39930720,v0.2.0
'@smithy/util-defaults-mode-browser,4.5.14,84,B,INCONSISTENT_PUBLISH_PATH,2,39904329,v0.2.0
'@xmldom/xmldom,0.9.10,31,F,UNVERIFIED_PUBLISH_PATH|SINGLE_MAINTAINER,1,39830417,v0.2.0
stringify-entities,4.0.4,19,F,UNVERIFIED_PUBLISH_PATH|DORMANT|SINGLE_MAINTAINER,1,39825063,v0.2.0
character-entities-html4,2.1.0,19,F,UNVERIFIED_PUBLISH_PATH|DORMANT|SINGLE_MAINTAINER,1,39730684,v0.2.0
'@smithy/invalid-dependency,4.4.14,84,B,INCONSISTENT_PUBLISH_PATH,2,39544031,v0.2.0
inline-style-parser,0.2.9,80,B,SINGLE_MAINTAINER,1,39476438,v0.2.0
redux,5.0.1,60,C,DORMANT,6,39407127,v0.2.0
url-parse,1.5.10,39,D,UNVERIFIED_PUBLISH_PATH|DORMANT,4,39097657,v0.2.0
'@smithy/middleware-content-length,4.4.14,84,B,INCONSISTENT_PUBLISH_PATH,2,38775473,v0.2.0
'@smithy/querystring-builder,4.4.14,84,B,INCONSISTENT_PUBLISH_PATH,2,38491572,v0.2.0
reflect-metadata,0.2.2,19,F,UNVERIFIED_PUBLISH_PATH|DORMANT|SINGLE_MAINTAINER,1,38423750,v0.2.0
jszip,3.10.1,19,F,UNVERIFIED_PUBLISH_PATH|DORMANT|SINGLE_MAINTAINER|BRANCH_REQUIRES_PR,1,38392422,v0.2.0
'@smithy/util-uri-escape,4.4.14,84,B,INCONSISTENT_PUBLISH_PATH,2,38033968,v0.2.0
'@smithy/util-endpoints,3.6.14,84,B,INCONSISTENT_PUBLISH_PATH,2,37891153,v0.2.0
'@smithy/util-body-length-browser,4.4.14,84,B,INCONSISTENT_PUBLISH_PATH,2,37874347,v0.2.0
hoist-non-react-statics,3.3.2,19,F,UNVERIFIED_PUBLISH_PATH|DORMANT|SINGLE_MAINTAINER,1,37870809,v0.2.0
trim-lines,3.0.1,19,F,UNVERIFIED_PUBLISH_PATH|DORMANT|SINGLE_MAINTAINER,1,37865728,v0.2.0
html-entities,2.6.0,25,F,UNVERIFIED_PUBLISH_PATH|SINGLE_MAINTAINER,1,37563357,v0.2.0
remark-rehype,11.1.2,39,D,UNVERIFIED_PUBLISH_PATH,3,37348080,v0.2.0
es-toolkit,1.50.0,95,A,BRANCH_REQUIRES_PR,3,37189206,v0.2.0
'@aws-sdk/client-s3,3.1095.0,41,D,UNVERIFIED_PUBLISH_PATH,2,37172342,v0.2.0
'@emotion/memoize,0.9.0,34,F,UNVERIFIED_PUBLISH_PATH|DORMANT|PUBLISHER_NOT_MAINTAINER,2,37160778,v0.2.0
markdown-table,3.0.4,19,F,UNVERIFIED_PUBLISH_PATH|DORMANT|SINGLE_MAINTAINER,1,36948154,v0.2.0
'@aws-sdk/util-locate-window,3.965.8,41,D,UNVERIFIED_PUBLISH_PATH,2,36931338,v0.2.0
ejs,6.0.1,26,F,UNVERIFIED_PUBLISH_PATH|SINGLE_MAINTAINER,1,36917122,v0.2.0
'@octokit/request,10.0.11,93,A,,3,36907312,v0.2.0
vite-node,6.0.0,82,B,,5,36422007,v0.2.0
svgo,4.0.2,39,D,UNVERIFIED_PUBLISH_PATH,4,36403717,v0.2.0
node-forge,1.4.0,45,D,UNVERIFIED_PUBLISH_PATH,3,36299128,v0.2.0
'@octokit/request-error,7.1.0,77,B,,3,36286179,v0.2.0
embla-carousel,8.6.0,25,F,UNVERIFIED_PUBLISH_PATH|SINGLE_MAINTAINER,1,36256662,v0.2.0
'@smithy/querystring-parser,4.4.14,84,B,INCONSISTENT_PUBLISH_PATH,2,36225491,v0.2.0
moment,2.30.1,34,F,UNVERIFIED_PUBLISH_PATH|DORMANT,5,36100032,v0.2.0
'@protobufjs/inquire,1.1.2,45,D,UNVERIFIED_PUBLISH_PATH,3,35956246,v0.2.0
'@smithy/service-error-classification,4.5.14,84,B,INCONSISTENT_PUBLISH_PATH,2,35905969,v0.2.0
randombytes,2.1.0,33,F,UNVERIFIED_PUBLISH_PATH|DORMANT,5,35824374,v0.2.0
luxon,3.7.2,39,D,UNVERIFIED_PUBLISH_PATH,2,35767055,v0.2.0
micromark-extension-gfm-table,2.1.1,19,F,UNVERIFIED_PUBLISH_PATH|DORMANT|SINGLE_MAINTAINER,1,35582159,v0.2.0
react-smooth,4.0.4,33,F,UNVERIFIED_PUBLISH_PATH|DORMANT,4,35497952,v0.2.0
motion-dom,12.42.2,25,F,UNVERIFIED_PUBLISH_PATH|SINGLE_MAINTAINER,1,35393235,v0.2.0
cross-fetch,4.1.0,25,F,UNVERIFIED_PUBLISH_PATH|DORMANT|SINGLE_MAINTAINER,1,35368262,v0.2.0
recharts-scale,0.4.5,33,F,UNVERIFIED_PUBLISH_PATH|DORMANT,2,35366054,v0.2.0
tw-animate-css,1.4.0,62,C,SINGLE_MAINTAINER,1,35083507,v0.2.0
cookie-es,3.1.1,25,F,UNVERIFIED_PUBLISH_PATH|SINGLE_MAINTAINER,1,34740717,v0.2.0
motion-utils,12.39.0,25,F,UNVERIFIED_PUBLISH_PATH|SINGLE_MAINTAINER,1,34732022,v0.2.0
micromark-extension-gfm-autolink-literal,2.1.0,19,F,UNVERIFIED_PUBLISH_PATH|DORMANT|SINGLE_MAINTAINER,1,34647870,v0.2.0
'@types/semver,7.7.1,33,F,UNVERIFIED_PUBLISH_PATH|SINGLE_MAINTAINER,1,34519533,v0.2.0
mdast-util-gfm-table,2.0.0,33,F,UNVERIFIED_PUBLISH_PATH|DORMANT,2,34113549,v0.2.0
big.js,7.0.1,25,F,UNVERIFIED_PUBLISH_PATH|SINGLE_MAINTAINER,1,34058962,v0.2.0
pluralize,8.0.0,25,F,UNVERIFIED_PUBLISH_PATH|DORMANT|SINGLE_MAINTAINER,1,33990455,v0.2.0
recast,0.23.12,39,D,UNVERIFIED_PUBLISH_PATH,2,33928954,v0.2.0
mdast-util-gfm-strikethrough,2.0.0,33,F,UNVERIFIED_PUBLISH_PATH|DORMANT,2,33757383,v0.2.0
micromark-extension-gfm-strikethrough,2.1.0,19,F,UNVERIFIED_PUBLISH_PATH|DORMANT|SINGLE_MAINTAINER,1,33715399,v0.2.0
tweetnacl,1.0.3,19,F,UNVERIFIED_PUBLISH_PATH|DORMANT|SINGLE_MAINTAINER,1,33687772,v0.2.0
micromark-extension-gfm-task-list-item,2.1.0,19,F,UNVERIFIED_PUBLISH_PATH|DORMANT|SINGLE_MAINTAINER,1,33663379,v0.2.0
mdast-util-gfm-task-list-item,2.0.0,33,F,UNVERIFIED_PUBLISH_PATH|DORMANT,2,33655257,v0.2.0
mdast-util-gfm,3.1.0,39,D,UNVERIFIED_PUBLISH_PATH,2,33548601,v0.2.0
mdast-util-find-and-replace,3.0.2,33,F,UNVERIFIED_PUBLISH_PATH|DORMANT,2,33483888,v0.2.0
'@smithy/util-config-provider,4.4.14,84,B,INCONSISTENT_PUBLISH_PATH,2,33330194,v0.2.0
micromark-extension-gfm,3.0.0,19,F,UNVERIFIED_PUBLISH_PATH|DORMANT|SINGLE_MAINTAINER,1,33184936,v0.2.0
mdast-util-gfm-autolink-literal,2.0.1,33,F,UNVERIFIED_PUBLISH_PATH|DORMANT,2,33142757,v0.2.0
micromark-extension-gfm-tagfilter,2.0.0,19,F,UNVERIFIED_PUBLISH_PATH|DORMANT|SINGLE_MAINTAINER,1,33108049,v0.2.0
'@js-sdsl/ordered-map,4.4.2,28,F,UNVERIFIED_PUBLISH_PATH|DORMANT,2,32842292,v0.2.0
remark-gfm,4.0.1,39,D,UNVERIFIED_PUBLISH_PATH,3,32792562,v0.2.0
micromark-extension-gfm-footnote,2.1.0,19,F,UNVERIFIED_PUBLISH_PATH|DORMANT|SINGLE_MAINTAINER,1,32768450,v0.2.0
component-emitter,2.0.0,19,F,UNVERIFIED_PUBLISH_PATH|DORMANT|SINGLE_MAINTAINER,1,32370019,v0.2.0
react-redux,9.3.0,87,A,,5,32292503,v0.2.0
lodash.uniq,4.5.0,34,F,UNVERIFIED_PUBLISH_PATH|DORMANT,2,32164431,v0.2.0
'@emotion/unitless,0.10.0,34,F,UNVERIFIED_PUBLISH_PATH|DORMANT|PUBLISHER_NOT_MAINTAINER,2,32007159,v0.2.0
p-queue,9.3.3,25,F,UNVERIFIED_PUBLISH_PATH|SINGLE_MAINTAINER,1,31875090,v0.2.0
linkify-it,6.1.0,25,F,UNVERIFIED_PUBLISH_PATH|SINGLE_MAINTAINER,1,31537621,v0.2.0
mdast-util-gfm-footnote,2.1.0,39,D,UNVERIFIED_PUBLISH_PATH,2,31282468,v0.2.0
web-vitals,6.0.0,39,D,UNVERIFIED_PUBLISH_PATH,3,30930638,v0.2.0
unenv,1.10.0,26,F,UNVERIFIED_PUBLISH_PATH|DORMANT|SINGLE_MAINTAINER,1,30837127,v0.2.0
hast-util-to-jsx-runtime,2.3.6,39,D,UNVERIFIED_PUBLISH_PATH,2,30740513,v0.2.0
sass,1.102.0,87,A,,2,30629085,v0.2.0
big-integer,1.6.52,19,F,UNVERIFIED_PUBLISH_PATH|DORMANT|SINGLE_MAINTAINER,1,30404806,v0.2.0
classnames,2.5.1,65,C,DORMANT,2,30248428,v0.2.0
'@sentry/node,10.68.0,27,F,UNVERIFIED_PUBLISH_PATH|SINGLE_MAINTAINER,1,30146054,v0.2.0
openai,6.49.0,90,A,INCONSISTENT_PUBLISH_PATH|BRANCH_REQUIRES_PR,18,29893961,v0.2.0
uc.micro,3.0.0,25,F,UNVERIFIED_PUBLISH_PATH|SINGLE_MAINTAINER,1,29762836,v0.2.0
ua-parser-js,2.0.10,73,B,SINGLE_MAINTAINER,1,29761311,v0.2.0
strtok3,10.3.5,25,F,UNVERIFIED_PUBLISH_PATH|SINGLE_MAINTAINER,1,29370022,v0.2.0
dateformat,5.0.3,33,F,UNVERIFIED_PUBLISH_PATH|DORMANT,6,29045903,v0.2.0
fast-check,4.9.0,81,B,SINGLE_MAINTAINER,1,29017663,v0.2.0
teeny-request,10.1.4,52,C,UNVERIFIED_PUBLISH_PATH,4,28942060,v0.2.0
mitt,3.0.1,19,F,UNVERIFIED_PUBLISH_PATH|DORMANT|SINGLE_MAINTAINER,1,28927738,v0.2.0
'@emotion/hash,0.9.2,34,F,UNVERIFIED_PUBLISH_PATH|DORMANT|PUBLISHER_NOT_MAINTAINER,2,28807362,v0.2.0
token-types,6.1.2,25,F,UNVERIFIED_PUBLISH_PATH|SINGLE_MAINTAINER,1,28796287,v0.2.0
highlight.js,11.11.1,39,D,UNVERIFIED_PUBLISH_PATH|DORMANT,4,28651997,v0.2.0
d3-dispatch,3.0.1,33,F,UNVERIFIED_PUBLISH_PATH|DORMANT,2,28617338,v0.2.0
react-markdown,10.1.0,39,D,UNVERIFIED_PUBLISH_PATH,3,28276970,v0.2.0
'@sentry/browser,10.68.0,27,F,UNVERIFIED_PUBLISH_PATH|SINGLE_MAINTAINER|BRANCH_REQUIRES_PR,1,28239462,v0.2.0
ts-dedent,2.3.0,68,C,SINGLE_MAINTAINER,1,28222482,v0.2.0
async-retry,1.3.3,28,F,UNVERIFIED_PUBLISH_PATH|DORMANT|PUBLISHER_NOT_MAINTAINER,2,28193266,v0.2.0
js-cookie,3.0.8,93,A,,2,28157425,v0.2.0
mdurl,2.1.0,25,F,UNVERIFIED_PUBLISH_PATH|SINGLE_MAINTAINER,1,28025166,v0.2.0
hookable,6.1.1,39,D,UNVERIFIED_PUBLISH_PATH,2,28004943,v0.2.0
'@emotion/is-prop-valid,1.4.0,40,D,UNVERIFIED_PUBLISH_PATH|PUBLISHER_NOT_MAINTAINER,2,27822105,v0.2.0
'@anthropic-ai/sdk,0.115.0,90,A,INCONSISTENT_PUBLISH_PATH,13,27287858,v0.2.0
d3-selection,3.0.0,33,F,UNVERIFIED_PUBLISH_PATH|DORMANT,2,27273091,v0.2.0
cheerio,1.2.0,40,D,UNVERIFIED_PUBLISH_PATH|PUBLISHER_NOT_MAINTAINER,2,27241733,v0.2.0
redux-thunk,3.1.0,33,F,UNVERIFIED_PUBLISH_PATH|DORMANT,5,27212798,v0.2.0
date-fns-jalali,4.4.0-0,26,F,UNVERIFIED_PUBLISH_PATH|SINGLE_MAINTAINER,1,27131847,v0.2.0
markdown-it,14.3.0,25,F,UNVERIFIED_PUBLISH_PATH|SINGLE_MAINTAINER,1,27062606,v0.2.0
'@jridgewell/set-array,1.2.1,19,F,UNVERIFIED_PUBLISH_PATH|DORMANT|SINGLE_MAINTAINER,1,26951107,v0.2.0
'@azure/abort-controller,2.2.0,47,D,UNVERIFIED_PUBLISH_PATH,3,26880638,v0.2.0
tagged-tag,1.0.0,25,F,UNVERIFIED_PUBLISH_PATH|SINGLE_MAINTAINER,1,26801785,v0.2.0
preact,10.29.7,79,B,INCONSISTENT_PUBLISH_PATH,6,26752335,v0.2.0
prismjs,1.30.0,45,D,UNVERIFIED_PUBLISH_PATH,8,26684820,v0.2.0
underscore,1.13.8,45,D,UNVERIFIED_PUBLISH_PATH,2,26616686,v0.2.0
decode-uri-component,0.5.0,25,F,UNVERIFIED_PUBLISH_PATH|SINGLE_MAINTAINER,1,26590124,v0.2.0
http-proxy-middleware,4.2.0,73,B,SINGLE_MAINTAINER,1,26521573,v0.2.0
lodash.clonedeep,4.5.0,34,F,UNVERIFIED_PUBLISH_PATH|DORMANT,2,26518540,v0.2.0
lodash.isequal,4.5.0,34,F,UNVERIFIED_PUBLISH_PATH|DORMANT|DEPRECATED,2,26332264,v0.2.0
msgpackr,2.0.4,31,F,UNVERIFIED_PUBLISH_PATH|SINGLE_MAINTAINER,1,26244784,v0.2.0
stackframe,1.3.4,33,F,UNVERIFIED_PUBLISH_PATH|DORMANT,4,26071547,v0.2.0
d3-drag,3.0.0,33,F,UNVERIFIED_PUBLISH_PATH|DORMANT,2,26058523,v0.2.0
d3-transition,3.0.1,33,F,UNVERIFIED_PUBLISH_PATH|DORMANT,2,26031685,v0.2.0
html-url-attributes,3.0.1,33,F,UNVERIFIED_PUBLISH_PATH|DORMANT,3,26028336,v0.2.0
error-stack-parser,2.1.4,33,F,UNVERIFIED_PUBLISH_PATH|DORMANT,5,25958910,v0.2.0
devtools-protocol,0.0.1666840,87,A,,3,25895809,v0.2.0
effect,3.22.0,82,B,,2,25815330,v0.2.0
perfect-debounce,2.1.0,25,F,UNVERIFIED_PUBLISH_PATH|SINGLE_MAINTAINER,1,25598848,v0.2.0
'@vue/shared,3.5.40,64,C,INCONSISTENT_PUBLISH_PATH|SINGLE_MAINTAINER,1,25519857,v0.2.0
isbot,5.2.1,45,D,UNVERIFIED_PUBLISH_PATH,2,25407632,v0.2.0
validator,13.15.35,93,A,,3,25398464,v0.2.0
seroval,1.5.6,34,F,UNVERIFIED_PUBLISH_PATH,2,25364724,v0.2.0
'@opentelemetry/exporter-trace-otlp-http,0.221.0,94,A,,6,25359925,v0.2.0
'@reduxjs/toolkit,2.12.0,87,A,,6,25259269,v0.2.0
d3-zoom,3.0.0,33,F,UNVERIFIED_PUBLISH_PATH|DORMANT,2,25177885,v0.2.0
socket.io-parser,4.2.7,93,A,,2,25118779,v0.2.0
json-schema-to-ts,3.1.1,19,F,UNVERIFIED_PUBLISH_PATH|DORMANT|SINGLE_MAINTAINER,1,25117915,v0.2.0
'@noble/curves,2.2.0,79,B,SINGLE_MAINTAINER,1,25079570,v0.2.0
whatwg-fetch,3.6.20,20,F,UNVERIFIED_PUBLISH_PATH|DORMANT|SINGLE_MAINTAINER|PUBLISHER_NOT_MAINTAINER,1,25048909,v0.2.0
crossws,0.4.10,20,F,UNVERIFIED_PUBLISH_PATH|SINGLE_MAINTAINER,1,24936331,v0.2.0
'@angular-devkit/core,22.0.8,45,D,UNVERIFIED_PUBLISH_PATH,2,24868215,v0.2.0
uint8array-extras,1.5.0,25,F,UNVERIFIED_PUBLISH_PATH|SINGLE_MAINTAINER,1,24665113,v0.2.0
ioredis,5.11.1,39,D,UNVERIFIED_PUBLISH_PATH,2,24639149,v0.2.0
fecha,4.2.3,19,F,UNVERIFIED_PUBLISH_PATH|DORMANT|SINGLE_MAINTAINER,1,24459135,v0.2.0
punycode.js,2.3.1,33,F,UNVERIFIED_PUBLISH_PATH|DORMANT,2,24123815,v0.2.0
tabbable,6.5.0,93,A,,2,24116790,v0.2.0
destr,2.0.5,25,F,UNVERIFIED_PUBLISH_PATH|SINGLE_MAINTAINER,1,23796020,v0.2.0
'@popperjs/core,2.11.8,28,F,UNVERIFIED_PUBLISH_PATH|DORMANT,2,23741639,v0.2.0
html-void-elements,3.0.0,19,F,UNVERIFIED_PUBLISH_PATH|DORMANT|SINGLE_MAINTAINER,1,23663576,v0.2.0
'@remix-run/router,1.23.3,74,B,SINGLE_MAINTAINER,1,23597319,v0.2.0
joi,18.2.3,39,D,UNVERIFIED_PUBLISH_PATH,6,23541200,v0.2.0
'@emotion/cache,11.14.0,34,F,UNVERIFIED_PUBLISH_PATH|DORMANT|PUBLISHER_NOT_MAINTAINER,2,23492040,v0.2.0
unstorage,1.17.5,27,F,UNVERIFIED_PUBLISH_PATH|SINGLE_MAINTAINER,1,23453344,v0.2.0
'@vue/compiler-core,3.5.40,74,B,SINGLE_MAINTAINER,1,23427422,v0.2.0
proto3-json-serializer,3.0.6,38,D,UNVERIFIED_PUBLISH_PATH|SINGLE_MAINTAINER,1,23389248,v0.2.0
'@noble/ciphers,2.2.0,79,B,SINGLE_MAINTAINER,1,23326420,v0.2.0
'@vue/compiler-dom,3.5.40,74,B,SINGLE_MAINTAINER,1,23307494,v0.2.0
debounce,3.0.0,25,F,UNVERIFIED_PUBLISH_PATH|SINGLE_MAINTAINER,1,23208040,v0.2.0
robust-predicates,3.0.3,25,F,UNVERIFIED_PUBLISH_PATH|SINGLE_MAINTAINER,1,23121792,v0.2.0
d3-geo,3.1.1,33,F,UNVERIFIED_PUBLISH_PATH|DORMANT,2,23092059,v0.2.0
'@sentry/opentelemetry,10.68.0,27,F,UNVERIFIED_PUBLISH_PATH|SINGLE_MAINTAINER,1,22933420,v0.2.0
'@tanstack/router-core,1.171.15,89,A,,3,22886840,v0.2.0
superagent,10.3.0,45,D,UNVERIFIED_PUBLISH_PATH,7,22625030,v0.2.0
asn1.js,5.4.1,33,F,UNVERIFIED_PUBLISH_PATH|DORMANT,2,22619535,v0.2.0
'@supabase/postgrest-js,2.110.8,89,A,BRANCH_REQUIRES_PR,2,22517807,v0.2.0
'@tanstack/react-router,1.170.18,89,A,,3,22483593,v0.2.0
'@supabase/storage-js,2.110.8,89,A,BRANCH_REQUIRES_PR,2,22433771,v0.2.0
'@supabase/realtime-js,2.110.8,89,A,BRANCH_REQUIRES_PR,2,22430497,v0.2.0
'@supabase/auth-js,2.110.8,89,A,BRANCH_REQUIRES_PR,2,22381658,v0.2.0
cheerio-select,2.1.0,14,F,UNVERIFIED_PUBLISH_PATH|DORMANT|SINGLE_MAINTAINER|PUBLISHER_NOT_MAINTAINER,1,22370033,v0.2.0
hash-base,3.1.2,39,D,UNVERIFIED_PUBLISH_PATH,4,22361860,v0.2.0
'@supabase/functions-js,2.110.8,89,A,BRANCH_REQUIRES_PR,2,22340354,v0.2.0
w3c-keyname,2.2.8,19,F,UNVERIFIED_PUBLISH_PATH|DORMANT|SINGLE_MAINTAINER,1,22315256,v0.2.0
'@supabase/supabase-js,2.110.8,89,A,BRANCH_REQUIRES_PR,2,22189363,v0.2.0
idb,8.0.3,20,F,UNVERIFIED_PUBLISH_PATH|SINGLE_MAINTAINER,1,22129675,v0.2.0
google-gax,5.0.8,52,C,UNVERIFIED_PUBLISH_PATH,3,22118945,v0.2.0
libphonenumber-js,1.13.9,36,D,INCONSISTENT_PUBLISH_PATH|SINGLE_MAINTAINER|PUBLISHER_NOT_MAINTAINER,1,22101162,v0.2.0
sha.js,2.4.12,39,D,UNVERIFIED_PUBLISH_PATH,3,21791418,v0.2.0
ts-algebra,2.0.0,19,F,UNVERIFIED_PUBLISH_PATH|DORMANT|SINGLE_MAINTAINER,1,21697551,v0.2.0
engine.io-parser,5.2.3,71,B,DORMANT,2,21613181,v0.2.0
'@mswjs/interceptors,0.42.3,68,C,SINGLE_MAINTAINER,1,21588087,v0.2.0
'@types/aws-lambda,8.10.162,33,F,UNVERIFIED_PUBLISH_PATH|SINGLE_MAINTAINER,1,21429789,v0.2.0
'@vue/compiler-sfc,3.5.40,74,B,SINGLE_MAINTAINER,1,21421479,v0.2.0
'@dnd-kit/core,6.3.1,14,F,UNVERIFIED_PUBLISH_PATH|DORMANT|SINGLE_MAINTAINER,1,21287879,v0.2.0
'@azure/msal-common,16.11.2,47,D,UNVERIFIED_PUBLISH_PATH,3,21236180,v0.2.0
xmlbuilder2,4.0.3,39,D,UNVERIFIED_PUBLISH_PATH,2,21217312,v0.2.0
'@dnd-kit/utilities,3.2.2,14,F,UNVERIFIED_PUBLISH_PATH|DORMANT|SINGLE_MAINTAINER,1,21210210,v0.2.0
layout-base,2.0.1,33,F,UNVERIFIED_PUBLISH_PATH|DORMANT,6,21206105,v0.2.0
'@angular-devkit/schematics,22.0.8,45,D,UNVERIFIED_PUBLISH_PATH,2,21194756,v0.2.0
cose-base,2.2.0,19,F,UNVERIFIED_PUBLISH_PATH|DORMANT|SINGLE_MAINTAINER,1,21186903,v0.2.0
hash.js,1.1.7,19,F,UNVERIFIED_PUBLISH_PATH|DORMANT|SINGLE_MAINTAINER,1,21105337,v0.2.0
loglevel,1.9.2,19,F,UNVERIFIED_PUBLISH_PATH|DORMANT|SINGLE_MAINTAINER,1,20883738,v0.2.0
'@shikijs/types,4.3.1,82,B,,3,20873739,v0.2.0
pdfjs-dist,6.1.200,94,A,,5,20861109,v0.2.0
'@dnd-kit/sortable,10.0.0,14,F,UNVERIFIED_PUBLISH_PATH|DORMANT|SINGLE_MAINTAINER,1,20849644,v0.2.0
'@tailwindcss/typography,0.5.20,87,A,,3,20765608,v0.2.0
'@tanstack/router-plugin,1.168.23,89,A,,3,20621589,v0.2.0
'@formatjs/intl-localematcher,0.8.13,66,C,,3,20219484,v0.2.0
i18next,26.3.6,39,D,UNVERIFIED_PUBLISH_PATH,2,20218241,v0.2.0
'@sentry-internal/feedback,10.57.0,27,F,UNVERIFIED_PUBLISH_PATH|SINGLE_MAINTAINER|BRANCH_REQUIRES_PR,1,20101169,v0.2.0
'@sentry-internal/replay-canvas,10.57.0,27,F,UNVERIFIED_PUBLISH_PATH|SINGLE_MAINTAINER|BRANCH_REQUIRES_PR,1,20049905,v0.2.0
'@sentry/node-core,10.68.0,27,F,UNVERIFIED_PUBLISH_PATH|SINGLE_MAINTAINER,1,19943531,v0.2.0
storybook,10.5.4,90,A,INCONSISTENT_PUBLISH_PATH,8,19905403,v0.2.0
'@emotion/react,11.14.0,34,F,UNVERIFIED_PUBLISH_PATH|DORMANT|PUBLISHER_NOT_MAINTAINER,2,19879680,v0.2.0
d3-hierarchy,3.1.2,33,F,UNVERIFIED_PUBLISH_PATH|DORMANT,2,19762658,v0.2.0
'@shikijs/engine-oniguruma,4.3.1,82,B,,3,19689857,v0.2.0
delaunator,5.1.0,46,D,UNVERIFIED_PUBLISH_PATH,29,19636759,v0.2.0
puppeteer-core,25.3.0,93,A,,2,19581903,v0.2.0
d3-delaunay,6.0.4,33,F,UNVERIFIED_PUBLISH_PATH|DORMANT,3,19436070,v0.2.0
'@socket.io/component-emitter,3.1.2,19,F,UNVERIFIED_PUBLISH_PATH|DORMANT|SINGLE_MAINTAINER,1,19432075,v0.2.0
'@shikijs/langs,4.3.1,82,B,,3,19411042,v0.2.0
'@puppeteer/browsers,3.0.6,93,A,,2,19362490,v0.2.0
filter-obj,6.1.0,19,F,UNVERIFIED_PUBLISH_PATH|DORMANT|SINGLE_MAINTAINER,1,19356543,v0.2.0
msw,2.15.0,68,C,SINGLE_MAINTAINER,1,19347691,v0.2.0
'@azure/core-tracing,1.4.0,47,D,UNVERIFIED_PUBLISH_PATH,3,19162834,v0.2.0
'@bufbuild/protobuf,2.13.0,77,B,INCONSISTENT_PUBLISH_PATH,5,19014963,v0.2.0
katex,0.18.1,39,D,UNVERIFIED_PUBLISH_PATH,7,18959107,v0.2.0
qrcode,1.5.4,33,F,UNVERIFIED_PUBLISH_PATH|DORMANT,2,18955331,v0.2.0
crypto-js,4.2.0,19,F,UNVERIFIED_PUBLISH_PATH|DORMANT|SINGLE_MAINTAINER,1,18882394,v0.2.0
d3-quadtree,3.0.1,33,F,UNVERIFIED_PUBLISH_PATH|DORMANT,2,18778510,v0.2.0
'@tanstack/table-core,8.21.3,78,B,,3,18558217,v0.2.0
jwt-decode,4.0.0,40,D,UNVERIFIED_PUBLISH_PATH|DORMANT|BRANCH_REQUIRES_SIGNATURES|BRANCH_REQUIRES_PR,21,18470245,v0.2.0
d3-scale-chromatic,3.1.0,33,F,UNVERIFIED_PUBLISH_PATH|DORMANT,2,18456559,v0.2.0
'@sentry-internal/browser-utils,10.57.0,27,F,UNVERIFIED_PUBLISH_PATH|SINGLE_MAINTAINER|BRANCH_REQUIRES_PR,1,18393369,v0.2.0
'@sentry-internal/replay,10.57.0,27,F,UNVERIFIED_PUBLISH_PATH|SINGLE_MAINTAINER|BRANCH_REQUIRES_PR,1,18356512,v0.2.0
d3-force,3.0.0,33,F,UNVERIFIED_PUBLISH_PATH|DORMANT,2,18353252,v0.2.0
moment-timezone,0.6.3,39,D,UNVERIFIED_PUBLISH_PATH,7,18296151,v0.2.0
'@azure/core-rest-pipeline,1.25.0,47,D,UNVERIFIED_PUBLISH_PATH,3,18294036,v0.2.0
'@storybook/react,10.5.4,90,A,INCONSISTENT_PUBLISH_PATH,12,18146357,v0.2.0
es6-promise,4.2.8,33,F,UNVERIFIED_PUBLISH_PATH|DORMANT,2,18100370,v0.2.0
dijkstrajs,1.0.3,19,F,UNVERIFIED_PUBLISH_PATH|DORMANT|SINGLE_MAINTAINER,1,18057213,v0.2.0
hast-util-to-html,9.0.5,39,D,UNVERIFIED_PUBLISH_PATH,2,18033161,v0.2.0
'@firebase/util,1.15.1,46,D,UNVERIFIED_PUBLISH_PATH,4,17891080,v0.2.0
'@formatjs/icu-messageformat-parser,3.5.15,82,B,BRANCH_REQUIRES_PR,3,17886398,v0.2.0
jquery,4.0.0,45,D,UNVERIFIED_PUBLISH_PATH,5,17825579,v0.2.0
'@formatjs/icu-skeleton-parser,2.1.11,82,B,BRANCH_REQUIRES_PR,3,17811172,v0.2.0
'@faker-js/faker,10.5.0,89,A,,3,17772519,v0.2.0
'@azure/core-auth,1.11.0,47,D,UNVERIFIED_PUBLISH_PATH,3,17744154,v0.2.0
'@tanstack/react-start,1.168.32,79,B,INCONSISTENT_PUBLISH_PATH,3,17629083,v0.2.0
shiki,4.3.1,82,B,,4,17607078,v0.2.0
chromium-bidi,17.0.2,93,A,,2,17576352,v0.2.0
'@formatjs/fast-memoize,3.1.7,66,C,,3,17561002,v0.2.0
encoding-sniffer,1.0.2,73,B,SINGLE_MAINTAINER,1,17554567,v0.2.0
'@tanstack/start-plugin-core,1.171.24,79,B,INCONSISTENT_PUBLISH_PATH,3,17514956,v0.2.0
'@tanstack/react-table,8.21.3,78,B,,3,17381922,v0.2.0
'@azure/core-util,1.14.0,47,D,UNVERIFIED_PUBLISH_PATH,3,17353429,v0.2.0
shallowequal,1.1.0,19,F,UNVERIFIED_PUBLISH_PATH|DORMANT|SINGLE_MAINTAINER,1,17335794,v0.2.0
'@shikijs/core,4.3.1,82,B,,3,17238691,v0.2.0
connect,3.7.0,25,F,UNVERIFIED_PUBLISH_PATH|DORMANT|SINGLE_MAINTAINER,1,17222627,v0.2.0
node-emoji,2.2.0,65,C,DORMANT,2,17200577,v0.2.0
d3-dsv,3.0.1,33,F,UNVERIFIED_PUBLISH_PATH|DORMANT,2,17168137,v0.2.0
csv-parse,7.0.1,73,B,SINGLE_MAINTAINER,1,16995394,v0.2.0
'@firebase/component,0.7.3,46,D,UNVERIFIED_PUBLISH_PATH,4,16873741,v0.2.0
core-js-pure,3.49.0,31,F,UNVERIFIED_PUBLISH_PATH|SINGLE_MAINTAINER,1,16848424,v0.2.0
'@types/markdown-it,14.1.2,27,F,UNVERIFIED_PUBLISH_PATH|DORMANT|SINGLE_MAINTAINER,1,16846912,v0.2.0
socket.io,4.8.3,83,B,,2,16834695,v0.2.0
intl-messageformat,11.2.12,82,B,BRANCH_REQUIRES_PR,3,16730200,v0.2.0
'@shikijs/vscode-textmate,10.0.2,40,D,UNVERIFIED_PUBLISH_PATH,3,16678048,v0.2.0
js-base64,3.9.1,31,F,UNVERIFIED_PUBLISH_PATH|SINGLE_MAINTAINER,1,16635660,v0.2.0
'@azure/logger,1.4.0,47,D,UNVERIFIED_PUBLISH_PATH,3,16627506,v0.2.0
engine.io,6.6.9,93,A,,2,16615267,v0.2.0
'@shikijs/engine-javascript,4.3.1,82,B,,3,16600696,v0.2.0
mustache,4.2.0,33,F,UNVERIFIED_PUBLISH_PATH|DORMANT,3,16590913,v0.2.0
prosemirror-view,1.42.2,21,F,UNVERIFIED_PUBLISH_PATH|SINGLE_MAINTAINER,1,16567340,v0.2.0
iceberg-js,1.0.0,80,B,SINGLE_MAINTAINER|BRANCH_REQUIRES_PR,1,16536111,v0.2.0
d3-axis,3.0.0,33,F,UNVERIFIED_PUBLISH_PATH|DORMANT,2,16524111,v0.2.0
prosemirror-model,1.25.11,21,F,UNVERIFIED_PUBLISH_PATH|SINGLE_MAINTAINER,1,16511165,v0.2.0
d3-polygon,3.0.1,33,F,UNVERIFIED_PUBLISH_PATH|DORMANT,2,16494064,v0.2.0
d3,7.9.0,33,F,UNVERIFIED_PUBLISH_PATH|DORMANT,2,16472418,v0.2.0
engine.io-client,6.6.6,93,A,,2,16448062,v0.2.0
stripe,22.3.2,80,B,SINGLE_MAINTAINER,1,16428249,v0.2.0
d3-random,3.0.1,33,F,UNVERIFIED_PUBLISH_PATH|DORMANT,2,16352252,v0.2.0
prosemirror-transform,1.12.0,25,F,UNVERIFIED_PUBLISH_PATH|SINGLE_MAINTAINER,1,16345348,v0.2.0
d3-brush,3.0.0,33,F,UNVERIFIED_PUBLISH_PATH|DORMANT,2,16325779,v0.2.0
filesize,11.0.22,25,F,UNVERIFIED_PUBLISH_PATH|SINGLE_MAINTAINER,1,16297957,v0.2.0
motion,12.42.2,39,D,UNVERIFIED_PUBLISH_PATH,2,16233750,v0.2.0
'@google/genai,2.13.0,34,F,UNVERIFIED_PUBLISH_PATH,3,16223273,v0.2.0
eventemitter2,6.4.9,33,F,UNVERIFIED_PUBLISH_PATH|DORMANT,2,16223242,v0.2.0
'@sentry/types,10.68.0,27,F,UNVERIFIED_PUBLISH_PATH|SINGLE_MAINTAINER,1,16204215,v0.2.0
drizzle-orm,0.45.2,83,B,,4,16187121,v0.2.0
split-on-first,4.0.0,25,F,UNVERIFIED_PUBLISH_PATH|SINGLE_MAINTAINER,1,16185459,v0.2.0
'@azure/msal-browser,5.17.1,47,D,UNVERIFIED_PUBLISH_PATH|BRANCH_REQUIRES_PR,3,16115758,v0.2.0
has,1.0.4,19,F,UNVERIFIED_PUBLISH_PATH|DORMANT|SINGLE_MAINTAINER,1,16054065,v0.2.0
md5,2.3.0,33,F,UNVERIFIED_PUBLISH_PATH|DORMANT,2,15987547,v0.2.0
compare-versions,6.1.1,19,F,UNVERIFIED_PUBLISH_PATH|DORMANT|SINGLE_MAINTAINER,1,15986550,v0.2.0
crypt,0.0.2,19,F,UNVERIFIED_PUBLISH_PATH|DORMANT|SINGLE_MAINTAINER,1,15940292,v0.2.0
charenc,0.0.2,19,F,UNVERIFIED_PUBLISH_PATH|DORMANT|SINGLE_MAINTAINER,1,15936957,v0.2.0
lodash.throttle,4.1.1,34,F,UNVERIFIED_PUBLISH_PATH|DORMANT,2,15909712,v0.2.0
d3-chord,3.0.1,33,F,UNVERIFIED_PUBLISH_PATH|DORMANT,2,15902368,v0.2.0
prosemirror-state,1.4.4,25,F,UNVERIFIED_PUBLISH_PATH|SINGLE_MAINTAINER,1,15853589,v0.2.0
'@formatjs/ecma402-abstract,3.2.0,87,A,BRANCH_REQUIRES_PR,3,15834137,v0.2.0
prosemirror-keymap,1.2.3,25,F,UNVERIFIED_PUBLISH_PATH|SINGLE_MAINTAINER,1,15791441,v0.2.0
d3-fetch,3.0.1,33,F,UNVERIFIED_PUBLISH_PATH|DORMANT,2,15779525,v0.2.0
d3-contour,4.0.2,33,F,UNVERIFIED_PUBLISH_PATH|DORMANT,2,15757476,v0.2.0
prosemirror-commands,1.7.1,25,F,UNVERIFIED_PUBLISH_PATH|SINGLE_MAINTAINER,1,15737107,v0.2.0
orderedmap,2.1.1,19,F,UNVERIFIED_PUBLISH_PATH|DORMANT|SINGLE_MAINTAINER,1,15721822,v0.2.0
prosemirror-history,1.5.0,25,F,UNVERIFIED_PUBLISH_PATH|SINGLE_MAINTAINER,1,15705517,v0.2.0
'@types/validator,13.15.10,33,F,UNVERIFIED_PUBLISH_PATH|SINGLE_MAINTAINER,1,15698752,v0.2.0
html2canvas,1.4.1,14,F,UNVERIFIED_PUBLISH_PATH|DORMANT|SINGLE_MAINTAINER,1,15628862,v0.2.0
'@firebase/logger,0.5.1,46,D,UNVERIFIED_PUBLISH_PATH,4,15573491,v0.2.0
valibot,1.4.2,79,B,SINGLE_MAINTAINER,1,15490561,v0.2.0
'@azure/core-client,1.11.0,47,D,UNVERIFIED_PUBLISH_PATH,3,15479975,v0.2.0
'@tiptap/core,3.29.0,95,A,,6,15426980,v0.2.0
bson,7.3.1,94,A,,2,15404798,v0.2.0
rope-sequence,1.3.4,19,F,UNVERIFIED_PUBLISH_PATH|DORMANT|SINGLE_MAINTAINER,1,15379885,v0.2.0
'@tiptap/pm,3.29.0,95,A,,6,15331890,v0.2.0
npm,12.0.1,52,C,UNVERIFIED_PUBLISH_PATH,3,15294165,v0.2.0
'@mui/utils,9.2.0,88,A,,10,15292705,v0.2.0
'@typespec/ts-http-runtime,0.3.7,47,D,UNVERIFIED_PUBLISH_PATH,2,15269511,v0.2.0
des.js,1.1.0,19,F,UNVERIFIED_PUBLISH_PATH|DORMANT|SINGLE_MAINTAINER,1,15097489,v0.2.0
nitro,3.0.260610-beta,80,B,SINGLE_MAINTAINER,1,15071177,v0.2.0
prosemirror-schema-list,1.5.1,25,F,UNVERIFIED_PUBLISH_PATH|SINGLE_MAINTAINER,1,15029657,v0.2.0
'@prisma/client,7.9.0,89,A,,4,15027298,v0.2.0
prosemirror-gapcursor,1.4.1,25,F,UNVERIFIED_PUBLISH_PATH|SINGLE_MAINTAINER,1,14957823,v0.2.0
'@aws-sdk/checksums,3.1000.20,41,D,UNVERIFIED_PUBLISH_PATH,2,14933962,v0.2.0
'@google-cloud/storage,7.21.0,38,D,UNVERIFIED_PUBLISH_PATH|SINGLE_MAINTAINER,1,14932535,v0.2.0
ripemd160,2.0.3,39,D,UNVERIFIED_PUBLISH_PATH,7,14909827,v0.2.0
linkifyjs,4.3.3,79,B,SINGLE_MAINTAINER,1,14714053,v0.2.0
elliptic,6.6.1,19,F,UNVERIFIED_PUBLISH_PATH|DORMANT|SINGLE_MAINTAINER,1,14713832,v0.2.0
slugify,1.6.9,39,D,UNVERIFIED_PUBLISH_PATH,3,14598073,v0.2.0
'@aws-sdk/credential-provider-cognito-identity,3.972.60,41,D,UNVERIFIED_PUBLISH_PATH,2,14449606,v0.2.0
vue,3.5.40,78,B,INCONSISTENT_PUBLISH_PATH,2,14402557,v0.2.0
oniguruma-to-es,4.3.6,20,F,UNVERIFIED_PUBLISH_PATH|SINGLE_MAINTAINER,1,14391061,v0.2.0
'@firebase/database-types,1.0.20,46,D,UNVERIFIED_PUBLISH_PATH,4,14361562,v0.2.0
resize-observer-polyfill,1.5.1,19,F,UNVERIFIED_PUBLISH_PATH|DORMANT|SINGLE_MAINTAINER,1,14349576,v0.2.0
ramda,0.32.0,45,D,UNVERIFIED_PUBLISH_PATH,8,14232838,v0.2.0
googleapis-common,8.0.3,38,D,UNVERIFIED_PUBLISH_PATH|SINGLE_MAINTAINER,1,14231537,v0.2.0
klona,2.0.6,19,F,UNVERIFIED_PUBLISH_PATH|DORMANT|SINGLE_MAINTAINER,1,14213173,v0.2.0
react-i18next,17.0.11,39,D,UNVERIFIED_PUBLISH_PATH,2,14202334,v0.2.0
regex,6.1.0,20,F,UNVERIFIED_PUBLISH_PATH|SINGLE_MAINTAINER,1,14196071,v0.2.0
papaparse,5.5.4,39,D,UNVERIFIED_PUBLISH_PATH,2,14168122,v0.2.0
mocha,11.7.6,77,B,INCONSISTENT_PUBLISH_PATH,2,14079188,v0.2.0
'@firebase/database,1.1.3,46,D,UNVERIFIED_PUBLISH_PATH,4,14051980,v0.2.0
regex-recursion,6.0.2,20,F,UNVERIFIED_PUBLISH_PATH|SINGLE_MAINTAINER,1,13983820,v0.2.0
brorand,1.1.0,19,F,UNVERIFIED_PUBLISH_PATH|DORMANT|SINGLE_MAINTAINER,1,13983112,v0.2.0
'@firebase/app-types,0.9.5,46,D,UNVERIFIED_PUBLISH_PATH,4,13951416,v0.2.0
rettime,0.11.11,68,C,SINGLE_MAINTAINER,1,13932318,v0.2.0
create-hash,1.2.0,33,F,UNVERIFIED_PUBLISH_PATH|DORMANT,5,13918203,v0.2.0
'@types/luxon,3.7.2,33,F,UNVERIFIED_PUBLISH_PATH|SINGLE_MAINTAINER,1,13794020,v0.2.0
'@firebase/database-compat,2.1.4,46,D,UNVERIFIED_PUBLISH_PATH,4,13789251,v0.2.0
'@supabase/phoenix,0.4.5,69,C,INCONSISTENT_PUBLISH_PATH|BRANCH_REQUIRES_PR,0,13764863,v0.2.0
chart.js,4.5.1,39,D,UNVERIFIED_PUBLISH_PATH,5,13699841,v0.2.0
regex-utilities,2.3.0,19,F,UNVERIFIED_PUBLISH_PATH|DORMANT|SINGLE_MAINTAINER,1,13652529,v0.2.0
mysql2,3.23.1,79,B,SINGLE_MAINTAINER,1,13623893,v0.2.0
'@firebase/auth-interop-types,0.2.5,46,D,UNVERIFIED_PUBLISH_PATH,4,13596976,v0.2.0
'@azure/identity,4.13.1,47,D,UNVERIFIED_PUBLISH_PATH,3,13507881,v0.2.0
socket.io-client,4.8.3,83,B,,2,13500368,v0.2.0
'@nestjs/common,11.1.28,31,F,UNVERIFIED_PUBLISH_PATH|SINGLE_MAINTAINER,1,13435888,v0.2.0
es5-ext,0.10.64,19,F,UNVERIFIED_PUBLISH_PATH|DORMANT|SINGLE_MAINTAINER,1,13428786,v0.2.0
'@vue/reactivity,3.5.40,74,B,SINGLE_MAINTAINER,1,13419376,v0.2.0
tinycolor2,1.6.0,19,F,UNVERIFIED_PUBLISH_PATH|DORMANT|SINGLE_MAINTAINER,1,13343988,v0.2.0
prosemirror-inputrules,1.5.1,25,F,UNVERIFIED_PUBLISH_PATH|SINGLE_MAINTAINER,1,13289588,v0.2.0
brotli,1.3.3,19,F,UNVERIFIED_PUBLISH_PATH|DORMANT|SINGLE_MAINTAINER,1,13241703,v0.2.0
github-slugger,2.0.0,33,F,UNVERIFIED_PUBLISH_PATH|DORMANT,5,13234969,v0.2.0
'@aws-sdk/client-cognito-identity,3.1095.0,41,D,UNVERIFIED_PUBLISH_PATH,2,13200644,v0.2.0
'@emotion/styled,11.14.1,40,D,UNVERIFIED_PUBLISH_PATH|PUBLISHER_NOT_MAINTAINER,2,13196879,v0.2.0
'@braintree/sanitize-url,7.1.2,38,D,UNVERIFIED_PUBLISH_PATH|SINGLE_MAINTAINER,1,13193061,v0.2.0
jspdf,4.2.1,31,F,UNVERIFIED_PUBLISH_PATH|SINGLE_MAINTAINER,1,13165015,v0.2.0
three,0.185.1,45,D,UNVERIFIED_PUBLISH_PATH,2,13074657,v0.2.0
compute-scroll-into-view,3.1.1,19,F,UNVERIFIED_PUBLISH_PATH|DORMANT|SINGLE_MAINTAINER,1,12995595,v0.2.0
'@react-types/shared,3.36.0,39,D,UNVERIFIED_PUBLISH_PATH,2,12982685,v0.2.0
cipher-base,1.0.7,39,D,UNVERIFIED_PUBLISH_PATH,3,12922496,v0.2.0
'@nestjs/core,11.1.28,31,F,UNVERIFIED_PUBLISH_PATH|SINGLE_MAINTAINER,1,12909630,v0.2.0
'@internationalized/date,3.12.2,39,D,UNVERIFIED_PUBLISH_PATH,2,12847466,v0.2.0
'@azure/core-lro,3.4.0,47,D,UNVERIFIED_PUBLISH_PATH,3,12843016,v0.2.0
'@firebase/app-check-interop-types,0.3.4,46,D,UNVERIFIED_PUBLISH_PATH,4,12837831,v0.2.0
pbkdf2,3.1.6,39,D,UNVERIFIED_PUBLISH_PATH,6,12746078,v0.2.0
'@lezer/common,1.5.2,25,F,UNVERIFIED_PUBLISH_PATH|SINGLE_MAINTAINER,1,12725033,v0.2.0
escape-goat,4.0.0,19,F,UNVERIFIED_PUBLISH_PATH|DORMANT|SINGLE_MAINTAINER,1,12713925,v0.2.0
yup,1.7.1,25,F,UNVERIFIED_PUBLISH_PATH|SINGLE_MAINTAINER,1,12607148,v0.2.0
metro,0.87.0,77,B,INCONSISTENT_PUBLISH_PATH,2,12583706,v0.2.0
'@sentry/utils,8.55.2,27,F,UNVERIFIED_PUBLISH_PATH|SINGLE_MAINTAINER,1,12550423,v0.2.0
'@electric-sql/pglite,0.5.4,82,B,,4,12437394,v0.2.0
'@iconify/utils,3.1.4,20,F,UNVERIFIED_PUBLISH_PATH|SINGLE_MAINTAINER,1,12430678,v0.2.0
happy-dom,20.11.1,76,B,INCONSISTENT_PUBLISH_PATH|SINGLE_MAINTAINER,1,12414101,v0.2.0
'@vue/runtime-core,3.5.40,74,B,SINGLE_MAINTAINER,1,12410177,v0.2.0
'@vue/runtime-dom,3.5.40,74,B,SINGLE_MAINTAINER,1,12394435,v0.2.0
bottleneck,2.19.5,19,F,UNVERIFIED_PUBLISH_PATH|DORMANT|SINGLE_MAINTAINER,1,12392865,v0.2.0
toposort,2.0.2,19,F,UNVERIFIED_PUBLISH_PATH|DORMANT|SINGLE_MAINTAINER,1,12367278,v0.2.0
bcryptjs,3.0.3,25,F,UNVERIFIED_PUBLISH_PATH|SINGLE_MAINTAINER,1,12301752,v0.2.0
oniguruma-parser,0.12.2,20,F,UNVERIFIED_PUBLISH_PATH|SINGLE_MAINTAINER,1,12278782,v0.2.0
d3-sankey,0.12.3,33,F,UNVERIFIED_PUBLISH_PATH|DORMANT,2,12262734,v0.2.0
babel-plugin-react-compiler,1.0.0,45,D,UNVERIFIED_PUBLISH_PATH,2,12203567,v0.2.0
fuse.js,7.5.0,25,F,UNVERIFIED_PUBLISH_PATH|SINGLE_MAINTAINER,1,12186062,v0.2.0
create-hmac,1.1.7,33,F,UNVERIFIED_PUBLISH_PATH|DORMANT,5,12145382,v0.2.0
ssf,0.11.2,19,F,UNVERIFIED_PUBLISH_PATH|DORMANT|SINGLE_MAINTAINER,1,12068030,v0.2.0
browserify-aes,1.2.0,33,F,UNVERIFIED_PUBLISH_PATH|DORMANT,5,12064049,v0.2.0
'@vue/devtools-api,8.2.1,82,B,,5,12013608,v0.2.0
stackblur-canvas,3.0.1,34,F,UNVERIFIED_PUBLISH_PATH,2,11982341,v0.2.0
canvg,4.0.3,34,F,UNVERIFIED_PUBLISH_PATH,2,11969577,v0.2.0
parse-asn1,5.1.9,39,D,UNVERIFIED_PUBLISH_PATH,5,11968388,v0.2.0
browserify-sign,4.2.6,39,D,UNVERIFIED_PUBLISH_PATH,5,11967658,v0.2.0
sinon,22.1.0,39,D,UNVERIFIED_PUBLISH_PATH,4,11934209,v0.2.0
'@turf/helpers,7.3.5,87,A,,8,11885288,v0.2.0
quickselect,3.0.0,19,F,UNVERIFIED_PUBLISH_PATH|DORMANT|SINGLE_MAINTAINER,1,11843157,v0.2.0
'@redis/client,6.1.0,45,D,UNVERIFIED_PUBLISH_PATH,2,11831244,v0.2.0
kysely,0.29.4,88,A,,2,11800045,v0.2.0
crypto-browserify,3.12.1,33,F,UNVERIFIED_PUBLISH_PATH|DORMANT,5,11768822,v0.2.0
exceljs,4.4.0,33,F,UNVERIFIED_PUBLISH_PATH|DORMANT,2,11753886,v0.2.0
class-transformer,0.5.1,28,F,UNVERIFIED_PUBLISH_PATH|DORMANT,2,11684268,v0.2.0
cytoscape,3.34.0,77,B,INCONSISTENT_PUBLISH_PATH,4,11682492,v0.2.0
swagger-ui-dist,5.32.11,45,D,UNVERIFIED_PUBLISH_PATH,4,11663678,v0.2.0
browserify-rsa,4.1.1,33,F,UNVERIFIED_PUBLISH_PATH|DORMANT,5,11571938,v0.2.0
xlsx,0.18.5,14,F,UNVERIFIED_PUBLISH_PATH|DORMANT|SINGLE_MAINTAINER|PUBLISHER_NOT_MAINTAINER,1,11559063,v0.2.0
history,5.3.0,19,F,UNVERIFIED_PUBLISH_PATH|DORMANT|SINGLE_MAINTAINER,1,11498602,v0.2.0
'@kurkle/color,0.4.0,25,F,UNVERIFIED_PUBLISH_PATH|SINGLE_MAINTAINER,1,11445916,v0.2.0
copy-to-clipboard,4.0.2,25,F,UNVERIFIED_PUBLISH_PATH|SINGLE_MAINTAINER,1,11431533,v0.2.0
less,4.8.0,77,B,INCONSISTENT_PUBLISH_PATH,5,11328481,v0.2.0
puppeteer,25.3.0,93,A,,2,11321859,v0.2.0
mermaid,11.16.0,82,B,,5,11278446,v0.2.0
styled-components,6.4.4,72,B,INCONSISTENT_PUBLISH_PATH,3,11276793,v0.2.0
quill-delta,5.1.0,33,F,UNVERIFIED_PUBLISH_PATH|DORMANT,2,11203260,v0.2.0
public-encrypt,4.0.3,33,F,UNVERIFIED_PUBLISH_PATH|DORMANT,5,11201778,v0.2.0
'@codemirror/view,6.43.6,21,F,UNVERIFIED_PUBLISH_PATH|SINGLE_MAINTAINER,1,11195571,v0.2.0
diffie-hellman,5.0.3,33,F,UNVERIFIED_PUBLISH_PATH|DORMANT,5,11182378,v0.2.0
'@expo/config-plugins,57.0.6,45,D,UNVERIFIED_PUBLISH_PATH,11,11174236,v0.2.0
browserify-des,1.0.2,33,F,UNVERIFIED_PUBLISH_PATH|DORMANT,3,11152848,v0.2.0
property-expr,2.0.6,19,F,UNVERIFIED_PUBLISH_PATH|DORMANT|SINGLE_MAINTAINER,1,11106767,v0.2.0
'@mui/private-theming,9.2.0,88,A,,10,11088051,v0.2.0
'@opentelemetry/sdk-trace,2.10.0,84,B,INCONSISTENT_PUBLISH_PATH,6,11072249,v0.2.0
toggle-selection,2.1.0,25,F,UNVERIFIED_PUBLISH_PATH|SINGLE_MAINTAINER,1,11050465,v0.2.0
'@mui/system,9.2.0,88,A,,10,11010491,v0.2.0
dagre-d3-es,7.0.14,25,F,UNVERIFIED_PUBLISH_PATH|SINGLE_MAINTAINER,1,10979163,v0.2.0
'@codemirror/state,6.7.1,21,F,UNVERIFIED_PUBLISH_PATH|SINGLE_MAINTAINER,1,10972107,v0.2.0
bun-types,1.3.14,52,C,UNVERIFIED_PUBLISH_PATH,3,10912446,v0.2.0
class-validator,0.15.1,39,D,UNVERIFIED_PUBLISH_PATH,2,10792847,v0.2.0
isomorphic-fetch,3.0.0,33,F,UNVERIFIED_PUBLISH_PATH|DORMANT,2,10776013,v0.2.0
'@mui/styled-engine,9.1.1,88,A,,10,10764989,v0.2.0
xml-js,1.6.11,19,F,UNVERIFIED_PUBLISH_PATH|DORMANT|SINGLE_MAINTAINER,1,10718270,v0.2.0
'@lezer/highlight,1.2.3,25,F,UNVERIFIED_PUBLISH_PATH|SINGLE_MAINTAINER,1,10696181,v0.2.0
'@codemirror/language,6.12.4,21,F,UNVERIFIED_PUBLISH_PATH|SINGLE_MAINTAINER,1,10693190,v0.2.0
roughjs,4.6.6,19,F,UNVERIFIED_PUBLISH_PATH|DORMANT|SINGLE_MAINTAINER,1,10684480,v0.2.0
parchment,3.0.0,33,F,UNVERIFIED_PUBLISH_PATH|DORMANT,2,10682013,v0.2.0
khroma,2.1.0,19,F,UNVERIFIED_PUBLISH_PATH|DORMANT|SINGLE_MAINTAINER,1,10671309,v0.2.0
date-fns-tz,3.2.0,19,F,UNVERIFIED_PUBLISH_PATH|DORMANT|SINGLE_MAINTAINER,1,10588413,v0.2.0
earcut,3.2.3,46,D,UNVERIFIED_PUBLISH_PATH|BRANCH_REQUIRES_PR,29,10527768,v0.2.0
cytoscape-fcose,2.2.0,19,F,UNVERIFIED_PUBLISH_PATH|DORMANT|SINGLE_MAINTAINER,1,10490989,v0.2.0
birpc,4.0.0,72,B,,2,10481852,v0.2.0
react-native,0.86.0,39,D,UNVERIFIED_PUBLISH_PATH|BRANCH_REQUIRES_PR,6,10469905,v0.2.0
kdbush,4.1.0,25,F,UNVERIFIED_PUBLISH_PATH|SINGLE_MAINTAINER,1,10445189,v0.2.0
spark-md5,3.0.2,19,F,UNVERIFIED_PUBLISH_PATH|DORMANT|SINGLE_MAINTAINER,1,10393053,v0.2.0
'@azure/core-http-compat,2.5.0,47,D,UNVERIFIED_PUBLISH_PATH,3,10375617,v0.2.0
'@stripe/stripe-js,9.12.0,34,F,UNVERIFIED_PUBLISH_PATH,10,10329276,v0.2.0
sanitize-html,2.17.6,34,F,UNVERIFIED_PUBLISH_PATH,4,10317321,v0.2.0
posthog-js,1.407.2,89,A,BRANCH_REQUIRES_SIGNATURES|BRANCH_REQUIRES_PR,22,10277292,v0.2.0
collapse-white-space,2.1.0,19,F,UNVERIFIED_PUBLISH_PATH|DORMANT|SINGLE_MAINTAINER,1,10254198,v0.2.0
'@pdf-lib/upng,1.0.1,14,F,UNVERIFIED_PUBLISH_PATH|DORMANT|SINGLE_MAINTAINER,1,10241708,v0.2.0
'@pdf-lib/standard-fonts,1.0.0,14,F,UNVERIFIED_PUBLISH_PATH|DORMANT|SINGLE_MAINTAINER,1,10239093,v0.2.0
'@expo/config,57.0.6,45,D,UNVERIFIED_PUBLISH_PATH,11,10228123,v0.2.0
quill,2.0.3,33,F,UNVERIFIED_PUBLISH_PATH|DORMANT,2,10223794,v0.2.0
'@mui/material,9.2.0,88,A,BRANCH_REQUIRES_PR,10,10192060,v0.2.0
throttle-debounce,5.0.2,19,F,UNVERIFIED_PUBLISH_PATH|DORMANT|SINGLE_MAINTAINER,1,10164882,v0.2.0
tinyqueue,3.0.0,19,F,UNVERIFIED_PUBLISH_PATH|DORMANT|SINGLE_MAINTAINER,1,10147090,v0.2.0
'@react-native/virtualized-lists,0.86.1,39,D,UNVERIFIED_PUBLISH_PATH,2,10038932,v0.2.0
jmespath,0.16.0,19,F,UNVERIFIED_PUBLISH_PATH|DORMANT|SINGLE_MAINTAINER,1,10006405,v0.2.0
'@redis/json,6.1.0,45,D,UNVERIFIED_PUBLISH_PATH,2,9970959,v0.2.0
'@redis/search,6.1.0,45,D,UNVERIFIED_PUBLISH_PATH,2,9958132,v0.2.0
'@redis/time-series,6.1.0,45,D,UNVERIFIED_PUBLISH_PATH,2,9954624,v0.2.0
webdriver-bidi-protocol,0.4.2,39,D,UNVERIFIED_PUBLISH_PATH,2,9919040,v0.2.0
'@redis/bloom,6.1.0,45,D,UNVERIFIED_PUBLISH_PATH,2,9902782,v0.2.0
pdf-lib,1.17.1,14,F,UNVERIFIED_PUBLISH_PATH|DORMANT|SINGLE_MAINTAINER,1,9837788,v0.2.0
pupa,3.3.0,25,F,UNVERIFIED_PUBLISH_PATH|SINGLE_MAINTAINER,1,9837134,v0.2.0
'@aws-sdk/client-lambda,3.1095.0,41,D,UNVERIFIED_PUBLISH_PATH,2,9769616,v0.2.0
refractor,5.0.0,25,F,UNVERIFIED_PUBLISH_PATH|SINGLE_MAINTAINER,1,9752588,v0.2.0
utility-types,3.11.0,25,F,UNVERIFIED_PUBLISH_PATH|DORMANT|SINGLE_MAINTAINER,1,9750249,v0.2.0
'@vueuse/shared,14.3.0,68,C,SINGLE_MAINTAINER,1,9629882,v0.2.0
js-beautify,2.0.3,87,A,,2,9598968,v0.2.0
'@sentry/conventions,0.17.0,27,F,UNVERIFIED_PUBLISH_PATH|SINGLE_MAINTAINER,1,9555400,v0.2.0
babel-runtime,6.26.0,34,F,UNVERIFIED_PUBLISH_PATH|DORMANT,3,9529993,v0.2.0
'@xyflow/system,0.0.79,78,B,INCONSISTENT_PUBLISH_PATH,2,9476428,v0.2.0
codemirror,6.0.2,25,F,UNVERIFIED_PUBLISH_PATH|SINGLE_MAINTAINER,1,9456173,v0.2.0
'@aws-sdk/client-dynamodb,3.1095.0,41,D,UNVERIFIED_PUBLISH_PATH,2,9452692,v0.2.0
'@vueuse/core,14.3.0,68,C,SINGLE_MAINTAINER,1,9445054,v0.2.0
googleapis,173.0.0,33,F,UNVERIFIED_PUBLISH_PATH|SINGLE_MAINTAINER|BRANCH_REQUIRES_PR,1,9416776,v0.2.0
'@vue/language-core,3.3.8,77,B,INCONSISTENT_PUBLISH_PATH,2,9393994,v0.2.0
'@firebase/auth,1.13.3,46,D,UNVERIFIED_PUBLISH_PATH,4,9386951,v0.2.0
yarn,1.22.22,25,F,UNVERIFIED_PUBLISH_PATH|DORMANT|SINGLE_MAINTAINER,1,9359476,v0.2.0
ulid,3.0.2,39,D,UNVERIFIED_PUBLISH_PATH,2,9337668,v0.2.0
'@types/nodemailer,8.0.1,33,F,UNVERIFIED_PUBLISH_PATH|SINGLE_MAINTAINER,1,9279243,v0.2.0
aws-sdk,2.1693.0,46,D,UNVERIFIED_PUBLISH_PATH|DEPRECATED,2,9241910,v0.2.0
'@sentry/replay,10.68.0,27,F,UNVERIFIED_PUBLISH_PATH|SINGLE_MAINTAINER|BRANCH_REQUIRES_PR,1,9223468,v0.2.0
'@scure/base,2.2.0,79,B,SINGLE_MAINTAINER,1,9149993,v0.2.0
'@xyflow/react,12.11.2,78,B,INCONSISTENT_PUBLISH_PATH,2,9120694,v0.2.0
graphql-request,7.4.0,39,D,UNVERIFIED_PUBLISH_PATH,5,9079871,v0.2.0
ts-toolbelt,9.6.0,32,F,UNVERIFIED_PUBLISH_PATH|DORMANT|SINGLE_MAINTAINER,1,9040069,v0.2.0
zen-observable,0.10.0,19,F,UNVERIFIED_PUBLISH_PATH|DORMANT|SINGLE_MAINTAINER,1,9017479,v0.2.0
workbox-core,7.4.1,39,D,UNVERIFIED_PUBLISH_PATH,9,8999697,v0.2.0
unfetch,5.0.0,19,F,UNVERIFIED_PUBLISH_PATH|DORMANT|SINGLE_MAINTAINER,1,8930558,v0.2.0
'@azure/storage-blob,12.33.0,47,D,UNVERIFIED_PUBLISH_PATH,6,8924688,v0.2.0
supercluster,8.0.1,40,D,UNVERIFIED_PUBLISH_PATH|DORMANT,29,8882391,v0.2.0
remeda,2.39.0,100,A,,3,8879519,v0.2.0
chevrotain,13.0.0,73,B,SINGLE_MAINTAINER,1,8877364,v0.2.0
'@base-ui/utils,0.3.1,95,A,,8,8835320,v0.2.0
hast-util-sanitize,5.0.2,33,F,UNVERIFIED_PUBLISH_PATH|DORMANT,2,8824608,v0.2.0
scroll-into-view-if-needed,3.1.0,19,F,UNVERIFIED_PUBLISH_PATH|DORMANT|SINGLE_MAINTAINER,1,8768050,v0.2.0
nyc,18.0.0,39,D,UNVERIFIED_PUBLISH_PATH,3,8751806,v0.2.0
'@firebase/app,0.15.1,46,D,UNVERIFIED_PUBLISH_PATH,4,8725795,v0.2.0
canvas-confetti,1.9.4,63,C,SINGLE_MAINTAINER,1,8639760,v0.2.0
firebase,12.16.0,46,D,UNVERIFIED_PUBLISH_PATH,4,8629860,v0.2.0
'@tweenjs/tween.js,25.0.0,33,F,UNVERIFIED_PUBLISH_PATH|DORMANT,4,8596275,v0.2.0
'@vitest/browser,4.1.10,88,A,,5,8562592,v0.2.0
'@firebase/firestore,4.16.0,46,D,UNVERIFIED_PUBLISH_PATH,4,8544927,v0.2.0
'@google-cloud/firestore,8.7.0,33,F,UNVERIFIED_PUBLISH_PATH|SINGLE_MAINTAINER,1,8532476,v0.2.0
'@firebase/remote-config,0.9.0,46,D,UNVERIFIED_PUBLISH_PATH,4,8513308,v0.2.0
'@firebase/installations,0.6.22,46,D,UNVERIFIED_PUBLISH_PATH,4,8485468,v0.2.0
'@firebase/messaging,0.13.0,46,D,UNVERIFIED_PUBLISH_PATH,4,8456202,v0.2.0
'@firebase/functions,0.13.5,46,D,UNVERIFIED_PUBLISH_PATH,4,8455576,v0.2.0
'@firebase/storage,0.14.3,46,D,UNVERIFIED_PUBLISH_PATH,4,8428527,v0.2.0
'@firebase/performance,0.7.12,46,D,UNVERIFIED_PUBLISH_PATH,4,8419357,v0.2.0
'@firebase/analytics,0.10.22,46,D,UNVERIFIED_PUBLISH_PATH,4,8418648,v0.2.0
react-icons,5.7.0,77,B,INCONSISTENT_PUBLISH_PATH,5,8413025,v0.2.0
'@firebase/webchannel-wrapper,1.0.6,46,D,UNVERIFIED_PUBLISH_PATH,4,8401213,v0.2.0
'@firebase/app-compat,0.5.15,46,D,UNVERIFIED_PUBLISH_PATH,4,8388294,v0.2.0
'@firebase/app-check,0.12.0,46,D,UNVERIFIED_PUBLISH_PATH,4,8367617,v0.2.0
workbox-build,7.4.1,39,D,UNVERIFIED_PUBLISH_PATH,10,8350844,v0.2.0
workbox-window,7.4.1,39,D,UNVERIFIED_PUBLISH_PATH,9,8344798,v0.2.0
'@firebase/remote-config-types,0.5.1,46,D,UNVERIFIED_PUBLISH_PATH,4,8336343,v0.2.0
'@firebase/remote-config-compat,0.2.27,46,D,UNVERIFIED_PUBLISH_PATH,4,8300239,v0.2.0
'@firebase/firestore-compat,0.4.11,46,D,UNVERIFIED_PUBLISH_PATH,4,8278027,v0.2.0
'@firebase/auth-compat,0.6.8,46,D,UNVERIFIED_PUBLISH_PATH,4,8274009,v0.2.0
'@types/three,0.185.1,33,F,UNVERIFIED_PUBLISH_PATH|SINGLE_MAINTAINER,1,8270157,v0.2.0
'@firebase/app-check-compat,0.4.5,46,D,UNVERIFIED_PUBLISH_PATH,4,8249316,v0.2.0
'@firebase/firestore-types,3.0.4,46,D,UNVERIFIED_PUBLISH_PATH,4,8245320,v0.2.0
'@firebase/functions-compat,0.4.5,46,D,UNVERIFIED_PUBLISH_PATH,4,8224062,v0.2.0
'@firebase/messaging-compat,0.2.27,46,D,UNVERIFIED_PUBLISH_PATH,4,8218690,v0.2.0
'@firebase/auth-types,0.13.1,46,D,UNVERIFIED_PUBLISH_PATH,4,8206565,v0.2.0
'@firebase/storage-compat,0.4.3,46,D,UNVERIFIED_PUBLISH_PATH,4,8199743,v0.2.0
'@firebase/analytics-compat,0.2.28,46,D,UNVERIFIED_PUBLISH_PATH,4,8198143,v0.2.0
'@firebase/performance-compat,0.2.25,46,D,UNVERIFIED_PUBLISH_PATH,4,8197941,v0.2.0
workbox-sw,7.4.1,39,D,UNVERIFIED_PUBLISH_PATH,9,8177934,v0.2.0
'@firebase/storage-types,0.8.4,46,D,UNVERIFIED_PUBLISH_PATH,4,8175663,v0.2.0
'@firebase/functions-types,0.6.4,46,D,UNVERIFIED_PUBLISH_PATH,4,8171426,v0.2.0
localforage,1.10.0,19,F,UNVERIFIED_PUBLISH_PATH|DORMANT|SINGLE_MAINTAINER,1,8171234,v0.2.0
'@firebase/performance-types,0.2.4,46,D,UNVERIFIED_PUBLISH_PATH,4,8165733,v0.2.0
'@firebase/analytics-types,0.8.4,46,D,UNVERIFIED_PUBLISH_PATH,4,8161440,v0.2.0
'@firebase/installations-compat,0.2.22,46,D,UNVERIFIED_PUBLISH_PATH,4,8151069,v0.2.0
vue-demi,0.14.10,33,F,UNVERIFIED_PUBLISH_PATH|DORMANT,2,8144791,v0.2.0
'@algolia/client-common,5.56.0,77,B,INCONSISTENT_PUBLISH_PATH,7,8143339,v0.2.0
'@firebase/installations-types,0.5.4,46,D,UNVERIFIED_PUBLISH_PATH,4,8127568,v0.2.0
peek-readable,7.0.0,25,F,UNVERIFIED_PUBLISH_PATH|SINGLE_MAINTAINER,1,8118732,v0.2.0
'@vitejs/plugin-vue,6.0.8,82,B,,2,8117890,v0.2.0
'@scure/bip39,2.2.0,79,B,SINGLE_MAINTAINER,1,8076630,v0.2.0
rehype-sanitize,6.0.0,33,F,UNVERIFIED_PUBLISH_PATH|DORMANT,3,8054402,v0.2.0
'@firebase/app-check-types,0.5.4,46,D,UNVERIFIED_PUBLISH_PATH,4,8047579,v0.2.0
'@base-ui/react,1.6.0,95,A,,8,8026810,v0.2.0
seedrandom,3.0.5,19,F,UNVERIFIED_PUBLISH_PATH|DORMANT|SINGLE_MAINTAINER,1,8015795,v0.2.0
'@firebase/messaging-interop-types,0.2.5,46,D,UNVERIFIED_PUBLISH_PATH,4,8011747,v0.2.0
'@types/sinon,22.0.0,33,F,UNVERIFIED_PUBLISH_PATH|SINGLE_MAINTAINER,1,7976477,v0.2.0
gl-matrix,3.4.4,39,D,UNVERIFIED_PUBLISH_PATH,3,7975613,v0.2.0
just-extend,6.2.0,25,F,UNVERIFIED_PUBLISH_PATH|DORMANT|SINGLE_MAINTAINER,1,7974842,v0.2.0
'@algolia/requester-browser-xhr,5.56.0,77,B,INCONSISTENT_PUBLISH_PATH,7,7973353,v0.2.0
firebase-admin,14.2.0,34,F,UNVERIFIED_PUBLISH_PATH,4,7943634,v0.2.0
monaco-editor,0.56.0,40,D,UNVERIFIED_PUBLISH_PATH|BRANCH_REQUIRES_PR,7,7894882,v0.2.0
'@rspack/core,2.1.5,95,A,,2,7831343,v0.2.0
canvas,3.2.3,39,D,UNVERIFIED_PUBLISH_PATH,8,7826391,v0.2.0
'@algolia/client-search,5.56.0,77,B,INCONSISTENT_PUBLISH_PATH,7,7819890,v0.2.0
'@sentry/server-utils,10.68.0,27,F,UNVERIFIED_PUBLISH_PATH|SINGLE_MAINTAINER,1,7803183,v0.2.0
prosemirror-menu,1.3.2,21,F,UNVERIFIED_PUBLISH_PATH|SINGLE_MAINTAINER,1,7796742,v0.2.0
meshoptimizer,1.2.0,20,F,UNVERIFIED_PUBLISH_PATH|SINGLE_MAINTAINER,1,7783067,v0.2.0
'@turf/invariant,7.3.5,87,A,,8,7761828,v0.2.0
fuzzysort,3.1.0,19,F,UNVERIFIED_PUBLISH_PATH|DORMANT|SINGLE_MAINTAINER,1,7670564,v0.2.0
flatbuffers,25.9.23,52,C,UNVERIFIED_PUBLISH_PATH,2,7663744,v0.2.0
'@turf/meta,7.3.5,87,A,,8,7646400,v0.2.0
css-has-pseudo,8.0.1,45,D,UNVERIFIED_PUBLISH_PATH,3,7611561,v0.2.0
react-aria,3.50.0,39,D,UNVERIFIED_PUBLISH_PATH,2,7580337,v0.2.0
vue-router,5.2.0,88,A,,2,7569853,v0.2.0
algoliasearch,5.56.0,77,B,INCONSISTENT_PUBLISH_PATH,19,7525781,v0.2.0
bullmq,5.81.2,73,B,SINGLE_MAINTAINER,1,7524301,v0.2.0
expo-constants,57.0.7,45,D,UNVERIFIED_PUBLISH_PATH,16,7509542,v0.2.0
idb-keyval,6.3.0,25,F,UNVERIFIED_PUBLISH_PATH|SINGLE_MAINTAINER,1,7497796,v0.2.0
'@firebase/data-connect,0.7.1,46,D,UNVERIFIED_PUBLISH_PATH,4,7493791,v0.2.0
react-stately,3.48.0,39,D,UNVERIFIED_PUBLISH_PATH,2,7463411,v0.2.0
tiny-emitter,2.1.0,19,F,UNVERIFIED_PUBLISH_PATH|DORMANT|SINGLE_MAINTAINER,1,7461684,v0.2.0
ox,1.0.5,30,F,UNVERIFIED_PUBLISH_PATH,2,7448830,v0.2.0
'@expo/metro-config,57.0.7,45,D,UNVERIFIED_PUBLISH_PATH,11,7425743,v0.2.0
react-syntax-highlighter,16.1.1,39,D,UNVERIFIED_PUBLISH_PATH,3,7424651,v0.2.0
'@algolia/client-analytics,5.56.0,77,B,INCONSISTENT_PUBLISH_PATH,12,7390713,v0.2.0
'@azure-rest/core-client,2.8.0,47,D,UNVERIFIED_PUBLISH_PATH,2,7371421,v0.2.0
'@types/lodash-es,4.17.12,27,F,UNVERIFIED_PUBLISH_PATH|DORMANT|SINGLE_MAINTAINER,1,7371377,v0.2.0
hls.js,1.6.16,93,A,,4,7344086,v0.2.0
babel-preset-expo,57.0.4,45,D,UNVERIFIED_PUBLISH_PATH,11,7334243,v0.2.0
tiny-case,1.0.3,19,F,UNVERIFIED_PUBLISH_PATH|DORMANT|SINGLE_MAINTAINER,1,7329427,v0.2.0
'@mui/icons-material,9.2.0,88,A,BRANCH_REQUIRES_PR,10,7321317,v0.2.0
file-saver,2.0.5,33,F,UNVERIFIED_PUBLISH_PATH|DORMANT,2,7304088,v0.2.0
react-native-safe-area-context,5.8.0,39,D,UNVERIFIED_PUBLISH_PATH,2,7301426,v0.2.0
'@algolia/client-personalization,5.56.0,77,B,INCONSISTENT_PUBLISH_PATH,19,7258883,v0.2.0
react-quill,2.0.0,28,F,UNVERIFIED_PUBLISH_PATH|DORMANT,2,7243262,v0.2.0
'@vue/devtools-kit,8.2.1,68,C,SINGLE_MAINTAINER,1,7237834,v0.2.0
emojilib,4.0.3,39,D,UNVERIFIED_PUBLISH_PATH,2,7232649,v0.2.0
expo-modules-autolinking,57.0.9,45,D,UNVERIFIED_PUBLISH_PATH,11,7222657,v0.2.0
lib0,0.2.117,31,F,UNVERIFIED_PUBLISH_PATH|SINGLE_MAINTAINER,1,7186508,v0.2.0
qrcode.react,4.2.0,19,F,UNVERIFIED_PUBLISH_PATH|DORMANT|SINGLE_MAINTAINER,1,7183583,v0.2.0
'@vue/devtools-shared,8.2.1,68,C,SINGLE_MAINTAINER,1,7167411,v0.2.0
turndown,7.2.4,45,D,UNVERIFIED_PUBLISH_PATH,2,7163135,v0.2.0
babel-core,6.26.3,34,F,UNVERIFIED_PUBLISH_PATH|DORMANT,3,7162623,v0.2.0
'@types/mocha,10.0.10,27,F,UNVERIFIED_PUBLISH_PATH|DORMANT|SINGLE_MAINTAINER,1,7129159,v0.2.0
'@datadog/browser-core,7.6.1,32,F,UNVERIFIED_PUBLISH_PATH|SINGLE_MAINTAINER|BRANCH_REQUIRES_SIGNATURES,1,7116647,v0.2.0
skin-tone,4.0.0,19,F,UNVERIFIED_PUBLISH_PATH|DORMANT|SINGLE_MAINTAINER,1,7063577,v0.2.0
'@sentry-internal/tracing,7.114.0,21,F,UNVERIFIED_PUBLISH_PATH|DORMANT|SINGLE_MAINTAINER,1,7063557,v0.2.0
expo,57.0.8,45,D,UNVERIFIED_PUBLISH_PATH,11,7059203,v0.2.0
expo-modules-core,57.0.7,45,D,UNVERIFIED_PUBLISH_PATH,11,7048281,v0.2.0
unicode-emoji-modifier-base,1.0.0,19,F,UNVERIFIED_PUBLISH_PATH|DORMANT|SINGLE_MAINTAINER,1,7042075,v0.2.0
lottie-web,5.13.0,39,D,UNVERIFIED_PUBLISH_PATH,4,7036150,v0.2.0
global,4.4.0,33,F,UNVERIFIED_PUBLISH_PATH|DORMANT,3,7010308,v0.2.0
'@sentry/browser-utils,10.68.0,27,F,UNVERIFIED_PUBLISH_PATH|SINGLE_MAINTAINER|BRANCH_REQUIRES_PR,1,7002474,v0.2.0
'@sentry/feedback,10.68.0,27,F,UNVERIFIED_PUBLISH_PATH|SINGLE_MAINTAINER|BRANCH_REQUIRES_PR,1,6992595,v0.2.0
'@sentry/replay-canvas,10.68.0,27,F,UNVERIFIED_PUBLISH_PATH|SINGLE_MAINTAINER|BRANCH_REQUIRES_PR,1,6991561,v0.2.0
lunr,2.3.9,19,F,UNVERIFIED_PUBLISH_PATH|DORMANT|SINGLE_MAINTAINER,1,6986215,v0.2.0
yjs,13.6.31,31,F,UNVERIFIED_PUBLISH_PATH|SINGLE_MAINTAINER,1,6975067,v0.2.0
'@algolia/recommend,5.56.0,77,B,INCONSISTENT_PUBLISH_PATH,9,6952390,v0.2.0
lit,3.3.3,100,A,,8,6943342,v0.2.0
tarn,3.1.2,39,D,UNVERIFIED_PUBLISH_PATH,4,6928060,v0.2.0
ky,2.0.2,25,F,UNVERIFIED_PUBLISH_PATH|SINGLE_MAINTAINER,1,6916087,v0.2.0
'@expo/fingerprint,0.20.6,45,D,UNVERIFIED_PUBLISH_PATH,11,6901593,v0.2.0
expo-asset,57.0.7,45,D,UNVERIFIED_PUBLISH_PATH,16,6897681,v0.2.0
'@apollo/client,4.2.8,94,A,,4,6892594,v0.2.0
'@juggle/resize-observer,3.4.0,19,F,UNVERIFIED_PUBLISH_PATH|DORMANT|SINGLE_MAINTAINER,1,6889768,v0.2.0
react-draggable,4.7.0,39,D,UNVERIFIED_PUBLISH_PATH,2,6873246,v0.2.0
lit-html,3.3.3,100,A,,13,6817013,v0.2.0
grapheme-splitter,1.0.4,19,F,UNVERIFIED_PUBLISH_PATH|DORMANT|SINGLE_MAINTAINER,1,6760505,v0.2.0
esm-env,1.2.2,46,D,DORMANT|SINGLE_MAINTAINER,1,6758429,v0.2.0
pdf-parse,2.4.5,57,C,SINGLE_MAINTAINER|BRANCH_REQUIRES_PR,1,6668013,v0.2.0
'@opentelemetry/sdk-trace-web,2.10.0,94,A,,6,6652858,v0.2.0
lit-element,4.2.2,90,A,,13,6649091,v0.2.0
stacktrace-js,2.0.2,33,F,UNVERIFIED_PUBLISH_PATH|DORMANT,4,6612053,v0.2.0
'@schematics/angular,22.0.8,45,D,UNVERIFIED_PUBLISH_PATH,2,6499108,v0.2.0
react-native-screens,4.26.2,72,B,INCONSISTENT_PUBLISH_PATH,2,6458604,v0.2.0
fontfaceobserver,2.3.0,19,F,UNVERIFIED_PUBLISH_PATH|DORMANT|SINGLE_MAINTAINER,1,6434168,v0.2.0
mongoose,9.8.0,83,B,INCONSISTENT_PUBLISH_PATH,3,6431301,v0.2.0
bootstrap,5.3.8,52,C,UNVERIFIED_PUBLISH_PATH,3,6423174,v0.2.0
urijs,1.19.11,25,F,UNVERIFIED_PUBLISH_PATH|DORMANT|SINGLE_MAINTAINER,1,6394667,v0.2.0
'@lit/reactive-element,2.1.2,90,A,,8,6349993,v0.2.0
'@preact/signals-core,1.14.4,89,A,,6,6320224,v0.2.0
mammoth,1.12.0,25,F,UNVERIFIED_PUBLISH_PATH|SINGLE_MAINTAINER,1,6315225,v0.2.0
'@firebase/ai,2.13.1,46,D,UNVERIFIED_PUBLISH_PATH,4,6246917,v0.2.0
tippy.js,6.3.7,19,F,UNVERIFIED_PUBLISH_PATH|DORMANT|SINGLE_MAINTAINER,1,6232120,v0.2.0
abitype,1.3.0,82,B,,2,6219737,v0.2.0
'@react-spring/shared,10.1.2,68,C,SINGLE_MAINTAINER,1,6219216,v0.2.0
'@dimforge/rapier3d-compat,0.19.3,25,F,UNVERIFIED_PUBLISH_PATH|SINGLE_MAINTAINER,1,6214735,v0.2.0
rc-util,5.44.4,39,D,UNVERIFIED_PUBLISH_PATH,9,6200893,v0.2.0
fast-text-encoding,1.0.6,19,F,UNVERIFIED_PUBLISH_PATH|DORMANT|SINGLE_MAINTAINER,1,6181814,v0.2.0
leaflet,1.9.4,39,D,UNVERIFIED_PUBLISH_PATH|DORMANT,6,6121702,v0.2.0
'@datadog/browser-rum-core,7.6.1,32,F,UNVERIFIED_PUBLISH_PATH|SINGLE_MAINTAINER|BRANCH_REQUIRES_SIGNATURES,1,6111314,v0.2.0
rsvp,4.8.5,33,F,UNVERIFIED_PUBLISH_PATH|DORMANT,6,6104937,v0.2.0
'@datadog/browser-rum,7.6.1,32,F,UNVERIFIED_PUBLISH_PATH|SINGLE_MAINTAINER,1,6098101,v0.2.0
platform,1.3.6,28,F,UNVERIFIED_PUBLISH_PATH|DORMANT|PUBLISHER_NOT_MAINTAINER,3,6096836,v0.2.0
zone.js,0.16.2,45,D,UNVERIFIED_PUBLISH_PATH,2,6078198,v0.2.0
'@angular/core,22.0.8,45,D,UNVERIFIED_PUBLISH_PATH,2,6008754,v0.2.0
'@algolia/client-abtesting,5.56.0,87,A,,22,6007955,v0.2.0
javascript-natural-sort,0.7.1,28,F,UNVERIFIED_PUBLISH_PATH|DORMANT,2,6007105,v0.2.0
'@algolia/client-insights,5.56.0,87,A,,7,5995138,v0.2.0
'@expo/metro,55.1.1,39,D,UNVERIFIED_PUBLISH_PATH,11,5984727,v0.2.0
'@algolia/client-query-suggestions,5.56.0,87,A,,17,5949248,v0.2.0
'@react-navigation/native,7.3.14,39,D,UNVERIFIED_PUBLISH_PATH,6,5943188,v0.2.0
langsmith,0.8.7,77,B,INCONSISTENT_PUBLISH_PATH,5,5940542,v0.2.0
react-native-reanimated,4.5.3,79,B,INCONSISTENT_PUBLISH_PATH,3,5913270,v0.2.0
js-md5,0.9.2,73,B,SINGLE_MAINTAINER,1,5911780,v0.2.0
'@algolia/ingestion,1.56.0,87,A,,17,5905746,v0.2.0
'@algolia/monitoring,1.56.0,87,A,,17,5905136,v0.2.0
'@mistralai/mistralai,2.5.0,63,C,INCONSISTENT_PUBLISH_PATH|SINGLE_MAINTAINER,1,5868067,v0.2.0
'@use-gesture/core,10.3.1,14,F,UNVERIFIED_PUBLISH_PATH|DORMANT|SINGLE_MAINTAINER,1,5862973,v0.2.0
i18next-browser-languagedetector,8.2.1,39,D,UNVERIFIED_PUBLISH_PATH,2,5862492,v0.2.0
'@expo/devtools,57.0.1,45,D,UNVERIFIED_PUBLISH_PATH,11,5845070,v0.2.0
'@use-gesture/react,10.3.1,14,F,UNVERIFIED_PUBLISH_PATH|DORMANT|SINGLE_MAINTAINER,1,5835203,v0.2.0
'@azure/storage-common,12.4.1,47,D,UNVERIFIED_PUBLISH_PATH,3,5822905,v0.2.0
react-popper,2.3.0,28,F,UNVERIFIED_PUBLISH_PATH|DORMANT,2,5786094,v0.2.0
react-native-gesture-handler,3.1.0,82,B,,2,5777722,v0.2.0
react-pdf,10.4.1,73,B,SINGLE_MAINTAINER,1,5746664,v0.2.0
'@angular/compiler,22.0.8,45,D,UNVERIFIED_PUBLISH_PATH,2,5744816,v0.2.0
'@egjs/hammerjs,2.0.17,33,F,UNVERIFIED_PUBLISH_PATH|DORMANT,12,5730892,v0.2.0
docx,9.7.1,69,C,INCONSISTENT_PUBLISH_PATH|SINGLE_MAINTAINER,1,5727979,v0.2.0
sass-embedded,1.100.0,73,B,SINGLE_MAINTAINER,1,5704374,v0.2.0
safe-json-stringify,1.2.0,33,F,UNVERIFIED_PUBLISH_PATH|DORMANT,8,5681154,v0.2.0
react-native-svg,15.15.5,72,B,INCONSISTENT_PUBLISH_PATH,2,5671777,v0.2.0
onnxruntime-common,1.27.0,47,D,UNVERIFIED_PUBLISH_PATH,6,5670062,v0.2.0
eta,4.6.0,87,A,,2,5656554,v0.2.0
'@angular/common,22.0.8,45,D,UNVERIFIED_PUBLISH_PATH,2,5647095,v0.2.0
'@expo/vector-icons,15.1.1,87,A,,11,5644745,v0.2.0
popper.js,1.16.1,14,F,UNVERIFIED_PUBLISH_PATH|DORMANT|SINGLE_MAINTAINER|DEPRECATED,1,5643394,v0.2.0
web-tree-sitter,0.26.11,87,A,,8,5618888,v0.2.0
'@react-navigation/elements,2.9.36,39,D,UNVERIFIED_PUBLISH_PATH,6,5593804,v0.2.0
'@sentry/integrations,7.114.0,21,F,UNVERIFIED_PUBLISH_PATH|DORMANT|SINGLE_MAINTAINER,1,5565503,v0.2.0
'@types/jsesc,3.0.3,27,F,UNVERIFIED_PUBLISH_PATH|DORMANT|SINGLE_MAINTAINER,1,5545093,v0.2.0
dnd-core,16.0.1,40,D,UNVERIFIED_PUBLISH_PATH|DORMANT,5,5536743,v0.2.0
xss,1.0.15,25,F,UNVERIFIED_PUBLISH_PATH|DORMANT|SINGLE_MAINTAINER,1,5521103,v0.2.0
jotai,2.20.2,82,B,,2,5480715,v0.2.0
react-error-overlay,6.1.0,52,C,UNVERIFIED_PUBLISH_PATH,5,5479882,v0.2.0
twilio,6.0.2,87,A,,3,5436428,v0.2.0
next-auth,4.24.15,41,D,UNVERIFIED_PUBLISH_PATH,3,5404723,v0.2.0
react-dnd,16.0.1,40,D,UNVERIFIED_PUBLISH_PATH|DORMANT,5,5394034,v0.2.0
pdfkit,0.19.1,39,D,UNVERIFIED_PUBLISH_PATH,4,5391998,v0.2.0
focus-trap,8.2.2,93,A,,2,5342696,v0.2.0
'@angular/platform-browser,22.0.8,45,D,UNVERIFIED_PUBLISH_PATH,2,5323444,v0.2.0
html-to-image,1.11.13,25,F,UNVERIFIED_PUBLISH_PATH|SINGLE_MAINTAINER,1,5319608,v0.2.0
'@googlemaps/js-api-loader,2.1.1,52,C,UNVERIFIED_PUBLISH_PATH,6,5301083,v0.2.0
'@emotion/stylis,0.8.5,29,F,UNVERIFIED_PUBLISH_PATH|DORMANT|PUBLISHER_NOT_MAINTAINER,2,5291568,v0.2.0
rbush,4.0.1,19,F,UNVERIFIED_PUBLISH_PATH|DORMANT|SINGLE_MAINTAINER,1,5278187,v0.2.0
'@mui/x-date-pickers,9.10.1,95,A,,16,5277257,v0.2.0
promise-polyfill,8.3.0,25,F,UNVERIFIED_PUBLISH_PATH|DORMANT|SINGLE_MAINTAINER,1,5271140,v0.2.0
typebox,1.3.8,68,C,SINGLE_MAINTAINER,1,5269620,v0.2.0
svelte,5.56.8,82,B,,3,5253130,v0.2.0
'@storybook/core,8.6.14,52,C,UNVERIFIED_PUBLISH_PATH,12,5238620,v0.2.0
esbuild-wasm,0.28.1,73,B,SINGLE_MAINTAINER,1,5233344,v0.2.0
'@langchain/core,1.2.3,82,B,,2,5209572,v0.2.0
'@redis/graph,1.1.1,34,F,UNVERIFIED_PUBLISH_PATH|DORMANT|PUBLISHER_NOT_MAINTAINER,2,5184213,v0.2.0
electron,43.2.0,47,D,UNVERIFIED_PUBLISH_PATH,2,5172431,v0.2.0
screenfull,6.0.2,19,F,UNVERIFIED_PUBLISH_PATH|DORMANT|SINGLE_MAINTAINER,1,5162296,v0.2.0
'@clerk/shared,4.25.8,82,B,,6,5151947,v0.2.0
'@angular/compiler-cli,22.0.8,45,D,UNVERIFIED_PUBLISH_PATH,2,5145415,v0.2.0
'@angular/forms,22.0.8,45,D,UNVERIFIED_PUBLISH_PATH,2,5133780,v0.2.0
topojson-client,3.1.0,19,F,UNVERIFIED_PUBLISH_PATH|DORMANT|SINGLE_MAINTAINER,1,5102145,v0.2.0
'@angular/router,22.0.8,45,D,UNVERIFIED_PUBLISH_PATH,2,5069082,v0.2.0
xstate,5.32.5,82,B,,3,5036706,v0.2.0
'@emotion/css,11.13.5,34,F,UNVERIFIED_PUBLISH_PATH|DORMANT|PUBLISHER_NOT_MAINTAINER,2,5022233,v0.2.0
react-native-worklets,0.11.3,79,B,INCONSISTENT_PUBLISH_PATH,2,5010788,v0.2.0
'@lukeed/uuid,2.0.1,19,F,UNVERIFIED_PUBLISH_PATH|DORMANT|SINGLE_MAINTAINER,1,4996843,v0.2.0
'@expo/metro-runtime,57.0.7,45,D,UNVERIFIED_PUBLISH_PATH,11,4986390,v0.2.0
typeorm,1.1.0,78,B,INCONSISTENT_PUBLISH_PATH,2,4968464,v0.2.0
react-datepicker,9.1.0,45,D,UNVERIFIED_PUBLISH_PATH,2,4965253,v0.2.0
viem,2.55.8,89,A,,2,4935393,v0.2.0
'@ant-design/colors,8.0.1,39,D,UNVERIFIED_PUBLISH_PATH,5,4915399,v0.2.0
'@vercel/analytics,2.0.1,34,F,UNVERIFIED_PUBLISH_PATH,4,4882376,v0.2.0
'@radix-ui/react-icons,1.3.2,29,F,UNVERIFIED_PUBLISH_PATH|DORMANT,4,4861050,v0.2.0
'@prisma/client-runtime-utils,7.9.0,89,A,,4,4801336,v0.2.0
'@react-navigation/native-stack,7.18.6,39,D,UNVERIFIED_PUBLISH_PATH,6,4783263,v0.2.0
js-sha256,0.12.0,73,B,SINGLE_MAINTAINER,1,4755986,v0.2.0
'@react-navigation/bottom-tabs,7.18.14,39,D,UNVERIFIED_PUBLISH_PATH,6,4727032,v0.2.0
encoding-japanese,2.2.0,14,F,UNVERIFIED_PUBLISH_PATH|DORMANT|SINGLE_MAINTAINER,1,4703079,v0.2.0
json2mq,0.2.0,19,F,UNVERIFIED_PUBLISH_PATH|DORMANT|SINGLE_MAINTAINER,1,4695246,v0.2.0
string-convert,0.2.1,19,F,UNVERIFIED_PUBLISH_PATH|DORMANT|SINGLE_MAINTAINER,1,4695017,v0.2.0
'@types/crypto-js,4.2.2,27,F,UNVERIFIED_PUBLISH_PATH|DORMANT|SINGLE_MAINTAINER,1,4681358,v0.2.0
hyphen,1.14.1,25,F,UNVERIFIED_PUBLISH_PATH|SINGLE_MAINTAINER,1,4657477,v0.2.0
markdown-to-jsx,9.9.0,63,C,INCONSISTENT_PUBLISH_PATH|SINGLE_MAINTAINER,1,4639047,v0.2.0
'@aws-sdk/client-cloudwatch-logs,3.1095.0,41,D,UNVERIFIED_PUBLISH_PATH,2,4630895,v0.2.0
typedoc,0.28.20,82,B,,5,4628236,v0.2.0
apache-arrow,21.2.0,39,D,UNVERIFIED_PUBLISH_PATH,9,4616566,v0.2.0
next-intl,4.13.4,73,B,SINGLE_MAINTAINER,1,4602554,v0.2.0
js-sha3,0.12.0,25,F,UNVERIFIED_PUBLISH_PATH|SINGLE_MAINTAINER,1,4591427,v0.2.0
'@react-three/fiber,9.6.1,39,D,UNVERIFIED_PUBLISH_PATH,23,4576488,v0.2.0
'@ant-design/icons,6.3.2,39,D,UNVERIFIED_PUBLISH_PATH,5,4535790,v0.2.0
'@adraffy/ens-normalize,1.11.1,25,F,UNVERIFIED_PUBLISH_PATH|SINGLE_MAINTAINER,1,4496516,v0.2.0
'@ctrl/tinycolor,4.2.0,52,C,SINGLE_MAINTAINER,1,4495042,v0.2.0
omggif,1.0.10,19,F,UNVERIFIED_PUBLISH_PATH|DORMANT|SINGLE_MAINTAINER,1,4488078,v0.2.0
expo-router,57.0.8,45,D,UNVERIFIED_PUBLISH_PATH,12,4474301,v0.2.0
pinia,4.0.2,74,B,SINGLE_MAINTAINER,1,4473852,v0.2.0
fp-ts,2.16.11,25,F,UNVERIFIED_PUBLISH_PATH|SINGLE_MAINTAINER,1,4445067,v0.2.0
'@lexical/utils,0.48.0,79,B,INCONSISTENT_PUBLISH_PATH,6,4430255,v0.2.0
lexical,0.48.0,79,B,INCONSISTENT_PUBLISH_PATH,6,4408606,v0.2.0
'@lexical/list,0.48.0,79,B,INCONSISTENT_PUBLISH_PATH,6,4398449,v0.2.0
'@lexical/clipboard,0.48.0,79,B,INCONSISTENT_PUBLISH_PATH,6,4379085,v0.2.0
'@lexical/selection,0.48.0,79,B,INCONSISTENT_PUBLISH_PATH,6,4366102,v0.2.0
'@lexical/rich-text,0.48.0,79,B,INCONSISTENT_PUBLISH_PATH,6,4356526,v0.2.0
'@lexical/table,0.48.0,79,B,INCONSISTENT_PUBLISH_PATH,6,4353241,v0.2.0
'@lexical/link,0.48.0,79,B,INCONSISTENT_PUBLISH_PATH,6,4339151,v0.2.0
'@lexical/html,0.48.0,79,B,INCONSISTENT_PUBLISH_PATH,6,4330055,v0.2.0
'@zip.js/zip.js,2.8.34,87,A,,2,4328360,v0.2.0
echarts,6.1.0,39,D,UNVERIFIED_PUBLISH_PATH,9,4327492,v0.2.0
'@rc-component/portal,2.2.1,39,D,UNVERIFIED_PUBLISH_PATH,5,4320990,v0.2.0
'@angular/animations,22.0.8,45,D,UNVERIFIED_PUBLISH_PATH|DEPRECATED,2,4319744,v0.2.0
astro,7.1.3,88,A,,2,4301894,v0.2.0
swiper,14.0.6,25,F,UNVERIFIED_PUBLISH_PATH|SINGLE_MAINTAINER,1,4295024,v0.2.0
'@msgpack/msgpack,3.1.3,25,F,UNVERIFIED_PUBLISH_PATH|SINGLE_MAINTAINER,1,4289643,v0.2.0
'@lexical/history,0.48.0,79,B,INCONSISTENT_PUBLISH_PATH,6,4287689,v0.2.0
react-resizable,4.0.2,25,F,UNVERIFIED_PUBLISH_PATH|SINGLE_MAINTAINER,1,4273015,v0.2.0
'@lexical/markdown,0.48.0,79,B,INCONSISTENT_PUBLISH_PATH,6,4267302,v0.2.0
'@upstash/redis,1.38.0,77,B,INCONSISTENT_PUBLISH_PATH,8,4258910,v0.2.0
sortablejs,1.15.7,39,D,UNVERIFIED_PUBLISH_PATH,2,4257550,v0.2.0
tedious,20.0.0,81,B,,8,4249926,v0.2.0
'@mui/base,5.0.0-beta.70,40,D,UNVERIFIED_PUBLISH_PATH|DEPRECATED,10,4236190,v0.2.0
'@amplitude/analytics-core,2.54.0,89,A,,6,4218108,v0.2.0
'@lexical/mark,0.48.0,79,B,INCONSISTENT_PUBLISH_PATH,6,4211120,v0.2.0
'@lexical/react,0.48.0,79,B,INCONSISTENT_PUBLISH_PATH,6,4209127,v0.2.0
aws-cdk-lib,2.262.1,27,F,UNVERIFIED_PUBLISH_PATH|SINGLE_MAINTAINER,1,4198135,v0.2.0
requirejs,2.3.8,31,F,UNVERIFIED_PUBLISH_PATH|SINGLE_MAINTAINER,1,4181158,v0.2.0
'@shikijs/transformers,4.3.1,82,B,,3,4176163,v0.2.0
zrender,6.1.0,39,D,UNVERIFIED_PUBLISH_PATH,20,4167364,v0.2.0
'@heroicons/react,2.2.0,75,B,DORMANT,3,4126438,v0.2.0
'@jimp/core,1.6.1,39,D,UNVERIFIED_PUBLISH_PATH,2,4103050,v0.2.0
'@scalar/openapi-types,0.9.3,89,A,,8,4101378,v0.2.0
'@wdio/types,9.29.1,87,A,,3,4085788,v0.2.0
'@angular/cdk,22.0.6,45,D,UNVERIFIED_PUBLISH_PATH,2,4067651,v0.2.0
'@jimp/types,1.6.1,39,D,UNVERIFIED_PUBLISH_PATH,2,4053863,v0.2.0
gsap,3.15.0,26,F,UNVERIFIED_PUBLISH_PATH|SINGLE_MAINTAINER,1,4034151,v0.2.0
'@mediapipe/tasks-vision,0.10.35,30,F,UNVERIFIED_PUBLISH_PATH,8,4006329,v0.2.0
maath,0.10.8,10,F,UNVERIFIED_PUBLISH_PATH|DORMANT|SINGLE_MAINTAINER,1,4003161,v0.2.0
elkjs,0.12.0,77,B,INCONSISTENT_PUBLISH_PATH,5,3995565,v0.2.0
'@aws-sdk/client-iam,3.1095.0,41,D,UNVERIFIED_PUBLISH_PATH,2,3982095,v0.2.0
'@rc-component/trigger,3.10.1,39,D,UNVERIFIED_PUBLISH_PATH,5,3981910,v0.2.0
react-toastify,11.1.0,20,F,UNVERIFIED_PUBLISH_PATH|SINGLE_MAINTAINER|BRANCH_REQUIRES_SIGNATURES,1,3973903,v0.2.0
'@auth/core,0.41.3,83,B,,2,3968617,v0.2.0
linkedom,0.18.13,25,F,UNVERIFIED_PUBLISH_PATH|SINGLE_MAINTAINER,1,3926944,v0.2.0
remark-breaks,4.0.0,33,F,UNVERIFIED_PUBLISH_PATH|DORMANT,3,3894935,v0.2.0
aes-js,3.1.2,19,F,UNVERIFIED_PUBLISH_PATH|DORMANT|SINGLE_MAINTAINER,1,3893621,v0.2.0
intersection-observer,0.12.2,19,F,UNVERIFIED_PUBLISH_PATH|DORMANT|SINGLE_MAINTAINER|DEPRECATED,1,3888045,v0.2.0
'@google/generative-ai,0.24.1,39,D,UNVERIFIED_PUBLISH_PATH,3,3879776,v0.2.0
react-use,17.6.1,31,F,UNVERIFIED_PUBLISH_PATH|SINGLE_MAINTAINER,1,3870336,v0.2.0
mapbox-gl,3.27.0,52,C,UNVERIFIED_PUBLISH_PATH|BRANCH_REQUIRES_PR,28,3867092,v0.2.0
jsonpath,1.3.0,25,F,UNVERIFIED_PUBLISH_PATH|SINGLE_MAINTAINER,1,3850023,v0.2.0
'@types/ramda,0.32.0,33,F,UNVERIFIED_PUBLISH_PATH|SINGLE_MAINTAINER,1,3825654,v0.2.0
uhyphen,0.2.0,19,F,UNVERIFIED_PUBLISH_PATH|DORMANT|SINGLE_MAINTAINER,1,3825308,v0.2.0
sql-formatter,15.8.2,34,F,UNVERIFIED_PUBLISH_PATH,2,3823513,v0.2.0
focus-lock,1.3.6,19,F,UNVERIFIED_PUBLISH_PATH|DORMANT|SINGLE_MAINTAINER,1,3781587,v0.2.0
three-mesh-bvh,0.9.13,25,F,UNVERIFIED_PUBLISH_PATH|SINGLE_MAINTAINER,1,3762745,v0.2.0
'@segment/analytics-generic-utils,1.2.0,40,D,UNVERIFIED_PUBLISH_PATH|DORMANT,3,3744060,v0.2.0
maplibre-gl,6.0.0,93,A,,4,3728773,v0.2.0
mdast-util-newline-to-break,2.0.0,33,F,UNVERIFIED_PUBLISH_PATH|DORMANT,2,3722722,v0.2.0
antd,6.5.2,45,D,UNVERIFIED_PUBLISH_PATH,7,3720785,v0.2.0
mobx,6.16.1,93,A,,6,3699399,v0.2.0
'@scalar/helpers,0.9.2,89,A,,8,3696617,v0.2.0
webrtc-adapter,9.0.6,39,D,UNVERIFIED_PUBLISH_PATH,4,3696503,v0.2.0
'@clerk/backend,3.13.1,82,B,,6,3671080,v0.2.0
'@walletconnect/sign-client,2.23.10,81,B,,2,3643044,v0.2.0
'@turf/bbox,7.3.5,87,A,,8,3640778,v0.2.0
react-native-webview,14.0.1,94,A,,4,3640041,v0.2.0
mobx-react-lite,4.1.1,45,D,UNVERIFIED_PUBLISH_PATH,2,3613359,v0.2.0
nunjucks,3.2.4,33,F,UNVERIFIED_PUBLISH_PATH|DORMANT,5,3609021,v0.2.0
xregexp,5.1.2,39,D,UNVERIFIED_PUBLISH_PATH,2,3604320,v0.2.0
'@lexical/code,0.48.0,79,B,INCONSISTENT_PUBLISH_PATH,6,3600449,v0.2.0
ethers,6.17.0,31,F,UNVERIFIED_PUBLISH_PATH|SINGLE_MAINTAINER,1,3600253,v0.2.0
media-chrome,4.19.2,94,A,,4,3594170,v0.2.0
'@aws-sdk/client-ses,3.1095.0,41,D,UNVERIFIED_PUBLISH_PATH,2,3591727,v0.2.0
lighthouse,13.4.1,84,B,INCONSISTENT_PUBLISH_PATH,3,3591409,v0.2.0
jspdf-autotable,5.0.8,79,B,SINGLE_MAINTAINER,1,3580428,v0.2.0
'@dagrejs/dagre,3.0.0,39,D,UNVERIFIED_PUBLISH_PATH,3,3579863,v0.2.0
hey-listen,1.0.8,14,F,UNVERIFIED_PUBLISH_PATH|DORMANT|SINGLE_MAINTAINER,1,3569790,v0.2.0
'@formatjs/intl,4.1.17,82,B,BRANCH_REQUIRES_PR,3,3553888,v0.2.0
'@ant-design/icons-svg,4.5.0,39,D,UNVERIFIED_PUBLISH_PATH,5,3545082,v0.2.0
stats.js,0.17.0,19,F,UNVERIFIED_PUBLISH_PATH|DORMANT|SINGLE_MAINTAINER,1,3541487,v0.2.0
camera-controls,3.1.2,39,D,UNVERIFIED_PUBLISH_PATH,3,3532326,v0.2.0
react-aria-components,1.19.0,39,D,UNVERIFIED_PUBLISH_PATH,2,3530348,v0.2.0
country-flag-icons,1.6.20,21,F,UNVERIFIED_PUBLISH_PATH|SINGLE_MAINTAINER,1,3523261,v0.2.0
'@expo/dom-webview,57.0.1,45,D,UNVERIFIED_PUBLISH_PATH,11,3519730,v0.2.0
react-focus-lock,2.13.7,25,F,UNVERIFIED_PUBLISH_PATH|SINGLE_MAINTAINER,1,3517460,v0.2.0
'@ant-design/fast-color,3.0.1,39,D,UNVERIFIED_PUBLISH_PATH,5,3516150,v0.2.0
three-stdlib,2.36.1,34,F,UNVERIFIED_PUBLISH_PATH,3,3501465,v0.2.0
'@aws-sdk/client-cognito-identity-provider,3.1095.0,41,D,UNVERIFIED_PUBLISH_PATH,2,3500795,v0.2.0
'@xterm/xterm,6.0.0,25,F,UNVERIFIED_PUBLISH_PATH|SINGLE_MAINTAINER,1,3497198,v0.2.0
vue-i18n,11.4.7,74,B,SINGLE_MAINTAINER,1,3492806,v0.2.0
'@capacitor/core,8.4.2,81,B,,18,3480565,v0.2.0
'@restart/hooks,0.6.2,33,F,UNVERIFIED_PUBLISH_PATH|DORMANT,3,3475903,v0.2.0
'@react-three/drei,10.7.7,39,D,UNVERIFIED_PUBLISH_PATH,7,3462929,v0.2.0
'@amplitude/analytics-types,2.11.1,89,A,,6,3458343,v0.2.0
nprogress,0.2.0,19,F,UNVERIFIED_PUBLISH_PATH|DORMANT|SINGLE_MAINTAINER,1,3456202,v0.2.0
rc-motion,2.9.5,33,F,UNVERIFIED_PUBLISH_PATH|DORMANT,4,3451718,v0.2.0
framesync,6.1.2,14,F,UNVERIFIED_PUBLISH_PATH|DORMANT|SINGLE_MAINTAINER,1,3436307,v0.2.0
detect-gpu,5.0.70,20,F,UNVERIFIED_PUBLISH_PATH|SINGLE_MAINTAINER|PUBLISHER_NOT_MAINTAINER,1,3425576,v0.2.0
cronstrue,3.24.0,63,C,INCONSISTENT_PUBLISH_PATH|SINGLE_MAINTAINER,1,3423586,v0.2.0
'@ant-design/react-slick,2.0.0,39,D,UNVERIFIED_PUBLISH_PATH,5,3411469,v0.2.0
rc-resize-observer,1.4.3,33,F,UNVERIFIED_PUBLISH_PATH|DORMANT,2,3409119,v0.2.0
loglevel-plugin-prefix,0.8.4,19,F,UNVERIFIED_PUBLISH_PATH|DORMANT|SINGLE_MAINTAINER,1,3395008,v0.2.0
jimp,1.6.1,39,D,UNVERIFIED_PUBLISH_PATH,2,3387029,v0.2.0
stats-gl,4.2.3,25,F,UNVERIFIED_PUBLISH_PATH|SINGLE_MAINTAINER,1,3375601,v0.2.0
expo-notifications,57.0.7,45,D,UNVERIFIED_PUBLISH_PATH,12,3366970,v0.2.0
react-intl,10.1.18,72,B,INCONSISTENT_PUBLISH_PATH|BRANCH_REQUIRES_PR,3,3366932,v0.2.0
rc-slider,11.1.9,39,D,UNVERIFIED_PUBLISH_PATH,9,3365163,v0.2.0
ts-deepmerge,8.0.0,20,F,UNVERIFIED_PUBLISH_PATH|SINGLE_MAINTAINER,1,3340959,v0.2.0
deep-diff,1.0.2,14,F,UNVERIFIED_PUBLISH_PATH|DORMANT|SINGLE_MAINTAINER|PUBLISHER_NOT_MAINTAINER|DEPRECATED,1,3321442,v0.2.0
'@turf/clone,7.3.5,87,A,,8,3305256,v0.2.0
'@turf/distance,7.3.5,87,A,,8,3296210,v0.2.0
mathjs,15.2.0,31,F,UNVERIFIED_PUBLISH_PATH|SINGLE_MAINTAINER,1,3293871,v0.2.0
solid-js,1.9.14,20,F,UNVERIFIED_PUBLISH_PATH|SINGLE_MAINTAINER,1,3290516,v0.2.0
'@codemirror/legacy-modes,6.5.3,21,F,UNVERIFIED_PUBLISH_PATH|SINGLE_MAINTAINER,1,3271971,v0.2.0
react-leaflet,5.0.0,14,F,UNVERIFIED_PUBLISH_PATH|DORMANT|SINGLE_MAINTAINER,1,3264049,v0.2.0
'@vercel/speed-insights,2.0.0,34,F,UNVERIFIED_PUBLISH_PATH,4,3252074,v0.2.0
sanitize.css,13.0.0,39,D,UNVERIFIED_PUBLISH_PATH|DORMANT,3,3241660,v0.2.0
libsodium,0.8.4,25,F,UNVERIFIED_PUBLISH_PATH|SINGLE_MAINTAINER,1,3235792,v0.2.0
eslint-plugin-sonarjs,4.2.0,90,A,INCONSISTENT_PUBLISH_PATH,5,3223805,v0.2.0
'@ant-design/cssinjs,2.1.2,39,D,UNVERIFIED_PUBLISH_PATH,5,3213081,v0.2.0
libsodium-wrappers,0.8.4,25,F,UNVERIFIED_PUBLISH_PATH|SINGLE_MAINTAINER,1,3208756,v0.2.0
rc-tooltip,6.4.0,33,F,UNVERIFIED_PUBLISH_PATH|DORMANT,8,3197890,v0.2.0
'@simplewebauthn/browser,13.3.0,73,B,SINGLE_MAINTAINER,1,3187609,v0.2.0
'@turf/boolean-point-in-polygon,7.3.5,87,A,,8,3185637,v0.2.0
'@lit/react,1.0.8,84,B,,8,3161119,v0.2.0
'@fortawesome/fontawesome-svg-core,7.3.1,34,F,UNVERIFIED_PUBLISH_PATH,8,3146799,v0.2.0
unhead,3.2.3,74,B,SINGLE_MAINTAINER,1,3144880,v0.2.0
ag-charts-types,14.0.2,86,A,SINGLE_MAINTAINER,1,3138818,v0.2.0
discord-api-types,0.38.51,94,A,,3,3132011,v0.2.0
typed-function,4.2.2,25,F,UNVERIFIED_PUBLISH_PATH|SINGLE_MAINTAINER,1,3124084,v0.2.0
ag-grid-community,36.0.2,93,A,BRANCH_REQUIRES_PR,4,3112760,v0.2.0
humanize-duration,3.34.0,25,F,UNVERIFIED_PUBLISH_PATH|SINGLE_MAINTAINER,1,3108678,v0.2.0
'@mozilla/readability,0.6.0,45,D,UNVERIFIED_PUBLISH_PATH,3,3101025,v0.2.0
onnxruntime-web,1.27.0,47,D,UNVERIFIED_PUBLISH_PATH|BRANCH_REQUIRES_PR,6,3094618,v0.2.0
complex.js,2.4.3,25,F,UNVERIFIED_PUBLISH_PATH|SINGLE_MAINTAINER,1,3090625,v0.2.0
'@wdio/protocols,9.30.0,87,A,,3,3088224,v0.2.0
'@tabler/icons,3.45.0,20,F,UNVERIFIED_PUBLISH_PATH|SINGLE_MAINTAINER,1,3078548,v0.2.0
chrono-node,2.10.1,25,F,UNVERIFIED_PUBLISH_PATH|SINGLE_MAINTAINER,1,3076123,v0.2.0
'@mui/x-data-grid,9.10.1,85,A,INCONSISTENT_PUBLISH_PATH,16,3070355,v0.2.0
'@supabase/node-fetch,2.6.13,14,F,UNVERIFIED_PUBLISH_PATH|DORMANT,0,3069707,v0.2.0
webdriver,9.30.0,87,A,,3,3067850,v0.2.0
'@statsig/client-core,3.33.3,77,B,INCONSISTENT_PUBLISH_PATH,2,3051828,v0.2.0
escape-latex,1.2.0,19,F,UNVERIFIED_PUBLISH_PATH|DORMANT|SINGLE_MAINTAINER,1,3038751,v0.2.0
'@rolldown/plugin-babel,0.2.3,72,B,INCONSISTENT_PUBLISH_PATH,4,3037166,v0.2.0
'@googlemaps/markerclusterer,2.6.2,52,C,UNVERIFIED_PUBLISH_PATH,6,3033958,v0.2.0
d3-voronoi,1.1.4,33,F,UNVERIFIED_PUBLISH_PATH|DORMANT,2,3028114,v0.2.0
re2,1.26.1,25,F,UNVERIFIED_PUBLISH_PATH|SINGLE_MAINTAINER,1,3001932,v0.2.0
'@microsoft/fetch-event-source,2.0.1,39,D,UNVERIFIED_PUBLISH_PATH|DORMANT,6,2997273,v0.2.0
store2,2.14.4,19,F,UNVERIFIED_PUBLISH_PATH|DORMANT|SINGLE_MAINTAINER,1,2996147,v0.2.0
launchdarkly-js-client-sdk,3.9.4,86,A,SINGLE_MAINTAINER,1,2976169,v0.2.0
multiformats,14.0.5,87,A,,2,2971076,v0.2.0
chroma-js,3.2.0,41,D,UNVERIFIED_PUBLISH_PATH|BRANCH_REQUIRES_PR,4,2966118,v0.2.0
webdriverio,9.30.0,87,A,,3,2962537,v0.2.0
'@amplitude/analytics-connector,1.6.5,87,A,,6,2947265,v0.2.0
'@fortawesome/free-solid-svg-icons,7.3.1,34,F,UNVERIFIED_PUBLISH_PATH,8,2943850,v0.2.0
'@unhead/vue,3.2.3,74,B,SINGLE_MAINTAINER,1,2942520,v0.2.0
rc-menu,9.16.1,39,D,UNVERIFIED_PUBLISH_PATH,10,2939991,v0.2.0
jsonrepair,3.15.0,25,F,UNVERIFIED_PUBLISH_PATH|SINGLE_MAINTAINER,1,2934573,v0.2.0
'@rc-component/context,2.0.2,39,D,UNVERIFIED_PUBLISH_PATH,5,2932813,v0.2.0
'@rc-component/tour,2.4.0,39,D,UNVERIFIED_PUBLISH_PATH,5,2923943,v0.2.0
stylus,0.64.0,39,D,UNVERIFIED_PUBLISH_PATH|DORMANT,5,2915736,v0.2.0
sequelize,6.37.8,52,C,UNVERIFIED_PUBLISH_PATH,9,2915040,v0.2.0
'@rc-component/color-picker,3.1.1,39,D,UNVERIFIED_PUBLISH_PATH,5,2912299,v0.2.0
'@rc-component/mini-decimal,1.1.4,39,D,UNVERIFIED_PUBLISH_PATH,5,2893339,v0.2.0
sockjs-client,1.6.1,33,F,UNVERIFIED_PUBLISH_PATH|DORMANT,2,2861853,v0.2.0
'@aws-sdk/client-ec2,3.1095.0,41,D,UNVERIFIED_PUBLISH_PATH,2,2849210,v0.2.0
'@rc-component/mutate-observer,2.0.1,39,D,UNVERIFIED_PUBLISH_PATH,5,2839937,v0.2.0
abortcontroller-polyfill,1.7.8,19,F,UNVERIFIED_PUBLISH_PATH|DORMANT|SINGLE_MAINTAINER,1,2839919,v0.2.0
encode-utf8,2.0.0,19,F,UNVERIFIED_PUBLISH_PATH|DORMANT|SINGLE_MAINTAINER,1,2834011,v0.2.0
mark.js,8.11.1,19,F,UNVERIFIED_PUBLISH_PATH|DORMANT|SINGLE_MAINTAINER,1,2797603,v0.2.0
jsondiffpatch,0.7.6,73,B,SINGLE_MAINTAINER,1,2775021,v0.2.0
rc-virtual-list,3.19.2,39,D,UNVERIFIED_PUBLISH_PATH,3,2773882,v0.2.0
'@rc-component/async-validator,6.0.0,39,D,UNVERIFIED_PUBLISH_PATH,5,2771124,v0.2.0
rc-tree,5.13.1,39,D,UNVERIFIED_PUBLISH_PATH,11,2763327,v0.2.0
rc-overflow,1.5.0,39,D,UNVERIFIED_PUBLISH_PATH,3,2763041,v0.2.0
i18next-http-backend,4.0.0,39,D,UNVERIFIED_PUBLISH_PATH,2,2751122,v0.2.0
rc-collapse,4.0.0,33,F,UNVERIFIED_PUBLISH_PATH|DORMANT,6,2747819,v0.2.0
'@rc-component/qrcode,2.0.0,39,D,UNVERIFIED_PUBLISH_PATH,5,2740991,v0.2.0
'@mui/lab,9.0.0-beta.6,88,A,,10,2740380,v0.2.0
dagre,0.8.5,33,F,UNVERIFIED_PUBLISH_PATH|DORMANT,2,2739779,v0.2.0
langchain,1.5.4,82,B,,2,2736288,v0.2.0
'@aws-sdk/client-firehose,3.1095.0,41,D,UNVERIFIED_PUBLISH_PATH,2,2734353,v0.2.0
'@radix-ui/colors,3.0.0,24,F,UNVERIFIED_PUBLISH_PATH|DORMANT|PUBLISHER_NOT_MAINTAINER,4,2729644,v0.2.0
rc-input-number,9.5.0,39,D,UNVERIFIED_PUBLISH_PATH,8,2716251,v0.2.0
'@algolia/autocomplete-shared,1.19.9,29,F,UNVERIFIED_PUBLISH_PATH|PUBLISHER_NOT_MAINTAINER,14,2714709,v0.2.0
'@algolia/autocomplete-core,1.19.9,29,F,UNVERIFIED_PUBLISH_PATH|PUBLISHER_NOT_MAINTAINER,14,2712262,v0.2.0
embla-carousel-autoplay,8.6.0,25,F,UNVERIFIED_PUBLISH_PATH|SINGLE_MAINTAINER,1,2702446,v0.2.0
rc-dialog,10.0.0,33,F,UNVERIFIED_PUBLISH_PATH|DORMANT,11,2697863,v0.2.0
oidc-client-ts,3.5.0,87,A,,2,2697418,v0.2.0
io-ts,2.2.22,19,F,UNVERIFIED_PUBLISH_PATH|DORMANT|SINGLE_MAINTAINER,1,2696038,v0.2.0
sql.js,1.14.1,39,D,UNVERIFIED_PUBLISH_PATH,2,2685130,v0.2.0
'@ant-design/cssinjs-utils,2.1.2,39,D,UNVERIFIED_PUBLISH_PATH,10,2673336,v0.2.0
comlink,4.4.2,40,D,UNVERIFIED_PUBLISH_PATH|DORMANT,3,2670359,v0.2.0
partysocket,1.3.0,73,B,SINGLE_MAINTAINER,1,2668979,v0.2.0
'@resvg/resvg-wasm,2.6.2,33,F,UNVERIFIED_PUBLISH_PATH|DORMANT,3,2666256,v0.2.0
mockdate,3.0.5,19,F,UNVERIFIED_PUBLISH_PATH|DORMANT|SINGLE_MAINTAINER,1,2659906,v0.2.0
rc-progress,4.0.0,33,F,UNVERIFIED_PUBLISH_PATH|DORMANT,7,2646960,v0.2.0
'@phosphor-icons/react,2.1.10,20,F,UNVERIFIED_PUBLISH_PATH|SINGLE_MAINTAINER,1,2644429,v0.2.0
'@tanstack/query-persist-client-core,5.101.4,89,A,,3,2638996,v0.2.0
'@algolia/autocomplete-plugin-algolia-insights,1.19.9,29,F,UNVERIFIED_PUBLISH_PATH|PUBLISHER_NOT_MAINTAINER,14,2638095,v0.2.0
'@datadog/datadog-api-client,1.60.0,70,B,INCONSISTENT_PUBLISH_PATH|SINGLE_MAINTAINER,1,2637290,v0.2.0
rc-select,14.16.8,39,D,UNVERIFIED_PUBLISH_PATH,9,2633576,v0.2.0
react-phone-number-input,3.4.17,21,F,UNVERIFIED_PUBLISH_PATH|SINGLE_MAINTAINER,1,2633249,v0.2.0
splaytree,3.2.3,63,C,SINGLE_MAINTAINER,1,2632848,v0.2.0
'@mantine/hooks,9.4.2,25,F,UNVERIFIED_PUBLISH_PATH|SINGLE_MAINTAINER,1,2598066,v0.2.0
highcharts,13.0.0,45,D,UNVERIFIED_PUBLISH_PATH,10,2597960,v0.2.0
rc-dropdown,4.2.1,33,F,UNVERIFIED_PUBLISH_PATH|DORMANT,6,2588857,v0.2.0
temporal-polyfill,1.0.1,20,F,UNVERIFIED_PUBLISH_PATH|SINGLE_MAINTAINER,1,2584588,v0.2.0
detect-browser,5.3.0,33,F,UNVERIFIED_PUBLISH_PATH|DORMANT,3,2580226,v0.2.0
mixpanel-browser,2.81.0,39,D,UNVERIFIED_PUBLISH_PATH|BRANCH_REQUIRES_PR,10,2568237,v0.2.0
rc-tabs,15.7.0,39,D,UNVERIFIED_PUBLISH_PATH,7,2566469,v0.2.0
pptxgenjs,4.0.1,25,F,UNVERIFIED_PUBLISH_PATH|SINGLE_MAINTAINER,1,2557818,v0.2.0
rc-pagination,5.1.0,33,F,UNVERIFIED_PUBLISH_PATH|DORMANT,10,2557309,v0.2.0
lowdb,7.0.1,19,F,UNVERIFIED_PUBLISH_PATH|DORMANT|SINGLE_MAINTAINER,1,2552850,v0.2.0
rc-image,7.12.0,39,D,UNVERIFIED_PUBLISH_PATH,5,2550139,v0.2.0
rc-table,7.55.1,39,D,UNVERIFIED_PUBLISH_PATH,9,2544188,v0.2.0
rrule,2.8.1,28,F,UNVERIFIED_PUBLISH_PATH|DORMANT,2,2544066,v0.2.0
rc-field-form,2.7.1,39,D,UNVERIFIED_PUBLISH_PATH,5,2542215,v0.2.0
rc-picker,4.11.3,39,D,UNVERIFIED_PUBLISH_PATH,6,2540254,v0.2.0
mqtt,5.15.2,87,A,,4,2539291,v0.2.0
openclaw,2026.7.1-2,47,D,UNVERIFIED_PUBLISH_PATH,2,2536323,v0.2.0
mobx-react,9.2.2,93,A,,4,2529391,v0.2.0
'@xterm/addon-fit,0.11.0,25,F,UNVERIFIED_PUBLISH_PATH|SINGLE_MAINTAINER,1,2521203,v0.2.0
wasm-feature-detect,1.8.0,40,D,UNVERIFIED_PUBLISH_PATH|DORMANT,3,2516292,v0.2.0
rc-input,1.8.0,39,D,UNVERIFIED_PUBLISH_PATH,3,2514315,v0.2.0
'@angular/material,22.0.6,45,D,UNVERIFIED_PUBLISH_PATH,2,2513821,v0.2.0
rc-cascader,3.34.0,39,D,UNVERIFIED_PUBLISH_PATH,5,2506100,v0.2.0
rc-tree-select,5.27.0,33,F,UNVERIFIED_PUBLISH_PATH|DORMANT,7,2499789,v0.2.0
rc-drawer,7.3.0,39,D,UNVERIFIED_PUBLISH_PATH,5,2497194,v0.2.0
'@turf/area,7.3.5,87,A,,8,2495572,v0.2.0
style-value-types,5.1.2,14,F,UNVERIFIED_PUBLISH_PATH|DORMANT|SINGLE_MAINTAINER,1,2493736,v0.2.0
jssha,3.3.2,31,F,UNVERIFIED_PUBLISH_PATH|SINGLE_MAINTAINER,1,2490807,v0.2.0
'@fontsource-variable/inter,5.3.0,81,B,,2,2488513,v0.2.0
livekit-client,2.21.0,65,C,INCONSISTENT_PUBLISH_PATH|SINGLE_MAINTAINER|BRANCH_REQUIRES_PR,1,2479687,v0.2.0
popmotion,11.0.5,14,F,UNVERIFIED_PUBLISH_PATH|DORMANT|SINGLE_MAINTAINER,1,2471159,v0.2.0
mux-embed,5.18.1,35,D,UNVERIFIED_PUBLISH_PATH,4,2468884,v0.2.0
'@petamoriken/float16,3.9.3,70,B,SINGLE_MAINTAINER,1,2463283,v0.2.0
rc-mentions,2.20.0,39,D,UNVERIFIED_PUBLISH_PATH,3,2462018,v0.2.0
universal-cookie,8.1.2,63,C,INCONSISTENT_PUBLISH_PATH|SINGLE_MAINTAINER,1,2461988,v0.2.0
rrweb-snapshot,2.1.1,83,B,INCONSISTENT_PUBLISH_PATH,2,2459364,v0.2.0
rrweb,2.1.1,83,B,INCONSISTENT_PUBLISH_PATH|BRANCH_REQUIRES_PR,2,2454775,v0.2.0
rc-checkbox,3.5.0,33,F,UNVERIFIED_PUBLISH_PATH|DORMANT,5,2446475,v0.2.0
'@simplewebauthn/server,13.3.2,73,B,SINGLE_MAINTAINER,1,2437428,v0.2.0
rc-notification,5.6.4,39,D,UNVERIFIED_PUBLISH_PATH,8,2436039,v0.2.0
'@turf/centroid,7.3.5,87,A,,8,2433491,v0.2.0
signature_pad,5.1.3,39,D,UNVERIFIED_PUBLISH_PATH,2,2430283,v0.2.0
rc-upload,4.11.0,39,D,UNVERIFIED_PUBLISH_PATH,6,2429284,v0.2.0
point-in-polygon,1.1.0,14,F,UNVERIFIED_PUBLISH_PATH|DORMANT|SINGLE_MAINTAINER|PUBLISHER_NOT_MAINTAINER,1,2421883,v0.2.0
rc-steps,6.0.1,33,F,UNVERIFIED_PUBLISH_PATH|DORMANT,10,2399342,v0.2.0
markdown-it-task-lists,2.1.1,19,F,UNVERIFIED_PUBLISH_PATH|DORMANT|SINGLE_MAINTAINER,1,2396101,v0.2.0
faker,6.6.6,19,F,UNVERIFIED_PUBLISH_PATH|DORMANT|SINGLE_MAINTAINER,1,2391842,v0.2.0
rc-rate,2.13.1,39,D,UNVERIFIED_PUBLISH_PATH,8,2390801,v0.2.0
'@auth0/auth0-spa-js,2.24.0,94,A,,21,2386046,v0.2.0
player.style,0.3.4,73,B,SINGLE_MAINTAINER,1,2382999,v0.2.0
rc-switch,4.1.0,33,F,UNVERIFIED_PUBLISH_PATH|DORMANT,7,2381461,v0.2.0
rc-textarea,1.10.2,39,D,UNVERIFIED_PUBLISH_PATH,4,2368754,v0.2.0
react-onclickoutside,6.13.2,39,D,UNVERIFIED_PUBLISH_PATH,2,2367918,v0.2.0
tesseract.js,7.0.0,39,D,UNVERIFIED_PUBLISH_PATH,4,2345414,v0.2.0
'@mantine/core,9.4.2,25,F,UNVERIFIED_PUBLISH_PATH|SINGLE_MAINTAINER,1,2329002,v0.2.0
'@fortawesome/fontawesome-free,7.3.1,34,F,UNVERIFIED_PUBLISH_PATH,8,2324043,v0.2.0
'@azure/keyvault-secrets,4.11.2,47,D,UNVERIFIED_PUBLISH_PATH,3,2319762,v0.2.0
'@fullcalendar/daygrid,6.1.21,20,F,UNVERIFIED_PUBLISH_PATH|SINGLE_MAINTAINER,1,2316718,v0.2.0
'@fullcalendar/core,7.0.2,20,F,UNVERIFIED_PUBLISH_PATH|SINGLE_MAINTAINER,1,2314214,v0.2.0
blueimp-md5,2.19.0,19,F,UNVERIFIED_PUBLISH_PATH|DORMANT|SINGLE_MAINTAINER,1,2307544,v0.2.0
react-beautiful-dnd,13.1.1,33,F,UNVERIFIED_PUBLISH_PATH|DORMANT|DEPRECATED,2,2305534,v0.2.0
numeral,2.0.6,19,F,UNVERIFIED_PUBLISH_PATH|DORMANT|SINGLE_MAINTAINER,1,2302697,v0.2.0
text-encoding,0.7.0,19,F,UNVERIFIED_PUBLISH_PATH|DORMANT|SINGLE_MAINTAINER|DEPRECATED,1,2298435,v0.2.0
zlibjs,0.3.1,19,F,UNVERIFIED_PUBLISH_PATH|DORMANT|SINGLE_MAINTAINER,1,2297101,v0.2.0
'@turf/boolean-clockwise,7.3.5,87,A,,8,2271606,v0.2.0
'@turf/bearing,7.3.5,87,A,,8,2268411,v0.2.0
'@motionone/utils,10.18.0,29,F,UNVERIFIED_PUBLISH_PATH|DORMANT,2,2259880,v0.2.0
'@motionone/types,10.17.1,29,F,UNVERIFIED_PUBLISH_PATH|DORMANT,2,2258636,v0.2.0
rc-segmented,2.7.1,39,D,UNVERIFIED_PUBLISH_PATH,3,2258553,v0.2.0
'@motionone/dom,10.18.0,29,F,UNVERIFIED_PUBLISH_PATH|DORMANT,2,2258384,v0.2.0
'@motionone/generators,10.18.0,29,F,UNVERIFIED_PUBLISH_PATH|DORMANT,2,2247708,v0.2.0
'@motionone/animation,10.18.0,29,F,UNVERIFIED_PUBLISH_PATH|DORMANT,2,2246719,v0.2.0
'@motionone/easing,10.18.0,29,F,UNVERIFIED_PUBLISH_PATH|DORMANT,2,2238895,v0.2.0
'@amplitude/analytics-browser,2.45.4,89,A,,6,2234382,v0.2.0
i18n-iso-countries,7.14.0,39,D,UNVERIFIED_PUBLISH_PATH,2,2224533,v0.2.0
emoji-mart,5.6.0,33,F,UNVERIFIED_PUBLISH_PATH|DORMANT,2,2214148,v0.2.0
'@coinbase/wallet-sdk,4.3.7,46,D,UNVERIFIED_PUBLISH_PATH,2,2214088,v0.2.0
d3-geo-projection,4.0.0,33,F,UNVERIFIED_PUBLISH_PATH|DORMANT,2,2213795,v0.2.0
react-player,3.4.0,57,C,SINGLE_MAINTAINER,1,2211054,v0.2.0
sqids,0.3.0,33,F,UNVERIFIED_PUBLISH_PATH|DORMANT,2,2202939,v0.2.0
figlet,1.11.3,25,F,UNVERIFIED_PUBLISH_PATH|SINGLE_MAINTAINER,1,2198682,v0.2.0
'@amplitude/plugin-page-view-tracking-browser,2.11.11,89,A,,6,2197240,v0.2.0
pusher-js,8.6.0,39,D,UNVERIFIED_PUBLISH_PATH,2,2188618,v0.2.0
pdfmake,0.3.11,87,A,,4,2187455,v0.2.0
reactflow,11.11.4,20,F,UNVERIFIED_PUBLISH_PATH|DORMANT|SINGLE_MAINTAINER,1,2185666,v0.2.0
firebase-functions,7.3.2-rc.0,46,D,UNVERIFIED_PUBLISH_PATH,4,2183442,v0.2.0
'@turf/line-intersect,7.3.5,87,A,,8,2178573,v0.2.0
ag-grid-react,36.0.2,93,A,,4,2176794,v0.2.0
konva,10.3.0,25,F,UNVERIFIED_PUBLISH_PATH|SINGLE_MAINTAINER,1,2172218,v0.2.0
perfect-scrollbar,1.5.6,33,F,UNVERIFIED_PUBLISH_PATH|DORMANT,17,2168327,v0.2.0
'@pierre/diffs,1.2.12,30,F,UNVERIFIED_PUBLISH_PATH,6,2165970,v0.2.0
cloudflare,7.0.0,93,A,,4,2165316,v0.2.0
clipboard,2.0.11,33,F,UNVERIFIED_PUBLISH_PATH|DORMANT,3,2153066,v0.2.0
'@turf/destination,7.3.5,87,A,,8,2143004,v0.2.0
'@turf/projection,7.3.5,87,A,,8,2137275,v0.2.0
search-insights,2.17.3,40,D,UNVERIFIED_PUBLISH_PATH|DORMANT,12,2130679,v0.2.0
'@docsearch/css,4.6.3,46,D,UNVERIFIED_PUBLISH_PATH,5,2119464,v0.2.0
'@vercel/og,0.11.1,35,D,UNVERIFIED_PUBLISH_PATH,4,2118174,v0.2.0
'@microsoft/microsoft-graph-client,3.0.7,35,D,UNVERIFIED_PUBLISH_PATH|DORMANT|BRANCH_REQUIRES_PR,4,2113946,v0.2.0
async-validator,4.2.5,33,F,UNVERIFIED_PUBLISH_PATH|DORMANT,2,2113499,v0.2.0
'@solana/web3.js,1.98.4,41,D,UNVERIFIED_PUBLISH_PATH|SINGLE_MAINTAINER,1,2108009,v0.2.0
stream,0.0.3,25,F,UNVERIFIED_PUBLISH_PATH|DORMANT|SINGLE_MAINTAINER,1,2107988,v0.2.0
rx,4.1.0,33,F,UNVERIFIED_PUBLISH_PATH|DORMANT,2,2105828,v0.2.0
algoliasearch-helper,3.29.2,39,D,UNVERIFIED_PUBLISH_PATH,12,2094571,v0.2.0
custom-media-element,1.4.6,81,B,,2,2090804,v0.2.0
string-similarity,4.0.4,19,F,UNVERIFIED_PUBLISH_PATH|DORMANT|SINGLE_MAINTAINER|DEPRECATED,1,2086359,v0.2.0
'@capacitor/app,8.1.1,69,C,REPO_LINKAGE_MISMATCH,18,2075891,v0.2.0
tesseract.js-core,6.1.2,39,D,UNVERIFIED_PUBLISH_PATH,4,2072308,v0.2.0
apexcharts,6.5.0,77,B,INCONSISTENT_PUBLISH_PATH,2,2068255,v0.2.0
json2csv,6.0.0-alpha.2,33,F,UNVERIFIED_PUBLISH_PATH|DORMANT,4,2060956,v0.2.0
'@sentry/tracing,7.120.4,27,F,UNVERIFIED_PUBLISH_PATH|SINGLE_MAINTAINER,1,2057986,v0.2.0
point-in-polygon-hao,1.2.4,19,F,UNVERIFIED_PUBLISH_PATH|DORMANT|SINGLE_MAINTAINER,1,2052655,v0.2.0
'@amplitude/plugin-autocapture-browser,1.28.9,89,A,,6,2041650,v0.2.0
'@pierre/theme,2.0.0,34,F,UNVERIFIED_PUBLISH_PATH,6,2041648,v0.2.0
'@amplitude/experiment-core,0.13.3,87,A,,6,2028765,v0.2.0
'@turf/nearest-point-on-line,7.3.5,87,A,,8,2024106,v0.2.0
yamljs,0.3.0,19,F,UNVERIFIED_PUBLISH_PATH|DORMANT|SINGLE_MAINTAINER,1,2020043,v0.2.0
'@fullcalendar/interaction,6.1.21,20,F,UNVERIFIED_PUBLISH_PATH|SINGLE_MAINTAINER,1,2019720,v0.2.0
heap,0.2.7,19,F,UNVERIFIED_PUBLISH_PATH|DORMANT|SINGLE_MAINTAINER,1,2006592,v0.2.0
'@microsoft/applicationinsights-core-js,3.4.3,47,D,UNVERIFIED_PUBLISH_PATH,3,2004382,v0.2.0
make-plural,8.1.0,31,F,UNVERIFIED_PUBLISH_PATH|SINGLE_MAINTAINER,1,1999029,v0.2.0
es6-object-assign,1.1.0,19,F,UNVERIFIED_PUBLISH_PATH|DORMANT|SINGLE_MAINTAINER,1,1993597,v0.2.0
'@atlaskit/tokens,16.3.0,16,F,UNVERIFIED_PUBLISH_PATH|SINGLE_MAINTAINER,1,1991140,v0.2.0
hammerjs,2.0.8,33,F,UNVERIFIED_PUBLISH_PATH|DORMANT,2,1984325,v0.2.0
dexie,4.4.4,78,B,INCONSISTENT_PUBLISH_PATH,2,1974529,v0.2.0
'@mux/playback-core,0.35.2,94,A,,4,1971840,v0.2.0
'@emoji-mart/data,1.2.1,19,F,UNVERIFIED_PUBLISH_PATH|DORMANT|SINGLE_MAINTAINER,1,1965874,v0.2.0
'@segment/analytics-next,1.84.1,84,B,INCONSISTENT_PUBLISH_PATH|BRANCH_REQUIRES_PR,3,1965182,v0.2.0
media-tracks,0.3.5,81,B,,2,1963685,v0.2.0
bezier-easing,3.0.1,25,F,UNVERIFIED_PUBLISH_PATH|SINGLE_MAINTAINER,1,1954593,v0.2.0
'@aws-amplify/core,6.17.0,46,D,UNVERIFIED_PUBLISH_PATH,6,1949014,v0.2.0
perfect-freehand,1.2.3,25,F,UNVERIFIED_PUBLISH_PATH|SINGLE_MAINTAINER,1,1948445,v0.2.0
'@turf/line-segment,7.3.5,87,A,,8,1946367,v0.2.0
'@babel/polyfill,7.12.1,34,F,UNVERIFIED_PUBLISH_PATH|DORMANT|DEPRECATED,4,1944163,v0.2.0
'@turf/rewind,7.3.5,87,A,,8,1925961,v0.2.0
autolinker,4.1.5,39,D,UNVERIFIED_PUBLISH_PATH,2,1924554,v0.2.0
selenium-webdriver,4.46.0,39,D,UNVERIFIED_PUBLISH_PATH,6,1922889,v0.2.0
babel-polyfill,6.26.0,34,F,UNVERIFIED_PUBLISH_PATH|DORMANT,3,1921186,v0.2.0
'@algolia/events,4.0.1,33,F,UNVERIFIED_PUBLISH_PATH|DORMANT,9,1913192,v0.2.0
'@turf/boolean-point-on-line,7.3.5,87,A,,8,1909200,v0.2.0
qrcode-generator,2.0.4,25,F,UNVERIFIED_PUBLISH_PATH|SINGLE_MAINTAINER,1,1906805,v0.2.0
on-change,6.0.2,25,F,UNVERIFIED_PUBLISH_PATH|SINGLE_MAINTAINER,1,1906432,v0.2.0
'@mux/mux-video,0.31.2,94,A,,4,1900070,v0.2.0
otpauth,9.5.1,79,B,SINGLE_MAINTAINER,1,1890405,v0.2.0
nitropack,2.13.4,32,F,UNVERIFIED_PUBLISH_PATH|SINGLE_MAINTAINER,1,1885382,v0.2.0
chai-as-promised,8.0.2,71,B,,2,1885059,v0.2.0
ts-custom-error,3.3.1,25,F,UNVERIFIED_PUBLISH_PATH|DORMANT|SINGLE_MAINTAINER,1,1882120,v0.2.0
minisearch,7.2.0,20,F,UNVERIFIED_PUBLISH_PATH|SINGLE_MAINTAINER,1,1878589,v0.2.0
castable-video,1.1.16,81,B,,4,1878197,v0.2.0
'@fullcalendar/timegrid,6.1.21,20,F,UNVERIFIED_PUBLISH_PATH|SINGLE_MAINTAINER,1,1872708,v0.2.0
'@mux/mux-player,3.13.2,94,A,,4,1864246,v0.2.0
'@solid-primitives/utils,6.4.1,40,D,UNVERIFIED_PUBLISH_PATH,3,1861963,v0.2.0
'@aws-amplify/auth,6.20.0,46,D,UNVERIFIED_PUBLISH_PATH,6,1856570,v0.2.0
'@rails/actioncable,8.1.300,94,A,,8,1844170,v0.2.0
'@turf/rhumb-bearing,7.3.5,87,A,,8,1838992,v0.2.0
google-libphonenumber,3.2.44,25,F,UNVERIFIED_PUBLISH_PATH|SINGLE_MAINTAINER,1,1838560,v0.2.0
event-source-polyfill,1.0.31,33,F,UNVERIFIED_PUBLISH_PATH|DORMANT,2,1836932,v0.2.0
'@libsql/core,0.17.4,73,B,SINGLE_MAINTAINER,1,1831023,v0.2.0
flatpickr,4.6.13,33,F,UNVERIFIED_PUBLISH_PATH|DORMANT,2,1830289,v0.2.0
'@microsoft/dynamicproto-js,2.0.5,40,D,UNVERIFIED_PUBLISH_PATH,4,1829456,v0.2.0
event-target-polyfill,0.0.4,19,F,UNVERIFIED_PUBLISH_PATH|DORMANT|SINGLE_MAINTAINER,1,1825288,v0.2.0
'@js-temporal/polyfill,0.5.1,39,D,UNVERIFIED_PUBLISH_PATH,3,1822975,v0.2.0
simple-xml-to-json,1.2.7,25,F,UNVERIFIED_PUBLISH_PATH|SINGLE_MAINTAINER,1,1821899,v0.2.0
'@turf/rhumb-distance,7.3.5,87,A,,8,1818739,v0.2.0
liquidjs,10.27.2,79,B,SINGLE_MAINTAINER,1,1815711,v0.2.0
'@turf/point-to-line-distance,7.3.5,87,A,,8,1811239,v0.2.0
jsqr,1.4.0,33,F,UNVERIFIED_PUBLISH_PATH|DORMANT,2,1803468,v0.2.0
'@amplitude/analytics-client-common,2.4.58,89,A,,6,1803428,v0.2.0
'@turf/length,7.3.5,87,A,,8,1798689,v0.2.0
'@libsql/hrana-client,0.10.0,25,F,UNVERIFIED_PUBLISH_PATH|SINGLE_MAINTAINER,1,1793310,v0.2.0
react-virtualized,9.22.6,33,F,UNVERIFIED_PUBLISH_PATH|DORMANT,3,1791879,v0.2.0
'@libsql/client,0.17.4,73,B,SINGLE_MAINTAINER,1,1788390,v0.2.0
'@amplitude/plugin-network-capture-browser,1.10.11,79,B,INCONSISTENT_PUBLISH_PATH,6,1788353,v0.2.0
'@microsoft/applicationinsights-shims,3.0.1,41,D,UNVERIFIED_PUBLISH_PATH|DORMANT,4,1786251,v0.2.0
readline,1.3.0,33,F,UNVERIFIED_PUBLISH_PATH|DORMANT,2,1781765,v0.2.0
nuxt,4.5.0,81,B,SINGLE_MAINTAINER,1,1778185,v0.2.0
opentype.js,2.0.0,87,A,,2,1774068,v0.2.0
react-query,3.39.3,40,D,UNVERIFIED_PUBLISH_PATH|DORMANT|BRANCH_REQUIRES_PR,2,1773885,v0.2.0
'@turf/polygon-to-line,7.3.5,87,A,,8,1773331,v0.2.0
redux-persist,6.0.0,33,F,UNVERIFIED_PUBLISH_PATH|DORMANT,2,1772539,v0.2.0
unorm,1.6.0,19,F,UNVERIFIED_PUBLISH_PATH|DORMANT|SINGLE_MAINTAINER,1,1768578,v0.2.0
'@turf/center,7.3.5,87,A,,8,1766544,v0.2.0
'@chakra-ui/react,3.36.1,40,D,UNVERIFIED_PUBLISH_PATH,2,1761100,v0.2.0
geist,1.7.2,72,B,INCONSISTENT_PUBLISH_PATH|BRANCH_REQUIRES_SIGNATURES|BRANCH_REQUIRES_PR,2,1756627,v0.2.0
'@rc-component/util,1.12.0,39,D,UNVERIFIED_PUBLISH_PATH,5,1740899,v0.2.0
'@jimp/js-png,1.6.1,39,D,UNVERIFIED_PUBLISH_PATH,2,1737478,v0.2.0
aws-amplify,6.19.0,46,D,UNVERIFIED_PUBLISH_PATH,6,1732045,v0.2.0
'@types/gensync,1.0.5,33,F,UNVERIFIED_PUBLISH_PATH|SINGLE_MAINTAINER,1,1728218,v0.2.0
'@turf/circle,7.3.5,87,A,,8,1728169,v0.2.0
'@huggingface/transformers,4.2.0,34,F,UNVERIFIED_PUBLISH_PATH,5,1722966,v0.2.0
react-loading-skeleton,3.5.0,19,F,UNVERIFIED_PUBLISH_PATH|DORMANT|SINGLE_MAINTAINER,1,1705309,v0.2.0
'@amplitude/plugin-web-vitals-browser,1.1.43,89,A,,6,1701929,v0.2.0
vuex,4.1.0,28,F,UNVERIFIED_PUBLISH_PATH|DORMANT,4,1701154,v0.2.0
'@ethersproject/providers,5.8.0,31,F,UNVERIFIED_PUBLISH_PATH|SINGLE_MAINTAINER,1,1698082,v0.2.0
jsonata,2.2.2,69,C,INCONSISTENT_PUBLISH_PATH|SINGLE_MAINTAINER,1,1689802,v0.2.0
'@pulumi/aws,7.39.0,39,D,UNVERIFIED_PUBLISH_PATH,2,1684750,v0.2.0
'@preact/signals,2.10.0,89,A,,6,1684040,v0.2.0
martinez-polygon-clipping,0.8.1,63,C,SINGLE_MAINTAINER,1,1678916,v0.2.0
'@turf/bbox-polygon,7.3.5,87,A,,8,1677321,v0.2.0
isomorphic-git,1.40.0,39,D,UNVERIFIED_PUBLISH_PATH,3,1673085,v0.2.0
'@jimp/js-bmp,1.6.1,39,D,UNVERIFIED_PUBLISH_PATH,2,1666822,v0.2.0
modern-screenshot,4.7.0,63,C,INCONSISTENT_PUBLISH_PATH|SINGLE_MAINTAINER,1,1666323,v0.2.0
ndarray,1.0.19,33,F,UNVERIFIED_PUBLISH_PATH|DORMANT,5,1664194,v0.2.0
iota-array,1.0.0,19,F,UNVERIFIED_PUBLISH_PATH|DORMANT|SINGLE_MAINTAINER,1,1663688,v0.2.0
'@turf/union,7.3.5,87,A,,8,1642915,v0.2.0
rc-trigger,5.3.4,33,F,UNVERIFIED_PUBLISH_PATH|DORMANT,5,1631976,v0.2.0
'@turf/intersect,7.3.5,87,A,,8,1631208,v0.2.0
'@fingerprintjs/fingerprintjs,5.2.0,87,A,BRANCH_REQUIRES_PR,2,1626092,v0.2.0
ag-charts-community,14.0.2,86,A,SINGLE_MAINTAINER,1,1624998,v0.2.0
'@turf/along,7.3.5,87,A,,8,1623237,v0.2.0
cropperjs,2.1.1,73,B,SINGLE_MAINTAINER,1,1619524,v0.2.0
slug,12.0.1,73,B,SINGLE_MAINTAINER,1,1619421,v0.2.0
'@amplitude/rrweb-types,2.1.2,82,B,,6,1613151,v0.2.0
'@turf/clean-coords,7.3.5,87,A,,8,1609228,v0.2.0
imask,7.6.1,19,F,UNVERIFIED_PUBLISH_PATH|DORMANT|SINGLE_MAINTAINER,1,1606312,v0.2.0
body-scroll-lock,4.0.0-beta.0,14,F,UNVERIFIED_PUBLISH_PATH|DORMANT|SINGLE_MAINTAINER,1,1605853,v0.2.0
'@microsoft/applicationinsights-channel-js,3.4.3,47,D,UNVERIFIED_PUBLISH_PATH,3,1604431,v0.2.0
'@rsbuild/core,2.1.8,88,A,,2,1599938,v0.2.0
react-bootstrap,2.10.10,39,D,UNVERIFIED_PUBLISH_PATH,3,1593282,v0.2.0
'@turf/boolean-disjoint,7.3.5,87,A,,8,1572375,v0.2.0
credit-card-type,10.3.0,38,D,UNVERIFIED_PUBLISH_PATH|SINGLE_MAINTAINER,1,1571901,v0.2.0
'@effect/platform,0.97.0,82,B,,3,1571802,v0.2.0
tldjs,2.3.2,25,F,UNVERIFIED_PUBLISH_PATH|SINGLE_MAINTAINER,1,1568535,v0.2.0
'@turf/boolean-contains,7.3.5,87,A,,8,1564301,v0.2.0
exifr,7.1.3,19,F,UNVERIFIED_PUBLISH_PATH|DORMANT|SINGLE_MAINTAINER,1,1559194,v0.2.0
'@turf/buffer,7.3.5,87,A,,8,1555721,v0.2.0
mediabunny,1.51.0,73,B,SINGLE_MAINTAINER,1,1554010,v0.2.0
'@turf/truncate,7.3.5,87,A,,8,1553927,v0.2.0
'@base-org/account,2.5.7,94,A,,4,1553835,v0.2.0
'@inversifyjs/core,15.0.1,27,F,UNVERIFIED_PUBLISH_PATH|SINGLE_MAINTAINER,1,1550781,v0.2.0
lucide-react-native,1.26.0,68,C,SINGLE_MAINTAINER,1,1541413,v0.2.0
'@turf/kinks,7.3.5,87,A,,8,1540443,v0.2.0
nostics,1.2.0,72,B,INCONSISTENT_PUBLISH_PATH,3,1539713,v0.2.0
'@openai/agents-core,0.13.5,88,A,,17,1534057,v0.2.0
canvaskit-wasm,0.41.1,35,D,UNVERIFIED_PUBLISH_PATH,9,1531537,v0.2.0
normalize.css,8.0.1,19,F,UNVERIFIED_PUBLISH_PATH|DORMANT|SINGLE_MAINTAINER,1,1523107,v0.2.0
'@amplitude/plugin-page-url-enrichment-browser,0.7.21,89,A,,6,1522810,v0.2.0
'@turf/line-split,7.3.5,87,A,,8,1520426,v0.2.0
graphology,0.26.0,19,F,UNVERIFIED_PUBLISH_PATH|DORMANT|SINGLE_MAINTAINER,1,1492019,v0.2.0
'@microsoft/signalr,10.0.0,47,D,UNVERIFIED_PUBLISH_PATH|BRANCH_REQUIRES_PR,4,1491486,v0.2.0
'@turf/difference,7.3.5,87,A,,8,1487829,v0.2.0
'@turf/boolean-within,7.3.5,87,A,,8,1485101,v0.2.0
'@nevware21/ts-utils,0.16.0,47,D,UNVERIFIED_PUBLISH_PATH,2,1476209,v0.2.0
'@sentry/vue,10.68.0,27,F,UNVERIFIED_PUBLISH_PATH|SINGLE_MAINTAINER|BRANCH_REQUIRES_PR,1,1475411,v0.2.0
'@turf/rhumb-destination,7.3.5,87,A,,8,1473474,v0.2.0
'@line/bot-sdk,11.2.0,87,A,,5,1473365,v0.2.0
redoc,2.5.3,80,B,SINGLE_MAINTAINER,1,1470697,v0.2.0
'@turf/simplify,7.3.5,87,A,,8,1467770,v0.2.0
ace-builds,1.44.0,87,A,,3,1450854,v0.2.0
ag-grid-enterprise,36.0.2,93,A,BRANCH_REQUIRES_PR,4,1450417,v0.2.0
concaveman,2.0.0,46,D,UNVERIFIED_PUBLISH_PATH,28,1445260,v0.2.0
'@turf/nearest-point-to-line,7.3.5,87,A,,8,1442645,v0.2.0
'@lottiefiles/dotlottie-web,0.78.2,89,A,,2,1440192,v0.2.0
short-unique-id,5.3.2,25,F,UNVERIFIED_PUBLISH_PATH|SINGLE_MAINTAINER,1,1432267,v0.2.0
'@reown/appkit-controllers,1.8.23,76,B,,2,1432152,v0.2.0
'@turf/convex,7.3.5,87,A,,8,1424146,v0.2.0
remotion,4.0.499,20,F,UNVERIFIED_PUBLISH_PATH|SINGLE_MAINTAINER,1,1423609,v0.2.0
'@reown/appkit-ui,1.8.23,76,B,,2,1420808,v0.2.0
'@reown/appkit,1.8.23,76,B,,2,1418786,v0.2.0
'@nevware21/ts-async,0.6.1,47,D,UNVERIFIED_PUBLISH_PATH,2,1416931,v0.2.0
'@reown/appkit-scaffold-ui,1.8.23,76,B,,2,1416522,v0.2.0
'@fontsource-variable/geist,5.3.0,81,B,,2,1412749,v0.2.0
'@primeuix/utils,0.8.0,30,F,UNVERIFIED_PUBLISH_PATH,2,1412621,v0.2.0
browser-image-compression,2.0.2,19,F,UNVERIFIED_PUBLISH_PATH|DORMANT|SINGLE_MAINTAINER,1,1410397,v0.2.0
'@turf/boolean-equal,7.3.5,87,A,,8,1409200,v0.2.0
vuedraggable,2.24.3,19,F,UNVERIFIED_PUBLISH_PATH|DORMANT|SINGLE_MAINTAINER,1,1406228,v0.2.0
'@stencil/core,4.43.5,84,B,INCONSISTENT_PUBLISH_PATH,6,1402212,v0.2.0
'@turf/transform-translate,7.3.5,87,A,,8,1399841,v0.2.0
chartjs-plugin-datalabels,2.2.0,33,F,UNVERIFIED_PUBLISH_PATH|DORMANT,2,1398128,v0.2.0
htm,3.1.1,19,F,UNVERIFIED_PUBLISH_PATH|DORMANT|SINGLE_MAINTAINER,1,1393533,v0.2.0
es6-shim,0.35.8,33,F,UNVERIFIED_PUBLISH_PATH|DORMANT,2,1391586,v0.2.0
zxing-wasm,3.1.2,68,C,SINGLE_MAINTAINER,1,1390999,v0.2.0
'@turf/transform-scale,7.3.5,87,A,,8,1390331,v0.2.0
remarkable,2.0.1,28,F,UNVERIFIED_PUBLISH_PATH|DORMANT,8,1389753,v0.2.0
'@turf/center-of-mass,7.3.5,87,A,,8,1386121,v0.2.0
showdown,2.1.0,39,D,UNVERIFIED_PUBLISH_PATH|DORMANT,2,1385603,v0.2.0
'@zxing/library,0.23.0,82,B,,2,1383143,v0.2.0
gel,2.2.0,39,D,UNVERIFIED_PUBLISH_PATH,2,1381663,v0.2.0
'@ckeditor/ckeditor5-core,48.3.1,38,D,UNVERIFIED_PUBLISH_PATH|SINGLE_MAINTAINER,1,1381084,v0.2.0
globalize,1.7.1,45,D,UNVERIFIED_PUBLISH_PATH,3,1380831,v0.2.0
'@ckeditor/ckeditor5-utils,48.3.1,38,D,UNVERIFIED_PUBLISH_PATH|SINGLE_MAINTAINER,1,1380288,v0.2.0
'@ckeditor/ckeditor5-engine,48.3.1,38,D,UNVERIFIED_PUBLISH_PATH|SINGLE_MAINTAINER,1,1379745,v0.2.0
'@turf/transform-rotate,7.3.5,87,A,,8,1378584,v0.2.0
'@turf/bbox-clip,7.3.5,87,A,,8,1378111,v0.2.0
'@turf/flatten,7.3.5,87,A,,8,1370738,v0.2.0
'@material-ui/core,4.12.4,15,F,UNVERIFIED_PUBLISH_PATH|DORMANT|SINGLE_MAINTAINER|PUBLISHER_NOT_MAINTAINER|DEPRECATED,1,1370116,v0.2.0
'@chakra-ui/utils,2.2.2,34,F,UNVERIFIED_PUBLISH_PATH|DORMANT,2,1368527,v0.2.0
'@turf/midpoint,7.3.5,87,A,,8,1366935,v0.2.0
'@hubspot/api-client,14.0.1,39,D,UNVERIFIED_PUBLISH_PATH,47,1365172,v0.2.0
'@turf/nearest-point,7.3.5,87,A,,8,1362684,v0.2.0
hotkeys-js,4.0.4,73,B,SINGLE_MAINTAINER,1,1361970,v0.2.0
react-responsive,10.0.1,39,D,UNVERIFIED_PUBLISH_PATH,2,1359831,v0.2.0
'@turf/line-overlap,7.3.5,87,A,,8,1358581,v0.2.0
'@turf/points-within-polygon,7.3.5,87,A,,8,1356508,v0.2.0
'@turf/explode,7.3.5,87,A,,8,1356319,v0.2.0
'@videojs/vhs-utils,4.1.2,39,D,UNVERIFIED_PUBLISH_PATH,17,1355003,v0.2.0
'@turf/boolean-overlap,7.3.5,87,A,,8,1354783,v0.2.0
zxcvbn,4.4.2,19,F,UNVERIFIED_PUBLISH_PATH|DORMANT|SINGLE_MAINTAINER,1,1353902,v0.2.0
'@turf/ellipse,7.3.5,87,A,,8,1353458,v0.2.0
'@microsoft/applicationinsights-common,3.4.3,47,D,UNVERIFIED_PUBLISH_PATH,3,1347614,v0.2.0
contentful,11.12.7,80,B,SINGLE_MAINTAINER|BRANCH_REQUIRES_PR,1,1346642,v0.2.0
striptags,3.2.0,25,F,UNVERIFIED_PUBLISH_PATH|DORMANT|SINGLE_MAINTAINER,1,1344729,v0.2.0
binary-search-bounds,2.0.5,19,F,UNVERIFIED_PUBLISH_PATH|DORMANT|SINGLE_MAINTAINER,1,1343607,v0.2.0
'@pdf-lib/fontkit,1.1.1,14,F,UNVERIFIED_PUBLISH_PATH|DORMANT|SINGLE_MAINTAINER,1,1342404,v0.2.0
'@turf/combine,7.3.5,87,A,,8,1336027,v0.2.0
'@turf/square,7.3.5,87,A,,8,1333872,v0.2.0
'@turf/unkink-polygon,7.3.5,87,A,,8,1333002,v0.2.0
'@ckeditor/ckeditor5-ui,48.3.1,38,D,UNVERIFIED_PUBLISH_PATH|SINGLE_MAINTAINER,1,1331567,v0.2.0
'@turf/boolean-crosses,7.3.5,87,A,,8,1326380,v0.2.0
'@turf/envelope,7.3.5,87,A,,8,1325774,v0.2.0
'@turf/line-arc,7.3.5,87,A,,8,1322509,v0.2.0
jsbarcode,3.12.3,25,F,UNVERIFIED_PUBLISH_PATH|SINGLE_MAINTAINER,1,1321091,v0.2.0
'@turf/line-slice,7.3.5,87,A,,8,1316979,v0.2.0
topojson-server,3.0.1,19,F,UNVERIFIED_PUBLISH_PATH|DORMANT|SINGLE_MAINTAINER,1,1315836,v0.2.0
'@turf/point-on-feature,7.3.5,87,A,,8,1315019,v0.2.0
'@turf/bezier-spline,7.3.5,87,A,,8,1314461,v0.2.0
'@turf/clusters-dbscan,7.3.5,87,A,,8,1314029,v0.2.0
'@turf/line-to-polygon,7.3.5,87,A,,8,1312973,v0.2.0
'@turf/line-slice-along,7.3.5,87,A,,8,1311230,v0.2.0
driver.js,1.8.0,20,F,UNVERIFIED_PUBLISH_PATH|SINGLE_MAINTAINER,1,1310293,v0.2.0
'@turf/sector,7.3.5,87,A,,8,1308313,v0.2.0
'@turf/mask,7.3.5,87,A,,8,1306941,v0.2.0
'@turf/great-circle,7.3.5,87,A,,8,1304356,v0.2.0
'@turf/line-offset,7.3.5,87,A,,8,1303904,v0.2.0
tus-js-client,4.3.1,33,F,UNVERIFIED_PUBLISH_PATH|DORMANT|BRANCH_REQUIRES_SIGNATURES,2,1303578,v0.2.0
'@turf/clusters-kmeans,7.3.5,87,A,,8,1301831,v0.2.0
'@turf/boolean-intersects,7.3.5,87,A,,8,1301385,v0.2.0
'@turf/square-grid,7.3.5,87,A,,8,1301247,v0.2.0
'@turf/random,7.3.5,87,A,,8,1300449,v0.2.0
'@turf/line-chunk,7.3.5,87,A,,8,1299673,v0.2.0
'@turf/point-grid,7.3.5,87,A,,8,1296417,v0.2.0
'@turf/dissolve,7.3.5,87,A,,8,1296224,v0.2.0
'@turf/tin,7.3.5,87,A,,8,1294042,v0.2.0
'@vimeo/player,2.30.4,39,D,UNVERIFIED_PUBLISH_PATH,3,1291871,v0.2.0
'@turf/polygonize,7.3.5,87,A,,8,1291522,v0.2.0
'@turf/hex-grid,7.3.5,87,A,,8,1291338,v0.2.0
'@turf/voronoi,7.3.5,87,A,,8,1290204,v0.2.0
html2pdf.js,0.14.0,25,F,UNVERIFIED_PUBLISH_PATH|SINGLE_MAINTAINER,1,1289750,v0.2.0
'@turf/concave,7.3.5,87,A,,8,1289672,v0.2.0
'@turf/triangle-grid,7.3.5,87,A,,8,1287130,v0.2.0
'@turf/interpolate,7.3.5,87,A,,8,1286441,v0.2.0
'@turf/flip,7.3.5,87,A,,8,1285174,v0.2.0
'@turf/collect,7.3.5,87,A,,8,1284422,v0.2.0
'@turf/clusters,7.3.5,87,A,,8,1283410,v0.2.0
'@turf/planepoint,7.3.5,87,A,,8,1282948,v0.2.0
'@turf/tag,7.3.5,87,A,,8,1282743,v0.2.0
'@turf/tesselate,7.3.5,87,A,,8,1282729,v0.2.0
'@turf/isolines,7.3.5,87,A,,8,1282663,v0.2.0
ag-charts-core,14.0.2,86,A,SINGLE_MAINTAINER,1,1282509,v0.2.0
'@turf/sample,7.3.5,87,A,,8,1282345,v0.2.0
'@turf/center-mean,7.3.5,87,A,,8,1282249,v0.2.0
weakmap-polyfill,2.0.4,14,F,UNVERIFIED_PUBLISH_PATH|DORMANT|SINGLE_MAINTAINER,1,1282180,v0.2.0
'@turf/isobands,7.3.5,87,A,,8,1282080,v0.2.0
'@turf/polygon-tangents,7.3.5,87,A,,8,1281315,v0.2.0
'@turf/shortest-path,7.3.5,87,A,,8,1281138,v0.2.0
'@turf/center-median,7.3.5,87,A,,8,1280987,v0.2.0
'@turf/boolean-parallel,7.3.5,87,A,,8,1280741,v0.2.0
'@turf/standard-deviational-ellipse,7.3.5,87,A,,8,1279859,v0.2.0
'@xterm/addon-web-links,0.12.0,25,F,UNVERIFIED_PUBLISH_PATH|SINGLE_MAINTAINER,1,1273368,v0.2.0
'@capacitor/push-notifications,8.1.2,69,C,REPO_LINKAGE_MISMATCH,18,1270351,v0.2.0
'@turf/turf,7.3.5,87,A,,8,1267644,v0.2.0
barcode-detector,3.2.1,68,C,SINGLE_MAINTAINER,1,1264395,v0.2.0
slick-carousel,1.8.1,19,F,UNVERIFIED_PUBLISH_PATH|DORMANT|SINGLE_MAINTAINER,1,1258735,v0.2.0
'@chakra-ui/styled-system,2.12.0,34,F,UNVERIFIED_PUBLISH_PATH|DORMANT,2,1255000,v0.2.0
react-calendar,6.0.1,87,A,,3,1253166,v0.2.0
card-validator,10.0.4,38,D,UNVERIFIED_PUBLISH_PATH|SINGLE_MAINTAINER,1,1247532,v0.2.0
vscode-oniguruma,2.0.1,34,F,UNVERIFIED_PUBLISH_PATH|DORMANT,6,1244314,v0.2.0
splaytree-ts,1.0.2,19,F,UNVERIFIED_PUBLISH_PATH|DORMANT|SINGLE_MAINTAINER,1,1242857,v0.2.0
polyclip-ts,0.16.8,19,F,UNVERIFIED_PUBLISH_PATH|DORMANT|SINGLE_MAINTAINER,1,1242719,v0.2.0
sweepline-intersections,2.0.1,19,F,UNVERIFIED_PUBLISH_PATH|DORMANT|SINGLE_MAINTAINER,1,1241231,v0.2.0
'@algolia/autocomplete-preset-algolia,1.19.9,29,F,UNVERIFIED_PUBLISH_PATH|PUBLISHER_NOT_MAINTAINER,14,1241097,v0.2.0
brotli-wasm,3.0.1,19,F,UNVERIFIED_PUBLISH_PATH|DORMANT|SINGLE_MAINTAINER,1,1239770,v0.2.0
skmeans,0.11.3,19,F,UNVERIFIED_PUBLISH_PATH|DORMANT|SINGLE_MAINTAINER,1,1239153,v0.2.0
'@mastra/core,1.52.1,79,B,INCONSISTENT_PUBLISH_PATH,7,1238549,v0.2.0
'@lit/context,1.1.6,84,B,,8,1238304,v0.2.0
'@rc-component/motion,1.3.3,39,D,UNVERIFIED_PUBLISH_PATH,5,1232821,v0.2.0
'@uppy/utils,7.2.0,45,D,UNVERIFIED_PUBLISH_PATH,4,1228102,v0.2.0
'@fontsource/roboto,5.3.0,81,B,,2,1226372,v0.2.0
html5-qrcode,2.3.8,19,F,UNVERIFIED_PUBLISH_PATH|DORMANT|SINGLE_MAINTAINER,1,1225319,v0.2.0
wavesurfer.js,7.12.11,25,F,UNVERIFIED_PUBLISH_PATH|SINGLE_MAINTAINER,1,1220854,v0.2.0
primeicons,8.0.0,30,F,UNVERIFIED_PUBLISH_PATH,2,1220316,v0.2.0
'@amplitude/ua-parser-js,0.7.33,28,F,UNVERIFIED_PUBLISH_PATH|DORMANT|PUBLISHER_NOT_MAINTAINER,6,1218911,v0.2.0
react-big-calendar,1.20.0,39,D,UNVERIFIED_PUBLISH_PATH,3,1218015,v0.2.0
systemjs,6.15.1,33,F,UNVERIFIED_PUBLISH_PATH|DORMANT,2,1217542,v0.2.0
'@codesandbox/sandpack-client,2.19.8,35,D,UNVERIFIED_PUBLISH_PATH|DORMANT|PUBLISHER_NOT_MAINTAINER|BRANCH_REQUIRES_PR,3,1212584,v0.2.0
'@walletconnect/ethereum-provider,2.23.10,81,B,,2,1210608,v0.2.0
convex,1.42.3,34,F,UNVERIFIED_PUBLISH_PATH,13,1210212,v0.2.0
ag-charts-enterprise,14.0.2,86,A,SINGLE_MAINTAINER,1,1208479,v0.2.0
amazon-cognito-identity-js,6.3.20,46,D,UNVERIFIED_PUBLISH_PATH,11,1207078,v0.2.0
es5-shim,4.6.7,33,F,UNVERIFIED_PUBLISH_PATH|DORMANT,3,1204066,v0.2.0
openpgp,6.3.1,45,D,UNVERIFIED_PUBLISH_PATH,4,1200683,v0.2.0
'@azure/core-http,3.0.5,24,F,UNVERIFIED_PUBLISH_PATH|DORMANT|DEPRECATED,3,1196039,v0.2.0
mux.js,6.3.0,33,F,UNVERIFIED_PUBLISH_PATH|DORMANT,20,1195006,v0.2.0
'@rc-component/resize-observer,1.1.2,39,D,UNVERIFIED_PUBLISH_PATH,5,1194525,v0.2.0
enquire.js,2.1.6,19,F,UNVERIFIED_PUBLISH_PATH|DORMANT|SINGLE_MAINTAINER,1,1194423,v0.2.0
backbone,1.6.1,45,D,UNVERIFIED_PUBLISH_PATH,4,1190393,v0.2.0
static-browser-server,1.1.0,39,D,UNVERIFIED_PUBLISH_PATH|BRANCH_REQUIRES_PR,2,1189456,v0.2.0
lenis,1.3.25,46,D,UNVERIFIED_PUBLISH_PATH,2,1185397,v0.2.0
graphiql,5.2.4,93,A,,12,1185059,v0.2.0
'@remotion/player,4.0.499,20,F,UNVERIFIED_PUBLISH_PATH|SINGLE_MAINTAINER,1,1182590,v0.2.0
turndown-plugin-gfm,1.0.2,19,F,UNVERIFIED_PUBLISH_PATH|DORMANT|SINGLE_MAINTAINER,1,1179565,v0.2.0
docx-preview,0.4.0,25,F,UNVERIFIED_PUBLISH_PATH|SINGLE_MAINTAINER,1,1176657,v0.2.0
'@shopify/react-native-skia,2.10.0,82,B,,6,1175611,v0.2.0
number-flow,0.6.2,20,F,UNVERIFIED_PUBLISH_PATH|SINGLE_MAINTAINER,1,1175471,v0.2.0
redux-logger,3.0.6,14,F,UNVERIFIED_PUBLISH_PATH|DORMANT|SINGLE_MAINTAINER|PUBLISHER_NOT_MAINTAINER,1,1172611,v0.2.0
jsts,2.12.1,19,F,UNVERIFIED_PUBLISH_PATH|DORMANT|SINGLE_MAINTAINER,1,1171649,v0.2.0
'@browserbasehq/stagehand,3.7.1,89,A,,8,1171602,v0.2.0
js-sha512,0.9.0,19,F,UNVERIFIED_PUBLISH_PATH|DORMANT|SINGLE_MAINTAINER,1,1170503,v0.2.0
m3u8-parser,7.2.0,28,F,UNVERIFIED_PUBLISH_PATH|DORMANT|PUBLISHER_NOT_MAINTAINER,20,1164827,v0.2.0
'@rc-component/select,1.10.0,39,D,UNVERIFIED_PUBLISH_PATH,5,1163333,v0.2.0
phoenix,1.8.9,83,B,INCONSISTENT_PUBLISH_PATH,3,1161952,v0.2.0
'@rc-component/virtual-list,1.4.0,39,D,UNVERIFIED_PUBLISH_PATH,5,1161781,v0.2.0
'@rc-component/tree,1.3.2,39,D,UNVERIFIED_PUBLISH_PATH,5,1158186,v0.2.0
'@rc-component/slider,1.1.1,39,D,UNVERIFIED_PUBLISH_PATH,5,1157586,v0.2.0
flexsearch,0.8.212,31,F,UNVERIFIED_PUBLISH_PATH|SINGLE_MAINTAINER,1,1157128,v0.2.0
'@rc-component/cascader,1.21.0,39,D,UNVERIFIED_PUBLISH_PATH,5,1156683,v0.2.0
gpt-tokenizer,3.4.0,25,F,UNVERIFIED_PUBLISH_PATH|SINGLE_MAINTAINER,1,1153577,v0.2.0
'@formkit/auto-animate,0.10.0,87,A,,4,1152127,v0.2.0
html2canvas-pro,2.3.1,58,C,INCONSISTENT_PUBLISH_PATH|SINGLE_MAINTAINER,1,1147822,v0.2.0
hash-wasm,4.12.0,33,F,UNVERIFIED_PUBLISH_PATH|DORMANT,2,1146119,v0.2.0
'@types/selenium-webdriver,4.35.6,33,F,UNVERIFIED_PUBLISH_PATH|SINGLE_MAINTAINER,1,1143835,v0.2.0
simple-statistics,7.9.3,68,C,SINGLE_MAINTAINER,1,1143678,v0.2.0
'@rc-component/drawer,1.4.2,39,D,UNVERIFIED_PUBLISH_PATH,5,1139644,v0.2.0
'@fortawesome/free-brands-svg-icons,7.3.1,34,F,UNVERIFIED_PUBLISH_PATH,8,1138090,v0.2.0
'@rc-component/picker,1.11.0,39,D,UNVERIFIED_PUBLISH_PATH,5,1134426,v0.2.0
libheif-js,1.19.8,25,F,UNVERIFIED_PUBLISH_PATH|SINGLE_MAINTAINER,1,1132152,v0.2.0
chartjs-plugin-annotation,3.1.0,33,F,UNVERIFIED_PUBLISH_PATH|DORMANT,2,1130268,v0.2.0
proj4,2.20.9,83,B,INCONSISTENT_PUBLISH_PATH,2,1129473,v0.2.0
'@rc-component/overflow,1.0.1,39,D,UNVERIFIED_PUBLISH_PATH,5,1125550,v0.2.0
video.js,8.23.9,39,D,UNVERIFIED_PUBLISH_PATH,19,1124897,v0.2.0
'@rc-component/menu,1.4.1,39,D,UNVERIFIED_PUBLISH_PATH,5,1117354,v0.2.0
'@rc-component/tabs,1.12.0,39,D,UNVERIFIED_PUBLISH_PATH,5,1114698,v0.2.0
'@rc-component/dropdown,1.0.3,39,D,UNVERIFIED_PUBLISH_PATH,5,1113308,v0.2.0
webfontloader,1.6.28,33,F,UNVERIFIED_PUBLISH_PATH|DORMANT,2,1108999,v0.2.0
'@rc-component/form,1.8.5,39,D,UNVERIFIED_PUBLISH_PATH,5,1107804,v0.2.0
'@uppy/core,5.2.0,45,D,UNVERIFIED_PUBLISH_PATH,4,1106041,v0.2.0
jsrsasign,11.1.3,31,F,UNVERIFIED_PUBLISH_PATH|SINGLE_MAINTAINER,1,1104978,v0.2.0
ably,2.26.0,39,D,UNVERIFIED_PUBLISH_PATH,9,1104605,v0.2.0
'@rc-component/dialog,1.10.0,39,D,UNVERIFIED_PUBLISH_PATH,5,1101339,v0.2.0
'@rc-component/tree-select,1.15.0,39,D,UNVERIFIED_PUBLISH_PATH,5,1101271,v0.2.0
'@rc-component/mentions,1.11.0,39,D,UNVERIFIED_PUBLISH_PATH,5,1100111,v0.2.0
'@rc-component/table,1.10.4,39,D,UNVERIFIED_PUBLISH_PATH,5,1099744,v0.2.0
'@chakra-ui/theme,3.4.6,34,F,UNVERIFIED_PUBLISH_PATH|DORMANT,2,1098574,v0.2.0
'@rc-component/input,1.3.1,39,D,UNVERIFIED_PUBLISH_PATH,5,1097056,v0.2.0
'@rc-component/pagination,1.5.0,39,D,UNVERIFIED_PUBLISH_PATH,5,1096461,v0.2.0
font-awesome,4.7.0,19,F,UNVERIFIED_PUBLISH_PATH|DORMANT|SINGLE_MAINTAINER,1,1095929,v0.2.0
'@microsoft/applicationinsights-properties-js,3.4.3,47,D,UNVERIFIED_PUBLISH_PATH,3,1093719,v0.2.0
'@rc-component/notification,2.0.7,39,D,UNVERIFIED_PUBLISH_PATH,5,1090270,v0.2.0
'@hotwired/stimulus,3.2.2,39,D,UNVERIFIED_PUBLISH_PATH|DORMANT,6,1089133,v0.2.0
'@rc-component/image,1.10.0,39,D,UNVERIFIED_PUBLISH_PATH,5,1088559,v0.2.0
'@microsoft/applicationinsights-analytics-js,3.4.3,47,D,UNVERIFIED_PUBLISH_PATH,3,1088417,v0.2.0
'@rc-component/upload,1.1.1,39,D,UNVERIFIED_PUBLISH_PATH,5,1086961,v0.2.0
'@microsoft/applicationinsights-dependencies-js,3.4.3,47,D,UNVERIFIED_PUBLISH_PATH,3,1084877,v0.2.0
'@microsoft/applicationinsights-web,3.4.3,47,D,UNVERIFIED_PUBLISH_PATH,3,1083164,v0.2.0
vee-validate,4.15.1,62,C,SINGLE_MAINTAINER,1,1082116,v0.2.0
utif,3.1.0,33,F,UNVERIFIED_PUBLISH_PATH|DORMANT,2,1081561,v0.2.0
'@turf/geojson-rbush,7.3.5,87,A,,8,1080913,v0.2.0
react-native-maps,1.29.0,100,A,,16,1080468,v0.2.0
'@rc-component/collapse,1.2.0,39,D,UNVERIFIED_PUBLISH_PATH,5,1080116,v0.2.0
'@rc-component/progress,1.0.2,39,D,UNVERIFIED_PUBLISH_PATH,5,1076522,v0.2.0
'@rc-component/input-number,1.6.2,39,D,UNVERIFIED_PUBLISH_PATH,5,1075863,v0.2.0
h3-js,4.5.0,39,D,UNVERIFIED_PUBLISH_PATH,2,1075208,v0.2.0
'@amplitude/session-replay-browser,1.48.0,89,A,,6,1074564,v0.2.0
'@rc-component/rate,1.0.1,39,D,UNVERIFIED_PUBLISH_PATH,5,1073821,v0.2.0
'@rc-component/steps,1.2.2,39,D,UNVERIFIED_PUBLISH_PATH,5,1073438,v0.2.0
wkt-parser,1.5.6,39,D,UNVERIFIED_PUBLISH_PATH,2,1072832,v0.2.0
tinymce,8.8.1,47,D,UNVERIFIED_PUBLISH_PATH,3,1071210,v0.2.0
'@restart/ui,1.9.4,33,F,UNVERIFIED_PUBLISH_PATH|DORMANT,3,1069981,v0.2.0
'@turf/rectangle-grid,7.3.5,87,A,,8,1068332,v0.2.0
'@turf/polygon-smooth,7.3.5,87,A,,8,1068031,v0.2.0
node-uuid,1.4.8,33,F,UNVERIFIED_PUBLISH_PATH|DORMANT|DEPRECATED,2,1067826,v0.2.0
hogan.js,3.0.2,33,F,UNVERIFIED_PUBLISH_PATH|DORMANT,2,1067369,v0.2.0
'@zxcvbn-ts/core,4.1.2,31,F,UNVERIFIED_PUBLISH_PATH|SINGLE_MAINTAINER,1,1064213,v0.2.0
'@videojs/http-streaming,3.17.5,39,D,UNVERIFIED_PUBLISH_PATH,97,1063993,v0.2.0
transliteration,2.6.1,63,C,SINGLE_MAINTAINER,1,1063675,v0.2.0
ckeditor5,48.3.1,38,D,UNVERIFIED_PUBLISH_PATH|SINGLE_MAINTAINER,1,1059327,v0.2.0
'@turf/angle,7.3.5,87,A,,8,1058688,v0.2.0
msgpack-lite,0.1.26,19,F,UNVERIFIED_PUBLISH_PATH|DORMANT|SINGLE_MAINTAINER,1,1058654,v0.2.0
'@amplitude/rrweb-snapshot,2.1.2,82,B,,6,1056556,v0.2.0
'@amplitude/rrweb,2.1.3,82,B,,6,1056118,v0.2.0
oauth-1.0a,2.2.6,19,F,UNVERIFIED_PUBLISH_PATH|DORMANT|SINGLE_MAINTAINER,1,1054701,v0.2.0
'@turf/distance-weight,7.3.5,87,A,,8,1052851,v0.2.0
'@turf/moran-index,7.3.5,87,A,,8,1052144,v0.2.0
keycloak-js,26.2.4,41,D,UNVERIFIED_PUBLISH_PATH,4,1049881,v0.2.0
'@remotion/renderer,4.0.499,20,F,UNVERIFIED_PUBLISH_PATH|SINGLE_MAINTAINER,1,1044058,v0.2.0
js-binary-schema-parser,2.0.3,19,F,UNVERIFIED_PUBLISH_PATH|DORMANT|SINGLE_MAINTAINER,1,1038963,v0.2.0
'@hotwired/turbo,8.0.23,34,F,UNVERIFIED_PUBLISH_PATH,6,1036651,v0.2.0
'@amplitude/rrweb-packer,2.1.2,82,B,,6,1034245,v0.2.0
'@react-navigation/stack,7.10.17,39,D,UNVERIFIED_PUBLISH_PATH,6,1034003,v0.2.0
'@turf/jsts,2.7.2,28,F,UNVERIFIED_PUBLISH_PATH|DORMANT|PUBLISHER_NOT_MAINTAINER,8,1032809,v0.2.0
requestidlecallback,0.3.0,19,F,UNVERIFIED_PUBLISH_PATH|DORMANT|SINGLE_MAINTAINER,1,1030858,v0.2.0
node,26.5.0,73,B,SINGLE_MAINTAINER,1,1029181,v0.2.0
react-apexcharts,2.1.1,77,B,INCONSISTENT_PUBLISH_PATH,2,1027830,v0.2.0
ismobilejs,1.1.1,19,F,UNVERIFIED_PUBLISH_PATH|DORMANT|SINGLE_MAINTAINER,1,1021900,v0.2.0
tocbot,4.36.8,25,F,UNVERIFIED_PUBLISH_PATH|SINGLE_MAINTAINER,1,1018559,v0.2.0
'@xterm/addon-webgl,0.19.0,25,F,UNVERIFIED_PUBLISH_PATH|SINGLE_MAINTAINER,1,1018047,v0.2.0
'@remotion/media-parser,4.0.499,20,F,UNVERIFIED_PUBLISH_PATH|SINGLE_MAINTAINER,1,1017930,v0.2.0
sweetalert2,11.26.25,79,B,SINGLE_MAINTAINER,1,1015593,v0.2.0
'@mui/x-charts,9.10.1,95,A,,16,1013458,v0.2.0
'@ckeditor/ckeditor5-widget,48.3.1,38,D,UNVERIFIED_PUBLISH_PATH|SINGLE_MAINTAINER,1,1010853,v0.2.0
'@ckeditor/ckeditor5-enter,48.3.1,38,D,UNVERIFIED_PUBLISH_PATH|SINGLE_MAINTAINER,1,1008950,v0.2.0
heic2any,0.0.4,19,F,UNVERIFIED_PUBLISH_PATH|DORMANT|SINGLE_MAINTAINER,1,1008059,v0.2.0
intl-tel-input,29.1.2,63,C,INCONSISTENT_PUBLISH_PATH|SINGLE_MAINTAINER,1,1000744,v0.2.0
geotiff,3.0.5,39,D,UNVERIFIED_PUBLISH_PATH,3,990587,v0.2.0
animejs,4.5.0,25,F,UNVERIFIED_PUBLISH_PATH|SINGLE_MAINTAINER,1,989928,v0.2.0
'@ckeditor/ckeditor5-clipboard,48.3.1,38,D,UNVERIFIED_PUBLISH_PATH|SINGLE_MAINTAINER,1,989732,v0.2.0
'@rails/activestorage,8.1.300,94,A,,8,986375,v0.2.0
'@rive-app/canvas,2.39.1,87,A,BRANCH_REQUIRES_PR,5,985964,v0.2.0
'@zxcvbn-ts/language-common,4.1.3,31,F,UNVERIFIED_PUBLISH_PATH|SINGLE_MAINTAINER,1,985431,v0.2.0
vuetify,4.1.6,93,A,,4,982854,v0.2.0
'@amplitude/rrweb-plugin-console-record,2.1.3,82,B,,6,981587,v0.2.0
url-search-params-polyfill,8.2.5,19,F,UNVERIFIED_PUBLISH_PATH|DORMANT|SINGLE_MAINTAINER,1,979028,v0.2.0
'@amplitude/plugin-custom-enrichment-browser,0.1.19,79,B,INCONSISTENT_PUBLISH_PATH,6,976760,v0.2.0
vue-chartjs,5.3.4,20,F,UNVERIFIED_PUBLISH_PATH|SINGLE_MAINTAINER,1,976591,v0.2.0
'@antv/util,3.3.11,39,D,UNVERIFIED_PUBLISH_PATH,19,976475,v0.2.0
bezier-js,6.1.4,19,F,UNVERIFIED_PUBLISH_PATH|DORMANT|SINGLE_MAINTAINER,1,976129,v0.2.0
'@babel/standalone,8.0.4,78,B,INCONSISTENT_PUBLISH_PATH,4,973667,v0.2.0
'@flatten-js/interval-tree,2.0.3,57,C,SINGLE_MAINTAINER,1,968620,v0.2.0
'@okta/okta-auth-js,8.0.1,20,F,UNVERIFIED_PUBLISH_PATH|SINGLE_MAINTAINER,1,968620,v0.2.0
'@ckeditor/ckeditor5-upload,48.3.1,38,D,UNVERIFIED_PUBLISH_PATH|SINGLE_MAINTAINER,1,968374,v0.2.0
'@ckeditor/ckeditor5-undo,48.3.1,38,D,UNVERIFIED_PUBLISH_PATH|SINGLE_MAINTAINER,1,966796,v0.2.0
pizzip,3.2.0,25,F,UNVERIFIED_PUBLISH_PATH|SINGLE_MAINTAINER,1,966295,v0.2.0
promise.prototype.finally,3.1.8,33,F,UNVERIFIED_PUBLISH_PATH|DORMANT,2,965931,v0.2.0
'@fullcalendar/list,6.1.21,20,F,UNVERIFIED_PUBLISH_PATH|SINGLE_MAINTAINER,1,964266,v0.2.0
'@amplitude/rrweb-record,2.1.3,82,B,,6,961586,v0.2.0
'@chakra-ui/hooks,2.4.2,34,F,UNVERIFIED_PUBLISH_PATH|DORMANT,2,961426,v0.2.0
mousetrap,1.6.5,33,F,UNVERIFIED_PUBLISH_PATH|DORMANT,2,961041,v0.2.0
embla-carousel-fade,8.6.0,25,F,UNVERIFIED_PUBLISH_PATH|SINGLE_MAINTAINER,1,957457,v0.2.0
'@huggingface/tokenizers,0.1.3,87,A,,5,953455,v0.2.0
color-space,3.1.0,39,D,UNVERIFIED_PUBLISH_PATH,6,953165,v0.2.0
smoothscroll-polyfill,0.4.4,33,F,UNVERIFIED_PUBLISH_PATH|DORMANT,3,950345,v0.2.0
wheel-gestures,2.2.48,19,F,UNVERIFIED_PUBLISH_PATH|DORMANT|SINGLE_MAINTAINER,1,948976,v0.2.0
'@ckeditor/ckeditor5-select-all,48.3.1,38,D,UNVERIFIED_PUBLISH_PATH|SINGLE_MAINTAINER,1,948554,v0.2.0
'@tanstack/query-sync-storage-persister,5.101.4,89,A,,3,947687,v0.2.0
'@amplitude/targeting,0.3.8,89,A,,6,945592,v0.2.0
'@wagmi/core,3.6.4,89,A,,2,943216,v0.2.0
embla-carousel-wheel-gestures,8.1.0,20,F,UNVERIFIED_PUBLISH_PATH|SINGLE_MAINTAINER,1,943054,v0.2.0
'@tensorflow/tfjs-core,4.22.0,33,F,UNVERIFIED_PUBLISH_PATH|DORMANT,10,941635,v0.2.0
'@iconify-json/simple-icons,1.2.91,21,F,UNVERIFIED_PUBLISH_PATH|SINGLE_MAINTAINER,1,936919,v0.2.0
'@ark-ui/react,5.37.2,77,B,INCONSISTENT_PUBLISH_PATH,2,936410,v0.2.0
lucide,1.26.0,68,C,SINGLE_MAINTAINER,1,930531,v0.2.0
howler,2.2.4,19,F,UNVERIFIED_PUBLISH_PATH|DORMANT|SINGLE_MAINTAINER,1,929755,v0.2.0
'@growthbook/growthbook,1.6.5,45,D,UNVERIFIED_PUBLISH_PATH,2,928906,v0.2.0
geojson-equality-ts,1.0.2,51,C,DORMANT|SINGLE_MAINTAINER,1,927878,v0.2.0
jquery-ui,1.14.2,45,D,UNVERIFIED_PUBLISH_PATH,5,927842,v0.2.0
'@hotwired/turbo-rails,8.0.23,34,F,UNVERIFIED_PUBLISH_PATH,6,926018,v0.2.0
validate.js,0.13.1,19,F,UNVERIFIED_PUBLISH_PATH|DORMANT|SINGLE_MAINTAINER,1,924087,v0.2.0
url-polyfill,1.1.14,25,F,UNVERIFIED_PUBLISH_PATH|SINGLE_MAINTAINER,1,921793,v0.2.0
lucide-vue-next,1.0.0,68,C,SINGLE_MAINTAINER|DEPRECATED,1,921704,v0.2.0
'@material-ui/icons,4.11.3,15,F,UNVERIFIED_PUBLISH_PATH|DORMANT|SINGLE_MAINTAINER|PUBLISHER_NOT_MAINTAINER,1,920910,v0.2.0
'@opentelemetry/context-zone-peer-dep,2.10.0,94,A,,6,918963,v0.2.0
nostr-tools,2.24.1,25,F,UNVERIFIED_PUBLISH_PATH|SINGLE_MAINTAINER,1,917898,v0.2.0
'@capacitor/synapse,1.0.4,35,D,UNVERIFIED_PUBLISH_PATH,18,914255,v0.2.0
'@chenglou/pretext,0.0.8,31,F,UNVERIFIED_PUBLISH_PATH|SINGLE_MAINTAINER,1,908043,v0.2.0
'@primeuix/styles,3.0.0,30,F,UNVERIFIED_PUBLISH_PATH,2,903766,v0.2.0
'@openzeppelin/contracts,5.6.1,95,A,,7,900564,v0.2.0
svg.js,2.7.1,33,F,UNVERIFIED_PUBLISH_PATH|DORMANT,3,896285,v0.2.0
javascript-obfuscator,5.5.0,25,F,UNVERIFIED_PUBLISH_PATH|SINGLE_MAINTAINER,1,893918,v0.2.0
docxtemplater,3.69.3,31,F,UNVERIFIED_PUBLISH_PATH|SINGLE_MAINTAINER,1,887618,v0.2.0
leaflet.markercluster,1.5.3,33,F,UNVERIFIED_PUBLISH_PATH|DORMANT,2,887612,v0.2.0
'@capacitor/preferences,8.0.1,69,C,REPO_LINKAGE_MISMATCH,18,887271,v0.2.0
ahooks,3.9.7,45,D,UNVERIFIED_PUBLISH_PATH,5,886658,v0.2.0
flag-icons,7.5.0,25,F,UNVERIFIED_PUBLISH_PATH|SINGLE_MAINTAINER,1,885248,v0.2.0
groq-sdk,1.4.0,90,A,INCONSISTENT_PUBLISH_PATH,5,880605,v0.2.0
'@material/base,14.0.0,33,F,UNVERIFIED_PUBLISH_PATH|DORMANT,14,880433,v0.2.0
'@turf/boolean-valid,7.3.5,87,A,,8,880393,v0.2.0
'@contentful/live-preview,4.10.12,46,D,UNVERIFIED_PUBLISH_PATH,4,880048,v0.2.0
reconnecting-websocket,4.4.0,19,F,UNVERIFIED_PUBLISH_PATH|DORMANT|SINGLE_MAINTAINER,1,879817,v0.2.0
'@radix-ui/themes,3.3.0,82,B,,4,878305,v0.2.0
dom-mutator,0.7.0,29,F,UNVERIFIED_PUBLISH_PATH|DORMANT,2,877620,v0.2.0
'@opentelemetry/context-zone,2.10.0,94,A,,6,876391,v0.2.0
'@langchain/community,1.1.29,82,B,DEPRECATED,2,875338,v0.2.0
currency.js,2.0.4,19,F,UNVERIFIED_PUBLISH_PATH|DORMANT|SINGLE_MAINTAINER,1,874431,v0.2.0
chartjs-adapter-date-fns,3.0.0,19,F,UNVERIFIED_PUBLISH_PATH|DORMANT|SINGLE_MAINTAINER,1,874156,v0.2.0
fabric,7.4.0,83,B,INCONSISTENT_PUBLISH_PATH,2,871233,v0.2.0
'@aws-sdk/client-rds-data,3.1095.0,41,D,UNVERIFIED_PUBLISH_PATH,2,870014,v0.2.0
daisyui,5.7.0,25,F,UNVERIFIED_PUBLISH_PATH|SINGLE_MAINTAINER,1,869216,v0.2.0
'@amplitude/plugin-event-property-attribution-browser,0.2.11,79,B,INCONSISTENT_PUBLISH_PATH,6,866242,v0.2.0
emotion,11.0.0,29,F,UNVERIFIED_PUBLISH_PATH|DORMANT|PUBLISHER_NOT_MAINTAINER,3,864532,v0.2.0
'@amplitude/plugin-session-replay-browser,1.33.6,89,A,,6,861076,v0.2.0
pixi.js,8.19.0,94,A,,4,857685,v0.2.0
dashjs,5.2.0,39,D,UNVERIFIED_PUBLISH_PATH,4,857545,v0.2.0
braintree-web,3.143.0,25,F,UNVERIFIED_PUBLISH_PATH|SINGLE_MAINTAINER,1,853755,v0.2.0
compromise,14.16.0,77,B,INCONSISTENT_PUBLISH_PATH,3,851931,v0.2.0
'@material/animation,14.0.0,33,F,UNVERIFIED_PUBLISH_PATH|DORMANT,14,851860,v0.2.0
'@turf/boolean-touches,7.3.5,87,A,,8,850824,v0.2.0
'@turf/nearest-neighbor-analysis,7.3.5,87,A,,8,847337,v0.2.0
'@turf/boolean-concave,7.3.5,87,A,,8,847278,v0.2.0
n-gram,2.0.2,33,F,UNVERIFIED_PUBLISH_PATH|DORMANT,2,845623,v0.2.0
'@turf/quadrat-analysis,7.3.5,87,A,,8,845538,v0.2.0
'@grafana/faro-web-sdk,2.8.2,80,B,SINGLE_MAINTAINER|BRANCH_REQUIRES_SIGNATURES|BRANCH_REQUIRES_PR,1,845074,v0.2.0
'@material/ripple,14.0.0,33,F,UNVERIFIED_PUBLISH_PATH|DORMANT,14,845022,v0.2.0
lightweight-charts,5.2.0,39,D,UNVERIFIED_PUBLISH_PATH,5,843570,v0.2.0
'@twilio/voice-sdk,2.18.3,34,F,UNVERIFIED_PUBLISH_PATH|PUBLISHER_NOT_MAINTAINER,2,843532,v0.2.0
rss-parser,3.13.0,19,F,UNVERIFIED_PUBLISH_PATH|DORMANT|SINGLE_MAINTAINER,1,840925,v0.2.0
ssr-window,5.0.1,25,F,UNVERIFIED_PUBLISH_PATH|SINGLE_MAINTAINER,1,838510,v0.2.0
'@ckeditor/ckeditor5-font,48.3.1,38,D,UNVERIFIED_PUBLISH_PATH|SINGLE_MAINTAINER,1,837491,v0.2.0
bwip-js,4.11.2,39,D,UNVERIFIED_PUBLISH_PATH,2,836742,v0.2.0
'@aws-sdk/md5-js,3.374.0,35,D,UNVERIFIED_PUBLISH_PATH|DORMANT|DEPRECATED|BRANCH_REQUIRES_PR,2,835284,v0.2.0
'@grafana/faro-core,2.8.2,80,B,SINGLE_MAINTAINER|BRANCH_REQUIRES_SIGNATURES|BRANCH_REQUIRES_PR,1,834846,v0.2.0
'@ckeditor/ckeditor5-alignment,48.3.1,38,D,UNVERIFIED_PUBLISH_PATH|SINGLE_MAINTAINER,1,833487,v0.2.0
countup.js,2.10.1,25,F,UNVERIFIED_PUBLISH_PATH|SINGLE_MAINTAINER,1,833187,v0.2.0
'@expo-google-fonts/inter,0.4.2,39,D,UNVERIFIED_PUBLISH_PATH,4,831901,v0.2.0
bootstrap-icons,1.13.1,39,D,UNVERIFIED_PUBLISH_PATH,3,831304,v0.2.0
'@ckeditor/ckeditor5-remove-format,48.3.1,38,D,UNVERIFIED_PUBLISH_PATH|SINGLE_MAINTAINER,1,830245,v0.2.0
fzstd,0.1.1,19,F,UNVERIFIED_PUBLISH_PATH|DORMANT|SINGLE_MAINTAINER,1,828080,v0.2.0
aws-crt,1.32.3,34,F,UNVERIFIED_PUBLISH_PATH,2,826439,v0.2.0
postprocessing,6.39.3,73,B,SINGLE_MAINTAINER,1,825006,v0.2.0
'@zxing/browser,0.2.1,82,B,,2,822041,v0.2.0
react-scan,0.5.7,27,F,UNVERIFIED_PUBLISH_PATH|SINGLE_MAINTAINER,1,818281,v0.2.0
'@aws-sdk/util-utf8,3.374.0,35,D,UNVERIFIED_PUBLISH_PATH|DORMANT|DEPRECATED|BRANCH_REQUIRES_PR,2,818171,v0.2.0
'@material/dom,14.0.0,33,F,UNVERIFIED_PUBLISH_PATH|DORMANT,14,817753,v0.2.0
'@deck.gl/core,9.3.7,39,D,UNVERIFIED_PUBLISH_PATH,5,816858,v0.2.0
emojibase-data,17.0.0,25,F,UNVERIFIED_PUBLISH_PATH|SINGLE_MAINTAINER,1,816408,v0.2.0
'@ckeditor/ckeditor5-code-block,48.3.1,38,D,UNVERIFIED_PUBLISH_PATH|SINGLE_MAINTAINER,1,815692,v0.2.0
'@primeuix/themes,3.0.0,30,F,UNVERIFIED_PUBLISH_PATH,2,815237,v0.2.0
date-holidays,3.33.0,20,F,UNVERIFIED_PUBLISH_PATH|SINGLE_MAINTAINER,1,812216,v0.2.0
'@ckeditor/ckeditor5-html-embed,48.3.1,38,D,UNVERIFIED_PUBLISH_PATH|SINGLE_MAINTAINER,1,811746,v0.2.0
'@ckeditor/ckeditor5-autosave,48.3.1,38,D,UNVERIFIED_PUBLISH_PATH|SINGLE_MAINTAINER,1,811489,v0.2.0
'@ckeditor/ckeditor5-horizontal-line,48.3.1,38,D,UNVERIFIED_PUBLISH_PATH|SINGLE_MAINTAINER,1,810794,v0.2.0
'@rails/ujs,7.1.3-4,40,D,UNVERIFIED_PUBLISH_PATH|DORMANT,8,809346,v0.2.0
'@ckeditor/ckeditor5-page-break,48.3.1,38,D,UNVERIFIED_PUBLISH_PATH|SINGLE_MAINTAINER,1,807557,v0.2.0
bson-objectid,2.0.4,33,F,UNVERIFIED_PUBLISH_PATH|DORMANT,3,807179,v0.2.0
'@ckeditor/ckeditor5-special-characters,48.3.1,38,D,UNVERIFIED_PUBLISH_PATH|SINGLE_MAINTAINER,1,804941,v0.2.0
'@ckeditor/ckeditor5-restricted-editing,48.3.1,38,D,UNVERIFIED_PUBLISH_PATH|SINGLE_MAINTAINER,1,804624,v0.2.0
'@ckeditor/ckeditor5-source-editing,48.3.1,38,D,UNVERIFIED_PUBLISH_PATH|SINGLE_MAINTAINER,1,804446,v0.2.0
countries-and-timezones,3.9.0,25,F,UNVERIFIED_PUBLISH_PATH|SINGLE_MAINTAINER|BRANCH_REQUIRES_PR,1,804081,v0.2.0
primeng,22.0.0,30,F,UNVERIFIED_PUBLISH_PATH,4,802703,v0.2.0
jalaali-js,2.0.0,25,F,UNVERIFIED_PUBLISH_PATH|SINGLE_MAINTAINER,1,802026,v0.2.0
'@ckeditor/ckeditor5-highlight,48.3.1,38,D,UNVERIFIED_PUBLISH_PATH|SINGLE_MAINTAINER,1,801640,v0.2.0
'@ckeditor/ckeditor5-html-support,48.3.1,38,D,UNVERIFIED_PUBLISH_PATH|SINGLE_MAINTAINER,1,801353,v0.2.0
'@ckeditor/ckeditor5-word-count,48.3.1,38,D,UNVERIFIED_PUBLISH_PATH|SINGLE_MAINTAINER,1,800648,v0.2.0
'@ckeditor/ckeditor5-list,48.3.1,38,D,UNVERIFIED_PUBLISH_PATH|SINGLE_MAINTAINER,1,796575,v0.2.0
'@ckeditor/ckeditor5-language,48.3.1,38,D,UNVERIFIED_PUBLISH_PATH|SINGLE_MAINTAINER,1,796038,v0.2.0
'@ckeditor/ckeditor5-style,48.3.1,38,D,UNVERIFIED_PUBLISH_PATH|SINGLE_MAINTAINER,1,795352,v0.2.0
'@docsearch/js,4.6.3,46,D,UNVERIFIED_PUBLISH_PATH,5,793876,v0.2.0
trigram-utils,2.0.1,19,F,UNVERIFIED_PUBLISH_PATH|DORMANT|SINGLE_MAINTAINER,1,792793,v0.2.0
'@ckeditor/ckeditor5-image,48.3.1,38,D,UNVERIFIED_PUBLISH_PATH|SINGLE_MAINTAINER,1,792459,v0.2.0
'@ckeditor/ckeditor5-find-and-replace,48.3.1,38,D,UNVERIFIED_PUBLISH_PATH|SINGLE_MAINTAINER,1,791650,v0.2.0
'@ckeditor/ckeditor5-table,48.3.1,38,D,UNVERIFIED_PUBLISH_PATH|SINGLE_MAINTAINER,1,790517,v0.2.0
'@phosphor-icons/core,2.1.1,14,F,UNVERIFIED_PUBLISH_PATH|DORMANT|SINGLE_MAINTAINER,1,789356,v0.2.0
ev-emitter,2.1.2,19,F,UNVERIFIED_PUBLISH_PATH|DORMANT|SINGLE_MAINTAINER,1,788920,v0.2.0
countries-list,3.4.1,80,B,SINGLE_MAINTAINER,1,787972,v0.2.0
'@ckeditor/ckeditor5-show-blocks,48.3.1,38,D,UNVERIFIED_PUBLISH_PATH|SINGLE_MAINTAINER,1,787810,v0.2.0
astronomia,4.2.0,20,F,UNVERIFIED_PUBLISH_PATH|SINGLE_MAINTAINER,1,786700,v0.2.0
morphdom,2.7.8,39,D,UNVERIFIED_PUBLISH_PATH,6,783967,v0.2.0
'@microsoft/applicationinsights-cfgsync-js,3.4.3,47,D,UNVERIFIED_PUBLISH_PATH,3,783908,v0.2.0
hi-base32,0.5.1,19,F,UNVERIFIED_PUBLISH_PATH|DORMANT|SINGLE_MAINTAINER,1,780197,v0.2.0
'@ckeditor/ckeditor5-link,48.3.1,38,D,UNVERIFIED_PUBLISH_PATH|SINGLE_MAINTAINER,1,779141,v0.2.0
'@ckeditor/ckeditor5-heading,48.3.1,38,D,UNVERIFIED_PUBLISH_PATH|SINGLE_MAINTAINER,1,779044,v0.2.0
'@medv/finder,4.0.2,19,F,UNVERIFIED_PUBLISH_PATH|DORMANT|SINGLE_MAINTAINER,1,776679,v0.2.0
'@tensorflow/tfjs-backend-cpu,4.22.0,33,F,UNVERIFIED_PUBLISH_PATH|DORMANT,10,773508,v0.2.0
hyparquet,1.26.2,39,D,UNVERIFIED_PUBLISH_PATH,2,772337,v0.2.0
'@fontsource/jetbrains-mono,5.3.0,81,B,,2,770701,v0.2.0
'@coinbase/cdp-sdk,1.54.0,78,B,INCONSISTENT_PUBLISH_PATH,2,770286,v0.2.0
speech-rule-engine,5.0.0-rc.4,20,F,UNVERIFIED_PUBLISH_PATH|SINGLE_MAINTAINER,1,770133,v0.2.0
'@svgdotjs/svg.js,3.2.7,39,D,UNVERIFIED_PUBLISH_PATH,2,768166,v0.2.0
'@scalar/snippetz,0.9.23,89,A,,8,767852,v0.2.0
'@ckeditor/ckeditor5-basic-styles,48.3.1,38,D,UNVERIFIED_PUBLISH_PATH|SINGLE_MAINTAINER,1,766999,v0.2.0
'@azure/cosmos,4.10.0,47,D,UNVERIFIED_PUBLISH_PATH,3,765354,v0.2.0
select2,4.1.0,73,B,SINGLE_MAINTAINER|BRANCH_REQUIRES_PR,1,763233,v0.2.0
expo-sqlite,57.0.1,45,D,UNVERIFIED_PUBLISH_PATH,11,763131,v0.2.0
'@ckeditor/ckeditor5-media-embed,48.3.1,38,D,UNVERIFIED_PUBLISH_PATH|SINGLE_MAINTAINER,1,759645,v0.2.0
react-ace,14.0.1,25,F,UNVERIFIED_PUBLISH_PATH|SINGLE_MAINTAINER,1,756578,v0.2.0
'@fontsource/ibm-plex-mono,5.3.0,81,B,,2,756146,v0.2.0
vega,6.3.1,52,C,UNVERIFIED_PUBLISH_PATH,5,756037,v0.2.0
react-phone-input-2,2.15.1,19,F,UNVERIFIED_PUBLISH_PATH|DORMANT|SINGLE_MAINTAINER,1,755595,v0.2.0
vega-lite,6.4.3,46,D,UNVERIFIED_PUBLISH_PATH,6,755576,v0.2.0
'@ckeditor/ckeditor5-autoformat,48.3.1,38,D,UNVERIFIED_PUBLISH_PATH|SINGLE_MAINTAINER,1,754780,v0.2.0
ol,10.9.0,77,B,INCONSISTENT_PUBLISH_PATH,3,754722,v0.2.0
'@ckeditor/ckeditor5-indent,48.3.1,38,D,UNVERIFIED_PUBLISH_PATH|SINGLE_MAINTAINER,1,753097,v0.2.0
vanilla-colorful,0.7.2,19,F,UNVERIFIED_PUBLISH_PATH|DORMANT|SINGLE_MAINTAINER,1,752460,v0.2.0
'@ckeditor/ckeditor5-block-quote,48.3.1,38,D,UNVERIFIED_PUBLISH_PATH|SINGLE_MAINTAINER,1,751489,v0.2.0
autosize,6.0.1,19,F,UNVERIFIED_PUBLISH_PATH|DORMANT|SINGLE_MAINTAINER,1,750350,v0.2.0
'@icons-pack/react-simple-icons,13.13.0,68,C,SINGLE_MAINTAINER,1,749356,v0.2.0
'@types/less,3.0.8,27,F,UNVERIFIED_PUBLISH_PATH|DORMANT|SINGLE_MAINTAINER,1,749155,v0.2.0
typesense,3.0.6,39,D,UNVERIFIED_PUBLISH_PATH,4,744294,v0.2.0
force-graph,1.51.4,25,F,UNVERIFIED_PUBLISH_PATH|SINGLE_MAINTAINER,1,743998,v0.2.0
react-responsive-carousel,3.2.23,19,F,UNVERIFIED_PUBLISH_PATH|DORMANT|SINGLE_MAINTAINER,1,743428,v0.2.0
datatables.net,3.0.0,25,F,UNVERIFIED_PUBLISH_PATH|SINGLE_MAINTAINER,1,743404,v0.2.0
'@pinecone-database/pinecone,8.1.0,73,B,SINGLE_MAINTAINER,1,743290,v0.2.0
embla-carousel-auto-scroll,8.6.0,25,F,UNVERIFIED_PUBLISH_PATH|SINGLE_MAINTAINER,1,739268,v0.2.0
dot,1.1.3,33,F,UNVERIFIED_PUBLISH_PATH|DORMANT,2,738006,v0.2.0
'@elevenlabs/elevenlabs-js,2.59.0,87,A,,5,736199,v0.2.0
ionicons,8.0.13,76,B,,3,735118,v0.2.0
'@scalar/components,0.27.9,89,A,,8,732882,v0.2.0
'@ckeditor/ckeditor5-ckfinder,48.3.1,38,D,UNVERIFIED_PUBLISH_PATH|SINGLE_MAINTAINER,1,731118,v0.2.0
plotly.js,3.7.0,45,D,UNVERIFIED_PUBLISH_PATH,14,730702,v0.2.0
hls-video-element,1.5.11,81,B,,4,730676,v0.2.0
numbro,2.5.0,33,F,UNVERIFIED_PUBLISH_PATH|DORMANT,2,730102,v0.2.0
wicked-good-xpath,1.3.0,19,F,UNVERIFIED_PUBLISH_PATH|DORMANT|SINGLE_MAINTAINER,1,729921,v0.2.0
'@amplitude/analytics-remote-config,0.6.3,46,D,UNVERIFIED_PUBLISH_PATH,6,728211,v0.2.0
'@scalar/workspace-store,0.55.6,89,A,,8,724539,v0.2.0
'@scalar/icons,0.7.5,89,A,,8,724482,v0.2.0
overlayscrollbars,2.16.0,25,F,UNVERIFIED_PUBLISH_PATH|SINGLE_MAINTAINER,1,722280,v0.2.0
'@microsoft/teams-js,2.54.0,47,D,UNVERIFIED_PUBLISH_PATH,4,721098,v0.2.0
moment-duration-format,2.3.2,19,F,UNVERIFIED_PUBLISH_PATH|DORMANT|SINGLE_MAINTAINER,1,716826,v0.2.0
simple-icons,16.27.0,87,A,,4,711322,v0.2.0
markdown-it-emoji,3.1.0,25,F,UNVERIFIED_PUBLISH_PATH|SINGLE_MAINTAINER,1,710520,v0.2.0
binaryen,131.0.0,87,A,,2,708512,v0.2.0
'@tensorflow/tfjs-converter,4.22.0,33,F,UNVERIFIED_PUBLISH_PATH|DORMANT,10,708389,v0.2.0
browser-fs-access,0.38.0,25,F,UNVERIFIED_PUBLISH_PATH|SINGLE_MAINTAINER,1,707410,v0.2.0
'@pagefind/default-ui,1.5.2,81,B,SINGLE_MAINTAINER,1,707382,v0.2.0
instantsearch.js,4.108.0,39,D,UNVERIFIED_PUBLISH_PATH,7,707018,v0.2.0
web3,4.16.0,27,F,UNVERIFIED_PUBLISH_PATH|DORMANT|SINGLE_MAINTAINER|PUBLISHER_NOT_MAINTAINER,1,705480,v0.2.0
number-to-words,1.2.4,19,F,UNVERIFIED_PUBLISH_PATH|DORMANT|SINGLE_MAINTAINER,1,704760,v0.2.0
'@ckeditor/ckeditor5-ckbox,48.3.1,38,D,UNVERIFIED_PUBLISH_PATH|SINGLE_MAINTAINER,1,699307,v0.2.0
iframe-resizer,5.5.9,31,F,UNVERIFIED_PUBLISH_PATH|SINGLE_MAINTAINER,1,698528,v0.2.0
primevue,5.0.0,30,F,UNVERIFIED_PUBLISH_PATH,3,695672,v0.2.0
'@mdi/font,7.4.47,33,F,UNVERIFIED_PUBLISH_PATH|DORMANT,6,693977,v0.2.0
'@vuepic/vue-datepicker,14.0.0,26,F,UNVERIFIED_PUBLISH_PATH|SINGLE_MAINTAINER,1,693039,v0.2.0
svg-pan-zoom,3.6.2,33,F,UNVERIFIED_PUBLISH_PATH|DORMANT,3,689492,v0.2.0
jsonp,0.2.1,33,F,UNVERIFIED_PUBLISH_PATH|DORMANT,3,687012,v0.2.0
videojs-contrib-quality-levels,4.1.0,33,F,UNVERIFIED_PUBLISH_PATH|DORMANT,21,684058,v0.2.0
'@fontsource-variable/jetbrains-mono,5.3.0,81,B,,2,682357,v0.2.0
'@huggingface/tasks,0.21.28,89,A,,5,681681,v0.2.0
jsencrypt,3.5.4,25,F,UNVERIFIED_PUBLISH_PATH|SINGLE_MAINTAINER,1,680686,v0.2.0
'@grafana/faro-web-tracing,2.8.2,80,B,SINGLE_MAINTAINER,1,680448,v0.2.0
laravel-echo,2.4.0,68,C,SINGLE_MAINTAINER,1,680405,v0.2.0
animate.css,4.1.1,39,D,UNVERIFIED_PUBLISH_PATH|DORMANT,2,677052,v0.2.0
store,2.0.12,19,F,UNVERIFIED_PUBLISH_PATH|DORMANT|SINGLE_MAINTAINER,1,675729,v0.2.0
mathjax-full,3.2.2,19,F,UNVERIFIED_PUBLISH_PATH|DORMANT|SINGLE_MAINTAINER|DEPRECATED,1,674467,v0.2.0
'@scalar/typebox,0.1.3,34,F,UNVERIFIED_PUBLISH_PATH,8,673667,v0.2.0
'@amplitude/experiment-js-client,1.21.3,87,A,,6,673330,v0.2.0
'@react-three/postprocessing,3.0.4,34,F,UNVERIFIED_PUBLISH_PATH,5,668354,v0.2.0
'@uppy/dashboard,5.1.1,45,D,UNVERIFIED_PUBLISH_PATH,4,664259,v0.2.0
intl,1.2.5,33,F,UNVERIFIED_PUBLISH_PATH|DORMANT,2,661156,v0.2.0
'@deepgram/sdk,5.7.0,46,D,UNVERIFIED_PUBLISH_PATH,4,659820,v0.2.0
'@elevenlabs/client,1.15.2,82,B,,5,658614,v0.2.0
'@webcomponents/custom-elements,1.6.0,41,D,UNVERIFIED_PUBLISH_PATH|DORMANT,6,657975,v0.2.0
polygon-clipping,0.15.7,19,F,UNVERIFIED_PUBLISH_PATH|DORMANT|SINGLE_MAINTAINER,1,657120,v0.2.0
adaptivecards,3.0.6,38,D,UNVERIFIED_PUBLISH_PATH|SINGLE_MAINTAINER|BRANCH_REQUIRES_PR,1,655035,v0.2.0
custom-event-polyfill,1.0.7,33,F,UNVERIFIED_PUBLISH_PATH|DORMANT,2,653829,v0.2.0
get-size,3.0.0,19,F,UNVERIFIED_PUBLISH_PATH|DORMANT|SINGLE_MAINTAINER,1,653045,v0.2.0
dropzone,6.0.0-beta.2,19,F,UNVERIFIED_PUBLISH_PATH|DORMANT|SINGLE_MAINTAINER,1,652818,v0.2.0
vis-network,10.1.0,39,D,UNVERIFIED_PUBLISH_PATH,4,652560,v0.2.0
snyk,1.1306.1,28,F,UNVERIFIED_PUBLISH_PATH|SINGLE_MAINTAINER|PUBLISHER_NOT_MAINTAINER,1,645516,v0.2.0
dom7,4.0.6,19,F,UNVERIFIED_PUBLISH_PATH|DORMANT|SINGLE_MAINTAINER,1,644645,v0.2.0
'@hugeicons/core-free-icons,4.2.3,16,F,UNVERIFIED_PUBLISH_PATH|SINGLE_MAINTAINER,1,643447,v0.2.0
element-plus,2.14.3,94,A,,2,643176,v0.2.0
interactjs,1.10.27,19,F,UNVERIFIED_PUBLISH_PATH|DORMANT|SINGLE_MAINTAINER,1,638177,v0.2.0
flowbite,4.0.2,25,F,UNVERIFIED_PUBLISH_PATH|SINGLE_MAINTAINER,1,636813,v0.2.0
'@scalar/api-client,3.13.7,89,A,,8,635399,v0.2.0
'@mapbox/polyline,1.2.1,33,F,UNVERIFIED_PUBLISH_PATH|DORMANT,28,633445,v0.2.0
vanilla-picker,2.12.3,19,F,UNVERIFIED_PUBLISH_PATH|DORMANT|SINGLE_MAINTAINER,1,629817,v0.2.0
'@revenuecat/purchases-js-hybrid-mappings,18.24.0,46,D,UNVERIFIED_PUBLISH_PATH,12,629625,v0.2.0
ngx-toastr,20.0.5,73,B,SINGLE_MAINTAINER,1,629434,v0.2.0
'@ffmpeg/ffmpeg,0.12.15,28,F,UNVERIFIED_PUBLISH_PATH|DORMANT,3,629309,v0.2.0
'@fontsource/open-sans,5.3.0,81,B,,2,627781,v0.2.0
alpinejs,3.15.12,63,C,INCONSISTENT_PUBLISH_PATH|SINGLE_MAINTAINER,1,626386,v0.2.0
blueimp-canvas-to-blob,3.29.0,19,F,UNVERIFIED_PUBLISH_PATH|DORMANT|SINGLE_MAINTAINER,1,617916,v0.2.0
i18n-js,4.5.3,32,F,UNVERIFIED_PUBLISH_PATH|SINGLE_MAINTAINER,1,617750,v0.2.0
twig,3.0.0,39,D,UNVERIFIED_PUBLISH_PATH,7,617622,v0.2.0
node-vibrant,4.0.4,39,D,UNVERIFIED_PUBLISH_PATH,2,617386,v0.2.0
angular,1.8.3,25,F,UNVERIFIED_PUBLISH_PATH|DORMANT|SINGLE_MAINTAINER|DEPRECATED,1,617046,v0.2.0
youtube-video-element,1.9.0,81,B,,4,616385,v0.2.0
google-proto-files,5.0.3,38,D,UNVERIFIED_PUBLISH_PATH|SINGLE_MAINTAINER,1,614594,v0.2.0
xlsx-js-style,1.2.0,19,F,UNVERIFIED_PUBLISH_PATH|DORMANT|SINGLE_MAINTAINER,1,613734,v0.2.0
interval-tree-1d,1.0.4,19,F,UNVERIFIED_PUBLISH_PATH|DORMANT|SINGLE_MAINTAINER,1,613273,v0.2.0
unique-names-generator,4.7.1,14,F,UNVERIFIED_PUBLISH_PATH|DORMANT|SINGLE_MAINTAINER,1,612527,v0.2.0
pmtiles,4.4.1,21,F,UNVERIFIED_PUBLISH_PATH|SINGLE_MAINTAINER,1,610862,v0.2.0
'@tensorflow/tfjs-backend-webgl,4.22.0,33,F,UNVERIFIED_PUBLISH_PATH|DORMANT,10,607720,v0.2.0
vimeo-video-element,1.7.2,81,B,,2,605752,v0.2.0
'@shopify/graphql-client,1.4.2,89,A,,6,603722,v0.2.0
'@fingerprintjs/fingerprintjs-pro,3.12.13,35,D,UNVERIFIED_PUBLISH_PATH,2,602924,v0.2.0
cloudflare-video-element,1.3.5,71,B,,2,602177,v0.2.0
trix,2.1.19,39,D,UNVERIFIED_PUBLISH_PATH,5,601469,v0.2.0
'@fontsource/poppins,5.3.0,81,B,,2,600723,v0.2.0
super-media-element,1.4.2,65,C,DORMANT,2,599556,v0.2.0
'@lucide/svelte,1.26.0,68,C,SINGLE_MAINTAINER,1,597474,v0.2.0
vue-virtual-scroller,3.0.4,20,F,UNVERIFIED_PUBLISH_PATH|SINGLE_MAINTAINER,1,594108,v0.2.0
pica,10.0.2,25,F,UNVERIFIED_PUBLISH_PATH|SINGLE_MAINTAINER,1,591870,v0.2.0
qr-code-styling,1.9.2,25,F,UNVERIFIED_PUBLISH_PATH|SINGLE_MAINTAINER,1,590666,v0.2.0
isoformat,0.2.1,19,F,UNVERIFIED_PUBLISH_PATH|DORMANT|SINGLE_MAINTAINER,1,588690,v0.2.0
react-dates,21.8.0,33,F,UNVERIFIED_PUBLISH_PATH|DORMANT,7,587698,v0.2.0
payload,3.86.0,47,D,UNVERIFIED_PUBLISH_PATH,11,586722,v0.2.0
geolib,3.3.14,73,B,SINGLE_MAINTAINER,1,585913,v0.2.0
instantsearch-ui-components,0.33.2,39,D,UNVERIFIED_PUBLISH_PATH,6,585193,v0.2.0
'@xenova/transformers,2.17.2,19,F,UNVERIFIED_PUBLISH_PATH|DORMANT|SINGLE_MAINTAINER,1,584417,v0.2.0
'@scalar/api-reference,1.63.0,89,A,,8,583190,v0.2.0
arc,1.0.0,39,D,UNVERIFIED_PUBLISH_PATH,3,582978,v0.2.0
tablesort,5.7.1,25,F,UNVERIFIED_PUBLISH_PATH|SINGLE_MAINTAINER,1,582590,v0.2.0
'@fontsource-variable/geist-mono,5.3.0,81,B,,2,582498,v0.2.0
'@observablehq/plot,0.6.17,39,D,UNVERIFIED_PUBLISH_PATH,4,582037,v0.2.0
focus-visible,5.2.1,33,F,UNVERIFIED_PUBLISH_PATH|DORMANT,2,579384,v0.2.0
'@capacitor/network,8.0.1,69,C,REPO_LINKAGE_MISMATCH,18,578639,v0.2.0
'@iconify-json/lucide,1.2.119,21,F,UNVERIFIED_PUBLISH_PATH|SINGLE_MAINTAINER,1,577793,v0.2.0
'@formatjs/intl-relativetimeformat,12.3.13,82,B,,3,577657,v0.2.0
cldrjs,0.5.5,19,F,UNVERIFIED_PUBLISH_PATH|DORMANT|SINGLE_MAINTAINER,1,577392,v0.2.0
'@daily-co/daily-js,0.91.0,35,D,UNVERIFIED_PUBLISH_PATH,15,576925,v0.2.0
automation-events,8.0.1,25,F,UNVERIFIED_PUBLISH_PATH|SINGLE_MAINTAINER,1,576501,v0.2.0
'@rrweb/record,2.1.1,83,B,INCONSISTENT_PUBLISH_PATH,2,575841,v0.2.0
'@openrouter/sdk,1.1.6,77,B,INCONSISTENT_PUBLISH_PATH,8,574566,v0.2.0
floating-vue,5.2.2,28,F,UNVERIFIED_PUBLISH_PATH|DORMANT,2,572023,v0.2.0
scriptjs,2.5.9,33,F,UNVERIFIED_PUBLISH_PATH|DORMANT,2,571942,v0.2.0
'@ng-select/ng-select,23.5.0,77,B,INCONSISTENT_PUBLISH_PATH,2,569807,v0.2.0
'@mapbox/mapbox-gl-draw,1.5.1,46,D,UNVERIFIED_PUBLISH_PATH,28,568648,v0.2.0
downloadjs,1.4.7,19,F,UNVERIFIED_PUBLISH_PATH|DORMANT|SINGLE_MAINTAINER,1,565903,v0.2.0
colorthief,3.4.0,25,F,UNVERIFIED_PUBLISH_PATH|SINGLE_MAINTAINER,1,565109,v0.2.0
loadjs,4.3.0,19,F,UNVERIFIED_PUBLISH_PATH|DORMANT|SINGLE_MAINTAINER,1,564073,v0.2.0
'@phosphor-icons/webcomponents,2.1.5,28,F,UNVERIFIED_PUBLISH_PATH|DORMANT,2,561459,v0.2.0
standardized-audio-context,25.3.77,19,F,UNVERIFIED_PUBLISH_PATH|DORMANT|SINGLE_MAINTAINER,1,561147,v0.2.0
'@mermaid-js/layout-elk,0.2.2,82,B,,6,559606,v0.2.0
'@daybrush/utils,1.13.0,19,F,UNVERIFIED_PUBLISH_PATH|DORMANT|SINGLE_MAINTAINER,1,558116,v0.2.0
'@egjs/list-differ,1.0.1,33,F,UNVERIFIED_PUBLISH_PATH|DORMANT,12,557776,v0.2.0
'@cfcs/core,0.1.0,19,F,UNVERIFIED_PUBLISH_PATH|DORMANT|SINGLE_MAINTAINER,1,557094,v0.2.0
react-native-vision-camera,5.1.1,25,F,UNVERIFIED_PUBLISH_PATH|SINGLE_MAINTAINER,1,554783,v0.2.0
photoswipe,5.4.4,19,F,UNVERIFIED_PUBLISH_PATH|DORMANT|SINGLE_MAINTAINER,1,553915,v0.2.0
'@ngneat/falso,8.0.2,25,F,UNVERIFIED_PUBLISH_PATH|SINGLE_MAINTAINER,1,553238,v0.2.0
embla-carousel-auto-height,8.6.0,25,F,UNVERIFIED_PUBLISH_PATH|SINGLE_MAINTAINER,1,551044,v0.2.0
split.js,1.6.5,19,F,UNVERIFIED_PUBLISH_PATH|DORMANT|SINGLE_MAINTAINER,1,550749,v0.2.0
'@vscode/codicons,0.0.46-24,40,D,UNVERIFIED_PUBLISH_PATH,6,549626,v0.2.0
simplebar,6.3.3,25,F,UNVERIFIED_PUBLISH_PATH|SINGLE_MAINTAINER,1,549120,v0.2.0
'@shoelace-style/animations,1.2.0,33,F,UNVERIFIED_PUBLISH_PATH|DORMANT,2,548288,v0.2.0
humanize,0.0.9,14,F,UNVERIFIED_PUBLISH_PATH|DORMANT|SINGLE_MAINTAINER,1,547934,v0.2.0
'@atlaskit/primitives,22.2.0,16,F,UNVERIFIED_PUBLISH_PATH|SINGLE_MAINTAINER,1,547897,v0.2.0
'@typeform/embed,6.0.0,94,A,,2,545865,v0.2.0
diff2html,3.4.56,31,F,UNVERIFIED_PUBLISH_PATH|SINGLE_MAINTAINER,1,543666,v0.2.0
'@mdi/js,7.4.47,33,F,UNVERIFIED_PUBLISH_PATH|DORMANT,6,541712,v0.2.0
'@tensorflow/tfjs-layers,4.22.0,33,F,UNVERIFIED_PUBLISH_PATH|DORMANT,10,541625,v0.2.0
rollbar,3.1.0,45,D,UNVERIFIED_PUBLISH_PATH,4,540116,v0.2.0
vega-embed,7.1.0,39,D,UNVERIFIED_PUBLISH_PATH,6,536923,v0.2.0
'@unhead/dom,3.2.3,74,B,SINGLE_MAINTAINER,1,535871,v0.2.0
markdown-it-sup,2.0.0,19,F,UNVERIFIED_PUBLISH_PATH|DORMANT|SINGLE_MAINTAINER,1,534700,v0.2.0
'@shoelace-style/localize,3.2.3,39,D,UNVERIFIED_PUBLISH_PATH,2,534616,v0.2.0
moment-range,4.0.2,28,F,UNVERIFIED_PUBLISH_PATH|DORMANT,4,534390,v0.2.0
ogl,1.0.11,19,F,UNVERIFIED_PUBLISH_PATH|DORMANT|SINGLE_MAINTAINER,1,533849,v0.2.0
gridstack,13.1.0,39,D,UNVERIFIED_PUBLISH_PATH,3,531952,v0.2.0
'@element-plus/icons-vue,2.3.2,72,B,,3,528588,v0.2.0
'@egjs/children-differ,1.0.1,33,F,UNVERIFIED_PUBLISH_PATH|DORMANT,12,528502,v0.2.0
'@paper-design/shaders,0.0.77,35,D,UNVERIFIED_PUBLISH_PATH,4,528195,v0.2.0
'@vuelidate/core,2.0.3,39,D,UNVERIFIED_PUBLISH_PATH|DORMANT,3,526562,v0.2.0
'@vuelidate/validators,2.0.4,39,D,UNVERIFIED_PUBLISH_PATH|DORMANT,3,525765,v0.2.0
'@amplitude/engagement-browser,1.0.11,35,D,UNVERIFIED_PUBLISH_PATH,6,524540,v0.2.0
'@egjs/component,3.0.5,33,F,UNVERIFIED_PUBLISH_PATH|DORMANT,12,524519,v0.2.0
'@tensorflow/tfjs,4.22.0,33,F,UNVERIFIED_PUBLISH_PATH|DORMANT,10,522849,v0.2.0
markdown-it-footnote,4.0.0,19,F,UNVERIFIED_PUBLISH_PATH|DORMANT|SINGLE_MAINTAINER,1,521134,v0.2.0
choices.js,11.2.3,87,A,,2,520715,v0.2.0
'@unhead/shared,3.2.3,74,B,SINGLE_MAINTAINER,1,517334,v0.2.0
write-excel-file,4.1.1,21,F,UNVERIFIED_PUBLISH_PATH|SINGLE_MAINTAINER,1,515218,v0.2.0
framework-utils,1.1.0,19,F,UNVERIFIED_PUBLISH_PATH|DORMANT|SINGLE_MAINTAINER,1,515082,v0.2.0
markdown-it-container,4.0.0,19,F,UNVERIFIED_PUBLISH_PATH|DORMANT|SINGLE_MAINTAINER,1,514009,v0.2.0
'@ffmpeg/util,0.12.2,28,F,UNVERIFIED_PUBLISH_PATH|DORMANT,3,512851,v0.2.0
franc-min,6.2.0,19,F,UNVERIFIED_PUBLISH_PATH|DORMANT|SINGLE_MAINTAINER,1,510133,v0.2.0
hashids,2.3.0,33,F,UNVERIFIED_PUBLISH_PATH|DORMANT,2,510068,v0.2.0
'@adyen/adyen-web,6.41.0,84,B,INCONSISTENT_PUBLISH_PATH|BRANCH_REQUIRES_PR,6,507712,v0.2.0
'@ckeditor/ckeditor5-emoji,48.3.1,38,D,UNVERIFIED_PUBLISH_PATH|SINGLE_MAINTAINER,1,507428,v0.2.0
bootstrap.native,5.1.10,62,C,SINGLE_MAINTAINER,1,505983,v0.2.0
xterm,5.3.0,33,F,UNVERIFIED_PUBLISH_PATH|DORMANT|DEPRECATED,2,504751,v0.2.0
unleash-proxy-client,3.8.0,39,D,UNVERIFIED_PUBLISH_PATH,3,503923,v0.2.0
qunit,2.26.0,45,D,UNVERIFIED_PUBLISH_PATH,5,497619,v0.2.0
'@zxcvbn-ts/language-en,4.1.1,31,F,UNVERIFIED_PUBLISH_PATH|SINGLE_MAINTAINER,1,494206,v0.2.0
mutationobserver-shim,0.3.7,19,F,UNVERIFIED_PUBLISH_PATH|DORMANT|SINGLE_MAINTAINER,1,493614,v0.2.0
airtable,0.12.2,33,F,UNVERIFIED_PUBLISH_PATH|DORMANT,14,493093,v0.2.0
yet-another-react-lightbox,3.32.1,79,B,SINGLE_MAINTAINER,1,492780,v0.2.0
expr-eval,2.0.2,19,F,UNVERIFIED_PUBLISH_PATH|DORMANT|SINGLE_MAINTAINER,1,491763,v0.2.0
single-spa,6.0.3,9,F,UNVERIFIED_PUBLISH_PATH|DORMANT|SINGLE_MAINTAINER|PUBLISHER_NOT_MAINTAINER,1,491561,v0.2.0
meilisearch,0.60.0,82,B,,3,491303,v0.2.0
'@shopify/storefront-api-client,1.0.10,89,A,,6,489912,v0.2.0
selecto,1.26.3,19,F,UNVERIFIED_PUBLISH_PATH|DORMANT|SINGLE_MAINTAINER,1,489739,v0.2.0
'@blueprintjs/icons,6.13.0,15,F,UNVERIFIED_PUBLISH_PATH|SINGLE_MAINTAINER|PUBLISHER_NOT_MAINTAINER,1,489429,v0.2.0
'@fullcalendar/premium-common,6.1.21,20,F,UNVERIFIED_PUBLISH_PATH|SINGLE_MAINTAINER,1,488487,v0.2.0
chartjs-plugin-zoom,2.2.0,33,F,UNVERIFIED_PUBLISH_PATH|DORMANT,3,488044,v0.2.0
uplot,1.6.32,25,F,UNVERIFIED_PUBLISH_PATH|SINGLE_MAINTAINER,1,487534,v0.2.0
'@blueprintjs/core,6.17.2,15,F,UNVERIFIED_PUBLISH_PATH|SINGLE_MAINTAINER|PUBLISHER_NOT_MAINTAINER,1,486808,v0.2.0
d3-cloud,1.2.9,25,F,UNVERIFIED_PUBLISH_PATH|SINGLE_MAINTAINER,1,486416,v0.2.0
'@clerk/clerk-js,6.25.8,82,B,BRANCH_REQUIRES_PR,6,484750,v0.2.0
'@stomp/stompjs,7.3.0,87,A,,2,484402,v0.2.0
'@splinetool/runtime,1.12.98,39,D,UNVERIFIED_PUBLISH_PATH,3,483396,v0.2.0
material-symbols,0.45.9,73,B,SINGLE_MAINTAINER,1,480792,v0.2.0
'@vue-flow/core,1.48.2,27,F,UNVERIFIED_PUBLISH_PATH|SINGLE_MAINTAINER,1,480052,v0.2.0
nouislider,15.8.1,19,F,UNVERIFIED_PUBLISH_PATH|DORMANT|SINGLE_MAINTAINER,1,478261,v0.2.0
'@ag-grid-community/core,32.3.9,45,D,UNVERIFIED_PUBLISH_PATH,3,477021,v0.2.0
'@ckeditor/ckeditor5-bookmark,48.3.1,38,D,UNVERIFIED_PUBLISH_PATH|SINGLE_MAINTAINER,1,475137,v0.2.0
dinero.js,2.0.2,80,B,SINGLE_MAINTAINER,1,470741,v0.2.0
'@wordpress/components,37.0.0,52,C,UNVERIFIED_PUBLISH_PATH,25,470642,v0.2.0
recoil,0.7.7,33,F,UNVERIFIED_PUBLISH_PATH|DORMANT,3,468767,v0.2.0
modern-normalize,3.0.1,19,F,UNVERIFIED_PUBLISH_PATH|DORMANT|SINGLE_MAINTAINER,1,468355,v0.2.0
heic-to,1.5.2,25,F,UNVERIFIED_PUBLISH_PATH|SINGLE_MAINTAINER,1,462637,v0.2.0
'@mermaid-js/mermaid-zenuml,0.2.3,82,B,,6,461713,v0.2.0
'@excalidraw/excalidraw,0.18.1,34,F,UNVERIFIED_PUBLISH_PATH,2,461322,v0.2.0
markdown-it-sub,2.0.0,19,F,UNVERIFIED_PUBLISH_PATH|DORMANT|SINGLE_MAINTAINER,1,460710,v0.2.0
'@capacitor/geolocation,8.2.0,77,B,INCONSISTENT_PUBLISH_PATH,18,460019,v0.2.0
'@duckdb/duckdb-wasm,1.33.1-dev57.0,87,A,,2,458042,v0.2.0
react-instantsearch,7.41.0,39,D,UNVERIFIED_PUBLISH_PATH,7,456087,v0.2.0
msal,1.4.18,32,F,UNVERIFIED_PUBLISH_PATH|DORMANT|SINGLE_MAINTAINER|DEPRECATED,1,452670,v0.2.0
country-state-city,3.2.1,19,F,UNVERIFIED_PUBLISH_PATH|DORMANT|SINGLE_MAINTAINER,1,451542,v0.2.0
hardhat,3.11.1,68,C,SINGLE_MAINTAINER,1,451511,v0.2.0
lunr-languages,1.20.0,32,F,UNVERIFIED_PUBLISH_PATH|SINGLE_MAINTAINER,1,448961,v0.2.0
cohere-ai,8.0.0,87,A,,5,447966,v0.2.0
world-atlas,2.0.2,19,F,UNVERIFIED_PUBLISH_PATH|DORMANT|SINGLE_MAINTAINER,1,446847,v0.2.0
date-and-time,4.5.1,25,F,UNVERIFIED_PUBLISH_PATH|SINGLE_MAINTAINER,1,446562,v0.2.0
inputmask,5.0.9,19,F,UNVERIFIED_PUBLISH_PATH|DORMANT|SINGLE_MAINTAINER,1,446159,v0.2.0
'@tsparticles/engine,4.3.2,69,C,INCONSISTENT_PUBLISH_PATH|SINGLE_MAINTAINER,1,444699,v0.2.0
tronweb,6.4.0,39,D,UNVERIFIED_PUBLISH_PATH,2,441445,v0.2.0
react-native-paper,5.15.3,39,D,UNVERIFIED_PUBLISH_PATH,8,439144,v0.2.0
'@rails/actiontext,8.1.300,94,A,,8,438915,v0.2.0
centrifuge,5.7.0,25,F,UNVERIFIED_PUBLISH_PATH|SINGLE_MAINTAINER,1,438006,v0.2.0
stream-chat,9.50.2,100,A,,9,437107,v0.2.0
web-haptics,0.0.6,20,F,UNVERIFIED_PUBLISH_PATH|SINGLE_MAINTAINER,1,436882,v0.2.0
'@nozbe/microfuzz,1.0.0,33,F,UNVERIFIED_PUBLISH_PATH|DORMANT,7,435048,v0.2.0
accounting,0.4.1,14,F,UNVERIFIED_PUBLISH_PATH|DORMANT|SINGLE_MAINTAINER|PUBLISHER_NOT_MAINTAINER,1,434346,v0.2.0
antd-style,4.1.0,25,F,UNVERIFIED_PUBLISH_PATH|SINGLE_MAINTAINER,1,433998,v0.2.0
'@ionic/core,8.8.15,94,A,,2,433090,v0.2.0
markdown-it-mark,4.0.0,19,F,UNVERIFIED_PUBLISH_PATH|DORMANT|SINGLE_MAINTAINER,1,430017,v0.2.0
fizzy-ui-utils,3.0.0,19,F,UNVERIFIED_PUBLISH_PATH|DORMANT|SINGLE_MAINTAINER,1,426233,v0.2.0
portal-vue,3.0.0,19,F,UNVERIFIED_PUBLISH_PATH|DORMANT|SINGLE_MAINTAINER,1,424975,v0.2.0
react-date-picker,12.0.2,73,B,SINGLE_MAINTAINER,1,422762,v0.2.0
vue-observe-visibility,1.0.0,14,F,UNVERIFIED_PUBLISH_PATH|DORMANT|SINGLE_MAINTAINER,1,419726,v0.2.0
'@optimizely/optimizely-sdk,6.5.0,46,D,UNVERIFIED_PUBLISH_PATH,4,419677,v0.2.0
'@vaadin/component-base,25.2.6,39,D,UNVERIFIED_PUBLISH_PATH,12,417573,v0.2.0
plyr,3.8.4,25,F,UNVERIFIED_PUBLISH_PATH|SINGLE_MAINTAINER,1,417128,v0.2.0
'@livekit/components-styles,1.2.0,41,D,UNVERIFIED_PUBLISH_PATH,20,415527,v0.2.0
rangetouch,2.0.1,14,F,UNVERIFIED_PUBLISH_PATH|DORMANT|SINGLE_MAINTAINER|PUBLISHER_NOT_MAINTAINER,1,413977,v0.2.0
'@wordpress/icons,15.2.0,52,C,UNVERIFIED_PUBLISH_PATH,25,412881,v0.2.0
fetch-jsonp,1.4.0,25,F,UNVERIFIED_PUBLISH_PATH|SINGLE_MAINTAINER,1,411066,v0.2.0
bulma,1.0.4,25,F,UNVERIFIED_PUBLISH_PATH|SINGLE_MAINTAINER,1,410078,v0.2.0
safevalues,1.2.0,27,F,UNVERIFIED_PUBLISH_PATH|SINGLE_MAINTAINER,1,409798,v0.2.0
'@tsparticles/basic,4.3.2,69,C,INCONSISTENT_PUBLISH_PATH|SINGLE_MAINTAINER,1,408277,v0.2.0
'@tsparticles/updater-opacity,4.3.2,69,C,INCONSISTENT_PUBLISH_PATH|SINGLE_MAINTAINER,1,407894,v0.2.0
'@tsparticles/shape-circle,4.3.2,69,C,INCONSISTENT_PUBLISH_PATH|SINGLE_MAINTAINER,1,407788,v0.2.0
'@tsparticles/updater-size,4.3.2,69,C,INCONSISTENT_PUBLISH_PATH|SINGLE_MAINTAINER,1,407753,v0.2.0
'@tsparticles/updater-out-modes,4.3.2,69,C,INCONSISTENT_PUBLISH_PATH|SINGLE_MAINTAINER,1,407702,v0.2.0
markdown-it-ins,4.0.0,19,F,UNVERIFIED_PUBLISH_PATH|DORMANT|SINGLE_MAINTAINER,1,403661,v0.2.0
pwacompat,2.0.17,28,F,UNVERIFIED_PUBLISH_PATH|DORMANT,2,402102,v0.2.0
tz-lookup,6.1.25,33,F,UNVERIFIED_PUBLISH_PATH|DORMANT,2,399410,v0.2.0
fix-webm-duration,1.0.6,19,F,UNVERIFIED_PUBLISH_PATH|DORMANT|SINGLE_MAINTAINER,1,398962,v0.2.0
'@vaadin/vaadin-themable-mixin,25.2.6,39,D,UNVERIFIED_PUBLISH_PATH,12,398743,v0.2.0
desandro-matches-selector,2.0.2,19,F,UNVERIFIED_PUBLISH_PATH|DORMANT|SINGLE_MAINTAINER,1,398560,v0.2.0
'@amplitude/element-selector,0.2.1,79,B,INCONSISTENT_PUBLISH_PATH,6,398077,v0.2.0
blueimp-load-image,5.16.0,19,F,UNVERIFIED_PUBLISH_PATH|DORMANT|SINGLE_MAINTAINER,1,397709,v0.2.0
'@simonwep/pickr,1.10.0,73,B,SINGLE_MAINTAINER,1,396803,v0.2.0
'@tsparticles/updater-life,4.3.2,69,C,INCONSISTENT_PUBLISH_PATH|SINGLE_MAINTAINER,1,395265,v0.2.0
'@tsparticles/updater-rotate,4.3.2,69,C,INCONSISTENT_PUBLISH_PATH|SINGLE_MAINTAINER,1,394852,v0.2.0
'@tsparticles/shape-square,4.3.2,69,C,INCONSISTENT_PUBLISH_PATH|SINGLE_MAINTAINER,1,394194,v0.2.0
bootstrap-sass,3.4.3,33,F,UNVERIFIED_PUBLISH_PATH|DORMANT,4,392506,v0.2.0
'@tsparticles/shape-star,4.3.2,69,C,INCONSISTENT_PUBLISH_PATH|SINGLE_MAINTAINER,1,391969,v0.2.0
'@elastic/apm-rum,5.17.5,87,A,BRANCH_REQUIRES_PR,3,391717,v0.2.0
'@tsparticles/shape-image,4.3.2,69,C,INCONSISTENT_PUBLISH_PATH|SINGLE_MAINTAINER,1,390902,v0.2.0
string-strip-html,13.5.3,63,C,SINGLE_MAINTAINER,1,390542,v0.2.0
'@types/convert-source-map,2.0.3,27,F,UNVERIFIED_PUBLISH_PATH|DORMANT|SINGLE_MAINTAINER,1,390328,v0.2.0
'@tsparticles/shape-emoji,4.3.2,69,C,INCONSISTENT_PUBLISH_PATH|SINGLE_MAINTAINER,1,390300,v0.2.0
'@tsparticles/shape-polygon,4.3.2,69,C,INCONSISTENT_PUBLISH_PATH|SINGLE_MAINTAINER,1,390251,v0.2.0
compressorjs,1.3.0,73,B,SINGLE_MAINTAINER,1,389376,v0.2.0
messageformat,4.0.0,45,D,UNVERIFIED_PUBLISH_PATH,2,388881,v0.2.0
hyperformula,3.3.0,39,D,UNVERIFIED_PUBLISH_PATH,5,388655,v0.2.0
'@nats-io/nkeys,2.0.3,71,B,,3,388415,v0.2.0
'@fontsource/ibm-plex-sans,5.3.0,81,B,,2,388140,v0.2.0
lucide-static,1.26.0,58,C,INCONSISTENT_PUBLISH_PATH|SINGLE_MAINTAINER,1,386316,v0.2.0
'@awesome.me/webawesome,3.10.0,39,D,UNVERIFIED_PUBLISH_PATH|BRANCH_REQUIRES_PR,4,384871,v0.2.0
'@rive-app/webgl2,2.39.1,87,A,BRANCH_REQUIRES_PR,5,384355,v0.2.0
i18next-chained-backend,5.0.5,39,D,UNVERIFIED_PUBLISH_PATH,2,381537,v0.2.0
mp4box,2.4.1,87,A,,2,380583,v0.2.0
d3-tip,0.9.1,33,F,UNVERIFIED_PUBLISH_PATH|DORMANT,2,380328,v0.2.0
nanopop,2.4.2,19,F,UNVERIFIED_PUBLISH_PATH|DORMANT|SINGLE_MAINTAINER,1,378775,v0.2.0
'@analytics/cookie-utils,0.2.14,25,F,UNVERIFIED_PUBLISH_PATH|SINGLE_MAINTAINER,1,378025,v0.2.0
'@statsig/web-analytics,3.33.3,77,B,INCONSISTENT_PUBLISH_PATH,2,377886,v0.2.0
js-sha1,0.7.0,19,F,UNVERIFIED_PUBLISH_PATH|DORMANT|SINGLE_MAINTAINER,1,376853,v0.2.0
geo-tz,8.1.8,25,F,UNVERIFIED_PUBLISH_PATH|SINGLE_MAINTAINER,1,376650,v0.2.0
'@solid-primitives/trigger,1.2.4,40,D,UNVERIFIED_PUBLISH_PATH,3,374643,v0.2.0
material-icons,1.13.14,25,F,UNVERIFIED_PUBLISH_PATH|SINGLE_MAINTAINER,1,373376,v0.2.0
powerbi-client,2.24.1,40,D,UNVERIFIED_PUBLISH_PATH|BRANCH_REQUIRES_PR,3,371520,v0.2.0
'@antv/g2,5.4.8,39,D,UNVERIFIED_PUBLISH_PATH,19,370857,v0.2.0
'@nats-io/nats-core,3.4.0,77,B,INCONSISTENT_PUBLISH_PATH,3,370338,v0.2.0
rrweb-player,2.1.1,83,B,INCONSISTENT_PUBLISH_PATH|BRANCH_REQUIRES_PR,2,368609,v0.2.0
media-captions,0.0.18,19,F,UNVERIFIED_PUBLISH_PATH|DORMANT|SINGLE_MAINTAINER,1,368581,v0.2.0
vue-multiselect,3.5.0,39,D,UNVERIFIED_PUBLISH_PATH,2,366971,v0.2.0
ally.js,1.4.1,14,F,UNVERIFIED_PUBLISH_PATH|DORMANT|SINGLE_MAINTAINER,1,364174,v0.2.0
'@deck.gl/google-maps,9.3.7,39,D,UNVERIFIED_PUBLISH_PATH,5,363253,v0.2.0
markdown-it-deflist,3.0.1,25,F,UNVERIFIED_PUBLISH_PATH|SINGLE_MAINTAINER,1,363147,v0.2.0
ical.js,2.2.1,25,F,UNVERIFIED_PUBLISH_PATH|SINGLE_MAINTAINER,1,362215,v0.2.0
'@fontsource/montserrat,5.3.0,81,B,,2,362191,v0.2.0
'@novnc/novnc,1.7.0,87,A,,5,361382,v0.2.0
'@mapbox/mapbox-sdk,0.16.2,46,D,UNVERIFIED_PUBLISH_PATH,28,360536,v0.2.0
nosleep.js,0.12.0,25,F,UNVERIFIED_PUBLISH_PATH|DORMANT|SINGLE_MAINTAINER,1,360531,v0.2.0
mergician,2.0.2,19,F,UNVERIFIED_PUBLISH_PATH|DORMANT|SINGLE_MAINTAINER,1,359803,v0.2.0
'@pdftron/webviewer,12.0.1,21,F,UNVERIFIED_PUBLISH_PATH|SINGLE_MAINTAINER,1,359419,v0.2.0
'@castleio/castle-js,2.8.5,30,F,UNVERIFIED_PUBLISH_PATH,7,359012,v0.2.0
markerjs2,2.32.7,25,F,UNVERIFIED_PUBLISH_PATH|SINGLE_MAINTAINER,1,358393,v0.2.0
datamaps,0.5.10,39,D,UNVERIFIED_PUBLISH_PATH,2,357719,v0.2.0
flowbite-datepicker,2.0.0,25,F,UNVERIFIED_PUBLISH_PATH|SINGLE_MAINTAINER,1,357404,v0.2.0
'@nats-io/nuid,3.0.0,87,A,,3,357275,v0.2.0
emoji-toolkit,10.0.0,25,F,UNVERIFIED_PUBLISH_PATH|SINGLE_MAINTAINER,1,356466,v0.2.0
typo-js,1.3.2,31,F,UNVERIFIED_PUBLISH_PATH|SINGLE_MAINTAINER,1,356272,v0.2.0
uuid-random,1.3.2,19,F,UNVERIFIED_PUBLISH_PATH|DORMANT|SINGLE_MAINTAINER,1,354900,v0.2.0
plotly.js-dist-min,3.7.0,45,D,UNVERIFIED_PUBLISH_PATH,15,354221,v0.2.0
vue-echarts,8.0.1,89,A,,2,354024,v0.2.0
chartjs-plugin-crosshair,2.0.0,33,F,UNVERIFIED_PUBLISH_PATH|DORMANT,2,352888,v0.2.0
'@unocss/reset,66.7.5,89,A,,3,352856,v0.2.0
semantic-ui-react,2.1.5,33,F,UNVERIFIED_PUBLISH_PATH|DORMANT,2,352572,v0.2.0
'@vaadin/vaadin-material-styles,24.9.17,39,D,UNVERIFIED_PUBLISH_PATH,12,351901,v0.2.0
videojs-ie8,1.1.2,33,F,UNVERIFIED_PUBLISH_PATH|DORMANT,2,351774,v0.2.0
'@amcharts/amcharts5,5.20.0,34,F,UNVERIFIED_PUBLISH_PATH,4,351650,v0.2.0
'@material/linear-progress,14.0.0,33,F,UNVERIFIED_PUBLISH_PATH|DORMANT,14,351589,v0.2.0
ngx-bootstrap,21.2.1,39,D,UNVERIFIED_PUBLISH_PATH,3,351532,v0.2.0
'@syncfusion/ej2-base,34.1.30,39,D,UNVERIFIED_PUBLISH_PATH,3,351351,v0.2.0
'@carbon/icons-react,11.84.0,100,A,,7,351324,v0.2.0
dom-to-image,2.6.0,19,F,UNVERIFIED_PUBLISH_PATH|DORMANT|SINGLE_MAINTAINER,1,350658,v0.2.0
'@tsparticles/move-base,3.9.1,36,D,UNVERIFIED_PUBLISH_PATH|SINGLE_MAINTAINER|DEPRECATED,1,349297,v0.2.0
primereact,11.0.0,30,F,UNVERIFIED_PUBLISH_PATH,3,348546,v0.2.0
'@tsparticles/updater-color,3.9.1,26,F,UNVERIFIED_PUBLISH_PATH|SINGLE_MAINTAINER|DEPRECATED,1,347926,v0.2.0
'@vaadin/vaadin-lumo-styles,25.2.6,39,D,UNVERIFIED_PUBLISH_PATH,12,347574,v0.2.0
svg-to-pdfkit,0.1.8,14,F,UNVERIFIED_PUBLISH_PATH|DORMANT|SINGLE_MAINTAINER,1,347258,v0.2.0
pikaday,1.8.2,19,F,UNVERIFIED_PUBLISH_PATH|DORMANT|SINGLE_MAINTAINER,1,346830,v0.2.0
leaflet-draw,1.0.4,33,F,UNVERIFIED_PUBLISH_PATH|DORMANT,2,346133,v0.2.0
'@primer/octicons,19.31.0,80,B,SINGLE_MAINTAINER,1,345651,v0.2.0
dragula,3.7.3,33,F,UNVERIFIED_PUBLISH_PATH|DORMANT,2,344284,v0.2.0
froala-editor,5.3.1,25,F,UNVERIFIED_PUBLISH_PATH|SINGLE_MAINTAINER,1,343283,v0.2.0
maska,3.2.0,25,F,UNVERIFIED_PUBLISH_PATH|SINGLE_MAINTAINER,1,342792,v0.2.0
randomcolor,0.6.2,19,F,UNVERIFIED_PUBLISH_PATH|DORMANT|SINGLE_MAINTAINER,1,341745,v0.2.0
tether,3.0.2,72,B,,2,341744,v0.2.0
'@material/switch,14.0.0,33,F,UNVERIFIED_PUBLISH_PATH|DORMANT,14,341237,v0.2.0
'@vaadin/vaadin-development-mode-detector,2.0.7,33,F,UNVERIFIED_PUBLISH_PATH|DORMANT,12,341173,v0.2.0
'@vaadin/vaadin-usage-statistics,2.1.3,33,F,UNVERIFIED_PUBLISH_PATH|DORMANT,12,340412,v0.2.0
'@vinejs/vine,4.4.0,87,A,,2,340402,v0.2.0
'@fullcalendar/timeline,6.1.21,20,F,UNVERIFIED_PUBLISH_PATH|SINGLE_MAINTAINER,1,340291,v0.2.0
'@vinejs/compiler,4.1.3,87,A,,2,339603,v0.2.0
medium-zoom,1.1.0,19,F,UNVERIFIED_PUBLISH_PATH|DORMANT|SINGLE_MAINTAINER,1,339386,v0.2.0
recordrtc,5.6.2,25,F,UNVERIFIED_PUBLISH_PATH|DORMANT|SINGLE_MAINTAINER,1,339366,v0.2.0
'@thumbmarkjs/thumbmarkjs,1.10.1,35,D,UNVERIFIED_PUBLISH_PATH,2,339311,v0.2.0
'@material/tab-indicator,14.0.0,33,F,UNVERIFIED_PUBLISH_PATH|DORMANT,14,337332,v0.2.0
tom-select,2.6.2,87,A,,2,336913,v0.2.0
shepherd.js,15.2.2,79,B,INCONSISTENT_PUBLISH_PATH,2,335561,v0.2.0
'@material/tab-scroller,14.0.0,33,F,UNVERIFIED_PUBLISH_PATH|DORMANT,14,335544,v0.2.0
diagram-js,15.23.0,39,D,UNVERIFIED_PUBLISH_PATH,11,335180,v0.2.0
xterm-addon-fit,0.8.0,19,F,UNVERIFIED_PUBLISH_PATH|DORMANT|SINGLE_MAINTAINER|DEPRECATED,1,334421,v0.2.0
imagesloaded,5.0.0,19,F,UNVERIFIED_PUBLISH_PATH|DORMANT|SINGLE_MAINTAINER,1,333786,v0.2.0
'@orchidjs/sifter,1.1.0,33,F,UNVERIFIED_PUBLISH_PATH|DORMANT,2,332997,v0.2.0
3d-force-graph,1.80.0,25,F,UNVERIFIED_PUBLISH_PATH|SINGLE_MAINTAINER,1,332853,v0.2.0
'@vaadin/input-container,25.2.6,39,D,UNVERIFIED_PUBLISH_PATH,12,332558,v0.2.0
domready,1.0.8,33,F,UNVERIFIED_PUBLISH_PATH|DORMANT,2,331833,v0.2.0
'@progress/kendo-svg-icons,5.4.0,80,B,SINGLE_MAINTAINER,1,331038,v0.2.0
'@vaadin/field-base,25.2.6,39,D,UNVERIFIED_PUBLISH_PATH,12,329840,v0.2.0
'@webcomponents/webcomponentsjs,2.8.0,41,D,UNVERIFIED_PUBLISH_PATH|DORMANT,7,329179,v0.2.0
'@vaadin/lit-renderer,25.2.6,39,D,UNVERIFIED_PUBLISH_PATH,12,328689,v0.2.0
survey-core,2.5.35,39,D,UNVERIFIED_PUBLISH_PATH,4,328574,v0.2.0
sa-sdk-javascript,1.27.13,20,F,UNVERIFIED_PUBLISH_PATH|SINGLE_MAINTAINER,1,328022,v0.2.0
'@material/slider,14.0.0,33,F,UNVERIFIED_PUBLISH_PATH|DORMANT,14,327494,v0.2.0
simplex-noise,4.0.3,19,F,UNVERIFIED_PUBLISH_PATH|DORMANT|SINGLE_MAINTAINER,1,324680,v0.2.0
'@orchidjs/unicode-variants,1.1.2,33,F,UNVERIFIED_PUBLISH_PATH|DORMANT,2,324546,v0.2.0
react-image-gallery,2.1.2,63,C,INCONSISTENT_PUBLISH_PATH|SINGLE_MAINTAINER,1,324282,v0.2.0
penpal,7.0.6,25,F,UNVERIFIED_PUBLISH_PATH|SINGLE_MAINTAINER,1,324231,v0.2.0
'@material/layout-grid,14.0.0,33,F,UNVERIFIED_PUBLISH_PATH|DORMANT,14,323774,v0.2.0
jsoneditor,10.4.3,31,F,UNVERIFIED_PUBLISH_PATH|SINGLE_MAINTAINER,1,323699,v0.2.0
masonry-layout,4.2.2,19,F,UNVERIFIED_PUBLISH_PATH|DORMANT|SINGLE_MAINTAINER,1,323322,v0.2.0
primeflex,4.0.0,39,D,UNVERIFIED_PUBLISH_PATH,2,323165,v0.2.0
cytoscape-dagre,4.0.0,39,D,UNVERIFIED_PUBLISH_PATH,4,321351,v0.2.0
tcplayer.js,5.3.4,35,D,UNVERIFIED_PUBLISH_PATH,2,321022,v0.2.0
cleave.js,1.6.0,19,F,UNVERIFIED_PUBLISH_PATH|DORMANT|SINGLE_MAINTAINER,1,320522,v0.2.0
vanilla-cookieconsent,3.1.0,39,D,UNVERIFIED_PUBLISH_PATH,2,320356,v0.2.0
mupdf,1.28.0,21,F,UNVERIFIED_PUBLISH_PATH|SINGLE_MAINTAINER,1,320036,v0.2.0
unidragger,3.0.1,19,F,UNVERIFIED_PUBLISH_PATH|DORMANT|SINGLE_MAINTAINER,1,318850,v0.2.0
'@zumer/snapdom,2.18.0,25,F,UNVERIFIED_PUBLISH_PATH|SINGLE_MAINTAINER,1,318595,v0.2.0
'@embedpdf/pdfium,2.14.4,26,F,UNVERIFIED_PUBLISH_PATH|SINGLE_MAINTAINER,1,318536,v0.2.0
disposable-email-domains,1.0.62,33,F,UNVERIFIED_PUBLISH_PATH|DORMANT,2,318235,v0.2.0
'@syncfusion/ej2-buttons,34.1.30,39,D,UNVERIFIED_PUBLISH_PATH,3,318080,v0.2.0
amplitude-js,8.21.10,87,A,,8,317580,v0.2.0
tweakpane,4.0.5,14,F,UNVERIFIED_PUBLISH_PATH|DORMANT|SINGLE_MAINTAINER,1,317363,v0.2.0
'@types/stylus,0.48.43,27,F,UNVERIFIED_PUBLISH_PATH|DORMANT|SINGLE_MAINTAINER,1,317129,v0.2.0
'@snowplow/browser-plugin-enhanced-consent,4.9.0,39,D,UNVERIFIED_PUBLISH_PATH,3,316832,v0.2.0
'@copilotkit/react-core,1.63.2,71,B,INCONSISTENT_PUBLISH_PATH|SINGLE_MAINTAINER,1,315849,v0.2.0
'@material/circular-progress,14.0.0,33,F,UNVERIFIED_PUBLISH_PATH|DORMANT,14,315588,v0.2.0
spacetime,7.13.0,87,A,,3,314332,v0.2.0
'@rrweb/packer,2.1.1,83,B,INCONSISTENT_PUBLISH_PATH,2,313494,v0.2.0
markdown-it-abbr,2.0.0,19,F,UNVERIFIED_PUBLISH_PATH|DORMANT|SINGLE_MAINTAINER,1,313169,v0.2.0
'@fluentui/react,8.125.7,52,C,UNVERIFIED_PUBLISH_PATH,4,313029,v0.2.0
'@rails/request.js,0.0.13,39,D,UNVERIFIED_PUBLISH_PATH,9,309943,v0.2.0
grapesjs,0.23.3,25,F,UNVERIFIED_PUBLISH_PATH|SINGLE_MAINTAINER,1,309543,v0.2.0
'@vaadin/a11y-base,25.2.6,39,D,UNVERIFIED_PUBLISH_PATH,12,309008,v0.2.0
'@ant-design/icons-vue,7.0.1,33,F,UNVERIFIED_PUBLISH_PATH|DORMANT,6,308683,v0.2.0
cobe,2.0.1,39,D,UNVERIFIED_PUBLISH_PATH,2,306977,v0.2.0
rxjs-compat,6.6.7,10,F,UNVERIFIED_PUBLISH_PATH|DORMANT|SINGLE_MAINTAINER,1,305851,v0.2.0
'@polymer/polymer,3.5.2,40,D,UNVERIFIED_PUBLISH_PATH|DORMANT,10,305693,v0.2.0
storyblok-js-client,7.7.2,89,A,,7,304820,v0.2.0
microsoft-cognitiveservices-speech-sdk,1.51.0,40,D,UNVERIFIED_PUBLISH_PATH|BRANCH_REQUIRES_PR,5,304304,v0.2.0
'@fullcalendar/resource,6.1.21,20,F,UNVERIFIED_PUBLISH_PATH|SINGLE_MAINTAINER,1,304244,v0.2.0
angular-sanitize,1.8.3,25,F,UNVERIFIED_PUBLISH_PATH|DORMANT|SINGLE_MAINTAINER|DEPRECATED,1,302771,v0.2.0
codemirror-spell-checker,1.1.2,14,F,UNVERIFIED_PUBLISH_PATH|DORMANT|SINGLE_MAINTAINER|PUBLISHER_NOT_MAINTAINER,1,301584,v0.2.0
vanilla-jsoneditor,3.13.0,31,F,UNVERIFIED_PUBLISH_PATH|SINGLE_MAINTAINER,1,301374,v0.2.0
'@glideapps/glide-data-grid,6.0.3,33,F,UNVERIFIED_PUBLISH_PATH|DORMANT,30,301181,v0.2.0
kuromoji,0.1.2,19,F,UNVERIFIED_PUBLISH_PATH|DORMANT|SINGLE_MAINTAINER,1,300669,v0.2.0
handsontable,18.0.0,82,B,,6,300468,v0.2.0
'@google/model-viewer,4.3.1,39,D,UNVERIFIED_PUBLISH_PATH,4,300209,v0.2.0
quasar,2.23.1,40,D,UNVERIFIED_PUBLISH_PATH,3,299537,v0.2.0
'@lobehub/ui,5.23.5,81,B,,9,298540,v0.2.0
draftjs-to-html,0.9.1,19,F,UNVERIFIED_PUBLISH_PATH|DORMANT|SINGLE_MAINTAINER,1,297402,v0.2.0
client-zip,2.5.0,25,F,UNVERIFIED_PUBLISH_PATH|SINGLE_MAINTAINER,1,297138,v0.2.0
'@formulajs/formulajs,4.6.0,73,B,SINGLE_MAINTAINER,1,296616,v0.2.0
bpmn-js,18.22.0,39,D,UNVERIFIED_PUBLISH_PATH,11,296608,v0.2.0
'@progress/kendo-licensing,1.11.2,25,F,UNVERIFIED_PUBLISH_PATH|SINGLE_MAINTAINER,1,296595,v0.2.0
'@editorjs/editorjs,2.31.6,27,F,UNVERIFIED_PUBLISH_PATH|SINGLE_MAINTAINER,1,296050,v0.2.0
'@contentful/rich-text-html-renderer,17.2.3,39,D,UNVERIFIED_PUBLISH_PATH,4,296002,v0.2.0
'@syncfusion/ej2-popups,34.1.29,39,D,UNVERIFIED_PUBLISH_PATH,3,295893,v0.2.0
'@capsizecss/metrics,4.2.0,89,A,,2,295556,v0.2.0
filepond,4.32.12,25,F,UNVERIFIED_PUBLISH_PATH|SINGLE_MAINTAINER,1,293925,v0.2.0
'@syncfusion/ej2-inputs,34.1.32,39,D,UNVERIFIED_PUBLISH_PATH,3,293531,v0.2.0
sigma,3.0.3,39,D,UNVERIFIED_PUBLISH_PATH,2,289923,v0.2.0
'@vercel/postgres,0.10.0,28,F,UNVERIFIED_PUBLISH_PATH|DORMANT|DEPRECATED,4,286978,v0.2.0
'@sentry/fullstory,5.0.0,20,F,UNVERIFIED_PUBLISH_PATH|SINGLE_MAINTAINER,1,286242,v0.2.0
v-calendar,2.4.2,14,F,UNVERIFIED_PUBLISH_PATH|DORMANT|SINGLE_MAINTAINER,1,285810,v0.2.0
'@iconify-json/logos,1.2.11,21,F,UNVERIFIED_PUBLISH_PATH|SINGLE_MAINTAINER,1,285444,v0.2.0
dom4,2.1.6,19,F,UNVERIFIED_PUBLISH_PATH|DORMANT|SINGLE_MAINTAINER,1,285124,v0.2.0
jquery-mousewheel,3.2.2,39,D,UNVERIFIED_PUBLISH_PATH,5,282375,v0.2.0
vue-advanced-cropper,2.8.9,19,F,UNVERIFIED_PUBLISH_PATH|DORMANT|SINGLE_MAINTAINER,1,282330,v0.2.0
keen-slider,6.8.6,19,F,UNVERIFIED_PUBLISH_PATH|DORMANT|SINGLE_MAINTAINER,1,282006,v0.2.0
'@pixi/utils,7.4.3,46,D,UNVERIFIED_PUBLISH_PATH,2,280980,v0.2.0
matter-js,0.20.0,19,F,UNVERIFIED_PUBLISH_PATH|DORMANT|SINGLE_MAINTAINER,1,280850,v0.2.0
'@syncfusion/ej2-navigations,34.1.31,39,D,UNVERIFIED_PUBLISH_PATH,3,280798,v0.2.0
raphael,2.3.0,33,F,UNVERIFIED_PUBLISH_PATH|DORMANT,3,280060,v0.2.0
lil-uuid,0.1.1,19,F,UNVERIFIED_PUBLISH_PATH|DORMANT|SINGLE_MAINTAINER,1,278897,v0.2.0
vue-select,3.20.4,39,D,UNVERIFIED_PUBLISH_PATH,8,278666,v0.2.0
'@pixi/core,7.4.3,46,D,UNVERIFIED_PUBLISH_PATH,2,278503,v0.2.0
'@types/sql.js,1.4.11,33,F,UNVERIFIED_PUBLISH_PATH|SINGLE_MAINTAINER,1,278418,v0.2.0
'@progress/kendo-drawing,1.25.3,25,F,UNVERIFIED_PUBLISH_PATH|SINGLE_MAINTAINER,1,277965,v0.2.0
async-wait-until,2.0.31,32,F,UNVERIFIED_PUBLISH_PATH|SINGLE_MAINTAINER,1,277924,v0.2.0
merkletreejs,0.6.0,57,C,SINGLE_MAINTAINER,1,277823,v0.2.0
'@shopify/polaris-icons,9.3.1,78,B,,6,277591,v0.2.0
wretch,3.0.9,73,B,SINGLE_MAINTAINER,1,277212,v0.2.0
'@iabtcf/core,1.5.6,28,F,UNVERIFIED_PUBLISH_PATH|DORMANT,2,276687,v0.2.0
'@fullcalendar/resource-timeline,6.1.21,20,F,UNVERIFIED_PUBLISH_PATH|SINGLE_MAINTAINER,1,276684,v0.2.0
'@babylonjs/core,9.18.0,25,F,UNVERIFIED_PUBLISH_PATH|SINGLE_MAINTAINER,1,276484,v0.2.0
marked-highlight,2.2.4,73,B,SINGLE_MAINTAINER,1,275618,v0.2.0
jquery-ujs,1.2.3,33,F,UNVERIFIED_PUBLISH_PATH|DORMANT,2,275593,v0.2.0
'@builder.io/partytown,0.10.3,33,F,UNVERIFIED_PUBLISH_PATH|DORMANT|DEPRECATED,26,275377,v0.2.0
'@syncfusion/ej2-splitbuttons,34.1.31,39,D,UNVERIFIED_PUBLISH_PATH,3,275302,v0.2.0
lzutf8,0.6.3,19,F,UNVERIFIED_PUBLISH_PATH|DORMANT|SINGLE_MAINTAINER,1,275188,v0.2.0
projen,0.101.20,88,A,,2,275113,v0.2.0
'@quasar/extras,2.0.2,40,D,UNVERIFIED_PUBLISH_PATH,5,274754,v0.2.0
fullcalendar,7.0.2,20,F,UNVERIFIED_PUBLISH_PATH|SINGLE_MAINTAINER,1,274342,v0.2.0
timeago.js,4.0.2,33,F,UNVERIFIED_PUBLISH_PATH|DORMANT,2,274190,v0.2.0
'@embedpdf/fonts-latin,1.0.0,26,F,UNVERIFIED_PUBLISH_PATH|SINGLE_MAINTAINER,1,273859,v0.2.0
react-draft-wysiwyg,1.15.0,19,F,UNVERIFIED_PUBLISH_PATH|DORMANT|SINGLE_MAINTAINER,1,273352,v0.2.0
alasql,4.17.3,45,D,UNVERIFIED_PUBLISH_PATH,2,273324,v0.2.0
linkify-html,4.3.3,79,B,SINGLE_MAINTAINER,1,273323,v0.2.0
ol-mapbox-style,13.4.1,39,D,UNVERIFIED_PUBLISH_PATH,4,273068,v0.2.0
jstz,2.1.1,14,F,UNVERIFIED_PUBLISH_PATH|DORMANT|SINGLE_MAINTAINER|PUBLISHER_NOT_MAINTAINER,1,271220,v0.2.0
mobile-detect,1.4.5,19,F,UNVERIFIED_PUBLISH_PATH|DORMANT|SINGLE_MAINTAINER,1,270799,v0.2.0
'@antv/g6,5.1.1,40,D,UNVERIFIED_PUBLISH_PATH,18,270579,v0.2.0
cesium,1.143.0,39,D,UNVERIFIED_PUBLISH_PATH|BRANCH_REQUIRES_PR,16,270388,v0.2.0
auth0-js,10.2.0,94,A,,21,270298,v0.2.0
'@fontsource/noto-sans-sc,5.3.0,81,B,,2,269948,v0.2.0
'@progress/kendo-react-common,15.1.0,25,F,UNVERIFIED_PUBLISH_PATH|SINGLE_MAINTAINER,1,269636,v0.2.0
'@iconify-json/ph,1.2.2,15,F,UNVERIFIED_PUBLISH_PATH|DORMANT|SINGLE_MAINTAINER,1,269036,v0.2.0
'@iconify-json/mdi,1.2.3,15,F,UNVERIFIED_PUBLISH_PATH|DORMANT|SINGLE_MAINTAINER,1,268754,v0.2.0
quill-mention,6.1.1,57,C,SINGLE_MAINTAINER,1,268623,v0.2.0
'@syncfusion/ej2-lists,34.1.30,39,D,UNVERIFIED_PUBLISH_PATH,3,268089,v0.2.0
'@mermaid-js/layout-tidy-tree,0.2.2,82,B,,6,267823,v0.2.0
react-use-gesture,9.1.3,33,F,UNVERIFIED_PUBLISH_PATH|DORMANT|DEPRECATED,2,267649,v0.2.0
devextreme,26.1.3,47,D,UNVERIFIED_PUBLISH_PATH|BRANCH_REQUIRES_PR,3,267152,v0.2.0
shaka-player,5.2.2,83,B,INCONSISTENT_PUBLISH_PATH,3,266907,v0.2.0
'@vue-flow/controls,1.1.3,27,F,UNVERIFIED_PUBLISH_PATH|SINGLE_MAINTAINER,1,266553,v0.2.0
'@ant-design/pro-layout,7.22.7,39,D,UNVERIFIED_PUBLISH_PATH,5,265666,v0.2.0
css-vars-ponyfill,2.4.9,19,F,UNVERIFIED_PUBLISH_PATH|DORMANT|SINGLE_MAINTAINER,1,265275,v0.2.0
print-js,1.6.0,19,F,UNVERIFIED_PUBLISH_PATH|DORMANT|SINGLE_MAINTAINER,1,265052,v0.2.0
'@fontsource/lato,5.3.0,81,B,,2,263864,v0.2.0
'@descope/web-component,3.70.4,34,F,UNVERIFIED_PUBLISH_PATH,5,263730,v0.2.0
ant-design-vue,4.2.6,25,F,UNVERIFIED_PUBLISH_PATH|DORMANT|SINGLE_MAINTAINER,1,262938,v0.2.0
pinyin-pro,3.28.2,20,F,UNVERIFIED_PUBLISH_PATH|SINGLE_MAINTAINER,1,262934,v0.2.0
'@vite-pwa/assets-generator,1.0.2,72,B,,2,262298,v0.2.0
'@microsoft/fast-element,3.0.1,47,D,UNVERIFIED_PUBLISH_PATH,8,262076,v0.2.0
xlsx-populate,1.21.0,19,F,UNVERIFIED_PUBLISH_PATH|DORMANT|SINGLE_MAINTAINER,1,261754,v0.2.0
'@tsparticles/interaction-particles-links,4.3.2,69,C,INCONSISTENT_PUBLISH_PATH|SINGLE_MAINTAINER,1,261577,v0.2.0
single-spa-react,6.0.2,9,F,UNVERIFIED_PUBLISH_PATH|DORMANT|SINGLE_MAINTAINER|PUBLISHER_NOT_MAINTAINER,1,260790,v0.2.0
cloudinary-core,2.14.1,29,F,UNVERIFIED_PUBLISH_PATH|PUBLISHER_NOT_MAINTAINER,2,259814,v0.2.0
phaser,4.2.1,25,F,UNVERIFIED_PUBLISH_PATH|SINGLE_MAINTAINER,1,259664,v0.2.0
'@tsparticles/slim,4.3.2,69,C,INCONSISTENT_PUBLISH_PATH|SINGLE_MAINTAINER,1,259573,v0.2.0
easymde,2.21.0,73,B,SINGLE_MAINTAINER,1,259439,v0.2.0
'@fontsource/space-grotesk,5.3.0,81,B,,2,259284,v0.2.0
react-time-picker,8.0.3,73,B,SINGLE_MAINTAINER,1,259189,v0.2.0
'@tsparticles/interaction-particles-collisions,4.3.2,69,C,INCONSISTENT_PUBLISH_PATH|SINGLE_MAINTAINER,1,258914,v0.2.0
'@tsparticles/interaction-external-push,4.3.2,69,C,INCONSISTENT_PUBLISH_PATH|SINGLE_MAINTAINER,1,258908,v0.2.0
'@tsparticles/shape-line,4.3.2,69,C,INCONSISTENT_PUBLISH_PATH|SINGLE_MAINTAINER,1,258842,v0.2.0
'@tsparticles/interaction-external-attract,4.3.2,69,C,INCONSISTENT_PUBLISH_PATH|SINGLE_MAINTAINER,1,258770,v0.2.0
'@tsparticles/interaction-external-slow,4.3.2,69,C,INCONSISTENT_PUBLISH_PATH|SINGLE_MAINTAINER,1,258496,v0.2.0
'@tsparticles/interaction-external-bounce,4.3.2,69,C,INCONSISTENT_PUBLISH_PATH|SINGLE_MAINTAINER,1,258475,v0.2.0
'@tsparticles/plugin-easing-quad,4.3.2,69,C,INCONSISTENT_PUBLISH_PATH|SINGLE_MAINTAINER,1,258422,v0.2.0
'@tsparticles/interaction-external-repulse,4.3.2,69,C,INCONSISTENT_PUBLISH_PATH|SINGLE_MAINTAINER,1,258392,v0.2.0
'@tsparticles/interaction-external-grab,4.3.2,69,C,INCONSISTENT_PUBLISH_PATH|SINGLE_MAINTAINER,1,258364,v0.2.0
'@tsparticles/interaction-external-connect,4.3.2,69,C,INCONSISTENT_PUBLISH_PATH|SINGLE_MAINTAINER,1,258355,v0.2.0
'@tsparticles/interaction-external-bubble,4.3.2,69,C,INCONSISTENT_PUBLISH_PATH|SINGLE_MAINTAINER,1,258332,v0.2.0
'@tsparticles/interaction-external-pause,4.3.2,69,C,INCONSISTENT_PUBLISH_PATH|SINGLE_MAINTAINER,1,258319,v0.2.0
'@tsparticles/interaction-particles-attract,4.3.2,69,C,INCONSISTENT_PUBLISH_PATH|SINGLE_MAINTAINER,1,258311,v0.2.0
'@tsparticles/interaction-external-remove,4.3.2,69,C,INCONSISTENT_PUBLISH_PATH|SINGLE_MAINTAINER,1,258310,v0.2.0
deck.gl,9.3.7,39,D,UNVERIFIED_PUBLISH_PATH,10,257886,v0.2.0
'@esri/calcite-components,5.1.2,94,A,,37,257809,v0.2.0
aos,2.3.4,19,F,UNVERIFIED_PUBLISH_PATH|DORMANT|SINGLE_MAINTAINER,1,256679,v0.2.0
postcode-validator,3.10.18,25,F,UNVERIFIED_PUBLISH_PATH|SINGLE_MAINTAINER,1,256268,v0.2.0
material-design-icons-iconfont,6.7.0,19,F,UNVERIFIED_PUBLISH_PATH|DORMANT|SINGLE_MAINTAINER,1,255602,v0.2.0
datatables.net-dt,3.0.0,25,F,UNVERIFIED_PUBLISH_PATH|SINGLE_MAINTAINER,1,255488,v0.2.0
square,45.0.1,87,A,,22,254641,v0.2.0
vis-timeline,8.5.2,39,D,UNVERIFIED_PUBLISH_PATH,3,252760,v0.2.0
qrcode.vue,3.10.0,63,C,INCONSISTENT_PUBLISH_PATH|SINGLE_MAINTAINER,1,252374,v0.2.0
'@syncfusion/ej2-dropdowns,34.1.32,35,D,UNVERIFIED_PUBLISH_PATH,3,252238,v0.2.0
'@microsoft/fast-foundation,2.50.0,46,D,UNVERIFIED_PUBLISH_PATH|DORMANT,8,250778,v0.2.0
device-detector-js,3.0.3,19,F,UNVERIFIED_PUBLISH_PATH|DORMANT|SINGLE_MAINTAINER,1,249838,v0.2.0
extendable-media-recorder,9.2.39,25,F,UNVERIFIED_PUBLISH_PATH|SINGLE_MAINTAINER,1,249701,v0.2.0
spin.js,4.1.2,33,F,UNVERIFIED_PUBLISH_PATH|DORMANT,3,249258,v0.2.0
roboto-fontface,0.10.0,19,F,UNVERIFIED_PUBLISH_PATH|DORMANT|SINGLE_MAINTAINER,1,249097,v0.2.0
chartkick,5.0.1,19,F,UNVERIFIED_PUBLISH_PATH|DORMANT|SINGLE_MAINTAINER,1,248612,v0.2.0
qr-scanner,1.4.2,14,F,UNVERIFIED_PUBLISH_PATH|DORMANT|SINGLE_MAINTAINER,1,248533,v0.2.0
'@adyen/api-library,32.0.0,84,B,INCONSISTENT_PUBLISH_PATH,6,248324,v0.2.0
tone,15.1.22,35,D,UNVERIFIED_PUBLISH_PATH|SINGLE_MAINTAINER,1,248150,v0.2.0
github-markdown-css,5.9.0,25,F,UNVERIFIED_PUBLISH_PATH|SINGLE_MAINTAINER,1,247884,v0.2.0
'@solid-primitives/scheduled,1.5.3,40,D,UNVERIFIED_PUBLISH_PATH,3,247822,v0.2.0
twemoji,14.0.2,28,F,UNVERIFIED_PUBLISH_PATH|DORMANT,3,247337,v0.2.0
'@azure/data-tables,13.3.2,47,D,UNVERIFIED_PUBLISH_PATH,3,246285,v0.2.0
'@polar-sh/sdk,0.49.0,87,A,,5,245280,v0.2.0
'@syncfusion/ej2-calendars,34.1.29,39,D,UNVERIFIED_PUBLISH_PATH,3,243295,v0.2.0
smartystreets-javascript-sdk,12.1.0,87,A,,12,242127,v0.2.0
'@tmcw/togeojson,7.1.2,20,F,UNVERIFIED_PUBLISH_PATH|SINGLE_MAINTAINER,1,242072,v0.2.0
dayjs-plugin-utc,0.1.2,19,F,UNVERIFIED_PUBLISH_PATH|DORMANT|SINGLE_MAINTAINER,1,241899,v0.2.0
'@okta/okta-signin-widget,7.47.2,27,F,UNVERIFIED_PUBLISH_PATH|SINGLE_MAINTAINER,1,240666,v0.2.0
angular-animate,1.8.3,25,F,UNVERIFIED_PUBLISH_PATH|DORMANT|SINGLE_MAINTAINER|DEPRECATED,1,239190,v0.2.0
'@breezystack/lamejs,1.2.7,19,F,UNVERIFIED_PUBLISH_PATH|DORMANT|SINGLE_MAINTAINER,1,239019,v0.2.0
mailcheck,1.1.1,33,F,UNVERIFIED_PUBLISH_PATH|DORMANT,3,238405,v0.2.0
jquery-ui-dist,1.13.3,25,F,UNVERIFIED_PUBLISH_PATH|DORMANT|SINGLE_MAINTAINER,1,237485,v0.2.0
vue-meta,2.4.0,33,F,UNVERIFIED_PUBLISH_PATH|DORMANT,5,237463,v0.2.0
cldr-core,48.2.0,39,D,UNVERIFIED_PUBLISH_PATH,4,237400,v0.2.0
govuk-frontend,6.4.0,80,B,SINGLE_MAINTAINER,1,237110,v0.2.0
stream-chat-react,14.10.0,100,A,,8,236448,v0.2.0
jquery-validation,1.22.1,45,D,UNVERIFIED_PUBLISH_PATH,3,236107,v0.2.0
array-flat-polyfill,1.0.1,19,F,UNVERIFIED_PUBLISH_PATH|DORMANT|SINGLE_MAINTAINER,1,236053,v0.2.0
exifreader,4.41.3,69,C,INCONSISTENT_PUBLISH_PATH|SINGLE_MAINTAINER,1,236018,v0.2.0
dialog-polyfill,0.5.6,33,F,UNVERIFIED_PUBLISH_PATH|DORMANT,2,235799,v0.2.0
'@shopify/polaris,13.9.5,73,B,,6,235702,v0.2.0
lazysizes,5.3.2,33,F,UNVERIFIED_PUBLISH_PATH|DORMANT,2,235029,v0.2.0
'@arcgis/core,5.1.14,35,D,UNVERIFIED_PUBLISH_PATH,5,234939,v0.2.0
prism-themes,1.9.0,39,D,UNVERIFIED_PUBLISH_PATH|DORMANT,4,234542,v0.2.0
'@fontsource/dm-sans,5.3.0,81,B,,2,234450,v0.2.0
'@fontsource-variable/dm-sans,5.3.0,81,B,,2,233863,v0.2.0
'@fontsource-variable/fraunces,5.3.0,81,B,,2,233167,v0.2.0
'@hyzyla/pdfium,2.1.13,73,B,SINGLE_MAINTAINER,1,232688,v0.2.0
suncalc,2.0.1,25,F,UNVERIFIED_PUBLISH_PATH|SINGLE_MAINTAINER,1,232517,v0.2.0
'@fontsource-variable/space-grotesk,5.3.0,81,B,,2,232418,v0.2.0
three-globe,2.45.2,25,F,UNVERIFIED_PUBLISH_PATH|SINGLE_MAINTAINER,1,232271,v0.2.0
'@statsig/session-replay,3.33.3,77,B,INCONSISTENT_PUBLISH_PATH,2,230935,v0.2.0
'@getbrevo/brevo,6.0.2,77,B,INCONSISTENT_PUBLISH_PATH,4,229987,v0.2.0
'@ag-grid-community/styles,32.3.9,45,D,UNVERIFIED_PUBLISH_PATH|BRANCH_REQUIRES_PR,3,229416,v0.2.0
dom-to-image-more,3.10.2,25,F,UNVERIFIED_PUBLISH_PATH|SINGLE_MAINTAINER,1,227651,v0.2.0
'@fullcalendar/vue3,7.0.2,20,F,UNVERIFIED_PUBLISH_PATH|SINGLE_MAINTAINER,1,226519,v0.2.0
'@cloudinary/transformation-builder-sdk,1.21.2,25,F,UNVERIFIED_PUBLISH_PATH|PUBLISHER_NOT_MAINTAINER,2,225862,v0.2.0
'@fontsource/geist-mono,5.3.0,81,B,,2,225126,v0.2.0
toastr,2.1.4,19,F,UNVERIFIED_PUBLISH_PATH|DORMANT|SINGLE_MAINTAINER,1,224845,v0.2.0
'@material/material-color-utilities,0.4.0,25,F,UNVERIFIED_PUBLISH_PATH|SINGLE_MAINTAINER,1,224695,v0.2.0
'@ionic/angular,8.8.15,94,A,,2,224668,v0.2.0
gojs,4.0.3,39,D,UNVERIFIED_PUBLISH_PATH,2,224152,v0.2.0
'@ibm/plex,6.4.1,33,F,UNVERIFIED_PUBLISH_PATH|DORMANT,5,223935,v0.2.0
'@planetscale/database,1.20.1,84,B,INCONSISTENT_PUBLISH_PATH,7,223717,v0.2.0
us-atlas,3.0.1,19,F,UNVERIFIED_PUBLISH_PATH|DORMANT|SINGLE_MAINTAINER,1,223644,v0.2.0
'@github/webauthn-json,2.1.1,48,D,REPO_LINKAGE_MISMATCH|DORMANT|PUBLISHER_NOT_MAINTAINER|DEPRECATED,21,223178,v0.2.0
upng-js,2.1.0,33,F,UNVERIFIED_PUBLISH_PATH|DORMANT,2,222369,v0.2.0
'@syncfusion/ej2-notifications,34.1.29,39,D,UNVERIFIED_PUBLISH_PATH,3,221355,v0.2.0
telnyx,7.10.0,78,B,INCONSISTENT_PUBLISH_PATH,6,220705,v0.2.0
jquery-migrate,4.0.2,39,D,UNVERIFIED_PUBLISH_PATH,5,220673,v0.2.0
jstimezonedetect,1.0.7,33,F,UNVERIFIED_PUBLISH_PATH|DORMANT,2,220457,v0.2.0
moment-business-days,1.2.0,33,F,UNVERIFIED_PUBLISH_PATH|DORMANT,4,219229,v0.2.0
elevenlabs,1.59.0,39,D,UNVERIFIED_PUBLISH_PATH|DEPRECATED,3,219196,v0.2.0
'@rrweb/replay,2.1.1,83,B,INCONSISTENT_PUBLISH_PATH,2,219052,v0.2.0
feather-icons,4.29.2,26,F,UNVERIFIED_PUBLISH_PATH|DORMANT|SINGLE_MAINTAINER,1,219023,v0.2.0
'@progress/kendo-date-math,1.5.17,25,F,UNVERIFIED_PUBLISH_PATH|SINGLE_MAINTAINER,1,218728,v0.2.0
'@fingerprintjs/botd,2.0.0,34,F,UNVERIFIED_PUBLISH_PATH|BRANCH_REQUIRES_PR,2,218672,v0.2.0
paper,0.12.18,33,F,UNVERIFIED_PUBLISH_PATH|DORMANT,2,218184,v0.2.0
chartjs-adapter-moment,1.0.1,33,F,UNVERIFIED_PUBLISH_PATH|DORMANT,2,218173,v0.2.0
'@milkdown/crepe,7.21.3,74,B,SINGLE_MAINTAINER,1,217744,v0.2.0
ethereumjs-tx,2.1.2,33,F,UNVERIFIED_PUBLISH_PATH|DORMANT|DEPRECATED,5,217494,v0.2.0
vue-dompurify-html,5.3.0,58,C,SINGLE_MAINTAINER,1,217223,v0.2.0
inter-ui,4.1.1,25,F,UNVERIFIED_PUBLISH_PATH|SINGLE_MAINTAINER,1,215420,v0.2.0
qr-creator,1.0.0,19,F,UNVERIFIED_PUBLISH_PATH|DORMANT|SINGLE_MAINTAINER,1,215352,v0.2.0
devexpress-diagram,2.2.29,34,F,UNVERIFIED_PUBLISH_PATH,3,214602,v0.2.0
velocity-animate,1.5.2,33,F,UNVERIFIED_PUBLISH_PATH|DORMANT,3,213374,v0.2.0
devextreme-quill,1.8.0,85,A,INCONSISTENT_PUBLISH_PATH,9,213352,v0.2.0
intro.js,8.5.0,73,B,SINGLE_MAINTAINER,1,211755,v0.2.0
marked-gfm-heading-id,4.1.4,73,B,SINGLE_MAINTAINER,1,211736,v0.2.0
'@tsparticles/plugin-emitters,4.3.2,69,C,INCONSISTENT_PUBLISH_PATH|SINGLE_MAINTAINER,1,211271,v0.2.0
leaflet.heat,0.2.0,19,F,UNVERIFIED_PUBLISH_PATH|DORMANT|SINGLE_MAINTAINER,1,211079,v0.2.0
ra-core,5.15.0,39,D,UNVERIFIED_PUBLISH_PATH,3,210997,v0.2.0
'@ricky0123/vad-web,0.0.30,21,F,UNVERIFIED_PUBLISH_PATH|SINGLE_MAINTAINER,1,210786,v0.2.0
mobius1-selectr,2.4.13,19,F,UNVERIFIED_PUBLISH_PATH|DORMANT|SINGLE_MAINTAINER,1,210532,v0.2.0
'@tsparticles/updater-wobble,4.3.2,69,C,INCONSISTENT_PUBLISH_PATH|SINGLE_MAINTAINER,1,210356,v0.2.0
bootstrap-datepicker,1.10.1,39,D,UNVERIFIED_PUBLISH_PATH,2,209010,v0.2.0
ag-stack,36.0.2,69,C,INCONSISTENT_PUBLISH_PATH|SINGLE_MAINTAINER,1,208185,v0.2.0
clipboard-polyfill,4.1.1,19,F,UNVERIFIED_PUBLISH_PATH|DORMANT|SINGLE_MAINTAINER,1,208101,v0.2.0
'@tsparticles/updater-stroke-color,3.9.1,26,F,UNVERIFIED_PUBLISH_PATH|SINGLE_MAINTAINER|DEPRECATED,1,207900,v0.2.0
fast-average-color,9.5.2,25,F,UNVERIFIED_PUBLISH_PATH|SINGLE_MAINTAINER,1,207666,v0.2.0
d3-flextree,2.1.2,33,F,UNVERIFIED_PUBLISH_PATH|DORMANT,2,207583,v0.2.0
bootstrap-vue,2.23.1,39,D,UNVERIFIED_PUBLISH_PATH|DORMANT,4,207558,v0.2.0
'@tsparticles/updater-roll,4.3.2,69,C,INCONSISTENT_PUBLISH_PATH|SINGLE_MAINTAINER,1,207077,v0.2.0
'@novu/js,3.18.1,95,A,,4,206923,v0.2.0
'@tsparticles/move-parallax,3.9.1,26,F,UNVERIFIED_PUBLISH_PATH|SINGLE_MAINTAINER|DEPRECATED,1,206630,v0.2.0
'@tsparticles/updater-tilt,4.3.2,69,C,INCONSISTENT_PUBLISH_PATH|SINGLE_MAINTAINER,1,206621,v0.2.0
air-datepicker,3.6.0,25,F,UNVERIFIED_PUBLISH_PATH|SINGLE_MAINTAINER,1,206359,v0.2.0
datatables.net-buttons,4.0.0,25,F,UNVERIFIED_PUBLISH_PATH|SINGLE_MAINTAINER,1,205862,v0.2.0
js-video-url-parser,0.5.1,19,F,UNVERIFIED_PUBLISH_PATH|DORMANT|SINGLE_MAINTAINER,1,205847,v0.2.0
'@fullcalendar/resource-daygrid,6.1.21,20,F,UNVERIFIED_PUBLISH_PATH|SINGLE_MAINTAINER,1,205424,v0.2.0
'@progress/kendo-theme-default,14.4.0,80,B,SINGLE_MAINTAINER,1,204958,v0.2.0
dockview-core,7.0.4,86,A,SINGLE_MAINTAINER,1,204325,v0.2.0
'@pdfme/pdf-lib,6.1.12,73,B,SINGLE_MAINTAINER,1,204223,v0.2.0
htmx.org,2.0.10,31,F,UNVERIFIED_PUBLISH_PATH|SINGLE_MAINTAINER,1,204202,v0.2.0
react-multi-carousel,2.8.6,25,F,UNVERIFIED_PUBLISH_PATH|SINGLE_MAINTAINER,1,203881,v0.2.0
'@fullcalendar/multimonth,6.1.21,20,F,UNVERIFIED_PUBLISH_PATH|SINGLE_MAINTAINER,1,202913,v0.2.0
exif-js,2.3.0,33,F,UNVERIFIED_PUBLISH_PATH|DORMANT,3,202901,v0.2.0
'@fullcalendar/resource-timegrid,6.1.21,20,F,UNVERIFIED_PUBLISH_PATH|SINGLE_MAINTAINER,1,202711,v0.2.0
'@frontegg/js,7.119.0,35,D,UNVERIFIED_PUBLISH_PATH,3,201186,v0.2.0
'@fontsource/noto-sans-jp,5.3.0,81,B,,2,198756,v0.2.0
chess.js,1.4.0,25,F,UNVERIFIED_PUBLISH_PATH|SINGLE_MAINTAINER,1,198701,v0.2.0
'@fontsource/manrope,5.3.0,81,B,,2,198487,v0.2.0
msgpack5,6.0.2,25,F,UNVERIFIED_PUBLISH_PATH|DORMANT|SINGLE_MAINTAINER,1,198483,v0.2.0
get-video-id,4.2.0,25,F,UNVERIFIED_PUBLISH_PATH|SINGLE_MAINTAINER,1,198329,v0.2.0
ngx-extended-pdf-viewer,28.1.0,79,B,SINGLE_MAINTAINER,1,198204,v0.2.0
'@superset-ui/embedded-sdk,0.4.0,100,A,,21,197647,v0.2.0
ng-zorro-antd,22.0.0,41,D,UNVERIFIED_PUBLISH_PATH,8,197092,v0.2.0
'@iconify-json/material-symbols,1.2.87,21,F,UNVERIFIED_PUBLISH_PATH|SINGLE_MAINTAINER,1,196959,v0.2.0
daterangepicker,3.1.0,19,F,UNVERIFIED_PUBLISH_PATH|DORMANT|SINGLE_MAINTAINER,1,196916,v0.2.0
iban,0.0.14,19,F,UNVERIFIED_PUBLISH_PATH|DORMANT|SINGLE_MAINTAINER,1,196754,v0.2.0
'@mapbox/mapbox-gl-geocoder,5.1.2,46,D,UNVERIFIED_PUBLISH_PATH|BRANCH_REQUIRES_PR,28,196311,v0.2.0
'@fontsource-variable/plus-jakarta-sans,5.3.0,81,B,,2,196116,v0.2.0
pocketbase,0.27.0,25,F,UNVERIFIED_PUBLISH_PATH|SINGLE_MAINTAINER,1,195955,v0.2.0
typed.js,3.0.0,25,F,UNVERIFIED_PUBLISH_PATH|SINGLE_MAINTAINER,1,195439,v0.2.0
chartjs-adapter-luxon,1.3.1,19,F,UNVERIFIED_PUBLISH_PATH|DORMANT|SINGLE_MAINTAINER,1,195085,v0.2.0
'@algolia/autocomplete-js,1.19.9,29,F,UNVERIFIED_PUBLISH_PATH|PUBLISHER_NOT_MAINTAINER,14,194672,v0.2.0
'@iconify-json/carbon,1.2.24,21,F,UNVERIFIED_PUBLISH_PATH|SINGLE_MAINTAINER,1,194627,v0.2.0
'@mux/upchunk,3.5.0,41,D,UNVERIFIED_PUBLISH_PATH,4,194169,v0.2.0
stimulus-use,0.53.0,87,A,,2,194130,v0.2.0
'@cortex-js/compute-engine,0.94.0,25,F,UNVERIFIED_PUBLISH_PATH|SINGLE_MAINTAINER,1,193812,v0.2.0
terra-draw,1.32.2,63,C,INCONSISTENT_PUBLISH_PATH|SINGLE_MAINTAINER,1,193712,v0.2.0
bootstrap-daterangepicker,3.1.0,33,F,UNVERIFIED_PUBLISH_PATH|DORMANT,3,193283,v0.2.0
'@vue-flow/minimap,1.5.4,27,F,UNVERIFIED_PUBLISH_PATH|SINGLE_MAINTAINER,1,192654,v0.2.0
tinyld,1.3.4,28,F,UNVERIFIED_PUBLISH_PATH|DORMANT,2,192546,v0.2.0
simplify-js,1.2.4,19,F,UNVERIFIED_PUBLISH_PATH|DORMANT|SINGLE_MAINTAINER,1,191393,v0.2.0
'@vee-validate/rules,4.15.1,62,C,SINGLE_MAINTAINER,1,191063,v0.2.0
'@uploadcare/file-uploader,1.32.1,39,D,UNVERIFIED_PUBLISH_PATH,4,190713,v0.2.0
mercadopago,3.2.1,39,D,UNVERIFIED_PUBLISH_PATH,11,190620,v0.2.0
es-module-shims,2.8.2,25,F,UNVERIFIED_PUBLISH_PATH|SINGLE_MAINTAINER,1,188944,v0.2.0
html-to-pdfmake,2.5.33,25,F,UNVERIFIED_PUBLISH_PATH|SINGLE_MAINTAINER,1,188217,v0.2.0
frappe-gantt,1.2.2,73,B,SINGLE_MAINTAINER,1,187679,v0.2.0
ali-oss,6.23.0,45,D,UNVERIFIED_PUBLISH_PATH,8,186756,v0.2.0
angular-ui-bootstrap,2.5.6,33,F,UNVERIFIED_PUBLISH_PATH|DORMANT,4,186651,v0.2.0
mathlive,0.110.0,31,F,UNVERIFIED_PUBLISH_PATH|SINGLE_MAINTAINER,1,186437,v0.2.0
'@lit-labs/virtualizer,2.1.1,84,B,,11,186269,v0.2.0
vue-toastification,1.7.14,14,F,UNVERIFIED_PUBLISH_PATH|DORMANT|SINGLE_MAINTAINER,1,183311,v0.2.0
'@fontsource/playfair-display,5.3.0,81,B,,2,183186,v0.2.0
yahoo-finance2,4.0.0,93,A,,2,183165,v0.2.0
exiftool-vendored.pl,13.59.0,73,B,SINGLE_MAINTAINER,1,182918,v0.2.0
emoji-picker-element,1.29.1,25,F,UNVERIFIED_PUBLISH_PATH|SINGLE_MAINTAINER,1,182765,v0.2.0
htmlhint,1.9.2,46,D,UNVERIFIED_PUBLISH_PATH,2,182278,v0.2.0
'@fontsource/plus-jakarta-sans,5.3.0,81,B,,2,182151,v0.2.0
element-ui,2.15.14,33,F,UNVERIFIED_PUBLISH_PATH|DORMANT,11,181997,v0.2.0
country-region-data,4.1.0,25,F,UNVERIFIED_PUBLISH_PATH|SINGLE_MAINTAINER,1,181841,v0.2.0
'@progress/kendo-theme-core,14.4.0,80,B,SINGLE_MAINTAINER,1,181254,v0.2.0
tua-body-scroll-lock,1.6.3,39,D,UNVERIFIED_PUBLISH_PATH,2,181206,v0.2.0
'@oddbird/popover-polyfill,0.7.1,52,C,UNVERIFIED_PUBLISH_PATH,5,180983,v0.2.0
flowbite-react,0.12.17,39,D,UNVERIFIED_PUBLISH_PATH,4,180980,v0.2.0
'@wix/sdk-runtime,1.0.17,30,F,UNVERIFIED_PUBLISH_PATH,11,180741,v0.2.0
'@rive-app/canvas-lite,2.39.1,87,A,BRANCH_REQUIRES_PR,5,180614,v0.2.0
temml,0.13.3,25,F,UNVERIFIED_PUBLISH_PATH|SINGLE_MAINTAINER,1,179952,v0.2.0
construct-style-sheets-polyfill,3.1.0,19,F,UNVERIFIED_PUBLISH_PATH|DORMANT|SINGLE_MAINTAINER,1,179904,v0.2.0
raven-js,3.27.2,35,D,UNVERIFIED_PUBLISH_PATH|DORMANT|DEPRECATED,5,179600,v0.2.0
panzoom,9.4.4,25,F,UNVERIFIED_PUBLISH_PATH|SINGLE_MAINTAINER,1,179349,v0.2.0
'@amplitude/plugin-experiment-browser,1.0.0-beta.38,79,B,INCONSISTENT_PUBLISH_PATH,6,179004,v0.2.0
'@progress/kendo-theme-utils,14.4.0,80,B,SINGLE_MAINTAINER,1,178082,v0.2.0
filepond-plugin-file-validate-type,1.2.9,19,F,UNVERIFIED_PUBLISH_PATH|DORMANT|SINGLE_MAINTAINER,1,177694,v0.2.0
smartbanner.js,1.29.0,86,A,SINGLE_MAINTAINER,1,177406,v0.2.0
'@coreui/coreui,5.9.0,31,F,UNVERIFIED_PUBLISH_PATH|SINGLE_MAINTAINER,1,177294,v0.2.0
css-element-queries,1.2.3,19,F,UNVERIFIED_PUBLISH_PATH|DORMANT|SINGLE_MAINTAINER,1,177264,v0.2.0
globe.gl,2.46.1,25,F,UNVERIFIED_PUBLISH_PATH|SINGLE_MAINTAINER,1,177223,v0.2.0
'@fontsource/space-mono,5.3.0,81,B,,2,176366,v0.2.0
'@ckeditor/ckeditor5-collaboration-core,48.3.1,21,F,UNVERIFIED_PUBLISH_PATH|SINGLE_MAINTAINER,1,176113,v0.2.0
'@fontsource-variable/manrope,5.3.0,81,B,,2,175845,v0.2.0
'@amplitude/unified,1.1.27,89,A,,6,175200,v0.2.0
jodit,4.13.10,69,C,INCONSISTENT_PUBLISH_PATH|SINGLE_MAINTAINER,1,174836,v0.2.0
'@ckeditor/ckeditor5-build-classic,44.3.0,38,D,UNVERIFIED_PUBLISH_PATH|SINGLE_MAINTAINER|DEPRECATED,1,174714,v0.2.0
web-animations-js,2.3.2,33,F,UNVERIFIED_PUBLISH_PATH|DORMANT,3,174314,v0.2.0
lil-gui,0.21.0,25,F,UNVERIFIED_PUBLISH_PATH|SINGLE_MAINTAINER,1,174055,v0.2.0
rsuite,6.2.2,93,A,,6,173804,v0.2.0
autocomplete.js,0.38.1,33,F,UNVERIFIED_PUBLISH_PATH|DORMANT,21,173586,v0.2.0
'@syncfusion/ej2-grids,34.1.31,39,D,UNVERIFIED_PUBLISH_PATH,3,173460,v0.2.0
sourcemapped-stacktrace,1.1.11,19,F,UNVERIFIED_PUBLISH_PATH|DORMANT|SINGLE_MAINTAINER,1,173151,v0.2.0
svg2pdf.js,2.7.0,45,D,UNVERIFIED_PUBLISH_PATH,4,173059,v0.2.0
'@ckeditor/ckeditor5-comments,48.3.1,21,F,UNVERIFIED_PUBLISH_PATH|SINGLE_MAINTAINER,1,173025,v0.2.0
a11y-dialog,8.1.5,25,F,UNVERIFIED_PUBLISH_PATH|SINGLE_MAINTAINER,1,172077,v0.2.0
what-input,5.2.12,19,F,UNVERIFIED_PUBLISH_PATH|DORMANT|SINGLE_MAINTAINER,1,172060,v0.2.0
monday-sdk-js,0.5.9,39,D,UNVERIFIED_PUBLISH_PATH,11,171972,v0.2.0
'@clerk/ui,1.26.0,82,B,BRANCH_REQUIRES_PR,6,171835,v0.2.0
tabulator-tables,6.5.2,77,B,INCONSISTENT_PUBLISH_PATH,3,170690,v0.2.0
shpjs,6.2.0,25,F,UNVERIFIED_PUBLISH_PATH|SINGLE_MAINTAINER,1,170631,v0.2.0
'@highcharts/map-collection,2.3.3,39,D,UNVERIFIED_PUBLISH_PATH,10,169929,v0.2.0
vue-tel-input,9.8.0,25,F,UNVERIFIED_PUBLISH_PATH|SINGLE_MAINTAINER,1,169193,v0.2.0
'@fontsource/outfit,5.3.0,81,B,,2,169089,v0.2.0
'@carbon/icons,11.84.0,100,A,,7,168791,v0.2.0
'@ffmpeg/core,0.12.10,28,F,UNVERIFIED_PUBLISH_PATH|DORMANT,3,168723,v0.2.0
plantuml-encoder,1.4.0,19,F,UNVERIFIED_PUBLISH_PATH|DORMANT|SINGLE_MAINTAINER,1,168524,v0.2.0
vue-tippy,6.7.1,16,F,UNVERIFIED_PUBLISH_PATH|SINGLE_MAINTAINER,1,168185,v0.2.0
tributejs,5.1.3,19,F,UNVERIFIED_PUBLISH_PATH|DORMANT|SINGLE_MAINTAINER,1,167923,v0.2.0
'@ibm/plex-mono,2.5.0,39,D,UNVERIFIED_PUBLISH_PATH,23,166645,v0.2.0
rc-calendar,9.15.11,33,F,UNVERIFIED_PUBLISH_PATH|DORMANT,6,166312,v0.2.0
'@editorjs/header,2.8.9,20,F,UNVERIFIED_PUBLISH_PATH|SINGLE_MAINTAINER,1,166154,v0.2.0
bootstrap-select,1.13.18,19,F,UNVERIFIED_PUBLISH_PATH|DORMANT|SINGLE_MAINTAINER,1,166015,v0.2.0
pdfobject,2.3.1,25,F,UNVERIFIED_PUBLISH_PATH|SINGLE_MAINTAINER,1,165860,v0.2.0
naive-ui,2.44.1,20,F,UNVERIFIED_PUBLISH_PATH|SINGLE_MAINTAINER,1,165776,v0.2.0
'@coreui/icons,3.1.0,25,F,UNVERIFIED_PUBLISH_PATH|SINGLE_MAINTAINER,1,164404,v0.2.0
'@iconify-json/tabler,1.2.37,21,F,UNVERIFIED_PUBLISH_PATH|SINGLE_MAINTAINER,1,164290,v0.2.0
'@react-icons/all-files,4.1.0,14,F,UNVERIFIED_PUBLISH_PATH|DORMANT|SINGLE_MAINTAINER,1,164016,v0.2.0
survey-creator-core,2.5.35,39,D,UNVERIFIED_PUBLISH_PATH,5,163633,v0.2.0
'@fontsource/nunito,5.3.0,81,B,,2,163191,v0.2.0
eslint-plugin-json-schema-validator,6.3.0,87,A,,2,162742,v0.2.0
'@fontsource/geist-sans,5.3.0,81,B,,2,162460,v0.2.0
markdown,0.5.0,28,F,UNVERIFIED_PUBLISH_PATH|DORMANT,2,162342,v0.2.0
'@ckeditor/ckeditor5-track-changes,48.3.1,21,F,UNVERIFIED_PUBLISH_PATH|SINGLE_MAINTAINER,1,162097,v0.2.0
'@geoman-io/leaflet-geoman-free,2.20.0,68,C,SINGLE_MAINTAINER,1,162052,v0.2.0
'@fontsource/roboto-mono,5.3.0,81,B,,2,161435,v0.2.0
knockout,3.5.3,39,D,UNVERIFIED_PUBLISH_PATH,2,160486,v0.2.0
'@ckeditor/ckeditor5-real-time-collaboration,48.3.1,21,F,UNVERIFIED_PUBLISH_PATH|SINGLE_MAINTAINER,1,160097,v0.2.0
eosjs,22.1.0,33,F,UNVERIFIED_PUBLISH_PATH|DORMANT,4,159874,v0.2.0
'@vue/compat,3.5.40,64,C,INCONSISTENT_PUBLISH_PATH|SINGLE_MAINTAINER,1,159823,v0.2.0
'@tanstack/solid-query,5.101.4,89,A,,3,159664,v0.2.0
'@rsuite/icons,1.4.1,87,A,,6,159516,v0.2.0
'@iconify-json/heroicons,1.2.3,21,F,UNVERIFIED_PUBLISH_PATH|SINGLE_MAINTAINER,1,159363,v0.2.0
highlight.run,10.6.0,94,A,,2,158628,v0.2.0
datatables.net-responsive,4.0.0,25,F,UNVERIFIED_PUBLISH_PATH|SINGLE_MAINTAINER,1,158586,v0.2.0
oidc-client,1.11.5,19,F,UNVERIFIED_PUBLISH_PATH|DORMANT|SINGLE_MAINTAINER,1,158553,v0.2.0
youtubei.js,17.2.0,73,B,SINGLE_MAINTAINER,1,158549,v0.2.0
'@ckeditor/ckeditor5-revision-history,48.3.1,21,F,UNVERIFIED_PUBLISH_PATH|SINGLE_MAINTAINER,1,158462,v0.2.0
angular-cookies,1.8.3,25,F,UNVERIFIED_PUBLISH_PATH|DORMANT|SINGLE_MAINTAINER|DEPRECATED,1,157526,v0.2.0
'@material-symbols/svg-400,0.45.9,73,B,SINGLE_MAINTAINER,1,157352,v0.2.0
'@ckeditor/ckeditor-cloud-services-collaboration,54.2.7,21,F,UNVERIFIED_PUBLISH_PATH|SINGLE_MAINTAINER,1,157159,v0.2.0
'@ckeditor/ckeditor5-pagination,48.3.1,21,F,UNVERIFIED_PUBLISH_PATH|SINGLE_MAINTAINER,1,156109,v0.2.0
'@azure/app-configuration,1.12.1,47,D,UNVERIFIED_PUBLISH_PATH,3,156072,v0.2.0
'@telnyx/webrtc,2.27.8,84,B,INCONSISTENT_PUBLISH_PATH,6,155935,v0.2.0
'@supabase/gotrue-js,2.108.2,75,B,,0,155731,v0.2.0
'@vapi-ai/web,2.6.1,82,B,,7,155538,v0.2.0
'@ckeditor/ckeditor5-document-outline,48.3.1,21,F,UNVERIFIED_PUBLISH_PATH|SINGLE_MAINTAINER,1,155066,v0.2.0
'@fontsource/fraunces,5.3.0,81,B,,2,154920,v0.2.0
'@panzoom/panzoom,4.6.2,31,F,UNVERIFIED_PUBLISH_PATH|SINGLE_MAINTAINER|BRANCH_REQUIRES_PR,1,154564,v0.2.0
'@fontsource-variable/figtree,5.3.0,81,B,,2,154410,v0.2.0
canvas-size,2.0.0,19,F,UNVERIFIED_PUBLISH_PATH|DORMANT|SINGLE_MAINTAINER,1,154251,v0.2.0
phosphor-react-native,3.0.6,39,D,UNVERIFIED_PUBLISH_PATH,4,154239,v0.2.0
'@ant-design/charts,2.6.7,34,F,UNVERIFIED_PUBLISH_PATH,8,154194,v0.2.0
three-spritetext,1.10.0,25,F,UNVERIFIED_PUBLISH_PATH|SINGLE_MAINTAINER,1,154151,v0.2.0
agora-rtc-sdk-ng,4.24.6,39,D,UNVERIFIED_PUBLISH_PATH,2,154127,v0.2.0
'@tsparticles/plugin-motion,4.3.2,69,C,INCONSISTENT_PUBLISH_PATH|SINGLE_MAINTAINER,1,153281,v0.2.0
piexifjs,1.0.6,19,F,UNVERIFIED_PUBLISH_PATH|DORMANT|SINGLE_MAINTAINER,1,153049,v0.2.0
datatables.net-select,4.0.0,25,F,UNVERIFIED_PUBLISH_PATH|SINGLE_MAINTAINER,1,152896,v0.2.0
'@ckeditor/ckeditor5-merge-fields,48.3.1,21,F,UNVERIFIED_PUBLISH_PATH|SINGLE_MAINTAINER,1,152666,v0.2.0
stimulus,3.2.2,15,F,UNVERIFIED_PUBLISH_PATH|DORMANT|SINGLE_MAINTAINER,1,152534,v0.2.0
filepond-plugin-image-preview,4.6.12,19,F,UNVERIFIED_PUBLISH_PATH|DORMANT|SINGLE_MAINTAINER,1,152438,v0.2.0
'@iconify-json/ri,1.2.10,21,F,UNVERIFIED_PUBLISH_PATH|SINGLE_MAINTAINER,1,151783,v0.2.0
xss-filters,1.2.7,33,F,UNVERIFIED_PUBLISH_PATH|DORMANT,4,151293,v0.2.0
remixicon,4.9.1,73,B,SINGLE_MAINTAINER,1,151047,v0.2.0
'@fontsource/material-icons,5.3.0,81,B,,2,150179,v0.2.0
fireworks-js,2.10.8,14,F,UNVERIFIED_PUBLISH_PATH|DORMANT|SINGLE_MAINTAINER,1,150140,v0.2.0
turbolinks,5.2.0,33,F,UNVERIFIED_PUBLISH_PATH|DORMANT,3,150064,v0.2.0
'@techstark/opencv-js,5.0.0-release.1,73,B,SINGLE_MAINTAINER,1,150014,v0.2.0
'@lucide/lab,0.1.2,14,F,UNVERIFIED_PUBLISH_PATH|DORMANT|SINGLE_MAINTAINER,1,149527,v0.2.0
'@aws-amplify/graphql-api-construct,1.22.2,46,D,UNVERIFIED_PUBLISH_PATH,6,149476,v0.2.0
datatables.net-bs4,3.0.0,25,F,UNVERIFIED_PUBLISH_PATH|SINGLE_MAINTAINER,1,149329,v0.2.0
'@capgo/capacitor-social-login,8.3.38,67,C,SINGLE_MAINTAINER,1,148831,v0.2.0
ansi_up,6.0.6,25,F,UNVERIFIED_PUBLISH_PATH|SINGLE_MAINTAINER,1,148738,v0.2.0
wavefile,11.0.0,19,F,UNVERIFIED_PUBLISH_PATH|DORMANT|SINGLE_MAINTAINER,1,148734,v0.2.0
'@lottiefiles/lottie-player,2.0.12,65,C,DORMANT,2,147637,v0.2.0
'@tsparticles/shape-heart,4.3.2,69,C,INCONSISTENT_PUBLISH_PATH|SINGLE_MAINTAINER,1,147186,v0.2.0
'@tsparticles/shape-cards,4.3.2,69,C,INCONSISTENT_PUBLISH_PATH|SINGLE_MAINTAINER,1,147143,v0.2.0
croppie,2.6.5,19,F,UNVERIFIED_PUBLISH_PATH|DORMANT|SINGLE_MAINTAINER,1,146950,v0.2.0
flag-icon-css,4.1.7,19,F,UNVERIFIED_PUBLISH_PATH|DORMANT|SINGLE_MAINTAINER|DEPRECATED,1,146452,v0.2.0
flagsmith,10.0.0,84,B,DEPRECATED|BRANCH_REQUIRES_PR,3,146434,v0.2.0
'@capacitor/app-launcher,8.0.1,69,C,REPO_LINKAGE_MISMATCH,18,146137,v0.2.0
vuelidate,0.7.7,39,D,UNVERIFIED_PUBLISH_PATH|DORMANT,2,146104,v0.2.0
onfido-sdk-ui,14.79.0,25,F,UNVERIFIED_PUBLISH_PATH|SINGLE_MAINTAINER,1,145485,v0.2.0
'@editorjs/paragraph,3.0.0,21,F,UNVERIFIED_PUBLISH_PATH|SINGLE_MAINTAINER,1,145447,v0.2.0
pagedjs,0.4.3,15,F,UNVERIFIED_PUBLISH_PATH|DORMANT|SINGLE_MAINTAINER,1,144546,v0.2.0
'@shopify/draggable,1.2.1,77,B,,6,144533,v0.2.0
paho-mqtt,1.1.0,20,F,UNVERIFIED_PUBLISH_PATH|DORMANT|SINGLE_MAINTAINER,1,143967,v0.2.0
'@ckeditor/ckeditor5-ai,48.3.1,21,F,UNVERIFIED_PUBLISH_PATH|SINGLE_MAINTAINER,1,143845,v0.2.0
vue-slider-component,3.2.24,19,F,UNVERIFIED_PUBLISH_PATH|DORMANT|SINGLE_MAINTAINER,1,143592,v0.2.0
'@ministryofjustice/frontend,10.0.1,94,A,,4,143393,v0.2.0
'@tsparticles/confetti,4.3.2,69,C,INCONSISTENT_PUBLISH_PATH|SINGLE_MAINTAINER,1,143364,v0.2.0
qz-tray,2.2.6,25,F,UNVERIFIED_PUBLISH_PATH|SINGLE_MAINTAINER,1,143093,v0.2.0
amazon-connect-streams,2.27.2,39,D,UNVERIFIED_PUBLISH_PATH,12,142915,v0.2.0
p5,2.3.1,45,D,UNVERIFIED_PUBLISH_PATH,8,142895,v0.2.0
angular-messages,1.8.3,25,F,UNVERIFIED_PUBLISH_PATH|DORMANT|SINGLE_MAINTAINER,1,142804,v0.2.0
'@fullcalendar/moment-timezone,6.1.21,20,F,UNVERIFIED_PUBLISH_PATH|SINGLE_MAINTAINER,1,142755,v0.2.0
'@formkit/themes,2.1.2,72,B,INCONSISTENT_PUBLISH_PATH,4,142366,v0.2.0
uuid4,2.0.3,19,F,UNVERIFIED_PUBLISH_PATH|DORMANT|SINGLE_MAINTAINER,1,142143,v0.2.0
insert-text-at-cursor,0.3.0,19,F,UNVERIFIED_PUBLISH_PATH|DORMANT|SINGLE_MAINTAINER,1,142093,v0.2.0
'@stackblitz/sdk,1.11.1,39,D,UNVERIFIED_PUBLISH_PATH,4,141970,v0.2.0
holderjs,2.9.9,19,F,UNVERIFIED_PUBLISH_PATH|DORMANT|SINGLE_MAINTAINER,1,141870,v0.2.0
vue-currency-input,3.2.2,58,C,SINGLE_MAINTAINER,1,141627,v0.2.0
'@tensorflow/tfjs-backend-wasm,4.22.0,33,F,UNVERIFIED_PUBLISH_PATH|DORMANT,10,141300,v0.2.0
jdenticon,3.3.0,14,F,UNVERIFIED_PUBLISH_PATH|DORMANT|SINGLE_MAINTAINER,1,141002,v0.2.0
'@emailjs/browser,4.4.1,19,F,UNVERIFIED_PUBLISH_PATH|DORMANT|SINGLE_MAINTAINER,1,139985,v0.2.0
typewriter-effect,2.22.0,25,F,UNVERIFIED_PUBLISH_PATH|SINGLE_MAINTAINER,1,139721,v0.2.0
autocompleter,10.0.0,25,F,UNVERIFIED_PUBLISH_PATH|SINGLE_MAINTAINER,1,139625,v0.2.0
mp4-muxer,5.2.2,57,C,SINGLE_MAINTAINER|DEPRECATED,1,139589,v0.2.0
angular-route,1.8.3,25,F,UNVERIFIED_PUBLISH_PATH|DORMANT|SINGLE_MAINTAINER|DEPRECATED,1,139568,v0.2.0
vue-cookies,1.8.6,19,F,UNVERIFIED_PUBLISH_PATH|DORMANT|SINGLE_MAINTAINER,1,139493,v0.2.0
csslint,1.0.5,33,F,UNVERIFIED_PUBLISH_PATH|DORMANT,5,139395,v0.2.0
'@lit/task,1.0.3,84,B,,8,139242,v0.2.0
'@graphiql/plugin-explorer,5.1.3,93,A,,5,138832,v0.2.0
'@ua-parser-js/pro-business,2.0.10,73,B,SINGLE_MAINTAINER,1,137297,v0.2.0
'@qwik.dev/partytown,0.14.0,82,B,,7,137133,v0.2.0
snarkdown,2.0.0,19,F,UNVERIFIED_PUBLISH_PATH|DORMANT|SINGLE_MAINTAINER,1,137003,v0.2.0
'@patternfly/react-icons,6.6.0,39,D,UNVERIFIED_PUBLISH_PATH,16,136913,v0.2.0
'@editorjs/list,2.0.9,20,F,UNVERIFIED_PUBLISH_PATH|SINGLE_MAINTAINER,1,136700,v0.2.0
phenomenon,1.6.0,19,F,UNVERIFIED_PUBLISH_PATH|DORMANT|SINGLE_MAINTAINER,1,136546,v0.2.0
'@glidejs/glide,3.7.1,19,F,UNVERIFIED_PUBLISH_PATH|DORMANT|SINGLE_MAINTAINER,1,135814,v0.2.0
'@pixi/assets,7.4.3,46,D,UNVERIFIED_PUBLISH_PATH,2,135552,v0.2.0
quill-delta-to-html,0.12.1,33,F,UNVERIFIED_PUBLISH_PATH|DORMANT,2,135351,v0.2.0
opencc-js,1.4.1,77,B,INCONSISTENT_PUBLISH_PATH,3,135284,v0.2.0
'@aws-amplify/data-construct,1.17.7,46,D,UNVERIFIED_PUBLISH_PATH,6,134552,v0.2.0
lamejs,1.2.1,19,F,UNVERIFIED_PUBLISH_PATH|DORMANT|SINGLE_MAINTAINER,1,134541,v0.2.0
'@holiday-jp/holiday_jp,2.5.1,39,D,UNVERIFIED_PUBLISH_PATH,2,134152,v0.2.0
'@ckeditor/ckeditor5-uploadcare,48.3.1,21,F,UNVERIFIED_PUBLISH_PATH|SINGLE_MAINTAINER,1,132790,v0.2.0
occt-import-js,0.0.23,19,F,UNVERIFIED_PUBLISH_PATH|DORMANT|SINGLE_MAINTAINER,1,132254,v0.2.0
parse,8.6.0,39,D,UNVERIFIED_PUBLISH_PATH,10,132037,v0.2.0
highcharts-vue,2.0.1,29,F,UNVERIFIED_PUBLISH_PATH|DORMANT,10,131917,v0.2.0
'@syncfusion/ej2-layouts,34.1.29,39,D,UNVERIFIED_PUBLISH_PATH,3,131886,v0.2.0
blueimp-tmpl,3.20.0,19,F,UNVERIFIED_PUBLISH_PATH|DORMANT|SINGLE_MAINTAINER,1,131740,v0.2.0
vue-scrollto,2.20.0,19,F,UNVERIFIED_PUBLISH_PATH|DORMANT|SINGLE_MAINTAINER,1,131694,v0.2.0
'@stytch/vanilla-js,6.0.11,52,C,UNVERIFIED_PUBLISH_PATH,15,131464,v0.2.0
angular-resource,1.8.3,25,F,UNVERIFIED_PUBLISH_PATH|DORMANT|SINGLE_MAINTAINER|DEPRECATED,1,131295,v0.2.0
'@ant-design/icons-angular,22.0.0,39,D,UNVERIFIED_PUBLISH_PATH,8,131224,v0.2.0
accessible-autocomplete,3.0.1,40,D,UNVERIFIED_PUBLISH_PATH|DORMANT,2,131061,v0.2.0
lucide-solid,1.26.0,68,C,SINGLE_MAINTAINER,1,130986,v0.2.0
jsuites,6.4.2,25,F,UNVERIFIED_PUBLISH_PATH|SINGLE_MAINTAINER,1,129632,v0.2.0
'@babylonjs/loaders,9.18.0,25,F,UNVERIFIED_PUBLISH_PATH|SINGLE_MAINTAINER,1,129031,v0.2.0
'@fontsource/dm-mono,5.3.0,81,B,,2,129015,v0.2.0
'@vueform/multiselect,2.6.11,19,F,UNVERIFIED_PUBLISH_PATH|DORMANT|SINGLE_MAINTAINER,1,128394,v0.2.0
'@paddle/paddle-node-sdk,3.8.0,47,D,UNVERIFIED_PUBLISH_PATH,2,128365,v0.2.0
bootstrap-slider,11.0.2,33,F,UNVERIFIED_PUBLISH_PATH|DORMANT,2,127790,v0.2.0
face-api.js,0.22.2,15,F,UNVERIFIED_PUBLISH_PATH|DORMANT|SINGLE_MAINTAINER,1,127695,v0.2.0
'@fe6/water-pro,3.58.1,14,F,UNVERIFIED_PUBLISH_PATH|DORMANT|SINGLE_MAINTAINER,1,127323,v0.2.0
3dmol,2.5.5,39,D,UNVERIFIED_PUBLISH_PATH,2,127313,v0.2.0
'@wix/sdk-types,1.17.9,30,F,UNVERIFIED_PUBLISH_PATH,11,127262,v0.2.0
'@fontsource-variable/source-serif-4,5.3.0,81,B,,2,127018,v0.2.0
'@cloudscape-design/components,3.0.1334,27,F,UNVERIFIED_PUBLISH_PATH|SINGLE_MAINTAINER,1,126319,v0.2.0
'@livekit/track-processors,0.7.2,68,C,,0,126075,v0.2.0
'@vaadin/overlay,25.2.6,39,D,UNVERIFIED_PUBLISH_PATH,12,126073,v0.2.0
assemblyscript,0.28.20,87,A,,2,125932,v0.2.0
just-compare,2.3.0,25,F,UNVERIFIED_PUBLISH_PATH|DORMANT|SINGLE_MAINTAINER,1,125852,v0.2.0
'@material/web,2.5.0,45,D,UNVERIFIED_PUBLISH_PATH,4,125700,v0.2.0
i18next-localstorage-backend,4.3.1,39,D,UNVERIFIED_PUBLISH_PATH,2,125424,v0.2.0
viewerjs,1.11.8,73,B,SINGLE_MAINTAINER,1,125058,v0.2.0
'@yaireo/tagify,4.38.0,20,F,UNVERIFIED_PUBLISH_PATH|SINGLE_MAINTAINER,1,124523,v0.2.0
'@honeybadger-io/js,6.15.3,77,B,INCONSISTENT_PUBLISH_PATH,5,124444,v0.2.0
topojson,3.0.2,33,F,UNVERIFIED_PUBLISH_PATH|DORMANT|DEPRECATED,2,124406,v0.2.0
react-image-lightbox,5.1.4,33,F,UNVERIFIED_PUBLISH_PATH|DORMANT|DEPRECATED,2,123660,v0.2.0
'@iconify-json/svg-spinners,1.2.4,21,F,UNVERIFIED_PUBLISH_PATH|SINGLE_MAINTAINER,1,123652,v0.2.0
'@fontsource-variable/public-sans,5.3.0,81,B,,2,123103,v0.2.0
'@fullcalendar/rrule,7.0.2,20,F,UNVERIFIED_PUBLISH_PATH|SINGLE_MAINTAINER,1,122757,v0.2.0
'@syncfusion/ej2-charts,34.1.29,39,D,UNVERIFIED_PUBLISH_PATH,3,122381,v0.2.0
datatables.net-bs5,3.0.0,25,F,UNVERIFIED_PUBLISH_PATH|SINGLE_MAINTAINER,1,122366,v0.2.0
sweetalert,2.1.2,19,F,UNVERIFIED_PUBLISH_PATH|DORMANT|SINGLE_MAINTAINER,1,122261,v0.2.0
'@imgly/background-removal,1.7.0,34,F,UNVERIFIED_PUBLISH_PATH,12,122176,v0.2.0
'@mui/joy,5.0.0-beta.52,40,D,UNVERIFIED_PUBLISH_PATH,10,121904,v0.2.0
svg-country-flags,1.2.10,19,F,UNVERIFIED_PUBLISH_PATH|DORMANT|SINGLE_MAINTAINER,1,121780,v0.2.0
summernote,0.9.1,28,F,UNVERIFIED_PUBLISH_PATH|DORMANT,3,121776,v0.2.0
'@amcharts/amcharts4,4.10.40,34,F,UNVERIFIED_PUBLISH_PATH,4,121388,v0.2.0
heatmap.js,2.0.5,15,F,UNVERIFIED_PUBLISH_PATH|DORMANT|SINGLE_MAINTAINER,1,121386,v0.2.0
blueimp-file-upload,10.32.0,25,F,UNVERIFIED_PUBLISH_PATH|DORMANT|SINGLE_MAINTAINER,1,121324,v0.2.0
'@protomaps/basemaps,5.7.2,25,F,UNVERIFIED_PUBLISH_PATH|SINGLE_MAINTAINER,1,121303,v0.2.0
material-design-icons,3.0.1,33,F,UNVERIFIED_PUBLISH_PATH|DORMANT,6,121090,v0.2.0
emoji-datasource-apple,16.0.0,25,F,UNVERIFIED_PUBLISH_PATH|SINGLE_MAINTAINER,1,120246,v0.2.0
'@fontsource/noto-sans,5.3.0,81,B,,2,120148,v0.2.0
body-scroll-lock-upgrade,1.1.0,19,F,UNVERIFIED_PUBLISH_PATH|DORMANT|SINGLE_MAINTAINER,1,119715,v0.2.0
streamsaver,2.0.6,19,F,UNVERIFIED_PUBLISH_PATH|DORMANT|SINGLE_MAINTAINER,1,119263,v0.2.0
vue-qrcode-reader,5.7.3,25,F,UNVERIFIED_PUBLISH_PATH|SINGLE_MAINTAINER,1,118407,v0.2.0
'@tolgee/web,7.1.2,73,B,SINGLE_MAINTAINER,1,118212,v0.2.0
typesense-instantsearch-adapter,3.0.2,39,D,UNVERIFIED_PUBLISH_PATH,4,118067,v0.2.0
vue-color,3.3.3,39,D,UNVERIFIED_PUBLISH_PATH,2,117942,v0.2.0
vue3-carousel,0.17.0,39,D,UNVERIFIED_PUBLISH_PATH,2,117895,v0.2.0
post-robot,8.0.32,46,D,UNVERIFIED_PUBLISH_PATH|DORMANT,5,117782,v0.2.0
filepond-plugin-file-validate-size,2.2.8,19,F,UNVERIFIED_PUBLISH_PATH|DORMANT|SINGLE_MAINTAINER,1,117655,v0.2.0
mathjax,4.1.3,68,C,SINGLE_MAINTAINER,1,117558,v0.2.0
wicg-inert,3.1.3,33,F,UNVERIFIED_PUBLISH_PATH|DORMANT,2,116612,v0.2.0
dxf-parser,1.1.2,19,F,UNVERIFIED_PUBLISH_PATH|DORMANT|SINGLE_MAINTAINER,1,116372,v0.2.0
'@schedule-x/calendar,4.6.1,25,F,UNVERIFIED_PUBLISH_PATH|SINGLE_MAINTAINER,1,116368,v0.2.0
angular-ui-router,1.1.2,39,D,UNVERIFIED_PUBLISH_PATH,2,116229,v0.2.0
'@interactjs/core,1.10.27,33,F,UNVERIFIED_PUBLISH_PATH|DORMANT,2,116018,v0.2.0
nightwatch,3.16.0,39,D,UNVERIFIED_PUBLISH_PATH,4,115993,v0.2.0
semantic-ui-css,2.5.0,19,F,UNVERIFIED_PUBLISH_PATH|DORMANT|SINGLE_MAINTAINER,1,115948,v0.2.0
datatables.net-bs,3.0.0,25,F,UNVERIFIED_PUBLISH_PATH|SINGLE_MAINTAINER,1,115709,v0.2.0
ng-file-upload,12.2.13,19,F,UNVERIFIED_PUBLISH_PATH|DORMANT|SINGLE_MAINTAINER,1,115672,v0.2.0
js-confetti,0.13.1,25,F,UNVERIFIED_PUBLISH_PATH|SINGLE_MAINTAINER,1,115563,v0.2.0
'@launchdarkly/observability,1.1.17,81,B,SINGLE_MAINTAINER,1,115542,v0.2.0
'@fontsource-variable/ibm-plex-sans,5.3.0,81,B,,2,115457,v0.2.0
'@patternfly/patternfly,6.6.0,39,D,UNVERIFIED_PUBLISH_PATH,16,115206,v0.2.0
kiwi-schema,0.5.0,19,F,UNVERIFIED_PUBLISH_PATH|DORMANT|SINGLE_MAINTAINER,1,115129,v0.2.0
vue-axios,3.5.2,25,F,UNVERIFIED_PUBLISH_PATH|DORMANT|SINGLE_MAINTAINER,1,114891,v0.2.0
toastify-js,1.12.0,19,F,UNVERIFIED_PUBLISH_PATH|DORMANT|SINGLE_MAINTAINER,1,114869,v0.2.0
'@fontsource-variable/roboto,5.3.0,81,B,,2,114399,v0.2.0
ccxt,4.5.68,84,B,INCONSISTENT_PUBLISH_PATH,2,114389,v0.2.0
'@github/relative-time-element,5.3.0,94,A,,21,114071,v0.2.0
vue-flatpickr-component,12.0.0,25,F,UNVERIFIED_PUBLISH_PATH|SINGLE_MAINTAINER,1,113855,v0.2.0
'@algolia/autocomplete-theme-classic,1.19.9,29,F,UNVERIFIED_PUBLISH_PATH|PUBLISHER_NOT_MAINTAINER,14,113834,v0.2.0
'@viz-js/viz,3.28.0,73,B,SINGLE_MAINTAINER,1,113658,v0.2.0
'@vaadin/button,25.2.6,39,D,UNVERIFIED_PUBLISH_PATH,12,113331,v0.2.0
vant,4.10.0,26,F,UNVERIFIED_PUBLISH_PATH|SINGLE_MAINTAINER,1,113255,v0.2.0
'@vue/composition-api,1.7.2,33,F,UNVERIFIED_PUBLISH_PATH|DORMANT,5,113137,v0.2.0
'@fontsource/barlow,5.3.0,81,B,,2,113072,v0.2.0
js-search,2.0.1,28,F,UNVERIFIED_PUBLISH_PATH|DORMANT,2,113055,v0.2.0
'@swimlane/ngx-datatable,24.0.1,45,D,UNVERIFIED_PUBLISH_PATH,24,113045,v0.2.0
'@zootools/email-spell-checker,1.12.0,19,F,UNVERIFIED_PUBLISH_PATH|DORMANT|SINGLE_MAINTAINER,1,112990,v0.2.0
'@fontsource/instrument-serif,5.3.0,81,B,,2,112782,v0.2.0
eonasdan-bootstrap-datetimepicker,4.17.49,14,F,UNVERIFIED_PUBLISH_PATH|DORMANT|SINGLE_MAINTAINER|PUBLISHER_NOT_MAINTAINER,1,112736,v0.2.0
'@fontsource/noto-sans-kr,5.3.0,81,B,,2,112571,v0.2.0
altcha-lib,2.3.1,79,B,SINGLE_MAINTAINER,1,112536,v0.2.0
'@alpinejs/collapse,3.15.12,63,C,INCONSISTENT_PUBLISH_PATH|SINGLE_MAINTAINER,1,112386,v0.2.0
typeface-roboto,1.1.13,14,F,UNVERIFIED_PUBLISH_PATH|DORMANT|SINGLE_MAINTAINER,1,112116,v0.2.0
'@embedpdf/snippet,2.14.4,16,F,UNVERIFIED_PUBLISH_PATH|SINGLE_MAINTAINER,1,112019,v0.2.0
fingerprintjs2,2.1.4,28,F,UNVERIFIED_PUBLISH_PATH|DORMANT|DEPRECATED|BRANCH_REQUIRES_PR,2,111880,v0.2.0
'@fontsource/cormorant-garamond,5.3.0,81,B,,2,111764,v0.2.0
geodesy,2.4.0,14,F,UNVERIFIED_PUBLISH_PATH|DORMANT|SINGLE_MAINTAINER,1,111672,v0.2.0
opus-recorder,8.0.5,19,F,UNVERIFIED_PUBLISH_PATH|DORMANT|SINGLE_MAINTAINER,1,111629,v0.2.0
chartjs-chart-matrix,3.0.5,73,B,SINGLE_MAINTAINER,1,111475,v0.2.0
blockly,13.1.1,84,B,INCONSISTENT_PUBLISH_PATH,5,110826,v0.2.0
marked-katex-extension,5.1.10,73,B,SINGLE_MAINTAINER,1,110792,v0.2.0
'@lit-labs/observers,2.1.0,90,A,,11,110410,v0.2.0
'@formkit/tempo,1.1.0,87,A,,4,110407,v0.2.0
'@fontsource/eb-garamond,5.3.0,81,B,,2,110034,v0.2.0
'@fontsource-variable/hanken-grotesk,5.3.0,81,B,,2,109695,v0.2.0
pretendard,1.3.9,33,F,UNVERIFIED_PUBLISH_PATH|DORMANT,2,109611,v0.2.0
rough-notation,0.5.1,19,F,UNVERIFIED_PUBLISH_PATH|DORMANT|SINGLE_MAINTAINER,1,109428,v0.2.0
foundation-sites,6.9.0,39,D,UNVERIFIED_PUBLISH_PATH|DORMANT,4,108789,v0.2.0
'@vee-validate/i18n,4.15.1,62,C,SINGLE_MAINTAINER,1,108273,v0.2.0
'@antv/g2plot,2.4.35,34,F,UNVERIFIED_PUBLISH_PATH|PUBLISHER_NOT_MAINTAINER,19,108267,v0.2.0
devicon,2.17.0,39,D,UNVERIFIED_PUBLISH_PATH,3,108070,v0.2.0
json-joy,18.28.0,20,F,UNVERIFIED_PUBLISH_PATH|SINGLE_MAINTAINER,1,107184,v0.2.0
'@fontsource/oswald,5.3.0,81,B,,2,107098,v0.2.0
'@fontsource-variable/outfit,5.3.0,81,B,,2,106822,v0.2.0
jeep-sqlite,2.8.0,19,F,UNVERIFIED_PUBLISH_PATH|DORMANT|SINGLE_MAINTAINER,1,106677,v0.2.0
cookies-js,1.2.3,19,F,UNVERIFIED_PUBLISH_PATH|DORMANT|SINGLE_MAINTAINER,1,106671,v0.2.0
heroicons,2.2.0,75,B,DORMANT,3,106662,v0.2.0
ag-psd,31.0.2,25,F,UNVERIFIED_PUBLISH_PATH|SINGLE_MAINTAINER,1,106660,v0.2.0
'@interactjs/modifiers,1.10.27,33,F,UNVERIFIED_PUBLISH_PATH|DORMANT,2,106496,v0.2.0
c3,0.7.20,33,F,UNVERIFIED_PUBLISH_PATH|DORMANT,2,106459,v0.2.0
'@fontsource/source-serif-4,5.3.0,81,B,,2,106371,v0.2.0
phosphor-react,1.4.1,14,F,UNVERIFIED_PUBLISH_PATH|DORMANT|SINGLE_MAINTAINER,1,106172,v0.2.0
sip.js,0.21.2,39,D,UNVERIFIED_PUBLISH_PATH|DORMANT,4,105890,v0.2.0
'@fontsource-variable/montserrat,5.3.0,81,B,,2,105614,v0.2.0
chartist,1.5.0,20,F,UNVERIFIED_PUBLISH_PATH|SINGLE_MAINTAINER,1,105489,v0.2.0
'@wooorm/starry-night,3.10.0,25,F,UNVERIFIED_PUBLISH_PATH|SINGLE_MAINTAINER,1,105315,v0.2.0
d3-org-chart,3.1.1,19,F,UNVERIFIED_PUBLISH_PATH|DORMANT|SINGLE_MAINTAINER,1,105152,v0.2.0
eme-encryption-scheme-polyfill,2.2.4,45,D,UNVERIFIED_PUBLISH_PATH|DEPRECATED,4,105121,v0.2.0
'@ungap/global-this,0.4.4,19,F,UNVERIFIED_PUBLISH_PATH|DORMANT|SINGLE_MAINTAINER,1,104830,v0.2.0
'@launchdarkly/session-replay,1.1.17,81,B,SINGLE_MAINTAINER,1,104312,v0.2.0
country-flag-emoji-polyfill,0.1.8,19,F,UNVERIFIED_PUBLISH_PATH|DORMANT|SINGLE_MAINTAINER,1,104286,v0.2.0
ol-ext,4.0.38,73,B,SINGLE_MAINTAINER,1,103851,v0.2.0
'@expo-google-fonts/poppins,0.4.1,39,D,UNVERIFIED_PUBLISH_PATH,4,103666,v0.2.0
'@kount/kount-web-client-sdk,2.2.3,34,F,UNVERIFIED_PUBLISH_PATH,4,103519,v0.2.0
'@iconify-json/vscode-icons,1.2.67,21,F,UNVERIFIED_PUBLISH_PATH|SINGLE_MAINTAINER,1,103234,v0.2.0
eruda,3.4.3,25,F,UNVERIFIED_PUBLISH_PATH|SINGLE_MAINTAINER,1,102413,v0.2.0
'@photo-sphere-viewer/core,5.14.3,73,B,SINGLE_MAINTAINER,1,102341,v0.2.0
'@mediapipe/face_detection,0.4.1646425229,24,F,UNVERIFIED_PUBLISH_PATH|DORMANT,8,102335,v0.2.0
'@schedule-x/theme-default,4.6.1,25,F,UNVERIFIED_PUBLISH_PATH|SINGLE_MAINTAINER,1,102114,v0.2.0
lightgallery,2.9.0,20,F,UNVERIFIED_PUBLISH_PATH|SINGLE_MAINTAINER,1,102027,v0.2.0
v-tooltip,2.1.3,19,F,UNVERIFIED_PUBLISH_PATH|DORMANT|SINGLE_MAINTAINER,1,101712,v0.2.0
'@syncfusion/ej2-richtexteditor,34.1.32,39,D,UNVERIFIED_PUBLISH_PATH,3,101401,v0.2.0
vazirmatn,33.0.3,19,F,UNVERIFIED_PUBLISH_PATH|DORMANT|SINGLE_MAINTAINER,1,101291,v0.2.0
'@docsearch/sidepanel-js,4.6.3,46,D,UNVERIFIED_PUBLISH_PATH,5,100590,v0.2.0
tsparticles,4.3.2,69,C,INCONSISTENT_PUBLISH_PATH|SINGLE_MAINTAINER,1,100536,v0.2.0
plotly.js-dist,3.7.0,45,D,UNVERIFIED_PUBLISH_PATH,15,99974,v0.2.0
'@ui5/webcomponents-base,2.24.2,39,D,UNVERIFIED_PUBLISH_PATH,2,99945,v0.2.0
lite-youtube-embed,0.3.4,25,F,UNVERIFIED_PUBLISH_PATH|SINGLE_MAINTAINER,1,99300,v0.2.0
tachyons,4.12.0,33,F,UNVERIFIED_PUBLISH_PATH|DORMANT,3,99201,v0.2.0
lucide-angular,1.0.0,68,C,SINGLE_MAINTAINER|DEPRECATED,1,99178,v0.2.0
svg4everybody,2.1.9,33,F,UNVERIFIED_PUBLISH_PATH|DORMANT,4,98687,v0.2.0
retell-client-js-sdk,2.0.8,35,D,UNVERIFIED_PUBLISH_PATH,3,98642,v0.2.0
'@getzep/zep-cloud,3.25.0,87,A,,2,98481,v0.2.0
'@fullcalendar/moment,6.1.21,20,F,UNVERIFIED_PUBLISH_PATH|SINGLE_MAINTAINER,1,98415,v0.2.0
web-ifc,0.0.77,87,A,,2,98118,v0.2.0
jstree,3.3.17,19,F,UNVERIFIED_PUBLISH_PATH|DORMANT|SINGLE_MAINTAINER,1,98024,v0.2.0
'@fontsource/fira-code,5.3.0,81,B,,2,97980,v0.2.0
'@ttskch/select2-bootstrap4-theme,1.5.2,19,F,UNVERIFIED_PUBLISH_PATH|DORMANT|SINGLE_MAINTAINER,1,97536,v0.2.0
loaders.css,0.1.2,19,F,UNVERIFIED_PUBLISH_PATH|DORMANT|SINGLE_MAINTAINER,1,97460,v0.2.0
openseadragon,6.0.2,25,F,UNVERIFIED_PUBLISH_PATH|SINGLE_MAINTAINER,1,97337,v0.2.0
'@progress/kendo-angular-grid,24.2.2,21,F,UNVERIFIED_PUBLISH_PATH|SINGLE_MAINTAINER,1,97261,v0.2.0
'@fontsource-variable/bricolage-grotesque,5.3.0,81,B,,2,97195,v0.2.0
'@marp-team/marpit-svg-polyfill,2.1.0,19,F,UNVERIFIED_PUBLISH_PATH|DORMANT|SINGLE_MAINTAINER,1,96955,v0.2.0
typeahead.js,0.11.1,19,F,UNVERIFIED_PUBLISH_PATH|DORMANT|SINGLE_MAINTAINER,1,96730,v0.2.0
qrcode-reader,1.0.4,19,F,UNVERIFIED_PUBLISH_PATH|DORMANT|SINGLE_MAINTAINER,1,96500,v0.2.0
'@studio-freight/lenis,1.0.42,40,D,UNVERIFIED_PUBLISH_PATH|DORMANT|DEPRECATED,4,96285,v0.2.0
wanakana,5.3.1,33,F,UNVERIFIED_PUBLISH_PATH|DORMANT,4,96113,v0.2.0
container-query-polyfill,1.0.2,33,F,UNVERIFIED_PUBLISH_PATH|DORMANT,5,95672,v0.2.0
fastdom,1.0.12,19,F,UNVERIFIED_PUBLISH_PATH|DORMANT|SINGLE_MAINTAINER,1,95653,v0.2.0
datatables.net-colreorder,3.0.0,25,F,UNVERIFIED_PUBLISH_PATH|SINGLE_MAINTAINER,1,95247,v0.2.0
'@snowplow/browser-plugin-link-click-tracking,4.9.0,39,D,UNVERIFIED_PUBLISH_PATH,3,95114,v0.2.0
vue-upload-component,2.8.23,19,F,UNVERIFIED_PUBLISH_PATH|DORMANT|SINGLE_MAINTAINER,1,95055,v0.2.0
google-maps-infobox,2.0.0,19,F,UNVERIFIED_PUBLISH_PATH|DORMANT|SINGLE_MAINTAINER,1,94873,v0.2.0
'@mathjax/mathjax-newcm-font,4.1.3,39,D,UNVERIFIED_PUBLISH_PATH,3,94863,v0.2.0
cash-dom,8.1.5,19,F,UNVERIFIED_PUBLISH_PATH|DORMANT|SINGLE_MAINTAINER,1,94740,v0.2.0
classlist.js,1.1.20150312,19,F,UNVERIFIED_PUBLISH_PATH|DORMANT|SINGLE_MAINTAINER,1,94736,v0.2.0
jquery-mask-plugin,1.14.16,19,F,UNVERIFIED_PUBLISH_PATH|DORMANT|SINGLE_MAINTAINER,1,94556,v0.2.0
moveable,0.53.0,19,F,UNVERIFIED_PUBLISH_PATH|DORMANT|SINGLE_MAINTAINER,1,94153,v0.2.0
'@snowplow/browser-plugin-timezone,4.9.0,39,D,UNVERIFIED_PUBLISH_PATH,3,94130,v0.2.0
magnific-popup,1.2.0,19,F,UNVERIFIED_PUBLISH_PATH|DORMANT|SINGLE_MAINTAINER,1,94117,v0.2.0
'@inlang/plugin-message-format,4.4.0,82,B,,2,94026,v0.2.0
asciinema-player,3.17.0,73,B,SINGLE_MAINTAINER,1,93957,v0.2.0
'@ui5/webcomponents,2.24.2,39,D,UNVERIFIED_PUBLISH_PATH,2,93898,v0.2.0
datatables.net-fixedcolumns,6.0.0,25,F,UNVERIFIED_PUBLISH_PATH|SINGLE_MAINTAINER,1,93654,v0.2.0
'@hpcc-js/wasm,2.35.0,25,F,UNVERIFIED_PUBLISH_PATH|SINGLE_MAINTAINER,1,93638,v0.2.0
'@fontsource/geist,5.3.0,81,B,,2,93417,v0.2.0
rangy,1.3.2,19,F,UNVERIFIED_PUBLISH_PATH|DORMANT|SINGLE_MAINTAINER,1,93301,v0.2.0
'@editorjs/table,2.4.5,20,F,UNVERIFIED_PUBLISH_PATH|SINGLE_MAINTAINER,1,93283,v0.2.0
'@alpinejs/focus,3.15.12,63,C,INCONSISTENT_PUBLISH_PATH|SINGLE_MAINTAINER,1,93255,v0.2.0
'@fontsource/public-sans,5.3.0,81,B,,2,93239,v0.2.0
'@vladmandic/face-api,1.7.15,26,F,UNVERIFIED_PUBLISH_PATH|SINGLE_MAINTAINER,1,93143,v0.2.0
reset-css,5.0.2,19,F,UNVERIFIED_PUBLISH_PATH|DORMANT|SINGLE_MAINTAINER,1,92988,v0.2.0
'@solid-primitives/storage,4.4.0,40,D,UNVERIFIED_PUBLISH_PATH,3,92712,v0.2.0
jspreadsheet-ce,5.0.4,25,F,UNVERIFIED_PUBLISH_PATH|SINGLE_MAINTAINER,1,92689,v0.2.0
jquery.cookie,1.4.1,19,F,UNVERIFIED_PUBLISH_PATH|DORMANT|SINGLE_MAINTAINER,1,92666,v0.2.0
instantsearch.css,8.18.0,39,D,UNVERIFIED_PUBLISH_PATH,17,92522,v0.2.0
'@configcat/sdk,1.1.0,94,A,,4,92477,v0.2.0
add-to-calendar-button,2.15.0,87,A,,2,92391,v0.2.0
flagpack-core,2.1.0,39,D,UNVERIFIED_PUBLISH_PATH|BRANCH_REQUIRES_SIGNATURES|BRANCH_REQUIRES_PR,4,92243,v0.2.0
package.json,2.0.1,19,F,UNVERIFIED_PUBLISH_PATH|DORMANT|SINGLE_MAINTAINER|DEPRECATED,1,92086,v0.2.0
filepond-plugin-image-exif-orientation,1.0.11,19,F,UNVERIFIED_PUBLISH_PATH|DORMANT|SINGLE_MAINTAINER,1,92074,v0.2.0
'@ui5/webcomponents-icons,2.24.2,39,D,UNVERIFIED_PUBLISH_PATH,2,92024,v0.2.0
altcha,3.2.1,79,B,SINGLE_MAINTAINER,1,91932,v0.2.0
'@ui5/webcomponents-localization,2.24.2,39,D,UNVERIFIED_PUBLISH_PATH,2,91776,v0.2.0
'@fontsource/lora,5.3.0,81,B,,2,91510,v0.2.0
'@editorjs/image,2.10.3,20,F,UNVERIFIED_PUBLISH_PATH|SINGLE_MAINTAINER,1,91118,v0.2.0
vconsole,3.15.1,19,F,UNVERIFIED_PUBLISH_PATH|DORMANT|SINGLE_MAINTAINER,1,91008,v0.2.0
viz.js,2.1.2,19,F,UNVERIFIED_PUBLISH_PATH|DORMANT|SINGLE_MAINTAINER|DEPRECATED,1,90885,v0.2.0
local-storage-fallback,5.0.0,19,F,UNVERIFIED_PUBLISH_PATH|DORMANT|SINGLE_MAINTAINER,1,90769,v0.2.0
vidstack,0.6.15,14,F,UNVERIFIED_PUBLISH_PATH|DORMANT|SINGLE_MAINTAINER,1,90590,v0.2.0
bootstrap-colorpicker,3.4.0,19,F,UNVERIFIED_PUBLISH_PATH|DORMANT|SINGLE_MAINTAINER|DEPRECATED,1,90540,v0.2.0
tablesorter,2.32.0,25,F,UNVERIFIED_PUBLISH_PATH|DORMANT|SINGLE_MAINTAINER,1,90399,v0.2.0
linkify-string,4.3.3,79,B,SINGLE_MAINTAINER,1,90350,v0.2.0
ladda,2.0.3,33,F,UNVERIFIED_PUBLISH_PATH|DORMANT,2,90342,v0.2.0
iconify-icon,3.0.2,20,F,UNVERIFIED_PUBLISH_PATH|SINGLE_MAINTAINER,1,90259,v0.2.0
'@fancyapps/ui,6.1.14,25,F,UNVERIFIED_PUBLISH_PATH|SINGLE_MAINTAINER,1,90131,v0.2.0
'@tesseract.js-data/eng,1.0.0,19,F,UNVERIFIED_PUBLISH_PATH|DORMANT|SINGLE_MAINTAINER,1,90005,v0.2.0
qrcode-svg,1.1.0,19,F,UNVERIFIED_PUBLISH_PATH|DORMANT|SINGLE_MAINTAINER,1,89720,v0.2.0
vanilla-calendar-pro,3.1.0,25,F,UNVERIFIED_PUBLISH_PATH|SINGLE_MAINTAINER,1,89706,v0.2.0
'@opentok/client,2.34.2,35,D,UNVERIFIED_PUBLISH_PATH,4,89606,v0.2.0
angular-aria,1.8.3,25,F,UNVERIFIED_PUBLISH_PATH|DORMANT|SINGLE_MAINTAINER|DEPRECATED,1,89450,v0.2.0
'@fontsource/source-sans-3,5.3.0,81,B,,2,89442,v0.2.0
qrious,4.0.2,14,F,UNVERIFIED_PUBLISH_PATH|DORMANT|SINGLE_MAINTAINER|PUBLISHER_NOT_MAINTAINER,1,89286,v0.2.0
devextreme-angular,26.1.3,47,D,UNVERIFIED_PUBLISH_PATH,3,89116,v0.2.0
seamless-scroll-polyfill,2.3.4,19,F,UNVERIFIED_PUBLISH_PATH|DORMANT|SINGLE_MAINTAINER,1,89067,v0.2.0
awesomplete,1.1.7,19,F,UNVERIFIED_PUBLISH_PATH|DORMANT|SINGLE_MAINTAINER,1,88734,v0.2.0
chosen-js,1.8.7,19,F,UNVERIFIED_PUBLISH_PATH|DORMANT|SINGLE_MAINTAINER|BRANCH_REQUIRES_PR,1,88617,v0.2.0
'@svgmoji/openmoji,3.2.0,14,F,UNVERIFIED_PUBLISH_PATH|DORMANT|SINGLE_MAINTAINER,1,88478,v0.2.0
proxy-polyfill,0.3.2,28,F,UNVERIFIED_PUBLISH_PATH|DORMANT,2,88426,v0.2.0
videojs-wavesurfer,3.10.0,19,F,UNVERIFIED_PUBLISH_PATH|DORMANT|SINGLE_MAINTAINER,1,88202,v0.2.0
'@fontsource-variable/nunito-sans,5.3.0,81,B,,2,87995,v0.2.0
grapesjs-preset-webpage,1.0.3,19,F,UNVERIFIED_PUBLISH_PATH|DORMANT|SINGLE_MAINTAINER,1,87977,v0.2.0
pspdfkit,2024.8.2,35,D,UNVERIFIED_PUBLISH_PATH|DEPRECATED,4,87815,v0.2.0
pixi-filters,6.1.5,39,D,UNVERIFIED_PUBLISH_PATH,3,87679,v0.2.0
'@fontsource-variable/noto-sans-sc,5.3.0,81,B,,2,87443,v0.2.0
actioncable,5.2.8-1,40,D,UNVERIFIED_PUBLISH_PATH|DORMANT,7,87286,v0.2.0
hark,1.2.3,33,F,UNVERIFIED_PUBLISH_PATH|DORMANT,3,87182,v0.2.0
ui-select,0.19.8,33,F,UNVERIFIED_PUBLISH_PATH|DORMANT,3,87138,v0.2.0
focus-outline-manager,1.0.2,19,F,UNVERIFIED_PUBLISH_PATH|DORMANT|SINGLE_MAINTAINER,1,87036,v0.2.0
'@vaadin/date-picker,25.2.6,39,D,UNVERIFIED_PUBLISH_PATH,12,86854,v0.2.0
'@svgmoji/blob,3.2.0,14,F,UNVERIFIED_PUBLISH_PATH|DORMANT|SINGLE_MAINTAINER,1,86745,v0.2.0
page-flip,2.0.7,19,F,UNVERIFIED_PUBLISH_PATH|DORMANT|SINGLE_MAINTAINER,1,86737,v0.2.0
'@wix/monitoring-types,1.0.0,30,F,UNVERIFIED_PUBLISH_PATH,11,86559,v0.2.0
local-time,3.0.3,39,D,UNVERIFIED_PUBLISH_PATH,3,86307,v0.2.0
'@fontsource/source-sans-pro,5.3.0,81,B,,2,86296,v0.2.0
3d-tiles-renderer,0.5.0,39,D,UNVERIFIED_PUBLISH_PATH,2,86157,v0.2.0
simple-keyboard,3.8.170,73,B,SINGLE_MAINTAINER,1,86068,v0.2.0
delegate-it,6.4.0,25,F,UNVERIFIED_PUBLISH_PATH|SINGLE_MAINTAINER,1,86009,v0.2.0
videojs-record,4.8.0,19,F,UNVERIFIED_PUBLISH_PATH|DORMANT|SINGLE_MAINTAINER,1,85963,v0.2.0
'@fontsource-variable/newsreader,5.3.0,81,B,,2,85771,v0.2.0
flickity,3.0.0,19,F,UNVERIFIED_PUBLISH_PATH|DORMANT|SINGLE_MAINTAINER,1,85771,v0.2.0
vue-apexcharts,1.7.0,33,F,UNVERIFIED_PUBLISH_PATH|DORMANT,2,85685,v0.2.0
string,3.3.3,33,F,UNVERIFIED_PUBLISH_PATH|DORMANT,2,85673,v0.2.0
i18next-locize-backend,10.0.1,39,D,UNVERIFIED_PUBLISH_PATH,2,85460,v0.2.0
'@nomicfoundation/hardhat-utils,4.1.6,68,C,,0,85409,v0.2.0
backbone.marionette,4.1.3,33,F,UNVERIFIED_PUBLISH_PATH|DORMANT,7,85339,v0.2.0
progressbar.js,1.1.1,19,F,UNVERIFIED_PUBLISH_PATH|DORMANT|SINGLE_MAINTAINER,1,85101,v0.2.0
tooltip.js,1.3.3,14,F,UNVERIFIED_PUBLISH_PATH|DORMANT|SINGLE_MAINTAINER|DEPRECATED,1,85081,v0.2.0
pouchdb,9.0.0,33,F,UNVERIFIED_PUBLISH_PATH|DORMANT,12,84889,v0.2.0
shiki-es,0.14.0,33,F,UNVERIFIED_PUBLISH_PATH|DORMANT|DEPRECATED,2,84811,v0.2.0
astronomy-engine,2.1.19,19,F,UNVERIFIED_PUBLISH_PATH|DORMANT|SINGLE_MAINTAINER,1,84635,v0.2.0
dictionary-en,4.0.0,19,F,UNVERIFIED_PUBLISH_PATH|DORMANT|SINGLE_MAINTAINER,1,84585,v0.2.0
wnumb,1.2.0,19,F,UNVERIFIED_PUBLISH_PATH|DORMANT|SINGLE_MAINTAINER,1,84555,v0.2.0
windmill-client,1.770.0,32,F,UNVERIFIED_PUBLISH_PATH|SINGLE_MAINTAINER,1,84423,v0.2.0
file-saver-es,2.0.5,19,F,UNVERIFIED_PUBLISH_PATH|DORMANT|SINGLE_MAINTAINER,1,84411,v0.2.0
vue3-toastify,0.2.9,25,F,UNVERIFIED_PUBLISH_PATH|SINGLE_MAINTAINER,1,84347,v0.2.0
'@svgmoji/twemoji,3.2.0,14,F,UNVERIFIED_PUBLISH_PATH|DORMANT|SINGLE_MAINTAINER,1,84306,v0.2.0
picmo,5.8.5,19,F,UNVERIFIED_PUBLISH_PATH|DORMANT|SINGLE_MAINTAINER|DEPRECATED,1,84153,v0.2.0
material-icon-theme,5.37.0,31,F,UNVERIFIED_PUBLISH_PATH|SINGLE_MAINTAINER,1,84127,v0.2.0
'@github/combobox-nav,3.0.2,94,A,,21,84104,v0.2.0
github-buttons,2.33.0,73,B,SINGLE_MAINTAINER,1,83718,v0.2.0
vue-recaptcha,3.0.0-alpha.6,19,F,UNVERIFIED_PUBLISH_PATH|DORMANT|SINGLE_MAINTAINER,1,83666,v0.2.0
document-register-element,1.14.10,19,F,UNVERIFIED_PUBLISH_PATH|DORMANT|SINGLE_MAINTAINER|DEPRECATED,1,83500,v0.2.0
'@fontsource-variable/noto-sans-jp,5.3.0,81,B,,2,83442,v0.2.0
altair-static,8.5.7,68,C,SINGLE_MAINTAINER,1,83438,v0.2.0
datatables.net-fixedheader,5.0.0,25,F,UNVERIFIED_PUBLISH_PATH|SINGLE_MAINTAINER,1,83274,v0.2.0
cannon-es,0.20.0,28,F,UNVERIFIED_PUBLISH_PATH|DORMANT,5,83270,v0.2.0
vue-the-mask,0.11.1,15,F,UNVERIFIED_PUBLISH_PATH|DORMANT|SINGLE_MAINTAINER,1,83262,v0.2.0
'@fontsource-variable/playfair-display,5.3.0,81,B,,2,83212,v0.2.0
navigator.sendbeacon,0.0.20,19,F,UNVERIFIED_PUBLISH_PATH|DORMANT|SINGLE_MAINTAINER,1,83120,v0.2.0
'@iconify-json/fluent,1.2.53,21,F,UNVERIFIED_PUBLISH_PATH|SINGLE_MAINTAINER,1,83039,v0.2.0
'@fontsource-variable/archivo,5.3.0,81,B,,2,82946,v0.2.0
'@ui5/webcomponents-fiori,2.24.2,39,D,UNVERIFIED_PUBLISH_PATH,2,82856,v0.2.0
unipointer,2.4.0,19,F,UNVERIFIED_PUBLISH_PATH|DORMANT|SINGLE_MAINTAINER,1,82694,v0.2.0
'@fontsource/carlito,5.3.0,81,B,,2,82620,v0.2.0
'@farcaster/miniapp-sdk,0.3.0,72,B,INCONSISTENT_PUBLISH_PATH|BRANCH_REQUIRES_PR,11,82603,v0.2.0
bootstrap-touchspin,5.1.0,31,F,UNVERIFIED_PUBLISH_PATH|SINGLE_MAINTAINER,1,82364,v0.2.0
'@material-design-icons/svg,0.14.15,25,F,UNVERIFIED_PUBLISH_PATH|SINGLE_MAINTAINER,1,82275,v0.2.0
vue2-datepicker,3.11.1,19,F,UNVERIFIED_PUBLISH_PATH|DORMANT|SINGLE_MAINTAINER,1,82055,v0.2.0
emoji-mart-vue-fast,15.0.5,25,F,UNVERIFIED_PUBLISH_PATH|SINGLE_MAINTAINER,1,81918,v0.2.0
epubjs,0.3.93,33,F,UNVERIFIED_PUBLISH_PATH|DORMANT,2,81799,v0.2.0
ng-infinite-scroll,1.3.0,33,F,UNVERIFIED_PUBLISH_PATH|DORMANT,3,81753,v0.2.0
zoid,9.0.86,46,D,UNVERIFIED_PUBLISH_PATH|DORMANT,8,81706,v0.2.0
pangu,8.0.0,73,B,SINGLE_MAINTAINER,1,81605,v0.2.0
'@fontsource-variable/noto-sans,5.3.0,81,B,,2,81474,v0.2.0
topbar,3.0.1,25,F,UNVERIFIED_PUBLISH_PATH|SINGLE_MAINTAINER,1,81395,v0.2.0
jquery-datetimepicker,2.5.21,19,F,UNVERIFIED_PUBLISH_PATH|DORMANT|SINGLE_MAINTAINER,1,81253,v0.2.0
editorjs-undo,2.0.28,39,D,UNVERIFIED_PUBLISH_PATH|DORMANT,2,81078,v0.2.0
'@googlemaps/markerclustererplus,1.2.10,46,D,UNVERIFIED_PUBLISH_PATH|DORMANT|DEPRECATED,6,81074,v0.2.0
'@fontsource-variable/lora,5.3.0,81,B,,2,80998,v0.2.0
autonumeric,4.10.10,39,D,UNVERIFIED_PUBLISH_PATH,2,80788,v0.2.0
'@microsoft/signalr-protocol-msgpack,10.0.0,47,D,UNVERIFIED_PUBLISH_PATH,4,80730,v0.2.0
'@ctrl/ngx-emoji-mart,9.3.0,57,C,SINGLE_MAINTAINER,1,80588,v0.2.0
jquery.browser,0.1.0,19,F,UNVERIFIED_PUBLISH_PATH|DORMANT|SINGLE_MAINTAINER,1,80507,v0.2.0
'@coveo/headless,3.53.1,75,B,SINGLE_MAINTAINER,1,80490,v0.2.0
'@algolia/autocomplete-plugin-recent-searches,1.19.9,29,F,UNVERIFIED_PUBLISH_PATH|PUBLISHER_NOT_MAINTAINER,14,80398,v0.2.0
slim-select,4.0.7,25,F,UNVERIFIED_PUBLISH_PATH|SINGLE_MAINTAINER,1,79967,v0.2.0
'@fontsource-variable/open-sans,5.3.0,81,B,,2,79915,v0.2.0
'@picmo/popup-picker,5.8.5,19,F,UNVERIFIED_PUBLISH_PATH|DORMANT|SINGLE_MAINTAINER|DEPRECATED,1,79716,v0.2.0
'@vue-flow/node-resizer,1.5.1,27,F,UNVERIFIED_PUBLISH_PATH|SINGLE_MAINTAINER,1,79290,v0.2.0
'@aws/amazon-location-utilities-auth-helper,1.3.3,94,A,,4,79036,v0.2.0
'@fullcalendar/luxon3,6.1.21,20,F,UNVERIFIED_PUBLISH_PATH|SINGLE_MAINTAINER,1,78945,v0.2.0
fg-loadcss,3.1.0,33,F,UNVERIFIED_PUBLISH_PATH|DORMANT,6,78843,v0.2.0
echarts-wordcloud,2.1.0,33,F,UNVERIFIED_PUBLISH_PATH|DORMANT,4,78647,v0.2.0
ldrs,1.1.9,25,F,UNVERIFIED_PUBLISH_PATH|SINGLE_MAINTAINER,1,78444,v0.2.0
'@rutter/rutter-link,1.2.8,35,D,UNVERIFIED_PUBLISH_PATH,6,78343,v0.2.0
three-bvh-csg,0.0.18,25,F,UNVERIFIED_PUBLISH_PATH|SINGLE_MAINTAINER,1,78235,v0.2.0
'@stomp/rx-stomp,2.4.0,39,D,UNVERIFIED_PUBLISH_PATH,2,77941,v0.2.0
amazon-connect-chatjs,5.1.1,46,D,UNVERIFIED_PUBLISH_PATH,8,77796,v0.2.0
zepto,1.2.0,14,F,UNVERIFIED_PUBLISH_PATH|DORMANT|SINGLE_MAINTAINER|PUBLISHER_NOT_MAINTAINER,1,77673,v0.2.0
object-fit-images,3.2.4,9,F,UNVERIFIED_PUBLISH_PATH|DORMANT|SINGLE_MAINTAINER|PUBLISHER_NOT_MAINTAINER,1,77523,v0.2.0
'@fontsource-variable/roboto-mono,5.3.0,81,B,,2,77487,v0.2.0
'@fontsource/sora,5.3.0,81,B,,2,77386,v0.2.0
core-js-bundle,3.49.0,31,F,UNVERIFIED_PUBLISH_PATH|SINGLE_MAINTAINER,1,77374,v0.2.0
'@dotlottie/dotlottie-js,1.7.0,82,B,,2,77201,v0.2.0
snapsvg,0.5.1,19,F,UNVERIFIED_PUBLISH_PATH|DORMANT|SINGLE_MAINTAINER,1,77082,v0.2.0
antd-mobile,5.42.3,39,D,UNVERIFIED_PUBLISH_PATH,3,77013,v0.2.0
'@thoughtspot/visual-embed-sdk,1.50.1,84,B,INCONSISTENT_PUBLISH_PATH,13,76961,v0.2.0
reveal.js,6.0.1,25,F,UNVERIFIED_PUBLISH_PATH|SINGLE_MAINTAINER,1,76581,v0.2.0
'@fontsource/caveat,5.3.0,81,B,,2,76365,v0.2.0
tiny-slider,2.9.4,19,F,UNVERIFIED_PUBLISH_PATH|DORMANT|SINGLE_MAINTAINER,1,76245,v0.2.0
gridjs,6.2.0,19,F,UNVERIFIED_PUBLISH_PATH|DORMANT|SINGLE_MAINTAINER,1,76243,v0.2.0
peerjs,1.5.5,39,D,UNVERIFIED_PUBLISH_PATH,3,76055,v0.2.0
'@editorjs/quote,2.7.6,14,F,UNVERIFIED_PUBLISH_PATH|DORMANT|SINGLE_MAINTAINER,1,75812,v0.2.0
'@fontsource/archivo-black,5.3.0,81,B,,2,75762,v0.2.0
satellite.js,7.1.0,39,D,UNVERIFIED_PUBLISH_PATH,3,75553,v0.2.0
component-register,0.8.8,25,F,UNVERIFIED_PUBLISH_PATH|SINGLE_MAINTAINER,1,75438,v0.2.0
echarts-gl,2.1.0,39,D,UNVERIFIED_PUBLISH_PATH,4,75326,v0.2.0
'@atlaskit/editor-common,116.40.0,16,F,UNVERIFIED_PUBLISH_PATH|SINGLE_MAINTAINER,1,75181,v0.2.0
deepdash,5.3.9,19,F,UNVERIFIED_PUBLISH_PATH|DORMANT|SINGLE_MAINTAINER,1,75143,v0.2.0
react-leaflet-markercluster,5.0.0-rc.0,33,F,UNVERIFIED_PUBLISH_PATH|DORMANT,2,75140,v0.2.0
ress,5.0.2,19,F,UNVERIFIED_PUBLISH_PATH|DORMANT|SINGLE_MAINTAINER,1,75018,v0.2.0
admin-lte,4.1.0,45,D,UNVERIFIED_PUBLISH_PATH,3,74968,v0.2.0
media-icons,0.10.0,19,F,UNVERIFIED_PUBLISH_PATH|DORMANT|SINGLE_MAINTAINER,1,74797,v0.2.0
frappe-charts,1.6.2,33,F,UNVERIFIED_PUBLISH_PATH|DORMANT,6,74253,v0.2.0
'@fontsource/merriweather,5.3.0,81,B,,2,74191,v0.2.0
'@hyperdx/browser,0.25.1,87,A,,2,74073,v0.2.0
micromodal,0.7.0,34,F,UNVERIFIED_PUBLISH_PATH,2,74037,v0.2.0
'@tarekraafat/autocomplete.js,10.2.10,25,F,UNVERIFIED_PUBLISH_PATH|SINGLE_MAINTAINER,1,73987,v0.2.0
jquery-ui-touch-punch,0.2.3,14,F,UNVERIFIED_PUBLISH_PATH|DORMANT|SINGLE_MAINTAINER,1,73599,v0.2.0
'@fluent/bundle,0.19.1,39,D,UNVERIFIED_PUBLISH_PATH,4,73370,v0.2.0
'@pixiv/three-vrm,3.5.5,87,A,,6,73197,v0.2.0
superdoc,1.45.0,47,D,UNVERIFIED_PUBLISH_PATH,3,73135,v0.2.0
jquery-touchswipe,1.6.19,19,F,UNVERIFIED_PUBLISH_PATH|DORMANT|SINGLE_MAINTAINER,1,72843,v0.2.0
getstream,8.14.0,100,A,,8,72711,v0.2.0
navigator.locks,0.8.8,25,F,UNVERIFIED_PUBLISH_PATH|SINGLE_MAINTAINER,1,72079,v0.2.0
material-design-lite,1.3.0,33,F,UNVERIFIED_PUBLISH_PATH|DORMANT,3,72065,v0.2.0
'@expo-google-fonts/playfair-display,0.4.2,39,D,UNVERIFIED_PUBLISH_PATH,4,72016,v0.2.0
react-native-elements,3.4.3,33,F,UNVERIFIED_PUBLISH_PATH|DORMANT,4,72002,v0.2.0
chartjs-chart-sankey,0.15.0,73,B,SINGLE_MAINTAINER,1,71998,v0.2.0
vxe-table,4.20.7,25,F,UNVERIFIED_PUBLISH_PATH|SINGLE_MAINTAINER,1,71906,v0.2.0
can-autoplay,3.0.2,24,F,UNVERIFIED_PUBLISH_PATH|DORMANT,3,71708,v0.2.0
string.prototype.startswith,1.0.1,33,F,UNVERIFIED_PUBLISH_PATH|DORMANT,2,71683,v0.2.0
'@fontsource-variable/nunito,5.3.0,81,B,,2,71680,v0.2.0
flexlayout-react,0.10.1,25,F,UNVERIFIED_PUBLISH_PATH|SINGLE_MAINTAINER,1,71650,v0.2.0
jszip-utils,0.1.0,33,F,UNVERIFIED_PUBLISH_PATH|DORMANT,2,71463,v0.2.0
vuejs-datepicker,1.6.2,19,F,UNVERIFIED_PUBLISH_PATH|DORMANT|SINGLE_MAINTAINER,1,71407,v0.2.0
pptx-preview,1.0.7,21,F,UNVERIFIED_PUBLISH_PATH|SINGLE_MAINTAINER,1,71281,v0.2.0
vue-moment,4.1.0,33,F,UNVERIFIED_PUBLISH_PATH|DORMANT,2,71163,v0.2.0
'@wordpress/block-library,10.2.0,52,C,UNVERIFIED_PUBLISH_PATH,25,71130,v0.2.0
bootswatch,5.3.8,39,D,UNVERIFIED_PUBLISH_PATH,2,71111,v0.2.0
luxon-business-days,3.0.1,19,F,UNVERIFIED_PUBLISH_PATH|DORMANT|SINGLE_MAINTAINER,1,71093,v0.2.0
'@redocly/theme,0.67.0,30,F,UNVERIFIED_PUBLISH_PATH,5,71033,v0.2.0
'@editorjs/delimiter,1.4.2,14,F,UNVERIFIED_PUBLISH_PATH|DORMANT|SINGLE_MAINTAINER,1,71025,v0.2.0
cookieconsent,3.1.1,33,F,UNVERIFIED_PUBLISH_PATH|DORMANT,4,71004,v0.2.0
vue-final-modal,4.5.5,19,F,UNVERIFIED_PUBLISH_PATH|DORMANT|SINGLE_MAINTAINER,1,70959,v0.2.0
'@fontsource/archivo,5.3.0,81,B,,2,70740,v0.2.0
owl.carousel,2.3.4,33,F,UNVERIFIED_PUBLISH_PATH|DORMANT,2,70704,v0.2.0
'@progress/kendo-font-icons,5.4.0,80,B,SINGLE_MAINTAINER,1,70692,v0.2.0
tui-code-snippet,2.3.3,19,F,UNVERIFIED_PUBLISH_PATH|DORMANT|SINGLE_MAINTAINER,1,70327,v0.2.0
'@mlc-ai/web-llm,0.2.84,45,D,UNVERIFIED_PUBLISH_PATH,7,69987,v0.2.0
'@redocly/realm-asyncapi-sdk,0.13.0,30,F,UNVERIFIED_PUBLISH_PATH,5,69861,v0.2.0
'@snowplow/browser-plugin-form-tracking,4.9.0,39,D,UNVERIFIED_PUBLISH_PATH,3,69789,v0.2.0
react-modern-drawer,1.4.0,19,F,UNVERIFIED_PUBLISH_PATH|DORMANT|SINGLE_MAINTAINER,1,69767,v0.2.0
'@hebcal/core,6.8.2,63,C,INCONSISTENT_PUBLISH_PATH|SINGLE_MAINTAINER,1,69348,v0.2.0
'@fontsource/source-code-pro,5.3.0,81,B,,2,69320,v0.2.0
commons-validator-js,1.0.1669,34,F,UNVERIFIED_PUBLISH_PATH|PUBLISHER_NOT_MAINTAINER,6,69153,v0.2.0
fastclick,1.0.6,40,D,UNVERIFIED_PUBLISH_PATH|DORMANT,3,69111,v0.2.0
'@flatfile/adapter,2.9.6,28,F,UNVERIFIED_PUBLISH_PATH|DORMANT|PUBLISHER_NOT_MAINTAINER,12,69025,v0.2.0
'@fontsource-variable/inter-tight,5.3.0,81,B,,2,68996,v0.2.0
idiomorph,0.7.4,39,D,UNVERIFIED_PUBLISH_PATH,2,68960,v0.2.0
'@open-wc/lit-helpers,0.7.0,33,F,UNVERIFIED_PUBLISH_PATH|DORMANT,4,68871,v0.2.0
odometer,0.4.8,29,F,UNVERIFIED_PUBLISH_PATH|DORMANT,10,68834,v0.2.0
'@primer/css,22.3.0,80,B,SINGLE_MAINTAINER,1,68327,v0.2.0
vue-resource,1.5.3,33,F,UNVERIFIED_PUBLISH_PATH|DORMANT,2,68278,v0.2.0
boxicons,2.1.4,19,F,UNVERIFIED_PUBLISH_PATH|DORMANT|SINGLE_MAINTAINER,1,67873,v0.2.0
'@airbrake/browser,2.1.9,20,F,UNVERIFIED_PUBLISH_PATH|SINGLE_MAINTAINER,1,67829,v0.2.0
imagetracerjs,1.2.6,19,F,UNVERIFIED_PUBLISH_PATH|DORMANT|SINGLE_MAINTAINER,1,67715,v0.2.0
jquery.growl,1.3.5,14,F,UNVERIFIED_PUBLISH_PATH|DORMANT|SINGLE_MAINTAINER,1,67665,v0.2.0
'@mdi/svg,7.4.47,33,F,UNVERIFIED_PUBLISH_PATH|DORMANT,6,67450,v0.2.0
'@polar-sh/checkout,0.4.0,95,A,,5,67148,v0.2.0
azure-maps-control,3.7.4,21,F,UNVERIFIED_PUBLISH_PATH|SINGLE_MAINTAINER,1,66595,v0.2.0
'@progress/kendo-theme-material,14.4.0,80,B,SINGLE_MAINTAINER,1,66534,v0.2.0
'@fontsource-variable/fira-code,5.3.0,81,B,,2,66290,v0.2.0
vanilla-lazyload,19.1.3,19,F,UNVERIFIED_PUBLISH_PATH|DORMANT|SINGLE_MAINTAINER,1,66125,v0.2.0
leaflet-rotatedmarker,0.2.0,19,F,UNVERIFIED_PUBLISH_PATH|DORMANT|SINGLE_MAINTAINER,1,65987,v0.2.0
terra-draw-google-maps-adapter,1.6.1,63,C,INCONSISTENT_PUBLISH_PATH|SINGLE_MAINTAINER,1,65970,v0.2.0
mediainfo.js,0.3.7,20,F,UNVERIFIED_PUBLISH_PATH|SINGLE_MAINTAINER,1,65967,v0.2.0
'@fontsource/nunito-sans,5.3.0,81,B,,2,65956,v0.2.0
'@mediapipe/selfie_segmentation,0.1.1675465747,24,F,UNVERIFIED_PUBLISH_PATH|DORMANT,8,65727,v0.2.0
ion-rangeslider,2.3.1,19,F,UNVERIFIED_PUBLISH_PATH|DORMANT|SINGLE_MAINTAINER,1,65716,v0.2.0
'@rapideditor/country-coder,5.6.1,34,F,UNVERIFIED_PUBLISH_PATH,4,65656,v0.2.0
'@vueform/slider,2.1.10,19,F,UNVERIFIED_PUBLISH_PATH|DORMANT|SINGLE_MAINTAINER,1,65467,v0.2.0
'@editorjs/inline-code,1.5.2,20,F,UNVERIFIED_PUBLISH_PATH|SINGLE_MAINTAINER,1,65306,v0.2.0
gif.js,0.2.0,19,F,UNVERIFIED_PUBLISH_PATH|DORMANT|SINGLE_MAINTAINER,1,65272,v0.2.0
b-validate,1.5.3,33,F,UNVERIFIED_PUBLISH_PATH|DORMANT,2,65241,v0.2.0
'@redocly/realm,0.135.0,30,F,UNVERIFIED_PUBLISH_PATH,5,65186,v0.2.0
stompjs,2.3.3,14,F,UNVERIFIED_PUBLISH_PATH|DORMANT|SINGLE_MAINTAINER,1,65143,v0.2.0
'@imagemagick/magick-wasm,0.0.41,73,B,SINGLE_MAINTAINER,1,65037,v0.2.0
'@algolia/autocomplete-plugin-query-suggestions,1.19.9,29,F,UNVERIFIED_PUBLISH_PATH|PUBLISHER_NOT_MAINTAINER,14,65014,v0.2.0
dat.gui,0.7.9,33,F,UNVERIFIED_PUBLISH_PATH|DORMANT,3,64948,v0.2.0
'@sitecore/byoc,0.3.4,39,D,UNVERIFIED_PUBLISH_PATH,3,64897,v0.2.0
glightbox,3.3.1,19,F,UNVERIFIED_PUBLISH_PATH|DORMANT|SINGLE_MAINTAINER,1,64737,v0.2.0
'@highlightjs/cdn-assets,11.11.1,39,D,UNVERIFIED_PUBLISH_PATH|DORMANT,4,64532,v0.2.0
'@sitecore-feaas/clientside,0.6.4,35,D,UNVERIFIED_PUBLISH_PATH,5,64451,v0.2.0
carbon-components,10.58.15,46,D,UNVERIFIED_PUBLISH_PATH|DORMANT|DEPRECATED,6,64437,v0.2.0
vue-lazyload,3.0.0,33,F,UNVERIFIED_PUBLISH_PATH|DORMANT,2,64427,v0.2.0
'@ungap/custom-elements,1.3.0,19,F,UNVERIFIED_PUBLISH_PATH|DORMANT|SINGLE_MAINTAINER,1,64346,v0.2.0
office-ui-fabric-core,11.1.0,14,F,UNVERIFIED_PUBLISH_PATH|DORMANT|SINGLE_MAINTAINER|PUBLISHER_NOT_MAINTAINER,1,64308,v0.2.0
'@wix/error-handler-types,1.20.0,30,F,UNVERIFIED_PUBLISH_PATH,11,64205,v0.2.0
'@alpinejs/intersect,3.15.12,63,C,INCONSISTENT_PUBLISH_PATH|SINGLE_MAINTAINER,1,64204,v0.2.0
bootbox,6.0.4,39,D,UNVERIFIED_PUBLISH_PATH,3,64204,v0.2.0
'@iconify-json/teenyicons,1.2.2,15,F,UNVERIFIED_PUBLISH_PATH|DORMANT|SINGLE_MAINTAINER,1,64156,v0.2.0
angular-material,1.2.5,20,F,UNVERIFIED_PUBLISH_PATH|DORMANT|SINGLE_MAINTAINER|DEPRECATED,1,64018,v0.2.0
'@coreui/coreui-pro,5.27.0,31,F,UNVERIFIED_PUBLISH_PATH|SINGLE_MAINTAINER,1,63967,v0.2.0
validatorjs,3.22.1,33,F,UNVERIFIED_PUBLISH_PATH|DORMANT,4,63901,v0.2.0
'@editorjs/embed,2.8.0,20,F,UNVERIFIED_PUBLISH_PATH|SINGLE_MAINTAINER,1,63869,v0.2.0
'@fontsource/newsreader,5.3.0,81,B,,2,63868,v0.2.0
'@fontsource/barlow-condensed,5.3.0,81,B,,2,63843,v0.2.0
'@fontsource/figtree,5.3.0,81,B,,2,63840,v0.2.0
vue-easy-lightbox,1.19.0,19,F,UNVERIFIED_PUBLISH_PATH|DORMANT|SINGLE_MAINTAINER,1,63833,v0.2.0
vest,6.3.2,73,B,SINGLE_MAINTAINER,1,63815,v0.2.0
react-range-slider-input,3.3.5,25,F,UNVERIFIED_PUBLISH_PATH|SINGLE_MAINTAINER,1,63789,v0.2.0
localstorage-slim,2.7.1,19,F,UNVERIFIED_PUBLISH_PATH|DORMANT|SINGLE_MAINTAINER,1,63604,v0.2.0
vue-clickaway,2.2.2,19,F,UNVERIFIED_PUBLISH_PATH|DORMANT|SINGLE_MAINTAINER,1,63434,v0.2.0
'@fontsource/work-sans,5.3.0,81,B,,2,63386,v0.2.0
'@brightcove/player-loader,1.8.1,35,D,UNVERIFIED_PUBLISH_PATH,80,63246,v0.2.0
'@tensorflow-models/face-detection,1.0.3,33,F,UNVERIFIED_PUBLISH_PATH|DORMANT,8,63187,v0.2.0
sniffr,1.4.0,25,F,UNVERIFIED_PUBLISH_PATH|SINGLE_MAINTAINER,1,63117,v0.2.0
'@fontsource-variable/instrument-sans,5.3.0,81,B,,2,62899,v0.2.0
jquery-form,4.3.0,33,F,UNVERIFIED_PUBLISH_PATH|DORMANT,3,62751,v0.2.0
'@zoom/meetingsdk,6.2.0,39,D,UNVERIFIED_PUBLISH_PATH,5,62739,v0.2.0
'@jaames/iro,5.5.2,19,F,UNVERIFIED_PUBLISH_PATH|DORMANT|SINGLE_MAINTAINER,1,62706,v0.2.0
office-ui-fabric-react,7.204.1,47,D,UNVERIFIED_PUBLISH_PATH,4,62687,v0.2.0
'@openui5/sap.ui.core,1.150.0,34,F,UNVERIFIED_PUBLISH_PATH|BRANCH_REQUIRES_PR,2,62560,v0.2.0
'@phosphor-icons/web,2.1.2,20,F,UNVERIFIED_PUBLISH_PATH|SINGLE_MAINTAINER,1,62547,v0.2.0
ahoy.js,0.4.5,25,F,UNVERIFIED_PUBLISH_PATH|SINGLE_MAINTAINER,1,62402,v0.2.0
country-list-with-dial-code-and-flag,5.1.1,25,F,UNVERIFIED_PUBLISH_PATH|SINGLE_MAINTAINER,1,62278,v0.2.0
grapesjs-blocks-basic,1.0.2,19,F,UNVERIFIED_PUBLISH_PATH|DORMANT|SINGLE_MAINTAINER,1,62270,v0.2.0
'@editorjs/code,2.9.4,20,F,UNVERIFIED_PUBLISH_PATH|SINGLE_MAINTAINER,1,62066,v0.2.0
cleave-zen,0.0.17,19,F,UNVERIFIED_PUBLISH_PATH|DORMANT|SINGLE_MAINTAINER,1,62032,v0.2.0
shaders,3.0.443,21,F,UNVERIFIED_PUBLISH_PATH|SINGLE_MAINTAINER,1,61840,v0.2.0
'@shopify/app-bridge,3.7.11,39,D,UNVERIFIED_PUBLISH_PATH,6,61823,v0.2.0
flot,4.2.6,33,F,UNVERIFIED_PUBLISH_PATH|DORMANT,3,61670,v0.2.0
leaflet-geosearch,4.4.0,73,B,SINGLE_MAINTAINER,1,61622,v0.2.0
tsparticles-engine,2.12.0,39,D,UNVERIFIED_PUBLISH_PATH|DORMANT|DEPRECATED,2,61484,v0.2.0
jsvectormap,1.7.0,25,F,UNVERIFIED_PUBLISH_PATH|SINGLE_MAINTAINER,1,61426,v0.2.0
docsify,5.0.0,45,D,UNVERIFIED_PUBLISH_PATH,6,61399,v0.2.0
suneditor,3.2.6,69,C,INCONSISTENT_PUBLISH_PATH|SINGLE_MAINTAINER,1,61107,v0.2.0
'@tsparticles/updater-destroy,4.3.2,69,C,INCONSISTENT_PUBLISH_PATH|SINGLE_MAINTAINER,1,61100,v0.2.0
'@uswds/uswds,3.13.0,47,D,UNVERIFIED_PUBLISH_PATH|PUBLISHER_NOT_MAINTAINER|BRANCH_REQUIRES_PR,6,60971,v0.2.0
spectrum-colorpicker,1.8.1,15,F,UNVERIFIED_PUBLISH_PATH|DORMANT|SINGLE_MAINTAINER,1,60929,v0.2.0
'@zapier/zapier-sdk,0.91.0,11,F,UNVERIFIED_PUBLISH_PATH|SINGLE_MAINTAINER|PUBLISHER_NOT_MAINTAINER,1,60919,v0.2.0
'@tensorflow-models/coco-ssd,2.2.3,33,F,UNVERIFIED_PUBLISH_PATH|DORMANT,10,60916,v0.2.0
'@tsparticles/plugin-emitters-shape-square,4.3.2,69,C,INCONSISTENT_PUBLISH_PATH|SINGLE_MAINTAINER,1,60847,v0.2.0
'@wix/design-system,1.304.0,30,F,UNVERIFIED_PUBLISH_PATH,11,60844,v0.2.0
'@tsparticles/plugin-absorbers,4.3.2,69,C,INCONSISTENT_PUBLISH_PATH|SINGLE_MAINTAINER,1,60830,v0.2.0
matchmedia-polyfill,0.3.2,33,F,UNVERIFIED_PUBLISH_PATH|DORMANT,2,60696,v0.2.0
'@fontsource/rubik,5.3.0,81,B,,2,60354,v0.2.0
friendly-challenge,0.9.20,39,D,UNVERIFIED_PUBLISH_PATH,2,60332,v0.2.0
'@snowplow/browser-plugin-performance-timing,4.9.0,39,D,UNVERIFIED_PUBLISH_PATH,3,60274,v0.2.0
'@syncfusion/ej2-schedule,34.1.29,39,D,UNVERIFIED_PUBLISH_PATH,3,60133,v0.2.0
'@iframe-resizer/child,5.5.9,31,F,UNVERIFIED_PUBLISH_PATH|SINGLE_MAINTAINER,1,60126,v0.2.0
'@expo-google-fonts/montserrat,0.4.2,39,D,UNVERIFIED_PUBLISH_PATH,4,60017,v0.2.0
sha-1,1.0.0,19,F,UNVERIFIED_PUBLISH_PATH|DORMANT|SINGLE_MAINTAINER,1,59874,v0.2.0
'@iconify-json/solar,1.2.5,21,F,UNVERIFIED_PUBLISH_PATH|SINGLE_MAINTAINER,1,59811,v0.2.0
'@tsparticles/shape-text,4.3.2,69,C,INCONSISTENT_PUBLISH_PATH|SINGLE_MAINTAINER,1,59722,v0.2.0
'@tsparticles/interaction-external-trail,4.3.2,69,C,INCONSISTENT_PUBLISH_PATH|SINGLE_MAINTAINER,1,59538,v0.2.0
nipplejs,1.0.4,73,B,SINGLE_MAINTAINER,1,59534,v0.2.0
'@tsparticles/updater-twinkle,4.3.2,69,C,INCONSISTENT_PUBLISH_PATH|SINGLE_MAINTAINER,1,59389,v0.2.0
'@tsparticles/plugin-emitters-shape-circle,4.3.2,69,C,INCONSISTENT_PUBLISH_PATH|SINGLE_MAINTAINER,1,59388,v0.2.0
highlightjs-line-numbers.js,2.9.1,25,F,UNVERIFIED_PUBLISH_PATH|SINGLE_MAINTAINER,1,59367,v0.2.0
vue-infinite-loading,2.4.5,19,F,UNVERIFIED_PUBLISH_PATH|DORMANT|SINGLE_MAINTAINER,1,59240,v0.2.0
'@11labs/client,0.2.0,34,F,UNVERIFIED_PUBLISH_PATH|DEPRECATED,4,59014,v0.2.0
'@iconify/iconify,3.1.1,14,F,UNVERIFIED_PUBLISH_PATH|DORMANT|SINGLE_MAINTAINER|DEPRECATED,1,58938,v0.2.0
'@mux/mux-uploader,1.5.0,88,A,,4,58837,v0.2.0
'@fluentui/svg-icons,1.1.334,52,C,UNVERIFIED_PUBLISH_PATH,4,58830,v0.2.0
statsig-js,5.1.0,28,F,UNVERIFIED_PUBLISH_PATH|DORMANT|PUBLISHER_NOT_MAINTAINER|DEPRECATED,2,58792,v0.2.0
'@syncfusion/ej2-treegrid,34.1.32,39,D,UNVERIFIED_PUBLISH_PATH,3,58693,v0.2.0
'@tonconnect/ui,3.0.0,41,D,UNVERIFIED_PUBLISH_PATH,2,58675,v0.2.0
vue2-dropzone,3.6.0,33,F,UNVERIFIED_PUBLISH_PATH|DORMANT,2,58609,v0.2.0
configcat-js,9.6.1,84,B,BRANCH_REQUIRES_PR,4,58489,v0.2.0
email-misspelled,4.4.0,32,F,UNVERIFIED_PUBLISH_PATH|SINGLE_MAINTAINER,1,58447,v0.2.0
preline,4.2.0,25,F,UNVERIFIED_PUBLISH_PATH|SINGLE_MAINTAINER,1,58423,v0.2.0
'@swup/plugin,4.0.0,33,F,UNVERIFIED_PUBLISH_PATH|DORMANT,3,58346,v0.2.0
quill-blot-formatter,1.0.5,14,F,UNVERIFIED_PUBLISH_PATH|DORMANT|SINGLE_MAINTAINER,1,58327,v0.2.0
object-assign-polyfill,0.1.0,19,F,UNVERIFIED_PUBLISH_PATH|DORMANT|SINGLE_MAINTAINER,1,58211,v0.2.0
'@pipecat-ai/client-js,1.13.0,77,B,INCONSISTENT_PUBLISH_PATH,7,58194,v0.2.0
es6-promise-polyfill,1.2.0,19,F,UNVERIFIED_PUBLISH_PATH|DORMANT|SINGLE_MAINTAINER,1,58125,v0.2.0
angular-touch,1.8.3,25,F,UNVERIFIED_PUBLISH_PATH|DORMANT|SINGLE_MAINTAINER|DEPRECATED,1,58081,v0.2.0
'@fontsource-variable/source-sans-3,5.3.0,81,B,,2,57996,v0.2.0
'@fontsource/noto-sans-tc,5.3.0,81,B,,2,57925,v0.2.0
clipper-lib,6.4.2,19,F,UNVERIFIED_PUBLISH_PATH|DORMANT|SINGLE_MAINTAINER,1,57674,v0.2.0
'@undecaf/zbar-wasm,0.11.0,19,F,UNVERIFIED_PUBLISH_PATH|DORMANT|SINGLE_MAINTAINER,1,57528,v0.2.0
jquery-serializejson,3.2.1,19,F,UNVERIFIED_PUBLISH_PATH|DORMANT|SINGLE_MAINTAINER,1,57486,v0.2.0
emoji-js,3.9.0,25,F,UNVERIFIED_PUBLISH_PATH|SINGLE_MAINTAINER,1,57457,v0.2.0
bootstrap-switch,3.4.0,14,F,UNVERIFIED_PUBLISH_PATH|DORMANT|SINGLE_MAINTAINER,1,57413,v0.2.0
mobx-persist-store,1.1.8,25,F,UNVERIFIED_PUBLISH_PATH|SINGLE_MAINTAINER,1,57403,v0.2.0
ckeditor4,4.25.2,45,D,UNVERIFIED_PUBLISH_PATH,2,57158,v0.2.0
vanillajs-datepicker,1.3.4,19,F,UNVERIFIED_PUBLISH_PATH|DORMANT|SINGLE_MAINTAINER,1,57151,v0.2.0
datejs,1.0.0-rc3,19,F,UNVERIFIED_PUBLISH_PATH|DORMANT|SINGLE_MAINTAINER,1,57116,v0.2.0
list.js,2.3.1,19,F,UNVERIFIED_PUBLISH_PATH|DORMANT|SINGLE_MAINTAINER,1,57020,v0.2.0
'@fullcalendar/bootstrap,6.1.21,20,F,UNVERIFIED_PUBLISH_PATH|SINGLE_MAINTAINER,1,56813,v0.2.0
'@alpinejs/persist,3.15.12,63,C,INCONSISTENT_PUBLISH_PATH|SINGLE_MAINTAINER,1,56794,v0.2.0
'@tabler/icons-webfont,3.45.0,20,F,UNVERIFIED_PUBLISH_PATH|SINGLE_MAINTAINER,1,56518,v0.2.0
'@wangeditor/editor,5.1.23,19,F,UNVERIFIED_PUBLISH_PATH|DORMANT|SINGLE_MAINTAINER,1,56450,v0.2.0
'@schedule-x/events-service,4.6.1,25,F,UNVERIFIED_PUBLISH_PATH|SINGLE_MAINTAINER,1,56356,v0.2.0
'@tryghost/content-api,1.12.10,93,A,,34,56278,v0.2.0
'@iframe-resizer/parent,5.5.9,31,F,UNVERIFIED_PUBLISH_PATH|SINGLE_MAINTAINER,1,56246,v0.2.0
'@fontsource/atkinson-hyperlegible,5.3.0,81,B,,2,56194,v0.2.0
'@fontsource/mulish,5.3.0,81,B,,2,56035,v0.2.0
'@lobehub/icons-static-svg,1.94.0,39,D,UNVERIFIED_PUBLISH_PATH,9,55741,v0.2.0
'@google/markerclusterer,2.0.9,14,F,UNVERIFIED_PUBLISH_PATH|DORMANT|SINGLE_MAINTAINER|DEPRECATED,1,55651,v0.2.0
datatables.net-buttons-dt,4.0.0,25,F,UNVERIFIED_PUBLISH_PATH|SINGLE_MAINTAINER,1,55638,v0.2.0
jquery-validation-unobtrusive,4.0.0,20,F,UNVERIFIED_PUBLISH_PATH|DORMANT|SINGLE_MAINTAINER|BRANCH_REQUIRES_PR,1,55607,v0.2.0
'@github/auto-complete-element,3.8.0,46,D,UNVERIFIED_PUBLISH_PATH,21,55425,v0.2.0
emoji-datasource-google,16.0.0,25,F,UNVERIFIED_PUBLISH_PATH|SINGLE_MAINTAINER,1,55377,v0.2.0
split-type,0.3.4,19,F,UNVERIFIED_PUBLISH_PATH|DORMANT|SINGLE_MAINTAINER,1,55375,v0.2.0
'@segment/analytics-consent-tools,2.0.3,46,D,UNVERIFIED_PUBLISH_PATH,3,55276,v0.2.0
scorm-again,3.2.0,58,C,INCONSISTENT_PUBLISH_PATH|SINGLE_MAINTAINER,1,55123,v0.2.0
'@cf-wasm/photon,0.3.7,75,B,SINGLE_MAINTAINER,1,54891,v0.2.0
'@syncfusion/ej2-pdfviewer,34.1.32,39,D,UNVERIFIED_PUBLISH_PATH,3,54678,v0.2.0
timepicker,1.14.1,19,F,UNVERIFIED_PUBLISH_PATH|DORMANT|SINGLE_MAINTAINER,1,54601,v0.2.0
'@alpinejs/mask,3.15.12,63,C,INCONSISTENT_PUBLISH_PATH|SINGLE_MAINTAINER,1,54451,v0.2.0
leaflet.gridlayer.googlemutant,0.16.0,21,F,UNVERIFIED_PUBLISH_PATH|SINGLE_MAINTAINER,1,54412,v0.2.0
'@tailwindplus/elements,1.0.22,25,F,UNVERIFIED_PUBLISH_PATH|PUBLISHER_NOT_MAINTAINER,3,54408,v0.2.0
'@walletconnect/client,1.8.0,28,F,UNVERIFIED_PUBLISH_PATH|DORMANT|PUBLISHER_NOT_MAINTAINER|DEPRECATED,2,54379,v0.2.0
'@fontsource/hanken-grotesk,5.3.0,81,B,,2,54309,v0.2.0
'@fontsource/bebas-neue,5.3.0,81,B,,2,54184,v0.2.0
'@salesforce-ux/design-system,2.264.0,16,F,UNVERIFIED_PUBLISH_PATH|SINGLE_MAINTAINER,1,54024,v0.2.0
'@arco-design/web-vue,2.58.0,39,D,UNVERIFIED_PUBLISH_PATH,11,53767,v0.2.0
jsxgraph,1.13.1,39,D,UNVERIFIED_PUBLISH_PATH,2,53748,v0.2.0
'@fontsource/ibm-plex-serif,5.3.0,81,B,,2,53734,v0.2.0
vue3-emoji-picker,1.1.8,33,F,UNVERIFIED_PUBLISH_PATH|DORMANT,2,53707,v0.2.0
'@progress/kendo-theme-bootstrap,14.4.0,80,B,SINGLE_MAINTAINER,1,53627,v0.2.0
'@fontsource/anton,5.3.0,81,B,,2,53581,v0.2.0
'@fontsource/cousine,5.3.0,81,B,,2,53488,v0.2.0
pixi.js-legacy,7.4.3,32,F,UNVERIFIED_PUBLISH_PATH|SINGLE_MAINTAINER,1,53389,v0.2.0
highlightjs,9.16.2,29,F,UNVERIFIED_PUBLISH_PATH|DORMANT|DEPRECATED,5,53329,v0.2.0
vue3-touch-events,5.0.15,20,F,UNVERIFIED_PUBLISH_PATH|SINGLE_MAINTAINER,1,53142,v0.2.0
'@expo-google-fonts/roboto,0.4.3,39,D,UNVERIFIED_PUBLISH_PATH,4,52800,v0.2.0
'@khmyznikov/pwa-install,0.6.4,25,F,UNVERIFIED_PUBLISH_PATH|SINGLE_MAINTAINER,1,52799,v0.2.0
'@fontsource-variable/rubik,5.3.0,81,B,,2,52671,v0.2.0
muuri,0.9.5,19,F,UNVERIFIED_PUBLISH_PATH|DORMANT|SINGLE_MAINTAINER,1,52554,v0.2.0
'@joeattardi/emoji-button,4.6.4,19,F,UNVERIFIED_PUBLISH_PATH|DORMANT|SINGLE_MAINTAINER|DEPRECATED,1,52362,v0.2.0
xterm-addon-web-links,0.9.0,19,F,UNVERIFIED_PUBLISH_PATH|DORMANT|SINGLE_MAINTAINER|DEPRECATED,1,52273,v0.2.0
'@bjorn3/browser_wasi_shim,0.4.2,25,F,UNVERIFIED_PUBLISH_PATH|SINGLE_MAINTAINER,1,52083,v0.2.0
'@arco-design/web-react,2.66.16,39,D,UNVERIFIED_PUBLISH_PATH,11,51989,v0.2.0
nvd3,1.8.6,19,F,UNVERIFIED_PUBLISH_PATH|DORMANT|SINGLE_MAINTAINER,1,51839,v0.2.0
'@fxts/core,1.26.0,46,D,UNVERIFIED_PUBLISH_PATH,2,51809,v0.2.0
echarts-stat,1.2.0,33,F,UNVERIFIED_PUBLISH_PATH|DORMANT,2,51778,v0.2.0
'@tabler/core,1.4.0,26,F,UNVERIFIED_PUBLISH_PATH|SINGLE_MAINTAINER,1,51753,v0.2.0
browser-update,3.3.63,25,F,UNVERIFIED_PUBLISH_PATH|SINGLE_MAINTAINER,1,51745,v0.2.0
amazon-ivs-web-broadcast,1.37.0,35,D,UNVERIFIED_PUBLISH_PATH,3,51679,v0.2.0
pepjs,0.5.3,33,F,UNVERIFIED_PUBLISH_PATH|DORMANT,4,51659,v0.2.0
'@webcomponents/scoped-custom-element-registry,0.0.10,52,C,UNVERIFIED_PUBLISH_PATH,6,51638,v0.2.0
angular-moment,1.3.0,19,F,UNVERIFIED_PUBLISH_PATH|DORMANT|SINGLE_MAINTAINER,1,51583,v0.2.0
docsearch.js,2.6.3,35,D,UNVERIFIED_PUBLISH_PATH|DORMANT|PUBLISHER_NOT_MAINTAINER|DEPRECATED,71,51546,v0.2.0
filepond-plugin-image-resize,2.0.10,19,F,UNVERIFIED_PUBLISH_PATH|DORMANT|SINGLE_MAINTAINER,1,51546,v0.2.0
'@iconify-json/ic,1.2.4,21,F,UNVERIFIED_PUBLISH_PATH|SINGLE_MAINTAINER,1,51545,v0.2.0
v-mask,2.3.0,19,F,UNVERIFIED_PUBLISH_PATH|DORMANT|SINGLE_MAINTAINER,1,51455,v0.2.0
fhirclient,2.6.3,39,D,UNVERIFIED_PUBLISH_PATH,2,51441,v0.2.0
'@ericblade/quagga2,1.12.1,25,F,UNVERIFIED_PUBLISH_PATH|SINGLE_MAINTAINER,1,51401,v0.2.0
diff-dom,5.2.1,25,F,UNVERIFIED_PUBLISH_PATH|SINGLE_MAINTAINER,1,51322,v0.2.0
keymaster,1.6.2,28,F,UNVERIFIED_PUBLISH_PATH|DORMANT,2,51274,v0.2.0
'@egjs/imready,1.4.2,39,D,UNVERIFIED_PUBLISH_PATH,12,51185,v0.2.0
react-confirm-alert,3.0.6,14,F,UNVERIFIED_PUBLISH_PATH|DORMANT|SINGLE_MAINTAINER,1,51017,v0.2.0
xlsx-style,0.8.13,19,F,UNVERIFIED_PUBLISH_PATH|DORMANT|SINGLE_MAINTAINER,1,50817,v0.2.0
angular-ui-grid,4.12.7,34,F,UNVERIFIED_PUBLISH_PATH|DORMANT,6,50783,v0.2.0
'@maptiler/sdk,4.0.2,39,D,UNVERIFIED_PUBLISH_PATH,11,50754,v0.2.0
'@mediapipe/face_mesh,0.4.1633559619,24,F,UNVERIFIED_PUBLISH_PATH|DORMANT,8,50634,v0.2.0
text-security,3.2.1,19,F,UNVERIFIED_PUBLISH_PATH|DORMANT|SINGLE_MAINTAINER,1,50628,v0.2.0
'@fontsource/raleway,5.3.0,81,B,,2,50574,v0.2.0
modernizr,3.13.1,33,F,UNVERIFIED_PUBLISH_PATH|DORMANT,7,50412,v0.2.0
selectize,0.12.6,39,D,UNVERIFIED_PUBLISH_PATH|DORMANT,2,50373,v0.2.0
'@iconify-json/fa6-solid,1.2.4,21,F,UNVERIFIED_PUBLISH_PATH|SINGLE_MAINTAINER,1,50205,v0.2.0
'@fontsource/league-gothic,5.3.0,81,B,,2,50060,v0.2.0
'@hyperframes/core,0.7.71,78,B,INCONSISTENT_PUBLISH_PATH|BRANCH_REQUIRES_SIGNATURES|BRANCH_REQUIRES_PR,3,49968,v0.2.0
mobile-drag-drop,3.0.0-rc.0,19,F,UNVERIFIED_PUBLISH_PATH|DORMANT|SINGLE_MAINTAINER,1,49945,v0.2.0
select2-bootstrap-theme,0.1.0-beta.10,19,F,UNVERIFIED_PUBLISH_PATH|DORMANT|SINGLE_MAINTAINER,1,49828,v0.2.0
'@editorjs/checklist,1.6.0,14,F,UNVERIFIED_PUBLISH_PATH|DORMANT|SINGLE_MAINTAINER,1,49639,v0.2.0
angular-file-upload,2.6.1,14,F,UNVERIFIED_PUBLISH_PATH|DORMANT|SINGLE_MAINTAINER|PUBLISHER_NOT_MAINTAINER,1,49637,v0.2.0
marked-base-url,1.1.10,73,B,SINGLE_MAINTAINER,1,49503,v0.2.0
'@fontsource/dm-serif-display,5.3.0,81,B,,2,49340,v0.2.0
vue-loading-overlay,6.0.6,19,F,UNVERIFIED_PUBLISH_PATH|DORMANT|SINGLE_MAINTAINER,1,49246,v0.2.0
arquero,8.0.3,25,F,UNVERIFIED_PUBLISH_PATH|SINGLE_MAINTAINER,1,49105,v0.2.0
'@joint/core,4.3.0,45,D,UNVERIFIED_PUBLISH_PATH,2,49017,v0.2.0
abcjs,6.6.4,31,F,UNVERIFIED_PUBLISH_PATH|SINGLE_MAINTAINER,1,49008,v0.2.0
filepond-plugin-image-crop,2.0.6,19,F,UNVERIFIED_PUBLISH_PATH|DORMANT|SINGLE_MAINTAINER,1,48912,v0.2.0
'@editorjs/marker,1.4.0,14,F,UNVERIFIED_PUBLISH_PATH|DORMANT|SINGLE_MAINTAINER,1,48837,v0.2.0
dmn-js,17.10.0,39,D,UNVERIFIED_PUBLISH_PATH,12,48727,v0.2.0
'@dailymotion/vast-client,6.4.5,39,D,UNVERIFIED_PUBLISH_PATH,5,48697,v0.2.0
leaflet-gesture-handling,1.2.2,19,F,UNVERIFIED_PUBLISH_PATH|DORMANT|SINGLE_MAINTAINER,1,48589,v0.2.0
'@pixi/filter-motion-blur,5.1.1,33,F,UNVERIFIED_PUBLISH_PATH|DORMANT,2,48373,v0.2.0
angular-ui-sortable,0.19.0,33,F,UNVERIFIED_PUBLISH_PATH|DORMANT,2,48318,v0.2.0
microcms-js-sdk,3.4.0,87,A,,4,48294,v0.2.0
datatables.net-buttons-bs4,4.0.0,25,F,UNVERIFIED_PUBLISH_PATH|SINGLE_MAINTAINER,1,48257,v0.2.0
vue-js-modal,2.0.1,19,F,UNVERIFIED_PUBLISH_PATH|DORMANT|SINGLE_MAINTAINER,1,48242,v0.2.0
'@spectrum-web-components/icons-ui,1.12.2,84,B,INCONSISTENT_PUBLISH_PATH,9,48222,v0.2.0
angular-loading-bar,0.9.0,19,F,UNVERIFIED_PUBLISH_PATH|DORMANT|SINGLE_MAINTAINER,1,48127,v0.2.0
playcanvas,2.21.1,73,B,SINGLE_MAINTAINER,1,48070,v0.2.0
'@fontsource/noto-serif-sc,5.3.0,81,B,,2,48055,v0.2.0
super-three,0.185.0,31,F,UNVERIFIED_PUBLISH_PATH|SINGLE_MAINTAINER,1,47999,v0.2.0
d3-composite-projections,2.0.0,25,F,UNVERIFIED_PUBLISH_PATH|SINGLE_MAINTAINER,1,47983,v0.2.0
vue-instantsearch,4.28.1,39,D,UNVERIFIED_PUBLISH_PATH,6,47933,v0.2.0
lscache,1.3.2,19,F,UNVERIFIED_PUBLISH_PATH|DORMANT|SINGLE_MAINTAINER,1,47918,v0.2.0
videojs-contrib-ads,7.5.2,33,F,UNVERIFIED_PUBLISH_PATH|DORMANT,26,47708,v0.2.0
'@snowplow/browser-plugin-client-hints,4.9.0,39,D,UNVERIFIED_PUBLISH_PATH,3,47695,v0.2.0
tempusdominus-bootstrap-4,5.39.2,33,F,UNVERIFIED_PUBLISH_PATH|DORMANT,2,47687,v0.2.0
signalr,2.4.3,34,F,UNVERIFIED_PUBLISH_PATH|DORMANT,4,47671,v0.2.0
appwrite,26.2.0,87,A,,3,47593,v0.2.0
aframe,1.8.0,39,D,UNVERIFIED_PUBLISH_PATH,5,47586,v0.2.0
noty,3.2.0-beta-deprecated,28,F,UNVERIFIED_PUBLISH_PATH|DORMANT|PUBLISHER_NOT_MAINTAINER|DEPRECATED,2,47571,v0.2.0
vue-cal,4.10.2,19,F,UNVERIFIED_PUBLISH_PATH|DORMANT|SINGLE_MAINTAINER,1,47525,v0.2.0
capacitor-plugin-app-tracking-transparency,3.0.0,25,F,UNVERIFIED_PUBLISH_PATH|SINGLE_MAINTAINER,1,47510,v0.2.0
'@lottiefiles/dotlottie-wc,0.9.24,89,A,,2,47508,v0.2.0
tailwindcss-stimulus-components,6.1.4,25,F,UNVERIFIED_PUBLISH_PATH|SINGLE_MAINTAINER,1,47459,v0.2.0
resumablejs,1.1.0,14,F,UNVERIFIED_PUBLISH_PATH|DORMANT|SINGLE_MAINTAINER|PUBLISHER_NOT_MAINTAINER,1,47307,v0.2.0
idle-js,1.2.0,33,F,UNVERIFIED_PUBLISH_PATH|DORMANT,3,47298,v0.2.0
videojs-hls-quality-selector,2.0.0,15,F,UNVERIFIED_PUBLISH_PATH|DORMANT|SINGLE_MAINTAINER,1,47147,v0.2.0
'@openui5/sap.m,1.150.0,34,F,UNVERIFIED_PUBLISH_PATH,2,47084,v0.2.0
'@tailwindcss/browser,4.3.3,89,A,,3,47045,v0.2.0
'@tsparticles/preset-confetti,4.3.2,69,C,INCONSISTENT_PUBLISH_PATH|SINGLE_MAINTAINER,1,47005,v0.2.0
'@wix/headless-utils,0.0.12,30,F,UNVERIFIED_PUBLISH_PATH,6,46966,v0.2.0
detectrtc,1.4.1,19,F,UNVERIFIED_PUBLISH_PATH|DORMANT|SINGLE_MAINTAINER,1,46776,v0.2.0
universal-router,10.0.3,39,D,UNVERIFIED_PUBLISH_PATH,2,46769,v0.2.0
perfume.js,9.4.0,19,F,UNVERIFIED_PUBLISH_PATH|DORMANT|SINGLE_MAINTAINER,1,46746,v0.2.0
vue-grid-layout,2.4.0,14,F,UNVERIFIED_PUBLISH_PATH|DORMANT|SINGLE_MAINTAINER,1,46647,v0.2.0
vanilla-masker,1.2.0,33,F,UNVERIFIED_PUBLISH_PATH|DORMANT,2,46644,v0.2.0
'@pixi/unsafe-eval,7.4.3,46,D,UNVERIFIED_PUBLISH_PATH,2,46618,v0.2.0
'@json-editor/json-editor,2.17.1,39,D,UNVERIFIED_PUBLISH_PATH,4,46540,v0.2.0
'@fontsource/spectral,5.3.0,81,B,,2,46464,v0.2.0
react-native-navigation,8.8.10,39,D,UNVERIFIED_PUBLISH_PATH,7,46388,v0.2.0
'@picocss/pico,2.1.1,25,F,UNVERIFIED_PUBLISH_PATH|SINGLE_MAINTAINER,1,46276,v0.2.0
datatables.net-responsive-dt,4.0.0,25,F,UNVERIFIED_PUBLISH_PATH|SINGLE_MAINTAINER,1,46173,v0.2.0
line-awesome,1.3.0,33,F,UNVERIFIED_PUBLISH_PATH|DORMANT,2,46167,v0.2.0
'@zxcvbn-ts/language-fr,4.1.1,25,F,UNVERIFIED_PUBLISH_PATH|SINGLE_MAINTAINER,1,46153,v0.2.0
bootstrap-table,1.27.3,25,F,UNVERIFIED_PUBLISH_PATH|SINGLE_MAINTAINER,1,46033,v0.2.0
datatables.net-buttons-bs5,4.0.0,25,F,UNVERIFIED_PUBLISH_PATH|SINGLE_MAINTAINER,1,45981,v0.2.0
vue-awesome-swiper,5.0.1,19,F,UNVERIFIED_PUBLISH_PATH|DORMANT|SINGLE_MAINTAINER,1,45922,v0.2.0
'@kiwicom/orbit-components,27.7.1-alpha.0,39,D,UNVERIFIED_PUBLISH_PATH,3,45894,v0.2.0
esri-leaflet,3.0.19,39,D,UNVERIFIED_PUBLISH_PATH,6,45736,v0.2.0
'@sgratzl/chartjs-chart-boxplot,4.4.5,25,F,UNVERIFIED_PUBLISH_PATH|SINGLE_MAINTAINER,1,45686,v0.2.0
manifold-3d,3.5.1,77,B,INCONSISTENT_PUBLISH_PATH,2,45686,v0.2.0
bs-custom-file-input,1.3.4,19,F,UNVERIFIED_PUBLISH_PATH|DORMANT|SINGLE_MAINTAINER,1,45555,v0.2.0
vue-cropper,0.6.5,19,F,UNVERIFIED_PUBLISH_PATH|DORMANT|SINGLE_MAINTAINER,1,45478,v0.2.0
'@fontsource-variable/schibsted-grotesk,5.3.0,81,B,,2,45324,v0.2.0
tonweb,0.0.66,33,F,UNVERIFIED_PUBLISH_PATH|DORMANT,2,45265,v0.2.0
json-formatter-js,2.5.23,20,F,UNVERIFIED_PUBLISH_PATH|SINGLE_MAINTAINER|PUBLISHER_NOT_MAINTAINER,1,45068,v0.2.0
'@editorjs/underline,1.2.1,14,F,UNVERIFIED_PUBLISH_PATH|DORMANT|SINGLE_MAINTAINER,1,45014,v0.2.0
'@irys/query,0.0.13,34,F,UNVERIFIED_PUBLISH_PATH,2,44912,v0.2.0
'@snowplow/browser-plugin-ga-cookies,4.9.0,39,D,UNVERIFIED_PUBLISH_PATH,3,44746,v0.2.0
'@fluentui/web-components,3.0.2,52,C,UNVERIFIED_PUBLISH_PATH,4,44715,v0.2.0
notyf,3.10.0,14,F,UNVERIFIED_PUBLISH_PATH|DORMANT|SINGLE_MAINTAINER,1,44690,v0.2.0
'@progress/kendo-ui,2026.2.520,21,F,UNVERIFIED_PUBLISH_PATH|SINGLE_MAINTAINER,1,44674,v0.2.0
dejavu-fonts-ttf,2.37.3,19,F,UNVERIFIED_PUBLISH_PATH|DORMANT|SINGLE_MAINTAINER,1,44625,v0.2.0
'@worldcoin/idkit-core,4.2.2,94,A,,3,44543,v0.2.0
chartjs-chart-treemap,4.2.0,73,B,SINGLE_MAINTAINER,1,44522,v0.2.0
'@eppo/js-client-sdk,3.18.0,39,D,UNVERIFIED_PUBLISH_PATH,10,44509,v0.2.0
'@tonejs/midi,2.0.28,33,F,UNVERIFIED_PUBLISH_PATH|DORMANT,2,44503,v0.2.0
simple-line-icons,2.5.5,19,F,UNVERIFIED_PUBLISH_PATH|DORMANT|SINGLE_MAINTAINER,1,44429,v0.2.0
linq,4.0.3,19,F,UNVERIFIED_PUBLISH_PATH|DORMANT|SINGLE_MAINTAINER,1,44420,v0.2.0
billboard.js,4.0.3,25,F,UNVERIFIED_PUBLISH_PATH|SINGLE_MAINTAINER,1,44368,v0.2.0
'@claviska/jquery-minicolors,2.3.6,19,F,UNVERIFIED_PUBLISH_PATH|DORMANT|SINGLE_MAINTAINER,1,44362,v0.2.0
fusioncharts,4.2.2,39,D,UNVERIFIED_PUBLISH_PATH,2,44338,v0.2.0
'@fontsource-variable/literata,5.3.0,81,B,,2,44312,v0.2.0
'@fontsource/fira-sans,5.3.0,81,B,,2,44310,v0.2.0
'@fontsource-variable/sora,5.3.0,81,B,,2,44187,v0.2.0
'@fontsource/dancing-script,5.3.0,81,B,,2,44155,v0.2.0
'@expo-google-fonts/lora,0.4.2,39,D,UNVERIFIED_PUBLISH_PATH,4,44141,v0.2.0
mg-api-js,3.0.3,87,A,,11,44071,v0.2.0
accounting-js,2.0.3,25,F,UNVERIFIED_PUBLISH_PATH|SINGLE_MAINTAINER,1,44039,v0.2.0
datatables.net-select-dt,4.0.0,25,F,UNVERIFIED_PUBLISH_PATH|SINGLE_MAINTAINER,1,44037,v0.2.0
clientjs,0.2.1,33,F,UNVERIFIED_PUBLISH_PATH|DORMANT,2,44025,v0.2.0
jsplumb,2.15.6,19,F,UNVERIFIED_PUBLISH_PATH|DORMANT|SINGLE_MAINTAINER,1,44005,v0.2.0
asn1-ts,11.1.0,25,F,UNVERIFIED_PUBLISH_PATH|SINGLE_MAINTAINER,1,43946,v0.2.0
'@fontsource/caladea,5.3.0,81,B,,2,43752,v0.2.0
fitty,2.4.2,33,F,UNVERIFIED_PUBLISH_PATH|DORMANT,2,43683,v0.2.0
'@mapbox/corslite,0.0.7,40,D,UNVERIFIED_PUBLISH_PATH|DORMANT,28,43636,v0.2.0
nats.ws,1.30.3,71,B,DEPRECATED,2,43552,v0.2.0
datatables.net-keytable,3.0.0,25,F,UNVERIFIED_PUBLISH_PATH|SINGLE_MAINTAINER,1,43542,v0.2.0
v-viewer,3.0.23,25,F,UNVERIFIED_PUBLISH_PATH|SINGLE_MAINTAINER,1,43465,v0.2.0
uppy,5.2.4,45,D,UNVERIFIED_PUBLISH_PATH,5,43432,v0.2.0
'@nylas/web-elements,2.5.16,34,F,UNVERIFIED_PUBLISH_PATH,5,43399,v0.2.0
'@iconify-json/twemoji,1.2.5,21,F,UNVERIFIED_PUBLISH_PATH|SINGLE_MAINTAINER,1,43270,v0.2.0
datatables.net-select-bs5,4.0.0,25,F,UNVERIFIED_PUBLISH_PATH|SINGLE_MAINTAINER,1,43188,v0.2.0
vue-toast-notification,3.1.3,19,F,UNVERIFIED_PUBLISH_PATH|DORMANT|SINGLE_MAINTAINER,1,43126,v0.2.0
vue-star-rating,1.7.0,19,F,UNVERIFIED_PUBLISH_PATH|DORMANT|SINGLE_MAINTAINER,1,43093,v0.2.0
scroll-behavior-polyfill,2.0.13,19,F,UNVERIFIED_PUBLISH_PATH|DORMANT|SINGLE_MAINTAINER,1,43088,v0.2.0
lunar-javascript,1.7.7,25,F,UNVERIFIED_PUBLISH_PATH|SINGLE_MAINTAINER,1,43076,v0.2.0
formiojs,4.21.7,34,F,UNVERIFIED_PUBLISH_PATH,3,43011,v0.2.0
'@fontsource/libre-baskerville,5.3.0,81,B,,2,43004,v0.2.0
'@elastic/app-search-javascript,8.13.0,28,F,UNVERIFIED_PUBLISH_PATH|DORMANT|PUBLISHER_NOT_MAINTAINER,3,42861,v0.2.0
markdown-it-texmath,1.0.0,19,F,UNVERIFIED_PUBLISH_PATH|DORMANT|SINGLE_MAINTAINER,1,42854,v0.2.0
gun,0.2020.1241,26,F,UNVERIFIED_PUBLISH_PATH|SINGLE_MAINTAINER,1,42810,v0.2.0
react-testing-library,8.0.1,10,F,UNVERIFIED_PUBLISH_PATH|DORMANT|SINGLE_MAINTAINER|DEPRECATED,1,42747,v0.2.0
swup,4.9.2,87,A,,3,42523,v0.2.0
datatables.net-responsive-bs5,4.0.0,25,F,UNVERIFIED_PUBLISH_PATH|SINGLE_MAINTAINER,1,42521,v0.2.0
motion-ui,2.0.8,33,F,UNVERIFIED_PUBLISH_PATH|DORMANT,3,42520,v0.2.0
'@iconify-json/octicon,1.2.29,21,F,UNVERIFIED_PUBLISH_PATH|SINGLE_MAINTAINER,1,42430,v0.2.0
datatables.net-responsive-bs4,4.0.0,25,F,UNVERIFIED_PUBLISH_PATH|SINGLE_MAINTAINER,1,42362,v0.2.0
nsfwjs,4.3.0,39,D,UNVERIFIED_PUBLISH_PATH,3,42334,v0.2.0
'@wangeditor/editor-for-vue,1.0.2,19,F,UNVERIFIED_PUBLISH_PATH|DORMANT|SINGLE_MAINTAINER,1,42049,v0.2.0
vexflow,5.0.0,39,D,UNVERIFIED_PUBLISH_PATH,4,41923,v0.2.0
filepond-plugin-image-edit,1.6.3,19,F,UNVERIFIED_PUBLISH_PATH|DORMANT|SINGLE_MAINTAINER,1,41788,v0.2.0
bitmovin-player,8.268.0,30,F,UNVERIFIED_PUBLISH_PATH,2,41787,v0.2.0
simplemde,1.11.2,14,F,UNVERIFIED_PUBLISH_PATH|DORMANT,0,41781,v0.2.0
squirrelly,9.1.1,34,F,UNVERIFIED_PUBLISH_PATH,2,41736,v0.2.0
jquery-pjax,2.0.1,19,F,UNVERIFIED_PUBLISH_PATH|DORMANT|SINGLE_MAINTAINER,1,41597,v0.2.0
'@walletconnect/qrcode-modal,1.8.0,28,F,UNVERIFIED_PUBLISH_PATH|DORMANT|PUBLISHER_NOT_MAINTAINER|DEPRECATED,2,41596,v0.2.0
leaflet-polylinedecorator,1.6.0,19,F,UNVERIFIED_PUBLISH_PATH|DORMANT|SINGLE_MAINTAINER,1,41513,v0.2.0
chartjs-chart-geo,4.3.6,25,F,UNVERIFIED_PUBLISH_PATH|SINGLE_MAINTAINER,1,41462,v0.2.0
'@aspnet/signalr,1.0.27,28,F,UNVERIFIED_PUBLISH_PATH|DORMANT|DEPRECATED,4,41377,v0.2.0
spinkit,2.0.1,33,F,UNVERIFIED_PUBLISH_PATH|DORMANT,2,41359,v0.2.0
ckeditor,4.12.1,39,D,UNVERIFIED_PUBLISH_PATH|DORMANT|DEPRECATED,2,41333,v0.2.0
img-comparison-slider,8.0.7,25,F,UNVERIFIED_PUBLISH_PATH|SINGLE_MAINTAINER,1,41331,v0.2.0
tdesign-vue-next,1.20.5,75,B,SINGLE_MAINTAINER,1,41315,v0.2.0
tti-polyfill,0.2.2,19,F,UNVERIFIED_PUBLISH_PATH|DORMANT|SINGLE_MAINTAINER,1,41274,v0.2.0
blg-akaun-ts-lib,0.2.910046280304,35,D,UNVERIFIED_PUBLISH_PATH,2,41268,v0.2.0
'@fullcalendar/adaptive,6.1.21,20,F,UNVERIFIED_PUBLISH_PATH|SINGLE_MAINTAINER,1,41152,v0.2.0
'@fontsource/bricolage-grotesque,5.3.0,81,B,,2,40981,v0.2.0
'@antv/data-set,0.11.8,33,F,UNVERIFIED_PUBLISH_PATH|DORMANT,18,40973,v0.2.0
'@fontsource/inter-tight,5.3.0,81,B,,2,40861,v0.2.0
single-spa-vue,3.0.1,23,F,UNVERIFIED_PUBLISH_PATH|DORMANT|PUBLISHER_NOT_MAINTAINER,2,40806,v0.2.0
open-location-code,1.0.3,10,F,UNVERIFIED_PUBLISH_PATH|DORMANT|SINGLE_MAINTAINER,1,40575,v0.2.0
'@fontsource/orbitron,5.3.0,81,B,,2,40496,v0.2.0
markmap-view,0.18.12,25,F,UNVERIFIED_PUBLISH_PATH|SINGLE_MAINTAINER,1,40495,v0.2.0
'@cspell/dict-fr-fr,2.3.2,63,C,SINGLE_MAINTAINER,1,40482,v0.2.0
multi-clamp,2.0.2,19,F,UNVERIFIED_PUBLISH_PATH|DORMANT|SINGLE_MAINTAINER,1,40386,v0.2.0
klinecharts,10.0.0,25,F,UNVERIFIED_PUBLISH_PATH|SINGLE_MAINTAINER,1,40341,v0.2.0
'@tensorflow-models/body-pix,2.2.1,33,F,UNVERIFIED_PUBLISH_PATH|DORMANT,10,40213,v0.2.0
angular-drag-and-drop-lists,2.1.0,19,F,UNVERIFIED_PUBLISH_PATH|DORMANT|SINGLE_MAINTAINER,1,40140,v0.2.0
tsparticles-shape-circle,2.12.0,39,D,UNVERIFIED_PUBLISH_PATH|DORMANT|DEPRECATED,2,40063,v0.2.0
leaflet-routing-machine,3.2.12,19,F,UNVERIFIED_PUBLISH_PATH|DORMANT|SINGLE_MAINTAINER,1,40019,v0.2.0
isotope-layout,3.0.6,19,F,UNVERIFIED_PUBLISH_PATH|DORMANT|SINGLE_MAINTAINER,1,40012,v0.2.0
tsparticles-updater-color,2.12.0,39,D,UNVERIFIED_PUBLISH_PATH|DORMANT|DEPRECATED,2,40010,v0.2.0
tsparticles-updater-out-modes,2.12.0,39,D,UNVERIFIED_PUBLISH_PATH|DORMANT|DEPRECATED,2,39981,v0.2.0
ravendb,7.2.5,25,F,UNVERIFIED_PUBLISH_PATH|SINGLE_MAINTAINER,1,39970,v0.2.0
tsparticles-updater-size,2.12.0,39,D,UNVERIFIED_PUBLISH_PATH|DORMANT|DEPRECATED,2,39954,v0.2.0
tsparticles-move-base,2.12.0,39,D,UNVERIFIED_PUBLISH_PATH|DORMANT|DEPRECATED,2,39937,v0.2.0
tsparticles-updater-opacity,2.12.0,39,D,UNVERIFIED_PUBLISH_PATH|DORMANT|DEPRECATED,2,39924,v0.2.0
'@fontsource-variable/source-code-pro,5.3.0,81,B,,2,39831,v0.2.0
lozad,1.16.0,19,F,UNVERIFIED_PUBLISH_PATH|DORMANT|SINGLE_MAINTAINER,1,39786,v0.2.0
moment-hijri,3.0.0,19,F,UNVERIFIED_PUBLISH_PATH|DORMANT|SINGLE_MAINTAINER,1,39702,v0.2.0
jquery-slimscroll,1.3.8,19,F,UNVERIFIED_PUBLISH_PATH|DORMANT|SINGLE_MAINTAINER,1,39675,v0.2.0
raygun4js,3.1.4,34,F,UNVERIFIED_PUBLISH_PATH|PUBLISHER_NOT_MAINTAINER,2,39437,v0.2.0
'@riophae/vue-treeselect,0.4.0,19,F,UNVERIFIED_PUBLISH_PATH|DORMANT|SINGLE_MAINTAINER,1,39421,v0.2.0
'@cloudflare/realtimekit-ui,2.0.1,84,B,INCONSISTENT_PUBLISH_PATH,5,39397,v0.2.0
'@meilisearch/instant-meilisearch,0.31.3,82,B,BRANCH_REQUIRES_PR,5,39394,v0.2.0
'@tensorflow-models/blazeface,0.1.0,33,F,UNVERIFIED_PUBLISH_PATH|DORMANT,8,39345,v0.2.0
markmap-lib,0.18.12,25,F,UNVERIFIED_PUBLISH_PATH|SINGLE_MAINTAINER,1,39338,v0.2.0
vue-quill-editor,3.0.6,19,F,UNVERIFIED_PUBLISH_PATH|DORMANT|SINGLE_MAINTAINER,1,39332,v0.2.0
bootstrap-multiselect,2.0.0,34,F,UNVERIFIED_PUBLISH_PATH,2,39306,v0.2.0
scroll-lock,2.1.5,19,F,UNVERIFIED_PUBLISH_PATH|DORMANT|SINGLE_MAINTAINER|DEPRECATED,1,39277,v0.2.0
'@photo-sphere-viewer/markers-plugin,5.14.3,73,B,SINGLE_MAINTAINER,1,39229,v0.2.0
hamburgers,1.2.1,19,F,UNVERIFIED_PUBLISH_PATH|DORMANT|SINGLE_MAINTAINER,1,39210,v0.2.0
pretty-checkbox,3.0.3,19,F,UNVERIFIED_PUBLISH_PATH|DORMANT|SINGLE_MAINTAINER,1,39204,v0.2.0
'@vladmandic/human,3.3.6,31,F,UNVERIFIED_PUBLISH_PATH|SINGLE_MAINTAINER,1,39147,v0.2.0
sourcebuster,1.1.0,19,F,UNVERIFIED_PUBLISH_PATH|DORMANT|SINGLE_MAINTAINER,1,39093,v0.2.0
'@editorjs/link,2.6.2,14,F,UNVERIFIED_PUBLISH_PATH|DORMANT|SINGLE_MAINTAINER,1,39081,v0.2.0
'@iconify-json/fa6-brands,1.2.6,21,F,UNVERIFIED_PUBLISH_PATH|SINGLE_MAINTAINER,1,38994,v0.2.0
'@atlaskit/css-reset,8.1.1,16,F,UNVERIFIED_PUBLISH_PATH|SINGLE_MAINTAINER,1,38789,v0.2.0
'@spectrum-web-components/icons-workflow,1.12.2,84,B,INCONSISTENT_PUBLISH_PATH,9,38770,v0.2.0
balance-text,3.3.1,33,F,UNVERIFIED_PUBLISH_PATH|DORMANT,2,38691,v0.2.0
vue2-daterange-picker,0.6.8,19,F,UNVERIFIED_PUBLISH_PATH|DORMANT|SINGLE_MAINTAINER,1,38621,v0.2.0
'@builder.io/qwik,1.20.0,85,A,INCONSISTENT_PUBLISH_PATH,26,38508,v0.2.0
bootstrap-tokenfield,0.12.0,14,F,UNVERIFIED_PUBLISH_PATH|DORMANT|SINGLE_MAINTAINER,1,38476,v0.2.0
'@editorjs/raw,2.5.1,14,F,UNVERIFIED_PUBLISH_PATH|DORMANT|SINGLE_MAINTAINER,1,38450,v0.2.0
signals,1.0.0,9,F,UNVERIFIED_PUBLISH_PATH|DORMANT|SINGLE_MAINTAINER,1,38369,v0.2.0
'@fontsource/tinos,5.3.0,81,B,,2,38297,v0.2.0
stickyfilljs,2.1.0,19,F,UNVERIFIED_PUBLISH_PATH|DORMANT|SINGLE_MAINTAINER,1,38277,v0.2.0
agora-rtm-sdk,2.2.4,30,F,UNVERIFIED_PUBLISH_PATH,3,38272,v0.2.0
uploadcare-widget,3.24.0,39,D,UNVERIFIED_PUBLISH_PATH,4,38256,v0.2.0
'@fontsource/roboto-slab,5.3.0,81,B,,2,38218,v0.2.0
'@fontsource/cinzel,5.3.0,81,B,,2,38179,v0.2.0
molstar,5.11.0,39,D,UNVERIFIED_PUBLISH_PATH,2,38063,v0.2.0
'@formily/core,2.3.7,39,D,UNVERIFIED_PUBLISH_PATH,2,38011,v0.2.0
jquery-ui-bundle,1.12.1-migrate,19,F,UNVERIFIED_PUBLISH_PATH|DORMANT|SINGLE_MAINTAINER,1,37964,v0.2.0
'@rive-app/canvas-advanced,2.39.1,87,A,,5,37961,v0.2.0
'@devexpress/analytics-core,26.1.3,16,F,UNVERIFIED_PUBLISH_PATH|SINGLE_MAINTAINER,1,37888,v0.2.0
favico.js,0.3.10,19,F,UNVERIFIED_PUBLISH_PATH|DORMANT|SINGLE_MAINTAINER,1,37887,v0.2.0
bs-stepper,1.7.0,19,F,UNVERIFIED_PUBLISH_PATH|DORMANT|SINGLE_MAINTAINER,1,37821,v0.2.0
patternomaly,1.3.2,19,F,UNVERIFIED_PUBLISH_PATH|DORMANT|SINGLE_MAINTAINER,1,37771,v0.2.0
datatables,1.10.18,19,F,UNVERIFIED_PUBLISH_PATH|DORMANT|SINGLE_MAINTAINER,1,37716,v0.2.0
'@fontsource/roboto-condensed,5.3.0,81,B,,2,37690,v0.2.0
videojs-ima,2.6.0,39,D,UNVERIFIED_PUBLISH_PATH,2,37640,v0.2.0
'@maplibre/maplibre-gl-leaflet,0.1.3,39,D,UNVERIFIED_PUBLISH_PATH,5,37389,v0.2.0
party-js,2.2.0,14,F,UNVERIFIED_PUBLISH_PATH|DORMANT|SINGLE_MAINTAINER,1,37389,v0.2.0
'@jetbrains/logos,3.0.14,39,D,UNVERIFIED_PUBLISH_PATH,3,37304,v0.2.0
buefy,3.0.8,39,D,UNVERIFIED_PUBLISH_PATH,2,37296,v0.2.0
flexibility,2.0.1,19,F,UNVERIFIED_PUBLISH_PATH|DORMANT|SINGLE_MAINTAINER,1,37243,v0.2.0
metismenu,3.1.0,25,F,UNVERIFIED_PUBLISH_PATH|SINGLE_MAINTAINER,1,37226,v0.2.0
'@vaadin/router,2.0.1,39,D,UNVERIFIED_PUBLISH_PATH,12,37207,v0.2.0
medium-editor,5.23.3,33,F,UNVERIFIED_PUBLISH_PATH|DORMANT,6,37204,v0.2.0
'@syncfusion/ej2-gantt,34.1.32,39,D,UNVERIFIED_PUBLISH_PATH,3,37169,v0.2.0
angular-filter,0.5.17,19,F,UNVERIFIED_PUBLISH_PATH|DORMANT|SINGLE_MAINTAINER,1,37142,v0.2.0
'@fontsource/instrument-sans,5.3.0,81,B,,2,36991,v0.2.0
multiple-select-vanilla,5.2.1,73,B,SINGLE_MAINTAINER,1,36975,v0.2.0
simple-parallax-js,7.0.0,73,B,SINGLE_MAINTAINER,1,36955,v0.2.0
'@twemoji/api,17.0.3,39,D,UNVERIFIED_PUBLISH_PATH,2,36911,v0.2.0
rails-ujs,5.2.8-1,40,D,UNVERIFIED_PUBLISH_PATH|DORMANT,8,36835,v0.2.0
litepicker,2.0.12,19,F,UNVERIFIED_PUBLISH_PATH|DORMANT|SINGLE_MAINTAINER,1,36760,v0.2.0
zd-h5-check-json,1.0.356,21,F,UNVERIFIED_PUBLISH_PATH|SINGLE_MAINTAINER,1,36716,v0.2.0
leaflet-responsive-popup,1.0.0,19,F,UNVERIFIED_PUBLISH_PATH|DORMANT|SINGLE_MAINTAINER,1,36655,v0.2.0
'@fontsource-variable/noto-sans-arabic,5.3.0,81,B,,2,36594,v0.2.0
jquery-sparkline,2.4.0,19,F,UNVERIFIED_PUBLISH_PATH|DORMANT|SINGLE_MAINTAINER,1,36560,v0.2.0
'@mediapipe/pose,0.5.1675469404,24,F,UNVERIFIED_PUBLISH_PATH|DORMANT,8,36554,v0.2.0
'@fontsource/noto-sans-arabic,5.3.0,81,B,,2,36518,v0.2.0
'@formio/js,5.5.0,34,F,UNVERIFIED_PUBLISH_PATH,7,36491,v0.2.0
'@fontsource/noto-sans-thai,5.3.0,81,B,,2,36369,v0.2.0
'@iconify-json/mingcute,1.2.7,21,F,UNVERIFIED_PUBLISH_PATH|SINGLE_MAINTAINER,1,36365,v0.2.0
html-docx-js,0.3.1,19,F,UNVERIFIED_PUBLISH_PATH|DORMANT|SINGLE_MAINTAINER|BRANCH_REQUIRES_PR,1,36287,v0.2.0
budoux,0.8.4,20,F,UNVERIFIED_PUBLISH_PATH|SINGLE_MAINTAINER,1,36281,v0.2.0
tinymce-i18n,26.7.13,73,B,SINGLE_MAINTAINER,1,36249,v0.2.0
'@mediapipe/camera_utils,0.3.1675466862,24,F,UNVERIFIED_PUBLISH_PATH|DORMANT,8,36217,v0.2.0
balloon-css,1.2.0,19,F,UNVERIFIED_PUBLISH_PATH|DORMANT|SINGLE_MAINTAINER,1,36158,v0.2.0
default-passive-events,4.0.0,34,F,UNVERIFIED_PUBLISH_PATH,2,36106,v0.2.0
quill-emoji,0.2.0,19,F,UNVERIFIED_PUBLISH_PATH|DORMANT|SINGLE_MAINTAINER,1,36103,v0.2.0
lightbox2,2.12.0,25,F,UNVERIFIED_PUBLISH_PATH|SINGLE_MAINTAINER|DEPRECATED,1,36059,v0.2.0
smiles-drawer,2.4.1,87,A,,3,35990,v0.2.0
mrz,5.0.2,39,D,UNVERIFIED_PUBLISH_PATH,4,35978,v0.2.0
socicon,3.0.5,15,F,UNVERIFIED_PUBLISH_PATH|DORMANT|SINGLE_MAINTAINER,1,35946,v0.2.0
npm2url,0.2.4,14,F,UNVERIFIED_PUBLISH_PATH|DORMANT|SINGLE_MAINTAINER,1,35890,v0.2.0
emoji-datasource-twitter,16.0.0,25,F,UNVERIFIED_PUBLISH_PATH|SINGLE_MAINTAINER,1,35825,v0.2.0
datatables.net-plugins,3.0.0,25,F,UNVERIFIED_PUBLISH_PATH|SINGLE_MAINTAINER,1,35821,v0.2.0
devexpress-reporting,26.1.3,16,F,UNVERIFIED_PUBLISH_PATH|SINGLE_MAINTAINER,1,35708,v0.2.0
cookiejs,2.1.4,73,B,SINGLE_MAINTAINER,1,35706,v0.2.0
pulltorefreshjs,0.1.22,15,F,UNVERIFIED_PUBLISH_PATH|DORMANT|SINGLE_MAINTAINER,1,35563,v0.2.0
art-template,4.13.4,15,F,UNVERIFIED_PUBLISH_PATH|SINGLE_MAINTAINER|PUBLISHER_NOT_MAINTAINER,1,35465,v0.2.0
'@fullcalendar/bootstrap5,7.0.2,20,F,UNVERIFIED_PUBLISH_PATH|SINGLE_MAINTAINER,1,35450,v0.2.0
'@jitsu/js,1.11.0,72,B,INCONSISTENT_PUBLISH_PATH|BRANCH_REQUIRES_PR,4,35443,v0.2.0
'@tensorflow/tfjs-backend-webgpu,4.22.0,33,F,UNVERIFIED_PUBLISH_PATH|DORMANT,10,35384,v0.2.0
save-svg-as-png,1.4.17,19,F,UNVERIFIED_PUBLISH_PATH|DORMANT|SINGLE_MAINTAINER,1,35362,v0.2.0
'@tensorflow-models/face-landmarks-detection,1.0.6,33,F,UNVERIFIED_PUBLISH_PATH|DORMANT,8,35357,v0.2.0
datatables.net-select-bs4,4.0.0,25,F,UNVERIFIED_PUBLISH_PATH|SINGLE_MAINTAINER,1,35347,v0.2.0
chartjs-plugin-gradient,0.6.1,19,F,UNVERIFIED_PUBLISH_PATH|DORMANT|SINGLE_MAINTAINER,1,35302,v0.2.0
leaflet.fullscreen,5.3.3,25,F,UNVERIFIED_PUBLISH_PATH|SINGLE_MAINTAINER,1,35273,v0.2.0
inapp-spy,5.0.10,20,F,UNVERIFIED_PUBLISH_PATH|SINGLE_MAINTAINER,1,35218,v0.2.0
'@viselect/vanilla,3.9.0,19,F,UNVERIFIED_PUBLISH_PATH|DORMANT|SINGLE_MAINTAINER,1,35190,v0.2.0
videojs-hotkeys,0.2.30,19,F,UNVERIFIED_PUBLISH_PATH|DORMANT|SINGLE_MAINTAINER,1,35188,v0.2.0
ng-tags-input,3.2.0,28,F,UNVERIFIED_PUBLISH_PATH|DORMANT,2,35148,v0.2.0
'@fancyapps/fancybox,3.5.7,19,F,UNVERIFIED_PUBLISH_PATH|DORMANT|SINGLE_MAINTAINER,1,35096,v0.2.0
'@alexanderolsen/libsamplerate-js,2.1.2,19,F,UNVERIFIED_PUBLISH_PATH|DORMANT|SINGLE_MAINTAINER,1,35073,v0.2.0
moment-parseformat,4.0.0,33,F,UNVERIFIED_PUBLISH_PATH|DORMANT,2,35012,v0.2.0
'@adobe/adobe-client-data-layer,3.0.1,39,D,UNVERIFIED_PUBLISH_PATH,31,34913,v0.2.0
tablednd,1.0.5,19,F,UNVERIFIED_PUBLISH_PATH|DORMANT|SINGLE_MAINTAINER,1,34901,v0.2.0
'@duetds/date-picker,1.4.0,28,F,UNVERIFIED_PUBLISH_PATH|DORMANT|PUBLISHER_NOT_MAINTAINER,5,34888,v0.2.0
'@qlik/api,2.13.0,46,D,UNVERIFIED_PUBLISH_PATH,2,34806,v0.2.0
'@editorjs/nested-list,1.4.3,14,F,UNVERIFIED_PUBLISH_PATH|DORMANT|SINGLE_MAINTAINER,1,34753,v0.2.0
mdn-polyfills,5.20.0,19,F,UNVERIFIED_PUBLISH_PATH|DORMANT|SINGLE_MAINTAINER,1,34731,v0.2.0
sheetjs-style,0.15.8,19,F,UNVERIFIED_PUBLISH_PATH|DORMANT|SINGLE_MAINTAINER,1,34684,v0.2.0
'@fontsource/ubuntu,5.3.0,81,B,,2,34678,v0.2.0
tsparticles-slim,2.12.0,39,D,UNVERIFIED_PUBLISH_PATH|DORMANT|DEPRECATED,2,34664,v0.2.0
ohmyfetch,0.4.21,14,F,UNVERIFIED_PUBLISH_PATH|DORMANT|SINGLE_MAINTAINER|DEPRECATED,1,34643,v0.2.0
'@wix/headless-media,0.0.25,30,F,UNVERIFIED_PUBLISH_PATH,11,34626,v0.2.0
'@egjs/flicking,4.16.4,30,F,UNVERIFIED_PUBLISH_PATH,12,34553,v0.2.0
'@fontsource/jost,5.3.0,81,B,,2,34550,v0.2.0
modern-css-reset,1.4.0,19,F,UNVERIFIED_PUBLISH_PATH|DORMANT|SINGLE_MAINTAINER,1,34529,v0.2.0
babel-standalone,6.26.0,28,F,UNVERIFIED_PUBLISH_PATH|DORMANT|PUBLISHER_NOT_MAINTAINER,3,34528,v0.2.0
emoji-picker-element-data,1.8.0,25,F,UNVERIFIED_PUBLISH_PATH|SINGLE_MAINTAINER,1,34459,v0.2.0
'@iconfu/svg-inject,2.0.1,25,F,UNVERIFIED_PUBLISH_PATH|SINGLE_MAINTAINER,1,34442,v0.2.0
flexboxgrid,6.3.1,19,F,UNVERIFIED_PUBLISH_PATH|DORMANT|SINGLE_MAINTAINER,1,34346,v0.2.0
tui-image-editor,3.15.3,14,F,UNVERIFIED_PUBLISH_PATH|DORMANT|SINGLE_MAINTAINER,1,34266,v0.2.0
datatables.net-colreorder-dt,3.0.0,25,F,UNVERIFIED_PUBLISH_PATH|SINGLE_MAINTAINER,1,34253,v0.2.0
'@selectize/selectize,0.15.2,25,F,UNVERIFIED_PUBLISH_PATH|DORMANT|SINGLE_MAINTAINER,1,34207,v0.2.0
chartjs-chart-funnel,4.2.5,25,F,UNVERIFIED_PUBLISH_PATH|SINGLE_MAINTAINER,1,34142,v0.2.0
pinyin,4.0.0,25,F,UNVERIFIED_PUBLISH_PATH|SINGLE_MAINTAINER,1,34069,v0.2.0
'@alpinejs/csp,3.15.12,63,C,INCONSISTENT_PUBLISH_PATH|SINGLE_MAINTAINER,1,34012,v0.2.0
manrope,2.0.0,14,F,UNVERIFIED_PUBLISH_PATH|DORMANT|SINGLE_MAINTAINER,1,33962,v0.2.0
'@wix/identity,1.0.213,30,F,UNVERIFIED_PUBLISH_PATH,11,33931,v0.2.0
cropper,4.1.0,19,F,UNVERIFIED_PUBLISH_PATH|DORMANT|SINGLE_MAINTAINER,1,33880,v0.2.0
jquery.scrollto,2.1.3,19,F,UNVERIFIED_PUBLISH_PATH|DORMANT|SINGLE_MAINTAINER,1,33860,v0.2.0
'@fontsource-variable/roboto-flex,5.3.0,81,B,,2,33847,v0.2.0
tw-elements,2.0.0,33,F,UNVERIFIED_PUBLISH_PATH|DORMANT,17,33830,v0.2.0
vanilla-tilt,1.8.1,19,F,UNVERIFIED_PUBLISH_PATH|DORMANT|SINGLE_MAINTAINER,1,33809,v0.2.0
dwt,19.4.1,34,F,UNVERIFIED_PUBLISH_PATH,6,33753,v0.2.0
jets,0.15.0,19,F,UNVERIFIED_PUBLISH_PATH|DORMANT|SINGLE_MAINTAINER,1,33741,v0.2.0
'@wix/image-kit,1.124.0,30,F,UNVERIFIED_PUBLISH_PATH,11,33735,v0.2.0
'@gouvfr/dsfr,1.15.1,45,D,UNVERIFIED_PUBLISH_PATH,5,33692,v0.2.0
'@zendeskgarden/css-bedrock,10.0.1,26,F,UNVERIFIED_PUBLISH_PATH|DORMANT|SINGLE_MAINTAINER,1,33683,v0.2.0
'@fontsource/arimo,5.3.0,81,B,,2,33641,v0.2.0
materialize-css,1.0.0,19,F,UNVERIFIED_PUBLISH_PATH|DORMANT|SINGLE_MAINTAINER,1,33621,v0.2.0
'@fontsource/lexend-deca,5.3.0,81,B,,2,33620,v0.2.0
pace-js,1.2.4,19,F,UNVERIFIED_PUBLISH_PATH|DORMANT|SINGLE_MAINTAINER,1,33561,v0.2.0
'@formkit/icons,2.1.2,72,B,INCONSISTENT_PUBLISH_PATH,4,33550,v0.2.0
'@fontsource-variable/lexend,5.3.0,81,B,,2,33456,v0.2.0
leaflet.locatecontrol,0.90.0,39,D,UNVERIFIED_PUBLISH_PATH,2,33302,v0.2.0
wix-style-react,10.173.4,30,F,UNVERIFIED_PUBLISH_PATH,6,33142,v0.2.0
cos-js-sdk-v5,1.10.1,39,D,UNVERIFIED_PUBLISH_PATH,5,32966,v0.2.0
waypoints,4.0.1,19,F,UNVERIFIED_PUBLISH_PATH|DORMANT|SINGLE_MAINTAINER,1,32934,v0.2.0
'@chenfengyuan/vue-countdown,2.1.3,25,F,UNVERIFIED_PUBLISH_PATH|SINGLE_MAINTAINER,1,32921,v0.2.0
vue-toasted,1.1.28,19,F,UNVERIFIED_PUBLISH_PATH|DORMANT|SINGLE_MAINTAINER,1,32914,v0.2.0
'@tarojs/components,4.2.1,40,D,UNVERIFIED_PUBLISH_PATH,12,32888,v0.2.0
bootstrap-notify,3.1.3,33,F,UNVERIFIED_PUBLISH_PATH|DORMANT,3,32854,v0.2.0
'@zendeskgarden/css-variables,7.0.0,26,F,UNVERIFIED_PUBLISH_PATH|DORMANT|SINGLE_MAINTAINER,1,32735,v0.2.0
'@fontsource/quicksand,5.3.0,81,B,,2,32698,v0.2.0
'@maplibre/maplibre-gl-geocoder,1.9.4,77,B,,5,32694,v0.2.0
chartjs-plugin-trendline,3.2.8,68,C,SINGLE_MAINTAINER,1,32684,v0.2.0
chartjs-plugin-stacked100,1.7.1,25,F,UNVERIFIED_PUBLISH_PATH|SINGLE_MAINTAINER,1,32670,v0.2.0
'@fontsource/vt323,5.3.0,81,B,,2,32646,v0.2.0
n2words,5.1.2,100,A,,2,32644,v0.2.0
'@melloware/coloris,0.25.0,39,D,UNVERIFIED_PUBLISH_PATH,2,32617,v0.2.0
leaflet-fullscreen,1.0.2,33,F,UNVERIFIED_PUBLISH_PATH|DORMANT,8,32564,v0.2.0
simmerjs,0.5.6,19,F,UNVERIFIED_PUBLISH_PATH|DORMANT|SINGLE_MAINTAINER,1,32539,v0.2.0
waveform-data,4.5.2,39,D,UNVERIFIED_PUBLISH_PATH,2,32534,v0.2.0
'@openobserve/browser-logs,0.4.1,46,D,UNVERIFIED_PUBLISH_PATH,4,32518,v0.2.0
'@revolut/checkout,1.1.25,39,D,UNVERIFIED_PUBLISH_PATH,5,32514,v0.2.0
'@fontsource-variable/noto-sans-kr,5.3.0,81,B,,2,32437,v0.2.0
icheck,1.0.2,19,F,UNVERIFIED_PUBLISH_PATH|DORMANT|SINGLE_MAINTAINER,1,32433,v0.2.0
luaparse,0.3.1,33,F,UNVERIFIED_PUBLISH_PATH|DORMANT,2,32373,v0.2.0
filepond-plugin-image-transform,3.8.8,25,F,UNVERIFIED_PUBLISH_PATH|SINGLE_MAINTAINER,1,32355,v0.2.0
monaco-editor-core,0.56.0,47,D,UNVERIFIED_PUBLISH_PATH,6,32321,v0.2.0
parsleyjs,2.9.2,39,D,UNVERIFIED_PUBLISH_PATH|DORMANT,2,32229,v0.2.0
simple-crypto-js,3.0.1,25,F,UNVERIFIED_PUBLISH_PATH|DORMANT|SINGLE_MAINTAINER,1,32190,v0.2.0
flv.js,1.6.2,19,F,UNVERIFIED_PUBLISH_PATH|DORMANT|SINGLE_MAINTAINER,1,32109,v0.2.0
styled-icons,10.47.1,28,F,UNVERIFIED_PUBLISH_PATH|DORMANT,2,32074,v0.2.0
'@ebay/skin,19.30.0,77,B,INCONSISTENT_PUBLISH_PATH,7,32073,v0.2.0
grapesjs-plugin-forms,2.0.6,19,F,UNVERIFIED_PUBLISH_PATH|DORMANT|SINGLE_MAINTAINER,1,32055,v0.2.0
'@wix/auto_sdk_identity_oauth,1.0.50,30,F,UNVERIFIED_PUBLISH_PATH,11,32030,v0.2.0
stickybits,3.7.11,32,F,UNVERIFIED_PUBLISH_PATH|DORMANT|SINGLE_MAINTAINER,1,32007,v0.2.0
react-rte,0.16.5,33,F,UNVERIFIED_PUBLISH_PATH|DORMANT,6,31987,v0.2.0
vue-spinner,3.0.2,67,C,SINGLE_MAINTAINER,1,31931,v0.2.0
'@material/mwc-base,0.27.0,39,D,UNVERIFIED_PUBLISH_PATH|DORMANT|DEPRECATED,14,31805,v0.2.0
tempusdominus-core,5.19.3,33,F,UNVERIFIED_PUBLISH_PATH|DORMANT,2,31793,v0.2.0
jquery-autosize,1.18.18,19,F,UNVERIFIED_PUBLISH_PATH|DORMANT|SINGLE_MAINTAINER,1,31714,v0.2.0
thirdweb,5.120.1,41,D,UNVERIFIED_PUBLISH_PATH,5,31693,v0.2.0
picturefill,3.0.3,33,F,UNVERIFIED_PUBLISH_PATH|DORMANT|DEPRECATED,2,31463,v0.2.0
react-virtualized-select,3.1.3,19,F,UNVERIFIED_PUBLISH_PATH|DORMANT|SINGLE_MAINTAINER,1,31454,v0.2.0
'@mkkellogg/gaussian-splats-3d,0.4.7,19,F,UNVERIFIED_PUBLISH_PATH|DORMANT|SINGLE_MAINTAINER,1,31398,v0.2.0
malihu-custom-scrollbar-plugin,3.1.5,19,F,UNVERIFIED_PUBLISH_PATH|DORMANT|SINGLE_MAINTAINER,1,31369,v0.2.0
tui-time-picker,2.1.6,19,F,UNVERIFIED_PUBLISH_PATH|DORMANT|SINGLE_MAINTAINER,1,31345,v0.2.0
'@snowplow/browser-plugin-web-vitals,4.9.0,39,D,UNVERIFIED_PUBLISH_PATH,3,31326,v0.2.0
ravelinjs,2.2.0,39,D,UNVERIFIED_PUBLISH_PATH,3,31309,v0.2.0
uikit,3.25.20,87,A,,2,31299,v0.2.0
postmate,1.5.2,40,D,UNVERIFIED_PUBLISH_PATH|DORMANT,3,31286,v0.2.0
vxe-pc-ui,4.16.22,25,F,UNVERIFIED_PUBLISH_PATH|SINGLE_MAINTAINER,1,31277,v0.2.0
secure-ls,2.0.0,19,F,UNVERIFIED_PUBLISH_PATH|DORMANT|SINGLE_MAINTAINER,1,31271,v0.2.0
jquery.easing,1.4.1,33,F,UNVERIFIED_PUBLISH_PATH|DORMANT,2,31196,v0.2.0
vanta,0.5.24,19,F,UNVERIFIED_PUBLISH_PATH|DORMANT|SINGLE_MAINTAINER,1,31182,v0.2.0
'@fontsource-variable/work-sans,5.3.0,81,B,,2,31135,v0.2.0
'@snowplow/browser-plugin-error-tracking,4.9.0,39,D,UNVERIFIED_PUBLISH_PATH,3,31129,v0.2.0
japanese-holidays,1.0.10,19,F,UNVERIFIED_PUBLISH_PATH|DORMANT|SINGLE_MAINTAINER,1,31079,v0.2.0
fine-uploader,5.16.2,14,F,UNVERIFIED_PUBLISH_PATH|DORMANT|SINGLE_MAINTAINER,1,31070,v0.2.0
filepond-plugin-file-encode,2.1.14,19,F,UNVERIFIED_PUBLISH_PATH|DORMANT|SINGLE_MAINTAINER,1,30956,v0.2.0
videojs-youtube,3.0.1,33,F,UNVERIFIED_PUBLISH_PATH|DORMANT,19,30910,v0.2.0
'@snowplow/browser-plugin-button-click-tracking,4.9.0,39,D,UNVERIFIED_PUBLISH_PATH,3,30832,v0.2.0
timeago,1.6.7,29,F,UNVERIFIED_PUBLISH_PATH|DORMANT,2,30778,v0.2.0
headroom.js,0.12.0,33,F,UNVERIFIED_PUBLISH_PATH|DORMANT,2,30777,v0.2.0
corejs-typeahead,1.3.4,19,F,UNVERIFIED_PUBLISH_PATH|DORMANT|SINGLE_MAINTAINER,1,30761,v0.2.0
'@wix/auto_sdk_identity_verification,1.0.45,30,F,UNVERIFIED_PUBLISH_PATH,11,30760,v0.2.0
react-flagkit,2.0.4,10,F,UNVERIFIED_PUBLISH_PATH|DORMANT|SINGLE_MAINTAINER,1,30738,v0.2.0
'@fontsource/libre-franklin,5.3.0,81,B,,2,30730,v0.2.0
'@wix/auto_sdk_identity_authentication,1.0.49,30,F,UNVERIFIED_PUBLISH_PATH,11,30724,v0.2.0
'@fontsource-variable/mulish,5.3.0,81,B,,2,30709,v0.2.0
'@sweetalert2/theme-bootstrap-4,5.0.27,25,F,UNVERIFIED_PUBLISH_PATH|SINGLE_MAINTAINER|DEPRECATED,1,30638,v0.2.0
marked-alert,2.1.2,19,F,UNVERIFIED_PUBLISH_PATH|DORMANT|SINGLE_MAINTAINER,1,30494,v0.2.0
'@pyscript/core,0.7.31,25,F,UNVERIFIED_PUBLISH_PATH|SINGLE_MAINTAINER,1,30475,v0.2.0
tsparticles-plugin-emitters,2.12.0,39,D,UNVERIFIED_PUBLISH_PATH|DORMANT|DEPRECATED,2,30431,v0.2.0
datebook,8.0.1,19,F,UNVERIFIED_PUBLISH_PATH|DORMANT|SINGLE_MAINTAINER,1,30430,v0.2.0
clevertap-web-sdk,2.7.4,94,A,,6,30418,v0.2.0
'@fontsource/inconsolata,5.3.0,81,B,,2,30356,v0.2.0
scrollmagic,2.0.9,25,F,UNVERIFIED_PUBLISH_PATH|SINGLE_MAINTAINER,1,30342,v0.2.0
mpegts.js,1.8.0,19,F,UNVERIFIED_PUBLISH_PATH|DORMANT|SINGLE_MAINTAINER,1,30339,v0.2.0
'@fontsource/ibm-plex-sans-arabic,5.3.0,81,B,,2,30296,v0.2.0
browser-dtector,4.1.1,63,C,SINGLE_MAINTAINER,1,30286,v0.2.0
cep-promise,4.4.1,33,F,UNVERIFIED_PUBLISH_PATH|DORMANT,2,30221,v0.2.0
datatables.net-fixedheader-bs4,5.0.0,25,F,UNVERIFIED_PUBLISH_PATH|SINGLE_MAINTAINER,1,30136,v0.2.0
jspdf-html2canvas,1.7.0,25,F,UNVERIFIED_PUBLISH_PATH|SINGLE_MAINTAINER,1,30083,v0.2.0
single-spa-layout,3.0.0,9,F,UNVERIFIED_PUBLISH_PATH|DORMANT|SINGLE_MAINTAINER|PUBLISHER_NOT_MAINTAINER,1,29961,v0.2.0
moment-jalaali,0.10.4,33,F,UNVERIFIED_PUBLISH_PATH|DORMANT,2,29949,v0.2.0
quicklink,3.0.1,25,F,UNVERIFIED_PUBLISH_PATH|SINGLE_MAINTAINER,1,29916,v0.2.0
match-media,0.2.0,19,F,UNVERIFIED_PUBLISH_PATH|DORMANT|SINGLE_MAINTAINER,1,29892,v0.2.0
bootstrap-toggle,2.2.2,19,F,UNVERIFIED_PUBLISH_PATH|DORMANT|SINGLE_MAINTAINER,1,29806,v0.2.0
'@syncfusion/ej2-react-dropdowns,34.1.32,39,D,UNVERIFIED_PUBLISH_PATH,3,29793,v0.2.0
magic-sdk,33.9.0,76,B,REPO_LINKAGE_MISMATCH,13,29774,v0.2.0
'@nebular/theme,17.0.0,25,F,UNVERIFIED_PUBLISH_PATH|SINGLE_MAINTAINER,1,29754,v0.2.0
'@realsee/dnalogel,3.81.2,39,D,UNVERIFIED_PUBLISH_PATH,7,29740,v0.2.0
workbox-cdn,5.1.4,14,F,UNVERIFIED_PUBLISH_PATH|DORMANT|SINGLE_MAINTAINER|PUBLISHER_NOT_MAINTAINER,1,29648,v0.2.0
v-money,0.8.1,15,F,UNVERIFIED_PUBLISH_PATH|DORMANT|SINGLE_MAINTAINER,1,29634,v0.2.0
'@iconify/icons-mdi,1.2.48,15,F,UNVERIFIED_PUBLISH_PATH|DORMANT|SINGLE_MAINTAINER,1,29622,v0.2.0
react-slideshow-image,4.4.0,25,F,UNVERIFIED_PUBLISH_PATH|SINGLE_MAINTAINER,1,29569,v0.2.0
quagga,0.12.1,19,F,UNVERIFIED_PUBLISH_PATH|DORMANT|SINGLE_MAINTAINER,1,29469,v0.2.0
pnotify,5.2.0,19,F,UNVERIFIED_PUBLISH_PATH|DORMANT|SINGLE_MAINTAINER,1,29396,v0.2.0
quilljs-markdown,1.2.0,19,F,UNVERIFIED_PUBLISH_PATH|DORMANT|SINGLE_MAINTAINER,1,29367,v0.2.0
vue-carousel,0.18.0,28,F,UNVERIFIED_PUBLISH_PATH|DORMANT,4,29325,v0.2.0
lethargy,1.0.9,19,F,UNVERIFIED_PUBLISH_PATH|DORMANT|SINGLE_MAINTAINER,1,29257,v0.2.0
smooth-scroll,16.1.3,19,F,UNVERIFIED_PUBLISH_PATH|DORMANT|SINGLE_MAINTAINER,1,29256,v0.2.0
handlebars-intl,1.1.2,33,F,UNVERIFIED_PUBLISH_PATH|DORMANT,4,29246,v0.2.0
vue-content-loader,2.0.1,19,F,UNVERIFIED_PUBLISH_PATH|DORMANT|SINGLE_MAINTAINER,1,29221,v0.2.0
zoomist,2.2.0,25,F,UNVERIFIED_PUBLISH_PATH|SINGLE_MAINTAINER,1,29208,v0.2.0
'@friendlycaptcha/sdk,1.0.2,73,B,SINGLE_MAINTAINER,1,29066,v0.2.0
'@open-iframe-resizer/core,2.4.0,63,C,INCONSISTENT_PUBLISH_PATH|SINGLE_MAINTAINER,1,29031,v0.2.0
the-new-css-reset,1.11.3,19,F,UNVERIFIED_PUBLISH_PATH|DORMANT|SINGLE_MAINTAINER,1,28975,v0.2.0
'@zerodevx/svelte-toast,0.9.6,19,F,UNVERIFIED_PUBLISH_PATH|DORMANT|SINGLE_MAINTAINER,1,28973,v0.2.0
material-components-web,14.0.0,33,F,UNVERIFIED_PUBLISH_PATH|DORMANT,14,28960,v0.2.0
smooth-scrollbar,8.8.4,19,F,UNVERIFIED_PUBLISH_PATH|DORMANT|SINGLE_MAINTAINER,1,28935,v0.2.0
player.js,0.1.0,33,F,UNVERIFIED_PUBLISH_PATH|DORMANT,2,28891,v0.2.0
'@revolist/revogrid,4.23.24,73,B,SINGLE_MAINTAINER,1,28801,v0.2.0
html-truncate,1.2.2,19,F,UNVERIFIED_PUBLISH_PATH|DORMANT|SINGLE_MAINTAINER,1,28769,v0.2.0
markerclustererplus,2.1.4,19,F,UNVERIFIED_PUBLISH_PATH|DORMANT|SINGLE_MAINTAINER,1,28648,v0.2.0
'@fontsource/pt-serif,5.3.0,81,B,,2,28597,v0.2.0
'@openui5/themelib_sap_fiori_3,1.150.0,34,F,UNVERIFIED_PUBLISH_PATH,2,28536,v0.2.0
survey-analytics,2.5.35,39,D,UNVERIFIED_PUBLISH_PATH,5,28536,v0.2.0
editorjs-html,4.0.5,15,F,UNVERIFIED_PUBLISH_PATH|DORMANT|SINGLE_MAINTAINER,1,28452,v0.2.0
places.js,1.19.0,23,F,UNVERIFIED_PUBLISH_PATH|DORMANT|PUBLISHER_NOT_MAINTAINER|DEPRECATED,77,28413,v0.2.0
'@dimforge/rapier2d-compat,0.19.3,25,F,UNVERIFIED_PUBLISH_PATH|SINGLE_MAINTAINER,1,28386,v0.2.0
'@swup/scripts-plugin,2.1.0,33,F,UNVERIFIED_PUBLISH_PATH|DORMANT,3,28272,v0.2.0
'@splidejs/splide-extension-auto-scroll,0.5.3,19,F,UNVERIFIED_PUBLISH_PATH|DORMANT|SINGLE_MAINTAINER,1,28242,v0.2.0
'@editorjs/simple-image,1.6.0,14,F,UNVERIFIED_PUBLISH_PATH|DORMANT|SINGLE_MAINTAINER,1,28039,v0.2.0
darkreader,4.9.128,31,F,UNVERIFIED_PUBLISH_PATH|SINGLE_MAINTAINER,1,27961,v0.2.0
'@37signals/lexxy,0.9.27,34,F,UNVERIFIED_PUBLISH_PATH,7,27884,v0.2.0
universal-parallax,1.3.2,19,F,UNVERIFIED_PUBLISH_PATH|DORMANT|SINGLE_MAINTAINER,1,27884,v0.2.0
appcenter-cli,3.0.4,46,D,UNVERIFIED_PUBLISH_PATH|DORMANT,2,27869,v0.2.0
'@iconify-json/bi,1.2.7,21,F,UNVERIFIED_PUBLISH_PATH|SINGLE_MAINTAINER,1,27865,v0.2.0
quill-better-table,1.2.10,19,F,UNVERIFIED_PUBLISH_PATH|DORMANT|SINGLE_MAINTAINER,1,27784,v0.2.0
filepond-plugin-file-poster,2.5.2,25,F,UNVERIFIED_PUBLISH_PATH|SINGLE_MAINTAINER,1,27526,v0.2.0
jquery-extendext,1.0.0,19,F,UNVERIFIED_PUBLISH_PATH|DORMANT|SINGLE_MAINTAINER,1,27517,v0.2.0
obs-websocket-js,5.0.8,87,A,,3,27474,v0.2.0
'@atomic-reactor/reactium-ui,0.3.6,28,F,UNVERIFIED_PUBLISH_PATH|DORMANT,2,27446,v0.2.0
number-format.js,2.0.9,19,F,UNVERIFIED_PUBLISH_PATH|DORMANT|SINGLE_MAINTAINER,1,27396,v0.2.0
dxf-viewer,1.0.48,25,F,UNVERIFIED_PUBLISH_PATH|SINGLE_MAINTAINER,1,27392,v0.2.0
minimasonry,1.3.2,19,F,UNVERIFIED_PUBLISH_PATH|DORMANT|SINGLE_MAINTAINER,1,27350,v0.2.0
leaflet-control-geocoder,4.0.0,39,D,UNVERIFIED_PUBLISH_PATH,2,27349,v0.2.0
'@fontsource/great-vibes,5.3.0,81,B,,2,27328,v0.2.0
grapesjs-parser-postcss,1.0.3,19,F,UNVERIFIED_PUBLISH_PATH|DORMANT|SINGLE_MAINTAINER,1,27060,v0.2.0
'@taiga-ui/kit,5.16.0,46,D,UNVERIFIED_PUBLISH_PATH,7,27033,v0.2.0
google-maps-utility-library-v3-infobox,1.1.14,19,F,UNVERIFIED_PUBLISH_PATH|DORMANT|SINGLE_MAINTAINER,1,26999,v0.2.0
'@pipecat-ai/daily-transport,1.6.8,77,B,INCONSISTENT_PUBLISH_PATH,7,26966,v0.2.0
'@wix/sdk,1.21.13,30,F,UNVERIFIED_PUBLISH_PATH,11,26948,v0.2.0
scichart,5.2.55,39,D,UNVERIFIED_PUBLISH_PATH,2,26940,v0.2.0
bootstrap-tagsinput,0.7.1,19,F,UNVERIFIED_PUBLISH_PATH|DORMANT|SINGLE_MAINTAINER,1,26936,v0.2.0
'@discordapp/twemoji,16.0.1,39,D,UNVERIFIED_PUBLISH_PATH,5,26932,v0.2.0
hoverintent,2.2.1,33,F,UNVERIFIED_PUBLISH_PATH|DORMANT,2,26788,v0.2.0
current-device,2.0.2,73,B,SINGLE_MAINTAINER,1,26765,v0.2.0
'@astral-sh/ruff-wasm-web,0.16.0,89,A,,3,26717,v0.2.0
stackdriver-errors-js,0.12.0,19,F,UNVERIFIED_PUBLISH_PATH|DORMANT|SINGLE_MAINTAINER,1,26701,v0.2.0
'@eonasdan/tempus-dominus,6.10.4,25,F,UNVERIFIED_PUBLISH_PATH|SINGLE_MAINTAINER,1,26694,v0.2.0
vanilla-text-mask,5.1.1,28,F,UNVERIFIED_PUBLISH_PATH|DORMANT,3,26693,v0.2.0
sm-crypto,0.5.3,31,F,UNVERIFIED_PUBLISH_PATH|SINGLE_MAINTAINER,1,26670,v0.2.0
pickadate,5.0.0-alpha.3,14,F,UNVERIFIED_PUBLISH_PATH|DORMANT|SINGLE_MAINTAINER,1,26633,v0.2.0
angular-chart.js,2.1.1,25,F,UNVERIFIED_PUBLISH_PATH|SINGLE_MAINTAINER,1,26562,v0.2.0
metismenujs,1.4.0,19,F,UNVERIFIED_PUBLISH_PATH|DORMANT|SINGLE_MAINTAINER,1,26487,v0.2.0
packery,3.0.0,25,F,UNVERIFIED_PUBLISH_PATH|SINGLE_MAINTAINER,1,26392,v0.2.0
poly-decomp,0.3.0,19,F,UNVERIFIED_PUBLISH_PATH|DORMANT|SINGLE_MAINTAINER,1,26353,v0.2.0
vue-infinite-scroll,2.0.2,33,F,UNVERIFIED_PUBLISH_PATH|DORMANT,3,26339,v0.2.0
leaflet-geometryutil,0.10.3,33,F,UNVERIFIED_PUBLISH_PATH|DORMANT,6,26317,v0.2.0
postscribe,2.0.8,46,D,UNVERIFIED_PUBLISH_PATH|DORMANT,5,26294,v0.2.0
'@iconify-json/hugeicons,1.2.31,21,F,UNVERIFIED_PUBLISH_PATH|SINGLE_MAINTAINER,1,26290,v0.2.0
quill-paste-smart,2.0.0,19,F,UNVERIFIED_PUBLISH_PATH|DORMANT|SINGLE_MAINTAINER,1,26279,v0.2.0
'@fontsource-variable/noto-sans-tc,5.3.0,81,B,,2,26251,v0.2.0
datatables.net-colreorder-bs4,3.0.0,25,F,UNVERIFIED_PUBLISH_PATH|SINGLE_MAINTAINER,1,26229,v0.2.0
'@fontsource/kanit,5.3.0,81,B,,2,26193,v0.2.0
angular-dynamic-locale,0.1.38,19,F,UNVERIFIED_PUBLISH_PATH|DORMANT|SINGLE_MAINTAINER,1,26189,v0.2.0
jsrender,1.2.0,34,F,UNVERIFIED_PUBLISH_PATH,2,26188,v0.2.0
angular-smart-table,2.1.11,19,F,UNVERIFIED_PUBLISH_PATH|DORMANT|SINGLE_MAINTAINER,1,26181,v0.2.0
'@iconify-json/fa6-regular,1.2.4,21,F,UNVERIFIED_PUBLISH_PATH|SINGLE_MAINTAINER,1,26173,v0.2.0
maz-ui,4.9.3,20,F,UNVERIFIED_PUBLISH_PATH|SINGLE_MAINTAINER,1,26137,v0.2.0
'@fontsource/press-start-2p,5.3.0,81,B,,2,26118,v0.2.0
hugerte,1.0.12,31,F,UNVERIFIED_PUBLISH_PATH|SINGLE_MAINTAINER,1,26116,v0.2.0
'@lit-labs/motion,1.1.0,90,A,,11,26102,v0.2.0
golden-layout,2.6.0,19,F,UNVERIFIED_PUBLISH_PATH|DORMANT|SINGLE_MAINTAINER,1,26079,v0.2.0
'@worldcoin/minikit-js,2.0.3,72,B,INCONSISTENT_PUBLISH_PATH,2,26072,v0.2.0
'@openobserve/browser-rum,0.4.1,46,D,UNVERIFIED_PUBLISH_PATH,4,26054,v0.2.0
'@taiga-ui/cdk,5.16.0,46,D,UNVERIFIED_PUBLISH_PATH,7,26035,v0.2.0
react-flagpack,2.0.6,28,F,UNVERIFIED_PUBLISH_PATH|DORMANT|PUBLISHER_NOT_MAINTAINER,4,26031,v0.2.0
'@fawazahmed0/currency-api,2026.7.25,63,C,SINGLE_MAINTAINER,1,25992,v0.2.0
pannellum,2.5.7,20,F,UNVERIFIED_PUBLISH_PATH|SINGLE_MAINTAINER,1,25951,v0.2.0
quill-image-resize-module,3.0.0,19,F,UNVERIFIED_PUBLISH_PATH|DORMANT|SINGLE_MAINTAINER,1,25913,v0.2.0
'@tailwindcss/custom-forms,0.2.1,33,F,UNVERIFIED_PUBLISH_PATH|DORMANT,3,25886,v0.2.0
'@iabtechlabtcf/core,1.5.21,34,F,UNVERIFIED_PUBLISH_PATH,2,25862,v0.2.0
xgplayer,3.0.26,77,B,INCONSISTENT_PUBLISH_PATH,10,25862,v0.2.0
'@alpinejs/sort,3.15.12,63,C,INCONSISTENT_PUBLISH_PATH|SINGLE_MAINTAINER,1,25822,v0.2.0
'@fontsource-variable/noto-serif,5.3.0,81,B,,2,25809,v0.2.0
'@zoom-image/core,0.42.0,20,F,UNVERIFIED_PUBLISH_PATH|SINGLE_MAINTAINER,1,25795,v0.2.0
'@wix/auto_sdk_identity_recovery,1.0.43,30,F,UNVERIFIED_PUBLISH_PATH,11,25785,v0.2.0
trumbowyg,2.31.0,25,F,UNVERIFIED_PUBLISH_PATH|SINGLE_MAINTAINER,1,25753,v0.2.0
'@fontsource/ubuntu-mono,5.3.0,81,B,,2,25669,v0.2.0
vue-js-toggle-button,1.3.3,19,F,UNVERIFIED_PUBLISH_PATH|DORMANT|SINGLE_MAINTAINER,1,25667,v0.2.0
datatables.net-keytable-bs4,3.0.0,25,F,UNVERIFIED_PUBLISH_PATH|SINGLE_MAINTAINER,1,25629,v0.2.0
ekko-lightbox,5.3.0,19,F,UNVERIFIED_PUBLISH_PATH|DORMANT|SINGLE_MAINTAINER,1,25606,v0.2.0
'@fontsource-variable/noto-sans-thai,5.3.0,81,B,,2,25600,v0.2.0
'@fontsource/rajdhani,5.3.0,81,B,,2,25574,v0.2.0
wordcloud,1.2.3,19,F,UNVERIFIED_PUBLISH_PATH|DORMANT|SINGLE_MAINTAINER,1,25566,v0.2.0
html-to-md,0.8.8,25,F,UNVERIFIED_PUBLISH_PATH|SINGLE_MAINTAINER,1,25563,v0.2.0
'@fontsource/tajawal,5.3.0,81,B,,2,25516,v0.2.0
simple-keyboard-layouts,3.4.243,73,B,SINGLE_MAINTAINER,1,25437,v0.2.0
computer-modern,0.1.3,19,F,UNVERIFIED_PUBLISH_PATH|DORMANT|SINGLE_MAINTAINER,1,25436,v0.2.0
'@visactor/vtable,1.26.5,77,B,INCONSISTENT_PUBLISH_PATH,16,25383,v0.2.0
easy-pie-chart,3.2.0,25,F,UNVERIFIED_PUBLISH_PATH|SINGLE_MAINTAINER,1,25378,v0.2.0
'@alifd/next,1.27.34,39,D,UNVERIFIED_PUBLISH_PATH,8,25324,v0.2.0
react-base-table,2.1.0,34,F,UNVERIFIED_PUBLISH_PATH,2,25319,v0.2.0
'@iconify-json/circle-flags,1.2.10,21,F,UNVERIFIED_PUBLISH_PATH|SINGLE_MAINTAINER,1,25315,v0.2.0
codice-fiscale-js,2.3.23,25,F,UNVERIFIED_PUBLISH_PATH|SINGLE_MAINTAINER,1,25292,v0.2.0
'@namnode/store,0.1.0,14,F,UNVERIFIED_PUBLISH_PATH|DORMANT|SINGLE_MAINTAINER,1,25279,v0.2.0
ng-idle,1.3.2,19,F,UNVERIFIED_PUBLISH_PATH|DORMANT|SINGLE_MAINTAINER,1,25278,v0.2.0
shufflejs,7.0.0,25,F,UNVERIFIED_PUBLISH_PATH|SINGLE_MAINTAINER,1,25221,v0.2.0
echarts-liquidfill,3.1.0,33,F,UNVERIFIED_PUBLISH_PATH|DORMANT,2,25205,v0.2.0
'@subframe/core,1.155.0,35,D,UNVERIFIED_PUBLISH_PATH,2,25160,v0.2.0
wavedrom,3.6.2,25,F,UNVERIFIED_PUBLISH_PATH|SINGLE_MAINTAINER,1,25157,v0.2.0
'@fontsource/schibsted-grotesk,5.3.0,81,B,,2,25147,v0.2.0
baron,3.0.3,19,F,UNVERIFIED_PUBLISH_PATH|DORMANT|SINGLE_MAINTAINER,1,25129,v0.2.0
quill-table-better,1.2.3,25,F,UNVERIFIED_PUBLISH_PATH|SINGLE_MAINTAINER,1,25060,v0.2.0
vuejs-paginate,2.1.0,19,F,UNVERIFIED_PUBLISH_PATH|DORMANT|SINGLE_MAINTAINER,1,25054,v0.2.0
prism-code-editor,5.2.0,25,F,UNVERIFIED_PUBLISH_PATH|SINGLE_MAINTAINER,1,25036,v0.2.0
rsshub,1.0.0-master.0294ce9,74,B,SINGLE_MAINTAINER,1,25025,v0.2.0
'@wix/wix-ui-icons-common,3.186.0,30,F,UNVERIFIED_PUBLISH_PATH,11,25021,v0.2.0
pretty-print-json,3.0.8,25,F,UNVERIFIED_PUBLISH_PATH|SINGLE_MAINTAINER,1,25000,v0.2.0
iscroll,5.2.0,14,F,UNVERIFIED_PUBLISH_PATH|DORMANT|SINGLE_MAINTAINER|PUBLISHER_NOT_MAINTAINER|DEPRECATED,1,24994,v0.2.0
dojo,1.17.3,33,F,UNVERIFIED_PUBLISH_PATH|DORMANT,3,24939,v0.2.0
'@hotwired/hotwire-native-bridge,1.2.2,39,D,UNVERIFIED_PUBLISH_PATH,6,24932,v0.2.0
'@taiga-ui/core,5.16.0,46,D,UNVERIFIED_PUBLISH_PATH,7,24932,v0.2.0
destyle.css,4.0.1,19,F,UNVERIFIED_PUBLISH_PATH|DORMANT|SINGLE_MAINTAINER,1,24897,v0.2.0
bootstrap-timepicker,0.5.2,19,F,UNVERIFIED_PUBLISH_PATH|DORMANT|SINGLE_MAINTAINER,1,24864,v0.2.0
'@fontsource-variable/eb-garamond,5.3.0,81,B,,2,24814,v0.2.0
compress.js,2.1.2,19,F,UNVERIFIED_PUBLISH_PATH|DORMANT|SINGLE_MAINTAINER,1,24792,v0.2.0
'@tensorflow-models/pose-detection,2.1.3,33,F,UNVERIFIED_PUBLISH_PATH|DORMANT,8,24712,v0.2.0
'@fontsource/be-vietnam-pro,5.3.0,81,B,,2,24708,v0.2.0
iztro,2.5.8,26,F,UNVERIFIED_PUBLISH_PATH|SINGLE_MAINTAINER,1,24692,v0.2.0
leaflet-editable,1.3.2,25,F,UNVERIFIED_PUBLISH_PATH|SINGLE_MAINTAINER,1,24673,v0.2.0
select2-bootstrap-5-theme,1.3.0,19,F,UNVERIFIED_PUBLISH_PATH|DORMANT|SINGLE_MAINTAINER,1,24635,v0.2.0
scrollbooster,3.0.2,19,F,UNVERIFIED_PUBLISH_PATH|DORMANT|SINGLE_MAINTAINER,1,24604,v0.2.0
'@wix/essentials,1.0.11,30,F,UNVERIFIED_PUBLISH_PATH,11,24583,v0.2.0
videojs-playlist,5.2.0,28,F,UNVERIFIED_PUBLISH_PATH|DORMANT|PUBLISHER_NOT_MAINTAINER,101,24554,v0.2.0
'@fontsource-variable/merriweather,5.3.0,81,B,,2,24551,v0.2.0
jvectormap-next,3.2.0,25,F,UNVERIFIED_PUBLISH_PATH|SINGLE_MAINTAINER,1,24523,v0.2.0
'@alfalab/core-components,50.23.0,35,D,UNVERIFIED_PUBLISH_PATH,15,24514,v0.2.0
egoroof-blowfish,4.0.3,73,B,SINGLE_MAINTAINER,1,24503,v0.2.0
'@fontsource/cairo,5.3.0,81,B,,2,24481,v0.2.0
shave,5.1.0,32,F,UNVERIFIED_PUBLISH_PATH|SINGLE_MAINTAINER,1,24271,v0.2.0
'@gradio/client,2.3.1,74,B,SINGLE_MAINTAINER,1,24208,v0.2.0
'@inlang/plugin-m-function-matcher,2.2.9,82,B,,2,24196,v0.2.0
'@vicons/ionicons5,0.13.0,15,F,UNVERIFIED_PUBLISH_PATH|DORMANT|SINGLE_MAINTAINER,1,24186,v0.2.0
angular-strap,2.3.12,33,F,UNVERIFIED_PUBLISH_PATH|DORMANT,2,24042,v0.2.0
webstomp-client,1.2.6,19,F,UNVERIFIED_PUBLISH_PATH|DORMANT|SINGLE_MAINTAINER,1,24034,v0.2.0
esptool-js,0.6.0,87,A,,2,24028,v0.2.0
polotno,4.5.0,21,F,UNVERIFIED_PUBLISH_PATH|SINGLE_MAINTAINER,1,23927,v0.2.0
'@fontsource/onest,5.3.0,81,B,,2,23921,v0.2.0
jquery-knob,1.2.11,19,F,UNVERIFIED_PUBLISH_PATH|DORMANT|SINGLE_MAINTAINER,1,23911,v0.2.0
jquery-mockjax,3.0.1,25,F,UNVERIFIED_PUBLISH_PATH|SINGLE_MAINTAINER,1,23875,v0.2.0
'@contentauth/c2pa-web,0.13.0,72,B,INCONSISTENT_PUBLISH_PATH|BRANCH_REQUIRES_PR,5,23851,v0.2.0
simple-datatables,10.2.0,25,F,UNVERIFIED_PUBLISH_PATH|SINGLE_MAINTAINER,1,23846,v0.2.0
vditor,3.11.2,25,F,UNVERIFIED_PUBLISH_PATH|SINGLE_MAINTAINER,1,23792,v0.2.0
ngl,2.4.0,33,F,UNVERIFIED_PUBLISH_PATH|DORMANT,4,23718,v0.2.0
oh-my-opencode,4.19.1,63,C,INCONSISTENT_PUBLISH_PATH|SINGLE_MAINTAINER,1,23703,v0.2.0
wangeditor,4.7.15,19,F,UNVERIFIED_PUBLISH_PATH|DORMANT|SINGLE_MAINTAINER,1,23698,v0.2.0
deep-chat,2.5.0,25,F,UNVERIFIED_PUBLISH_PATH|SINGLE_MAINTAINER,1,23672,v0.2.0
fullcalendar-scheduler,7.0.2,20,F,UNVERIFIED_PUBLISH_PATH|SINGLE_MAINTAINER,1,23652,v0.2.0
'@fontsource/noto-serif-jp,5.3.0,81,B,,2,23625,v0.2.0
'@fontsource/opendyslexic,5.3.0,81,B,,2,23596,v0.2.0
'@fontsource/lexend,5.3.0,81,B,,2,23574,v0.2.0
node-waves,0.7.6,19,F,UNVERIFIED_PUBLISH_PATH|DORMANT|SINGLE_MAINTAINER,1,23436,v0.2.0
'@fontsource/chakra-petch,5.3.0,81,B,,2,23430,v0.2.0
'@mlightcad/libredwg-web,0.7.9,64,C,INCONSISTENT_PUBLISH_PATH|SINGLE_MAINTAINER,1,23428,v0.2.0
jsgrid,1.5.3,19,F,UNVERIFIED_PUBLISH_PATH|DORMANT|SINGLE_MAINTAINER,1,23412,v0.2.0
bitmovin-player-ui,4.17.0,25,F,UNVERIFIED_PUBLISH_PATH|SINGLE_MAINTAINER,1,23401,v0.2.0
eva-icons,1.1.3,9,F,UNVERIFIED_PUBLISH_PATH|DORMANT,0,23389,v0.2.0
webtorrent,3.0.16,87,A,,10,23377,v0.2.0
'@carbon/pictograms,12.80.0,100,A,,7,23370,v0.2.0
'@iconify-json/bx,1.2.3,21,F,UNVERIFIED_PUBLISH_PATH|SINGLE_MAINTAINER,1,23357,v0.2.0
jquery-mapael,2.2.0,19,F,UNVERIFIED_PUBLISH_PATH|DORMANT|SINGLE_MAINTAINER,1,23267,v0.2.0
quill-image-uploader,1.3.0,19,F,UNVERIFIED_PUBLISH_PATH|DORMANT|SINGLE_MAINTAINER,1,23267,v0.2.0
'@adobe/magento-storefront-events-sdk,1.17.0,34,F,UNVERIFIED_PUBLISH_PATH,31,23262,v0.2.0
hanzi-writer-data,2.0.1,19,F,UNVERIFIED_PUBLISH_PATH|DORMANT|SINGLE_MAINTAINER,1,23255,v0.2.0
'@iframe-resizer/jquery,5.5.9,31,F,UNVERIFIED_PUBLISH_PATH|SINGLE_MAINTAINER,1,23232,v0.2.0
shortcut-buttons-flatpickr,0.4.0,19,F,UNVERIFIED_PUBLISH_PATH|DORMANT|SINGLE_MAINTAINER,1,23220,v0.2.0
wc-datepicker,0.13.0,25,F,UNVERIFIED_PUBLISH_PATH|SINGLE_MAINTAINER,1,23217,v0.2.0
'@iconify-json/fa7-solid,1.2.5,21,F,UNVERIFIED_PUBLISH_PATH|SINGLE_MAINTAINER,1,23215,v0.2.0
htl,1.0.0,73,B,SINGLE_MAINTAINER,1,23206,v0.2.0
'@snowplow/browser-plugin-performance-navigation-timing,4.9.0,39,D,UNVERIFIED_PUBLISH_PATH,3,23202,v0.2.0
adhan,4.4.4,87,A,,2,23154,v0.2.0
vue-social-sharing,3.0.9,19,F,UNVERIFIED_PUBLISH_PATH|DORMANT|SINGLE_MAINTAINER,1,23147,v0.2.0
icheck-bootstrap,3.0.1,19,F,UNVERIFIED_PUBLISH_PATH|DORMANT|SINGLE_MAINTAINER,1,23132,v0.2.0
disable-devtool,0.3.9,25,F,UNVERIFIED_PUBLISH_PATH|SINGLE_MAINTAINER,1,23115,v0.2.0
grapesjs-plugin-export,1.0.12,19,F,UNVERIFIED_PUBLISH_PATH|DORMANT|SINGLE_MAINTAINER,1,23108,v0.2.0
cryptocurrency-icons,0.18.1,33,F,UNVERIFIED_PUBLISH_PATH|DORMANT,3,23083,v0.2.0
'@react-spectrum/icon,3.9.1,39,D,UNVERIFIED_PUBLISH_PATH,2,23077,v0.2.0
devexpress-richedit,26.1.3,30,F,UNVERIFIED_PUBLISH_PATH,3,23073,v0.2.0
'@editorjs/warning,1.4.1,14,F,UNVERIFIED_PUBLISH_PATH|DORMANT|SINGLE_MAINTAINER,1,22985,v0.2.0
observe-element-in-viewport,0.0.15,19,F,UNVERIFIED_PUBLISH_PATH|DORMANT|SINGLE_MAINTAINER,1,22985,v0.2.0
theoplayer,11.7.0,30,F,UNVERIFIED_PUBLISH_PATH|PUBLISHER_NOT_MAINTAINER,2,22973,v0.2.0
'@carbon/web-components,2.59.0,100,A,,7,22952,v0.2.0
js-datepicker,5.18.4,20,F,UNVERIFIED_PUBLISH_PATH|SINGLE_MAINTAINER,1,22952,v0.2.0
'@loaders.gl/i3s,4.4.3,39,D,UNVERIFIED_PUBLISH_PATH,8,22798,v0.2.0
jmuxer,2.1.1,39,D,UNVERIFIED_PUBLISH_PATH,2,22781,v0.2.0
'@wix/services-definitions,1.0.5,30,F,UNVERIFIED_PUBLISH_PATH,11,22738,v0.2.0
devextreme-dist,26.1.3,33,F,UNVERIFIED_PUBLISH_PATH|SINGLE_MAINTAINER,1,22719,v0.2.0
'@yume-chan/adb,2.6.0,68,C,SINGLE_MAINTAINER,1,22681,v0.2.0
devextreme-vue,26.1.3,47,D,UNVERIFIED_PUBLISH_PATH,4,22659,v0.2.0
'@finos/perspective,3.8.0,35,D,UNVERIFIED_PUBLISH_PATH|PUBLISHER_NOT_MAINTAINER,2,22645,v0.2.0
jsprintmanager,9.0.1,20,F,UNVERIFIED_PUBLISH_PATH|SINGLE_MAINTAINER,1,22602,v0.2.0
'@fullcalendar/icalendar,7.0.2,20,F,UNVERIFIED_PUBLISH_PATH|SINGLE_MAINTAINER,1,22578,v0.2.0
jquery.fancytree,2.38.5,32,F,UNVERIFIED_PUBLISH_PATH|SINGLE_MAINTAINER,1,22553,v0.2.0
vue-fragment,1.6.0,19,F,UNVERIFIED_PUBLISH_PATH|DORMANT|SINGLE_MAINTAINER,1,22534,v0.2.0
editorjs-drag-drop,1.1.16,39,D,UNVERIFIED_PUBLISH_PATH|DORMANT,2,22483,v0.2.0
open-props,1.7.23,25,F,UNVERIFIED_PUBLISH_PATH|SINGLE_MAINTAINER,1,22443,v0.2.0
emailjs-com,3.2.0,14,F,UNVERIFIED_PUBLISH_PATH|DORMANT|SINGLE_MAINTAINER|PUBLISHER_NOT_MAINTAINER|DEPRECATED,1,22328,v0.2.0
angularjs-slider,7.1.0,19,F,UNVERIFIED_PUBLISH_PATH|DORMANT|SINGLE_MAINTAINER,1,22250,v0.2.0
money,0.2.0,14,F,UNVERIFIED_PUBLISH_PATH|DORMANT|SINGLE_MAINTAINER|PUBLISHER_NOT_MAINTAINER,1,22241,v0.2.0
'@iconify-json/uil,1.2.3,15,F,UNVERIFIED_PUBLISH_PATH|DORMANT|SINGLE_MAINTAINER,1,22176,v0.2.0
'@mediapipe/hands,0.4.1675469240,24,F,UNVERIFIED_PUBLISH_PATH|DORMANT,8,22169,v0.2.0
klaro,0.7.21,19,F,UNVERIFIED_PUBLISH_PATH|DORMANT|SINGLE_MAINTAINER,1,22154,v0.2.0
'@fontsource/fredoka,5.3.0,81,B,,2,22109,v0.2.0
opensheetmusicdisplay,2.1.0,39,D,UNVERIFIED_PUBLISH_PATH,2,22107,v0.2.0
zipson,0.2.12,19,F,UNVERIFIED_PUBLISH_PATH|DORMANT|SINGLE_MAINTAINER,1,22099,v0.2.0
onmount,2.0.0,20,F,UNVERIFIED_PUBLISH_PATH|SINGLE_MAINTAINER,1,21987,v0.2.0
cobrowse-sdk-js,3.25.8,39,D,UNVERIFIED_PUBLISH_PATH,2,21969,v0.2.0
express-serve-static-core,0.1.1,10,F,UNVERIFIED_PUBLISH_PATH|DORMANT|SINGLE_MAINTAINER,1,21966,v0.2.0
rellax,1.12.1,19,F,UNVERIFIED_PUBLISH_PATH|DORMANT|SINGLE_MAINTAINER,1,21859,v0.2.0
emojione,4.5.0,14,F,UNVERIFIED_PUBLISH_PATH|DORMANT|SINGLE_MAINTAINER|PUBLISHER_NOT_MAINTAINER,1,21856,v0.2.0
kuroshiro,1.2.0,19,F,UNVERIFIED_PUBLISH_PATH|DORMANT|SINGLE_MAINTAINER,1,21793,v0.2.0
cometd,9.0.1,25,F,UNVERIFIED_PUBLISH_PATH|SINGLE_MAINTAINER,1,21773,v0.2.0
moment-precise-range-plugin,1.3.0,19,F,UNVERIFIED_PUBLISH_PATH|DORMANT|SINGLE_MAINTAINER,1,21755,v0.2.0
bootstrap4-duallistbox,4.0.2,19,F,UNVERIFIED_PUBLISH_PATH|DORMANT|SINGLE_MAINTAINER,1,21667,v0.2.0
kuroshiro-analyzer-kuromoji,1.1.0,19,F,UNVERIFIED_PUBLISH_PATH|DORMANT|SINGLE_MAINTAINER,1,21597,v0.2.0
'@dotlottie/player-component,2.7.12,28,F,UNVERIFIED_PUBLISH_PATH|DORMANT|DEPRECATED,2,21550,v0.2.0
chartjs-plugin-dragdata,2.3.1,33,F,UNVERIFIED_PUBLISH_PATH|DORMANT,2,21549,v0.2.0
'@fullcalendar/google-calendar,7.0.2,20,F,UNVERIFIED_PUBLISH_PATH|SINGLE_MAINTAINER,1,21548,v0.2.0
react-native-ui-lib,9.1.0,39,D,UNVERIFIED_PUBLISH_PATH,6,21525,v0.2.0
particles.js,2.0.0,19,F,UNVERIFIED_PUBLISH_PATH|DORMANT|SINGLE_MAINTAINER,1,21508,v0.2.0
'@flaticon/flaticon-uicons,3.3.1,19,F,UNVERIFIED_PUBLISH_PATH|DORMANT|SINGLE_MAINTAINER|BRANCH_REQUIRES_PR,1,21499,v0.2.0
leaflet.vectorgrid,1.3.0,33,F,UNVERIFIED_PUBLISH_PATH|DORMANT,3,21489,v0.2.0
glider-js,1.7.10,25,F,UNVERIFIED_PUBLISH_PATH|SINGLE_MAINTAINER,1,21459,v0.2.0
smarthr-ui,98.1.1,79,B,INCONSISTENT_PUBLISH_PATH,25,21435,v0.2.0
'@wix/auto_sdk_members_members,1.0.128,30,F,UNVERIFIED_PUBLISH_PATH,11,21413,v0.2.0
'@wix/auto_sdk_members_members-about,1.0.72,30,F,UNVERIFIED_PUBLISH_PATH,11,21408,v0.2.0
'@snowplow/browser-plugin-media,4.9.0,39,D,UNVERIFIED_PUBLISH_PATH,3,21394,v0.2.0
epic-spinners,2.0.0,19,F,UNVERIFIED_PUBLISH_PATH|DORMANT|SINGLE_MAINTAINER,1,21387,v0.2.0
tooltipster,4.2.8,9,F,UNVERIFIED_PUBLISH_PATH|DORMANT|SINGLE_MAINTAINER|PUBLISHER_NOT_MAINTAINER,1,21361,v0.2.0
'@fontsource/titillium-web,5.3.0,81,B,,2,21360,v0.2.0
jquery-countdown,2.2.0,33,F,UNVERIFIED_PUBLISH_PATH|DORMANT,2,21355,v0.2.0
'@wix/auto_sdk_members_member-privacy-settings,1.0.56,30,F,UNVERIFIED_PUBLISH_PATH,11,21346,v0.2.0
fomantic-ui,2.9.4,50,C,UNVERIFIED_PUBLISH_PATH,3,21339,v0.2.0
'@adobe/lit-mobx,2.2.2,33,F,UNVERIFIED_PUBLISH_PATH|DORMANT,31,21335,v0.2.0
'@expo-google-fonts/rubik,0.4.2,39,D,UNVERIFIED_PUBLISH_PATH,4,21321,v0.2.0
'@wix/auto_sdk_members_user-member,1.0.53,30,F,UNVERIFIED_PUBLISH_PATH,11,21282,v0.2.0
'@wix/auto_sdk_members_custom-fields,1.0.55,30,F,UNVERIFIED_PUBLISH_PATH,11,21280,v0.2.0
'@wix/auto_sdk_members_authentication,1.0.44,30,F,UNVERIFIED_PUBLISH_PATH,11,21241,v0.2.0
'@wix/auto_sdk_members_badges,1.0.52,30,F,UNVERIFIED_PUBLISH_PATH,11,21217,v0.2.0
'@wix/auto_sdk_members_custom-field-suggestions,1.0.39,30,F,UNVERIFIED_PUBLISH_PATH,11,21214,v0.2.0
'@wix/auto_sdk_members_custom-field-applications,1.0.40,30,F,UNVERIFIED_PUBLISH_PATH,11,21210,v0.2.0
'@wix/auto_sdk_members_member-role-definition,1.0.45,30,F,UNVERIFIED_PUBLISH_PATH,11,21208,v0.2.0
'@wix/auto_sdk_members_member-report,1.0.48,30,F,UNVERIFIED_PUBLISH_PATH,11,21207,v0.2.0
'@google/markerclustererplus,5.1.3,14,F,UNVERIFIED_PUBLISH_PATH|DORMANT|SINGLE_MAINTAINER|DEPRECATED,1,21186,v0.2.0
'@wix/auto_sdk_members_authorization,1.0.35,30,F,UNVERIFIED_PUBLISH_PATH,11,21184,v0.2.0
'@wix/auto_sdk_members_default-privacy,1.0.33,30,F,UNVERIFIED_PUBLISH_PATH,11,21184,v0.2.0
'@wix/auto_sdk_members_member-followers,1.0.43,30,F,UNVERIFIED_PUBLISH_PATH,11,21165,v0.2.0
offline-js,0.7.19,33,F,UNVERIFIED_PUBLISH_PATH|DORMANT,10,21161,v0.2.0
'@wix/auto_sdk_members_member-to-member-block,1.0.34,30,F,UNVERIFIED_PUBLISH_PATH,11,21159,v0.2.0
'@microsoft/fast-components,2.30.6,46,D,UNVERIFIED_PUBLISH_PATH|DORMANT|DEPRECATED,8,21131,v0.2.0
'@cap.js/widget,0.1.56,20,F,UNVERIFIED_PUBLISH_PATH|SINGLE_MAINTAINER|BRANCH_REQUIRES_SIGNATURES|BRANCH_REQUIRES_PR,1,21060,v0.2.0
'@wix/auto_sdk_members_badges-v-2,1.0.36,30,F,UNVERIFIED_PUBLISH_PATH,11,21034,v0.2.0
'@wix/auto_sdk_members_badge-assignments,1.0.29,30,F,UNVERIFIED_PUBLISH_PATH,11,21023,v0.2.0
easyqrcodejs,4.6.2,25,F,UNVERIFIED_PUBLISH_PATH|SINGLE_MAINTAINER,1,21019,v0.2.0
detect-autofill,1.1.4,19,F,UNVERIFIED_PUBLISH_PATH|DORMANT|SINGLE_MAINTAINER,1,20985,v0.2.0
'@iconify-json/fa7-brands,1.2.4,21,F,UNVERIFIED_PUBLISH_PATH|SINGLE_MAINTAINER,1,20963,v0.2.0
'@wix/headless-ecom,0.0.45,30,F,UNVERIFIED_PUBLISH_PATH,11,20927,v0.2.0
'@fontsource/noto-serif,5.3.0,81,B,,2,20918,v0.2.0
'@wix/ricos,11.6.6,30,F,UNVERIFIED_PUBLISH_PATH,11,20883,v0.2.0
'@tensorflow-models/mobilenet,2.1.1,33,F,UNVERIFIED_PUBLISH_PATH|DORMANT,10,20827,v0.2.0
cytoscape-elk,2.3.0,33,F,UNVERIFIED_PUBLISH_PATH|DORMANT,2,20772,v0.2.0
datatables.net-fixedcolumns-dt,6.0.0,25,F,UNVERIFIED_PUBLISH_PATH|SINGLE_MAINTAINER,1,20759,v0.2.0
ngstorage,0.3.11,19,F,UNVERIFIED_PUBLISH_PATH|DORMANT|SINGLE_MAINTAINER,1,20723,v0.2.0
featurebase-js,1.0.3,39,D,UNVERIFIED_PUBLISH_PATH,2,20690,v0.2.0
'@alpinejs/anchor,3.15.12,63,C,INCONSISTENT_PUBLISH_PATH|SINGLE_MAINTAINER,1,20679,v0.2.0
mediaelement,7.1.0,39,D,UNVERIFIED_PUBLISH_PATH,4,20602,v0.2.0
'@fontsource/noto-color-emoji,5.3.0,81,B,,2,20592,v0.2.0
devexpress-dashboard,26.1.3,30,F,UNVERIFIED_PUBLISH_PATH,2,20580,v0.2.0
'@segment/analytics-consent-wrapper-onetrust,1.1.3,46,D,UNVERIFIED_PUBLISH_PATH|BRANCH_REQUIRES_PR,3,20575,v0.2.0
jasny-bootstrap,4.0.0,19,F,UNVERIFIED_PUBLISH_PATH|DORMANT|SINGLE_MAINTAINER,1,20529,v0.2.0
'@aurodesignsystem/design-tokens,9.3.1,46,D,UNVERIFIED_PUBLISH_PATH,8,20391,v0.2.0
videojs-contrib-hls,5.15.0,33,F,UNVERIFIED_PUBLISH_PATH|DORMANT,21,20370,v0.2.0
'@material-symbols/svg-500,0.45.9,73,B,SINGLE_MAINTAINER,1,20343,v0.2.0
pinch-zoom-js,2.3.5,19,F,UNVERIFIED_PUBLISH_PATH|DORMANT|SINGLE_MAINTAINER,1,20315,v0.2.0
'@bitgo-forks/cryptocurrency-icons,0.135.1,25,F,UNVERIFIED_PUBLISH_PATH|SINGLE_MAINTAINER,1,20215,v0.2.0
'@flatfile/javascript,1.5.7,35,D,UNVERIFIED_PUBLISH_PATH,12,20187,v0.2.0
igv,3.8.4,25,F,UNVERIFIED_PUBLISH_PATH|SINGLE_MAINTAINER,1,20173,v0.2.0
angular-ui-tree,2.22.6,33,F,UNVERIFIED_PUBLISH_PATH|DORMANT,3,20171,v0.2.0
jspreadsheet,12.8.8,21,F,UNVERIFIED_PUBLISH_PATH|SINGLE_MAINTAINER,1,20150,v0.2.0
vue2-perfect-scrollbar,1.5.56,19,F,UNVERIFIED_PUBLISH_PATH|DORMANT|SINGLE_MAINTAINER,1,20072,v0.2.0
'@iconify-json/heroicons-outline,1.2.1,15,F,UNVERIFIED_PUBLISH_PATH|DORMANT|SINGLE_MAINTAINER,1,20051,v0.2.0
latlon-geohash,2.0.0,14,F,UNVERIFIED_PUBLISH_PATH|DORMANT|SINGLE_MAINTAINER,1,20037,v0.2.0
elasticlunr,0.9.5,19,F,UNVERIFIED_PUBLISH_PATH|DORMANT|SINGLE_MAINTAINER,1,19998,v0.2.0
'@wix/auto_sdk_ecom_current-cart,1.0.180,30,F,UNVERIFIED_PUBLISH_PATH,11,19997,v0.2.0
'@twemoji/svg,15.0.0,33,F,UNVERIFIED_PUBLISH_PATH|DORMANT,2,19962,v0.2.0
alertifyjs,1.14.0,19,F,UNVERIFIED_PUBLISH_PATH|DORMANT|SINGLE_MAINTAINER,1,19891,v0.2.0
drawflow,0.0.60,19,F,UNVERIFIED_PUBLISH_PATH|DORMANT|SINGLE_MAINTAINER,1,19881,v0.2.0
quill-image-compress,2.0.3,19,F,UNVERIFIED_PUBLISH_PATH|DORMANT|SINGLE_MAINTAINER,1,19856,v0.2.0
'@lskjs/dashboard,2.9.0,33,F,UNVERIFIED_PUBLISH_PATH|DORMANT,12,19783,v0.2.0
'@iconify-json/heroicons-solid,1.2.1,15,F,UNVERIFIED_PUBLISH_PATH|DORMANT|SINGLE_MAINTAINER,1,19707,v0.2.0
jquery-colorbox,1.6.4,19,F,UNVERIFIED_PUBLISH_PATH|DORMANT|SINGLE_MAINTAINER,1,19630,v0.2.0
'@vonage/client-sdk,2.6.1,35,D,UNVERIFIED_PUBLISH_PATH,69,19558,v0.2.0
tdesign-icons-vue-next,0.4.7,58,C,INCONSISTENT_PUBLISH_PATH|SINGLE_MAINTAINER,1,19541,v0.2.0
'@easepick/datetime,1.2.1,19,F,UNVERIFIED_PUBLISH_PATH|DORMANT|SINGLE_MAINTAINER,1,19521,v0.2.0
chartjs-plugin-labels,1.1.0,19,F,UNVERIFIED_PUBLISH_PATH|DORMANT|SINGLE_MAINTAINER,1,19438,v0.2.0
dynamsoft-camera-enhancer,4.1.1,10,F,UNVERIFIED_PUBLISH_PATH|DORMANT|SINGLE_MAINTAINER|DEPRECATED,1,19427,v0.2.0
placeholder-loading,0.7.0,19,F,UNVERIFIED_PUBLISH_PATH|DORMANT|SINGLE_MAINTAINER,1,19418,v0.2.0
'@videojs/themes,1.0.1,24,F,UNVERIFIED_PUBLISH_PATH|DORMANT,17,19387,v0.2.0
jquery-match-height,0.7.2,19,F,UNVERIFIED_PUBLISH_PATH|DORMANT|SINGLE_MAINTAINER,1,19355,v0.2.0
'@enzedonline/quill-blot-formatter2,3.2.0,25,F,UNVERIFIED_PUBLISH_PATH|SINGLE_MAINTAINER,1,19347,v0.2.0
'@editorjs/attaches,1.3.2,20,F,UNVERIFIED_PUBLISH_PATH|SINGLE_MAINTAINER,1,19333,v0.2.0
'@videojs/html,10.0.0-beta.25,82,B,BRANCH_REQUIRES_PR,22,19329,v0.2.0
lemonadejs,5.3.6,25,F,UNVERIFIED_PUBLISH_PATH|SINGLE_MAINTAINER,1,19285,v0.2.0
flexboxgrid2,7.2.1,19,F,UNVERIFIED_PUBLISH_PATH|DORMANT|SINGLE_MAINTAINER,1,19256,v0.2.0
'@fontsource/heebo,5.3.0,81,B,,2,19227,v0.2.0
vue2-filters,0.14.0,19,F,UNVERIFIED_PUBLISH_PATH|DORMANT|SINGLE_MAINTAINER,1,19227,v0.2.0
'@multiavatar/multiavatar,1.0.7,19,F,UNVERIFIED_PUBLISH_PATH|DORMANT|SINGLE_MAINTAINER,1,19200,v0.2.0
vue-slick-carousel,1.0.6,19,F,UNVERIFIED_PUBLISH_PATH|DORMANT|SINGLE_MAINTAINER,1,19194,v0.2.0
'@fontsource/pacifico,5.3.0,81,B,,2,19192,v0.2.0
'@finos/perspective-viewer,3.8.0,35,D,UNVERIFIED_PUBLISH_PATH|PUBLISHER_NOT_MAINTAINER,2,19173,v0.2.0
'@c8y/ngx-components,1024.5.1,16,F,UNVERIFIED_PUBLISH_PATH|SINGLE_MAINTAINER,1,19169,v0.2.0
argon2-browser,1.18.0,19,F,UNVERIFIED_PUBLISH_PATH|DORMANT|SINGLE_MAINTAINER,1,19167,v0.2.0
'@fontsource-variable/onest,5.3.0,81,B,,2,19106,v0.2.0
'@shopify/app-bridge-utils,3.5.1,33,F,UNVERIFIED_PUBLISH_PATH|DORMANT|DEPRECATED,6,19049,v0.2.0
jquery.maskedinput,1.4.1,14,F,UNVERIFIED_PUBLISH_PATH|DORMANT|SINGLE_MAINTAINER|PUBLISHER_NOT_MAINTAINER,1,19039,v0.2.0
'@clr/icons,13.0.2,23,F,UNVERIFIED_PUBLISH_PATH|DORMANT|PUBLISHER_NOT_MAINTAINER,4,19005,v0.2.0
extenso,2.1.0,19,F,UNVERIFIED_PUBLISH_PATH|DORMANT|SINGLE_MAINTAINER,1,19004,v0.2.0
'@segment/analytics-signals,2.4.4,30,F,UNVERIFIED_PUBLISH_PATH|PUBLISHER_NOT_MAINTAINER,3,18953,v0.2.0
'@fontsource-variable/libre-franklin,5.3.0,81,B,,2,18940,v0.2.0
'@fontsource-variable/rethink-sans,5.3.0,81,B,,2,18914,v0.2.0
'@nativescript/core,9.0.20,77,B,INCONSISTENT_PUBLISH_PATH,2,18913,v0.2.0
vue-autosuggest,2.2.0,19,F,UNVERIFIED_PUBLISH_PATH|DORMANT|SINGLE_MAINTAINER,1,18890,v0.2.0
artplayer,5.4.0,25,F,UNVERIFIED_PUBLISH_PATH|SINGLE_MAINTAINER,1,18865,v0.2.0
'@deriv/quill-icons,2.10.0,39,D,UNVERIFIED_PUBLISH_PATH,2,18852,v0.2.0
jvectormap,2.0.4,15,F,UNVERIFIED_PUBLISH_PATH|DORMANT|SINGLE_MAINTAINER|DEPRECATED,1,18769,v0.2.0
'@agent-native/core,0.122.0,58,C,INCONSISTENT_PUBLISH_PATH|SINGLE_MAINTAINER,1,18694,v0.2.0
'@fontsource/syne,5.3.0,81,B,,2,18694,v0.2.0
vanilla-autokana,1.3.0,10,F,UNVERIFIED_PUBLISH_PATH|DORMANT|SINGLE_MAINTAINER,1,18656,v0.2.0
vue-bootstrap-datetimepicker,5.0.1,19,F,UNVERIFIED_PUBLISH_PATH|DORMANT|SINGLE_MAINTAINER,1,18649,v0.2.0
'@deno/kv,0.14.0,76,B,,4,18643,v0.2.0
circle-flags,2.8.3,25,F,UNVERIFIED_PUBLISH_PATH|SINGLE_MAINTAINER,1,18638,v0.2.0
vue3-lazyload,0.4.2,20,F,UNVERIFIED_PUBLISH_PATH|SINGLE_MAINTAINER,1,18618,v0.2.0
dynamsoft-javascript-barcode,9.6.42,28,F,UNVERIFIED_PUBLISH_PATH|DORMANT|DEPRECATED,5,18577,v0.2.0
svgaplayerweb,2.3.2,33,F,UNVERIFIED_PUBLISH_PATH|DORMANT,2,18524,v0.2.0
filepond-plugin-image-validate-size,1.2.7,19,F,UNVERIFIED_PUBLISH_PATH|DORMANT|SINGLE_MAINTAINER,1,18505,v0.2.0
clabe-validator,3.2.2,25,F,UNVERIFIED_PUBLISH_PATH|SINGLE_MAINTAINER,1,18490,v0.2.0
countly-sdk-web,26.1.3,45,D,UNVERIFIED_PUBLISH_PATH,3,18478,v0.2.0
scrollama,3.2.0,14,F,UNVERIFIED_PUBLISH_PATH|DORMANT|SINGLE_MAINTAINER|PUBLISHER_NOT_MAINTAINER,1,18462,v0.2.0
'@fontsource/baloo-2,5.3.0,81,B,,2,18461,v0.2.0
izitoast,1.4.0,19,F,UNVERIFIED_PUBLISH_PATH|DORMANT|SINGLE_MAINTAINER,1,18416,v0.2.0
videojs-mux,4.21.28,35,D,UNVERIFIED_PUBLISH_PATH,4,18381,v0.2.0
countdown,2.6.0,19,F,UNVERIFIED_PUBLISH_PATH|DORMANT|SINGLE_MAINTAINER,1,18339,v0.2.0
babylonjs,9.18.0,25,F,UNVERIFIED_PUBLISH_PATH|SINGLE_MAINTAINER,1,18328,v0.2.0
'@fontsource-variable/crimson-pro,5.3.0,81,B,,2,18327,v0.2.0
tdesign-react,1.18.1,65,C,INCONSISTENT_PUBLISH_PATH|SINGLE_MAINTAINER,1,18292,v0.2.0
'@fontsource-variable/syne,5.3.0,81,B,,2,18248,v0.2.0
hint,7.1.13,40,D,UNVERIFIED_PUBLISH_PATH|DORMANT,5,18216,v0.2.0
vue-phone-number-input,1.12.13,19,F,UNVERIFIED_PUBLISH_PATH|DORMANT|SINGLE_MAINTAINER,1,18199,v0.2.0
clipboard-js,0.3.6,14,F,UNVERIFIED_PUBLISH_PATH|DORMANT|SINGLE_MAINTAINER|DEPRECATED,1,18198,v0.2.0
'@meronex/icons,4.0.0,14,F,UNVERIFIED_PUBLISH_PATH|DORMANT|SINGLE_MAINTAINER,1,18190,v0.2.0
fslightbox,3.7.5,25,F,UNVERIFIED_PUBLISH_PATH|SINGLE_MAINTAINER,1,18110,v0.2.0
'@fontsource/crimson-text,5.3.0,81,B,,2,18106,v0.2.0
framework7,9.1.1,25,F,UNVERIFIED_PUBLISH_PATH|SINGLE_MAINTAINER,1,18106,v0.2.0
accessibility-checker-engine,4.0.29,63,C,INCONSISTENT_PUBLISH_PATH|SINGLE_MAINTAINER,1,18086,v0.2.0
'@algolia/autocomplete-plugin-redirect-url,1.19.9,29,F,UNVERIFIED_PUBLISH_PATH|PUBLISHER_NOT_MAINTAINER,14,18036,v0.2.0
tweetnacl-sealedbox-js,1.2.0,15,F,UNVERIFIED_PUBLISH_PATH|DORMANT|SINGLE_MAINTAINER,1,18025,v0.2.0
gmaps,0.4.25,33,F,UNVERIFIED_PUBLISH_PATH|DORMANT,2,18007,v0.2.0
multiselect,0.9.12,10,F,UNVERIFIED_PUBLISH_PATH|DORMANT|SINGLE_MAINTAINER,1,17979,v0.2.0
webmidi,3.1.16,31,F,UNVERIFIED_PUBLISH_PATH|SINGLE_MAINTAINER,1,17910,v0.2.0
svgxuse,1.2.6,19,F,UNVERIFIED_PUBLISH_PATH|DORMANT|SINGLE_MAINTAINER,1,17891,v0.2.0
'@loopback/docs,8.0.16,52,C,UNVERIFIED_PUBLISH_PATH,7,17884,v0.2.0
gpu.js,2.19.3,39,D,UNVERIFIED_PUBLISH_PATH,2,17874,v0.2.0
'@fontsource/josefin-sans,5.3.0,81,B,,2,17864,v0.2.0
'@coreui/icons-pro,3.1.0,25,F,UNVERIFIED_PUBLISH_PATH|SINGLE_MAINTAINER,1,17848,v0.2.0
'@logicflow/core,2.2.4,34,F,UNVERIFIED_PUBLISH_PATH,8,17787,v0.2.0
block-ui,2.70.1,19,F,UNVERIFIED_PUBLISH_PATH|DORMANT|SINGLE_MAINTAINER,1,17784,v0.2.0
chartjs-chart-financial,0.2.1,19,F,UNVERIFIED_PUBLISH_PATH|DORMANT|SINGLE_MAINTAINER,1,17729,v0.2.0
survey-js-ui,2.5.35,39,D,UNVERIFIED_PUBLISH_PATH,2,17722,v0.2.0
'@fontsource/sarabun,5.3.0,81,B,,2,17714,v0.2.0
'@guyplusplus/turndown-plugin-gfm,1.0.7,19,F,UNVERIFIED_PUBLISH_PATH|DORMANT|SINGLE_MAINTAINER,1,17678,v0.2.0
'@wix/auto_sdk_ecom_checkout,1.0.162,30,F,UNVERIFIED_PUBLISH_PATH,11,17675,v0.2.0
'@easepick/core,1.2.1,19,F,UNVERIFIED_PUBLISH_PATH|DORMANT|SINGLE_MAINTAINER,1,17575,v0.2.0
typeface-montserrat,1.1.13,14,F,UNVERIFIED_PUBLISH_PATH|DORMANT|SINGLE_MAINTAINER,1,17528,v0.2.0
confetti-js,0.0.18,19,F,UNVERIFIED_PUBLISH_PATH|DORMANT|SINGLE_MAINTAINER,1,17517,v0.2.0
'@easepick/base-plugin,1.2.1,19,F,UNVERIFIED_PUBLISH_PATH|DORMANT|SINGLE_MAINTAINER,1,17512,v0.2.0
vue-form-wizard,0.8.4,19,F,UNVERIFIED_PUBLISH_PATH|DORMANT|SINGLE_MAINTAINER,1,17510,v0.2.0
js-polyfills,0.1.43,19,F,UNVERIFIED_PUBLISH_PATH|DORMANT|SINGLE_MAINTAINER|DEPRECATED,1,17461,v0.2.0
'@salutejs/plasma-new-hope,0.370.0,46,D,UNVERIFIED_PUBLISH_PATH,4,17452,v0.2.0
'@alpinejs/morph,3.15.12,63,C,INCONSISTENT_PUBLISH_PATH|SINGLE_MAINTAINER,1,17405,v0.2.0
scanbot-web-sdk,9.0.0,21,F,UNVERIFIED_PUBLISH_PATH|SINGLE_MAINTAINER,1,17381,v0.2.0
'@pmndrs/uikit,1.0.74,82,B,,8,17365,v0.2.0
pixelarticons,2.2.0,25,F,UNVERIFIED_PUBLISH_PATH|SINGLE_MAINTAINER,1,17360,v0.2.0
linkify-element,4.3.3,79,B,SINGLE_MAINTAINER,1,17340,v0.2.0
'@easepick/range-plugin,1.2.1,19,F,UNVERIFIED_PUBLISH_PATH|DORMANT|SINGLE_MAINTAINER,1,17315,v0.2.0
'@fontsource-variable/quicksand,5.3.0,81,B,,2,17220,v0.2.0
flickity-imagesloaded,2.0.0,19,F,UNVERIFIED_PUBLISH_PATH|DORMANT|SINGLE_MAINTAINER,1,17208,v0.2.0
external-svg-loader,1.7.1,14,F,UNVERIFIED_PUBLISH_PATH|DORMANT|SINGLE_MAINTAINER,1,17204,v0.2.0
jzz,1.9.6,25,F,UNVERIFIED_PUBLISH_PATH|SINGLE_MAINTAINER,1,17185,v0.2.0
'@ryangjchandler/alpine-tooltip,2.0.1,19,F,UNVERIFIED_PUBLISH_PATH|DORMANT|SINGLE_MAINTAINER,1,17184,v0.2.0
three-gpu-pathtracer,0.0.24,25,F,UNVERIFIED_PUBLISH_PATH|SINGLE_MAINTAINER,1,17180,v0.2.0
'@tailwindcss/ui,0.7.2,24,F,UNVERIFIED_PUBLISH_PATH|DORMANT,3,17057,v0.2.0
vue-good-table,2.21.11,19,F,UNVERIFIED_PUBLISH_PATH|DORMANT|SINGLE_MAINTAINER,1,17027,v0.2.0
vue-async-computed,4.0.1,33,F,UNVERIFIED_PUBLISH_PATH|DORMANT,2,17004,v0.2.0
'@wix/headless-components,0.0.46,30,F,UNVERIFIED_PUBLISH_PATH,6,17003,v0.2.0
bootstrap-maxlength,2.0.0,19,F,UNVERIFIED_PUBLISH_PATH|DORMANT|SINGLE_MAINTAINER,1,16991,v0.2.0
xml-beautify,1.2.3,19,F,UNVERIFIED_PUBLISH_PATH|DORMANT|SINGLE_MAINTAINER,1,16980,v0.2.0
vue-custom-element,3.3.0,19,F,UNVERIFIED_PUBLISH_PATH|DORMANT|SINGLE_MAINTAINER,1,16949,v0.2.0
sticky-js,1.3.0,19,F,UNVERIFIED_PUBLISH_PATH|DORMANT|SINGLE_MAINTAINER,1,16903,v0.2.0
angular-recaptcha,4.2.0,33,F,UNVERIFIED_PUBLISH_PATH|DORMANT,2,16892,v0.2.0
'@justinribeiro/lite-youtube,1.9.0,25,F,UNVERIFIED_PUBLISH_PATH|SINGLE_MAINTAINER,1,16886,v0.2.0
cal-heatmap,4.2.4,19,F,UNVERIFIED_PUBLISH_PATH|DORMANT|SINGLE_MAINTAINER,1,16856,v0.2.0
'@iconify-json/radix-icons,1.2.6,21,F,UNVERIFIED_PUBLISH_PATH|SINGLE_MAINTAINER,1,16848,v0.2.0
chartist-plugin-tooltips-updated,1.0.0,14,F,UNVERIFIED_PUBLISH_PATH|DORMANT|SINGLE_MAINTAINER|DEPRECATED,1,16826,v0.2.0
angular-cache,4.6.0,19,F,UNVERIFIED_PUBLISH_PATH|DORMANT|SINGLE_MAINTAINER,1,16820,v0.2.0
element-qsa-scope,1.1.0,19,F,UNVERIFIED_PUBLISH_PATH|DORMANT|SINGLE_MAINTAINER,1,16818,v0.2.0
inner-image-zoom,1.0.1,25,F,UNVERIFIED_PUBLISH_PATH|SINGLE_MAINTAINER,1,16799,v0.2.0
jqueryui,1.11.1,19,F,UNVERIFIED_PUBLISH_PATH|DORMANT|SINGLE_MAINTAINER,1,16778,v0.2.0
quill-resize-module,2.1.3,25,F,UNVERIFIED_PUBLISH_PATH|SINGLE_MAINTAINER,1,16710,v0.2.0
dodopayments-checkout,1.9.5,21,F,UNVERIFIED_PUBLISH_PATH|SINGLE_MAINTAINER,1,16693,v0.2.0
jquery-ui-timepicker-addon,1.6.3,19,F,UNVERIFIED_PUBLISH_PATH|DORMANT|SINGLE_MAINTAINER,1,16630,v0.2.0
'@fontsource-variable/raleway,5.3.0,81,B,,2,16628,v0.2.0
'@iconify-json/material-symbols-light,1.2.87,21,F,UNVERIFIED_PUBLISH_PATH|SINGLE_MAINTAINER,1,16585,v0.2.0
kendo-ui-core,2026.2.520,32,F,UNVERIFIED_PUBLISH_PATH|SINGLE_MAINTAINER,1,16516,v0.2.0
'@fontsource/share-tech-mono,5.3.0,81,B,,2,16496,v0.2.0
'@joyfill/components,4.0.0-rc24,35,D,UNVERIFIED_PUBLISH_PATH,3,16437,v0.2.0
'@esotericsoftware/spine-player,4.3.13,77,B,INCONSISTENT_PUBLISH_PATH,3,16432,v0.2.0
world-flags-sprite,0.0.2,19,F,UNVERIFIED_PUBLISH_PATH|DORMANT|SINGLE_MAINTAINER,1,16421,v0.2.0
videojs-flash,2.2.1,33,F,UNVERIFIED_PUBLISH_PATH|DORMANT,4,16407,v0.2.0
angular-inview,3.1.0,19,F,UNVERIFIED_PUBLISH_PATH|DORMANT|SINGLE_MAINTAINER,1,16395,v0.2.0
'@drupal/once,1.0.1,24,F,UNVERIFIED_PUBLISH_PATH|DORMANT,2,16393,v0.2.0
searchkit,4.16.0,45,D,UNVERIFIED_PUBLISH_PATH,2,16364,v0.2.0
'@lemonadejs/modal,5.8.3,21,F,UNVERIFIED_PUBLISH_PATH|SINGLE_MAINTAINER,1,16335,v0.2.0
'@observablehq/runtime,6.0.0,33,F,UNVERIFIED_PUBLISH_PATH|DORMANT,4,16272,v0.2.0
'@iconify-json/ion,1.2.7,21,F,UNVERIFIED_PUBLISH_PATH|SINGLE_MAINTAINER,1,16264,v0.2.0
diffusion,6.12.2,21,F,UNVERIFIED_PUBLISH_PATH|SINGLE_MAINTAINER,1,16246,v0.2.0
page-agent,1.12.2,73,B,SINGLE_MAINTAINER,1,16223,v0.2.0
sass.js,0.11.1,19,F,UNVERIFIED_PUBLISH_PATH|DORMANT|SINGLE_MAINTAINER,1,16213,v0.2.0
highgain,0.1.0,16,F,UNVERIFIED_PUBLISH_PATH|SINGLE_MAINTAINER,1,16163,v0.2.0
plotly.js-gl3d-dist-min,3.7.0,45,D,UNVERIFIED_PUBLISH_PATH,15,16157,v0.2.0
'@wix/error-handler,1.68.0,30,F,UNVERIFIED_PUBLISH_PATH,11,16138,v0.2.0
jquery-contextmenu,2.10.1,39,D,UNVERIFIED_PUBLISH_PATH,2,16070,v0.2.0
qrcodejs2,0.0.2,14,F,UNVERIFIED_PUBLISH_PATH|DORMANT|SINGLE_MAINTAINER|PUBLISHER_NOT_MAINTAINER,1,16054,v0.2.0
'@fontsource-variable/bitter,5.3.0,81,B,,2,16046,v0.2.0
'@iconify-json/line-md,1.2.16,21,F,UNVERIFIED_PUBLISH_PATH|SINGLE_MAINTAINER,1,16044,v0.2.0
bootstrap-css-only,4.4.1,19,F,UNVERIFIED_PUBLISH_PATH|DORMANT|SINGLE_MAINTAINER,1,16029,v0.2.0
dromo-uploader-js,2.14.0,35,D,UNVERIFIED_PUBLISH_PATH,2,16025,v0.2.0
browser-interaction-time,3.0.0,14,F,UNVERIFIED_PUBLISH_PATH|DORMANT|SINGLE_MAINTAINER|PUBLISHER_NOT_MAINTAINER|DEPRECATED,1,16012,v0.2.0
vue-pagination-2,3.1.0,19,F,UNVERIFIED_PUBLISH_PATH|DORMANT|SINGLE_MAINTAINER,1,15964,v0.2.0
html5shiv,3.7.3,19,F,UNVERIFIED_PUBLISH_PATH|DORMANT|SINGLE_MAINTAINER,1,15943,v0.2.0
'@easepick/lock-plugin,1.2.1,19,F,UNVERIFIED_PUBLISH_PATH|DORMANT|SINGLE_MAINTAINER,1,15941,v0.2.0
dygraphs,2.2.1,33,F,UNVERIFIED_PUBLISH_PATH|DORMANT,5,15937,v0.2.0
reframe.js,4.0.2,32,F,UNVERIFIED_PUBLISH_PATH|DORMANT|SINGLE_MAINTAINER,1,15901,v0.2.0
typeit,8.8.7,19,F,UNVERIFIED_PUBLISH_PATH|DORMANT|SINGLE_MAINTAINER,1,15854,v0.2.0
'@fontsource/zen-kaku-gothic-new,5.3.0,81,B,,2,15845,v0.2.0
react-highcharts,16.1.0,33,F,UNVERIFIED_PUBLISH_PATH|DORMANT,2,15808,v0.2.0
textangular,1.5.16,33,F,UNVERIFIED_PUBLISH_PATH|DORMANT,4,15790,v0.2.0
'@easepick/preset-plugin,1.2.1,19,F,UNVERIFIED_PUBLISH_PATH|DORMANT|SINGLE_MAINTAINER,1,15762,v0.2.0
photoswipe-dynamic-caption-plugin,1.2.7,19,F,UNVERIFIED_PUBLISH_PATH|DORMANT|SINGLE_MAINTAINER,1,15760,v0.2.0
'@fontsource/zilla-slab,5.3.0,81,B,,2,15713,v0.2.0
file-icon-vectors,1.0.0,19,F,UNVERIFIED_PUBLISH_PATH|DORMANT|SINGLE_MAINTAINER,1,15699,v0.2.0
'@fontsource-variable/noto-sans-mono,5.3.0,81,B,,2,15669,v0.2.0
grapesjs-navbar,1.0.2,19,F,UNVERIFIED_PUBLISH_PATH|DORMANT|SINGLE_MAINTAINER,1,15611,v0.2.0
clamp-js,0.7.0,19,F,UNVERIFIED_PUBLISH_PATH|DORMANT|SINGLE_MAINTAINER,1,15609,v0.2.0
'@fontsource/karla,5.3.0,81,B,,2,15602,v0.2.0
just-validate,4.3.0,19,F,UNVERIFIED_PUBLISH_PATH|DORMANT|SINGLE_MAINTAINER,1,15528,v0.2.0
load-script2,2.0.6,19,F,UNVERIFIED_PUBLISH_PATH|DORMANT|SINGLE_MAINTAINER,1,15521,v0.2.0
'@observablehq/inspector,5.0.1,33,F,UNVERIFIED_PUBLISH_PATH|DORMANT,4,15478,v0.2.0
'@iconify-json/iconoir,1.2.11,21,F,UNVERIFIED_PUBLISH_PATH|SINGLE_MAINTAINER,1,15456,v0.2.0
'@fontsource-variable/karla,5.3.0,81,B,,2,15446,v0.2.0
'@siemens/ix,5.1.1,78,B,INCONSISTENT_PUBLISH_PATH,3,15432,v0.2.0
jarallax,3.0.1,73,B,SINGLE_MAINTAINER,1,15430,v0.2.0
'@embedpdf/default-stamps,0.0.1,26,F,UNVERIFIED_PUBLISH_PATH|SINGLE_MAINTAINER,1,15406,v0.2.0
'@userlike/messenger,2.0.3,71,B,,4,15397,v0.2.0
locomotive-scroll,5.0.1,39,D,UNVERIFIED_PUBLISH_PATH,3,15383,v0.2.0
essentia.js,0.1.3,33,F,UNVERIFIED_PUBLISH_PATH|DORMANT,2,15372,v0.2.0
htmx-ext-ws,2.0.4,39,D,UNVERIFIED_PUBLISH_PATH,2,15367,v0.2.0
'@pdftron/pdfjs-express-viewer,8.7.5,15,F,UNVERIFIED_PUBLISH_PATH|DORMANT|SINGLE_MAINTAINER,1,15357,v0.2.0
'@fontsource/permanent-marker,5.3.0,81,B,,2,15339,v0.2.0
recombee-js-api-client,6.2.1,39,D,UNVERIFIED_PUBLISH_PATH,5,15307,v0.2.0
'@fontsource/vazirmatn,5.3.0,81,B,,2,15303,v0.2.0
time-input-polyfill,1.0.11,19,F,UNVERIFIED_PUBLISH_PATH|DORMANT|SINGLE_MAINTAINER,1,15298,v0.2.0
vue-cleave-component,3.0.2,19,F,UNVERIFIED_PUBLISH_PATH|DORMANT|SINGLE_MAINTAINER,1,15270,v0.2.0
'@toast-ui/calendar,2.1.3,33,F,UNVERIFIED_PUBLISH_PATH|DORMANT,2,15252,v0.2.0
phpunserialize,1.3.0,19,F,UNVERIFIED_PUBLISH_PATH|DORMANT|SINGLE_MAINTAINER,1,15244,v0.2.0
drag-drop-touch,1.3.1,10,F,UNVERIFIED_PUBLISH_PATH|DORMANT|SINGLE_MAINTAINER|PUBLISHER_NOT_MAINTAINER,1,15243,v0.2.0
'@fontsource-variable/oswald,5.3.0,81,B,,2,15232,v0.2.0
'@ryangjchandler/alpine-clipboard,2.3.0,19,F,UNVERIFIED_PUBLISH_PATH|DORMANT|SINGLE_MAINTAINER,1,15219,v0.2.0
vue-ctk-date-time-picker,2.6.1,39,D,UNVERIFIED_PUBLISH_PATH,4,15211,v0.2.0
scrollmonitor,1.2.11,19,F,UNVERIFIED_PUBLISH_PATH|DORMANT|SINGLE_MAINTAINER,1,15171,v0.2.0
qtip2,3.0.3,19,F,UNVERIFIED_PUBLISH_PATH|DORMANT|SINGLE_MAINTAINER,1,15166,v0.2.0
'@easepick/amp-plugin,1.2.1,19,F,UNVERIFIED_PUBLISH_PATH|DORMANT|SINGLE_MAINTAINER,1,15153,v0.2.0
'@yandex/ymaps3-default-ui-theme,0.0.25,87,A,BRANCH_REQUIRES_PR,2,15144,v0.2.0
easy-autocomplete,1.3.5,19,F,UNVERIFIED_PUBLISH_PATH|DORMANT|SINGLE_MAINTAINER,1,15136,v0.2.0
'@n8n/chat,1.30.2,95,A,BRANCH_REQUIRES_PR,5,15131,v0.2.0
'@fontsource/kalam,5.3.0,81,B,,2,15123,v0.2.0
'@iconify-json/game-icons,1.2.4,21,F,UNVERIFIED_PUBLISH_PATH|SINGLE_MAINTAINER,1,15089,v0.2.0
jquery-bar-rating,1.2.2,33,F,UNVERIFIED_PUBLISH_PATH|DORMANT,2,15072,v0.2.0
parallax-js,3.1.0,33,F,UNVERIFIED_PUBLISH_PATH|DORMANT,2,15059,v0.2.0
drift-zoom,1.5.1,40,D,UNVERIFIED_PUBLISH_PATH|DORMANT,10,15052,v0.2.0
'@walletconnect/web3-provider,1.8.0,28,F,UNVERIFIED_PUBLISH_PATH|DORMANT|PUBLISHER_NOT_MAINTAINER|DEPRECATED,2,15013,v0.2.0
custom-protocol-check,1.4.0,19,F,UNVERIFIED_PUBLISH_PATH|DORMANT|SINGLE_MAINTAINER,1,14974,v0.2.0
'@fontsource-variable/vazirmatn,5.3.0,81,B,,2,14954,v0.2.0
payment-icons,1.2.1,19,F,UNVERIFIED_PUBLISH_PATH|DORMANT|SINGLE_MAINTAINER|DEPRECATED,1,14941,v0.2.0
stimulsoft-reports-js,2026.3.1,25,F,UNVERIFIED_PUBLISH_PATH|SINGLE_MAINTAINER,1,14939,v0.2.0
opus-media-recorder,0.8.0,19,F,UNVERIFIED_PUBLISH_PATH|DORMANT|SINGLE_MAINTAINER,1,14928,v0.2.0
iconoir,7.11.1,76,B,,2,14923,v0.2.0
'@fontsource/amiri,5.3.0,81,B,,2,14864,v0.2.0
chartjs-chart-error-bars,4.4.5,25,F,UNVERIFIED_PUBLISH_PATH|SINGLE_MAINTAINER,1,14851,v0.2.0
botframework-webchat,4.19.1,41,D,UNVERIFIED_PUBLISH_PATH,7,14827,v0.2.0
smoothscroll,0.4.0,19,F,UNVERIFIED_PUBLISH_PATH|DORMANT|SINGLE_MAINTAINER,1,14827,v0.2.0
purecss,3.0.0,33,F,UNVERIFIED_PUBLISH_PATH|DORMANT,3,14817,v0.2.0
dialog-closedby-polyfill,1.3.0,25,F,UNVERIFIED_PUBLISH_PATH|SINGLE_MAINTAINER,1,14816,v0.2.0
world_countries_lists,3.3.0,31,F,UNVERIFIED_PUBLISH_PATH|SINGLE_MAINTAINER,1,14796,v0.2.0
'@logicflow/extension,2.3.0,34,F,UNVERIFIED_PUBLISH_PATH,8,14775,v0.2.0
jquery-hoverintent,1.10.2,19,F,UNVERIFIED_PUBLISH_PATH|DORMANT|SINGLE_MAINTAINER,1,14774,v0.2.0
cloudinary-video-player,4.0.3,94,A,,5,14768,v0.2.0
'@fontsource-variable/mona-sans,5.3.0,81,B,,2,14767,v0.2.0
spin,0.0.1,9,F,UNVERIFIED_PUBLISH_PATH|DORMANT|SINGLE_MAINTAINER,1,14761,v0.2.0
'@watergis/maplibre-gl-terradraw,1.15.0,64,C,INCONSISTENT_PUBLISH_PATH|SINGLE_MAINTAINER,1,14707,v0.2.0
'@waline/emojis,1.4.0,34,F,UNVERIFIED_PUBLISH_PATH,2,14635,v0.2.0
'@fontsource/urbanist,5.3.0,81,B,,2,14618,v0.2.0
'@antv/s2,2.7.2,77,B,INCONSISTENT_PUBLISH_PATH,18,14611,v0.2.0
typograf,7.7.0,25,F,UNVERIFIED_PUBLISH_PATH|SINGLE_MAINTAINER,1,14605,v0.2.0
jquery.repeater,1.2.1,19,F,UNVERIFIED_PUBLISH_PATH|DORMANT|SINGLE_MAINTAINER,1,14600,v0.2.0
spotlight.js,0.7.8,19,F,UNVERIFIED_PUBLISH_PATH|DORMANT|SINGLE_MAINTAINER,1,14559,v0.2.0
scandit-web-datacapture-core,6.28.11,35,D,UNVERIFIED_PUBLISH_PATH,4,14548,v0.2.0
scandit-web-datacapture-barcode,6.28.11,35,D,UNVERIFIED_PUBLISH_PATH,4,14521,v0.2.0
vue-video-player,6.0.0,19,F,UNVERIFIED_PUBLISH_PATH|DORMANT|SINGLE_MAINTAINER,1,14516,v0.2.0
arrive,2.5.3,39,D,UNVERIFIED_PUBLISH_PATH,2,14481,v0.2.0
restangular,1.6.1,33,F,UNVERIFIED_PUBLISH_PATH|DORMANT,3,14480,v0.2.0
'@siemens/ix-icons,3.4.0,88,A,,3,14473,v0.2.0
'@easepick/bundle,1.2.1,19,F,UNVERIFIED_PUBLISH_PATH|DORMANT|SINGLE_MAINTAINER,1,14472,v0.2.0
universalviewer,4.4.2,39,D,UNVERIFIED_PUBLISH_PATH,3,14469,v0.2.0
svelecte,5.3.0,25,F,UNVERIFIED_PUBLISH_PATH|SINGLE_MAINTAINER,1,14436,v0.2.0
dynamsoft-core,3.4.31,10,F,UNVERIFIED_PUBLISH_PATH|DORMANT|SINGLE_MAINTAINER,1,14384,v0.2.0
pro-gallery-lib,5.0.115,39,D,UNVERIFIED_PUBLISH_PATH,2,14366,v0.2.0
devextreme-cldr-data,1.0.3,19,F,UNVERIFIED_PUBLISH_PATH|DORMANT|PUBLISHER_NOT_MAINTAINER,4,14364,v0.2.0
'@aurodesignsystem/webcorestylesheets,11.1.3,46,D,UNVERIFIED_PUBLISH_PATH,8,14363,v0.2.0
sendbird,3.1.33,19,F,UNVERIFIED_PUBLISH_PATH|DORMANT|SINGLE_MAINTAINER,1,14361,v0.2.0
'@scandit/web-datacapture-barcode,8.5.1,35,D,UNVERIFIED_PUBLISH_PATH,5,14347,v0.2.0
'@expo-google-fonts/bebas-neue,0.4.1,39,D,UNVERIFIED_PUBLISH_PATH,4,14281,v0.2.0
'@fontsource-variable/caveat,5.3.0,81,B,,2,14247,v0.2.0
'@fontsource-variable/cormorant-garamond,5.3.0,81,B,,2,14247,v0.2.0
pixi-spine,4.0.6,39,D,UNVERIFIED_PUBLISH_PATH,2,14227,v0.2.0
gmap-vue,3.5.4,25,F,UNVERIFIED_PUBLISH_PATH|DORMANT|SINGLE_MAINTAINER,1,14218,v0.2.0
'@checkr/web-sdk,0.0.59,29,F,UNVERIFIED_PUBLISH_PATH|DORMANT,4,14208,v0.2.0
'@fontsource-variable/noto-sans-bengali,5.3.0,81,B,,2,14198,v0.2.0
leaflet-rotate,0.2.8,19,F,UNVERIFIED_PUBLISH_PATH|DORMANT|SINGLE_MAINTAINER,1,14188,v0.2.0
videojs-contrib-dash,5.1.1,33,F,UNVERIFIED_PUBLISH_PATH|DORMANT,20,14184,v0.2.0
intersection-observer-polyfill,0.1.0,19,F,UNVERIFIED_PUBLISH_PATH|DORMANT|SINGLE_MAINTAINER,1,14174,v0.2.0
jquery-modal,0.9.2,19,F,UNVERIFIED_PUBLISH_PATH|DORMANT|SINGLE_MAINTAINER,1,14145,v0.2.0
hack-font,3.3.0,33,F,UNVERIFIED_PUBLISH_PATH|DORMANT,3,14111,v0.2.0
'@ffmpeg/core-mt,0.12.10,39,D,UNVERIFIED_PUBLISH_PATH,3,14107,v0.2.0
'@photo-sphere-viewer/virtual-tour-plugin,5.14.3,73,B,SINGLE_MAINTAINER,1,14070,v0.2.0
'@grapecity/spread-sheets,18.2.5,30,F,UNVERIFIED_PUBLISH_PATH,2,14054,v0.2.0
phaser3-rex-plugins,1.80.20,25,F,UNVERIFIED_PUBLISH_PATH|SINGLE_MAINTAINER,1,14021,v0.2.0
'@observablehq/inputs,0.12.0,33,F,UNVERIFIED_PUBLISH_PATH|DORMANT,4,13974,v0.2.0
devextreme-exceljs-fork,4.4.11,94,A,,3,13973,v0.2.0
translate,3.0.1,19,F,UNVERIFIED_PUBLISH_PATH|DORMANT|SINGLE_MAINTAINER,1,13970,v0.2.0
print-this,2.0.0,33,F,UNVERIFIED_PUBLISH_PATH|DORMANT,2,13966,v0.2.0
'@stimulus-components/password-visibility,3.0.0,14,F,UNVERIFIED_PUBLISH_PATH|DORMANT|SINGLE_MAINTAINER,1,13939,v0.2.0
video-worker,3.0.1,73,B,SINGLE_MAINTAINER,1,13935,v0.2.0
htmx-ext-response-targets,2.0.4,25,F,UNVERIFIED_PUBLISH_PATH|SINGLE_MAINTAINER,1,13934,v0.2.0
'@elastic/apm-rum-vue,2.1.15,87,A,,3,13932,v0.2.0
vue-mq,1.0.1,19,F,UNVERIFIED_PUBLISH_PATH|DORMANT|SINGLE_MAINTAINER,1,13932,v0.2.0
bloodhound-js,1.2.3,19,F,UNVERIFIED_PUBLISH_PATH|DORMANT|SINGLE_MAINTAINER,1,13872,v0.2.0
pro-gallery,5.0.119,39,D,UNVERIFIED_PUBLISH_PATH,2,13868,v0.2.0
ol-contextmenu,6.0.1,79,B,SINGLE_MAINTAINER,1,13841,v0.2.0
'@fontsource/courier-prime,5.3.0,81,B,,2,13803,v0.2.0
'@fontsource/crimson-pro,5.3.0,81,B,,2,13743,v0.2.0
chartjs-plugin-autocolors,0.3.1,19,F,UNVERIFIED_PUBLISH_PATH|DORMANT|SINGLE_MAINTAINER,1,13704,v0.2.0
'@thesvg/icons,3.2.12,64,C,INCONSISTENT_PUBLISH_PATH|SINGLE_MAINTAINER,1,13676,v0.2.0
ng-table,3.0.1,33,F,UNVERIFIED_PUBLISH_PATH|DORMANT,6,13649,v0.2.0
ie-array-find-polyfill,1.1.0,19,F,UNVERIFIED_PUBLISH_PATH|DORMANT|SINGLE_MAINTAINER,1,13614,v0.2.0
fp-ts-esm,2.16.10,25,F,UNVERIFIED_PUBLISH_PATH|SINGLE_MAINTAINER,1,13592,v0.2.0
openmoji,17.0.0,25,F,UNVERIFIED_PUBLISH_PATH|SINGLE_MAINTAINER,1,13586,v0.2.0
bootstrap-fileinput,5.5.4,19,F,UNVERIFIED_PUBLISH_PATH|DORMANT|SINGLE_MAINTAINER,1,13504,v0.2.0
'@wix/ecom,1.0.2301,30,F,UNVERIFIED_PUBLISH_PATH,11,13499,v0.2.0
clarity-js,0.8.68,45,D,UNVERIFIED_PUBLISH_PATH,5,13489,v0.2.0
uuidjs,5.1.0,19,F,UNVERIFIED_PUBLISH_PATH|DORMANT|SINGLE_MAINTAINER,1,13479,v0.2.0
import-map-overrides,6.1.0,20,F,UNVERIFIED_PUBLISH_PATH|SINGLE_MAINTAINER,1,13444,v0.2.0
sticky-sidebar,3.3.1,19,F,UNVERIFIED_PUBLISH_PATH|DORMANT|SINGLE_MAINTAINER,1,13400,v0.2.0
basecoat-css,1.0.2,25,F,UNVERIFIED_PUBLISH_PATH|SINGLE_MAINTAINER,1,13337,v0.2.0
requirejs-text,2.0.16,19,F,UNVERIFIED_PUBLISH_PATH|DORMANT|SINGLE_MAINTAINER,1,13337,v0.2.0
babel-regenerator-runtime,6.5.0,24,F,UNVERIFIED_PUBLISH_PATH|DORMANT,2,13314,v0.2.0
'@iconscout/unicons,4.2.0,33,F,UNVERIFIED_PUBLISH_PATH|DORMANT,2,13299,v0.2.0
jquery-placeholder,2.3.1,33,F,UNVERIFIED_PUBLISH_PATH|DORMANT,2,13293,v0.2.0
videojs-contrib-eme,5.5.2,35,D,UNVERIFIED_PUBLISH_PATH,22,13256,v0.2.0
'@fontsource-variable/noto-sans-devanagari,5.3.0,81,B,,2,13223,v0.2.0
esri-leaflet-vector,4.3.2,39,D,UNVERIFIED_PUBLISH_PATH,5,13223,v0.2.0
pixi-live2d-display,0.4.0,14,F,UNVERIFIED_PUBLISH_PATH|DORMANT|SINGLE_MAINTAINER,1,13200,v0.2.0
classie,1.0.0,19,F,UNVERIFIED_PUBLISH_PATH|DORMANT|SINGLE_MAINTAINER,1,13198,v0.2.0
'@wix/filter-builder,1.0.246,30,F,UNVERIFIED_PUBLISH_PATH,11,13197,v0.2.0
jquery-i18next,1.3.0,39,D,UNVERIFIED_PUBLISH_PATH,2,13187,v0.2.0
alpine-turbo-drive-adapter,2.2.0,21,F,UNVERIFIED_PUBLISH_PATH|SINGLE_MAINTAINER,1,13098,v0.2.0
thumbmarkjs,0.15.0,15,F,UNVERIFIED_PUBLISH_PATH|DORMANT|SINGLE_MAINTAINER|DEPRECATED,1,13084,v0.2.0
compression-streams-polyfill,0.1.7,19,F,UNVERIFIED_PUBLISH_PATH|DORMANT|SINGLE_MAINTAINER,1,13071,v0.2.0
'@fontsource/bodoni-moda,5.3.0,81,B,,2,13052,v0.2.0
prebid.js,11.25.0,39,D,UNVERIFIED_PUBLISH_PATH,2,13022,v0.2.0
'@fontsource/bitter,5.3.0,81,B,,2,13010,v0.2.0
vue-datetime,1.0.0-beta.14,14,F,UNVERIFIED_PUBLISH_PATH|DORMANT|SINGLE_MAINTAINER,1,13004,v0.2.0
'@hyperlane-xyz/registry,25.3.0,82,B,,4,12983,v0.2.0
polyfill-array-includes,2.0.0,19,F,UNVERIFIED_PUBLISH_PATH|DORMANT|SINGLE_MAINTAINER,1,12976,v0.2.0
'@relewise/client,2.24.0,87,A,,3,12967,v0.2.0
graphlib-dot,0.6.4,33,F,UNVERIFIED_PUBLISH_PATH|DORMANT,2,12957,v0.2.0
'@feedmepos/merge-css,1.0.1,29,F,UNVERIFIED_PUBLISH_PATH|DORMANT,3,12932,v0.2.0
'@tgwf/co2,0.19.0,39,D,UNVERIFIED_PUBLISH_PATH,3,12912,v0.2.0
hint.css,3.0.0,19,F,UNVERIFIED_PUBLISH_PATH|DORMANT|SINGLE_MAINTAINER,1,12889,v0.2.0
'@material-icons/svg,1.0.33,19,F,UNVERIFIED_PUBLISH_PATH|DORMANT|SINGLE_MAINTAINER,1,12886,v0.2.0
jquery-cropper,1.0.2,25,F,UNVERIFIED_PUBLISH_PATH|SINGLE_MAINTAINER,1,12884,v0.2.0
material-design-iconic-font,2.2.0,19,F,UNVERIFIED_PUBLISH_PATH|DORMANT|SINGLE_MAINTAINER,1,12847,v0.2.0
wowjs,1.1.3,19,F,UNVERIFIED_PUBLISH_PATH|DORMANT|SINGLE_MAINTAINER,1,12842,v0.2.0
'@fontsource/geologica,5.3.0,81,B,,2,12820,v0.2.0
'@iabtechlabtcf/cmpapi,1.5.21,34,F,UNVERIFIED_PUBLISH_PATH,2,12817,v0.2.0
knockout.validation,2.0.4,33,F,UNVERIFIED_PUBLISH_PATH|DORMANT,2,12816,v0.2.0
'@iconify-json/eos-icons,1.2.4,21,F,UNVERIFIED_PUBLISH_PATH|SINGLE_MAINTAINER,1,12778,v0.2.0
'@progress/kendo-vue-grid,9.1.0,25,F,UNVERIFIED_PUBLISH_PATH|SINGLE_MAINTAINER,1,12751,v0.2.0
tokml,0.4.0,21,F,UNVERIFIED_PUBLISH_PATH|DORMANT|SINGLE_MAINTAINER|PUBLISHER_NOT_MAINTAINER,1,12748,v0.2.0
'@fontsource-variable/urbanist,5.3.0,81,B,,2,12719,v0.2.0
leaflet-providers,3.0.0,39,D,UNVERIFIED_PUBLISH_PATH,3,12715,v0.2.0
'@fontsource/noto-sans-devanagari,5.3.0,81,B,,2,12704,v0.2.0
open-iconic,1.1.1,19,F,UNVERIFIED_PUBLISH_PATH|DORMANT|SINGLE_MAINTAINER,1,12694,v0.2.0
nanoscroller,0.8.7,19,F,UNVERIFIED_PUBLISH_PATH|DORMANT|SINGLE_MAINTAINER,1,12691,v0.2.0
'@wix/data,1.0.493,30,F,UNVERIFIED_PUBLISH_PATH,11,12689,v0.2.0
ajax-bootstrap-select,1.4.5,19,F,UNVERIFIED_PUBLISH_PATH|DORMANT|SINGLE_MAINTAINER,1,12657,v0.2.0
'@wix/wix-data-items-sdk,1.0.540,30,F,UNVERIFIED_PUBLISH_PATH,11,12634,v0.2.0
'@fontsource-variable/assistant,5.3.0,81,B,,2,12632,v0.2.0
vviinn-widgets,2.217.0,35,D,UNVERIFIED_PUBLISH_PATH,2,12612,v0.2.0
'@iconify-json/icon-park-outline,1.2.4,21,F,UNVERIFIED_PUBLISH_PATH|SINGLE_MAINTAINER,1,12599,v0.2.0
leader-line,1.0.8,25,F,UNVERIFIED_PUBLISH_PATH|SINGLE_MAINTAINER,1,12596,v0.2.0
'@wix/wix-data-items-common,1.0.322,30,F,UNVERIFIED_PUBLISH_PATH,11,12582,v0.2.0
audiomotion-analyzer,4.5.4,25,F,UNVERIFIED_PUBLISH_PATH|SINGLE_MAINTAINER,1,12547,v0.2.0
'@web3auth/base,9.7.0,46,D,UNVERIFIED_PUBLISH_PATH,3,12515,v0.2.0
systemjs-plugin-css,0.1.37,15,F,UNVERIFIED_PUBLISH_PATH|DORMANT|SINGLE_MAINTAINER,1,12500,v0.2.0
'@tryghost/portal,2.69.209,95,A,,34,12468,v0.2.0
tiff.js,1.0.0,19,F,UNVERIFIED_PUBLISH_PATH|DORMANT|SINGLE_MAINTAINER,1,12455,v0.2.0
'@fontsource/azeret-mono,5.3.0,81,B,,2,12429,v0.2.0
'@fontsource/commit-mono,5.3.0,81,B,,2,12399,v0.2.0
theme-change,3.0.4,20,F,UNVERIFIED_PUBLISH_PATH|SINGLE_MAINTAINER,1,12395,v0.2.0
mxgraph,4.2.2,14,F,UNVERIFIED_PUBLISH_PATH|DORMANT|SINGLE_MAINTAINER|PUBLISHER_NOT_MAINTAINER|DEPRECATED,1,12367,v0.2.0
plupload,2.3.9,39,D,UNVERIFIED_PUBLISH_PATH|DORMANT,2,12350,v0.2.0
framework7-icons,5.0.5,14,F,UNVERIFIED_PUBLISH_PATH|DORMANT|SINGLE_MAINTAINER,1,12348,v0.2.0
'@lobehub/icons-static-png,1.95.0,39,D,UNVERIFIED_PUBLISH_PATH,9,12338,v0.2.0
vue-timeago,5.1.3,33,F,UNVERIFIED_PUBLISH_PATH|DORMANT,3,12337,v0.2.0
'@expo-google-fonts/oswald,0.4.2,39,D,UNVERIFIED_PUBLISH_PATH,4,12326,v0.2.0
jquery.payment,3.0.0,33,F,UNVERIFIED_PUBLISH_PATH|DORMANT,5,12319,v0.2.0
ids-enterprise-wc,1.16.24,35,D,UNVERIFIED_PUBLISH_PATH,9,12309,v0.2.0
emoji-mart-vue,2.6.6,19,F,UNVERIFIED_PUBLISH_PATH|DORMANT|SINGLE_MAINTAINER,1,12300,v0.2.0
'@mux/videojs-kit,0.12.3,35,D,UNVERIFIED_PUBLISH_PATH,4,12298,v0.2.0
v-lazy-image,2.1.1,15,F,UNVERIFIED_PUBLISH_PATH|DORMANT|SINGLE_MAINTAINER,1,12285,v0.2.0
jquery-ui-sortable,1.0.0,10,F,UNVERIFIED_PUBLISH_PATH|DORMANT|SINGLE_MAINTAINER,1,12284,v0.2.0
svgmap,2.21.0,25,F,UNVERIFIED_PUBLISH_PATH|SINGLE_MAINTAINER,1,12253,v0.2.0
angular-toastr,2.1.1,19,F,UNVERIFIED_PUBLISH_PATH|DORMANT|SINGLE_MAINTAINER,1,12249,v0.2.0
'@fontsource/rethink-sans,5.3.0,81,B,,2,12243,v0.2.0
esri-leaflet-geocoder,3.1.7,39,D,UNVERIFIED_PUBLISH_PATH,6,12205,v0.2.0
'@expo-google-fonts/anton,0.4.2,39,D,UNVERIFIED_PUBLISH_PATH,4,12203,v0.2.0
'@openedx/paragon,23.22.2,87,A,,3,12172,v0.2.0
uswds,2.14.0,46,D,UNVERIFIED_PUBLISH_PATH|DORMANT|BRANCH_REQUIRES_PR,4,12150,v0.2.0
svg-gauge,1.0.7,19,F,UNVERIFIED_PUBLISH_PATH|DORMANT|SINGLE_MAINTAINER,1,12141,v0.2.0
'@vkid/sdk,2.6.6,41,D,UNVERIFIED_PUBLISH_PATH,6,12097,v0.2.0
vue-radial-progress,0.3.2,14,F,UNVERIFIED_PUBLISH_PATH|DORMANT|SINGLE_MAINTAINER|PUBLISHER_NOT_MAINTAINER|DEPRECATED,1,12086,v0.2.0
skinview3d,3.4.2,39,D,UNVERIFIED_PUBLISH_PATH,4,12061,v0.2.0
'@hmcts/ccd-case-ui-toolkit,7.3.77,94,A,,6,12044,v0.2.0
device-uuid,3.0.4,63,C,INCONSISTENT_PUBLISH_PATH|SINGLE_MAINTAINER,1,12020,v0.2.0
ionic-angular,3.9.10,35,D,UNVERIFIED_PUBLISH_PATH|DORMANT,10,12019,v0.2.0
'@fontsource/saira-condensed,5.3.0,81,B,,2,12017,v0.2.0
single-spa-css,4.0.1,15,F,UNVERIFIED_PUBLISH_PATH|SINGLE_MAINTAINER|PUBLISHER_NOT_MAINTAINER,1,12005,v0.2.0
bootstrap-material-design,4.1.3,23,F,UNVERIFIED_PUBLISH_PATH|DORMANT|PUBLISHER_NOT_MAINTAINER,17,11982,v0.2.0
angular-gettext,2.4.2,19,F,UNVERIFIED_PUBLISH_PATH|DORMANT|SINGLE_MAINTAINER,1,11963,v0.2.0
streaming-markdown,0.2.15,25,F,UNVERIFIED_PUBLISH_PATH|SINGLE_MAINTAINER,1,11963,v0.2.0
'@fontsource/literata,5.3.0,81,B,,2,11954,v0.2.0
jquery-toast-plugin,1.3.2,19,F,UNVERIFIED_PUBLISH_PATH|DORMANT|SINGLE_MAINTAINER,1,11946,v0.2.0
mdb-ui-kit,9.3.0,39,D,UNVERIFIED_PUBLISH_PATH,17,11913,v0.2.0
polyline,0.2.0,14,F,UNVERIFIED_PUBLISH_PATH|DORMANT|SINGLE_MAINTAINER|PUBLISHER_NOT_MAINTAINER|DEPRECATED,1,11911,v0.2.0
textfit,2.4.0,19,F,UNVERIFIED_PUBLISH_PATH|DORMANT|SINGLE_MAINTAINER,1,11905,v0.2.0
focus-within-polyfill,5.2.1,19,F,UNVERIFIED_PUBLISH_PATH|DORMANT|SINGLE_MAINTAINER,1,11898,v0.2.0
'@deltablot/dropzone,7.4.3,69,C,SINGLE_MAINTAINER,1,11883,v0.2.0
a11y-dialog-component,5.5.1,19,F,UNVERIFIED_PUBLISH_PATH|DORMANT|SINGLE_MAINTAINER,1,11882,v0.2.0
devbridge-autocomplete,2.0.4,79,B,SINGLE_MAINTAINER,1,11882,v0.2.0
'@justifi/webcomponents,6.14.3,73,B,SINGLE_MAINTAINER|BRANCH_REQUIRES_PR,1,11874,v0.2.0
'@lskjs/ui,2.8.0,33,F,UNVERIFIED_PUBLISH_PATH|DORMANT,12,11872,v0.2.0
'@sjmc11/tourguidejs,0.0.27,25,F,UNVERIFIED_PUBLISH_PATH|SINGLE_MAINTAINER,1,11865,v0.2.0
nerdamer,1.1.13,33,F,UNVERIFIED_PUBLISH_PATH|DORMANT,2,11803,v0.2.0
'@fontsource/cabin,5.3.0,81,B,,2,11792,v0.2.0
'@wix/auto_sdk_ecom_discounts,1.0.33,30,F,UNVERIFIED_PUBLISH_PATH,11,11767,v0.2.0
'@mediapipe/drawing_utils,0.3.1675466124,24,F,UNVERIFIED_PUBLISH_PATH|DORMANT,8,11741,v0.2.0
leaflet-image,0.4.0,14,F,UNVERIFIED_PUBLISH_PATH|DORMANT|SINGLE_MAINTAINER|PUBLISHER_NOT_MAINTAINER,1,11731,v0.2.0
'@fontsource/cascadia-code,5.3.0,81,B,,2,11727,v0.2.0
vivus,0.4.6,19,F,UNVERIFIED_PUBLISH_PATH|DORMANT|SINGLE_MAINTAINER,1,11703,v0.2.0
just-detect-adblock,1.1.0,19,F,UNVERIFIED_PUBLISH_PATH|DORMANT|SINGLE_MAINTAINER,1,11693,v0.2.0
dohjs,0.3.3,19,F,UNVERIFIED_PUBLISH_PATH|DORMANT|SINGLE_MAINTAINER,1,11678,v0.2.0
'@fontsource-variable/atkinson-hyperlegible-next,5.3.0,81,B,,2,11669,v0.2.0
'@pixelverse/strichjs-sdk,1.16.2,30,F,UNVERIFIED_PUBLISH_PATH|PUBLISHER_NOT_MAINTAINER,2,11668,v0.2.0
'@wix/auto_sdk_data_collections,1.0.89,30,F,UNVERIFIED_PUBLISH_PATH,11,11654,v0.2.0
angularjs-toaster,3.0.0,33,F,UNVERIFIED_PUBLISH_PATH|DORMANT,2,11625,v0.2.0
'@wix/forms,1.0.473,30,F,UNVERIFIED_PUBLISH_PATH,11,11612,v0.2.0
outdated-browser-rework,3.0.1,19,F,UNVERIFIED_PUBLISH_PATH|DORMANT|SINGLE_MAINTAINER,1,11603,v0.2.0
versor,0.2.0,19,F,UNVERIFIED_PUBLISH_PATH|DORMANT|SINGLE_MAINTAINER,1,11600,v0.2.0
'@fontsource/barlow-semi-condensed,5.3.0,81,B,,2,11559,v0.2.0
'@waline/client,3.15.2,82,B,,2,11525,v0.2.0
jsnlog,2.30.0,19,F,UNVERIFIED_PUBLISH_PATH|DORMANT|SINGLE_MAINTAINER,1,11525,v0.2.0
scrollreveal,4.0.9,19,F,UNVERIFIED_PUBLISH_PATH|DORMANT|SINGLE_MAINTAINER,1,11517,v0.2.0
'@wix/headless-blog,0.0.34,30,F,UNVERIFIED_PUBLISH_PATH,11,11499,v0.2.0
markmap-toolbar,0.18.12,25,F,UNVERIFIED_PUBLISH_PATH|SINGLE_MAINTAINER,1,11491,v0.2.0
autotrack,2.4.1,19,F,UNVERIFIED_PUBLISH_PATH|DORMANT|SINGLE_MAINTAINER,1,11476,v0.2.0
siema,1.5.1,14,F,UNVERIFIED_PUBLISH_PATH|DORMANT|SINGLE_MAINTAINER,1,11470,v0.2.0
ng-zorro-antd-mobile,10.0.0,33,F,UNVERIFIED_PUBLISH_PATH|DORMANT,3,11469,v0.2.0
'@coderline/alphatab,1.8.4,25,F,UNVERIFIED_PUBLISH_PATH|SINGLE_MAINTAINER,1,11466,v0.2.0
beercss,4.0.23,87,A,,2,11441,v0.2.0
vosk-browser,0.0.8,19,F,UNVERIFIED_PUBLISH_PATH|DORMANT|SINGLE_MAINTAINER,1,11420,v0.2.0
lightpick,1.6.2,14,F,UNVERIFIED_PUBLISH_PATH|DORMANT|SINGLE_MAINTAINER|PUBLISHER_NOT_MAINTAINER|DEPRECATED,1,11414,v0.2.0
bootstrap-filestyle,1.2.1,19,F,UNVERIFIED_PUBLISH_PATH|DORMANT|SINGLE_MAINTAINER|DEPRECATED,1,11413,v0.2.0
qrcodejs,1.0.0,19,F,UNVERIFIED_PUBLISH_PATH|DORMANT|SINGLE_MAINTAINER,1,11402,v0.2.0
jquery-ajax-unobtrusive,3.2.6,34,F,UNVERIFIED_PUBLISH_PATH|DORMANT|BRANCH_REQUIRES_PR,2,11396,v0.2.0
quill-image-drop-module,1.0.3,19,F,UNVERIFIED_PUBLISH_PATH|DORMANT|SINGLE_MAINTAINER,1,11389,v0.2.0
photoswipe-video-plugin,1.0.2,19,F,UNVERIFIED_PUBLISH_PATH|DORMANT|SINGLE_MAINTAINER,1,11386,v0.2.0
'@wix/auto_sdk_data_sharing,1.0.22,30,F,UNVERIFIED_PUBLISH_PATH,11,11376,v0.2.0
videojs-seek-buttons,3.0.1,19,F,UNVERIFIED_PUBLISH_PATH|DORMANT|SINGLE_MAINTAINER,1,11373,v0.2.0
'@fontsource/cormorant,5.3.0,81,B,,2,11368,v0.2.0
pc-bootstrap4-datetimepicker,4.17.51,19,F,UNVERIFIED_PUBLISH_PATH|DORMANT|SINGLE_MAINTAINER,1,11361,v0.2.0
'@wix/wix-ui-test-utils,1.3.5,30,F,UNVERIFIED_PUBLISH_PATH,6,11357,v0.2.0
'@wix/auto_sdk_data_backups,1.0.66,30,F,UNVERIFIED_PUBLISH_PATH,11,11353,v0.2.0
'@wix/auto_sdk_data_movement-jobs,1.0.56,30,F,UNVERIFIED_PUBLISH_PATH,11,11321,v0.2.0
'@wix/auto_sdk_data_indexes,1.0.53,30,F,UNVERIFIED_PUBLISH_PATH,11,11313,v0.2.0
'@wix/site,1.64.0,30,F,UNVERIFIED_PUBLISH_PATH,11,11305,v0.2.0
'@fontsource/shippori-mincho,5.3.0,81,B,,2,11304,v0.2.0
tween.js,16.6.0,33,F,UNVERIFIED_PUBLISH_PATH|DORMANT|DEPRECATED,2,11297,v0.2.0
'@wix/auto_sdk_data_permissions,1.0.50,30,F,UNVERIFIED_PUBLISH_PATH,11,11267,v0.2.0
'@wix/auto_sdk_data_external-database-connections,1.0.49,30,F,UNVERIFIED_PUBLISH_PATH,11,11261,v0.2.0
'@fontsource/overpass,5.3.0,81,B,,2,11252,v0.2.0
'@wix/auto_sdk_data_tasks,1.0.40,30,F,UNVERIFIED_PUBLISH_PATH,11,11245,v0.2.0
detect-incognito,1.0.0,19,F,UNVERIFIED_PUBLISH_PATH|DORMANT|SINGLE_MAINTAINER,1,11237,v0.2.0
'@wix/authentication,1.16.0,30,F,UNVERIFIED_PUBLISH_PATH,11,11180,v0.2.0
fetch-polyfill,0.8.2,19,F,UNVERIFIED_PUBLISH_PATH|DORMANT|SINGLE_MAINTAINER,1,11179,v0.2.0
invokers-polyfill,1.0.3,73,B,SINGLE_MAINTAINER,1,11150,v0.2.0
'@wix/auto_sdk_data_external-database,1.0.30,30,F,UNVERIFIED_PUBLISH_PATH,11,11146,v0.2.0
'@fontsource/m-plus-rounded-1c,5.3.0,81,B,,2,11136,v0.2.0
easytimer.js,4.6.0,19,F,UNVERIFIED_PUBLISH_PATH|DORMANT|SINGLE_MAINTAINER,1,11135,v0.2.0
systemjs-plugin-babel,0.0.25,19,F,UNVERIFIED_PUBLISH_PATH|DORMANT|SINGLE_MAINTAINER,1,11129,v0.2.0
leaflet-arrowheads,1.4.0,15,F,UNVERIFIED_PUBLISH_PATH|DORMANT|SINGLE_MAINTAINER,1,11127,v0.2.0
'@material/mwc-circular-progress,0.27.0,39,D,UNVERIFIED_PUBLISH_PATH|DORMANT|DEPRECATED,14,11120,v0.2.0
knockout-mapping,2.6.0,19,F,UNVERIFIED_PUBLISH_PATH|DORMANT|SINGLE_MAINTAINER,1,11103,v0.2.0
'@wix/form-public,0.324.0,30,F,UNVERIFIED_PUBLISH_PATH,11,11101,v0.2.0
leader-line-new,1.1.9,19,F,UNVERIFIED_PUBLISH_PATH|DORMANT|SINGLE_MAINTAINER,1,11094,v0.2.0
'@fontsource/cardo,5.3.0,81,B,,2,11088,v0.2.0
blazy,1.8.2,19,F,UNVERIFIED_PUBLISH_PATH|DORMANT|SINGLE_MAINTAINER,1,11061,v0.2.0
'@corva/ui,3.68.1,35,D,UNVERIFIED_PUBLISH_PATH,16,11058,v0.2.0
'@saasquatch/squatch-js,2.8.4,45,D,UNVERIFIED_PUBLISH_PATH,10,11057,v0.2.0
'@fontsource-variable/arimo,5.3.0,81,B,,2,11048,v0.2.0
polyline-encoded,0.0.9,19,F,UNVERIFIED_PUBLISH_PATH|DORMANT|SINGLE_MAINTAINER,1,11037,v0.2.0
alova,3.5.3,26,F,UNVERIFIED_PUBLISH_PATH|SINGLE_MAINTAINER,1,11028,v0.2.0
shopar-plugin,1.2.2,21,F,UNVERIFIED_PUBLISH_PATH|SINGLE_MAINTAINER,1,11005,v0.2.0
'@rajesh896/broprint.js,3.0.0,38,D,UNVERIFIED_PUBLISH_PATH|SINGLE_MAINTAINER,1,11001,v0.2.0
videojs-contrib-quality-menu,1.0.4,35,D,UNVERIFIED_PUBLISH_PATH,18,10997,v0.2.0
'@fontsource/exo-2,5.3.0,81,B,,2,10960,v0.2.0
jquery.ui.widget,1.10.3,20,F,UNVERIFIED_PUBLISH_PATH|DORMANT|SINGLE_MAINTAINER,1,10943,v0.2.0
'@joemasilotti/bridge-components,0.13.2,25,F,UNVERIFIED_PUBLISH_PATH|SINGLE_MAINTAINER,1,10941,v0.2.0
'@wix/headless-cms,0.0.50,30,F,UNVERIFIED_PUBLISH_PATH,11,10916,v0.2.0
copy-image-clipboard,2.1.2,15,F,UNVERIFIED_PUBLISH_PATH|DORMANT|SINGLE_MAINTAINER,1,10916,v0.2.0
leaflet-easybutton,2.4.0,19,F,UNVERIFIED_PUBLISH_PATH|DORMANT|SINGLE_MAINTAINER,1,10908,v0.2.0
'@yandex/ymaps3-clusterer,0.0.12,35,D,UNVERIFIED_PUBLISH_PATH,2,10895,v0.2.0
'@fontsource-variable/spline-sans-mono,5.3.0,81,B,,2,10892,v0.2.0
videojs-http-source-selector,1.1.6,19,F,UNVERIFIED_PUBLISH_PATH|DORMANT|SINGLE_MAINTAINER,1,10884,v0.2.0
react-owl-carousel,2.3.3,19,F,UNVERIFIED_PUBLISH_PATH|DORMANT|SINGLE_MAINTAINER,1,10881,v0.2.0
'@fontsource-variable/noto-serif-jp,5.3.0,81,B,,2,10870,v0.2.0
'@sweetalert2/theme-dark,5.0.27,25,F,UNVERIFIED_PUBLISH_PATH|SINGLE_MAINTAINER|DEPRECATED,1,10865,v0.2.0
x-editable,1.5.1,19,F,UNVERIFIED_PUBLISH_PATH|DORMANT|SINGLE_MAINTAINER,1,10819,v0.2.0
code-prettify,0.1.0,19,F,UNVERIFIED_PUBLISH_PATH|DORMANT|SINGLE_MAINTAINER,1,10810,v0.2.0
ogv,1.9.0,19,F,UNVERIFIED_PUBLISH_PATH|DORMANT|SINGLE_MAINTAINER,1,10810,v0.2.0
'@fontsource-variable/google-sans-flex,5.3.0,81,B,,2,10788,v0.2.0
hyphenopoly,6.1.0,25,F,UNVERIFIED_PUBLISH_PATH|SINGLE_MAINTAINER,1,10759,v0.2.0
slickgrid,5.18.6,87,A,,2,10713,v0.2.0
devextreme-aspnet-data,5.1.0,47,D,UNVERIFIED_PUBLISH_PATH,3,10710,v0.2.0
spectrum-colorpicker2,2.0.10,15,F,UNVERIFIED_PUBLISH_PATH|DORMANT|SINGLE_MAINTAINER,1,10704,v0.2.0
charts.css,1.2.0,25,F,UNVERIFIED_PUBLISH_PATH|SINGLE_MAINTAINER,1,10663,v0.2.0
'@fontsource-variable/noto-sans-hebrew,5.3.0,81,B,,2,10655,v0.2.0
'@salutejs/plasma-icons,1.243.0,46,D,UNVERIFIED_PUBLISH_PATH,4,10655,v0.2.0
editorjs-text-alignment-blocktune,1.0.3,19,F,UNVERIFIED_PUBLISH_PATH|DORMANT|SINGLE_MAINTAINER,1,10611,v0.2.0
angular-jwt,0.1.11,35,D,UNVERIFIED_PUBLISH_PATH|DORMANT|PUBLISHER_NOT_MAINTAINER,21,10592,v0.2.0
ng-dialog,1.4.0,33,F,UNVERIFIED_PUBLISH_PATH|DORMANT,3,10590,v0.2.0
material-dynamic-colors,1.1.4,63,C,SINGLE_MAINTAINER,1,10574,v0.2.0
'@egjs/grid,1.18.0,39,D,UNVERIFIED_PUBLISH_PATH,12,10561,v0.2.0
card,2.5.4,33,F,UNVERIFIED_PUBLISH_PATH|DORMANT,2,10546,v0.2.0
dijit,1.17.3,33,F,UNVERIFIED_PUBLISH_PATH|DORMANT,2,10541,v0.2.0
axios-jsonp,1.0.4,19,F,UNVERIFIED_PUBLISH_PATH|DORMANT|SINGLE_MAINTAINER,1,10539,v0.2.0
currency-flags,4.0.7,33,F,UNVERIFIED_PUBLISH_PATH|DORMANT|DEPRECATED,4,10539,v0.2.0
vwo-fme-node-sdk,1.60.0,25,F,UNVERIFIED_PUBLISH_PATH|SINGLE_MAINTAINER,1,10530,v0.2.0
'@fontsource-variable/cabin,5.3.0,81,B,,2,10509,v0.2.0
togeojson,0.16.0,21,F,UNVERIFIED_PUBLISH_PATH|DORMANT|SINGLE_MAINTAINER|PUBLISHER_NOT_MAINTAINER|DEPRECATED,1,10505,v0.2.0
handy-scroll,2.0.6,25,F,UNVERIFIED_PUBLISH_PATH|SINGLE_MAINTAINER,1,10504,v0.2.0
'@mappedin/mappedin-js,6.22.0,21,F,UNVERIFIED_PUBLISH_PATH|SINGLE_MAINTAINER,1,10490,v0.2.0
first-input-delay,0.1.3,19,F,UNVERIFIED_PUBLISH_PATH|DORMANT|SINGLE_MAINTAINER,1,10479,v0.2.0
pathseg,1.2.1,19,F,UNVERIFIED_PUBLISH_PATH|DORMANT|SINGLE_MAINTAINER,1,10456,v0.2.0
jkanban,1.3.1,19,F,UNVERIFIED_PUBLISH_PATH|DORMANT|SINGLE_MAINTAINER,1,10454,v0.2.0
'@fontsource-variable/unbounded,5.3.0,81,B,,2,10451,v0.2.0
'@skbkontur/react-ui,6.1.5,39,D,UNVERIFIED_PUBLISH_PATH,13,10422,v0.2.0
a-color-picker,1.2.1,19,F,UNVERIFIED_PUBLISH_PATH|DORMANT|SINGLE_MAINTAINER,1,10412,v0.2.0
'@canva/app-ui-kit,5.13.0,21,F,UNVERIFIED_PUBLISH_PATH|SINGLE_MAINTAINER,1,10373,v0.2.0
biel-search,0.1.85,25,F,UNVERIFIED_PUBLISH_PATH|SINGLE_MAINTAINER,1,10351,v0.2.0
moment-timezone-all,0.5.5,19,F,UNVERIFIED_PUBLISH_PATH|DORMANT|SINGLE_MAINTAINER,1,10313,v0.2.0
js-xlsx,0.8.22,19,F,UNVERIFIED_PUBLISH_PATH|DORMANT|SINGLE_MAINTAINER,1,10267,v0.2.0
'@fontsource/prompt,5.3.0,81,B,,2,10254,v0.2.0
'@mediapipe/tasks-genai,0.10.29,30,F,UNVERIFIED_PUBLISH_PATH,8,10250,v0.2.0
'@jupyter-widgets/html-manager,1.0.14,39,D,UNVERIFIED_PUBLISH_PATH,8,10216,v0.2.0
jquery-csv,1.0.40,46,D,DORMANT|SINGLE_MAINTAINER,1,10213,v0.2.0
'@litertjs/core,2.5.3,40,D,UNVERIFIED_PUBLISH_PATH,4,10206,v0.2.0
'@wix/auto_sdk_data_scheduled-workflows,1.0.8,30,F,UNVERIFIED_PUBLISH_PATH,11,10203,v0.2.0
'@openui5/themelib_sap_belize,1.150.0,34,F,UNVERIFIED_PUBLISH_PATH,2,10192,v0.2.0
'@fontsource-variable/noto-serif-sc,5.3.0,81,B,,2,10162,v0.2.0
photoeditorsdk,5.20.0,39,D,UNVERIFIED_PUBLISH_PATH,12,10099,v0.2.0
'@millicast/sdk,0.6.1,34,F,UNVERIFIED_PUBLISH_PATH|PUBLISHER_NOT_MAINTAINER|BRANCH_REQUIRES_PR,5,10098,v0.2.0
'@raruto/leaflet-elevation,2.5.2,25,F,UNVERIFIED_PUBLISH_PATH|SINGLE_MAINTAINER,1,10091,v0.2.0
'@thi.ng/vectors,8.6.38,21,F,UNVERIFIED_PUBLISH_PATH|SINGLE_MAINTAINER,1,10082,v0.2.0
'@farmfe/core,1.7.11,34,F,UNVERIFIED_PUBLISH_PATH,3,10074,v0.2.0
'@eastdesire/jscolor,2.5.2,19,F,UNVERIFIED_PUBLISH_PATH|DORMANT|SINGLE_MAINTAINER,1,10059,v0.2.0
'@wix/auto_sdk_forms_form-submissions,1.0.22,30,F,UNVERIFIED_PUBLISH_PATH,11,10037,v0.2.0
abp-web-resources,6.1.0,39,D,UNVERIFIED_PUBLISH_PATH,2,10026,v0.2.0
'@wix/auto_sdk_ecom_delivery-profile,1.0.429,30,F,UNVERIFIED_PUBLISH_PATH,11,10025,v0.2.0
resize-sensor,0.0.6,19,F,UNVERIFIED_PUBLISH_PATH|DORMANT|SINGLE_MAINTAINER,1,10021,v0.2.0
bootstrap-italia,2.18.2,39,D,UNVERIFIED_PUBLISH_PATH,3,10005,v0.2.0
rater-js,1.0.1,19,F,UNVERIFIED_PUBLISH_PATH|DORMANT|SINGLE_MAINTAINER,1,10004,v0.2.0
respond.js,1.4.2,14,F,UNVERIFIED_PUBLISH_PATH|DORMANT|SINGLE_MAINTAINER,1,10002,v0.2.0
visionscarto-world-atlas,1.0.0,19,F,UNVERIFIED_PUBLISH_PATH|DORMANT|SINGLE_MAINTAINER,1,10001,v0.2.0
fullpage.js,4.0.41,31,F,UNVERIFIED_PUBLISH_PATH|SINGLE_MAINTAINER,1,9998,v0.2.0
smartwizard,7.0.2,25,F,UNVERIFIED_PUBLISH_PATH|SINGLE_MAINTAINER,1,9997,v0.2.0
'@fontsource-variable/frank-ruhl-libre,5.3.0,81,B,,2,9991,v0.2.0
nodelist-foreach-polyfill,1.2.0,19,F,UNVERIFIED_PUBLISH_PATH|DORMANT|SINGLE_MAINTAINER,1,9959,v0.2.0
'@lottiefiles/lottie-interactivity,1.6.2,33,F,UNVERIFIED_PUBLISH_PATH|DORMANT,2,9924,v0.2.0
ngmap,1.18.5,19,F,UNVERIFIED_PUBLISH_PATH|DORMANT|SINGLE_MAINTAINER,1,9913,v0.2.0
'@fontsource/noto-serif-kr,5.3.0,81,B,,2,9907,v0.2.0
'@wix/auto_sdk_ecom_payment-settings,1.0.137,30,F,UNVERIFIED_PUBLISH_PATH,11,9907,v0.2.0
php-unserialize,0.0.1,14,F,UNVERIFIED_PUBLISH_PATH|DORMANT|SINGLE_MAINTAINER,1,9893,v0.2.0
'@wix/auto_sdk_categories_categories,1.0.127,30,F,UNVERIFIED_PUBLISH_PATH,11,9890,v0.2.0
'@fontsource-variable/alegreya,5.3.0,81,B,,2,9883,v0.2.0
'@yandex/ymaps3-context-menu,0.0.2,35,D,UNVERIFIED_PUBLISH_PATH,2,9879,v0.2.0
js-marker-clusterer,1.0.0,19,F,UNVERIFIED_PUBLISH_PATH|DORMANT|SINGLE_MAINTAINER,1,9868,v0.2.0
rhino3dm,8.17.0,34,F,UNVERIFIED_PUBLISH_PATH,3,9861,v0.2.0
'@wix/auto_sdk_forms_submissions,1.0.143,30,F,UNVERIFIED_PUBLISH_PATH,11,9858,v0.2.0
'@wix/auto_sdk_ecom_catalog,1.0.59,30,F,UNVERIFIED_PUBLISH_PATH,11,9852,v0.2.0
'@egjs/view360,3.6.4,33,F,UNVERIFIED_PUBLISH_PATH|DORMANT,12,9834,v0.2.0
'@vkontakte/icons,3.64.0,94,A,,2,9824,v0.2.0
jquery-datatables-checkboxes,1.3.0,19,F,UNVERIFIED_PUBLISH_PATH|DORMANT|SINGLE_MAINTAINER,1,9821,v0.2.0
iview,3.5.4,33,F,UNVERIFIED_PUBLISH_PATH|DORMANT,8,9813,v0.2.0
blueimp-gallery,3.4.0,19,F,UNVERIFIED_PUBLISH_PATH|DORMANT|SINGLE_MAINTAINER,1,9812,v0.2.0
'@stimulus-components/dialog,1.0.1,14,F,UNVERIFIED_PUBLISH_PATH|DORMANT|SINGLE_MAINTAINER,1,9810,v0.2.0
vimeo-froogaloop2,0.1.1,19,F,UNVERIFIED_PUBLISH_PATH|DORMANT|SINGLE_MAINTAINER,1,9794,v0.2.0
cnchar-data,1.1.0,19,F,UNVERIFIED_PUBLISH_PATH|DORMANT|SINGLE_MAINTAINER,1,9793,v0.2.0
'@wix/unidriver-jsdom-react-legacy,1.5.5,30,F,UNVERIFIED_PUBLISH_PATH,11,9786,v0.2.0
'@notabene/javascript-sdk,2.19.1,50,C,INCONSISTENT_PUBLISH_PATH|PUBLISHER_NOT_MAINTAINER,5,9784,v0.2.0
devtools-detector,2.0.25,20,F,UNVERIFIED_PUBLISH_PATH|SINGLE_MAINTAINER,1,9784,v0.2.0
'@wix/unidriver-core,1.5.5,30,F,UNVERIFIED_PUBLISH_PATH,11,9779,v0.2.0
'@jspreadsheet/formula-pro,6.0.8,25,F,UNVERIFIED_PUBLISH_PATH|SINGLE_MAINTAINER,1,9774,v0.2.0
'@fontsource/unbounded,5.3.0,81,B,,2,9770,v0.2.0
'@fontsource-variable/red-hat-text,5.3.0,81,B,,2,9746,v0.2.0
'@microsoft/mgt,4.6.1,52,C,UNVERIFIED_PUBLISH_PATH,3,9745,v0.2.0
'@snowplow/browser-plugin-optimizely-x,4.9.0,39,D,UNVERIFIED_PUBLISH_PATH,3,9741,v0.2.0
leaflet-spin,1.1.2,33,F,UNVERIFIED_PUBLISH_PATH|DORMANT,6,9741,v0.2.0
mathquill,0.10.1-a,28,F,UNVERIFIED_PUBLISH_PATH|DORMANT|PUBLISHER_NOT_MAINTAINER,2,9739,v0.2.0
nepali-date-converter,3.4.0,25,F,UNVERIFIED_PUBLISH_PATH|SINGLE_MAINTAINER,1,9710,v0.2.0
editorjs-toggle-block,0.3.16,39,D,UNVERIFIED_PUBLISH_PATH|DORMANT,2,9698,v0.2.0
mdi,2.2.43,19,F,UNVERIFIED_PUBLISH_PATH|DORMANT|SINGLE_MAINTAINER|DEPRECATED,1,9686,v0.2.0
'@fontsource-variable/libre-baskerville,5.3.0,81,B,,2,9656,v0.2.0
vue-rx,6.2.0,19,F,UNVERIFIED_PUBLISH_PATH|DORMANT|SINGLE_MAINTAINER,1,9655,v0.2.0
'@alpinejs/resize,3.15.12,63,C,INCONSISTENT_PUBLISH_PATH|SINGLE_MAINTAINER,1,9627,v0.2.0
file-system-access,1.0.4,19,F,UNVERIFIED_PUBLISH_PATH|DORMANT|SINGLE_MAINTAINER,1,9624,v0.2.0
sushi,7.3.0,34,F,UNVERIFIED_PUBLISH_PATH,2,9605,v0.2.0
typeface-poppins,1.1.13,14,F,UNVERIFIED_PUBLISH_PATH|DORMANT|SINGLE_MAINTAINER,1,9605,v0.2.0
'@trimble-oss/modus-icons,1.21.0,46,D,UNVERIFIED_PUBLISH_PATH,8,9604,v0.2.0
jgrowl,1.5.1,19,F,UNVERIFIED_PUBLISH_PATH|DORMANT|SINGLE_MAINTAINER,1,9589,v0.2.0
babylonjs-loaders,9.18.0,25,F,UNVERIFIED_PUBLISH_PATH|SINGLE_MAINTAINER,1,9581,v0.2.0
editorjs-text-color-plugin,2.0.4,19,F,UNVERIFIED_PUBLISH_PATH|DORMANT|SINGLE_MAINTAINER,1,9563,v0.2.0
'@mcp-b/global,4.0.0,71,B,INCONSISTENT_PUBLISH_PATH|SINGLE_MAINTAINER,1,9555,v0.2.0
'@grapecity/spread-excelio,18.2.5,30,F,UNVERIFIED_PUBLISH_PATH,2,9549,v0.2.0
hanzi-writer,3.7.3,25,F,UNVERIFIED_PUBLISH_PATH|SINGLE_MAINTAINER,1,9523,v0.2.0
ngx-scanner-qrcode,1.8.1,20,F,UNVERIFIED_PUBLISH_PATH|SINGLE_MAINTAINER,1,9511,v0.2.0
'@iconify-json/fa-solid,1.2.2,21,F,UNVERIFIED_PUBLISH_PATH|SINGLE_MAINTAINER,1,9504,v0.2.0
js-image-zoom,0.7.0,14,F,UNVERIFIED_PUBLISH_PATH|DORMANT|SINGLE_MAINTAINER,1,9493,v0.2.0
'@fontsource-variable/domine,5.3.0,81,B,,2,9489,v0.2.0
'@wix/auto_sdk_forms_interactive-form-sessions,1.0.70,30,F,UNVERIFIED_PUBLISH_PATH,11,9487,v0.2.0
'@wix/auto_sdk_ecom_cart-v-2,1.0.170,30,F,UNVERIFIED_PUBLISH_PATH,11,9479,v0.2.0
winbox,0.2.82,19,F,UNVERIFIED_PUBLISH_PATH|DORMANT|SINGLE_MAINTAINER,1,9479,v0.2.0
'@fontsource/sacramento,5.3.0,81,B,,2,9464,v0.2.0
vh-check,2.0.5,19,F,UNVERIFIED_PUBLISH_PATH|DORMANT|SINGLE_MAINTAINER,1,9459,v0.2.0
'@snowplow/browser-plugin-ecommerce,3.24.6,33,F,UNVERIFIED_PUBLISH_PATH|DORMANT,3,9438,v0.2.0
'@fontsource-variable/noto-sans-hk,5.3.0,81,B,,2,9427,v0.2.0
angular-material-icons,0.7.1,19,F,UNVERIFIED_PUBLISH_PATH|DORMANT|SINGLE_MAINTAINER,1,9383,v0.2.0
jquery-datepicker,1.12.3,15,F,UNVERIFIED_PUBLISH_PATH|DORMANT|SINGLE_MAINTAINER,1,9381,v0.2.0
vega-datasets,3.2.1,39,D,UNVERIFIED_PUBLISH_PATH,6,9379,v0.2.0
satellizer,0.15.5,19,F,UNVERIFIED_PUBLISH_PATH|DORMANT|SINGLE_MAINTAINER,1,9377,v0.2.0
mdui,2.1.5,20,F,UNVERIFIED_PUBLISH_PATH|SINGLE_MAINTAINER,1,9376,v0.2.0
'@fontsource/mona-sans,5.3.0,81,B,,2,9371,v0.2.0
leaflet-measure,3.1.0,19,F,UNVERIFIED_PUBLISH_PATH|DORMANT|SINGLE_MAINTAINER,1,9330,v0.2.0
'@wix/auto_sdk_ecom_shipping-options,1.0.191,30,F,UNVERIFIED_PUBLISH_PATH,11,9329,v0.2.0
orgchart,5.0.0,19,F,UNVERIFIED_PUBLISH_PATH|DORMANT|SINGLE_MAINTAINER,1,9327,v0.2.0
'@fontsource-variable/jost,5.3.0,81,B,,2,9312,v0.2.0
ol-layerswitcher,4.1.2,33,F,UNVERIFIED_PUBLISH_PATH|DORMANT,2,9311,v0.2.0
scandit-sdk,5.15.0,24,F,UNVERIFIED_PUBLISH_PATH|DORMANT|DEPRECATED,4,9310,v0.2.0
'@fontsource/comic-neue,5.3.0,81,B,,2,9309,v0.2.0
'@microsoft/agents-copilotstudio-client,1.7.1,47,D,UNVERIFIED_PUBLISH_PATH,2,9302,v0.2.0
'@snowplow/browser-plugin-enhanced-ecommerce,4.9.0,39,D,UNVERIFIED_PUBLISH_PATH,3,9297,v0.2.0
famfamfam-flags,1.0.0,19,F,UNVERIFIED_PUBLISH_PATH|DORMANT|SINGLE_MAINTAINER,1,9296,v0.2.0
blaze-slider,1.9.3,15,F,UNVERIFIED_PUBLISH_PATH|DORMANT|SINGLE_MAINTAINER,1,9291,v0.2.0
jquery-confirm,3.3.4,19,F,UNVERIFIED_PUBLISH_PATH|DORMANT|SINGLE_MAINTAINER,1,9275,v0.2.0
uevent,3.0.0,25,F,UNVERIFIED_PUBLISH_PATH|SINGLE_MAINTAINER,1,9267,v0.2.0
'@1money/react-ui,1.17.3,52,C,INCONSISTENT_PUBLISH_PATH|SINGLE_MAINTAINER,1,9256,v0.2.0
'@pnotify/core,5.2.0,19,F,UNVERIFIED_PUBLISH_PATH|DORMANT|SINGLE_MAINTAINER,1,9244,v0.2.0
source-sans-pro,3.6.0,19,F,UNVERIFIED_PUBLISH_PATH|DORMANT|SINGLE_MAINTAINER|DEPRECATED,1,9228,v0.2.0
'@dragdroptouch/drag-drop-touch,2.0.3,39,D,UNVERIFIED_PUBLISH_PATH,2,9224,v0.2.0
'@splidejs/splide-extension-grid,0.4.1,19,F,UNVERIFIED_PUBLISH_PATH|DORMANT|SINGLE_MAINTAINER,1,9213,v0.2.0
'@wix/metro-runtime,1.2121.0,30,F,UNVERIFIED_PUBLISH_PATH,11,9203,v0.2.0
'@marimo-team/frontend,0.23.15,95,A,,2,9161,v0.2.0
webui-popover,1.2.18,19,F,UNVERIFIED_PUBLISH_PATH|DORMANT|SINGLE_MAINTAINER,1,9158,v0.2.0
jquery-deparam,0.5.3,33,F,UNVERIFIED_PUBLISH_PATH|DORMANT,2,9123,v0.2.0
jqwidgets-scripts,26.0.0,34,F,UNVERIFIED_PUBLISH_PATH,2,9109,v0.2.0
'@ivanv/vue-collapse-transition,1.0.2,19,F,UNVERIFIED_PUBLISH_PATH|DORMANT|SINGLE_MAINTAINER,1,9104,v0.2.0
toastedjs,0.0.2,19,F,UNVERIFIED_PUBLISH_PATH|DORMANT|SINGLE_MAINTAINER,1,9091,v0.2.0
'@flagship.io/js-sdk,5.2.0,87,A,,4,9089,v0.2.0
'@lucide/icons,1.26.0,58,C,INCONSISTENT_PUBLISH_PATH|SINGLE_MAINTAINER,1,9079,v0.2.0
'@fontsource-variable/noto-sans-gujarati,5.3.0,81,B,,2,9075,v0.2.0
leaflet-minimap,3.6.1,19,F,UNVERIFIED_PUBLISH_PATH|DORMANT|SINGLE_MAINTAINER,1,9065,v0.2.0
bitmovin-analytics,2.58.0,21,F,UNVERIFIED_PUBLISH_PATH|SINGLE_MAINTAINER,1,9057,v0.2.0
'@wix/headless-forms,0.0.45,30,F,UNVERIFIED_PUBLISH_PATH,6,9052,v0.2.0
'@wix/auto_sdk_ecom_tax-calculation-provider,1.0.30,30,F,UNVERIFIED_PUBLISH_PATH,11,9049,v0.2.0
'@fontsource-variable/noto-sans-lao,5.3.0,81,B,,2,9045,v0.2.0
'@fontsource/allura,5.3.0,81,B,,2,9042,v0.2.0
bootstrap-social,5.1.1,19,F,UNVERIFIED_PUBLISH_PATH|DORMANT|SINGLE_MAINTAINER,1,9042,v0.2.0
'@wix/auto_sdk_ecom_totals-calculator,1.0.109,30,F,UNVERIFIED_PUBLISH_PATH,11,9037,v0.2.0
leaflet-textpath,1.3.0,39,D,UNVERIFIED_PUBLISH_PATH,7,9025,v0.2.0
'@alova/shared,1.3.4,26,F,UNVERIFIED_PUBLISH_PATH|SINGLE_MAINTAINER,1,9023,v0.2.0
tether-drop,1.4.2,28,F,UNVERIFIED_PUBLISH_PATH|DORMANT|PUBLISHER_NOT_MAINTAINER,10,9021,v0.2.0
anthropic,0.0.0,19,F,UNVERIFIED_PUBLISH_PATH|DORMANT|PUBLISHER_NOT_MAINTAINER,14,9015,v0.2.0
'@photo-sphere-viewer/autorotate-plugin,5.14.3,73,B,SINGLE_MAINTAINER,1,9011,v0.2.0
'@spectrum-web-components/core,0.3.0,84,B,INCONSISTENT_PUBLISH_PATH,9,8966,v0.2.0
'@wix/auto_sdk_ecom_cart,1.0.170,30,F,UNVERIFIED_PUBLISH_PATH,11,8944,v0.2.0
moment-recur,1.0.7,19,F,UNVERIFIED_PUBLISH_PATH|DORMANT|SINGLE_MAINTAINER,1,8941,v0.2.0
'@fontsource-variable/roboto-slab,5.3.0,81,B,,2,8938,v0.2.0
public-google-sheets-parser,1.5.4,26,F,UNVERIFIED_PUBLISH_PATH|DORMANT|SINGLE_MAINTAINER,1,8933,v0.2.0
cal-sans,1.0.1,33,F,UNVERIFIED_PUBLISH_PATH|DORMANT,10,8926,v0.2.0
jquery-bridget,3.0.1,19,F,UNVERIFIED_PUBLISH_PATH|DORMANT|SINGLE_MAINTAINER,1,8925,v0.2.0
'@preline/dropdown,4.2.0,39,D,UNVERIFIED_PUBLISH_PATH,3,8901,v0.2.0
sticky-kit,1.1.3,19,F,UNVERIFIED_PUBLISH_PATH|DORMANT|SINGLE_MAINTAINER,1,8898,v0.2.0
js-brasil,2.8.0,25,F,UNVERIFIED_PUBLISH_PATH|SINGLE_MAINTAINER,1,8897,v0.2.0
macy,2.5.1,33,F,UNVERIFIED_PUBLISH_PATH|DORMANT,2,8897,v0.2.0
'@wix/auto_sdk_ecom_additional-fees,1.0.48,30,F,UNVERIFIED_PUBLISH_PATH,11,8892,v0.2.0
'@silvermine/videojs-chromecast,1.5.0,33,F,UNVERIFIED_PUBLISH_PATH|DORMANT,5,8891,v0.2.0
splitting,1.1.0,19,F,UNVERIFIED_PUBLISH_PATH|DORMANT|SINGLE_MAINTAINER,1,8871,v0.2.0
'@mojs/core,1.7.1,19,F,UNVERIFIED_PUBLISH_PATH|DORMANT|SINGLE_MAINTAINER,1,8870,v0.2.0
jsmediatags,3.9.7,19,F,UNVERIFIED_PUBLISH_PATH|DORMANT|SINGLE_MAINTAINER,1,8862,v0.2.0
'@expo-google-fonts/raleway,0.4.2,39,D,UNVERIFIED_PUBLISH_PATH,4,8852,v0.2.0
marked-linkify-it,4.0.1,73,B,SINGLE_MAINTAINER,1,8841,v0.2.0
'@wix/auto_sdk_ecom_tip-settings,1.0.53,30,F,UNVERIFIED_PUBLISH_PATH,11,8829,v0.2.0
'@inlang/message-lint-rule-missing-translation,1.4.8,24,F,UNVERIFIED_PUBLISH_PATH|DORMANT,2,8819,v0.2.0
lg-thumbnail,1.2.1,19,F,UNVERIFIED_PUBLISH_PATH|DORMANT|SINGLE_MAINTAINER,1,8816,v0.2.0
'@withfig/autocomplete,2.692.3,46,D,UNVERIFIED_PUBLISH_PATH,7,8814,v0.2.0
'@wix/auto_sdk_ecom_subscription-contracts,1.0.120,30,F,UNVERIFIED_PUBLISH_PATH,11,8809,v0.2.0
'@wix/auto_sdk_ecom_orders,1.0.273,30,F,UNVERIFIED_PUBLISH_PATH,11,8805,v0.2.0
'@fontsource/metropolis,5.3.0,81,B,,2,8803,v0.2.0
'@marcreichel/alpine-autosize,1.3.3,19,F,UNVERIFIED_PUBLISH_PATH|DORMANT|SINGLE_MAINTAINER,1,8799,v0.2.0
'@geoman-io/maplibre-geoman-free,0.8.4,79,B,SINGLE_MAINTAINER,1,8795,v0.2.0
'@fontsource/comfortaa,5.3.0,81,B,,2,8794,v0.2.0
'@openrewrite/rewrite,8.87.7,72,B,INCONSISTENT_PUBLISH_PATH,6,8786,v0.2.0
notiflix,3.2.8,39,D,UNVERIFIED_PUBLISH_PATH|DORMANT,2,8785,v0.2.0
raty-js,4.3.0,19,F,UNVERIFIED_PUBLISH_PATH|DORMANT|SINGLE_MAINTAINER,1,8785,v0.2.0
'@alpinejs/ui,3.15.12,63,C,INCONSISTENT_PUBLISH_PATH|SINGLE_MAINTAINER,1,8777,v0.2.0
'@wix/auto_sdk_ecom_order-billing,1.0.95,30,F,UNVERIFIED_PUBLISH_PATH,11,8763,v0.2.0
angular-nvd3,1.0.9,19,F,UNVERIFIED_PUBLISH_PATH|DORMANT|SINGLE_MAINTAINER,1,8744,v0.2.0
'@wix/auto_sdk_ecom_order-payment-requests,1.0.62,30,F,UNVERIFIED_PUBLISH_PATH,11,8742,v0.2.0
'@wix/auto_sdk_forms_form-spam-submission-reports,1.0.37,30,F,UNVERIFIED_PUBLISH_PATH,11,8742,v0.2.0
'@babylonjs/viewer,9.18.0,25,F,UNVERIFIED_PUBLISH_PATH|SINGLE_MAINTAINER,1,8740,v0.2.0
'@vant/touch-emulator,1.5.0,26,F,UNVERIFIED_PUBLISH_PATH|SINGLE_MAINTAINER,1,8739,v0.2.0
'@wix/auto_sdk_forms_chat-settings,1.0.25,30,F,UNVERIFIED_PUBLISH_PATH,11,8730,v0.2.0
htmx-ext-sse,2.2.4,39,D,UNVERIFIED_PUBLISH_PATH,2,8724,v0.2.0
'@fontsource-variable/geologica,5.3.0,81,B,,2,8719,v0.2.0
'@wix/auto_sdk_ecom_recommendations-provider,1.0.32,30,F,UNVERIFIED_PUBLISH_PATH,11,8712,v0.2.0
chartjs-plugin-colorschemes,0.4.0,19,F,UNVERIFIED_PUBLISH_PATH|DORMANT|SINGLE_MAINTAINER,1,8706,v0.2.0
'@snowplow/browser-plugin-media-tracking,4.9.0,39,D,UNVERIFIED_PUBLISH_PATH,3,8703,v0.2.0
'@wix/auto_sdk_ecom_order-transactions,1.0.100,30,F,UNVERIFIED_PUBLISH_PATH,11,8697,v0.2.0
'@wix/auto_sdk_ecom_checkout-settings,1.0.67,30,F,UNVERIFIED_PUBLISH_PATH,11,8688,v0.2.0
'@wix/auto_sdk_ecom_checkout-templates,1.0.145,30,F,UNVERIFIED_PUBLISH_PATH,11,8688,v0.2.0
'@tesseract.js-data/chi_sim,1.0.0,19,F,UNVERIFIED_PUBLISH_PATH|DORMANT|SINGLE_MAINTAINER,1,8678,v0.2.0
'@alaskaairux/icons,5.25.0,32,F,UNVERIFIED_PUBLISH_PATH|SINGLE_MAINTAINER,1,8671,v0.2.0
'@govtechsg/sgds-web-component,3.25.0,34,F,UNVERIFIED_PUBLISH_PATH,14,8665,v0.2.0
dsbridge,3.1.4,10,F,UNVERIFIED_PUBLISH_PATH|DORMANT|SINGLE_MAINTAINER,1,8655,v0.2.0
'@wix/auto_sdk_ecom_draft-orders,1.0.163,30,F,UNVERIFIED_PUBLISH_PATH,11,8651,v0.2.0
bulma-tooltip,3.0.2,28,F,UNVERIFIED_PUBLISH_PATH|DORMANT|PUBLISHER_NOT_MAINTAINER|DEPRECATED,2,8640,v0.2.0
riot,10.1.5,25,F,UNVERIFIED_PUBLISH_PATH|SINGLE_MAINTAINER,1,8636,v0.2.0
simple-notify,1.0.6,19,F,UNVERIFIED_PUBLISH_PATH|DORMANT|SINGLE_MAINTAINER,1,8585,v0.2.0
leaflet-extra-markers,2.0.1,25,F,UNVERIFIED_PUBLISH_PATH|SINGLE_MAINTAINER,1,8578,v0.2.0
typeface-lato,1.1.13,14,F,UNVERIFIED_PUBLISH_PATH|DORMANT|SINGLE_MAINTAINER,1,8577,v0.2.0
'@fontsource/alfa-slab-one,5.3.0,81,B,,2,8543,v0.2.0
'@wix/auto_sdk_ecom_memberships,1.0.60,30,F,UNVERIFIED_PUBLISH_PATH,11,8542,v0.2.0
lg-zoom,1.3.0,19,F,UNVERIFIED_PUBLISH_PATH|DORMANT|SINGLE_MAINTAINER,1,8542,v0.2.0
'@wix/auto_sdk_ecom_validations,1.0.54,30,F,UNVERIFIED_PUBLISH_PATH,11,8540,v0.2.0
'@wix/auto_sdk_crm_contacts,1.0.1339,30,F,UNVERIFIED_PUBLISH_PATH,11,8519,v0.2.0
'@fontsource-variable/noto-sans-armenian,5.3.0,81,B,,2,8512,v0.2.0
'@meteocons/svg,0.1.0,25,F,UNVERIFIED_PUBLISH_PATH|SINGLE_MAINTAINER,1,8511,v0.2.0
'@wix/auto_sdk_ecom_back-in-stock-notifications,1.0.61,30,F,UNVERIFIED_PUBLISH_PATH,11,8508,v0.2.0
'@fontsource/league-spartan,5.3.0,81,B,,2,8501,v0.2.0
'@wix/auto_sdk_ecom_tax-calculation,1.0.51,30,F,UNVERIFIED_PUBLISH_PATH,11,8491,v0.2.0
'@wix/auto_sdk_ecom_discount-rules,1.0.110,30,F,UNVERIFIED_PUBLISH_PATH,11,8486,v0.2.0
'@fontsource-variable/noto-sans-georgian,5.3.0,81,B,,2,8485,v0.2.0
'@fontsource/bangers,5.3.0,81,B,,2,8483,v0.2.0
'@wix/auto_sdk_ecom_abandoned-checkouts,1.0.76,30,F,UNVERIFIED_PUBLISH_PATH,11,8473,v0.2.0
lato-font,3.0.0,19,F,UNVERIFIED_PUBLISH_PATH|DORMANT|SINGLE_MAINTAINER,1,8470,v0.2.0
kjua,0.10.0,19,F,UNVERIFIED_PUBLISH_PATH|DORMANT|SINGLE_MAINTAINER,1,8469,v0.2.0
multiple-select,2.4.0,25,F,UNVERIFIED_PUBLISH_PATH|SINGLE_MAINTAINER,1,8468,v0.2.0
scroll-hint,1.2.9,15,F,UNVERIFIED_PUBLISH_PATH|DORMANT|SINGLE_MAINTAINER,1,8457,v0.2.0
'@fontsource/luckiest-guy,5.3.0,81,B,,2,8449,v0.2.0
'@wix/auto_sdk_ecom_current-cart-v-2,1.0.171,30,F,UNVERIFIED_PUBLISH_PATH,11,8446,v0.2.0
'@wix/auto_sdk_ecom_delivery-solutions,1.0.60,30,F,UNVERIFIED_PUBLISH_PATH,11,8438,v0.2.0
'@wix/ecom_app-extensions,1.0.106,30,F,UNVERIFIED_PUBLISH_PATH,11,8432,v0.2.0
'@fontsource/noto-naskh-arabic,5.3.0,81,B,,2,8429,v0.2.0
'@wix/auto_sdk_ecom_orders-settings,1.0.53,30,F,UNVERIFIED_PUBLISH_PATH,11,8416,v0.2.0
'@wix/auto_sdk_ecom_local-delivery-options,1.0.51,30,F,UNVERIFIED_PUBLISH_PATH,11,8409,v0.2.0
'@wix/auto_sdk_ecom_tax-groups,1.0.60,30,F,UNVERIFIED_PUBLISH_PATH,11,8402,v0.2.0
weathericons,2.1.0,29,F,UNVERIFIED_PUBLISH_PATH|DORMANT,4,8400,v0.2.0
'@wix/auto_sdk_ecom_shippo-configurations,1.0.68,30,F,UNVERIFIED_PUBLISH_PATH,11,8381,v0.2.0
highlight-within-textarea,2.0.5,19,F,UNVERIFIED_PUBLISH_PATH|DORMANT|SINGLE_MAINTAINER,1,8376,v0.2.0
'@wix/auto_sdk_ecom_order-invoices,1.0.51,30,F,UNVERIFIED_PUBLISH_PATH,11,8375,v0.2.0
'@wix/auto_sdk_bookings_availability-calendar,1.0.193,30,F,UNVERIFIED_PUBLISH_PATH,11,8374,v0.2.0
'@wix/auto_sdk_ecom_gift-vouchers-provider,1.0.34,30,F,UNVERIFIED_PUBLISH_PATH,11,8373,v0.2.0
'@derockdev/discord-components-core,3.6.1,26,F,UNVERIFIED_PUBLISH_PATH|DORMANT|SINGLE_MAINTAINER,1,8369,v0.2.0
'@wix/auto_sdk_ecom_order-fulfillments,1.0.60,30,F,UNVERIFIED_PUBLISH_PATH,11,8369,v0.2.0
'@wix/auto_sdk_ecom_tips,1.0.61,30,F,UNVERIFIED_PUBLISH_PATH,11,8369,v0.2.0
'@fontsource-variable/noto-sans-khmer,5.3.0,81,B,,2,8367,v0.2.0
'@fontsource-variable/noto-sans-tamil,5.3.0,81,B,,2,8366,v0.2.0
'@wix/auto_sdk_ecom_pickup-locations,1.0.49,30,F,UNVERIFIED_PUBLISH_PATH,11,8362,v0.2.0
boosted,5.3.8,52,C,UNVERIFIED_PUBLISH_PATH,5,8362,v0.2.0
fitvids,2.1.1,19,F,UNVERIFIED_PUBLISH_PATH|DORMANT|SINGLE_MAINTAINER,1,8353,v0.2.0
'@marimo-team/islands,0.23.15,95,A,,2,8339,v0.2.0
node-ray,3.0.0,20,F,UNVERIFIED_PUBLISH_PATH|SINGLE_MAINTAINER,1,8339,v0.2.0
'@web3auth/modal,11.3.0,46,D,UNVERIFIED_PUBLISH_PATH,3,8328,v0.2.0
'@fontsource-variable/fredoka,5.3.0,81,B,,2,8319,v0.2.0
'@fontsource/patrick-hand,5.3.0,81,B,,2,8314,v0.2.0
microtip,0.2.2,19,F,UNVERIFIED_PUBLISH_PATH|DORMANT|SINGLE_MAINTAINER,1,8313,v0.2.0
'@wix/auto_sdk_ecom_tax-regions,1.0.57,30,F,UNVERIFIED_PUBLISH_PATH,11,8309,v0.2.0
buttplug,5.0.1,25,F,UNVERIFIED_PUBLISH_PATH|SINGLE_MAINTAINER,1,8305,v0.2.0
'@forevolve/bootstrap-dark,4.0.2,19,F,UNVERIFIED_PUBLISH_PATH|DORMANT|SINGLE_MAINTAINER,1,8303,v0.2.0
'@creativebulma/bulma-divider,1.1.0,33,F,UNVERIFIED_PUBLISH_PATH|DORMANT,2,8296,v0.2.0
gumshoejs,5.1.2,19,F,UNVERIFIED_PUBLISH_PATH|DORMANT|SINGLE_MAINTAINER,1,8289,v0.2.0
jquery-typeahead,2.11.1,19,F,UNVERIFIED_PUBLISH_PATH|DORMANT|SINGLE_MAINTAINER,1,8284,v0.2.0
'@fontsource/lobster,5.3.0,81,B,,2,8282,v0.2.0
bootstrap-markdown,2.10.0,19,F,UNVERIFIED_PUBLISH_PATH|DORMANT|SINGLE_MAINTAINER,1,8280,v0.2.0
mapbox-gl-leaflet,0.0.16,33,F,UNVERIFIED_PUBLISH_PATH|DORMANT,5,8279,v0.2.0
igniteui-angular,22.0.3,69,C,INCONSISTENT_PUBLISH_PATH|SINGLE_MAINTAINER,1,8278,v0.2.0
citation-js,0.8.2,25,F,UNVERIFIED_PUBLISH_PATH|SINGLE_MAINTAINER,1,8275,v0.2.0
photo-sphere-viewer,4.8.1,14,F,UNVERIFIED_PUBLISH_PATH|DORMANT|SINGLE_MAINTAINER|DEPRECATED,1,8268,v0.2.0
orejime,3.2.0,83,B,INCONSISTENT_PUBLISH_PATH,2,8265,v0.2.0
'@skyway-sdk/room,2.5.1,34,F,UNVERIFIED_PUBLISH_PATH,10,8249,v0.2.0
'@silvermine/videojs-airplay,1.3.0,33,F,UNVERIFIED_PUBLISH_PATH|DORMANT,5,8245,v0.2.0
'@tensorflow/tfjs-tflite,0.0.1-alpha.10,28,F,UNVERIFIED_PUBLISH_PATH|DORMANT|PUBLISHER_NOT_MAINTAINER,10,8242,v0.2.0
'@wix/auto_sdk_ecom_back-in-stock-settings,1.0.40,30,F,UNVERIFIED_PUBLISH_PATH,11,8234,v0.2.0
'@wix/auto_sdk_ecom_manual-tax-mappings,1.0.40,30,F,UNVERIFIED_PUBLISH_PATH,11,8233,v0.2.0
svg-injector,1.1.3,19,F,UNVERIFIED_PUBLISH_PATH|DORMANT|SINGLE_MAINTAINER,1,8222,v0.2.0
linkify-plugin-mention,4.3.3,79,B,SINGLE_MAINTAINER,1,8198,v0.2.0
'@wix/auto_sdk_ecom_custom-triggers,1.0.37,30,F,UNVERIFIED_PUBLISH_PATH,11,8196,v0.2.0
'@wix/auto_sdk_ecom_recommendations,1.0.45,30,F,UNVERIFIED_PUBLISH_PATH,11,8193,v0.2.0
'@wix/auto_sdk_ecom_tippable-staff,1.0.39,30,F,UNVERIFIED_PUBLISH_PATH,11,8189,v0.2.0
'@wix/auto_sdk_ecom_gift-vouchers,1.0.42,30,F,UNVERIFIED_PUBLISH_PATH,11,8188,v0.2.0
'@wix/auto_sdk_ecom_shipping-rates,1.0.38,30,F,UNVERIFIED_PUBLISH_PATH,11,8187,v0.2.0
'@wix/auto_sdk_ecom_checkout-content,1.0.35,30,F,UNVERIFIED_PUBLISH_PATH,11,8185,v0.2.0
'@wix/auto_sdk_ecom_discounts-custom-trigger,1.0.43,30,F,UNVERIFIED_PUBLISH_PATH,11,8184,v0.2.0
'@wix/auto_sdk_ecom_currencies,1.0.34,30,F,UNVERIFIED_PUBLISH_PATH,11,8173,v0.2.0
numeraljs,1.5.6,33,F,UNVERIFIED_PUBLISH_PATH|DORMANT,2,8169,v0.2.0
verovio,6.2.0,25,F,UNVERIFIED_PUBLISH_PATH|SINGLE_MAINTAINER,1,8168,v0.2.0
'@bigbinary/neeto-molecules,5.2.32,39,D,UNVERIFIED_PUBLISH_PATH,3,8142,v0.2.0
'@clayui/css,3.165.0,34,F,UNVERIFIED_PUBLISH_PATH,9,8137,v0.2.0
lucky-canvas,1.7.27,28,F,UNVERIFIED_PUBLISH_PATH|DORMANT,2,8132,v0.2.0
flowise-embed,3.1.6,35,D,UNVERIFIED_PUBLISH_PATH,10,8117,v0.2.0
'@fontsource/roboto-flex,5.3.0,81,B,,2,8110,v0.2.0
'@snowplow/browser-plugin-webview,4.9.0,39,D,UNVERIFIED_PUBLISH_PATH,3,8108,v0.2.0
jupyter-matplotlib,0.12.0,39,D,UNVERIFIED_PUBLISH_PATH,5,8090,v0.2.0
readmore-js,2.2.1,19,F,UNVERIFIED_PUBLISH_PATH|DORMANT|SINGLE_MAINTAINER,1,8090,v0.2.0
'@fontsource/ibm-plex-sans-thai,5.3.0,81,B,,2,8081,v0.2.0
benz-amr-recorder,1.1.5,19,F,UNVERIFIED_PUBLISH_PATH|DORMANT|SINGLE_MAINTAINER,1,8074,v0.2.0
'@rcsb/rcsb-saguaro,3.3.0,39,D,UNVERIFIED_PUBLISH_PATH,5,8068,v0.2.0
backbone-validation,0.11.5,33,F,UNVERIFIED_PUBLISH_PATH|DORMANT,2,8041,v0.2.0
'@fontsource-variable/noto-serif-kr,5.3.0,81,B,,2,8038,v0.2.0
preact-material-components,1.6.1,33,F,UNVERIFIED_PUBLISH_PATH|DORMANT,3,8035,v0.2.0
'@iconify-json/majesticons,1.2.5,21,F,UNVERIFIED_PUBLISH_PATH|SINGLE_MAINTAINER,1,8031,v0.2.0
flickity-fade,2.0.0,19,F,UNVERIFIED_PUBLISH_PATH|DORMANT|SINGLE_MAINTAINER,1,8031,v0.2.0
hyperscript.org,0.9.93,39,D,UNVERIFIED_PUBLISH_PATH,2,8015,v0.2.0
panolens,0.12.1,33,F,UNVERIFIED_PUBLISH_PATH|DORMANT,2,8010,v0.2.0
'@rive-app/webgl2-advanced,2.39.1,87,A,,5,7998,v0.2.0
'@central-icons-react-native/round-outlined-radius-3-stroke-2,1.1.298,21,F,UNVERIFIED_PUBLISH_PATH|SINGLE_MAINTAINER,1,7995,v0.2.0
'@fontsource/ibm-plex-sans-jp,5.3.0,81,B,,2,7995,v0.2.0
anychart,8.14.1,25,F,UNVERIFIED_PUBLISH_PATH|SINGLE_MAINTAINER,1,7991,v0.2.0
'@wix/auto_sdk_crm_extended-fields,1.0.67,30,F,UNVERIFIED_PUBLISH_PATH,11,7963,v0.2.0
dragscroll,0.0.8,14,F,UNVERIFIED_PUBLISH_PATH|DORMANT|SINGLE_MAINTAINER,1,7918,v0.2.0
'@silvermine/videojs-quality-selector,1.3.1,33,F,UNVERIFIED_PUBLISH_PATH|DORMANT,5,7916,v0.2.0
'@fontsource/marcellus,5.3.0,81,B,,2,7877,v0.2.0
flagpack,1.0.5,19,F,UNVERIFIED_PUBLISH_PATH|DORMANT|SINGLE_MAINTAINER,1,7871,v0.2.0
bulma-calendar,7.1.1,14,F,UNVERIFIED_PUBLISH_PATH|DORMANT|SINGLE_MAINTAINER|PUBLISHER_NOT_MAINTAINER|DEPRECATED,1,7868,v0.2.0
inkjs,2.4.0,35,D,UNVERIFIED_PUBLISH_PATH,2,7866,v0.2.0
videojs-mobile-ui,1.2.6,25,F,UNVERIFIED_PUBLISH_PATH|SINGLE_MAINTAINER,1,7866,v0.2.0
'@wix/auto_sdk_crm_labels,1.0.67,30,F,UNVERIFIED_PUBLISH_PATH,11,7844,v0.2.0
'@deriv-com/quill-tokens,2.0.31,32,F,UNVERIFIED_PUBLISH_PATH|SINGLE_MAINTAINER,1,7843,v0.2.0
tarteaucitronjs,1.34.0,31,F,UNVERIFIED_PUBLISH_PATH|SINGLE_MAINTAINER,1,7824,v0.2.0
bulma-extensions,6.2.7,28,F,UNVERIFIED_PUBLISH_PATH|DORMANT|PUBLISHER_NOT_MAINTAINER|DEPRECATED,2,7820,v0.2.0
'@iconify-json/flag,1.2.12,21,F,UNVERIFIED_PUBLISH_PATH|SINGLE_MAINTAINER,1,7782,v0.2.0
jquery.hotkeys,0.1.0,33,F,UNVERIFIED_PUBLISH_PATH|DORMANT,2,7781,v0.2.0
jquery-ui-multiselect-widget,3.0.1,19,F,UNVERIFIED_PUBLISH_PATH|DORMANT|SINGLE_MAINTAINER,1,7776,v0.2.0
'@fontsource/besley,5.3.0,81,B,,2,7774,v0.2.0
cross-storage,1.0.0,26,F,UNVERIFIED_PUBLISH_PATH|DORMANT|SINGLE_MAINTAINER,1,7773,v0.2.0
'@elevenlabs/convai-widget-embed,0.14.12,82,B,,5,7752,v0.2.0
'@n8n_io/n8n-demo-component,1.0.20,34,F,UNVERIFIED_PUBLISH_PATH|PUBLISHER_NOT_MAINTAINER,3,7750,v0.2.0
infinite-scroll,5.0.0,25,F,UNVERIFIED_PUBLISH_PATH|SINGLE_MAINTAINER,1,7747,v0.2.0
'@feathersjs/client,5.0.46,39,D,UNVERIFIED_PUBLISH_PATH,2,7730,v0.2.0
videojs-overlay,4.0.0,28,F,UNVERIFIED_PUBLISH_PATH|DORMANT|PUBLISHER_NOT_MAINTAINER,84,7727,v0.2.0
'@perspective-dev/viewer,4.5.2,40,D,UNVERIFIED_PUBLISH_PATH,2,7692,v0.2.0
'@dynatrace/openkit-js,4.2.0,34,F,UNVERIFIED_PUBLISH_PATH,4,7688,v0.2.0
leaflet-easyprint,2.1.9,19,F,UNVERIFIED_PUBLISH_PATH|DORMANT|SINGLE_MAINTAINER,1,7662,v0.2.0
'@fontsource/atkinson-hyperlegible-next,5.3.0,81,B,,2,7641,v0.2.0
'@tryghost/sodo-search,1.8.220,95,A,,34,7632,v0.2.0
misans,4.1.0,25,F,UNVERIFIED_PUBLISH_PATH|SINGLE_MAINTAINER,1,7622,v0.2.0
loggly-jslogger,2.2.4,33,F,UNVERIFIED_PUBLISH_PATH|DORMANT,3,7620,v0.2.0
'@fontsource-variable/lexend-deca,5.3.0,81,B,,2,7608,v0.2.0
'@mathjax/mathjax-tex-font,4.1.3,39,D,UNVERIFIED_PUBLISH_PATH,3,7598,v0.2.0
hooper,0.3.4,24,F,UNVERIFIED_PUBLISH_PATH|DORMANT,2,7591,v0.2.0
'@vkontakte/vk-bridge,3.0.2,89,A,,3,7589,v0.2.0
excellentexport,3.9.15,25,F,UNVERIFIED_PUBLISH_PATH|SINGLE_MAINTAINER,1,7581,v0.2.0
mo-js,0.288.2,19,F,UNVERIFIED_PUBLISH_PATH|DORMANT|SINGLE_MAINTAINER,1,7579,v0.2.0
'@fontsource/alex-brush,5.3.0,81,B,,2,7577,v0.2.0
jquery.inputmask,3.3.4,19,F,UNVERIFIED_PUBLISH_PATH|DORMANT|SINGLE_MAINTAINER|DEPRECATED,1,7574,v0.2.0
ngx-select-dropdown,3.3.2,19,F,UNVERIFIED_PUBLISH_PATH|DORMANT|SINGLE_MAINTAINER,1,7567,v0.2.0
basiclightbox,5.0.4,19,F,UNVERIFIED_PUBLISH_PATH|DORMANT|SINGLE_MAINTAINER,1,7559,v0.2.0
htmx-ext-preload,2.1.2,25,F,UNVERIFIED_PUBLISH_PATH|SINGLE_MAINTAINER,1,7555,v0.2.0
jsface,2.4.9,19,F,UNVERIFIED_PUBLISH_PATH|DORMANT|SINGLE_MAINTAINER,1,7553,v0.2.0
'@wix/stores,1.0.837,30,F,UNVERIFIED_PUBLISH_PATH,11,7547,v0.2.0
survey-jquery,1.12.64,34,F,UNVERIFIED_PUBLISH_PATH,5,7544,v0.2.0
ouibounce,0.0.12,33,F,UNVERIFIED_PUBLISH_PATH|DORMANT,2,7539,v0.2.0
'@fontsource/saira,5.3.0,81,B,,2,7538,v0.2.0
list.pagination.js,0.1.1,19,F,UNVERIFIED_PUBLISH_PATH|DORMANT|SINGLE_MAINTAINER,1,7537,v0.2.0
mdbootstrap,4.20.0,33,F,UNVERIFIED_PUBLISH_PATH|DORMANT,17,7537,v0.2.0
'@wix/auto_sdk_ecom_inventory,1.0.23,30,F,UNVERIFIED_PUBLISH_PATH,11,7532,v0.2.0
'@iconify-json/devicon,1.2.62,21,F,UNVERIFIED_PUBLISH_PATH|SINGLE_MAINTAINER,1,7529,v0.2.0
angular-bootstrap-calendar,1.0.0,19,F,UNVERIFIED_PUBLISH_PATH|DORMANT|SINGLE_MAINTAINER,1,7495,v0.2.0
'@fontsource/zen-maru-gothic,5.3.0,81,B,,2,7487,v0.2.0
'@ruffle-rs/ruffle,0.4.1,87,A,BRANCH_REQUIRES_PR,4,7487,v0.2.0
bootstrap-datetime-picker,2.4.4,19,F,UNVERIFIED_PUBLISH_PATH|DORMANT|SINGLE_MAINTAINER,1,7482,v0.2.0
'@openfn/language-common,3.3.4,34,F,UNVERIFIED_PUBLISH_PATH,5,7455,v0.2.0
'@tsparticles/plugin-sounds,4.3.2,69,C,INCONSISTENT_PUBLISH_PATH|SINGLE_MAINTAINER,1,7451,v0.2.0
date-input-polyfill,2.14.0,19,F,UNVERIFIED_PUBLISH_PATH|DORMANT|SINGLE_MAINTAINER,1,7434,v0.2.0
ractive,1.4.4,33,F,UNVERIFIED_PUBLISH_PATH|DORMANT,4,7426,v0.2.0
'@tesseract.js-data/fra,1.0.0,19,F,UNVERIFIED_PUBLISH_PATH|DORMANT|SINGLE_MAINTAINER,1,7414,v0.2.0
'@fontsource/pinyon-script,5.3.0,81,B,,2,7413,v0.2.0
components-jqueryui,1.12.1,19,F,UNVERIFIED_PUBLISH_PATH|DORMANT|SINGLE_MAINTAINER,1,7401,v0.2.0
'@microsoft/office-js-helpers,1.0.2,33,F,UNVERIFIED_PUBLISH_PATH|DORMANT|DEPRECATED,3,7381,v0.2.0
rx-player,4.5.0,87,A,,2,7380,v0.2.0
'@inlang/message-lint-rule-empty-pattern,1.4.8,24,F,UNVERIFIED_PUBLISH_PATH|DORMANT,2,7375,v0.2.0
natively,2.28.6,39,D,UNVERIFIED_PUBLISH_PATH,2,7352,v0.2.0
sunrise-sunset-js,3.3.0,63,C,INCONSISTENT_PUBLISH_PATH|SINGLE_MAINTAINER,1,7349,v0.2.0
leaflet-ant-path,1.3.0,14,F,UNVERIFIED_PUBLISH_PATH|DORMANT|SINGLE_MAINTAINER,1,7343,v0.2.0
scratchcard-js,1.5.5,19,F,UNVERIFIED_PUBLISH_PATH|DORMANT|SINGLE_MAINTAINER,1,7341,v0.2.0
'@fontsource/gelasio,5.3.0,81,B,,2,7329,v0.2.0
'@feathery/react,2.60.0,94,A,BRANCH_REQUIRES_PR,4,7317,v0.2.0
spectorjs,0.9.30,19,F,UNVERIFIED_PUBLISH_PATH|DORMANT|SINGLE_MAINTAINER,1,7310,v0.2.0
'@wix/auto_sdk_crm_tasks,1.0.80,30,F,UNVERIFIED_PUBLISH_PATH,11,7308,v0.2.0
'@fontsource/ibm-plex-sans-condensed,5.3.0,81,B,,2,7304,v0.2.0
bootstrap-validator,0.11.9,19,F,UNVERIFIED_PUBLISH_PATH|DORMANT|SINGLE_MAINTAINER,1,7304,v0.2.0
'@fontsource/dosis,5.3.0,81,B,,2,7270,v0.2.0
'@primer-io/primer-js,1.6.3,35,D,UNVERIFIED_PUBLISH_PATH,2,7270,v0.2.0
luckyexcel,1.0.1,19,F,UNVERIFIED_PUBLISH_PATH|DORMANT|SINGLE_MAINTAINER,1,7265,v0.2.0
jquery-visible,1.2.0,19,F,UNVERIFIED_PUBLISH_PATH|DORMANT|SINGLE_MAINTAINER,1,7263,v0.2.0
'@inlang/message-lint-rule-without-source,1.4.8,24,F,UNVERIFIED_PUBLISH_PATH|DORMANT,2,7253,v0.2.0
'@fontsource/krona-one,5.3.0,81,B,,2,7223,v0.2.0
zpl-image,0.3.0,25,F,UNVERIFIED_PUBLISH_PATH|SINGLE_MAINTAINER,1,7222,v0.2.0
'@eid-easy/eideasy-widget,3.17.3,39,D,UNVERIFIED_PUBLISH_PATH,2,7195,v0.2.0
webex,3.12.0,46,D,UNVERIFIED_PUBLISH_PATH,2,7178,v0.2.0
'@ryangjchandler/spruce,2.7.1,19,F,UNVERIFIED_PUBLISH_PATH|DORMANT|SINGLE_MAINTAINER,1,7164,v0.2.0
videojs-vr,2.0.0,28,F,UNVERIFIED_PUBLISH_PATH|DORMANT|PUBLISHER_NOT_MAINTAINER,18,7157,v0.2.0
'@fontsource-variable/bodoni-moda,5.3.0,81,B,,2,7155,v0.2.0
esri-leaflet-cluster,3.0.1,33,F,UNVERIFIED_PUBLISH_PATH|DORMANT,4,7135,v0.2.0
jquery-inview,1.1.2,19,F,UNVERIFIED_PUBLISH_PATH|DORMANT|SINGLE_MAINTAINER,1,7122,v0.2.0
flickity-fullscreen,2.0.0,19,F,UNVERIFIED_PUBLISH_PATH|DORMANT|SINGLE_MAINTAINER,1,7119,v0.2.0
bulma-checkradio,2.1.3,33,F,UNVERIFIED_PUBLISH_PATH|DORMANT|DEPRECATED,2,7116,v0.2.0
jquery-textcomplete,1.8.5,19,F,UNVERIFIED_PUBLISH_PATH|DORMANT|SINGLE_MAINTAINER,1,7109,v0.2.0
'@fontsource-variable/vollkorn,5.3.0,81,B,,2,7108,v0.2.0
'@fontsource-variable/inconsolata,5.3.0,81,B,,2,7105,v0.2.0
vue-numeric,2.5.1,19,F,UNVERIFIED_PUBLISH_PATH|DORMANT|SINGLE_MAINTAINER,1,7099,v0.2.0
amplitudejs,5.3.2,33,F,UNVERIFIED_PUBLISH_PATH|DORMANT,3,7089,v0.2.0
'@fullcalendar/luxon2,6.1.21,20,F,UNVERIFIED_PUBLISH_PATH|SINGLE_MAINTAINER,1,7083,v0.2.0
filesaver.js,1.3.4,33,F,UNVERIFIED_PUBLISH_PATH|DORMANT|DEPRECATED,2,7083,v0.2.0
'@fontsource-variable/cinzel,5.3.0,81,B,,2,7070,v0.2.0
typeface-exo,1.1.13,14,F,UNVERIFIED_PUBLISH_PATH|DORMANT|SINGLE_MAINTAINER,1,7070,v0.2.0
'@crystaldesign/diva-core,26.7.8,21,F,UNVERIFIED_PUBLISH_PATH|SINGLE_MAINTAINER,1,7066,v0.2.0
mapboxgl-spiderifier,1.0.10,33,F,UNVERIFIED_PUBLISH_PATH|DORMANT,5,7064,v0.2.0
'@snowplow/browser-plugin-youtube-tracking,4.9.0,39,D,UNVERIFIED_PUBLISH_PATH,3,7061,v0.2.0
'@fontsource/pt-mono,5.3.0,81,B,,2,7053,v0.2.0
'@snowplow/browser-plugin-debugger,4.9.0,39,D,UNVERIFIED_PUBLISH_PATH,3,7041,v0.2.0
snazzy-info-window,1.1.1,19,F,UNVERIFIED_PUBLISH_PATH|DORMANT|SINGLE_MAINTAINER,1,7008,v0.2.0
'@fontsource-variable/noto-sans-ethiopic,5.3.0,81,B,,2,7006,v0.2.0
mp3-parser,0.3.0,19,F,UNVERIFIED_PUBLISH_PATH|DORMANT|SINGLE_MAINTAINER,1,6999,v0.2.0
webcrypto,0.1.1,19,F,UNVERIFIED_PUBLISH_PATH|DORMANT|SINGLE_MAINTAINER,1,6982,v0.2.0
'@fontsource-variable/noto-serif-tc,5.3.0,81,B,,2,6974,v0.2.0
'@searchkit/instantsearch-client,4.15.0,45,D,UNVERIFIED_PUBLISH_PATH,2,6971,v0.2.0
naja,3.3.3,63,C,SINGLE_MAINTAINER,1,6963,v0.2.0
bootstrap4-toggle,3.6.1,19,F,UNVERIFIED_PUBLISH_PATH|DORMANT|SINGLE_MAINTAINER,1,6961,v0.2.0
'@talkjs/core,1.11.1,35,D,UNVERIFIED_PUBLISH_PATH,9,6960,v0.2.0
'@wllama/wllama,3.5.1,25,F,UNVERIFIED_PUBLISH_PATH|SINGLE_MAINTAINER,1,6956,v0.2.0
vue-snotify,3.2.1,14,F,UNVERIFIED_PUBLISH_PATH|DORMANT|SINGLE_MAINTAINER,1,6951,v0.2.0
moment-holiday,1.5.1,19,F,UNVERIFIED_PUBLISH_PATH|DORMANT|SINGLE_MAINTAINER|DEPRECATED,1,6941,v0.2.0
vue-simple-spinner,1.2.10,19,F,UNVERIFIED_PUBLISH_PATH|DORMANT|SINGLE_MAINTAINER,1,6940,v0.2.0
'@mediapipe/tasks-text,0.10.35,30,F,UNVERIFIED_PUBLISH_PATH,8,6938,v0.2.0
'@wix/auto_sdk_ecom_ecommerce-settings,1.0.27,30,F,UNVERIFIED_PUBLISH_PATH,11,6928,v0.2.0
'@trendyol/baklava,3.5.0,76,B,INCONSISTENT_PUBLISH_PATH|SINGLE_MAINTAINER,1,6923,v0.2.0
chart.js-plugin-labels-dv,5.0.1-beta,19,F,UNVERIFIED_PUBLISH_PATH|DORMANT|SINGLE_MAINTAINER,1,6908,v0.2.0
round-slider,1.6.1,19,F,UNVERIFIED_PUBLISH_PATH|DORMANT|SINGLE_MAINTAINER,1,6895,v0.2.0
hover.css,2.3.2,19,F,UNVERIFIED_PUBLISH_PATH|DORMANT|SINGLE_MAINTAINER,1,6894,v0.2.0
'@fontsource/alegreya,5.3.0,81,B,,2,6888,v0.2.0
'@aurodesignsystem/auro-library,5.13.1,46,D,UNVERIFIED_PUBLISH_PATH,8,6877,v0.2.0
filepond-plugin-image-filter,1.0.1,19,F,UNVERIFIED_PUBLISH_PATH|DORMANT|SINGLE_MAINTAINER,1,6871,v0.2.0
'@sum.cumo/vue-datepicker,5.0.0,33,F,UNVERIFIED_PUBLISH_PATH|DORMANT,6,6866,v0.2.0
'@iconify-json/mage,1.2.4,21,F,UNVERIFIED_PUBLISH_PATH|SINGLE_MAINTAINER,1,6859,v0.2.0
'@snapshot-labs/snapshot.js,0.14.26,39,D,UNVERIFIED_PUBLISH_PATH,2,6859,v0.2.0
gifsicle-wasm-browser,1.5.19,25,F,UNVERIFIED_PUBLISH_PATH|SINGLE_MAINTAINER,1,6845,v0.2.0
justgage,2.0.1,39,D,UNVERIFIED_PUBLISH_PATH,2,6844,v0.2.0
'@fontsource-variable/roboto-condensed,5.3.0,81,B,,2,6840,v0.2.0
zoom-vanilla.js,2.0.6,19,F,UNVERIFIED_PUBLISH_PATH|DORMANT|SINGLE_MAINTAINER,1,6833,v0.2.0
watermarkjs,2.1.1,19,F,UNVERIFIED_PUBLISH_PATH|DORMANT|SINGLE_MAINTAINER,1,6825,v0.2.0
'@fontsource-variable/gelasio,5.3.0,81,B,,2,6822,v0.2.0
maptalks,1.12.1,30,F,UNVERIFIED_PUBLISH_PATH,2,6820,v0.2.0
lightgallery.js,1.4.0,19,F,UNVERIFIED_PUBLISH_PATH|DORMANT|SINGLE_MAINTAINER,1,6815,v0.2.0
leaflet-toolbar,0.4.0-alpha.2,19,F,UNVERIFIED_PUBLISH_PATH|DORMANT|SINGLE_MAINTAINER,1,6809,v0.2.0
wow.js,1.2.2,19,F,UNVERIFIED_PUBLISH_PATH|DORMANT|SINGLE_MAINTAINER|DEPRECATED,1,6806,v0.2.0
bxslider,4.2.17,19,F,UNVERIFIED_PUBLISH_PATH|DORMANT|SINGLE_MAINTAINER,1,6765,v0.2.0
smart-app-banner,2.0.0,33,F,UNVERIFIED_PUBLISH_PATH|DORMANT,6,6744,v0.2.0
angucomplete-alt,3.0.0,19,F,UNVERIFIED_PUBLISH_PATH|DORMANT|SINGLE_MAINTAINER,1,6716,v0.2.0
nette-forms,3.5.3,19,F,UNVERIFIED_PUBLISH_PATH|DORMANT|SINGLE_MAINTAINER,1,6713,v0.2.0
rangeslider.js,2.3.3,19,F,UNVERIFIED_PUBLISH_PATH|DORMANT|SINGLE_MAINTAINER,1,6699,v0.2.0
'@splidejs/splide-extension-video,0.8.0,19,F,UNVERIFIED_PUBLISH_PATH|DORMANT|SINGLE_MAINTAINER,1,6689,v0.2.0
agora-rtm,2.2.4,30,F,UNVERIFIED_PUBLISH_PATH,2,6684,v0.2.0
'@fluid-topics/public-api,1.0.129,35,D,UNVERIFIED_PUBLISH_PATH,3,6675,v0.2.0
'@fontsource/albert-sans,5.3.0,81,B,,2,6669,v0.2.0
leaflet.awesome-markers,2.0.5,14,F,UNVERIFIED_PUBLISH_PATH|DORMANT|SINGLE_MAINTAINER|PUBLISHER_NOT_MAINTAINER,1,6659,v0.2.0
'@fontsource-variable/cairo,5.3.0,81,B,,2,6638,v0.2.0
'@fontsource/biz-udpgothic,5.3.0,81,B,,2,6629,v0.2.0
emojify.js,1.1.0,33,F,UNVERIFIED_PUBLISH_PATH|DORMANT,2,6597,v0.2.0
'@umbraco-cms/backoffice,18.1.0-rc,34,F,UNVERIFIED_PUBLISH_PATH,2,6589,v0.2.0
'@expo-google-fonts/barlow,0.4.1,39,D,UNVERIFIED_PUBLISH_PATH,4,6588,v0.2.0
jquery-highlight,3.5.0,19,F,UNVERIFIED_PUBLISH_PATH|DORMANT|SINGLE_MAINTAINER,1,6586,v0.2.0
editorjs-parser,1.5.3,14,F,UNVERIFIED_PUBLISH_PATH|DORMANT|SINGLE_MAINTAINER|PUBLISHER_NOT_MAINTAINER,1,6580,v0.2.0
pivottable,2.23.0,19,F,UNVERIFIED_PUBLISH_PATH|DORMANT|SINGLE_MAINTAINER,1,6580,v0.2.0
'@yandex/ymaps3-hint,0.1.2,35,D,UNVERIFIED_PUBLISH_PATH,2,6564,v0.2.0
layui,2.13.8,45,D,UNVERIFIED_PUBLISH_PATH,2,6553,v0.2.0
jquery-sticky,1.0.4,19,F,UNVERIFIED_PUBLISH_PATH|DORMANT|SINGLE_MAINTAINER,1,6529,v0.2.0
stimulus-dropdown,2.1.0,14,F,UNVERIFIED_PUBLISH_PATH|DORMANT|SINGLE_MAINTAINER|DEPRECATED,1,6526,v0.2.0
'@fontsource/pretendard,5.3.0,81,B,,2,6520,v0.2.0
'@fontsource/balsamiq-sans,5.3.0,81,B,,2,6510,v0.2.0
notosans-fontface,1.3.0,19,F,UNVERIFIED_PUBLISH_PATH|DORMANT|SINGLE_MAINTAINER,1,6509,v0.2.0
'@fontsource/libre-caslon-text,5.3.0,81,B,,2,6502,v0.2.0
ovenplayer,0.10.52,25,F,UNVERIFIED_PUBLISH_PATH|SINGLE_MAINTAINER,1,6478,v0.2.0
ui-cropper,1.0.9,14,F,UNVERIFIED_PUBLISH_PATH|DORMANT|SINGLE_MAINTAINER,1,6476,v0.2.0
chessground,9.2.1,39,D,UNVERIFIED_PUBLISH_PATH|DEPRECATED,2,6468,v0.2.0
leaflet-gpx,2.2.0,25,F,UNVERIFIED_PUBLISH_PATH|SINGLE_MAINTAINER,1,6460,v0.2.0
'@fontsource-variable/oxanium,5.3.0,81,B,,2,6457,v0.2.0
'@fontsource-variable/comfortaa,5.3.0,81,B,,2,6454,v0.2.0
gif.js.optimized,1.0.1,19,F,UNVERIFIED_PUBLISH_PATH|DORMANT|SINGLE_MAINTAINER,1,6451,v0.2.0
jscrollpane,2.2.3-rc.2,19,F,UNVERIFIED_PUBLISH_PATH|DORMANT|SINGLE_MAINTAINER,1,6444,v0.2.0
'@fontsource/abril-fatface,5.3.0,81,B,,2,6443,v0.2.0
'@vap/shiki,0.10.5,19,F,UNVERIFIED_PUBLISH_PATH|DORMANT|SINGLE_MAINTAINER,1,6443,v0.2.0
'@brainfish-ai/web-widget,1.24.1,30,F,UNVERIFIED_PUBLISH_PATH,4,6426,v0.2.0
'@aurodesignsystem/auro-icon,9.2.0,89,A,BRANCH_REQUIRES_PR,8,6400,v0.2.0
jquery-circle-progress,1.2.2,19,F,UNVERIFIED_PUBLISH_PATH|DORMANT|SINGLE_MAINTAINER,1,6393,v0.2.0
swiped-events,1.2.0,19,F,UNVERIFIED_PUBLISH_PATH|DORMANT|SINGLE_MAINTAINER,1,6386,v0.2.0
'@unocss/runtime,66.7.5,89,A,,3,6368,v0.2.0
danfojs,1.2.0,39,D,UNVERIFIED_PUBLISH_PATH,3,6365,v0.2.0
jquery-bootstrap-scrolling-tabs,2.6.1,19,F,UNVERIFIED_PUBLISH_PATH|DORMANT|SINGLE_MAINTAINER,1,6351,v0.2.0
filepond-plugin-file-rename,1.1.8,19,F,UNVERIFIED_PUBLISH_PATH|DORMANT|SINGLE_MAINTAINER,1,6342,v0.2.0
'@calumk/editorjs-columns,0.4.0,73,B,SINGLE_MAINTAINER,1,6330,v0.2.0
rich-filemanager,2.7.6,19,F,UNVERIFIED_PUBLISH_PATH|DORMANT|SINGLE_MAINTAINER,1,6329,v0.2.0
'@wix/bookings,1.0.1548,30,F,UNVERIFIED_PUBLISH_PATH,11,6319,v0.2.0
'@fontsource-variable/orbitron,5.3.0,81,B,,2,6315,v0.2.0
phaser-ce,2.20.2,25,F,UNVERIFIED_PUBLISH_PATH|SINGLE_MAINTAINER,1,6313,v0.2.0
'@fontsource-variable/albert-sans,5.3.0,81,B,,2,6299,v0.2.0
'@svgdotjs/svg.panzoom.js,2.1.2,33,F,UNVERIFIED_PUBLISH_PATH|DORMANT,2,6298,v0.2.0
phosphor-icons,1.4.2,14,F,UNVERIFIED_PUBLISH_PATH|DORMANT|SINGLE_MAINTAINER,1,6295,v0.2.0
lvovich,2.1.0,25,F,UNVERIFIED_PUBLISH_PATH|SINGLE_MAINTAINER,1,6285,v0.2.0
jquery-blockui,2.7.0,19,F,UNVERIFIED_PUBLISH_PATH|DORMANT|SINGLE_MAINTAINER,1,6273,v0.2.0
angular-bootstrap-toggle,0.4.2,19,F,UNVERIFIED_PUBLISH_PATH|DORMANT|SINGLE_MAINTAINER,1,6271,v0.2.0
'@opentiny/vue-icon,3.30.0,20,F,UNVERIFIED_PUBLISH_PATH|SINGLE_MAINTAINER,1,6264,v0.2.0
mand-mobile,2.7.0,33,F,UNVERIFIED_PUBLISH_PATH|DORMANT,7,6264,v0.2.0
upscaler,1.0.0,20,F,UNVERIFIED_PUBLISH_PATH|SINGLE_MAINTAINER,1,6254,v0.2.0
jquery.json-viewer,1.5.0,19,F,UNVERIFIED_PUBLISH_PATH|DORMANT|SINGLE_MAINTAINER,1,6239,v0.2.0
view-design,4.7.0,33,F,UNVERIFIED_PUBLISH_PATH|DORMANT,3,6228,v0.2.0
css.gg,2.1.4,19,F,UNVERIFIED_PUBLISH_PATH|DORMANT|SINGLE_MAINTAINER|BRANCH_REQUIRES_SIGNATURES|BRANCH_REQUIRES_PR,1,6227,v0.2.0
'@iconify-json/gravity-ui,1.2.14,21,F,UNVERIFIED_PUBLISH_PATH|SINGLE_MAINTAINER,1,6224,v0.2.0
'@tsparticles/plugin-hsv-color,4.3.2,69,C,INCONSISTENT_PUBLISH_PATH|SINGLE_MAINTAINER,1,6223,v0.2.0
'@kontent-ai/smart-link,5.1.0,89,A,,4,6214,v0.2.0
'@tsparticles/shape-rounded-polygon,4.3.2,69,C,INCONSISTENT_PUBLISH_PATH|SINGLE_MAINTAINER,1,6213,v0.2.0
lg-video,1.4.0,19,F,UNVERIFIED_PUBLISH_PATH|DORMANT|SINGLE_MAINTAINER,1,6212,v0.2.0
'@material-symbols/svg-200,0.45.9,73,B,SINGLE_MAINTAINER,1,6201,v0.2.0
'@upscalerjs/default-model,1.0.0,20,F,UNVERIFIED_PUBLISH_PATH|SINGLE_MAINTAINER,1,6191,v0.2.0
context-filter-polyfill,0.3.23,25,F,UNVERIFIED_PUBLISH_PATH|SINGLE_MAINTAINER,1,6183,v0.2.0
firacode,6.2.0,33,F,UNVERIFIED_PUBLISH_PATH|DORMANT,2,6162,v0.2.0
gsplat,1.2.9,25,F,UNVERIFIED_PUBLISH_PATH|SINGLE_MAINTAINER,1,6160,v0.2.0
virtual-select-plugin,1.1.0,21,F,UNVERIFIED_PUBLISH_PATH|SINGLE_MAINTAINER,1,6154,v0.2.0
'@fontsource/noto-serif-tc,5.3.0,81,B,,2,6150,v0.2.0
'@iconify-json/mynaui,1.2.19,21,F,UNVERIFIED_PUBLISH_PATH|SINGLE_MAINTAINER,1,6150,v0.2.0
basicscroll,3.0.4,19,F,UNVERIFIED_PUBLISH_PATH|DORMANT|SINGLE_MAINTAINER,1,6145,v0.2.0
'@fontsource/noto-sans-hebrew,5.3.0,81,B,,2,6132,v0.2.0
vue3-sfc-loader,0.9.5,19,F,UNVERIFIED_PUBLISH_PATH|DORMANT|SINGLE_MAINTAINER,1,6122,v0.2.0
'@ideal-postcodes/address-finder,5.4.0,40,D,UNVERIFIED_PUBLISH_PATH,2,6116,v0.2.0
'@barba/core,2.10.3,33,F,UNVERIFIED_PUBLISH_PATH|DORMANT,3,6113,v0.2.0
'@fontsource/source-serif-pro,5.3.0,81,B,,2,6108,v0.2.0
jquery-zoom,1.7.22,25,F,UNVERIFIED_PUBLISH_PATH|SINGLE_MAINTAINER,1,6108,v0.2.0
highlightjs-copy,1.0.6,15,F,UNVERIFIED_PUBLISH_PATH|DORMANT|SINGLE_MAINTAINER,1,6099,v0.2.0
flag-icons-svg,0.0.3,19,F,UNVERIFIED_PUBLISH_PATH|DORMANT|SINGLE_MAINTAINER,1,6087,v0.2.0
chartjs-plugin-streaming,2.0.0,19,F,UNVERIFIED_PUBLISH_PATH|DORMANT|SINGLE_MAINTAINER,1,6084,v0.2.0
angular-utils-pagination,0.11.1,19,F,UNVERIFIED_PUBLISH_PATH|DORMANT|SINGLE_MAINTAINER,1,6080,v0.2.0
'@fontsource/varela-round,5.3.0,81,B,,2,6077,v0.2.0
anchor-js,5.0.0,19,F,UNVERIFIED_PUBLISH_PATH|DORMANT|SINGLE_MAINTAINER,1,6074,v0.2.0
'@fontsource/architects-daughter,5.3.0,81,B,,2,6070,v0.2.0
simplelightbox,2.14.3,19,F,UNVERIFIED_PUBLISH_PATH|DORMANT|SINGLE_MAINTAINER,1,6070,v0.2.0
'@tesseract.js-data/jpn,1.0.0,19,F,UNVERIFIED_PUBLISH_PATH|DORMANT|SINGLE_MAINTAINER,1,6062,v0.2.0
fontawesome-free,1.0.4,15,F,UNVERIFIED_PUBLISH_PATH|DORMANT|SINGLE_MAINTAINER,1,6059,v0.2.0
pace-progress,1.0.2,33,F,UNVERIFIED_PUBLISH_PATH|DORMANT|DEPRECATED,2,6052,v0.2.0
ui-router-extras,0.1.3,15,F,UNVERIFIED_PUBLISH_PATH|DORMANT|SINGLE_MAINTAINER,1,6042,v0.2.0
'@iconify-json/streamline,1.2.5,21,F,UNVERIFIED_PUBLISH_PATH|SINGLE_MAINTAINER,1,6027,v0.2.0
'@splidejs/splide-extension-intersection,0.2.0,19,F,UNVERIFIED_PUBLISH_PATH|DORMANT|SINGLE_MAINTAINER,1,6024,v0.2.0
d3plus-text,1.2.5,19,F,UNVERIFIED_PUBLISH_PATH|DORMANT|SINGLE_MAINTAINER|DEPRECATED,1,6013,v0.2.0
'@egjs/infinitegrid,4.13.0,39,D,UNVERIFIED_PUBLISH_PATH,12,6012,v0.2.0
'@fontsource/oxanium,5.3.0,81,B,,2,6012,v0.2.0
vue-plugin-hiprint,0.0.60,25,F,UNVERIFIED_PUBLISH_PATH|SINGLE_MAINTAINER,1,6006,v0.2.0
normalize-css,2.3.1,14,F,UNVERIFIED_PUBLISH_PATH|DORMANT|SINGLE_MAINTAINER|DEPRECATED,1,6005,v0.2.0
typesaurus,10.7.0,19,F,UNVERIFIED_PUBLISH_PATH|DORMANT|SINGLE_MAINTAINER,1,6005,v0.2.0
'@fontsource/noto-sans-bengali,5.3.0,81,B,,2,5996,v0.2.0
in-view,0.6.1,19,F,UNVERIFIED_PUBLISH_PATH|DORMANT|SINGLE_MAINTAINER,1,5974,v0.2.0
'@wix/auto_sdk_stores_products-v-3,1.0.200,30,F,UNVERIFIED_PUBLISH_PATH,11,5969,v0.2.0
vue-shadow-dom,4.2.0,19,F,UNVERIFIED_PUBLISH_PATH|DORMANT|SINGLE_MAINTAINER,1,5967,v0.2.0
jquery.flot,0.8.3,10,F,UNVERIFIED_PUBLISH_PATH|DORMANT|SINGLE_MAINTAINER,1,5966,v0.2.0
'@trimble-oss/modus-web-components,1.8.2,39,D,UNVERIFIED_PUBLISH_PATH,8,5961,v0.2.0
bootstrap-4-grid,3.4.0,19,F,UNVERIFIED_PUBLISH_PATH|DORMANT|SINGLE_MAINTAINER|DEPRECATED,1,5959,v0.2.0
'@fontsource/assistant,5.3.0,81,B,,2,5929,v0.2.0
form_to_object,3.2.0,25,F,UNVERIFIED_PUBLISH_PATH|SINGLE_MAINTAINER,1,5923,v0.2.0
'@ntohq/buefy-next,0.2.0,19,F,UNVERIFIED_PUBLISH_PATH|DORMANT|SINGLE_MAINTAINER,1,5917,v0.2.0
wsemi,1.8.67,31,F,UNVERIFIED_PUBLISH_PATH|SINGLE_MAINTAINER,1,5915,v0.2.0
'@uploadcare/blocks,0.50.4,33,F,UNVERIFIED_PUBLISH_PATH|DORMANT|DEPRECATED,4,5913,v0.2.0
measuretool-googlemaps-v3,1.0.2,19,F,UNVERIFIED_PUBLISH_PATH|DORMANT|SINGLE_MAINTAINER,1,5909,v0.2.0
jquery-once,2.3.0,33,F,UNVERIFIED_PUBLISH_PATH|DORMANT,5,5907,v0.2.0
jsstore,4.9.0,19,F,UNVERIFIED_PUBLISH_PATH|DORMANT|SINGLE_MAINTAINER,1,5897,v0.2.0
jquery.qrcode,1.0.3,19,F,UNVERIFIED_PUBLISH_PATH|DORMANT|SINGLE_MAINTAINER,1,5896,v0.2.0
ng-material-datetimepicker,1.20.0,19,F,UNVERIFIED_PUBLISH_PATH|DORMANT|SINGLE_MAINTAINER,1,5890,v0.2.0
fancybox,3.0.1,19,F,UNVERIFIED_PUBLISH_PATH|DORMANT|SINGLE_MAINTAINER,1,5883,v0.2.0
'@crystaldesign/real-time-viewer,26.7.8,21,F,UNVERIFIED_PUBLISH_PATH|SINGLE_MAINTAINER,1,5882,v0.2.0
'@hackler/javascript-sdk,11.56.0,30,F,UNVERIFIED_PUBLISH_PATH,2,5881,v0.2.0
'@fontsource-variable/golos-text,5.3.0,81,B,,2,5878,v0.2.0
gasparesganga-jquery-loading-overlay,2.1.7,19,F,UNVERIFIED_PUBLISH_PATH|DORMANT|SINGLE_MAINTAINER,1,5877,v0.2.0
selectric,1.13.0,19,F,UNVERIFIED_PUBLISH_PATH|DORMANT|SINGLE_MAINTAINER,1,5873,v0.2.0
'@chenfengyuan/datepicker,1.0.10,19,F,UNVERIFIED_PUBLISH_PATH|DORMANT|SINGLE_MAINTAINER,1,5863,v0.2.0
'@fontsource-variable/exo-2,5.3.0,81,B,,2,5852,v0.2.0
gijgo,1.9.14,10,F,UNVERIFIED_PUBLISH_PATH|DORMANT|SINGLE_MAINTAINER,1,5851,v0.2.0
vuejs-dialog,1.4.2,19,F,UNVERIFIED_PUBLISH_PATH|DORMANT|SINGLE_MAINTAINER,1,5849,v0.2.0
'@tylertech/tyler-icons,2.2.0,46,D,UNVERIFIED_PUBLISH_PATH,6,5834,v0.2.0
zuck.js,2.1.1,25,F,UNVERIFIED_PUBLISH_PATH|SINGLE_MAINTAINER,1,5833,v0.2.0
babylonjs-gui,9.18.0,25,F,UNVERIFIED_PUBLISH_PATH|SINGLE_MAINTAINER,1,5823,v0.2.0
'@fullcalendar/web-component,7.0.2,20,F,UNVERIFIED_PUBLISH_PATH|SINGLE_MAINTAINER,1,5816,v0.2.0
h5p-standalone,3.8.2,87,A,,2,5814,v0.2.0
flexslider,2.7.2,19,F,UNVERIFIED_PUBLISH_PATH|DORMANT|SINGLE_MAINTAINER,1,5809,v0.2.0
javascript-detect-element-resize,0.5.3,14,F,UNVERIFIED_PUBLISH_PATH|DORMANT|SINGLE_MAINTAINER,1,5808,v0.2.0
chii,1.15.5,25,F,UNVERIFIED_PUBLISH_PATH|SINGLE_MAINTAINER,1,5807,v0.2.0
jquery.dirtyforms,2.0.0,14,F,UNVERIFIED_PUBLISH_PATH|DORMANT|SINGLE_MAINTAINER,1,5802,v0.2.0
mmenu-js,9.3.0,19,F,UNVERIFIED_PUBLISH_PATH|DORMANT|SINGLE_MAINTAINER,1,5790,v0.2.0
'@tsparticles/path-zig-zag,4.3.2,69,C,INCONSISTENT_PUBLISH_PATH|SINGLE_MAINTAINER,1,5788,v0.2.0
gettext.js,2.0.3,15,F,UNVERIFIED_PUBLISH_PATH|DORMANT|SINGLE_MAINTAINER,1,5786,v0.2.0
lity,2.4.1,19,F,UNVERIFIED_PUBLISH_PATH|DORMANT|SINGLE_MAINTAINER,1,5783,v0.2.0
vue-masonry-css,1.0.3,19,F,UNVERIFIED_PUBLISH_PATH|DORMANT|SINGLE_MAINTAINER,1,5782,v0.2.0
'@recogito/annotorious,2.7.14,39,D,UNVERIFIED_PUBLISH_PATH,3,5771,v0.2.0
quasar-framework,0.17.20,25,F,UNVERIFIED_PUBLISH_PATH|DORMANT|SINGLE_MAINTAINER,1,5766,v0.2.0
'@wix/auto_sdk_media_enterprise-media-items,1.0.38,30,F,UNVERIFIED_PUBLISH_PATH,11,5760,v0.2.0
'@iconify-json/la,1.2.1,15,F,UNVERIFIED_PUBLISH_PATH|DORMANT|SINGLE_MAINTAINER,1,5759,v0.2.0
'@tsparticles/plugin-polygon-mask,4.3.2,69,C,INCONSISTENT_PUBLISH_PATH|SINGLE_MAINTAINER,1,5747,v0.2.0
tooltip-plugin,1.0.16,15,F,UNVERIFIED_PUBLISH_PATH|DORMANT|SINGLE_MAINTAINER,1,5747,v0.2.0
jqvmap,1.5.1,33,F,UNVERIFIED_PUBLISH_PATH|DORMANT,2,5741,v0.2.0
'@bybas/weather-icons,2.0.0,26,F,UNVERIFIED_PUBLISH_PATH|DORMANT|SINGLE_MAINTAINER,1,5733,v0.2.0
'@telekom/scale-components,3.0.0-beta.161,46,D,UNVERIFIED_PUBLISH_PATH,4,5723,v0.2.0
zent,10.0.18,34,F,UNVERIFIED_PUBLISH_PATH,3,5723,v0.2.0
'@fontsource/dm-serif-text,5.3.0,81,B,,2,5720,v0.2.0
bootstrap3-dialog,1.35.4,19,F,UNVERIFIED_PUBLISH_PATH|DORMANT|SINGLE_MAINTAINER,1,5720,v0.2.0
'@fontsource/questrial,5.3.0,81,B,,2,5714,v0.2.0
'@adobe/magento-storefront-event-collector,1.17.0,34,F,UNVERIFIED_PUBLISH_PATH,31,5708,v0.2.0
'@fontsource-variable/google-sans-code,5.3.0,81,B,,2,5693,v0.2.0
'@pipedrive/app-extensions-sdk,0.16.0,84,B,INCONSISTENT_PUBLISH_PATH,3,5689,v0.2.0
'@dropins/tools,1.9.0,35,D,UNVERIFIED_PUBLISH_PATH,10,5677,v0.2.0
accordion-js,3.4.1,25,F,UNVERIFIED_PUBLISH_PATH|SINGLE_MAINTAINER,1,5667,v0.2.0
chartjs-plugin-doughnutlabel-rebourne,3.0.0-beta.4,19,F,UNVERIFIED_PUBLISH_PATH|DORMANT|SINGLE_MAINTAINER,1,5665,v0.2.0
mirador,4.1.0,39,D,UNVERIFIED_PUBLISH_PATH,10,5663,v0.2.0
share-this,1.3.1,19,F,UNVERIFIED_PUBLISH_PATH|DORMANT|SINGLE_MAINTAINER,1,5661,v0.2.0
'@fontsource-variable/cormorant,5.3.0,81,B,,2,5649,v0.2.0
jquery.terminal,2.46.1,25,F,UNVERIFIED_PUBLISH_PATH|SINGLE_MAINTAINER,1,5649,v0.2.0
'@fontsource/frank-ruhl-libre,5.3.0,81,B,,2,5645,v0.2.0
'@fontsource-variable/noto-serif-hk,5.3.0,81,B,,2,5637,v0.2.0
carbon-web-components,1.21.0,40,D,UNVERIFIED_PUBLISH_PATH|DORMANT|DEPRECATED,5,5633,v0.2.0
'@tsparticles/updater-orbit,4.3.2,69,C,INCONSISTENT_PUBLISH_PATH|SINGLE_MAINTAINER,1,5632,v0.2.0
'@tsparticles/effect-trail,4.3.2,69,C,INCONSISTENT_PUBLISH_PATH|SINGLE_MAINTAINER,1,5630,v0.2.0
nice-select2,2.4.1,39,D,UNVERIFIED_PUBLISH_PATH,2,5628,v0.2.0
'@mskcc/fundamentals,2.7.3,30,F,UNVERIFIED_PUBLISH_PATH,6,5627,v0.2.0
'@fontsource/red-hat-display,5.3.0,81,B,,2,5625,v0.2.0
'@tsparticles/path-curves,4.3.2,69,C,INCONSISTENT_PUBLISH_PATH|SINGLE_MAINTAINER,1,5611,v0.2.0
lazyload,2.0.0-rc.2,19,F,UNVERIFIED_PUBLISH_PATH|DORMANT|SINGLE_MAINTAINER,1,5604,v0.2.0
'@tylertech/forge-core,3.4.0,47,D,UNVERIFIED_PUBLISH_PATH,6,5601,v0.2.0
'@inlang/message-lint-rule-identical-pattern,1.5.9,24,F,UNVERIFIED_PUBLISH_PATH|DORMANT,2,5575,v0.2.0
dropify,0.2.2,19,F,UNVERIFIED_PUBLISH_PATH|DORMANT|SINGLE_MAINTAINER,1,5575,v0.2.0
vue-scrollactive,0.9.3,19,F,UNVERIFIED_PUBLISH_PATH|DORMANT|SINGLE_MAINTAINER,1,5574,v0.2.0
keen-tracking,5.0.1,33,F,UNVERIFIED_PUBLISH_PATH|DORMANT,3,5567,v0.2.0
openlayers,4.6.5,33,F,UNVERIFIED_PUBLISH_PATH|DORMANT|DEPRECATED,6,5558,v0.2.0
pe7-icon,1.0.4,19,F,UNVERIFIED_PUBLISH_PATH|DORMANT|SINGLE_MAINTAINER,1,5558,v0.2.0
'@tylertech/forge,3.15.1,47,D,UNVERIFIED_PUBLISH_PATH,6,5550,v0.2.0
'@fontsource/special-elite,5.3.0,81,B,,2,5542,v0.2.0
jquery-textfill,0.6.0,19,F,UNVERIFIED_PUBLISH_PATH|DORMANT|SINGLE_MAINTAINER,1,5535,v0.2.0
'@fontsource/roboto-serif,5.3.0,81,B,,2,5533,v0.2.0
bigger-picture,1.1.20,25,F,UNVERIFIED_PUBLISH_PATH|SINGLE_MAINTAINER,1,5529,v0.2.0
'@fontsource/bungee,5.3.0,81,B,,2,5524,v0.2.0
'@fontsource/ibm-plex-sans-kr,5.3.0,81,B,,2,5521,v0.2.0
venobox,2.2.0,25,F,UNVERIFIED_PUBLISH_PATH|SINGLE_MAINTAINER,1,5517,v0.2.0
elm-pep,1.0.6,19,F,UNVERIFIED_PUBLISH_PATH|DORMANT|SINGLE_MAINTAINER,1,5510,v0.2.0
impetus,0.8.8,19,F,UNVERIFIED_PUBLISH_PATH|DORMANT|SINGLE_MAINTAINER,1,5509,v0.2.0
select2-theme-bootstrap4,1.0.2,19,F,UNVERIFIED_PUBLISH_PATH|DORMANT|SINGLE_MAINTAINER,1,5506,v0.2.0
'@tsparticles/shape-spiral,4.3.2,69,C,INCONSISTENT_PUBLISH_PATH|SINGLE_MAINTAINER,1,5503,v0.2.0
canvas-gauges,2.1.7,14,F,UNVERIFIED_PUBLISH_PATH|DORMANT|SINGLE_MAINTAINER,1,5503,v0.2.0
'@fontsource/archivo-narrow,5.3.0,81,B,,2,5498,v0.2.0
thesvg,3.2.12,64,C,INCONSISTENT_PUBLISH_PATH|SINGLE_MAINTAINER,1,5489,v0.2.0
'@snowplow/browser-plugin-snowplow-ecommerce,4.9.0,39,D,UNVERIFIED_PUBLISH_PATH,3,5483,v0.2.0
noto-sans-sc,37.0.0,19,F,UNVERIFIED_PUBLISH_PATH|DORMANT|SINGLE_MAINTAINER,1,5481,v0.2.0
onsenui,2.12.9,39,D,UNVERIFIED_PUBLISH_PATH,9,5474,v0.2.0
'@vime/core,5.4.1,14,F,UNVERIFIED_PUBLISH_PATH|DORMANT|SINGLE_MAINTAINER,1,5469,v0.2.0
lzwcompress,1.1.0,19,F,UNVERIFIED_PUBLISH_PATH|DORMANT|SINGLE_MAINTAINER,1,5469,v0.2.0
'@fontsource/dela-gothic-one,5.3.0,81,B,,2,5468,v0.2.0
luckysheet,2.1.13,15,F,UNVERIFIED_PUBLISH_PATH|DORMANT|SINGLE_MAINTAINER,1,5445,v0.2.0
domotz-remote-pawn,6.7.5-b001,30,F,UNVERIFIED_PUBLISH_PATH,6,5438,v0.2.0
'@pnotify/glyphicon,5.2.0,19,F,UNVERIFIED_PUBLISH_PATH|DORMANT|SINGLE_MAINTAINER,1,5435,v0.2.0
hbjs,0.22.10,33,F,UNVERIFIED_PUBLISH_PATH|DORMANT|DEPRECATED,2,5432,v0.2.0
semantic-ui-calendar,0.0.8,19,F,UNVERIFIED_PUBLISH_PATH|DORMANT|SINGLE_MAINTAINER,1,5410,v0.2.0
vex-js,4.1.0,33,F,UNVERIFIED_PUBLISH_PATH|DORMANT,3,5403,v0.2.0
leancloud-storage,4.15.2,28,F,UNVERIFIED_PUBLISH_PATH|DORMANT|PUBLISHER_NOT_MAINTAINER,3,5393,v0.2.0
mathpix-markdown-it,3.0.1,39,D,UNVERIFIED_PUBLISH_PATH,3,5391,v0.2.0
babylonjs-materials,9.18.0,25,F,UNVERIFIED_PUBLISH_PATH|SINGLE_MAINTAINER,1,5390,v0.2.0
'@pmndrs/uikit-lucide,1.0.74,82,B,,8,5389,v0.2.0
htmx-ext-head-support,2.0.5,25,F,UNVERIFIED_PUBLISH_PATH|SINGLE_MAINTAINER,1,5389,v0.2.0
clusterize.js,1.0.0,19,F,UNVERIFIED_PUBLISH_PATH|DORMANT|SINGLE_MAINTAINER,1,5376,v0.2.0
jquery.rut,1.1.2,33,F,UNVERIFIED_PUBLISH_PATH|DORMANT,2,5362,v0.2.0
'@tsparticles/perlin-noise,4.3.2,69,C,INCONSISTENT_PUBLISH_PATH|SINGLE_MAINTAINER,1,5361,v0.2.0
'@fontsource/prata,5.3.0,81,B,,2,5357,v0.2.0
'@bldrs-ai/conway,1.438.1315,77,B,INCONSISTENT_PUBLISH_PATH,2,5354,v0.2.0
'@edtr-io/mathquill,0.11.0,33,F,UNVERIFIED_PUBLISH_PATH|DORMANT,3,5350,v0.2.0
'@fontsource/open-sauce-one,5.3.0,81,B,,2,5318,v0.2.0
docsify-pagination,2.10.1,14,F,UNVERIFIED_PUBLISH_PATH|DORMANT|SINGLE_MAINTAINER,1,5305,v0.2.0
soundfont-player,0.12.0,19,F,UNVERIFIED_PUBLISH_PATH|DORMANT|SINGLE_MAINTAINER,1,5303,v0.2.0
'@botom/quill-resize-module,2.2.0,25,F,UNVERIFIED_PUBLISH_PATH|SINGLE_MAINTAINER,1,5299,v0.2.0
scroll-timeline-polyfill,1.1.0,19,F,UNVERIFIED_PUBLISH_PATH|DORMANT|SINGLE_MAINTAINER,1,5296,v0.2.0
'@tsparticles/plugin-emitters-shape-polygon,4.3.2,69,C,INCONSISTENT_PUBLISH_PATH|SINGLE_MAINTAINER,1,5294,v0.2.0
marzipano,0.10.2,33,F,UNVERIFIED_PUBLISH_PATH|DORMANT,2,5286,v0.2.0
'@fontsource/nanum-gothic,5.3.0,81,B,,2,5281,v0.2.0
'@tsparticles/simplex-noise,4.3.2,69,C,INCONSISTENT_PUBLISH_PATH|SINGLE_MAINTAINER,1,5281,v0.2.0
tableexport.jquery.plugin,1.33.0,31,F,UNVERIFIED_PUBLISH_PATH|SINGLE_MAINTAINER,1,5281,v0.2.0
jquery-lazyload,1.9.7,19,F,UNVERIFIED_PUBLISH_PATH|DORMANT|SINGLE_MAINTAINER,1,5273,v0.2.0
prettydiff,101.2.6,19,F,UNVERIFIED_PUBLISH_PATH|DORMANT|SINGLE_MAINTAINER,1,5271,v0.2.0
'@material-tailwind/html,3.0.0-beta.7,39,D,UNVERIFIED_PUBLISH_PATH,4,5257,v0.2.0
'@grapecity/spread-sheets-charts,18.2.5,30,F,UNVERIFIED_PUBLISH_PATH,2,5255,v0.2.0
'@fontsource-variable/heebo,5.3.0,81,B,,2,5253,v0.2.0
oembed-parser,3.1.6-rc1,34,F,UNVERIFIED_PUBLISH_PATH|DORMANT,3,5250,v0.2.0
'@aurodesignsystem/auro-button,12.3.2,89,A,BRANCH_REQUIRES_PR,8,5247,v0.2.0
clockpicker,0.0.7,19,F,UNVERIFIED_PUBLISH_PATH|DORMANT|SINGLE_MAINTAINER,1,5240,v0.2.0
'@fontsource/red-hat-text,5.3.0,81,B,,2,5239,v0.2.0
'@iabtcf/stub,1.5.6,28,F,UNVERIFIED_PUBLISH_PATH|DORMANT,3,5239,v0.2.0
startbootstrap-sb-admin-2,4.1.4,19,F,UNVERIFIED_PUBLISH_PATH|DORMANT|SINGLE_MAINTAINER,1,5232,v0.2.0
editorjs-paragraph-with-alignment,3.0.0,19,F,UNVERIFIED_PUBLISH_PATH|DORMANT|SINGLE_MAINTAINER,1,5229,v0.2.0
'@fontsource/kiwi-maru,5.3.0,81,B,,2,5224,v0.2.0
janus-gateway,1.4.1,45,D,UNVERIFIED_PUBLISH_PATH,2,5224,v0.2.0
'@pnotify/bootstrap3,5.2.0,19,F,UNVERIFIED_PUBLISH_PATH|DORMANT|SINGLE_MAINTAINER,1,5217,v0.2.0
lib-flexible,0.3.2,10,F,UNVERIFIED_PUBLISH_PATH|DORMANT|SINGLE_MAINTAINER,1,5213,v0.2.0
clippyjs,0.1.0,25,F,UNVERIFIED_PUBLISH_PATH|SINGLE_MAINTAINER,1,5211,v0.2.0
'@freeday-ai/webchat,2025.6.0-4.10.34.8523,30,F,UNVERIFIED_PUBLISH_PATH,3,5201,v0.2.0
'@fontsource/satisfy,5.3.0,81,B,,2,5186,v0.2.0
jquery-lazy,1.7.11,19,F,UNVERIFIED_PUBLISH_PATH|DORMANT|SINGLE_MAINTAINER,1,5179,v0.2.0
'@fontsource/alegreya-sans,5.3.0,81,B,,2,5175,v0.2.0
is-in-viewport,3.0.4,19,F,UNVERIFIED_PUBLISH_PATH|DORMANT|SINGLE_MAINTAINER,1,5175,v0.2.0
'@fontsource/homemade-apple,5.3.0,81,B,,2,5161,v0.2.0
'@wix/auto_sdk_stores_products,1.0.98,30,F,UNVERIFIED_PUBLISH_PATH,11,5160,v0.2.0
amfe-flexible,2.2.1,19,F,UNVERIFIED_PUBLISH_PATH|DORMANT|SINGLE_MAINTAINER,1,5158,v0.2.0
hellojs,1.21.4,25,F,UNVERIFIED_PUBLISH_PATH|SINGLE_MAINTAINER,1,5155,v0.2.0
'@pnotify/bootstrap4,5.2.0,19,F,UNVERIFIED_PUBLISH_PATH|DORMANT|SINGLE_MAINTAINER,1,5141,v0.2.0
fontmetrics,1.0.0,19,F,UNVERIFIED_PUBLISH_PATH|DORMANT|SINGLE_MAINTAINER,1,5128,v0.2.0
leaflet.path.drag,0.0.6,19,F,UNVERIFIED_PUBLISH_PATH|DORMANT|SINGLE_MAINTAINER,1,5123,v0.2.0
'@mediapipe/holistic,0.5.1675471629,24,F,UNVERIFIED_PUBLISH_PATH|DORMANT,8,5117,v0.2.0
'@snowplow/browser-plugin-vimeo-tracking,4.9.0,39,D,UNVERIFIED_PUBLISH_PATH,3,5104,v0.2.0
'@tsparticles/shape-cog,4.3.2,69,C,INCONSISTENT_PUBLISH_PATH|SINGLE_MAINTAINER,1,5090,v0.2.0
'@tsparticles/updater-gradient,4.3.2,69,C,INCONSISTENT_PUBLISH_PATH|SINGLE_MAINTAINER,1,5090,v0.2.0
'@expo-google-fonts/archivo-black,0.4.1,39,D,UNVERIFIED_PUBLISH_PATH,4,5071,v0.2.0
'@flarehr/apollo-benefits-onboarding,0.1.3763,35,D,UNVERIFIED_PUBLISH_PATH,8,5067,v0.2.0
'@tsparticles/all,4.3.2,69,C,INCONSISTENT_PUBLISH_PATH|SINGLE_MAINTAINER,1,5060,v0.2.0
'@tsparticles/path-perlin-noise,4.3.2,69,C,INCONSISTENT_PUBLISH_PATH|SINGLE_MAINTAINER,1,5052,v0.2.0
'@snowplow/browser-plugin-element-tracking,4.9.0,39,D,UNVERIFIED_PUBLISH_PATH,3,5048,v0.2.0
xgplayer-hls,3.0.26,77,B,INCONSISTENT_PUBLISH_PATH,9,5042,v0.2.0
'@reachfive/identity-core,1.41.0,39,D,UNVERIFIED_PUBLISH_PATH,3,5037,v0.2.0
'@fontsource/google-sans,5.3.0,81,B,,2,5028,v0.2.0
'@jspreadsheet/parser,6.0.6,25,F,UNVERIFIED_PUBLISH_PATH|SINGLE_MAINTAINER,1,5028,v0.2.0
'@fontsource-variable/noto-sans-display,5.3.0,81,B,,2,5019,v0.2.0
'@pnotify/font-awesome5,5.2.0,19,F,UNVERIFIED_PUBLISH_PATH|DORMANT|SINGLE_MAINTAINER,1,5011,v0.2.0
granim,2.0.0,33,F,UNVERIFIED_PUBLISH_PATH|DORMANT,2,5010,v0.2.0
'@wix/auto_sdk_stores_info-sections-v-3,1.0.99,30,F,UNVERIFIED_PUBLISH_PATH,11,5006,v0.2.0
'@iconify-json/bxs,1.2.3,21,F,UNVERIFIED_PUBLISH_PATH|SINGLE_MAINTAINER,1,4994,v0.2.0
'@wix/auto_sdk_stores_catalog-imports-v-3,1.0.71,30,F,UNVERIFIED_PUBLISH_PATH,11,4993,v0.2.0
quill2-image-uploader,1.0.4,19,F,UNVERIFIED_PUBLISH_PATH|DORMANT|SINGLE_MAINTAINER,1,4992,v0.2.0
liquor-tree,0.2.70,19,F,UNVERIFIED_PUBLISH_PATH|DORMANT|SINGLE_MAINTAINER,1,4991,v0.2.0
calendar-base,2.0.1,14,F,UNVERIFIED_PUBLISH_PATH|DORMANT|SINGLE_MAINTAINER,1,4989,v0.2.0
'@fontsource/lilita-one,5.3.0,81,B,,2,4982,v0.2.0
'@fontsource-variable/zalando-sans,5.3.0,81,B,,2,4980,v0.2.0
'@fontsource/averia-libre,5.3.0,81,B,,2,4980,v0.2.0
'@grapecity/spread-sheets-print,18.2.5,30,F,UNVERIFIED_PUBLISH_PATH,2,4966,v0.2.0
'@elbwalker/walker.js,3.4.2,32,F,UNVERIFIED_PUBLISH_PATH|SINGLE_MAINTAINER,1,4963,v0.2.0
jquery.ripples,0.6.3,19,F,UNVERIFIED_PUBLISH_PATH|DORMANT|SINGLE_MAINTAINER,1,4958,v0.2.0
'@pqina/flip,1.8.4,19,F,UNVERIFIED_PUBLISH_PATH|DORMANT|SINGLE_MAINTAINER,1,4956,v0.2.0
jplayer,2.9.2,19,F,UNVERIFIED_PUBLISH_PATH|DORMANT|SINGLE_MAINTAINER,1,4936,v0.2.0
'@fontsource/bad-script,5.3.0,81,B,,2,4934,v0.2.0
'@iconify-json/flowbite,1.2.7,21,F,UNVERIFIED_PUBLISH_PATH|SINGLE_MAINTAINER,1,4929,v0.2.0
stats-js,1.0.1,19,F,UNVERIFIED_PUBLISH_PATH|DORMANT|SINGLE_MAINTAINER,1,4925,v0.2.0
webp-hero,0.0.2,19,F,UNVERIFIED_PUBLISH_PATH|DORMANT|SINGLE_MAINTAINER,1,4923,v0.2.0
'@undecaf/barcode-detector-polyfill,0.9.23,25,F,UNVERIFIED_PUBLISH_PATH|SINGLE_MAINTAINER,1,4918,v0.2.0
jquery-resizable-dom,0.35.0,19,F,UNVERIFIED_PUBLISH_PATH|DORMANT|SINGLE_MAINTAINER,1,4916,v0.2.0
'@wix/auto_sdk_stores_read-only-variants-v-3,1.0.132,30,F,UNVERIFIED_PUBLISH_PATH,11,4914,v0.2.0
instant.page,5.2.0,19,F,UNVERIFIED_PUBLISH_PATH|DORMANT|SINGLE_MAINTAINER,1,4907,v0.2.0
'@tsparticles/path-curl-noise,4.3.2,69,C,INCONSISTENT_PUBLISH_PATH|SINGLE_MAINTAINER,1,4906,v0.2.0
mana-font,1.18.0,19,F,UNVERIFIED_PUBLISH_PATH|DORMANT|SINGLE_MAINTAINER,1,4905,v0.2.0
'@fontsource/parisienne,5.3.0,81,B,,2,4898,v0.2.0
jose-browser-runtime,5.10.0,63,C,SINGLE_MAINTAINER,1,4894,v0.2.0
'@hiseb/confetti,2.2.0,25,F,UNVERIFIED_PUBLISH_PATH|SINGLE_MAINTAINER,1,4890,v0.2.0
'@iconify-json/cil,1.2.3,21,F,UNVERIFIED_PUBLISH_PATH|SINGLE_MAINTAINER,1,4890,v0.2.0
'@wix/auto_sdk_stores_catalog-versioning,1.0.72,30,F,UNVERIFIED_PUBLISH_PATH,11,4888,v0.2.0
'@creativebulma/bulma-tooltip,1.2.0,33,F,UNVERIFIED_PUBLISH_PATH|DORMANT,2,4880,v0.2.0
'@iconify-json/mi,1.2.2,15,F,UNVERIFIED_PUBLISH_PATH|DORMANT|SINGLE_MAINTAINER,1,4870,v0.2.0
'@grapecity/spread-sheets-shapes,18.2.5,30,F,UNVERIFIED_PUBLISH_PATH,2,4867,v0.2.0
'@tsparticles/interaction-light,4.3.2,69,C,INCONSISTENT_PUBLISH_PATH|SINGLE_MAINTAINER,1,4858,v0.2.0
colorjoe,4.2.0,19,F,UNVERIFIED_PUBLISH_PATH|DORMANT|SINGLE_MAINTAINER,1,4852,v0.2.0
dynamsoft-barcode-reader-bundle,11.4.3000,20,F,UNVERIFIED_PUBLISH_PATH|SINGLE_MAINTAINER,1,4846,v0.2.0
jam-icons,2.0.0,14,F,UNVERIFIED_PUBLISH_PATH|DORMANT|SINGLE_MAINTAINER,1,4846,v0.2.0
chartist-plugin-legend,0.6.2,33,F,UNVERIFIED_PUBLISH_PATH|DORMANT,3,4839,v0.2.0
q-antd,2.3.31,14,F,UNVERIFIED_PUBLISH_PATH|DORMANT|SINGLE_MAINTAINER,1,4836,v0.2.0
'@swisspost/design-system-icons,10.0.1,95,A,,4,4826,v0.2.0
'@fontsource/poiret-one,5.3.0,81,B,,2,4825,v0.2.0
'@wix/auto_sdk_stores_inventory,1.0.73,30,F,UNVERIFIED_PUBLISH_PATH,11,4816,v0.2.0
videojs-vtt-thumbnails,0.0.13,19,F,UNVERIFIED_PUBLISH_PATH|DORMANT|SINGLE_MAINTAINER,1,4814,v0.2.0
'@tsparticles/path-polygon,4.3.2,69,C,INCONSISTENT_PUBLISH_PATH|SINGLE_MAINTAINER,1,4808,v0.2.0
'@crystaldesign/product-detail-page,26.7.8,21,F,UNVERIFIED_PUBLISH_PATH|SINGLE_MAINTAINER,1,4807,v0.2.0
'@embrace-io/web-sdk,2.24.0,94,A,,9,4807,v0.2.0
'@solid-primitives/set,0.7.4,40,D,UNVERIFIED_PUBLISH_PATH,3,4805,v0.2.0
yakuhanjp,4.1.1,19,F,UNVERIFIED_PUBLISH_PATH|DORMANT|SINGLE_MAINTAINER,1,4794,v0.2.0
'@tsparticles/plugin-infection,4.3.2,69,C,INCONSISTENT_PUBLISH_PATH|SINGLE_MAINTAINER,1,4792,v0.2.0
'@wix/auto_sdk_stores_inventory-items-v-3,1.0.89,30,F,UNVERIFIED_PUBLISH_PATH,11,4790,v0.2.0
select2-bootstrap4-theme,1.0.0,19,F,UNVERIFIED_PUBLISH_PATH|DORMANT|SINGLE_MAINTAINER,1,4786,v0.2.0
'@photo-sphere-viewer/gallery-plugin,5.14.3,73,B,SINGLE_MAINTAINER,1,4779,v0.2.0
devtools-detect,4.0.2,19,F,UNVERIFIED_PUBLISH_PATH|DORMANT|SINGLE_MAINTAINER,1,4779,v0.2.0
single-spa-angularjs,4.3.1,14,F,UNVERIFIED_PUBLISH_PATH|DORMANT|SINGLE_MAINTAINER|PUBLISHER_NOT_MAINTAINER,1,4777,v0.2.0
'@wix/auto_sdk_stores_customizations-v-3,1.0.87,30,F,UNVERIFIED_PUBLISH_PATH,11,4776,v0.2.0
pi-hermes-memory,0.8.2,25,F,UNVERIFIED_PUBLISH_PATH|SINGLE_MAINTAINER,1,4774,v0.2.0
dplayer,1.27.1,19,F,UNVERIFIED_PUBLISH_PATH|DORMANT|SINGLE_MAINTAINER,1,4769,v0.2.0
roboto-font,0.1.0,14,F,UNVERIFIED_PUBLISH_PATH|DORMANT|SINGLE_MAINTAINER|PUBLISHER_NOT_MAINTAINER|DEPRECATED,1,4756,v0.2.0
'@infineon/infineon-design-system-stencil,39.38.0,45,D,UNVERIFIED_PUBLISH_PATH,5,4743,v0.2.0
bootstrap-tour,0.12.0,33,F,UNVERIFIED_PUBLISH_PATH|DORMANT,2,4743,v0.2.0
'@wix/auto_sdk_stores_brands-v-3,1.0.78,30,F,UNVERIFIED_PUBLISH_PATH,11,4741,v0.2.0
slideout,1.0.1,19,F,UNVERIFIED_PUBLISH_PATH|DORMANT|SINGLE_MAINTAINER,1,4741,v0.2.0
'@wix/auto_sdk_stores_stores-locations-v-3,1.0.53,30,F,UNVERIFIED_PUBLISH_PATH,11,4722,v0.2.0
ukelli-ui,3.3.1,14,F,UNVERIFIED_PUBLISH_PATH|DORMANT|SINGLE_MAINTAINER,1,4718,v0.2.0
'@wix/auto_sdk_stores_ribbons-v-3,1.0.57,30,F,UNVERIFIED_PUBLISH_PATH,11,4717,v0.2.0
'@fontsource/russo-one,5.3.0,81,B,,2,4712,v0.2.0
'@tsparticles/shape-rounded-rect,4.3.2,69,C,INCONSISTENT_PUBLISH_PATH|SINGLE_MAINTAINER,1,4710,v0.2.0
webxr-polyfill,2.0.3,33,F,UNVERIFIED_PUBLISH_PATH|DORMANT,2,4697,v0.2.0
magic-grid,3.4.7,19,F,UNVERIFIED_PUBLISH_PATH|DORMANT|SINGLE_MAINTAINER,1,4685,v0.2.0
'@tsparticles/plugin-canvas-mask,4.3.2,69,C,INCONSISTENT_PUBLISH_PATH|SINGLE_MAINTAINER,1,4679,v0.2.0
'@vuetify/nightly,4.1.6-master.2026-07-24,93,A,,4,4679,v0.2.0
'@wix/auto_sdk_stores_subscription-options,1.0.68,30,F,UNVERIFIED_PUBLISH_PATH,11,4671,v0.2.0
'@descope/web-components-ui,3.18.2,30,F,UNVERIFIED_PUBLISH_PATH,5,4666,v0.2.0
c2pa,0.30.17,45,D,UNVERIFIED_PUBLISH_PATH|DEPRECATED,3,4663,v0.2.0
chartjs-plugin-piechart-outlabels,0.1.4,19,F,UNVERIFIED_PUBLISH_PATH|DORMANT|SINGLE_MAINTAINER,1,4663,v0.2.0
'@snowplow/javascript-tracker,4.9.0,39,D,UNVERIFIED_PUBLISH_PATH,3,4656,v0.2.0
leaflet-search,4.0.0,19,F,UNVERIFIED_PUBLISH_PATH|DORMANT|SINGLE_MAINTAINER,1,4652,v0.2.0
'@iconify-json/healthicons,1.2.12,21,F,UNVERIFIED_PUBLISH_PATH|SINGLE_MAINTAINER,1,4650,v0.2.0
'@fontsource/noto-sans-hk,5.3.0,81,B,,2,4646,v0.2.0
share-api-polyfill,1.1.1,25,F,UNVERIFIED_PUBLISH_PATH|DORMANT|SINGLE_MAINTAINER,1,4643,v0.2.0
unpoly,3.14.3,25,F,UNVERIFIED_PUBLISH_PATH|SINGLE_MAINTAINER,1,4641,v0.2.0
typeahead-standalone,5.4.0,20,F,UNVERIFIED_PUBLISH_PATH|DORMANT|SINGLE_MAINTAINER,1,4635,v0.2.0
'@wix/auto_sdk_stores_wishlist,1.0.37,30,F,UNVERIFIED_PUBLISH_PATH,11,4631,v0.2.0
'@wix/auto_sdk_stores_abandoned-carts,1.0.41,30,F,UNVERIFIED_PUBLISH_PATH,11,4624,v0.2.0
'@wix/auto_sdk_stores_collections,1.0.41,30,F,UNVERIFIED_PUBLISH_PATH,11,4623,v0.2.0
swetrix,4.4.0,73,B,SINGLE_MAINTAINER,1,4623,v0.2.0
'@tsparticles/plugin-poisson-disc,4.3.2,69,C,INCONSISTENT_PUBLISH_PATH|SINGLE_MAINTAINER,1,4620,v0.2.0
'@tsparticles/shape-arrow,4.3.2,69,C,INCONSISTENT_PUBLISH_PATH|SINGLE_MAINTAINER,1,4613,v0.2.0
'@tsparticles/path-svg,4.3.2,69,C,INCONSISTENT_PUBLISH_PATH|SINGLE_MAINTAINER,1,4612,v0.2.0
'@tsparticles/interaction-particles-repulse,4.3.2,69,C,INCONSISTENT_PUBLISH_PATH|SINGLE_MAINTAINER,1,4608,v0.2.0
'@tsparticles/plugin-easing-circ,4.3.2,69,C,INCONSISTENT_PUBLISH_PATH|SINGLE_MAINTAINER,1,4606,v0.2.0
plugin-typescript,8.0.0,19,F,UNVERIFIED_PUBLISH_PATH|DORMANT|SINGLE_MAINTAINER,1,4604,v0.2.0
'@tsparticles/path-simplex-noise,4.3.2,69,C,INCONSISTENT_PUBLISH_PATH|SINGLE_MAINTAINER,1,4602,v0.2.0
wavesurfer,1.3.4,14,F,UNVERIFIED_PUBLISH_PATH|DORMANT|SINGLE_MAINTAINER|DEPRECATED,1,4597,v0.2.0
'@tsparticles/effect-bubble,4.3.2,69,C,INCONSISTENT_PUBLISH_PATH|SINGLE_MAINTAINER,1,4596,v0.2.0
'@tsparticles/plugin-emitters-shape-path,4.3.2,69,C,INCONSISTENT_PUBLISH_PATH|SINGLE_MAINTAINER,1,4596,v0.2.0
'@tsparticles/plugin-easing-back,4.3.2,69,C,INCONSISTENT_PUBLISH_PATH|SINGLE_MAINTAINER,1,4595,v0.2.0
'@tsparticles/plugin-easing-expo,4.3.2,69,C,INCONSISTENT_PUBLISH_PATH|SINGLE_MAINTAINER,1,4595,v0.2.0
'@tsparticles/plugin-easing-quint,4.3.2,69,C,INCONSISTENT_PUBLISH_PATH|SINGLE_MAINTAINER,1,4593,v0.2.0
bulma-slider,2.0.5,14,F,UNVERIFIED_PUBLISH_PATH|DORMANT|SINGLE_MAINTAINER|PUBLISHER_NOT_MAINTAINER,1,4593,v0.2.0
'@tsparticles/plugin-easing-cubic,4.3.2,69,C,INCONSISTENT_PUBLISH_PATH|SINGLE_MAINTAINER,1,4592,v0.2.0
'@tsparticles/plugin-easing-sine,4.3.2,69,C,INCONSISTENT_PUBLISH_PATH|SINGLE_MAINTAINER,1,4592,v0.2.0
tingle.js,0.16.0,33,F,UNVERIFIED_PUBLISH_PATH|DORMANT,2,4592,v0.2.0
'@tsparticles/plugin-emitters-shape-canvas,4.3.2,69,C,INCONSISTENT_PUBLISH_PATH|SINGLE_MAINTAINER,1,4588,v0.2.0
jquery.panzoom,3.2.3,25,F,UNVERIFIED_PUBLISH_PATH|DORMANT|SINGLE_MAINTAINER,1,4588,v0.2.0
'@tsparticles/plugin-export-image,4.3.2,69,C,INCONSISTENT_PUBLISH_PATH|SINGLE_MAINTAINER,1,4584,v0.2.0
'@tsparticles/plugin-export-video,4.3.2,69,C,INCONSISTENT_PUBLISH_PATH|SINGLE_MAINTAINER,1,4584,v0.2.0
'@tsparticles/plugin-easing-linear,4.3.2,69,C,INCONSISTENT_PUBLISH_PATH|SINGLE_MAINTAINER,1,4582,v0.2.0
'@tsparticles/shape-path,4.3.2,69,C,INCONSISTENT_PUBLISH_PATH|SINGLE_MAINTAINER,1,4581,v0.2.0
'@tsparticles/plugin-export-json,4.3.2,69,C,INCONSISTENT_PUBLISH_PATH|SINGLE_MAINTAINER,1,4579,v0.2.0
'@tsparticles/interaction-external-pop,4.3.2,69,C,INCONSISTENT_PUBLISH_PATH|SINGLE_MAINTAINER,1,4576,v0.2.0
'@tsparticles/plugin-easing-quart,4.3.2,69,C,INCONSISTENT_PUBLISH_PATH|SINGLE_MAINTAINER,1,4576,v0.2.0
spin-wheel,5.0.2,19,F,UNVERIFIED_PUBLISH_PATH|DORMANT|SINGLE_MAINTAINER,1,4575,v0.2.0
'@fontsource/big-shoulders-display,5.3.0,81,B,,2,4570,v0.2.0
'@fontsource/titan-one,5.3.0,81,B,,2,4568,v0.2.0
'@grapecity/spread-sheets-pdf,18.2.5,30,F,UNVERIFIED_PUBLISH_PATH,2,4567,v0.2.0
'@fontsource/chivo,5.3.0,81,B,,2,4560,v0.2.0
'@fontsource/gabarito,5.3.0,81,B,,2,4558,v0.2.0
'@iconify-json/f7,1.2.2,15,F,UNVERIFIED_PUBLISH_PATH|DORMANT|SINGLE_MAINTAINER,1,4557,v0.2.0
cm-chessboard,8.12.19,25,F,UNVERIFIED_PUBLISH_PATH|SINGLE_MAINTAINER,1,4555,v0.2.0
'@fontsource/rokkitt,5.3.0,81,B,,2,4553,v0.2.0
ui-bootstrap4,3.0.7,19,F,UNVERIFIED_PUBLISH_PATH|DORMANT|SINGLE_MAINTAINER,1,4553,v0.2.0
hexo-generator-searchdb,1.5.0,39,D,UNVERIFIED_PUBLISH_PATH,2,4543,v0.2.0
'@trutoo/event-bus,3.0.0,39,D,UNVERIFIED_PUBLISH_PATH,2,4535,v0.2.0
'@iconify-json/iconamoon,1.2.2,15,F,UNVERIFIED_PUBLISH_PATH|DORMANT|SINGLE_MAINTAINER,1,4534,v0.2.0
jquery.nicescroll,3.7.6,28,F,UNVERIFIED_PUBLISH_PATH|DORMANT,2,4525,v0.2.0
'@fontsource/gowun-batang,5.3.0,81,B,,2,4520,v0.2.0
baguettebox.js,1.13.0,25,F,UNVERIFIED_PUBLISH_PATH|SINGLE_MAINTAINER,1,4518,v0.2.0
jquery.counterup,2.1.0,19,F,UNVERIFIED_PUBLISH_PATH|DORMANT|SINGLE_MAINTAINER,1,4504,v0.2.0
chartist-plugin-tooltips,0.0.17,33,F,UNVERIFIED_PUBLISH_PATH|DORMANT,2,4495,v0.2.0
font-awesome-animation,1.1.1,33,F,UNVERIFIED_PUBLISH_PATH|DORMANT,2,4485,v0.2.0
cap-widget,0.1.56,20,F,UNVERIFIED_PUBLISH_PATH|SINGLE_MAINTAINER,1,4476,v0.2.0
dayjs-with-plugins,1.0.4,33,F,UNVERIFIED_PUBLISH_PATH|DORMANT,2,4471,v0.2.0
'@fontsource/epilogue,5.3.0,81,B,,2,4456,v0.2.0
'@fontsource/cinzel-decorative,5.3.0,81,B,,2,4446,v0.2.0
keyrune,3.19.0,25,F,UNVERIFIED_PUBLISH_PATH|SINGLE_MAINTAINER,1,4446,v0.2.0
'@omni-door/cli,3.2.2,25,F,UNVERIFIED_PUBLISH_PATH|SINGLE_MAINTAINER,1,4441,v0.2.0
anywidget,0.11.0,68,C,SINGLE_MAINTAINER,1,4440,v0.2.0
'@telnyx/video,1.0.2,24,F,UNVERIFIED_PUBLISH_PATH|DORMANT,6,4438,v0.2.0
libpag,4.5.81,32,F,UNVERIFIED_PUBLISH_PATH|SINGLE_MAINTAINER|BRANCH_REQUIRES_PR,1,4435,v0.2.0
'@photo-sphere-viewer/gyroscope-plugin,5.14.3,73,B,SINGLE_MAINTAINER,1,4434,v0.2.0
artplayer-plugin-hls-control,1.1.0,25,F,UNVERIFIED_PUBLISH_PATH|SINGLE_MAINTAINER,1,4426,v0.2.0
'@mediakind/mkplayer,1.41.1,35,D,UNVERIFIED_PUBLISH_PATH,7,4422,v0.2.0
featherlight,1.7.14,19,F,UNVERIFIED_PUBLISH_PATH|DORMANT|SINGLE_MAINTAINER,1,4422,v0.2.0
'@iconify-json/flagpack,1.2.8,21,F,UNVERIFIED_PUBLISH_PATH|SINGLE_MAINTAINER,1,4415,v0.2.0
'@promptbook/anthropic-claude,0.113.0-11,63,C,INCONSISTENT_PUBLISH_PATH|SINGLE_MAINTAINER,1,4398,v0.2.0
bulma-toast,2.4.4,19,F,UNVERIFIED_PUBLISH_PATH|DORMANT|SINGLE_MAINTAINER,1,4384,v0.2.0
vwo-node-sdk,1.73.0,39,D,UNVERIFIED_PUBLISH_PATH,2,4384,v0.2.0
'@iconify-json/fluent-mdl2,1.2.1,15,F,UNVERIFIED_PUBLISH_PATH|DORMANT|SINGLE_MAINTAINER,1,4379,v0.2.0
hacktimer,1.1.3,19,F,UNVERIFIED_PUBLISH_PATH|DORMANT|SINGLE_MAINTAINER,1,4379,v0.2.0
luminous-lightbox,2.4.0,40,D,UNVERIFIED_PUBLISH_PATH|DORMANT,10,4377,v0.2.0
'@mediapipe/tasks-audio,0.10.35,30,F,UNVERIFIED_PUBLISH_PATH,8,4374,v0.2.0
'@tesseract.js-data/spa,1.0.0,19,F,UNVERIFIED_PUBLISH_PATH|DORMANT|SINGLE_MAINTAINER,1,4373,v0.2.0
'@materializecss/materialize,2.3.3,39,D,UNVERIFIED_PUBLISH_PATH,2,4321,v0.2.0
multiselect-two-sides,2.5.7,19,F,UNVERIFIED_PUBLISH_PATH|DORMANT|SINGLE_MAINTAINER,1,4319,v0.2.0
jsignature,2.1.3,19,F,UNVERIFIED_PUBLISH_PATH|DORMANT|SINGLE_MAINTAINER,1,4295,v0.2.0
jquery-hammerjs,2.0.0,33,F,UNVERIFIED_PUBLISH_PATH|DORMANT,2,4292,v0.2.0
shariff,3.3.0,33,F,UNVERIFIED_PUBLISH_PATH|DORMANT,5,4287,v0.2.0
'@fontsource/ma-shan-zheng,5.3.0,81,B,,2,4283,v0.2.0
accordion,3.0.2,19,F,UNVERIFIED_PUBLISH_PATH|DORMANT|SINGLE_MAINTAINER,1,4275,v0.2.0
'@creativebulma/bulma-badge,1.0.1,33,F,UNVERIFIED_PUBLISH_PATH|DORMANT,2,4272,v0.2.0
'@meteocons/svg-static,0.1.0,32,F,UNVERIFIED_PUBLISH_PATH|SINGLE_MAINTAINER,1,4272,v0.2.0
'@fontsource/hind,5.3.0,81,B,,2,4269,v0.2.0
bootstrap-autocomplete,2.3.7,14,F,UNVERIFIED_PUBLISH_PATH|DORMANT|SINGLE_MAINTAINER,1,4265,v0.2.0
'@sweetalert2/theme-bulma,5.0.27,25,F,UNVERIFIED_PUBLISH_PATH|SINGLE_MAINTAINER|DEPRECATED,1,4264,v0.2.0
material-icons-font,2.1.0,19,F,UNVERIFIED_PUBLISH_PATH|DORMANT|SINGLE_MAINTAINER,1,4247,v0.2.0
'@fontsource-variable/funnel-display,5.3.0,81,B,,2,4245,v0.2.0
vuesax,3.12.2,19,F,UNVERIFIED_PUBLISH_PATH|DORMANT|SINGLE_MAINTAINER,1,4230,v0.2.0
videojs-quality-selector-hls,1.1.1,19,F,UNVERIFIED_PUBLISH_PATH|DORMANT|SINGLE_MAINTAINER,1,4223,v0.2.0
'@tsparticles/pjs,4.3.2,69,C,INCONSISTENT_PUBLISH_PATH|SINGLE_MAINTAINER,1,4216,v0.2.0
'@iconify-json/skill-icons,1.2.4,21,F,UNVERIFIED_PUBLISH_PATH|SINGLE_MAINTAINER,1,4204,v0.2.0
'@suprsend/web-sdk,4.4.0,39,D,UNVERIFIED_PUBLISH_PATH,3,4192,v0.2.0
atropos,2.0.2,19,F,UNVERIFIED_PUBLISH_PATH|DORMANT|SINGLE_MAINTAINER,1,4189,v0.2.0
'@fontsource-variable/roboto-serif,5.3.0,81,B,,2,4182,v0.2.0
'@shined/react-use,1.14.0,82,B,,4,4180,v0.2.0
'@banuba/webar,1.18.4,30,F,UNVERIFIED_PUBLISH_PATH,6,4178,v0.2.0
jquery.scrollbar,0.2.11,33,F,UNVERIFIED_PUBLISH_PATH|DORMANT,2,4177,v0.2.0
98.css,0.1.21,25,F,UNVERIFIED_PUBLISH_PATH|SINGLE_MAINTAINER,1,4172,v0.2.0
'@openstreetmap/id-tagging-schema,7.0.1,39,D,UNVERIFIED_PUBLISH_PATH,3,4165,v0.2.0
jquery-chained,2.0.0-beta.2,14,F,UNVERIFIED_PUBLISH_PATH|DORMANT|SINGLE_MAINTAINER,1,4155,v0.2.0
'@lobehub/fluent-emoji-3d,1.1.0,33,F,UNVERIFIED_PUBLISH_PATH|DORMANT,9,4152,v0.2.0
openplayerjs,2.14.12,25,F,UNVERIFIED_PUBLISH_PATH|SINGLE_MAINTAINER,1,4152,v0.2.0
'@aurodesignsystem/auro-formkit,6.0.1,79,B,INCONSISTENT_PUBLISH_PATH,8,4149,v0.2.0
jquery-slim,3.0.0,19,F,UNVERIFIED_PUBLISH_PATH|DORMANT|SINGLE_MAINTAINER,1,4139,v0.2.0
notifly-js-sdk,2.19.0,77,B,INCONSISTENT_PUBLISH_PATH,2,4139,v0.2.0
artplayer-plugin-chapter,1.1.0,25,F,UNVERIFIED_PUBLISH_PATH|SINGLE_MAINTAINER,1,4132,v0.2.0
'@blotoutio/providers-google-ads-clicks-sdk,1.64.3,25,F,UNVERIFIED_PUBLISH_PATH|SINGLE_MAINTAINER,1,4130,v0.2.0
chart2music,1.20.0,25,F,UNVERIFIED_PUBLISH_PATH|SINGLE_MAINTAINER,1,4123,v0.2.0
tail.select.js,1.1.0,25,F,UNVERIFIED_PUBLISH_PATH|SINGLE_MAINTAINER,1,4123,v0.2.0
hexo-theme-next,8.28.0,73,B,SINGLE_MAINTAINER,1,4115,v0.2.0
counterup2,2.0.2,19,F,UNVERIFIED_PUBLISH_PATH|DORMANT|SINGLE_MAINTAINER,1,4105,v0.2.0
'@rive-app/canvas-single,2.39.1,87,A,,5,4099,v0.2.0
'@tesseract.js-data/por,1.0.0,19,F,UNVERIFIED_PUBLISH_PATH|DORMANT|SINGLE_MAINTAINER,1,4097,v0.2.0
zooming,2.1.1,19,F,UNVERIFIED_PUBLISH_PATH|DORMANT|SINGLE_MAINTAINER,1,4090,v0.2.0
'@tsparticles/preset-snow,4.3.2,69,C,INCONSISTENT_PUBLISH_PATH|SINGLE_MAINTAINER,1,4087,v0.2.0
'@globalpayments/vega,2.95.0,35,D,UNVERIFIED_PUBLISH_PATH,12,4081,v0.2.0
'@fontsource/asap,5.3.0,81,B,,2,4078,v0.2.0
lg-thumbnail.js,1.2.0,19,F,UNVERIFIED_PUBLISH_PATH|DORMANT|SINGLE_MAINTAINER,1,4073,v0.2.0
survey-vue,1.12.64,34,F,UNVERIFIED_PUBLISH_PATH,5,4068,v0.2.0
skulpt,1.2.0,19,F,UNVERIFIED_PUBLISH_PATH|DORMANT|SINGLE_MAINTAINER,1,4066,v0.2.0
'@trevoreyre/autocomplete-js,3.0.3,19,F,UNVERIFIED_PUBLISH_PATH|DORMANT|SINGLE_MAINTAINER,1,4062,v0.2.0
jquery-tooltipster,3.3.0,15,F,UNVERIFIED_PUBLISH_PATH|DORMANT|SINGLE_MAINTAINER,1,4057,v0.2.0
'@fontsource-variable/host-grotesk,5.3.0,81,B,,2,4046,v0.2.0
'@fontsource/redacted-script,5.3.0,81,B,,2,4031,v0.2.0
js-loading-overlay,1.2.0,19,F,UNVERIFIED_PUBLISH_PATH|DORMANT|SINGLE_MAINTAINER,1,4027,v0.2.0
twikoo,1.7.14,63,C,INCONSISTENT_PUBLISH_PATH|SINGLE_MAINTAINER,1,4026,v0.2.0
vue-file-agent,1.7.3,19,F,UNVERIFIED_PUBLISH_PATH|DORMANT|SINGLE_MAINTAINER,1,4022,v0.2.0
'@fontsource/karma,5.3.0,81,B,,2,4013,v0.2.0
accessibility,6.1.0,21,F,UNVERIFIED_PUBLISH_PATH|SINGLE_MAINTAINER,1,4010,v0.2.0
tablesaw,3.1.2,33,F,UNVERIFIED_PUBLISH_PATH|DORMANT,6,4010,v0.2.0
'@expo-google-fonts/source-code-pro,0.4.1,39,D,UNVERIFIED_PUBLISH_PATH,4,4005,v0.2.0
'@razorpay/blade,12.111.0,94,A,,5,3997,v0.2.0
osm-community-index,6.0.0,30,F,UNVERIFIED_PUBLISH_PATH,2,3996,v0.2.0
paginationjs,2.6.0,19,F,UNVERIFIED_PUBLISH_PATH|DORMANT|SINGLE_MAINTAINER,1,3992,v0.2.0
isfastnet,2.0.2,15,F,UNVERIFIED_PUBLISH_PATH|DORMANT|SINGLE_MAINTAINER,1,3987,v0.2.0
jquery.marquee,1.6.1,33,F,UNVERIFIED_PUBLISH_PATH|DORMANT,2,3986,v0.2.0
animated-number-vue,1.0.0,14,F,UNVERIFIED_PUBLISH_PATH|DORMANT|SINGLE_MAINTAINER,1,3962,v0.2.0
pdf-lib-with-encrypt,1.2.1,14,F,UNVERIFIED_PUBLISH_PATH|DORMANT|SINGLE_MAINTAINER,1,3959,v0.2.0
'@fontsource/vollkorn,5.3.0,81,B,,2,3958,v0.2.0
'@bigcommerce/stencil-utils,6.23.0,94,A,,8,3957,v0.2.0
addsearch-js-client,1.2.6,39,D,UNVERIFIED_PUBLISH_PATH,3,3957,v0.2.0
'@fontsource/michroma,5.3.0,81,B,,2,3955,v0.2.0
'@fontsource/noto-kufi-arabic,5.3.0,81,B,,2,3951,v0.2.0
'@fontsource-variable/sofia-sans,5.3.0,81,B,,2,3949,v0.2.0
'@fontsource-variable/gabarito,5.3.0,81,B,,2,3942,v0.2.0
'@govbr-ds/core,3.7.0,35,D,UNVERIFIED_PUBLISH_PATH,4,3940,v0.2.0
'@fontsource/zcool-kuaile,5.3.0,81,B,,2,3936,v0.2.0
'@aws/amazon-location-for-maplibre-gl-geocoder,2.0.8,94,A,,4,3935,v0.2.0
rateyo,3.0.0-alpha.2,19,F,UNVERIFIED_PUBLISH_PATH|DORMANT|SINGLE_MAINTAINER,1,3915,v0.2.0
fingerprintjs2sync,1.5.9,19,F,UNVERIFIED_PUBLISH_PATH|DORMANT|SINGLE_MAINTAINER,1,3912,v0.2.0
hexo-theme-butterfly,5.6.1,57,C,INCONSISTENT_PUBLISH_PATH|SINGLE_MAINTAINER,1,3911,v0.2.0
'@wix/headless-stores,0.0.119,30,F,UNVERIFIED_PUBLISH_PATH,11,3910,v0.2.0
'@imacrayon/alpine-ajax,0.12.7,73,B,SINGLE_MAINTAINER,1,3903,v0.2.0
'@fluid-topics/ft-tooltip,2.1.14,35,D,UNVERIFIED_PUBLISH_PATH,3,3897,v0.2.0
css-toggle-switch,4.1.0,19,F,UNVERIFIED_PUBLISH_PATH|DORMANT|SINGLE_MAINTAINER,1,3897,v0.2.0
lax.js,2.0.3,19,F,UNVERIFIED_PUBLISH_PATH|DORMANT|SINGLE_MAINTAINER,1,3894,v0.2.0
emoji-datasource-facebook,16.0.0,25,F,UNVERIFIED_PUBLISH_PATH|SINGLE_MAINTAINER,1,3890,v0.2.0
'@near-wallet-selector/modal-ui-js,10.1.4,40,D,UNVERIFIED_PUBLISH_PATH,3,3879,v0.2.0
iconista,3.0.0,25,F,UNVERIFIED_PUBLISH_PATH|SINGLE_MAINTAINER,1,3878,v0.2.0
jquery-smooth-scroll,2.2.0,19,F,UNVERIFIED_PUBLISH_PATH|DORMANT|SINGLE_MAINTAINER,1,3876,v0.2.0
breeze-client,2.2.2,39,D,UNVERIFIED_PUBLISH_PATH,5,3870,v0.2.0
'@shakebugs/browser,3.3.2,25,F,UNVERIFIED_PUBLISH_PATH|SINGLE_MAINTAINER,1,3869,v0.2.0
quran-json,3.1.2,19,F,UNVERIFIED_PUBLISH_PATH|DORMANT|SINGLE_MAINTAINER,1,3867,v0.2.0
latex.js,0.12.6,19,F,UNVERIFIED_PUBLISH_PATH|DORMANT|SINGLE_MAINTAINER,1,3865,v0.2.0
validate-polish,2.1.40,15,F,UNVERIFIED_PUBLISH_PATH|DORMANT|SINGLE_MAINTAINER,1,3847,v0.2.0
'@emran-alhaddad/saudi-riyal-font,1.1.0,25,F,UNVERIFIED_PUBLISH_PATH|SINGLE_MAINTAINER,1,3844,v0.2.0
jqcloud2,2.0.3,19,F,UNVERIFIED_PUBLISH_PATH|DORMANT|SINGLE_MAINTAINER,1,3838,v0.2.0
skeleton-screen-css,1.1.0,19,F,UNVERIFIED_PUBLISH_PATH|DORMANT|SINGLE_MAINTAINER,1,3835,v0.2.0
'@fontsource/kumbh-sans,5.3.0,81,B,,2,3834,v0.2.0
'@fontsource/caprasimo,5.3.0,81,B,,2,3833,v0.2.0
'@social-mail/social-mail-client,1.11.45,21,F,UNVERIFIED_PUBLISH_PATH|SINGLE_MAINTAINER,1,3828,v0.2.0
lg-fullscreen.js,1.2.0,19,F,UNVERIFIED_PUBLISH_PATH|DORMANT|SINGLE_MAINTAINER,1,3827,v0.2.0
'@iconify-json/mdi-light,1.2.2,15,F,UNVERIFIED_PUBLISH_PATH|DORMANT|SINGLE_MAINTAINER,1,3823,v0.2.0
jquery-drawer,3.2.2,19,F,UNVERIFIED_PUBLISH_PATH|DORMANT|SINGLE_MAINTAINER,1,3818,v0.2.0
'@fontsource-variable/epilogue,5.3.0,81,B,,2,3815,v0.2.0
jspanel4,4.16.1,19,F,UNVERIFIED_PUBLISH_PATH|DORMANT|SINGLE_MAINTAINER,1,3815,v0.2.0
'@dynatrace/strato-components,3.9.0,30,F,UNVERIFIED_PUBLISH_PATH,4,3808,v0.2.0
'@iconify-json/akar-icons,1.2.7,21,F,UNVERIFIED_PUBLISH_PATH|SINGLE_MAINTAINER,1,3799,v0.2.0
'@aurodesignsystem/auro-hyperlink,8.0.3,89,A,BRANCH_REQUIRES_PR,8,3797,v0.2.0
desandro-classie,1.0.1,14,F,UNVERIFIED_PUBLISH_PATH|DORMANT|SINGLE_MAINTAINER,1,3797,v0.2.0
fontawesome-iconpicker,3.2.0,19,F,UNVERIFIED_PUBLISH_PATH|DORMANT|SINGLE_MAINTAINER|DEPRECATED,1,3787,v0.2.0
cannon,0.6.2,14,F,UNVERIFIED_PUBLISH_PATH|DORMANT|SINGLE_MAINTAINER,1,3783,v0.2.0
'@microblink/blinkcard-in-browser-sdk,2.12.0,39,D,UNVERIFIED_PUBLISH_PATH|DEPRECATED,5,3780,v0.2.0
'@icon/themify-icons,1.0.1-alpha.3,33,F,UNVERIFIED_PUBLISH_PATH|DORMANT,2,3779,v0.2.0
bootstrap-progressbar,0.9.0,19,F,UNVERIFIED_PUBLISH_PATH|DORMANT|SINGLE_MAINTAINER,1,3778,v0.2.0
audio-context-polyfill,1.0.0,14,F,UNVERIFIED_PUBLISH_PATH|DORMANT|SINGLE_MAINTAINER|PUBLISHER_NOT_MAINTAINER|DEPRECATED,1,3774,v0.2.0
davidshimjs-qrcodejs,0.0.2,19,F,UNVERIFIED_PUBLISH_PATH|DORMANT|SINGLE_MAINTAINER,1,3772,v0.2.0
'@tsparticles/preset-links,4.3.2,69,C,INCONSISTENT_PUBLISH_PATH|SINGLE_MAINTAINER,1,3745,v0.2.0
loading-attribute-polyfill,2.1.1,19,F,UNVERIFIED_PUBLISH_PATH|DORMANT|SINGLE_MAINTAINER,1,3734,v0.2.0
'@fontsource-variable/google-sans,5.3.0,81,B,,2,3733,v0.2.0
leaflet-velocity,2.1.4,19,F,UNVERIFIED_PUBLISH_PATH|DORMANT|SINGLE_MAINTAINER,1,3731,v0.2.0
jexcel,4.6.1,19,F,UNVERIFIED_PUBLISH_PATH|DORMANT|SINGLE_MAINTAINER,1,3729,v0.2.0
'@microblink/blinkid,8001.0.0,75,B,SINGLE_MAINTAINER,1,3721,v0.2.0
name-suggestion-index,7.2.20260530,34,F,UNVERIFIED_PUBLISH_PATH,5,3714,v0.2.0
'@dropins/storefront-cart,3.3.0,35,D,UNVERIFIED_PUBLISH_PATH,10,3709,v0.2.0
tocca,2.0.9,19,F,UNVERIFIED_PUBLISH_PATH|DORMANT|SINGLE_MAINTAINER,1,3708,v0.2.0
angular-socialshare,2.3.11,19,F,UNVERIFIED_PUBLISH_PATH|DORMANT|SINGLE_MAINTAINER,1,3706,v0.2.0
image-map-resizer,1.0.10,25,F,UNVERIFIED_PUBLISH_PATH|DORMANT|SINGLE_MAINTAINER,1,3694,v0.2.0
bs5-lightbox,1.8.5,25,F,UNVERIFIED_PUBLISH_PATH|SINGLE_MAINTAINER,1,3688,v0.2.0
'@aurodesignsystem/auro-loader,6.2.0,89,A,BRANCH_REQUIRES_PR,8,3685,v0.2.0
'@atjson/source-html,0.42.1,35,D,UNVERIFIED_PUBLISH_PATH,6,3673,v0.2.0
mediaelement-plugins,5.2.0,39,D,UNVERIFIED_PUBLISH_PATH,4,3668,v0.2.0
inline-svg,2.2.3,33,F,UNVERIFIED_PUBLISH_PATH|DORMANT,2,3666,v0.2.0
webcamjs,1.0.26,19,F,UNVERIFIED_PUBLISH_PATH|DORMANT|SINGLE_MAINTAINER,1,3665,v0.2.0
itemsjs,2.4.4,25,F,UNVERIFIED_PUBLISH_PATH|SINGLE_MAINTAINER,1,3646,v0.2.0
'@iconify-json/noto,1.2.7,21,F,UNVERIFIED_PUBLISH_PATH|SINGLE_MAINTAINER,1,3645,v0.2.0
'@webxr-input-profiles/motion-controllers,1.0.0,24,F,UNVERIFIED_PUBLISH_PATH|DORMANT,2,3642,v0.2.0
v-charts,1.19.0,19,F,UNVERIFIED_PUBLISH_PATH|DORMANT|SINGLE_MAINTAINER,1,3641,v0.2.0
phpjs,1.3.2,14,F,UNVERIFIED_PUBLISH_PATH|DORMANT|SINGLE_MAINTAINER|DEPRECATED,1,3638,v0.2.0
'@fontsource/pt-sans-narrow,5.3.0,81,B,,2,3635,v0.2.0
bootstrap3,3.3.5,32,F,UNVERIFIED_PUBLISH_PATH|DORMANT|SINGLE_MAINTAINER,1,3632,v0.2.0
'@contentstack/personalize-edge-sdk,1.0.23,39,D,UNVERIFIED_PUBLISH_PATH,2,3628,v0.2.0
fork-awesome,1.2.0,33,F,UNVERIFIED_PUBLISH_PATH|DORMANT|DEPRECATED,2,3628,v0.2.0
details-polyfill,1.2.0,14,F,UNVERIFIED_PUBLISH_PATH|DORMANT|SINGLE_MAINTAINER,1,3624,v0.2.0
ie11-custom-properties,4.1.0,19,F,UNVERIFIED_PUBLISH_PATH|DORMANT|SINGLE_MAINTAINER,1,3621,v0.2.0
'@mathjax/mathjax-stix2-font,4.1.3,39,D,UNVERIFIED_PUBLISH_PATH,3,3618,v0.2.0
'@fontsource-variable/chivo,5.3.0,81,B,,2,3616,v0.2.0
leaflet.geodesic,2.7.2,25,F,UNVERIFIED_PUBLISH_PATH|SINGLE_MAINTAINER,1,3616,v0.2.0
image-compare-viewer,1.6.2,19,F,UNVERIFIED_PUBLISH_PATH|DORMANT|SINGLE_MAINTAINER,1,3606,v0.2.0
arv-extends,5.0.3-status-track-1.71,28,F,UNVERIFIED_PUBLISH_PATH|DORMANT,4,3593,v0.2.0
ajaxinate,3.0.1,19,F,UNVERIFIED_PUBLISH_PATH|DORMANT|SINGLE_MAINTAINER,1,3592,v0.2.0
'@iconify-json/gridicons,1.2.5,21,F,UNVERIFIED_PUBLISH_PATH|SINGLE_MAINTAINER,1,3590,v0.2.0
lg-video.js,1.3.0,19,F,UNVERIFIED_PUBLISH_PATH|DORMANT|SINGLE_MAINTAINER,1,3586,v0.2.0
'@3d-dice/dice-box-threejs,0.0.12,19,F,UNVERIFIED_PUBLISH_PATH|DORMANT|SINGLE_MAINTAINER,1,3581,v0.2.0
leaflet-pixi-overlay,1.9.5,25,F,UNVERIFIED_PUBLISH_PATH|SINGLE_MAINTAINER,1,3581,v0.2.0
filepond-plugin-file-metadata,1.0.8,19,F,UNVERIFIED_PUBLISH_PATH|DORMANT|SINGLE_MAINTAINER,1,3579,v0.2.0
'@dropins/storefront-auth,4.0.0,35,D,UNVERIFIED_PUBLISH_PATH,10,3577,v0.2.0
bulma-divider,0.2.0,14,F,UNVERIFIED_PUBLISH_PATH|DORMANT|SINGLE_MAINTAINER|PUBLISHER_NOT_MAINTAINER,1,3576,v0.2.0
medium-draft,0.5.18,19,F,UNVERIFIED_PUBLISH_PATH|DORMANT|SINGLE_MAINTAINER,1,3563,v0.2.0
bootstrap-confirmation2,4.2.1,19,F,UNVERIFIED_PUBLISH_PATH|DORMANT|SINGLE_MAINTAINER,1,3560,v0.2.0
lg-zoom.js,1.3.0,19,F,UNVERIFIED_PUBLISH_PATH|DORMANT|SINGLE_MAINTAINER,1,3560,v0.2.0
'@fontsource-variable/dancing-script,5.3.0,81,B,,2,3540,v0.2.0
'@typebot.io/js,0.10.7,16,F,UNVERIFIED_PUBLISH_PATH|SINGLE_MAINTAINER,1,3540,v0.2.0
aplayer,1.10.1,19,F,UNVERIFIED_PUBLISH_PATH|DORMANT|SINGLE_MAINTAINER,1,3534,v0.2.0
convertapi-js,1.0.8,19,F,UNVERIFIED_PUBLISH_PATH|DORMANT|SINGLE_MAINTAINER,1,3534,v0.2.0
leaflet-heatmap,1.0.0,10,F,UNVERIFIED_PUBLISH_PATH|DORMANT|SINGLE_MAINTAINER,1,3532,v0.2.0
mixitup,3.3.2,19,F,UNVERIFIED_PUBLISH_PATH|DORMANT|SINGLE_MAINTAINER,1,3531,v0.2.0
'@fontsource/im-fell-english,5.3.0,81,B,,2,3522,v0.2.0
jquery-autocomplete,1.2.8,19,F,UNVERIFIED_PUBLISH_PATH|DORMANT|SINGLE_MAINTAINER,1,3521,v0.2.0
pristinejs,1.1.0,19,F,UNVERIFIED_PUBLISH_PATH|DORMANT|SINGLE_MAINTAINER,1,3521,v0.2.0
docusaurus-plugin-drawio,0.4.0,19,F,UNVERIFIED_PUBLISH_PATH|DORMANT|SINGLE_MAINTAINER,1,3514,v0.2.0
'@fontsource/righteous,5.3.0,81,B,,2,3510,v0.2.0
bulma-switch-control,1.2.2,19,F,UNVERIFIED_PUBLISH_PATH|DORMANT|SINGLE_MAINTAINER,1,3510,v0.2.0
'@sbb-esta/angular-icons,12.4.0,35,D,UNVERIFIED_PUBLISH_PATH|DORMANT,4,3509,v0.2.0
'@web-atoms/web-controls,2.6.22,58,C,INCONSISTENT_PUBLISH_PATH|SINGLE_MAINTAINER,1,3509,v0.2.0
'@vonage/media-processor,3.0.4,35,D,UNVERIFIED_PUBLISH_PATH,66,3503,v0.2.0
'@fontsource/staatliches,5.3.0,81,B,,2,3502,v0.2.0
'@fontsource/maven-pro,5.3.0,81,B,,2,3500,v0.2.0
bulma-timeline,3.0.5,33,F,UNVERIFIED_PUBLISH_PATH|DORMANT|DEPRECATED,2,3496,v0.2.0
antdv-next,1.4.5,34,F,UNVERIFIED_PUBLISH_PATH,3,3488,v0.2.0
'@blackbaud/sky-addin-client,1.7.3,25,F,UNVERIFIED_PUBLISH_PATH|SINGLE_MAINTAINER,1,3473,v0.2.0
sal.js,0.8.5,19,F,UNVERIFIED_PUBLISH_PATH|DORMANT|SINGLE_MAINTAINER,1,3469,v0.2.0
pushfeedback,0.1.85,25,F,UNVERIFIED_PUBLISH_PATH|SINGLE_MAINTAINER,1,3458,v0.2.0
'@fontsource/iosevka,5.3.0,81,B,,2,3453,v0.2.0
'@fontsource/zen-old-mincho,5.3.0,81,B,,2,3450,v0.2.0
'@fontsource/gochi-hand,5.3.0,81,B,,2,3439,v0.2.0
editorjs-alert,1.1.4,14,F,UNVERIFIED_PUBLISH_PATH|DORMANT|SINGLE_MAINTAINER,1,3437,v0.2.0
'@recombee/quick-search-widget-js,0.2.15,30,F,UNVERIFIED_PUBLISH_PATH,5,3435,v0.2.0
'@webpixels/css,3.0.5,25,F,UNVERIFIED_PUBLISH_PATH|SINGLE_MAINTAINER,1,3432,v0.2.0
riot-route,3.1.4,33,F,UNVERIFIED_PUBLISH_PATH|DORMANT,2,3432,v0.2.0
'@iconify-json/cib,1.2.3,21,F,UNVERIFIED_PUBLISH_PATH|SINGLE_MAINTAINER,1,3429,v0.2.0
'@fontsource/oxygen,5.3.0,81,B,,2,3427,v0.2.0
'@highcharts/grid-lite,3.0.0,39,D,UNVERIFIED_PUBLISH_PATH,10,3427,v0.2.0
fittext.js,1.2.0,19,F,UNVERIFIED_PUBLISH_PATH|DORMANT|SINGLE_MAINTAINER,1,3427,v0.2.0
chartist-plugin-pointlabels,0.0.6,19,F,UNVERIFIED_PUBLISH_PATH|DORMANT|SINGLE_MAINTAINER,1,3406,v0.2.0
'@wix/auto_sdk_bookings_staff-members,1.0.116,30,F,UNVERIFIED_PUBLISH_PATH,11,3392,v0.2.0
pjax,0.2.8,33,F,UNVERIFIED_PUBLISH_PATH|DORMANT,3,3378,v0.2.0
'@fontsource/line-seed-jp,5.3.0,81,B,,2,3376,v0.2.0
snowball-stemmer.jsx,0.2.3,19,F,UNVERIFIED_PUBLISH_PATH|DORMANT|SINGLE_MAINTAINER,1,3370,v0.2.0
'@neo4j-ndl/base,4.17.0,30,F,UNVERIFIED_PUBLISH_PATH,3,3367,v0.2.0
xgplayer-flv,3.0.26,77,B,INCONSISTENT_PUBLISH_PATH,11,3366,v0.2.0
'@lobehub/icons-static-webp,1.93.0,39,D,UNVERIFIED_PUBLISH_PATH,9,3361,v0.2.0
artplayer-plugin-auto-thumbnail,1.1.0,25,F,UNVERIFIED_PUBLISH_PATH|SINGLE_MAINTAINER,1,3357,v0.2.0
sequential-workflow-designer,0.40.0,25,F,UNVERIFIED_PUBLISH_PATH|SINGLE_MAINTAINER,1,3346,v0.2.0
'@fontsource/young-serif,5.3.0,81,B,,2,3345,v0.2.0
'@fontsource-variable/familjen-grotesk,5.3.0,81,B,,2,3343,v0.2.0
node-snackbar,0.1.16,19,F,UNVERIFIED_PUBLISH_PATH|DORMANT|SINGLE_MAINTAINER,1,3338,v0.2.0
simple-mind-map,0.14.0-fix.3,20,F,UNVERIFIED_PUBLISH_PATH|SINGLE_MAINTAINER,1,3330,v0.2.0
prostgles-server,4.2.566,25,F,UNVERIFIED_PUBLISH_PATH|SINGLE_MAINTAINER,1,3319,v0.2.0
remodal,1.1.1,19,F,UNVERIFIED_PUBLISH_PATH|DORMANT|SINGLE_MAINTAINER,1,3311,v0.2.0
'@fontsource/almarai,5.3.0,81,B,,2,3304,v0.2.0
chartjs-plugin-deferred,2.0.0,33,F,UNVERIFIED_PUBLISH_PATH|DORMANT,2,3301,v0.2.0
'@dropins/storefront-order,4.0.0,35,D,UNVERIFIED_PUBLISH_PATH,10,3299,v0.2.0
'@zendeskgarden/css-callouts,3.3.21,26,F,UNVERIFIED_PUBLISH_PATH|DORMANT|SINGLE_MAINTAINER|DEPRECATED,1,3298,v0.2.0
leaflet-measure-path,1.5.0,19,F,UNVERIFIED_PUBLISH_PATH|DORMANT|SINGLE_MAINTAINER,1,3298,v0.2.0
retinajs,2.1.3,33,F,UNVERIFIED_PUBLISH_PATH|DORMANT,2,3298,v0.2.0
'@wix/auto_sdk_bookings_services,1.0.261,30,F,UNVERIFIED_PUBLISH_PATH,11,3296,v0.2.0
umbrellajs,3.3.3,19,F,UNVERIFIED_PUBLISH_PATH|DORMANT|SINGLE_MAINTAINER,1,3295,v0.2.0
alpaca,1.5.27,14,F,UNVERIFIED_PUBLISH_PATH|DORMANT|SINGLE_MAINTAINER,1,3292,v0.2.0
'@fontsource/kosugi-maru,5.3.0,81,B,,2,3283,v0.2.0
'@iconify-json/tdesign,1.2.17,21,F,UNVERIFIED_PUBLISH_PATH|SINGLE_MAINTAINER,1,3283,v0.2.0
'@fontsource-variable/funnel-sans,5.3.0,81,B,,2,3278,v0.2.0
tableexport,5.2.0,14,F,UNVERIFIED_PUBLISH_PATH|DORMANT|SINGLE_MAINTAINER,1,3278,v0.2.0
'@xano/js-sdk,3.0.1,39,D,UNVERIFIED_PUBLISH_PATH,5,3274,v0.2.0
angular-carousel,1.1.0,19,F,UNVERIFIED_PUBLISH_PATH|DORMANT|SINGLE_MAINTAINER,1,3273,v0.2.0
blockadblock,3.2.1,19,F,UNVERIFIED_PUBLISH_PATH|DORMANT|SINGLE_MAINTAINER,1,3271,v0.2.0
opencv.js,1.2.1,20,F,UNVERIFIED_PUBLISH_PATH|DORMANT|SINGLE_MAINTAINER,1,3267,v0.2.0
isotope-packery,2.0.1,19,F,UNVERIFIED_PUBLISH_PATH|DORMANT|SINGLE_MAINTAINER,1,3266,v0.2.0
bootstrap5-toggle,5.4.1,31,F,UNVERIFIED_PUBLISH_PATH|SINGLE_MAINTAINER,1,3265,v0.2.0
stimulus-content-loader,4.2.0,14,F,UNVERIFIED_PUBLISH_PATH|DORMANT|SINGLE_MAINTAINER|DEPRECATED,1,3262,v0.2.0
zero-md,3.1.8,25,F,UNVERIFIED_PUBLISH_PATH|SINGLE_MAINTAINER,1,3261,v0.2.0
'@kingshott/iodine,8.3.0,19,F,UNVERIFIED_PUBLISH_PATH|DORMANT|SINGLE_MAINTAINER|DEPRECATED,1,3256,v0.2.0
'@fontsource/teko,5.3.0,81,B,,2,3255,v0.2.0
apextree,1.14.0,63,C,INCONSISTENT_PUBLISH_PATH|SINGLE_MAINTAINER,1,3249,v0.2.0
'@iconify-json/icon-park-solid,1.2.4,21,F,UNVERIFIED_PUBLISH_PATH|SINGLE_MAINTAINER,1,3243,v0.2.0
'@iconify-json/pajamas,1.2.15,21,F,UNVERIFIED_PUBLISH_PATH|SINGLE_MAINTAINER,1,3233,v0.2.0
flickity-sync,3.0.0,19,F,UNVERIFIED_PUBLISH_PATH|DORMANT|SINGLE_MAINTAINER,1,3232,v0.2.0
'@anyline/anyline-js,56.1.2,39,D,UNVERIFIED_PUBLISH_PATH,9,3221,v0.2.0
bootstrap-hover-dropdown,2.2.1,19,F,UNVERIFIED_PUBLISH_PATH|DORMANT|SINGLE_MAINTAINER,1,3217,v0.2.0
'@probo/cookie-banner,0.10.0,83,B,INCONSISTENT_PUBLISH_PATH,2,3212,v0.2.0
'@mathjax/mathjax-mhchem-font-extension,4.1.3,39,D,UNVERIFIED_PUBLISH_PATH,3,3208,v0.2.0
promise-js,0.0.7,19,F,UNVERIFIED_PUBLISH_PATH|DORMANT|SINGLE_MAINTAINER,1,3195,v0.2.0
'@fontsource/italiana,5.3.0,81,B,,2,3193,v0.2.0
'@wix/auto_sdk_bookings_service-options-and-variants,1.0.86,30,F,UNVERIFIED_PUBLISH_PATH,11,3191,v0.2.0
vlitejs,8.1.1,73,B,SINGLE_MAINTAINER,1,3177,v0.2.0
'@tesseract.js-data/ara,1.0.0,19,F,UNVERIFIED_PUBLISH_PATH|DORMANT|SINGLE_MAINTAINER,1,3167,v0.2.0
jquery-ui-themes,1.12.0,10,F,UNVERIFIED_PUBLISH_PATH|DORMANT|SINGLE_MAINTAINER,1,3151,v0.2.0
dotdotdot,1.7.0,10,F,UNVERIFIED_PUBLISH_PATH|DORMANT|SINGLE_MAINTAINER,1,3144,v0.2.0
easy-speech,2.4.0,25,F,UNVERIFIED_PUBLISH_PATH|DORMANT|SINGLE_MAINTAINER,1,3142,v0.2.0
'@countrystatecity/countries-browser,1.0.2,20,F,UNVERIFIED_PUBLISH_PATH|SINGLE_MAINTAINER,1,3135,v0.2.0
jsmind,0.9.1,63,C,SINGLE_MAINTAINER,1,3135,v0.2.0
vue-json-to-csv,1.1.8,19,F,UNVERIFIED_PUBLISH_PATH|DORMANT|SINGLE_MAINTAINER,1,3129,v0.2.0
'@mercuryworkshop/bare-mux,2.1.9,30,F,UNVERIFIED_PUBLISH_PATH,6,3126,v0.2.0
leaflet-mouse-position,1.2.0,19,F,UNVERIFIED_PUBLISH_PATH|DORMANT|SINGLE_MAINTAINER,1,3121,v0.2.0
'@teipublisher/pb-components,3.6.6,77,B,INCONSISTENT_PUBLISH_PATH,3,3120,v0.2.0
leaflet-pegman,0.1.7,25,F,UNVERIFIED_PUBLISH_PATH|SINGLE_MAINTAINER,1,3112,v0.2.0
sharer.js,0.5.4,32,F,UNVERIFIED_PUBLISH_PATH|SINGLE_MAINTAINER,1,3105,v0.2.0
fontawesome-4.7,4.7.0,19,F,UNVERIFIED_PUBLISH_PATH|DORMANT|SINGLE_MAINTAINER,1,3099,v0.2.0
'@wix/auto_sdk_crm_attachments,1.0.54,30,F,UNVERIFIED_PUBLISH_PATH,11,3095,v0.2.0
gentle-pi,1.2.0,58,C,INCONSISTENT_PUBLISH_PATH|SINGLE_MAINTAINER,1,3088,v0.2.0
'@fontsource-variable/red-hat-display,5.3.0,81,B,,2,3086,v0.2.0
'@alma/widgets,4.4.0,87,A,,6,3081,v0.2.0
'@hackernoon/pixel-icon-library,1.1.0,39,D,UNVERIFIED_PUBLISH_PATH,4,3080,v0.2.0
'@wix/auto_sdk_crm_submitted-contact,1.0.44,30,F,UNVERIFIED_PUBLISH_PATH,11,3078,v0.2.0
'@fontsource/noto-serif-display,5.3.0,81,B,,2,3074,v0.2.0
'@zephr/browser,1.9.1,29,F,UNVERIFIED_PUBLISH_PATH|DORMANT,5,3070,v0.2.0
svelte-material-ui,9.0.1,25,F,UNVERIFIED_PUBLISH_PATH|SINGLE_MAINTAINER,1,3067,v0.2.0
'@iconify-json/ci,1.2.2,15,F,UNVERIFIED_PUBLISH_PATH|DORMANT|SINGLE_MAINTAINER,1,3065,v0.2.0
'@formcrafts/embed,1.0.38,25,F,UNVERIFIED_PUBLISH_PATH|SINGLE_MAINTAINER,1,3064,v0.2.0
qrcanvas,3.1.2,19,F,UNVERIFIED_PUBLISH_PATH|DORMANT|SINGLE_MAINTAINER,1,3063,v0.2.0
'@fontsource/anonymous-pro,5.3.0,81,B,,2,3060,v0.2.0
'@sweetalert2/themes,5.0.27,25,F,UNVERIFIED_PUBLISH_PATH|SINGLE_MAINTAINER|DEPRECATED,1,3060,v0.2.0
'@fontsource/arvo,5.3.0,81,B,,2,3055,v0.2.0
'@reductoai/components,0.1.0,25,F,UNVERIFIED_PUBLISH_PATH|SINGLE_MAINTAINER,1,3050,v0.2.0
volantis-static,0.0.1761982841160,63,C,SINGLE_MAINTAINER,1,3047,v0.2.0
jquery-sortablejs,1.0.1,33,F,UNVERIFIED_PUBLISH_PATH|DORMANT,2,3046,v0.2.0
jquery.stellar,0.6.2,33,F,UNVERIFIED_PUBLISH_PATH|DORMANT,2,3044,v0.2.0
jscroll,2.4.1,19,F,UNVERIFIED_PUBLISH_PATH|DORMANT|SINGLE_MAINTAINER,1,3037,v0.2.0
custom-select,1.1.15,33,F,UNVERIFIED_PUBLISH_PATH|DORMANT,2,3034,v0.2.0
'@nutui/touch-emulator,1.0.0,33,F,UNVERIFIED_PUBLISH_PATH|DORMANT,2,3031,v0.2.0
huebee,2.1.1,19,F,UNVERIFIED_PUBLISH_PATH|DORMANT|SINGLE_MAINTAINER,1,3025,v0.2.0
verifalia-widget,1.14.1,21,F,UNVERIFIED_PUBLISH_PATH|SINGLE_MAINTAINER,1,3004,v0.2.0
addsearch-search-ui,0.10.9,39,D,UNVERIFIED_PUBLISH_PATH,3,2991,v0.2.0
clappr,0.3.13,33,F,UNVERIFIED_PUBLISH_PATH|DORMANT|DEPRECATED,11,2991,v0.2.0
'@shiguredo/virtual-background,2023.2.0,33,F,UNVERIFIED_PUBLISH_PATH|DORMANT,2,2979,v0.2.0
'@fontsource-variable/saira,5.3.0,81,B,,2,2977,v0.2.0
videojs-errors,6.2.0,33,F,UNVERIFIED_PUBLISH_PATH|DORMANT,105,2952,v0.2.0
es2015,0.0.0,19,F,UNVERIFIED_PUBLISH_PATH|DORMANT|SINGLE_MAINTAINER,1,2948,v0.2.0
'@tesseract.js-data/deu,1.0.0,19,F,UNVERIFIED_PUBLISH_PATH|DORMANT|SINGLE_MAINTAINER,1,2942,v0.2.0
'@fontsource/tenor-sans,5.3.0,81,B,,2,2933,v0.2.0
'@wix/auto_sdk_bookings_bookings,1.0.216,30,F,UNVERIFIED_PUBLISH_PATH,11,2926,v0.2.0
'@wix/auto_sdk_bookings_availability-time-slots,1.0.255,30,F,UNVERIFIED_PUBLISH_PATH,11,2919,v0.2.0
'@stoplight/graphite,12.7.1,23,F,UNVERIFIED_PUBLISH_PATH|DORMANT|PUBLISHER_NOT_MAINTAINER,3,2910,v0.2.0
aspnet-client-validation,0.11.1,19,F,UNVERIFIED_PUBLISH_PATH|DORMANT|SINGLE_MAINTAINER,1,2910,v0.2.0
noto-sans-kr,0.1.1,19,F,UNVERIFIED_PUBLISH_PATH|DORMANT|SINGLE_MAINTAINER,1,2897,v0.2.0
'@fontsource/blinker,5.3.0,81,B,,2,2895,v0.2.0
'@seniorsistemas/angular-components,19.7.4,35,D,UNVERIFIED_PUBLISH_PATH,2,2888,v0.2.0
'@fontsource/amatic-sc,5.3.0,81,B,,2,2885,v0.2.0
'@fontsource-variable/alexandria,5.3.0,81,B,,2,2883,v0.2.0
'@wix/auto_sdk_bookings_resources,1.0.87,30,F,UNVERIFIED_PUBLISH_PATH,11,2875,v0.2.0
'@fontsource-variable/commissioner,5.3.0,81,B,,2,2874,v0.2.0
glyphicons-only-bootstrap,1.0.1,14,F,UNVERIFIED_PUBLISH_PATH|DORMANT|SINGLE_MAINTAINER,1,2873,v0.2.0
'@scandit/web-datacapture-parser,8.5.1,35,D,UNVERIFIED_PUBLISH_PATH,5,2867,v0.2.0
'@wix/auto_sdk_bookings_multi-service-availability-time-slots,1.0.248,30,F,UNVERIFIED_PUBLISH_PATH,11,2863,v0.2.0
'@zendeskgarden/css-utilities,4.5.5,26,F,UNVERIFIED_PUBLISH_PATH|DORMANT|SINGLE_MAINTAINER|DEPRECATED,1,2863,v0.2.0
'@voerro/vue-tagsinput,2.7.1,19,F,UNVERIFIED_PUBLISH_PATH|DORMANT|SINGLE_MAINTAINER,1,2862,v0.2.0
'@wix/auto_sdk_stores_product-groups-v-3,1.0.4,30,F,UNVERIFIED_PUBLISH_PATH,11,2861,v0.2.0
viewport-extra,3.0.0,69,C,SINGLE_MAINTAINER|BRANCH_REQUIRES_PR,1,2861,v0.2.0
angular-elastic-input,2.4.0,19,F,UNVERIFIED_PUBLISH_PATH|DORMANT|SINGLE_MAINTAINER,1,2860,v0.2.0
webgl-fluid,0.4.0,25,F,UNVERIFIED_PUBLISH_PATH|SINGLE_MAINTAINER,1,2860,v0.2.0
'@wix/auto_sdk_ecom_wishlists,1.0.1,30,F,UNVERIFIED_PUBLISH_PATH,11,2858,v0.2.0
async-alpine,2.0.3,25,F,UNVERIFIED_PUBLISH_PATH|SINGLE_MAINTAINER,1,2858,v0.2.0
'@primereact/types,11.0.0,30,F,UNVERIFIED_PUBLISH_PATH,3,2850,v0.2.0
'@aurodesignsystem/auro-header,5.0.1,89,A,,8,2849,v0.2.0
'@crystaldesign/diva-web-planner-react,26.7.8,21,F,UNVERIFIED_PUBLISH_PATH|SINGLE_MAINTAINER,1,2845,v0.2.0
doc-cookies,1.1.0,19,F,UNVERIFIED_PUBLISH_PATH|DORMANT|SINGLE_MAINTAINER,1,2845,v0.2.0
observable-slim,0.2.2,25,F,UNVERIFIED_PUBLISH_PATH|SINGLE_MAINTAINER,1,2844,v0.2.0
shake.js,1.2.2,19,F,UNVERIFIED_PUBLISH_PATH|DORMANT|SINGLE_MAINTAINER,1,2844,v0.2.0
'@fontsource/calistoga,5.3.0,81,B,,2,2840,v0.2.0
'@animxyz/core,0.6.7,39,D,UNVERIFIED_PUBLISH_PATH,2,2839,v0.2.0
easyzoom,2.6.0,19,F,UNVERIFIED_PUBLISH_PATH|DORMANT|SINGLE_MAINTAINER,1,2838,v0.2.0
'@firebase/analytics-interop-types,0.3.5,46,D,UNVERIFIED_PUBLISH_PATH,4,2833,v0.2.0
formbouncerjs,1.4.6,19,F,UNVERIFIED_PUBLISH_PATH|DORMANT|SINGLE_MAINTAINER,1,2833,v0.2.0
'@fontsource-variable/josefin-sans,5.3.0,81,B,,2,2831,v0.2.0
'@oracle/oraclejet,20.1.3,30,F,UNVERIFIED_PUBLISH_PATH,7,2829,v0.2.0
accessible-menu,4.4.0,25,F,UNVERIFIED_PUBLISH_PATH|SINGLE_MAINTAINER,1,2824,v0.2.0
'@web3auth/auth-adapter,9.7.0,46,D,UNVERIFIED_PUBLISH_PATH,3,2820,v0.2.0
'@bandwidth/shared-components,6.2.2,40,D,UNVERIFIED_PUBLISH_PATH|DORMANT,8,2819,v0.2.0
'@fontsource/cal-sans,5.3.0,81,B,,2,2817,v0.2.0
'@wix/auto_sdk_bookings_event-time-slots,1.0.122,30,F,UNVERIFIED_PUBLISH_PATH,11,2815,v0.2.0
harmonyos-sans-sc-webfont-splitted,1.1.0,25,F,UNVERIFIED_PUBLISH_PATH|SINGLE_MAINTAINER,1,2809,v0.2.0
'@fontsource/didact-gothic,5.3.0,81,B,,2,2808,v0.2.0
mind-ar,1.2.5,19,F,UNVERIFIED_PUBLISH_PATH|DORMANT|SINGLE_MAINTAINER,1,2804,v0.2.0
'@fontsource-variable/noto-naskh-arabic,5.3.0,81,B,,2,2800,v0.2.0
font-logos,1.4.0,39,D,UNVERIFIED_PUBLISH_PATH,2,2798,v0.2.0
'@fontsource/indie-flower,5.3.0,81,B,,2,2796,v0.2.0
'@wix/auto_sdk_bookings_booking-policies,1.0.139,30,F,UNVERIFIED_PUBLISH_PATH,11,2793,v0.2.0
require-css,0.1.10,29,F,UNVERIFIED_PUBLISH_PATH|DORMANT,2,2781,v0.2.0
notie,4.3.1,19,F,UNVERIFIED_PUBLISH_PATH|DORMANT|SINGLE_MAINTAINER,1,2780,v0.2.0
'@antdv-next/icons,1.1.1,34,F,UNVERIFIED_PUBLISH_PATH,5,2775,v0.2.0
'@wix/auto_sdk_bookings_pricing,1.0.97,30,F,UNVERIFIED_PUBLISH_PATH,11,2773,v0.2.0
'@beqom/alto-ui,0.13.32,28,F,UNVERIFIED_PUBLISH_PATH|DORMANT,12,2771,v0.2.0
agentic-awesome-skills,15.4.0,38,D,UNVERIFIED_PUBLISH_PATH|SINGLE_MAINTAINER,1,2767,v0.2.0
chartjs-gauge,0.3.0,19,F,UNVERIFIED_PUBLISH_PATH|DORMANT|SINGLE_MAINTAINER,1,2767,v0.2.0
'@wix/auto_sdk_bookings_extended-bookings,1.0.120,30,F,UNVERIFIED_PUBLISH_PATH,11,2760,v0.2.0
kekule,1.0.4,21,F,UNVERIFIED_PUBLISH_PATH|SINGLE_MAINTAINER,1,2758,v0.2.0
bootstrap-additions,0.3.1,19,F,UNVERIFIED_PUBLISH_PATH|DORMANT|SINGLE_MAINTAINER,1,2757,v0.2.0
'@fontsource/fjalla-one,5.3.0,81,B,,2,2756,v0.2.0
jquery.event.move,1.3.6,15,F,UNVERIFIED_PUBLISH_PATH|DORMANT|SINGLE_MAINTAINER,1,2756,v0.2.0
'@aurodesignsystem/auro-skeleton,5.0.1,89,A,,8,2755,v0.2.0
'@fontsource/play,5.3.0,81,B,,2,2755,v0.2.0
vue-image-lightbox,7.2.0,33,F,UNVERIFIED_PUBLISH_PATH|DORMANT,2,2755,v0.2.0
'@fontsource/mochiy-pop-one,5.3.0,81,B,,2,2750,v0.2.0
'@iconify-json/prime,1.2.5,21,F,UNVERIFIED_PUBLISH_PATH|SINGLE_MAINTAINER,1,2746,v0.2.0
'@tinymce/tinymce-webcomponent,2.4.0,52,C,UNVERIFIED_PUBLISH_PATH,2,2745,v0.2.0
'@fontsource/esteban,5.3.0,81,B,,2,2744,v0.2.0
'@jspreadsheet/charts,7.5.1,25,F,UNVERIFIED_PUBLISH_PATH|SINGLE_MAINTAINER,1,2743,v0.2.0
'@zonos/elements,1.3.282,25,F,UNVERIFIED_PUBLISH_PATH|SINGLE_MAINTAINER|BRANCH_REQUIRES_PR,1,2742,v0.2.0
'@fontsource-variable/fustat,5.3.0,81,B,,2,2734,v0.2.0
knockout-switch-case,2.1.0,10,F,UNVERIFIED_PUBLISH_PATH|DORMANT|SINGLE_MAINTAINER,1,2732,v0.2.0
star-rating.js,4.3.1,19,F,UNVERIFIED_PUBLISH_PATH|DORMANT|SINGLE_MAINTAINER,1,2730,v0.2.0
'@flowjs/ng-flow,2.7.8,28,F,UNVERIFIED_PUBLISH_PATH|DORMANT|PUBLISHER_NOT_MAINTAINER,3,2727,v0.2.0
leaflet.featuregroup.subgroup,1.0.2,19,F,UNVERIFIED_PUBLISH_PATH|DORMANT|SINGLE_MAINTAINER,1,2724,v0.2.0
'@fontsource-variable/reddit-sans,5.3.0,81,B,,2,2715,v0.2.0
lightslider,1.1.6,19,F,UNVERIFIED_PUBLISH_PATH|DORMANT|SINGLE_MAINTAINER,1,2708,v0.2.0
rmodal,1.1.0,19,F,UNVERIFIED_PUBLISH_PATH|DORMANT|SINGLE_MAINTAINER,1,2705,v0.2.0
'@zkochan/pnpm,6.0.3,27,F,UNVERIFIED_PUBLISH_PATH|DORMANT|SINGLE_MAINTAINER,1,2702,v0.2.0
'@fontsource/yellowtail,5.3.0,81,B,,2,2699,v0.2.0
gen-interface-jp,0.8.0,25,F,UNVERIFIED_PUBLISH_PATH|SINGLE_MAINTAINER,1,2698,v0.2.0
'@vindral/web-sdk,4.4.0,30,F,UNVERIFIED_PUBLISH_PATH,4,2693,v0.2.0
'@simonwep/selection-js,2.1.2,19,F,UNVERIFIED_PUBLISH_PATH|DORMANT|SINGLE_MAINTAINER|DEPRECATED,1,2692,v0.2.0
sysend,1.17.5,19,F,UNVERIFIED_PUBLISH_PATH|DORMANT|SINGLE_MAINTAINER,1,2692,v0.2.0
awesome-notifications,3.1.3,33,F,UNVERIFIED_PUBLISH_PATH|DORMANT,2,2690,v0.2.0
jquery-treegrid,0.3.0,19,F,UNVERIFIED_PUBLISH_PATH|DORMANT|SINGLE_MAINTAINER,1,2688,v0.2.0
lxgw-wenkai-webfont,1.7.0,19,F,UNVERIFIED_PUBLISH_PATH|DORMANT|SINGLE_MAINTAINER,1,2685,v0.2.0
videojs-sprite-thumbnails,2.2.5,25,F,UNVERIFIED_PUBLISH_PATH|SINGLE_MAINTAINER,1,2682,v0.2.0
'@cantinc/ui,0.3.16,39,D,UNVERIFIED_PUBLISH_PATH,2,2678,v0.2.0
tsparticles-preset-confetti,2.12.0,33,F,UNVERIFIED_PUBLISH_PATH|DORMANT|DEPRECATED,2,2676,v0.2.0
'@wix/auto_sdk_bookings_resource-types,1.0.79,30,F,UNVERIFIED_PUBLISH_PATH,11,2673,v0.2.0
jstree-bootstrap-theme,1.0.1,9,F,UNVERIFIED_PUBLISH_PATH|DORMANT|SINGLE_MAINTAINER|PUBLISHER_NOT_MAINTAINER,1,2673,v0.2.0
flot-charts,0.8.3,19,F,UNVERIFIED_PUBLISH_PATH|DORMANT|SINGLE_MAINTAINER,1,2672,v0.2.0
'@fontsource/aleo,5.3.0,81,B,,2,2666,v0.2.0
'@itk-wasm/dicom,7.6.4,34,F,UNVERIFIED_PUBLISH_PATH,2,2664,v0.2.0
suggestions-jquery,22.6.0,33,F,UNVERIFIED_PUBLISH_PATH|DORMANT,2,2662,v0.2.0
solarlunar,3.1.0,26,F,UNVERIFIED_PUBLISH_PATH|SINGLE_MAINTAINER|PUBLISHER_NOT_MAINTAINER,1,2658,v0.2.0
'@lskjs/utils,3.18.0,33,F,UNVERIFIED_PUBLISH_PATH|DORMANT,12,2657,v0.2.0
'@wikimedia/jquery.i18n,1.0.9,33,F,UNVERIFIED_PUBLISH_PATH|DORMANT,29,2653,v0.2.0
'@wix/auto_sdk_bookings_categories-v-2,1.0.55,30,F,UNVERIFIED_PUBLISH_PATH,11,2651,v0.2.0
'@wix/bookings_app-extensions,1.0.105,30,F,UNVERIFIED_PUBLISH_PATH,11,2650,v0.2.0
'@wix/auto_sdk_bookings_attendance,1.0.66,30,F,UNVERIFIED_PUBLISH_PATH,11,2649,v0.2.0
'@wix/auto_sdk_bookings_booking-policy-snapshots,1.0.51,30,F,UNVERIFIED_PUBLISH_PATH,11,2649,v0.2.0
'@wix/auto_sdk_bookings_external-calendars,1.0.56,30,F,UNVERIFIED_PUBLISH_PATH,11,2644,v0.2.0
'@proximus/lavender-common,1.4.13-alpha.11,21,F,UNVERIFIED_PUBLISH_PATH|SINGLE_MAINTAINER,1,2642,v0.2.0
'@fontsource/old-standard-tt,5.3.0,81,B,,2,2639,v0.2.0
leaflet-sidebar-v2,3.2.3,33,F,UNVERIFIED_PUBLISH_PATH|DORMANT,2,2638,v0.2.0
'@fontsource/caveat-brush,5.3.0,81,B,,2,2636,v0.2.0
jquery-jpostal-ja,2.14.82,25,F,UNVERIFIED_PUBLISH_PATH|SINGLE_MAINTAINER,1,2636,v0.2.0
'@wix/auto_sdk_bookings_categories,1.0.57,30,F,UNVERIFIED_PUBLISH_PATH,11,2634,v0.2.0
'@getnexorai/sdk,0.1.28,35,D,UNVERIFIED_PUBLISH_PATH,2,2631,v0.2.0
'@wix/auto_sdk_bookings_booking-fees,1.0.56,30,F,UNVERIFIED_PUBLISH_PATH,11,2627,v0.2.0
slick-slider,1.8.2,33,F,UNVERIFIED_PUBLISH_PATH|DORMANT,3,2620,v0.2.0
'@arborium/arborium,2.18.1,73,B,SINGLE_MAINTAINER,1,2614,v0.2.0
'@fontsource/klee-one,5.3.0,81,B,,2,2612,v0.2.0
gameanalytics,5.0.0,25,F,UNVERIFIED_PUBLISH_PATH|SINGLE_MAINTAINER,1,2612,v0.2.0
'@jack-henry/banno-plugin-framework-bridge,1.0.3,84,B,,4,2610,v0.2.0
'@recogito/annotorious-openseadragon,2.7.19,39,D,UNVERIFIED_PUBLISH_PATH,3,2610,v0.2.0
'@vismaux/vud,1.8.4,33,F,UNVERIFIED_PUBLISH_PATH|DORMANT,10,2608,v0.2.0
xhook,1.6.2,33,F,UNVERIFIED_PUBLISH_PATH|DORMANT,2,2607,v0.2.0
'@fontsource/shadows-into-light,5.3.0,81,B,,2,2603,v0.2.0
counterup,1.0.2,14,F,UNVERIFIED_PUBLISH_PATH|DORMANT|SINGLE_MAINTAINER,1,2597,v0.2.0
'@panoramax/web-viewer,5.1.2,21,F,UNVERIFIED_PUBLISH_PATH|SINGLE_MAINTAINER,1,2593,v0.2.0
leaflet.control.layers.tree,1.2.0,25,F,UNVERIFIED_PUBLISH_PATH|SINGLE_MAINTAINER,1,2593,v0.2.0
'@iplookup/country,1.0.20260724,73,B,SINGLE_MAINTAINER,1,2592,v0.2.0
fengari-web,0.1.4,33,F,UNVERIFIED_PUBLISH_PATH|DORMANT,2,2591,v0.2.0
'@highcharts/grid-pro,3.0.0,39,D,UNVERIFIED_PUBLISH_PATH,10,2585,v0.2.0
'@tensorflow-models/posenet,2.2.2,28,F,UNVERIFIED_PUBLISH_PATH|DORMANT,10,2581,v0.2.0
'@stylable/runtime,6.1.1,33,F,UNVERIFIED_PUBLISH_PATH|DORMANT,5,2576,v0.2.0
ui-contextmenu,1.18.1,19,F,UNVERIFIED_PUBLISH_PATH|DORMANT|SINGLE_MAINTAINER,1,2571,v0.2.0
'@mathjax/mathjax-fira-font,4.1.3,39,D,UNVERIFIED_PUBLISH_PATH,3,2569,v0.2.0
'@fontsource/yeseva-one,5.3.0,81,B,,2,2565,v0.2.0
'@fontsource/murecho,5.3.0,81,B,,2,2554,v0.2.0
html-screen-capture-js,2.0.9,39,D,UNVERIFIED_PUBLISH_PATH,2,2553,v0.2.0
'@fontsource/dotgothic16,5.3.0,81,B,,2,2551,v0.2.0
'@scandit/web-datacapture-id,8.5.1,35,D,UNVERIFIED_PUBLISH_PATH,5,2550,v0.2.0
'@themesberg/flowbite,1.3.0,19,F,UNVERIFIED_PUBLISH_PATH|DORMANT|SINGLE_MAINTAINER|DEPRECATED,1,2548,v0.2.0
'@magenta/music,1.23.1,28,F,UNVERIFIED_PUBLISH_PATH|DORMANT,6,2547,v0.2.0
'@webcomponents/url,0.7.9,41,D,UNVERIFIED_PUBLISH_PATH|DORMANT,6,2546,v0.2.0
jquery.waitforimages,2.4.0,19,F,UNVERIFIED_PUBLISH_PATH|DORMANT|SINGLE_MAINTAINER,1,2545,v0.2.0
bootstrap-rtl,3.3.4,19,F,UNVERIFIED_PUBLISH_PATH|DORMANT|SINGLE_MAINTAINER,1,2538,v0.2.0
vue-mapbox,0.4.1,19,F,UNVERIFIED_PUBLISH_PATH|DORMANT|SINGLE_MAINTAINER,1,2521,v0.2.0
'@cap.js/wasm,0.0.7,20,F,UNVERIFIED_PUBLISH_PATH|SINGLE_MAINTAINER|BRANCH_REQUIRES_SIGNATURES|BRANCH_REQUIRES_PR,1,2519,v0.2.0
mmenu-light,3.2.2,19,F,UNVERIFIED_PUBLISH_PATH|DORMANT|SINGLE_MAINTAINER,1,2519,v0.2.0
'@web-atoms/core,2.6.52,58,C,INCONSISTENT_PUBLISH_PATH|SINGLE_MAINTAINER,1,2514,v0.2.0
'@vismaux/vud-icons,1.8.4,33,F,UNVERIFIED_PUBLISH_PATH|DORMANT,10,2513,v0.2.0
'@scania/tegel,1.60.0,46,D,UNVERIFIED_PUBLISH_PATH,12,2506,v0.2.0
vue2-smooth-scroll,1.6.0,19,F,UNVERIFIED_PUBLISH_PATH|DORMANT|SINGLE_MAINTAINER,1,2502,v0.2.0
'@webxr-input-profiles/assets,1.0.20,35,D,UNVERIFIED_PUBLISH_PATH,2,2493,v0.2.0
range-slider-input,2.4.5,25,F,UNVERIFIED_PUBLISH_PATH|SINGLE_MAINTAINER,1,2493,v0.2.0
'@fontsource/montserrat-alternates,5.3.0,81,B,,2,2489,v0.2.0
quill-toggle-fullscreen-button,0.1.4,25,F,UNVERIFIED_PUBLISH_PATH|SINGLE_MAINTAINER,1,2479,v0.2.0
persian-date,1.1.0,19,F,UNVERIFIED_PUBLISH_PATH|DORMANT|SINGLE_MAINTAINER,1,2476,v0.2.0
'@fontsource/black-han-sans,5.3.0,81,B,,2,2469,v0.2.0
meilisearch-docsearch,0.8.0,16,F,UNVERIFIED_PUBLISH_PATH|SINGLE_MAINTAINER,1,2467,v0.2.0
'@fontsource/creepster,5.3.0,81,B,,2,2465,v0.2.0
nette.ajax.js,2.3.0,33,F,UNVERIFIED_PUBLISH_PATH|DORMANT,2,2464,v0.2.0
'@fontsource-variable/overpass,5.3.0,81,B,,2,2459,v0.2.0
'@fontsource/domine,5.3.0,81,B,,2,2455,v0.2.0
foundation-icons,2.0.0,19,F,UNVERIFIED_PUBLISH_PATH|DORMANT|SINGLE_MAINTAINER,1,2455,v0.2.0
pdbe-molstar,3.12.0,77,B,INCONSISTENT_PUBLISH_PATH,4,2446,v0.2.0
'@fontsource/merriweather-sans,5.3.0,81,B,,2,2443,v0.2.0
yall-js,4.0.2,19,F,UNVERIFIED_PUBLISH_PATH|DORMANT|SINGLE_MAINTAINER,1,2442,v0.2.0
dual-listbox,2.0.0,33,F,UNVERIFIED_PUBLISH_PATH|DORMANT,2,2439,v0.2.0
strophejs-plugin-disco,0.0.2,33,F,UNVERIFIED_PUBLISH_PATH|DORMANT,4,2439,v0.2.0
notifyjs-browser,0.4.2,15,F,UNVERIFIED_PUBLISH_PATH|DORMANT|SINGLE_MAINTAINER,1,2438,v0.2.0
'@wix/auto_sdk_ecom_draft-subscription-contracts,1.0.2,30,F,UNVERIFIED_PUBLISH_PATH,9,2437,v0.2.0
wix-ui-core,3.0.252,24,F,UNVERIFIED_PUBLISH_PATH|DORMANT,6,2436,v0.2.0
'@fluid-topics/ft-search-bar,2.1.14,35,D,UNVERIFIED_PUBLISH_PATH,3,2434,v0.2.0
sticky-sidebar-v2,1.1.1,19,F,UNVERIFIED_PUBLISH_PATH|DORMANT|SINGLE_MAINTAINER,1,2434,v0.2.0
react-time-input-polyfill,1.0.11,19,F,UNVERIFIED_PUBLISH_PATH|DORMANT|SINGLE_MAINTAINER|DEPRECATED,1,2431,v0.2.0
'@fontsource/k2d,5.3.0,81,B,,2,2430,v0.2.0
'@fontsource/alata,5.3.0,81,B,,2,2427,v0.2.0
'@grapecity/spread-sheets-barcode,18.2.5,30,F,UNVERIFIED_PUBLISH_PATH,2,2427,v0.2.0
'@betterbugs/web-sdk,0.0.44,25,F,UNVERIFIED_PUBLISH_PATH|SINGLE_MAINTAINER,1,2424,v0.2.0
'@fontsource/kaushan-script,5.3.0,81,B,,2,2422,v0.2.0
'@chinese-fonts/maple-mono-cn,2.0.0,20,F,UNVERIFIED_PUBLISH_PATH|SINGLE_MAINTAINER,1,2421,v0.2.0
igniteui-angular-charts,22.0.1,16,F,UNVERIFIED_PUBLISH_PATH|SINGLE_MAINTAINER,1,2407,v0.2.0
'@tesseract.js-data/kor,1.0.0,19,F,UNVERIFIED_PUBLISH_PATH|DORMANT|SINGLE_MAINTAINER,1,2402,v0.2.0
dynamsoft-license,3.4.31,10,F,UNVERIFIED_PUBLISH_PATH|DORMANT|SINGLE_MAINTAINER|DEPRECATED,1,2400,v0.2.0
'@wix/auto_sdk_bookings_pricing-provider,1.0.26,30,F,UNVERIFIED_PUBLISH_PATH,11,2398,v0.2.0
leaflet-kmz,1.0.9,19,F,UNVERIFIED_PUBLISH_PATH|DORMANT|SINGLE_MAINTAINER,1,2398,v0.2.0
valine,1.5.3,19,F,UNVERIFIED_PUBLISH_PATH|DORMANT|SINGLE_MAINTAINER,1,2397,v0.2.0
semantic-ui,2.5.0,33,F,UNVERIFIED_PUBLISH_PATH|DORMANT,2,2396,v0.2.0
'@wix/auto_sdk_bookings_add-ons,1.0.31,30,F,UNVERIFIED_PUBLISH_PATH,11,2395,v0.2.0
'@baloise/ds-core,19.10.2,84,B,INCONSISTENT_PUBLISH_PATH,8,2389,v0.2.0
'@flarehr/benefits-plan-assessment,1.0.981,35,D,UNVERIFIED_PUBLISH_PATH,8,2389,v0.2.0
'@fontsource/audiowide,5.3.0,81,B,,2,2384,v0.2.0
'@qlik/embed-web-components,1.7.2,30,F,UNVERIFIED_PUBLISH_PATH,2,2382,v0.2.0
'@doenet/standalone,0.7.21,77,B,INCONSISTENT_PUBLISH_PATH,3,2373,v0.2.0
'@fontsource/gloock,5.3.0,81,B,,2,2373,v0.2.0
'@wix/auto_sdk_bookings_staff-member-settings,1.0.21,30,F,UNVERIFIED_PUBLISH_PATH,11,2373,v0.2.0
language-icons,0.3.0,19,F,UNVERIFIED_PUBLISH_PATH|DORMANT|SINGLE_MAINTAINER,1,2363,v0.2.0
'@fontsource/tangerine,5.3.0,81,B,,2,2358,v0.2.0
japanese-string-utils,0.5.0,19,F,UNVERIFIED_PUBLISH_PATH|DORMANT|SINGLE_MAINTAINER,1,2357,v0.2.0
jquery-scroll-lock,3.1.3,19,F,UNVERIFIED_PUBLISH_PATH|DORMANT|SINGLE_MAINTAINER,1,2357,v0.2.0
createjs,1.0.1,33,F,UNVERIFIED_PUBLISH_PATH|DORMANT,3,2356,v0.2.0
'@wix/auto_sdk_bookings_staff-sorting,1.0.7,30,F,UNVERIFIED_PUBLISH_PATH,11,2353,v0.2.0
'@fontsource/mukta,5.3.0,81,B,,2,2352,v0.2.0
bootstrap-v4-rtl,4.6.2-4,31,F,UNVERIFIED_PUBLISH_PATH|SINGLE_MAINTAINER,1,2352,v0.2.0
'@tesseract.js-data/rus,1.0.0,19,F,UNVERIFIED_PUBLISH_PATH|DORMANT|SINGLE_MAINTAINER,1,2347,v0.2.0
'@festo-ui/web-essentials,11.1.0,35,D,UNVERIFIED_PUBLISH_PATH,2,2346,v0.2.0
nsw-design-system,3.24.16,73,B,SINGLE_MAINTAINER,1,2345,v0.2.0
'@wix/headless-bookings,1.0.17,30,F,UNVERIFIED_PUBLISH_PATH,11,2344,v0.2.0
ricos-content,10.102.0,24,F,UNVERIFIED_PUBLISH_PATH|DORMANT,8,2344,v0.2.0
'@wix/events,1.0.813,30,F,UNVERIFIED_PUBLISH_PATH,11,2335,v0.2.0
dragdealer,0.10.0,19,F,UNVERIFIED_PUBLISH_PATH|DORMANT|SINGLE_MAINTAINER,1,2332,v0.2.0
skeleton,5.0.0,82,B,,2,2331,v0.2.0
'@fontsource/gloria-hallelujah,5.3.0,81,B,,2,2326,v0.2.0
sweetalert2-neutral,11.22.2-neutral,31,F,UNVERIFIED_PUBLISH_PATH|SINGLE_MAINTAINER,1,2325,v0.2.0
'@fontsource/noto-sans-malayalam,5.3.0,81,B,,2,2321,v0.2.0
'@meetelise/chat,1.50.3,39,D,UNVERIFIED_PUBLISH_PATH,7,2317,v0.2.0
petite-vue,0.4.1,14,F,UNVERIFIED_PUBLISH_PATH|DORMANT|SINGLE_MAINTAINER,1,2313,v0.2.0
ricos-schema,10.102.0,24,F,UNVERIFIED_PUBLISH_PATH|DORMANT,8,2313,v0.2.0
'@apollographql/graphql-playground-react,1.7.42,15,F,UNVERIFIED_PUBLISH_PATH|DORMANT|SINGLE_MAINTAINER|PUBLISHER_NOT_MAINTAINER,1,2309,v0.2.0
'@fontsource/khand,5.3.0,81,B,,2,2309,v0.2.0
'@fruits-chain/react-native-xiaoshu,0.4.8,39,D,UNVERIFIED_PUBLISH_PATH,7,2307,v0.2.0
jquery.transit,0.9.12,33,F,UNVERIFIED_PUBLISH_PATH|DORMANT,2,2307,v0.2.0
web-demuxer,4.0.0,25,F,UNVERIFIED_PUBLISH_PATH|SINGLE_MAINTAINER,1,2300,v0.2.0
clamp-js-main,0.11.6,19,F,UNVERIFIED_PUBLISH_PATH|DORMANT|SINGLE_MAINTAINER,1,2293,v0.2.0
'@single-spa-community/angular,21.0.1,25,F,UNVERIFIED_PUBLISH_PATH|SINGLE_MAINTAINER,1,2291,v0.2.0
pdfjs-viewer-element,3.2.2,20,F,UNVERIFIED_PUBLISH_PATH|SINGLE_MAINTAINER,1,2288,v0.2.0
jquery-waypoints,2.0.5,28,F,UNVERIFIED_PUBLISH_PATH|DORMANT|PUBLISHER_NOT_MAINTAINER,2,2285,v0.2.0
lory.js,2.5.3,19,F,UNVERIFIED_PUBLISH_PATH|DORMANT|SINGLE_MAINTAINER,1,2285,v0.2.0
intercooler,1.2.4,19,F,UNVERIFIED_PUBLISH_PATH|DORMANT|SINGLE_MAINTAINER,1,2284,v0.2.0
'@fontsource/hind-siliguri,5.3.0,81,B,,2,2283,v0.2.0
data-layer-helper,0.1.0,15,F,UNVERIFIED_PUBLISH_PATH|DORMANT|SINGLE_MAINTAINER,1,2281,v0.2.0
bulma-steps,2.2.1,23,F,UNVERIFIED_PUBLISH_PATH|DORMANT|PUBLISHER_NOT_MAINTAINER|DEPRECATED,2,2276,v0.2.0
'@fontsource/big-shoulders-inline-text,5.3.0,81,B,,2,2275,v0.2.0
'@fontsource/itim,5.3.0,81,B,,2,2274,v0.2.0
request-animation-frame-polyfill,1.1.2,14,F,UNVERIFIED_PUBLISH_PATH|DORMANT|SINGLE_MAINTAINER,1,2273,v0.2.0
payment-token-efi,3.4.1,67,C,SINGLE_MAINTAINER,1,2268,v0.2.0
tracking,1.1.3,33,F,UNVERIFIED_PUBLISH_PATH|DORMANT,2,2268,v0.2.0
jquery.redirect,1.2.0,15,F,UNVERIFIED_PUBLISH_PATH|DORMANT|SINGLE_MAINTAINER,1,2265,v0.2.0
'@infineon/design-system-tokens,7.0.0,45,D,UNVERIFIED_PUBLISH_PATH,5,2263,v0.2.0
'@iconify-json/pepicons-pop,1.2.3,21,F,UNVERIFIED_PUBLISH_PATH|SINGLE_MAINTAINER,1,2262,v0.2.0
treeselectjs,0.14.2,20,F,UNVERIFIED_PUBLISH_PATH|SINGLE_MAINTAINER,1,2258,v0.2.0
noto-sans-cjk-jp,1.0.1,10,F,UNVERIFIED_PUBLISH_PATH|DORMANT|SINGLE_MAINTAINER,1,2251,v0.2.0
'@caneara/iodine,8.5.0,19,F,UNVERIFIED_PUBLISH_PATH|DORMANT|SINGLE_MAINTAINER,1,2248,v0.2.0
'@azzas/azzas-tracker-web,2.0.1,35,D,UNVERIFIED_PUBLISH_PATH,2,2243,v0.2.0
'@grapecity/spread-sheets-languagepackages,18.2.5,30,F,UNVERIFIED_PUBLISH_PATH,2,2236,v0.2.0
open-dyslexic,1.0.3,19,F,UNVERIFIED_PUBLISH_PATH|DORMANT|SINGLE_MAINTAINER,1,2235,v0.2.0
'@tabler/icons-png,3.45.0,20,F,UNVERIFIED_PUBLISH_PATH|SINGLE_MAINTAINER,1,2233,v0.2.0
'@fluid-topics/ft-toggle,2.1.14,35,D,UNVERIFIED_PUBLISH_PATH,3,2226,v0.2.0
'@fontsource-variable/readex-pro,5.3.0,81,B,,2,2226,v0.2.0
npm-modernizr,2.8.3,14,F,UNVERIFIED_PUBLISH_PATH|DORMANT|SINGLE_MAINTAINER,1,2225,v0.2.0
'@fontsource/nanum-myeongjo,5.3.0,81,B,,2,2213,v0.2.0
'@fontsource-variable/spline-sans,5.3.0,81,B,,2,2212,v0.2.0
ol-geocoder,4.3.3,33,F,UNVERIFIED_PUBLISH_PATH|DORMANT,2,2209,v0.2.0
'@fontsource/alexandria,5.3.0,81,B,,2,2208,v0.2.0
'@fontsource/yusei-magic,5.3.0,81,B,,2,2205,v0.2.0
'@adobe/helix-rum-js,2.15.3,87,A,,31,2203,v0.2.0
'@fontsource/handlee,5.3.0,81,B,,2,2201,v0.2.0
angular-motion,0.4.4,19,F,UNVERIFIED_PUBLISH_PATH|DORMANT|SINGLE_MAINTAINER,1,2199,v0.2.0
'@yaireo/dragsort,1.3.2,14,F,UNVERIFIED_PUBLISH_PATH|DORMANT|SINGLE_MAINTAINER,1,2198,v0.2.0
videojs-playlist-ui,5.0.0,33,F,UNVERIFIED_PUBLISH_PATH|DORMANT,84,2194,v0.2.0
'@flarehr/apollo-customer-workplace-link,1.4.22964,35,D,UNVERIFIED_PUBLISH_PATH,8,2192,v0.2.0
'@wix/auto_sdk_bookings_booking-policy,1.0.2,30,F,UNVERIFIED_PUBLISH_PATH,11,2192,v0.2.0
onscreen,1.4.0,19,F,UNVERIFIED_PUBLISH_PATH|DORMANT|SINGLE_MAINTAINER|DEPRECATED,1,2191,v0.2.0
'@naturacosmeticos/natds-icons,1.34.1,46,D,UNVERIFIED_PUBLISH_PATH|BRANCH_REQUIRES_PR,10,2190,v0.2.0
flipclock,1.0.1,20,F,UNVERIFIED_PUBLISH_PATH|SINGLE_MAINTAINER,1,2189,v0.2.0
gitalk,1.8.0,15,F,UNVERIFIED_PUBLISH_PATH|DORMANT|SINGLE_MAINTAINER,1,2189,v0.2.0
smartmenus,2.0.0-alpha.1,19,F,UNVERIFIED_PUBLISH_PATH|DORMANT|SINGLE_MAINTAINER,1,2183,v0.2.0
'@fontsource/bai-jamjuree,5.3.0,81,B,,2,2182,v0.2.0
cn-fontsource-xiaolai-sc-regular,1.0.2,19,F,UNVERIFIED_PUBLISH_PATH|DORMANT|SINGLE_MAINTAINER,1,2182,v0.2.0
'@fontsource/pt-sans-caption,5.3.0,81,B,,2,2179,v0.2.0
'@wiris/mathtype-froala3,7.31.1,26,F,UNVERIFIED_PUBLISH_PATH|DORMANT|SINGLE_MAINTAINER|DEPRECATED,1,2174,v0.2.0
'@tinymce/tinymce-jquery,2.3.0,38,D,UNVERIFIED_PUBLISH_PATH|SINGLE_MAINTAINER,1,2171,v0.2.0
'@fontsource-variable/dosis,5.3.0,81,B,,2,2170,v0.2.0
prefixfree,1.0.0,19,F,UNVERIFIED_PUBLISH_PATH|DORMANT|SINGLE_MAINTAINER,1,2169,v0.2.0
ammo.js,0.0.10,19,F,UNVERIFIED_PUBLISH_PATH|DORMANT|SINGLE_MAINTAINER,1,2167,v0.2.0
'@khipu/design-system,0.2.0-alpha.137,67,C,SINGLE_MAINTAINER,1,2163,v0.2.0
lxgw-wenkai-screen-webfont,1.7.0,19,F,UNVERIFIED_PUBLISH_PATH|DORMANT|SINGLE_MAINTAINER,1,2163,v0.2.0
'@fontsource/aref-ruqaa,5.3.0,81,B,,2,2161,v0.2.0
sweet-modal,1.3.2,19,F,UNVERIFIED_PUBLISH_PATH|DORMANT|SINGLE_MAINTAINER,1,2161,v0.2.0
'@artaio/arta-browser,2.21.0,87,A,,4,2160,v0.2.0
immortal-db,1.1.0,19,F,UNVERIFIED_PUBLISH_PATH|DORMANT|SINGLE_MAINTAINER,1,2158,v0.2.0
iphone-inline-video,2.2.2,14,F,UNVERIFIED_PUBLISH_PATH|DORMANT|SINGLE_MAINTAINER|PUBLISHER_NOT_MAINTAINER,1,2153,v0.2.0
'@neodrag/vanilla,2.3.1,20,F,UNVERIFIED_PUBLISH_PATH|SINGLE_MAINTAINER,1,2152,v0.2.0
'@laragear/webpass,2.1.2,73,B,SINGLE_MAINTAINER|DEPRECATED,1,2151,v0.2.0
'@fontsource/schoolbell,5.3.0,81,B,,2,2147,v0.2.0
'@postenbring/hedwig-css,4.2.1,41,D,UNVERIFIED_PUBLISH_PATH,6,2144,v0.2.0
ol-popup,5.1.1,19,F,UNVERIFIED_PUBLISH_PATH|DORMANT|SINGLE_MAINTAINER,1,2136,v0.2.0
pickr-widget,0.3.6,19,F,UNVERIFIED_PUBLISH_PATH|DORMANT|SINGLE_MAINTAINER|DEPRECATED,1,2133,v0.2.0
'@fontsource-variable/besley,5.3.0,81,B,,2,2132,v0.2.0
computed-types,1.11.2,19,F,UNVERIFIED_PUBLISH_PATH|DORMANT|SINGLE_MAINTAINER,1,2132,v0.2.0
apexsankey,1.9.0,63,C,INCONSISTENT_PUBLISH_PATH|SINGLE_MAINTAINER,1,2128,v0.2.0
bootstrap-sweetalert,1.0.1,19,F,UNVERIFIED_PUBLISH_PATH|DORMANT|SINGLE_MAINTAINER,1,2127,v0.2.0
alwan,2.3.1,25,F,UNVERIFIED_PUBLISH_PATH|SINGLE_MAINTAINER,1,2125,v0.2.0
'@fontsource/commissioner,5.3.0,81,B,,2,2122,v0.2.0
'@ongov/ontario-design-system-global-styles,8.1.0,77,B,INCONSISTENT_PUBLISH_PATH,5,2122,v0.2.0
tablefilter,0.7.2,19,F,UNVERIFIED_PUBLISH_PATH|DORMANT|SINGLE_MAINTAINER,1,2120,v0.2.0
moment-countdown,0.0.3,19,F,UNVERIFIED_PUBLISH_PATH|DORMANT|SINGLE_MAINTAINER,1,2117,v0.2.0
ez-plus,1.2.1,19,F,UNVERIFIED_PUBLISH_PATH|DORMANT|SINGLE_MAINTAINER,1,2112,v0.2.0
p2p-media-loader-core,3.0.1,74,B,SINGLE_MAINTAINER,1,2103,v0.2.0
countup,1.8.2,19,F,UNVERIFIED_PUBLISH_PATH|DORMANT|SINGLE_MAINTAINER,1,2102,v0.2.0
docsify-copy-code,3.0.2,39,D,UNVERIFIED_PUBLISH_PATH,2,2093,v0.2.0
'@eka-care/medassist-widget,0.1.105,39,D,UNVERIFIED_PUBLISH_PATH,12,2088,v0.2.0
mk-sdk-git,1.1.132,21,F,UNVERIFIED_PUBLISH_PATH|SINGLE_MAINTAINER,1,2084,v0.2.0
'@fontsource/turret-road,5.3.0,81,B,,2,2082,v0.2.0
lg-fullscreen,1.2.1,19,F,UNVERIFIED_PUBLISH_PATH|DORMANT|SINGLE_MAINTAINER,1,2079,v0.2.0
bootstrap-input-spinner,5.1.0,25,F,UNVERIFIED_PUBLISH_PATH|SINGLE_MAINTAINER,1,2077,v0.2.0
pdfmake-unicode,0.0.1,19,F,UNVERIFIED_PUBLISH_PATH|DORMANT|SINGLE_MAINTAINER,1,2075,v0.2.0
'@fontsource/gaegu,5.3.0,81,B,,2,2074,v0.2.0
pixeden-stroke-7-icon,1.2.3,19,F,UNVERIFIED_PUBLISH_PATH|DORMANT|SINGLE_MAINTAINER,1,2072,v0.2.0
'@fontsource/readex-pro,5.3.0,81,B,,2,2071,v0.2.0
vue-chat-scroll,1.4.0,19,F,UNVERIFIED_PUBLISH_PATH|DORMANT|SINGLE_MAINTAINER,1,2071,v0.2.0
'@vuetify/v0,1.0.1,78,B,INCONSISTENT_PUBLISH_PATH,4,2068,v0.2.0
jquery-nice-select,1.1.0,19,F,UNVERIFIED_PUBLISH_PATH|DORMANT|SINGLE_MAINTAINER,1,2068,v0.2.0
tsparticles-shape-heart,2.12.0,39,D,UNVERIFIED_PUBLISH_PATH|DORMANT|DEPRECATED,2,2067,v0.2.0
thinkingdata-browser,2.5.0,21,F,UNVERIFIED_PUBLISH_PATH|SINGLE_MAINTAINER,1,2060,v0.2.0
p2p-media-loader-hlsjs,3.0.1,74,B,SINGLE_MAINTAINER,1,2059,v0.2.0
tsparticles-confetti,2.12.0,25,F,UNVERIFIED_PUBLISH_PATH|DORMANT|SINGLE_MAINTAINER|DEPRECATED,1,2054,v0.2.0
'@chatui/core,3.8.0,25,F,UNVERIFIED_PUBLISH_PATH|SINGLE_MAINTAINER,1,2050,v0.2.0
'@iconify-json/token-branded,1.2.42,21,F,UNVERIFIED_PUBLISH_PATH|SINGLE_MAINTAINER,1,2048,v0.2.0
misans-webfont,4.3.1,57,C,SINGLE_MAINTAINER,1,2046,v0.2.0
'@algolia/autocomplete-plugin-tags,1.19.9,29,F,UNVERIFIED_PUBLISH_PATH|PUBLISHER_NOT_MAINTAINER,14,2045,v0.2.0
nbtify,2.2.0,19,F,UNVERIFIED_PUBLISH_PATH|DORMANT|SINGLE_MAINTAINER,1,2045,v0.2.0
'@creativebulma/bulma-collapsible,1.0.4,29,F,UNVERIFIED_PUBLISH_PATH|DORMANT,2,2039,v0.2.0
angular-slick-carousel,3.1.7,19,F,UNVERIFIED_PUBLISH_PATH|DORMANT|SINGLE_MAINTAINER,1,2039,v0.2.0
sealclaw,2026.7.20,47,D,UNVERIFIED_PUBLISH_PATH,3,2039,v0.2.0
'@fengyuanchen/datepicker,0.6.5,19,F,UNVERIFIED_PUBLISH_PATH|DORMANT|SINGLE_MAINTAINER|DEPRECATED,1,2037,v0.2.0
'@nobleclem/jquery-multiselect,2.4.26,25,F,UNVERIFIED_PUBLISH_PATH|SINGLE_MAINTAINER,1,2037,v0.2.0
'@teachablemachine/image,0.8.5,28,F,UNVERIFIED_PUBLISH_PATH|DORMANT,3,2033,v0.2.0
jquery-easy-loading,2.0.0-rc.2,19,F,UNVERIFIED_PUBLISH_PATH|DORMANT|SINGLE_MAINTAINER,1,2033,v0.2.0
leaflet-semicircle,2.0.4,19,F,UNVERIFIED_PUBLISH_PATH|DORMANT|SINGLE_MAINTAINER,1,2033,v0.2.0
'@fontsource-variable/zalando-sans-expanded,5.3.0,81,B,,2,2031,v0.2.0
spoqa-han-sans,3.3.0,28,F,UNVERIFIED_PUBLISH_PATH|DORMANT|PUBLISHER_NOT_MAINTAINER,5,2031,v0.2.0
'@iconify-json/fa-brands,1.2.2,21,F,UNVERIFIED_PUBLISH_PATH|SINGLE_MAINTAINER,1,2030,v0.2.0
'@iplookup/country-extra,1.0.20260724,73,B,SINGLE_MAINTAINER,1,2030,v0.2.0
'@plainsheet/core,1.0.1,16,F,UNVERIFIED_PUBLISH_PATH|SINGLE_MAINTAINER,1,2024,v0.2.0
'@fontsource/asap-condensed,5.3.0,81,B,,2,2020,v0.2.0
greenlet,1.1.0,19,F,UNVERIFIED_PUBLISH_PATH|DORMANT|SINGLE_MAINTAINER,1,2017,v0.2.0
scroll-out,2.2.12,15,F,UNVERIFIED_PUBLISH_PATH|DORMANT|SINGLE_MAINTAINER,1,2017,v0.2.0
alpinejs-component,2.0.2,25,F,UNVERIFIED_PUBLISH_PATH|SINGLE_MAINTAINER,1,2015,v0.2.0
'@fontsource-variable/chivo-mono,5.3.0,81,B,,2,2013,v0.2.0
lg-hash.js,1.0.0,19,F,UNVERIFIED_PUBLISH_PATH|DORMANT|SINGLE_MAINTAINER,1,2013,v0.2.0
sumoselect,3.4.9,26,F,UNVERIFIED_PUBLISH_PATH|DORMANT|SINGLE_MAINTAINER,1,2011,v0.2.0
'@fontsource/abeezee,5.3.0,81,B,,2,2010,v0.2.0
circletype,2.3.0,19,F,UNVERIFIED_PUBLISH_PATH|DORMANT|SINGLE_MAINTAINER,1,2010,v0.2.0
'@fontsource/david-libre,5.3.0,81,B,,2,2008,v0.2.0
'@fontsource/saira-semi-condensed,5.3.0,81,B,,2,2008,v0.2.0
gifler,0.1.0,15,F,UNVERIFIED_PUBLISH_PATH|DORMANT|SINGLE_MAINTAINER,1,2008,v0.2.0
bootstrap5-tags,1.7.17,25,F,UNVERIFIED_PUBLISH_PATH|SINGLE_MAINTAINER,1,2005,v0.2.0
ideogram,1.53.0,25,F,UNVERIFIED_PUBLISH_PATH|SINGLE_MAINTAINER,1,2003,v0.2.0
'@fontsource/libre-caslon-display,5.3.0,81,B,,2,2001,v0.2.0
ga-lite,2.1.6,15,F,UNVERIFIED_PUBLISH_PATH|DORMANT|SINGLE_MAINTAINER,1,2000,v0.2.0
'@fontsource/jura,5.3.0,81,B,,2,1999,v0.2.0
programming-languages-logos,0.0.3,19,F,UNVERIFIED_PUBLISH_PATH|DORMANT|SINGLE_MAINTAINER,1,1999,v0.2.0
password-strength-meter,2.1.0,19,F,UNVERIFIED_PUBLISH_PATH|DORMANT|SINGLE_MAINTAINER,1,1994,v0.2.0
'@govbr-ds/webcomponents,2.0.0,35,D,UNVERIFIED_PUBLISH_PATH,4,1992,v0.2.0
'@fontsource/jockey-one,5.3.0,81,B,,2,1991,v0.2.0
'@ukho/admiralty-core,5.7.0,94,A,,3,1991,v0.2.0
pickerjs,1.2.1,19,F,UNVERIFIED_PUBLISH_PATH|DORMANT|SINGLE_MAINTAINER,1,1980,v0.2.0
'@iconify-json/emojione,1.2.3,21,F,UNVERIFIED_PUBLISH_PATH|SINGLE_MAINTAINER,1,1977,v0.2.0
minilazyload,2.3.4,15,F,UNVERIFIED_PUBLISH_PATH|DORMANT|SINGLE_MAINTAINER,1,1975,v0.2.0
'@zendeskgarden/css-forms,8.0.1,32,F,UNVERIFIED_PUBLISH_PATH|SINGLE_MAINTAINER,1,1974,v0.2.0
'@iconify-json/cryptocurrency-color,1.2.4,21,F,UNVERIFIED_PUBLISH_PATH|SINGLE_MAINTAINER,1,1973,v0.2.0
aiware-js,0.0.0,24,F,UNVERIFIED_PUBLISH_PATH|DORMANT,13,1973,v0.2.0
'@fontsource/fredoka-one,5.3.0,81,B,,2,1969,v0.2.0
owl.carousel2,2.2.2,10,F,UNVERIFIED_PUBLISH_PATH|DORMANT|SINGLE_MAINTAINER|PUBLISHER_NOT_MAINTAINER|DEPRECATED,1,1964,v0.2.0
tabler-icons,1.35.0,19,F,UNVERIFIED_PUBLISH_PATH|DORMANT|SINGLE_MAINTAINER|DEPRECATED,1,1964,v0.2.0
'@wix/auto_sdk_bookings_bookings-validation,1.0.11,30,F,UNVERIFIED_PUBLISH_PATH,11,1961,v0.2.0
emojionearea,3.4.2,19,F,UNVERIFIED_PUBLISH_PATH|DORMANT|SINGLE_MAINTAINER,1,1958,v0.2.0
'@shopify/theme-hot-reload,0.0.22,30,F,UNVERIFIED_PUBLISH_PATH,6,1957,v0.2.0
'@fontsource-variable/hubot-sans,5.3.0,81,B,,2,1956,v0.2.0
'@fontsource/hanuman,5.3.0,81,B,,2,1956,v0.2.0
bootstrap5-autocomplete,1.1.42,25,F,UNVERIFIED_PUBLISH_PATH|SINGLE_MAINTAINER,1,1952,v0.2.0
cropit,0.5.1,19,F,UNVERIFIED_PUBLISH_PATH|DORMANT|SINGLE_MAINTAINER,1,1951,v0.2.0
'@wix/image,1.452.0,30,F,UNVERIFIED_PUBLISH_PATH,11,1948,v0.2.0
bot18,0.4.31,19,F,UNVERIFIED_PUBLISH_PATH|DORMANT|SINGLE_MAINTAINER,1,1947,v0.2.0
'@genpact/genome.mfe.v6-app,1.0.318,21,F,UNVERIFIED_PUBLISH_PATH|SINGLE_MAINTAINER,1,1944,v0.2.0
instagram.css,0.1.4,19,F,UNVERIFIED_PUBLISH_PATH|DORMANT|SINGLE_MAINTAINER,1,1941,v0.2.0
'@fontsource-variable/ubuntu-sans,5.3.0,81,B,,2,1935,v0.2.0
http-vue-loader,1.4.2,19,F,UNVERIFIED_PUBLISH_PATH|DORMANT|SINGLE_MAINTAINER,1,1931,v0.2.0
slick-lightbox,0.2.12,15,F,UNVERIFIED_PUBLISH_PATH|DORMANT|SINGLE_MAINTAINER,1,1931,v0.2.0
'@studyportals/vue-config,5.0.3,35,D,UNVERIFIED_PUBLISH_PATH,21,1921,v0.2.0
noto-sans-japanese,1.0.0,10,F,UNVERIFIED_PUBLISH_PATH|DORMANT|SINGLE_MAINTAINER,1,1920,v0.2.0
'@fontsource-variable/noto-kufi-arabic,5.3.0,81,B,,2,1918,v0.2.0
'@feedmepos/mf-report,5.27.37,30,F,UNVERIFIED_PUBLISH_PATH,3,1917,v0.2.0
showdown-katex,0.8.0,19,F,UNVERIFIED_PUBLISH_PATH|DORMANT|SINGLE_MAINTAINER,1,1917,v0.2.0
'@wazo/sdk,0.49.4,72,B,INCONSISTENT_PUBLISH_PATH,4,1915,v0.2.0
'@fontsource/exo,5.3.0,81,B,,2,1912,v0.2.0
'@foxy.io/elements,1.53.3,45,D,UNVERIFIED_PUBLISH_PATH,4,1912,v0.2.0
'@fontsource/quattrocento,5.3.0,81,B,,2,1899,v0.2.0
'@grapecity/gcpdfviewer,7.2.3,24,F,UNVERIFIED_PUBLISH_PATH|DORMANT,2,1890,v0.2.0
template7,1.4.2,19,F,UNVERIFIED_PUBLISH_PATH|DORMANT|SINGLE_MAINTAINER,1,1890,v0.2.0
'@fontsource/alice,5.3.0,81,B,,2,1888,v0.2.0
'@iconify-json/humbleicons,1.2.20,21,F,UNVERIFIED_PUBLISH_PATH|SINGLE_MAINTAINER,1,1885,v0.2.0
konnektive-engine,0.4.10,35,D,UNVERIFIED_PUBLISH_PATH,3,1885,v0.2.0
'@fontsource/pirata-one,5.3.0,81,B,,2,1883,v0.2.0
'@expo/styleguide-icons,4.2.8,39,D,UNVERIFIED_PUBLISH_PATH,11,1876,v0.2.0
'@fontsource/nanum-pen-script,5.3.0,81,B,,2,1875,v0.2.0
outdatedbrowser,1.1.5,19,F,UNVERIFIED_PUBLISH_PATH|DORMANT|SINGLE_MAINTAINER,1,1870,v0.2.0
badger-accordion,1.2.4,19,F,UNVERIFIED_PUBLISH_PATH|DORMANT|SINGLE_MAINTAINER,1,1866,v0.2.0
angular-ui-carousel,0.1.10,19,F,UNVERIFIED_PUBLISH_PATH|DORMANT|SINGLE_MAINTAINER,1,1858,v0.2.0
js-circle-progress,1.0.0,25,F,UNVERIFIED_PUBLISH_PATH|SINGLE_MAINTAINER,1,1858,v0.2.0
'@fontsource/abel,5.3.0,81,B,,2,1856,v0.2.0
'@iconify-json/gg,1.2.2,15,F,UNVERIFIED_PUBLISH_PATH|DORMANT|SINGLE_MAINTAINER,1,1856,v0.2.0
leaflet-curve,1.0.0,19,F,UNVERIFIED_PUBLISH_PATH|DORMANT|SINGLE_MAINTAINER,1,1854,v0.2.0
'@fontsource-variable/big-shoulders-display,5.3.0,81,B,,2,1853,v0.2.0
angular-wizard,1.1.1,33,F,UNVERIFIED_PUBLISH_PATH|DORMANT,2,1853,v0.2.0
bootpag,5.0.1,73,B,SINGLE_MAINTAINER,1,1853,v0.2.0
vue-awesome-countdown,2.0.2,25,F,UNVERIFIED_PUBLISH_PATH|SINGLE_MAINTAINER,1,1852,v0.2.0
multirange,2.0.0,19,F,UNVERIFIED_PUBLISH_PATH|DORMANT|SINGLE_MAINTAINER,1,1850,v0.2.0
'@algolia/ui-components-horizontal-slider-theme,1.2.3,23,F,UNVERIFIED_PUBLISH_PATH|DORMANT|PUBLISHER_NOT_MAINTAINER,14,1849,v0.2.0
'@fontsource/cabin-sketch,5.3.0,81,B,,2,1849,v0.2.0
bootstrap-editable,1.0.1,19,F,UNVERIFIED_PUBLISH_PATH|DORMANT|SINGLE_MAINTAINER,1,1849,v0.2.0
'@iconify-json/dashicons,1.2.1,15,F,UNVERIFIED_PUBLISH_PATH|DORMANT|SINGLE_MAINTAINER,1,1848,v0.2.0
mutf-8,1.2.4,73,B,SINGLE_MAINTAINER,1,1848,v0.2.0
'@wc1font/source-han-serif-sc-vf,1.0.6,19,F,UNVERIFIED_PUBLISH_PATH|DORMANT|SINGLE_MAINTAINER,1,1847,v0.2.0
gritter,1.7.4,19,F,UNVERIFIED_PUBLISH_PATH|DORMANT|SINGLE_MAINTAINER,1,1846,v0.2.0
jquery.typewatch,3.0.2,33,F,UNVERIFIED_PUBLISH_PATH|DORMANT,2,1846,v0.2.0
threejs-components,0.0.30,21,F,UNVERIFIED_PUBLISH_PATH|SINGLE_MAINTAINER,1,1843,v0.2.0
'@fontsource-variable/league-spartan,5.3.0,81,B,,2,1841,v0.2.0
clay,2.24.1,28,F,UNVERIFIED_PUBLISH_PATH|DORMANT|PUBLISHER_NOT_MAINTAINER,12,1840,v0.2.0
ifvisible,1.1.0,19,F,UNVERIFIED_PUBLISH_PATH|DORMANT|SINGLE_MAINTAINER,1,1836,v0.2.0
'@constructor-io/constructorio-ui-autocomplete,1.30.1,79,B,INCONSISTENT_PUBLISH_PATH,8,1835,v0.2.0
es6-polyfills,2.0.0,14,F,UNVERIFIED_PUBLISH_PATH|DORMANT|DEPRECATED,0,1831,v0.2.0
jquery-expander,2.0.3,25,F,UNVERIFIED_PUBLISH_PATH|SINGLE_MAINTAINER,1,1821,v0.2.0
'@beyonk/gdpr-cookie-consent-banner,16.0.2,30,F,UNVERIFIED_PUBLISH_PATH,7,1819,v0.2.0
handorgel,1.0.0,19,F,UNVERIFIED_PUBLISH_PATH|DORMANT|SINGLE_MAINTAINER,1,1817,v0.2.0
'@fontsource/coming-soon,5.3.0,81,B,,2,1816,v0.2.0
'@fontsource/marck-script,5.3.0,81,B,,2,1814,v0.2.0
blowfish,1.0.1,14,F,UNVERIFIED_PUBLISH_PATH|DORMANT|SINGLE_MAINTAINER,1,1814,v0.2.0
modal-video,2.4.8,10,F,UNVERIFIED_PUBLISH_PATH|DORMANT|SINGLE_MAINTAINER,1,1814,v0.2.0
'@wix/automations,1.0.470,30,F,UNVERIFIED_PUBLISH_PATH,11,1812,v0.2.0
vue-carousel-3d,1.0.1,19,F,UNVERIFIED_PUBLISH_PATH|DORMANT|SINGLE_MAINTAINER,1,1807,v0.2.0
'@zendeskgarden/css-buttons,9.0.1,32,F,UNVERIFIED_PUBLISH_PATH|SINGLE_MAINTAINER,1,1803,v0.2.0
bootstrap-select-country,4.2.0,19,F,UNVERIFIED_PUBLISH_PATH|DORMANT|SINGLE_MAINTAINER,1,1801,v0.2.0
jquery-ui-multidatespicker,1.6.6,19,F,UNVERIFIED_PUBLISH_PATH|DORMANT|SINGLE_MAINTAINER,1,1799,v0.2.0
'@topvisor/ui,1.5.7,35,D,UNVERIFIED_PUBLISH_PATH,2,1798,v0.2.0
'@wix/auto_sdk_bookings_availability-time-slots-configuration,1.0.7,30,F,UNVERIFIED_PUBLISH_PATH,11,1796,v0.2.0
isotope-masonry-horizontal,2.0.1,19,F,UNVERIFIED_PUBLISH_PATH|DORMANT|SINGLE_MAINTAINER,1,1796,v0.2.0
'@betorigami/games,2.8.6,35,D,UNVERIFIED_PUBLISH_PATH,8,1794,v0.2.0
'@diffusionstudio/vits-web,1.0.3,19,F,UNVERIFIED_PUBLISH_PATH|DORMANT|SINGLE_MAINTAINER,1,1793,v0.2.0
'@voxeet/voxeet-web-sdk,3.11.1,28,F,UNVERIFIED_PUBLISH_PATH|DORMANT,6,1793,v0.2.0
'@master/css,1.37.8,43,D,UNVERIFIED_PUBLISH_PATH|DORMANT,2,1791,v0.2.0
cd-themify-icons,0.0.1,15,F,UNVERIFIED_PUBLISH_PATH|DORMANT|SINGLE_MAINTAINER,1,1791,v0.2.0
dynamsoft-capture-vision-router,2.4.33,10,F,UNVERIFIED_PUBLISH_PATH|DORMANT|SINGLE_MAINTAINER|DEPRECATED,1,1790,v0.2.0
'@vicons/ionicons4,0.13.0,15,F,UNVERIFIED_PUBLISH_PATH|DORMANT|SINGLE_MAINTAINER,1,1785,v0.2.0
stimulus-scroll-reveal,3.2.0,14,F,UNVERIFIED_PUBLISH_PATH|DORMANT|SINGLE_MAINTAINER,1,1783,v0.2.0
kiso.css,1.2.4,25,F,UNVERIFIED_PUBLISH_PATH|SINGLE_MAINTAINER,1,1782,v0.2.0
'@aurodesignsystem/auro-accordion,6.1.3,89,A,,8,1777,v0.2.0
'@flarehr/salpac-cars-calculator,1.0.1614,35,D,UNVERIFIED_PUBLISH_PATH,8,1777,v0.2.0
vscode-codicons,0.0.17,25,F,UNVERIFIED_PUBLISH_PATH|DORMANT|SINGLE_MAINTAINER|DEPRECATED,1,1777,v0.2.0
r7insight_js,1.1.2,33,F,UNVERIFIED_PUBLISH_PATH|DORMANT,4,1774,v0.2.0
'@fontsource/familjen-grotesk,5.3.0,81,B,,2,1772,v0.2.0
cubejs,1.3.2,19,F,UNVERIFIED_PUBLISH_PATH|DORMANT|SINGLE_MAINTAINER,1,1771,v0.2.0
noto-serif-jp,28.0.0,19,F,UNVERIFIED_PUBLISH_PATH|DORMANT|SINGLE_MAINTAINER,1,1771,v0.2.0
store-js,2.0.4,19,F,UNVERIFIED_PUBLISH_PATH|DORMANT|SINGLE_MAINTAINER,1,1771,v0.2.0
'@wix/auto_sdk_bookings_catalog-search,1.0.18,30,F,UNVERIFIED_PUBLISH_PATH,11,1770,v0.2.0
'@fontsource-variable/antonio,5.3.0,81,B,,2,1766,v0.2.0
lazyframe,2.2.7,33,F,UNVERIFIED_PUBLISH_PATH|DORMANT,3,1764,v0.2.0
'@aurodesignsystem/auro-alert,5.0.2,89,A,,8,1759,v0.2.0
blockui,1.0.0,10,F,UNVERIFIED_PUBLISH_PATH|DORMANT|SINGLE_MAINTAINER,1,1755,v0.2.0
typeface-nunito-sans,1.1.13,14,F,UNVERIFIED_PUBLISH_PATH|DORMANT|SINGLE_MAINTAINER,1,1748,v0.2.0
frenchkiss,0.4.0,33,F,UNVERIFIED_PUBLISH_PATH|DORMANT,2,1744,v0.2.0
jbox,1.3.3,33,F,UNVERIFIED_PUBLISH_PATH|DORMANT|DEPRECATED,2,1744,v0.2.0
'@fontsource/arsenal,5.3.0,81,B,,2,1743,v0.2.0
'@govtechsg/sgds,2.3.6,33,F,UNVERIFIED_PUBLISH_PATH|DORMANT,14,1741,v0.2.0
'@fontsource-variable/wix-madefor-text,5.3.0,81,B,,2,1739,v0.2.0
'@fontsource/noto-sans-georgian,5.3.0,81,B,,2,1736,v0.2.0
'@fontsource/graduate,5.3.0,81,B,,2,1733,v0.2.0
'@hawk.so/javascript,3.3.5,25,F,UNVERIFIED_PUBLISH_PATH|SINGLE_MAINTAINER,1,1733,v0.2.0
'@aurodesignsystem/auro-dialog,4.2.0,89,A,BRANCH_REQUIRES_PR,8,1731,v0.2.0
litegraph.js,0.7.18,33,F,UNVERIFIED_PUBLISH_PATH|DORMANT,2,1726,v0.2.0
'@sfpy/atoms,0.3.7,16,F,UNVERIFIED_PUBLISH_PATH|SINGLE_MAINTAINER,1,1722,v0.2.0
'@wix/auto_sdk_bookings_display-settings,1.0.8,30,F,UNVERIFIED_PUBLISH_PATH,11,1722,v0.2.0
'@wix/auto_sdk_bookings_attribute-definition,1.0.6,30,F,UNVERIFIED_PUBLISH_PATH,11,1721,v0.2.0
'@inlang/message-lint-rule-valid-js-identifier,1.0.8,24,F,UNVERIFIED_PUBLISH_PATH|DORMANT,2,1720,v0.2.0
'@tensorflow-models/toxicity,1.2.2,28,F,UNVERIFIED_PUBLISH_PATH|DORMANT,8,1720,v0.2.0
'@wix/auto_sdk_bookings_attribute-value,1.0.7,30,F,UNVERIFIED_PUBLISH_PATH,11,1720,v0.2.0
'@bamirorg/core-assets-271a22f75,1.27.0,16,F,UNVERIFIED_PUBLISH_PATH|SINGLE_MAINTAINER,1,1714,v0.2.0
'@list-kr/filterslists,2026.20658.0,70,B,INCONSISTENT_PUBLISH_PATH|SINGLE_MAINTAINER,1,1712,v0.2.0
free-jqgrid,4.15.5,19,F,UNVERIFIED_PUBLISH_PATH|DORMANT|SINGLE_MAINTAINER,1,1703,v0.2.0
'@wix/auto_sdk_bookings_time-slots-configuration,1.0.3,30,F,UNVERIFIED_PUBLISH_PATH,11,1696,v0.2.0
'@contributte/datagrid,7.1.0,35,D,UNVERIFIED_PUBLISH_PATH|SINGLE_MAINTAINER,1,1692,v0.2.0
'@grapecity/spread-sheets-resources-ja,18.2.5,30,F,UNVERIFIED_PUBLISH_PATH,2,1691,v0.2.0
'@fontsource/reem-kufi,5.3.0,81,B,,2,1688,v0.2.0
twbs-pagination,1.4.2,33,F,UNVERIFIED_PUBLISH_PATH|DORMANT,3,1687,v0.2.0
'@fontsource/sawarabi-mincho,5.3.0,81,B,,2,1685,v0.2.0
'@iconify-json/basil,1.2.4,21,F,UNVERIFIED_PUBLISH_PATH|SINGLE_MAINTAINER,1,1685,v0.2.0
pseudocode,2.4.1,19,F,UNVERIFIED_PUBLISH_PATH|DORMANT|SINGLE_MAINTAINER,1,1685,v0.2.0
'@sableclient/twemoji-font,1.0.4,87,A,,3,1684,v0.2.0
'@fontsource/fira-sans-condensed,5.3.0,81,B,,2,1682,v0.2.0
'@fontsource/cormorant-sc,5.3.0,81,B,,2,1681,v0.2.0
'@fontsource/lobster-two,5.3.0,81,B,,2,1676,v0.2.0
'@fontsource/fira-sans-extra-condensed,5.3.0,81,B,,2,1673,v0.2.0
rrssb,1.14.0,19,F,UNVERIFIED_PUBLISH_PATH|DORMANT|SINGLE_MAINTAINER,1,1673,v0.2.0
'@wix/auto_sdk_bookings_related-products,1.0.1,30,F,UNVERIFIED_PUBLISH_PATH,11,1671,v0.2.0
'@fontsource/damion,5.3.0,81,B,,2,1668,v0.2.0
'@fontsource/philosopher,5.3.0,81,B,,2,1668,v0.2.0
'@fontsource/open-sauce-sans,5.3.0,81,B,,2,1667,v0.2.0
'@fontsource/yanone-kaffeesatz,5.3.0,81,B,,2,1667,v0.2.0
survey-vue-ui,1.12.64,34,F,UNVERIFIED_PUBLISH_PATH,2,1665,v0.2.0
'@tmorin/plantuml-libs,18.1.4,69,C,INCONSISTENT_PUBLISH_PATH|SINGLE_MAINTAINER,1,1661,v0.2.0
marx-css,5.3.0,73,B,SINGLE_MAINTAINER,1,1654,v0.2.0
'@fontsource-variable/asap,5.3.0,81,B,,2,1653,v0.2.0
'@iconify-json/charm,1.2.3,21,F,UNVERIFIED_PUBLISH_PATH|SINGLE_MAINTAINER,1,1653,v0.2.0
ad-rotator,5.8.1,20,F,UNVERIFIED_PUBLISH_PATH|DORMANT|SINGLE_MAINTAINER,1,1651,v0.2.0
'@fontsource/zcool-xiaowei,5.3.0,81,B,,2,1650,v0.2.0
kute.js,2.2.6,62,C,SINGLE_MAINTAINER,1,1650,v0.2.0
videojs-landscape-fullscreen,12.3.0,19,F,UNVERIFIED_PUBLISH_PATH|DORMANT|SINGLE_MAINTAINER,1,1650,v0.2.0
geolite2-city,1.0.84,73,B,SINGLE_MAINTAINER,1,1646,v0.2.0
taucharts,2.8.0,33,F,UNVERIFIED_PUBLISH_PATH|DORMANT,3,1646,v0.2.0
'@wix/auto_sdk_bookings_bookings-settings,1.0.1,30,F,UNVERIFIED_PUBLISH_PATH,9,1644,v0.2.0
'@meltingspot/meltingspot-js,0.11.0,25,F,UNVERIFIED_PUBLISH_PATH|PUBLISHER_NOT_MAINTAINER,2,1640,v0.2.0
simple-icons-font,16.27.0,87,A,,4,1640,v0.2.0
'@iconify-json/formkit,1.2.2,15,F,UNVERIFIED_PUBLISH_PATH|DORMANT|SINGLE_MAINTAINER,1,1639,v0.2.0
'@fontsource/catamaran,5.3.0,81,B,,2,1636,v0.2.0
'@lizardbyte/shared-web,2026.314.32913,73,B,SINGLE_MAINTAINER,1,1634,v0.2.0
hebcal,2.3.2,19,F,UNVERIFIED_PUBLISH_PATH|DORMANT|SINGLE_MAINTAINER,1,1634,v0.2.0
replaywebpage,2.4.6,73,B,SINGLE_MAINTAINER,1,1631,v0.2.0
'@fontsource-variable/shantell-sans,5.3.0,81,B,,2,1630,v0.2.0
'@fontsource/oooh-baby,5.3.0,81,B,,2,1629,v0.2.0
cooltipz-css,2.5.1,25,F,UNVERIFIED_PUBLISH_PATH|SINGLE_MAINTAINER,1,1629,v0.2.0
lightcase,2.5.0,19,F,UNVERIFIED_PUBLISH_PATH|DORMANT|SINGLE_MAINTAINER,1,1627,v0.2.0
'@fontsource/amiri-quran,5.3.0,81,B,,2,1625,v0.2.0
'@sweetalert2/theme-material-ui,5.0.27,25,F,UNVERIFIED_PUBLISH_PATH|SINGLE_MAINTAINER|DEPRECATED,1,1620,v0.2.0
pixi-ease,3.0.7,14,F,UNVERIFIED_PUBLISH_PATH|DORMANT|SINGLE_MAINTAINER,1,1618,v0.2.0
graphql-playground-react,1.7.28,39,D,UNVERIFIED_PUBLISH_PATH|DORMANT,6,1617,v0.2.0
'@appnest/masonry-layout,2.2.3,33,F,UNVERIFIED_PUBLISH_PATH|DORMANT,2,1612,v0.2.0
'@moveo-ai/web-client,0.107.1,39,D,UNVERIFIED_PUBLISH_PATH,3,1611,v0.2.0
'@iconify-json/fe,1.2.4,21,F,UNVERIFIED_PUBLISH_PATH|SINGLE_MAINTAINER,1,1609,v0.2.0
'@onescience/onecode-web,1.14.50-202607240916,16,F,UNVERIFIED_PUBLISH_PATH|SINGLE_MAINTAINER,1,1609,v0.2.0
dap-design-system,0.58.1,21,F,UNVERIFIED_PUBLISH_PATH|SINGLE_MAINTAINER,1,1609,v0.2.0
jquery-countto,1.2.0,19,F,UNVERIFIED_PUBLISH_PATH|DORMANT|SINGLE_MAINTAINER,1,1609,v0.2.0
'@fontsource/actor,5.3.0,81,B,,2,1608,v0.2.0
'@fontsource/maple-mono,5.3.0,81,B,,2,1604,v0.2.0
'@joergdietrich/leaflet.terminator,1.3.0,25,F,UNVERIFIED_PUBLISH_PATH|SINGLE_MAINTAINER,1,1598,v0.2.0
'@fontsource/mali,5.3.0,81,B,,2,1594,v0.2.0
'@fontsource/gentium-book-plus,5.3.0,81,B,,2,1593,v0.2.0
bootstrap4-datetimepicker,5.2.3,19,F,UNVERIFIED_PUBLISH_PATH|DORMANT|SINGLE_MAINTAINER,1,1590,v0.2.0
simple-lightbox,2.1.0,19,F,UNVERIFIED_PUBLISH_PATH|DORMANT|SINGLE_MAINTAINER,1,1581,v0.2.0
chobitsu,1.8.6,25,F,UNVERIFIED_PUBLISH_PATH|SINGLE_MAINTAINER,1,1580,v0.2.0
'@fontsource/aileron,5.3.0,81,B,,2,1579,v0.2.0
'@swishapp/sdk,0.141.0,16,F,UNVERIFIED_PUBLISH_PATH|SINGLE_MAINTAINER,1,1578,v0.2.0
'@fontsource/quantico,5.3.0,81,B,,2,1575,v0.2.0
'@vkontakte/superappkit,1.62.0,35,D,UNVERIFIED_PUBLISH_PATH|DEPRECATED,3,1575,v0.2.0
'@mux/mux-background-video,0.2.3,87,A,,4,1572,v0.2.0
'@openfonts/noto-sans-kr_korean,1.44.1,19,F,UNVERIFIED_PUBLISH_PATH|DORMANT|SINGLE_MAINTAINER,1,1571,v0.2.0
'@ticketevolution/seatmaps-client,5.0.0,27,F,UNVERIFIED_PUBLISH_PATH|SINGLE_MAINTAINER,1,1570,v0.2.0
floating-scroll,3.2.0,19,F,UNVERIFIED_PUBLISH_PATH|DORMANT|SINGLE_MAINTAINER|DEPRECATED,1,1569,v0.2.0
star-rating-svg,3.5.0,19,F,UNVERIFIED_PUBLISH_PATH|DORMANT|SINGLE_MAINTAINER,1,1560,v0.2.0
typeface-noto-sans,1.1.13,14,F,UNVERIFIED_PUBLISH_PATH|DORMANT|SINGLE_MAINTAINER,1,1560,v0.2.0
'@zanichelli/albe-web-components,20.0.1,35,D,UNVERIFIED_PUBLISH_PATH,27,1559,v0.2.0
get-google-fonts,1.2.2,19,F,UNVERIFIED_PUBLISH_PATH|DORMANT|SINGLE_MAINTAINER,1,1553,v0.2.0
'@sbb-esta/lyne-elements,5.4.0,94,A,,4,1546,v0.2.0
'@hackler/javascript-devtools,1.0.3,19,F,UNVERIFIED_PUBLISH_PATH|DORMANT|SINGLE_MAINTAINER,1,1544,v0.2.0
'@iconify-json/simple-line-icons,1.2.1,15,F,UNVERIFIED_PUBLISH_PATH|DORMANT|SINGLE_MAINTAINER,1,1543,v0.2.0
'@upscalerjs/esrgan-thick,1.0.0,20,F,UNVERIFIED_PUBLISH_PATH|SINGLE_MAINTAINER,1,1538,v0.2.0
jsonstat-toolkit,2.2.2,25,F,UNVERIFIED_PUBLISH_PATH|SINGLE_MAINTAINER,1,1538,v0.2.0
editorjs-button,3.0.3,19,F,UNVERIFIED_PUBLISH_PATH|DORMANT|SINGLE_MAINTAINER,1,1535,v0.2.0
chocolat,1.1.3,19,F,UNVERIFIED_PUBLISH_PATH|DORMANT|SINGLE_MAINTAINER,1,1530,v0.2.0
'@fontsource-variable/victor-mono,5.3.0,81,B,,2,1521,v0.2.0
'@fontsource/sunflower,5.3.0,81,B,,2,1520,v0.2.0
'@fontsource-variable/maven-pro,5.3.0,81,B,,2,1519,v0.2.0
rtsp-relay,1.9.0,51,C,DORMANT|SINGLE_MAINTAINER,1,1519,v0.2.0
webp-converter-browser,1.0.4,19,F,UNVERIFIED_PUBLISH_PATH|DORMANT|SINGLE_MAINTAINER,1,1518,v0.2.0
'@fontsource/amaranth,5.3.0,81,B,,2,1515,v0.2.0
'@fontsource/acme,5.3.0,81,B,,2,1511,v0.2.0
angular-gantt,2.0.0-rc.1,33,F,UNVERIFIED_PUBLISH_PATH|DORMANT,2,1510,v0.2.0
botui,1.1.3,19,F,UNVERIFIED_PUBLISH_PATH|DORMANT|SINGLE_MAINTAINER,1,1508,v0.2.0
pdf.js-viewer,0.2.8,14,F,UNVERIFIED_PUBLISH_PATH|DORMANT|SINGLE_MAINTAINER|PUBLISHER_NOT_MAINTAINER,1,1507,v0.2.0
'@fontsource-variable/sofia-sans-condensed,5.3.0,81,B,,2,1503,v0.2.0
paymentfont,1.2.5,19,F,UNVERIFIED_PUBLISH_PATH|DORMANT|SINGLE_MAINTAINER,1,1500,v0.2.0
jquery-ui-slider,1.12.1,20,F,UNVERIFIED_PUBLISH_PATH|DORMANT|SINGLE_MAINTAINER,1,1498,v0.2.0
'@dinazor/core,1.1.113,15,F,UNVERIFIED_PUBLISH_PATH|DORMANT|SINGLE_MAINTAINER,1,1497,v0.2.0
'@fontsource/playpen-sans,5.3.0,81,B,,2,1495,v0.2.0
'@fontsource/jua,5.3.0,81,B,,2,1494,v0.2.0
'@fontsource/nanum-gothic-coding,5.3.0,81,B,,2,1494,v0.2.0
'@studyportals/modal-dll,4.0.1,30,F,UNVERIFIED_PUBLISH_PATH|PUBLISHER_NOT_MAINTAINER,21,1494,v0.2.0
v-autocomplete,1.8.2,28,F,UNVERIFIED_PUBLISH_PATH|DORMANT|PUBLISHER_NOT_MAINTAINER,5,1493,v0.2.0
fotorama,4.6.4,10,F,UNVERIFIED_PUBLISH_PATH|DORMANT|SINGLE_MAINTAINER,1,1491,v0.2.0
php-wasm,0.1.0,25,F,UNVERIFIED_PUBLISH_PATH|SINGLE_MAINTAINER,1,1489,v0.2.0
'@proximus/lavender,1.4.13-alpha.11,21,F,UNVERIFIED_PUBLISH_PATH|SINGLE_MAINTAINER,1,1487,v0.2.0
'@fontsource/syncopate,5.3.0,81,B,,2,1483,v0.2.0
persian-datepicker,1.2.0,19,F,UNVERIFIED_PUBLISH_PATH|DORMANT|SINGLE_MAINTAINER,1,1483,v0.2.0
jquery-form-validator,2.3.79,19,F,UNVERIFIED_PUBLISH_PATH|DORMANT|SINGLE_MAINTAINER,1,1482,v0.2.0
dynamsoft-barcode-reader,10.4.31,10,F,UNVERIFIED_PUBLISH_PATH|DORMANT|SINGLE_MAINTAINER|DEPRECATED,1,1481,v0.2.0
'@fontsource/noto-serif-bengali,5.3.0,81,B,,2,1479,v0.2.0
'@proximus/lavender-eda-button,1.4.13-alpha.11,16,F,UNVERIFIED_PUBLISH_PATH|SINGLE_MAINTAINER,1,1479,v0.2.0
'@fontsource/m-plus-1p,5.3.0,81,B,,2,1473,v0.2.0
jquery-xml2json,0.0.8,14,F,UNVERIFIED_PUBLISH_PATH|DORMANT|SINGLE_MAINTAINER,1,1473,v0.2.0
simple-audio-recorder,1.3.0,25,F,UNVERIFIED_PUBLISH_PATH|SINGLE_MAINTAINER,1,1473,v0.2.0
themify-icons,1.0.0,14,F,UNVERIFIED_PUBLISH_PATH|DORMANT|SINGLE_MAINTAINER|PUBLISHER_NOT_MAINTAINER,1,1472,v0.2.0
'@freshworks/crayons,2.13.4,33,F,UNVERIFIED_PUBLISH_PATH|DORMANT,21,1469,v0.2.0
jquery.mmenu,7.3.3,19,F,UNVERIFIED_PUBLISH_PATH|DORMANT|SINGLE_MAINTAINER|DEPRECATED,1,1464,v0.2.0
'@barba/prefetch,2.2.0,33,F,UNVERIFIED_PUBLISH_PATH|DORMANT,3,1463,v0.2.0
enter-view,2.0.1,10,F,UNVERIFIED_PUBLISH_PATH|DORMANT|SINGLE_MAINTAINER|PUBLISHER_NOT_MAINTAINER,1,1462,v0.2.0
inko,1.1.1,19,F,UNVERIFIED_PUBLISH_PATH|DORMANT|SINGLE_MAINTAINER,1,1454,v0.2.0
lobibox,1.2.7,19,F,UNVERIFIED_PUBLISH_PATH|DORMANT|SINGLE_MAINTAINER,1,1453,v0.2.0
dom-slider,2.2.1,25,F,UNVERIFIED_PUBLISH_PATH|SINGLE_MAINTAINER,1,1451,v0.2.0
bigpicture,2.6.4,25,F,UNVERIFIED_PUBLISH_PATH|SINGLE_MAINTAINER,1,1449,v0.2.0
'@proximus/lavender-theming-proximus,1.4.13-alpha.11,16,F,UNVERIFIED_PUBLISH_PATH|SINGLE_MAINTAINER,1,1448,v0.2.0
'@fontsource/rock-salt,5.3.0,81,B,,2,1445,v0.2.0
modaal,0.4.4,14,F,UNVERIFIED_PUBLISH_PATH|DORMANT|SINGLE_MAINTAINER|PUBLISHER_NOT_MAINTAINER,1,1439,v0.2.0
brackets-viewer,1.9.1,73,B,SINGLE_MAINTAINER,1,1438,v0.2.0
'@fontsource/days-one,5.3.0,81,B,,2,1437,v0.2.0
'@vidstack/player,0.13.3,14,F,UNVERIFIED_PUBLISH_PATH|DORMANT|SINGLE_MAINTAINER|DEPRECATED,1,1436,v0.2.0
'@feedmepos/mf-order-setting,0.0.76,30,F,UNVERIFIED_PUBLISH_PATH,3,1435,v0.2.0
alpinejs-ray,2.1.1,14,F,UNVERIFIED_PUBLISH_PATH|DORMANT|SINGLE_MAINTAINER,1,1431,v0.2.0
'@fontsource/adamina,5.3.0,81,B,,2,1428,v0.2.0
tlite,0.1.9,19,F,UNVERIFIED_PUBLISH_PATH|DORMANT|SINGLE_MAINTAINER,1,1423,v0.2.0
'@pinyin-pro/data,1.3.1,25,F,UNVERIFIED_PUBLISH_PATH|SINGLE_MAINTAINER,1,1420,v0.2.0
jquery-treetable,3.2.0-1,14,F,UNVERIFIED_PUBLISH_PATH|DORMANT|SINGLE_MAINTAINER|PUBLISHER_NOT_MAINTAINER,1,1420,v0.2.0
'@liip/liipgpt,3.7.1,30,F,UNVERIFIED_PUBLISH_PATH,2,1419,v0.2.0
'@fontsource/bree-serif,5.3.0,81,B,,2,1417,v0.2.0
chinese-days,1.5.9,73,B,SINGLE_MAINTAINER,1,1417,v0.2.0
flipdown,0.3.2,19,F,UNVERIFIED_PUBLISH_PATH|DORMANT|SINGLE_MAINTAINER,1,1415,v0.2.0
dseg,0.46.0,19,F,UNVERIFIED_PUBLISH_PATH|DORMANT|SINGLE_MAINTAINER,1,1409,v0.2.0
silvermine-videojs-quality-selector,1.1.2,19,F,UNVERIFIED_PUBLISH_PATH|DORMANT|SINGLE_MAINTAINER,1,1409,v0.2.0
'@fontsource/charis-sil,5.3.0,81,B,,2,1406,v0.2.0
notification-polyfill,1.0.0,19,F,UNVERIFIED_PUBLISH_PATH|DORMANT|SINGLE_MAINTAINER,1,1404,v0.2.0
'@fontsource/scheherazade-new,5.3.0,81,B,,2,1403,v0.2.0
misans-vf,1.0.0,19,F,UNVERIFIED_PUBLISH_PATH|DORMANT|SINGLE_MAINTAINER,1,1403,v0.2.0
'@jspreadsheet/render,6.2.1,25,F,UNVERIFIED_PUBLISH_PATH|SINGLE_MAINTAINER,1,1402,v0.2.0
v-img,0.2.0,19,F,UNVERIFIED_PUBLISH_PATH|DORMANT|SINGLE_MAINTAINER,1,1400,v0.2.0
bootstrap-print-css,1.0.1,26,F,UNVERIFIED_PUBLISH_PATH|DORMANT|SINGLE_MAINTAINER,1,1398,v0.2.0
jstorage,0.4.8,19,F,UNVERIFIED_PUBLISH_PATH|DORMANT|SINGLE_MAINTAINER,1,1397,v0.2.0
'@fontsource/noto-sans-display,5.3.0,81,B,,2,1394,v0.2.0
'@feedmepos/mf-inventory-portal,1.7.2,30,F,UNVERIFIED_PUBLISH_PATH,3,1391,v0.2.0
priority-nav,1.0.14,25,F,UNVERIFIED_PUBLISH_PATH|SINGLE_MAINTAINER,1,1389,v0.2.0
'@fontsource/gfs-didot,5.3.0,81,B,,2,1388,v0.2.0
'@blotoutio/providers-bing-sdk,1.64.3,25,F,UNVERIFIED_PUBLISH_PATH|SINGLE_MAINTAINER,1,1387,v0.2.0
jquery-unveil,1.3.2,19,F,UNVERIFIED_PUBLISH_PATH|DORMANT|SINGLE_MAINTAINER,1,1387,v0.2.0
imjoy-rpc,0.5.59,14,F,UNVERIFIED_PUBLISH_PATH|DORMANT|SINGLE_MAINTAINER,1,1386,v0.2.0
'@searchstax-inc/searchstudio-ux-js,4.2.25,35,D,UNVERIFIED_PUBLISH_PATH,4,1385,v0.2.0
mnfst,0.5.181,25,F,UNVERIFIED_PUBLISH_PATH|SINGLE_MAINTAINER,1,1379,v0.2.0
'@roadtrip/components,3.54.1,21,F,UNVERIFIED_PUBLISH_PATH|SINGLE_MAINTAINER,1,1376,v0.2.0
'@managed-api/commons-core,0.3.16,30,F,UNVERIFIED_PUBLISH_PATH,9,1372,v0.2.0
pusher-angular,1.0.0,28,F,UNVERIFIED_PUBLISH_PATH|DORMANT|PUBLISHER_NOT_MAINTAINER,2,1371,v0.2.0
lxgw-wenkai-screen-web,1.522.0,73,B,SINGLE_MAINTAINER,1,1370,v0.2.0
cookies-eu-banner,2.0.1,19,F,UNVERIFIED_PUBLISH_PATH|DORMANT|SINGLE_MAINTAINER,1,1369,v0.2.0
datetimepicker,0.1.39,33,F,UNVERIFIED_PUBLISH_PATH|DORMANT,3,1369,v0.2.0
layzr.js,2.2.2,19,F,UNVERIFIED_PUBLISH_PATH|DORMANT|SINGLE_MAINTAINER,1,1369,v0.2.0
'@fontsource/bubblegum-sans,5.3.0,81,B,,2,1367,v0.2.0
'@blotoutio/providers-facebook-sdk,1.64.3,25,F,UNVERIFIED_PUBLISH_PATH|SINGLE_MAINTAINER,1,1366,v0.2.0
'@fontsource/cookie,5.3.0,81,B,,2,1365,v0.2.0
innersvg-polyfill,0.0.5,19,F,UNVERIFIED_PUBLISH_PATH|DORMANT|SINGLE_MAINTAINER,1,1365,v0.2.0
'@reown/appkit-cdn,1.8.23,76,B,,2,1362,v0.2.0
bootstrap-chosen,1.4.2,19,F,UNVERIFIED_PUBLISH_PATH|DORMANT|SINGLE_MAINTAINER,1,1362,v0.2.0
'@fontsource/open-sauce-two,5.3.0,81,B,,2,1361,v0.2.0
optiscroll,3.2.1,19,F,UNVERIFIED_PUBLISH_PATH|DORMANT|SINGLE_MAINTAINER,1,1361,v0.2.0
magic.css,1.4.8,19,F,UNVERIFIED_PUBLISH_PATH|DORMANT|SINGLE_MAINTAINER,1,1358,v0.2.0
'@fontsource-variable/wix-madefor-display,5.3.0,81,B,,2,1357,v0.2.0
izimodal,1.6.1,19,F,UNVERIFIED_PUBLISH_PATH|DORMANT|SINGLE_MAINTAINER,1,1356,v0.2.0
flickity-bg-lazyload,2.0.0,19,F,UNVERIFIED_PUBLISH_PATH|DORMANT|SINGLE_MAINTAINER,1,1355,v0.2.0
'@uvarov.frontend/vanilla-calendar,2.8.6,19,F,UNVERIFIED_PUBLISH_PATH|DORMANT|SINGLE_MAINTAINER|DEPRECATED,1,1354,v0.2.0
handsontable-pro,6.2.3,33,F,UNVERIFIED_PUBLISH_PATH|DORMANT|DEPRECATED,2,1354,v0.2.0
glyphicons-halflings,1.9.1,10,F,UNVERIFIED_PUBLISH_PATH|DORMANT|SINGLE_MAINTAINER,1,1352,v0.2.0
gridlex,2.7.1,19,F,UNVERIFIED_PUBLISH_PATH|DORMANT|SINGLE_MAINTAINER,1,1352,v0.2.0
swipebox,1.4.6,19,F,UNVERIFIED_PUBLISH_PATH|DORMANT|SINGLE_MAINTAINER,1,1352,v0.2.0
'@trimble-oss/modus-bootstrap,2.3.2,46,D,UNVERIFIED_PUBLISH_PATH,8,1350,v0.2.0
libgif,0.0.3,19,F,UNVERIFIED_PUBLISH_PATH|DORMANT|SINGLE_MAINTAINER,1,1343,v0.2.0
gs2,1.4.120,21,F,UNVERIFIED_PUBLISH_PATH|SINGLE_MAINTAINER,1,1342,v0.2.0
'@fontsource/shippori-mincho-b1,5.3.0,81,B,,2,1339,v0.2.0
'@fontsource/ultra,5.3.0,81,B,,2,1339,v0.2.0
'@digital-realty/app-shell,13.0.14,30,F,UNVERIFIED_PUBLISH_PATH,4,1338,v0.2.0
'@fontsource/sniglet,5.3.0,81,B,,2,1336,v0.2.0
detect-external-link,2.0.1,19,F,UNVERIFIED_PUBLISH_PATH|DORMANT|SINGLE_MAINTAINER,1,1334,v0.2.0
jquery-shinybox,5.1.0,28,F,UNVERIFIED_PUBLISH_PATH|DORMANT|PUBLISHER_NOT_MAINTAINER,7,1334,v0.2.0
'@8thwall/engine-binary,1.0.0,39,D,UNVERIFIED_PUBLISH_PATH,2,1332,v0.2.0
'@digital-realty/ix-drawer,1.3.6,35,D,UNVERIFIED_PUBLISH_PATH,4,1331,v0.2.0
'@fontsource/antonio,5.3.0,81,B,,2,1328,v0.2.0
'@smarthtmlelements/smart-elements,6.2.0,33,F,UNVERIFIED_PUBLISH_PATH|DORMANT,2,1327,v0.2.0
'@vouchfor/embeds-legacy,5.1.0,35,D,UNVERIFIED_PUBLISH_PATH,5,1327,v0.2.0
'@ffmpeg/core-st,0.11.1,33,F,UNVERIFIED_PUBLISH_PATH|DORMANT,3,1325,v0.2.0
darkmode-js,1.5.7,19,F,UNVERIFIED_PUBLISH_PATH|DORMANT|SINGLE_MAINTAINER,1,1324,v0.2.0
'@upscalerjs/esrgan-medium,1.0.0,20,F,UNVERIFIED_PUBLISH_PATH|SINGLE_MAINTAINER,1,1322,v0.2.0
jquery-date-range-picker,1.0.4,14,F,UNVERIFIED_PUBLISH_PATH|DORMANT|SINGLE_MAINTAINER|PUBLISHER_NOT_MAINTAINER,1,1321,v0.2.0
'@analytics-debugger/ga4mp,0.0.8,19,F,UNVERIFIED_PUBLISH_PATH|DORMANT|SINGLE_MAINTAINER,1,1314,v0.2.0
htmx-ext-include-vals,2.0.2,25,F,UNVERIFIED_PUBLISH_PATH|SINGLE_MAINTAINER,1,1313,v0.2.0
'@fontsource-variable/anybody,5.3.0,81,B,,2,1309,v0.2.0
jetbrains-mono,1.0.6,19,F,UNVERIFIED_PUBLISH_PATH|DORMANT|SINGLE_MAINTAINER,1,1309,v0.2.0
'@fontsource/abhaya-libre,5.3.0,81,B,,2,1308,v0.2.0
indexeddb-export-import,2.2.0,25,F,UNVERIFIED_PUBLISH_PATH|SINGLE_MAINTAINER,1,1307,v0.2.0
superfish,1.7.10,19,F,UNVERIFIED_PUBLISH_PATH|DORMANT|SINGLE_MAINTAINER,1,1307,v0.2.0
lil-http,0.1.17,19,F,UNVERIFIED_PUBLISH_PATH|DORMANT|SINGLE_MAINTAINER,1,1299,v0.2.0
lit-i18n,4.1.0,19,F,UNVERIFIED_PUBLISH_PATH|DORMANT|SINGLE_MAINTAINER,1,1297,v0.2.0
pdfh5,3.0.0,25,F,UNVERIFIED_PUBLISH_PATH|SINGLE_MAINTAINER,1,1296,v0.2.0
'@fontsource-variable/noto-nastaliq-urdu,5.3.0,81,B,,2,1294,v0.2.0
'@aha-app/shadcn-ui-built,2.5.0-build.1,35,D,UNVERIFIED_PUBLISH_PATH,48,1292,v0.2.0
wordgard,0.3.1,21,F,UNVERIFIED_PUBLISH_PATH|SINGLE_MAINTAINER,1,1292,v0.2.0
jquery-number,2.1.6,15,F,UNVERIFIED_PUBLISH_PATH|DORMANT|SINGLE_MAINTAINER,1,1289,v0.2.0
'@breadstone/mosaik-elements-foundation,0.1.58,25,F,UNVERIFIED_PUBLISH_PATH|SINGLE_MAINTAINER,1,1288,v0.2.0
'@ds-autonomie/web-components,2.22.2,30,F,UNVERIFIED_PUBLISH_PATH,4,1285,v0.2.0
'@jspreadsheet/importer,6.4.0,25,F,UNVERIFIED_PUBLISH_PATH|SINGLE_MAINTAINER,1,1284,v0.2.0
stimulus-read-more,4.1.0,14,F,UNVERIFIED_PUBLISH_PATH|DORMANT|SINGLE_MAINTAINER|DEPRECATED,1,1280,v0.2.0
sceditor,3.2.1,31,F,UNVERIFIED_PUBLISH_PATH|SINGLE_MAINTAINER,1,1279,v0.2.0
'@covalent/components,11.20.0,45,D,UNVERIFIED_PUBLISH_PATH,4,1276,v0.2.0
'@mekari/pixel-reset,0.2.1,24,F,UNVERIFIED_PUBLISH_PATH|DORMANT,8,1275,v0.2.0
iso8601-js-period,0.2.1,19,F,UNVERIFIED_PUBLISH_PATH|DORMANT|SINGLE_MAINTAINER,1,1275,v0.2.0
lg-autoplay,1.2.1,19,F,UNVERIFIED_PUBLISH_PATH|DORMANT|SINGLE_MAINTAINER,1,1275,v0.2.0
spritespin,4.1.0,19,F,UNVERIFIED_PUBLISH_PATH|DORMANT|SINGLE_MAINTAINER,1,1275,v0.2.0
swiffy-slider,2.1.1,45,D,UNVERIFIED_PUBLISH_PATH,3,1275,v0.2.0
lr-chatbot,0.48.35,16,F,UNVERIFIED_PUBLISH_PATH|SINGLE_MAINTAINER,1,1274,v0.2.0
typeface-source-code-pro,1.1.13,14,F,UNVERIFIED_PUBLISH_PATH|DORMANT|SINGLE_MAINTAINER,1,1270,v0.2.0
'@comscore/analytics,7.14.0,30,F,UNVERIFIED_PUBLISH_PATH,5,1267,v0.2.0
'@fontsource/londrina-solid,5.3.0,81,B,,2,1267,v0.2.0
'@sheerid/jslib,2.258.0,35,D,UNVERIFIED_PUBLISH_PATH,4,1267,v0.2.0
noto-sans-jp,52.0.0,19,F,UNVERIFIED_PUBLISH_PATH|DORMANT|SINGLE_MAINTAINER,1,1267,v0.2.0
leaflet-sidebar,0.2.4,33,F,UNVERIFIED_PUBLISH_PATH|DORMANT,2,1266,v0.2.0
'@fontsource-variable/sen,5.3.0,81,B,,2,1260,v0.2.0
smartphoto,1.6.5,33,F,UNVERIFIED_PUBLISH_PATH|DORMANT,2,1259,v0.2.0
vegas,3.0.0,25,F,UNVERIFIED_PUBLISH_PATH|SINGLE_MAINTAINER,1,1254,v0.2.0
'@placekit/autocomplete-js,2.2.1,33,F,UNVERIFIED_PUBLISH_PATH|DORMANT,2,1253,v0.2.0
'@meilisearch/autocomplete-client,0.9.0,82,B,,5,1252,v0.2.0
'@fontsource/alegreya-sc,5.3.0,81,B,,2,1251,v0.2.0
toolcool-range-slider,4.0.28,19,F,UNVERIFIED_PUBLISH_PATH|DORMANT|SINGLE_MAINTAINER,1,1251,v0.2.0
'@fontsource/livvic,5.3.0,81,B,,2,1249,v0.2.0
'@inlang/plugin-icu1,1.1.0,82,B,,2,1248,v0.2.0
vue-hotel-datepicker,5.0.1,39,D,UNVERIFIED_PUBLISH_PATH,2,1248,v0.2.0
'@memori.ai/memori-react,8.41.6,39,D,UNVERIFIED_PUBLISH_PATH,3,1247,v0.2.0
react-big-scheduler,0.2.7,19,F,UNVERIFIED_PUBLISH_PATH|DORMANT|SINGLE_MAINTAINER,1,1247,v0.2.0
'@fontsource-variable/afacad,5.3.0,81,B,,2,1246,v0.2.0
wix-ui-icons-common,2.0.409,33,F,UNVERIFIED_PUBLISH_PATH|DORMANT,6,1245,v0.2.0
detect-touch-device,1.1.6,19,F,UNVERIFIED_PUBLISH_PATH|DORMANT|SINGLE_MAINTAINER,1,1243,v0.2.0
jquery-menu-aim,1.1.0,19,F,UNVERIFIED_PUBLISH_PATH|DORMANT|SINGLE_MAINTAINER,1,1243,v0.2.0
stimulus-store,0.0.3,19,F,UNVERIFIED_PUBLISH_PATH|DORMANT|SINGLE_MAINTAINER,1,1242,v0.2.0
lg-pager,1.0.2,19,F,UNVERIFIED_PUBLISH_PATH|DORMANT|SINGLE_MAINTAINER,1,1241,v0.2.0
'@keeex/qrcodejs-kx,1.0.2,33,F,UNVERIFIED_PUBLISH_PATH|DORMANT,3,1239,v0.2.0
'@capacitor-community/photoviewer,8.0.1,46,D,UNVERIFIED_PUBLISH_PATH,52,1238,v0.2.0
'@tsocial/tvweb-sdk,5.38.6,35,D,UNVERIFIED_PUBLISH_PATH,3,1238,v0.2.0
vazir-font,30.1.0,19,F,UNVERIFIED_PUBLISH_PATH|DORMANT|SINGLE_MAINTAINER|DEPRECATED,1,1238,v0.2.0
'@engie-group/fluid-design-tokens,6.2.0,34,F,UNVERIFIED_PUBLISH_PATH,2,1236,v0.2.0
leaflet-panel-layers,1.3.1,19,F,UNVERIFIED_PUBLISH_PATH|DORMANT|SINGLE_MAINTAINER,1,1235,v0.2.0
'@streamroot/videojs-hlsjs-plugin,1.0.16,14,F,UNVERIFIED_PUBLISH_PATH|DORMANT|SINGLE_MAINTAINER|DEPRECATED,1,1232,v0.2.0
'@liner-fe/design-token,4.5.0,30,F,UNVERIFIED_PUBLISH_PATH,2,1229,v0.2.0
'@fontsource/firago,5.3.0,81,B,,2,1226,v0.2.0
datatables.mark.js,2.1.0,19,F,UNVERIFIED_PUBLISH_PATH|DORMANT|SINGLE_MAINTAINER,1,1225,v0.2.0
overlapping-marker-spiderfier-leaflet,0.2.7,19,F,UNVERIFIED_PUBLISH_PATH|DORMANT|SINGLE_MAINTAINER,1,1225,v0.2.0
angular-libphonenumber,1.1.0,19,F,UNVERIFIED_PUBLISH_PATH|DORMANT|SINGLE_MAINTAINER,1,1223,v0.2.0
'@fontsource/lalezar,5.3.0,81,B,,2,1221,v0.2.0
'@feedmepos/mf-menu,0.32.61-dev.1,30,F,UNVERIFIED_PUBLISH_PATH,3,1220,v0.2.0
'@fontsource/forum,5.3.0,81,B,,2,1219,v0.2.0
cocoen,3.2.0,19,F,UNVERIFIED_PUBLISH_PATH|DORMANT|SINGLE_MAINTAINER,1,1219,v0.2.0
loc-i18next,0.1.6,19,F,UNVERIFIED_PUBLISH_PATH|DORMANT|SINGLE_MAINTAINER,1,1219,v0.2.0
heatmapjs,2.0.2,10,F,UNVERIFIED_PUBLISH_PATH|DORMANT|SINGLE_MAINTAINER,1,1216,v0.2.0
create-file-list,1.1.0,19,F,UNVERIFIED_PUBLISH_PATH|DORMANT|SINGLE_MAINTAINER,1,1214,v0.2.0
dealpos,26.29.1,21,F,UNVERIFIED_PUBLISH_PATH|SINGLE_MAINTAINER,1,1214,v0.2.0
'@fontsource/averia-serif-libre,5.3.0,81,B,,2,1210,v0.2.0
'@fontsource/gothic-a1,5.3.0,81,B,,2,1209,v0.2.0
'@goodgamestudios/cxf-events,1.25.0,35,D,UNVERIFIED_PUBLISH_PATH,27,1205,v0.2.0
messenger-hubspot,1.5.0-b2,19,F,UNVERIFIED_PUBLISH_PATH|DORMANT|SINGLE_MAINTAINER,1,1205,v0.2.0
'@gumlet/player.js,3.0.8,87,A,,2,1202,v0.2.0
'@wp-pay/logos,2.3.2,39,D,UNVERIFIED_PUBLISH_PATH,2,1202,v0.2.0
'@fontsource/el-messiri,5.3.0,81,B,,2,1200,v0.2.0
sienna-accessibility,2.2.333,25,F,UNVERIFIED_PUBLISH_PATH|SINGLE_MAINTAINER,1,1199,v0.2.0
wix-ui-tpa,3.145.0,30,F,UNVERIFIED_PUBLISH_PATH,6,1199,v0.2.0
'@expo-google-fonts/teko,0.4.1,39,D,UNVERIFIED_PUBLISH_PATH,4,1198,v0.2.0
roddeh-i18n,1.2.1,19,F,UNVERIFIED_PUBLISH_PATH|DORMANT|SINGLE_MAINTAINER,1,1198,v0.2.0
moyasar-payment-form,2.2.10,21,F,UNVERIFIED_PUBLISH_PATH|SINGLE_MAINTAINER,1,1195,v0.2.0
'@fontsource/unifrakturcook,5.3.0,81,B,,2,1193,v0.2.0
fluid-player,3.59.0,39,D,UNVERIFIED_PUBLISH_PATH,4,1193,v0.2.0
'@tsparticles/preset-stars,4.3.2,69,C,INCONSISTENT_PUBLISH_PATH|SINGLE_MAINTAINER,1,1190,v0.2.0
leaflet-timedimension,1.1.1,19,F,UNVERIFIED_PUBLISH_PATH|DORMANT|SINGLE_MAINTAINER,1,1190,v0.2.0
vue3-flag-icons,0.1.7,25,F,UNVERIFIED_PUBLISH_PATH|SINGLE_MAINTAINER,1,1189,v0.2.0
'@fontsource/zen-kurenaido,5.3.0,81,B,,2,1188,v0.2.0
'@fontsource-variable/exo,5.3.0,81,B,,2,1187,v0.2.0
skrollr,0.6.26,9,F,UNVERIFIED_PUBLISH_PATH|DORMANT,0,1187,v0.2.0
'@genpact/genome.mfe.solidify-app,3.15.0,21,F,UNVERIFIED_PUBLISH_PATH|SINGLE_MAINTAINER,1,1186,v0.2.0
graphql.js,0.6.8,19,F,UNVERIFIED_PUBLISH_PATH|DORMANT|SINGLE_MAINTAINER,1,1184,v0.2.0
'@svgdotjs/svg.topath.js,2.0.3,33,F,UNVERIFIED_PUBLISH_PATH|DORMANT,2,1179,v0.2.0
'@zendeskgarden/css-tags,6.0.0,26,F,UNVERIFIED_PUBLISH_PATH|DORMANT|SINGLE_MAINTAINER,1,1178,v0.2.0
instafeed.js,2.1.0,25,F,UNVERIFIED_PUBLISH_PATH|SINGLE_MAINTAINER,1,1178,v0.2.0
jquery.appear,1.0.1,19,F,UNVERIFIED_PUBLISH_PATH|DORMANT|SINGLE_MAINTAINER,1,1175,v0.2.0
'@68publishers/cookie-consent,1.4.1,39,D,UNVERIFIED_PUBLISH_PATH,2,1174,v0.2.0
'@fontsource/corinthia,5.3.0,81,B,,2,1172,v0.2.0
hc-sticky,2.3.0,25,F,UNVERIFIED_PUBLISH_PATH|SINGLE_MAINTAINER,1,1172,v0.2.0
froala-pages,1.2.0,14,F,UNVERIFIED_PUBLISH_PATH|DORMANT|SINGLE_MAINTAINER,1,1170,v0.2.0
html5-boilerplate,9.0.1,19,F,UNVERIFIED_PUBLISH_PATH|DORMANT|SINGLE_MAINTAINER,1,1169,v0.2.0
jquery-filepond,1.0.0,10,F,UNVERIFIED_PUBLISH_PATH|DORMANT|SINGLE_MAINTAINER,1,1169,v0.2.0
js-html2pdf,1.1.4,19,F,UNVERIFIED_PUBLISH_PATH|DORMANT|SINGLE_MAINTAINER,1,1168,v0.2.0
'@fontsource/rasa,5.3.0,81,B,,2,1167,v0.2.0
'@fontsource/chewy,5.3.0,81,B,,2,1162,v0.2.0
'@fontsource/delicious-handrawn,5.3.0,81,B,,2,1162,v0.2.0
'@tripetto/runner-autoscroll,9.0.2,35,D,UNVERIFIED_PUBLISH_PATH,3,1161,v0.2.0
'@tripetto/runner-fabric,8.0.16,29,F,UNVERIFIED_PUBLISH_PATH|DORMANT,3,1161,v0.2.0
scrolly-video,0.0.24,25,F,UNVERIFIED_PUBLISH_PATH|SINGLE_MAINTAINER,1,1159,v0.2.0
amexio-ng-extensions,5.20.4,28,F,UNVERIFIED_PUBLISH_PATH|DORMANT,4,1158,v0.2.0
'@hellotext/hellotext,2.5.1,39,D,UNVERIFIED_PUBLISH_PATH,2,1155,v0.2.0
'@cscfi/csc-ui,3.0.19,39,D,UNVERIFIED_PUBLISH_PATH,4,1154,v0.2.0
openlore,2.1.6,69,C,INCONSISTENT_PUBLISH_PATH|SINGLE_MAINTAINER,1,1154,v0.2.0
'@ttsc/linux-arm64,0.21.0,58,C,INCONSISTENT_PUBLISH_PATH|SINGLE_MAINTAINER,1,1153,v0.2.0
dynamsoft-label-recognizer,3.4.32,24,F,UNVERIFIED_PUBLISH_PATH|DORMANT|DEPRECATED,4,1152,v0.2.0
'@fontsource/noto-serif-georgian,5.3.0,81,B,,2,1149,v0.2.0
lg-hash,1.0.4,19,F,UNVERIFIED_PUBLISH_PATH|DORMANT|SINGLE_MAINTAINER,1,1148,v0.2.0
'@fontsource/baskervville,5.3.0,81,B,,2,1146,v0.2.0
academicons,1.9.5,77,B,,2,1146,v0.2.0
'@fontsource/racing-sans-one,5.3.0,81,B,,2,1143,v0.2.0
formvalidation,0.6.2-dev,33,F,UNVERIFIED_PUBLISH_PATH|DORMANT,2,1143,v0.2.0
inert-polyfill,0.2.5,33,F,UNVERIFIED_PUBLISH_PATH|DORMANT,2,1143,v0.2.0
'@fontsource/unifrakturmaguntia,5.3.0,81,B,,2,1142,v0.2.0
xzoom,1.0.15,19,F,UNVERIFIED_PUBLISH_PATH|DORMANT|SINGLE_MAINTAINER,1,1141,v0.2.0
hexo-theme-keep,4.3.0,25,F,UNVERIFIED_PUBLISH_PATH|SINGLE_MAINTAINER,1,1139,v0.2.0
artalk,2.10.0,74,B,SINGLE_MAINTAINER,1,1137,v0.2.0
'@veltdev/sdk,6.0.0-beta.14,35,D,UNVERIFIED_PUBLISH_PATH,6,1135,v0.2.0
'@vonage/ml-transformers,7.0.4,39,D,UNVERIFIED_PUBLISH_PATH,66,1134,v0.2.0
mingcute_icon,2.9.72,20,F,UNVERIFIED_PUBLISH_PATH|SINGLE_MAINTAINER,1,1131,v0.2.0
'@sun-typeface/suit,2.0.5,33,F,UNVERIFIED_PUBLISH_PATH|DORMANT,2,1129,v0.2.0
c2pa-wc,0.14.17,45,D,UNVERIFIED_PUBLISH_PATH,3,1129,v0.2.0
hexo-theme-redefine,2.9.0,25,F,UNVERIFIED_PUBLISH_PATH|SINGLE_MAINTAINER,1,1128,v0.2.0
'@fontsource/long-cang,5.3.0,81,B,,2,1126,v0.2.0
'@fontsource/signika,5.3.0,81,B,,2,1126,v0.2.0
aubiojs,0.2.1,15,F,UNVERIFIED_PUBLISH_PATH|DORMANT|SINGLE_MAINTAINER,1,1126,v0.2.0
'@fontsource/reddit-sans,5.3.0,81,B,,2,1125,v0.2.0
'@volcengine/tls-js-sdk,0.0.3,29,F,UNVERIFIED_PUBLISH_PATH|DORMANT,46,1125,v0.2.0
dynamsoft-document-viewer,4.0.0,34,F,UNVERIFIED_PUBLISH_PATH,2,1125,v0.2.0
'@ungap/has-own,0.1.1,19,F,UNVERIFIED_PUBLISH_PATH|DORMANT|SINGLE_MAINTAINER,1,1122,v0.2.0
mdbvue,6.7.4,29,F,UNVERIFIED_PUBLISH_PATH|DORMANT,17,1122,v0.2.0
mint-ui,2.2.13,33,F,UNVERIFIED_PUBLISH_PATH|DORMANT,3,1122,v0.2.0
table-sort-js,1.22.3,25,F,UNVERIFIED_PUBLISH_PATH|SINGLE_MAINTAINER,1,1121,v0.2.0
headjs,1.0.3,19,F,UNVERIFIED_PUBLISH_PATH|DORMANT|SINGLE_MAINTAINER,1,1118,v0.2.0
'@central-icons-react-native/square-filled-radius-0-stroke-2,1.1.298,21,F,UNVERIFIED_PUBLISH_PATH|SINGLE_MAINTAINER,1,1117,v0.2.0
'@engie-group/fluid-design-system,6.2.0,34,F,UNVERIFIED_PUBLISH_PATH,2,1116,v0.2.0
'@fontsource/lxgw-wenkai-tc,5.3.0,81,B,,2,1108,v0.2.0
'@nutui/nutui,4.3.15-beta.1,39,D,UNVERIFIED_PUBLISH_PATH,3,1108,v0.2.0
bootstrap-star-rating,4.1.2,14,F,UNVERIFIED_PUBLISH_PATH|DORMANT|SINGLE_MAINTAINER,1,1107,v0.2.0
jquery-parallax.js,1.5.0,33,F,UNVERIFIED_PUBLISH_PATH|DORMANT,2,1106,v0.2.0
'@goplayerzero/sdk-web,0.3.0,25,F,UNVERIFIED_PUBLISH_PATH|SINGLE_MAINTAINER,1,1105,v0.2.0
'@digital-realty/ix-icon-button,1.3.4,35,D,UNVERIFIED_PUBLISH_PATH,4,1104,v0.2.0
js-dos,8.4.1,21,F,UNVERIFIED_PUBLISH_PATH|SINGLE_MAINTAINER,1,1104,v0.2.0
'@fontsource/liu-jian-mao-cao,5.3.0,81,B,,2,1100,v0.2.0
bulma-accordion,2.0.1,14,F,UNVERIFIED_PUBLISH_PATH|DORMANT|SINGLE_MAINTAINER|PUBLISHER_NOT_MAINTAINER|DEPRECATED,1,1098,v0.2.0
simple-scrollbar,0.4.0,19,F,UNVERIFIED_PUBLISH_PATH|DORMANT|SINGLE_MAINTAINER,1,1098,v0.2.0
jquery-creditcardvalidator,1.2.0,33,F,UNVERIFIED_PUBLISH_PATH|DORMANT,2,1096,v0.2.0
'@tripetto/runner,8.2.0,29,F,UNVERIFIED_PUBLISH_PATH|DORMANT,3,1095,v0.2.0
'@wix/categories,1.0.205,30,F,UNVERIFIED_PUBLISH_PATH,11,1093,v0.2.0
'@zohodesk/dot,1.9.16,30,F,UNVERIFIED_PUBLISH_PATH,54,1093,v0.2.0
ibp-cdn,3.0.49,16,F,UNVERIFIED_PUBLISH_PATH|SINGLE_MAINTAINER,1,1093,v0.2.0
tify,0.35.0,39,D,UNVERIFIED_PUBLISH_PATH,2,1092,v0.2.0
angular-debounce,1.1.1,19,F,UNVERIFIED_PUBLISH_PATH|DORMANT|SINGLE_MAINTAINER,1,1090,v0.2.0
bulma-checkbox,1.2.1,19,F,UNVERIFIED_PUBLISH_PATH|DORMANT|SINGLE_MAINTAINER,1,1083,v0.2.0
connectycube,6.3.0,35,D,UNVERIFIED_PUBLISH_PATH,2,1083,v0.2.0
paroller.js,1.5.0,25,F,UNVERIFIED_PUBLISH_PATH|SINGLE_MAINTAINER,1,1083,v0.2.0
lg-share,1.2.1,19,F,UNVERIFIED_PUBLISH_PATH|DORMANT|SINGLE_MAINTAINER,1,1082,v0.2.0
'@d-i-t-a/reader,2.5.3,38,D,UNVERIFIED_PUBLISH_PATH|SINGLE_MAINTAINER,1,1081,v0.2.0
webshim,1.16.0,19,F,UNVERIFIED_PUBLISH_PATH|DORMANT|SINGLE_MAINTAINER,1,1081,v0.2.0
'@digital-realty/ix-icon,1.3.4,35,D,UNVERIFIED_PUBLISH_PATH,4,1077,v0.2.0
'@central-icons-react-native/square-outlined-radius-0-stroke-1,1.1.298,21,F,UNVERIFIED_PUBLISH_PATH|SINGLE_MAINTAINER,1,1076,v0.2.0
'@goodgamestudios/cxf-plugins,0.105.1,35,D,UNVERIFIED_PUBLISH_PATH,27,1074,v0.2.0
helvatica-neue-lt,1.0.1,19,F,UNVERIFIED_PUBLISH_PATH|DORMANT|SINGLE_MAINTAINER,1,1073,v0.2.0
typeface-ibm-plex-sans,1.1.13,14,F,UNVERIFIED_PUBLISH_PATH|DORMANT|SINGLE_MAINTAINER,1,1073,v0.2.0
simple-scrollspy,2.5.3,19,F,UNVERIFIED_PUBLISH_PATH|DORMANT|SINGLE_MAINTAINER,1,1071,v0.2.0
mailtoui,1.0.3,19,F,UNVERIFIED_PUBLISH_PATH|DORMANT|SINGLE_MAINTAINER,1,1070,v0.2.0
'@ongov/ontario-design-system-component-library,8.1.0,77,B,INCONSISTENT_PUBLISH_PATH,5,1069,v0.2.0
'@pod-os/elements,0.43.0,58,C,INCONSISTENT_PUBLISH_PATH|SINGLE_MAINTAINER,1,1064,v0.2.0
react-render-tracker,0.7.8,25,F,UNVERIFIED_PUBLISH_PATH|SINGLE_MAINTAINER,1,1064,v0.2.0
echo-js,1.7.3,15,F,UNVERIFIED_PUBLISH_PATH|DORMANT|SINGLE_MAINTAINER,1,1063,v0.2.0
'@fontsource/tomorrow,5.3.0,81,B,,2,1060,v0.2.0
'@mynaui/icons,0.4.11,73,B,SINGLE_MAINTAINER,1,1059,v0.2.0
select-picker,0.3.2,19,F,UNVERIFIED_PUBLISH_PATH|DORMANT|SINGLE_MAINTAINER,1,1058,v0.2.0
jquery.numeric,1.0.0,15,F,UNVERIFIED_PUBLISH_PATH|DORMANT|SINGLE_MAINTAINER,1,1057,v0.2.0
'@fontsource/paytone-one,5.3.0,81,B,,2,1056,v0.2.0
'@digital-realty/ix-shared-fns,1.1.4,35,D,UNVERIFIED_PUBLISH_PATH,4,1055,v0.2.0
'@fontsource-variable/platypi,5.3.0,81,B,,2,1055,v0.2.0
'@letscooee/web-sdk,14.8.15,39,D,UNVERIFIED_PUBLISH_PATH,3,1055,v0.2.0
videojs-logo,3.0.0,19,F,UNVERIFIED_PUBLISH_PATH|DORMANT|SINGLE_MAINTAINER,1,1055,v0.2.0
angularfire,2.3.0,28,F,UNVERIFIED_PUBLISH_PATH|DORMANT|PUBLISHER_NOT_MAINTAINER,4,1053,v0.2.0
'@alpine-collective/toolkit-scroll,1.0.2,15,F,UNVERIFIED_PUBLISH_PATH|DORMANT|SINGLE_MAINTAINER,1,1052,v0.2.0
super-tiny-icons,0.6.0,19,F,UNVERIFIED_PUBLISH_PATH|DORMANT|SINGLE_MAINTAINER,1,1052,v0.2.0
vue-smooth-scroll,1.0.13,19,F,UNVERIFIED_PUBLISH_PATH|DORMANT|SINGLE_MAINTAINER,1,1052,v0.2.0
'@fontsource/biz-udgothic,5.3.0,81,B,,2,1049,v0.2.0
'@imtbl/checkout-widgets,2.22.0,95,A,,3,1049,v0.2.0
color-calendar,3.0.0,20,F,UNVERIFIED_PUBLISH_PATH|SINGLE_MAINTAINER,1,1049,v0.2.0
jquery-resizable-columns,0.2.3,19,F,UNVERIFIED_PUBLISH_PATH|DORMANT|SINGLE_MAINTAINER,1,1047,v0.2.0
quail-js,0.3.28,20,F,UNVERIFIED_PUBLISH_PATH|SINGLE_MAINTAINER,1,1046,v0.2.0
nanogallery2,3.0.5,19,F,UNVERIFIED_PUBLISH_PATH|DORMANT|SINGLE_MAINTAINER,1,1045,v0.2.0
'@3dsource/angular-unreal-module,0.0.154,35,D,UNVERIFIED_PUBLISH_PATH,4,1044,v0.2.0
sudoku-gen,1.0.2,19,F,UNVERIFIED_PUBLISH_PATH|DORMANT|SINGLE_MAINTAINER,1,1044,v0.2.0
ublaboo-datagrid,6.9.1,29,F,UNVERIFIED_PUBLISH_PATH|DORMANT|DEPRECATED,2,1044,v0.2.0
'@bamirorg/core-assets-3458b2eea,1.20.0,16,F,UNVERIFIED_PUBLISH_PATH|SINGLE_MAINTAINER,1,1042,v0.2.0
vega-lite-api,6.0.0,39,D,UNVERIFIED_PUBLISH_PATH,2,1042,v0.2.0
'@fontsource/gantari,5.3.0,81,B,,2,1040,v0.2.0
lite-vimeo-embed,0.3.0,51,C,DORMANT|SINGLE_MAINTAINER,1,1040,v0.2.0
ggaction,0.0.7,58,C,INCONSISTENT_PUBLISH_PATH|SINGLE_MAINTAINER,1,1039,v0.2.0
'@ds-autonomie/assets,1.4.13,34,F,UNVERIFIED_PUBLISH_PATH,4,1038,v0.2.0
'@fontsource/aboreto,5.3.0,81,B,,2,1036,v0.2.0
leaflet-label,0.2.1-0,9,F,UNVERIFIED_PUBLISH_PATH|DORMANT|SINGLE_MAINTAINER|PUBLISHER_NOT_MAINTAINER,1,1036,v0.2.0
'@danske/sapphire-icons,3.2.0,35,D,UNVERIFIED_PUBLISH_PATH,2,1032,v0.2.0
flickr-justified-gallery,2.2.0,19,F,UNVERIFIED_PUBLISH_PATH|DORMANT|SINGLE_MAINTAINER,1,1031,v0.2.0
'@digigov/css,2.4.2,30,F,UNVERIFIED_PUBLISH_PATH,5,1029,v0.2.0
'@talkjs/web-components,0.3.3,35,D,UNVERIFIED_PUBLISH_PATH,9,1029,v0.2.0
slider-pro,1.6.2,19,F,UNVERIFIED_PUBLISH_PATH|DORMANT|SINGLE_MAINTAINER,1,1029,v0.2.0
'@feedmepos/mf-connect,0.1.98-beta.9,30,F,UNVERIFIED_PUBLISH_PATH,3,1026,v0.2.0
docsify-themeable,0.9.0,19,F,UNVERIFIED_PUBLISH_PATH|DORMANT|SINGLE_MAINTAINER,1,1026,v0.2.0
tilt.js,1.2.1,19,F,UNVERIFIED_PUBLISH_PATH|DORMANT|SINGLE_MAINTAINER,1,1021,v0.2.0
'@bevacqua/rome,3.0.4,19,F,UNVERIFIED_PUBLISH_PATH|DORMANT|SINGLE_MAINTAINER,1,1019,v0.2.0
jsframe.js,1.6.8,19,F,UNVERIFIED_PUBLISH_PATH|DORMANT|SINGLE_MAINTAINER,1,1018,v0.2.0
'@ekyc_qoobiss/qbs-ect-cmp,5.7.0,35,D,UNVERIFIED_PUBLISH_PATH,3,1016,v0.2.0
jquery-editable-select,2.2.5,19,F,UNVERIFIED_PUBLISH_PATH|DORMANT|SINGLE_MAINTAINER,1,1015,v0.2.0
mutation-events,1.0.8,26,F,UNVERIFIED_PUBLISH_PATH|DORMANT|SINGLE_MAINTAINER,1,1015,v0.2.0
'@bookolosystem/engine,4.5.0,21,F,UNVERIFIED_PUBLISH_PATH|SINGLE_MAINTAINER,1,1014,v0.2.0
slick-carousel-browserify,1.6.12,19,F,UNVERIFIED_PUBLISH_PATH|DORMANT|SINGLE_MAINTAINER,1,1014,v0.2.0
'@fontsource-variable/noto-serif-display,5.3.0,81,B,,2,1013,v0.2.0
'@fontsource/stix-two-math,5.3.0,81,B,,2,1012,v0.2.0
'@tesseract.js-data/vie,1.0.0,19,F,UNVERIFIED_PUBLISH_PATH|DORMANT|SINGLE_MAINTAINER,1,1010,v0.2.0
theia-sticky-sidebar,2.0.0,25,F,UNVERIFIED_PUBLISH_PATH|SINGLE_MAINTAINER,1,1010,v0.2.0
'@fontsource/gowun-dodum,5.3.0,81,B,,2,1007,v0.2.0
radial-progress-chart,0.0.4,19,F,UNVERIFIED_PUBLISH_PATH|DORMANT|SINGLE_MAINTAINER,1,1004,v0.2.0
'@8wave/ai-elements,0.97.0,21,F,UNVERIFIED_PUBLISH_PATH|SINGLE_MAINTAINER,1,1002,v0.2.0
'@fontsource/gilda-display,5.3.0,81,B,,2,1002,v0.2.0
youtube-background,1.1.8,19,F,UNVERIFIED_PUBLISH_PATH|DORMANT|SINGLE_MAINTAINER,1,1002,v0.2.0
'@srexi/purecounterjs,1.5.0,25,F,UNVERIFIED_PUBLISH_PATH|DORMANT|SINGLE_MAINTAINER,1,1001,v0.2.0
bootstrap4-notify,4.0.3,19,F,UNVERIFIED_PUBLISH_PATH|DORMANT|SINGLE_MAINTAINER,1,1001,v0.2.0
'@fontsource/la-belle-aurore,5.3.0,81,B,,2,995,v0.2.0
hexo-math,5.0.0,33,F,UNVERIFIED_PUBLISH_PATH|DORMANT,4,995,v0.2.0
jquery-resizable,1.0.6,19,F,UNVERIFIED_PUBLISH_PATH|DORMANT|SINGLE_MAINTAINER,1,995,v0.2.0
'@wiris/mathtype-tinymce6,8.15.2,27,F,UNVERIFIED_PUBLISH_PATH|SINGLE_MAINTAINER,1,993,v0.2.0
strophejs-plugin-muc,1.1.0,33,F,UNVERIFIED_PUBLISH_PATH|DORMANT,4,993,v0.2.0
'@zendeskgarden/css-grid,0.1.39,26,F,UNVERIFIED_PUBLISH_PATH|DORMANT|SINGLE_MAINTAINER|DEPRECATED,1,992,v0.2.0
bootstrap-tabcollapse,0.2.6,19,F,UNVERIFIED_PUBLISH_PATH|DORMANT|SINGLE_MAINTAINER,1,992,v0.2.0
'@fontsource/sanchez,5.3.0,81,B,,2,991,v0.2.0
'@fontsource-variable/sn-pro,5.3.0,81,B,,2,990,v0.2.0
markmap-autoloader,0.18.12,25,F,UNVERIFIED_PUBLISH_PATH|SINGLE_MAINTAINER,1,990,v0.2.0
webaudiofont,3.0.4,19,F,UNVERIFIED_PUBLISH_PATH|DORMANT|SINGLE_MAINTAINER,1,986,v0.2.0
'@qratilabs/qrati-connect,2.28.1,25,F,UNVERIFIED_PUBLISH_PATH|SINGLE_MAINTAINER,1,985,v0.2.0
water.css,2.1.1,14,F,UNVERIFIED_PUBLISH_PATH|DORMANT|SINGLE_MAINTAINER,1,985,v0.2.0
history.js,1.8.0,14,F,UNVERIFIED_PUBLISH_PATH|DORMANT|SINGLE_MAINTAINER,1,982,v0.2.0
usal,2.0.0,25,F,UNVERIFIED_PUBLISH_PATH|SINGLE_MAINTAINER,1,982,v0.2.0
'@digital-realty/ix-app-logic,2.1.7,35,D,UNVERIFIED_PUBLISH_PATH,4,981,v0.2.0
'@fontsource/zcool-qingke-huangyou,5.3.0,81,B,,2,980,v0.2.0
clockwork-browser,1.1.2,19,F,UNVERIFIED_PUBLISH_PATH|DORMANT|SINGLE_MAINTAINER,1,979,v0.2.0
gifffer,1.5.4,19,F,UNVERIFIED_PUBLISH_PATH|DORMANT|SINGLE_MAINTAINER,1,977,v0.2.0
webc-miam-uat,9.3.22,30,F,UNVERIFIED_PUBLISH_PATH,3,976,v0.2.0
simplycountdown.js,3.0.1,19,F,UNVERIFIED_PUBLISH_PATH|DORMANT|SINGLE_MAINTAINER,1,973,v0.2.0
tail.select,0.5.15,19,F,UNVERIFIED_PUBLISH_PATH|DORMANT|SINGLE_MAINTAINER|DEPRECATED,1,972,v0.2.0
'@fontsource/encode-sans,5.3.0,81,B,,2,970,v0.2.0
'@fontsource/saira-extra-condensed,5.3.0,81,B,,2,970,v0.2.0
'@iconify-json/meteor-icons,1.2.3,21,F,UNVERIFIED_PUBLISH_PATH|SINGLE_MAINTAINER,1,969,v0.2.0
galmuri,2.40.3,25,F,UNVERIFIED_PUBLISH_PATH|SINGLE_MAINTAINER,1,969,v0.2.0
'@coopdigital/foundations,1.10.0,34,F,UNVERIFIED_PUBLISH_PATH|PUBLISHER_NOT_MAINTAINER,4,968,v0.2.0
'@fontsource/koho,5.3.0,81,B,,2,968,v0.2.0
'@getopenpay/openpay-js,0.5.25,35,D,UNVERIFIED_PUBLISH_PATH,3,965,v0.2.0
aitu-app,1.0.3,21,F,UNVERIFIED_PUBLISH_PATH|SINGLE_MAINTAINER,1,965,v0.2.0
'@fontsource/courgette,5.3.0,81,B,,2,964,v0.2.0
smooothy,0.0.35,25,F,UNVERIFIED_PUBLISH_PATH|SINGLE_MAINTAINER,1,964,v0.2.0
'@orestbida/iframemanager,1.3.0,26,F,UNVERIFIED_PUBLISH_PATH|DORMANT|SINGLE_MAINTAINER,1,963,v0.2.0
'@fontsource/rozha-one,5.3.0,81,B,,2,962,v0.2.0
dcraw,1.0.3,19,F,UNVERIFIED_PUBLISH_PATH|DORMANT|SINGLE_MAINTAINER,1,962,v0.2.0
linearicons,1.0.2,19,F,UNVERIFIED_PUBLISH_PATH|DORMANT|SINGLE_MAINTAINER,1,962,v0.2.0
scrolltofixed,1.0.6,19,F,UNVERIFIED_PUBLISH_PATH|DORMANT|SINGLE_MAINTAINER,1,961,v0.2.0
'@fontsource/encode-sans-semi-condensed,5.3.0,81,B,,2,959,v0.2.0
rangeslider-pure,0.5.0,73,B,SINGLE_MAINTAINER,1,958,v0.2.0
'@cybersource/flex-sdk-web,0.3.1,33,F,UNVERIFIED_PUBLISH_PATH|DORMANT,4,957,v0.2.0
classroomduck,1.0.78,16,F,UNVERIFIED_PUBLISH_PATH|SINGLE_MAINTAINER,1,956,v0.2.0
scroll-depth,1.2.0,19,F,UNVERIFIED_PUBLISH_PATH|DORMANT|SINGLE_MAINTAINER,1,956,v0.2.0
'@goodgamestudios/cxf-announcements,0.5.0-qa.5,24,F,UNVERIFIED_PUBLISH_PATH|DORMANT|PUBLISHER_NOT_MAINTAINER,27,953,v0.2.0
tui-editor-plugin-font-size,1.0.4,19,F,UNVERIFIED_PUBLISH_PATH|DORMANT|SINGLE_MAINTAINER,1,950,v0.2.0
h8k-components,2.2.0,39,D,UNVERIFIED_PUBLISH_PATH,5,947,v0.2.0
cas-ds-web-components,1.3.33,35,D,UNVERIFIED_PUBLISH_PATH,2,946,v0.2.0
colresizable,1.6.0,15,F,UNVERIFIED_PUBLISH_PATH|DORMANT|SINGLE_MAINTAINER,1,944,v0.2.0
eligrey-classlist-js-polyfill,1.2.20180112,19,F,UNVERIFIED_PUBLISH_PATH|DORMANT|SINGLE_MAINTAINER,1,944,v0.2.0
jquery.tabbable,1.0.1,19,F,UNVERIFIED_PUBLISH_PATH|DORMANT|SINGLE_MAINTAINER,1,943,v0.2.0
smoothscroll-for-websites,1.5.1,19,F,UNVERIFIED_PUBLISH_PATH|DORMANT|SINGLE_MAINTAINER,1,942,v0.2.0
'@fontsource/zain,5.3.0,81,B,,2,940,v0.2.0
'@myparcel/delivery-options,6.22.0,46,D,UNVERIFIED_PUBLISH_PATH,3,939,v0.2.0
'@fontsource/francois-one,5.3.0,81,B,,2,938,v0.2.0
'@single-spa/import-map-injector,3.0.1,20,F,UNVERIFIED_PUBLISH_PATH|SINGLE_MAINTAINER,1,937,v0.2.0
'@fontsource/finger-paint,5.3.0,81,B,,2,935,v0.2.0
before-after-slider,1.0.1,19,F,UNVERIFIED_PUBLISH_PATH|DORMANT|SINGLE_MAINTAINER,1,935,v0.2.0
'@fontsource/ibm-plex-sans-thai-looped,5.3.0,81,B,,2,934,v0.2.0
icofont,1.0.0,19,F,UNVERIFIED_PUBLISH_PATH|DORMANT|SINGLE_MAINTAINER,1,930,v0.2.0
bromcom-ui,2.12.3,35,D,UNVERIFIED_PUBLISH_PATH,3,929,v0.2.0
'@digital-realty/ui-launchpad,12.0.13,30,F,UNVERIFIED_PUBLISH_PATH,4,928,v0.2.0
deepar,5.6.22,21,F,UNVERIFIED_PUBLISH_PATH|SINGLE_MAINTAINER,1,928,v0.2.0
olamaps-web-sdk,1.4.0,25,F,UNVERIFIED_PUBLISH_PATH|SINGLE_MAINTAINER,1,928,v0.2.0
doofinder,7.0.3,25,F,UNVERIFIED_PUBLISH_PATH|SINGLE_MAINTAINER,1,927,v0.2.0
'@snowplow/browser-plugin-bot-detection,4.9.0,39,D,UNVERIFIED_PUBLISH_PATH,3,926,v0.2.0
'@fontsource/biryani,5.3.0,81,B,,2,925,v0.2.0
'@fontsource/lustria,5.3.0,81,B,,2,921,v0.2.0
ukiyojs,4.2.0,19,F,UNVERIFIED_PUBLISH_PATH|DORMANT|SINGLE_MAINTAINER,1,920,v0.2.0
'@ibm/plex-sans-sc,1.1.0,33,F,UNVERIFIED_PUBLISH_PATH|DORMANT,5,914,v0.2.0
'@social-mail/web-components,1.1.19,21,F,UNVERIFIED_PUBLISH_PATH|SINGLE_MAINTAINER,1,914,v0.2.0
canvas-nest.js,2.0.4,19,F,UNVERIFIED_PUBLISH_PATH|DORMANT|SINGLE_MAINTAINER,1,914,v0.2.0
adp-web-components,0.3.8,25,F,UNVERIFIED_PUBLISH_PATH|SINGLE_MAINTAINER,1,913,v0.2.0
lazyloadxt,1.1.0,19,F,UNVERIFIED_PUBLISH_PATH|DORMANT|SINGLE_MAINTAINER,1,912,v0.2.0
'@zanichelli/idp-login-topbar,5.2.0,30,F,UNVERIFIED_PUBLISH_PATH,27,911,v0.2.0
'@fontsource-variable/hepta-slab,5.3.0,81,B,,2,906,v0.2.0
bulma-carousel,4.0.24,28,F,UNVERIFIED_PUBLISH_PATH|DORMANT|PUBLISHER_NOT_MAINTAINER|DEPRECATED,2,906,v0.2.0
videojs-contrib-hls.js,3.2.0,19,F,UNVERIFIED_PUBLISH_PATH|DORMANT|SINGLE_MAINTAINER,1,906,v0.2.0
geocomplete,1.7.0,33,F,UNVERIFIED_PUBLISH_PATH|DORMANT,6,903,v0.2.0
vue-swal,1.0.0,14,F,UNVERIFIED_PUBLISH_PATH|DORMANT|SINGLE_MAINTAINER,1,903,v0.2.0
'@ip-location-db/geo-asn-country,2.3.2026061719,58,C,INCONSISTENT_PUBLISH_PATH|SINGLE_MAINTAINER,1,902,v0.2.0
hexo-theme-solitude,4.0.0,31,F,UNVERIFIED_PUBLISH_PATH|SINGLE_MAINTAINER,1,902,v0.2.0
'@fontsource-variable/faustina,5.3.0,81,B,,2,899,v0.2.0
'@frak-labs/nexus-sdk,0.0.56,34,F,UNVERIFIED_PUBLISH_PATH,2,899,v0.2.0
'@fontsource-variable/tiktok-sans,5.3.0,81,B,,2,898,v0.2.0
'@fontsource/aldrich,5.3.0,81,B,,2,897,v0.2.0
css-skeletons,1.0.7,19,F,UNVERIFIED_PUBLISH_PATH|DORMANT|SINGLE_MAINTAINER,1,897,v0.2.0
'@fontsource/concert-one,5.3.0,81,B,,2,896,v0.2.0
'@uh-design-system/component-library,1.7.0,35,D,UNVERIFIED_PUBLISH_PATH,3,896,v0.2.0
stomp-websocket,2.3.4-next,19,F,UNVERIFIED_PUBLISH_PATH|DORMANT|SINGLE_MAINTAINER,1,896,v0.2.0
'@fontsource/hachi-maru-pop,5.3.0,81,B,,2,895,v0.2.0
bootstrap-ie11,5.3.7,32,F,UNVERIFIED_PUBLISH_PATH|SINGLE_MAINTAINER,1,895,v0.2.0
'@fontsource/m-plus-1,5.3.0,81,B,,2,892,v0.2.0
videojs-resolution-switcher,0.4.2,19,F,UNVERIFIED_PUBLISH_PATH|DORMANT|SINGLE_MAINTAINER,1,891,v0.2.0
ace,1.3.0,29,F,UNVERIFIED_PUBLISH_PATH|DORMANT,3,889,v0.2.0
'@marcreichel/alpine-timeago,2.0.3,73,B,SINGLE_MAINTAINER,1,883,v0.2.0
'@inkeep/cxkit-js,0.5.119,34,F,UNVERIFIED_PUBLISH_PATH,7,882,v0.2.0
'@justeattakeaway/pie-icons,5.30.0,46,D,UNVERIFIED_PUBLISH_PATH,10,882,v0.2.0
'@calumk/editorjs-codeflask,1.0.10,19,F,UNVERIFIED_PUBLISH_PATH|DORMANT|SINGLE_MAINTAINER|DEPRECATED,1,879,v0.2.0
'@digital-realty/ix-widget,2.3.7,35,D,UNVERIFIED_PUBLISH_PATH,4,877,v0.2.0
'@fontsource/changa,5.3.0,81,B,,2,875,v0.2.0
'@marcreichel/alpine-auto-animate,1.1.0,19,F,UNVERIFIED_PUBLISH_PATH|DORMANT|SINGLE_MAINTAINER,1,875,v0.2.0
chat-engine,0.9.21,33,F,UNVERIFIED_PUBLISH_PATH|DORMANT,9,875,v0.2.0
'@desivocal/agents-cdn,1.0.21,35,D,UNVERIFIED_PUBLISH_PATH,2,874,v0.2.0
'@fontsource-variable/el-messiri,5.3.0,81,B,,2,874,v0.2.0
hideseek,0.8.0,19,F,UNVERIFIED_PUBLISH_PATH|DORMANT|SINGLE_MAINTAINER,1,874,v0.2.0
'@fontsource/zen-dots,5.3.0,81,B,,2,873,v0.2.0
scandit-web-datacapture-id,6.28.11,35,D,UNVERIFIED_PUBLISH_PATH,4,873,v0.2.0
shareon,2.8.1,58,C,INCONSISTENT_PUBLISH_PATH|SINGLE_MAINTAINER,1,872,v0.2.0
fluentui-emoji,1.3.0,25,F,UNVERIFIED_PUBLISH_PATH|SINGLE_MAINTAINER,1,869,v0.2.0
files.photo.gallery,0.15.3,25,F,UNVERIFIED_PUBLISH_PATH|SINGLE_MAINTAINER,1,868,v0.2.0
playable,2.15.4,28,F,UNVERIFIED_PUBLISH_PATH|DORMANT|PUBLISHER_NOT_MAINTAINER,6,867,v0.2.0
vikinginvest-prices,1.0.1779225699,25,F,UNVERIFIED_PUBLISH_PATH|SINGLE_MAINTAINER,1,867,v0.2.0
'@memori.ai/memori-webcomponent,8.2.17,39,D,UNVERIFIED_PUBLISH_PATH,3,865,v0.2.0
'@dannymichel/proxima-nova,4.5.2,19,F,UNVERIFIED_PUBLISH_PATH|DORMANT|SINGLE_MAINTAINER,1,861,v0.2.0
'@dynamic-mockups/mockup-editor-sdk,1.1.52,39,D,UNVERIFIED_PUBLISH_PATH,2,856,v0.2.0
mapbox-gl-animated-popup,0.4.0,19,F,UNVERIFIED_PUBLISH_PATH|DORMANT|SINGLE_MAINTAINER,1,856,v0.2.0
'@fontsource/do-hyeon,5.3.0,81,B,,2,855,v0.2.0
loadcss,0.0.2,19,F,UNVERIFIED_PUBLISH_PATH|DORMANT|SINGLE_MAINTAINER,1,855,v0.2.0
'@fontsource/lateef,5.3.0,81,B,,2,854,v0.2.0
curtainsjs,8.1.6,19,F,UNVERIFIED_PUBLISH_PATH|DORMANT|SINGLE_MAINTAINER,1,853,v0.2.0
rpg-awesome,0.2.0,19,F,UNVERIFIED_PUBLISH_PATH|DORMANT|SINGLE_MAINTAINER,1,853,v0.2.0
'@fontsource/mitr,5.3.0,81,B,,2,852,v0.2.0
'@peculiar/certificates-viewer,4.9.2,93,A,,7,852,v0.2.0
'@trimbleinc/modus-bootstrap,1.6.4,29,F,UNVERIFIED_PUBLISH_PATH|DORMANT,3,851,v0.2.0
'@event-calendar/build,5.11.0,25,F,UNVERIFIED_PUBLISH_PATH|SINGLE_MAINTAINER,1,850,v0.2.0
reinvented-color-wheel,0.4.0,19,F,UNVERIFIED_PUBLISH_PATH|DORMANT|SINGLE_MAINTAINER,1,849,v0.2.0
'@cognigy/webchat,3.47.0,77,B,INCONSISTENT_PUBLISH_PATH|BRANCH_REQUIRES_PR,14,848,v0.2.0
typeroo,0.16.0,14,F,UNVERIFIED_PUBLISH_PATH|DORMANT|SINGLE_MAINTAINER,1,847,v0.2.0
'@aarhus-university/au-designsystem-delphinus,1.14.0,35,D,UNVERIFIED_PUBLISH_PATH,8,845,v0.2.0
'@fontsource/cooper-hewitt,5.3.0,81,B,,2,845,v0.2.0
'@hcaptcha/vanilla-hcaptcha,1.1.4,34,F,UNVERIFIED_PUBLISH_PATH,2,845,v0.2.0
browser-tool,1.3.4,25,F,UNVERIFIED_PUBLISH_PATH|SINGLE_MAINTAINER,1,844,v0.2.0
jquery-templates,1.0.0,19,F,UNVERIFIED_PUBLISH_PATH|DORMANT|SINGLE_MAINTAINER,1,843,v0.2.0
lxgw-wenkai-lite-webfont,1.7.0,19,F,UNVERIFIED_PUBLISH_PATH|DORMANT|SINGLE_MAINTAINER,1,843,v0.2.0
ti-icons,0.1.2,19,F,UNVERIFIED_PUBLISH_PATH|DORMANT|SINGLE_MAINTAINER,1,843,v0.2.0
dealposbooks,6.29.0,21,F,UNVERIFIED_PUBLISH_PATH|SINGLE_MAINTAINER,1,842,v0.2.0
franken-ui,2.1.2,25,F,UNVERIFIED_PUBLISH_PATH|SINGLE_MAINTAINER,1,842,v0.2.0
'@fontsource/markazi-text,5.3.0,81,B,,2,840,v0.2.0
'@tesseract.js-data/ita,1.0.0,19,F,UNVERIFIED_PUBLISH_PATH|DORMANT|SINGLE_MAINTAINER,1,840,v0.2.0
'@coopdigital/foundations-forms,5.7.0,34,F,UNVERIFIED_PUBLISH_PATH|PUBLISHER_NOT_MAINTAINER,4,839,v0.2.0
'@fontsource/yuji-syuku,5.3.0,81,B,,2,836,v0.2.0
jquery-ellipsis,0.1.6,15,F,UNVERIFIED_PUBLISH_PATH|DORMANT|SINGLE_MAINTAINER,1,835,v0.2.0
jssocials,1.5.0,19,F,UNVERIFIED_PUBLISH_PATH|DORMANT|SINGLE_MAINTAINER,1,835,v0.2.0
'@feedmepos/mf-payment,1.8.4,30,F,UNVERIFIED_PUBLISH_PATH,3,833,v0.2.0
social-likes-next,1.1.0,19,F,UNVERIFIED_PUBLISH_PATH|DORMANT|SINGLE_MAINTAINER,1,832,v0.2.0
'@goodgamestudios/cxf-runtime,0.3.2,24,F,UNVERIFIED_PUBLISH_PATH|DORMANT|PUBLISHER_NOT_MAINTAINER,27,827,v0.2.0
browselucide,1.0.3,21,F,UNVERIFIED_PUBLISH_PATH|SINGLE_MAINTAINER,1,827,v0.2.0
pluspagos-aes-encryption,1.0.0,15,F,UNVERIFIED_PUBLISH_PATH|DORMANT|SINGLE_MAINTAINER,1,827,v0.2.0
'@fontsource/berkshire-swash,5.3.0,81,B,,2,825,v0.2.0
'@fontsource/cormorant-infant,5.3.0,81,B,,2,825,v0.2.0
'@tensorflow-models/facemesh,0.0.5,28,F,UNVERIFIED_PUBLISH_PATH|DORMANT|DEPRECATED,8,825,v0.2.0
'@fontsource-variable/archivo-narrow,5.3.0,81,B,,2,824,v0.2.0
'@watergis/mapbox-gl-export,4.0.0,58,C,INCONSISTENT_PUBLISH_PATH|SINGLE_MAINTAINER,1,824,v0.2.0
'@fontsource/passion-one,5.3.0,81,B,,2,822,v0.2.0
'@fontsource/zen-kaku-gothic-antique,5.3.0,81,B,,2,822,v0.2.0
'@coopdigital/foundations-buttons,2.8.0,34,F,UNVERIFIED_PUBLISH_PATH|PUBLISHER_NOT_MAINTAINER,4,819,v0.2.0
'@fontsource-variable/encode-sans,5.3.0,81,B,,2,819,v0.2.0
'@wavoip/wavoip-webphone,1.7.3,77,B,INCONSISTENT_PUBLISH_PATH,3,819,v0.2.0
baseline-status,1.1.1,25,F,UNVERIFIED_PUBLISH_PATH|SINGLE_MAINTAINER,1,819,v0.2.0
jvectormap-content,0.2.0,25,F,UNVERIFIED_PUBLISH_PATH|SINGLE_MAINTAINER,1,819,v0.2.0
'@fontsource-variable/anek-latin,5.3.0,81,B,,2,817,v0.2.0
angular-cron-gen,1.0.1,19,F,UNVERIFIED_PUBLISH_PATH|DORMANT|SINGLE_MAINTAINER,1,817,v0.2.0
'@fontsource/nothing-you-could-do,5.3.0,81,B,,2,816,v0.2.0
'@fontsource/fugaz-one,5.3.0,81,B,,2,815,v0.2.0
'@wix/auto_sdk_automations_activations,1.0.139,30,F,UNVERIFIED_PUBLISH_PATH,11,814,v0.2.0
'@digital-realty/ui-service-management,12.6.4,30,F,UNVERIFIED_PUBLISH_PATH,4,813,v0.2.0
farbstastic,1.3.0,15,F,UNVERIFIED_PUBLISH_PATH|DORMANT|SINGLE_MAINTAINER,1,812,v0.2.0
'@fontsource/economica,5.3.0,81,B,,2,810,v0.2.0
bootstrap-utilities,4.1.3,14,F,UNVERIFIED_PUBLISH_PATH|DORMANT|SINGLE_MAINTAINER|DEPRECATED,1,809,v0.2.0
bootstrap4c-chosen,1.1.1,19,F,UNVERIFIED_PUBLISH_PATH|DORMANT|SINGLE_MAINTAINER,1,807,v0.2.0
'@frak-labs/components,1.0.13,34,F,UNVERIFIED_PUBLISH_PATH,2,806,v0.2.0
'@synerise/ds-icon,1.18.5,21,F,UNVERIFIED_PUBLISH_PATH|SINGLE_MAINTAINER,1,806,v0.2.0
flowbite-icons,1.5.0,25,F,UNVERIFIED_PUBLISH_PATH|SINGLE_MAINTAINER,1,804,v0.2.0
leaflet-iconlayers,0.2.0,19,F,UNVERIFIED_PUBLISH_PATH|DORMANT|SINGLE_MAINTAINER,1,800,v0.2.0
timecircles,1.5.3,15,F,UNVERIFIED_PUBLISH_PATH|DORMANT|SINGLE_MAINTAINER,1,800,v0.2.0
'@fontsource/sen,5.3.0,81,B,,2,795,v0.2.0
taos,2.0.1,25,F,UNVERIFIED_PUBLISH_PATH|SINGLE_MAINTAINER,1,795,v0.2.0
'@db-ui/core,3.3.7,89,A,,4,791,v0.2.0
'@fontsource/crete-round,5.3.0,81,B,,2,791,v0.2.0
cordova-plugin-qrscanner,3.0.1,33,F,UNVERIFIED_PUBLISH_PATH|DORMANT,3,791,v0.2.0
rater-jquery,1.0.0,19,F,UNVERIFIED_PUBLISH_PATH|DORMANT|SINGLE_MAINTAINER,1,791,v0.2.0
'@fontsource-variable/grenze-gotisch,5.3.0,81,B,,2,790,v0.2.0
'@fontsource/kodchasan,5.3.0,81,B,,2,789,v0.2.0
'@fontsource/special-gothic-expanded-one,5.3.0,81,B,,2,789,v0.2.0
'@wix/auto_sdk_events_wix-events-v-2,1.0.104,30,F,UNVERIFIED_PUBLISH_PATH,11,788,v0.2.0
jquery-balloon-js,1.1.2,19,F,UNVERIFIED_PUBLISH_PATH|DORMANT|SINGLE_MAINTAINER,1,788,v0.2.0
'@wix/auto_sdk_events_ticket-definitions-v-2,1.0.121,30,F,UNVERIFIED_PUBLISH_PATH,11,787,v0.2.0
'@miso.ai/client-sdk,1.13.1,87,A,,2,786,v0.2.0
'@blotoutio/providers-google-analytics-4-sdk,1.64.3,25,F,UNVERIFIED_PUBLISH_PATH|SINGLE_MAINTAINER,1,784,v0.2.0
'@fontsource-variable/playfair,5.3.0,81,B,,2,783,v0.2.0
'@tanay-wispr/webflow-package,6.6.21,20,F,UNVERIFIED_PUBLISH_PATH|SINGLE_MAINTAINER|BRANCH_REQUIRES_PR,1,783,v0.2.0
'@blotoutio/providers-snapchat-sdk,1.64.3,25,F,UNVERIFIED_PUBLISH_PATH|SINGLE_MAINTAINER,1,781,v0.2.0
fancygrid,1.7.180,19,F,UNVERIFIED_PUBLISH_PATH|DORMANT|SINGLE_MAINTAINER,1,781,v0.2.0
'@fontsource/uncial-antiqua,5.3.0,81,B,,2,779,v0.2.0
'@fontsource/marcellus-sc,5.3.0,81,B,,2,778,v0.2.0
ab-datepicker,2.1.19,19,F,UNVERIFIED_PUBLISH_PATH|DORMANT|SINGLE_MAINTAINER,1,778,v0.2.0
bootstrap4-dialog,4.4.4,19,F,UNVERIFIED_PUBLISH_PATH|DORMANT|SINGLE_MAINTAINER,1,778,v0.2.0
lightbox3,1.2.1,25,F,UNVERIFIED_PUBLISH_PATH|SINGLE_MAINTAINER,1,778,v0.2.0
'@mappedin/viewer,0.59.4,30,F,UNVERIFIED_PUBLISH_PATH,2,776,v0.2.0
'@digital-realty/ix-wizard,1.3.6,35,D,UNVERIFIED_PUBLISH_PATH,4,774,v0.2.0
formstone,2.2.2,25,F,UNVERIFIED_PUBLISH_PATH|SINGLE_MAINTAINER,1,774,v0.2.0
jquery.finger,0.1.6,19,F,UNVERIFIED_PUBLISH_PATH|DORMANT|SINGLE_MAINTAINER,1,774,v0.2.0
load-awesome,1.1.0,19,F,UNVERIFIED_PUBLISH_PATH|DORMANT|SINGLE_MAINTAINER,1,773,v0.2.0
moment-timer,1.3.0,19,F,UNVERIFIED_PUBLISH_PATH|DORMANT|SINGLE_MAINTAINER,1,773,v0.2.0
'@date-fns/docs,0.38.0,14,F,UNVERIFIED_PUBLISH_PATH|DORMANT|SINGLE_MAINTAINER,1,770,v0.2.0
'@slightlyoff/lite-vimeo,0.1.4,25,F,UNVERIFIED_PUBLISH_PATH|SINGLE_MAINTAINER,1,768,v0.2.0
'@tsparticles/preset-big-circles,4.3.2,69,C,INCONSISTENT_PUBLISH_PATH|SINGLE_MAINTAINER,1,766,v0.2.0
'@minimal-analytics/ga4,1.8.7,19,F,UNVERIFIED_PUBLISH_PATH|DORMANT|SINGLE_MAINTAINER,1,765,v0.2.0
'@fontsource/changa-one,5.3.0,81,B,,2,764,v0.2.0
turn.js,1.0.5,19,F,UNVERIFIED_PUBLISH_PATH|DORMANT|SINGLE_MAINTAINER,1,763,v0.2.0
'@fontsource-variable/kumbh-sans,5.3.0,81,B,,2,762,v0.2.0
'@fontsource/secular-one,5.3.0,81,B,,2,762,v0.2.0
greenbricks-cps-sdk,1.9.0,21,F,UNVERIFIED_PUBLISH_PATH|SINGLE_MAINTAINER,1,761,v0.2.0
jquery-ui-iconfont,2.3.2,19,F,UNVERIFIED_PUBLISH_PATH|DORMANT|SINGLE_MAINTAINER,1,761,v0.2.0
'@fontsource-variable/eczar,5.3.0,81,B,,2,758,v0.2.0
'@fontsource/palanquin,5.3.0,81,B,,2,758,v0.2.0
'@splidejs/splide-extension-url-hash,0.3.0,19,F,UNVERIFIED_PUBLISH_PATH|DORMANT|SINGLE_MAINTAINER,1,757,v0.2.0
'@fontsource/monda,5.3.0,81,B,,2,756,v0.2.0
'@playpilot/tpi,8.27.1,35,D,UNVERIFIED_PUBLISH_PATH,2,756,v0.2.0
'@fontsource/bellefair,5.3.0,81,B,,2,755,v0.2.0
'@fontsource/hind-vadodara,5.3.0,81,B,,2,755,v0.2.0
'@linways/table-to-excel,1.0.4,19,F,UNVERIFIED_PUBLISH_PATH|DORMANT|SINGLE_MAINTAINER,1,755,v0.2.0
easydropdown,4.2.0,19,F,UNVERIFIED_PUBLISH_PATH|DORMANT|SINGLE_MAINTAINER,1,755,v0.2.0
'@fontsource/rufina,5.3.0,81,B,,2,753,v0.2.0
'@wix/auto_sdk_events_forms,1.0.100,30,F,UNVERIFIED_PUBLISH_PATH,11,752,v0.2.0
'@wix/auto_sdk_events_rsvp-v-2,1.0.102,30,F,UNVERIFIED_PUBLISH_PATH,11,750,v0.2.0
noto-sans-tc,36.0.0,19,F,UNVERIFIED_PUBLISH_PATH|DORMANT|SINGLE_MAINTAINER,1,749,v0.2.0
oauthio-web,0.6.2,33,F,UNVERIFIED_PUBLISH_PATH|DORMANT,2,749,v0.2.0
'@fontsource/darker-grotesque,5.3.0,81,B,,2,748,v0.2.0
vue-tinybox,1.3.0,9,F,UNVERIFIED_PUBLISH_PATH|DORMANT|SINGLE_MAINTAINER|PUBLISHER_NOT_MAINTAINER,1,748,v0.2.0
kanbanniang,0.2.12,19,F,UNVERIFIED_PUBLISH_PATH|DORMANT|SINGLE_MAINTAINER,1,747,v0.2.0
'@iconify-json/jam,1.2.3,21,F,UNVERIFIED_PUBLISH_PATH|SINGLE_MAINTAINER,1,745,v0.2.0
'@magic-ext/auth,4.3.2,40,D,UNVERIFIED_PUBLISH_PATH|DORMANT|DEPRECATED,11,744,v0.2.0
respimage,1.4.2,19,F,UNVERIFIED_PUBLISH_PATH|DORMANT|SINGLE_MAINTAINER,1,744,v0.2.0
'@fontsource/belleza,5.3.0,81,B,,2,743,v0.2.0
'@inlang/plugin-i18next,6.2.3,82,B,,2,743,v0.2.0
'@ip-location-db/geolite2-city-mmdb,2.3.2026061719,68,C,SINGLE_MAINTAINER,1,742,v0.2.0
'@glassesusa/dsm,4.6.2,25,F,UNVERIFIED_PUBLISH_PATH|SINGLE_MAINTAINER,1,741,v0.2.0
vue-markup,0.0.56,19,F,UNVERIFIED_PUBLISH_PATH|DORMANT|SINGLE_MAINTAINER,1,741,v0.2.0
'@chordcommerce/analytics,1.23.0,35,D,UNVERIFIED_PUBLISH_PATH,2,740,v0.2.0
'@blotoutio/providers-visitor-edge-sdk,1.64.3,25,F,UNVERIFIED_PUBLISH_PATH|SINGLE_MAINTAINER,1,738,v0.2.0
formbuilder-languages,1.2.1,25,F,UNVERIFIED_PUBLISH_PATH|SINGLE_MAINTAINER,1,737,v0.2.0
number-to-arabic-words,1.5.3,15,F,UNVERIFIED_PUBLISH_PATH|DORMANT|SINGLE_MAINTAINER,1,737,v0.2.0
'@feedmepos/ui-library,1.10.12,34,F,UNVERIFIED_PUBLISH_PATH,3,735,v0.2.0
'@lanyundev/blog-static,1.4.17,16,F,UNVERIFIED_PUBLISH_PATH|SINGLE_MAINTAINER,1,735,v0.2.0
'@fontsource/yantramanav,5.3.0,81,B,,2,733,v0.2.0
'@fontsource-variable/museomoderno,5.3.0,81,B,,2,732,v0.2.0
'@kentico/kontent-smart-link,2.3.1,35,D,UNVERIFIED_PUBLISH_PATH|DORMANT|PUBLISHER_NOT_MAINTAINER|DEPRECATED,2,729,v0.2.0
'@fontsource-variable/merriweather-sans,5.3.0,81,B,,2,728,v0.2.0
'@fontsource/sawarabi-gothic,5.3.0,81,B,,2,727,v0.2.0
'@vouchfor/embeds,8.2.0,35,D,UNVERIFIED_PUBLISH_PATH,5,726,v0.2.0
'@goongmaps/goong-js,1.0.9,33,F,UNVERIFIED_PUBLISH_PATH|DORMANT,2,725,v0.2.0
simple-jscalendar,1.4.5,19,F,UNVERIFIED_PUBLISH_PATH|DORMANT|SINGLE_MAINTAINER,1,725,v0.2.0
kioskboard,2.3.0,25,F,UNVERIFIED_PUBLISH_PATH|DORMANT|SINGLE_MAINTAINER,1,721,v0.2.0
html2canvas-oklch,1.5.0-alpha.0,25,F,UNVERIFIED_PUBLISH_PATH|SINGLE_MAINTAINER,1,720,v0.2.0
'@fontsource/knewave,5.3.0,81,B,,2,719,v0.2.0
highcharts-annotations,1.3.3,19,F,UNVERIFIED_PUBLISH_PATH|DORMANT|SINGLE_MAINTAINER,1,717,v0.2.0
'@blotoutio/providers-reddit-sdk,1.64.3,25,F,UNVERIFIED_PUBLISH_PATH|SINGLE_MAINTAINER,1,715,v0.2.0
gmap3,7.2.0,19,F,UNVERIFIED_PUBLISH_PATH|DORMANT|SINGLE_MAINTAINER,1,715,v0.2.0
'@bullhorn/bullhorn-icons,3.2.0,39,D,UNVERIFIED_PUBLISH_PATH,10,714,v0.2.0
fuckadblock,3.2.1,19,F,UNVERIFIED_PUBLISH_PATH|DORMANT|SINGLE_MAINTAINER,1,713,v0.2.0
'@fontsource-variable/libre-bodoni,5.3.0,81,B,,2,710,v0.2.0
'@biopassid/face-sdk,1.3.46,39,D,UNVERIFIED_PUBLISH_PATH,6,709,v0.2.0
'@fontsource/patua-one,5.3.0,81,B,,2,707,v0.2.0
jquery.idle,1.3.0,19,F,UNVERIFIED_PUBLISH_PATH|DORMANT|SINGLE_MAINTAINER,1,707,v0.2.0
'@cookbookdev/docsbot,4.25.15,21,F,UNVERIFIED_PUBLISH_PATH|SINGLE_MAINTAINER,1,706,v0.2.0
'@google/model-viewer-effects,1.5.0,39,D,UNVERIFIED_PUBLISH_PATH,3,705,v0.2.0
zebra_datepicker,2.2.0,19,F,UNVERIFIED_PUBLISH_PATH|DORMANT|SINGLE_MAINTAINER,1,705,v0.2.0
'@wix/auto_sdk_automations_automations-v-2,1.0.140,30,F,UNVERIFIED_PUBLISH_PATH,11,704,v0.2.0
'@iconify-json/fluent-emoji-high-contrast,1.2.5,21,F,UNVERIFIED_PUBLISH_PATH|SINGLE_MAINTAINER,1,703,v0.2.0
'@fontsource/kaisei-decol,5.3.0,81,B,,2,702,v0.2.0
'@fontsource/bowlby-one,5.3.0,81,B,,2,701,v0.2.0
'@wix/auto_sdk_events_ticket-reservations,1.0.51,30,F,UNVERIFIED_PUBLISH_PATH,11,701,v0.2.0
'@blotoutio/providers-twitter-sdk,1.64.3,25,F,UNVERIFIED_PUBLISH_PATH|SINGLE_MAINTAINER,1,700,v0.2.0
'@fontsource/dseg7-classic,5.3.0,81,B,,2,700,v0.2.0
'@fontsource/vidaloka,5.3.0,81,B,,2,700,v0.2.0
flexmasonry,0.2.3,15,F,UNVERIFIED_PUBLISH_PATH|DORMANT|SINGLE_MAINTAINER,1,699,v0.2.0
zotlo-checkout,1.18.5,21,F,UNVERIFIED_PUBLISH_PATH|SINGLE_MAINTAINER,1,698,v0.2.0
'@fontsource-variable/signika,5.3.0,81,B,,2,697,v0.2.0
bootstrap-4-autocomplete,1.3.2,19,F,UNVERIFIED_PUBLISH_PATH|DORMANT|SINGLE_MAINTAINER,1,696,v0.2.0
'@bamirorg/core-assets-0fadfa228,1.13.0,16,F,UNVERIFIED_PUBLISH_PATH|SINGLE_MAINTAINER,1,695,v0.2.0
'@maveio/components,0.0.182,79,B,SINGLE_MAINTAINER,1,695,v0.2.0
jquery.flipster,1.1.6,33,F,UNVERIFIED_PUBLISH_PATH|DORMANT,2,695,v0.2.0
'@srgssr/pillarbox-web,1.36.3,77,B,INCONSISTENT_PUBLISH_PATH,5,693,v0.2.0
twemoji-colr-font,15.0.3,19,F,UNVERIFIED_PUBLISH_PATH|DORMANT|SINGLE_MAINTAINER|DEPRECATED,1,693,v0.2.0
'@plattar/plattar-ar-adapter,2.7.5,87,A,,2,692,v0.2.0
'@soywod/pin-field,0.2.2,19,F,UNVERIFIED_PUBLISH_PATH|DORMANT|SINGLE_MAINTAINER|DEPRECATED,1,689,v0.2.0
materialize-stepper,3.1.0,19,F,UNVERIFIED_PUBLISH_PATH|DORMANT|SINGLE_MAINTAINER,1,689,v0.2.0
'@chinese-fonts/lxgwwenkai,3.0.0,20,F,UNVERIFIED_PUBLISH_PATH|SINGLE_MAINTAINER,1,688,v0.2.0
editor.md,1.5.0,19,F,UNVERIFIED_PUBLISH_PATH|DORMANT|SINGLE_MAINTAINER,1,688,v0.2.0
'@fontsource-variable/grandstander,5.3.0,81,B,,2,687,v0.2.0
'@fontsource/radley,5.3.0,81,B,,2,687,v0.2.0
'@fontsource/sofia-sans,5.3.0,81,B,,2,687,v0.2.0
qweather-icons,1.8.0,25,F,UNVERIFIED_PUBLISH_PATH|SINGLE_MAINTAINER,1,686,v0.2.0
'@eightfold.ai/octuple,2.58.4,45,D,UNVERIFIED_PUBLISH_PATH,7,682,v0.2.0
comlinkjs,3.2.0,21,F,UNVERIFIED_PUBLISH_PATH|DORMANT|SINGLE_MAINTAINER|DEPRECATED,1,681,v0.2.0
live2d-widget,3.1.4,33,F,UNVERIFIED_PUBLISH_PATH|DORMANT,2,681,v0.2.0
butterfly-extsrc,1.1.6,25,F,UNVERIFIED_PUBLISH_PATH|SINGLE_MAINTAINER,1,680,v0.2.0
'@blotoutio/providers-tiktok-sdk,1.64.3,25,F,UNVERIFIED_PUBLISH_PATH|SINGLE_MAINTAINER,1,679,v0.2.0
sticker-heo,2022.7.5,19,F,UNVERIFIED_PUBLISH_PATH|DORMANT|SINGLE_MAINTAINER,1,679,v0.2.0
'@fontsource/fredericka-the-great,5.3.0,81,B,,2,678,v0.2.0
'@inkeep/agents-ui-js-cloud,0.17.7,34,F,UNVERIFIED_PUBLISH_PATH,7,678,v0.2.0
entreprise7pro-bootstrap,3.4.8,25,F,UNVERIFIED_PUBLISH_PATH|SINGLE_MAINTAINER,1,678,v0.2.0
form-data-json-convert,3.0.1,20,F,UNVERIFIED_PUBLISH_PATH|SINGLE_MAINTAINER,1,678,v0.2.0
kernelsu,3.0.2,31,F,UNVERIFIED_PUBLISH_PATH|SINGLE_MAINTAINER,1,678,v0.2.0
pg-calendar,1.4.31,19,F,UNVERIFIED_PUBLISH_PATH|DORMANT|SINGLE_MAINTAINER,1,678,v0.2.0
tobii,2.0.0-alpha,33,F,UNVERIFIED_PUBLISH_PATH|DORMANT,2,677,v0.2.0
'@fontsource/cantarell,5.3.0,81,B,,2,676,v0.2.0
jquery.mousewheel,3.1.9,14,F,UNVERIFIED_PUBLISH_PATH|DORMANT|SINGLE_MAINTAINER,1,675,v0.2.0
'@jspreadsheet/bar,7.0.2,25,F,UNVERIFIED_PUBLISH_PATH|SINGLE_MAINTAINER,1,674,v0.2.0
jquery.event.swipe,0.5.4,15,F,UNVERIFIED_PUBLISH_PATH|DORMANT|SINGLE_MAINTAINER,1,674,v0.2.0
vanilla-ripplejs,1.0.6,19,F,UNVERIFIED_PUBLISH_PATH|DORMANT|SINGLE_MAINTAINER,1,674,v0.2.0
'@digital-realty/theme,3.1.4,35,D,UNVERIFIED_PUBLISH_PATH,4,673,v0.2.0
'@feedmepos/mf-table,0.0.40,30,F,UNVERIFIED_PUBLISH_PATH,3,673,v0.2.0
'@fontsource/uncut-sans,5.3.0,81,B,,2,673,v0.2.0
mouse-follower,1.1.2,19,F,UNVERIFIED_PUBLISH_PATH|DORMANT|SINGLE_MAINTAINER,1,673,v0.2.0
'@fontsource/khula,5.3.0,81,B,,2,671,v0.2.0
'@mediapipe/control_utils,0.6.1675466023,24,F,UNVERIFIED_PUBLISH_PATH|DORMANT,8,671,v0.2.0
jquery-formatdatetime,1.1.6,19,F,UNVERIFIED_PUBLISH_PATH|DORMANT|SINGLE_MAINTAINER,1,671,v0.2.0
'@sezzle/sezzle-static-widget,3.2.6,35,D,UNVERIFIED_PUBLISH_PATH,5,670,v0.2.0
'@fontsource-variable/mada,5.3.0,81,B,,2,668,v0.2.0
vanilla-back-to-top,7.2.1,19,F,UNVERIFIED_PUBLISH_PATH|DORMANT|SINGLE_MAINTAINER,1,668,v0.2.0
'@ideal-postcodes/address-finder-bundled,5.0.9,40,D,UNVERIFIED_PUBLISH_PATH,2,667,v0.2.0
leaflet-ajax,2.1.0,19,F,UNVERIFIED_PUBLISH_PATH|DORMANT|SINGLE_MAINTAINER,1,667,v0.2.0
'@exceptionless/browser,3.2.1,87,A,,2,664,v0.2.0
'@fontsource-variable/teko,5.3.0,81,B,,2,664,v0.2.0
'@master/css-runtime,2.0.0-rc.67,81,B,,2,664,v0.2.0
'@fontsource-variable/noto-serif-devanagari,5.3.0,81,B,,2,663,v0.2.0
'@tesseract.js-data/heb,1.0.0,19,F,UNVERIFIED_PUBLISH_PATH|DORMANT|SINGLE_MAINTAINER,1,663,v0.2.0
shikwasa,2.2.1,19,F,UNVERIFIED_PUBLISH_PATH|DORMANT|SINGLE_MAINTAINER,1,662,v0.2.0
'@iconify-json/wi,1.2.1,15,F,UNVERIFIED_PUBLISH_PATH|DORMANT|SINGLE_MAINTAINER,1,661,v0.2.0
'@dynamic-framework/ui-react,2.7.0,70,B,INCONSISTENT_PUBLISH_PATH|SINGLE_MAINTAINER,1,660,v0.2.0
'@fontsource/inria-serif,5.3.0,81,B,,2,660,v0.2.0
'@fontsource/volkhov,5.3.0,81,B,,2,660,v0.2.0
cropme,1.4.3,33,F,UNVERIFIED_PUBLISH_PATH|DORMANT,2,660,v0.2.0
'@fontsource/petrona,5.3.0,81,B,,2,659,v0.2.0
seamless,1.4.1,15,F,UNVERIFIED_PUBLISH_PATH|DORMANT|SINGLE_MAINTAINER,1,658,v0.2.0
spinjs,0.4.193,19,F,UNVERIFIED_PUBLISH_PATH|DORMANT|SINGLE_MAINTAINER,1,658,v0.2.0
alpinejs-i18n,2.5.3,20,F,UNVERIFIED_PUBLISH_PATH|SINGLE_MAINTAINER,1,657,v0.2.0
reseter.css,2.0.0,14,F,UNVERIFIED_PUBLISH_PATH|DORMANT|SINGLE_MAINTAINER|PUBLISHER_NOT_MAINTAINER,1,657,v0.2.0
'@bridgeline-digital/hawksearch-handlebars-ui,7.0.2,35,D,UNVERIFIED_PUBLISH_PATH,6,656,v0.2.0
particlesjs,2.2.3,19,F,UNVERIFIED_PUBLISH_PATH|DORMANT|SINGLE_MAINTAINER,1,656,v0.2.0
'@blendvision/player,2.27.1,16,F,UNVERIFIED_PUBLISH_PATH|SINGLE_MAINTAINER,1,655,v0.2.0
elastic-apm-js-base,3.0.0,19,F,UNVERIFIED_PUBLISH_PATH|DORMANT|SINGLE_MAINTAINER|DEPRECATED,1,654,v0.2.0
brython,3.14.3,25,F,UNVERIFIED_PUBLISH_PATH|SINGLE_MAINTAINER,1,653,v0.2.0
'@cumul.io/cumulio-dashboard,4.0.1,5,F,UNVERIFIED_PUBLISH_PATH|DORMANT|SINGLE_MAINTAINER|PUBLISHER_NOT_MAINTAINER|DEPRECATED,1,652,v0.2.0
'@fontsource/unna,5.3.0,81,B,,2,652,v0.2.0
'@exampledev/new.css,1.1.3,19,F,UNVERIFIED_PUBLISH_PATH|DORMANT|SINGLE_MAINTAINER,1,650,v0.2.0
hexo-butterfly-tag-plugins-plus,1.0.18,19,F,UNVERIFIED_PUBLISH_PATH|DORMANT|SINGLE_MAINTAINER,1,650,v0.2.0
'@fontsource-variable/aleo,5.3.0,81,B,,2,646,v0.2.0
'@peculiar/fortify-webcomponents,4.2.0,39,D,UNVERIFIED_PUBLISH_PATH,7,645,v0.2.0
daemonite-material,4.1.1,19,F,UNVERIFIED_PUBLISH_PATH|DORMANT|SINGLE_MAINTAINER,1,645,v0.2.0
flot-spline,0.0.1,14,F,UNVERIFIED_PUBLISH_PATH|DORMANT|SINGLE_MAINTAINER,1,644,v0.2.0
'@tesseract.js-data/tha,1.0.0,19,F,UNVERIFIED_PUBLISH_PATH|DORMANT|SINGLE_MAINTAINER,1,642,v0.2.0
viewability,1.3.4,19,F,UNVERIFIED_PUBLISH_PATH|DORMANT|SINGLE_MAINTAINER,1,641,v0.2.0
'@algolia/recommend-js,1.16.0,28,F,UNVERIFIED_PUBLISH_PATH|DORMANT,16,640,v0.2.0
'@master/normal.css,3.3.1,81,B,,2,640,v0.2.0
buttplug-wasm,3.0.0,25,F,UNVERIFIED_PUBLISH_PATH|SINGLE_MAINTAINER,1,639,v0.2.0
'@fontsource/huninn,5.3.0,81,B,,2,638,v0.2.0
'@fontsource-variable/playpen-sans,5.3.0,81,B,,2,637,v0.2.0
'@fontsource-variable/rokkitt,5.3.0,81,B,,2,632,v0.2.0
'@fontsource-variable/josefin-slab,5.3.0,81,B,,2,631,v0.2.0
jquery.fancybox,2.1.5,14,F,UNVERIFIED_PUBLISH_PATH|DORMANT|SINGLE_MAINTAINER,1,630,v0.2.0
'@fontsource-variable/catamaran,5.3.0,81,B,,2,629,v0.2.0
'@fontsource/electrolize,5.3.0,81,B,,2,627,v0.2.0
'@blotoutio/providers-omnisend-sdk,1.64.3,25,F,UNVERIFIED_PUBLISH_PATH|SINGLE_MAINTAINER,1,625,v0.2.0
kifu-for-js,5.5.0,25,F,UNVERIFIED_PUBLISH_PATH|SINGLE_MAINTAINER,1,625,v0.2.0
workbook,1.1.3,19,F,UNVERIFIED_PUBLISH_PATH|DORMANT|SINGLE_MAINTAINER,1,624,v0.2.0
jquery.dfp,2.4.2,19,F,UNVERIFIED_PUBLISH_PATH|DORMANT|SINGLE_MAINTAINER,1,623,v0.2.0
'@nysds/components,1.19.4,39,D,UNVERIFIED_PUBLISH_PATH,3,622,v0.2.0
lt-themify-icons,1.1.0,14,F,UNVERIFIED_PUBLISH_PATH|DORMANT|SINGLE_MAINTAINER|PUBLISHER_NOT_MAINTAINER,1,622,v0.2.0
onnxjs,0.1.8,19,F,UNVERIFIED_PUBLISH_PATH|DORMANT|SINGLE_MAINTAINER,1,620,v0.2.0
'@fontsource/sn-pro,5.3.0,81,B,,2,619,v0.2.0
slidebars,2.0.2,15,F,UNVERIFIED_PUBLISH_PATH|DORMANT|SINGLE_MAINTAINER,1,619,v0.2.0
bootoast,1.1.4,14,F,UNVERIFIED_PUBLISH_PATH|DORMANT|SINGLE_MAINTAINER,1,618,v0.2.0
'@fontsource/reggae-one,5.3.0,81,B,,2,617,v0.2.0
'@commversion/libs,0.18.15,21,F,UNVERIFIED_PUBLISH_PATH|SINGLE_MAINTAINER,1,615,v0.2.0
'@mapsindoors/map-template,1.99.12,35,D,UNVERIFIED_PUBLISH_PATH,5,615,v0.2.0
'@tannerhodges/match-height,1.1.3,19,F,UNVERIFIED_PUBLISH_PATH|DORMANT|SINGLE_MAINTAINER,1,615,v0.2.0
eq.js,1.9.0,19,F,UNVERIFIED_PUBLISH_PATH|DORMANT|SINGLE_MAINTAINER,1,613,v0.2.0
jquery-throttle-debounce,1.0.0,19,F,UNVERIFIED_PUBLISH_PATH|DORMANT|SINGLE_MAINTAINER,1,612,v0.2.0
'@fontsource-variable/markazi-text,5.3.0,81,B,,2,611,v0.2.0
'@fontsource/neuton,5.3.0,81,B,,2,611,v0.2.0
cirrus-ui,0.8.0,25,F,UNVERIFIED_PUBLISH_PATH|SINGLE_MAINTAINER,1,611,v0.2.0
jquery-powertip,1.3.2,19,F,UNVERIFIED_PUBLISH_PATH|DORMANT|SINGLE_MAINTAINER,1,611,v0.2.0
jquery-query-object,2.2.3,19,F,UNVERIFIED_PUBLISH_PATH|DORMANT|SINGLE_MAINTAINER,1,611,v0.2.0
dynamsoft-image-processing,2.4.31,10,F,UNVERIFIED_PUBLISH_PATH|DORMANT|SINGLE_MAINTAINER|DEPRECATED,1,608,v0.2.0
visitdata,1.3.2,19,F,UNVERIFIED_PUBLISH_PATH|DORMANT|SINGLE_MAINTAINER,1,607,v0.2.0
'@fontsource/ovo,5.3.0,81,B,,2,606,v0.2.0
'@fontsource-variable/georama,5.3.0,81,B,,2,605,v0.2.0
'@mangopay/vault-sdk,1.5.1,35,D,UNVERIFIED_PUBLISH_PATH,3,605,v0.2.0
'@fontsource-variable/anek-bangla,5.3.0,81,B,,2,604,v0.2.0
dynamsoft-document-scanner,1.5.0,68,C,SINGLE_MAINTAINER,1,603,v0.2.0
typeface-quicksand,1.1.13,14,F,UNVERIFIED_PUBLISH_PATH|DORMANT|SINGLE_MAINTAINER,1,602,v0.2.0
'@wix/auto_sdk_automations_activation-log,1.0.54,30,F,UNVERIFIED_PUBLISH_PATH,11,600,v0.2.0
'@3t-transform/threeteeui,1.11.0,35,D,UNVERIFIED_PUBLISH_PATH,7,599,v0.2.0
dynamsoft-capture-vision-std,1.4.21,10,F,UNVERIFIED_PUBLISH_PATH|DORMANT|SINGLE_MAINTAINER|DEPRECATED,1,599,v0.2.0
scrollpos-styler,0.7.1,19,F,UNVERIFIED_PUBLISH_PATH|DORMANT|SINGLE_MAINTAINER,1,599,v0.2.0
'@blotoutio/providers-criteo-sdk,1.64.3,25,F,UNVERIFIED_PUBLISH_PATH|SINGLE_MAINTAINER,1,597,v0.2.0
'@fontsource/cactus-classical-serif,5.3.0,81,B,,2,597,v0.2.0
guidechimp,5.0.5,79,B,SINGLE_MAINTAINER,1,597,v0.2.0
'@fontsource/cherry-bomb-one,5.3.0,81,B,,2,595,v0.2.0
evil-icons,1.10.1,19,F,UNVERIFIED_PUBLISH_PATH|DORMANT|SINGLE_MAINTAINER,1,594,v0.2.0
'@fontsource/playfair-display-sc,5.3.0,81,B,,2,592,v0.2.0
'@snowplow/browser-plugin-focalmeter,4.9.0,39,D,UNVERIFIED_PUBLISH_PATH,3,592,v0.2.0
noto-sans-kr-font,0.0.6,19,F,UNVERIFIED_PUBLISH_PATH|DORMANT|SINGLE_MAINTAINER,1,592,v0.2.0
'@fontsource-variable/rasa,5.3.0,81,B,,2,589,v0.2.0
pagedone,3.0.0,25,F,UNVERIFIED_PUBLISH_PATH|SINGLE_MAINTAINER,1,589,v0.2.0
leanplum-sdk,1.14.0,25,F,UNVERIFIED_PUBLISH_PATH|SINGLE_MAINTAINER,1,588,v0.2.0
umd-react,19.2.8,73,B,SINGLE_MAINTAINER,1,588,v0.2.0
'@diffusionstudio/piper-wasm,1.0.0,19,F,UNVERIFIED_PUBLISH_PATH|DORMANT|SINGLE_MAINTAINER,1,587,v0.2.0
'@fontsource/noticia-text,5.3.0,81,B,,2,587,v0.2.0
kityminder-core,1.4.50,19,F,UNVERIFIED_PUBLISH_PATH|DORMANT|SINGLE_MAINTAINER,1,585,v0.2.0
trunk8,0.0.1,33,F,UNVERIFIED_PUBLISH_PATH|DORMANT,2,585,v0.2.0
kity,2.0.4,19,F,UNVERIFIED_PUBLISH_PATH|DORMANT|SINGLE_MAINTAINER,1,584,v0.2.0
x3.photo.gallery,3.34.2,14,F,UNVERIFIED_PUBLISH_PATH|DORMANT|SINGLE_MAINTAINER,1,584,v0.2.0
'@banksapitechnology/embeddable-finance-web-components,1.10.0,21,F,UNVERIFIED_PUBLISH_PATH|SINGLE_MAINTAINER,1,583,v0.2.0
float-labels.js,3.3.9,19,F,UNVERIFIED_PUBLISH_PATH|DORMANT|SINGLE_MAINTAINER,1,583,v0.2.0
magnify,2.3.3,19,F,UNVERIFIED_PUBLISH_PATH|DORMANT|SINGLE_MAINTAINER,1,583,v0.2.0
'@fontsource/pathway-gothic-one,5.3.0,81,B,,2,582,v0.2.0
'@nanoporetech-digital/components,8.23.10,35,D,UNVERIFIED_PUBLISH_PATH,4,582,v0.2.0
'@snippyly/plugin,1.0.250,35,D,UNVERIFIED_PUBLISH_PATH,2,582,v0.2.0
country-select-js,2.1.0,19,F,UNVERIFIED_PUBLISH_PATH|DORMANT|SINGLE_MAINTAINER,1,581,v0.2.0
dynamic-marquee,2.6.5,19,F,UNVERIFIED_PUBLISH_PATH|DORMANT|SINGLE_MAINTAINER,1,580,v0.2.0
yandex-metrica-watch,1.449.0,16,F,UNVERIFIED_PUBLISH_PATH|SINGLE_MAINTAINER,1,580,v0.2.0
'@esm-bundle/rxjs,7.8.1,33,F,UNVERIFIED_PUBLISH_PATH|DORMANT,6,579,v0.2.0
'@fontsource-variable/pathway-extreme,5.3.0,81,B,,2,579,v0.2.0
'@fontsource-variable/signika-negative,5.3.0,81,B,,2,579,v0.2.0
'@micropython/micropython-webassembly-pyscript,1.28.0-6,20,F,UNVERIFIED_PUBLISH_PATH|SINGLE_MAINTAINER,1,579,v0.2.0
'@fontsource/taviraj,5.3.0,81,B,,2,577,v0.2.0
'@whitesev/pops,4.2.9,16,F,UNVERIFIED_PUBLISH_PATH|SINGLE_MAINTAINER,1,577,v0.2.0
'@fontsource/pattaya,5.3.0,81,B,,2,576,v0.2.0
kore-web-sdk,11.26.1,39,D,UNVERIFIED_PUBLISH_PATH,2,576,v0.2.0
lightense-images,1.0.17,19,F,UNVERIFIED_PUBLISH_PATH|DORMANT|SINGLE_MAINTAINER,1,576,v0.2.0
'@fontsource/hahmlet,5.3.0,81,B,,2,575,v0.2.0
wmf-sitematrix,0.2.0,33,F,UNVERIFIED_PUBLISH_PATH|DORMANT,2,575,v0.2.0
'@truex/ad-renderer,1.12.7,21,F,UNVERIFIED_PUBLISH_PATH|SINGLE_MAINTAINER,1,574,v0.2.0
accordionjs,2.1.2,19,F,UNVERIFIED_PUBLISH_PATH|DORMANT|SINGLE_MAINTAINER,1,573,v0.2.0
'@fontsource/sriracha,5.3.0,81,B,,2,572,v0.2.0
jquery-scrollify,1.0.21,19,F,UNVERIFIED_PUBLISH_PATH|DORMANT|SINGLE_MAINTAINER,1,569,v0.2.0
red5pro-webrtc-sdk,15.5.0,63,C,INCONSISTENT_PUBLISH_PATH|SINGLE_MAINTAINER,1,569,v0.2.0
'@churchsuite/embed,5.2.9,25,F,UNVERIFIED_PUBLISH_PATH|SINGLE_MAINTAINER,1,568,v0.2.0
'@flussonic/flussonic-webrtc-player,24.7.1-10-g016867a,16,F,UNVERIFIED_PUBLISH_PATH|SINGLE_MAINTAINER,1,568,v0.2.0
'@fontsource/hind-madurai,5.3.0,81,B,,2,568,v0.2.0
blip-tokens,1.103.0,25,F,UNVERIFIED_PUBLISH_PATH|SINGLE_MAINTAINER|BRANCH_REQUIRES_PR,1,568,v0.2.0
'@aarhus-university/au-lib-react-components,12.6.3,35,D,UNVERIFIED_PUBLISH_PATH,8,566,v0.2.0
'@brainfish-ai/search-widget,0.21.4,30,F,UNVERIFIED_PUBLISH_PATH,4,566,v0.2.0
'@fontsource/trirong,5.3.0,81,B,,2,566,v0.2.0
'@midzer/tobii,3.2.0,25,F,UNVERIFIED_PUBLISH_PATH|SINGLE_MAINTAINER,1,566,v0.2.0
jquery-wheelcolorpicker,3.0.9,19,F,UNVERIFIED_PUBLISH_PATH|DORMANT|SINGLE_MAINTAINER,1,565,v0.2.0
'@usesuperflow/toolbar,1.0.182,35,D,UNVERIFIED_PUBLISH_PATH,7,564,v0.2.0
'@naturacosmeticos/natds-web,4.7.4,46,D,UNVERIFIED_PUBLISH_PATH,10,562,v0.2.0
mailgo,0.12.2,25,F,UNVERIFIED_PUBLISH_PATH|DORMANT|SINGLE_MAINTAINER|DEPRECATED,1,562,v0.2.0
'@fontsource-variable/changa,5.3.0,81,B,,2,561,v0.2.0
jquery.kinetic,2.2.4,15,F,UNVERIFIED_PUBLISH_PATH|DORMANT|SINGLE_MAINTAINER,1,561,v0.2.0
'@fontsource/martel,5.3.0,81,B,,2,560,v0.2.0
'@fontsource/the-nautigal,5.3.0,81,B,,2,560,v0.2.0
'@wix/auto_sdk_events_guests,1.0.60,30,F,UNVERIFIED_PUBLISH_PATH,11,560,v0.2.0
d3-celestial,0.7.35,19,F,UNVERIFIED_PUBLISH_PATH|DORMANT|SINGLE_MAINTAINER,1,560,v0.2.0
fontisto,3.0.4,14,F,UNVERIFIED_PUBLISH_PATH|DORMANT|SINGLE_MAINTAINER,1,560,v0.2.0
map-gl-style-switcher,0.10.1,63,C,INCONSISTENT_PUBLISH_PATH|SINGLE_MAINTAINER,1,560,v0.2.0
zebra_dialog,3.1.0,19,F,UNVERIFIED_PUBLISH_PATH|DORMANT|SINGLE_MAINTAINER,1,560,v0.2.0
'@fontsource/song-myung,5.3.0,81,B,,2,559,v0.2.0
priority-plus,1.5.1,19,F,UNVERIFIED_PUBLISH_PATH|DORMANT|SINGLE_MAINTAINER,1,559,v0.2.0
comfy.js,1.1.29,25,F,UNVERIFIED_PUBLISH_PATH|SINGLE_MAINTAINER,1,558,v0.2.0
webc-miam,9.3.22,30,F,UNVERIFIED_PUBLISH_PATH,3,558,v0.2.0
'@recogito/annotorious-selector-pack,0.6.1,33,F,UNVERIFIED_PUBLISH_PATH|DORMANT,3,557,v0.2.0
'@blotoutio/providers-smblead-sdk,1.64.3,25,F,UNVERIFIED_PUBLISH_PATH|SINGLE_MAINTAINER,1,556,v0.2.0
'@fontsource/prosto-one,5.3.0,81,B,,2,555,v0.2.0
'@fontsource-variable/biorhyme,5.3.0,81,B,,2,553,v0.2.0
'@fontsource/cuprum,5.3.0,81,B,,2,552,v0.2.0
goodshare.js,6.3.0,19,F,UNVERIFIED_PUBLISH_PATH|DORMANT|SINGLE_MAINTAINER,1,552,v0.2.0
'@globalfishingwatch/i18n-labels,1.3.19,72,B,INCONSISTENT_PUBLISH_PATH,5,551,v0.2.0
'@shopify/buy-button-js,3.0.6,78,B,,6,551,v0.2.0
docs-searchbar.js,2.5.0,33,F,UNVERIFIED_PUBLISH_PATH|DORMANT,4,551,v0.2.0
'@fontsource/fahkwang,5.3.0,81,B,,2,550,v0.2.0
'@blotoutio/providers-spotify-sdk,1.64.3,25,F,UNVERIFIED_PUBLISH_PATH|SINGLE_MAINTAINER,1,549,v0.2.0
jcarousel,0.3.9,19,F,UNVERIFIED_PUBLISH_PATH|DORMANT|SINGLE_MAINTAINER,1,549,v0.2.0
scrollwatch,2.0.1,19,F,UNVERIFIED_PUBLISH_PATH|DORMANT|SINGLE_MAINTAINER,1,549,v0.2.0
'@8thwall/xrextras,1.0.0,39,D,UNVERIFIED_PUBLISH_PATH,2,547,v0.2.0
'@fontsource-variable/gantari,5.3.0,81,B,,2,546,v0.2.0
'@fontsource-variable/yanone-kaffeesatz,5.3.0,81,B,,2,546,v0.2.0
'@fontsource-variable/afacad-flux,5.3.0,81,B,,2,542,v0.2.0
'@fontsource/delius,5.3.0,81,B,,2,540,v0.2.0
datatables.net-colresize-unofficial,2.0.0,25,F,UNVERIFIED_PUBLISH_PATH|SINGLE_MAINTAINER,1,540,v0.2.0
vue-cool-select,3.5.2,19,F,UNVERIFIED_PUBLISH_PATH|DORMANT|SINGLE_MAINTAINER,1,540,v0.2.0
'@fontsource/boogaloo,5.3.0,81,B,,2,539,v0.2.0
'@inlang/plugin-json,5.1.57,82,B,,2,539,v0.2.0
bootstrap-grid,3.0.1,19,F,UNVERIFIED_PUBLISH_PATH|DORMANT|SINGLE_MAINTAINER,1,539,v0.2.0
css-tooltip,0.3.4,19,F,UNVERIFIED_PUBLISH_PATH|DORMANT|SINGLE_MAINTAINER,1,539,v0.2.0
jquery-uniform,2.2.2,19,F,UNVERIFIED_PUBLISH_PATH|DORMANT|SINGLE_MAINTAINER,1,538,v0.2.0
'@fontsource/annie-use-your-telescope,5.3.0,81,B,,2,537,v0.2.0
mealz-components,3.1.0,30,F,UNVERIFIED_PUBLISH_PATH|PUBLISHER_NOT_MAINTAINER,3,537,v0.2.0
meting,2.0.2,25,F,UNVERIFIED_PUBLISH_PATH|SINGLE_MAINTAINER,1,537,v0.2.0
'@fontsource-variable/merienda,5.3.0,81,B,,2,536,v0.2.0
'@fontsource/rocknroll-one,5.3.0,81,B,,2,536,v0.2.0
'@wix/auto_sdk_events_events-settings,1.0.47,30,F,UNVERIFIED_PUBLISH_PATH,11,536,v0.2.0
'@fontsource/just-another-hand,5.3.0,81,B,,2,535,v0.2.0
'@ibm/plex-sans-tc,1.1.1,33,F,UNVERIFIED_PUBLISH_PATH|DORMANT,23,535,v0.2.0
'@jitbit/htmlsanitizer,2.0.4,25,F,UNVERIFIED_PUBLISH_PATH|SINGLE_MAINTAINER,1,535,v0.2.0
apple-mapkit-js,6.1.0,19,F,UNVERIFIED_PUBLISH_PATH|DORMANT|SINGLE_MAINTAINER,1,535,v0.2.0
docsify-sidebar-collapse,1.3.5,19,F,UNVERIFIED_PUBLISH_PATH|DORMANT|SINGLE_MAINTAINER,1,534,v0.2.0
videojs-max-quality-selector,1.0.0,15,F,UNVERIFIED_PUBLISH_PATH|DORMANT|SINGLE_MAINTAINER,1,534,v0.2.0
'@fontsource/cabin-condensed,5.3.0,81,B,,2,533,v0.2.0
docsify-katex,2.0.2,19,F,UNVERIFIED_PUBLISH_PATH|DORMANT|SINGLE_MAINTAINER,1,533,v0.2.0
'@fontsource/charm,5.3.0,81,B,,2,532,v0.2.0
'@fontsource/news-cycle,5.3.0,81,B,,2,531,v0.2.0
'@sneas/telephone,1.1.2,25,F,UNVERIFIED_PUBLISH_PATH|SINGLE_MAINTAINER,1,531,v0.2.0
rangeslider-js,3.2.5,19,F,UNVERIFIED_PUBLISH_PATH|DORMANT|SINGLE_MAINTAINER,1,531,v0.2.0
xchange-rates,2026.5.19,25,F,UNVERIFIED_PUBLISH_PATH|SINGLE_MAINTAINER,1,531,v0.2.0
'@fontsource-variable/marhey,5.3.0,81,B,,2,530,v0.2.0
'@fontsource/battambang,5.3.0,81,B,,2,530,v0.2.0
'@fontsource/julius-sans-one,5.3.0,81,B,,2,530,v0.2.0
'@fontsource/solway,5.3.0,81,B,,2,530,v0.2.0
bondage-club-mod-sdk,1.2.0,14,F,UNVERIFIED_PUBLISH_PATH|DORMANT|SINGLE_MAINTAINER,1,530,v0.2.0
bulma-tagsinput,2.0.0,9,F,UNVERIFIED_PUBLISH_PATH|DORMANT|SINGLE_MAINTAINER|PUBLISHER_NOT_MAINTAINER,1,529,v0.2.0
mescroll.js,1.4.2,14,F,UNVERIFIED_PUBLISH_PATH|DORMANT|SINGLE_MAINTAINER,1,529,v0.2.0
'@fontsource-variable/anek-devanagari,5.3.0,81,B,,2,528,v0.2.0
'@fontsource-variable/ruda,5.3.0,81,B,,2,526,v0.2.0
dynamsoft-capture-vision-data,1.2.1,16,F,UNVERIFIED_PUBLISH_PATH|SINGLE_MAINTAINER,1,526,v0.2.0
mixpanel-lite,1.6.0,19,F,UNVERIFIED_PUBLISH_PATH|DORMANT|SINGLE_MAINTAINER,1,525,v0.2.0
sf-font,1.0.0,10,F,UNVERIFIED_PUBLISH_PATH|DORMANT|SINGLE_MAINTAINER,1,525,v0.2.0
'@fortawesome/fa-icon-chooser,0.11.0,87,A,,8,524,v0.2.0
layui-src,2.6.8,19,F,UNVERIFIED_PUBLISH_PATH|DORMANT|SINGLE_MAINTAINER|DEPRECATED,1,524,v0.2.0
'@feedmepos/mf-hrm-portal,2.0.25,30,F,UNVERIFIED_PUBLISH_PATH,3,523,v0.2.0
'@fontsource-variable/montagu-slab,5.3.0,81,B,,2,523,v0.2.0
jquery-dateformat,1.0.4,15,F,UNVERIFIED_PUBLISH_PATH|DORMANT|SINGLE_MAINTAINER,1,523,v0.2.0
prebid-universal-creative,1.17.2,25,F,UNVERIFIED_PUBLISH_PATH|SINGLE_MAINTAINER,1,522,v0.2.0
pure-web-bottom-sheet,1.0.0,73,B,SINGLE_MAINTAINER,1,522,v0.2.0
round-flag-icons,1.3.0,19,F,UNVERIFIED_PUBLISH_PATH|DORMANT|SINGLE_MAINTAINER,1,522,v0.2.0
'@pardnchiu/quickui,0.6.18,25,F,UNVERIFIED_PUBLISH_PATH|SINGLE_MAINTAINER,1,521,v0.2.0
'@fontsource/cambo,5.3.0,81,B,,2,520,v0.2.0
'@fontsource-variable/anek-malayalam,5.3.0,81,B,,2,519,v0.2.0
'@oiz/stzh-components,4.14.0,35,D,UNVERIFIED_PUBLISH_PATH,3,518,v0.2.0
'@fontsource-variable/lexend-exa,5.3.0,81,B,,2,516,v0.2.0
'@hawk.so/browser,3.4.0,25,F,UNVERIFIED_PUBLISH_PATH|SINGLE_MAINTAINER,1,515,v0.2.0
'@fontsource/encode-sans-expanded,5.3.0,81,B,,2,513,v0.2.0
'@fontsource/fusion-pixel-12px-proportional-sc,5.3.0,81,B,,2,513,v0.2.0
hotel-datepicker,4.13.0,25,F,UNVERIFIED_PUBLISH_PATH|SINGLE_MAINTAINER,1,513,v0.2.0
'@digital-realty/ix-button,3.5.6,35,D,UNVERIFIED_PUBLISH_PATH,4,512,v0.2.0
'@easydarwin/easyplayer,5.1.6,21,F,UNVERIFIED_PUBLISH_PATH|SINGLE_MAINTAINER,1,512,v0.2.0
'@fontsource-variable/noto-serif-bengali,5.3.0,81,B,,2,512,v0.2.0
truelayer-web-sdk,0.12.0,25,F,UNVERIFIED_PUBLISH_PATH|PUBLISHER_NOT_MAINTAINER,2,512,v0.2.0
canvas2image,1.0.5,19,F,UNVERIFIED_PUBLISH_PATH|DORMANT|SINGLE_MAINTAINER,1,511,v0.2.0
'@fontsource-variable/advent-pro,5.3.0,81,B,,2,510,v0.2.0
'@fontsource-variable/yrsa,5.3.0,81,B,,2,510,v0.2.0
'@fontsource/kaisei-opti,5.3.0,81,B,,2,510,v0.2.0
'@fontsource/kufam,5.3.0,81,B,,2,510,v0.2.0
'@wix/auto_sdk_events_notifications,1.0.78,30,F,UNVERIFIED_PUBLISH_PATH,11,510,v0.2.0
'@chainlink/cl-search-frontend,0.13.2,35,D,UNVERIFIED_PUBLISH_PATH,8,509,v0.2.0
'@fontsource-variable/kufam,5.3.0,81,B,,2,509,v0.2.0
'@wix/auto_sdk_events_orders,1.0.68,30,F,UNVERIFIED_PUBLISH_PATH,11,509,v0.2.0
ripplet.js,1.1.0,19,F,UNVERIFIED_PUBLISH_PATH|DORMANT|SINGLE_MAINTAINER,1,509,v0.2.0
'@fontsource/mirza,5.3.0,81,B,,2,508,v0.2.0
sas-ui,0.8.277,21,F,UNVERIFIED_PUBLISH_PATH|SINGLE_MAINTAINER,1,508,v0.2.0
'@clappr/player,0.11.16,39,D,UNVERIFIED_PUBLISH_PATH,9,507,v0.2.0
'@fontsource/josefin-slab,5.3.0,81,B,,2,507,v0.2.0
'@fontsource/mada,5.3.0,81,B,,2,507,v0.2.0
'@nswdoe/app-icons,3.0.23,35,D,UNVERIFIED_PUBLISH_PATH,2,507,v0.2.0
'@wix/auto_sdk_events_schedule,1.0.45,30,F,UNVERIFIED_PUBLISH_PATH,11,507,v0.2.0
live2d-widget-model-shizuku,1.0.5,28,F,UNVERIFIED_PUBLISH_PATH|DORMANT,2,507,v0.2.0
'@hellouxpavel/cssanimation,6.11.7,31,F,UNVERIFIED_PUBLISH_PATH|SINGLE_MAINTAINER,1,506,v0.2.0
'@fontsource/quattrocento-sans,5.3.0,81,B,,2,505,v0.2.0
x_ite,15.1.12,31,F,UNVERIFIED_PUBLISH_PATH|SINGLE_MAINTAINER,1,505,v0.2.0
'@fontsource/gentium-plus,5.3.0,81,B,,2,504,v0.2.0
charter-webfont,4.1.0,33,F,UNVERIFIED_PUBLISH_PATH|DORMANT,2,504,v0.2.0
jquery-simple-upload,1.1.0,19,F,UNVERIFIED_PUBLISH_PATH|DORMANT|SINGLE_MAINTAINER,1,503,v0.2.0
'@fontsource-variable/lemonada,5.3.0,81,B,,2,502,v0.2.0
'@adrop/ads-web-sdk,1.2.5,35,D,UNVERIFIED_PUBLISH_PATH,4,501,v0.2.0
'@fontsource-variable/big-shoulders-text,5.3.0,81,B,,2,501,v0.2.0
'@mcp-b/webmcp-local-relay,4.0.0,71,B,INCONSISTENT_PUBLISH_PATH|SINGLE_MAINTAINER,1,501,v0.2.0
'@qualtrics/ui-react,2.83.1,35,D,UNVERIFIED_PUBLISH_PATH,17,501,v0.2.0
angular-ui-router-title,0.1.1,19,F,UNVERIFIED_PUBLISH_PATH|DORMANT|SINGLE_MAINTAINER,1,501,v0.2.0
'@clappr/core,0.13.2,39,D,UNVERIFIED_PUBLISH_PATH,9,500,v0.2.0
leaflet-snap,0.0.4,19,F,UNVERIFIED_PUBLISH_PATH|DORMANT|SINGLE_MAINTAINER,1,500,v0.2.0
'@jenkinsci/jenkins-io-components,1.41.2,35,D,UNVERIFIED_PUBLISH_PATH,2,499,v0.2.0
eligrey-classlist.js,1.2.20180112,14,F,UNVERIFIED_PUBLISH_PATH|DORMANT|SINGLE_MAINTAINER,1,499,v0.2.0
jqdoublescroll,1.0.0,19,F,UNVERIFIED_PUBLISH_PATH|DORMANT|SINGLE_MAINTAINER,1,499,v0.2.0
'@fontsource/alef,5.3.0,81,B,,2,498,v0.2.0
litepicker-polyfills-ie11,0.0.1,19,F,UNVERIFIED_PUBLISH_PATH|DORMANT|SINGLE_MAINTAINER,1,498,v0.2.0
'@dmuy/timepicker,2.0.2,19,F,UNVERIFIED_PUBLISH_PATH|DORMANT|SINGLE_MAINTAINER,1,497,v0.2.0
'@webcreate/infinite-ajax-scroll,3.1.0,19,F,UNVERIFIED_PUBLISH_PATH|DORMANT|SINGLE_MAINTAINER,1,497,v0.2.0
greensock,1.20.2,19,F,UNVERIFIED_PUBLISH_PATH|DORMANT|SINGLE_MAINTAINER,1,497,v0.2.0
happy-inputs,2.1.0,19,F,UNVERIFIED_PUBLISH_PATH|DORMANT|SINGLE_MAINTAINER,1,497,v0.2.0
imagelightbox,3.1.1,70,B,SINGLE_MAINTAINER,1,497,v0.2.0
'@adalong/widget,7.15.0,21,F,UNVERIFIED_PUBLISH_PATH|SINGLE_MAINTAINER,1,496,v0.2.0
'@wix/auto_sdk_events_schedule-bookmarks,1.0.37,30,F,UNVERIFIED_PUBLISH_PATH,11,496,v0.2.0
'@wix/auto_sdk_events_categories,1.0.57,30,F,UNVERIFIED_PUBLISH_PATH,11,495,v0.2.0
bulib-wc,0.1.59,33,F,UNVERIFIED_PUBLISH_PATH|DORMANT,4,495,v0.2.0
'@fontsource/arizonia,5.3.0,81,B,,2,494,v0.2.0
'@fontsource/ruda,5.3.0,81,B,,2,494,v0.2.0
'@politiet/sheriff-icons,2.1.0,35,D,UNVERIFIED_PUBLISH_PATH,2,494,v0.2.0
'@wix/auto_sdk_events_staff-members,1.0.52,30,F,UNVERIFIED_PUBLISH_PATH,11,493,v0.2.0
winwheel,1.0.1,19,F,UNVERIFIED_PUBLISH_PATH|DORMANT|SINGLE_MAINTAINER,1,493,v0.2.0
'@fontsource-variable/arima,5.3.0,81,B,,2,492,v0.2.0
keen-js,6.0.1,28,F,UNVERIFIED_PUBLISH_PATH|DORMANT|PUBLISHER_NOT_MAINTAINER|DEPRECATED,2,492,v0.2.0
slicknav,1.0.8,19,F,UNVERIFIED_PUBLISH_PATH|DORMANT|SINGLE_MAINTAINER,1,492,v0.2.0
ngbootbox,0.2.0,19,F,UNVERIFIED_PUBLISH_PATH|DORMANT|SINGLE_MAINTAINER,1,491,v0.2.0
'@fontsource-variable/wittgenstein,5.3.0,81,B,,2,489,v0.2.0
'@fontsource/alumni-sans,5.3.0,81,B,,2,489,v0.2.0
'@iconify-json/ooui,1.2.20,21,F,UNVERIFIED_PUBLISH_PATH|SINGLE_MAINTAINER,1,489,v0.2.0
jquery.localscroll,2.0.0,19,F,UNVERIFIED_PUBLISH_PATH|DORMANT|SINGLE_MAINTAINER,1,488,v0.2.0
'@fontsource-variable/baskervville,5.3.0,81,B,,2,487,v0.2.0
'@fontsource/antic,5.3.0,81,B,,2,487,v0.2.0
'@fontsource-variable/ibarra-real-nova,5.3.0,81,B,,2,486,v0.2.0
'@loophq/onstore-sdk,1.5.16,35,D,UNVERIFIED_PUBLISH_PATH,17,486,v0.2.0
'@nasa-terra/components,0.0.194,39,D,UNVERIFIED_PUBLISH_PATH,3,486,v0.2.0
cn-fontsource-lxgw-wen-kai-gb-screen,1.0.6,19,F,UNVERIFIED_PUBLISH_PATH|DORMANT|SINGLE_MAINTAINER,1,486,v0.2.0
'@digital-realty/ix-date,1.3.4,35,D,UNVERIFIED_PUBLISH_PATH,4,485,v0.2.0
'@fontsource/kadwa,5.3.0,81,B,,2,484,v0.2.0
'@banuba/agora-extension,2.0.0,24,F,UNVERIFIED_PUBLISH_PATH|DORMANT|PUBLISHER_NOT_MAINTAINER,6,483,v0.2.0
'@fontsource/krub,5.3.0,81,B,,2,483,v0.2.0
'@fontsource/sansita,5.3.0,81,B,,2,483,v0.2.0
'@geocodeearth/autocomplete-element,0.8.0,39,D,UNVERIFIED_PUBLISH_PATH,3,483,v0.2.0
bootstrap-iconpicker,1.8.2,19,F,UNVERIFIED_PUBLISH_PATH|DORMANT|SINGLE_MAINTAINER,1,483,v0.2.0
jscolor-picker,2.0.4,19,F,UNVERIFIED_PUBLISH_PATH|DORMANT|SINGLE_MAINTAINER,1,483,v0.2.0
nimbbl_sonic,6.3.1,21,F,UNVERIFIED_PUBLISH_PATH|SINGLE_MAINTAINER,1,483,v0.2.0
'@fontsource/sansation,5.3.0,81,B,,2,479,v0.2.0
'@reachfive/identity-ui,1.43.1,71,B,INCONSISTENT_PUBLISH_PATH,3,479,v0.2.0
htmx-ext-morphdom-swap,2.0.2,25,F,UNVERIFIED_PUBLISH_PATH|SINGLE_MAINTAINER,1,479,v0.2.0
vueinview,1.0.7,19,F,UNVERIFIED_PUBLISH_PATH|DORMANT|SINGLE_MAINTAINER,1,479,v0.2.0
'@wix/auto_sdk_events_policies,1.0.49,30,F,UNVERIFIED_PUBLISH_PATH,11,478,v0.2.0
'@fontsource-variable/reddit-sans-condensed,5.3.0,81,B,,2,477,v0.2.0
'@mdi/light-font,0.2.63,33,F,UNVERIFIED_PUBLISH_PATH|DORMANT,6,477,v0.2.0
'@wix/auto_sdk_events_ticket-definitions,1.0.53,30,F,UNVERIFIED_PUBLISH_PATH,11,477,v0.2.0
dynamsoft-capture-vision-bundle,3.4.3000,16,F,UNVERIFIED_PUBLISH_PATH|SINGLE_MAINTAINER,1,477,v0.2.0
'@digital-realty/ix-progress,1.4.4,35,D,UNVERIFIED_PUBLISH_PATH,4,476,v0.2.0
'@raruto/leaflet-gesture-handling,1.4.4,19,F,UNVERIFIED_PUBLISH_PATH|DORMANT|SINGLE_MAINTAINER,1,476,v0.2.0
'@fontsource/patrick-hand-sc,5.3.0,81,B,,2,475,v0.2.0
'@fontsource/tiro-devanagari-hindi,5.3.0,81,B,,2,475,v0.2.0
anypicker,2.0.9,33,F,UNVERIFIED_PUBLISH_PATH|DORMANT,2,475,v0.2.0
'@fontsource/advent-pro,5.3.0,81,B,,2,474,v0.2.0
'@fontsource/ubuntu-condensed,5.3.0,81,B,,2,474,v0.2.0
jquery-bez,1.0.11,19,F,UNVERIFIED_PUBLISH_PATH|DORMANT|SINGLE_MAINTAINER,1,474,v0.2.0
stacktable.js,1.0.3,19,F,UNVERIFIED_PUBLISH_PATH|DORMANT|SINGLE_MAINTAINER,1,474,v0.2.0
tb-skeleton,0.3.6,19,F,UNVERIFIED_PUBLISH_PATH|DORMANT|SINGLE_MAINTAINER,1,474,v0.2.0
'@appmate/wishlist,5.29.0,21,F,UNVERIFIED_PUBLISH_PATH|SINGLE_MAINTAINER,1,473,v0.2.0
'@blotoutio/providers-app-lovin-sdk,1.64.3,25,F,UNVERIFIED_PUBLISH_PATH|SINGLE_MAINTAINER,1,473,v0.2.0
'@fontsource/gabriela,5.3.0,81,B,,2,473,v0.2.0
'@fontsource/playfair,5.3.0,81,B,,2,473,v0.2.0
jssor-slider,28.0.0,19,F,UNVERIFIED_PUBLISH_PATH|DORMANT|SINGLE_MAINTAINER,1,473,v0.2.0
'@fontsource-variable/noto-sans-lao-looped,5.3.0,81,B,,2,472,v0.2.0
'@iconify-json/fontisto,1.2.1,15,F,UNVERIFIED_PUBLISH_PATH|DORMANT|SINGLE_MAINTAINER,1,472,v0.2.0
'@algolia/advanced-personalization,0.0.1-alpha.45,87,A,,16,471,v0.2.0
geolite2-country,1.0.71,73,B,SINGLE_MAINTAINER,1,471,v0.2.0
van11y-accessible-modal-window-aria,2.5.1,21,F,UNVERIFIED_PUBLISH_PATH|SINGLE_MAINTAINER,1,471,v0.2.0
web-pingjs,1.0.1,19,F,UNVERIFIED_PUBLISH_PATH|DORMANT|SINGLE_MAINTAINER,1,471,v0.2.0
'@fontsource-variable/parkinsans,5.3.0,81,B,,2,470,v0.2.0
galleria,1.6.1,19,F,UNVERIFIED_PUBLISH_PATH|DORMANT|SINGLE_MAINTAINER,1,470,v0.2.0
'@toruslabs/openlogin-subkey,8.1.0,40,D,UNVERIFIED_PUBLISH_PATH|DORMANT,5,469,v0.2.0
animsition,4.0.2,19,F,UNVERIFIED_PUBLISH_PATH|DORMANT|SINGLE_MAINTAINER,1,469,v0.2.0
cssuseragent,2.1.31,19,F,UNVERIFIED_PUBLISH_PATH|DORMANT|SINGLE_MAINTAINER,1,469,v0.2.0
'@blotoutio/providers-klaviyo-sdk,1.64.3,25,F,UNVERIFIED_PUBLISH_PATH|SINGLE_MAINTAINER,1,468,v0.2.0
wot-design,2.4.1,33,F,UNVERIFIED_PUBLISH_PATH|DORMANT,8,468,v0.2.0
'@fontsource/pridi,5.3.0,81,B,,2,467,v0.2.0
'@wix/auto_sdk_events_tickets,1.0.50,30,F,UNVERIFIED_PUBLISH_PATH,11,467,v0.2.0
bootstrap-reboot,4.5.6,19,F,UNVERIFIED_PUBLISH_PATH|DORMANT|SINGLE_MAINTAINER,1,466,v0.2.0
'@naturacosmeticos/natds-themes,0.84.9,34,F,UNVERIFIED_PUBLISH_PATH,10,465,v0.2.0
vanilla-datatables,1.6.16,19,F,UNVERIFIED_PUBLISH_PATH|DORMANT|SINGLE_MAINTAINER,1,465,v0.2.0
'@fontsource/ms-madi,5.3.0,81,B,,2,464,v0.2.0
'@blotoutio/edgetag-sdk-browser,1.64.3,25,F,UNVERIFIED_PUBLISH_PATH|SINGLE_MAINTAINER,1,463,v0.2.0
'@blotoutio/providers-trybe-sdk,1.64.3,25,F,UNVERIFIED_PUBLISH_PATH|SINGLE_MAINTAINER,1,462,v0.2.0
'@wix/auto_sdk_events_rsvp,1.0.44,30,F,UNVERIFIED_PUBLISH_PATH,11,462,v0.2.0
stimulus-photoswipe,5.1.1,14,F,UNVERIFIED_PUBLISH_PATH|DORMANT|SINGLE_MAINTAINER,1,462,v0.2.0
van11y-accessible-tab-panel-aria,2.1.0,21,F,UNVERIFIED_PUBLISH_PATH|SINGLE_MAINTAINER,1,462,v0.2.0
'@blotoutio/providers-pinterest-sdk,1.64.3,25,F,UNVERIFIED_PUBLISH_PATH|SINGLE_MAINTAINER,1,461,v0.2.0
'@fontsource-variable/comme,5.3.0,81,B,,2,461,v0.2.0
'@fontsource/alegreya-sans-sc,5.3.0,81,B,,2,461,v0.2.0
country-flag-emoji-json,2.0.0,19,F,UNVERIFIED_PUBLISH_PATH|DORMANT|SINGLE_MAINTAINER,1,461,v0.2.0
'@rolemodel/optics,2.4.0,39,D,UNVERIFIED_PUBLISH_PATH,2,460,v0.2.0
'@story-telling-reporter/react-embed-code-generator,2.2.20,25,F,UNVERIFIED_PUBLISH_PATH|SINGLE_MAINTAINER,1,460,v0.2.0
'@tech-leads-club/skills-catalog,0.16.0,69,C,INCONSISTENT_PUBLISH_PATH|SINGLE_MAINTAINER,1,460,v0.2.0
disqusjs,3.2.1,58,C,SINGLE_MAINTAINER,1,459,v0.2.0
md5-js,0.0.3,19,F,UNVERIFIED_PUBLISH_PATH|DORMANT|SINGLE_MAINTAINER,1,459,v0.2.0
'@fontsource/playball,5.3.0,81,B,,2,458,v0.2.0
'@fontsource/tiro-bangla,5.3.0,81,B,,2,458,v0.2.0
'@supersoniks/concorde,4.9.3,35,D,UNVERIFIED_PUBLISH_PATH,5,458,v0.2.0
country-region-selector,1.0.0,19,F,UNVERIFIED_PUBLISH_PATH|DORMANT|SINGLE_MAINTAINER,1,458,v0.2.0
scrollcue,2.0.0,19,F,UNVERIFIED_PUBLISH_PATH|DORMANT|SINGLE_MAINTAINER,1,458,v0.2.0
'@blotoutio/providers-google-tag-manager-sdk,1.64.3,25,F,UNVERIFIED_PUBLISH_PATH|SINGLE_MAINTAINER,1,457,v0.2.0
'@blotoutio/providers-stack-adapt-sdk,1.64.3,25,F,UNVERIFIED_PUBLISH_PATH|SINGLE_MAINTAINER,1,457,v0.2.0
'@fontsource/kaisei-tokumin,5.3.0,81,B,,2,457,v0.2.0
gumlet.js,3.0.6,21,F,UNVERIFIED_PUBLISH_PATH|SINGLE_MAINTAINER,1,457,v0.2.0
'@fontsource/allerta-stencil,5.3.0,81,B,,2,456,v0.2.0
read-smore,2.5.1,19,F,UNVERIFIED_PUBLISH_PATH|DORMANT|SINGLE_MAINTAINER,1,455,v0.2.0
'@fontsource-variable/noto-sans-thai-looped,5.3.0,81,B,,2,454,v0.2.0
'@ibm/plex-sans-jp,3.0.0,39,D,UNVERIFIED_PUBLISH_PATH,23,454,v0.2.0
'@blotoutio/providers-customers-ai-sdk,1.64.3,25,F,UNVERIFIED_PUBLISH_PATH|SINGLE_MAINTAINER,1,453,v0.2.0
'@fontsource/gudea,5.3.0,81,B,,2,453,v0.2.0
'@fontsource/unica-one,5.3.0,81,B,,2,453,v0.2.0
'@blotoutio/providers-tatari-sdk,1.64.3,25,F,UNVERIFIED_PUBLISH_PATH|SINGLE_MAINTAINER,1,451,v0.2.0
'@fontsource/iceland,5.3.0,81,B,,2,449,v0.2.0
'@oicl/openbridge-webcomponents-vue,1.0.1,84,B,INCONSISTENT_PUBLISH_PATH,2,449,v0.2.0
'@recogito/annotorious-better-polygon,0.2.0,33,F,UNVERIFIED_PUBLISH_PATH|DORMANT,3,449,v0.2.0
hyperclayjs,1.36.0,25,F,UNVERIFIED_PUBLISH_PATH|SINGLE_MAINTAINER,1,449,v0.2.0
videojs-flvjs,0.3.1,19,F,UNVERIFIED_PUBLISH_PATH|DORMANT|SINGLE_MAINTAINER,1,449,v0.2.0
'@wix/auto_sdk_automations_trigger-catalog,1.0.60,30,F,UNVERIFIED_PUBLISH_PATH,11,448,v0.2.0
statsig-sidecar,2.0.12,34,F,UNVERIFIED_PUBLISH_PATH|PUBLISHER_NOT_MAINTAINER,2,448,v0.2.0
'@blotoutio/providers-listrak-sdk,1.64.3,25,F,UNVERIFIED_PUBLISH_PATH|SINGLE_MAINTAINER,1,447,v0.2.0
'@fontsource/squada-one,5.3.0,81,B,,2,447,v0.2.0
'@sukka/react-icons-all-files,4.4.0,15,F,UNVERIFIED_PUBLISH_PATH|DORMANT|SINGLE_MAINTAINER,1,447,v0.2.0
'@fontsource/bilbo-swash-caps,5.3.0,81,B,,2,446,v0.2.0
'@fontsource/faustina,5.3.0,81,B,,2,446,v0.2.0
sargam-icons,1.6.7,25,F,UNVERIFIED_PUBLISH_PATH|SINGLE_MAINTAINER,1,446,v0.2.0
'@fontsource/poor-story,5.3.0,81,B,,2,444,v0.2.0
'@fontsource/kosugi,5.3.0,81,B,,2,443,v0.2.0
xrblocks,0.18.0,87,A,,2,443,v0.2.0
'@blotoutio/providers-open-ai-ads-sdk,1.64.3,25,F,UNVERIFIED_PUBLISH_PATH|SINGLE_MAINTAINER,1,441,v0.2.0
'@wix/auto_sdk_automations_action-catalog,1.0.56,30,F,UNVERIFIED_PUBLISH_PATH,11,441,v0.2.0
docsify-tabs,1.6.3,19,F,UNVERIFIED_PUBLISH_PATH|DORMANT|SINGLE_MAINTAINER,1,440,v0.2.0
'@fontsource/caudex,5.3.0,81,B,,2,439,v0.2.0
'@cometchat/chat-embed,1.0.36,35,D,UNVERIFIED_PUBLISH_PATH,14,438,v0.2.0
'@fontsource/proza-libre,5.3.0,81,B,,2,438,v0.2.0
'@grigorov-it/mazer,2.2.0,19,F,UNVERIFIED_PUBLISH_PATH|DORMANT|SINGLE_MAINTAINER,1,438,v0.2.0
imagemapster,1.9.2,19,F,UNVERIFIED_PUBLISH_PATH|DORMANT|SINGLE_MAINTAINER,1,438,v0.2.0
leaflet-styleeditor,0.1.21,19,F,UNVERIFIED_PUBLISH_PATH|DORMANT|SINGLE_MAINTAINER,1,438,v0.2.0
van11y-accessible-accordion-aria,3.1.0,21,F,UNVERIFIED_PUBLISH_PATH|SINGLE_MAINTAINER,1,438,v0.2.0
'@adfinia/sdk-web,1.5.0,25,F,UNVERIFIED_PUBLISH_PATH|SINGLE_MAINTAINER,1,437,v0.2.0
'@wix/auto_sdk_automations_automations-service,1.0.64,30,F,UNVERIFIED_PUBLISH_PATH,11,437,v0.2.0
tabularjs,1.0.1,25,F,UNVERIFIED_PUBLISH_PATH|SINGLE_MAINTAINER,1,437,v0.2.0
'@fontsource/sedgwick-ave,5.3.0,81,B,,2,436,v0.2.0
svg-loaders,0.2.0,15,F,UNVERIFIED_PUBLISH_PATH|DORMANT|SINGLE_MAINTAINER,1,436,v0.2.0
bootstrap-dark-5,1.1.3,14,F,UNVERIFIED_PUBLISH_PATH|DORMANT|SINGLE_MAINTAINER|PUBLISHER_NOT_MAINTAINER|DEPRECATED,1,435,v0.2.0
datatables-buttons-excel-styles,1.2.0,19,F,UNVERIFIED_PUBLISH_PATH|DORMANT|SINGLE_MAINTAINER,1,435,v0.2.0
'@mesh-interactive/mesh-sdk,0.4.1,35,D,UNVERIFIED_PUBLISH_PATH,3,434,v0.2.0
'@pwabuilder/pwaupdate,0.2.1,29,F,UNVERIFIED_PUBLISH_PATH|DORMANT,3,434,v0.2.0
txto,1.6.3,21,F,UNVERIFIED_PUBLISH_PATH|SINGLE_MAINTAINER,1,434,v0.2.0
'@blotoutio/providers-vibe-co-sdk,1.64.3,25,F,UNVERIFIED_PUBLISH_PATH|SINGLE_MAINTAINER,1,433,v0.2.0
'@feedmepos/mf-remy-panel,0.16.0,30,F,UNVERIFIED_PUBLISH_PATH,3,433,v0.2.0
'@fontsource/pontano-sans,5.3.0,81,B,,2,433,v0.2.0
'@fontsource/inria-sans,5.3.0,81,B,,2,432,v0.2.0
'@ricky0123/vad,0.2.4,15,F,UNVERIFIED_PUBLISH_PATH|DORMANT|SINGLE_MAINTAINER|DEPRECATED,1,431,v0.2.0
kutty,0.6.0,19,F,UNVERIFIED_PUBLISH_PATH|DORMANT|SINGLE_MAINTAINER,1,431,v0.2.0
'@fontsource-variable/hahmlet,5.3.0,81,B,,2,430,v0.2.0
chiron-sung-hk-webfont,1.0.24,68,C,SINGLE_MAINTAINER,1,430,v0.2.0
segoe-fonts,1.0.1,14,F,UNVERIFIED_PUBLISH_PATH|DORMANT|SINGLE_MAINTAINER|PUBLISHER_NOT_MAINTAINER|DEPRECATED,1,430,v0.2.0
'@fastwork/turbine-theme,2.0.3,35,D,UNVERIFIED_PUBLISH_PATH,2,428,v0.2.0
powered-ad-config,0.1.108,35,D,UNVERIFIED_PUBLISH_PATH,2,428,v0.2.0
ibp-max,3.1.36,16,F,UNVERIFIED_PUBLISH_PATH|SINGLE_MAINTAINER,1,424,v0.2.0
editorjs-layout,1.2.5,19,F,UNVERIFIED_PUBLISH_PATH|DORMANT|SINGLE_MAINTAINER,1,423,v0.2.0
'@fontsource/martel-sans,5.3.0,81,B,,2,422,v0.2.0
'@icon/icofont,1.0.1-alpha.1,28,F,UNVERIFIED_PUBLISH_PATH|DORMANT,2,422,v0.2.0
dealpos-font,7.0.23,16,F,UNVERIFIED_PUBLISH_PATH|SINGLE_MAINTAINER,1,422,v0.2.0
jquery-ui-datepicker-with-i18n,1.10.4,25,F,UNVERIFIED_PUBLISH_PATH|DORMANT|SINGLE_MAINTAINER,1,422,v0.2.0
'@aydee-app/icons,1.3.13,21,F,UNVERIFIED_PUBLISH_PATH|SINGLE_MAINTAINER,1,421,v0.2.0
'@fontsource/harmattan,5.3.0,81,B,,2,421,v0.2.0
'@fontsource/anek-bangla,5.3.0,81,B,,2,420,v0.2.0
'@fontsource/carter-one,5.3.0,81,B,,2,420,v0.2.0
'@fontsource/dongle,5.3.0,81,B,,2,420,v0.2.0
sakura.css,1.5.1,25,F,UNVERIFIED_PUBLISH_PATH|SINGLE_MAINTAINER,1,418,v0.2.0
wysihtml,0.6.0-beta1,19,F,UNVERIFIED_PUBLISH_PATH|DORMANT|SINGLE_MAINTAINER,1,418,v0.2.0
'@digital-realty/ix-field,1.3.4,35,D,UNVERIFIED_PUBLISH_PATH,4,417,v0.2.0
'@fontsource/voces,5.3.0,81,B,,2,417,v0.2.0
'@web3auth/default-evm-adapter,9.7.0,46,D,UNVERIFIED_PUBLISH_PATH,3,417,v0.2.0
'@ip-location-db/geo-whois-asn-country-mmdb,2.3.2026061719,68,C,SINGLE_MAINTAINER,1,415,v0.2.0
'@shinsenter/defer.js,3.9.0,25,F,UNVERIFIED_PUBLISH_PATH|SINGLE_MAINTAINER,1,415,v0.2.0
'@digital-realty/ix-switch,2.4.4,35,D,UNVERIFIED_PUBLISH_PATH,4,414,v0.2.0
'@froomle/frontend-sdk,0.7.1,16,F,UNVERIFIED_PUBLISH_PATH|SINGLE_MAINTAINER|PUBLISHER_NOT_MAINTAINER,1,414,v0.2.0
'@fontsource/viga,5.3.0,81,B,,2,413,v0.2.0
svg-pan-zoom-container,0.6.1,19,F,UNVERIFIED_PUBLISH_PATH|DORMANT|SINGLE_MAINTAINER,1,413,v0.2.0
vanillajs-scrollspy,3.0.8,19,F,UNVERIFIED_PUBLISH_PATH|DORMANT|SINGLE_MAINTAINER,1,413,v0.2.0
'@fontsource/noto-serif-gujarati,5.3.0,81,B,,2,412,v0.2.0
jquery-storelocator-plugin,3.4.0,19,F,UNVERIFIED_PUBLISH_PATH|DORMANT|SINGLE_MAINTAINER,1,411,v0.2.0
owlcarousel,1.3.3,19,F,UNVERIFIED_PUBLISH_PATH|DORMANT|SINGLE_MAINTAINER,1,411,v0.2.0
'@digital-realty/ix-menu,1.3.4,35,D,UNVERIFIED_PUBLISH_PATH,4,410,v0.2.0
'@fontsource/encode-sans-condensed,5.3.0,81,B,,2,410,v0.2.0
'@fontsource/big-shoulders-text,5.3.0,81,B,,2,409,v0.2.0
'@fontsource/anek-latin,5.3.0,81,B,,2,408,v0.2.0
react-client-captcha,1.0.3,19,F,UNVERIFIED_PUBLISH_PATH|DORMANT|SINGLE_MAINTAINER,1,408,v0.2.0
'@fontsource/antic-didone,5.3.0,81,B,,2,407,v0.2.0
'@wix/auto_sdk_automations_activation-action-log,1.0.32,30,F,UNVERIFIED_PUBLISH_PATH,11,406,v0.2.0
'@emdgroup-liquid/liquid,5.15.0,45,D,UNVERIFIED_PUBLISH_PATH,2,405,v0.2.0
'@fontsource/ribeye,5.3.0,81,B,,2,405,v0.2.0
'@wix/auto_sdk_automations_activation-action-summary,1.0.21,30,F,UNVERIFIED_PUBLISH_PATH,11,405,v0.2.0
jquery.steps,1.1.4,19,F,UNVERIFIED_PUBLISH_PATH|DORMANT|SINGLE_MAINTAINER,1,405,v0.2.0
open-sans-all,0.1.3,19,F,UNVERIFIED_PUBLISH_PATH|DORMANT|SINGLE_MAINTAINER,1,405,v0.2.0
vanilla-infinite-marquee,1.0.15,25,F,UNVERIFIED_PUBLISH_PATH|SINGLE_MAINTAINER,1,405,v0.2.0
'@fontsource-variable/nokora,5.3.0,81,B,,2,404,v0.2.0
'@tripetto/studio,4.0.1,29,F,UNVERIFIED_PUBLISH_PATH|DORMANT,3,404,v0.2.0
'@wix/auto_sdk_automations_custom-trigger,1.0.29,30,F,UNVERIFIED_PUBLISH_PATH,11,404,v0.2.0
blacklight-hierarchy,6.9.0,39,D,UNVERIFIED_PUBLISH_PATH,3,404,v0.2.0
6vd-pub-shen,4.0.1764330165,16,F,UNVERIFIED_PUBLISH_PATH|SINGLE_MAINTAINER,1,403,v0.2.0
'@allmaps/openlayers,1.0.0-beta.86,25,F,UNVERIFIED_PUBLISH_PATH|SINGLE_MAINTAINER,1,403,v0.2.0
'@digital-realty/ix-textbox,2.4.5,35,D,UNVERIFIED_PUBLISH_PATH,4,403,v0.2.0
dynamsoft-document-normalizer,2.6.11,10,F,UNVERIFIED_PUBLISH_PATH|DORMANT|SINGLE_MAINTAINER|DEPRECATED,1,403,v0.2.0
marquee3000,1.1.1,19,F,UNVERIFIED_PUBLISH_PATH|DORMANT|SINGLE_MAINTAINER,1,403,v0.2.0
'@fontsource/coda,5.3.0,81,B,,2,402,v0.2.0
protip,1.4.21,14,F,UNVERIFIED_PUBLISH_PATH|DORMANT|SINGLE_MAINTAINER|PUBLISHER_NOT_MAINTAINER,1,402,v0.2.0
v-resizable,0.0.14,19,F,UNVERIFIED_PUBLISH_PATH|DORMANT|SINGLE_MAINTAINER,1,402,v0.2.0
'@fontsource/anek-gujarati,5.3.0,81,B,,2,400,v0.2.0
'@fontsource/glegoo,5.3.0,81,B,,2,400,v0.2.0
jquery-emoji-picker,0.2.2,19,F,UNVERIFIED_PUBLISH_PATH|DORMANT|SINGLE_MAINTAINER,1,400,v0.2.0
jquery-selectric,0.2.0,10,F,UNVERIFIED_PUBLISH_PATH|DORMANT|SINGLE_MAINTAINER,1,400,v0.2.0
'@fontsource/alatsi,5.3.0,81,B,,2,399,v0.2.0
'@fontsource/capriola,5.3.0,81,B,,2,399,v0.2.0
'@fontsource/ropa-sans,5.3.0,81,B,,2,399,v0.2.0
'@logi-assets/catalog,0.1.0,25,F,UNVERIFIED_PUBLISH_PATH|SINGLE_MAINTAINER,1,398,v0.2.0
use-bootstrap-select,2.2.1,14,F,UNVERIFIED_PUBLISH_PATH|DORMANT|SINGLE_MAINTAINER,1,398,v0.2.0
'@feedmepos/mf-common,1.29.25,30,F,UNVERIFIED_PUBLISH_PATH,3,397,v0.2.0
'@fontsource/istok-web,5.3.0,81,B,,2,397,v0.2.0
'@fontsource/train-one,5.3.0,81,B,,2,397,v0.2.0
bootstrap-block-grid,1.1.7,19,F,UNVERIFIED_PUBLISH_PATH|DORMANT|SINGLE_MAINTAINER,1,397,v0.2.0
social-share.js,1.0.16,14,F,UNVERIFIED_PUBLISH_PATH|DORMANT|SINGLE_MAINTAINER|PUBLISHER_NOT_MAINTAINER,1,397,v0.2.0
'@fontsource/sarala,5.3.0,81,B,,2,396,v0.2.0
paymob-pixel,1.2.7,21,F,UNVERIFIED_PUBLISH_PATH|SINGLE_MAINTAINER,1,396,v0.2.0
et-line,1.0.1,19,F,UNVERIFIED_PUBLISH_PATH|DORMANT|SINGLE_MAINTAINER,1,395,v0.2.0
'@fontsource/anton-sc,5.3.0,81,B,,2,394,v0.2.0
'@calumk/editorjs-paragraph-linebreakable,1.0.0,15,F,UNVERIFIED_PUBLISH_PATH|DORMANT|SINGLE_MAINTAINER,1,393,v0.2.0
'@fontsource/alike,5.3.0,81,B,,2,393,v0.2.0
'@fontsource/ibarra-real-nova,5.3.0,81,B,,2,392,v0.2.0
'@jouwomgeving/ui-icon,3.0.2,30,F,UNVERIFIED_PUBLISH_PATH,4,391,v0.2.0
'@fontsource/iansui,5.3.0,81,B,,2,389,v0.2.0
'@openfonts/open-sans_all,1.44.2,14,F,UNVERIFIED_PUBLISH_PATH|DORMANT|SINGLE_MAINTAINER,1,389,v0.2.0
jquery-gray,1.7.0,19,F,UNVERIFIED_PUBLISH_PATH|DORMANT|SINGLE_MAINTAINER,1,389,v0.2.0
jquery-viewer,1.0.1,19,F,UNVERIFIED_PUBLISH_PATH|DORMANT|SINGLE_MAINTAINER,1,388,v0.2.0
caroufredsel,6.2.1,19,F,UNVERIFIED_PUBLISH_PATH|DORMANT|SINGLE_MAINTAINER,1,387,v0.2.0
validate-js,2.0.1,19,F,UNVERIFIED_PUBLISH_PATH|DORMANT|SINGLE_MAINTAINER,1,387,v0.2.0
'@headwai/chat-bubble,8.4.0,87,A,,2,386,v0.2.0
'@fontsource/averia-sans-libre,5.3.0,81,B,,2,385,v0.2.0
'@fontsource/georama,5.3.0,81,B,,2,385,v0.2.0
'@fontsource/goldman,5.3.0,81,B,,2,384,v0.2.0
'@fontsource/sofia-sans-extra-condensed,5.3.0,81,B,,2,384,v0.2.0
maximize-select2-height,1.0.4,19,F,UNVERIFIED_PUBLISH_PATH|DORMANT|SINGLE_MAINTAINER,1,384,v0.2.0
'@filteringdev/tinyshield,4.0.5,73,B,SINGLE_MAINTAINER,1,383,v0.2.0
'@wix/headless-events,0.0.66,30,F,UNVERIFIED_PUBLISH_PATH,6,383,v0.2.0
'@3dweb/360javascriptviewer,1.8.58,25,F,UNVERIFIED_PUBLISH_PATH|SINGLE_MAINTAINER,1,382,v0.2.0
'@aurodesignsystem/auro-nav,4.1.1,89,A,,8,382,v0.2.0
'@fontsource/signika-negative,5.3.0,81,B,,2,382,v0.2.0
tailwindcss-cdn,3.4.10,19,F,UNVERIFIED_PUBLISH_PATH|DORMANT|SINGLE_MAINTAINER,1,382,v0.2.0
'@fontsource/noto-serif-sinhala,5.3.0,81,B,,2,381,v0.2.0
'@fontsource/suranna,5.3.0,81,B,,2,381,v0.2.0
'@stlite/browser,1.8.1,68,C,SINGLE_MAINTAINER,1,381,v0.2.0
'@digital-realty/ix-file-uploader,1.3.5,35,D,UNVERIFIED_PUBLISH_PATH,4,380,v0.2.0
'@fontsource/afacad,5.3.0,81,B,,2,380,v0.2.0
'@kajabi-ui/styles,1.4.1,74,B,SINGLE_MAINTAINER|BRANCH_REQUIRES_PR,1,380,v0.2.0
leaflet-control-custom,1.0.0,19,F,UNVERIFIED_PUBLISH_PATH|DORMANT|SINGLE_MAINTAINER,1,380,v0.2.0
'@dashboardcode/bsmultiselect,1.1.18,19,F,UNVERIFIED_PUBLISH_PATH|DORMANT|SINGLE_MAINTAINER,1,379,v0.2.0
'@digital-realty/ix-date-next,1.2.4,35,D,UNVERIFIED_PUBLISH_PATH,4,379,v0.2.0
'@fontsource/arapey,5.3.0,81,B,,2,379,v0.2.0
'@fontsource/nokora,5.3.0,81,B,,2,379,v0.2.0
locuszoom,0.14.0,33,F,UNVERIFIED_PUBLISH_PATH|DORMANT,3,379,v0.2.0
'@digital-realty/ix-grid,1.4.5,35,D,UNVERIFIED_PUBLISH_PATH,4,378,v0.2.0
'@digital-realty/ix-phone-input,2.4.5,35,D,UNVERIFIED_PUBLISH_PATH,4,378,v0.2.0
'@fontsource/maitree,5.3.0,81,B,,2,378,v0.2.0
'@keepeek/keepicker-react,1.25.0,21,F,UNVERIFIED_PUBLISH_PATH|SINGLE_MAINTAINER,1,378,v0.2.0
ng-notify,0.7.1,19,F,UNVERIFIED_PUBLISH_PATH|DORMANT|SINGLE_MAINTAINER,1,378,v0.2.0
'@fontsource/benchnine,5.3.0,81,B,,2,377,v0.2.0
'@fontsource/kameron,5.3.0,81,B,,2,376,v0.2.0
font-kopub,1.0.2,19,F,UNVERIFIED_PUBLISH_PATH|DORMANT|SINGLE_MAINTAINER,1,376,v0.2.0
mw-fonts,0.0.2,10,F,UNVERIFIED_PUBLISH_PATH|DORMANT|SINGLE_MAINTAINER,1,376,v0.2.0
slick-animation,0.3.3,19,F,UNVERIFIED_PUBLISH_PATH|DORMANT|SINGLE_MAINTAINER,1,376,v0.2.0
'@cdek-it/widget,3.11.1,39,D,UNVERIFIED_PUBLISH_PATH|DORMANT|BRANCH_REQUIRES_SIGNATURES|BRANCH_REQUIRES_PR,3,375,v0.2.0
'@fontsource/arbutus-slab,5.3.0,81,B,,2,375,v0.2.0
'@digital-realty/ix-radio,1.3.4,35,D,UNVERIFIED_PUBLISH_PATH,4,374,v0.2.0
'@accusoft/pdf-viewer,3.11.158639,15,F,UNVERIFIED_PUBLISH_PATH|DORMANT|SINGLE_MAINTAINER,1,373,v0.2.0
vanilla-marquee,1.1.2,19,F,UNVERIFIED_PUBLISH_PATH|DORMANT|SINGLE_MAINTAINER,1,373,v0.2.0
'@blotoutio/providers-shop-gpt-sdk,1.64.3,25,F,UNVERIFIED_PUBLISH_PATH|SINGLE_MAINTAINER,1,372,v0.2.0
'@fontsource/zen-antique-soft,5.3.0,81,B,,2,372,v0.2.0
'@blotoutio/providers-consentiq-sdk,1.64.3,25,F,UNVERIFIED_PUBLISH_PATH|SINGLE_MAINTAINER,1,371,v0.2.0
counterapi,2.1.2,25,F,UNVERIFIED_PUBLISH_PATH|SINGLE_MAINTAINER,1,370,v0.2.0
'@fontsource/manjari,5.3.0,81,B,,2,369,v0.2.0
'@blotoutio/providers-blotout-consent-sdk,1.64.3,25,F,UNVERIFIED_PUBLISH_PATH|SINGLE_MAINTAINER,1,368,v0.2.0
'@fontsource/bakbak-one,5.3.0,81,B,,2,368,v0.2.0
jquery-ui-monthpicker,1.0.3,19,F,UNVERIFIED_PUBLISH_PATH|DORMANT|SINGLE_MAINTAINER,1,368,v0.2.0
'@data-fair/frame,0.18.6,35,D,UNVERIFIED_PUBLISH_PATH,3,367,v0.2.0
'@fontsource/athiti,5.3.0,81,B,,2,367,v0.2.0
'@xiaoyexiang/videojs-resolution-switcher-v7,1.1.9,19,F,UNVERIFIED_PUBLISH_PATH|DORMANT|SINGLE_MAINTAINER,1,367,v0.2.0
analytics-client,3.2.0,58,C,INCONSISTENT_PUBLISH_PATH|SINGLE_MAINTAINER,1,367,v0.2.0
'@laserfiche/lf-ui-components,21.1.1,87,A,,5,366,v0.2.0
'@fontsource/yeon-sung,5.3.0,81,B,,2,365,v0.2.0
sandstone,1.1.1,77,B,INCONSISTENT_PUBLISH_PATH,2,365,v0.2.0
ios-pwa-splash,1.0.0,19,F,UNVERIFIED_PUBLISH_PATH|DORMANT|SINGLE_MAINTAINER,1,363,v0.2.0
sidr,2.2.1,19,F,UNVERIFIED_PUBLISH_PATH|DORMANT|SINGLE_MAINTAINER,1,363,v0.2.0
'@eox/ui,1.1.0,87,A,,5,362,v0.2.0
easytimer,1.1.3,15,F,UNVERIFIED_PUBLISH_PATH|DORMANT|SINGLE_MAINTAINER|DEPRECATED,1,362,v0.2.0
dejavu-sans,1.0.0,19,F,UNVERIFIED_PUBLISH_PATH|DORMANT|SINGLE_MAINTAINER,1,361,v0.2.0
'@fontsource/mukta-vaani,5.3.0,81,B,,2,360,v0.2.0
'@chativa/ui,0.9.0,20,F,UNVERIFIED_PUBLISH_PATH|SINGLE_MAINTAINER,1,359,v0.2.0
'@fontsource/amita,5.3.0,81,B,,2,359,v0.2.0
cn-fontsource-source-han-sans-sc-vf,1.0.10,19,F,UNVERIFIED_PUBLISH_PATH|DORMANT|SINGLE_MAINTAINER,1,359,v0.2.0
'@digital-realty/ix-dialog,1.3.4,35,D,UNVERIFIED_PUBLISH_PATH,4,356,v0.2.0
'@fontsource/love-ya-like-a-sister,5.3.0,81,B,,2,356,v0.2.0
'@fontsource/sintony,5.3.0,81,B,,2,355,v0.2.0
'@chativa/connector-directline,0.9.0,20,F,UNVERIFIED_PUBLISH_PATH|SINGLE_MAINTAINER,1,354,v0.2.0
chartist-plugin-accessibility,0.0.5,19,F,UNVERIFIED_PUBLISH_PATH|DORMANT|SINGLE_MAINTAINER,1,354,v0.2.0
'@fontsource/playwrite-us-trad,5.3.0,81,B,,2,353,v0.2.0
dynamsoft-mrz-scanner,4.0.0,25,F,UNVERIFIED_PUBLISH_PATH|SINGLE_MAINTAINER,1,353,v0.2.0
'@fontsource-variable/chiron-goround-tc,5.3.0,81,B,,2,352,v0.2.0
'@fontsource/doppio-one,5.3.0,81,B,,2,352,v0.2.0
'@fontsource/hammersmith-one,5.3.0,81,B,,2,352,v0.2.0
fansunited-widgets-cdn,0.0.108,35,D,UNVERIFIED_PUBLISH_PATH,3,352,v0.2.0
'@almacareer/cookie-consent-manager,3.1.0,34,F,UNVERIFIED_PUBLISH_PATH|DEPRECATED,2,351,v0.2.0
pinecone-router,7.6.0,20,F,UNVERIFIED_PUBLISH_PATH|SINGLE_MAINTAINER,1,351,v0.2.0
'@fontsource/cantata-one,5.3.0,81,B,,2,350,v0.2.0
exit-intent-js,1.2.0,25,F,UNVERIFIED_PUBLISH_PATH|SINGLE_MAINTAINER,1,350,v0.2.0
wanted-sans,1.0.3,19,F,UNVERIFIED_PUBLISH_PATH|DORMANT|SINGLE_MAINTAINER,1,349,v0.2.0
'@fontsource/cormorant-upright,5.3.0,81,B,,2,348,v0.2.0
'@fontsource/lusitana,5.3.0,81,B,,2,348,v0.2.0
'@blotoutio/providers-blotout-wallet-sdk,1.64.3,25,F,UNVERIFIED_PUBLISH_PATH|SINGLE_MAINTAINER,1,347,v0.2.0
'@fontsource/amarante,5.3.0,81,B,,2,346,v0.2.0
'@fungies/fungies-js,0.7.3,30,F,UNVERIFIED_PUBLISH_PATH,4,346,v0.2.0
'@malga/tokenization,2.3.0,27,F,UNVERIFIED_PUBLISH_PATH|SINGLE_MAINTAINER,1,346,v0.2.0
timepicki,2.0.1,19,F,UNVERIFIED_PUBLISH_PATH|DORMANT|SINGLE_MAINTAINER|DEPRECATED,1,346,v0.2.0
'@axa-ch/patterns-library-polyfill,3.0.1,28,F,UNVERIFIED_PUBLISH_PATH|DORMANT|PUBLISHER_NOT_MAINTAINER|DEPRECATED,5,345,v0.2.0
'@fontsource/aclonica,5.3.0,81,B,,2,345,v0.2.0
'@fontsource/miriam-libre,5.3.0,81,B,,2,345,v0.2.0
'@fontsource/licorice,5.3.0,81,B,,2,344,v0.2.0
'@fontsource/niramit,5.3.0,81,B,,2,344,v0.2.0
'@fontsource/ntr,5.3.0,81,B,,2,343,v0.2.0
ibm-appconfiguration-js-client-sdk,0.3.0,25,F,UNVERIFIED_PUBLISH_PATH|SINGLE_MAINTAINER,1,343,v0.2.0
'@inkeep/cxkit-mintlify,0.5.119,34,F,UNVERIFIED_PUBLISH_PATH,7,342,v0.2.0
interlude-ui,1.2.2,25,F,UNVERIFIED_PUBLISH_PATH|SINGLE_MAINTAINER,1,342,v0.2.0
'@digital-realty/ix-tooltip,1.3.4,35,D,UNVERIFIED_PUBLISH_PATH,4,341,v0.2.0
beerslider,1.0.3,19,F,UNVERIFIED_PUBLISH_PATH|DORMANT|SINGLE_MAINTAINER,1,341,v0.2.0
'@digital-realty/ix-select,1.3.4,35,D,UNVERIFIED_PUBLISH_PATH,4,339,v0.2.0
'@fontsource/holtwood-one-sc,5.3.0,81,B,,2,339,v0.2.0
live2d-widget-model-haru,1.0.5,14,F,UNVERIFIED_PUBLISH_PATH|DORMANT|SINGLE_MAINTAINER,1,339,v0.2.0
yasgui-yasqe,2.11.22,19,F,UNVERIFIED_PUBLISH_PATH|DORMANT|SINGLE_MAINTAINER|DEPRECATED,1,339,v0.2.0
'@rededor/cura,2.0.0-alpha.16,35,D,UNVERIFIED_PUBLISH_PATH,16,338,v0.2.0
basictable,2.0.5,19,F,UNVERIFIED_PUBLISH_PATH|DORMANT|SINGLE_MAINTAINER,1,338,v0.2.0
'@fontsource/amethysta,5.3.0,81,B,,2,337,v0.2.0
'@fontsource/stylish,5.3.0,81,B,,2,337,v0.2.0
jquery-form-styler,2.0.2,19,F,UNVERIFIED_PUBLISH_PATH|DORMANT|SINGLE_MAINTAINER,1,337,v0.2.0
'@fontsource/gluten,5.3.0,81,B,,2,336,v0.2.0
'@fontsource/ysabeau,5.3.0,81,B,,2,336,v0.2.0
idn-finlogos,2.5.0,74,B,SINGLE_MAINTAINER,1,336,v0.2.0
inview,0.0.15,19,F,UNVERIFIED_PUBLISH_PATH|DORMANT|SINGLE_MAINTAINER,1,336,v0.2.0
jquery-clock-timepicker,2.6.6,25,F,UNVERIFIED_PUBLISH_PATH|SINGLE_MAINTAINER,1,336,v0.2.0
'@fontsource/mukta-malar,5.3.0,81,B,,2,335,v0.2.0
krds-uiux,1.1.0,21,F,UNVERIFIED_PUBLISH_PATH|SINGLE_MAINTAINER,1,335,v0.2.0
'@fontsource/gotu,5.3.0,81,B,,2,334,v0.2.0
'@digital-realty/ix-intraportal-nav,1.3.4,35,D,UNVERIFIED_PUBLISH_PATH,4,333,v0.2.0
'@fontsource/comforter,5.3.0,81,B,,2,333,v0.2.0
'@fontsource/henny-penny,5.3.0,81,B,,2,333,v0.2.0
'@fontsource/mallanna,5.3.0,81,B,,2,333,v0.2.0
halfmoon,2.0.2,19,F,UNVERIFIED_PUBLISH_PATH|DORMANT|SINGLE_MAINTAINER,1,333,v0.2.0
live2d-widget-model-wanko,1.0.5,28,F,UNVERIFIED_PUBLISH_PATH|DORMANT,2,333,v0.2.0
treeviz,3.0.1,19,F,UNVERIFIED_PUBLISH_PATH|DORMANT|SINGLE_MAINTAINER,1,333,v0.2.0
'@adobe/helix-rum-enhancer,2.49.0,87,A,,31,332,v0.2.0
countdowntimer,2.0.1,19,F,UNVERIFIED_PUBLISH_PATH|DORMANT|SINGLE_MAINTAINER,1,332,v0.2.0
'@fontsource/mandali,5.3.0,81,B,,2,331,v0.2.0
'@fontsource/palanquin-dark,5.3.0,81,B,,2,331,v0.2.0
'@fontsource/salsa,5.3.0,81,B,,2,331,v0.2.0
'@lemonadejs/signature,5.0.0,21,F,UNVERIFIED_PUBLISH_PATH|SINGLE_MAINTAINER,1,331,v0.2.0
cdnbye,1.22.1,19,F,UNVERIFIED_PUBLISH_PATH|DORMANT|SINGLE_MAINTAINER,1,331,v0.2.0
'@ip-location-db/geo-whois-asn-country,2.3.2026061719,58,C,INCONSISTENT_PUBLISH_PATH|SINGLE_MAINTAINER,1,330,v0.2.0
'@blotoutio/providers-evo-search-sdk,1.64.3,25,F,UNVERIFIED_PUBLISH_PATH|SINGLE_MAINTAINER,1,329,v0.2.0
'@blotoutio/providers-live-intent-sdk,1.64.3,25,F,UNVERIFIED_PUBLISH_PATH|SINGLE_MAINTAINER,1,329,v0.2.0
dropkickjs,2.2.4,19,F,UNVERIFIED_PUBLISH_PATH|DORMANT|SINGLE_MAINTAINER,1,328,v0.2.0
jquery-cron,1.0.0,14,F,UNVERIFIED_PUBLISH_PATH|DORMANT|SINGLE_MAINTAINER,1,328,v0.2.0
'@dearhive/dearflip-jquery-flipbook,1.7.3,19,F,UNVERIFIED_PUBLISH_PATH|DORMANT|SINGLE_MAINTAINER,1,327,v0.2.0
'@fontsource/nobile,5.3.0,81,B,,2,327,v0.2.0
'@lmc-eu/cookie-consent-manager,2.6.0,14,F,UNVERIFIED_PUBLISH_PATH|DORMANT|SINGLE_MAINTAINER,1,327,v0.2.0
elegant-icons,0.0.1,19,F,UNVERIFIED_PUBLISH_PATH|DORMANT|SINGLE_MAINTAINER,1,327,v0.2.0
tooltipster-follower,0.1.5,19,F,UNVERIFIED_PUBLISH_PATH|DORMANT|SINGLE_MAINTAINER,1,327,v0.2.0
vue-snack,0.1.4,19,F,UNVERIFIED_PUBLISH_PATH|DORMANT|SINGLE_MAINTAINER,1,327,v0.2.0
'@fontsource/khmer,5.3.0,81,B,,2,326,v0.2.0
'@myparcel-dev/delivery-options,7.4.2,46,D,UNVERIFIED_PUBLISH_PATH,3,326,v0.2.0
reveal.js-plugins,4.6.0,25,F,UNVERIFIED_PUBLISH_PATH|SINGLE_MAINTAINER,1,326,v0.2.0
selectivizr,1.0.3,19,F,UNVERIFIED_PUBLISH_PATH|DORMANT|SINGLE_MAINTAINER,1,325,v0.2.0
'@fontsource/mate,5.3.0,81,B,,2,324,v0.2.0
'@fontsource/rambla,5.3.0,81,B,,2,324,v0.2.0
'@fontsource/trochut,5.3.0,81,B,,2,324,v0.2.0
'@ip-location-db/asn-mmdb,2.3.2026061719,68,C,SINGLE_MAINTAINER,1,324,v0.2.0
leaflet-pip,1.1.0,21,F,UNVERIFIED_PUBLISH_PATH|DORMANT|SINGLE_MAINTAINER|PUBLISHER_NOT_MAINTAINER|DEPRECATED,1,324,v0.2.0
saby-customizer,0.0.12,25,F,UNVERIFIED_PUBLISH_PATH|SINGLE_MAINTAINER,1,324,v0.2.0
three-js,79.0.0,19,F,UNVERIFIED_PUBLISH_PATH|DORMANT|SINGLE_MAINTAINER|DEPRECATED,1,324,v0.2.0
'@audio-samples/piano-mp3-velocity10,1.0.5,19,F,UNVERIFIED_PUBLISH_PATH|DORMANT|SINGLE_MAINTAINER,1,323,v0.2.0
'@fontsource/inika,5.3.0,81,B,,2,323,v0.2.0
'@fontsource/manuale,5.3.0,81,B,,2,323,v0.2.0
'@fontsource/noto-serif-kannada,5.3.0,81,B,,2,323,v0.2.0
'@fontsource/trocchi,5.3.0,81,B,,2,323,v0.2.0
'@luminai-platform/rrweb-plugin-console-record,2.0.16,45,D,UNVERIFIED_PUBLISH_PATH,2,323,v0.2.0
'@tracelog/lib,3.3.2,38,D,UNVERIFIED_PUBLISH_PATH|SINGLE_MAINTAINER,1,323,v0.2.0
'@fontsource/rosario,5.3.0,81,B,,2,322,v0.2.0
'@recogito/annotorious-toolbar,1.2.1,29,F,UNVERIFIED_PUBLISH_PATH|DORMANT,3,322,v0.2.0
alpinejs-masonry,1.0.16,15,F,UNVERIFIED_PUBLISH_PATH|DORMANT|SINGLE_MAINTAINER,1,322,v0.2.0
jquery.reel,1.3.1,19,F,UNVERIFIED_PUBLISH_PATH|DORMANT|SINGLE_MAINTAINER,1,322,v0.2.0
'@fontsource/alkatra,5.3.0,81,B,,2,321,v0.2.0
'@fontsource/gruppo,5.3.0,81,B,,2,321,v0.2.0
'@iconify-json/cryptocurrency,1.2.3,21,F,UNVERIFIED_PUBLISH_PATH|SINGLE_MAINTAINER,1,321,v0.2.0
'@fontsource/antic-slab,5.3.0,81,B,,2,320,v0.2.0
'@tesseract.js-data/hin,1.0.0,19,F,UNVERIFIED_PUBLISH_PATH|DORMANT|SINGLE_MAINTAINER,1,320,v0.2.0
'@digital-realty/grid,1.2.3,39,D,UNVERIFIED_PUBLISH_PATH,4,319,v0.2.0
reveal.js-menu,2.1.0,19,F,UNVERIFIED_PUBLISH_PATH|DORMANT|SINGLE_MAINTAINER,1,319,v0.2.0
'@fontsource/dangrek,5.3.0,81,B,,2,318,v0.2.0
'@fontsource/zen-antique,5.3.0,81,B,,2,318,v0.2.0
jqgrid,4.6.4,10,F,UNVERIFIED_PUBLISH_PATH|DORMANT|SINGLE_MAINTAINER,1,318,v0.2.0
'@engine-web/website,0.7.13,30,F,UNVERIFIED_PUBLISH_PATH,4,317,v0.2.0
'@fontsource/marko-one,5.3.0,81,B,,2,317,v0.2.0
'@fontsource/mina,5.3.0,81,B,,2,317,v0.2.0
sticky-scroller,0.4.0,33,F,UNVERIFIED_PUBLISH_PATH|DORMANT,2,317,v0.2.0
'@fontsource/peralta,5.3.0,81,B,,2,316,v0.2.0
angularjs-toast,4.0.1,14,F,UNVERIFIED_PUBLISH_PATH|DORMANT|SINGLE_MAINTAINER,1,316,v0.2.0
preloadjs,1.0.1,33,F,UNVERIFIED_PUBLISH_PATH|DORMANT,2,316,v0.2.0
tw-city-selector,2.1.2,25,F,UNVERIFIED_PUBLISH_PATH|SINGLE_MAINTAINER,1,316,v0.2.0
'@fontsource/arima,5.3.0,81,B,,2,315,v0.2.0
'@vidstack/cdn,1.15.4,25,F,UNVERIFIED_PUBLISH_PATH|SINGLE_MAINTAINER,1,315,v0.2.0
'@fontsource/anek-kannada,5.3.0,81,B,,2,314,v0.2.0
'@fontsource/cambay,5.3.0,81,B,,2,314,v0.2.0
'@fontsource/coustard,5.3.0,81,B,,2,314,v0.2.0
'@fontsource/koh-santepheap,5.3.0,81,B,,2,314,v0.2.0
videojs-watermark,2.0.0,33,F,UNVERIFIED_PUBLISH_PATH|DORMANT,3,314,v0.2.0
'@alpine-collective/toolkit,1.0.2,15,F,UNVERIFIED_PUBLISH_PATH|DORMANT|SINGLE_MAINTAINER,1,313,v0.2.0
opencc-data,1.4.1,77,B,INCONSISTENT_PUBLISH_PATH,3,311,v0.2.0
scroll-padlock,3.1.0,25,F,UNVERIFIED_PUBLISH_PATH|SINGLE_MAINTAINER,1,311,v0.2.0
'@fontsource/kaisei-harunoumi,5.3.0,81,B,,2,310,v0.2.0
'@fontsource/rancho,5.3.0,81,B,,2,310,v0.2.0
'@fontsource/shippori-antique-b1,5.3.0,81,B,,2,310,v0.2.0
'@formbird/angular-elements,8.5.7,35,D,UNVERIFIED_PUBLISH_PATH,17,310,v0.2.0
devicons,2.0.1,63,C,INCONSISTENT_PUBLISH_PATH|SINGLE_MAINTAINER,1,310,v0.2.0
'@fontsource/belgrano,5.3.0,81,B,,2,309,v0.2.0
echarts-map,3.0.1,14,F,UNVERIFIED_PUBLISH_PATH|DORMANT|SINGLE_MAINTAINER,1,309,v0.2.0
menuspy,1.3.0,19,F,UNVERIFIED_PUBLISH_PATH|DORMANT|SINGLE_MAINTAINER,1,309,v0.2.0
jquery-1.10.2,1.10.2,10,F,UNVERIFIED_PUBLISH_PATH|DORMANT|SINGLE_MAINTAINER,1,308,v0.2.0
froala-editor-paragraph-format-extended-plugin,0.2.0,19,F,UNVERIFIED_PUBLISH_PATH|DORMANT|SINGLE_MAINTAINER,1,307,v0.2.0
'@fontsource/dorsa,5.3.0,81,B,,2,306,v0.2.0
'@fontsource/akshar,5.3.0,81,B,,2,304,v0.2.0
'@fontsource/bentham,5.3.0,81,B,,2,304,v0.2.0
font-awesome-5-css,5.4.1,10,F,UNVERIFIED_PUBLISH_PATH|DORMANT|SINGLE_MAINTAINER,1,304,v0.2.0
jquery_lazyload,1.9.3,19,F,UNVERIFIED_PUBLISH_PATH|DORMANT|SINGLE_MAINTAINER,1,304,v0.2.0
sakana-widget,3.0.1,25,F,UNVERIFIED_PUBLISH_PATH|SINGLE_MAINTAINER,1,302,v0.2.0
'@grubersjoe/slide-menu,1.2.3,19,F,UNVERIFIED_PUBLISH_PATH|DORMANT|SINGLE_MAINTAINER|DEPRECATED,1,301,v0.2.0
'@managed-api/jira-cloud-v3-core,3.7.0,30,F,UNVERIFIED_PUBLISH_PATH,9,301,v0.2.0
single-spa-canopy,3.2.0,39,D,UNVERIFIED_PUBLISH_PATH,12,301,v0.2.0
'@deriv-com/marketing-utils,2.2.2,25,F,UNVERIFIED_PUBLISH_PATH|SINGLE_MAINTAINER,1,300,v0.2.0
'@epigraph/solutions,1.12.1,35,D,UNVERIFIED_PUBLISH_PATH,4,300,v0.2.0
'@pine-ds/icons,10.0.0,32,F,UNVERIFIED_PUBLISH_PATH|SINGLE_MAINTAINER,1,300,v0.2.0
'@bikematrix/web-components,1.3.16,39,D,UNVERIFIED_PUBLISH_PATH,3,299,v0.2.0
'@fontsource/allerta,5.3.0,81,B,,2,299,v0.2.0
'@fontsource/lxgw-marker-gothic,5.3.0,81,B,,2,299,v0.2.0
'@fontsource/nuosu-sil,5.3.0,81,B,,2,299,v0.2.0
'@picmo/renderer-twemoji,5.8.5,19,F,UNVERIFIED_PUBLISH_PATH|DORMANT|SINGLE_MAINTAINER|DEPRECATED,1,298,v0.2.0
lxgw-wenkai-tc-webfont,1.2.0,19,F,UNVERIFIED_PUBLISH_PATH|DORMANT|SINGLE_MAINTAINER,1,298,v0.2.0
shuffle-text,0.6.0,25,F,UNVERIFIED_PUBLISH_PATH|SINGLE_MAINTAINER,1,298,v0.2.0
hw-chartjs-plugin-colorschemes,0.6.5,19,F,UNVERIFIED_PUBLISH_PATH|DORMANT|SINGLE_MAINTAINER,1,297,v0.2.0
'@fontsource/adlam-display,5.3.0,81,B,,2,296,v0.2.0
range-slider-element,2.2.0,25,F,UNVERIFIED_PUBLISH_PATH|SINGLE_MAINTAINER,1,296,v0.2.0
jquery-drilldown,1.1.2,14,F,UNVERIFIED_PUBLISH_PATH|DORMANT|SINGLE_MAINTAINER|PUBLISHER_NOT_MAINTAINER,1,295,v0.2.0
'@fontsource/gentium-book-basic,5.3.0,81,B,,2,294,v0.2.0
'@gcba/obelisco-v2,1.16.0,25,F,UNVERIFIED_PUBLISH_PATH|SINGLE_MAINTAINER,1,294,v0.2.0
file-drop-element,1.0.1,19,F,UNVERIFIED_PUBLISH_PATH|DORMANT|SINGLE_MAINTAINER,1,294,v0.2.0
bootstrap-responsive-tabs,2.0.3,19,F,UNVERIFIED_PUBLISH_PATH|DORMANT|SINGLE_MAINTAINER,1,293,v0.2.0
revslider,5.4.201-8.6,19,F,UNVERIFIED_PUBLISH_PATH|DORMANT|SINGLE_MAINTAINER,1,293,v0.2.0
'@fontsource/carme,5.3.0,81,B,,2,292,v0.2.0
emoji-datasource-messenger,4.1.0,14,F,UNVERIFIED_PUBLISH_PATH|DORMANT|SINGLE_MAINTAINER,1,292,v0.2.0
artyom.js,1.0.6,19,F,UNVERIFIED_PUBLISH_PATH|DORMANT|SINGLE_MAINTAINER,1,291,v0.2.0
jquery.mb.ytplayer,3.4.6,25,F,UNVERIFIED_PUBLISH_PATH|SINGLE_MAINTAINER,1,290,v0.2.0
'@zircuit/zircuit-viem,1.1.5,34,F,UNVERIFIED_PUBLISH_PATH,4,289,v0.2.0
html-midi-player,1.6.0,25,F,UNVERIFIED_PUBLISH_PATH|SINGLE_MAINTAINER,1,289,v0.2.0
'@laburen/embeds,1.0.237,21,F,UNVERIFIED_PUBLISH_PATH|SINGLE_MAINTAINER,1,288,v0.2.0
'@scouterna/ui-webc,4.5.1,68,C,SINGLE_MAINTAINER,1,288,v0.2.0
'@trendyol/baklava-icons,1.3.0,73,B,SINGLE_MAINTAINER,1,288,v0.2.0
zurb-twentytwenty,0.1.1,19,F,UNVERIFIED_PUBLISH_PATH|DORMANT|SINGLE_MAINTAINER,1,288,v0.2.0
jquery.autokana,1.0.0,19,F,UNVERIFIED_PUBLISH_PATH|DORMANT|SINGLE_MAINTAINER,1,286,v0.2.0
'@3dish-org/3dish-viewer,1.1.23,21,F,UNVERIFIED_PUBLISH_PATH|SINGLE_MAINTAINER,1,285,v0.2.0
'@chinese-fonts/xiaolai,3.0.0,20,F,UNVERIFIED_PUBLISH_PATH|SINGLE_MAINTAINER,1,284,v0.2.0
layuicdns,1.6.4,25,F,UNVERIFIED_PUBLISH_PATH|SINGLE_MAINTAINER,1,284,v0.2.0
webcrypto-jwt,0.2.2,19,F,UNVERIFIED_PUBLISH_PATH|DORMANT|SINGLE_MAINTAINER,1,284,v0.2.0
'@fontsource/chocolate-classical-sans,5.3.0,81,B,,2,283,v0.2.0
jtippy,1.7.2,19,F,UNVERIFIED_PUBLISH_PATH|DORMANT|SINGLE_MAINTAINER,1,283,v0.2.0
live2d-widgets,1.0.1,25,F,UNVERIFIED_PUBLISH_PATH|SINGLE_MAINTAINER,1,283,v0.2.0
'@fontpkg/alibaba-pu-hui-ti-3-0,3.1.2,20,F,UNVERIFIED_PUBLISH_PATH|SINGLE_MAINTAINER,1,282,v0.2.0
'@fontsource/chiron-goround-tc,5.3.0,81,B,,2,282,v0.2.0
pinch-zoom-element-js,1.1.2,19,F,UNVERIFIED_PUBLISH_PATH|DORMANT|SINGLE_MAINTAINER,1,282,v0.2.0
'@fontsource/milonga,5.3.0,81,B,,2,281,v0.2.0
jquery.initialize,1.3.2,33,F,UNVERIFIED_PUBLISH_PATH|DORMANT,2,281,v0.2.0
'@beeq/core,1.13.0,65,C,INCONSISTENT_PUBLISH_PATH|SINGLE_MAINTAINER,1,280,v0.2.0
'@kvass/widgets,1.10.3,39,D,UNVERIFIED_PUBLISH_PATH,2,280,v0.2.0
a11y-toggle,2.1.0,14,F,UNVERIFIED_PUBLISH_PATH|DORMANT|SINGLE_MAINTAINER|PUBLISHER_NOT_MAINTAINER,1,280,v0.2.0
gotham-fonts,1.0.3,10,F,UNVERIFIED_PUBLISH_PATH|DORMANT|SINGLE_MAINTAINER,1,280,v0.2.0
jquery-sticky-kit,1.1.3,19,F,UNVERIFIED_PUBLISH_PATH|DORMANT|SINGLE_MAINTAINER,1,280,v0.2.0
sgds-govtech,1.3.23,33,F,UNVERIFIED_PUBLISH_PATH|DORMANT,4,279,v0.2.0
tempusdominus-bootstrap,5.37.0,19,F,UNVERIFIED_PUBLISH_PATH|DORMANT|SINGLE_MAINTAINER,1,279,v0.2.0
'@lookscanned/web-dist,2.41.0-git-cec1dd8e94cbc1b09bd7627441650144f7b8458b,21,F,UNVERIFIED_PUBLISH_PATH|SINGLE_MAINTAINER,1,278,v0.2.0
'@digital-realty/ui-inventory,11.0.8,30,F,UNVERIFIED_PUBLISH_PATH,4,277,v0.2.0
jquery-connections,1.0.1,19,F,UNVERIFIED_PUBLISH_PATH|DORMANT|SINGLE_MAINTAINER,1,277,v0.2.0
texme,1.2.2,19,F,UNVERIFIED_PUBLISH_PATH|DORMANT|SINGLE_MAINTAINER,1,276,v0.2.0
disableautofill,4.0.0,19,F,UNVERIFIED_PUBLISH_PATH|DORMANT|SINGLE_MAINTAINER,1,275,v0.2.0
bytebrew-web-sdk,1.0.1,15,F,UNVERIFIED_PUBLISH_PATH|DORMANT|SINGLE_MAINTAINER,1,274,v0.2.0
rasa-webchat,1.0.1,33,F,UNVERIFIED_PUBLISH_PATH|DORMANT,2,274,v0.2.0
nw-style-guide,21.2.11,72,B,INCONSISTENT_PUBLISH_PATH,7,273,v0.2.0
'@tesseract.js-data/osd,1.0.0,19,F,UNVERIFIED_PUBLISH_PATH|DORMANT|SINGLE_MAINTAINER,1,272,v0.2.0
lodash3,3.10.2,39,D,UNVERIFIED_PUBLISH_PATH|DORMANT,3,272,v0.2.0
typecho-joe-next,7.3.6,15,F,UNVERIFIED_PUBLISH_PATH|DORMANT|SINGLE_MAINTAINER,1,272,v0.2.0
'@wf-financing/ui,5.5.2,16,F,UNVERIFIED_PUBLISH_PATH|SINGLE_MAINTAINER,1,271,v0.2.0
'@chatvolt/embeds,4.3.16,25,F,UNVERIFIED_PUBLISH_PATH|SINGLE_MAINTAINER,1,270,v0.2.0
'@deriv-com/webflow-plugins,1.1.3,21,F,UNVERIFIED_PUBLISH_PATH|SINGLE_MAINTAINER,1,270,v0.2.0
mc-datepicker,0.6.5,19,F,UNVERIFIED_PUBLISH_PATH|DORMANT|SINGLE_MAINTAINER,1,270,v0.2.0
htmx-ext-path-params,2.0.2,25,F,UNVERIFIED_PUBLISH_PATH|SINGLE_MAINTAINER,1,269,v0.2.0
semantic-ui-dimmer,2.5.0,19,F,UNVERIFIED_PUBLISH_PATH|DORMANT|SINGLE_MAINTAINER,1,269,v0.2.0
videojs-contextmenu-ui,7.0.0,24,F,UNVERIFIED_PUBLISH_PATH|DORMANT|PUBLISHER_NOT_MAINTAINER,84,269,v0.2.0
'@bebranded/bb-contents,1.1.23,25,F,UNVERIFIED_PUBLISH_PATH|SINGLE_MAINTAINER,1,268,v0.2.0
'@zanichelli/zanichelli-footer,1.1.1,30,F,UNVERIFIED_PUBLISH_PATH,27,267,v0.2.0
baffle,0.3.6,19,F,UNVERIFIED_PUBLISH_PATH|DORMANT|SINGLE_MAINTAINER,1,267,v0.2.0
ai-taxonomist,0.7.0,33,F,UNVERIFIED_PUBLISH_PATH|DORMANT,4,266,v0.2.0
bootstrap-colorselector,0.1.0,19,F,UNVERIFIED_PUBLISH_PATH|DORMANT|SINGLE_MAINTAINER,1,266,v0.2.0
hc-offcanvas-nav,6.2.5,25,F,UNVERIFIED_PUBLISH_PATH|SINGLE_MAINTAINER,1,266,v0.2.0
inputmask.phone,1.0.5,19,F,UNVERIFIED_PUBLISH_PATH|DORMANT|SINGLE_MAINTAINER,1,266,v0.2.0
sharepointplus,6.2.0,19,F,UNVERIFIED_PUBLISH_PATH|DORMANT|SINGLE_MAINTAINER,1,266,v0.2.0
simple-pagination.js,1.6.0,19,F,UNVERIFIED_PUBLISH_PATH|DORMANT|SINGLE_MAINTAINER,1,266,v0.2.0
'@unidy.io/sdk,1.9.1,77,B,INCONSISTENT_PUBLISH_PATH,6,265,v0.2.0
knockout-fast-foreach,0.6.0,19,F,UNVERIFIED_PUBLISH_PATH|DORMANT|SINGLE_MAINTAINER,1,265,v0.2.0
'@fractaledmind/dialog-closedby-polyfill,1.2.5,25,F,UNVERIFIED_PUBLISH_PATH|SINGLE_MAINTAINER,1,264,v0.2.0
'@unlk/keymaster,1.6.6,21,F,UNVERIFIED_PUBLISH_PATH|SINGLE_MAINTAINER,1,264,v0.2.0
ckeditor-full,4.7.3,20,F,UNVERIFIED_PUBLISH_PATH|DORMANT|SINGLE_MAINTAINER,1,264,v0.2.0
material-scrolltop,2.0.1,19,F,UNVERIFIED_PUBLISH_PATH|DORMANT|SINGLE_MAINTAINER,1,264,v0.2.0
scroll-carousel,1.2.7,25,F,UNVERIFIED_PUBLISH_PATH|DORMANT|SINGLE_MAINTAINER,1,264,v0.2.0
twkb,0.2.2,29,F,UNVERIFIED_PUBLISH_PATH|DORMANT,2,264,v0.2.0
'@inpageedit/core,0.18.0,68,C,SINGLE_MAINTAINER,1,263,v0.2.0
'@loomchild/webflow-alpinejs,2.2.0,19,F,UNVERIFIED_PUBLISH_PATH|DORMANT|SINGLE_MAINTAINER,1,263,v0.2.0
theme-toggles,4.10.1,14,F,UNVERIFIED_PUBLISH_PATH|DORMANT|SINGLE_MAINTAINER|DEPRECATED,1,263,v0.2.0
'@whitesev/utils,2.13.0,16,F,UNVERIFIED_PUBLISH_PATH|SINGLE_MAINTAINER,1,261,v0.2.0
siimple,4.4.0,25,F,UNVERIFIED_PUBLISH_PATH|SINGLE_MAINTAINER,1,261,v0.2.0
wonder-image,2.1.1-alpha.3,21,F,UNVERIFIED_PUBLISH_PATH|SINGLE_MAINTAINER,1,261,v0.2.0
'@denali-design/icons,1.2.1,33,F,UNVERIFIED_PUBLISH_PATH|DORMANT,4,260,v0.2.0
'@chinese-fonts/syst,3.0.0,20,F,UNVERIFIED_PUBLISH_PATH|SINGLE_MAINTAINER,1,259,v0.2.0
'@fontsource/im-fell-great-primer,5.3.0,81,B,,2,258,v0.2.0
'@initweb-fr/datacamp,1.0.1,20,F,UNVERIFIED_PUBLISH_PATH|SINGLE_MAINTAINER,1,258,v0.2.0
css-browser-selector,0.6.5,19,F,UNVERIFIED_PUBLISH_PATH|DORMANT|SINGLE_MAINTAINER,1,258,v0.2.0
lightbox,0.5.0,19,F,UNVERIFIED_PUBLISH_PATH|DORMANT|SINGLE_MAINTAINER,1,258,v0.2.0
'@bi-digital/icons,0.12.3,34,F,UNVERIFIED_PUBLISH_PATH,2,257,v0.2.0
'@digital-realty/ix-checkbox,1.4.5,35,D,UNVERIFIED_PUBLISH_PATH,4,257,v0.2.0
'@googledrive/index,2.5.9,21,F,UNVERIFIED_PUBLISH_PATH|SINGLE_MAINTAINER,1,257,v0.2.0
gidx-js,0.6.3,25,F,UNVERIFIED_PUBLISH_PATH|SINGLE_MAINTAINER,1,257,v0.2.0
layui-layer,1.0.9,14,F,UNVERIFIED_PUBLISH_PATH|DORMANT|SINGLE_MAINTAINER,1,257,v0.2.0
'@digital-realty/ix-accordion,1.2.4,35,D,UNVERIFIED_PUBLISH_PATH,4,256,v0.2.0
marvinj,1.0.0,19,F,UNVERIFIED_PUBLISH_PATH|DORMANT|SINGLE_MAINTAINER,1,256,v0.2.0
typeface-bebas-neue,1.1.13,14,F,UNVERIFIED_PUBLISH_PATH|DORMANT|SINGLE_MAINTAINER,1,256,v0.2.0
'@clappr/hlsjs-playback,1.9.4,39,D,UNVERIFIED_PUBLISH_PATH,9,255,v0.2.0
'@covet-pics/covet-pics-widget,0.178.0,25,F,UNVERIFIED_PUBLISH_PATH|SINGLE_MAINTAINER,1,255,v0.2.0
leaflet-overpass-layer,2.9.0,19,F,UNVERIFIED_PUBLISH_PATH|DORMANT|SINGLE_MAINTAINER,1,255,v0.2.0
litepicker-module-ranges,0.0.4,19,F,UNVERIFIED_PUBLISH_PATH|DORMANT|SINGLE_MAINTAINER|DEPRECATED,1,255,v0.2.0
'@bostonuniversity/bulib-wc,0.1.75,33,F,UNVERIFIED_PUBLISH_PATH|DORMANT,8,251,v0.2.0
'@contactlab/ds-tokens,3.6.0,39,D,UNVERIFIED_PUBLISH_PATH,6,251,v0.2.0
microtsm,0.0.77,25,F,UNVERIFIED_PUBLISH_PATH|SINGLE_MAINTAINER,1,251,v0.2.0
select-woo,1.0.1,14,F,UNVERIFIED_PUBLISH_PATH|DORMANT|SINGLE_MAINTAINER,1,251,v0.2.0
'@dadata/suggestions,26.3.0,25,F,UNVERIFIED_PUBLISH_PATH|SINGLE_MAINTAINER,1,249,v0.2.0
'@noonnu/nanum-square-neo-variable,0.1.0,14,F,UNVERIFIED_PUBLISH_PATH|DORMANT|SINGLE_MAINTAINER,1,249,v0.2.0
luxy.js,0.1.0,19,F,UNVERIFIED_PUBLISH_PATH|DORMANT|SINGLE_MAINTAINER,1,249,v0.2.0
mediabox,1.1.3,19,F,UNVERIFIED_PUBLISH_PATH|DORMANT|SINGLE_MAINTAINER,1,249,v0.2.0
cq-prolyfill,0.4.0,19,F,UNVERIFIED_PUBLISH_PATH|DORMANT|SINGLE_MAINTAINER,1,248,v0.2.0
jquery-select-areas,0.1.0,19,F,UNVERIFIED_PUBLISH_PATH|DORMANT|SINGLE_MAINTAINER,1,248,v0.2.0
leaflet-svg-shape-markers,1.4.0,15,F,UNVERIFIED_PUBLISH_PATH|DORMANT|SINGLE_MAINTAINER,1,247,v0.2.0
symbol-es6,0.1.2,19,F,UNVERIFIED_PUBLISH_PATH|DORMANT|SINGLE_MAINTAINER,1,247,v0.2.0
wheelzoom,4.0.1,19,F,UNVERIFIED_PUBLISH_PATH|DORMANT|SINGLE_MAINTAINER,1,247,v0.2.0
jwplayer-video-element,1.3.5,71,B,,2,245,v0.2.0
'@fontsource/rubik-gemstones,5.3.0,81,B,,2,243,v0.2.0
'@hackmd/emojify.js,3.0.2,39,D,UNVERIFIED_PUBLISH_PATH,3,243,v0.2.0
jquery.toc,0.4.0,19,F,UNVERIFIED_PUBLISH_PATH|DORMANT|SINGLE_MAINTAINER,1,243,v0.2.0
table2excel,1.0.4,19,F,UNVERIFIED_PUBLISH_PATH|DORMANT|SINGLE_MAINTAINER,1,243,v0.2.0
algoliasearch.zendesk-hc,3.0.0,39,D,UNVERIFIED_PUBLISH_PATH,65,242,v0.2.0
'@bentopdf/pymupdf-wasm,0.11.16,67,C,SINGLE_MAINTAINER,1,241,v0.2.0
'@rive-app/flutter-native-wasm,43.0.0,34,F,UNVERIFIED_PUBLISH_PATH|BRANCH_REQUIRES_PR,5,241,v0.2.0
glidejs,2.1.0,19,F,UNVERIFIED_PUBLISH_PATH|DORMANT|SINGLE_MAINTAINER|DEPRECATED,1,240,v0.2.0
ractive-transitions-fly,0.3.0,19,F,UNVERIFIED_PUBLISH_PATH|DORMANT|SINGLE_MAINTAINER,1,240,v0.2.0
evo-calendar,1.1.3,19,F,UNVERIFIED_PUBLISH_PATH|DORMANT|SINGLE_MAINTAINER,1,239,v0.2.0
jquery-slinky,4.2.1,19,F,UNVERIFIED_PUBLISH_PATH|DORMANT|SINGLE_MAINTAINER,1,239,v0.2.0
'@digital-realty/ix-label-tag,2.4.4,35,D,UNVERIFIED_PUBLISH_PATH,4,238,v0.2.0
'@uoguelph/web-components,2.1.2,39,D,UNVERIFIED_PUBLISH_PATH,5,238,v0.2.0
desvg,1.0.2,19,F,UNVERIFIED_PUBLISH_PATH|DORMANT|SINGLE_MAINTAINER,1,238,v0.2.0
simple-jekyll-search,1.10.0,19,F,UNVERIFIED_PUBLISH_PATH|DORMANT|SINGLE_MAINTAINER,1,238,v0.2.0
vanilla-hcaptcha,1.0.3,15,F,UNVERIFIED_PUBLISH_PATH|DORMANT|SINGLE_MAINTAINER,1,238,v0.2.0
rozmova-analytics,1.1.57,16,F,UNVERIFIED_PUBLISH_PATH|SINGLE_MAINTAINER,1,237,v0.2.0
v-google-translate,1.0.1,19,F,UNVERIFIED_PUBLISH_PATH|DORMANT|SINGLE_MAINTAINER,1,237,v0.2.0
'@cycjimmy/swiper-animation,6.0.3,19,F,UNVERIFIED_PUBLISH_PATH|DORMANT|SINGLE_MAINTAINER,1,236,v0.2.0
'@digital-realty/ix-email-list,1.4.4,35,D,UNVERIFIED_PUBLISH_PATH,4,236,v0.2.0
'@mladenilic/threesixty.js,1.3.0,19,F,UNVERIFIED_PUBLISH_PATH|DORMANT|SINGLE_MAINTAINER,1,236,v0.2.0
'@digital-realty/ix-multi-select,1.3.5,35,D,UNVERIFIED_PUBLISH_PATH,4,235,v0.2.0
cn-fontsource-source-han-serif-sc-vf,1.0.9,19,F,UNVERIFIED_PUBLISH_PATH|DORMANT|SINGLE_MAINTAINER,1,235,v0.2.0
share-buttons,1.10.0,25,F,UNVERIFIED_PUBLISH_PATH|SINGLE_MAINTAINER,1,235,v0.2.0
statsig-sidecar-v2-beta,2.6.3,39,D,UNVERIFIED_PUBLISH_PATH,7,235,v0.2.0
swiftype-autocomplete-jquery,1.2.0,14,F,UNVERIFIED_PUBLISH_PATH|DORMANT|SINGLE_MAINTAINER,1,235,v0.2.0
tempusdominus-bootstrap-3,5.0.0-alpha10,33,F,UNVERIFIED_PUBLISH_PATH|DORMANT,2,235,v0.2.0
typeface-minecraft,1.0.0,14,F,UNVERIFIED_PUBLISH_PATH|DORMANT|SINGLE_MAINTAINER,1,235,v0.2.0
x-mega-menu,1.4.1,33,F,UNVERIFIED_PUBLISH_PATH|DORMANT,2,235,v0.2.0
'@digital-realty/ix-divider,1.3.4,35,D,UNVERIFIED_PUBLISH_PATH,4,234,v0.2.0
'@moxiworks/mds,0.25.1,29,F,UNVERIFIED_PUBLISH_PATH|DORMANT,6,234,v0.2.0
iframe-lightbox,0.2.12,25,F,UNVERIFIED_PUBLISH_PATH|SINGLE_MAINTAINER,1,234,v0.2.0
leaflet-graticule,0.0.1,19,F,UNVERIFIED_PUBLISH_PATH|DORMANT|SINGLE_MAINTAINER,1,234,v0.2.0
'@addresszen/address-lookup,2.4.0,26,F,UNVERIFIED_PUBLISH_PATH|SINGLE_MAINTAINER,1,233,v0.2.0
'@aws/amazon-location-client,1.3.2,94,A,,4,233,v0.2.0
'@qpokychuk/gilroy,1.0.2,10,F,UNVERIFIED_PUBLISH_PATH|DORMANT|SINGLE_MAINTAINER,1,233,v0.2.0
js-info-bubble,0.8.0,19,F,UNVERIFIED_PUBLISH_PATH|DORMANT|SINGLE_MAINTAINER,1,233,v0.2.0
'@fontsource/ar-one-sans,5.3.0,81,B,,2,232,v0.2.0
'@icon/dashicons,0.9.0-alpha.4,33,F,UNVERIFIED_PUBLISH_PATH|DORMANT,2,232,v0.2.0
mt-boost,1.0.46,10,F,UNVERIFIED_PUBLISH_PATH|DORMANT|SINGLE_MAINTAINER,1,232,v0.2.0
ux-select,2.8.0,25,F,UNVERIFIED_PUBLISH_PATH|SINGLE_MAINTAINER,1,231,v0.2.0
'@mui-symbols-material/w500,0.4.1,14,F,UNVERIFIED_PUBLISH_PATH|DORMANT|SINGLE_MAINTAINER,1,230,v0.2.0
'@pie-api/pie-api-components,5.16.1,39,D,UNVERIFIED_PUBLISH_PATH,5,230,v0.2.0
tinymce-all-in-one,4.9.5,15,F,UNVERIFIED_PUBLISH_PATH|DORMANT|SINGLE_MAINTAINER,1,230,v0.2.0
'@govtechsg/sgds-masthead,0.0.20,28,F,UNVERIFIED_PUBLISH_PATH|DORMANT|DEPRECATED,14,229,v0.2.0
'@nent/core,0.10.8,33,F,UNVERIFIED_PUBLISH_PATH|DORMANT,2,229,v0.2.0
'@safepassage/sdk,3.5.4,39,D,UNVERIFIED_PUBLISH_PATH,2,229,v0.2.0
'@sr-connect/jira-cloud,1.5.0,30,F,UNVERIFIED_PUBLISH_PATH,8,229,v0.2.0
easy-tooltips,3.1.0,25,F,UNVERIFIED_PUBLISH_PATH|SINGLE_MAINTAINER,1,229,v0.2.0
polipop,1.0.0,19,F,UNVERIFIED_PUBLISH_PATH|DORMANT|SINGLE_MAINTAINER,1,229,v0.2.0
'@newrelic/video-shaka,4.1.3,68,C,SINGLE_MAINTAINER,1,227,v0.2.0
'@reform-society/agera-webflow,0.5.10,25,F,UNVERIFIED_PUBLISH_PATH|SINGLE_MAINTAINER,1,227,v0.2.0
ableplayer,5.0.0,25,F,UNVERIFIED_PUBLISH_PATH|SINGLE_MAINTAINER,1,227,v0.2.0
md5-js-tools,1.0.2,19,F,UNVERIFIED_PUBLISH_PATH|DORMANT|SINGLE_MAINTAINER,1,227,v0.2.0
nonblockjs,1.0.8,19,F,UNVERIFIED_PUBLISH_PATH|DORMANT|SINGLE_MAINTAINER,1,227,v0.2.0
responsive-tabs,1.6.3,19,F,UNVERIFIED_PUBLISH_PATH|DORMANT|SINGLE_MAINTAINER,1,227,v0.2.0
'@developerportalsg/docsify-sidebar-collapse,2.2.0,33,F,UNVERIFIED_PUBLISH_PATH|DORMANT,3,226,v0.2.0
eruda-dom,2.0.0,19,F,UNVERIFIED_PUBLISH_PATH|DORMANT|SINGLE_MAINTAINER,1,225,v0.2.0
jquery-table2excel,1.1.1,19,F,UNVERIFIED_PUBLISH_PATH|DORMANT|SINGLE_MAINTAINER,1,225,v0.2.0
rolldate,3.1.3,19,F,UNVERIFIED_PUBLISH_PATH|DORMANT|SINGLE_MAINTAINER,1,225,v0.2.0
jquery-bgiframe,3.0.1,14,F,UNVERIFIED_PUBLISH_PATH|DORMANT|SINGLE_MAINTAINER,1,224,v0.2.0
lxgw-wenkai-gb-web,1.522.0,73,B,SINGLE_MAINTAINER,1,224,v0.2.0
table2csv,1.1.6,19,F,UNVERIFIED_PUBLISH_PATH|DORMANT|SINGLE_MAINTAINER,1,224,v0.2.0
'@tsparticles/ribbons,4.3.2,69,C,INCONSISTENT_PUBLISH_PATH|SINGLE_MAINTAINER,1,223,v0.2.0
jquery-qrcode2,0.17.0,19,F,UNVERIFIED_PUBLISH_PATH|DORMANT|SINGLE_MAINTAINER,1,223,v0.2.0
'@fontsource/akatab,5.3.0,81,B,,2,222,v0.2.0
'@twind/cdn,1.0.8,21,F,UNVERIFIED_PUBLISH_PATH|DORMANT|SINGLE_MAINTAINER,1,222,v0.2.0
dripicons,2.0.0,14,F,UNVERIFIED_PUBLISH_PATH|DORMANT|SINGLE_MAINTAINER|PUBLISHER_NOT_MAINTAINER|DEPRECATED,1,222,v0.2.0
denali-icon-font,1.8.0,33,F,UNVERIFIED_PUBLISH_PATH|DORMANT,4,221,v0.2.0
hi-base64,0.5.0,25,F,UNVERIFIED_PUBLISH_PATH|SINGLE_MAINTAINER,1,221,v0.2.0
inclusive-dates,0.1.10,19,F,UNVERIFIED_PUBLISH_PATH|DORMANT|SINGLE_MAINTAINER,1,221,v0.2.0
apexstock,0.3.1,73,B,SINGLE_MAINTAINER,1,219,v0.2.0
'@orbitellabs/chatbot-sdk,2.0.5,21,F,UNVERIFIED_PUBLISH_PATH|SINGLE_MAINTAINER,1,218,v0.2.0
'@vntana/viewer,3.0.0,30,F,UNVERIFIED_PUBLISH_PATH,5,218,v0.2.0
juxtaposejs,1.1.6,19,F,UNVERIFIED_PUBLISH_PATH|DORMANT|SINGLE_MAINTAINER,1,218,v0.2.0
'@alfatech/livechat,2026.6.1-2.1,35,D,UNVERIFIED_PUBLISH_PATH,2,217,v0.2.0
hanzi-writer-data-jp,0.0.2,19,F,UNVERIFIED_PUBLISH_PATH|DORMANT|SINGLE_MAINTAINER,1,216,v0.2.0
jqplot,1.0.9,10,F,UNVERIFIED_PUBLISH_PATH|DORMANT|SINGLE_MAINTAINER,1,216,v0.2.0
'@a1rth/css-normalize,1.2.4,25,F,UNVERIFIED_PUBLISH_PATH|SINGLE_MAINTAINER,1,215,v0.2.0
fastbootstrap,2.2.0,19,F,UNVERIFIED_PUBLISH_PATH|DORMANT|SINGLE_MAINTAINER,1,215,v0.2.0
jquery-multiselect-checkbox,3.13.0,19,F,UNVERIFIED_PUBLISH_PATH|DORMANT|SINGLE_MAINTAINER,1,215,v0.2.0
printthis,0.1.5,19,F,UNVERIFIED_PUBLISH_PATH|DORMANT|SINGLE_MAINTAINER,1,215,v0.2.0
'@spw-ds/spw-stencil-library,1.17.1,35,D,UNVERIFIED_PUBLISH_PATH,2,214,v0.2.0
'@digital-realty/ix-account-switcher,1.3.9,35,D,UNVERIFIED_PUBLISH_PATH,4,213,v0.2.0
'@lobehub/webfont-harmony-sans-sc,1.0.0,33,F,UNVERIFIED_PUBLISH_PATH|DORMANT,9,213,v0.2.0
'@digital-realty/ui-user-management,12.0.10,30,F,UNVERIFIED_PUBLISH_PATH,4,212,v0.2.0
40phaser,1.1.1,14,F,UNVERIFIED_PUBLISH_PATH|DORMANT|SINGLE_MAINTAINER|PUBLISHER_NOT_MAINTAINER,1,211,v0.2.0
'@digital-realty/ix-chip,1.3.4,35,D,UNVERIFIED_PUBLISH_PATH,4,211,v0.2.0
'@xz/fonts,1.0.2,19,F,UNVERIFIED_PUBLISH_PATH|DORMANT|SINGLE_MAINTAINER,1,211,v0.2.0
cn-fontsource-source-han-serif-sc-vf-regular,1.0.1,19,F,UNVERIFIED_PUBLISH_PATH|DORMANT|SINGLE_MAINTAINER,1,211,v0.2.0
eldarion-ajax,0.16.0,19,F,UNVERIFIED_PUBLISH_PATH|DORMANT|SINGLE_MAINTAINER,1,211,v0.2.0
tripetto-runner-autoscroll,6.1.9,15,F,UNVERIFIED_PUBLISH_PATH|DORMANT|SINGLE_MAINTAINER|DEPRECATED,1,211,v0.2.0
'@chinese-fonts/dyh,3.0.0,20,F,UNVERIFIED_PUBLISH_PATH|SINGLE_MAINTAINER,1,210,v0.2.0
cn-fontsource-lxgw-wen-kai-screen,1.0.6,19,F,UNVERIFIED_PUBLISH_PATH|DORMANT|SINGLE_MAINTAINER,1,209,v0.2.0
docsify-darklight-theme,3.2.0,19,F,UNVERIFIED_PUBLISH_PATH|DORMANT|SINGLE_MAINTAINER,1,209,v0.2.0
dbip-city-lite,1.0.15,73,B,SINGLE_MAINTAINER,1,208,v0.2.0
'@mezereon/ui-shopify,2.0.9,21,F,UNVERIFIED_PUBLISH_PATH|SINGLE_MAINTAINER,1,207,v0.2.0
'@openfonts/noto-sans-sc_chinese-simplified,1.44.9,14,F,UNVERIFIED_PUBLISH_PATH|DORMANT|SINGLE_MAINTAINER,1,207,v0.2.0
'@typopro/web-open-sans,3.7.5,14,F,UNVERIFIED_PUBLISH_PATH|DORMANT|SINGLE_MAINTAINER,1,207,v0.2.0
sofya.transcription,0.0.20,21,F,UNVERIFIED_PUBLISH_PATH|SINGLE_MAINTAINER,1,207,v0.2.0
'@record-evolution/widget-image,1.1.20,25,F,UNVERIFIED_PUBLISH_PATH|SINGLE_MAINTAINER,1,206,v0.2.0
jquery.equalheights,1.5.3,19,F,UNVERIFIED_PUBLISH_PATH|DORMANT|SINGLE_MAINTAINER,1,206,v0.2.0
roaarrr-browser,1.0.8,25,F,UNVERIFIED_PUBLISH_PATH|SINGLE_MAINTAINER,1,206,v0.2.0
vast-player,0.2.10,19,F,UNVERIFIED_PUBLISH_PATH|DORMANT|SINGLE_MAINTAINER,1,206,v0.2.0
veris-storybook-beta,0.1.81-react-upgrade,39,D,UNVERIFIED_PUBLISH_PATH,3,206,v0.2.0
'@depict-ai/utilishared,2.6.6,35,D,UNVERIFIED_PUBLISH_PATH,2,205,v0.2.0
'@marcreichel/alpine-typewriter,1.2.1,19,F,UNVERIFIED_PUBLISH_PATH|DORMANT|SINGLE_MAINTAINER,1,204,v0.2.0
'@synapxlab/cookie-consent,2.5.1,25,F,UNVERIFIED_PUBLISH_PATH|SINGLE_MAINTAINER,1,204,v0.2.0
anzhiyu-theme-static,1.1.10,10,F,UNVERIFIED_PUBLISH_PATH|DORMANT|SINGLE_MAINTAINER,1,204,v0.2.0
'@feedmepos/mf-e-invoice,0.0.87-prod,35,D,UNVERIFIED_PUBLISH_PATH,3,203,v0.2.0
'@swarmcloud/hls,2.18.0,25,F,UNVERIFIED_PUBLISH_PATH|SINGLE_MAINTAINER,1,203,v0.2.0
snapdom,0.1.2,19,F,UNVERIFIED_PUBLISH_PATH|DORMANT|SINGLE_MAINTAINER,1,203,v0.2.0
typecho_joe_theme,4.4.5,5,F,UNVERIFIED_PUBLISH_PATH|DORMANT|SINGLE_MAINTAINER|PUBLISHER_NOT_MAINTAINER,1,203,v0.2.0
'@apollosproject/apollos-embeds,0.2.43,77,B,INCONSISTENT_PUBLISH_PATH,7,202,v0.2.0
'@sprinklrjs/spaceweb,14.11.4,35,D,UNVERIFIED_PUBLISH_PATH,3,202,v0.2.0
emoji-button,2.2.2,19,F,UNVERIFIED_PUBLISH_PATH|DORMANT|SINGLE_MAINTAINER|DEPRECATED,1,202,v0.2.0
dynamsoft-code-parser,2.4.32,24,F,UNVERIFIED_PUBLISH_PATH|DORMANT|DEPRECATED,4,201,v0.2.0
waitme,1.19.0,14,F,UNVERIFIED_PUBLISH_PATH|DORMANT|SINGLE_MAINTAINER,1,201,v0.2.0
'@blackpurl/web-components,0.1.1-beta.31,35,D,UNVERIFIED_PUBLISH_PATH,3,200,v0.2.0
'@bmg.studio/form,1.5.2,15,F,UNVERIFIED_PUBLISH_PATH|DORMANT|SINGLE_MAINTAINER,1,200,v0.2.0
'@microblink/blinkcard,3000.0.8,65,C,INCONSISTENT_PUBLISH_PATH|SINGLE_MAINTAINER,1,200,v0.2.0
'@microlink/vanilla,5.5.25,25,F,UNVERIFIED_PUBLISH_PATH|SINGLE_MAINTAINER,1,200,v0.2.0
'@promakeai/inspector,1.7.6,35,D,UNVERIFIED_PUBLISH_PATH,2,200,v0.2.0
'@tannerhodges/snap-slider,2.0.3,19,F,UNVERIFIED_PUBLISH_PATH|DORMANT|SINGLE_MAINTAINER,1,200,v0.2.0
'@dubai-design-system/components-js,3.12.16,35,D,UNVERIFIED_PUBLISH_PATH,3,199,v0.2.0
jquery.sticky,0.2.1,19,F,UNVERIFIED_PUBLISH_PATH|DORMANT|SINGLE_MAINTAINER,1,199,v0.2.0
drawsvg,1.1.0,19,F,UNVERIFIED_PUBLISH_PATH|DORMANT|SINGLE_MAINTAINER,1,198,v0.2.0
scroll-watcher,2.2.0,19,F,UNVERIFIED_PUBLISH_PATH|DORMANT|SINGLE_MAINTAINER,1,197,v0.2.0
'@everymatrix/stage-mm-verification-report,1.1.63,35,D,UNVERIFIED_PUBLISH_PATH,21,196,v0.2.0
'@johanaarstein/dotlottie-player,1.5.23,19,F,UNVERIFIED_PUBLISH_PATH|DORMANT|SINGLE_MAINTAINER|DEPRECATED,1,196,v0.2.0
'@mycujoo/videojs-hls-quality-selector,1.1.5-rc.4,33,F,UNVERIFIED_PUBLISH_PATH|DORMANT,16,196,v0.2.0
jquery.skeleton.loader,1.2.0,19,F,UNVERIFIED_PUBLISH_PATH|DORMANT|SINGLE_MAINTAINER,1,196,v0.2.0
ovenlivekit,1.5.8,25,F,UNVERIFIED_PUBLISH_PATH|SINGLE_MAINTAINER,1,196,v0.2.0
webstorage-polyfill,1.0.1,14,F,UNVERIFIED_PUBLISH_PATH|DORMANT|SINGLE_MAINTAINER|PUBLISHER_NOT_MAINTAINER,1,196,v0.2.0
'@d8a-tech/wt,1.4.2,73,B,SINGLE_MAINTAINER,1,195,v0.2.0
'@fontsource/akt,5.3.0,81,B,,2,194,v0.2.0
jquery-countup,1.0.1,19,F,UNVERIFIED_PUBLISH_PATH|DORMANT|SINGLE_MAINTAINER,1,194,v0.2.0
jsmart,4.0.0,19,F,UNVERIFIED_PUBLISH_PATH|DORMANT|SINGLE_MAINTAINER,1,194,v0.2.0
'@depict-ai/dpc,2.6.10,35,D,UNVERIFIED_PUBLISH_PATH,2,193,v0.2.0
tc-string-parse,1.3.0,19,F,UNVERIFIED_PUBLISH_PATH|DORMANT|SINGLE_MAINTAINER,1,193,v0.2.0
zebra-browser-print-min,3.0.216,10,F,UNVERIFIED_PUBLISH_PATH|DORMANT|SINGLE_MAINTAINER,1,193,v0.2.0
'@europeana/feedback-widget,0.5.5,34,F,UNVERIFIED_PUBLISH_PATH,4,192,v0.2.0
'@tinybirdco/flock.js,1.7.1,25,F,UNVERIFIED_PUBLISH_PATH|SINGLE_MAINTAINER,1,192,v0.2.0
commonjs-require,1.4.6,19,F,UNVERIFIED_PUBLISH_PATH|DORMANT|SINGLE_MAINTAINER,1,191,v0.2.0
robinclientjs,1.0.11,21,F,UNVERIFIED_PUBLISH_PATH|SINGLE_MAINTAINER,1,191,v0.2.0
'@jpeer/jquery.dotdotdot,1.8.3,19,F,UNVERIFIED_PUBLISH_PATH|DORMANT|SINGLE_MAINTAINER,1,190,v0.2.0
'@positioner/psk-gallery,1.1.0-15,39,D,UNVERIFIED_PUBLISH_PATH,4,190,v0.2.0
'@typehaus/metropolis,12.0.0-next.7,28,F,UNVERIFIED_PUBLISH_PATH|DORMANT,2,190,v0.2.0
amazeui,2.7.2,46,D,UNVERIFIED_PUBLISH_PATH|DORMANT,2,190,v0.2.0
dflip,1.0.0,10,F,UNVERIFIED_PUBLISH_PATH|DORMANT|SINGLE_MAINTAINER,1,190,v0.2.0
user-experior-web,0.3.28,21,F,UNVERIFIED_PUBLISH_PATH|SINGLE_MAINTAINER,1,189,v0.2.0
'@aurodesignsystem/auro-sidenav,5.1.1,89,A,,8,188,v0.2.0
cn-fontsource-alimama-dong-fang-da-kai-regular,1.0.3,19,F,UNVERIFIED_PUBLISH_PATH|DORMANT|SINGLE_MAINTAINER,1,187,v0.2.0
mona-sans,1.0.0,14,F,UNVERIFIED_PUBLISH_PATH|DORMANT|SINGLE_MAINTAINER,1,187,v0.2.0
'@digital-realty/ix-tree,3.4.8,35,D,UNVERIFIED_PUBLISH_PATH,4,186,v0.2.0
'@mobiloud/ml-smart-banner,1.4.0,25,F,UNVERIFIED_PUBLISH_PATH|SINGLE_MAINTAINER,1,186,v0.2.0
'@vital-ai/vital-agent-container-client-nodejs,1.0.0,39,D,UNVERIFIED_PUBLISH_PATH,4,186,v0.2.0
hemfixarna-web-components,1.8.23,35,D,UNVERIFIED_PUBLISH_PATH,3,186,v0.2.0
live2d-widget-model-hibiki,1.0.5,28,F,UNVERIFIED_PUBLISH_PATH|DORMANT,2,186,v0.2.0
mergn-webapp-sdk,1.0.280,35,D,UNVERIFIED_PUBLISH_PATH,4,186,v0.2.0
owl.carousel2.thumbs,0.1.8,19,F,UNVERIFIED_PUBLISH_PATH|DORMANT|SINGLE_MAINTAINER,1,186,v0.2.0
typeface-nanum-square-neo,0.0.6,19,F,UNVERIFIED_PUBLISH_PATH|DORMANT|SINGLE_MAINTAINER,1,186,v0.2.0
jquery-bonsai,2.1.3,19,F,UNVERIFIED_PUBLISH_PATH|DORMANT|SINGLE_MAINTAINER,1,185,v0.2.0
videojs-resolution-switcher-vjs7,1.0.0,10,F,UNVERIFIED_PUBLISH_PATH|DORMANT|SINGLE_MAINTAINER,1,185,v0.2.0
typeface-nanum-square,1.1.0,19,F,UNVERIFIED_PUBLISH_PATH|DORMANT|SINGLE_MAINTAINER,1,184,v0.2.0
'@aurodesignsystem/auro-background,5.0.1,89,A,,8,183,v0.2.0
'@bmlt-enabled/croutonjs,4.1.12,84,B,INCONSISTENT_PUBLISH_PATH,5,183,v0.2.0
'@stlite/mountable,0.75.0,14,F,UNVERIFIED_PUBLISH_PATH|DORMANT|SINGLE_MAINTAINER|DEPRECATED,1,183,v0.2.0
busy-load,0.1.2,19,F,UNVERIFIED_PUBLISH_PATH|DORMANT|SINGLE_MAINTAINER,1,183,v0.2.0
'@cgtic-cps/web,1.8.3,20,F,UNVERIFIED_PUBLISH_PATH|SINGLE_MAINTAINER,1,182,v0.2.0
'@dmvs-apac/dm-custom-embed,1.5.29,25,F,UNVERIFIED_PUBLISH_PATH|DORMANT|SINGLE_MAINTAINER,1,182,v0.2.0
credit-card-logos,1.0.5,19,F,UNVERIFIED_PUBLISH_PATH|DORMANT|SINGLE_MAINTAINER,1,182,v0.2.0
neffos.js,0.1.34,19,F,UNVERIFIED_PUBLISH_PATH|DORMANT|SINGLE_MAINTAINER,1,182,v0.2.0
'@pardnchiu/nanojson,1.2.1,25,F,UNVERIFIED_PUBLISH_PATH|SINGLE_MAINTAINER,1,181,v0.2.0
'@noli42/chosen,3.1.3,25,F,UNVERIFIED_PUBLISH_PATH|SINGLE_MAINTAINER,1,180,v0.2.0
dubai-font,1.1.1,19,F,UNVERIFIED_PUBLISH_PATH|DORMANT|SINGLE_MAINTAINER|DEPRECATED,1,180,v0.2.0
use-bootstrap-tag,2.2.2,14,F,UNVERIFIED_PUBLISH_PATH|DORMANT|SINGLE_MAINTAINER,1,180,v0.2.0
'@engie-group/fluid-design-system-webcomponents,6.3.0,34,F,UNVERIFIED_PUBLISH_PATH,2,179,v0.2.0
'@flasher/flasher,2.2.0,21,F,UNVERIFIED_PUBLISH_PATH|SINGLE_MAINTAINER,1,179,v0.2.0
'@penn-libraries/web,1.4.0,21,F,UNVERIFIED_PUBLISH_PATH|SINGLE_MAINTAINER,1,178,v0.2.0
dragtable,2.0.12,15,F,UNVERIFIED_PUBLISH_PATH|DORMANT|SINGLE_MAINTAINER,1,178,v0.2.0
interactiveimagejs,2.7.1,19,F,UNVERIFIED_PUBLISH_PATH|DORMANT|SINGLE_MAINTAINER,1,178,v0.2.0
xtra-web-components,1.1.4,21,F,UNVERIFIED_PUBLISH_PATH|SINGLE_MAINTAINER,1,178,v0.2.0
'@websolutespa/llm-farmaciacarli,1.0.23,39,D,UNVERIFIED_PUBLISH_PATH,8,176,v0.2.0
'@zendeskgarden/css-menus,9.0.20,26,F,UNVERIFIED_PUBLISH_PATH|DORMANT|SINGLE_MAINTAINER|DEPRECATED,1,176,v0.2.0
jquery.mb.browser,1.0.0,19,F,UNVERIFIED_PUBLISH_PATH|DORMANT|SINGLE_MAINTAINER,1,176,v0.2.0
accessibility-widgets,2.0.14,25,F,UNVERIFIED_PUBLISH_PATH|SINGLE_MAINTAINER,1,175,v0.2.0
es2020,1.1.9,33,F,UNVERIFIED_PUBLISH_PATH|DORMANT,3,175,v0.2.0
futura-font,1.0.0,19,F,UNVERIFIED_PUBLISH_PATH|DORMANT|SINGLE_MAINTAINER,1,175,v0.2.0
jquery-twzipcode,1.7.15-rc1,14,F,UNVERIFIED_PUBLISH_PATH|DORMANT|SINGLE_MAINTAINER,1,175,v0.2.0
'@workco/pannellum-react,1.2.5,33,F,UNVERIFIED_PUBLISH_PATH|DORMANT,5,174,v0.2.0
timezone-picker,2.0.0-1,19,F,UNVERIFIED_PUBLISH_PATH|DORMANT|SINGLE_MAINTAINER,1,174,v0.2.0
'@activix/double-scroll,1.0.2,29,F,UNVERIFIED_PUBLISH_PATH|DORMANT,6,173,v0.2.0
'@allenai/varnish,3.0.12,33,F,UNVERIFIED_PUBLISH_PATH|DORMANT,9,173,v0.2.0
'@giovaniortolanibarbosa/google-tag-linker,0.2.0,25,F,UNVERIFIED_PUBLISH_PATH|SINGLE_MAINTAINER,1,173,v0.2.0
'@prefecthq/prefab-ui,0.20.2,77,B,INCONSISTENT_PUBLISH_PATH,3,173,v0.2.0
bootstrap-typeahead,2.3.2,10,F,UNVERIFIED_PUBLISH_PATH|DORMANT|SINGLE_MAINTAINER,1,173,v0.2.0
leaflet.pancontrol,1.0.0,33,F,UNVERIFIED_PUBLISH_PATH|DORMANT,3,173,v0.2.0
minigrid,3.1.1,19,F,UNVERIFIED_PUBLISH_PATH|DORMANT|SINGLE_MAINTAINER,1,173,v0.2.0
slick-carousel-latest,1.9.0,19,F,UNVERIFIED_PUBLISH_PATH|DORMANT|SINGLE_MAINTAINER,1,173,v0.2.0
'@lobehub/fluent-emoji-modern,1.0.0,33,F,UNVERIFIED_PUBLISH_PATH|DORMANT,9,172,v0.2.0
'@mgdis/mg-components,6.25.0,30,F,UNVERIFIED_PUBLISH_PATH,7,172,v0.2.0
'@widgetbot/crate,3.9.1,71,B,INCONSISTENT_PUBLISH_PATH,5,172,v0.2.0
fontawesome6pro,1.0.3,25,F,UNVERIFIED_PUBLISH_PATH|SINGLE_MAINTAINER,1,172,v0.2.0
'@axa-ch/button,8.2.5,28,F,UNVERIFIED_PUBLISH_PATH|DORMANT|PUBLISHER_NOT_MAINTAINER|DEPRECATED,5,171,v0.2.0
'@zendeskgarden/css-arrows,3.1.4,26,F,UNVERIFIED_PUBLISH_PATH|DORMANT|SINGLE_MAINTAINER|DEPRECATED,1,171,v0.2.0
unslider,2.0.3,19,F,UNVERIFIED_PUBLISH_PATH|DORMANT|SINGLE_MAINTAINER,1,171,v0.2.0
country-code-flag-phone-extension-json,1.0.2,19,F,UNVERIFIED_PUBLISH_PATH|DORMANT|SINGLE_MAINTAINER,1,170,v0.2.0
textfilljs,1.0.3-a,19,F,UNVERIFIED_PUBLISH_PATH|DORMANT|SINGLE_MAINTAINER,1,170,v0.2.0
'@algolia/algoliasearch-netlify-frontend,1.0.15,28,F,UNVERIFIED_PUBLISH_PATH|DORMANT|PUBLISHER_NOT_MAINTAINER,11,169,v0.2.0
'@vexia/vx-tag,1.2.0,35,D,UNVERIFIED_PUBLISH_PATH,3,169,v0.2.0
native-toast,2.0.0,33,F,UNVERIFIED_PUBLISH_PATH|DORMANT,2,168,v0.2.0
'@digital-realty/ix-toast,1.3.5,35,D,UNVERIFIED_PUBLISH_PATH,4,167,v0.2.0
'@feedmepos/mf-financing,0.0.2,35,D,UNVERIFIED_PUBLISH_PATH,3,167,v0.2.0
'@zendeskgarden/css-modals,6.4.21,26,F,UNVERIFIED_PUBLISH_PATH|DORMANT|SINGLE_MAINTAINER|DEPRECATED,1,167,v0.2.0
accessible-menu-bootstrap-5,2.1.0,19,F,UNVERIFIED_PUBLISH_PATH|DORMANT|SINGLE_MAINTAINER,1,167,v0.2.0
rich-marker,0.0.1,14,F,UNVERIFIED_PUBLISH_PATH|DORMANT|SINGLE_MAINTAINER,1,166,v0.2.0
'@lemonadejs/studio,5.7.14,25,F,UNVERIFIED_PUBLISH_PATH|SINGLE_MAINTAINER,1,165,v0.2.0
jquerykeyframes,2.0.0,25,F,UNVERIFIED_PUBLISH_PATH|SINGLE_MAINTAINER,1,165,v0.2.0
'@materialstyle/materialstyle,3.1.1,19,F,UNVERIFIED_PUBLISH_PATH|DORMANT|SINGLE_MAINTAINER,1,164,v0.2.0
page-scroll-to-id,1.6.8,19,F,UNVERIFIED_PUBLISH_PATH|DORMANT|SINGLE_MAINTAINER,1,164,v0.2.0
'@debales/ai,1.2.6,30,F,UNVERIFIED_PUBLISH_PATH,2,163,v0.2.0
'@kissflow/lowcode-client-sdk,1.0.49,41,D,UNVERIFIED_PUBLISH_PATH,2,163,v0.2.0
ajaxq,0.0.7,33,F,UNVERIFIED_PUBLISH_PATH|DORMANT,2,163,v0.2.0
jwplayer,1.0.3,29,F,UNVERIFIED_PUBLISH_PATH|DORMANT,2,163,v0.2.0
smooth-zoom,1.5.0,14,F,UNVERIFIED_PUBLISH_PATH|DORMANT|SINGLE_MAINTAINER,1,163,v0.2.0
tapjs,1.0.9,33,F,UNVERIFIED_PUBLISH_PATH|DORMANT,2,163,v0.2.0
tripetto-runner-foundation,6.3.1,29,F,UNVERIFIED_PUBLISH_PATH|DORMANT|DEPRECATED,3,163,v0.2.0
jquery.fancytable,1.0.36,19,F,UNVERIFIED_PUBLISH_PATH|DORMANT|SINGLE_MAINTAINER,1,162,v0.2.0
masky-js,1.0.4,80,B,SINGLE_MAINTAINER,1,162,v0.2.0
'@ideal-postcodes/postcode-lookup-bundled,3.0.7,40,D,UNVERIFIED_PUBLISH_PATH,2,161,v0.2.0
'@nifty_ai/browser-image-compression,2.0.4,34,F,UNVERIFIED_PUBLISH_PATH,2,161,v0.2.0
'@stackla/widget-utils,4.4.0,73,B,SINGLE_MAINTAINER,1,161,v0.2.0
device-detector,1.0.2,14,F,UNVERIFIED_PUBLISH_PATH|DORMANT|SINGLE_MAINTAINER|PUBLISHER_NOT_MAINTAINER|DEPRECATED,1,161,v0.2.0
harmonyos-sans-webfont-splitted,1.2.1,25,F,UNVERIFIED_PUBLISH_PATH|SINGLE_MAINTAINER,1,160,v0.2.0
'@azure/msal-angularjs,0.1.1,41,D,UNVERIFIED_PUBLISH_PATH|DORMANT|DEPRECATED,3,159,v0.2.0
'@epigraph/configurator-lite,1.23.7,35,D,UNVERIFIED_PUBLISH_PATH,4,159,v0.2.0
'@tacc/core-styles,2.57.3,39,D,UNVERIFIED_PUBLISH_PATH,2,159,v0.2.0
'@zendeskgarden/css-pagination,4.0.19,26,F,UNVERIFIED_PUBLISH_PATH|DORMANT|SINGLE_MAINTAINER|DEPRECATED,1,159,v0.2.0
fetch-inject,3.3.1,15,F,UNVERIFIED_PUBLISH_PATH|DORMANT|SINGLE_MAINTAINER,1,158,v0.2.0
'@opuu/inview,2.3.1,25,F,UNVERIFIED_PUBLISH_PATH|SINGLE_MAINTAINER,1,157,v0.2.0
bvi,1.0.2,14,F,UNVERIFIED_PUBLISH_PATH|DORMANT|SINGLE_MAINTAINER,1,157,v0.2.0
clappr-playback-rate-plugin,0.7.0,19,F,UNVERIFIED_PUBLISH_PATH|DORMANT|SINGLE_MAINTAINER,1,157,v0.2.0
hello-week,2.14.3,19,F,UNVERIFIED_PUBLISH_PATH|DORMANT|SINGLE_MAINTAINER,1,156,v0.2.0
ken-burns-carousel,0.2.5,19,F,UNVERIFIED_PUBLISH_PATH|DORMANT|SINGLE_MAINTAINER,1,156,v0.2.0
print-area-js,1.0.2,19,F,UNVERIFIED_PUBLISH_PATH|DORMANT|SINGLE_MAINTAINER,1,156,v0.2.0
'@ip-location-db/geolite2-geo-whois-asn-country,2.3.2026061719,58,C,INCONSISTENT_PUBLISH_PATH|SINGLE_MAINTAINER,1,155,v0.2.0
ddslick,1.0.3,14,F,UNVERIFIED_PUBLISH_PATH|DORMANT|SINGLE_MAINTAINER|PUBLISHER_NOT_MAINTAINER,1,155,v0.2.0
deep-chat-dev,9.0.371,25,F,UNVERIFIED_PUBLISH_PATH|SINGLE_MAINTAINER,1,155,v0.2.0
rolldate-full,3.2.3,19,F,UNVERIFIED_PUBLISH_PATH|DORMANT|SINGLE_MAINTAINER,1,155,v0.2.0
'@feedmepos/mf-transaction,0.0.71,30,F,UNVERIFIED_PUBLISH_PATH,3,153,v0.2.0
'@fontsource/chiron-hei-hk,5.3.0,81,B,,2,153,v0.2.0
'@d1g1tal/transportr,5.0.0,68,C,SINGLE_MAINTAINER,1,152,v0.2.0
'@ricons/tabler,0.13.0,15,F,UNVERIFIED_PUBLISH_PATH|DORMANT|SINGLE_MAINTAINER,1,152,v0.2.0
icomoon,1.0.0,10,F,UNVERIFIED_PUBLISH_PATH|DORMANT|SINGLE_MAINTAINER,1,152,v0.2.0
tail.datetime,0.4.13,19,F,UNVERIFIED_PUBLISH_PATH|DORMANT|SINGLE_MAINTAINER|DEPRECATED,1,152,v0.2.0
typesense-docsearch.js,3.4.1,35,D,UNVERIFIED_PUBLISH_PATH|DORMANT,4,152,v0.2.0
urisanity,0.1.6,26,F,UNVERIFIED_PUBLISH_PATH|DORMANT|SINGLE_MAINTAINER|DEPRECATED,1,152,v0.2.0
'@raisenow/tamaro-core,2.19.1,30,F,UNVERIFIED_PUBLISH_PATH,5,151,v0.2.0
mammoth-plus,2.0.2,19,F,UNVERIFIED_PUBLISH_PATH|DORMANT|SINGLE_MAINTAINER,1,151,v0.2.0
player-venom,0.3.4,21,F,UNVERIFIED_PUBLISH_PATH|SINGLE_MAINTAINER,1,151,v0.2.0
'@brightcove/videojs-flashls-source-handler,1.4.8,24,F,UNVERIFIED_PUBLISH_PATH|DORMANT|PUBLISHER_NOT_MAINTAINER,80,150,v0.2.0
'@digital-realty/ix-filter-select,1.3.5,35,D,UNVERIFIED_PUBLISH_PATH,4,150,v0.2.0
'@flowbase-co/boosters-carousel-ticker,1.3.3,34,F,UNVERIFIED_PUBLISH_PATH,2,150,v0.2.0
footable-v3,1.0.0,19,F,UNVERIFIED_PUBLISH_PATH|DORMANT|SINGLE_MAINTAINER,1,150,v0.2.0
isotope-fit-columns,1.1.4,19,F,UNVERIFIED_PUBLISH_PATH|DORMANT|SINGLE_MAINTAINER,1,149,v0.2.0
jquery.resizeend,1.1.1,19,F,UNVERIFIED_PUBLISH_PATH|DORMANT|SINGLE_MAINTAINER,1,149,v0.2.0
'@mobiloud/ml-qr-widget,1.2.0,25,F,UNVERIFIED_PUBLISH_PATH|SINGLE_MAINTAINER,1,148,v0.2.0
sheryjs,1.0.0-beta.0.1.8,29,F,UNVERIFIED_PUBLISH_PATH|DORMANT,2,148,v0.2.0
'@mskcc/icons,2.7.3,30,F,UNVERIFIED_PUBLISH_PATH,5,147,v0.2.0
'@flowjs/fusty-flow.js,1.2.0,28,F,UNVERIFIED_PUBLISH_PATH|DORMANT|PUBLISHER_NOT_MAINTAINER,3,146,v0.2.0
'@pwabuilder/pwainstall,1.6.7,24,F,UNVERIFIED_PUBLISH_PATH|DORMANT|PUBLISHER_NOT_MAINTAINER,3,146,v0.2.0
textillate,0.4.1,10,F,UNVERIFIED_PUBLISH_PATH|DORMANT|SINGLE_MAINTAINER|PUBLISHER_NOT_MAINTAINER,1,146,v0.2.0
'@ip-location-db/asn,2.3.2026061719,58,C,INCONSISTENT_PUBLISH_PATH|SINGLE_MAINTAINER,1,145,v0.2.0
kfgqpc-uthmanic-script-hafs-regular,1.0.0,15,F,UNVERIFIED_PUBLISH_PATH|DORMANT|SINGLE_MAINTAINER,1,145,v0.2.0
'@databerry/chat-bubble,1.0.142,19,F,UNVERIFIED_PUBLISH_PATH|DORMANT|SINGLE_MAINTAINER,1,144,v0.2.0
'@vuesimple/vs-pagination,3.1.6,25,F,UNVERIFIED_PUBLISH_PATH|SINGLE_MAINTAINER,1,144,v0.2.0
salvattore,1.0.9,19,F,UNVERIFIED_PUBLISH_PATH|DORMANT|SINGLE_MAINTAINER|DEPRECATED,1,144,v0.2.0
'@zendeskgarden/css-tables,4.0.19,26,F,UNVERIFIED_PUBLISH_PATH|DORMANT|SINGLE_MAINTAINER|DEPRECATED,1,143,v0.2.0
boomerangjs,1.815.1,39,D,UNVERIFIED_PUBLISH_PATH,6,143,v0.2.0
postalcodes-india,1.1.4,73,B,SINGLE_MAINTAINER,1,143,v0.2.0
'@animuz/embed,0.2.5-rc4.2,35,D,UNVERIFIED_PUBLISH_PATH,3,142,v0.2.0
'@cloud-canal/cloud-canal,3.27.3,25,F,UNVERIFIED_PUBLISH_PATH|SINGLE_MAINTAINER,1,142,v0.2.0
'@strongdm/glyphicon,0.0.5,28,F,UNVERIFIED_PUBLISH_PATH|DORMANT|PUBLISHER_NOT_MAINTAINER|DEPRECATED,4,142,v0.2.0
findindex_polyfill_mdn,1.0.0,15,F,UNVERIFIED_PUBLISH_PATH|DORMANT|SINGLE_MAINTAINER,1,142,v0.2.0
'@fastwork/xosmoz-theme,1.1.7,35,D,UNVERIFIED_PUBLISH_PATH,2,141,v0.2.0
'@perceptimagery/dita-configurator,1.3.24,30,F,UNVERIFIED_PUBLISH_PATH,2,141,v0.2.0
mathjax-modern-font,4.0.0-beta.7,19,F,UNVERIFIED_PUBLISH_PATH|DORMANT|SINGLE_MAINTAINER,1,141,v0.2.0
mfb,0.12.0,19,F,UNVERIFIED_PUBLISH_PATH|DORMANT|SINGLE_MAINTAINER,1,141,v0.2.0
morecontent-js,1.0.1,19,F,UNVERIFIED_PUBLISH_PATH|DORMANT|SINGLE_MAINTAINER,1,141,v0.2.0
'@egov-moldova/mud,1.1.5,35,D,UNVERIFIED_PUBLISH_PATH,4,140,v0.2.0
cn-fontsource-ding-talk-jin-bu-ti-regular,1.0.3,19,F,UNVERIFIED_PUBLISH_PATH|DORMANT|SINGLE_MAINTAINER,1,140,v0.2.0
progressive-image.js,1.6.1,19,F,UNVERIFIED_PUBLISH_PATH|DORMANT|SINGLE_MAINTAINER,1,140,v0.2.0
tripetto-services,2.1.1,29,F,UNVERIFIED_PUBLISH_PATH|DORMANT|DEPRECATED,3,140,v0.2.0
'@animaj/pocoyo,0.2.34,20,F,UNVERIFIED_PUBLISH_PATH|SINGLE_MAINTAINER,1,139,v0.2.0
sticksy,0.2.0,19,F,UNVERIFIED_PUBLISH_PATH|DORMANT|SINGLE_MAINTAINER,1,139,v0.2.0
toaster-ui,1.1.5,19,F,UNVERIFIED_PUBLISH_PATH|DORMANT|SINGLE_MAINTAINER,1,139,v0.2.0
social-likes,3.1.3,19,F,UNVERIFIED_PUBLISH_PATH|DORMANT|SINGLE_MAINTAINER,1,138,v0.2.0
videojs-airplay,1.1.1,19,F,UNVERIFIED_PUBLISH_PATH|DORMANT|SINGLE_MAINTAINER,1,138,v0.2.0
'@intergrav/devins-badges,3.3.1,16,F,UNVERIFIED_PUBLISH_PATH|SINGLE_MAINTAINER,1,137,v0.2.0
'@zendeskgarden/css-tabs,6.0.19,26,F,UNVERIFIED_PUBLISH_PATH|DORMANT|SINGLE_MAINTAINER|DEPRECATED,1,137,v0.2.0
leaflet.styledlayercontrol,1.0.0,14,F,UNVERIFIED_PUBLISH_PATH|DORMANT|SINGLE_MAINTAINER,1,137,v0.2.0
readmore.js,2.0.4,19,F,UNVERIFIED_PUBLISH_PATH|DORMANT|SINGLE_MAINTAINER,1,137,v0.2.0
siimple-icons,4.4.0,25,F,UNVERIFIED_PUBLISH_PATH|SINGLE_MAINTAINER,1,137,v0.2.0
'@myriaddreamin/typst-ts-parser,0.7.0,73,B,SINGLE_MAINTAINER,1,136,v0.2.0
'@openfonts/montserrat_all,1.44.2,14,F,UNVERIFIED_PUBLISH_PATH|DORMANT|SINGLE_MAINTAINER,1,136,v0.2.0
console-ban,5.0.0,19,F,UNVERIFIED_PUBLISH_PATH|DORMANT|SINGLE_MAINTAINER|DEPRECATED,1,136,v0.2.0
dayschedule-widget,1.2.8,25,F,UNVERIFIED_PUBLISH_PATH|SINGLE_MAINTAINER,1,136,v0.2.0
jquery.shorten,1.0.0,19,F,UNVERIFIED_PUBLISH_PATH|DORMANT|SINGLE_MAINTAINER,1,136,v0.2.0
beefup,1.5.0,19,F,UNVERIFIED_PUBLISH_PATH|DORMANT|SINGLE_MAINTAINER,1,135,v0.2.0
reefjs,13.0.6,19,F,UNVERIFIED_PUBLISH_PATH|DORMANT|SINGLE_MAINTAINER,1,135,v0.2.0
tomatov2-assets,1.0.2,16,F,UNVERIFIED_PUBLISH_PATH|SINGLE_MAINTAINER,1,135,v0.2.0
'@digital-realty/ix-time,1.3.4,35,D,UNVERIFIED_PUBLISH_PATH,4,134,v0.2.0
'@idotj/mastodon-embed-timeline,4.8.2,21,F,UNVERIFIED_PUBLISH_PATH|SINGLE_MAINTAINER,1,134,v0.2.0
'@unicorn-fail/drupal-bootstrap-styles,0.0.2,14,F,UNVERIFIED_PUBLISH_PATH|DORMANT|SINGLE_MAINTAINER|PUBLISHER_NOT_MAINTAINER,1,134,v0.2.0
bry-biometric-collector,3.3.6,21,F,UNVERIFIED_PUBLISH_PATH|SINGLE_MAINTAINER,1,134,v0.2.0
vue-jquery-mask,2.0.0,19,F,UNVERIFIED_PUBLISH_PATH|DORMANT|SINGLE_MAINTAINER|DEPRECATED,1,134,v0.2.0
'@blux.ai/web-sdk,2.2.29,25,F,UNVERIFIED_PUBLISH_PATH|SINGLE_MAINTAINER,1,133,v0.2.0
'@xiee/utils,1.14.69,73,B,SINGLE_MAINTAINER,1,133,v0.2.0
add-to-calendar-buttons,1.0.0,19,F,UNVERIFIED_PUBLISH_PATH|DORMANT|SINGLE_MAINTAINER,1,133,v0.2.0
'@juo/blocks,1.15.0,30,F,UNVERIFIED_PUBLISH_PATH,2,132,v0.2.0
alist-web,3.55.0,20,F,UNVERIFIED_PUBLISH_PATH|SINGLE_MAINTAINER,1,132,v0.2.0
textify.js,3.0.1,25,F,UNVERIFIED_PUBLISH_PATH|DORMANT|SINGLE_MAINTAINER,1,132,v0.2.0
videojs-chromecast,2.0.8,14,F,UNVERIFIED_PUBLISH_PATH|DORMANT|SINGLE_MAINTAINER|PUBLISHER_NOT_MAINTAINER,1,132,v0.2.0
'@gradio/lite,5.45.0,16,F,UNVERIFIED_PUBLISH_PATH|SINGLE_MAINTAINER,1,131,v0.2.0
bootstrap-float-label,3.0.1,19,F,UNVERIFIED_PUBLISH_PATH|DORMANT|SINGLE_MAINTAINER,1,131,v0.2.0
lumious-components,1.0.8,15,F,UNVERIFIED_PUBLISH_PATH|DORMANT|SINGLE_MAINTAINER,1,131,v0.2.0
'@finsweet/cookie-consent,1.15.0,24,F,UNVERIFIED_PUBLISH_PATH|DORMANT,2,130,v0.2.0
'@kfonts/nanum-square,0.2.0,19,F,UNVERIFIED_PUBLISH_PATH|DORMANT|SINGLE_MAINTAINER,1,130,v0.2.0
'@mailbiz/onsite-wbuy-vendor,0.1.11,35,D,UNVERIFIED_PUBLISH_PATH,3,130,v0.2.0
green-audio-player,1.1.2,19,F,UNVERIFIED_PUBLISH_PATH|DORMANT|SINGLE_MAINTAINER,1,130,v0.2.0
simpleweather,3.1.0,19,F,UNVERIFIED_PUBLISH_PATH|DORMANT|SINGLE_MAINTAINER,1,130,v0.2.0
'@bryt-designs/web-components,0.13.6,16,F,UNVERIFIED_PUBLISH_PATH|SINGLE_MAINTAINER,1,129,v0.2.0
alpine-tailwind-lightbox,1.3.0,25,F,UNVERIFIED_PUBLISH_PATH|SINGLE_MAINTAINER,1,129,v0.2.0
'@emretulek/jbvalidator,1.0.9,19,F,UNVERIFIED_PUBLISH_PATH|DORMANT|SINGLE_MAINTAINER,1,128,v0.2.0
'@everymatrix/player-profile-dashboard,1.21.0,35,D,UNVERIFIED_PUBLISH_PATH,21,128,v0.2.0
'@flowbase-co/boosters-tab-rotation-webflow,1.2.2,34,F,UNVERIFIED_PUBLISH_PATH,2,128,v0.2.0
'@rededor/nice-chat-component-lib,0.5.14-alpha.0,35,D,UNVERIFIED_PUBLISH_PATH,16,128,v0.2.0
whatmore-react-assets,1.0.1832,25,F,UNVERIFIED_PUBLISH_PATH|SINGLE_MAINTAINER,1,128,v0.2.0
bootstrap-grid-only,1.0.0,19,F,UNVERIFIED_PUBLISH_PATH|DORMANT|SINGLE_MAINTAINER,1,127,v0.2.0
solar-icons,0.0.15,15,F,UNVERIFIED_PUBLISH_PATH|DORMANT|SINGLE_MAINTAINER,1,127,v0.2.0
'@zendeskgarden/css-avatars,7.0.0,26,F,UNVERIFIED_PUBLISH_PATH|DORMANT|SINGLE_MAINTAINER,1,126,v0.2.0
bsky-embed,0.2.7,25,F,UNVERIFIED_PUBLISH_PATH|SINGLE_MAINTAINER,1,126,v0.2.0
sb-admin-2,3.3.8,19,F,UNVERIFIED_PUBLISH_PATH|DORMANT|SINGLE_MAINTAINER,1,126,v0.2.0
'@thasmo/external-svg-polyfill,3.1.2,19,F,UNVERIFIED_PUBLISH_PATH|DORMANT|SINGLE_MAINTAINER,1,125,v0.2.0
'@vertical-insure/embedded-offer,0.16.0,39,D,UNVERIFIED_PUBLISH_PATH,2,125,v0.2.0
g1,0.18.1,15,F,UNVERIFIED_PUBLISH_PATH|DORMANT|SINGLE_MAINTAINER,1,125,v0.2.0
js-captcha,1.2.2,25,F,UNVERIFIED_PUBLISH_PATH|SINGLE_MAINTAINER,1,125,v0.2.0
marketplacepos,6.29.1,21,F,UNVERIFIED_PUBLISH_PATH|SINGLE_MAINTAINER,1,125,v0.2.0
youverify-web-sdk,2.2.1,21,F,UNVERIFIED_PUBLISH_PATH|SINGLE_MAINTAINER,1,125,v0.2.0
'@digital-realty/ix-timer,3.5.4,35,D,UNVERIFIED_PUBLISH_PATH,4,124,v0.2.0
'@commercelayer/drop-in.js,2.27.0,82,B,,2,123,v0.2.0
'@flittpayments/js-sdk,2.0.11-alpha.0,35,D,UNVERIFIED_PUBLISH_PATH,5,123,v0.2.0
'@percy.ai/hvs-autocomplete,2.9.0,30,F,UNVERIFIED_PUBLISH_PATH,3,123,v0.2.0
'@thelevicole/youtube-to-html5-loader,5.0.0,19,F,UNVERIFIED_PUBLISH_PATH|DORMANT|SINGLE_MAINTAINER,1,123,v0.2.0
'@vetixy/circular-std,1.0.0,19,F,UNVERIFIED_PUBLISH_PATH|DORMANT|SINGLE_MAINTAINER,1,123,v0.2.0
brownies,4.0.1,25,F,UNVERIFIED_PUBLISH_PATH|SINGLE_MAINTAINER,1,123,v0.2.0
'@flowbase-co/boosters-countup,1.0.2,34,F,UNVERIFIED_PUBLISH_PATH,2,122,v0.2.0
'@ionic-selectable/core,8.0.0-alpha.5,33,F,UNVERIFIED_PUBLISH_PATH|DORMANT,3,122,v0.2.0
jquery-ui-1-11-4,1.11.4,20,F,UNVERIFIED_PUBLISH_PATH|DORMANT|SINGLE_MAINTAINER|DEPRECATED,1,122,v0.2.0
'@gstat/leaflet-gesture-handling,1.2.8,19,F,UNVERIFIED_PUBLISH_PATH|DORMANT|SINGLE_MAINTAINER,1,121,v0.2.0
'@websolutespa/bom-llm,3.0.1,39,D,UNVERIFIED_PUBLISH_PATH,8,121,v0.2.0
getmdl-select,2.0.1,33,F,UNVERIFIED_PUBLISH_PATH|DORMANT,3,121,v0.2.0
jquery.fullscreen,0.6.0,19,F,UNVERIFIED_PUBLISH_PATH|DORMANT|SINGLE_MAINTAINER,1,121,v0.2.0
'@jumpgroup/jump-design-system,1.0.25,39,D,UNVERIFIED_PUBLISH_PATH,8,120,v0.2.0
'@swarmcloud/media,1.3.2,25,F,UNVERIFIED_PUBLISH_PATH|SINGLE_MAINTAINER,1,120,v0.2.0
'@swisspost/internet-header,1.17.0,95,A,,4,120,v0.2.0
astm-ux-design-system,2.1.0,21,F,UNVERIFIED_PUBLISH_PATH|SINGLE_MAINTAINER,1,120,v0.2.0
'@orange-games/phaser-input,2.0.5,28,F,UNVERIFIED_PUBLISH_PATH|DORMANT|DEPRECATED,3,119,v0.2.0
jquery-smarttab,4.0.2,19,F,UNVERIFIED_PUBLISH_PATH|DORMANT|SINGLE_MAINTAINER,1,119,v0.2.0
'@staaky/fresco,2.3.2,19,F,UNVERIFIED_PUBLISH_PATH|DORMANT|SINGLE_MAINTAINER,1,118,v0.2.0
'@textback/notification-widget,2.0.23,21,F,UNVERIFIED_PUBLISH_PATH|SINGLE_MAINTAINER,1,118,v0.2.0
'@undp/design-system-assets,2.0.1,87,A,,5,118,v0.2.0
font-kopubworld,1.0.3,19,F,UNVERIFIED_PUBLISH_PATH|DORMANT|SINGLE_MAINTAINER,1,118,v0.2.0
jquery-color-animation,1.5.1,19,F,UNVERIFIED_PUBLISH_PATH|DORMANT|SINGLE_MAINTAINER,1,118,v0.2.0
morphext,2.4.7,19,F,UNVERIFIED_PUBLISH_PATH|DORMANT|SINGLE_MAINTAINER,1,118,v0.2.0
table-to-json,1.0.0,33,F,UNVERIFIED_PUBLISH_PATH|DORMANT,2,117,v0.2.0
'@aws/amazon-location-migration-sdk,1.4.0,94,A,,4,116,v0.2.0
vue-custom-range-slider,0.2.3,19,F,UNVERIFIED_PUBLISH_PATH|DORMANT|SINGLE_MAINTAINER,1,116,v0.2.0
'@data-fair/app-charts,1.3.9,35,D,UNVERIFIED_PUBLISH_PATH,3,115,v0.2.0
'@nosto/web-components,11.6.0,87,A,BRANCH_REQUIRES_PR,6,115,v0.2.0
'@foxreis/tizentube,1.14.6,25,F,UNVERIFIED_PUBLISH_PATH|SINGLE_MAINTAINER,1,114,v0.2.0
'@klaxit/cookie-consent,0.3.4,33,F,UNVERIFIED_PUBLISH_PATH|DORMANT,3,114,v0.2.0
frow,4.0.0,19,F,UNVERIFIED_PUBLISH_PATH|DORMANT|SINGLE_MAINTAINER,1,114,v0.2.0
jquery-tiny-pubsub,0.7.1,19,F,UNVERIFIED_PUBLISH_PATH|DORMANT|SINGLE_MAINTAINER,1,114,v0.2.0
'@codementor/tracker,3.15.1,35,D,UNVERIFIED_PUBLISH_PATH,8,113,v0.2.0
'@justaa/scripts,1.6.7,16,F,UNVERIFIED_PUBLISH_PATH|SINGLE_MAINTAINER,1,113,v0.2.0
input-autogrow,1.1.1,19,F,UNVERIFIED_PUBLISH_PATH|DORMANT|SINGLE_MAINTAINER,1,113,v0.2.0
'@axa-ch/button-link,7.0.3,28,F,UNVERIFIED_PUBLISH_PATH|DORMANT|PUBLISHER_NOT_MAINTAINER|DEPRECATED,5,112,v0.2.0
'@staaky/strip,1.8.0,19,F,UNVERIFIED_PUBLISH_PATH|DORMANT|SINGLE_MAINTAINER,1,112,v0.2.0
jquery-range,1.0.0,19,F,UNVERIFIED_PUBLISH_PATH|DORMANT|SINGLE_MAINTAINER,1,112,v0.2.0
vue-lazyload-next,0.0.2,19,F,UNVERIFIED_PUBLISH_PATH|DORMANT|SINGLE_MAINTAINER|DEPRECATED,1,111,v0.2.0
'@kfonts/nanum-myeongjo,0.2.0,19,F,UNVERIFIED_PUBLISH_PATH|DORMANT|SINGLE_MAINTAINER,1,109,v0.2.0
'@theidentityselector/thiss-ds,3.0.3,39,D,UNVERIFIED_PUBLISH_PATH,3,109,v0.2.0
'@zendeskgarden/css-tooltips,4.1.27,26,F,UNVERIFIED_PUBLISH_PATH|DORMANT|SINGLE_MAINTAINER|DEPRECATED,1,109,v0.2.0
artplayer-plugin-chromecast,1.1.0,25,F,UNVERIFIED_PUBLISH_PATH|SINGLE_MAINTAINER,1,109,v0.2.0
'@pydantic/ai-chat-ui,2.0.0,87,A,,4,108,v0.2.0
artplayer-plugin-document-pip,1.1.0,25,F,UNVERIFIED_PUBLISH_PATH|SINGLE_MAINTAINER,1,108,v0.2.0
trig-js,4.2.1,25,F,UNVERIFIED_PUBLISH_PATH|SINGLE_MAINTAINER,1,108,v0.2.0
'@next-theme/pjax,0.6.0,19,F,UNVERIFIED_PUBLISH_PATH|DORMANT|SINGLE_MAINTAINER,1,107,v0.2.0
swiper-animation,2.0.2,14,F,UNVERIFIED_PUBLISH_PATH|DORMANT|SINGLE_MAINTAINER|PUBLISHER_NOT_MAINTAINER|DEPRECATED,1,107,v0.2.0
taipei-sans-tc,0.1.1,14,F,UNVERIFIED_PUBLISH_PATH|DORMANT|SINGLE_MAINTAINER,1,107,v0.2.0
vue-pop-colorpicker,1.0.2,19,F,UNVERIFIED_PUBLISH_PATH|DORMANT|SINGLE_MAINTAINER,1,107,v0.2.0
'@alaskaairux/auro-interruption,1.4.5,19,F,UNVERIFIED_PUBLISH_PATH|DORMANT|SINGLE_MAINTAINER|DEPRECATED,1,106,v0.2.0
'@ccrpc/webmapgl,0.18.11,35,D,UNVERIFIED_PUBLISH_PATH,4,106,v0.2.0
'@eclipsefdn/solstice-components,0.9.1,35,D,UNVERIFIED_PUBLISH_PATH,7,106,v0.2.0
'@superpoweredsdk/web,2.8.1,25,F,UNVERIFIED_PUBLISH_PATH|SINGLE_MAINTAINER,1,106,v0.2.0
grained,0.0.2,14,F,UNVERIFIED_PUBLISH_PATH|DORMANT|SINGLE_MAINTAINER,1,106,v0.2.0
thedatepicker,3.1.0,25,F,UNVERIFIED_PUBLISH_PATH|SINGLE_MAINTAINER,1,106,v0.2.0
'@banana-ui/banana,1.20.1,28,F,UNVERIFIED_PUBLISH_PATH|DORMANT,2,105,v0.2.0
'@itcenteratunihelsinki/huds-lib,0.12.2,35,D,UNVERIFIED_PUBLISH_PATH,4,105,v0.2.0
'@viewdo/dxp-nent,0.12.1,35,D,UNVERIFIED_PUBLISH_PATH,5,105,v0.2.0
ficons,1.1.54,33,F,UNVERIFIED_PUBLISH_PATH|DORMANT,3,105,v0.2.0
stardew-valley-data,1.0.1,32,F,UNVERIFIED_PUBLISH_PATH|SINGLE_MAINTAINER,1,105,v0.2.0
'@flowbase-co/boosters-tooltip,1.1.2,34,F,UNVERIFIED_PUBLISH_PATH,2,104,v0.2.0
objcjs-types,0.8.0,16,F,UNVERIFIED_PUBLISH_PATH|SINGLE_MAINTAINER,1,104,v0.2.0
responsive-auto-height,0.0.5,15,F,UNVERIFIED_PUBLISH_PATH|DORMANT|SINGLE_MAINTAINER,1,104,v0.2.0
t-datepicker,1.0.4,15,F,UNVERIFIED_PUBLISH_PATH|DORMANT|SINGLE_MAINTAINER,1,104,v0.2.0
'@apilium/mayros,0.3.2,31,F,UNVERIFIED_PUBLISH_PATH|SINGLE_MAINTAINER,1,103,v0.2.0
'@jobinsjp/vue3-datepicker,1.0.2-jobins-03,19,F,UNVERIFIED_PUBLISH_PATH|DORMANT|SINGLE_MAINTAINER,1,103,v0.2.0
bulma-social,3.2.0,73,B,SINGLE_MAINTAINER,1,103,v0.2.0
jquery-linear-navigation,1.0.2,19,F,UNVERIFIED_PUBLISH_PATH|DORMANT|SINGLE_MAINTAINER,1,103,v0.2.0
soundfont-for-samplers,0.0.3,21,F,UNVERIFIED_PUBLISH_PATH|SINGLE_MAINTAINER,1,103,v0.2.0
tonejs-instrument-guitar-acoustic-mp3,1.1.2,14,F,UNVERIFIED_PUBLISH_PATH|DORMANT|SINGLE_MAINTAINER,1,103,v0.2.0
videojs-hlsjs,1.4.8,28,F,UNVERIFIED_PUBLISH_PATH|DORMANT|PUBLISHER_NOT_MAINTAINER,5,103,v0.2.0
'@exawizards/exabase-design-system-icons,1.5.0,35,D,UNVERIFIED_PUBLISH_PATH,2,102,v0.2.0
'@trustdevicejs/trustdevice-js,1.0.6,25,F,UNVERIFIED_PUBLISH_PATH|SINGLE_MAINTAINER,1,102,v0.2.0
bootstrap-honoka,4.4.0,19,F,UNVERIFIED_PUBLISH_PATH|DORMANT|SINGLE_MAINTAINER,1,102,v0.2.0
sp-supermarquee,3.1.2,25,F,UNVERIFIED_PUBLISH_PATH|SINGLE_MAINTAINER,1,102,v0.2.0
jquery-ui-sortable-animation,1.0.3,19,F,UNVERIFIED_PUBLISH_PATH|DORMANT|SINGLE_MAINTAINER,1,101,v0.2.0
venom-player,0.2.92,21,F,UNVERIFIED_PUBLISH_PATH|SINGLE_MAINTAINER,1,101,v0.2.0
'@fontpkg/alibaba-pu-hui-ti-2-0,2.0.2,20,F,UNVERIFIED_PUBLISH_PATH|SINGLE_MAINTAINER,1,100,v0.2.0
ez-consent,1.4.0,20,F,UNVERIFIED_PUBLISH_PATH|SINGLE_MAINTAINER,1,100,v0.2.0
flying-pages,2.0.6,19,F,UNVERIFIED_PUBLISH_PATH|DORMANT|SINGLE_MAINTAINER,1,100,v0.2.0
ima-ad-player,0.5.7,19,F,UNVERIFIED_PUBLISH_PATH|DORMANT|SINGLE_MAINTAINER,1,100,v0.2.0
jquery-prevent-scroll-keys,1.0.1,19,F,UNVERIFIED_PUBLISH_PATH|DORMANT|SINGLE_MAINTAINER,1,100,v0.2.0
simple-load-more,1.6.2,19,F,UNVERIFIED_PUBLISH_PATH|DORMANT|SINGLE_MAINTAINER,1,100,v0.2.0
zeynepjs,2.2.0,19,F,UNVERIFIED_PUBLISH_PATH|DORMANT|SINGLE_MAINTAINER,1,100,v0.2.0
'@finsweet/attributes-autovideo,1.5.0,28,F,UNVERIFIED_PUBLISH_PATH|DORMANT|BRANCH_REQUIRES_PR,2,99,v0.2.0
bootstrap-avatar,1.3.1,19,F,UNVERIFIED_PUBLISH_PATH|DORMANT|SINGLE_MAINTAINER,1,99,v0.2.0
icheck-2,2.0.0,14,F,UNVERIFIED_PUBLISH_PATH|DORMANT|SINGLE_MAINTAINER,1,99,v0.2.0
mv-boost,0.0.8,10,F,UNVERIFIED_PUBLISH_PATH|DORMANT|SINGLE_MAINTAINER,1,99,v0.2.0
nanogram.js,3.2.0,19,F,UNVERIFIED_PUBLISH_PATH|DORMANT|SINGLE_MAINTAINER,1,99,v0.2.0
'@finsweet/attributes-rangeslider,1.8.0,28,F,UNVERIFIED_PUBLISH_PATH|DORMANT|BRANCH_REQUIRES_PR,2,98,v0.2.0
joe-header,2.0.13,35,D,UNVERIFIED_PUBLISH_PATH,2,98,v0.2.0
jquery-grid-navigation,1.0.1,19,F,UNVERIFIED_PUBLISH_PATH|DORMANT|SINGLE_MAINTAINER,1,98,v0.2.0
pikaday-responsive,0.7.0,15,F,UNVERIFIED_PUBLISH_PATH|DORMANT|SINGLE_MAINTAINER,1,98,v0.2.0
'@axa-ch/footer,6.0.12,28,F,UNVERIFIED_PUBLISH_PATH|DORMANT|PUBLISHER_NOT_MAINTAINER|DEPRECATED,5,97,v0.2.0
'@tc-turing/webflow,1.0.73,20,F,UNVERIFIED_PUBLISH_PATH|SINGLE_MAINTAINER,1,97,v0.2.0
adzone,2.3.231,10,F,UNVERIFIED_PUBLISH_PATH|DORMANT|SINGLE_MAINTAINER,1,97,v0.2.0
chiron-go-round-tc-webfont,1.0.11,68,C,SINGLE_MAINTAINER,1,97,v0.2.0
jquery.session,1.0.0,19,F,UNVERIFIED_PUBLISH_PATH|DORMANT|SINGLE_MAINTAINER,1,97,v0.2.0
responsively-lazy,3.2.1,19,F,UNVERIFIED_PUBLISH_PATH|DORMANT|SINGLE_MAINTAINER,1,97,v0.2.0
'@bootcss/v3.bootcss.com,1.0.56,10,F,UNVERIFIED_PUBLISH_PATH|DORMANT|SINGLE_MAINTAINER,1,96,v0.2.0
jquery-ui-bundle.1.12.1,1.12.1,20,F,UNVERIFIED_PUBLISH_PATH|DORMANT|SINGLE_MAINTAINER,1,96,v0.2.0
'@feedmepos/mf-mdm,1.9.1,30,F,UNVERIFIED_PUBLISH_PATH,3,95,v0.2.0
'@metalayer/widget,1.0.8,34,F,UNVERIFIED_PUBLISH_PATH,4,95,v0.2.0
iransans,1.0.0,15,F,UNVERIFIED_PUBLISH_PATH|DORMANT|SINGLE_MAINTAINER,1,95,v0.2.0
jquery-breakpoints,1.8.1,19,F,UNVERIFIED_PUBLISH_PATH|DORMANT|SINGLE_MAINTAINER,1,95,v0.2.0
now-ui-kit,1.3.0,24,F,UNVERIFIED_PUBLISH_PATH|DORMANT,8,95,v0.2.0
onoffcanvas,3.0.1,25,F,UNVERIFIED_PUBLISH_PATH|SINGLE_MAINTAINER,1,95,v0.2.0
simptip,1.0.4,19,F,UNVERIFIED_PUBLISH_PATH|DORMANT|SINGLE_MAINTAINER,1,95,v0.2.0
visualdx,1.1.15,21,F,UNVERIFIED_PUBLISH_PATH|SINGLE_MAINTAINER,1,95,v0.2.0
yandex-share2,3.1.0,10,F,UNVERIFIED_PUBLISH_PATH|DORMANT|SINGLE_MAINTAINER|PUBLISHER_NOT_MAINTAINER,1,95,v0.2.0
'@adahealth/web-sdk,2.58.4,39,D,UNVERIFIED_PUBLISH_PATH,10,94,v0.2.0
'@finsweet/attributes-cmsstatic,1.3.0,28,F,UNVERIFIED_PUBLISH_PATH|DORMANT|BRANCH_REQUIRES_PR,2,94,v0.2.0
ng-youtube-embed,1.7.17,19,F,UNVERIFIED_PUBLISH_PATH|DORMANT|SINGLE_MAINTAINER,1,94,v0.2.0
outdated-browser,1.0.2,19,F,UNVERIFIED_PUBLISH_PATH|DORMANT|SINGLE_MAINTAINER,1,94,v0.2.0
'@brytdesigns/shopify-ajax-cart,1.1.8,30,F,UNVERIFIED_PUBLISH_PATH,5,93,v0.2.0
'@finsweet/cms-library,1.9.11,33,F,UNVERIFIED_PUBLISH_PATH|DORMANT,2,93,v0.2.0
'@futurepay/checkout-sdk,2.2.0,21,F,UNVERIFIED_PUBLISH_PATH|SINGLE_MAINTAINER,1,93,v0.2.0
bpg-arial,1.0.0,19,F,UNVERIFIED_PUBLISH_PATH|DORMANT|SINGLE_MAINTAINER,1,93,v0.2.0
chiron-hei-hk-webfont,2.6.9,68,C,SINGLE_MAINTAINER,1,93,v0.2.0
detect_swipe,2.1.4,19,F,UNVERIFIED_PUBLISH_PATH|DORMANT|SINGLE_MAINTAINER,1,93,v0.2.0
jsonview,1.2.0,14,F,UNVERIFIED_PUBLISH_PATH|DORMANT|SINGLE_MAINTAINER,1,93,v0.2.0
layer-src,3.5.1,19,F,UNVERIFIED_PUBLISH_PATH|DORMANT|SINGLE_MAINTAINER,1,93,v0.2.0
pretendard-std,1.3.9,19,F,UNVERIFIED_PUBLISH_PATH|DORMANT|SINGLE_MAINTAINER,1,93,v0.2.0
ytpro,3.9.80,73,B,SINGLE_MAINTAINER,1,93,v0.2.0
'@oplayer/ui,1.3.4-beta.10,16,F,UNVERIFIED_PUBLISH_PATH|SINGLE_MAINTAINER,1,92,v0.2.0
'@postnord/pn-marketweb-components,4.5.0,35,D,UNVERIFIED_PUBLISH_PATH,4,92,v0.2.0
'@saasquatch/mint-components,2.2.0,77,B,INCONSISTENT_PUBLISH_PATH,10,92,v0.2.0
'@codidact/co-design,0.12.9,33,F,UNVERIFIED_PUBLISH_PATH|DORMANT,4,91,v0.2.0
'@doctorassistant/daai-component,2.5.2,77,B,,2,91,v0.2.0
'@gemeosagency/splide,3.6.0,30,F,UNVERIFIED_PUBLISH_PATH,2,91,v0.2.0
affiliate,5.0.0,19,F,UNVERIFIED_PUBLISH_PATH|DORMANT|SINGLE_MAINTAINER,1,91,v0.2.0
pjax-api,3.44.1,19,F,UNVERIFIED_PUBLISH_PATH|DORMANT|SINGLE_MAINTAINER,1,91,v0.2.0
'@finsweet/attributes-cmsfilter,1.16.3,28,F,UNVERIFIED_PUBLISH_PATH|DORMANT|BRANCH_REQUIRES_PR,2,90,v0.2.0
'@finsweet/attributes-copyclip,1.7.0,28,F,UNVERIFIED_PUBLISH_PATH|DORMANT|BRANCH_REQUIRES_PR,2,90,v0.2.0
'@finsweet/attributes-queryparam,1.2.1,28,F,UNVERIFIED_PUBLISH_PATH|DORMANT|BRANCH_REQUIRES_PR,2,90,v0.2.0
'@genpact/genome.mfe.prework-app,1.26.9,21,F,UNVERIFIED_PUBLISH_PATH|SINGLE_MAINTAINER,1,90,v0.2.0
jq-accordion,1.0.3,19,F,UNVERIFIED_PUBLISH_PATH|DORMANT|SINGLE_MAINTAINER,1,90,v0.2.0
'@finsweet/attributes-linkblockedit,1.5.0,28,F,UNVERIFIED_PUBLISH_PATH|DORMANT|BRANCH_REQUIRES_PR,2,89,v0.2.0
'@finsweet/attributes-sliderdots,1.8.0,28,F,UNVERIFIED_PUBLISH_PATH|DORMANT|BRANCH_REQUIRES_PR,2,89,v0.2.0
frankenstyle,0.3.8,21,F,UNVERIFIED_PUBLISH_PATH|SINGLE_MAINTAINER,1,89,v0.2.0
qmsg,1.7.2,16,F,UNVERIFIED_PUBLISH_PATH|SINGLE_MAINTAINER,1,89,v0.2.0
typeface-nanum-barun-gothic,1.0.0,19,F,UNVERIFIED_PUBLISH_PATH|DORMANT|SINGLE_MAINTAINER,1,89,v0.2.0
'@widgetbot/html-embed,1.3.1,81,B,,5,88,v0.2.0
artplayer-plugin-ads,1.0.6,19,F,UNVERIFIED_PUBLISH_PATH|DORMANT|SINGLE_MAINTAINER,1,88,v0.2.0
clappr-chromecast-plugin,0.1.1,19,F,UNVERIFIED_PUBLISH_PATH|DORMANT|SINGLE_MAINTAINER,1,88,v0.2.0
'@brytdesigns/shopify-ajax-cart-components,1.3.15,30,F,UNVERIFIED_PUBLISH_PATH,5,87,v0.2.0
'@ryanmorr/ready,1.4.1,19,F,UNVERIFIED_PUBLISH_PATH|DORMANT|SINGLE_MAINTAINER,1,87,v0.2.0
machinelearn,2.1.5,14,F,UNVERIFIED_PUBLISH_PATH|DORMANT|SINGLE_MAINTAINER,1,87,v0.2.0
toastmejs,1.2.7,19,F,UNVERIFIED_PUBLISH_PATH|DORMANT|SINGLE_MAINTAINER,1,87,v0.2.0
'@oplayer/core,1.2.38-beta.2,10,F,UNVERIFIED_PUBLISH_PATH|DORMANT|SINGLE_MAINTAINER,1,86,v0.2.0
bootstrap-toaster,5.2.0-beta1.1,19,F,UNVERIFIED_PUBLISH_PATH|DORMANT|SINGLE_MAINTAINER,1,86,v0.2.0
cn-fontsource-smiley-sans-oblique-regular,1.0.1,19,F,UNVERIFIED_PUBLISH_PATH|DORMANT|SINGLE_MAINTAINER,1,86,v0.2.0
jquery-pincode-autotab,2.2.3,19,F,UNVERIFIED_PUBLISH_PATH|DORMANT|SINGLE_MAINTAINER,1,86,v0.2.0
leaflet-tag-filter-button,0.0.5,19,F,UNVERIFIED_PUBLISH_PATH|DORMANT|SINGLE_MAINTAINER,1,86,v0.2.0
myriad-font,0.0.2,19,F,UNVERIFIED_PUBLISH_PATH|DORMANT|SINGLE_MAINTAINER,1,86,v0.2.0
n8n-embedded-chat-interface,0.4.0,25,F,UNVERIFIED_PUBLISH_PATH|SINGLE_MAINTAINER,1,86,v0.2.0
'@callmebill/lxgw-wenkai-web,1.522.0,73,B,SINGLE_MAINTAINER,1,85,v0.2.0
'@feedmepos/mf-brand-app-builder,0.5.41-prod,30,F,UNVERIFIED_PUBLISH_PATH,3,85,v0.2.0
'@get-advantage/advantage,0.11.2,25,F,UNVERIFIED_PUBLISH_PATH|SINGLE_MAINTAINER,1,85,v0.2.0
bootstrap-compatibility-layer,1.1.2,25,F,UNVERIFIED_PUBLISH_PATH|SINGLE_MAINTAINER,1,85,v0.2.0
fitie,1.0.0,19,F,UNVERIFIED_PUBLISH_PATH|DORMANT|SINGLE_MAINTAINER,1,85,v0.2.0
jellyskin,12.5.1,19,F,UNVERIFIED_PUBLISH_PATH|DORMANT|SINGLE_MAINTAINER,1,85,v0.2.0
kursor,0.1.6,19,F,UNVERIFIED_PUBLISH_PATH|DORMANT|SINGLE_MAINTAINER,1,85,v0.2.0
translation-widget,1.1.4,39,D,UNVERIFIED_PUBLISH_PATH,3,85,v0.2.0
'@animated-color-icons/lucide-wc,1.0.0,25,F,UNVERIFIED_PUBLISH_PATH|SINGLE_MAINTAINER,1,84,v0.2.0
'@builder.io/webcomponents,2.0.2,52,C,UNVERIFIED_PUBLISH_PATH,22,84,v0.2.0
'@finsweet/attributes-countitems,1.6.0,28,F,UNVERIFIED_PUBLISH_PATH|DORMANT|BRANCH_REQUIRES_PR,2,84,v0.2.0
'@northeastern-web/global-elements,1.1.3,39,D,UNVERIFIED_PUBLISH_PATH,4,84,v0.2.0
'@vant/assets,1.0.8,15,F,UNVERIFIED_PUBLISH_PATH|DORMANT|SINGLE_MAINTAINER,1,84,v0.2.0
fontsource-noto-sans-sc,4.0.0,19,F,UNVERIFIED_PUBLISH_PATH|DORMANT|SINGLE_MAINTAINER|DEPRECATED,1,84,v0.2.0
slim-js,5.0.10,19,F,UNVERIFIED_PUBLISH_PATH|DORMANT|SINGLE_MAINTAINER,1,84,v0.2.0
swipe-up,1.2.16,19,F,UNVERIFIED_PUBLISH_PATH|DORMANT|SINGLE_MAINTAINER,1,84,v0.2.0
'@freshworks/crayons-icon,1.3.1,33,F,UNVERIFIED_PUBLISH_PATH|DORMANT,21,83,v0.2.0
'@mate-academy/sourcebuster,1.5.2,16,F,UNVERIFIED_PUBLISH_PATH|SINGLE_MAINTAINER,1,83,v0.2.0
'@widgetti/solara-vuetify-app,10.1.1,93,A,,3,83,v0.2.0
cdnhost,0.0.1-security.0,11,F,UNVERIFIED_PUBLISH_PATH,0,83,v0.2.0
fa6,2.0.1,15,F,UNVERIFIED_PUBLISH_PATH|DORMANT|SINGLE_MAINTAINER,1,83,v0.2.0
joshjs,1.0.8,19,F,UNVERIFIED_PUBLISH_PATH|DORMANT|SINGLE_MAINTAINER,1,83,v0.2.0
kiltel,3.0.0,25,F,UNVERIFIED_PUBLISH_PATH|SINGLE_MAINTAINER,1,83,v0.2.0
videojs-qualityselector,0.0.4,15,F,UNVERIFIED_PUBLISH_PATH|DORMANT|SINGLE_MAINTAINER,1,83,v0.2.0
'@finsweet/attributes-readtime,1.2.3,28,F,UNVERIFIED_PUBLISH_PATH|DORMANT|BRANCH_REQUIRES_PR,2,82,v0.2.0
'@flowbase-co/boosters-before-after-slider,1.0.3,34,F,UNVERIFIED_PUBLISH_PATH,2,82,v0.2.0
'@ignf-geoportal/sdk-2d,3.5.6,34,F,UNVERIFIED_PUBLISH_PATH,3,82,v0.2.0
'@konnectio/core,4.7.1,21,F,UNVERIFIED_PUBLISH_PATH|SINGLE_MAINTAINER,1,82,v0.2.0
'@tagadapay/plugin-sdk,4.1.0,34,F,UNVERIFIED_PUBLISH_PATH,4,82,v0.2.0
cssdelivr,1.0.2,10,F,UNVERIFIED_PUBLISH_PATH|DORMANT|SINGLE_MAINTAINER,1,82,v0.2.0
docsify-pagination-keyboard-helper,1.0.5,19,F,UNVERIFIED_PUBLISH_PATH|DORMANT|SINGLE_MAINTAINER,1,82,v0.2.0
goo-motion-library,1.0.1,15,F,UNVERIFIED_PUBLISH_PATH|DORMANT|SINGLE_MAINTAINER,1,82,v0.2.0
jquery.searchable,1.1.0,33,F,UNVERIFIED_PUBLISH_PATH|DORMANT,2,82,v0.2.0
katex-copytex,1.0.2,19,F,UNVERIFIED_PUBLISH_PATH|DORMANT|SINGLE_MAINTAINER,1,82,v0.2.0
'@esm-bundle/angular,19.2.0,39,D,UNVERIFIED_PUBLISH_PATH,6,81,v0.2.0
'@finsweet/3dglobes,1.0.0,33,F,UNVERIFIED_PUBLISH_PATH|DORMANT,2,81,v0.2.0
'@gumlet/insights-js-core,2.2.3,39,D,UNVERIFIED_PUBLISH_PATH,2,81,v0.2.0
rubik-font,0.0.3,10,F,UNVERIFIED_PUBLISH_PATH|DORMANT|SINGLE_MAINTAINER,1,81,v0.2.0
'@8thwall/landing-page,1.0.0,35,D,UNVERIFIED_PUBLISH_PATH,2,80,v0.2.0
'@algolia/utm-attribution,3.2.0,39,D,UNVERIFIED_PUBLISH_PATH,21,80,v0.2.0
'@digital-realty/ix-tabs,1.3.4,35,D,UNVERIFIED_PUBLISH_PATH,4,80,v0.2.0
'@eppo/visual_editor_snippet,0.0.11,35,D,UNVERIFIED_PUBLISH_PATH,10,80,v0.2.0
'@feedmepos/mf-settings,0.0.75-dev.1,30,F,UNVERIFIED_PUBLISH_PATH,3,80,v0.2.0
'@finsweet/attributes-cmsprevnext,1.6.0,28,F,UNVERIFIED_PUBLISH_PATH|DORMANT|BRANCH_REQUIRES_PR,2,80,v0.2.0
'@gentour/dedge-support-agent,1.4.0,21,F,UNVERIFIED_PUBLISH_PATH|SINGLE_MAINTAINER,1,80,v0.2.0
dzxstatic,3.4.20211231,10,F,UNVERIFIED_PUBLISH_PATH|DORMANT|SINGLE_MAINTAINER,1,80,v0.2.0
nanumsquareneo,0.0.5,19,F,UNVERIFIED_PUBLISH_PATH|DORMANT|SINGLE_MAINTAINER,1,80,v0.2.0
publicalbum,1.3.4,14,F,UNVERIFIED_PUBLISH_PATH|DORMANT|SINGLE_MAINTAINER,1,80,v0.2.0
'@digital-realty/ui-mfe-dcim,12.0.2,30,F,UNVERIFIED_PUBLISH_PATH,4,79,v0.2.0
'@finsweet/attributes-cmsload,1.12.1,34,F,UNVERIFIED_PUBLISH_PATH|BRANCH_REQUIRES_PR,2,79,v0.2.0
'@genpact/genome.mfe.mgtwin-app,1.1.98,21,F,UNVERIFIED_PUBLISH_PATH|SINGLE_MAINTAINER,1,79,v0.2.0
'@jarstone/dselect,1.0.4,19,F,UNVERIFIED_PUBLISH_PATH|DORMANT|SINGLE_MAINTAINER,1,79,v0.2.0
angular-jk-carousel,0.5.0,19,F,UNVERIFIED_PUBLISH_PATH|DORMANT|SINGLE_MAINTAINER|DEPRECATED,1,79,v0.2.0
leaflet.layergroup.collision,0.3.1,19,F,UNVERIFIED_PUBLISH_PATH|DORMANT|SINGLE_MAINTAINER,1,79,v0.2.0
'@finsweet/attributes-cmscombine,1.8.0,28,F,UNVERIFIED_PUBLISH_PATH|DORMANT|BRANCH_REQUIRES_PR,2,78,v0.2.0
'@finsweet/attributes-codehighlight,1.5.2,28,F,UNVERIFIED_PUBLISH_PATH|DORMANT,2,78,v0.2.0
'@finsweet/attributes-combobox,1.0.7,28,F,UNVERIFIED_PUBLISH_PATH|DORMANT|BRANCH_REQUIRES_PR,2,78,v0.2.0
'@koumoul/v-iframe,2.4.5,33,F,UNVERIFIED_PUBLISH_PATH|DORMANT,3,78,v0.2.0
'@swissfederalrailways/internet-tracking,16.0.16,35,D,UNVERIFIED_PUBLISH_PATH,2,78,v0.2.0
heroui-chat-script,0.0.3,35,D,UNVERIFIED_PUBLISH_PATH,3,78,v0.2.0
ibp-app,1.2.10,16,F,UNVERIFIED_PUBLISH_PATH|SINGLE_MAINTAINER,1,78,v0.2.0
multi-select-dropdown-js,1.0.3,20,F,UNVERIFIED_PUBLISH_PATH|SINGLE_MAINTAINER,1,78,v0.2.0
playerx,1.0.6,19,F,UNVERIFIED_PUBLISH_PATH|DORMANT|SINGLE_MAINTAINER,1,78,v0.2.0
'@nortic/icons,0.1.6,34,F,UNVERIFIED_PUBLISH_PATH,4,77,v0.2.0
jquery.appendgrid,2.1.1,19,F,UNVERIFIED_PUBLISH_PATH|DORMANT|SINGLE_MAINTAINER,1,77,v0.2.0
midnight.js,1.1.1,19,F,UNVERIFIED_PUBLISH_PATH|DORMANT|SINGLE_MAINTAINER,1,77,v0.2.0
ms-dropdown,4.0.3,19,F,UNVERIFIED_PUBLISH_PATH|DORMANT|SINGLE_MAINTAINER,1,77,v0.2.0
'@bootcss/www.bootcss.com,1.0.8,15,F,UNVERIFIED_PUBLISH_PATH|DORMANT|SINGLE_MAINTAINER,1,76,v0.2.0
'@finsweet/attributes-cmstabs,1.7.0,28,F,UNVERIFIED_PUBLISH_PATH|DORMANT|BRANCH_REQUIRES_PR,2,76,v0.2.0
'@free-fonts/plangothic,1.0.0,25,F,UNVERIFIED_PUBLISH_PATH|SINGLE_MAINTAINER,1,76,v0.2.0
'@list-kr/tinyshield,1.8.1,63,C,SINGLE_MAINTAINER,1,76,v0.2.0
'@observablehq/highlight.js,2.0.0,34,F,UNVERIFIED_PUBLISH_PATH|DORMANT|PUBLISHER_NOT_MAINTAINER,4,76,v0.2.0
'@uscreentv/video-player,1.4.0,34,F,UNVERIFIED_PUBLISH_PATH|PUBLISHER_NOT_MAINTAINER,2,76,v0.2.0
botman-web-widget,0.0.20,15,F,UNVERIFIED_PUBLISH_PATH|DORMANT|SINGLE_MAINTAINER,1,76,v0.2.0
cgview,1.8.2,25,F,UNVERIFIED_PUBLISH_PATH|SINGLE_MAINTAINER,1,76,v0.2.0
lazy-load-video,1.0.0,10,F,UNVERIFIED_PUBLISH_PATH|DORMANT|SINGLE_MAINTAINER,1,76,v0.2.0
neuicons,1.9.0,19,F,UNVERIFIED_PUBLISH_PATH|DORMANT|SINGLE_MAINTAINER,1,76,v0.2.0
unite-lib,1.12.1,21,F,UNVERIFIED_PUBLISH_PATH|SINGLE_MAINTAINER,1,76,v0.2.0
'@alaskaairux/auro-icon,3.4.4,26,F,UNVERIFIED_PUBLISH_PATH|DORMANT|SINGLE_MAINTAINER|DEPRECATED,1,75,v0.2.0
'@epigraph/ar,2.11.6,35,D,UNVERIFIED_PUBLISH_PATH,4,75,v0.2.0
'@flowbase-co/boosters-custom-slider-webflow,2.0.3,34,F,UNVERIFIED_PUBLISH_PATH,2,75,v0.2.0
'@kfonts/line-seed-sans-kr,0.1.0,19,F,UNVERIFIED_PUBLISH_PATH|DORMANT|SINGLE_MAINTAINER,1,75,v0.2.0
'@progleasing/grit-universal,3.0.0,24,F,UNVERIFIED_PUBLISH_PATH|DORMANT|PUBLISHER_NOT_MAINTAINER,4,75,v0.2.0
'@teamepyc/webflow-toolkit,0.4.4,28,F,UNVERIFIED_PUBLISH_PATH|DORMANT,2,75,v0.2.0
'@wisdomgarden/mobile-assets,0.0.79,87,A,,7,75,v0.2.0
'@wssto2/rv-nissan-header-footer,1.10.0,34,F,UNVERIFIED_PUBLISH_PATH,2,75,v0.2.0
citizendev-bubble-utils,0.0.10,10,F,UNVERIFIED_PUBLISH_PATH|DORMANT|SINGLE_MAINTAINER,1,75,v0.2.0
dash-shaka-playback,3.6.3,39,D,UNVERIFIED_PUBLISH_PATH,10,75,v0.2.0
persist-js,0.3.1,19,F,UNVERIFIED_PUBLISH_PATH|DORMANT|SINGLE_MAINTAINER,1,75,v0.2.0
tecatecom,0.0.48,15,F,UNVERIFIED_PUBLISH_PATH|DORMANT|SINGLE_MAINTAINER,1,75,v0.2.0
'@agent-embed/js,0.4.0,21,F,UNVERIFIED_PUBLISH_PATH|SINGLE_MAINTAINER,1,74,v0.2.0
'@finsweet/attributes-starrating,1.0.2,28,F,UNVERIFIED_PUBLISH_PATH|DORMANT,2,74,v0.2.0
ant-design-icons,1.3.3,19,F,UNVERIFIED_PUBLISH_PATH|DORMANT|SINGLE_MAINTAINER,1,74,v0.2.0
hockeystack,1.3.234,39,D,UNVERIFIED_PUBLISH_PATH,3,74,v0.2.0
jgallery,2.2.0,15,F,UNVERIFIED_PUBLISH_PATH|DORMANT|SINGLE_MAINTAINER,1,74,v0.2.0
superplaceholder,1.0.0,19,F,UNVERIFIED_PUBLISH_PATH|DORMANT|SINGLE_MAINTAINER,1,74,v0.2.0
'@feedmepos/mf-operation,0.0.30,30,F,UNVERIFIED_PUBLISH_PATH,3,73,v0.2.0
'@finsweet/attributes-cmscore,1.13.1,34,F,UNVERIFIED_PUBLISH_PATH|BRANCH_REQUIRES_PR,2,73,v0.2.0
'@finsweet/attributes-docs,2.0.16,34,F,UNVERIFIED_PUBLISH_PATH,2,73,v0.2.0
'@flowbase-co/boosters-social-share,1.0.2,34,F,UNVERIFIED_PUBLISH_PATH,2,73,v0.2.0
uigg,3.1.1,16,F,UNVERIFIED_PUBLISH_PATH|SINGLE_MAINTAINER,1,73,v0.2.0
'@feedmepos/mf-discount-rule,0.0.9-alpha.0,30,F,UNVERIFIED_PUBLISH_PATH,3,72,v0.2.0
'@wssto2/dacia-header-footer-2022,1.13.1,39,D,UNVERIFIED_PUBLISH_PATH,2,72,v0.2.0
flatpickr-year-select-plugin,1.3.1,25,F,UNVERIFIED_PUBLISH_PATH|SINGLE_MAINTAINER,1,72,v0.2.0
progressively,1.2.5,19,F,UNVERIFIED_PUBLISH_PATH|DORMANT|SINGLE_MAINTAINER,1,72,v0.2.0
'@figmania/loader,3.3.10,15,F,UNVERIFIED_PUBLISH_PATH|DORMANT|SINGLE_MAINTAINER,1,71,v0.2.0
'@finsweet/attributes-mirrorinput,1.4.0,28,F,UNVERIFIED_PUBLISH_PATH|DORMANT,2,71,v0.2.0
'@finsweet/attributes-smartlightbox,1.7.0,28,F,UNVERIFIED_PUBLISH_PATH|DORMANT,2,71,v0.2.0
'@finsweet/fs-components,2.3.56,34,F,UNVERIFIED_PUBLISH_PATH,2,71,v0.2.0
'@wssto2/renault-header-footer-2022,1.16.2,39,D,UNVERIFIED_PUBLISH_PATH,2,71,v0.2.0
game-icons-react,0.1.6,20,F,UNVERIFIED_PUBLISH_PATH|SINGLE_MAINTAINER,1,71,v0.2.0
jquery-doubletaptogo,3.0.2,19,F,UNVERIFIED_PUBLISH_PATH|DORMANT|SINGLE_MAINTAINER,1,71,v0.2.0
socks-ui,0.3.13,21,F,UNVERIFIED_PUBLISH_PATH|SINGLE_MAINTAINER,1,71,v0.2.0
zebra_tooltips,2.4.1,25,F,UNVERIFIED_PUBLISH_PATH|SINGLE_MAINTAINER,1,71,v0.2.0
'@amplitude/amplitude-js-gtm,3.25.0,77,B,,6,70,v0.2.0
'@digital-realty/ui-my-account,12.0.6,30,F,UNVERIFIED_PUBLISH_PATH,4,70,v0.2.0
'@feedmepos/mf-admin,0.0.1-beta.2,35,D,UNVERIFIED_PUBLISH_PATH,3,70,v0.2.0
'@feedmepos/mf-feedback,0.0.18,30,F,UNVERIFIED_PUBLISH_PATH,3,70,v0.2.0
'@feedmepos/mf-service-charge,0.0.9-alpha.0,30,F,UNVERIFIED_PUBLISH_PATH,3,70,v0.2.0
edumail,1.0.8,19,F,UNVERIFIED_PUBLISH_PATH|DORMANT|SINGLE_MAINTAINER,1,70,v0.2.0
hystmodal,1.0.1,19,F,UNVERIFIED_PUBLISH_PATH|DORMANT|SINGLE_MAINTAINER,1,70,v0.2.0
'@alma/in-page,2.8.0,39,D,UNVERIFIED_PUBLISH_PATH,6,69,v0.2.0
'@filteringdev/namulink,20.6.0,73,B,SINGLE_MAINTAINER,1,69,v0.2.0
'@icon/elegant-icons,0.0.1-alpha.4,33,F,UNVERIFIED_PUBLISH_PATH|DORMANT,2,69,v0.2.0
'@searchtap/search-client,1.3.0,33,F,UNVERIFIED_PUBLISH_PATH|DORMANT,3,69,v0.2.0
'@tulipnpm/livechat,1.7.4,15,F,UNVERIFIED_PUBLISH_PATH|DORMANT|SINGLE_MAINTAINER,1,69,v0.2.0
datalist-css,1.0.0,19,F,UNVERIFIED_PUBLISH_PATH|DORMANT|SINGLE_MAINTAINER,1,69,v0.2.0
glitch-canvas,1.1.12,33,F,UNVERIFIED_PUBLISH_PATH|DORMANT,2,69,v0.2.0
jquery.cookie-consent,1.0.19,19,F,UNVERIFIED_PUBLISH_PATH|DORMANT|SINGLE_MAINTAINER,1,69,v0.2.0
ractive-transitions-slide,0.4.0,19,F,UNVERIFIED_PUBLISH_PATH|DORMANT|SINGLE_MAINTAINER,1,69,v0.2.0
vanilla-match-height,2.1.0,25,F,UNVERIFIED_PUBLISH_PATH|SINGLE_MAINTAINER,1,69,v0.2.0
'@everymatrix/prod-mm-verification-report,1.1.46,35,D,UNVERIFIED_PUBLISH_PATH,21,68,v0.2.0
'@finsweet/attributes-inputactive,1.0.0,28,F,UNVERIFIED_PUBLISH_PATH|DORMANT|BRANCH_REQUIRES_PR,2,68,v0.2.0
'@jsuites/css,1.5.2,25,F,UNVERIFIED_PUBLISH_PATH|SINGLE_MAINTAINER,1,68,v0.2.0
'@seedgou/dos.lol,9.4.1-git-14ebc749c0b120965b54d2af92025c3e6d23b78a,21,F,UNVERIFIED_PUBLISH_PATH|SINGLE_MAINTAINER,1,68,v0.2.0
browser-cookie-utils,2.0.1,25,F,UNVERIFIED_PUBLISH_PATH|SINGLE_MAINTAINER,1,68,v0.2.0
pstpn-webfont-montserrat,0.0.5,10,F,UNVERIFIED_PUBLISH_PATH|DORMANT|SINGLE_MAINTAINER,1,68,v0.2.0
'@jspreadsheet/pivot,1.1.0,25,F,UNVERIFIED_PUBLISH_PATH|SINGLE_MAINTAINER,1,67,v0.2.0
'@pairbo/ui-kit,0.4.23,21,F,UNVERIFIED_PUBLISH_PATH|SINGLE_MAINTAINER,1,67,v0.2.0
ixn2,1.0.0,19,F,UNVERIFIED_PUBLISH_PATH|DORMANT|SINGLE_MAINTAINER,1,67,v0.2.0
jquery-offcanvas,3.4.7,19,F,UNVERIFIED_PUBLISH_PATH|DORMANT|SINGLE_MAINTAINER,1,67,v0.2.0
litlyx-js,1.4.0,21,F,UNVERIFIED_PUBLISH_PATH|SINGLE_MAINTAINER,1,67,v0.2.0
responsive-image-map,1.0.6,19,F,UNVERIFIED_PUBLISH_PATH|DORMANT|SINGLE_MAINTAINER,1,67,v0.2.0
vue-firebase-geo-ninjas,1.1.0,15,F,UNVERIFIED_PUBLISH_PATH|DORMANT|SINGLE_MAINTAINER,1,67,v0.2.0
'@alaskaairux/auro-button,6.6.0,26,F,UNVERIFIED_PUBLISH_PATH|DORMANT|SINGLE_MAINTAINER,1,66,v0.2.0
'@justinribeiro/lite-tiktok,0.1.0,19,F,UNVERIFIED_PUBLISH_PATH|DORMANT|SINGLE_MAINTAINER,1,66,v0.2.0
'@sendcloud/checkout-plugin-ui,2.4.4,35,D,UNVERIFIED_PUBLISH_PATH,4,66,v0.2.0
'@tsparticles/jquery,4.3.2,69,C,INCONSISTENT_PUBLISH_PATH|SINGLE_MAINTAINER,1,66,v0.2.0
elaina-theme-data,4.5.1,25,F,UNVERIFIED_PUBLISH_PATH|SINGLE_MAINTAINER,1,66,v0.2.0
map-fanbox-points,0.1.1,21,F,UNVERIFIED_PUBLISH_PATH|SINGLE_MAINTAINER,1,66,v0.2.0
prometix,1.7.0,25,F,UNVERIFIED_PUBLISH_PATH|SINGLE_MAINTAINER,1,66,v0.2.0
videojs-analytics,1.0.0,15,F,UNVERIFIED_PUBLISH_PATH|DORMANT|SINGLE_MAINTAINER,1,66,v0.2.0
vue-axios-plugin,1.3.0,19,F,UNVERIFIED_PUBLISH_PATH|DORMANT|SINGLE_MAINTAINER,1,66,v0.2.0
amwal-checkout-button,0.2.3,35,D,UNVERIFIED_PUBLISH_PATH,3,65,v0.2.0
cookie-bar,1.10.3,19,F,UNVERIFIED_PUBLISH_PATH|DORMANT|SINGLE_MAINTAINER,1,65,v0.2.0
timepicker.js,4.1.0,51,C,DORMANT|SINGLE_MAINTAINER,1,65,v0.2.0
'@finsweet/attributes-cmsattribute,1.3.0,28,F,UNVERIFIED_PUBLISH_PATH|DORMANT,2,64,v0.2.0
bullframe.css,5.1.0,25,F,UNVERIFIED_PUBLISH_PATH|SINGLE_MAINTAINER,1,64,v0.2.0
infiniteslidev2,2.0.1-1,19,F,UNVERIFIED_PUBLISH_PATH|DORMANT|SINGLE_MAINTAINER,1,64,v0.2.0
jquery-dropdown-datepicker,1.3.0,14,F,UNVERIFIED_PUBLISH_PATH|DORMANT|SINGLE_MAINTAINER,1,64,v0.2.0
koishi-plugin-manosaba-text-box,1.0.15,25,F,UNVERIFIED_PUBLISH_PATH|SINGLE_MAINTAINER,1,64,v0.2.0
store-badge,1.3.0,19,F,UNVERIFIED_PUBLISH_PATH|DORMANT|SINGLE_MAINTAINER,1,64,v0.2.0
v-react-scripts,0.0.2,14,F,UNVERIFIED_PUBLISH_PATH|DORMANT|SINGLE_MAINTAINER,1,64,v0.2.0
'@finsweet/attributes-a11y,1.1.3,28,F,UNVERIFIED_PUBLISH_PATH|DORMANT|BRANCH_REQUIRES_PR,2,63,v0.2.0
'@finsweet/attributes-richtext,1.10.3,34,F,UNVERIFIED_PUBLISH_PATH|BRANCH_REQUIRES_PR,2,63,v0.2.0
'@privateav/sdk,3.5.3,25,F,UNVERIFIED_PUBLISH_PATH|SINGLE_MAINTAINER,1,63,v0.2.0
'@pwabuilder/pwaauth,0.9.7,24,F,UNVERIFIED_PUBLISH_PATH|DORMANT|PUBLISHER_NOT_MAINTAINER,3,63,v0.2.0
'@zkreations/tooltips,4.2.2,25,F,UNVERIFIED_PUBLISH_PATH|SINGLE_MAINTAINER,1,63,v0.2.0
artplayer-plugin-hls-quality,2.0.1,19,F,UNVERIFIED_PUBLISH_PATH|DORMANT|SINGLE_MAINTAINER|DEPRECATED,1,63,v0.2.0
bootstrap-v4-grid-only,1.0.0,19,F,UNVERIFIED_PUBLISH_PATH|DORMANT|SINGLE_MAINTAINER,1,63,v0.2.0
clappr-stats,0.1.5,33,F,UNVERIFIED_PUBLISH_PATH|DORMANT,6,63,v0.2.0
cloud9carousel,2.2.0,19,F,UNVERIFIED_PUBLISH_PATH|DORMANT|SINGLE_MAINTAINER,1,63,v0.2.0
iconsax-font-icon,1.1.0,19,F,UNVERIFIED_PUBLISH_PATH|DORMANT|SINGLE_MAINTAINER,1,63,v0.2.0
itty-chroma,1.0.6,25,F,UNVERIFIED_PUBLISH_PATH|SINGLE_MAINTAINER,1,63,v0.2.0
jplist-es6,1.2.0,19,F,UNVERIFIED_PUBLISH_PATH|DORMANT|SINGLE_MAINTAINER,1,63,v0.2.0
vanillajs,1.0.1,19,F,UNVERIFIED_PUBLISH_PATH|DORMANT|SINGLE_MAINTAINER,1,63,v0.2.0
videojs-brand,0.0.4,19,F,UNVERIFIED_PUBLISH_PATH|DORMANT|SINGLE_MAINTAINER,1,63,v0.2.0
'@finsweet/attributes-mirrorclick,1.5.0,28,F,UNVERIFIED_PUBLISH_PATH|DORMANT|BRANCH_REQUIRES_PR,2,62,v0.2.0
'@oplayer/hls,1.2.28-beta.1,16,F,UNVERIFIED_PUBLISH_PATH|SINGLE_MAINTAINER,1,62,v0.2.0
'@page-speed/svg-loader,1.7.4,39,D,UNVERIFIED_PUBLISH_PATH,2,62,v0.2.0
aixdb-tracker,1.3.4,10,F,UNVERIFIED_PUBLISH_PATH|DORMANT|SINGLE_MAINTAINER,1,62,v0.2.0
hanamin,0.0.5,14,F,UNVERIFIED_PUBLISH_PATH|DORMANT|SINGLE_MAINTAINER,1,62,v0.2.0
imgviewer2,1.1.0,19,F,UNVERIFIED_PUBLISH_PATH|DORMANT|SINGLE_MAINTAINER,1,62,v0.2.0
jquery-columnizer,1.6.3,19,F,UNVERIFIED_PUBLISH_PATH|DORMANT|SINGLE_MAINTAINER,1,62,v0.2.0
leaflet-control-boxzoom,1.5.0,19,F,UNVERIFIED_PUBLISH_PATH|DORMANT|SINGLE_MAINTAINER,1,62,v0.2.0
razzle-hacknews,1.0.0,14,F,UNVERIFIED_PUBLISH_PATH|DORMANT|SINGLE_MAINTAINER|PUBLISHER_NOT_MAINTAINER,1,62,v0.2.0
'@dmester/sffjs,1.17.0,19,F,UNVERIFIED_PUBLISH_PATH|DORMANT|SINGLE_MAINTAINER,1,61,v0.2.0
'@flasher/flasher-toastr,2.2.0,21,F,UNVERIFIED_PUBLISH_PATH|SINGLE_MAINTAINER,1,61,v0.2.0
'@icon/entypo,1.0.0-alpha.3,33,F,UNVERIFIED_PUBLISH_PATH|DORMANT,2,61,v0.2.0
'@leadmetrics-ai/landing-sdk,1.0.49,25,F,UNVERIFIED_PUBLISH_PATH|SINGLE_MAINTAINER,1,61,v0.2.0
alibabapuhuiti-3-55-regular,1.0.0,15,F,UNVERIFIED_PUBLISH_PATH|DORMANT|SINGLE_MAINTAINER,1,61,v0.2.0
jquery-background-video,1.1.0,19,F,UNVERIFIED_PUBLISH_PATH|DORMANT|SINGLE_MAINTAINER,1,61,v0.2.0
'@brytdesigns/web-component-drawer,1.1.12,30,F,UNVERIFIED_PUBLISH_PATH,5,60,v0.2.0
'@code-cabana/elements,1.7.6,19,F,UNVERIFIED_PUBLISH_PATH|DORMANT|SINGLE_MAINTAINER,1,60,v0.2.0
'@imshaiksaif/webflow-marquee,3.0.1,10,F,UNVERIFIED_PUBLISH_PATH|DORMANT|SINGLE_MAINTAINER,1,60,v0.2.0
animatedmodal,1.0.0,10,F,UNVERIFIED_PUBLISH_PATH|DORMANT|SINGLE_MAINTAINER,1,60,v0.2.0
cdbootstrap,1.3.4,19,F,UNVERIFIED_PUBLISH_PATH|DORMANT|SINGLE_MAINTAINER,1,60,v0.2.0
gcal-sync,2.1.3,20,F,UNVERIFIED_PUBLISH_PATH|SINGLE_MAINTAINER,1,60,v0.2.0
jquery-postcodes,3.0.8,19,F,UNVERIFIED_PUBLISH_PATH|DORMANT|SINGLE_MAINTAINER,1,60,v0.2.0
scrollprogress,3.0.2,19,F,UNVERIFIED_PUBLISH_PATH|DORMANT|SINGLE_MAINTAINER,1,60,v0.2.0
searchinghost,1.6.2,19,F,UNVERIFIED_PUBLISH_PATH|DORMANT|SINGLE_MAINTAINER,1,60,v0.2.0
'@areb0s/scip.js,1.2.13,25,F,UNVERIFIED_PUBLISH_PATH|SINGLE_MAINTAINER,1,59,v0.2.0
'@blinkmobile/canvas-manipulation,1.0.1,28,F,UNVERIFIED_PUBLISH_PATH|DORMANT|PUBLISHER_NOT_MAINTAINER|DEPRECATED,5,59,v0.2.0
'@inboundlabs/booya-ui,0.2.91,29,F,UNVERIFIED_PUBLISH_PATH|DORMANT,2,59,v0.2.0
'@keyurmaru/vad,0.0.1,25,F,UNVERIFIED_PUBLISH_PATH|SINGLE_MAINTAINER,1,59,v0.2.0
'@teddy-digital/frontend,2.2.13,39,D,UNVERIFIED_PUBLISH_PATH,3,59,v0.2.0
'@undp/design-system,2.0.1,73,B,SINGLE_MAINTAINER,1,59,v0.2.0
appblocks,2.1.1,25,F,UNVERIFIED_PUBLISH_PATH|SINGLE_MAINTAINER,1,59,v0.2.0
fbms,0.0.0,10,F,UNVERIFIED_PUBLISH_PATH|DORMANT|SINGLE_MAINTAINER,1,59,v0.2.0
jquery-eu-cookie-law-popup,1.1.3,15,F,UNVERIFIED_PUBLISH_PATH|DORMANT|SINGLE_MAINTAINER,1,59,v0.2.0
profanity-cleaner,0.0.3,14,F,UNVERIFIED_PUBLISH_PATH|DORMANT|SINGLE_MAINTAINER,1,59,v0.2.0
vidage,1.0.1,19,F,UNVERIFIED_PUBLISH_PATH|DORMANT|SINGLE_MAINTAINER|DEPRECATED,1,59,v0.2.0
'@andrea_ztn/gladia,0.1.3,10,F,UNVERIFIED_PUBLISH_PATH|DORMANT|SINGLE_MAINTAINER,1,58,v0.2.0
'@drustack/leaflet.resetview,1.9.2,19,F,UNVERIFIED_PUBLISH_PATH|DORMANT|SINGLE_MAINTAINER,1,58,v0.2.0
'@egiftcard/chain-icons,1.0.5,19,F,UNVERIFIED_PUBLISH_PATH|DORMANT|SINGLE_MAINTAINER,1,58,v0.2.0
'@finsweet/attributes-inputcounter,1.2.5,28,F,UNVERIFIED_PUBLISH_PATH|DORMANT,2,58,v0.2.0
'@flowbase-co/boosters-cookie,1.0.3,34,F,UNVERIFIED_PUBLISH_PATH,2,58,v0.2.0
'@lobehub/fluent-emoji-flat,1.1.0,33,F,UNVERIFIED_PUBLISH_PATH|DORMANT,9,58,v0.2.0
jquery-imagemapster,1.2.10,19,F,UNVERIFIED_PUBLISH_PATH|DORMANT|SINGLE_MAINTAINER|DEPRECATED,1,58,v0.2.0
jquery.facebox,1.4.1,14,F,UNVERIFIED_PUBLISH_PATH|DORMANT|SINGLE_MAINTAINER,1,58,v0.2.0
livcounter,1.0.0,10,F,UNVERIFIED_PUBLISH_PATH|DORMANT|SINGLE_MAINTAINER,1,58,v0.2.0
ping-widget,0.3.8,19,F,UNVERIFIED_PUBLISH_PATH|DORMANT|SINGLE_MAINTAINER,1,58,v0.2.0
videojs7-vimeo,2.0.3,19,F,UNVERIFIED_PUBLISH_PATH|DORMANT|SINGLE_MAINTAINER,1,58,v0.2.0
'@deltaclan/splitter,1.0.9,15,F,UNVERIFIED_PUBLISH_PATH|DORMANT|SINGLE_MAINTAINER,1,57,v0.2.0
'@modiphy/copyright,0.1.5,25,F,UNVERIFIED_PUBLISH_PATH|SINGLE_MAINTAINER,1,57,v0.2.0
fe-vue-ui,0.1.8,15,F,UNVERIFIED_PUBLISH_PATH|DORMANT|SINGLE_MAINTAINER,1,57,v0.2.0
iati-design-system,4.10.0,63,C,INCONSISTENT_PUBLISH_PATH|SINGLE_MAINTAINER,1,57,v0.2.0
jquery.md5,1.0.2,10,F,UNVERIFIED_PUBLISH_PATH|DORMANT|SINGLE_MAINTAINER,1,57,v0.2.0
lc-lightbox-lite,2.2.0,25,F,UNVERIFIED_PUBLISH_PATH|SINGLE_MAINTAINER,1,57,v0.2.0
'@jspreadsheet/comments,6.3.3,25,F,UNVERIFIED_PUBLISH_PATH|SINGLE_MAINTAINER,1,56,v0.2.0
focustype,0.1.2,19,F,UNVERIFIED_PUBLISH_PATH|DORMANT|SINGLE_MAINTAINER,1,56,v0.2.0
imaskjs,1.1.1,19,F,UNVERIFIED_PUBLISH_PATH|DORMANT|SINGLE_MAINTAINER|DEPRECATED,1,56,v0.2.0
jose-jwe,0.2.2,14,F,UNVERIFIED_PUBLISH_PATH|DORMANT|SINGLE_MAINTAINER|PUBLISHER_NOT_MAINTAINER,1,56,v0.2.0
lazy-line-painter,2.0.3,19,F,UNVERIFIED_PUBLISH_PATH|DORMANT|SINGLE_MAINTAINER,1,56,v0.2.0
moment-transform,1.0.1,19,F,UNVERIFIED_PUBLISH_PATH|DORMANT|SINGLE_MAINTAINER|DEPRECATED,1,56,v0.2.0
p2p-media-loader-shaka,3.0.1,74,B,SINGLE_MAINTAINER,1,56,v0.2.0
'@dvgis/cesium-widget,1.0.1,14,F,UNVERIFIED_PUBLISH_PATH|DORMANT|SINGLE_MAINTAINER,1,55,v0.2.0
'@ecodev/natural-gallery-js,11.1.3,77,B,,3,55,v0.2.0
'@perfectgym/client-portal,1.13.3,39,D,UNVERIFIED_PUBLISH_PATH,3,55,v0.2.0
'@rtirl/api,1.2.1,15,F,UNVERIFIED_PUBLISH_PATH|DORMANT|SINGLE_MAINTAINER,1,55,v0.2.0
'@tesseract.js-data/urd,1.0.0,19,F,UNVERIFIED_PUBLISH_PATH|DORMANT|SINGLE_MAINTAINER,1,55,v0.2.0
'@tripetto/runner-chat,7.0.1,29,F,UNVERIFIED_PUBLISH_PATH|DORMANT,3,55,v0.2.0
font-pingfang-sc,1.0.5,15,F,UNVERIFIED_PUBLISH_PATH|DORMANT|SINGLE_MAINTAINER,1,55,v0.2.0
knockout-amd-helpers,1.0.0,19,F,UNVERIFIED_PUBLISH_PATH|DORMANT|SINGLE_MAINTAINER,1,55,v0.2.0
mutationobserver-polyfill,1.3.0,19,F,UNVERIFIED_PUBLISH_PATH|DORMANT|SINGLE_MAINTAINER,1,55,v0.2.0
ractive-route,0.3.13,25,F,UNVERIFIED_PUBLISH_PATH|SINGLE_MAINTAINER,1,55,v0.2.0
raleigh-map-components-config,0.0.3,16,F,UNVERIFIED_PUBLISH_PATH|SINGLE_MAINTAINER,1,55,v0.2.0
restack-mobile-cli,0.3.9,15,F,UNVERIFIED_PUBLISH_PATH|DORMANT|SINGLE_MAINTAINER,1,55,v0.2.0
'@finsweet/attributes-formsubmit,1.4.1,28,F,UNVERIFIED_PUBLISH_PATH|DORMANT|BRANCH_REQUIRES_PR,2,54,v0.2.0
'@finsweet/attributes-toc,1.2.4,28,F,UNVERIFIED_PUBLISH_PATH|DORMANT|BRANCH_REQUIRES_PR,2,54,v0.2.0
'@glenlowland/jellyfin-tizen,0.1.51,19,F,UNVERIFIED_PUBLISH_PATH|DORMANT|SINGLE_MAINTAINER,1,54,v0.2.0
excanvas,2.0.0,14,F,UNVERIFIED_PUBLISH_PATH|DORMANT|SINGLE_MAINTAINER|PUBLISHER_NOT_MAINTAINER|DEPRECATED,1,54,v0.2.0
statsig-js-local-eval,1.4.0,28,F,UNVERIFIED_PUBLISH_PATH|DORMANT|PUBLISHER_NOT_MAINTAINER|DEPRECATED,2,54,v0.2.0
swarmcloud-hls,2.18.0,25,F,UNVERIFIED_PUBLISH_PATH|SINGLE_MAINTAINER,1,54,v0.2.0
typeface-notosans-kor,1.0.2,19,F,UNVERIFIED_PUBLISH_PATH|DORMANT|SINGLE_MAINTAINER,1,54,v0.2.0
'@digital-realty/ui-mfe-reports,12.0.2,30,F,UNVERIFIED_PUBLISH_PATH,4,53,v0.2.0
'@esm-bundle/styled-components,5.2.1,33,F,UNVERIFIED_PUBLISH_PATH|DORMANT,6,53,v0.2.0
'@vuesimple/vs-modal,3.1.6,25,F,UNVERIFIED_PUBLISH_PATH|SINGLE_MAINTAINER,1,53,v0.2.0
angular-validation-ghiscoding,1.5.28,19,F,UNVERIFIED_PUBLISH_PATH|DORMANT|SINGLE_MAINTAINER|DEPRECATED,1,53,v0.2.0
banks-in-india,0.4.0,25,F,UNVERIFIED_PUBLISH_PATH|SINGLE_MAINTAINER,1,53,v0.2.0
jquery-images-compare,4.0.0,73,B,SINGLE_MAINTAINER,1,53,v0.2.0
node-marquee,3.0.6,19,F,UNVERIFIED_PUBLISH_PATH|DORMANT|SINGLE_MAINTAINER|DEPRECATED,1,53,v0.2.0
polyfill-object-assign,1.0.0,19,F,UNVERIFIED_PUBLISH_PATH|DORMANT|SINGLE_MAINTAINER,1,53,v0.2.0
quran-cloud,1.0.0,14,F,UNVERIFIED_PUBLISH_PATH|DORMANT|SINGLE_MAINTAINER,1,53,v0.2.0
videojs-http-quality-selector,1.2.1,19,F,UNVERIFIED_PUBLISH_PATH|DORMANT|SINGLE_MAINTAINER,1,53,v0.2.0
'@adobe/commerce-events-collectors,0.0.0-b0e9ee788f86104fc458c6cba356cb515c3f1ba6,28,F,UNVERIFIED_PUBLISH_PATH|DORMANT,31,52,v0.2.0
'@brytdesigns/shopify-ajax-cart-api,1.0.43,30,F,UNVERIFIED_PUBLISH_PATH,5,52,v0.2.0
'@optiaxiom/web-components,3.0.4,89,A,,2,52,v0.2.0
'@synqro/tab-cycler,1.7.0,21,F,UNVERIFIED_PUBLISH_PATH|SINGLE_MAINTAINER,1,52,v0.2.0
japhy-custom-elements,1.0.73,21,F,UNVERIFIED_PUBLISH_PATH|SINGLE_MAINTAINER,1,52,v0.2.0
leaflet-tooltip,1.0.4,15,F,UNVERIFIED_PUBLISH_PATH|DORMANT|SINGLE_MAINTAINER,1,52,v0.2.0
starry-rating,5.1.0,19,F,UNVERIFIED_PUBLISH_PATH|DORMANT|SINGLE_MAINTAINER,1,52,v0.2.0
'@framerauth/sdk,2.1.7,21,F,UNVERIFIED_PUBLISH_PATH|SINGLE_MAINTAINER,1,51,v0.2.0
'@openuiai/next,16.3.0,32,F,UNVERIFIED_PUBLISH_PATH|SINGLE_MAINTAINER,1,51,v0.2.0
animate.min.css,0.0.3,19,F,UNVERIFIED_PUBLISH_PATH|DORMANT|SINGLE_MAINTAINER,1,51,v0.2.0
cwru-components,0.0.44,35,D,UNVERIFIED_PUBLISH_PATH,2,51,v0.2.0
es-promise,1.0.3,19,F,UNVERIFIED_PUBLISH_PATH|DORMANT|SINGLE_MAINTAINER,1,51,v0.2.0
javascript-debounce,1.0.1,19,F,UNVERIFIED_PUBLISH_PATH|DORMANT|SINGLE_MAINTAINER,1,51,v0.2.0
jquery-common-keydown,1.0.1,19,F,UNVERIFIED_PUBLISH_PATH|DORMANT|SINGLE_MAINTAINER,1,51,v0.2.0
jquery-sse,0.1.5,14,F,UNVERIFIED_PUBLISH_PATH|DORMANT|SINGLE_MAINTAINER,1,51,v0.2.0
ldcover,3.5.6,25,F,UNVERIFIED_PUBLISH_PATH|SINGLE_MAINTAINER,1,51,v0.2.0
smoothstate,0.7.2,19,F,UNVERIFIED_PUBLISH_PATH|DORMANT|SINGLE_MAINTAINER,1,51,v0.2.0
webopenfather-myvuelxh,1.0.1,10,F,UNVERIFIED_PUBLISH_PATH|DORMANT|SINGLE_MAINTAINER,1,51,v0.2.0
'@finsweet/attributes-selectcustom,1.7.2,28,F,UNVERIFIED_PUBLISH_PATH|DORMANT|BRANCH_REQUIRES_PR,2,50,v0.2.0
'@flowbase-co/boosters-gsap,3.12.7,34,F,UNVERIFIED_PUBLISH_PATH,2,50,v0.2.0
'@mezereon/bigcommerce-stencil,1.0.30,21,F,UNVERIFIED_PUBLISH_PATH|SINGLE_MAINTAINER,1,50,v0.2.0
'@partslogic/ui,2.0.7,25,F,UNVERIFIED_PUBLISH_PATH|SINGLE_MAINTAINER,1,50,v0.2.0
'@staytuned-io/web-components,1.0.30,33,F,UNVERIFIED_PUBLISH_PATH|DORMANT,5,50,v0.2.0
aksharamukha,2.3.0-32,63,C,INCONSISTENT_PUBLISH_PATH|SINGLE_MAINTAINER,1,50,v0.2.0
big-buck-bunny-1080p,0.0.6,15,F,UNVERIFIED_PUBLISH_PATH|DORMANT|SINGLE_MAINTAINER,1,50,v0.2.0
font-awesome-4,4.7.4,19,F,UNVERIFIED_PUBLISH_PATH|DORMANT|SINGLE_MAINTAINER,1,50,v0.2.0
jquery-shadow-animation,1.12.0,19,F,UNVERIFIED_PUBLISH_PATH|DORMANT|SINGLE_MAINTAINER,1,50,v0.2.0
js-lru-cache,0.1.10,19,F,UNVERIFIED_PUBLISH_PATH|DORMANT|SINGLE_MAINTAINER,1,50,v0.2.0
remixicon-react-bundler,1.1.0,25,F,UNVERIFIED_PUBLISH_PATH|SINGLE_MAINTAINER,1,50,v0.2.0
sv-hover-intent,1.0.1,19,F,UNVERIFIED_PUBLISH_PATH|DORMANT|SINGLE_MAINTAINER,1,50,v0.2.0
svelte-free-icons-thin,1.0.1,25,F,UNVERIFIED_PUBLISH_PATH|SINGLE_MAINTAINER,1,50,v0.2.0
syzoj-public-cdn,1.2.0,19,F,UNVERIFIED_PUBLISH_PATH|DORMANT|SINGLE_MAINTAINER,1,50,v0.2.0
timelinejs3,3.4.0,19,F,UNVERIFIED_PUBLISH_PATH|DORMANT|SINGLE_MAINTAINER,1,50,v0.2.0
'@coveops/abi,2.0.0,30,F,UNVERIFIED_PUBLISH_PATH|PUBLISHER_NOT_MAINTAINER,12,49,v0.2.0
'@deox/blogger-feed,0.1.1,75,B,SINGLE_MAINTAINER|DEPRECATED,1,49,v0.2.0
'@live-codes/monaco-editor,0.3.1,21,F,UNVERIFIED_PUBLISH_PATH|SINGLE_MAINTAINER,1,49,v0.2.0
'@novastar/native,2.2.1,25,F,UNVERIFIED_PUBLISH_PATH|SINGLE_MAINTAINER,1,49,v0.2.0
animate.js,2.0.2,19,F,UNVERIFIED_PUBLISH_PATH|DORMANT|SINGLE_MAINTAINER,1,49,v0.2.0
docsify-count,1.1.0,19,F,UNVERIFIED_PUBLISH_PATH|DORMANT|SINGLE_MAINTAINER,1,49,v0.2.0
flot-pie,1.0.0,19,F,UNVERIFIED_PUBLISH_PATH|DORMANT|SINGLE_MAINTAINER,1,49,v0.2.0
jquery-roving-tabindex,1.0.1,19,F,UNVERIFIED_PUBLISH_PATH|DORMANT|SINGLE_MAINTAINER,1,49,v0.2.0
lazyhtml,1.2.3,19,F,UNVERIFIED_PUBLISH_PATH|DORMANT|SINGLE_MAINTAINER,1,49,v0.2.0
mojocss,0.2.0,19,F,UNVERIFIED_PUBLISH_PATH|DORMANT|SINGLE_MAINTAINER,1,49,v0.2.0
strophe,1.2.4,19,F,UNVERIFIED_PUBLISH_PATH|DORMANT|SINGLE_MAINTAINER|DEPRECATED,1,49,v0.2.0
'@beyonk/embedded,4.1.0,30,F,UNVERIFIED_PUBLISH_PATH,7,48,v0.2.0
'@handsfree/aa-launcher,2.1.54,39,D,UNVERIFIED_PUBLISH_PATH,4,48,v0.2.0
'@redvars/peacock,3.9.1,63,C,INCONSISTENT_PUBLISH_PATH|SINGLE_MAINTAINER,1,48,v0.2.0
'@turingpaper/ui,0.0.16,21,F,UNVERIFIED_PUBLISH_PATH|SINGLE_MAINTAINER,1,48,v0.2.0
'@zf-web-font/sourcehansanscn,0.2.0,10,F,UNVERIFIED_PUBLISH_PATH|DORMANT|SINGLE_MAINTAINER,1,48,v0.2.0
swarmcloud-jwplayer-hlsjs,0.1.3,15,F,UNVERIFIED_PUBLISH_PATH|DORMANT|SINGLE_MAINTAINER,1,48,v0.2.0
udesly-instagram-feed,2.0.7,10,F,UNVERIFIED_PUBLISH_PATH|DORMANT|SINGLE_MAINTAINER,1,48,v0.2.0
videojs-persist,0.2.0,15,F,UNVERIFIED_PUBLISH_PATH|DORMANT|SINGLE_MAINTAINER,1,48,v0.2.0
'@iso-safety-signs/react,1.0.2,63,C,INCONSISTENT_PUBLISH_PATH|SINGLE_MAINTAINER,1,47,v0.2.0
'@motomedialab/cookie-consent,1.3.3,25,F,UNVERIFIED_PUBLISH_PATH|SINGLE_MAINTAINER,1,47,v0.2.0
'@staytuned-io/sdk-v2,2.0.41,39,D,UNVERIFIED_PUBLISH_PATH,5,47,v0.2.0
game-icons-transparent,1.0.2,16,F,UNVERIFIED_PUBLISH_PATH|SINGLE_MAINTAINER,1,47,v0.2.0
jquery.iframetracker,2.1.0,19,F,UNVERIFIED_PUBLISH_PATH|DORMANT|SINGLE_MAINTAINER,1,47,v0.2.0
mapbox-gl-rain-layer,0.9.1,25,F,UNVERIFIED_PUBLISH_PATH|SINGLE_MAINTAINER,1,47,v0.2.0
mori-chat-widget,2.0.49,16,F,UNVERIFIED_PUBLISH_PATH|SINGLE_MAINTAINER,1,47,v0.2.0
summernote-ext-print,0.1.6,19,F,UNVERIFIED_PUBLISH_PATH|DORMANT|SINGLE_MAINTAINER,1,47,v0.2.0
'@afosto/instant-search-client,1.0.9,33,F,UNVERIFIED_PUBLISH_PATH|DORMANT,3,46,v0.2.0
'@brytdesigns/web-component-keen-slider-navigation-arrows,1.1.10,30,F,UNVERIFIED_PUBLISH_PATH,5,46,v0.2.0
'@jsuites/cropper,1.7.0,25,F,UNVERIFIED_PUBLISH_PATH|SINGLE_MAINTAINER,1,46,v0.2.0
'@raisenow/solution-embed,1.3.0,30,F,UNVERIFIED_PUBLISH_PATH,5,46,v0.2.0
marquee6k,1.3.4,31,F,UNVERIFIED_PUBLISH_PATH|SINGLE_MAINTAINER,1,46,v0.2.0
videojs-schema,0.8.0,19,F,UNVERIFIED_PUBLISH_PATH|DORMANT|SINGLE_MAINTAINER|BRANCH_REQUIRES_PR,1,46,v0.2.0
'@bibleup/bibleup,1.1.0,19,F,UNVERIFIED_PUBLISH_PATH|DORMANT|SINGLE_MAINTAINER,1,45,v0.2.0
'@finsweet/attributes-cmsselect,1.7.0,28,F,UNVERIFIED_PUBLISH_PATH|DORMANT|BRANCH_REQUIRES_PR,2,45,v0.2.0
'@flowbase-co/boosters-countdown,2.0.2,34,F,UNVERIFIED_PUBLISH_PATH,2,45,v0.2.0
'@goongmaps/goong-geocoder,1.1.1,29,F,UNVERIFIED_PUBLISH_PATH|DORMANT,2,45,v0.2.0
'@openfonts/noto-sans-tc_chinese-traditional,1.44.8,14,F,UNVERIFIED_PUBLISH_PATH|DORMANT|SINGLE_MAINTAINER,1,45,v0.2.0
'@openfonts/sarabun_thai,1.44.3,14,F,UNVERIFIED_PUBLISH_PATH|DORMANT|SINGLE_MAINTAINER,1,45,v0.2.0
'@openscan/metadata,1.0.1,77,B,INCONSISTENT_PUBLISH_PATH,2,45,v0.2.0
'@promobase/meta-business-sdk-ts,0.0.4,57,C,INCONSISTENT_PUBLISH_PATH|SINGLE_MAINTAINER,1,45,v0.2.0
'@rive-app/flutter-wasm,41.0.0,33,F,UNVERIFIED_PUBLISH_PATH|DORMANT|BRANCH_REQUIRES_PR,5,45,v0.2.0
'@simondmc/popup-js,1.4.5,25,F,UNVERIFIED_PUBLISH_PATH|SINGLE_MAINTAINER,1,45,v0.2.0
'@swetrix/captcha,2.3.0,73,B,SINGLE_MAINTAINER,1,45,v0.2.0
busuanzi,2.3.0,19,F,UNVERIFIED_PUBLISH_PATH|DORMANT|SINGLE_MAINTAINER,1,45,v0.2.0
kenobi-js,0.1.47,35,D,UNVERIFIED_PUBLISH_PATH,2,45,v0.2.0
qrcode_js,1.0.0,19,F,UNVERIFIED_PUBLISH_PATH|DORMANT|SINGLE_MAINTAINER,1,45,v0.2.0
story-show-gallery,3.3.13,25,F,UNVERIFIED_PUBLISH_PATH|SINGLE_MAINTAINER,1,45,v0.2.0
zebra_pin,3.0.1,19,F,UNVERIFIED_PUBLISH_PATH|DORMANT|SINGLE_MAINTAINER,1,45,v0.2.0
'@aiconomy/aico-components,0.0.202,29,F,UNVERIFIED_PUBLISH_PATH|DORMANT,4,44,v0.2.0
'@bro-design/bro-marquee,1.0.1,25,F,UNVERIFIED_PUBLISH_PATH|SINGLE_MAINTAINER,1,44,v0.2.0
'@digital-realty/ix-card,1.2.4,35,D,UNVERIFIED_PUBLISH_PATH,4,44,v0.2.0
'@flowbase-co/boosters-gsap-text-highlight,1.0.5,34,F,UNVERIFIED_PUBLISH_PATH,2,44,v0.2.0
'@mobiscroll/jquery-lite,4.10.9,23,F,UNVERIFIED_PUBLISH_PATH|DORMANT|PUBLISHER_NOT_MAINTAINER,3,44,v0.2.0
'@vuesimple/vs-select,3.1.6,25,F,UNVERIFIED_PUBLISH_PATH|SINGLE_MAINTAINER,1,44,v0.2.0
'@xpressengine/xeicon,2.4.0,25,F,UNVERIFIED_PUBLISH_PATH|SINGLE_MAINTAINER,1,44,v0.2.0
cookie-consent-box,2.4.0,19,F,UNVERIFIED_PUBLISH_PATH|DORMANT|SINGLE_MAINTAINER,1,44,v0.2.0
data-metrics-badge,0.5.7,33,F,UNVERIFIED_PUBLISH_PATH|DORMANT,3,44,v0.2.0
extra-map-card,1.8.0,25,F,UNVERIFIED_PUBLISH_PATH|SINGLE_MAINTAINER,1,44,v0.2.0
feather-icon,0.1.0,19,F,UNVERIFIED_PUBLISH_PATH|DORMANT|SINGLE_MAINTAINER,1,44,v0.2.0
html5-simple-date-input-polyfill,1.1.0,19,F,UNVERIFIED_PUBLISH_PATH|DORMANT|SINGLE_MAINTAINER,1,44,v0.2.0
wavify,1.0.0,19,F,UNVERIFIED_PUBLISH_PATH|DORMANT|SINGLE_MAINTAINER,1,44,v0.2.0
'@finsweet/attributes-cmsnest,1.12.1,39,D,UNVERIFIED_PUBLISH_PATH|BRANCH_REQUIRES_PR,2,43,v0.2.0
'@moveo-ai/web-widget,1.14.0,33,F,UNVERIFIED_PUBLISH_PATH|DORMANT,3,43,v0.2.0
'@nano-apps/cas,0.0.12,16,F,UNVERIFIED_PUBLISH_PATH|SINGLE_MAINTAINER|PUBLISHER_NOT_MAINTAINER|DEPRECATED,1,43,v0.2.0
'@posten/hedwig,11.13.4,33,F,UNVERIFIED_PUBLISH_PATH|DORMANT,6,43,v0.2.0
'@speechkit/speechkit-audio-player,3.18.30,28,F,UNVERIFIED_PUBLISH_PATH|DORMANT|PUBLISHER_NOT_MAINTAINER,2,43,v0.2.0
afterglowplayer,1.1.0,19,F,UNVERIFIED_PUBLISH_PATH|DORMANT|SINGLE_MAINTAINER,1,43,v0.2.0
jquery-ias,2.3.1,19,F,UNVERIFIED_PUBLISH_PATH|DORMANT|SINGLE_MAINTAINER,1,43,v0.2.0
jquery-simple-mobilemenu,2.0.1,19,F,UNVERIFIED_PUBLISH_PATH|DORMANT|SINGLE_MAINTAINER,1,43,v0.2.0
roboto-fontface-woff,0.8.0,19,F,UNVERIFIED_PUBLISH_PATH|DORMANT|SINGLE_MAINTAINER,1,43,v0.2.0
singlefileapproach,1.24.0,15,F,UNVERIFIED_PUBLISH_PATH|DORMANT|SINGLE_MAINTAINER,1,43,v0.2.0
typeface-nanum-square-round,1.0.2,19,F,UNVERIFIED_PUBLISH_PATH|DORMANT|SINGLE_MAINTAINER,1,43,v0.2.0
'@digital-realty/ix-phone-number,1.2.4,35,D,UNVERIFIED_PUBLISH_PATH,4,42,v0.2.0
'@etchteam/recycling-locator,1.78.1,87,A,,4,42,v0.2.0
'@finsweet/attributes-socialshare,1.3.2,28,F,UNVERIFIED_PUBLISH_PATH|DORMANT|BRANCH_REQUIRES_PR,2,42,v0.2.0
'@zf-web-font/youshebiaotihei,0.2.0,10,F,UNVERIFIED_PUBLISH_PATH|DORMANT|SINGLE_MAINTAINER,1,42,v0.2.0
dora-layout,0.0.0-dev.2,26,F,UNVERIFIED_PUBLISH_PATH|DORMANT|SINGLE_MAINTAINER,1,42,v0.2.0
font-applesdgothicneo,1.0.3,19,F,UNVERIFIED_PUBLISH_PATH|DORMANT|SINGLE_MAINTAINER,1,42,v0.2.0
jquery-1.8,1.8.3,19,F,UNVERIFIED_PUBLISH_PATH|DORMANT|SINGLE_MAINTAINER,1,42,v0.2.0
jquery-captcha,2.3.2,19,F,UNVERIFIED_PUBLISH_PATH|DORMANT|SINGLE_MAINTAINER,1,42,v0.2.0
'@brytdesigns/web-component-keen-slider-scrollbar,1.1.9,30,F,UNVERIFIED_PUBLISH_PATH,5,41,v0.2.0
'@daviddarnes/link-peek,1.1.0,19,F,UNVERIFIED_PUBLISH_PATH|DORMANT|SINGLE_MAINTAINER,1,41,v0.2.0
'@r3dz0n3/fontawesome-pro,6.3.0,19,F,UNVERIFIED_PUBLISH_PATH|DORMANT|SINGLE_MAINTAINER,1,41,v0.2.0
'@vuesimple/vs-loader,3.1.6,25,F,UNVERIFIED_PUBLISH_PATH|SINGLE_MAINTAINER,1,41,v0.2.0
bcswipe,2.0.5,19,F,UNVERIFIED_PUBLISH_PATH|DORMANT|SINGLE_MAINTAINER,1,41,v0.2.0
gather-vue,8.20.2,21,F,UNVERIFIED_PUBLISH_PATH|SINGLE_MAINTAINER,1,41,v0.2.0
'@blinkmobile/angular-signature-pad,1.0.1,33,F,UNVERIFIED_PUBLISH_PATH|DORMANT|DEPRECATED,5,40,v0.2.0
'@brytdesigns/web-component-modal,1.1.9,30,F,UNVERIFIED_PUBLISH_PATH,5,40,v0.2.0
'@denserai/embed-chat,1.0.33,35,D,UNVERIFIED_PUBLISH_PATH,3,40,v0.2.0
'@finsweet/attributes-favcustom,1.5.0,28,F,UNVERIFIED_PUBLISH_PATH|DORMANT,2,40,v0.2.0
'@gocharles/axeptio-then-segment,4.1.0,25,F,UNVERIFIED_PUBLISH_PATH|SINGLE_MAINTAINER,1,40,v0.2.0
'@jspreadsheet/editors,11.0.1,25,F,UNVERIFIED_PUBLISH_PATH|SINGLE_MAINTAINER,1,40,v0.2.0
'@umich-lib/components,1.1.0,29,F,UNVERIFIED_PUBLISH_PATH|DORMANT,7,40,v0.2.0
'@vamlabs/vam-chatbot,0.1.82,39,D,UNVERIFIED_PUBLISH_PATH,2,40,v0.2.0
'@wewear/web-components,1.0.108,21,F,UNVERIFIED_PUBLISH_PATH|SINGLE_MAINTAINER,1,40,v0.2.0
bootstrap-modbox,1.7.0,19,F,UNVERIFIED_PUBLISH_PATH|DORMANT|SINGLE_MAINTAINER,1,40,v0.2.0
ckplayer,3.1.2,19,F,UNVERIFIED_PUBLISH_PATH|DORMANT|SINGLE_MAINTAINER,1,40,v0.2.0
docsify-edit-on-github,1.0.3,19,F,UNVERIFIED_PUBLISH_PATH|DORMANT|SINGLE_MAINTAINER,1,40,v0.2.0
jquery-accessible-tabpanel-aria,1.6.1,19,F,UNVERIFIED_PUBLISH_PATH|DORMANT|SINGLE_MAINTAINER,1,40,v0.2.0
jquery-todictionary,1.3.0,19,F,UNVERIFIED_PUBLISH_PATH|DORMANT|SINGLE_MAINTAINER,1,40,v0.2.0
level-selector,0.2.0,19,F,UNVERIFIED_PUBLISH_PATH|DORMANT|SINGLE_MAINTAINER,1,40,v0.2.0
mixitup-multifilter,3.3.7,19,F,UNVERIFIED_PUBLISH_PATH|DORMANT|SINGLE_MAINTAINER,1,40,v0.2.0
pure,2.85.0,19,F,UNVERIFIED_PUBLISH_PATH|DORMANT|SINGLE_MAINTAINER,1,40,v0.2.0
pushbar.js,1.0.0,19,F,UNVERIFIED_PUBLISH_PATH|DORMANT|SINGLE_MAINTAINER,1,40,v0.2.0
ss-utils,0.2.7,19,F,UNVERIFIED_PUBLISH_PATH|DORMANT|SINGLE_MAINTAINER,1,40,v0.2.0
svg-emojis,0.0.8,19,F,UNVERIFIED_PUBLISH_PATH|DORMANT|SINGLE_MAINTAINER,1,40,v0.2.0
'@contactlab/marketing-cloud-logo,6.0.0,39,D,UNVERIFIED_PUBLISH_PATH,6,39,v0.2.0
'@e-inscricao/widget,0.0.24,35,D,UNVERIFIED_PUBLISH_PATH,5,39,v0.2.0
'@inlang/plugin-t-function-matcher,2.0.24,82,B,,2,39,v0.2.0
'@magicpatterns/html-to-figma,1.0.5,35,D,UNVERIFIED_PUBLISH_PATH,3,39,v0.2.0
'@observablehq/katex,0.11.1,33,F,UNVERIFIED_PUBLISH_PATH|DORMANT,4,39,v0.2.0
'@wf-financing/headless,5.1.1,16,F,UNVERIFIED_PUBLISH_PATH|SINGLE_MAINTAINER,1,39,v0.2.0
alibabapuhuiti-3-85-bold,1.0.0,15,F,UNVERIFIED_PUBLISH_PATH|DORMANT|SINGLE_MAINTAINER,1,39,v0.2.0
arabic-webfonts,1.5.0,10,F,UNVERIFIED_PUBLISH_PATH|DORMANT|SINGLE_MAINTAINER,1,39,v0.2.0
bubbly-bg,1.0.0,19,F,UNVERIFIED_PUBLISH_PATH|DORMANT|SINGLE_MAINTAINER,1,39,v0.2.0
cisdi-making-form,0.0.7,15,F,UNVERIFIED_PUBLISH_PATH|DORMANT|SINGLE_MAINTAINER|DEPRECATED,1,39,v0.2.0
face-age,2.3.13,21,F,UNVERIFIED_PUBLISH_PATH|SINGLE_MAINTAINER,1,39,v0.2.0
jmapserver-ng-core,2.13.0,35,D,UNVERIFIED_PUBLISH_PATH,7,39,v0.2.0
jtsage-datebox-jqm,5.3.3,14,F,UNVERIFIED_PUBLISH_PATH|DORMANT|SINGLE_MAINTAINER,1,39,v0.2.0
njx-ui,1.1.4,25,F,UNVERIFIED_PUBLISH_PATH|SINGLE_MAINTAINER,1,39,v0.2.0
uikit-icons-extended,1.4.3,21,F,UNVERIFIED_PUBLISH_PATH|SINGLE_MAINTAINER,1,39,v0.2.0
'@azerion/phaser,2.6.16,28,F,UNVERIFIED_PUBLISH_PATH|DORMANT|PUBLISHER_NOT_MAINTAINER,4,38,v0.2.0
'@reform-digital/cookie-flow,2.3.1,16,F,UNVERIFIED_PUBLISH_PATH|SINGLE_MAINTAINER,1,38,v0.2.0
'@umich-lib/web,1.3.2,29,F,UNVERIFIED_PUBLISH_PATH|DORMANT,7,38,v0.2.0
apirocket,0.17.17,35,D,UNVERIFIED_PUBLISH_PATH,2,38,v0.2.0
clappr-level-selector-plugin,0.2.1,19,F,UNVERIFIED_PUBLISH_PATH|DORMANT|SINGLE_MAINTAINER,1,38,v0.2.0
fontsource-noto-sans-tc,4.0.0,19,F,UNVERIFIED_PUBLISH_PATH|DORMANT|SINGLE_MAINTAINER|DEPRECATED,1,38,v0.2.0
jquery-listnav,2.4.10,33,F,UNVERIFIED_PUBLISH_PATH|DORMANT,3,38,v0.2.0
jquery.datepicker-plus-css,1.0.0,19,F,UNVERIFIED_PUBLISH_PATH|DORMANT|SINGLE_MAINTAINER,1,38,v0.2.0
knockout-viewmodel,2.1.0,19,F,UNVERIFIED_PUBLISH_PATH|DORMANT|SINGLE_MAINTAINER,1,38,v0.2.0
labjs,0.0.0-pre1,14,F,UNVERIFIED_PUBLISH_PATH|DORMANT|SINGLE_MAINTAINER,1,38,v0.2.0
latency-test,1.0.1,21,F,UNVERIFIED_PUBLISH_PATH|SINGLE_MAINTAINER,1,38,v0.2.0
popupable,1.10.0,25,F,UNVERIFIED_PUBLISH_PATH|SINGLE_MAINTAINER,1,38,v0.2.0
'@00sanoj00/rtxtube,1.3.3,20,F,UNVERIFIED_PUBLISH_PATH|SINGLE_MAINTAINER,1,37,v0.2.0
'@analytics-debugger/google-tag-linker,0.0.1,19,F,UNVERIFIED_PUBLISH_PATH|DORMANT|SINGLE_MAINTAINER,1,37,v0.2.0
'@brytdesigns/web-component-keen-slider,1.2.3,30,F,UNVERIFIED_PUBLISH_PATH,5,37,v0.2.0
'@brytdesigns/web-component-keen-slider-navigation-dots,1.1.12,30,F,UNVERIFIED_PUBLISH_PATH,5,37,v0.2.0
'@formconnector/form-utils,1.0.15,30,F,UNVERIFIED_PUBLISH_PATH,4,37,v0.2.0
'@jspreadsheet/format,4.0.1,25,F,UNVERIFIED_PUBLISH_PATH|SINGLE_MAINTAINER,1,37,v0.2.0
'@meetelise/hc-scheduler-widget,1.2.5,39,D,UNVERIFIED_PUBLISH_PATH,7,37,v0.2.0
'@pimaonline/pimaonline-themepack,5.24.24,39,D,UNVERIFIED_PUBLISH_PATH,2,37,v0.2.0
'@saccerwin/antigravity-flow,1.1.3,21,F,UNVERIFIED_PUBLISH_PATH|SINGLE_MAINTAINER,1,37,v0.2.0
'@whitesev/domutils,2.0.8,16,F,UNVERIFIED_PUBLISH_PATH|SINGLE_MAINTAINER,1,37,v0.2.0
'@zendeskgarden/css-chrome,4.1.20,26,F,UNVERIFIED_PUBLISH_PATH|DORMANT|SINGLE_MAINTAINER|DEPRECATED,1,37,v0.2.0
antd-button,1.0.1,10,F,UNVERIFIED_PUBLISH_PATH|DORMANT|SINGLE_MAINTAINER,1,37,v0.2.0
autonotifier12,1.0.0,16,F,UNVERIFIED_PUBLISH_PATH|SINGLE_MAINTAINER,1,37,v0.2.0
evrythng,6.0.5,19,F,UNVERIFIED_PUBLISH_PATH|DORMANT|SINGLE_MAINTAINER,1,37,v0.2.0
google-maps-utility-library-v3-markerwithlabel,1.1.10,19,F,UNVERIFIED_PUBLISH_PATH|DORMANT|SINGLE_MAINTAINER,1,37,v0.2.0
shadows-imgs,0.0.40,10,F,UNVERIFIED_PUBLISH_PATH|DORMANT|SINGLE_MAINTAINER,1,37,v0.2.0
whatsapp-sharing,1.3.4,19,F,UNVERIFIED_PUBLISH_PATH|DORMANT|SINGLE_MAINTAINER|DEPRECATED,1,37,v0.2.0
'@brytdesigns/shopify-product-info-components,1.1.10,30,F,UNVERIFIED_PUBLISH_PATH,5,36,v0.2.0
'@chaindesk/embeds,1.0.245,25,F,UNVERIFIED_PUBLISH_PATH|SINGLE_MAINTAINER,1,36,v0.2.0
'@epigraph/configurator,2.6.3,39,D,UNVERIFIED_PUBLISH_PATH,4,36,v0.2.0
'@flowbase-co/boosters-typewriter,1.0.3,34,F,UNVERIFIED_PUBLISH_PATH,2,36,v0.2.0
'@hanzi.pro/webfonts-shanggu-serif,0.1.0,52,C,INCONSISTENT_PUBLISH_PATH|SINGLE_MAINTAINER,1,36,v0.2.0
'@litemetrics/tracker,0.4.0,20,F,UNVERIFIED_PUBLISH_PATH|SINGLE_MAINTAINER,1,36,v0.2.0
'@unbabel/ui,5.19.0,30,F,UNVERIFIED_PUBLISH_PATH|PUBLISHER_NOT_MAINTAINER,4,36,v0.2.0
vipassana-design-standards,1.2.5,21,F,UNVERIFIED_PUBLISH_PATH|SINGLE_MAINTAINER,1,36,v0.2.0
'@figmania/webcomponent,3.3.10,15,F,UNVERIFIED_PUBLISH_PATH|DORMANT|SINGLE_MAINTAINER,1,35,v0.2.0
'@finsweet/attributes-accordion,1.1.2,28,F,UNVERIFIED_PUBLISH_PATH|DORMANT|BRANCH_REQUIRES_PR,2,35,v0.2.0
amazon-fonts,1.0.1,19,F,UNVERIFIED_PUBLISH_PATH|DORMANT|SINGLE_MAINTAINER,1,35,v0.2.0
cappen-sign,0.0.6,15,F,UNVERIFIED_PUBLISH_PATH|DORMANT|SINGLE_MAINTAINER,1,35,v0.2.0
fonts-archive-cooper-black,0.0.0,15,F,UNVERIFIED_PUBLISH_PATH|DORMANT|SINGLE_MAINTAINER,1,35,v0.2.0
iszolea-ui,1.2.91,35,D,UNVERIFIED_PUBLISH_PATH,9,35,v0.2.0
midi-instrument-patches,1.0.5,19,F,UNVERIFIED_PUBLISH_PATH|DORMANT|SINGLE_MAINTAINER,1,35,v0.2.0
reverie-stt-sdk,0.24.0,21,F,UNVERIFIED_PUBLISH_PATH|SINGLE_MAINTAINER,1,35,v0.2.0
sans-serif,1.0.0,19,F,UNVERIFIED_PUBLISH_PATH|DORMANT|SINGLE_MAINTAINER,1,35,v0.2.0
scrollax,1.0.0,19,F,UNVERIFIED_PUBLISH_PATH|DORMANT|SINGLE_MAINTAINER,1,35,v0.2.0
slide-and-swipe-menu,1.2.6,19,F,UNVERIFIED_PUBLISH_PATH|DORMANT|SINGLE_MAINTAINER,1,35,v0.2.0
swiftype-app-search-javascript,2.4.0,33,F,UNVERIFIED_PUBLISH_PATH|DORMANT|DEPRECATED,10,35,v0.2.0
'@activix/summernote-image-attributes,1.0.2,29,F,UNVERIFIED_PUBLISH_PATH|DORMANT,6,34,v0.2.0
'@flowbase-co/boosters-gsap-text-reveal,1.0.4,34,F,UNVERIFIED_PUBLISH_PATH,2,34,v0.2.0
'@marqueefy/marqueefy,1.0.3,19,F,UNVERIFIED_PUBLISH_PATH|DORMANT|SINGLE_MAINTAINER,1,34,v0.2.0
'@noonnu/noto-sans-kr,0.1.0,14,F,UNVERIFIED_PUBLISH_PATH|DORMANT|SINGLE_MAINTAINER,1,34,v0.2.0
clappr-ga-events-plugin,2.2.0,19,F,UNVERIFIED_PUBLISH_PATH|DORMANT|SINGLE_MAINTAINER,1,34,v0.2.0
login.log,1.0.4,10,F,UNVERIFIED_PUBLISH_PATH|DORMANT|SINGLE_MAINTAINER,1,34,v0.2.0
vue-freedom,1.0.0,15,F,UNVERIFIED_PUBLISH_PATH|DORMANT|SINGLE_MAINTAINER,1,34,v0.2.0
'@findify/analytics,3.6.15,40,D,UNVERIFIED_PUBLISH_PATH|DORMANT,5,33,v0.2.0
'@vuesimple/vs-alert,3.1.6,25,F,UNVERIFIED_PUBLISH_PATH|SINGLE_MAINTAINER,1,33,v0.2.0
'@vuesimple/vs-datepicker,3.1.6,25,F,UNVERIFIED_PUBLISH_PATH|SINGLE_MAINTAINER,1,33,v0.2.0
'@yes-chef/yes-chef-sliders,2.0.13,20,F,UNVERIFIED_PUBLISH_PATH|SINGLE_MAINTAINER,1,33,v0.2.0
alibabapuhuiti-3-65-medium,1.0.0,15,F,UNVERIFIED_PUBLISH_PATH|DORMANT|SINGLE_MAINTAINER,1,33,v0.2.0
jquery-multifile,2.2.2,19,F,UNVERIFIED_PUBLISH_PATH|DORMANT|SINGLE_MAINTAINER,1,33,v0.2.0
jquery.scrollup,2.4.1,19,F,UNVERIFIED_PUBLISH_PATH|DORMANT|SINGLE_MAINTAINER,1,33,v0.2.0
micro-slider,1.1.0,19,F,UNVERIFIED_PUBLISH_PATH|DORMANT|SINGLE_MAINTAINER,1,33,v0.2.0
noto-serif-kr,27.0.0,19,F,UNVERIFIED_PUBLISH_PATH|DORMANT|SINGLE_MAINTAINER,1,33,v0.2.0
'@apttec/reports,2.0.16,19,F,UNVERIFIED_PUBLISH_PATH|DORMANT|SINGLE_MAINTAINER,1,32,v0.2.0
'@brytdesigns/web-component-form-sync,1.2.5,30,F,UNVERIFIED_PUBLISH_PATH,5,32,v0.2.0
'@daivietpda/tizentube,1.0.18,25,F,UNVERIFIED_PUBLISH_PATH|SINGLE_MAINTAINER,1,32,v0.2.0
'@gaia-project/viewer,5.11.50,28,F,UNVERIFIED_PUBLISH_PATH|DORMANT,2,32,v0.2.0
'@ideal-postcodes/bigcommerce,3.2.0,39,D,UNVERIFIED_PUBLISH_PATH,2,32,v0.2.0
'@moxiworks/project-vitruvius,0.0.38,24,F,UNVERIFIED_PUBLISH_PATH|DORMANT|PUBLISHER_NOT_MAINTAINER,6,32,v0.2.0
'@rtstic.dev/pulse,0.0.104,16,F,UNVERIFIED_PUBLISH_PATH|SINGLE_MAINTAINER,1,32,v0.2.0
'@zendeskgarden/css-breadcrumbs,0.2.23,26,F,UNVERIFIED_PUBLISH_PATH|DORMANT|SINGLE_MAINTAINER|DEPRECATED,1,32,v0.2.0
fork-corner,2.0.1,19,F,UNVERIFIED_PUBLISH_PATH|DORMANT|SINGLE_MAINTAINER,1,32,v0.2.0
hero-mega-menu,1.8.2,15,F,UNVERIFIED_PUBLISH_PATH|DORMANT|SINGLE_MAINTAINER,1,32,v0.2.0
holidoit,1.0.162,25,F,UNVERIFIED_PUBLISH_PATH|SINGLE_MAINTAINER,1,32,v0.2.0
iro-transparency-plugin,1.0.2,19,F,UNVERIFIED_PUBLISH_PATH|DORMANT|SINGLE_MAINTAINER,1,32,v0.2.0
miam-injector,1.47.14,30,F,UNVERIFIED_PUBLISH_PATH,3,32,v0.2.0
pretty-dropdowns,4.17.0,19,F,UNVERIFIED_PUBLISH_PATH|DORMANT|SINGLE_MAINTAINER,1,32,v0.2.0
react-iconsax-icons,1.0.1,19,F,UNVERIFIED_PUBLISH_PATH|DORMANT|SINGLE_MAINTAINER,1,32,v0.2.0
siiimple-toast,3.1.7,19,F,UNVERIFIED_PUBLISH_PATH|DORMANT|SINGLE_MAINTAINER,1,32,v0.2.0
'@bryt-designs/storefront-client,0.7.10,16,F,UNVERIFIED_PUBLISH_PATH|SINGLE_MAINTAINER,1,31,v0.2.0
'@deltaclan/superform,2.1.13,15,F,UNVERIFIED_PUBLISH_PATH|DORMANT|SINGLE_MAINTAINER,1,31,v0.2.0
'@goodgamestudios/cxf-webshop,7.1.10,35,D,UNVERIFIED_PUBLISH_PATH,27,31,v0.2.0
'@jspreadsheet/shapes,6.6.0,25,F,UNVERIFIED_PUBLISH_PATH|SINGLE_MAINTAINER,1,31,v0.2.0
'@tuily/heic2any,0.0.6,19,F,UNVERIFIED_PUBLISH_PATH|DORMANT|SINGLE_MAINTAINER,1,31,v0.2.0
'@umich-lib/css,1.0.9,29,F,UNVERIFIED_PUBLISH_PATH|DORMANT,7,31,v0.2.0
cf-gotham-fonts,1.0.0,10,F,UNVERIFIED_PUBLISH_PATH|DORMANT|SINGLE_MAINTAINER,1,31,v0.2.0
clappr-markers-plugin,0.6.3,19,F,UNVERIFIED_PUBLISH_PATH|DORMANT|SINGLE_MAINTAINER,1,31,v0.2.0
ecocdn,2.13.8,19,F,UNVERIFIED_PUBLISH_PATH|DORMANT|SINGLE_MAINTAINER,1,31,v0.2.0
videojsadx,4.1.2,39,D,UNVERIFIED_PUBLISH_PATH,2,31,v0.2.0
whatsapp-widget,1.2.0,19,F,UNVERIFIED_PUBLISH_PATH|DORMANT|SINGLE_MAINTAINER,1,31,v0.2.0
'@bryt-designs/predictive-search,3.0.10,16,F,UNVERIFIED_PUBLISH_PATH|SINGLE_MAINTAINER,1,30,v0.2.0
'@icon/coreui-icons-free,1.0.1-alpha.1,28,F,UNVERIFIED_PUBLISH_PATH|DORMANT,2,30,v0.2.0
'@lemonstand.org/config-goodgamestudios,0.47.0,35,D,UNVERIFIED_PUBLISH_PATH,7,30,v0.2.0
'@oplayer/plugins,1.0.15-beta.4,16,F,UNVERIFIED_PUBLISH_PATH|SINGLE_MAINTAINER,1,30,v0.2.0
'@ping-pub/widget,0.3.12,25,F,UNVERIFIED_PUBLISH_PATH|SINGLE_MAINTAINER,1,30,v0.2.0
'@svg-icons/fluentui-system-regular,1.87.0,28,F,UNVERIFIED_PUBLISH_PATH|DORMANT,2,30,v0.2.0
cbplayer,0.6.7,19,F,UNVERIFIED_PUBLISH_PATH|DORMANT|SINGLE_MAINTAINER,1,30,v0.2.0
clappr-google-ima-html5-preroll-plugin,0.3.3,19,F,UNVERIFIED_PUBLISH_PATH|DORMANT|SINGLE_MAINTAINER|DEPRECATED,1,30,v0.2.0
docsify-latex,0.5.2,19,F,UNVERIFIED_PUBLISH_PATH|DORMANT|SINGLE_MAINTAINER,1,30,v0.2.0
emoji-datasource-apple-split,1.0.6,19,F,UNVERIFIED_PUBLISH_PATH|DORMANT|SINGLE_MAINTAINER,1,30,v0.2.0
fitfast,1.0.215,39,D,UNVERIFIED_PUBLISH_PATH,2,30,v0.2.0
jsonlylightbox,0.5.5,19,F,UNVERIFIED_PUBLISH_PATH|DORMANT|SINGLE_MAINTAINER,1,30,v0.2.0
raleigh-map-components,1.0.9,25,F,UNVERIFIED_PUBLISH_PATH|SINGLE_MAINTAINER,1,30,v0.2.0
'@afosto/instant-search-widget,0.2.18,39,D,UNVERIFIED_PUBLISH_PATH,3,29,v0.2.0
'@finsweet/attributes-cmssort,1.13.3,28,F,UNVERIFIED_PUBLISH_PATH|DORMANT|BRANCH_REQUIRES_PR,2,29,v0.2.0
'@finsweet/attributes-numbercount,1.2.1,28,F,UNVERIFIED_PUBLISH_PATH|DORMANT|BRANCH_REQUIRES_PR,2,29,v0.2.0
'@flowbase-co/boosters-gsap-text-hover,1.0.5,34,F,UNVERIFIED_PUBLISH_PATH,2,29,v0.2.0
'@flowbase-co/boosters-text-scramble,1.0.2,34,F,UNVERIFIED_PUBLISH_PATH,2,29,v0.2.0
'@gamely/gly-engine,0.3.13,87,A,,2,29,v0.2.0
'@hanzi.pro/webfonts-shanggu-sans,0.1.0,52,C,INCONSISTENT_PUBLISH_PATH|SINGLE_MAINTAINER,1,29,v0.2.0
'@meowwolf/meowwolf-main,1.4.0,34,F,UNVERIFIED_PUBLISH_PATH|BRANCH_REQUIRES_PR,14,29,v0.2.0
alertify-js,0.3.12,15,F,UNVERIFIED_PUBLISH_PATH|DORMANT|SINGLE_MAINTAINER,1,29,v0.2.0
asyncllm,2.4.0,25,F,UNVERIFIED_PUBLISH_PATH|SINGLE_MAINTAINER,1,29,v0.2.0
flatpickr-hijri-calendar,1.0.0,19,F,UNVERIFIED_PUBLISH_PATH|DORMANT|SINGLE_MAINTAINER,1,29,v0.2.0
forkadapter161,1.0.0,16,F,UNVERIFIED_PUBLISH_PATH|SINGLE_MAINTAINER,1,29,v0.2.0
hapi-video,1.2.2,24,F,UNVERIFIED_PUBLISH_PATH|DORMANT,2,29,v0.2.0
kclsu-components,0.1.13,15,F,UNVERIFIED_PUBLISH_PATH|DORMANT|SINGLE_MAINTAINER,1,29,v0.2.0
line-seed-jp,0.0.5,15,F,UNVERIFIED_PUBLISH_PATH|DORMANT|SINGLE_MAINTAINER,1,29,v0.2.0
open_sans,1.0.1,10,F,UNVERIFIED_PUBLISH_PATH|DORMANT|SINGLE_MAINTAINER,1,29,v0.2.0
theme-lx,0.4.4,19,F,UNVERIFIED_PUBLISH_PATH|DORMANT|SINGLE_MAINTAINER,1,29,v0.2.0
udesly-wf-countup,0.0.1,10,F,UNVERIFIED_PUBLISH_PATH|DORMANT|SINGLE_MAINTAINER,1,29,v0.2.0
urdu-web-fonts,1.0.3,19,F,UNVERIFIED_PUBLISH_PATH|DORMANT|SINGLE_MAINTAINER,1,29,v0.2.0
'@dcp-test/dcp-worker,3.2.13,15,F,UNVERIFIED_PUBLISH_PATH|DORMANT|SINGLE_MAINTAINER,1,28,v0.2.0
'@fastwork/turbine,2.5.5,29,F,UNVERIFIED_PUBLISH_PATH|DORMANT,2,28,v0.2.0
'@shipnity/components,1.4.18,10,F,UNVERIFIED_PUBLISH_PATH|DORMANT|SINGLE_MAINTAINER|PUBLISHER_NOT_MAINTAINER,1,28,v0.2.0
apercu-font,1.0.0,10,F,UNVERIFIED_PUBLISH_PATH|DORMANT|SINGLE_MAINTAINER,1,28,v0.2.0
bootstrap3-wysihtml5-npm,0.3.3-npm.12,19,F,UNVERIFIED_PUBLISH_PATH|DORMANT|SINGLE_MAINTAINER,1,28,v0.2.0
carousel-3d,0.2.3,19,F,UNVERIFIED_PUBLISH_PATH|DORMANT|SINGLE_MAINTAINER|DEPRECATED,1,28,v0.2.0
jquery-date-dropdowns,1.1.1,10,F,UNVERIFIED_PUBLISH_PATH|DORMANT|SINGLE_MAINTAINER,1,28,v0.2.0
js-heo,1.0.13,19,F,UNVERIFIED_PUBLISH_PATH|DORMANT|SINGLE_MAINTAINER,1,28,v0.2.0
long-story-library,0.0.23,14,F,UNVERIFIED_PUBLISH_PATH|DORMANT|SINGLE_MAINTAINER,1,28,v0.2.0
perfecttense-editor,2.6.7,5,F,UNVERIFIED_PUBLISH_PATH|DORMANT|SINGLE_MAINTAINER|PUBLISHER_NOT_MAINTAINER,1,28,v0.2.0
spirhal,4.5.0,35,D,UNVERIFIED_PUBLISH_PATH,3,28,v0.2.0
text-obfuscator,1.2.0,19,F,UNVERIFIED_PUBLISH_PATH|DORMANT|SINGLE_MAINTAINER,1,28,v0.2.0
ts-sha1,0.6.1,19,F,UNVERIFIED_PUBLISH_PATH|DORMANT|SINGLE_MAINTAINER,1,28,v0.2.0
'@brytdesigns/web-component-accordion,1.1.8,30,F,UNVERIFIED_PUBLISH_PATH,5,27,v0.2.0
'@cegal/ui-icons,0.9.1,19,F,UNVERIFIED_PUBLISH_PATH|DORMANT|SINGLE_MAINTAINER,1,27,v0.2.0
'@educatly/engagement,0.0.22,15,F,UNVERIFIED_PUBLISH_PATH|DORMANT|SINGLE_MAINTAINER,1,27,v0.2.0
'@finsweet/attributes-modal,1.1.3,28,F,UNVERIFIED_PUBLISH_PATH|DORMANT|BRANCH_REQUIRES_PR,2,27,v0.2.0
'@finsweet/attributes-scrolldisable,1.6.2,28,F,UNVERIFIED_PUBLISH_PATH|DORMANT|BRANCH_REQUIRES_PR,2,27,v0.2.0
'@justinribeiro/share-to-mastodon,2.0.2,19,F,UNVERIFIED_PUBLISH_PATH|DORMANT|SINGLE_MAINTAINER,1,27,v0.2.0
'@optionfactory/ful,7.0.5,25,F,UNVERIFIED_PUBLISH_PATH|SINGLE_MAINTAINER,1,27,v0.2.0
'@pyscript/try-me,0.2.8,21,F,UNVERIFIED_PUBLISH_PATH|SINGLE_MAINTAINER,1,27,v0.2.0
lisan,0.1.1,19,F,UNVERIFIED_PUBLISH_PATH|DORMANT|SINGLE_MAINTAINER,1,27,v0.2.0
metro-ui,3.0.15,19,F,UNVERIFIED_PUBLISH_PATH|DORMANT|SINGLE_MAINTAINER,1,27,v0.2.0
ractive-decorators-sortable,0.2.1,33,F,UNVERIFIED_PUBLISH_PATH|DORMANT,2,27,v0.2.0
'@amar-ui-web/core,2.0.0,15,F,UNVERIFIED_PUBLISH_PATH|DORMANT|SINGLE_MAINTAINER,1,26,v0.2.0
'@armdborg/hls.js,1.7.2,40,D,UNVERIFIED_PUBLISH_PATH,2,26,v0.2.0
'@eliaslazcano/utils,1.0.24,25,F,UNVERIFIED_PUBLISH_PATH|SINGLE_MAINTAINER,1,26,v0.2.0
'@fewangsit/wangsvue-sales,1.0.40,39,D,UNVERIFIED_PUBLISH_PATH,5,26,v0.2.0
'@forms.js/core,1.1.12,19,F,UNVERIFIED_PUBLISH_PATH|DORMANT|SINGLE_MAINTAINER,1,26,v0.2.0
'@goodgamestudios/cxf-tracking,1.1.9-qa.0,24,F,UNVERIFIED_PUBLISH_PATH|DORMANT|PUBLISHER_NOT_MAINTAINER,27,26,v0.2.0
'@pluralsight/design-tokens,0.7.1,14,F,UNVERIFIED_PUBLISH_PATH|DORMANT|SINGLE_MAINTAINER,1,26,v0.2.0
'@synqro/infinite-logo,1.2.0,21,F,UNVERIFIED_PUBLISH_PATH|SINGLE_MAINTAINER,1,26,v0.2.0
'@userland-run/nano-cas,0.0.12,16,F,UNVERIFIED_PUBLISH_PATH|SINGLE_MAINTAINER,1,26,v0.2.0
cdnbye-shaka,0.6.0,19,F,UNVERIFIED_PUBLISH_PATH|DORMANT|SINGLE_MAINTAINER,1,26,v0.2.0
dealpos-tm,8.3.2,16,F,UNVERIFIED_PUBLISH_PATH|SINGLE_MAINTAINER,1,26,v0.2.0
enlighterjs,3.4.0,14,F,UNVERIFIED_PUBLISH_PATH|DORMANT|SINGLE_MAINTAINER,1,26,v0.2.0
fetchclient163,1.0.0,16,F,UNVERIFIED_PUBLISH_PATH|SINGLE_MAINTAINER,1,26,v0.2.0
ghost-search,1.1.0,19,F,UNVERIFIED_PUBLISH_PATH|DORMANT|SINGLE_MAINTAINER,1,26,v0.2.0
ghost-theme-utils,1.7.0,19,F,UNVERIFIED_PUBLISH_PATH|DORMANT|SINGLE_MAINTAINER,1,26,v0.2.0
vimeo-froogaloop,0.1.0,19,F,UNVERIFIED_PUBLISH_PATH|DORMANT|SINGLE_MAINTAINER,1,26,v0.2.0
'@autosync/atx-bootstrap-datetimepicker,2.0.7,33,F,UNVERIFIED_PUBLISH_PATH|DORMANT,4,25,v0.2.0
'@farcade/game-sdk,0.3.0,35,D,UNVERIFIED_PUBLISH_PATH,3,25,v0.2.0
'@feedspring/framer-instagram,1.9.1,30,F,UNVERIFIED_PUBLISH_PATH,2,25,v0.2.0
'@findify/bundle,7.1.108,46,D,UNVERIFIED_PUBLISH_PATH,5,25,v0.2.0
'@finsweet/attributes-animation,1.2.2,28,F,UNVERIFIED_PUBLISH_PATH|DORMANT|BRANCH_REQUIRES_PR,2,25,v0.2.0
'@geoflow/geoflow,1.0.2,35,D,UNVERIFIED_PUBLISH_PATH,2,25,v0.2.0
'@inlang/plugin-next-intl,2.2.0,72,B,INCONSISTENT_PUBLISH_PATH,2,25,v0.2.0
'@leadsales/leadclick,1.12.0,29,F,UNVERIFIED_PUBLISH_PATH|DORMANT,4,25,v0.2.0
'@record-evolution/widget-mapbox,1.5.17,25,F,UNVERIFIED_PUBLISH_PATH|SINGLE_MAINTAINER,1,25,v0.2.0
'@victoryoalli/yamm3,1.1.1,19,F,UNVERIFIED_PUBLISH_PATH|DORMANT|SINGLE_MAINTAINER,1,25,v0.2.0
'@wc1font/source-han-serif-cn-vf,1.0.11,19,F,UNVERIFIED_PUBLISH_PATH|DORMANT|SINGLE_MAINTAINER,1,25,v0.2.0
bootstrap-tree-view,1.9.13,10,F,UNVERIFIED_PUBLISH_PATH|DORMANT|SINGLE_MAINTAINER,1,25,v0.2.0
fansunited-sdk-umd,1.128.0,35,D,UNVERIFIED_PUBLISH_PATH,3,25,v0.2.0
feather-icons-css,1.2.0,10,F,UNVERIFIED_PUBLISH_PATH|DORMANT|SINGLE_MAINTAINER,1,25,v0.2.0
gw-customer-accounts,1.6.2,25,F,UNVERIFIED_PUBLISH_PATH|SINGLE_MAINTAINER,1,25,v0.2.0
ict-shopify,2.2.1,25,F,UNVERIFIED_PUBLISH_PATH|SINGLE_MAINTAINER,1,25,v0.2.0
lazysizes-umd,3.0.1,19,F,UNVERIFIED_PUBLISH_PATH|DORMANT|SINGLE_MAINTAINER,1,25,v0.2.0
runhandler183,1.0.0,16,F,UNVERIFIED_PUBLISH_PATH|SINGLE_MAINTAINER,1,25,v0.2.0
'@d1g1tal/subscribr,4.2.1,68,C,SINGLE_MAINTAINER,1,24,v0.2.0
'@deltaclan/attributes-accordiontoggle,1.0.0,10,F,UNVERIFIED_PUBLISH_PATH|DORMANT|SINGLE_MAINTAINER,1,24,v0.2.0
'@fynd-design-engineering/fynd-one-v2,3.4.66,34,F,UNVERIFIED_PUBLISH_PATH,4,24,v0.2.0
'@plurio/intake,2.2.0,25,F,UNVERIFIED_PUBLISH_PATH|SINGLE_MAINTAINER,1,24,v0.2.0
'@teamepyc/sliders,0.9.5-alpha,28,F,UNVERIFIED_PUBLISH_PATH|DORMANT,2,24,v0.2.0
avalynx-table,1.0.3,25,F,UNVERIFIED_PUBLISH_PATH|SINGLE_MAINTAINER,1,24,v0.2.0
test-broker-230,1.0.0,16,F,UNVERIFIED_PUBLISH_PATH|SINGLE_MAINTAINER,1,24,v0.2.0
wicked.components,1.3.0,16,F,UNVERIFIED_PUBLISH_PATH|SINGLE_MAINTAINER,1,24,v0.2.0
'@davland7/rplayer,3.0.2,25,F,UNVERIFIED_PUBLISH_PATH|SINGLE_MAINTAINER,1,23,v0.2.0
'@finsweet/attributes-cmsslider,1.7.1,28,F,UNVERIFIED_PUBLISH_PATH|DORMANT|BRANCH_REQUIRES_PR,2,23,v0.2.0
'@flittpayments/checkout,1.16.9,39,D,UNVERIFIED_PUBLISH_PATH,5,23,v0.2.0
'@illumio/landing,0.4.14,20,F,UNVERIFIED_PUBLISH_PATH|SINGLE_MAINTAINER,1,23,v0.2.0
'@noonnu/cafe24-classic-type-regular,0.1.0,14,F,UNVERIFIED_PUBLISH_PATH|DORMANT|SINGLE_MAINTAINER,1,23,v0.2.0
'@swarmcloud/shaka,0.8.5,25,F,UNVERIFIED_PUBLISH_PATH|SINGLE_MAINTAINER,1,23,v0.2.0
brain-sam-js,1.0.9,25,F,UNVERIFIED_PUBLISH_PATH|SINGLE_MAINTAINER,1,23,v0.2.0
lightslider-min-page,1.1.7,19,F,UNVERIFIED_PUBLISH_PATH|DORMANT|SINGLE_MAINTAINER,1,23,v0.2.0
material-icon-font,3.0.1,19,F,UNVERIFIED_PUBLISH_PATH|DORMANT|SINGLE_MAINTAINER,1,23,v0.2.0
mok-project,1.1.7,19,F,UNVERIFIED_PUBLISH_PATH|DORMANT|SINGLE_MAINTAINER,1,23,v0.2.0
overhang,1.0.8,19,F,UNVERIFIED_PUBLISH_PATH|DORMANT|SINGLE_MAINTAINER,1,23,v0.2.0
plusplusjakartasans,1.0.1,19,F,UNVERIFIED_PUBLISH_PATH|DORMANT|SINGLE_MAINTAINER,1,23,v0.2.0
secure-web,1.2.4,25,F,UNVERIFIED_PUBLISH_PATH|DORMANT|SINGLE_MAINTAINER,1,23,v0.2.0
videojsx-vast-plugin,1.0.4,19,F,UNVERIFIED_PUBLISH_PATH|DORMANT|SINGLE_MAINTAINER,1,23,v0.2.0
'@aiktb/kuromoji,1.0.2,19,F,UNVERIFIED_PUBLISH_PATH|DORMANT|SINGLE_MAINTAINER,1,22,v0.2.0
'@flowbase-co/boosters-real-time-clock,1.1.2,34,F,UNVERIFIED_PUBLISH_PATH,2,22,v0.2.0
'@jacuzzi-digital/d1-webflow,1.2.79,14,F,UNVERIFIED_PUBLISH_PATH|DORMANT|SINGLE_MAINTAINER,1,22,v0.2.0
'@leadmetrics-ai/landing-controls,1.0.29,25,F,UNVERIFIED_PUBLISH_PATH|SINGLE_MAINTAINER,1,22,v0.2.0
'@mencraft/lore-headless,0.1.22,25,F,UNVERIFIED_PUBLISH_PATH|SINGLE_MAINTAINER,1,22,v0.2.0
'@micro-lc/iconic,1.3.1,29,F,UNVERIFIED_PUBLISH_PATH|DORMANT,4,22,v0.2.0
'@pulpoar/plugin-sdk,0.0.5,15,F,UNVERIFIED_PUBLISH_PATH|DORMANT|SINGLE_MAINTAINER,1,22,v0.2.0
'@tax-justice-network/fsi-components,3.3.1,25,F,UNVERIFIED_PUBLISH_PATH|SINGLE_MAINTAINER,1,22,v0.2.0
build-notifier-47,1.0.0,16,F,UNVERIFIED_PUBLISH_PATH|SINGLE_MAINTAINER,1,22,v0.2.0
css3-mediaqueries-js,1.0.0,19,F,UNVERIFIED_PUBLISH_PATH|DORMANT|SINGLE_MAINTAINER,1,22,v0.2.0
figuration,4.4.1,19,F,UNVERIFIED_PUBLISH_PATH|DORMANT|SINGLE_MAINTAINER,1,22,v0.2.0
ip-geolocation-api-jquery-sdk,1.1.4,19,F,UNVERIFIED_PUBLISH_PATH|DORMANT|SINGLE_MAINTAINER,1,22,v0.2.0
lawnchair,0.6.4,33,F,UNVERIFIED_PUBLISH_PATH|DORMANT,2,22,v0.2.0
sdb-file-tree,2.0.15,21,F,UNVERIFIED_PUBLISH_PATH|SINGLE_MAINTAINER,1,22,v0.2.0
vidflow,1.0.7,21,F,UNVERIFIED_PUBLISH_PATH|SINGLE_MAINTAINER,1,22,v0.2.0
'@aurolabs/auro-back-to-top,1.1.0,40,D,UNVERIFIED_PUBLISH_PATH|DORMANT|DEPRECATED,2,21,v0.2.0
'@aurolabs/auro-twocolumn,1.2.2,33,F,UNVERIFIED_PUBLISH_PATH|DORMANT,2,21,v0.2.0
'@bolkstudio/bolklab,1.1.7,25,F,UNVERIFIED_PUBLISH_PATH|SINGLE_MAINTAINER,1,21,v0.2.0
'@digital-realty/ix-generic-tree,2.2.6,35,D,UNVERIFIED_PUBLISH_PATH,4,21,v0.2.0
'@goodgamestudios/cxf-styles,1.4.0,29,F,UNVERIFIED_PUBLISH_PATH|DORMANT,27,21,v0.2.0
'@handsfree/accessangel,2.4.16,35,D,UNVERIFIED_PUBLISH_PATH,4,21,v0.2.0
'@opencage/geosearch-bundle,0.3.0,45,D,UNVERIFIED_PUBLISH_PATH,2,21,v0.2.0
'@reuters-graphics/graphics-atlas-client,0.5.2,23,F,UNVERIFIED_PUBLISH_PATH|DORMANT|PUBLISHER_NOT_MAINTAINER,5,21,v0.2.0
'@rutter/rutter-link-js,1.0.12,33,F,UNVERIFIED_PUBLISH_PATH|DORMANT,6,21,v0.2.0
backupserializer25,1.0.0,16,F,UNVERIFIED_PUBLISH_PATH|SINGLE_MAINTAINER,1,21,v0.2.0
debugrunner186,1.0.0,16,F,UNVERIFIED_PUBLISH_PATH|SINGLE_MAINTAINER,1,21,v0.2.0
filterbalancer238,1.0.0,16,F,UNVERIFIED_PUBLISH_PATH|SINGLE_MAINTAINER,1,21,v0.2.0
gigz,3.0.0,21,F,UNVERIFIED_PUBLISH_PATH|SINGLE_MAINTAINER,1,21,v0.2.0
ie-buster,2.0.2,19,F,UNVERIFIED_PUBLISH_PATH|DORMANT|SINGLE_MAINTAINER,1,21,v0.2.0
jquery-accessible-subnav-dropdown,1.2.1,19,F,UNVERIFIED_PUBLISH_PATH|DORMANT|SINGLE_MAINTAINER,1,21,v0.2.0
miam-ds,1.2.6,30,F,UNVERIFIED_PUBLISH_PATH,3,21,v0.2.0
minicon1,0.0.3,16,F,UNVERIFIED_PUBLISH_PATH|SINGLE_MAINTAINER,1,21,v0.2.0
stackedboost-shopify-assets,0.2.0,33,F,UNVERIFIED_PUBLISH_PATH|DORMANT,2,21,v0.2.0
'@alaskaairux/auro-carousel,1.4.0,26,F,UNVERIFIED_PUBLISH_PATH|DORMANT|SINGLE_MAINTAINER,1,20,v0.2.0
'@alertbox/docsify-footer,1.0.0-0,14,F,UNVERIFIED_PUBLISH_PATH|DORMANT|SINGLE_MAINTAINER,1,20,v0.2.0
'@dettalant/laymic,2.2.2,10,F,UNVERIFIED_PUBLISH_PATH|DORMANT|SINGLE_MAINTAINER,1,20,v0.2.0
'@mailbiz/onsite-jet-vendor,0.5.1,30,F,UNVERIFIED_PUBLISH_PATH,3,20,v0.2.0
'@managed-api/slack-core,2.4.0,30,F,UNVERIFIED_PUBLISH_PATH,9,20,v0.2.0
'@vuesimple/vs-button,3.1.6,25,F,UNVERIFIED_PUBLISH_PATH|SINGLE_MAINTAINER,1,20,v0.2.0
bootstrap-4.3.0,1.0.0,27,F,UNVERIFIED_PUBLISH_PATH|DORMANT|SINGLE_MAINTAINER,1,20,v0.2.0
clappr-nerd-stats,2.0.2,19,F,UNVERIFIED_PUBLISH_PATH|DORMANT|SINGLE_MAINTAINER,1,20,v0.2.0
dragon-lightbox,1.4.1,19,F,UNVERIFIED_PUBLISH_PATH|DORMANT|SINGLE_MAINTAINER,1,20,v0.2.0
icheck-material,1.0.1,19,F,UNVERIFIED_PUBLISH_PATH|DORMANT|SINGLE_MAINTAINER,1,20,v0.2.0
instantsearch-googlemaps,1.2.6,19,F,UNVERIFIED_PUBLISH_PATH|DORMANT|SINGLE_MAINTAINER,1,20,v0.2.0
jmapserver-ng,2.13.0,35,D,UNVERIFIED_PUBLISH_PATH,7,20,v0.2.0
jquery.swipebox,1.4.4,19,F,UNVERIFIED_PUBLISH_PATH|DORMANT|SINGLE_MAINTAINER,1,20,v0.2.0
jquery.waituntilexists,1.0.0,15,F,UNVERIFIED_PUBLISH_PATH|DORMANT|SINGLE_MAINTAINER,1,20,v0.2.0
paymob-chatbot,1.0.5,21,F,UNVERIFIED_PUBLISH_PATH|SINGLE_MAINTAINER,1,20,v0.2.0
udesly-wf-cookie-bar,1.0.3,10,F,UNVERIFIED_PUBLISH_PATH|DORMANT|SINGLE_MAINTAINER,1,20,v0.2.0
vanilla-emoji-picker,0.2.4,19,F,UNVERIFIED_PUBLISH_PATH|DORMANT|SINGLE_MAINTAINER,1,20,v0.2.0
'@claviska/jquery-alertable,1.0.2,19,F,UNVERIFIED_PUBLISH_PATH|DORMANT|SINGLE_MAINTAINER,1,19,v0.2.0
'@lemonadejs/router,6.0.0,21,F,UNVERIFIED_PUBLISH_PATH|SINGLE_MAINTAINER,1,19,v0.2.0
'@mezereon/bigcommerce-stencil-cornerstone,1.0.1,19,F,UNVERIFIED_PUBLISH_PATH|DORMANT|SINGLE_MAINTAINER,1,19,v0.2.0
'@record-evolution/widget-gauge,1.7.31,25,F,UNVERIFIED_PUBLISH_PATH|SINGLE_MAINTAINER,1,19,v0.2.0
adsense,0.0.1,10,F,UNVERIFIED_PUBLISH_PATH|DORMANT|SINGLE_MAINTAINER,1,19,v0.2.0
buildlistener220,1.0.0,16,F,UNVERIFIED_PUBLISH_PATH|SINGLE_MAINTAINER,1,19,v0.2.0
chiron-hei-hk-webfont-truetype,2.6.9,68,C,SINGLE_MAINTAINER,1,19,v0.2.0
chrome-devtools-frontend-prebuilt,1.0.975442,10,F,UNVERIFIED_PUBLISH_PATH|DORMANT|SINGLE_MAINTAINER,1,19,v0.2.0
gotham-pro-font,1.0.0,15,F,UNVERIFIED_PUBLISH_PATH|DORMANT|SINGLE_MAINTAINER,1,19,v0.2.0
liuseroj-public-cdn,1.0.3,20,F,UNVERIFIED_PUBLISH_PATH|SINGLE_MAINTAINER,1,19,v0.2.0
mithril-datepicker,0.9.3,19,F,UNVERIFIED_PUBLISH_PATH|DORMANT|SINGLE_MAINTAINER,1,19,v0.2.0
mtr-facemesh,7.2.1,25,F,UNVERIFIED_PUBLISH_PATH|SINGLE_MAINTAINER,1,19,v0.2.0
selection-sharer,1.2.2,19,F,UNVERIFIED_PUBLISH_PATH|DORMANT|SINGLE_MAINTAINER,1,19,v0.2.0
'@algolia/ui-components-js-horizontal-slider,1.0.0-experimental.0,23,F,UNVERIFIED_PUBLISH_PATH|DORMANT|PUBLISHER_NOT_MAINTAINER,14,18,v0.2.0
'@aurolabs/auro-banner,1.1.0,40,D,UNVERIFIED_PUBLISH_PATH|DORMANT,2,18,v0.2.0
'@easyjur/design-system,1.0.8,21,F,UNVERIFIED_PUBLISH_PATH|SINGLE_MAINTAINER,1,18,v0.2.0
'@evrythng/context-script,1.1.11,19,F,UNVERIFIED_PUBLISH_PATH|DORMANT|SINGLE_MAINTAINER,1,18,v0.2.0
'@hola.org/jwplayer-hlsjs,0.0.79,19,F,UNVERIFIED_PUBLISH_PATH|DORMANT|SINGLE_MAINTAINER,1,18,v0.2.0
'@record-evolution/widget-linechart,1.6.34,25,F,UNVERIFIED_PUBLISH_PATH|SINGLE_MAINTAINER,1,18,v0.2.0
'@statsig/sidecar,3.33.3,77,B,INCONSISTENT_PUBLISH_PATH,2,18,v0.2.0
'@tesseract.js-data/lao,1.0.0,19,F,UNVERIFIED_PUBLISH_PATH|DORMANT|SINGLE_MAINTAINER,1,18,v0.2.0
'@tips-web/webchat,3.1.2,39,D,UNVERIFIED_PUBLISH_PATH,3,18,v0.2.0
all-animation,3.0.7,19,F,UNVERIFIED_PUBLISH_PATH|DORMANT|SINGLE_MAINTAINER,1,18,v0.2.0
fluidbox,2.0.5,19,F,UNVERIFIED_PUBLISH_PATH|DORMANT|SINGLE_MAINTAINER,1,18,v0.2.0
gasparesganga-jquery-message-box,3.2.2,19,F,UNVERIFIED_PUBLISH_PATH|DORMANT|SINGLE_MAINTAINER,1,18,v0.2.0
pf-starter,2.1.3,25,F,UNVERIFIED_PUBLISH_PATH|SINGLE_MAINTAINER,1,18,v0.2.0
snackbarlightjs,1.1.2,19,F,UNVERIFIED_PUBLISH_PATH|DORMANT|SINGLE_MAINTAINER,1,18,v0.2.0
social-share-buttons,0.1.1,25,F,UNVERIFIED_PUBLISH_PATH|SINGLE_MAINTAINER,1,18,v0.2.0
teddy-frontend,2.2.8,25,F,UNVERIFIED_PUBLISH_PATH|SINGLE_MAINTAINER,1,18,v0.2.0
unicode-emoji-data-windows,0.1.0,14,F,UNVERIFIED_PUBLISH_PATH|DORMANT|SINGLE_MAINTAINER,1,18,v0.2.0
zenselect,0.1.7,19,F,UNVERIFIED_PUBLISH_PATH|DORMANT|SINGLE_MAINTAINER,1,18,v0.2.0
'@brytdesigns/web-component-utils,0.1.14,30,F,UNVERIFIED_PUBLISH_PATH|DEPRECATED,5,17,v0.2.0
'@chrisgdt/delbot-mouse,1.3.3,19,F,UNVERIFIED_PUBLISH_PATH|DORMANT|SINGLE_MAINTAINER,1,17,v0.2.0
'@commerce-blocks/sdk,2.0.3,35,D,UNVERIFIED_PUBLISH_PATH,2,17,v0.2.0
'@developerportalsg/docsify,4.12.18,39,D,UNVERIFIED_PUBLISH_PATH|DORMANT,3,17,v0.2.0
'@eai/moji,1.2.0,19,F,UNVERIFIED_PUBLISH_PATH|DORMANT|SINGLE_MAINTAINER,1,17,v0.2.0
'@grabzit/js,3.5.5,21,F,UNVERIFIED_PUBLISH_PATH|SINGLE_MAINTAINER,1,17,v0.2.0
'@influence-society-web/yuna-frontend,2.0.6,39,D,UNVERIFIED_PUBLISH_PATH,3,17,v0.2.0
'@linkitbe/sdk,1.0.12,21,F,UNVERIFIED_PUBLISH_PATH|SINGLE_MAINTAINER,1,17,v0.2.0
'@ludens-reklame/cookie-dialog,1.2.0,29,F,UNVERIFIED_PUBLISH_PATH|DORMANT,5,17,v0.2.0
'@managed-api/confluence-cloud-v2-core,2.4.0,30,F,UNVERIFIED_PUBLISH_PATH,9,17,v0.2.0
'@numbersprotocol/capture-eye,1.11.1,77,B,INCONSISTENT_PUBLISH_PATH,2,17,v0.2.0
'@record-evolution/widget-doughnut,1.5.21,25,F,UNVERIFIED_PUBLISH_PATH|SINGLE_MAINTAINER,1,17,v0.2.0
'@rimiti/abm,1.0.0,14,F,UNVERIFIED_PUBLISH_PATH|DORMANT|SINGLE_MAINTAINER,1,17,v0.2.0
'@vuesimple/vs-tag,3.1.6,25,F,UNVERIFIED_PUBLISH_PATH|SINGLE_MAINTAINER,1,17,v0.2.0
careplix-web-algo,3.2.1,39,D,UNVERIFIED_PUBLISH_PATH,2,17,v0.2.0
jquery.marker-animation,1.5.21,26,F,UNVERIFIED_PUBLISH_PATH|DORMANT|SINGLE_MAINTAINER,1,17,v0.2.0
konnektive-core,0.4.91,35,D,UNVERIFIED_PUBLISH_PATH,2,17,v0.2.0
mealz-ds,2.0.0,16,F,UNVERIFIED_PUBLISH_PATH|SINGLE_MAINTAINER,1,17,v0.2.0
minze,1.10.2,25,F,UNVERIFIED_PUBLISH_PATH|SINGLE_MAINTAINER,1,17,v0.2.0
pdf.worker,1.0.0,10,F,UNVERIFIED_PUBLISH_PATH|DORMANT|SINGLE_MAINTAINER,1,17,v0.2.0
pushreceiver1,1.0.0,16,F,UNVERIFIED_PUBLISH_PATH|SINGLE_MAINTAINER,1,17,v0.2.0
receive-auditor-10,1.0.0,16,F,UNVERIFIED_PUBLISH_PATH|SINGLE_MAINTAINER,1,17,v0.2.0
scholar-icons,1.0.3,19,F,UNVERIFIED_PUBLISH_PATH|DORMANT|SINGLE_MAINTAINER,1,17,v0.2.0
slick-carousel-jquery4,4.0.2,25,F,UNVERIFIED_PUBLISH_PATH|SINGLE_MAINTAINER,1,17,v0.2.0
udesly-before-after,1.0.1,10,F,UNVERIFIED_PUBLISH_PATH|DORMANT|SINGLE_MAINTAINER,1,17,v0.2.0
'@algolia/experiences,0.1.1,30,F,UNVERIFIED_PUBLISH_PATH|PUBLISHER_NOT_MAINTAINER,24,16,v0.2.0
'@binarydreams88/gf-fb-apk00001,4.6.0,21,F,UNVERIFIED_PUBLISH_PATH|SINGLE_MAINTAINER,1,16,v0.2.0
'@elastic/behavioral-analytics-browser-tracker,2.1.4,24,F,UNVERIFIED_PUBLISH_PATH|DORMANT|PUBLISHER_NOT_MAINTAINER,3,16,v0.2.0
'@goodgamestudios/cxf-canvas,1.2.3,30,F,UNVERIFIED_PUBLISH_PATH,27,16,v0.2.0
'@record-evolution/widget-sidenav,1.0.16,25,F,UNVERIFIED_PUBLISH_PATH|SINGLE_MAINTAINER,1,16,v0.2.0
'@record-evolution/widget-value,1.1.27,25,F,UNVERIFIED_PUBLISH_PATH|SINGLE_MAINTAINER,1,16,v0.2.0
'@sledge-app/js,2.0.114,35,D,UNVERIFIED_PUBLISH_PATH,4,16,v0.2.0
'@sr-connect/record-storage,1.1.1,30,F,UNVERIFIED_PUBLISH_PATH,8,16,v0.2.0
'@webtor/embed-sdk-js,0.2.19,25,F,UNVERIFIED_PUBLISH_PATH|SINGLE_MAINTAINER,1,16,v0.2.0
'@zendeskgarden/css-scrollbars,0.1.28,26,F,UNVERIFIED_PUBLISH_PATH|DORMANT|SINGLE_MAINTAINER|DEPRECATED,1,16,v0.2.0
analyze-combiner-205,1.0.0,16,F,UNVERIFIED_PUBLISH_PATH|SINGLE_MAINTAINER,1,16,v0.2.0
cbplayer2,0.12.0,19,F,UNVERIFIED_PUBLISH_PATH|DORMANT|SINGLE_MAINTAINER,1,16,v0.2.0
heightline,1.0.2,19,F,UNVERIFIED_PUBLISH_PATH|DORMANT|SINGLE_MAINTAINER,1,16,v0.2.0
knockout.merge,1.5.8,19,F,UNVERIFIED_PUBLISH_PATH|DORMANT|SINGLE_MAINTAINER,1,16,v0.2.0
monitortool116,1.0.0,16,F,UNVERIFIED_PUBLISH_PATH|SINGLE_MAINTAINER,1,16,v0.2.0
nerdamer-41fb3b2,1.1.13-41fb3b2,19,F,UNVERIFIED_PUBLISH_PATH|DORMANT|SINGLE_MAINTAINER,1,16,v0.2.0
nice-toast-js,0.2.3,19,F,UNVERIFIED_PUBLISH_PATH|DORMANT|SINGLE_MAINTAINER,1,16,v0.2.0
receiptfeedback,26.30.0,21,F,UNVERIFIED_PUBLISH_PATH|SINGLE_MAINTAINER,1,16,v0.2.0
shadowbox-js,3.0.3,19,F,UNVERIFIED_PUBLISH_PATH|DORMANT|SINGLE_MAINTAINER,1,16,v0.2.0
sui.ski,5.0.0,63,C,INCONSISTENT_PUBLISH_PATH|SINGLE_MAINTAINER,1,16,v0.2.0
wickedpicker,0.4.3,19,F,UNVERIFIED_PUBLISH_PATH|DORMANT|SINGLE_MAINTAINER,1,16,v0.2.0
'@alexandr-sokolov-dev/curb-waste,0.7.7,10,F,UNVERIFIED_PUBLISH_PATH|DORMANT|SINGLE_MAINTAINER,1,15,v0.2.0
'@figmania/svg-animate,1.3.0,10,F,UNVERIFIED_PUBLISH_PATH|DORMANT|SINGLE_MAINTAINER,1,15,v0.2.0
'@infrastatic.com/infrapass,0.0.4,10,F,UNVERIFIED_PUBLISH_PATH|DORMANT|SINGLE_MAINTAINER|PUBLISHER_NOT_MAINTAINER,1,15,v0.2.0
'@managed-api/confluence-cloud-core,3.2.0,30,F,UNVERIFIED_PUBLISH_PATH,9,15,v0.2.0
'@managed-api/jira-service-management-cloud-core,2.4.0,30,F,UNVERIFIED_PUBLISH_PATH,9,15,v0.2.0
'@maray-ai/foodness-gracious,2.2.1,20,F,UNVERIFIED_PUBLISH_PATH|SINGLE_MAINTAINER,1,15,v0.2.0
'@mariusbongarts/previewbox,0.0.24,19,F,UNVERIFIED_PUBLISH_PATH|DORMANT|SINGLE_MAINTAINER,1,15,v0.2.0
'@nikches/vanilla-text-mask,3.2.2,14,F,UNVERIFIED_PUBLISH_PATH|DORMANT|SINGLE_MAINTAINER,1,15,v0.2.0
'@orange-games/splash,3.6.0,24,F,UNVERIFIED_PUBLISH_PATH|DORMANT|DEPRECATED,3,15,v0.2.0
'@pixelpink/baupal,1.5.1,10,F,UNVERIFIED_PUBLISH_PATH|DORMANT|SINGLE_MAINTAINER,1,15,v0.2.0
'@record-evolution/widget-form,1.0.27,25,F,UNVERIFIED_PUBLISH_PATH|SINGLE_MAINTAINER,1,15,v0.2.0
'@reform-digital/embed-script,1.0.3,16,F,UNVERIFIED_PUBLISH_PATH|SINGLE_MAINTAINER,1,15,v0.2.0
'@reform-digital/script-embed,1.1.0,16,F,UNVERIFIED_PUBLISH_PATH|SINGLE_MAINTAINER,1,15,v0.2.0
'@shipnity/navbar,1.9.1,15,F,UNVERIFIED_PUBLISH_PATH|DORMANT|SINGLE_MAINTAINER,1,15,v0.2.0
'@smarttalks.ai/widget,0.23.0,30,F,UNVERIFIED_PUBLISH_PATH,2,15,v0.2.0
bluprnt,1.7.0,19,F,UNVERIFIED_PUBLISH_PATH|DORMANT|SINGLE_MAINTAINER,1,15,v0.2.0
butterpop,1.0.4,20,F,UNVERIFIED_PUBLISH_PATH|SINGLE_MAINTAINER,1,15,v0.2.0
clappr-pip,0.2.0,19,F,UNVERIFIED_PUBLISH_PATH|DORMANT|SINGLE_MAINTAINER,1,15,v0.2.0
fakeloader,1.0.0,19,F,UNVERIFIED_PUBLISH_PATH|DORMANT|SINGLE_MAINTAINER,1,15,v0.2.0
geometria-font,1.0.1,10,F,UNVERIFIED_PUBLISH_PATH|DORMANT|SINGLE_MAINTAINER,1,15,v0.2.0
goldvideo-player,1.0.2,19,F,UNVERIFIED_PUBLISH_PATH|DORMANT|SINGLE_MAINTAINER,1,15,v0.2.0
highlightjs-themes,1.0.0,15,F,UNVERIFIED_PUBLISH_PATH|DORMANT|SINGLE_MAINTAINER,1,15,v0.2.0
jquery.bangla,1.3.2,19,F,UNVERIFIED_PUBLISH_PATH|DORMANT|SINGLE_MAINTAINER,1,15,v0.2.0
jtsage-datebox-i18n,5.3.3,14,F,UNVERIFIED_PUBLISH_PATH|DORMANT|SINGLE_MAINTAINER,1,15,v0.2.0
mathjax-fira-font,4.0.0-beta.7,19,F,UNVERIFIED_PUBLISH_PATH|DORMANT|SINGLE_MAINTAINER,1,15,v0.2.0
opencv.js-webassembly,4.2.0,10,F,UNVERIFIED_PUBLISH_PATH|DORMANT|SINGLE_MAINTAINER,1,15,v0.2.0
safe-email,1.1.1,14,F,UNVERIFIED_PUBLISH_PATH|DORMANT|SINGLE_MAINTAINER,1,15,v0.2.0
scalepackager249,1.0.0,16,F,UNVERIFIED_PUBLISH_PATH|SINGLE_MAINTAINER,1,15,v0.2.0
ton-ai-sdk,2.2.4-alpha.5,25,F,UNVERIFIED_PUBLISH_PATH|SINGLE_MAINTAINER,1,15,v0.2.0
udesly-slider-pro,1.0.6,10,F,UNVERIFIED_PUBLISH_PATH|DORMANT|SINGLE_MAINTAINER,1,15,v0.2.0
zebra_cookie,4.0.0,25,F,UNVERIFIED_PUBLISH_PATH|SINGLE_MAINTAINER,1,15,v0.2.0
'@c3voc/clappr-audio-track-selector,0.2.4,15,F,UNVERIFIED_PUBLISH_PATH|DORMANT|SINGLE_MAINTAINER,1,14,v0.2.0
'@chilipiper/concierge,1.1.93,39,D,UNVERIFIED_PUBLISH_PATH,6,14,v0.2.0
'@codevadmin/owl.carousel,2.3.6,19,F,UNVERIFIED_PUBLISH_PATH|DORMANT|SINGLE_MAINTAINER,1,14,v0.2.0
'@frontkom/g-hero-section,0.7.5,33,F,UNVERIFIED_PUBLISH_PATH|DORMANT,10,14,v0.2.0
'@goodgamestudios/cxf-dialog,1.6.1,29,F,UNVERIFIED_PUBLISH_PATH|DORMANT,27,14,v0.2.0
'@jamesbattye-dev/swiperflow,0.0.4,73,B,SINGLE_MAINTAINER,1,14,v0.2.0
'@jsuites/indexing,1.5.1,25,F,UNVERIFIED_PUBLISH_PATH|SINGLE_MAINTAINER,1,14,v0.2.0
'@pagemaker.io/plugins,6.2.0,21,F,UNVERIFIED_PUBLISH_PATH|SINGLE_MAINTAINER,1,14,v0.2.0
'@record-evolution/widget-heatmap,1.0.13,25,F,UNVERIFIED_PUBLISH_PATH|SINGLE_MAINTAINER,1,14,v0.2.0
'@record-evolution/widget-table,1.1.20,25,F,UNVERIFIED_PUBLISH_PATH|SINGLE_MAINTAINER,1,14,v0.2.0
'@the-oz/app-sales,4.8.8,29,F,UNVERIFIED_PUBLISH_PATH|DORMANT,3,14,v0.2.0
jinge-material-icons,1.0.2,19,F,UNVERIFIED_PUBLISH_PATH|DORMANT|SINGLE_MAINTAINER,1,14,v0.2.0
mapconnector54,1.0.0,16,F,UNVERIFIED_PUBLISH_PATH|SINGLE_MAINTAINER,1,14,v0.2.0
monster-roco-appearance-assets,1.0.2,21,F,UNVERIFIED_PUBLISH_PATH|SINGLE_MAINTAINER,1,14,v0.2.0
releaseopener204,1.0.0,16,F,UNVERIFIED_PUBLISH_PATH|SINGLE_MAINTAINER,1,14,v0.2.0
supafolio-sdk,1.4.1,10,F,UNVERIFIED_PUBLISH_PATH|DORMANT|SINGLE_MAINTAINER|PUBLISHER_NOT_MAINTAINER,1,14,v0.2.0
threesixty-slider,2.0.6,19,F,UNVERIFIED_PUBLISH_PATH|DORMANT|SINGLE_MAINTAINER,1,14,v0.2.0
tipr,2.0.2,19,F,UNVERIFIED_PUBLISH_PATH|DORMANT|SINGLE_MAINTAINER,1,14,v0.2.0
udesly-text-effect-mira,1.0.1,10,F,UNVERIFIED_PUBLISH_PATH|DORMANT|SINGLE_MAINTAINER,1,14,v0.2.0
videojs-tracking-events,0.2.9,15,F,UNVERIFIED_PUBLISH_PATH|DORMANT|SINGLE_MAINTAINER,1,14,v0.2.0
'@builder.io/persist-attribution,0.0.1-beta-2,19,F,UNVERIFIED_PUBLISH_PATH|DORMANT|PUBLISHER_NOT_MAINTAINER,22,13,v0.2.0
'@cshawaus/lite-vimeo,1.0.2,57,C,SINGLE_MAINTAINER,1,13,v0.2.0
'@flowbase-co/boosters-age-gate,1.1.2,34,F,UNVERIFIED_PUBLISH_PATH,2,13,v0.2.0
'@hackler/js-client-sdk,3.5.0,19,F,UNVERIFIED_PUBLISH_PATH|DORMANT|SINGLE_MAINTAINER,1,13,v0.2.0
'@lemonadejs/data-grid,2.0.0,21,F,UNVERIFIED_PUBLISH_PATH|SINGLE_MAINTAINER,1,13,v0.2.0
'@lute/momcozy-track,1.2.6,16,F,UNVERIFIED_PUBLISH_PATH|SINGLE_MAINTAINER|DEPRECATED,1,13,v0.2.0
'@readysize/modal,1.0.6,21,F,UNVERIFIED_PUBLISH_PATH|SINGLE_MAINTAINER,1,13,v0.2.0
'@record-evolution/widget-markdown,1.0.7,25,F,UNVERIFIED_PUBLISH_PATH|SINGLE_MAINTAINER,1,13,v0.2.0
'@record-evolution/widget-statehistory,1.0.15,25,F,UNVERIFIED_PUBLISH_PATH|SINGLE_MAINTAINER,1,13,v0.2.0
'@slicemypage/motionflow,1.0.0,25,F,UNVERIFIED_PUBLISH_PATH|SINGLE_MAINTAINER,1,13,v0.2.0
'@vexia/gtm-analytics,1.0.0,34,F,UNVERIFIED_PUBLISH_PATH,3,13,v0.2.0
'@vkgp/web-components,1.0.4,19,F,UNVERIFIED_PUBLISH_PATH|DORMANT|SINGLE_MAINTAINER,1,13,v0.2.0
'@webtor/player-sdk-js,0.2.15,19,F,UNVERIFIED_PUBLISH_PATH|DORMANT|SINGLE_MAINTAINER|DEPRECATED,1,13,v0.2.0
angularjs-social-login,2.6.1,19,F,UNVERIFIED_PUBLISH_PATH|DORMANT|SINGLE_MAINTAINER,1,13,v0.2.0
artplayer-plugin-vast,1.0.0,19,F,UNVERIFIED_PUBLISH_PATH|DORMANT|SINGLE_MAINTAINER,1,13,v0.2.0
bootstrap337,3.3.7,19,F,UNVERIFIED_PUBLISH_PATH|DORMANT|SINGLE_MAINTAINER,1,13,v0.2.0
cn-fontsource-yozai-regular,1.0.9,19,F,UNVERIFIED_PUBLISH_PATH|DORMANT|SINGLE_MAINTAINER,1,13,v0.2.0
daliyuer-static,1.0.48,25,F,UNVERIFIED_PUBLISH_PATH|SINGLE_MAINTAINER,1,13,v0.2.0
fontawesome5-fullcss,1.1.0,10,F,UNVERIFIED_PUBLISH_PATH|DORMANT|SINGLE_MAINTAINER,1,13,v0.2.0
genericons,1.0.1,19,F,UNVERIFIED_PUBLISH_PATH|DORMANT|SINGLE_MAINTAINER,1,13,v0.2.0
hero-parallax,2.1.1,15,F,UNVERIFIED_PUBLISH_PATH|DORMANT|SINGLE_MAINTAINER,1,13,v0.2.0
hijri-datepicker-component,0.0.10,19,F,UNVERIFIED_PUBLISH_PATH|DORMANT|SINGLE_MAINTAINER,1,13,v0.2.0
imagejextension,0.3.1,19,F,UNVERIFIED_PUBLISH_PATH|DORMANT|SINGLE_MAINTAINER,1,13,v0.2.0
prism-theme-one-light-dark,1.0.4,19,F,UNVERIFIED_PUBLISH_PATH|DORMANT|SINGLE_MAINTAINER,1,13,v0.2.0
render_formatter_137,1.0.0,16,F,UNVERIFIED_PUBLISH_PATH|SINGLE_MAINTAINER,1,13,v0.2.0
rich-text-editor-vj,3.0.6,19,F,UNVERIFIED_PUBLISH_PATH|DORMANT|SINGLE_MAINTAINER,1,13,v0.2.0
solid-icons-all,1.2.0,25,F,UNVERIFIED_PUBLISH_PATH|SINGLE_MAINTAINER,1,13,v0.2.0
walkway.js,0.0.9,19,F,UNVERIFIED_PUBLISH_PATH|DORMANT|SINGLE_MAINTAINER,1,13,v0.2.0
'@flarehr/core-hr-app,0.1.3,24,F,UNVERIFIED_PUBLISH_PATH|DORMANT|PUBLISHER_NOT_MAINTAINER,8,12,v0.2.0
'@flarehr/document-library-ui,0.0.0,24,F,UNVERIFIED_PUBLISH_PATH|DORMANT|PUBLISHER_NOT_MAINTAINER,8,12,v0.2.0
'@flarehr/savings-rego-app,0.0.2,19,F,UNVERIFIED_PUBLISH_PATH|DORMANT|PUBLISHER_NOT_MAINTAINER,8,12,v0.2.0
'@record-evolution/widget-embed,1.0.8,25,F,UNVERIFIED_PUBLISH_PATH|SINGLE_MAINTAINER,1,12,v0.2.0
'@record-evolution/widget-label,1.0.4,25,F,UNVERIFIED_PUBLISH_PATH|SINGLE_MAINTAINER,1,12,v0.2.0
'@record-evolution/widget-scada,1.0.7,25,F,UNVERIFIED_PUBLISH_PATH|SINGLE_MAINTAINER,1,12,v0.2.0
'@reform-digital/tooltip-x,1.1.0,16,F,UNVERIFIED_PUBLISH_PATH|SINGLE_MAINTAINER,1,12,v0.2.0
'@uizaio/playerjs,5.20.8-rc2,19,F,UNVERIFIED_PUBLISH_PATH|DORMANT|SINGLE_MAINTAINER,1,12,v0.2.0
bootstrap-modal-wrapper,2.0.1,19,F,UNVERIFIED_PUBLISH_PATH|DORMANT|SINGLE_MAINTAINER,1,12,v0.2.0
bunny-skia,0.0.13,33,F,UNVERIFIED_PUBLISH_PATH|DORMANT,2,12,v0.2.0
cmzydzsmb2024927,1.0.8,15,F,UNVERIFIED_PUBLISH_PATH|DORMANT|SINGLE_MAINTAINER,1,12,v0.2.0
djibe-material,4.6.2-1.0,19,F,UNVERIFIED_PUBLISH_PATH|DORMANT|SINGLE_MAINTAINER,1,12,v0.2.0
ibp-tms,1.0.77,16,F,UNVERIFIED_PUBLISH_PATH|SINGLE_MAINTAINER,1,12,v0.2.0
izimodal-1.6.0,1.6.1,19,F,UNVERIFIED_PUBLISH_PATH|DORMANT|SINGLE_MAINTAINER|DEPRECATED,1,12,v0.2.0
mason-it,1.0.1,25,F,UNVERIFIED_PUBLISH_PATH|SINGLE_MAINTAINER,1,12,v0.2.0
mathjax-img,5.0.0,25,F,UNVERIFIED_PUBLISH_PATH|SINGLE_MAINTAINER,1,12,v0.2.0
nusantara-valid,0.4.2,33,F,UNVERIFIED_PUBLISH_PATH|DORMANT,2,12,v0.2.0
react-gallery-designer,1.4.5,19,F,UNVERIFIED_PUBLISH_PATH|DORMANT|SINGLE_MAINTAINER,1,12,v0.2.0
storagedb2,1.0.5,19,F,UNVERIFIED_PUBLISH_PATH|DORMANT|SINGLE_MAINTAINER,1,12,v0.2.0
udesly-wf-typewriter,1.0.3,10,F,UNVERIFIED_PUBLISH_PATH|DORMANT|SINGLE_MAINTAINER,1,12,v0.2.0
wf-components,1.0.10,21,F,UNVERIFIED_PUBLISH_PATH|SINGLE_MAINTAINER,1,12,v0.2.0
'@electron-fonts/open-sans,1.2.0,19,F,UNVERIFIED_PUBLISH_PATH|DORMANT|SINGLE_MAINTAINER,1,11,v0.2.0
'@flarehr/benefits-app,0.0.2,19,F,UNVERIFIED_PUBLISH_PATH|DORMANT|PUBLISHER_NOT_MAINTAINER,8,11,v0.2.0
'@gytx/cppreference-index,0.1.17,21,F,UNVERIFIED_PUBLISH_PATH|SINGLE_MAINTAINER,1,11,v0.2.0
'@koreai/agentai-web-sdk,3.22.0,35,D,UNVERIFIED_PUBLISH_PATH,4,11,v0.2.0
'@kwaeri/user-experience,0.1.13,15,F,UNVERIFIED_PUBLISH_PATH|DORMANT|SINGLE_MAINTAINER,1,11,v0.2.0
'@machi-pla/cc-client-js-kure-city,0.1.3,35,D,UNVERIFIED_PUBLISH_PATH,3,11,v0.2.0
'@mailbiz/javascript-tracker,0.1.13,28,F,UNVERIFIED_PUBLISH_PATH|DORMANT,3,11,v0.2.0
'@noonnu/cafe24-ssurround-air,0.1.0,14,F,UNVERIFIED_PUBLISH_PATH|DORMANT|SINGLE_MAINTAINER,1,11,v0.2.0
'@nortic/newsletter-form,1.2.4,34,F,UNVERIFIED_PUBLISH_PATH,4,11,v0.2.0
'@pardnchiu/flexplyr,2.2.9,25,F,UNVERIFIED_PUBLISH_PATH|SINGLE_MAINTAINER,1,11,v0.2.0
'@record-evolution/widget-filter-calendar,1.0.7,25,F,UNVERIFIED_PUBLISH_PATH|SINGLE_MAINTAINER,1,11,v0.2.0
'@record-evolution/widget-filter-dropdown,1.0.9,25,F,UNVERIFIED_PUBLISH_PATH|SINGLE_MAINTAINER,1,11,v0.2.0
'@record-evolution/widget-navbar,1.0.14,25,F,UNVERIFIED_PUBLISH_PATH|SINGLE_MAINTAINER,1,11,v0.2.0
'@record-evolution/widget-navbutton,1.0.9,25,F,UNVERIFIED_PUBLISH_PATH|SINGLE_MAINTAINER,1,11,v0.2.0
'@record-evolution/widget-overlay,1.0.11,25,F,UNVERIFIED_PUBLISH_PATH|SINGLE_MAINTAINER,1,11,v0.2.0
'@record-evolution/widget-signal,1.0.6,25,F,UNVERIFIED_PUBLISH_PATH|SINGLE_MAINTAINER,1,11,v0.2.0
'@record-evolution/widget-switch,1.1.4,25,F,UNVERIFIED_PUBLISH_PATH|SINGLE_MAINTAINER,1,11,v0.2.0
'@reform-digital/era-group-weglot,1.3.2,16,F,UNVERIFIED_PUBLISH_PATH|SINGLE_MAINTAINER,1,11,v0.2.0
'@samhammer/jquery.zoomer,3.1.0,28,F,UNVERIFIED_PUBLISH_PATH|DORMANT|PUBLISHER_NOT_MAINTAINER,9,11,v0.2.0
'@synapsmedia/ghost-activitypub-embed,0.7.5,73,B,SINGLE_MAINTAINER,1,11,v0.2.0
'@testometrika/widget,1.2.1,14,F,UNVERIFIED_PUBLISH_PATH|DORMANT|SINGLE_MAINTAINER,1,11,v0.2.0
adinkra-icons,1.1.2,19,F,UNVERIFIED_PUBLISH_PATH|DORMANT|SINGLE_MAINTAINER,1,11,v0.2.0
ai-chatbot-widget,0.1.6,21,F,UNVERIFIED_PUBLISH_PATH|SINGLE_MAINTAINER,1,11,v0.2.0
anfuns-assets,1.0.10,14,F,UNVERIFIED_PUBLISH_PATH|DORMANT|SINGLE_MAINTAINER,1,11,v0.2.0
cn-fontsource-hongleixingshu-regular,1.0.7,19,F,UNVERIFIED_PUBLISH_PATH|DORMANT|SINGLE_MAINTAINER,1,11,v0.2.0
codex.editor.header,2.1.2,14,F,UNVERIFIED_PUBLISH_PATH|DORMANT|SINGLE_MAINTAINER,1,11,v0.2.0
flexbundle-components,0.1.3,15,F,UNVERIFIED_PUBLISH_PATH|DORMANT|SINGLE_MAINTAINER,1,11,v0.2.0
gumadapter,1.0.1,19,F,UNVERIFIED_PUBLISH_PATH|DORMANT|SINGLE_MAINTAINER,1,11,v0.2.0
hexabot-chat-widget,2.3.7,21,F,UNVERIFIED_PUBLISH_PATH|SINGLE_MAINTAINER,1,11,v0.2.0
javascript.validation,1.8.0,19,F,UNVERIFIED_PUBLISH_PATH|DORMANT|SINGLE_MAINTAINER,1,11,v0.2.0
jquery-ticker,1.0.0,15,F,UNVERIFIED_PUBLISH_PATH|DORMANT|SINGLE_MAINTAINER,1,11,v0.2.0
jquery.loadmask,1.0.1,19,F,UNVERIFIED_PUBLISH_PATH|DORMANT|SINGLE_MAINTAINER,1,11,v0.2.0
jquery.nice-number,2.1.0,19,F,UNVERIFIED_PUBLISH_PATH|DORMANT|SINGLE_MAINTAINER,1,11,v0.2.0
jquery.scrolly,0.0.1,19,F,UNVERIFIED_PUBLISH_PATH|DORMANT|SINGLE_MAINTAINER,1,11,v0.2.0
json-bigint-parser-browser,1.0.5,19,F,UNVERIFIED_PUBLISH_PATH|DORMANT|SINGLE_MAINTAINER,1,11,v0.2.0
knack-api-helper,3.1.1,25,F,UNVERIFIED_PUBLISH_PATH|SINGLE_MAINTAINER,1,11,v0.2.0
marqueee,1.4.8,19,F,UNVERIFIED_PUBLISH_PATH|DORMANT|SINGLE_MAINTAINER,1,11,v0.2.0
showfer-tv-guide,1.0.3,21,F,UNVERIFIED_PUBLISH_PATH|SINGLE_MAINTAINER,1,11,v0.2.0
stream-engine-widgets,0.3.35,35,D,UNVERIFIED_PUBLISH_PATH,2,11,v0.2.0
webhostinghub-glyphs,0.1.2,14,F,UNVERIFIED_PUBLISH_PATH|DORMANT|SINGLE_MAINTAINER,1,11,v0.2.0
'@binarydreams88/string-utils,4.4.0,21,F,UNVERIFIED_PUBLISH_PATH|SINGLE_MAINTAINER,1,10,v0.2.0
'@dataforsyningen/vector_tiles_assets,0.3.2,39,D,UNVERIFIED_PUBLISH_PATH,2,10,v0.2.0
'@dev-hero/modal-manager,1.0.3,25,F,UNVERIFIED_PUBLISH_PATH|SINGLE_MAINTAINER,1,10,v0.2.0
'@goodgamestudios/swiper4,4.5.6,28,F,UNVERIFIED_PUBLISH_PATH|DORMANT|PUBLISHER_NOT_MAINTAINER,27,10,v0.2.0
'@orange-games/phaser-ads,2.3.0-alpha.1,33,F,UNVERIFIED_PUBLISH_PATH|DORMANT,3,10,v0.2.0
'@orange-games/phaser-spine,3.0.9,28,F,UNVERIFIED_PUBLISH_PATH|DORMANT|DEPRECATED,3,10,v0.2.0
'@orange-games/phaser-super-storage,2.0.0-beta.2,33,F,UNVERIFIED_PUBLISH_PATH|DORMANT,3,10,v0.2.0
'@pardnchiu/nanomd,1.11.6,25,F,UNVERIFIED_PUBLISH_PATH|SINGLE_MAINTAINER,1,10,v0.2.0
'@pardnchiu/renderjs,2.0.3,25,F,UNVERIFIED_PUBLISH_PATH|SINGLE_MAINTAINER,1,10,v0.2.0
'@percy.ai/hvs-funnel-overlay,0.5.0,30,F,UNVERIFIED_PUBLISH_PATH,3,10,v0.2.0
'@repalash/ffmpeg.js,4.2.9005,19,F,UNVERIFIED_PUBLISH_PATH|DORMANT|SINGLE_MAINTAINER,1,10,v0.2.0
'@superleapai/flow-ui,2.6.25,25,F,UNVERIFIED_PUBLISH_PATH|SINGLE_MAINTAINER,1,10,v0.2.0
'@swarmcloud/vhs,0.4.3,25,F,UNVERIFIED_PUBLISH_PATH|SINGLE_MAINTAINER,1,10,v0.2.0
'@waitwhile/waitwhile-embed,1.5.1,39,D,UNVERIFIED_PUBLISH_PATH,3,10,v0.2.0
'@zanichelli/zanichelli-adv,2.0.1,34,F,UNVERIFIED_PUBLISH_PATH,27,10,v0.2.0
ad-auris-iframe-distribution,2.1.0,33,F,UNVERIFIED_PUBLISH_PATH|DORMANT,2,10,v0.2.0
affiliate-plugin-amazon,3.0.0,19,F,UNVERIFIED_PUBLISH_PATH|DORMANT|SINGLE_MAINTAINER,1,10,v0.2.0
ag-event,1.0.48,16,F,UNVERIFIED_PUBLISH_PATH|SINGLE_MAINTAINER,1,10,v0.2.0
bootstrap-fullscreen-select,1.5.1,19,F,UNVERIFIED_PUBLISH_PATH|DORMANT|SINGLE_MAINTAINER,1,10,v0.2.0
bootstrap-show-toast,1.2.2,25,F,UNVERIFIED_PUBLISH_PATH|SINGLE_MAINTAINER,1,10,v0.2.0
chiron-sans-hk-pro-webfont,1.11.1,14,F,UNVERIFIED_PUBLISH_PATH|DORMANT|SINGLE_MAINTAINER|DEPRECATED,1,10,v0.2.0
clappr-ima-plugin,0.5.3,19,F,UNVERIFIED_PUBLISH_PATH|DORMANT|SINGLE_MAINTAINER,1,10,v0.2.0
cn-fontsource-xiaolai-mono-sc-regular,1.0.3,19,F,UNVERIFIED_PUBLISH_PATH|DORMANT|SINGLE_MAINTAINER,1,10,v0.2.0
editor-blocks-pricing-table,0.0.9,10,F,UNVERIFIED_PUBLISH_PATH|DORMANT|SINGLE_MAINTAINER,1,10,v0.2.0
hunarcourses,1.0.4,10,F,UNVERIFIED_PUBLISH_PATH|DORMANT|SINGLE_MAINTAINER,1,10,v0.2.0
jquery.mb.vimeo_player,1.2.0,19,F,UNVERIFIED_PUBLISH_PATH|DORMANT|SINGLE_MAINTAINER,1,10,v0.2.0
morphemeicons,0.2.0,15,F,UNVERIFIED_PUBLISH_PATH|DORMANT|SINGLE_MAINTAINER,1,10,v0.2.0
qs-like,1.0.1,14,F,UNVERIFIED_PUBLISH_PATH|DORMANT|SINGLE_MAINTAINER,1,10,v0.2.0
rslider,2.16.3,33,F,UNVERIFIED_PUBLISH_PATH|DORMANT,3,10,v0.2.0
super-slide,2.1.4,19,F,UNVERIFIED_PUBLISH_PATH|DORMANT|SINGLE_MAINTAINER,1,10,v0.2.0
whatsapp-notification-sound,1.0.0,10,F,UNVERIFIED_PUBLISH_PATH|DORMANT|SINGLE_MAINTAINER,1,10,v0.2.0
wikiplus-core,4.1.0,19,F,UNVERIFIED_PUBLISH_PATH|DORMANT|SINGLE_MAINTAINER,1,10,v0.2.0
youtube-iframe-api,0.0.1,15,F,UNVERIFIED_PUBLISH_PATH|DORMANT|SINGLE_MAINTAINER,1,10,v0.2.0
'@amwaljs/checkout-button,0.3.5,35,D,UNVERIFIED_PUBLISH_PATH,4,9,v0.2.0
'@ayahub/webfont-harmony-sans-sc,1.0.0,14,F,UNVERIFIED_PUBLISH_PATH|DORMANT|SINGLE_MAINTAINER,1,9,v0.2.0
'@azerion/splash,3.6.8,29,F,UNVERIFIED_PUBLISH_PATH|DORMANT,4,9,v0.2.0
'@clappr/stats-plugin,0.3.0,33,F,UNVERIFIED_PUBLISH_PATH|DORMANT,9,9,v0.2.0
'@commonlit/commonlit-frontend,0.1.0,39,D,UNVERIFIED_PUBLISH_PATH,3,9,v0.2.0
'@creoglyph/cardreadmore,1.0.2,15,F,UNVERIFIED_PUBLISH_PATH|DORMANT|SINGLE_MAINTAINER,1,9,v0.2.0
'@finsweet/client-first-docs,1.0.2,28,F,UNVERIFIED_PUBLISH_PATH|DORMANT,2,9,v0.2.0
'@flarehr/role-management-app,1.0.1,19,F,UNVERIFIED_PUBLISH_PATH|DORMANT|PUBLISHER_NOT_MAINTAINER,8,9,v0.2.0
'@machi-pla/cc-client-js-gunma-pref,0.1.3,35,D,UNVERIFIED_PUBLISH_PATH,3,9,v0.2.0
'@mailbiz/onsite-shopify-vendor,0.4.2,35,D,UNVERIFIED_PUBLISH_PATH,3,9,v0.2.0
'@managed-api/bitbucket-cloud-v2-core,2.5.0,30,F,UNVERIFIED_PUBLISH_PATH,9,9,v0.2.0
'@mskcc/typography,0.0.3,29,F,UNVERIFIED_PUBLISH_PATH|DORMANT,5,9,v0.2.0
'@noonnu/s-coredream-4regular,0.0.1,14,F,UNVERIFIED_PUBLISH_PATH|DORMANT|SINGLE_MAINTAINER|DEPRECATED,1,9,v0.2.0
'@noonnu/sebang-gothic-bold,0.1.0,14,F,UNVERIFIED_PUBLISH_PATH|DORMANT|SINGLE_MAINTAINER,1,9,v0.2.0
'@tax-benefit/openfisca-france-with-indirect-taxation-json,0.0.34,15,F,UNVERIFIED_PUBLISH_PATH|DORMANT|SINGLE_MAINTAINER,1,9,v0.2.0
'@widgetic/sdk,1.7.12,21,F,UNVERIFIED_PUBLISH_PATH|SINGLE_MAINTAINER,1,9,v0.2.0
better_deferred,2.0.2,19,F,UNVERIFIED_PUBLISH_PATH|DORMANT|SINGLE_MAINTAINER,1,9,v0.2.0
cdn4script,2.2.0,16,F,UNVERIFIED_PUBLISH_PATH|SINGLE_MAINTAINER,1,9,v0.2.0
chibijs,3.0.9,19,F,UNVERIFIED_PUBLISH_PATH|DORMANT|SINGLE_MAINTAINER,1,9,v0.2.0
cookiecraft,1.0.11,25,F,UNVERIFIED_PUBLISH_PATH|SINGLE_MAINTAINER,1,9,v0.2.0
country-detail,1.0.0,15,F,UNVERIFIED_PUBLISH_PATH|DORMANT|SINGLE_MAINTAINER,1,9,v0.2.0
eleganticons,0.0.1,19,F,UNVERIFIED_PUBLISH_PATH|DORMANT|SINGLE_MAINTAINER,1,9,v0.2.0
erralytics,1.0.0,25,F,UNVERIFIED_PUBLISH_PATH|SINGLE_MAINTAINER,1,9,v0.2.0
fontsource-jost,4.0.0,19,F,UNVERIFIED_PUBLISH_PATH|DORMANT|SINGLE_MAINTAINER|DEPRECATED,1,9,v0.2.0
freezeui,1.0.1,19,F,UNVERIFIED_PUBLISH_PATH|DORMANT|SINGLE_MAINTAINER,1,9,v0.2.0
in-renderer-js,1.2.3,20,F,UNVERIFIED_PUBLISH_PATH|SINGLE_MAINTAINER,1,9,v0.2.0
lxgw-wenkai-tc-web,1.522.0,73,B,SINGLE_MAINTAINER,1,9,v0.2.0
minstyle.io,2.0.2,19,F,UNVERIFIED_PUBLISH_PATH|DORMANT|SINGLE_MAINTAINER,1,9,v0.2.0
movo-web,0.1.5,19,F,UNVERIFIED_PUBLISH_PATH|DORMANT|SINGLE_MAINTAINER,1,9,v0.2.0
sly,0.0.1,19,F,UNVERIFIED_PUBLISH_PATH|DORMANT|SINGLE_MAINTAINER,1,9,v0.2.0
xendit-fingerprint-sdk-web,1.1.1,29,F,UNVERIFIED_PUBLISH_PATH|DORMANT,3,9,v0.2.0
'@aurolabs/auro-threecolumn,1.0.1,33,F,UNVERIFIED_PUBLISH_PATH|DORMANT,2,8,v0.2.0
'@autosync/atx-bootstrap-daterangepicker,2.0.0,33,F,UNVERIFIED_PUBLISH_PATH|DORMANT,4,8,v0.2.0
'@brainfish-ai/nudge-widget,0.1.3,30,F,UNVERIFIED_PUBLISH_PATH,4,8,v0.2.0
'@brainfish-ai/web-tracker,0.0.33,30,F,UNVERIFIED_PUBLISH_PATH,4,8,v0.2.0
'@brytdesigns/web-component-core,1.1.7,30,F,UNVERIFIED_PUBLISH_PATH,5,8,v0.2.0
'@electron-fonts/roboto-condensed,1.2.0,19,F,UNVERIFIED_PUBLISH_PATH|DORMANT|SINGLE_MAINTAINER,1,8,v0.2.0
'@finsweet/attributes-support,1.1.1,24,F,UNVERIFIED_PUBLISH_PATH|DORMANT,2,8,v0.2.0
'@genpact/genome.mfe.voc-app,1.1.102,21,F,UNVERIFIED_PUBLISH_PATH|SINGLE_MAINTAINER,1,8,v0.2.0
'@kartverket/geonorge-web-components,4.0.13,46,D,UNVERIFIED_PUBLISH_PATH,5,8,v0.2.0
'@kfonts/bm-hanna-pro,0.2.0,19,F,UNVERIFIED_PUBLISH_PATH|DORMANT|SINGLE_MAINTAINER,1,8,v0.2.0
'@luminai-platform/rrweb-record,2.0.16,45,D,UNVERIFIED_PUBLISH_PATH,2,8,v0.2.0
'@machi-pla/cc-client-js-fukuoka-city,0.1.7,35,D,UNVERIFIED_PUBLISH_PATH,3,8,v0.2.0
'@machi-pla/japan_concierge_2024,0.1.5,35,D,UNVERIFIED_PUBLISH_PATH,3,8,v0.2.0
'@mailbiz/onsite-moovin-vendor,0.1.1,35,D,UNVERIFIED_PUBLISH_PATH,3,8,v0.2.0
'@mobiloud/ml-css-injector,1.2.1,25,F,UNVERIFIED_PUBLISH_PATH|SINGLE_MAINTAINER,1,8,v0.2.0
'@noonnu/gmarketsansbold,0.0.1,14,F,UNVERIFIED_PUBLISH_PATH|DORMANT|SINGLE_MAINTAINER|DEPRECATED,1,8,v0.2.0
'@positioner/psk-tabs,1.0.2,33,F,UNVERIFIED_PUBLISH_PATH|DORMANT,4,8,v0.2.0
'@redbeemedia/javascript-player,1.8.2,94,A,,4,8,v0.2.0
'@rsltda/components,1.0.25,21,F,UNVERIFIED_PUBLISH_PATH|SINGLE_MAINTAINER,1,8,v0.2.0
'@s3static/embeds,1.0.13,15,F,UNVERIFIED_PUBLISH_PATH|DORMANT|SINGLE_MAINTAINER,1,8,v0.2.0
'@sr-connect/trigger,1.0.1,30,F,UNVERIFIED_PUBLISH_PATH,8,8,v0.2.0
'@sunsama/splash,1.7.6,35,D,UNVERIFIED_PUBLISH_PATH,6,8,v0.2.0
'@web3auth/default-solana-adapter,9.7.0,46,D,UNVERIFIED_PUBLISH_PATH,3,8,v0.2.0
'@youon/uon-player-skins,1.0.57,29,F,UNVERIFIED_PUBLISH_PATH|DORMANT,3,8,v0.2.0
ad-auris-iframe-distribution-nextgen,3.1.1,19,F,UNVERIFIED_PUBLISH_PATH|DORMANT|SINGLE_MAINTAINER,1,8,v0.2.0
angularjs-datetime-picker-v2,0.2.2,19,F,UNVERIFIED_PUBLISH_PATH|DORMANT|SINGLE_MAINTAINER,1,8,v0.2.0
bootstrap-hardskilled-extend-select,1.2.2,19,F,UNVERIFIED_PUBLISH_PATH|DORMANT|SINGLE_MAINTAINER,1,8,v0.2.0
cn-fontsource-975-maru-sc-regular,1.0.1,19,F,UNVERIFIED_PUBLISH_PATH|DORMANT|SINGLE_MAINTAINER,1,8,v0.2.0
flowbitz,2.4.5,25,F,UNVERIFIED_PUBLISH_PATH|SINGLE_MAINTAINER,1,8,v0.2.0
jquery-base64-js,1.0.1,19,F,UNVERIFIED_PUBLISH_PATH|DORMANT|SINGLE_MAINTAINER,1,8,v0.2.0
jquery-datetime-picker,2.5.11,19,F,UNVERIFIED_PUBLISH_PATH|DORMANT|SINGLE_MAINTAINER,1,8,v0.2.0
jquery-directional-hover,1.0.1,19,F,UNVERIFIED_PUBLISH_PATH|DORMANT|SINGLE_MAINTAINER,1,8,v0.2.0
jquery-ean13,2.2.5,19,F,UNVERIFIED_PUBLISH_PATH|DORMANT|SINGLE_MAINTAINER,1,8,v0.2.0
jquery-scrolla,0.0.3,19,F,UNVERIFIED_PUBLISH_PATH|DORMANT|SINGLE_MAINTAINER,1,8,v0.2.0
jsproxy-cache-01,0.0.79,10,F,UNVERIFIED_PUBLISH_PATH|DORMANT|SINGLE_MAINTAINER,1,8,v0.2.0
lazy-youtube-embed,1.0.1,19,F,UNVERIFIED_PUBLISH_PATH|DORMANT|SINGLE_MAINTAINER,1,8,v0.2.0
preact-htm-signals-standalone,0.0.16,19,F,UNVERIFIED_PUBLISH_PATH|DORMANT|SINGLE_MAINTAINER,1,8,v0.2.0
quickomcc-widget,0.0.14,15,F,UNVERIFIED_PUBLISH_PATH|DORMANT|SINGLE_MAINTAINER,1,8,v0.2.0
scatter-js,2.5.2,10,F,UNVERIFIED_PUBLISH_PATH|DORMANT|SINGLE_MAINTAINER|PUBLISHER_NOT_MAINTAINER,1,8,v0.2.0
simple-popup-modal,1.1.3,19,F,UNVERIFIED_PUBLISH_PATH|DORMANT|SINGLE_MAINTAINER,1,8,v0.2.0
snap-alert-js,1.1.4,19,F,UNVERIFIED_PUBLISH_PATH|DORMANT|SINGLE_MAINTAINER,1,8,v0.2.0
spotclip,1.3.22,25,F,UNVERIFIED_PUBLISH_PATH|SINGLE_MAINTAINER,1,8,v0.2.0
staffbase-widget-dacast,1.0.5,21,F,UNVERIFIED_PUBLISH_PATH|SINGLE_MAINTAINER,1,8,v0.2.0
udesly-ad-banner,0.0.4,15,F,UNVERIFIED_PUBLISH_PATH|DORMANT|SINGLE_MAINTAINER,1,8,v0.2.0
videojs-suggestedvideoendcap,1.2.0,19,F,UNVERIFIED_PUBLISH_PATH|DORMANT|SINGLE_MAINTAINER,1,8,v0.2.0
videojs-xr,0.1.0,19,F,UNVERIFIED_PUBLISH_PATH|DORMANT|SINGLE_MAINTAINER,1,8,v0.2.0
yet-another-medium-zoom,0.4.2,14,F,UNVERIFIED_PUBLISH_PATH|DORMANT|SINGLE_MAINTAINER,1,8,v0.2.0
'@bikeindex/time-localizer,0.3.0,25,F,UNVERIFIED_PUBLISH_PATH|SINGLE_MAINTAINER,1,7,v0.2.0
'@brytdesigns/web-component-gnav-header,1.0.2,30,F,UNVERIFIED_PUBLISH_PATH,5,7,v0.2.0
'@cabbiepete/cloud-zoom,1.0.4,19,F,UNVERIFIED_PUBLISH_PATH|DORMANT|SINGLE_MAINTAINER,1,7,v0.2.0
'@digibib/deichman-ui,7.3.4,33,F,UNVERIFIED_PUBLISH_PATH|DORMANT,4,7,v0.2.0
'@fmakdemir/ckeditor5-super-build,12.2.2,19,F,UNVERIFIED_PUBLISH_PATH|DORMANT|SINGLE_MAINTAINER,1,7,v0.2.0
'@four-corners/fourcorners.js,0.9.6,19,F,UNVERIFIED_PUBLISH_PATH|DORMANT|SINGLE_MAINTAINER,1,7,v0.2.0
'@goodgamestudios/cxf-banners,1.21.1-qa.0,29,F,UNVERIFIED_PUBLISH_PATH|DORMANT,27,7,v0.2.0
'@hypelab/sdk-analytics,1.3.8,20,F,UNVERIFIED_PUBLISH_PATH,0,7,v0.2.0
'@jsuites/menu,4.0.0,25,F,UNVERIFIED_PUBLISH_PATH|SINGLE_MAINTAINER,1,7,v0.2.0
'@kfonts/nexon-lv1-gothic-low-otf,0.2.0,19,F,UNVERIFIED_PUBLISH_PATH|DORMANT|SINGLE_MAINTAINER,1,7,v0.2.0
'@labtime/avamec-api-bridge-cliente,1.0.0,15,F,UNVERIFIED_PUBLISH_PATH|DORMANT|SINGLE_MAINTAINER,1,7,v0.2.0
'@machi-pla/cc-client-js-at-yokohama,0.1.1,35,D,UNVERIFIED_PUBLISH_PATH,3,7,v0.2.0
'@mailbiz/onsite-shoppub-vendor,0.1.0,35,D,UNVERIFIED_PUBLISH_PATH,3,7,v0.2.0
'@managed-api/microsoft-graph-v1-core,2.2.0,30,F,UNVERIFIED_PUBLISH_PATH,9,7,v0.2.0
'@mobiloud/ml-popup-widget,1.0.0,14,F,UNVERIFIED_PUBLISH_PATH|DORMANT|SINGLE_MAINTAINER|PUBLISHER_NOT_MAINTAINER,1,7,v0.2.0
'@noonnu/one-mobile-title,0.1.0,14,F,UNVERIFIED_PUBLISH_PATH|DORMANT|SINGLE_MAINTAINER,1,7,v0.2.0
'@openfonts/fira-sans_all,1.44.1,19,F,UNVERIFIED_PUBLISH_PATH|DORMANT|SINGLE_MAINTAINER,1,7,v0.2.0
'@percy.ai/your-team,1.0.15,30,F,UNVERIFIED_PUBLISH_PATH,3,7,v0.2.0
'@pulsealarm/pulse-event-sdk,0.1.10,21,F,UNVERIFIED_PUBLISH_PATH|SINGLE_MAINTAINER,1,7,v0.2.0
'@remix-gg/sdk,0.6.0,21,F,UNVERIFIED_PUBLISH_PATH|SINGLE_MAINTAINER,1,7,v0.2.0
'@scbd/page-footer,0.0.69,29,F,UNVERIFIED_PUBLISH_PATH|DORMANT,4,7,v0.2.0
'@scbd/www-css,1.0.2,24,F,UNVERIFIED_PUBLISH_PATH|DORMANT,4,7,v0.2.0
'@swarmcloud/bitmovin,0.4.1,25,F,UNVERIFIED_PUBLISH_PATH|SINGLE_MAINTAINER,1,7,v0.2.0
'@thedarkita/agm,1.0.0-beta.2,14,F,UNVERIFIED_PUBLISH_PATH|DORMANT|SINGLE_MAINTAINER,1,7,v0.2.0
'@typopro/web-monoid,3.7.5,14,F,UNVERIFIED_PUBLISH_PATH|DORMANT|SINGLE_MAINTAINER,1,7,v0.2.0
'@yookgmbh/storefront-components,1.3.12,24,F,UNVERIFIED_PUBLISH_PATH|DORMANT,4,7,v0.2.0
addon-interscroller,1.0.6,19,F,UNVERIFIED_PUBLISH_PATH|DORMANT|SINGLE_MAINTAINER,1,7,v0.2.0
afterglow,0.0.3,19,F,UNVERIFIED_PUBLISH_PATH|DORMANT|SINGLE_MAINTAINER,1,7,v0.2.0
alpheios-components,3.4.3-incr-3.4.x.20220428394,33,F,UNVERIFIED_PUBLISH_PATH|DORMANT,4,7,v0.2.0
amaranjs,0.5.5,15,F,UNVERIFIED_PUBLISH_PATH|DORMANT|SINGLE_MAINTAINER,1,7,v0.2.0
clappr-thumbnails-plugin,3.7.3,19,F,UNVERIFIED_PUBLISH_PATH|DORMANT|SINGLE_MAINTAINER,1,7,v0.2.0
cn-fontsource-maoken-zhuyuan-ti-regular,1.0.1,19,F,UNVERIFIED_PUBLISH_PATH|DORMANT|SINGLE_MAINTAINER,1,7,v0.2.0
flextabs-js,2.0.0,19,F,UNVERIFIED_PUBLISH_PATH|DORMANT|SINGLE_MAINTAINER,1,7,v0.2.0
form-cdn,1.0.1,21,F,UNVERIFIED_PUBLISH_PATH|SINGLE_MAINTAINER,1,7,v0.2.0
gather-integration,1.27.3,21,F,UNVERIFIED_PUBLISH_PATH|SINGLE_MAINTAINER,1,7,v0.2.0
ifontawesome.pro,6.4.0,19,F,UNVERIFIED_PUBLISH_PATH|DORMANT|SINGLE_MAINTAINER,1,7,v0.2.0
ipay9-scripts,4.2.0,21,F,UNVERIFIED_PUBLISH_PATH|SINGLE_MAINTAINER,1,7,v0.2.0
jquery-numerator,0.2.1,19,F,UNVERIFIED_PUBLISH_PATH|DORMANT|SINGLE_MAINTAINER,1,7,v0.2.0
jquery.cookiefy,1.0.4,19,F,UNVERIFIED_PUBLISH_PATH|DORMANT|SINGLE_MAINTAINER,1,7,v0.2.0
legrandav-ui-library,0.0.10,29,F,UNVERIFIED_PUBLISH_PATH|DORMANT,3,7,v0.2.0
location-store-js,0.1.13,15,F,UNVERIFIED_PUBLISH_PATH|DORMANT|SINGLE_MAINTAINER,1,7,v0.2.0
next-popover,0.0.41,19,F,UNVERIFIED_PUBLISH_PATH|DORMANT|SINGLE_MAINTAINER,1,7,v0.2.0
pselect.js,4.0.1,19,F,UNVERIFIED_PUBLISH_PATH|DORMANT|SINGLE_MAINTAINER,1,7,v0.2.0
selenium-engine-js,3.2.1,19,F,UNVERIFIED_PUBLISH_PATH|DORMANT|SINGLE_MAINTAINER,1,7,v0.2.0
'@app-city/analytics-browser,0.5.0,21,F,UNVERIFIED_PUBLISH_PATH|SINGLE_MAINTAINER,1,6,v0.2.0
'@beyondspace/lightbox-widget,0.0.0,10,F,UNVERIFIED_PUBLISH_PATH|DORMANT|SINGLE_MAINTAINER,1,6,v0.2.0
'@datarose/scrollreveal,1.3.0,19,F,UNVERIFIED_PUBLISH_PATH|DORMANT|SINGLE_MAINTAINER,1,6,v0.2.0
'@frontkom/g-section,0.4.3,33,F,UNVERIFIED_PUBLISH_PATH|DORMANT,10,6,v0.2.0
'@goodgamestudios/cxf-error-handler,0.0.1-qa.0,24,F,UNVERIFIED_PUBLISH_PATH|DORMANT|PUBLISHER_NOT_MAINTAINER,27,6,v0.2.0
'@jsuites/sha512,1.0.2,14,F,UNVERIFIED_PUBLISH_PATH|DORMANT|SINGLE_MAINTAINER,1,6,v0.2.0
'@machi-pla/ai-chatbot,0.1.25,35,D,UNVERIFIED_PUBLISH_PATH,3,6,v0.2.0
'@machi-pla/cc-client-js-tazawako,0.1.0,35,D,UNVERIFIED_PUBLISH_PATH,3,6,v0.2.0
'@mailbiz/onsite-convertr-vendor,0.2.1,35,D,UNVERIFIED_PUBLISH_PATH,3,6,v0.2.0
'@materials-elements/core,1.0.2,19,F,UNVERIFIED_PUBLISH_PATH|DORMANT|SINGLE_MAINTAINER,1,6,v0.2.0
'@mig8447/lodash-debounce-throttle,4.17.5,19,F,UNVERIFIED_PUBLISH_PATH|DORMANT|SINGLE_MAINTAINER,1,6,v0.2.0
'@noonnu/jeju-gothic,0.1.0,14,F,UNVERIFIED_PUBLISH_PATH|DORMANT|SINGLE_MAINTAINER,1,6,v0.2.0
'@noonnu/ko-pub-batang,0.1.0,14,F,UNVERIFIED_PUBLISH_PATH|DORMANT|SINGLE_MAINTAINER,1,6,v0.2.0
'@openfonts/barlow-semi-condensed_latin-ext,1.44.2,14,F,UNVERIFIED_PUBLISH_PATH|DORMANT|SINGLE_MAINTAINER,1,6,v0.2.0
'@orange-games/phaser-cachebuster,2.0.0-rc.1,33,F,UNVERIFIED_PUBLISH_PATH|DORMANT,3,6,v0.2.0
'@orange-games/phaser-nineslice,2.0.1,28,F,UNVERIFIED_PUBLISH_PATH|DORMANT|DEPRECATED,3,6,v0.2.0
'@revium/gpt-widget,0.0.7-dev.0,29,F,UNVERIFIED_PUBLISH_PATH|DORMANT,3,6,v0.2.0
'@sum.cumo/vue-awesome-swiper,3.1.6,33,F,UNVERIFIED_PUBLISH_PATH|DORMANT,6,6,v0.2.0
'@the-oz/app-swatches,3.1.1,24,F,UNVERIFIED_PUBLISH_PATH|DORMANT|PUBLISHER_NOT_MAINTAINER,3,6,v0.2.0
'@tulipnpm/timekit_project_selector,2.1.4,21,F,UNVERIFIED_PUBLISH_PATH|SINGLE_MAINTAINER,1,6,v0.2.0
'@unidy.io/newsletter,0.2.10,34,F,UNVERIFIED_PUBLISH_PATH,6,6,v0.2.0
blockgallery-stacked,0.0.5,15,F,UNVERIFIED_PUBLISH_PATH|DORMANT|SINGLE_MAINTAINER,1,6,v0.2.0
bootstrap4-select2-theme,1.0.3,19,F,UNVERIFIED_PUBLISH_PATH|DORMANT|SINGLE_MAINTAINER,1,6,v0.2.0
canvas-qrcode-logo,1.1.1,19,F,UNVERIFIED_PUBLISH_PATH|DORMANT|SINGLE_MAINTAINER,1,6,v0.2.0
cdnbye-mp4,0.11.3,19,F,UNVERIFIED_PUBLISH_PATH|DORMANT|SINGLE_MAINTAINER,1,6,v0.2.0
design-system-for-cradlepoint-wp,1.1.4,25,F,UNVERIFIED_PUBLISH_PATH|SINGLE_MAINTAINER,1,6,v0.2.0
enllax,1.1.0,10,F,UNVERIFIED_PUBLISH_PATH|DORMANT|SINGLE_MAINTAINER,1,6,v0.2.0
fluid-marquee,1.2.0,25,F,UNVERIFIED_PUBLISH_PATH|SINGLE_MAINTAINER,1,6,v0.2.0
gocaptcha,1.0.0,16,F,UNVERIFIED_PUBLISH_PATH|SINGLE_MAINTAINER,1,6,v0.2.0
jpanel-menu,1.4.1,19,F,UNVERIFIED_PUBLISH_PATH|DORMANT|SINGLE_MAINTAINER,1,6,v0.2.0
jquery-ui.autocomplete.match,1.0.2,19,F,UNVERIFIED_PUBLISH_PATH|DORMANT|SINGLE_MAINTAINER,1,6,v0.2.0
json-db-admin,0.0.1,10,F,UNVERIFIED_PUBLISH_PATH|DORMANT|SINGLE_MAINTAINER,1,6,v0.2.0
orbitcss,2.0.0,19,F,UNVERIFIED_PUBLISH_PATH|DORMANT|SINGLE_MAINTAINER,1,6,v0.2.0
owlcarousel2-filter,1.0.0,15,F,UNVERIFIED_PUBLISH_PATH|DORMANT|SINGLE_MAINTAINER,1,6,v0.2.0
picasso-canvas-fingerprinting,1.0.1,19,F,UNVERIFIED_PUBLISH_PATH|DORMANT|SINGLE_MAINTAINER,1,6,v0.2.0
responsive-youtube.js,0.2.1,19,F,UNVERIFIED_PUBLISH_PATH|DORMANT|SINGLE_MAINTAINER,1,6,v0.2.0
transfer-elements,1.0.7,19,F,UNVERIFIED_PUBLISH_PATH|DORMANT|SINGLE_MAINTAINER,1,6,v0.2.0
wasm-imports-parser,1.0.4,19,F,UNVERIFIED_PUBLISH_PATH|DORMANT|SINGLE_MAINTAINER,1,6,v0.2.0
when-in-viewport,2.0.4,19,F,UNVERIFIED_PUBLISH_PATH|DORMANT|SINGLE_MAINTAINER,1,6,v0.2.0
zalgirio-arena-scripts,1.0.4,21,F,UNVERIFIED_PUBLISH_PATH|SINGLE_MAINTAINER,1,6,v0.2.0
'@agenus-io/utms,1.0.5,35,D,UNVERIFIED_PUBLISH_PATH,2,5,v0.2.0
'@aiconomy/aico-analytics,0.0.18,35,D,UNVERIFIED_PUBLISH_PATH,4,5,v0.2.0
'@analytics-debugger/html-media-elements,0.0.2,19,F,UNVERIFIED_PUBLISH_PATH|DORMANT|SINGLE_MAINTAINER,1,5,v0.2.0
'@azerion/phaser-ads,2.4.1,28,F,UNVERIFIED_PUBLISH_PATH|DORMANT|PUBLISHER_NOT_MAINTAINER,4,5,v0.2.0
'@codemotion/ment.io,0.9.24,28,F,UNVERIFIED_PUBLISH_PATH|DORMANT|PUBLISHER_NOT_MAINTAINER|DEPRECATED,3,5,v0.2.0
'@datacite/datacite-tracker,0.0.5,33,F,UNVERIFIED_PUBLISH_PATH|DORMANT,3,5,v0.2.0
'@dflock/primeicons,6.0.3-SNAPSHOT,19,F,UNVERIFIED_PUBLISH_PATH|DORMANT|SINGLE_MAINTAINER,1,5,v0.2.0
'@frontkom/starterx-quote-background,2.0.0,33,F,UNVERIFIED_PUBLISH_PATH|DORMANT,10,5,v0.2.0
'@hypelab/sdk-core,2.9.2,25,F,UNVERIFIED_PUBLISH_PATH,0,5,v0.2.0
'@machi-pla/cc-client-js-nasushiobara,0.1.0,35,D,UNVERIFIED_PUBLISH_PATH,3,5,v0.2.0
'@mailbiz/onsite-godeep-vendor,0.2.1,35,D,UNVERIFIED_PUBLISH_PATH,3,5,v0.2.0
'@mailbiz/onsite-universal-vendor,0.4.2,30,F,UNVERIFIED_PUBLISH_PATH,3,5,v0.2.0
'@msmiley/geopattern,1.2.3-1,19,F,UNVERIFIED_PUBLISH_PATH|DORMANT|SINGLE_MAINTAINER,1,5,v0.2.0
'@noonnu/gmarketsansmedium,0.0.1,14,F,UNVERIFIED_PUBLISH_PATH|DORMANT|SINGLE_MAINTAINER|DEPRECATED,1,5,v0.2.0
'@noonnu/tenada,0.1.0,14,F,UNVERIFIED_PUBLISH_PATH|DORMANT|SINGLE_MAINTAINER,1,5,v0.2.0
'@nosto/autocomplete,2.13.3,87,A,,6,5,v0.2.0
'@oplayer/shaka,1.2.26-beta.6,16,F,UNVERIFIED_PUBLISH_PATH|SINGLE_MAINTAINER,1,5,v0.2.0
'@perceptimagery/sprie-widget,1.3.2007,34,F,UNVERIFIED_PUBLISH_PATH,2,5,v0.2.0
'@raineblog/mkdocs-fontkit,1.0.5,73,B,SINGLE_MAINTAINER,1,5,v0.2.0
'@soyleninjs/swappit,3.0.0,25,F,UNVERIFIED_PUBLISH_PATH|SINGLE_MAINTAINER,1,5,v0.2.0
'@travelbot/web-frontend,0.0.92,21,F,UNVERIFIED_PUBLISH_PATH|SINGLE_MAINTAINER,1,5,v0.2.0
'@typopro/web-fantasque-sans-mono,3.7.5,14,F,UNVERIFIED_PUBLISH_PATH|DORMANT|SINGLE_MAINTAINER,1,5,v0.2.0
'@wc1font/lxgw-wen-kai-screen,1.0.3,19,F,UNVERIFIED_PUBLISH_PATH|DORMANT|SINGLE_MAINTAINER,1,5,v0.2.0
'@yourasset/ya-finance-now,1.5.5,35,D,UNVERIFIED_PUBLISH_PATH,4,5,v0.2.0
'@zencemarketing/storepay-sdk,0.1.0-alpha.4,35,D,UNVERIFIED_PUBLISH_PATH,3,5,v0.2.0
aliplayercomonents,1.0.0,10,F,UNVERIFIED_PUBLISH_PATH|DORMANT|SINGLE_MAINTAINER,1,5,v0.2.0
cfga,1.0.3,19,F,UNVERIFIED_PUBLISH_PATH|DORMANT|SINGLE_MAINTAINER,1,5,v0.2.0
cookiebot-embeds,1.2.2,19,F,UNVERIFIED_PUBLISH_PATH|DORMANT|SINGLE_MAINTAINER,1,5,v0.2.0
country-flags-css,1.1.2,19,F,UNVERIFIED_PUBLISH_PATH|DORMANT|SINGLE_MAINTAINER,1,5,v0.2.0
develart-olzalogistic-pickup-points-widget,1.8.19,21,F,UNVERIFIED_PUBLISH_PATH|SINGLE_MAINTAINER,1,5,v0.2.0
fansunited-react-widgets,0.8.30,21,F,UNVERIFIED_PUBLISH_PATH|SINGLE_MAINTAINER,1,5,v0.2.0
fonts-archive-futura-std,0.0.0,15,F,UNVERIFIED_PUBLISH_PATH|DORMANT|SINGLE_MAINTAINER,1,5,v0.2.0
freemarker-web-editor,1.0.0,15,F,UNVERIFIED_PUBLISH_PATH|DORMANT|SINGLE_MAINTAINER,1,5,v0.2.0
groner-checklist-form,1.0.73,25,F,UNVERIFIED_PUBLISH_PATH|SINGLE_MAINTAINER,1,5,v0.2.0
jquery-mask-number,1.0.1,19,F,UNVERIFIED_PUBLISH_PATH|DORMANT|SINGLE_MAINTAINER,1,5,v0.2.0
jquery.role,1.0.0,19,F,UNVERIFIED_PUBLISH_PATH|DORMANT|SINGLE_MAINTAINER,1,5,v0.2.0
kgr88-scripts,4.5.0,21,F,UNVERIFIED_PUBLISH_PATH|SINGLE_MAINTAINER,1,5,v0.2.0
openseadragon-opacity-slider,1.0.0,14,F,UNVERIFIED_PUBLISH_PATH|DORMANT|SINGLE_MAINTAINER,1,5,v0.2.0
perfect-scrollbar-vue2,1.2.0,19,F,UNVERIFIED_PUBLISH_PATH|DORMANT|SINGLE_MAINTAINER,1,5,v0.2.0
roboto-regular-woff,0.7.1,5,F,UNVERIFIED_PUBLISH_PATH|DORMANT,0,5,v0.2.0
spry,0.0.4,23,F,UNVERIFIED_PUBLISH_PATH|DORMANT|PUBLISHER_NOT_MAINTAINER,2,5,v0.2.0
storii-code,1.0.2,10,F,UNVERIFIED_PUBLISH_PATH|DORMANT|SINGLE_MAINTAINER,1,5,v0.2.0
svg-skeleton,0.0.4,19,F,UNVERIFIED_PUBLISH_PATH|DORMANT|SINGLE_MAINTAINER,1,5,v0.2.0
swarmcloud-hls-sw,0.8.1,19,F,UNVERIFIED_PUBLISH_PATH|DORMANT|SINGLE_MAINTAINER,1,5,v0.2.0
tabpanelwidget,3.0.4,21,F,UNVERIFIED_PUBLISH_PATH|SINGLE_MAINTAINER,1,5,v0.2.0
udesly-web-share-api,1.0.2,10,F,UNVERIFIED_PUBLISH_PATH|DORMANT|SINGLE_MAINTAINER,1,5,v0.2.0
web-vitals-google-analytics-shopify,1.1.0,19,F,UNVERIFIED_PUBLISH_PATH|DORMANT|SINGLE_MAINTAINER,1,5,v0.2.0
webmetric-analytics,1.0.13,15,F,UNVERIFIED_PUBLISH_PATH|DORMANT|SINGLE_MAINTAINER,1,5,v0.2.0
'@aurolabs/auro-card,1.0.1,33,F,UNVERIFIED_PUBLISH_PATH|DORMANT,2,4,v0.2.0
'@azerion/phaser-input,2.0.5,28,F,UNVERIFIED_PUBLISH_PATH|DORMANT|PUBLISHER_NOT_MAINTAINER,4,4,v0.2.0
'@azerion/phaser-spine,3.0.9,28,F,UNVERIFIED_PUBLISH_PATH|DORMANT|PUBLISHER_NOT_MAINTAINER,4,4,v0.2.0
'@batch.com/in-app-webview-sdk,1.0.0,19,F,UNVERIFIED_PUBLISH_PATH|DORMANT|SINGLE_MAINTAINER,1,4,v0.2.0
'@bosticka/svelte-icons-pack,1.5.1,14,F,UNVERIFIED_PUBLISH_PATH|DORMANT|SINGLE_MAINTAINER,1,4,v0.2.0
'@dytesdk/device-emulator,1.12.0,33,F,UNVERIFIED_PUBLISH_PATH|DORMANT,2,4,v0.2.0
'@frontkom/g-content-in-columns,0.4.5,33,F,UNVERIFIED_PUBLISH_PATH|DORMANT,10,4,v0.2.0
'@frontkom/g-feature-box,0.1.0,33,F,UNVERIFIED_PUBLISH_PATH|DORMANT,10,4,v0.2.0
'@frontkom/section-row,0.2.0,33,F,UNVERIFIED_PUBLISH_PATH|DORMANT,10,4,v0.2.0
'@guzzj/clappr-youtube-playback,0.0.12,19,F,UNVERIFIED_PUBLISH_PATH|DORMANT|SINGLE_MAINTAINER,1,4,v0.2.0
'@joaopaulo.vieira/clappr-media-control-plugin,1.3.1,19,F,UNVERIFIED_PUBLISH_PATH|DORMANT|SINGLE_MAINTAINER,1,4,v0.2.0
'@jsuites/template,1.1.0,25,F,UNVERIFIED_PUBLISH_PATH|SINGLE_MAINTAINER,1,4,v0.2.0
'@kvass/pulse-widgets,1.3.2,39,D,UNVERIFIED_PUBLISH_PATH,2,4,v0.2.0
'@mailbiz/onsite-lojaintegrada-vendor,0.6.1,30,F,UNVERIFIED_PUBLISH_PATH,3,4,v0.2.0
'@mailbiz/onsite-uoou-vendor,0.1.1,35,D,UNVERIFIED_PUBLISH_PATH,3,4,v0.2.0
'@mailbiz/onsite-vnda-vendor,0.1.10,30,F,UNVERIFIED_PUBLISH_PATH,3,4,v0.2.0
'@mailbiz/onsite-wapstore-vendor,0.8.0,35,D,UNVERIFIED_PUBLISH_PATH,3,4,v0.2.0
'@mrkenz9595/tizentube,5.30.301,20,F,UNVERIFIED_PUBLISH_PATH|SINGLE_MAINTAINER,1,4,v0.2.0
'@peachai/whatsapp-widget,0.0.7,35,D,UNVERIFIED_PUBLISH_PATH,3,4,v0.2.0
'@perceptimagery/sprie-embed,0.5.1005,30,F,UNVERIFIED_PUBLISH_PATH,2,4,v0.2.0
'@priceshape/clientscript,0.4.0,10,F,UNVERIFIED_PUBLISH_PATH|DORMANT|SINGLE_MAINTAINER,1,4,v0.2.0
'@reform-digital/webflow-devkit-utils,1.2.1,16,F,UNVERIFIED_PUBLISH_PATH|SINGLE_MAINTAINER,1,4,v0.2.0
'@release0/js,1.2.0,16,F,UNVERIFIED_PUBLISH_PATH|SINGLE_MAINTAINER,1,4,v0.2.0
'@segment/vimeo-analytics,2.0.0,23,F,UNVERIFIED_PUBLISH_PATH|DORMANT|PUBLISHER_NOT_MAINTAINER,3,4,v0.2.0
'@smartrep/web-widget,1.0.52,39,D,UNVERIFIED_PUBLISH_PATH,4,4,v0.2.0
'@tg-ads-mediation/ads-cdn,1.1.0,33,F,UNVERIFIED_PUBLISH_PATH|DORMANT,2,4,v0.2.0
'@wc-lib/d3-line-chart,1.0.14,16,F,UNVERIFIED_PUBLISH_PATH|SINGLE_MAINTAINER,1,4,v0.2.0
'@wc-lib/infinite-scroll-list,1.3.3,58,C,INCONSISTENT_PUBLISH_PATH|SINGLE_MAINTAINER,1,4,v0.2.0
'@wc1font/slideqiuhong,1.0.4,19,F,UNVERIFIED_PUBLISH_PATH|DORMANT|SINGLE_MAINTAINER,1,4,v0.2.0
'@zaixianwan/web-dist,2.1.0-git-820302aceb943e3d62051403a90193f4449d60c5,21,F,UNVERIFIED_PUBLISH_PATH|SINGLE_MAINTAINER,1,4,v0.2.0
'@zkreations/bjs,1.0.2,15,F,UNVERIFIED_PUBLISH_PATH|DORMANT|SINGLE_MAINTAINER,1,4,v0.2.0
bp77-scripts,4.3.0,21,F,UNVERIFIED_PUBLISH_PATH|SINGLE_MAINTAINER,1,4,v0.2.0
clappr-pip-plugin,2.0.1,19,F,UNVERIFIED_PUBLISH_PATH|DORMANT|SINGLE_MAINTAINER,1,4,v0.2.0
contrast-js,0.0.3,19,F,UNVERIFIED_PUBLISH_PATH|DORMANT|SINGLE_MAINTAINER,1,4,v0.2.0
custom-recaptcha,1.1.23,19,F,UNVERIFIED_PUBLISH_PATH|DORMANT|SINGLE_MAINTAINER,1,4,v0.2.0
datatables-loadmore,1.0.1,10,F,UNVERIFIED_PUBLISH_PATH|DORMANT|SINGLE_MAINTAINER,1,4,v0.2.0
fluid-tabs,0.1.2,25,F,UNVERIFIED_PUBLISH_PATH|SINGLE_MAINTAINER,1,4,v0.2.0
font-touhou98,1.0.0,19,F,UNVERIFIED_PUBLISH_PATH|DORMANT|SINGLE_MAINTAINER,1,4,v0.2.0
late-images,2.1.0,19,F,UNVERIFIED_PUBLISH_PATH|DORMANT|SINGLE_MAINTAINER,1,4,v0.2.0
lazy-load-picture,0.0.1,14,F,UNVERIFIED_PUBLISH_PATH|DORMANT|SINGLE_MAINTAINER,1,4,v0.2.0
oa-frontend-conversiontracking,1.0.15,19,F,UNVERIFIED_PUBLISH_PATH|DORMANT|SINGLE_MAINTAINER,1,4,v0.2.0
param-tracker,5.0.1,73,B,SINGLE_MAINTAINER,1,4,v0.2.0
proxymity,2.0.4,19,F,UNVERIFIED_PUBLISH_PATH|DORMANT|SINGLE_MAINTAINER,1,4,v0.2.0
r9-scripts,4.0.0,21,F,UNVERIFIED_PUBLISH_PATH|SINGLE_MAINTAINER,1,4,v0.2.0
rechat-material,1.2.0,10,F,UNVERIFIED_PUBLISH_PATH|DORMANT|SINGLE_MAINTAINER,1,4,v0.2.0
rocket-loader,2.4.0,19,F,UNVERIFIED_PUBLISH_PATH|DORMANT|SINGLE_MAINTAINER|DEPRECATED,1,4,v0.2.0
scarab-cli,0.2.2,19,F,UNVERIFIED_PUBLISH_PATH|DORMANT|SINGLE_MAINTAINER,1,4,v0.2.0
skrollr-stylesheets,1.0.0,14,F,UNVERIFIED_PUBLISH_PATH|DORMANT|SINGLE_MAINTAINER|DEPRECATED,1,4,v0.2.0
statsig-landing-page-exp,1.0.33,28,F,UNVERIFIED_PUBLISH_PATH|DORMANT|PUBLISHER_NOT_MAINTAINER,2,4,v0.2.0
tia-gpc-widget,3.1.1,21,F,UNVERIFIED_PUBLISH_PATH|SINGLE_MAINTAINER,1,4,v0.2.0
videopopup,0.0.8,19,F,UNVERIFIED_PUBLISH_PATH|DORMANT|SINGLE_MAINTAINER,1,4,v0.2.0
web3fonts,1.0.0,10,F,UNVERIFIED_PUBLISH_PATH|DORMANT|SINGLE_MAINTAINER,1,4,v0.2.0
whatsapp-floating-widget,1.0.3,20,F,UNVERIFIED_PUBLISH_PATH|SINGLE_MAINTAINER,1,4,v0.2.0
'@azerion/phaser-super-storage,2.0.0-rc.1,28,F,UNVERIFIED_PUBLISH_PATH|DORMANT|PUBLISHER_NOT_MAINTAINER,4,3,v0.2.0
'@barkleyrei/tempusdominus-bootstrap-4,5.39.3,28,F,UNVERIFIED_PUBLISH_PATH|DORMANT|PUBLISHER_NOT_MAINTAINER,4,3,v0.2.0
'@coaktion/hc-lib,0.2.0,35,D,UNVERIFIED_PUBLISH_PATH,2,3,v0.2.0
'@deriv-com/cs-utils,1.0.14,25,F,UNVERIFIED_PUBLISH_PATH|SINGLE_MAINTAINER,1,3,v0.2.0
'@frontkom/starterx-employees,1.3.0,33,F,UNVERIFIED_PUBLISH_PATH|DORMANT,10,3,v0.2.0
'@frontkom/starterx-mosaic,1.0.1,28,F,UNVERIFIED_PUBLISH_PATH|DORMANT|PUBLISHER_NOT_MAINTAINER,10,3,v0.2.0
'@frontle/bottomsheet,1.0.3,33,F,UNVERIFIED_PUBLISH_PATH|DORMANT,2,3,v0.2.0
'@frostsw/frostjs,1.3.12,19,F,UNVERIFIED_PUBLISH_PATH|DORMANT|SINGLE_MAINTAINER,1,3,v0.2.0
'@goodgamestudios/cxf-ia,0.0.2-qa.2,24,F,UNVERIFIED_PUBLISH_PATH|DORMANT|PUBLISHER_NOT_MAINTAINER,27,3,v0.2.0
'@ideal-postcodes/shopwired,3.0.3,39,D,UNVERIFIED_PUBLISH_PATH,2,3,v0.2.0
'@intelight/geolib,2.0.22,14,F,UNVERIFIED_PUBLISH_PATH|DORMANT|SINGLE_MAINTAINER|PUBLISHER_NOT_MAINTAINER,1,3,v0.2.0
'@jleskovar/vue-native-websocket,2.0.5,19,F,UNVERIFIED_PUBLISH_PATH|DORMANT|SINGLE_MAINTAINER,1,3,v0.2.0
'@kirick/man,2.0.0-beta.7,19,F,UNVERIFIED_PUBLISH_PATH|DORMANT|SINGLE_MAINTAINER,1,3,v0.2.0
'@list-kr/microshield,4.12.10,58,C,DORMANT|SINGLE_MAINTAINER,1,3,v0.2.0
'@mailbiz/onsite-bagy-vendor,0.5.1,35,D,UNVERIFIED_PUBLISH_PATH,3,3,v0.2.0
'@mailbiz/onsite-irroba-vendor,0.7.0,35,D,UNVERIFIED_PUBLISH_PATH,3,3,v0.2.0
'@mailbiz/onsite-vtex-vendor,0.11.6,35,D,UNVERIFIED_PUBLISH_PATH,3,3,v0.2.0
'@mailbiz/onsite-woocommerce-vendor,0.3.2,30,F,UNVERIFIED_PUBLISH_PATH,3,3,v0.2.0
'@mobiloud/ml-promotions-banner,1.0.1,14,F,UNVERIFIED_PUBLISH_PATH|DORMANT|SINGLE_MAINTAINER|PUBLISHER_NOT_MAINTAINER,1,3,v0.2.0
'@mobiloud/ml-review-popup,1.0.0,25,F,UNVERIFIED_PUBLISH_PATH|SINGLE_MAINTAINER,1,3,v0.2.0
'@noonnu/nanum-gothic-coding,0.1.0,14,F,UNVERIFIED_PUBLISH_PATH|DORMANT|SINGLE_MAINTAINER,1,3,v0.2.0
'@noonnu/spoqa-han-sans,0.1.0,14,F,UNVERIFIED_PUBLISH_PATH|DORMANT|SINGLE_MAINTAINER,1,3,v0.2.0
'@pitched/pitched-widget-standard,1.0.26,15,F,UNVERIFIED_PUBLISH_PATH|DORMANT|SINGLE_MAINTAINER,1,3,v0.2.0
'@rtstic.dev/infinite-marquee,1.0.1,16,F,UNVERIFIED_PUBLISH_PATH|SINGLE_MAINTAINER,1,3,v0.2.0
'@scbd/angular-vue,4.0.0,33,F,UNVERIFIED_PUBLISH_PATH|DORMANT,4,3,v0.2.0
'@scbd/ckeditor5-build-inline-full,48.1.1,35,D,UNVERIFIED_PUBLISH_PATH,4,3,v0.2.0
'@scbd/page-header,0.1.0,24,F,UNVERIFIED_PUBLISH_PATH|DORMANT,4,3,v0.2.0
'@sogexia/webflow,0.0.7,14,F,UNVERIFIED_PUBLISH_PATH|DORMANT|SINGLE_MAINTAINER,1,3,v0.2.0
'@ststui/web-components,0.0.13,10,F,UNVERIFIED_PUBLISH_PATH|DORMANT|SINGLE_MAINTAINER|PUBLISHER_NOT_MAINTAINER|DEPRECATED,1,3,v0.2.0
'@tashop/prebid-universal-creative,1.14.0,19,F,UNVERIFIED_PUBLISH_PATH|DORMANT|SINGLE_MAINTAINER,1,3,v0.2.0
'@truex/ctv-ad-renderer,1.10.1,15,F,UNVERIFIED_PUBLISH_PATH|DORMANT|SINGLE_MAINTAINER|DEPRECATED,1,3,v0.2.0
'@vexia/vexia-ads-lib,1.0.15,35,D,UNVERIFIED_PUBLISH_PATH,3,3,v0.2.0
'@youon/videojs-ssa,1.1.1,29,F,UNVERIFIED_PUBLISH_PATH|DORMANT,3,3,v0.2.0
appybee-widget,0.2.12,21,F,UNVERIFIED_PUBLISH_PATH|SINGLE_MAINTAINER,1,3,v0.2.0
bootstrap5-dialog,5.0.1,19,F,UNVERIFIED_PUBLISH_PATH|DORMANT|SINGLE_MAINTAINER,1,3,v0.2.0
choices-esm,10.0.0-1,14,F,UNVERIFIED_PUBLISH_PATH|DORMANT|SINGLE_MAINTAINER,1,3,v0.2.0
cmzydzsff2024927,1.0.2,10,F,UNVERIFIED_PUBLISH_PATH|DORMANT|SINGLE_MAINTAINER,1,3,v0.2.0
cmzydzsfile2024,1.0.4,21,F,UNVERIFIED_PUBLISH_PATH|SINGLE_MAINTAINER,1,3,v0.2.0
depends-on-js,1.5.1,14,F,UNVERIFIED_PUBLISH_PATH|DORMANT|SINGLE_MAINTAINER,1,3,v0.2.0
docsify-breeze,1.2.3,19,F,UNVERIFIED_PUBLISH_PATH|DORMANT|SINGLE_MAINTAINER,1,3,v0.2.0
gridalicious,3.0.4,19,F,UNVERIFIED_PUBLISH_PATH|DORMANT|SINGLE_MAINTAINER,1,3,v0.2.0
honeyjs,1.1.3,14,F,UNVERIFIED_PUBLISH_PATH|DORMANT|SINGLE_MAINTAINER|PUBLISHER_NOT_MAINTAINER|DEPRECATED,1,3,v0.2.0
jquery-passive,3.6.0,15,F,UNVERIFIED_PUBLISH_PATH|DORMANT|SINGLE_MAINTAINER,1,3,v0.2.0
jquery-toasts,1.1.0,19,F,UNVERIFIED_PUBLISH_PATH|DORMANT|SINGLE_MAINTAINER,1,3,v0.2.0
jquery.easypin,1.0.9,14,F,UNVERIFIED_PUBLISH_PATH|DORMANT|SINGLE_MAINTAINER,1,3,v0.2.0
konami-code.js,1.5.1,19,F,UNVERIFIED_PUBLISH_PATH|DORMANT|SINGLE_MAINTAINER|DEPRECATED,1,3,v0.2.0
lap-core-js,1.3.22,15,F,UNVERIFIED_PUBLISH_PATH|DORMANT|SINGLE_MAINTAINER,1,3,v0.2.0
malihu-custom-scrollbar-plugin-with-iframe-fix,3.1.6,19,F,UNVERIFIED_PUBLISH_PATH|DORMANT|SINGLE_MAINTAINER,1,3,v0.2.0
nullstack-tabler-icons,1.0.2,19,F,UNVERIFIED_PUBLISH_PATH|DORMANT|SINGLE_MAINTAINER|DEPRECATED,1,3,v0.2.0
odometer.js,1.0.0,10,F,UNVERIFIED_PUBLISH_PATH|DORMANT|SINGLE_MAINTAINER,1,3,v0.2.0
quojs,3.0.8,15,F,UNVERIFIED_PUBLISH_PATH|DORMANT|SINGLE_MAINTAINER,1,3,v0.2.0
routie-2,1.0.0,19,F,UNVERIFIED_PUBLISH_PATH|DORMANT|SINGLE_MAINTAINER,1,3,v0.2.0
scrollsnap-controls,1.0.7,15,F,UNVERIFIED_PUBLISH_PATH|DORMANT|SINGLE_MAINTAINER,1,3,v0.2.0
sdb-widget,2.0.13,21,F,UNVERIFIED_PUBLISH_PATH|SINGLE_MAINTAINER,1,3,v0.2.0
shox,1.2.0,19,F,UNVERIFIED_PUBLISH_PATH|DORMANT|SINGLE_MAINTAINER,1,3,v0.2.0
source-han-vf,0.1.1,19,F,UNVERIFIED_PUBLISH_PATH|DORMANT|SINGLE_MAINTAINER,1,3,v0.2.0
vanillaselectbox,1.0.5,25,F,UNVERIFIED_PUBLISH_PATH|SINGLE_MAINTAINER,1,3,v0.2.0
videojs-hls-source-selector,1.0.1,15,F,UNVERIFIED_PUBLISH_PATH|DORMANT|SINGLE_MAINTAINER,1,3,v0.2.0
viewport-action,1.0.2,19,F,UNVERIFIED_PUBLISH_PATH|DORMANT|SINGLE_MAINTAINER,1,3,v0.2.0
'@azerion/phaser-cachebuster,2.0.0,28,F,UNVERIFIED_PUBLISH_PATH|DORMANT|PUBLISHER_NOT_MAINTAINER,4,2,v0.2.0
'@azerion/phaser-i18next,1.0.3,28,F,UNVERIFIED_PUBLISH_PATH|DORMANT|PUBLISHER_NOT_MAINTAINER,4,2,v0.2.0
'@feedmepos/mf-kitchen,1.0.4,35,D,UNVERIFIED_PUBLISH_PATH,3,2,v0.2.0
'@fsl-app/erm-app,1.1.3,21,F,UNVERIFIED_PUBLISH_PATH|SINGLE_MAINTAINER,1,2,v0.2.0
'@getlupa/assets,1.0.2,10,F,UNVERIFIED_PUBLISH_PATH|DORMANT|SINGLE_MAINTAINER,1,2,v0.2.0
'@guzzj/clappr-level-selector-plugin,0.2.3,19,F,UNVERIFIED_PUBLISH_PATH|DORMANT|SINGLE_MAINTAINER,1,2,v0.2.0
'@jacksonavila/phone-lib,2.0.12,25,F,UNVERIFIED_PUBLISH_PATH|SINGLE_MAINTAINER,1,2,v0.2.0
'@jimmyswrld/j-calc,2.0.0,15,F,UNVERIFIED_PUBLISH_PATH|DORMANT|SINGLE_MAINTAINER,1,2,v0.2.0
'@kirick/event-emitter,3.0.3,19,F,UNVERIFIED_PUBLISH_PATH|DORMANT|SINGLE_MAINTAINER,1,2,v0.2.0
'@machi-pla/cc-client-js-sendai-city,0.2.1,35,D,UNVERIFIED_PUBLISH_PATH,3,2,v0.2.0
'@mailbiz/lojaeletrica,1.0.2,35,D,UNVERIFIED_PUBLISH_PATH,3,2,v0.2.0
'@mailbiz/onsite-fastcommerce-vendor,0.1.0,30,F,UNVERIFIED_PUBLISH_PATH,3,2,v0.2.0
'@mailbiz/onsite-magazord-vendor,0.6.1,30,F,UNVERIFIED_PUBLISH_PATH,3,2,v0.2.0
'@mailbiz/onsite-nuvemshop-vendor,0.5.4,35,D,UNVERIFIED_PUBLISH_PATH,3,2,v0.2.0
'@mirrorapp/iframe-bridge,1.0.0,21,F,UNVERIFIED_PUBLISH_PATH|SINGLE_MAINTAINER,1,2,v0.2.0
'@noonnu/jeju-myeongjo,0.1.0,14,F,UNVERIFIED_PUBLISH_PATH|DORMANT|SINGLE_MAINTAINER,1,2,v0.2.0
'@noonnu/sebang-gothic_regular,0.0.1,14,F,UNVERIFIED_PUBLISH_PATH|DORMANT|SINGLE_MAINTAINER|DEPRECATED,1,2,v0.2.0
'@pollux-docaposte/icon-library,0.0.7,29,F,UNVERIFIED_PUBLISH_PATH|DORMANT,2,2,v0.2.0
'@saasquatch/vanilla-components,1.4.1,39,D,UNVERIFIED_PUBLISH_PATH,10,2,v0.2.0
'@smart-serve-npm/chatbot,1.0.6,16,F,UNVERIFIED_PUBLISH_PATH|SINGLE_MAINTAINER,1,2,v0.2.0
'@sugarologie/cakeculator,3.0.2,20,F,UNVERIFIED_PUBLISH_PATH|SINGLE_MAINTAINER,1,2,v0.2.0
'@tagadapay/shopify-mapper,1.3.0,39,D,UNVERIFIED_PUBLISH_PATH,4,2,v0.2.0
'@tru_id/tru-sdk-web,0.0.11,28,F,UNVERIFIED_PUBLISH_PATH|DORMANT|PUBLISHER_NOT_MAINTAINER,3,2,v0.2.0
'@uoguelph/uofg-styles,3.0.3,35,D,UNVERIFIED_PUBLISH_PATH,5,2,v0.2.0
'@vap/shiki-worker,0.0.8,15,F,UNVERIFIED_PUBLISH_PATH|DORMANT|SINGLE_MAINTAINER,1,2,v0.2.0
'@wolfmaps/sdk,0.1.7,21,F,UNVERIFIED_PUBLISH_PATH|SINGLE_MAINTAINER,1,2,v0.2.0
'@wrapp/f89e3f1419d40,0.1.6,16,F,UNVERIFIED_PUBLISH_PATH|SINGLE_MAINTAINER,1,2,v0.2.0
'@xena-npmjs-public/xena-designsystem,1.8.119,25,F,UNVERIFIED_PUBLISH_PATH|SINGLE_MAINTAINER,1,2,v0.2.0
bb-track,1.0.13,10,F,UNVERIFIED_PUBLISH_PATH|DORMANT|SINGLE_MAINTAINER,1,2,v0.2.0
cmzydzs2024,1.0.3,21,F,UNVERIFIED_PUBLISH_PATH|SINGLE_MAINTAINER,1,2,v0.2.0
editorjs-youtube-embed-extended,1.0.3,19,F,UNVERIFIED_PUBLISH_PATH|DORMANT|SINGLE_MAINTAINER,1,2,v0.2.0
gtm-basic-methods,1.0.0,10,F,UNVERIFIED_PUBLISH_PATH|DORMANT|SINGLE_MAINTAINER,1,2,v0.2.0
icons_ms728,1.0.0,10,F,UNVERIFIED_PUBLISH_PATH|DORMANT|SINGLE_MAINTAINER,1,2,v0.2.0
ics-browser-gen,0.1.3,19,F,UNVERIFIED_PUBLISH_PATH|DORMANT|SINGLE_MAINTAINER,1,2,v0.2.0
intro.js-mit,3.0.0,33,F,UNVERIFIED_PUBLISH_PATH|DORMANT,2,2,v0.2.0
plhq_js_static,1.0.2,10,F,UNVERIFIED_PUBLISH_PATH|DORMANT|SINGLE_MAINTAINER,1,2,v0.2.0
reach-prebid-universal-creative,1.17.2,21,F,UNVERIFIED_PUBLISH_PATH|SINGLE_MAINTAINER,1,2,v0.2.0
sigy,0.0.11,25,F,UNVERIFIED_PUBLISH_PATH|SINGLE_MAINTAINER,1,2,v0.2.0
swarmcloud-mp4-sw,0.2.2,19,F,UNVERIFIED_PUBLISH_PATH|DORMANT|SINGLE_MAINTAINER,1,2,v0.2.0
thb-calendar,1.0.1,19,F,UNVERIFIED_PUBLISH_PATH|DORMANT|SINGLE_MAINTAINER,1,2,v0.2.0
tiptip,0.2.4,19,F,UNVERIFIED_PUBLISH_PATH|DORMANT|SINGLE_MAINTAINER,1,2,v0.2.0
uiterator,1.0.5,19,F,UNVERIFIED_PUBLISH_PATH|DORMANT|SINGLE_MAINTAINER,1,2,v0.2.0
videojs-record-countdown,4.5.1,19,F,UNVERIFIED_PUBLISH_PATH|DORMANT|SINGLE_MAINTAINER,1,2,v0.2.0
'@appility/scrolltracker,1.0.3,15,F,UNVERIFIED_PUBLISH_PATH|DORMANT|SINGLE_MAINTAINER,1,1,v0.2.0
'@azerion/phaser-nineslice,2.0.1,28,F,UNVERIFIED_PUBLISH_PATH|DORMANT|PUBLISHER_NOT_MAINTAINER,4,1,v0.2.0
'@goodgamestudios/cxf-fullscreen,0.0.4,24,F,UNVERIFIED_PUBLISH_PATH|DORMANT|PUBLISHER_NOT_MAINTAINER,27,1,v0.2.0
'@goodgamestudios/cxf-shop-zipcodes,1.0.1-qa.1,24,F,UNVERIFIED_PUBLISH_PATH|DORMANT|PUBLISHER_NOT_MAINTAINER,27,1,v0.2.0
'@mailbiz/onsite-linxcommerce-vendor,0.10.0,35,D,UNVERIFIED_PUBLISH_PATH,3,1,v0.2.0
'@mailbiz/onsite-tray-vendor,0.6.2,30,F,UNVERIFIED_PUBLISH_PATH,3,1,v0.2.0
'@mailbiz/onsite-wakecommerce-vendor,0.4.2,35,D,UNVERIFIED_PUBLISH_PATH,3,1,v0.2.0
'@noonnu/s-coredream-6bold,0.0.1,14,F,UNVERIFIED_PUBLISH_PATH|DORMANT|SINGLE_MAINTAINER|DEPRECATED,1,1,v0.2.0
'@playpilot/opw,1.1.2,35,D,UNVERIFIED_PUBLISH_PATH,2,1,v0.2.0
'@scbd/sso-vue-plugin-scbd,1.0.5,28,F,UNVERIFIED_PUBLISH_PATH|DORMANT,4,1,v0.2.0
'@snapboard/flipdown,0.2.3,19,F,UNVERIFIED_PUBLISH_PATH|DORMANT|SINGLE_MAINTAINER,1,1,v0.2.0
'@tsirosgeorge/toastnotification,5.3.3,25,F,UNVERIFIED_PUBLISH_PATH|SINGLE_MAINTAINER,1,1,v0.2.0
c-zoolab-w-data,1.0.11,25,F,UNVERIFIED_PUBLISH_PATH|SINGLE_MAINTAINER,1,1,v0.2.0
cmzydzsff2024926,1.0.2,10,F,UNVERIFIED_PUBLISH_PATH|DORMANT|SINGLE_MAINTAINER,1,1,v0.2.0
codalyn-loadout,1.1.4,73,B,SINGLE_MAINTAINER,1,1,v0.2.0
lining.js,0.3.2,10,F,UNVERIFIED_PUBLISH_PATH|DORMANT|SINGLE_MAINTAINER,1,1,v0.2.0
neue-template,1.4.17,25,F,UNVERIFIED_PUBLISH_PATH|SINGLE_MAINTAINER,1,1,v0.2.0
osi4kjb-embed-checkout-form,1.0.0,10,F,UNVERIFIED_PUBLISH_PATH|DORMANT|SINGLE_MAINTAINER,1,1,v0.2.0
peachy-booking-flow,1.11.6,35,D,UNVERIFIED_PUBLISH_PATH,4,1,v0.2.0
webflow-scripts,1.1.0,15,F,UNVERIFIED_PUBLISH_PATH|DORMANT|SINGLE_MAINTAINER,1,1,v0.2.0
wikistxr,0.1.5,25,F,UNVERIFIED_PUBLISH_PATH|SINGLE_MAINTAINER,1,1,v0.2.0
'@accessible360/accessible-slick,1.0.1,28,F,UNVERIFIED_PUBLISH_PATH|DORMANT|PUBLISHER_NOT_MAINTAINER,2,0,v0.2.0
'@finsweet/attributes,2.7.1,82,B,BRANCH_REQUIRES_PR,2,0,v0.2.0
'@fontsource/inter,5.3.0,81,B,,2,0,v0.2.0
'@fontsource/pt-sans,5.3.0,81,B,,2,0,v0.2.0
'@pine-ds/core,3.27.0,74,B,SINGLE_MAINTAINER|BRANCH_REQUIRES_PR,1,0,v0.2.0
'@quickcreator/quick-search,1.0.2,25,F,UNVERIFIED_PUBLISH_PATH|SINGLE_MAINTAINER,1,0,v0.2.0
'@sap-theming/theming-base-content,11.36.4,34,F,UNVERIFIED_PUBLISH_PATH|BRANCH_REQUIRES_PR,4,0,v0.2.0
'@scandit/web-datacapture-core,8.5.1,35,D,UNVERIFIED_PUBLISH_PATH,5,0,v0.2.0
'@shoelace-style/shoelace,2.20.1,39,D,UNVERIFIED_PUBLISH_PATH,2,0,v0.2.0
'@snovasys/usage-analytics-sdk,1.2.0,21,F,UNVERIFIED_PUBLISH_PATH|SINGLE_MAINTAINER,1,0,v0.2.0
'@splidejs/splide,4.1.4,19,F,UNVERIFIED_PUBLISH_PATH|DORMANT|SINGLE_MAINTAINER,1,0,v0.2.0
'@statsig/js-client,3.33.3,77,B,INCONSISTENT_PUBLISH_PATH,2,0,v0.2.0
a11y-slider,0.4.22,19,F,UNVERIFIED_PUBLISH_PATH|DORMANT|SINGLE_MAINTAINER,1,0,v0.2.0
admin-iframe-compatibility,1.0.116,34,F,UNVERIFIED_PUBLISH_PATH,59,0,v0.2.0
aframe-extras,7.7.0,39,D,UNVERIFIED_PUBLISH_PATH,5,0,v0.2.0
aframe-look-at-component,1.0.0,28,F,UNVERIFIED_PUBLISH_PATH|DORMANT,2,0,v0.2.0
aframe-troika-text,0.14.0,21,F,UNVERIFIED_PUBLISH_PATH|SINGLE_MAINTAINER,1,0,v0.2.0
alertify.js,1.0.12,19,F,UNVERIFIED_PUBLISH_PATH|DORMANT|SINGLE_MAINTAINER,1,0,v0.2.0
alloy-ui,3.1.0-deprecated.83,28,F,UNVERIFIED_PUBLISH_PATH|DORMANT,13,0,v0.2.0
amis,6.13.0,39,D,UNVERIFIED_PUBLISH_PATH,7,0,v0.2.0
angular-bootstrap-slider,None,5,F,UNVERIFIED_PUBLISH_PATH,0,0,v0.2.0
angular-joyride,1.0.10,33,F,UNVERIFIED_PUBLISH_PATH|DORMANT,2,0,v0.2.0
angular-lock,3.1.0,78,B,,21,0,v0.2.0
angular-materialize,0.2.2,19,F,UNVERIFIED_PUBLISH_PATH|DORMANT|SINGLE_MAINTAINER,1,0,v0.2.0
angular-spinner,1.0.1,19,F,UNVERIFIED_PUBLISH_PATH|DORMANT|SINGLE_MAINTAINER,1,0,v0.2.0
apollo-client,2.6.10,35,D,UNVERIFIED_PUBLISH_PATH|DORMANT,8,0,v0.2.0
arakawa,0.4.2,73,B,SINGLE_MAINTAINER,1,0,v0.2.0
artemis-code,0.2.80,21,F,UNVERIFIED_PUBLISH_PATH|SINGLE_MAINTAINER,1,0,v0.2.0
artplayer-plugin-dash-quality,2.0.0,19,F,UNVERIFIED_PUBLISH_PATH|DORMANT|SINGLE_MAINTAINER|DEPRECATED,1,0,v0.2.0
assertion-error,2.0.1,19,F,UNVERIFIED_PUBLISH_PATH|DORMANT|SINGLE_MAINTAINER,1,0,v0.2.0
authenticate-distribut,1.0.0,16,F,UNVERIFIED_PUBLISH_PATH|SINGLE_MAINTAINER,1,0,v0.2.0
barba.js,1.0.0,19,F,UNVERIFIED_PUBLISH_PATH|DORMANT|SINGLE_MAINTAINER,1,0,v0.2.0
baseline-browser-mapping,2.11.1,63,C,INCONSISTENT_PUBLISH_PATH|SINGLE_MAINTAINER,1,0,v0.2.0
baseui,18.2.0,74,B,SINGLE_MAINTAINER,1,0,v0.2.0
blogger-utils,1.4.5,15,F,UNVERIFIED_PUBLISH_PATH|DORMANT|SINGLE_MAINTAINER,1,0,v0.2.0
bootstrap-3-grid,1.0.0,19,F,UNVERIFIED_PUBLISH_PATH|DORMANT|SINGLE_MAINTAINER,1,0,v0.2.0
bootstrap-5-vertical-tabs,2.0.1,19,F,UNVERIFIED_PUBLISH_PATH|DORMANT|SINGLE_MAINTAINER,1,0,v0.2.0
bootstrap-duallistbox,3.0.9,14,F,UNVERIFIED_PUBLISH_PATH|DORMANT|SINGLE_MAINTAINER|PUBLISHER_NOT_MAINTAINER,1,0,v0.2.0
bootstrap-sheet,0.3.0,31,F,UNVERIFIED_PUBLISH_PATH|SINGLE_MAINTAINER,1,0,v0.2.0
bootstrap4-tagsinput,4.1.3,14,F,UNVERIFIED_PUBLISH_PATH|DORMANT|SINGLE_MAINTAINER,1,0,v0.2.0
bootstrap4c-custom-switch,1.1.2,19,F,UNVERIFIED_PUBLISH_PATH|DORMANT|SINGLE_MAINTAINER,1,0,v0.2.0
breakpoints-js,1.0.6,19,F,UNVERIFIED_PUBLISH_PATH|DORMANT|SINGLE_MAINTAINER,1,0,v0.2.0
broadcast-channel,7.3.0,25,F,UNVERIFIED_PUBLISH_PATH|SINGLE_MAINTAINER,1,0,v0.2.0
browser-query-utils,2.0.1,25,F,UNVERIFIED_PUBLISH_PATH|SINGLE_MAINTAINER,1,0,v0.2.0
browserify-cipher,1.0.1,19,F,UNVERIFIED_PUBLISH_PATH|DORMANT|SINGLE_MAINTAINER,1,0,v0.2.0
buffer-xor,2.0.2,33,F,UNVERIFIED_PUBLISH_PATH|DORMANT,2,0,v0.2.0
butterchurn,2.6.7,19,F,UNVERIFIED_PUBLISH_PATH|DORMANT|SINGLE_MAINTAINER,1,0,v0.2.0
butterchurn-presets,2.4.7,15,F,UNVERIFIED_PUBLISH_PATH|DORMANT|SINGLE_MAINTAINER,1,0,v0.2.0
byterover-cli,3.16.1,41,D,UNVERIFIED_PUBLISH_PATH|PUBLISHER_NOT_MAINTAINER,3,0,v0.2.0
calendar-link,2.11.4,73,B,SINGLE_MAINTAINER,1,0,v0.2.0
canvas-5-polyfill,0.1.5,15,F,UNVERIFIED_PUBLISH_PATH|DORMANT|SINGLE_MAINTAINER,1,0,v0.2.0
cassproject,5.0.16,25,F,UNVERIFIED_PUBLISH_PATH|SINGLE_MAINTAINER,1,0,v0.2.0
ccapture.js,1.1.0,19,F,UNVERIFIED_PUBLISH_PATH|DORMANT|SINGLE_MAINTAINER,1,0,v0.2.0
centricminds-ui,2.8.4,21,F,UNVERIFIED_PUBLISH_PATH|SINGLE_MAINTAINER,1,0,v0.2.0
chalk,5.6.2,25,F,UNVERIFIED_PUBLISH_PATH|SINGLE_MAINTAINER,1,0,v0.2.0
cil-dropin-components,1.1.10,21,F,UNVERIFIED_PUBLISH_PATH|SINGLE_MAINTAINER,1,0,v0.2.0
cli-host-components,1.0.6,21,F,UNVERIFIED_PUBLISH_PATH|SINGLE_MAINTAINER,1,0,v0.2.0
cloud-icons,0.3.0,14,F,UNVERIFIED_PUBLISH_PATH|DORMANT|SINGLE_MAINTAINER,1,0,v0.2.0
cn-fontsource-lxgw-wen-kai-gb-screen-r,1.0.6,19,F,UNVERIFIED_PUBLISH_PATH|DORMANT|SINGLE_MAINTAINER,1,0,v0.2.0
core-util-is,1.0.3,19,F,UNVERIFIED_PUBLISH_PATH|DORMANT|SINGLE_MAINTAINER,1,0,v0.2.0
cornerstone-math,0.1.10,33,F,UNVERIFIED_PUBLISH_PATH|DORMANT,10,0,v0.2.0
create-ecdh,4.0.4,33,F,UNVERIFIED_PUBLISH_PATH|DORMANT,5,0,v0.2.0
culori,4.0.2,39,D,UNVERIFIED_PUBLISH_PATH,2,0,v0.2.0
d3-tile,1.0.0,33,F,UNVERIFIED_PUBLISH_PATH|DORMANT,2,0,v0.2.0
datatables.net-fixedcolumns-bs4,6.0.0,25,F,UNVERIFIED_PUBLISH_PATH|SINGLE_MAINTAINER,1,0,v0.2.0
deat-mui-icons,3.0.2,14,F,UNVERIFIED_PUBLISH_PATH|DORMANT|SINGLE_MAINTAINER,1,0,v0.2.0
dedent,1.7.2,39,D,UNVERIFIED_PUBLISH_PATH,2,0,v0.2.0
dequanto,0.2.37,73,B,SINGLE_MAINTAINER,1,0,v0.2.0
details-element-polyfill,2.4.0,19,F,UNVERIFIED_PUBLISH_PATH|DORMANT|SINGLE_MAINTAINER,1,0,v0.2.0
dirham,1.5.3,25,F,UNVERIFIED_PUBLISH_PATH|SINGLE_MAINTAINER,1,0,v0.2.0
docsify-ko-fi,1.0.0,19,F,UNVERIFIED_PUBLISH_PATH|DORMANT|SINGLE_MAINTAINER,1,0,v0.2.0
docsify-plugin-carbon,1.0.7,19,F,UNVERIFIED_PUBLISH_PATH|DORMANT|SINGLE_MAINTAINER,1,0,v0.2.0
editorjs-style,3.0.3,14,F,UNVERIFIED_PUBLISH_PATH|DORMANT|SINGLE_MAINTAINER,1,0,v0.2.0
emoji-picker-react,4.19.1,31,F,UNVERIFIED_PUBLISH_PATH|SINGLE_MAINTAINER,1,0,v0.2.0
eslint-plugin-react,7.37.5,45,D,UNVERIFIED_PUBLISH_PATH,2,0,v0.2.0
eventsource-parser,3.1.0,73,B,SINGLE_MAINTAINER,1,0,v0.2.0
evp_bytestokey,1.0.3,33,F,UNVERIFIED_PUBLISH_PATH|DORMANT,3,0,v0.2.0
famfamfam-silk,1.0.0,19,F,UNVERIFIED_PUBLISH_PATH|DORMANT|SINGLE_MAINTAINER,1,0,v0.2.0
fbmessenger,5.0.3,19,F,UNVERIFIED_PUBLISH_PATH|DORMANT|SINGLE_MAINTAINER,1,0,v0.2.0
fontawesome-free-6.2.1,None,5,F,UNVERIFIED_PUBLISH_PATH,0,0,v0.2.0
footable,2.0.6,19,F,UNVERIFIED_PUBLISH_PATH|DORMANT|SINGLE_MAINTAINER,1,0,v0.2.0
function.name-polyfill,1.0.6,19,F,UNVERIFIED_PUBLISH_PATH|DORMANT|SINGLE_MAINTAINER,1,0,v0.2.0
fxpmzkxstt,None,5,F,UNVERIFIED_PUBLISH_PATH,0,0,v0.2.0
gestalt,177.0.12,41,D,UNVERIFIED_PUBLISH_PATH,4,0,v0.2.0
gl-vec3,1.2.0,39,D,UNVERIFIED_PUBLISH_PATH,11,0,v0.2.0
graphhopper-js-api-client,7.6.5,39,D,UNVERIFIED_PUBLISH_PATH|DEPRECATED,2,0,v0.2.0
heroiconsvelte,1.0.2,10,F,UNVERIFIED_PUBLISH_PATH|DORMANT|SINGLE_MAINTAINER,1,0,v0.2.0
hexo-shiki-plugin,1.0.33,73,B,SINGLE_MAINTAINER,1,0,v0.2.0
highlightjs-cshtml-razor,2.2.0,25,F,UNVERIFIED_PUBLISH_PATH|SINGLE_MAINTAINER,1,0,v0.2.0
hmac-drbg,1.0.1,19,F,UNVERIFIED_PUBLISH_PATH|DORMANT|SINGLE_MAINTAINER,1,0,v0.2.0
hopscotch,0.3.1,33,F,UNVERIFIED_PUBLISH_PATH|DORMANT,2,0,v0.2.0
igniteui-react-core,19.6.0,16,F,UNVERIFIED_PUBLISH_PATH|SINGLE_MAINTAINER,1,0,v0.2.0
image-blob-reduce,5.0.1,25,F,UNVERIFIED_PUBLISH_PATH|SINGLE_MAINTAINER,1,0,v0.2.0
is-function,1.0.2,19,F,UNVERIFIED_PUBLISH_PATH|DORMANT|SINGLE_MAINTAINER,1,0,v0.2.0
is_js,0.9.0,28,F,UNVERIFIED_PUBLISH_PATH|DORMANT,2,0,v0.2.0
isomorphic-ws,5.0.0,19,F,UNVERIFIED_PUBLISH_PATH|DORMANT|SINGLE_MAINTAINER,1,0,v0.2.0
isotope-horizontal,2.0.1,19,F,UNVERIFIED_PUBLISH_PATH|DORMANT|SINGLE_MAINTAINER,1,0,v0.2.0
ityped,1.0.3,15,F,UNVERIFIED_PUBLISH_PATH|DORMANT|SINGLE_MAINTAINER,1,0,v0.2.0
jest-mock,30.4.1,45,D,UNVERIFIED_PUBLISH_PATH,5,0,v0.2.0
jolty,0.6.2,19,F,UNVERIFIED_PUBLISH_PATH|DORMANT|SINGLE_MAINTAINER,1,0,v0.2.0
jquery-backstretch,2.1.18,33,F,UNVERIFIED_PUBLISH_PATH|DORMANT,2,0,v0.2.0
jquery-file-upload,4.0.11,19,F,UNVERIFIED_PUBLISH_PATH|DORMANT|SINGLE_MAINTAINER,1,0,v0.2.0
jquery-keyboard-focus,0.0.4,15,F,UNVERIFIED_PUBLISH_PATH|DORMANT|SINGLE_MAINTAINER,1,0,v0.2.0
jquery-minicolors,2.1.10,19,F,UNVERIFIED_PUBLISH_PATH|DORMANT|SINGLE_MAINTAINER,1,0,v0.2.0
jquery-particles,None,5,F,UNVERIFIED_PUBLISH_PATH,0,0,v0.2.0
jquery-storage-api,1.9.4,19,F,UNVERIFIED_PUBLISH_PATH|DORMANT|SINGLE_MAINTAINER|DEPRECATED,1,0,v0.2.0
jquery-tagcanvas,2.9.0,19,F,UNVERIFIED_PUBLISH_PATH|DORMANT|SINGLE_MAINTAINER,1,0,v0.2.0
jquery-timepicker,1.3.3,19,F,UNVERIFIED_PUBLISH_PATH|DORMANT|SINGLE_MAINTAINER,1,0,v0.2.0
jquery-ui.accordion.multiple,1.0.1,19,F,UNVERIFIED_PUBLISH_PATH|DORMANT|SINGLE_MAINTAINER,1,0,v0.2.0
jquery.filer,1.3.0,19,F,UNVERIFIED_PUBLISH_PATH|DORMANT|SINGLE_MAINTAINER,1,0,v0.2.0
jquery.min.js,3.5.1,10,F,UNVERIFIED_PUBLISH_PATH|DORMANT|SINGLE_MAINTAINER,1,0,v0.2.0
js-url,2.3.0,19,F,UNVERIFIED_PUBLISH_PATH|DORMANT|SINGLE_MAINTAINER,1,0,v0.2.0
jsonld,9.0.0,39,D,UNVERIFIED_PUBLISH_PATH,5,0,v0.2.0
jupyter-leaflet,0.20.0,39,D,UNVERIFIED_PUBLISH_PATH,6,0,v0.2.0
kalapa-consent-web-sdk,1.1.1,21,F,UNVERIFIED_PUBLISH_PATH|SINGLE_MAINTAINER,1,0,v0.2.0
keyshapejs,1.3.0,19,F,UNVERIFIED_PUBLISH_PATH|DORMANT|SINGLE_MAINTAINER,1,0,v0.2.0
knex,3.3.0,72,B,INCONSISTENT_PUBLISH_PATH,5,0,v0.2.0
kokoro-js,1.2.1,25,F,UNVERIFIED_PUBLISH_PATH|SINGLE_MAINTAINER,1,0,v0.2.0
leaflet-bing-layer,3.3.1,33,F,UNVERIFIED_PUBLISH_PATH|DORMANT,3,0,v0.2.0
leaflet-pulse-icon,0.1.0,19,F,UNVERIFIED_PUBLISH_PATH|DORMANT|SINGLE_MAINTAINER,1,0,v0.2.0
leaflet-ui,0.6.0,19,F,UNVERIFIED_PUBLISH_PATH|DORMANT|SINGLE_MAINTAINER,1,0,v0.2.0
leaflet.icon.glyph,0.3.0,14,F,UNVERIFIED_PUBLISH_PATH|DORMANT|SINGLE_MAINTAINER,1,0,v0.2.0
leaflet.markercluster.freezable,1.0.0,19,F,UNVERIFIED_PUBLISH_PATH|DORMANT|SINGLE_MAINTAINER,1,0,v0.2.0
leaflet.snogylop,0.4.0,19,F,UNVERIFIED_PUBLISH_PATH|DORMANT|SINGLE_MAINTAINER,1,0,v0.2.0
luna-console,1.3.6,25,F,UNVERIFIED_PUBLISH_PATH|SINGLE_MAINTAINER,1,0,v0.2.0
luna-data-grid,2.0.2,25,F,UNVERIFIED_PUBLISH_PATH|SINGLE_MAINTAINER,1,0,v0.2.0
luna-dom-viewer,1.8.4,63,C,SINGLE_MAINTAINER,1,0,v0.2.0
luna-object-viewer,0.3.2,25,F,UNVERIFIED_PUBLISH_PATH|SINGLE_MAINTAINER,1,0,v0.2.0
marchingsquares,1.3.3,19,F,UNVERIFIED_PUBLISH_PATH|DORMANT|SINGLE_MAINTAINER,1,0,v0.2.0
mathjax-tex-font,4.0.0-beta.7,19,F,UNVERIFIED_PUBLISH_PATH|DORMANT|SINGLE_MAINTAINER,1,0,v0.2.0
mburger-css,2.0.0,19,F,UNVERIFIED_PUBLISH_PATH|DORMANT|SINGLE_MAINTAINER|DEPRECATED,1,0,v0.2.0
md5.js,1.3.5,33,F,UNVERIFIED_PUBLISH_PATH|DORMANT,5,0,v0.2.0
miller-rabin,4.0.1,33,F,UNVERIFIED_PUBLISH_PATH|DORMANT,2,0,v0.2.0
mimosa,2.3.32,19,F,UNVERIFIED_PUBLISH_PATH|DORMANT|SINGLE_MAINTAINER,1,0,v0.2.0
min-1px,1.0.0,19,F,UNVERIFIED_PUBLISH_PATH|DORMANT|SINGLE_MAINTAINER,1,0,v0.2.0
minimalistic-crypto-utils,1.0.1,19,F,UNVERIFIED_PUBLISH_PATH|DORMANT|SINGLE_MAINTAINER,1,0,v0.2.0
minizinc,4.5.0,82,B,,3,0,v0.2.0
mksiema,1.0.3,20,F,UNVERIFIED_PUBLISH_PATH|SINGLE_MAINTAINER,1,0,v0.2.0
ml-spectra-processing,14.30.0,39,D,UNVERIFIED_PUBLISH_PATH,6,0,v0.2.0
mlwgycqisx,None,5,F,UNVERIFIED_PUBLISH_PATH,0,0,v0.2.0
mmpay-browser-sdk,1.2.6,25,F,UNVERIFIED_PUBLISH_PATH|SINGLE_MAINTAINER,1,0,v0.2.0
moveto,1.8.2,19,F,UNVERIFIED_PUBLISH_PATH|DORMANT|SINGLE_MAINTAINER,1,0,v0.2.0
mtr-pixel,2.0.0,25,F,UNVERIFIED_PUBLISH_PATH|SINGLE_MAINTAINER,1,0,v0.2.0
next-csrf,0.2.1,19,F,UNVERIFIED_PUBLISH_PATH|DORMANT|SINGLE_MAINTAINER,1,0,v0.2.0
node-tikzjax,1.0.5,21,F,UNVERIFIED_PUBLISH_PATH|SINGLE_MAINTAINER,1,0,v0.2.0
noto-serif-sc,31.0.0,19,F,UNVERIFIED_PUBLISH_PATH|DORMANT|SINGLE_MAINTAINER,1,0,v0.2.0
nprogress-esm,0.2.6,19,F,UNVERIFIED_PUBLISH_PATH|DORMANT|SINGLE_MAINTAINER,1,0,v0.2.0
ns-web-admin-lib,2.2.0,16,F,UNVERIFIED_PUBLISH_PATH|SINGLE_MAINTAINER,1,0,v0.2.0
object-fit-videos,1.0.4,19,F,UNVERIFIED_PUBLISH_PATH|DORMANT|SINGLE_MAINTAINER,1,0,v0.2.0
obug,2.1.4,68,C,SINGLE_MAINTAINER,1,0,v0.2.0
octicons,8.5.0,35,D,UNVERIFIED_PUBLISH_PATH|DORMANT|DEPRECATED,21,0,v0.2.0
offcanvas-bootstrap,2.5.2,19,F,UNVERIFIED_PUBLISH_PATH|DORMANT|SINGLE_MAINTAINER,1,0,v0.2.0
one,1.21.12,20,F,UNVERIFIED_PUBLISH_PATH|SINGLE_MAINTAINER,1,0,v0.2.0
path,0.12.7,33,F,UNVERIFIED_PUBLISH_PATH|DORMANT,3,0,v0.2.0
path2d-polyfill,3.2.2,20,F,UNVERIFIED_PUBLISH_PATH|SINGLE_MAINTAINER,1,0,v0.2.0
pit-element-plus,2.0.226,32,F,UNVERIFIED_PUBLISH_PATH|SINGLE_MAINTAINER,1,0,v0.2.0
pkm-sv-maps,1.8.1,15,F,UNVERIFIED_PUBLISH_PATH|DORMANT|SINGLE_MAINTAINER,1,0,v0.2.0
polyfill,0.1.0,28,F,UNVERIFIED_PUBLISH_PATH|DORMANT,2,0,v0.2.0
poppins-font,1.0.1,19,F,UNVERIFIED_PUBLISH_PATH|DORMANT|SINGLE_MAINTAINER|DEPRECATED,1,0,v0.2.0
popup-framework-core-v2,1.0.3,21,F,UNVERIFIED_PUBLISH_PATH|SINGLE_MAINTAINER,1,0,v0.2.0
process-nextick-args,2.0.1,19,F,UNVERIFIED_PUBLISH_PATH|DORMANT|SINGLE_MAINTAINER,1,0,v0.2.0
promise,8.3.0,33,F,UNVERIFIED_PUBLISH_PATH|DORMANT,2,0,v0.2.0
pubnub,12.0.2,46,D,UNVERIFIED_PUBLISH_PATH,5,0,v0.2.0
pyodide,314.0.3,34,F,UNVERIFIED_PUBLISH_PATH|PUBLISHER_NOT_MAINTAINER,3,0,v0.2.0
q,1.5.1,33,F,UNVERIFIED_PUBLISH_PATH|DORMANT|DEPRECATED,2,0,v0.2.0
querystringify,2.2.0,33,F,UNVERIFIED_PUBLISH_PATH|DORMANT,4,0,v0.2.0
quizdown,0.6.0,19,F,UNVERIFIED_PUBLISH_PATH|DORMANT|SINGLE_MAINTAINER,1,0,v0.2.0
rad_share,1.4.1,15,F,UNVERIFIED_PUBLISH_PATH|DORMANT|SINGLE_MAINTAINER,1,0,v0.2.0
randomfill,1.0.4,33,F,UNVERIFIED_PUBLISH_PATH|DORMANT,3,0,v0.2.0
rc-editor-mention,1.1.13,33,F,UNVERIFIED_PUBLISH_PATH|DORMANT,3,0,v0.2.0
react-chartjs-2,5.3.1,34,F,UNVERIFIED_PUBLISH_PATH,4,0,v0.2.0
react-date-range,2.0.1,35,D,UNVERIFIED_PUBLISH_PATH|DORMANT,4,0,v0.2.0
react-grid-layout,2.2.3,25,F,UNVERIFIED_PUBLISH_PATH|SINGLE_MAINTAINER,1,0,v0.2.0
react-list,0.8.19,25,F,UNVERIFIED_PUBLISH_PATH|SINGLE_MAINTAINER,1,0,v0.2.0
react-native-vector-icons,10.3.0,25,F,UNVERIFIED_PUBLISH_PATH|SINGLE_MAINTAINER|DEPRECATED,1,0,v0.2.0
react-responsive-datepicker,1.0.7,19,F,UNVERIFIED_PUBLISH_PATH|DORMANT|SINGLE_MAINTAINER,1,0,v0.2.0
react-select,5.10.2,39,D,UNVERIFIED_PUBLISH_PATH,5,0,v0.2.0
react-tippy,1.4.0,19,F,UNVERIFIED_PUBLISH_PATH|DORMANT|SINGLE_MAINTAINER,1,0,v0.2.0
react-tooltip,6.0.8,39,D,UNVERIFIED_PUBLISH_PATH,6,0,v0.2.0
reakit,1.3.11,19,F,UNVERIFIED_PUBLISH_PATH|DORMANT|SINGLE_MAINTAINER,1,0,v0.2.0
regl,2.1.1,33,F,UNVERIFIED_PUBLISH_PATH|DORMANT,5,0,v0.2.0
reicon-react,1.1.302,32,F,UNVERIFIED_PUBLISH_PATH|SINGLE_MAINTAINER,1,0,v0.2.0
rffchggias,None,5,F,UNVERIFIED_PUBLISH_PATH,0,0,v0.2.0
rgb-light-card,1.14.0,25,F,UNVERIFIED_PUBLISH_PATH|SINGLE_MAINTAINER,1,0,v0.2.0
sakura-js,1.1.1,15,F,UNVERIFIED_PUBLISH_PATH|DORMANT|SINGLE_MAINTAINER,1,0,v0.2.0
sale-client,3.1.177-zk,21,F,UNVERIFIED_PUBLISH_PATH|SINGLE_MAINTAINER,1,0,v0.2.0
scriptxprint-html,1.16.4,25,F,UNVERIFIED_PUBLISH_PATH|SINGLE_MAINTAINER,1,0,v0.2.0
slide-anim,1.6.0,25,F,UNVERIFIED_PUBLISH_PATH|SINGLE_MAINTAINER,1,0,v0.2.0
smartcrop,2.0.5,19,F,UNVERIFIED_PUBLISH_PATH|DORMANT|SINGLE_MAINTAINER,1,0,v0.2.0
sneakoscope,7.1.1,25,F,UNVERIFIED_PUBLISH_PATH|SINGLE_MAINTAINER,1,0,v0.2.0
solid-phosphor,1.0.16,15,F,UNVERIFIED_PUBLISH_PATH|DORMANT|SINGLE_MAINTAINER,1,0,v0.2.0
splittext,2.0.0,14,F,UNVERIFIED_PUBLISH_PATH|DORMANT|SINGLE_MAINTAINER,1,0,v0.2.0
squire-rte,2.4.8,20,F,UNVERIFIED_PUBLISH_PATH|SINGLE_MAINTAINER,1,0,v0.2.0
stimulus-autocomplete,3.1.0,33,F,UNVERIFIED_PUBLISH_PATH|DORMANT,2,0,v0.2.0
stimulus-flatpickr,1.4.0,14,F,UNVERIFIED_PUBLISH_PATH|DORMANT|SINGLE_MAINTAINER,1,0,v0.2.0
storagejs,1.0.7,15,F,UNVERIFIED_PUBLISH_PATH|DORMANT|SINGLE_MAINTAINER,1,0,v0.2.0
stylelint,17.14.1,94,A,,4,0,v0.2.0
surveyjs-widgets,1.12.64,34,F,UNVERIFIED_PUBLISH_PATH,4,0,v0.2.0
swr,2.4.2,94,A,,3,0,v0.2.0
sync-message,0.0.12,19,F,UNVERIFIED_PUBLISH_PATH|DORMANT|SINGLE_MAINTAINER,1,0,v0.2.0
table-dragger,2.0.5,19,F,UNVERIFIED_PUBLISH_PATH|DORMANT|SINGLE_MAINTAINER,1,0,v0.2.0
theaterjs,3.2.0,14,F,UNVERIFIED_PUBLISH_PATH|DORMANT|SINGLE_MAINTAINER|PUBLISHER_NOT_MAINTAINER,1,0,v0.2.0
timestamp-witch-js,1.0.0,25,F,UNVERIFIED_PUBLISH_PATH|SINGLE_MAINTAINER,1,0,v0.2.0
timezz,9.0.2,19,F,UNVERIFIED_PUBLISH_PATH|DORMANT|SINGLE_MAINTAINER,1,0,v0.2.0
translate-js,1.3.0,19,F,UNVERIFIED_PUBLISH_PATH|DORMANT|SINGLE_MAINTAINER,1,0,v0.2.0
ts-ebml,3.0.2,25,F,UNVERIFIED_PUBLISH_PATH|SINGLE_MAINTAINER,1,0,v0.2.0
tsparticles-basic,2.12.0,25,F,UNVERIFIED_PUBLISH_PATH|DORMANT|SINGLE_MAINTAINER|DEPRECATED,1,0,v0.2.0
tsparticles-preset-snow,None,5,F,UNVERIFIED_PUBLISH_PATH,0,0,v0.2.0
tsparticles-updater-life,2.12.0,39,D,UNVERIFIED_PUBLISH_PATH|DORMANT|DEPRECATED,2,0,v0.2.0
tt-chat-n8n,0.7.4,25,F,UNVERIFIED_PUBLISH_PATH|SINGLE_MAINTAINER,1,0,v0.2.0
undraw-svg,2.0.0,21,F,UNVERIFIED_PUBLISH_PATH|SINGLE_MAINTAINER,1,0,v0.2.0
uniqode-card-templates,1.0.5,25,F,UNVERIFIED_PUBLISH_PATH|SINGLE_MAINTAINER,1,0,v0.2.0
url-search-params,1.1.0,19,F,UNVERIFIED_PUBLISH_PATH|DORMANT|SINGLE_MAINTAINER|DEPRECATED,1,0,v0.2.0
v-money-customized,0.0.1,10,F,UNVERIFIED_PUBLISH_PATH|DORMANT|SINGLE_MAINTAINER,1,0,v0.2.0
values.js,2.1.1,19,F,UNVERIFIED_PUBLISH_PATH|DORMANT|SINGLE_MAINTAINER,1,0,v0.2.0
vanilla-js-wheel-zoom,9.0.4,19,F,UNVERIFIED_PUBLISH_PATH|DORMANT|SINGLE_MAINTAINER,1,0,v0.2.0
vega-tooltip,1.1.0,39,D,UNVERIFIED_PUBLISH_PATH,6,0,v0.2.0
velocity-ui-pack,1.2.2,14,F,UNVERIFIED_PUBLISH_PATH|DORMANT|SINGLE_MAINTAINER,1,0,v0.2.0
vgr-komponentkartan,16.0.1,35,D,UNVERIFIED_PUBLISH_PATH,8,0,v0.2.0
vide,0.5.1,19,F,UNVERIFIED_PUBLISH_PATH|DORMANT|SINGLE_MAINTAINER,1,0,v0.2.0
videojs-offset,2.1.3,15,F,UNVERIFIED_PUBLISH_PATH|DORMANT|SINGLE_MAINTAINER,1,0,v0.2.0
vue-konva,3.4.0,39,D,UNVERIFIED_PUBLISH_PATH,2,0,v0.2.0
vue-toastr,2.1.2,19,F,UNVERIFIED_PUBLISH_PATH|DORMANT|SINGLE_MAINTAINER,1,0,v0.2.0
vue2-touch-events,3.2.3,19,F,UNVERIFIED_PUBLISH_PATH|DORMANT|SINGLE_MAINTAINER,1,0,v0.2.0
wasm-imagemagick,1.2.8,19,F,UNVERIFIED_PUBLISH_PATH|DORMANT|SINGLE_MAINTAINER,1,0,v0.2.0
webmetric,None,5,F,UNVERIFIED_PUBLISH_PATH,0,0,v0.2.0
world-countries,5.1.0,25,F,UNVERIFIED_PUBLISH_PATH|SINGLE_MAINTAINER,1,0,v0.2.0
x-editable-bs4,1.5.6,19,F,UNVERIFIED_PUBLISH_PATH|DORMANT|SINGLE_MAINTAINER,1,0,v0.2.0
xeicon,None,5,F,UNVERIFIED_PUBLISH_PATH,0,0,v0.2.0
xml-formatter,3.7.0,25,F,UNVERIFIED_PUBLISH_PATH|SINGLE_MAINTAINER,1,0,v0.2.0
yargs,18.0.0,39,D,UNVERIFIED_PUBLISH_PATH,3,0,v0.2.0
