name,version,score,grade,flags,maintainer_count,weekly_downloads,methodology_version
semver,7.8.5,100,A,,3,747931510,v0.2.0
debug,4.4.3,39,D,UNVERIFIED_PUBLISH_PATH,2,610867814,v0.2.0
minimatch,10.2.5,25,F,UNVERIFIED_PUBLISH_PATH|SINGLE_MAINTAINER,1,510621988,v0.2.0
lru-cache,11.5.2,25,F,UNVERIFIED_PUBLISH_PATH|SINGLE_MAINTAINER,1,475576750,v0.2.0
ms,2.1.3,28,F,UNVERIFIED_PUBLISH_PATH|DORMANT|PUBLISHER_NOT_MAINTAINER,6,467620198,v0.2.0
emoji-regex,10.6.0,77,B,,2,411834375,v0.2.0
type-fest,5.8.0,25,F,UNVERIFIED_PUBLISH_PATH|SINGLE_MAINTAINER,1,322284900,v0.2.0
tslib,2.8.1,39,D,UNVERIFIED_PUBLISH_PATH|DORMANT|BRANCH_REQUIRES_PR,7,307259461,v0.2.0
'@types/node,26.1.1,33,F,UNVERIFIED_PUBLISH_PATH|SINGLE_MAINTAINER,1,288098548,v0.2.0
ajv,8.20.0,46,D,UNVERIFIED_PUBLISH_PATH,2,256980674,v0.2.0
source-map,0.7.6,45,D,UNVERIFIED_PUBLISH_PATH,25,254667589,v0.2.0
react-is,19.2.7,83,B,INCONSISTENT_PUBLISH_PATH|BRANCH_REQUIRES_PR,2,253380106,v0.2.0
uuid,14.0.1,77,B,INCONSISTENT_PUBLISH_PATH,2,246824942,v0.2.0
js-yaml,5.2.1,25,F,UNVERIFIED_PUBLISH_PATH|SINGLE_MAINTAINER,1,246678195,v0.2.0
escape-string-regexp,5.0.0,19,F,UNVERIFIED_PUBLISH_PATH|DORMANT|SINGLE_MAINTAINER,1,246316909,v0.2.0
readable-stream,4.7.0,33,F,UNVERIFIED_PUBLISH_PATH|DORMANT,3,243358960,v0.2.0
entities,8.0.0,69,C,INCONSISTENT_PUBLISH_PATH|SINGLE_MAINTAINER,1,235845314,v0.2.0
esbuild,0.28.1,73,B,SINGLE_MAINTAINER,1,232840489,v0.2.0
json-schema-traverse,1.0.0,19,F,UNVERIFIED_PUBLISH_PATH|DORMANT|SINGLE_MAINTAINER,1,218738622,v0.2.0
isarray,2.0.5,25,F,UNVERIFIED_PUBLISH_PATH|DORMANT|SINGLE_MAINTAINER,1,218254177,v0.2.0
typescript,7.0.2,45,D,UNVERIFIED_PUBLISH_PATH|BRANCH_REQUIRES_PR,7,214401040,v0.2.0
acorn,8.17.0,39,D,UNVERIFIED_PUBLISH_PATH,3,213830084,v0.2.0
safe-buffer,5.2.1,33,F,UNVERIFIED_PUBLISH_PATH|DORMANT,2,212859629,v0.2.0
mime-types,3.0.2,39,D,UNVERIFIED_PUBLISH_PATH,5,212798744,v0.2.0
undici-types,8.7.0,93,A,,2,211746834,v0.2.0
zod,4.4.3,79,B,SINGLE_MAINTAINER,1,210145473,v0.2.0
ws,8.21.1,45,D,UNVERIFIED_PUBLISH_PATH,4,209959709,v0.2.0
postcss,8.5.19,63,C,INCONSISTENT_PUBLISH_PATH|SINGLE_MAINTAINER|BRANCH_REQUIRES_PR,1,208042875,v0.2.0
hasown,2.0.4,39,D,UNVERIFIED_PUBLISH_PATH,2,199915124,v0.2.0
'@babel/types,8.0.4,78,B,INCONSISTENT_PUBLISH_PATH,4,193051642,v0.2.0
'@babel/parser,8.0.4,78,B,INCONSISTENT_PUBLISH_PATH,4,190140141,v0.2.0
pretty-format,30.4.1,45,D,UNVERIFIED_PUBLISH_PATH,5,184643468,v0.2.0
punycode,2.3.1,33,F,UNVERIFIED_PUBLISH_PATH|DORMANT,2,183596346,v0.2.0
convert-source-map,2.0.0,33,F,UNVERIFIED_PUBLISH_PATH|DORMANT,2,181393407,v0.2.0
string_decoder,1.3.0,33,F,UNVERIFIED_PUBLISH_PATH|DORMANT,4,177679725,v0.2.0
nanoid,6.0.0,69,C,INCONSISTENT_PUBLISH_PATH|SINGLE_MAINTAINER,1,177096579,v0.2.0
function-bind,1.1.2,33,F,UNVERIFIED_PUBLISH_PATH|DORMANT,2,176777899,v0.2.0
'@jridgewell/trace-mapping,0.3.31,25,F,UNVERIFIED_PUBLISH_PATH|SINGLE_MAINTAINER,1,168987427,v0.2.0
inherits,2.0.4,19,F,UNVERIFIED_PUBLISH_PATH|DORMANT|SINGLE_MAINTAINER,1,168934378,v0.2.0
caniuse-lite,1.0.30001806,73,B,SINGLE_MAINTAINER,1,168203857,v0.2.0
fast-deep-equal,3.1.3,19,F,UNVERIFIED_PUBLISH_PATH|DORMANT|SINGLE_MAINTAINER,1,167623550,v0.2.0
'@babel/generator,8.0.0,78,B,INCONSISTENT_PUBLISH_PATH,4,166555788,v0.2.0
es-errors,1.3.0,19,F,UNVERIFIED_PUBLISH_PATH|DORMANT|SINGLE_MAINTAINER,1,161647819,v0.2.0
'@babel/traverse,8.0.4,78,B,INCONSISTENT_PUBLISH_PATH,4,160589167,v0.2.0
yaml,2.9.0,25,F,UNVERIFIED_PUBLISH_PATH|SINGLE_MAINTAINER,1,159608551,v0.2.0
'@radix-ui/react-slot,1.3.0,89,A,,4,157281811,v0.2.0
json5,2.2.3,39,D,UNVERIFIED_PUBLISH_PATH|DORMANT,2,156673547,v0.2.0
'@jridgewell/gen-mapping,0.3.13,25,F,UNVERIFIED_PUBLISH_PATH|SINGLE_MAINTAINER,1,156002749,v0.2.0
'@jridgewell/resolve-uri,3.1.2,19,F,UNVERIFIED_PUBLISH_PATH|DORMANT|SINGLE_MAINTAINER,1,152791322,v0.2.0
has-symbols,1.1.0,19,F,UNVERIFIED_PUBLISH_PATH|DORMANT|SINGLE_MAINTAINER,1,150918610,v0.2.0
source-map-js,1.2.1,19,F,UNVERIFIED_PUBLISH_PATH|DORMANT|SINGLE_MAINTAINER,1,147565174,v0.2.0
'@radix-ui/react-primitive,2.1.7,89,A,,4,147378007,v0.2.0
scheduler,0.27.0,45,D,UNVERIFIED_PUBLISH_PATH|BRANCH_REQUIRES_PR,2,146571495,v0.2.0
react,19.2.7,83,B,INCONSISTENT_PUBLISH_PATH|BRANCH_REQUIRES_PR,2,144886784,v0.2.0
'@typescript-eslint/scope-manager,8.64.0,89,A,,2,144375079,v0.2.0
util-deprecate,1.0.2,19,F,UNVERIFIED_PUBLISH_PATH|DORMANT|SINGLE_MAINTAINER,1,144348313,v0.2.0
path-to-regexp,8.4.2,39,D,UNVERIFIED_PUBLISH_PATH,6,143071555,v0.2.0
'@jridgewell/sourcemap-codec,1.5.5,25,F,UNVERIFIED_PUBLISH_PATH|SINGLE_MAINTAINER,1,140405063,v0.2.0
math-intrinsics,1.1.0,19,F,UNVERIFIED_PUBLISH_PATH|DORMANT|SINGLE_MAINTAINER,1,136995090,v0.2.0
'@typescript-eslint/utils,8.64.0,89,A,,2,136122213,v0.2.0
side-channel,1.1.1,25,F,UNVERIFIED_PUBLISH_PATH|SINGLE_MAINTAINER,1,134364039,v0.2.0
csstype,3.2.3,39,D,UNVERIFIED_PUBLISH_PATH,2,134174054,v0.2.0
cookie,2.0.1,87,A,,3,133911035,v0.2.0
eslint,10.7.0,46,D,UNVERIFIED_PUBLISH_PATH,2,133861128,v0.2.0
qs,6.15.3,39,D,UNVERIFIED_PUBLISH_PATH,2,127765246,v0.2.0
form-data,4.0.6,39,D,UNVERIFIED_PUBLISH_PATH,6,127197897,v0.2.0
es-object-atoms,1.1.2,25,F,UNVERIFIED_PUBLISH_PATH|SINGLE_MAINTAINER,1,127176871,v0.2.0
'@babel/template,8.0.0,78,B,INCONSISTENT_PUBLISH_PATH,4,126958930,v0.2.0
'@rolldown/pluginutils,1.0.1,82,B,,4,126808708,v0.2.0
get-intrinsic,1.3.0,25,F,UNVERIFIED_PUBLISH_PATH|SINGLE_MAINTAINER,1,126666609,v0.2.0
mime,4.1.0,25,F,UNVERIFIED_PUBLISH_PATH|SINGLE_MAINTAINER,1,125613863,v0.2.0
'@babel/runtime,8.0.0,78,B,INCONSISTENT_PUBLISH_PATH,4,125422147,v0.2.0
node-fetch,3.3.2,39,D,UNVERIFIED_PUBLISH_PATH|DORMANT,5,125075820,v0.2.0
magic-string,0.30.21,72,B,,4,124946531,v0.2.0
'@babel/core,8.0.1,78,B,INCONSISTENT_PUBLISH_PATH,4,123792667,v0.2.0
'@typescript-eslint/typescript-estree,8.64.0,89,A,,2,122912384,v0.2.0
jsesc,3.1.0,19,F,UNVERIFIED_PUBLISH_PATH|DORMANT|SINGLE_MAINTAINER,1,122776255,v0.2.0
parse5,8.0.1,45,D,UNVERIFIED_PUBLISH_PATH,5,122581592,v0.2.0
lodash,4.18.1,31,F,UNVERIFIED_PUBLISH_PATH|SINGLE_MAINTAINER,1,122415392,v0.2.0
pnpm,11.13.1,85,A,INCONSISTENT_PUBLISH_PATH,2,121876856,v0.2.0
lines-and-columns,2.0.4,19,F,UNVERIFIED_PUBLISH_PATH|DORMANT|SINGLE_MAINTAINER,1,120999566,v0.2.0
side-channel-list,1.0.1,25,F,UNVERIFIED_PUBLISH_PATH|SINGLE_MAINTAINER,1,120540840,v0.2.0
gopd,1.2.0,19,F,UNVERIFIED_PUBLISH_PATH|DORMANT|SINGLE_MAINTAINER,1,120143634,v0.2.0
rollup,4.62.2,83,B,INCONSISTENT_PUBLISH_PATH,5,118271990,v0.2.0
call-bound,1.0.4,25,F,UNVERIFIED_PUBLISH_PATH|SINGLE_MAINTAINER,1,117992228,v0.2.0
es-define-property,1.0.1,19,F,UNVERIFIED_PUBLISH_PATH|DORMANT|SINGLE_MAINTAINER,1,117983782,v0.2.0
object-assign,4.1.1,33,F,UNVERIFIED_PUBLISH_PATH|DORMANT,3,117509458,v0.2.0
vite,8.1.5,82,B,,2,117240518,v0.2.0
'@typescript-eslint/eslint-plugin,8.64.0,89,A,,2,117095455,v0.2.0
dotenv,17.4.2,45,D,UNVERIFIED_PUBLISH_PATH,3,115701698,v0.2.0
body-parser,2.3.0,39,D,UNVERIFIED_PUBLISH_PATH,4,115261942,v0.2.0
'@babel/helper-compilation-targets,8.0.0,78,B,INCONSISTENT_PUBLISH_PATH,4,114984168,v0.2.0
source-map-support,0.5.21,33,F,UNVERIFIED_PUBLISH_PATH|DORMANT,3,114589090,v0.2.0
'@radix-ui/react-context,1.2.0,89,A,,4,114530622,v0.2.0
buffer,6.0.3,19,F,UNVERIFIED_PUBLISH_PATH|DORMANT|SINGLE_MAINTAINER,1,114505992,v0.2.0
http-errors,2.0.1,39,D,UNVERIFIED_PUBLISH_PATH,4,114005146,v0.2.0
call-bind-apply-helpers,1.0.2,25,F,UNVERIFIED_PUBLISH_PATH|SINGLE_MAINTAINER,1,113855508,v0.2.0
react-dom,19.2.7,83,B,INCONSISTENT_PUBLISH_PATH|BRANCH_REQUIRES_PR,2,112894778,v0.2.0
dunder-proto,1.0.1,19,F,UNVERIFIED_PUBLISH_PATH|DORMANT|SINGLE_MAINTAINER,1,112883433,v0.2.0
get-proto,1.0.1,19,F,UNVERIFIED_PUBLISH_PATH|DORMANT|SINGLE_MAINTAINER,1,112360757,v0.2.0
side-channel-weakmap,1.0.2,19,F,UNVERIFIED_PUBLISH_PATH|DORMANT|SINGLE_MAINTAINER,1,111906056,v0.2.0
'@opentelemetry/core,2.9.0,94,A,BRANCH_REQUIRES_PR,6,110492334,v0.2.0
base64-js,1.5.1,33,F,UNVERIFIED_PUBLISH_PATH|DORMANT,2,110258062,v0.2.0
eventemitter3,5.0.4,39,D,UNVERIFIED_PUBLISH_PATH,3,108617023,v0.2.0
object-inspect,1.13.4,39,D,UNVERIFIED_PUBLISH_PATH,2,107286517,v0.2.0
express,5.2.1,39,D,UNVERIFIED_PUBLISH_PATH,5,107096215,v0.2.0
flatted,3.4.2,31,F,UNVERIFIED_PUBLISH_PATH|SINGLE_MAINTAINER,1,106194616,v0.2.0
'@types/react,19.2.17,33,F,UNVERIFIED_PUBLISH_PATH|SINGLE_MAINTAINER,1,106021989,v0.2.0
tough-cookie,6.0.2,100,A,,2,103992097,v0.2.0
'@opentelemetry/api-logs,0.220.0,94,A,,6,100898378,v0.2.0
'@oxc-project/types,0.140.0,75,B,SINGLE_MAINTAINER,1,100757668,v0.2.0
'@aws-sdk/types,3.974.2,41,D,UNVERIFIED_PUBLISH_PATH,2,99807870,v0.2.0
'@smithy/util-utf8,4.4.9,84,B,INCONSISTENT_PUBLISH_PATH,2,98952032,v0.2.0
call-bind,1.0.9,25,F,UNVERIFIED_PUBLISH_PATH|SINGLE_MAINTAINER,1,98320549,v0.2.0
tailwindcss,4.3.2,89,A,,3,97783927,v0.2.0
undici,8.7.0,93,A,,3,97711703,v0.2.0
'@sinclair/typebox,0.34.52,68,C,SINGLE_MAINTAINER,1,97508717,v0.2.0
diff,9.0.0,39,D,UNVERIFIED_PUBLISH_PATH,2,96866711,v0.2.0
'@jest/types,30.4.1,45,D,UNVERIFIED_PUBLISH_PATH,5,96412537,v0.2.0
fast-uri,4.1.0,39,D,UNVERIFIED_PUBLISH_PATH,11,96388290,v0.2.0
gensync,1.0.0-beta.2,19,F,UNVERIFIED_PUBLISH_PATH|DORMANT|SINGLE_MAINTAINER,1,96064426,v0.2.0
esprima,4.0.1,19,F,UNVERIFIED_PUBLISH_PATH|DORMANT|SINGLE_MAINTAINER,1,95938800,v0.2.0
'@vitest/utils,4.1.10,88,A,,5,95431798,v0.2.0
'@vitest/pretty-format,4.1.10,88,A,,5,94329649,v0.2.0
ieee754,1.2.1,19,F,UNVERIFIED_PUBLISH_PATH|DORMANT|SINGLE_MAINTAINER,1,93996673,v0.2.0
side-channel-map,1.0.1,19,F,UNVERIFIED_PUBLISH_PATH|DORMANT|SINGLE_MAINTAINER,1,92148256,v0.2.0
prettier,3.9.5,39,D,UNVERIFIED_PUBLISH_PATH,11,91738508,v0.2.0
serve-static,2.2.1,39,D,UNVERIFIED_PUBLISH_PATH,3,90805364,v0.2.0
'@types/unist,3.0.3,27,F,UNVERIFIED_PUBLISH_PATH|DORMANT|SINGLE_MAINTAINER,1,89594826,v0.2.0
lodash.merge,4.6.2,34,F,UNVERIFIED_PUBLISH_PATH|DORMANT,2,89090607,v0.2.0
'@vitest/spy,4.1.10,88,A,,5,89084605,v0.2.0
define-data-property,1.1.4,19,F,UNVERIFIED_PUBLISH_PATH|DORMANT|SINGLE_MAINTAINER,1,88676149,v0.2.0
use-sync-external-store,1.6.0,31,F,UNVERIFIED_PUBLISH_PATH|SINGLE_MAINTAINER|BRANCH_REQUIRES_PR,1,88663339,v0.2.0
rxjs,7.8.2,45,D,UNVERIFIED_PUBLISH_PATH,3,88244741,v0.2.0
domhandler,6.0.1,73,B,SINGLE_MAINTAINER,1,87993175,v0.2.0
'@radix-ui/react-compose-refs,1.1.3,89,A,,4,87483579,v0.2.0
date-fns,4.4.0,26,F,UNVERIFIED_PUBLISH_PATH|SINGLE_MAINTAINER,1,86888867,v0.2.0
'@types/react-dom,19.2.3,33,F,UNVERIFIED_PUBLISH_PATH|SINGLE_MAINTAINER,1,86602196,v0.2.0
tsconfig-paths,4.2.0,33,F,UNVERIFIED_PUBLISH_PATH|DORMANT,17,86422198,v0.2.0
chai,6.2.2,70,B,SINGLE_MAINTAINER,1,86124802,v0.2.0
axios,1.18.1,76,B,INCONSISTENT_PUBLISH_PATH|SINGLE_MAINTAINER,1,85800622,v0.2.0
clsx,2.1.1,19,F,UNVERIFIED_PUBLISH_PATH|DORMANT|SINGLE_MAINTAINER,1,85645115,v0.2.0
set-function-length,1.2.2,19,F,UNVERIFIED_PUBLISH_PATH|DORMANT|SINGLE_MAINTAINER,1,85258846,v0.2.0
is-plain-obj,4.1.0,19,F,UNVERIFIED_PUBLISH_PATH|DORMANT|SINGLE_MAINTAINER,1,84769248,v0.2.0
retry,0.13.1,19,F,UNVERIFIED_PUBLISH_PATH|DORMANT|SINGLE_MAINTAINER,1,83853836,v0.2.0
'@smithy/is-array-buffer,4.4.9,84,B,INCONSISTENT_PUBLISH_PATH,2,83000768,v0.2.0
tinyrainbow,3.1.0,25,F,UNVERIFIED_PUBLISH_PATH|SINGLE_MAINTAINER,1,82396464,v0.2.0
'@types/yargs,17.0.35,33,F,UNVERIFIED_PUBLISH_PATH|SINGLE_MAINTAINER,1,81844678,v0.2.0
'@smithy/types,4.16.1,84,B,INCONSISTENT_PUBLISH_PATH,2,81808469,v0.2.0
'@radix-ui/react-use-layout-effect,1.1.2,89,A,,4,80540544,v0.2.0
'@floating-ui/utils,0.2.12,82,B,,2,79788667,v0.2.0
d3-array,3.2.4,33,F,UNVERIFIED_PUBLISH_PATH|DORMANT,2,79387098,v0.2.0
'@standard-schema/spec,1.1.0,66,C,,2,78684067,v0.2.0
'@radix-ui/react-use-controllable-state,1.2.3,89,A,,4,77270036,v0.2.0
prop-types,15.8.1,33,F,UNVERIFIED_PUBLISH_PATH|DORMANT,3,76681711,v0.2.0
has-property-descriptors,1.0.2,19,F,UNVERIFIED_PUBLISH_PATH|DORMANT|SINGLE_MAINTAINER,1,75328755,v0.2.0
pako,3.0.1,25,F,UNVERIFIED_PUBLISH_PATH|SINGLE_MAINTAINER,1,75233844,v0.2.0
d3-shape,3.2.0,33,F,UNVERIFIED_PUBLISH_PATH|DORMANT,2,74573772,v0.2.0
lightningcss,1.32.0,25,F,UNVERIFIED_PUBLISH_PATH|SINGLE_MAINTAINER,1,74382261,v0.2.0
d3-path,3.1.0,33,F,UNVERIFIED_PUBLISH_PATH|DORMANT,2,74301577,v0.2.0
tiny-invariant,1.3.3,19,F,UNVERIFIED_PUBLISH_PATH|DORMANT|SINGLE_MAINTAINER,1,73985586,v0.2.0
fast-xml-parser,5.10.1,63,C,INCONSISTENT_PUBLISH_PATH|SINGLE_MAINTAINER,1,73585081,v0.2.0
async,3.2.6,33,F,UNVERIFIED_PUBLISH_PATH|DORMANT,5,73545142,v0.2.0
'@vitest/snapshot,4.1.10,88,A,,5,73452842,v0.2.0
domutils,4.0.2,73,B,SINGLE_MAINTAINER,1,73178796,v0.2.0
'@radix-ui/react-presence,1.1.7,89,A,,4,73146164,v0.2.0
vitest,4.1.10,88,A,BRANCH_REQUIRES_PR,5,72684625,v0.2.0
jose,6.2.3,79,B,SINGLE_MAINTAINER,1,72535091,v0.2.0
'@opentelemetry/semantic-conventions,1.43.0,94,A,BRANCH_REQUIRES_PR,6,72394614,v0.2.0
'@vitest/runner,4.1.10,88,A,,5,72154609,v0.2.0
sprintf-js,1.1.3,19,F,UNVERIFIED_PUBLISH_PATH|DORMANT|SINGLE_MAINTAINER,1,71578443,v0.2.0
'@radix-ui/react-id,1.1.2,89,A,,4,71496595,v0.2.0
'@radix-ui/react-dismissable-layer,1.1.15,89,A,,4,71452156,v0.2.0
'@vitest/mocker,4.1.10,88,A,,5,71304442,v0.2.0
rolldown,1.2.0,89,A,BRANCH_REQUIRES_PR,4,71294648,v0.2.0
'@opentelemetry/resources,2.9.0,94,A,,6,71291167,v0.2.0
dom-serializer,3.1.1,79,B,SINGLE_MAINTAINER,1,71189509,v0.2.0
'@radix-ui/react-portal,1.1.13,89,A,,4,70984703,v0.2.0
has-proto,1.2.0,19,F,UNVERIFIED_PUBLISH_PATH|DORMANT|SINGLE_MAINTAINER,1,70954677,v0.2.0
'@vitest/expect,4.1.10,88,A,,5,70937352,v0.2.0
gaxios,7.2.0,38,D,UNVERIFIED_PUBLISH_PATH|SINGLE_MAINTAINER|BRANCH_REQUIRES_PR,1,69995094,v0.2.0
lucide-react,1.24.0,68,C,SINGLE_MAINTAINER,1,69699176,v0.2.0
'@swc/helpers,0.5.23,71,B,INCONSISTENT_PUBLISH_PATH|SINGLE_MAINTAINER,1,68888000,v0.2.0
long,5.3.2,25,F,UNVERIFIED_PUBLISH_PATH|SINGLE_MAINTAINER,1,68576080,v0.2.0
'@radix-ui/primitive,1.1.5,89,A,,4,67961337,v0.2.0
'@radix-ui/react-focus-scope,1.1.12,89,A,,4,67768264,v0.2.0
d3-interpolate,3.0.1,33,F,UNVERIFIED_PUBLISH_PATH|DORMANT,2,66951261,v0.2.0
'@radix-ui/react-focus-guards,1.1.4,89,A,,4,66951200,v0.2.0
'@ungap/structured-clone,1.3.3,25,F,UNVERIFIED_PUBLISH_PATH|SINGLE_MAINTAINER,1,66934759,v0.2.0
'@aws-sdk/credential-provider-web-identity,3.972.65,41,D,UNVERIFIED_PUBLISH_PATH,2,66370659,v0.2.0
terser,5.49.0,31,F,UNVERIFIED_PUBLISH_PATH|SINGLE_MAINTAINER,1,66325455,v0.2.0
'@aws-sdk/credential-provider-ini,3.973.3,41,D,UNVERIFIED_PUBLISH_PATH,2,66249721,v0.2.0
decimal.js,10.6.0,25,F,UNVERIFIED_PUBLISH_PATH|SINGLE_MAINTAINER,1,66121862,v0.2.0
protobufjs,8.7.1,83,B,INCONSISTENT_PUBLISH_PATH,3,66115205,v0.2.0
'@aws-sdk/credential-provider-process,3.972.59,41,D,UNVERIFIED_PUBLISH_PATH,2,66101609,v0.2.0
deepmerge,4.3.1,19,F,UNVERIFIED_PUBLISH_PATH|DORMANT|SINGLE_MAINTAINER,1,64402897,v0.2.0
htmlparser2,12.0.0,69,C,INCONSISTENT_PUBLISH_PATH|SINGLE_MAINTAINER,1,64222907,v0.2.0
d3-time-format,4.1.0,33,F,UNVERIFIED_PUBLISH_PATH|DORMANT,2,64086395,v0.2.0
'@opentelemetry/instrumentation,0.220.0,94,A,,6,63885893,v0.2.0
aria-hidden,1.2.6,25,F,UNVERIFIED_PUBLISH_PATH|SINGLE_MAINTAINER,1,63200101,v0.2.0
domelementtype,3.0.0,79,B,SINGLE_MAINTAINER,1,62836930,v0.2.0
'@types/d3-shape,3.1.8,33,F,UNVERIFIED_PUBLISH_PATH|SINGLE_MAINTAINER,1,62588240,v0.2.0
'@radix-ui/react-use-escape-keydown,1.1.3,89,A,,4,62471187,v0.2.0
tinybench,6.0.2,66,C,,3,62272255,v0.2.0
'@types/d3-interpolate,3.0.4,27,F,UNVERIFIED_PUBLISH_PATH|DORMANT|SINGLE_MAINTAINER,1,62015618,v0.2.0
jsdom,29.1.1,77,B,INCONSISTENT_PUBLISH_PATH,6,61968962,v0.2.0
jest-message-util,30.4.1,45,D,UNVERIFIED_PUBLISH_PATH,5,61818087,v0.2.0
css-what,8.0.0,73,B,SINGLE_MAINTAINER,1,61802190,v0.2.0
'@aws-sdk/credential-provider-http,3.972.61,41,D,UNVERIFIED_PUBLISH_PATH,2,61730116,v0.2.0
strnum,2.4.1,25,F,UNVERIFIED_PUBLISH_PATH|SINGLE_MAINTAINER,1,61530353,v0.2.0
jest-mock,30.4.1,45,D,UNVERIFIED_PUBLISH_PATH,5,61498822,v0.2.0
expect-type,1.4.0,26,F,UNVERIFIED_PUBLISH_PATH|SINGLE_MAINTAINER,1,61455698,v0.2.0
'@types/d3-time,3.0.4,27,F,UNVERIFIED_PUBLISH_PATH|DORMANT|SINGLE_MAINTAINER,1,61228796,v0.2.0
'@radix-ui/react-roving-focus,1.1.15,89,A,,4,61120070,v0.2.0
'@radix-ui/react-use-size,1.1.2,89,A,,4,61118304,v0.2.0
'@radix-ui/react-arrow,1.1.11,89,A,,4,61015899,v0.2.0
'@types/d3-path,3.1.1,33,F,UNVERIFIED_PUBLISH_PATH|SINGLE_MAINTAINER,1,60978478,v0.2.0
regenerator-runtime,0.14.1,19,F,UNVERIFIED_PUBLISH_PATH|DORMANT|SINGLE_MAINTAINER,1,60810764,v0.2.0
react-remove-scroll-bar,2.3.8,19,F,UNVERIFIED_PUBLISH_PATH|DORMANT|SINGLE_MAINTAINER,1,60646047,v0.2.0
'@types/d3-scale,4.0.9,33,F,UNVERIFIED_PUBLISH_PATH|SINGLE_MAINTAINER,1,60552448,v0.2.0
object-hash,3.0.0,33,F,UNVERIFIED_PUBLISH_PATH|DORMANT,2,60476134,v0.2.0
get-nonce,1.0.1,19,F,UNVERIFIED_PUBLISH_PATH|DORMANT|SINGLE_MAINTAINER,1,59909652,v0.2.0
extend,3.0.2,33,F,UNVERIFIED_PUBLISH_PATH|DORMANT,2,59660496,v0.2.0
internmap,2.0.3,19,F,UNVERIFIED_PUBLISH_PATH|DORMANT|SINGLE_MAINTAINER,1,59562947,v0.2.0
'@tanstack/query-core,5.101.2,89,A,BRANCH_REQUIRES_PR,3,59228071,v0.2.0
'@radix-ui/react-use-callback-ref,1.1.2,89,A,,4,59149436,v0.2.0
tldts,7.4.8,73,B,SINGLE_MAINTAINER,1,59130191,v0.2.0
core-js,3.49.0,31,F,UNVERIFIED_PUBLISH_PATH|SINGLE_MAINTAINER,1,59041289,v0.2.0
'@smithy/core,3.29.4,84,B,INCONSISTENT_PUBLISH_PATH|BRANCH_REQUIRES_PR,2,58932845,v0.2.0
'@aws-sdk/nested-clients,3.997.33,41,D,UNVERIFIED_PUBLISH_PATH,2,58684232,v0.2.0
'@floating-ui/react-dom,2.1.9,82,B,,2,58589650,v0.2.0
async-function,1.0.0,39,D,UNVERIFIED_PUBLISH_PATH,2,58026325,v0.2.0
'@noble/hashes,2.2.0,79,B,SINGLE_MAINTAINER,1,57935024,v0.2.0
tailwind-merge,3.6.0,63,C,INCONSISTENT_PUBLISH_PATH|SINGLE_MAINTAINER,1,57910057,v0.2.0
'@types/ws,8.18.1,33,F,UNVERIFIED_PUBLISH_PATH|SINGLE_MAINTAINER,1,57547126,v0.2.0
web-streams-polyfill,4.3.0,87,A,,3,57164416,v0.2.0
'@aws-sdk/core,3.975.3,41,D,UNVERIFIED_PUBLISH_PATH|BRANCH_REQUIRES_PR,2,57109600,v0.2.0
'@types/d3-timer,3.0.2,27,F,UNVERIFIED_PUBLISH_PATH|DORMANT|SINGLE_MAINTAINER,1,57024392,v0.2.0
generator-function,2.0.1,39,D,UNVERIFIED_PUBLISH_PATH,2,57022893,v0.2.0
playwright-core,1.61.1,93,A,,4,56368843,v0.2.0
'@tanstack/react-query,5.101.2,89,A,,3,56246133,v0.2.0
css-select,7.0.0,73,B,SINGLE_MAINTAINER,1,56166212,v0.2.0
dayjs,1.11.21,73,B,SINGLE_MAINTAINER,1,55826889,v0.2.0
'@vitejs/plugin-react,6.0.3,87,A,,2,55251023,v0.2.0
pure-rand,8.4.2,68,C,SINGLE_MAINTAINER,1,54761162,v0.2.0
ts-interface-checker,1.0.2,33,F,UNVERIFIED_PUBLISH_PATH|DORMANT,2,54728376,v0.2.0
'@aws-sdk/credential-provider-node,3.972.69,41,D,UNVERIFIED_PUBLISH_PATH,2,54605266,v0.2.0
d3-color,3.1.0,33,F,UNVERIFIED_PUBLISH_PATH|DORMANT,2,54396622,v0.2.0
d3-format,3.1.2,77,B,,2,54186894,v0.2.0
react-remove-scroll,2.7.2,25,F,UNVERIFIED_PUBLISH_PATH|SINGLE_MAINTAINER,1,53889817,v0.2.0
d3-time,3.1.0,33,F,UNVERIFIED_PUBLISH_PATH|DORMANT,2,53860982,v0.2.0
'@aws-sdk/credential-provider-sso,3.973.3,41,D,UNVERIFIED_PUBLISH_PATH,2,53730477,v0.2.0
d3-timer,3.0.1,33,F,UNVERIFIED_PUBLISH_PATH|DORMANT,2,53661692,v0.2.0
clone,2.1.2,19,F,UNVERIFIED_PUBLISH_PATH|DORMANT|SINGLE_MAINTAINER,1,53632299,v0.2.0
'@types/connect,3.4.38,27,F,UNVERIFIED_PUBLISH_PATH|DORMANT|SINGLE_MAINTAINER,1,53539863,v0.2.0
'@jridgewell/source-map,0.3.11,25,F,UNVERIFIED_PUBLISH_PATH|SINGLE_MAINTAINER,1,53456070,v0.2.0
react-hook-form,7.81.0,31,F,UNVERIFIED_PUBLISH_PATH|SINGLE_MAINTAINER,1,53300330,v0.2.0
'@radix-ui/react-collection,1.1.12,89,A,,4,53288109,v0.2.0
dom-helpers,6.0.1,39,D,UNVERIFIED_PUBLISH_PATH,3,53071979,v0.2.0
'@opentelemetry/sdk-trace-base,2.9.0,94,A,,6,52997735,v0.2.0
playwright,1.61.1,93,A,,4,52718803,v0.2.0
'@jest/transform,30.4.1,45,D,UNVERIFIED_PUBLISH_PATH,5,52617458,v0.2.0
fflate,0.8.3,20,F,UNVERIFIED_PUBLISH_PATH|SINGLE_MAINTAINER,1,52566889,v0.2.0
'@radix-ui/react-menu,2.1.20,89,A,,4,52466423,v0.2.0
axe-core,4.12.1,100,A,,4,52290834,v0.2.0
'@aws-sdk/util-endpoints,3.996.32,41,D,UNVERIFIED_PUBLISH_PATH,2,52164060,v0.2.0
react-transition-group,4.4.5,28,F,UNVERIFIED_PUBLISH_PATH|DORMANT,3,52154301,v0.2.0
d3-ease,3.0.1,33,F,UNVERIFIED_PUBLISH_PATH|DORMANT,2,52113250,v0.2.0
'@radix-ui/react-direction,1.1.2,89,A,,4,51898903,v0.2.0
'@smithy/node-http-handler,4.9.6,84,B,INCONSISTENT_PUBLISH_PATH,2,51837570,v0.2.0
fraction.js,5.3.4,25,F,UNVERIFIED_PUBLISH_PATH|SINGLE_MAINTAINER,1,51773153,v0.2.0
'@radix-ui/react-dropdown-menu,2.1.20,89,A,,4,51556522,v0.2.0
'@jest/environment,30.4.1,45,D,UNVERIFIED_PUBLISH_PATH,5,51487991,v0.2.0
d3-scale,4.0.2,33,F,UNVERIFIED_PUBLISH_PATH|DORMANT,2,51422416,v0.2.0
google-auth-library,10.9.0,38,D,UNVERIFIED_PUBLISH_PATH|SINGLE_MAINTAINER|BRANCH_REQUIRES_PR,1,51300692,v0.2.0
'@types/chai,5.2.3,33,F,UNVERIFIED_PUBLISH_PATH|SINGLE_MAINTAINER,1,51076650,v0.2.0
'@radix-ui/react-popper,1.3.3,89,A,,4,51067322,v0.2.0
marked,18.0.6,93,A,,4,51038813,v0.2.0
'@types/d3-color,3.1.3,27,F,UNVERIFIED_PUBLISH_PATH|DORMANT|SINGLE_MAINTAINER,1,50951936,v0.2.0
'@opentelemetry/api,1.9.1,94,A,BRANCH_REQUIRES_PR,6,50778999,v0.2.0
use-callback-ref,1.3.3,19,F,UNVERIFIED_PUBLISH_PATH|DORMANT|SINGLE_MAINTAINER,1,50462997,v0.2.0
use-sidecar,1.1.3,19,F,UNVERIFIED_PUBLISH_PATH|DORMANT|SINGLE_MAINTAINER,1,50424079,v0.2.0
'@sinonjs/fake-timers,15.4.0,39,D,UNVERIFIED_PUBLISH_PATH,6,50175529,v0.2.0
'@testing-library/jest-dom,6.9.1,39,D,UNVERIFIED_PUBLISH_PATH,17,50066052,v0.2.0
'@smithy/protocol-http,5.5.9,84,B,INCONSISTENT_PUBLISH_PATH,2,49997738,v0.2.0
'@smithy/fetch-http-handler,5.6.6,84,B,INCONSISTENT_PUBLISH_PATH,2,49985804,v0.2.0
'@smithy/signature-v4,5.6.5,84,B,INCONSISTENT_PUBLISH_PATH,2,49971757,v0.2.0
unist-util-visit-parents,6.0.2,39,D,UNVERIFIED_PUBLISH_PATH,2,49952996,v0.2.0
detect-node-es,1.1.0,19,F,UNVERIFIED_PUBLISH_PATH|DORMANT|SINGLE_MAINTAINER,1,49902375,v0.2.0
react-style-singleton,2.2.3,19,F,UNVERIFIED_PUBLISH_PATH|DORMANT|SINGLE_MAINTAINER,1,49752699,v0.2.0
google-logging-utils,1.1.4,32,F,UNVERIFIED_PUBLISH_PATH|SINGLE_MAINTAINER,1,49457738,v0.2.0
micromark-util-character,2.1.1,19,F,UNVERIFIED_PUBLISH_PATH|DORMANT|SINGLE_MAINTAINER,1,49425670,v0.2.0
decimal.js-light,2.5.1,19,F,UNVERIFIED_PUBLISH_PATH|DORMANT|SINGLE_MAINTAINER,1,49419095,v0.2.0
nth-check,3.0.1,73,B,SINGLE_MAINTAINER,1,48621649,v0.2.0
'@types/d3-array,3.2.2,33,F,UNVERIFIED_PUBLISH_PATH|SINGLE_MAINTAINER,1,48381703,v0.2.0
'@jest/console,30.4.1,45,D,UNVERIFIED_PUBLISH_PATH,5,48236493,v0.2.0
lz-string,1.5.0,25,F,UNVERIFIED_PUBLISH_PATH|DORMANT|SINGLE_MAINTAINER,1,48179969,v0.2.0
file-type,22.0.1,25,F,UNVERIFIED_PUBLISH_PATH|SINGLE_MAINTAINER,1,47989002,v0.2.0
'@aws-sdk/middleware-user-agent,3.972.63,41,D,UNVERIFIED_PUBLISH_PATH,2,47970651,v0.2.0
dompurify,3.4.12,38,D,UNVERIFIED_PUBLISH_PATH|SINGLE_MAINTAINER|BRANCH_REQUIRES_SIGNATURES|BRANCH_REQUIRES_PR,1,47864318,v0.2.0
bn.js,5.2.5,39,D,UNVERIFIED_PUBLISH_PATH,4,47280768,v0.2.0
fast-equals,6.0.2,25,F,UNVERIFIED_PUBLISH_PATH|SINGLE_MAINTAINER,1,47260551,v0.2.0
bluebird,3.7.2,19,F,UNVERIFIED_PUBLISH_PATH|DORMANT|SINGLE_MAINTAINER,1,47253196,v0.2.0
sucrase,3.35.1,25,F,UNVERIFIED_PUBLISH_PATH|SINGLE_MAINTAINER,1,47003043,v0.2.0
property-information,7.2.0,25,F,UNVERIFIED_PUBLISH_PATH|SINGLE_MAINTAINER,1,46697005,v0.2.0
'@types/d3-ease,3.0.2,27,F,UNVERIFIED_PUBLISH_PATH|DORMANT|SINGLE_MAINTAINER,1,46495468,v0.2.0
ast-types,0.14.2,19,F,UNVERIFIED_PUBLISH_PATH|DORMANT|SINGLE_MAINTAINER,1,46285235,v0.2.0
'@aws-sdk/middleware-host-header,3.972.34,41,D,UNVERIFIED_PUBLISH_PATH,2,45945638,v0.2.0
'@aws-sdk/util-user-agent-browser,3.972.34,41,D,UNVERIFIED_PUBLISH_PATH,2,45943483,v0.2.0
pg-protocol,1.15.0,32,F,UNVERIFIED_PUBLISH_PATH|SINGLE_MAINTAINER,1,45780179,v0.2.0
'@sentry/core,10.65.0,27,F,UNVERIFIED_PUBLISH_PATH|SINGLE_MAINTAINER|BRANCH_REQUIRES_PR,1,45758991,v0.2.0
vfile,6.0.3,19,F,UNVERIFIED_PUBLISH_PATH|DORMANT|SINGLE_MAINTAINER,1,45711325,v0.2.0
char-regex,2.0.2,19,F,UNVERIFIED_PUBLISH_PATH|DORMANT|SINGLE_MAINTAINER,1,45476294,v0.2.0
class-variance-authority,0.7.1,14,F,UNVERIFIED_PUBLISH_PATH|DORMANT|SINGLE_MAINTAINER,1,45456981,v0.2.0
'@smithy/credential-provider-imds,4.4.9,84,B,INCONSISTENT_PUBLISH_PATH,2,45447331,v0.2.0
hono,4.12.30,63,C,INCONSISTENT_PUBLISH_PATH|SINGLE_MAINTAINER,1,45421848,v0.2.0
'@aws-sdk/middleware-recursion-detection,3.972.35,41,D,UNVERIFIED_PUBLISH_PATH,2,45349627,v0.2.0
'@protobufjs/float,1.0.2,34,F,UNVERIFIED_PUBLISH_PATH|DORMANT,2,45341623,v0.2.0
'@protobufjs/base64,1.1.2,34,F,UNVERIFIED_PUBLISH_PATH|DORMANT,2,45314067,v0.2.0
jest-resolve,30.4.1,45,D,UNVERIFIED_PUBLISH_PATH,5,45281109,v0.2.0
check-error,2.1.3,63,C,SINGLE_MAINTAINER,1,45221266,v0.2.0
zod-to-json-schema,3.25.2,25,F,UNVERIFIED_PUBLISH_PATH|SINGLE_MAINTAINER,1,45038537,v0.2.0
'@types/stack-utils,2.0.3,27,F,UNVERIFIED_PUBLISH_PATH|DORMANT|SINGLE_MAINTAINER,1,44973986,v0.2.0
jest-watcher,30.4.1,45,D,UNVERIFIED_PUBLISH_PATH,5,44955895,v0.2.0
ufo,1.6.4,31,F,UNVERIFIED_PUBLISH_PATH|SINGLE_MAINTAINER,1,44891453,v0.2.0
jest-haste-map,30.4.1,45,D,UNVERIFIED_PUBLISH_PATH,5,44805343,v0.2.0
'@types/express,5.0.6,33,F,UNVERIFIED_PUBLISH_PATH|SINGLE_MAINTAINER,1,44607622,v0.2.0
'@aws-sdk/credential-provider-login,3.972.65,41,D,UNVERIFIED_PUBLISH_PATH,2,44546585,v0.2.0
mdast-util-to-string,4.0.0,33,F,UNVERIFIED_PUBLISH_PATH|DORMANT,2,44527353,v0.2.0
boolbase,2.0.0,79,B,SINGLE_MAINTAINER,1,44503982,v0.2.0
'@testing-library/react,16.3.2,87,A,,17,44255438,v0.2.0
cssom,0.5.0,33,F,UNVERIFIED_PUBLISH_PATH|DORMANT,2,44182234,v0.2.0
css.escape,1.5.1,19,F,UNVERIFIED_PUBLISH_PATH|DORMANT|SINGLE_MAINTAINER,1,44130125,v0.2.0
'@testing-library/dom,10.4.1,39,D,UNVERIFIED_PUBLISH_PATH,17,44080291,v0.2.0
'@aws-crypto/util,5.2.0,40,D,UNVERIFIED_PUBLISH_PATH|DORMANT,2,43838770,v0.2.0
express-rate-limit,8.5.2,77,B,INCONSISTENT_PUBLISH_PATH,2,43794685,v0.2.0
jest-runtime,30.4.2,45,D,UNVERIFIED_PUBLISH_PATH,5,43105809,v0.2.0
'@grpc/proto-loader,0.8.1,45,D,UNVERIFIED_PUBLISH_PATH,3,43037880,v0.2.0
bignumber.js,11.1.5,25,F,UNVERIFIED_PUBLISH_PATH|SINGLE_MAINTAINER,1,42686794,v0.2.0
mdast-util-from-markdown,2.0.3,39,D,UNVERIFIED_PUBLISH_PATH,2,42513001,v0.2.0
dlv,1.1.3,19,F,UNVERIFIED_PUBLISH_PATH|DORMANT|SINGLE_MAINTAINER,1,42450033,v0.2.0
'@protobufjs/utf8,1.1.2,45,D,UNVERIFIED_PUBLISH_PATH,3,42357114,v0.2.0
lodash.debounce,4.0.8,34,F,UNVERIFIED_PUBLISH_PATH|DORMANT,2,42350149,v0.2.0
next,16.2.10,89,A,BRANCH_REQUIRES_SIGNATURES|BRANCH_REQUIRES_PR,4,42319226,v0.2.0
'@aws-crypto/sha256-js,5.2.0,40,D,UNVERIFIED_PUBLISH_PATH|DORMANT,2,42076877,v0.2.0
'@smithy/util-middleware,4.4.9,84,B,INCONSISTENT_PUBLISH_PATH,2,42068883,v0.2.0
'@jest/fake-timers,30.4.1,45,D,UNVERIFIED_PUBLISH_PATH,5,42051088,v0.2.0
'@grpc/grpc-js,1.14.4,45,D,UNVERIFIED_PUBLISH_PATH,3,41958179,v0.2.0
micromark-util-encode,2.0.1,19,F,UNVERIFIED_PUBLISH_PATH|DORMANT|SINGLE_MAINTAINER,1,41870722,v0.2.0
'@jest/source-map,30.0.1,45,D,UNVERIFIED_PUBLISH_PATH,5,41736689,v0.2.0
'@radix-ui/react-select,2.3.3,89,A,,4,41700975,v0.2.0
react-router-dom,7.18.1,88,A,,2,41652646,v0.2.0
immer,11.1.11,83,B,INCONSISTENT_PUBLISH_PATH,2,41436595,v0.2.0
recharts,3.9.2,77,B,INCONSISTENT_PUBLISH_PATH|BRANCH_REQUIRES_PR,3,41366611,v0.2.0
eventsource,4.1.0,77,B,,2,41325699,v0.2.0
formdata-polyfill,4.0.10,19,F,UNVERIFIED_PUBLISH_PATH|DORMANT|SINGLE_MAINTAINER,1,41271811,v0.2.0
unist-util-is,6.0.1,39,D,UNVERIFIED_PUBLISH_PATH,2,41170510,v0.2.0
'@types/serve-static,2.2.0,33,F,UNVERIFIED_PUBLISH_PATH|SINGLE_MAINTAINER,1,41143788,v0.2.0
minimalistic-assert,1.0.1,33,F,UNVERIFIED_PUBLISH_PATH|DORMANT,2,40779090,v0.2.0
victory-vendor,37.3.6,60,C,DORMANT,10,40776383,v0.2.0
unist-util-visit,5.1.0,39,D,UNVERIFIED_PUBLISH_PATH,2,40687334,v0.2.0
jest-cli,30.4.2,45,D,UNVERIFIED_PUBLISH_PATH,5,40627781,v0.2.0
graphql,17.0.2,84,B,INCONSISTENT_PUBLISH_PATH,6,40541977,v0.2.0
'@jest/core,30.4.2,45,D,UNVERIFIED_PUBLISH_PATH,5,40340491,v0.2.0
comma-separated-tokens,2.0.3,19,F,UNVERIFIED_PUBLISH_PATH|DORMANT|SINGLE_MAINTAINER,1,40294949,v0.2.0
react-day-picker,10.0.1,86,A,SINGLE_MAINTAINER,1,40226204,v0.2.0
unist-util-stringify-position,4.0.0,33,F,UNVERIFIED_PUBLISH_PATH|DORMANT,2,40096918,v0.2.0
'@protobufjs/eventemitter,1.1.1,45,D,UNVERIFIED_PUBLISH_PATH,3,40057434,v0.2.0
zwitch,2.0.4,19,F,UNVERIFIED_PUBLISH_PATH|DORMANT|SINGLE_MAINTAINER,1,39941925,v0.2.0
eventsource-parser,3.1.0,73,B,SINGLE_MAINTAINER,1,39913743,v0.2.0
micromark-util-classify-character,2.0.1,19,F,UNVERIFIED_PUBLISH_PATH|DORMANT|SINGLE_MAINTAINER,1,39689570,v0.2.0
remark-parse,11.0.0,33,F,UNVERIFIED_PUBLISH_PATH|DORMANT,3,39689514,v0.2.0
micromark-util-decode-numeric-character-reference,2.0.2,19,F,UNVERIFIED_PUBLISH_PATH|DORMANT|SINGLE_MAINTAINER,1,39594608,v0.2.0
micromark-util-subtokenize,2.1.0,25,F,UNVERIFIED_PUBLISH_PATH|SINGLE_MAINTAINER,1,39518316,v0.2.0
micromark-factory-whitespace,2.0.1,19,F,UNVERIFIED_PUBLISH_PATH|DORMANT|SINGLE_MAINTAINER,1,39500351,v0.2.0
micromark-factory-destination,2.0.1,19,F,UNVERIFIED_PUBLISH_PATH|DORMANT|SINGLE_MAINTAINER,1,39477454,v0.2.0
micromark-factory-label,2.0.1,19,F,UNVERIFIED_PUBLISH_PATH|DORMANT|SINGLE_MAINTAINER,1,39473386,v0.2.0
micromark-factory-title,2.0.1,19,F,UNVERIFIED_PUBLISH_PATH|DORMANT|SINGLE_MAINTAINER,1,39473110,v0.2.0
micromark-util-combine-extensions,2.0.1,19,F,UNVERIFIED_PUBLISH_PATH|DORMANT|SINGLE_MAINTAINER,1,39472780,v0.2.0
'@jest/test-result,30.4.1,45,D,UNVERIFIED_PUBLISH_PATH,5,39212302,v0.2.0
webpack,5.108.4,87,A,,8,39138222,v0.2.0
'@smithy/middleware-endpoint,4.6.9,84,B,INCONSISTENT_PUBLISH_PATH,2,38971262,v0.2.0
'@aws-sdk/signature-v4-multi-region,3.996.41,41,D,UNVERIFIED_PUBLISH_PATH,2,38970483,v0.2.0
'@sindresorhus/is,8.1.0,25,F,UNVERIFIED_PUBLISH_PATH|SINGLE_MAINTAINER,1,38929218,v0.2.0
react-router,8.2.0,88,A,,2,38806734,v0.2.0
jsonwebtoken,9.0.3,27,F,UNVERIFIED_PUBLISH_PATH|SINGLE_MAINTAINER|PUBLISHER_NOT_MAINTAINER,1,38707651,v0.2.0
bail,2.0.2,19,F,UNVERIFIED_PUBLISH_PATH|DORMANT|SINGLE_MAINTAINER,1,38572054,v0.2.0
'@smithy/util-stream,4.7.9,84,B,INCONSISTENT_PUBLISH_PATH,2,38524410,v0.2.0
'@testing-library/user-event,14.6.1,39,D,UNVERIFIED_PUBLISH_PATH,17,38451604,v0.2.0
'@smithy/middleware-serde,4.4.9,84,B,INCONSISTENT_PUBLISH_PATH,2,38332750,v0.2.0
'@tailwindcss/vite,4.3.2,89,A,,3,38241850,v0.2.0
decode-named-character-reference,1.3.0,25,F,UNVERIFIED_PUBLISH_PATH|SINGLE_MAINTAINER,1,38199527,v0.2.0
'@opentelemetry/sdk-logs,0.220.0,94,A,,6,38156783,v0.2.0
jszip,3.10.1,19,F,UNVERIFIED_PUBLISH_PATH|DORMANT|SINGLE_MAINTAINER|BRANCH_REQUIRES_PR,1,37940210,v0.2.0
mdast-util-to-hast,13.2.1,39,D,UNVERIFIED_PUBLISH_PATH,2,37892292,v0.2.0
vfile-message,4.0.3,25,F,UNVERIFIED_PUBLISH_PATH|SINGLE_MAINTAINER,1,37760044,v0.2.0
unist-util-position,5.0.0,33,F,UNVERIFIED_PUBLISH_PATH|DORMANT,2,37745613,v0.2.0
longest-streak,3.1.0,19,F,UNVERIFIED_PUBLISH_PATH|DORMANT|SINGLE_MAINTAINER,1,37678170,v0.2.0
'@hookform/resolvers,5.4.0,45,D,UNVERIFIED_PUBLISH_PATH,3,37314027,v0.2.0
'@aws-sdk/middleware-logger,3.972.33,41,D,UNVERIFIED_PUBLISH_PATH,2,37194887,v0.2.0
'@protobufjs/pool,1.1.0,34,F,UNVERIFIED_PUBLISH_PATH|DORMANT,2,37135076,v0.2.0
'@protobufjs/aspromise,1.1.2,34,F,UNVERIFIED_PUBLISH_PATH|DORMANT,2,37132999,v0.2.0
devlop,1.1.0,19,F,UNVERIFIED_PUBLISH_PATH|DORMANT|SINGLE_MAINTAINER,1,37124016,v0.2.0
sonner,2.0.7,25,F,UNVERIFIED_PUBLISH_PATH|SINGLE_MAINTAINER,1,37096173,v0.2.0
'@types/prop-types,15.7.15,33,F,UNVERIFIED_PUBLISH_PATH|SINGLE_MAINTAINER,1,37037892,v0.2.0
is-buffer,2.0.5,19,F,UNVERIFIED_PUBLISH_PATH|DORMANT|SINGLE_MAINTAINER,1,37032806,v0.2.0
'@aws-crypto/sha256-browser,5.2.0,40,D,UNVERIFIED_PUBLISH_PATH|DORMANT,2,36727657,v0.2.0
framer-motion,12.42.2,39,D,UNVERIFIED_PUBLISH_PATH,2,36721332,v0.2.0
crc-32,1.2.2,19,F,UNVERIFIED_PUBLISH_PATH|DORMANT|SINGLE_MAINTAINER,1,36629866,v0.2.0
handlebars,4.7.9,45,D,UNVERIFIED_PUBLISH_PATH,6,36494789,v0.2.0
'@types/body-parser,1.19.6,33,F,UNVERIFIED_PUBLISH_PATH|SINGLE_MAINTAINER,1,36372552,v0.2.0
character-entities-legacy,3.0.0,19,F,UNVERIFIED_PUBLISH_PATH|DORMANT|SINGLE_MAINTAINER,1,36343049,v0.2.0
'@opentelemetry/otlp-transformer,0.220.0,94,A,,6,36159673,v0.2.0
url-parse,1.5.10,39,D,UNVERIFIED_PUBLISH_PATH|DORMANT,4,36080554,v0.2.0
micromark-factory-space,2.0.1,19,F,UNVERIFIED_PUBLISH_PATH|DORMANT|SINGLE_MAINTAINER,1,35874794,v0.2.0
'@smithy/config-resolver,4.6.9,84,B,INCONSISTENT_PUBLISH_PATH,2,35837943,v0.2.0
'@standard-schema/utils,0.3.0,60,C,DORMANT,2,35785862,v0.2.0
'@xmldom/xmldom,0.9.10,31,F,UNVERIFIED_PUBLISH_PATH|SINGLE_MAINTAINER,1,35781556,v0.2.0
micromark,4.0.2,25,F,UNVERIFIED_PUBLISH_PATH|SINGLE_MAINTAINER,1,35704593,v0.2.0
redux,5.0.1,60,C,DORMANT,6,35417932,v0.2.0
'@smithy/querystring-builder,4.4.9,84,B,INCONSISTENT_PUBLISH_PATH,2,35347779,v0.2.0
inline-style-parser,0.2.9,80,B,SINGLE_MAINTAINER,1,35337685,v0.2.0
stringify-entities,4.0.4,19,F,UNVERIFIED_PUBLISH_PATH|DORMANT|SINGLE_MAINTAINER,1,35272544,v0.2.0
fast-diff,1.3.0,33,F,UNVERIFIED_PUBLISH_PATH|DORMANT,2,35180910,v0.2.0
character-entities-html4,2.1.0,19,F,UNVERIFIED_PUBLISH_PATH|DORMANT|SINGLE_MAINTAINER,1,35121303,v0.2.0
'@aws-sdk/region-config-resolver,3.972.37,41,D,UNVERIFIED_PUBLISH_PATH,2,35099176,v0.2.0
'@aws-sdk/middleware-sdk-s3,3.972.64,41,D,UNVERIFIED_PUBLISH_PATH,2,35078472,v0.2.0
unified,11.0.5,33,F,UNVERIFIED_PUBLISH_PATH|DORMANT,2,35013875,v0.2.0
zustand,5.0.14,82,B,,3,34940026,v0.2.0
bowser,2.14.1,68,C,SINGLE_MAINTAINER,1,34811657,v0.2.0
'@opentelemetry/sdk-metrics,2.9.0,94,A,,6,34808077,v0.2.0
hoist-non-react-statics,3.3.2,19,F,UNVERIFIED_PUBLISH_PATH|DORMANT|SINGLE_MAINTAINER,1,34751834,v0.2.0
node-forge,1.4.0,45,D,UNVERIFIED_PUBLISH_PATH,3,34651490,v0.2.0
'@smithy/middleware-content-length,4.4.9,84,B,INCONSISTENT_PUBLISH_PATH,2,34617651,v0.2.0
'@smithy/util-uri-escape,4.4.9,84,B,INCONSISTENT_PUBLISH_PATH,2,34562984,v0.2.0
'@smithy/property-provider,4.4.9,84,B,INCONSISTENT_PUBLISH_PATH,2,34528986,v0.2.0
jest-runner,30.4.2,45,D,UNVERIFIED_PUBLISH_PATH,5,34457521,v0.2.0
micromark-util-sanitize-uri,2.0.1,19,F,UNVERIFIED_PUBLISH_PATH|DORMANT|SINGLE_MAINTAINER,1,34429517,v0.2.0
'@types/http-errors,2.0.5,33,F,UNVERIFIED_PUBLISH_PATH|SINGLE_MAINTAINER,1,34291932,v0.2.0
'@jest/reporters,30.4.1,45,D,UNVERIFIED_PUBLISH_PATH,5,34148235,v0.2.0
'@emotion/memoize,0.9.0,34,F,UNVERIFIED_PUBLISH_PATH|DORMANT|PUBLISHER_NOT_MAINTAINER,2,34101113,v0.2.0
reflect-metadata,0.2.2,19,F,UNVERIFIED_PUBLISH_PATH|DORMANT|SINGLE_MAINTAINER,1,33850992,v0.2.0
react-smooth,4.0.4,33,F,UNVERIFIED_PUBLISH_PATH|DORMANT,4,33780774,v0.2.0
space-separated-tokens,2.0.2,19,F,UNVERIFIED_PUBLISH_PATH|DORMANT|SINGLE_MAINTAINER,1,33655266,v0.2.0
stylis,4.4.0,39,D,UNVERIFIED_PUBLISH_PATH,2,33625481,v0.2.0
ejs,6.0.1,26,F,UNVERIFIED_PUBLISH_PATH|SINGLE_MAINTAINER,1,33609458,v0.2.0
trim-lines,3.0.1,19,F,UNVERIFIED_PUBLISH_PATH|DORMANT|SINGLE_MAINTAINER,1,33604904,v0.2.0
html-entities,2.6.0,25,F,UNVERIFIED_PUBLISH_PATH|SINGLE_MAINTAINER,1,33557449,v0.2.0
jest,30.4.2,45,D,UNVERIFIED_PUBLISH_PATH,5,33480171,v0.2.0
'@aws-sdk/util-locate-window,3.965.8,41,D,UNVERIFIED_PUBLISH_PATH,2,33450368,v0.2.0
randombytes,2.1.0,33,F,UNVERIFIED_PUBLISH_PATH|DORMANT,5,33410633,v0.2.0
'@types/pg,8.20.0,33,F,UNVERIFIED_PUBLISH_PATH|SINGLE_MAINTAINER,1,33410426,v0.2.0
'@smithy/querystring-parser,4.4.9,84,B,INCONSISTENT_PUBLISH_PATH,2,33310036,v0.2.0
jest-changed-files,30.4.1,45,D,UNVERIFIED_PUBLISH_PATH,5,33074028,v0.2.0
svgo,4.0.2,39,D,UNVERIFIED_PUBLISH_PATH,4,32809480,v0.2.0
'@types/lodash,4.17.24,33,F,UNVERIFIED_PUBLISH_PATH|SINGLE_MAINTAINER,1,32642728,v0.2.0
micromark-util-chunked,2.0.1,19,F,UNVERIFIED_PUBLISH_PATH|DORMANT|SINGLE_MAINTAINER,1,32641806,v0.2.0
'@smithy/smithy-client,4.14.9,84,B,INCONSISTENT_PUBLISH_PATH,2,32616620,v0.2.0
micromark-util-resolve-all,2.0.1,19,F,UNVERIFIED_PUBLISH_PATH|DORMANT|SINGLE_MAINTAINER,1,32537295,v0.2.0
micromark-core-commonmark,2.0.3,25,F,UNVERIFIED_PUBLISH_PATH|SINGLE_MAINTAINER,1,32531845,v0.2.0
micromark-util-normalize-identifier,2.0.1,19,F,UNVERIFIED_PUBLISH_PATH|DORMANT|SINGLE_MAINTAINER,1,32470862,v0.2.0
micromark-util-html-tag-name,2.0.1,19,F,UNVERIFIED_PUBLISH_PATH|DORMANT|SINGLE_MAINTAINER,1,32425671,v0.2.0
ccount,2.0.1,19,F,UNVERIFIED_PUBLISH_PATH|DORMANT|SINGLE_MAINTAINER,1,32088867,v0.2.0
'@modelcontextprotocol/sdk,1.29.0,89,A,BRANCH_REQUIRES_PR,6,32057617,v0.2.0
'@smithy/util-base64,4.5.9,84,B,INCONSISTENT_PUBLISH_PATH,2,32050207,v0.2.0
mdast-util-to-markdown,2.1.2,33,F,UNVERIFIED_PUBLISH_PATH|DORMANT,2,31986740,v0.2.0
psl,1.15.0,25,F,UNVERIFIED_PUBLISH_PATH|DORMANT|SINGLE_MAINTAINER,1,31809984,v0.2.0
motion-dom,12.42.2,25,F,UNVERIFIED_PUBLISH_PATH|SINGLE_MAINTAINER,1,31807584,v0.2.0
immutable,5.1.9,93,A,,2,31676870,v0.2.0
trough,2.2.0,19,F,UNVERIFIED_PUBLISH_PATH|DORMANT|SINGLE_MAINTAINER,1,31621412,v0.2.0
'@octokit/request-error,7.1.0,63,C,SINGLE_MAINTAINER,1,31572476,v0.2.0
micromark-extension-gfm-table,2.1.1,19,F,UNVERIFIED_PUBLISH_PATH|DORMANT|SINGLE_MAINTAINER,1,31468546,v0.2.0
micromark-util-decode-string,2.0.1,19,F,UNVERIFIED_PUBLISH_PATH|DORMANT|SINGLE_MAINTAINER,1,31450474,v0.2.0
cookie-es,3.1.1,25,F,UNVERIFIED_PUBLISH_PATH|SINGLE_MAINTAINER,1,31203704,v0.2.0
micromark-extension-gfm-autolink-literal,2.1.0,19,F,UNVERIFIED_PUBLISH_PATH|DORMANT|SINGLE_MAINTAINER,1,30953316,v0.2.0
p-retry,8.0.0,25,F,UNVERIFIED_PUBLISH_PATH|SINGLE_MAINTAINER,1,30929723,v0.2.0
'@smithy/url-parser,4.4.9,84,B,INCONSISTENT_PUBLISH_PATH,2,30926024,v0.2.0
lodash-es,4.18.1,45,D,UNVERIFIED_PUBLISH_PATH,3,30816533,v0.2.0
'@smithy/middleware-stack,4.4.9,84,B,INCONSISTENT_PUBLISH_PATH,2,30780680,v0.2.0
'@smithy/util-retry,4.5.9,84,B,INCONSISTENT_PUBLISH_PATH,2,30526270,v0.2.0
micromark-extension-gfm-task-list-item,2.1.0,19,F,UNVERIFIED_PUBLISH_PATH|DORMANT|SINGLE_MAINTAINER,1,30200192,v0.2.0
'@smithy/util-hex-encoding,4.4.9,84,B,INCONSISTENT_PUBLISH_PATH,2,30094822,v0.2.0
reselect,5.2.0,87,A,,6,30065516,v0.2.0
mdast-util-gfm,3.1.0,39,D,UNVERIFIED_PUBLISH_PATH,2,30027865,v0.2.0
he,1.2.0,33,F,UNVERIFIED_PUBLISH_PATH|DORMANT,2,29992317,v0.2.0
tweetnacl,1.0.3,19,F,UNVERIFIED_PUBLISH_PATH|DORMANT|SINGLE_MAINTAINER,1,29961373,v0.2.0
'@aws-crypto/supports-web-crypto,5.2.0,40,D,UNVERIFIED_PUBLISH_PATH|DORMANT,2,29839689,v0.2.0
micromark-extension-gfm,3.0.0,19,F,UNVERIFIED_PUBLISH_PATH|DORMANT|SINGLE_MAINTAINER,1,29768969,v0.2.0
mdast-util-gfm-autolink-literal,2.0.1,33,F,UNVERIFIED_PUBLISH_PATH|DORMANT,2,29741271,v0.2.0
micromark-extension-gfm-tagfilter,2.0.0,19,F,UNVERIFIED_PUBLISH_PATH|DORMANT|SINGLE_MAINTAINER,1,29721673,v0.2.0
hast-util-whitespace,3.0.0,33,F,UNVERIFIED_PUBLISH_PATH|DORMANT,2,29700200,v0.2.0
'@emotion/unitless,0.10.0,34,F,UNVERIFIED_PUBLISH_PATH|DORMANT|PUBLISHER_NOT_MAINTAINER,2,29674375,v0.2.0
'@smithy/middleware-retry,4.7.9,84,B,INCONSISTENT_PUBLISH_PATH,2,29662336,v0.2.0
remark-gfm,4.0.1,39,D,UNVERIFIED_PUBLISH_PATH,3,29498959,v0.2.0
mdast-util-phrasing,4.1.0,33,F,UNVERIFIED_PUBLISH_PATH|DORMANT,2,29490586,v0.2.0
style-to-object,2.0.2,76,B,INCONSISTENT_PUBLISH_PATH|SINGLE_MAINTAINER,1,29477063,v0.2.0
'@smithy/util-defaults-mode-browser,4.5.9,84,B,INCONSISTENT_PUBLISH_PATH,2,28954996,v0.2.0
'@opentelemetry/otlp-exporter-base,0.220.0,94,A,BRANCH_REQUIRES_PR,6,28919780,v0.2.0
json-schema-typed,8.0.2,25,F,UNVERIFIED_PUBLISH_PATH|SINGLE_MAINTAINER,1,28843422,v0.2.0
'@smithy/invalid-dependency,4.4.9,84,B,INCONSISTENT_PUBLISH_PATH,2,28611317,v0.2.0
'@protobufjs/inquire,1.1.2,45,D,UNVERIFIED_PUBLISH_PATH,3,28401623,v0.2.0
promise,8.3.0,33,F,UNVERIFIED_PUBLISH_PATH|DORMANT,2,28307399,v0.2.0
'@octokit/plugin-paginate-rest,14.0.0,63,C,SINGLE_MAINTAINER,1,28185505,v0.2.0
embla-carousel,8.6.0,25,F,UNVERIFIED_PUBLISH_PATH|SINGLE_MAINTAINER,1,28171539,v0.2.0
mdast-util-gfm-footnote,2.1.0,39,D,UNVERIFIED_PUBLISH_PATH,2,27905365,v0.2.0
recharts-scale,0.4.5,33,F,UNVERIFIED_PUBLISH_PATH|DORMANT,2,27620136,v0.2.0
vite-node,6.0.0,82,B,,5,27612759,v0.2.0
p-queue,9.3.1,25,F,UNVERIFIED_PUBLISH_PATH|SINGLE_MAINTAINER,1,27573935,v0.2.0
'@smithy/util-endpoints,3.6.9,84,B,INCONSISTENT_PUBLISH_PATH,2,27564739,v0.2.0
remark-rehype,11.1.2,39,D,UNVERIFIED_PUBLISH_PATH,3,27436172,v0.2.0
'@smithy/util-body-length-browser,4.4.9,84,B,INCONSISTENT_PUBLISH_PATH,2,27426695,v0.2.0
classnames,2.5.1,65,C,DORMANT,2,27125082,v0.2.0
ua-parser-js,2.0.10,73,B,SINGLE_MAINTAINER,1,27123574,v0.2.0
markdown-table,3.0.4,19,F,UNVERIFIED_PUBLISH_PATH|DORMANT|SINGLE_MAINTAINER,1,26816981,v0.2.0
es-toolkit,1.49.0,95,A,BRANCH_REQUIRES_PR,3,26726718,v0.2.0
openai,6.47.0,90,A,INCONSISTENT_PUBLISH_PATH,17,26671548,v0.2.0
'@smithy/service-error-classification,4.5.9,84,B,INCONSISTENT_PUBLISH_PATH,2,26574766,v0.2.0
moment,2.30.1,28,F,UNVERIFIED_PUBLISH_PATH|DORMANT,5,26469093,v0.2.0
'@emotion/hash,0.9.2,34,F,UNVERIFIED_PUBLISH_PATH|DORMANT|PUBLISHER_NOT_MAINTAINER,2,26372018,v0.2.0
uc.micro,2.1.0,19,F,UNVERIFIED_PUBLISH_PATH|DORMANT|SINGLE_MAINTAINER,1,26357017,v0.2.0
'@aws-sdk/client-s3,3.1088.0,41,D,UNVERIFIED_PUBLISH_PATH,2,26174154,v0.2.0
strtok3,10.3.5,25,F,UNVERIFIED_PUBLISH_PATH|SINGLE_MAINTAINER,1,25992854,v0.2.0
cross-fetch,4.1.0,25,F,UNVERIFIED_PUBLISH_PATH|DORMANT|SINGLE_MAINTAINER,1,25985736,v0.2.0
luxon,3.7.2,39,D,UNVERIFIED_PUBLISH_PATH,2,25968076,v0.2.0
dateformat,5.0.3,33,F,UNVERIFIED_PUBLISH_PATH|DORMANT,6,25941626,v0.2.0
ts-dedent,2.3.0,68,C,SINGLE_MAINTAINER,1,25783852,v0.2.0
highlight.js,11.11.1,39,D,UNVERIFIED_PUBLISH_PATH|DORMANT,4,25717933,v0.2.0
'@octokit/request,10.0.11,79,B,SINGLE_MAINTAINER,1,25626007,v0.2.0
d3-dispatch,3.0.1,33,F,UNVERIFIED_PUBLISH_PATH|DORMANT,2,25598384,v0.2.0
'@jridgewell/set-array,1.2.1,19,F,UNVERIFIED_PUBLISH_PATH|DORMANT|SINGLE_MAINTAINER,1,25560098,v0.2.0
'@emotion/is-prop-valid,1.4.0,40,D,UNVERIFIED_PUBLISH_PATH|PUBLISHER_NOT_MAINTAINER,2,25548195,v0.2.0
token-types,6.1.2,25,F,UNVERIFIED_PUBLISH_PATH|SINGLE_MAINTAINER,1,25498448,v0.2.0
'@types/semver,7.7.1,33,F,UNVERIFIED_PUBLISH_PATH|SINGLE_MAINTAINER,1,25375372,v0.2.0
date-fns-jalali,4.4.0-0,26,F,UNVERIFIED_PUBLISH_PATH|SINGLE_MAINTAINER,1,25359554,v0.2.0
recast,0.23.12,39,D,UNVERIFIED_PUBLISH_PATH,2,25271457,v0.2.0
'@sentry/browser,10.65.0,27,F,UNVERIFIED_PUBLISH_PATH|SINGLE_MAINTAINER|BRANCH_REQUIRES_PR,1,25269502,v0.2.0
hookable,6.1.1,39,D,UNVERIFIED_PUBLISH_PATH,2,25246431,v0.2.0
teeny-request,10.1.3,46,D,UNVERIFIED_PUBLISH_PATH,4,25131078,v0.2.0
big.js,7.0.1,25,F,UNVERIFIED_PUBLISH_PATH|SINGLE_MAINTAINER,1,25037093,v0.2.0
pluralize,8.0.0,25,F,UNVERIFIED_PUBLISH_PATH|DORMANT|SINGLE_MAINTAINER,1,24900979,v0.2.0
mdast-util-gfm-table,2.0.0,33,F,UNVERIFIED_PUBLISH_PATH|DORMANT,2,24804190,v0.2.0
micromark-extension-gfm-strikethrough,2.1.0,19,F,UNVERIFIED_PUBLISH_PATH|DORMANT|SINGLE_MAINTAINER,1,24783683,v0.2.0
mdast-util-gfm-strikethrough,2.0.0,33,F,UNVERIFIED_PUBLISH_PATH|DORMANT,2,24772200,v0.2.0
mdurl,2.0.0,19,F,UNVERIFIED_PUBLISH_PATH|DORMANT|SINGLE_MAINTAINER,1,24761250,v0.2.0
mdast-util-gfm-task-list-item,2.0.0,33,F,UNVERIFIED_PUBLISH_PATH|DORMANT,2,24742115,v0.2.0
'@azure/abort-controller,2.2.0,47,D,UNVERIFIED_PUBLISH_PATH,3,24695813,v0.2.0
'@smithy/util-config-provider,4.4.9,84,B,INCONSISTENT_PUBLISH_PATH,2,24681412,v0.2.0
mdast-util-find-and-replace,3.0.2,33,F,UNVERIFIED_PUBLISH_PATH|DORMANT,2,24601203,v0.2.0
'@octokit/endpoint,11.0.3,79,B,SINGLE_MAINTAINER,1,24386033,v0.2.0
d3-selection,3.0.0,33,F,UNVERIFIED_PUBLISH_PATH|DORMANT,2,24376402,v0.2.0
http-proxy-middleware,4.2.0,73,B,SINGLE_MAINTAINER,1,24343607,v0.2.0
redux-thunk,3.1.0,33,F,UNVERIFIED_PUBLISH_PATH|DORMANT,5,24318615,v0.2.0
motion-utils,12.39.0,25,F,UNVERIFIED_PUBLISH_PATH|SINGLE_MAINTAINER,1,24131837,v0.2.0
micromark-extension-gfm-footnote,2.1.0,19,F,UNVERIFIED_PUBLISH_PATH|DORMANT|SINGLE_MAINTAINER,1,23905758,v0.2.0
'@anthropic-ai/sdk,0.111.0,90,A,INCONSISTENT_PUBLISH_PATH,13,23787675,v0.2.0
markdown-it,14.3.0,25,F,UNVERIFIED_PUBLISH_PATH|SINGLE_MAINTAINER,1,23784335,v0.2.0
preact,10.29.7,79,B,INCONSISTENT_PUBLISH_PATH,6,23720696,v0.2.0
underscore,1.13.8,45,D,UNVERIFIED_PUBLISH_PATH,2,23718890,v0.2.0
lodash.clonedeep,4.5.0,34,F,UNVERIFIED_PUBLISH_PATH|DORMANT,2,23713186,v0.2.0
fast-check,4.9.0,81,B,SINGLE_MAINTAINER,1,23655814,v0.2.0
'@js-sdsl/ordered-map,4.4.2,28,F,UNVERIFIED_PUBLISH_PATH|DORMANT,2,23617047,v0.2.0
react-redux,9.3.0,87,A,,5,23435974,v0.2.0
'@vue/shared,3.5.40,64,C,INCONSISTENT_PUBLISH_PATH|SINGLE_MAINTAINER,1,23333026,v0.2.0
lodash.uniq,4.5.0,34,F,UNVERIFIED_PUBLISH_PATH|DORMANT,2,23308485,v0.2.0
d3-transition,3.0.1,33,F,UNVERIFIED_PUBLISH_PATH|DORMANT,2,23247380,v0.2.0
'@remix-run/router,1.23.3,74,B,SINGLE_MAINTAINER,1,23241277,v0.2.0
linkify-it,6.0.0,25,F,UNVERIFIED_PUBLISH_PATH|SINGLE_MAINTAINER,1,22818205,v0.2.0
seroval,1.5.5,34,F,UNVERIFIED_PUBLISH_PATH,2,22803599,v0.2.0
sass,1.101.0,87,A,,2,22639036,v0.2.0
hast-util-to-jsx-runtime,2.3.6,39,D,UNVERIFIED_PUBLISH_PATH,2,22516065,v0.2.0
'@reduxjs/toolkit,2.12.0,87,A,,6,22506641,v0.2.0
whatwg-fetch,3.6.20,20,F,UNVERIFIED_PUBLISH_PATH|DORMANT|SINGLE_MAINTAINER|PUBLISHER_NOT_MAINTAINER,1,22499448,v0.2.0
d3-zoom,3.0.0,33,F,UNVERIFIED_PUBLISH_PATH|DORMANT,2,22480557,v0.2.0
unenv,1.10.0,26,F,UNVERIFIED_PUBLISH_PATH|DORMANT|SINGLE_MAINTAINER,1,22469321,v0.2.0
'@angular-devkit/core,22.0.7,45,D,UNVERIFIED_PUBLISH_PATH,2,22379420,v0.2.0
'@aws-sdk/client-sso,3.1088.0,41,D,UNVERIFIED_PUBLISH_PATH,2,22314201,v0.2.0
'@noble/curves,2.2.0,79,B,SINGLE_MAINTAINER,1,22299356,v0.2.0
web-vitals,5.3.0,39,D,UNVERIFIED_PUBLISH_PATH,3,22138462,v0.2.0
socket.io-parser,4.2.7,93,A,,2,22134035,v0.2.0
crossws,0.4.10,20,F,UNVERIFIED_PUBLISH_PATH|SINGLE_MAINTAINER,1,22046469,v0.2.0
big-integer,1.6.52,19,F,UNVERIFIED_PUBLISH_PATH|DORMANT|SINGLE_MAINTAINER,1,21767318,v0.2.0
tabbable,6.5.0,93,A,,2,21736424,v0.2.0
msgpackr,2.0.4,31,F,UNVERIFIED_PUBLISH_PATH|SINGLE_MAINTAINER,1,21718294,v0.2.0
'@sentry/node,10.65.0,27,F,UNVERIFIED_PUBLISH_PATH|SINGLE_MAINTAINER,1,21367400,v0.2.0
hash.js,1.1.7,19,F,UNVERIFIED_PUBLISH_PATH|DORMANT|SINGLE_MAINTAINER,1,21220297,v0.2.0
mitt,3.0.1,19,F,UNVERIFIED_PUBLISH_PATH|DORMANT|SINGLE_MAINTAINER,1,21060904,v0.2.0
'@vue/compiler-core,3.5.40,74,B,SINGLE_MAINTAINER,1,21006446,v0.2.0
'@aws-sdk/middleware-flexible-checksums,3.974.43,41,D,UNVERIFIED_PUBLISH_PATH,2,20998737,v0.2.0
cheerio,1.2.0,40,D,UNVERIFIED_PUBLISH_PATH|PUBLISHER_NOT_MAINTAINER,2,20945567,v0.2.0
html-void-elements,3.0.0,19,F,UNVERIFIED_PUBLISH_PATH|DORMANT|SINGLE_MAINTAINER,1,20934017,v0.2.0
react-markdown,10.1.0,39,D,UNVERIFIED_PUBLISH_PATH,3,20921220,v0.2.0
destr,2.0.5,25,F,UNVERIFIED_PUBLISH_PATH|SINGLE_MAINTAINER,1,20728774,v0.2.0
js-cookie,3.0.8,93,A,,2,20606386,v0.2.0
'@tanstack/router-core,1.171.15,89,A,,3,20590485,v0.2.0
superagent,10.3.0,45,D,UNVERIFIED_PUBLISH_PATH,7,20327923,v0.2.0
async-retry,1.3.3,28,F,UNVERIFIED_PUBLISH_PATH|DORMANT|PUBLISHER_NOT_MAINTAINER,2,20269911,v0.2.0
hash-base,3.1.2,39,D,UNVERIFIED_PUBLISH_PATH,4,20268932,v0.2.0
proto3-json-serializer,3.0.5,32,F,UNVERIFIED_PUBLISH_PATH|SINGLE_MAINTAINER,1,20234220,v0.2.0
robust-predicates,3.0.3,25,F,UNVERIFIED_PUBLISH_PATH|SINGLE_MAINTAINER,1,20223526,v0.2.0
asn1.js,5.4.1,33,F,UNVERIFIED_PUBLISH_PATH|DORMANT,2,20040742,v0.2.0
sha.js,2.4.12,39,D,UNVERIFIED_PUBLISH_PATH,3,19808199,v0.2.0
decode-uri-component,0.5.0,25,F,UNVERIFIED_PUBLISH_PATH|SINGLE_MAINTAINER,1,19795763,v0.2.0
'@noble/ciphers,2.2.0,79,B,SINGLE_MAINTAINER,1,19747777,v0.2.0
prismjs,1.30.0,45,D,UNVERIFIED_PUBLISH_PATH,8,19585630,v0.2.0
tagged-tag,1.0.0,25,F,UNVERIFIED_PUBLISH_PATH|SINGLE_MAINTAINER,1,19574750,v0.2.0
'@sentry/opentelemetry,10.65.0,27,F,UNVERIFIED_PUBLISH_PATH|SINGLE_MAINTAINER,1,19559456,v0.2.0
isbot,5.2.1,45,D,UNVERIFIED_PUBLISH_PATH,2,19516057,v0.2.0
libphonenumber-js,1.13.8,36,D,INCONSISTENT_PUBLISH_PATH|SINGLE_MAINTAINER|PUBLISHER_NOT_MAINTAINER,1,19419166,v0.2.0
'@azure/msal-common,16.11.2,47,D,UNVERIFIED_PUBLISH_PATH,3,19377119,v0.2.0
stackframe,1.3.4,33,F,UNVERIFIED_PUBLISH_PATH|DORMANT,4,19330679,v0.2.0
devtools-protocol,0.0.1663043,87,A,,3,19313726,v0.2.0
error-stack-parser,2.1.4,33,F,UNVERIFIED_PUBLISH_PATH|DORMANT,5,19249345,v0.2.0
html-url-attributes,3.0.1,33,F,UNVERIFIED_PUBLISH_PATH|DORMANT,3,19240875,v0.2.0
'@sentry-internal/feedback,10.57.0,27,F,UNVERIFIED_PUBLISH_PATH|SINGLE_MAINTAINER|BRANCH_REQUIRES_PR,1,19109224,v0.2.0
google-gax,5.0.7,46,D,UNVERIFIED_PUBLISH_PATH,3,19100282,v0.2.0
'@sentry-internal/replay-canvas,10.57.0,27,F,UNVERIFIED_PUBLISH_PATH|SINGLE_MAINTAINER|BRANCH_REQUIRES_PR,1,19043522,v0.2.0
'@vue/compiler-sfc,3.5.40,74,B,SINGLE_MAINTAINER,1,19041634,v0.2.0
lodash.isequal,4.5.0,34,F,UNVERIFIED_PUBLISH_PATH|DORMANT|DEPRECATED,2,19037727,v0.2.0
'@supabase/postgrest-js,2.110.6,89,A,BRANCH_REQUIRES_PR,2,19004352,v0.2.0
d3-drag,3.0.0,33,F,UNVERIFIED_PUBLISH_PATH|DORMANT,2,18967397,v0.2.0
'@supabase/functions-js,2.110.6,89,A,BRANCH_REQUIRES_PR,2,18865383,v0.2.0
validator,13.15.35,93,A,,3,18808058,v0.2.0
'@supabase/supabase-js,2.110.6,89,A,BRANCH_REQUIRES_PR,2,18766637,v0.2.0
'@dnd-kit/sortable,10.0.0,14,F,UNVERIFIED_PUBLISH_PATH|DORMANT|SINGLE_MAINTAINER,1,18722020,v0.2.0
'@formatjs/intl-localematcher,0.8.13,66,C,,3,18669931,v0.2.0
perfect-debounce,2.1.0,25,F,UNVERIFIED_PUBLISH_PATH|SINGLE_MAINTAINER,1,18490154,v0.2.0
pdfjs-dist,6.1.200,94,A,,5,18192963,v0.2.0
msw,2.15.0,68,C,SINGLE_MAINTAINER,1,18131011,v0.2.0
json-schema-to-ts,3.1.1,19,F,UNVERIFIED_PUBLISH_PATH|DORMANT|SINGLE_MAINTAINER,1,18036120,v0.2.0
'@opentelemetry/exporter-trace-otlp-http,0.220.0,94,A,,6,17985175,v0.2.0
ioredis,5.11.1,39,D,UNVERIFIED_PUBLISH_PATH,2,17982792,v0.2.0
storybook,10.5.0,90,A,INCONSISTENT_PUBLISH_PATH,8,17957577,v0.2.0
d3-hierarchy,3.1.2,33,F,UNVERIFIED_PUBLISH_PATH|DORMANT,2,17774708,v0.2.0
fecha,4.2.3,19,F,UNVERIFIED_PUBLISH_PATH|DORMANT|SINGLE_MAINTAINER,1,17715628,v0.2.0
'@sentry-internal/browser-utils,10.57.0,27,F,UNVERIFIED_PUBLISH_PATH|SINGLE_MAINTAINER|BRANCH_REQUIRES_PR,1,17612934,v0.2.0
'@sentry-internal/replay,10.57.0,27,F,UNVERIFIED_PUBLISH_PATH|SINGLE_MAINTAINER|BRANCH_REQUIRES_PR,1,17566363,v0.2.0
'@puppeteer/browsers,3.0.6,93,A,,2,17405482,v0.2.0
effect,3.22.0,82,B,BRANCH_REQUIRES_PR,2,17389279,v0.2.0
unstorage,1.17.5,27,F,UNVERIFIED_PUBLISH_PATH|SINGLE_MAINTAINER,1,17360727,v0.2.0
cheerio-select,2.1.0,14,F,UNVERIFIED_PUBLISH_PATH|DORMANT|SINGLE_MAINTAINER|PUBLISHER_NOT_MAINTAINER,1,17359019,v0.2.0
isomorphic-ws,5.0.0,19,F,UNVERIFIED_PUBLISH_PATH|DORMANT|SINGLE_MAINTAINER,1,17254711,v0.2.0
'@emotion/cache,11.14.0,34,F,UNVERIFIED_PUBLISH_PATH|DORMANT|PUBLISHER_NOT_MAINTAINER,2,17200562,v0.2.0
colord,2.9.3,20,F,UNVERIFIED_PUBLISH_PATH|DORMANT|SINGLE_MAINTAINER,1,17199906,v0.2.0
punycode.js,2.3.1,33,F,UNVERIFIED_PUBLISH_PATH|DORMANT,2,17143351,v0.2.0
'@shikijs/langs,4.3.1,82,B,,3,17056662,v0.2.0
debounce,3.0.0,25,F,UNVERIFIED_PUBLISH_PATH|SINGLE_MAINTAINER,1,17005365,v0.2.0
joi,18.2.3,39,D,UNVERIFIED_PUBLISH_PATH,6,16970577,v0.2.0
d3-quadtree,3.0.1,33,F,UNVERIFIED_PUBLISH_PATH|DORMANT,2,16938177,v0.2.0
crypto-js,4.2.0,19,F,UNVERIFIED_PUBLISH_PATH|DORMANT|SINGLE_MAINTAINER,1,16915242,v0.2.0
'@socket.io/component-emitter,3.1.2,19,F,UNVERIFIED_PUBLISH_PATH|DORMANT|SINGLE_MAINTAINER,1,16856990,v0.2.0
'@vue/compiler-dom,3.5.40,74,B,SINGLE_MAINTAINER,1,16802307,v0.2.0
katex,0.17.0,39,D,UNVERIFIED_PUBLISH_PATH,7,16645299,v0.2.0
jwt-decode,4.0.0,40,D,UNVERIFIED_PUBLISH_PATH|DORMANT|BRANCH_REQUIRES_SIGNATURES|BRANCH_REQUIRES_PR,21,16630013,v0.2.0
d3-delaunay,6.0.4,33,F,UNVERIFIED_PUBLISH_PATH|DORMANT,3,16605747,v0.2.0
'@formatjs/icu-messageformat-parser,3.5.15,82,B,BRANCH_REQUIRES_PR,3,16601628,v0.2.0
d3-force,3.0.0,33,F,UNVERIFIED_PUBLISH_PATH|DORMANT,2,16570771,v0.2.0
'@formatjs/icu-skeleton-parser,2.1.11,82,B,BRANCH_REQUIRES_PR,3,16524506,v0.2.0
'@tanstack/react-router,1.170.18,89,A,,3,16520549,v0.2.0
idb,8.0.3,20,F,UNVERIFIED_PUBLISH_PATH|SINGLE_MAINTAINER,1,16515280,v0.2.0
qrcode,1.5.4,33,F,UNVERIFIED_PUBLISH_PATH|DORMANT,2,16452398,v0.2.0
'@mswjs/interceptors,0.41.9,68,C,SINGLE_MAINTAINER,1,16404434,v0.2.0
'@tanstack/table-core,8.21.3,78,B,,3,16347797,v0.2.0
'@storybook/react,10.5.0,90,A,INCONSISTENT_PUBLISH_PATH,12,16345254,v0.2.0
'@azure/core-rest-pipeline,1.25.0,47,D,UNVERIFIED_PUBLISH_PATH,3,16340341,v0.2.0
d3-geo,3.1.1,33,F,UNVERIFIED_PUBLISH_PATH|DORMANT,2,16259611,v0.2.0
'@tanstack/start-plugin-core,1.171.20,79,B,INCONSISTENT_PUBLISH_PATH,3,16223546,v0.2.0
'@tanstack/react-start,1.168.28,79,B,INCONSISTENT_PUBLISH_PATH,3,16219343,v0.2.0
es6-promise,4.2.8,33,F,UNVERIFIED_PUBLISH_PATH|DORMANT,2,16140403,v0.2.0
'@tailwindcss/typography,0.5.20,87,A,,3,16108417,v0.2.0
xmlbuilder2,4.0.3,39,D,UNVERIFIED_PUBLISH_PATH,2,16091238,v0.2.0
w3c-keyname,2.2.8,19,F,UNVERIFIED_PUBLISH_PATH|DORMANT|SINGLE_MAINTAINER,1,15919981,v0.2.0
'@supabase/storage-js,2.110.6,89,A,BRANCH_REQUIRES_PR,2,15850457,v0.2.0
'@supabase/realtime-js,2.110.6,89,A,BRANCH_REQUIRES_PR,2,15848362,v0.2.0
jquery,4.0.0,45,D,UNVERIFIED_PUBLISH_PATH,5,15847799,v0.2.0
shallowequal,1.1.0,19,F,UNVERIFIED_PUBLISH_PATH|DORMANT|SINGLE_MAINTAINER,1,15843382,v0.2.0
'@supabase/auth-js,2.110.6,89,A,BRANCH_REQUIRES_PR,2,15812822,v0.2.0
chromium-bidi,17.0.2,93,A,,2,15691627,v0.2.0
dijkstrajs,1.0.3,19,F,UNVERIFIED_PUBLISH_PATH|DORMANT|SINGLE_MAINTAINER,1,15649571,v0.2.0
'@dnd-kit/core,6.3.1,14,F,UNVERIFIED_PUBLISH_PATH|DORMANT|SINGLE_MAINTAINER,1,15637130,v0.2.0
layout-base,2.0.1,33,F,UNVERIFIED_PUBLISH_PATH|DORMANT,6,15602118,v0.2.0
cose-base,2.2.0,19,F,UNVERIFIED_PUBLISH_PATH|DORMANT|SINGLE_MAINTAINER,1,15591667,v0.2.0
'@dnd-kit/utilities,3.2.2,14,F,UNVERIFIED_PUBLISH_PATH|DORMANT|SINGLE_MAINTAINER,1,15536336,v0.2.0
shiki,4.3.1,82,B,,4,15492457,v0.2.0
'@angular-devkit/schematics,22.0.7,45,D,UNVERIFIED_PUBLISH_PATH,2,15451554,v0.2.0
ts-algebra,2.0.0,19,F,UNVERIFIED_PUBLISH_PATH|DORMANT|SINGLE_MAINTAINER,1,15434137,v0.2.0
engine.io-parser,5.2.3,71,B,DORMANT,2,15408320,v0.2.0
d3-dsv,3.0.1,33,F,UNVERIFIED_PUBLISH_PATH|DORMANT,2,15385668,v0.2.0
'@tanstack/react-table,8.21.3,78,B,,3,15320711,v0.2.0
loglevel,1.9.2,19,F,UNVERIFIED_PUBLISH_PATH|DORMANT|SINGLE_MAINTAINER,1,15185731,v0.2.0
'@shikijs/types,4.3.1,82,B,,3,15169830,v0.2.0
'@azure/core-util,1.14.0,47,D,UNVERIFIED_PUBLISH_PATH,3,15167763,v0.2.0
'@types/markdown-it,14.1.2,27,F,UNVERIFIED_PUBLISH_PATH|DORMANT|SINGLE_MAINTAINER,1,15023823,v0.2.0
csv-parse,7.0.1,73,B,SINGLE_MAINTAINER,1,15007648,v0.2.0
'@firebase/component,0.7.3,46,D,UNVERIFIED_PUBLISH_PATH,4,14935393,v0.2.0
mustache,4.2.0,33,F,UNVERIFIED_PUBLISH_PATH|DORMANT,3,14930507,v0.2.0
i18next,26.3.6,39,D,UNVERIFIED_PUBLISH_PATH,2,14928331,v0.2.0
'@formatjs/ecma402-abstract,3.2.0,87,A,BRANCH_REQUIRES_PR,3,14914335,v0.2.0
'@types/aws-lambda,8.10.162,33,F,UNVERIFIED_PUBLISH_PATH|SINGLE_MAINTAINER,1,14872152,v0.2.0
eventemitter2,6.4.9,33,F,UNVERIFIED_PUBLISH_PATH|DORMANT,2,14854790,v0.2.0
d3-polygon,3.0.1,33,F,UNVERIFIED_PUBLISH_PATH|DORMANT,2,14851990,v0.2.0
js-base64,3.9.1,31,F,UNVERIFIED_PUBLISH_PATH|SINGLE_MAINTAINER,1,14848285,v0.2.0
'@emotion/react,11.14.0,34,F,UNVERIFIED_PUBLISH_PATH|DORMANT|PUBLISHER_NOT_MAINTAINER,2,14780423,v0.2.0
d3-brush,3.0.0,33,F,UNVERIFIED_PUBLISH_PATH|DORMANT,2,14669347,v0.2.0
split-on-first,4.0.0,25,F,UNVERIFIED_PUBLISH_PATH|SINGLE_MAINTAINER,1,14662566,v0.2.0
'@azure/logger,1.4.0,47,D,UNVERIFIED_PUBLISH_PATH,3,14637758,v0.2.0
'@shikijs/engine-javascript,4.3.1,82,B,,3,14636170,v0.2.0
iceberg-js,1.0.0,80,B,SINGLE_MAINTAINER|BRANCH_REQUIRES_PR,1,14543139,v0.2.0
'@shikijs/vscode-textmate,10.0.2,40,D,UNVERIFIED_PUBLISH_PATH,3,14475513,v0.2.0
crelt,1.0.7,21,F,UNVERIFIED_PUBLISH_PATH|SINGLE_MAINTAINER,1,14465727,v0.2.0
puppeteer-core,25.3.0,93,A,,2,14442586,v0.2.0
prosemirror-view,1.42.1,21,F,UNVERIFIED_PUBLISH_PATH|SINGLE_MAINTAINER,1,14379408,v0.2.0
filter-obj,6.1.0,19,F,UNVERIFIED_PUBLISH_PATH|DORMANT|SINGLE_MAINTAINER,1,14320442,v0.2.0
crypt,0.0.2,19,F,UNVERIFIED_PUBLISH_PATH|DORMANT|SINGLE_MAINTAINER,1,14308175,v0.2.0
'@types/validator,13.15.10,33,F,UNVERIFIED_PUBLISH_PATH|SINGLE_MAINTAINER,1,14305366,v0.2.0
'@shikijs/engine-oniguruma,4.3.1,82,B,,3,14280974,v0.2.0
d3-chord,3.0.1,33,F,UNVERIFIED_PUBLISH_PATH|DORMANT,2,14271238,v0.2.0
prosemirror-transform,1.12.0,25,F,UNVERIFIED_PUBLISH_PATH|SINGLE_MAINTAINER,1,14221968,v0.2.0
'@azure/core-tracing,1.4.0,47,D,UNVERIFIED_PUBLISH_PATH,3,14098822,v0.2.0
html2canvas,1.4.1,14,F,UNVERIFIED_PUBLISH_PATH|DORMANT|SINGLE_MAINTAINER,1,13998894,v0.2.0
'@mui/utils,9.2.0,88,A,,10,13978485,v0.2.0
'@aws-sdk/client-sts,3.1088.0,41,D,UNVERIFIED_PUBLISH_PATH,2,13963800,v0.2.0
prosemirror-state,1.4.4,25,F,UNVERIFIED_PUBLISH_PATH|SINGLE_MAINTAINER,1,13858708,v0.2.0
prosemirror-keymap,1.2.3,25,F,UNVERIFIED_PUBLISH_PATH|SINGLE_MAINTAINER,1,13772803,v0.2.0
'@firebase/logger,0.5.1,46,D,UNVERIFIED_PUBLISH_PATH,4,13763699,v0.2.0
delaunator,5.1.0,46,D,UNVERIFIED_PUBLISH_PATH|BRANCH_REQUIRES_PR,29,13733310,v0.2.0
'@sentry/node-core,10.65.0,27,F,UNVERIFIED_PUBLISH_PATH|SINGLE_MAINTAINER,1,13692567,v0.2.0
valibot,1.4.2,79,B,SINGLE_MAINTAINER,1,13648345,v0.2.0
'@bufbuild/protobuf,2.12.1,77,B,INCONSISTENT_PUBLISH_PATH,5,13618021,v0.2.0
'@prisma/client,7.8.0,89,A,,4,13555868,v0.2.0
bson,7.3.1,94,A,,2,13509822,v0.2.0
d3-scale-chromatic,3.1.0,33,F,UNVERIFIED_PUBLISH_PATH|DORMANT,2,13471864,v0.2.0
rope-sequence,1.3.4,19,F,UNVERIFIED_PUBLISH_PATH|DORMANT|SINGLE_MAINTAINER,1,13422056,v0.2.0
moment-timezone,0.6.2,39,D,UNVERIFIED_PUBLISH_PATH,7,13367219,v0.2.0
'@faker-js/faker,10.5.0,89,A,,3,13152178,v0.2.0
resize-observer-polyfill,1.5.1,19,F,UNVERIFIED_PUBLISH_PATH|DORMANT|SINGLE_MAINTAINER,1,13139636,v0.2.0
slugify,1.6.9,39,D,UNVERIFIED_PUBLISH_PATH,3,13090593,v0.2.0
'@formatjs/fast-memoize,3.1.7,66,C,,3,13083683,v0.2.0
prosemirror-gapcursor,1.4.1,25,F,UNVERIFIED_PUBLISH_PATH|SINGLE_MAINTAINER,1,13016875,v0.2.0
hast-util-to-html,9.0.5,39,D,UNVERIFIED_PUBLISH_PATH,2,12997623,v0.2.0
rettime,0.11.11,68,C,SINGLE_MAINTAINER,1,12942224,v0.2.0
ramda,0.32.0,45,D,UNVERIFIED_PUBLISH_PATH,8,12791483,v0.2.0
swr,2.4.2,94,A,,3,12780518,v0.2.0
vue,3.5.40,78,B,INCONSISTENT_PUBLISH_PATH,2,12736618,v0.2.0
'@firebase/util,1.15.1,46,D,UNVERIFIED_PUBLISH_PATH,4,12692391,v0.2.0
klona,2.0.6,19,F,UNVERIFIED_PUBLISH_PATH|DORMANT|SINGLE_MAINTAINER,1,12690919,v0.2.0
mocha,11.7.6,77,B,INCONSISTENT_PUBLISH_PATH,2,12671342,v0.2.0
brorand,1.1.0,19,F,UNVERIFIED_PUBLISH_PATH|DORMANT|SINGLE_MAINTAINER,1,12653509,v0.2.0
core-js-pure,3.49.0,31,F,UNVERIFIED_PUBLISH_PATH|SINGLE_MAINTAINER,1,12647084,v0.2.0
'@azure/core-auth,1.11.0,47,D,UNVERIFIED_PUBLISH_PATH,3,12617584,v0.2.0
'@shikijs/core,4.3.1,82,B,,3,12594708,v0.2.0
linkifyjs,4.3.3,79,B,SINGLE_MAINTAINER,1,12579372,v0.2.0
connect,3.7.0,25,F,UNVERIFIED_PUBLISH_PATH|DORMANT|SINGLE_MAINTAINER,1,12552040,v0.2.0
npm,12.0.1,52,C,UNVERIFIED_PUBLISH_PATH,3,12546256,v0.2.0
minimalistic-crypto-utils,1.0.1,19,F,UNVERIFIED_PUBLISH_PATH|DORMANT|SINGLE_MAINTAINER,1,12506416,v0.2.0
intl-messageformat,11.2.12,82,B,BRANCH_REQUIRES_PR,3,12504249,v0.2.0
node-emoji,2.2.0,65,C,DORMANT,2,12481545,v0.2.0
googleapis-common,8.0.2,32,F,UNVERIFIED_PUBLISH_PATH|SINGLE_MAINTAINER,1,12448285,v0.2.0
'@firebase/app-types,0.9.5,46,D,UNVERIFIED_PUBLISH_PATH,4,12404454,v0.2.0
tinycolor2,1.6.0,19,F,UNVERIFIED_PUBLISH_PATH|DORMANT|SINGLE_MAINTAINER,1,12273386,v0.2.0
filesize,11.0.22,25,F,UNVERIFIED_PUBLISH_PATH|SINGLE_MAINTAINER,1,12263365,v0.2.0
socket.io,4.8.3,83,B,,2,12216877,v0.2.0
motion,12.42.2,39,D,UNVERIFIED_PUBLISH_PATH,2,12200353,v0.2.0
engine.io-client,6.6.6,93,A,,2,12125428,v0.2.0
d3-axis,3.0.0,33,F,UNVERIFIED_PUBLISH_PATH|DORMANT,2,12091680,v0.2.0
'@aws-sdk/client-cognito-identity,3.1088.0,41,D,UNVERIFIED_PUBLISH_PATH,2,12091103,v0.2.0
engine.io,6.6.9,93,A,,2,12081918,v0.2.0
'@firebase/auth-interop-types,0.2.5,46,D,UNVERIFIED_PUBLISH_PATH,4,12060792,v0.2.0
d3,7.9.0,33,F,UNVERIFIED_PUBLISH_PATH|DORMANT,2,12036197,v0.2.0
mysql2,3.23.0,79,B,SINGLE_MAINTAINER,1,12017602,v0.2.0
d3-random,3.0.1,33,F,UNVERIFIED_PUBLISH_PATH|DORMANT,2,11979204,v0.2.0
'@vue/reactivity,3.5.40,74,B,SINGLE_MAINTAINER,1,11941686,v0.2.0
stripe,22.3.2,80,B,SINGLE_MAINTAINER,1,11933214,v0.2.0
prosemirror-model,1.25.11,21,F,UNVERIFIED_PUBLISH_PATH|SINGLE_MAINTAINER,1,11796321,v0.2.0
'@braintree/sanitize-url,7.1.2,38,D,UNVERIFIED_PUBLISH_PATH|SINGLE_MAINTAINER,1,11752160,v0.2.0
'@nestjs/common,11.1.28,31,F,UNVERIFIED_PUBLISH_PATH|SINGLE_MAINTAINER,1,11732839,v0.2.0
has,1.0.4,19,F,UNVERIFIED_PUBLISH_PATH|DORMANT|SINGLE_MAINTAINER,1,11661675,v0.2.0
cipher-base,1.0.7,39,D,UNVERIFIED_PUBLISH_PATH,3,11647282,v0.2.0
charenc,0.0.2,19,F,UNVERIFIED_PUBLISH_PATH|DORMANT|SINGLE_MAINTAINER,1,11627160,v0.2.0
compare-versions,6.1.1,19,F,UNVERIFIED_PUBLISH_PATH|DORMANT|SINGLE_MAINTAINER,1,11621861,v0.2.0
md5,2.3.0,33,F,UNVERIFIED_PUBLISH_PATH|DORMANT,2,11618933,v0.2.0
pbkdf2,3.1.6,39,D,UNVERIFIED_PUBLISH_PATH,6,11608913,v0.2.0
lodash.throttle,4.1.1,34,F,UNVERIFIED_PUBLISH_PATH|DORMANT,2,11595014,v0.2.0
'@sentry/utils,8.55.2,27,F,UNVERIFIED_PUBLISH_PATH|SINGLE_MAINTAINER|BRANCH_REQUIRES_PR,1,11571049,v0.2.0
'@google/genai,2.12.0,34,F,UNVERIFIED_PUBLISH_PATH,3,11569319,v0.2.0
d3-fetch,3.0.1,33,F,UNVERIFIED_PUBLISH_PATH|DORMANT,2,11561654,v0.2.0
d3-contour,4.0.2,33,F,UNVERIFIED_PUBLISH_PATH|DORMANT,2,11531935,v0.2.0
'@azure/msal-browser,5.17.1,47,D,UNVERIFIED_PUBLISH_PATH|BRANCH_REQUIRES_PR,3,11475259,v0.2.0
'@typespec/ts-http-runtime,0.3.7,47,D,UNVERIFIED_PUBLISH_PATH,2,11455849,v0.2.0
prosemirror-inputrules,1.5.1,25,F,UNVERIFIED_PUBLISH_PATH|SINGLE_MAINTAINER,1,11429169,v0.2.0
'@azure/core-lro,3.4.0,47,D,UNVERIFIED_PUBLISH_PATH,3,11397945,v0.2.0
socket.io-client,4.8.3,83,B,,2,11372427,v0.2.0
toposort,2.0.2,19,F,UNVERIFIED_PUBLISH_PATH|DORMANT|SINGLE_MAINTAINER,1,11333544,v0.2.0
ssf,0.11.2,19,F,UNVERIFIED_PUBLISH_PATH|DORMANT|SINGLE_MAINTAINER,1,11307814,v0.2.0
'@aws-sdk/checksums,3.1000.18,41,D,UNVERIFIED_PUBLISH_PATH,2,11248641,v0.2.0
orderedmap,2.1.1,19,F,UNVERIFIED_PUBLISH_PATH|DORMANT|SINGLE_MAINTAINER,1,11224175,v0.2.0
prosemirror-commands,1.7.1,25,F,UNVERIFIED_PUBLISH_PATH|SINGLE_MAINTAINER,1,11216449,v0.2.0
prosemirror-history,1.5.0,25,F,UNVERIFIED_PUBLISH_PATH|SINGLE_MAINTAINER,1,11186712,v0.2.0
'@lezer/common,1.5.2,25,F,UNVERIFIED_PUBLISH_PATH|SINGLE_MAINTAINER,1,11131392,v0.2.0
ripemd160,2.0.3,39,D,UNVERIFIED_PUBLISH_PATH,7,11060918,v0.2.0
create-hmac,1.1.7,33,F,UNVERIFIED_PUBLISH_PATH|DORMANT,5,11031554,v0.2.0
nitro,3.0.260610-beta,70,B,INCONSISTENT_PUBLISH_PATH|SINGLE_MAINTAINER,1,10974390,v0.2.0
'@vue/runtime-core,3.5.40,74,B,SINGLE_MAINTAINER,1,10963645,v0.2.0
'@azure/core-client,1.11.0,47,D,UNVERIFIED_PUBLISH_PATH,3,10956674,v0.2.0
browserify-aes,1.2.0,33,F,UNVERIFIED_PUBLISH_PATH|DORMANT,5,10942017,v0.2.0
'@vue/runtime-dom,3.5.40,74,B,SINGLE_MAINTAINER,1,10937142,v0.2.0
drizzle-orm,0.45.2,83,B,,4,10918821,v0.2.0
elliptic,6.6.1,19,F,UNVERIFIED_PUBLISH_PATH|DORMANT|SINGLE_MAINTAINER,1,10897618,v0.2.0
d3-sankey,0.12.3,33,F,UNVERIFIED_PUBLISH_PATH|DORMANT,2,10873703,v0.2.0
des.js,1.1.0,19,F,UNVERIFIED_PUBLISH_PATH|DORMANT|SINGLE_MAINTAINER,1,10862991,v0.2.0
browserify-sign,4.2.6,39,D,UNVERIFIED_PUBLISH_PATH,5,10799989,v0.2.0
'@tiptap/core,3.28.0,95,A,,6,10792598,v0.2.0
bcryptjs,3.0.3,25,F,UNVERIFIED_PUBLISH_PATH|SINGLE_MAINTAINER,1,10792574,v0.2.0
happy-dom,20.10.6,76,B,INCONSISTENT_PUBLISH_PATH|SINGLE_MAINTAINER,1,10791156,v0.2.0
sinon,22.0.0,39,D,UNVERIFIED_PUBLISH_PATH,4,10764921,v0.2.0
'@google-cloud/storage,7.21.0,38,D,UNVERIFIED_PUBLISH_PATH|SINGLE_MAINTAINER,1,10761205,v0.2.0
evp_bytestokey,1.0.3,33,F,UNVERIFIED_PUBLISH_PATH|DORMANT,3,10747444,v0.2.0
'@supabase/phoenix,0.4.5,69,C,INCONSISTENT_PUBLISH_PATH|BRANCH_REQUIRES_PR,0,10744327,v0.2.0
'@lezer/lr,1.4.10,21,F,UNVERIFIED_PUBLISH_PATH|SINGLE_MAINTAINER,1,10742380,v0.2.0
'@tiptap/pm,3.28.0,95,A,,6,10723911,v0.2.0
xlsx,0.18.5,14,F,UNVERIFIED_PUBLISH_PATH|DORMANT|SINGLE_MAINTAINER|PUBLISHER_NOT_MAINTAINER,1,10716487,v0.2.0
prosemirror-schema-list,1.5.1,25,F,UNVERIFIED_PUBLISH_PATH|SINGLE_MAINTAINER,1,10691778,v0.2.0
fuse.js,7.5.0,25,F,UNVERIFIED_PUBLISH_PATH|SINGLE_MAINTAINER,1,10683353,v0.2.0
react-i18next,17.0.10,39,D,UNVERIFIED_PUBLISH_PATH,2,10586497,v0.2.0
crypto-browserify,3.12.1,33,F,UNVERIFIED_PUBLISH_PATH|DORMANT,5,10576956,v0.2.0
copy-to-clipboard,4.0.2,25,F,UNVERIFIED_PUBLISH_PATH|SINGLE_MAINTAINER,1,10550421,v0.2.0
'@firebase/database-types,1.0.20,46,D,UNVERIFIED_PUBLISH_PATH,4,10521190,v0.2.0
stackblur-canvas,3.0.1,34,F,UNVERIFIED_PUBLISH_PATH,2,10512807,v0.2.0
'@electric-sql/pglite,0.5.4,82,B,,4,10477239,v0.2.0
cytoscape,3.34.0,77,B,INCONSISTENT_PUBLISH_PATH,4,10472202,v0.2.0
chart.js,4.5.1,39,D,UNVERIFIED_PUBLISH_PATH,5,10409827,v0.2.0
browserify-rsa,4.1.1,33,F,UNVERIFIED_PUBLISH_PATH|DORMANT,5,10395812,v0.2.0
styled-components,6.4.3,72,B,INCONSISTENT_PUBLISH_PATH,3,10358786,v0.2.0
oniguruma-to-es,4.3.6,20,F,UNVERIFIED_PUBLISH_PATH|SINGLE_MAINTAINER,1,10323197,v0.2.0
'@firebase/database,1.1.3,46,D,UNVERIFIED_PUBLISH_PATH,4,10319404,v0.2.0
create-hash,1.2.0,33,F,UNVERIFIED_PUBLISH_PATH|DORMANT,5,10310396,v0.2.0
less,4.6.7,77,B,INCONSISTENT_PUBLISH_PATH,5,10211866,v0.2.0
swagger-ui-dist,5.32.8,45,D,UNVERIFIED_PUBLISH_PATH,4,10201738,v0.2.0
mermaid,11.16.0,82,B,,5,10176168,v0.2.0
hmac-drbg,1.0.1,19,F,UNVERIFIED_PUBLISH_PATH|DORMANT|SINGLE_MAINTAINER,1,10173438,v0.2.0
property-expr,2.0.6,19,F,UNVERIFIED_PUBLISH_PATH|DORMANT|SINGLE_MAINTAINER,1,10165373,v0.2.0
regex,6.1.0,20,F,UNVERIFIED_PUBLISH_PATH|SINGLE_MAINTAINER,1,10153496,v0.2.0
'@types/luxon,3.7.2,33,F,UNVERIFIED_PUBLISH_PATH|SINGLE_MAINTAINER,1,10151787,v0.2.0
create-ecdh,4.0.4,33,F,UNVERIFIED_PUBLISH_PATH|DORMANT,5,10129706,v0.2.0
'@firebase/database-compat,2.1.4,46,D,UNVERIFIED_PUBLISH_PATH,4,10126403,v0.2.0
exceljs,4.4.0,33,F,UNVERIFIED_PUBLISH_PATH|DORMANT,2,10120088,v0.2.0
diffie-hellman,5.0.3,33,F,UNVERIFIED_PUBLISH_PATH|DORMANT,5,10077874,v0.2.0
'@mui/system,9.2.0,88,A,,10,10071180,v0.2.0
public-encrypt,4.0.3,33,F,UNVERIFIED_PUBLISH_PATH|DORMANT,5,10065865,v0.2.0
regex-recursion,6.0.2,20,F,UNVERIFIED_PUBLISH_PATH|SINGLE_MAINTAINER,1,10019082,v0.2.0
'@aws-sdk/credential-provider-cognito-identity,3.972.58,41,D,UNVERIFIED_PUBLISH_PATH,2,9980765,v0.2.0
dagre-d3-es,7.0.14,25,F,UNVERIFIED_PUBLISH_PATH|SINGLE_MAINTAINER,1,9968044,v0.2.0
'@mui/private-theming,9.2.0,88,A,,10,9963963,v0.2.0
randomfill,1.0.4,33,F,UNVERIFIED_PUBLISH_PATH|DORMANT,3,9953572,v0.2.0
'@emotion/styled,11.14.1,40,D,UNVERIFIED_PUBLISH_PATH|PUBLISHER_NOT_MAINTAINER,2,9830132,v0.2.0
xml-js,1.6.11,19,F,UNVERIFIED_PUBLISH_PATH|DORMANT|SINGLE_MAINTAINER,1,9810040,v0.2.0
regex-utilities,2.3.0,19,F,UNVERIFIED_PUBLISH_PATH|DORMANT|SINGLE_MAINTAINER,1,9802291,v0.2.0
papaparse,5.5.4,39,D,UNVERIFIED_PUBLISH_PATH,2,9788559,v0.2.0
'@mui/styled-engine,9.1.1,88,A,,10,9754539,v0.2.0
isomorphic-fetch,3.0.0,33,F,UNVERIFIED_PUBLISH_PATH|DORMANT,2,9745477,v0.2.0
es5-ext,0.10.64,19,F,UNVERIFIED_PUBLISH_PATH|DORMANT|SINGLE_MAINTAINER,1,9727050,v0.2.0
'@expo/config-plugins,57.0.5,45,D,UNVERIFIED_PUBLISH_PATH,11,9714832,v0.2.0
'@react-types/shared,3.36.0,39,D,UNVERIFIED_PUBLISH_PATH,2,9686123,v0.2.0
class-validator,0.15.1,39,D,UNVERIFIED_PUBLISH_PATH,2,9663315,v0.2.0
'@codemirror/view,6.43.6,21,F,UNVERIFIED_PUBLISH_PATH|SINGLE_MAINTAINER,1,9656289,v0.2.0
earcut,3.2.3,46,D,UNVERIFIED_PUBLISH_PATH|BRANCH_REQUIRES_PR,29,9650500,v0.2.0
jspdf,4.2.1,31,F,UNVERIFIED_PUBLISH_PATH|SINGLE_MAINTAINER,1,9574542,v0.2.0
console-browserify,1.2.0,33,F,UNVERIFIED_PUBLISH_PATH|DORMANT,39,9566527,v0.2.0
roughjs,4.6.6,19,F,UNVERIFIED_PUBLISH_PATH|DORMANT|SINGLE_MAINTAINER,1,9547262,v0.2.0
khroma,2.1.0,19,F,UNVERIFIED_PUBLISH_PATH|DORMANT|SINGLE_MAINTAINER,1,9531257,v0.2.0
compute-scroll-into-view,3.1.1,19,F,UNVERIFIED_PUBLISH_PATH|DORMANT|SINGLE_MAINTAINER,1,9529215,v0.2.0
github-slugger,2.0.0,33,F,UNVERIFIED_PUBLISH_PATH|DORMANT,5,9519696,v0.2.0
three,0.185.1,45,D,UNVERIFIED_PUBLISH_PATH,2,9518530,v0.2.0
'@slack/web-api,8.0.0,90,A,INCONSISTENT_PUBLISH_PATH,12,9476205,v0.2.0
'@lezer/highlight,1.2.3,25,F,UNVERIFIED_PUBLISH_PATH|SINGLE_MAINTAINER,1,9456083,v0.2.0
metro,0.87.0,77,B,INCONSISTENT_PUBLISH_PATH,2,9427185,v0.2.0
'@firebase/app-check-interop-types,0.3.4,46,D,UNVERIFIED_PUBLISH_PATH,4,9422596,v0.2.0
cytoscape-fcose,2.2.0,19,F,UNVERIFIED_PUBLISH_PATH|DORMANT|SINGLE_MAINTAINER,1,9410922,v0.2.0
'@azure/identity,4.13.1,47,D,UNVERIFIED_PUBLISH_PATH,3,9402926,v0.2.0
birpc,4.0.0,72,B,,2,9401063,v0.2.0
brotli,1.3.3,19,F,UNVERIFIED_PUBLISH_PATH|DORMANT|SINGLE_MAINTAINER,1,9364040,v0.2.0
spark-md5,3.0.2,19,F,UNVERIFIED_PUBLISH_PATH|DORMANT|SINGLE_MAINTAINER,1,9360981,v0.2.0
tinyqueue,3.0.0,19,F,UNVERIFIED_PUBLISH_PATH|DORMANT|SINGLE_MAINTAINER,1,9327173,v0.2.0
yup,1.7.1,25,F,UNVERIFIED_PUBLISH_PATH|SINGLE_MAINTAINER,1,9312571,v0.2.0
react-native,0.86.0,39,D,UNVERIFIED_PUBLISH_PATH|BRANCH_REQUIRES_PR,6,9297266,v0.2.0
'@nestjs/core,11.1.28,31,F,UNVERIFIED_PUBLISH_PATH|SINGLE_MAINTAINER,1,9253095,v0.2.0
escape-goat,4.0.0,19,F,UNVERIFIED_PUBLISH_PATH|DORMANT|SINGLE_MAINTAINER,1,9232915,v0.2.0
'@react-native/virtualized-lists,0.86.0,39,D,UNVERIFIED_PUBLISH_PATH,2,9159501,v0.2.0
babel-plugin-react-compiler,1.0.0,45,D,UNVERIFIED_PUBLISH_PATH,2,9144449,v0.2.0
md5.js,1.3.5,33,F,UNVERIFIED_PUBLISH_PATH|DORMANT,5,9115466,v0.2.0
'@iconify/utils,3.1.4,20,F,UNVERIFIED_PUBLISH_PATH|SINGLE_MAINTAINER,1,9065541,v0.2.0
'@redis/time-series,6.1.0,45,D,UNVERIFIED_PUBLISH_PATH,2,9001123,v0.2.0
refractor,5.0.0,25,F,UNVERIFIED_PUBLISH_PATH|SINGLE_MAINTAINER,1,8990418,v0.2.0
'@turf/helpers,7.3.5,87,A,,8,8975144,v0.2.0
'@redis/bloom,6.1.0,45,D,UNVERIFIED_PUBLISH_PATH,2,8952812,v0.2.0
'@expo/config,57.0.5,45,D,UNVERIFIED_PUBLISH_PATH,11,8818817,v0.2.0
oniguruma-parser,0.12.2,20,F,UNVERIFIED_PUBLISH_PATH|SINGLE_MAINTAINER,1,8792018,v0.2.0
parse-asn1,5.1.9,39,D,UNVERIFIED_PUBLISH_PATH,5,8732613,v0.2.0
'@kurkle/color,0.4.0,25,F,UNVERIFIED_PUBLISH_PATH|SINGLE_MAINTAINER,1,8689183,v0.2.0
quickselect,3.0.0,19,F,UNVERIFIED_PUBLISH_PATH|DORMANT|SINGLE_MAINTAINER,1,8651623,v0.2.0
codemirror,6.0.2,25,F,UNVERIFIED_PUBLISH_PATH|SINGLE_MAINTAINER,1,8649728,v0.2.0
'@pdf-lib/standard-fonts,1.0.0,14,F,UNVERIFIED_PUBLISH_PATH|DORMANT|SINGLE_MAINTAINER,1,8626254,v0.2.0
'@vue/devtools-api,8.1.5,82,B,,5,8624411,v0.2.0
aws-sdk,2.1693.0,46,D,UNVERIFIED_PUBLISH_PATH|DEPRECATED,2,8612273,v0.2.0
'@redis/client,6.1.0,45,D,UNVERIFIED_PUBLISH_PATH,2,8612204,v0.2.0
canvg,4.0.3,34,F,UNVERIFIED_PUBLISH_PATH,2,8595956,v0.2.0
js-beautify,2.0.3,87,A,,2,8582071,v0.2.0
'@firebase/auth,1.13.3,46,D,UNVERIFIED_PUBLISH_PATH,4,8542998,v0.2.0
'@aws-sdk/client-lambda,3.1088.0,41,D,UNVERIFIED_PUBLISH_PATH,2,8429569,v0.2.0
sanitize-html,2.17.6,34,F,UNVERIFIED_PUBLISH_PATH,4,8404818,v0.2.0
class-transformer,0.5.1,28,F,UNVERIFIED_PUBLISH_PATH|DORMANT,2,8392066,v0.2.0
react-select,5.10.2,39,D,UNVERIFIED_PUBLISH_PATH,5,8379453,v0.2.0
bottleneck,2.19.5,19,F,UNVERIFIED_PUBLISH_PATH|DORMANT|SINGLE_MAINTAINER,1,8364009,v0.2.0
puppeteer,25.3.0,93,A,,2,8343355,v0.2.0
pdf-lib,1.17.1,14,F,UNVERIFIED_PUBLISH_PATH|DORMANT|SINGLE_MAINTAINER,1,8332934,v0.2.0
history,5.3.0,19,F,UNVERIFIED_PUBLISH_PATH|DORMANT|SINGLE_MAINTAINER,1,8325449,v0.2.0
graphql-request,7.4.0,39,D,UNVERIFIED_PUBLISH_PATH,5,8318215,v0.2.0
workbox-core,7.4.1,39,D,UNVERIFIED_PUBLISH_PATH,9,8308418,v0.2.0
babel-runtime,6.26.0,34,F,UNVERIFIED_PUBLISH_PATH|DORMANT,3,8297072,v0.2.0
'@aws-sdk/client-dynamodb,3.1088.0,41,D,UNVERIFIED_PUBLISH_PATH,2,8286634,v0.2.0
kysely,0.29.3,88,A,,2,8250356,v0.2.0
yarn,1.22.22,25,F,UNVERIFIED_PUBLISH_PATH|DORMANT|SINGLE_MAINTAINER,1,8162922,v0.2.0
toggle-selection,2.1.0,25,F,UNVERIFIED_PUBLISH_PATH|SINGLE_MAINTAINER,1,8161868,v0.2.0
browserify-des,1.0.2,33,F,UNVERIFIED_PUBLISH_PATH|DORMANT,3,8151624,v0.2.0
browserify-cipher,1.0.1,19,F,UNVERIFIED_PUBLISH_PATH|DORMANT|SINGLE_MAINTAINER,1,8144382,v0.2.0
'@types/nodemailer,8.0.1,33,F,UNVERIFIED_PUBLISH_PATH|SINGLE_MAINTAINER,1,8002344,v0.2.0
'@firebase/app,0.15.1,46,D,UNVERIFIED_PUBLISH_PATH,4,7899289,v0.2.0
'@base-ui/utils,0.3.1,95,A,,8,7847005,v0.2.0
firebase,12.16.0,46,D,UNVERIFIED_PUBLISH_PATH,4,7835866,v0.2.0
https-browserify,1.0.0,33,F,UNVERIFIED_PUBLISH_PATH|DORMANT,2,7811483,v0.2.0
'@firebase/firestore,4.16.0,46,D,UNVERIFIED_PUBLISH_PATH,4,7777521,v0.2.0
kdbush,4.1.0,25,F,UNVERIFIED_PUBLISH_PATH|SINGLE_MAINTAINER,1,7735668,v0.2.0
'@firebase/remote-config,0.9.0,46,D,UNVERIFIED_PUBLISH_PATH,4,7722653,v0.2.0
workbox-window,7.4.1,39,D,UNVERIFIED_PUBLISH_PATH,9,7714140,v0.2.0
workbox-build,7.4.1,39,D,UNVERIFIED_PUBLISH_PATH,10,7712228,v0.2.0
'@firebase/installations,0.6.22,46,D,UNVERIFIED_PUBLISH_PATH,4,7709477,v0.2.0
date-fns-tz,3.2.0,19,F,UNVERIFIED_PUBLISH_PATH|DORMANT|SINGLE_MAINTAINER,1,7706457,v0.2.0
remeda,2.39.0,100,A,,3,7687219,v0.2.0
hast-util-sanitize,5.0.2,33,F,UNVERIFIED_PUBLISH_PATH|DORMANT,2,7683902,v0.2.0
'@firebase/performance,0.7.12,46,D,UNVERIFIED_PUBLISH_PATH,4,7651985,v0.2.0
'@codemirror/state,6.7.1,21,F,UNVERIFIED_PUBLISH_PATH|SINGLE_MAINTAINER,1,7651429,v0.2.0
peek-readable,7.0.0,25,F,UNVERIFIED_PUBLISH_PATH|SINGLE_MAINTAINER,1,7640773,v0.2.0
'@firebase/app-compat,0.5.15,46,D,UNVERIFIED_PUBLISH_PATH,4,7614816,v0.2.0
'@firebase/webchannel-wrapper,1.0.6,46,D,UNVERIFIED_PUBLISH_PATH,4,7582524,v0.2.0
'@mui/material,9.2.0,88,A,BRANCH_REQUIRES_PR,10,7566750,v0.2.0
workbox-sw,7.4.1,39,D,UNVERIFIED_PUBLISH_PATH,9,7559509,v0.2.0
throttle-debounce,5.0.2,19,F,UNVERIFIED_PUBLISH_PATH|DORMANT|SINGLE_MAINTAINER,1,7552078,v0.2.0
'@firebase/remote-config-compat,0.2.27,46,D,UNVERIFIED_PUBLISH_PATH,4,7533865,v0.2.0
'@firebase/remote-config-types,0.5.1,46,D,UNVERIFIED_PUBLISH_PATH,4,7529071,v0.2.0
'@firebase/firestore-compat,0.4.11,46,D,UNVERIFIED_PUBLISH_PATH,4,7523339,v0.2.0
'@codemirror/language,6.12.4,21,F,UNVERIFIED_PUBLISH_PATH|SINGLE_MAINTAINER,1,7514229,v0.2.0
'@azure/core-http-compat,2.5.0,47,D,UNVERIFIED_PUBLISH_PATH,3,7511285,v0.2.0
bun-types,1.3.14,52,C,UNVERIFIED_PUBLISH_PATH,3,7490306,v0.2.0
'@firebase/functions-compat,0.4.5,46,D,UNVERIFIED_PUBLISH_PATH,4,7476591,v0.2.0
'@firebase/messaging-compat,0.2.27,46,D,UNVERIFIED_PUBLISH_PATH,4,7472695,v0.2.0
'@firebase/storage-compat,0.4.3,46,D,UNVERIFIED_PUBLISH_PATH,4,7459132,v0.2.0
'@firebase/analytics-compat,0.2.28,46,D,UNVERIFIED_PUBLISH_PATH,4,7458243,v0.2.0
'@stripe/stripe-js,9.10.0,34,F,UNVERIFIED_PUBLISH_PATH,10,7437656,v0.2.0
'@firebase/auth-types,0.13.1,46,D,UNVERIFIED_PUBLISH_PATH,4,7417964,v0.2.0
'@firebase/firestore-types,3.0.4,46,D,UNVERIFIED_PUBLISH_PATH,4,7414096,v0.2.0
'@firebase/installations-compat,0.2.22,46,D,UNVERIFIED_PUBLISH_PATH,4,7413115,v0.2.0
'@firebase/storage-types,0.8.4,46,D,UNVERIFIED_PUBLISH_PATH,4,7390586,v0.2.0
'@firebase/functions-types,0.6.4,46,D,UNVERIFIED_PUBLISH_PATH,4,7390509,v0.2.0
'@tweenjs/tween.js,25.0.0,33,F,UNVERIFIED_PUBLISH_PATH|DORMANT,4,7388945,v0.2.0
'@firebase/performance-types,0.2.4,46,D,UNVERIFIED_PUBLISH_PATH,4,7383332,v0.2.0
'@firebase/analytics-types,0.8.4,46,D,UNVERIFIED_PUBLISH_PATH,4,7380831,v0.2.0
docx,9.7.1,69,C,INCONSISTENT_PUBLISH_PATH|SINGLE_MAINTAINER,1,7371709,v0.2.0
'@vitest/browser,4.1.10,88,A,,5,7364133,v0.2.0
'@redis/search,6.1.0,45,D,UNVERIFIED_PUBLISH_PATH,2,7359384,v0.2.0
'@redis/json,6.1.0,45,D,UNVERIFIED_PUBLISH_PATH,2,7358121,v0.2.0
'@firebase/installations-types,0.5.4,46,D,UNVERIFIED_PUBLISH_PATH,4,7347717,v0.2.0
localforage,1.10.0,19,F,UNVERIFIED_PUBLISH_PATH|DORMANT|SINGLE_MAINTAINER,1,7347537,v0.2.0
'@scure/bip39,2.2.0,79,B,SINGLE_MAINTAINER,1,7325218,v0.2.0
style-mod,4.1.3,25,F,UNVERIFIED_PUBLISH_PATH|SINGLE_MAINTAINER,1,7314388,v0.2.0
gl-matrix,3.4.4,39,D,UNVERIFIED_PUBLISH_PATH,3,7294323,v0.2.0
just-extend,6.2.0,25,F,UNVERIFIED_PUBLISH_PATH|DORMANT|SINGLE_MAINTAINER,1,7294208,v0.2.0
'@algolia/client-common,5.56.0,77,B,INCONSISTENT_PUBLISH_PATH,7,7290591,v0.2.0
'@firebase/app-check-types,0.5.4,46,D,UNVERIFIED_PUBLISH_PATH,4,7283114,v0.2.0
'@rspack/core,2.1.4,95,A,,2,7236023,v0.2.0
'@types/three,0.185.1,33,F,UNVERIFIED_PUBLISH_PATH|SINGLE_MAINTAINER,1,7220894,v0.2.0
'@codemirror/commands,6.10.4,21,F,UNVERIFIED_PUBLISH_PATH|SINGLE_MAINTAINER,1,7213837,v0.2.0
jmespath,0.16.0,19,F,UNVERIFIED_PUBLISH_PATH|DORMANT|SINGLE_MAINTAINER,1,7204657,v0.2.0
collapse-white-space,2.1.0,19,F,UNVERIFIED_PUBLISH_PATH|DORMANT|SINGLE_MAINTAINER,1,7198202,v0.2.0
pupa,3.3.0,25,F,UNVERIFIED_PUBLISH_PATH|SINGLE_MAINTAINER,1,7195166,v0.2.0
webdriver-bidi-protocol,0.4.2,39,D,UNVERIFIED_PUBLISH_PATH,2,7170922,v0.2.0
'@algolia/requester-browser-xhr,5.56.0,77,B,INCONSISTENT_PUBLISH_PATH,7,7135546,v0.2.0
'@codemirror/autocomplete,6.20.3,21,F,UNVERIFIED_PUBLISH_PATH|SINGLE_MAINTAINER,1,7132351,v0.2.0
'@pdf-lib/upng,1.0.1,14,F,UNVERIFIED_PUBLISH_PATH|DORMANT|SINGLE_MAINTAINER,1,7110011,v0.2.0
posthog-js,1.402.3,89,A,BRANCH_REQUIRES_SIGNATURES|BRANCH_REQUIRES_PR,22,7096407,v0.2.0
prosemirror-menu,1.3.2,21,F,UNVERIFIED_PUBLISH_PATH|SINGLE_MAINTAINER,1,7086569,v0.2.0
chevrotain,12.0.0,73,B,SINGLE_MAINTAINER,1,7055686,v0.2.0
react-syntax-highlighter,16.1.1,39,D,UNVERIFIED_PUBLISH_PATH,3,7055028,v0.2.0
utility-types,3.11.0,25,F,UNVERIFIED_PUBLISH_PATH|DORMANT|SINGLE_MAINTAINER,1,7052779,v0.2.0
canvas,3.2.3,39,D,UNVERIFIED_PUBLISH_PATH,8,7039903,v0.2.0
react-aria,3.50.0,39,D,UNVERIFIED_PUBLISH_PATH,2,7022238,v0.2.0
react-icons,5.7.0,77,B,INCONSISTENT_PUBLISH_PATH,5,6977871,v0.2.0
css-has-pseudo,8.0.0,45,D,UNVERIFIED_PUBLISH_PATH,3,6977786,v0.2.0
'@turf/invariant,7.3.5,87,A,,8,6946481,v0.2.0
rehype-sanitize,6.0.0,33,F,UNVERIFIED_PUBLISH_PATH|DORMANT,3,6873810,v0.2.0
'@vue/language-core,3.3.7,77,B,INCONSISTENT_PUBLISH_PATH,2,6869685,v0.2.0
googleapis,173.0.0,33,F,UNVERIFIED_PUBLISH_PATH|SINGLE_MAINTAINER,1,6845217,v0.2.0
supercluster,8.0.1,40,D,UNVERIFIED_PUBLISH_PATH|DORMANT,29,6840598,v0.2.0
fuzzysort,3.1.0,19,F,UNVERIFIED_PUBLISH_PATH|DORMANT|SINGLE_MAINTAINER,1,6826115,v0.2.0
react-stately,3.48.0,39,D,UNVERIFIED_PUBLISH_PATH,2,6825994,v0.2.0
'@xyflow/system,0.0.79,78,B,INCONSISTENT_PUBLISH_PATH,2,6794657,v0.2.0
file-saver,2.0.5,33,F,UNVERIFIED_PUBLISH_PATH|DORMANT,2,6777309,v0.2.0
'@types/lodash-es,4.17.12,27,F,UNVERIFIED_PUBLISH_PATH|DORMANT|SINGLE_MAINTAINER,1,6741158,v0.2.0
'@marijn/find-cluster-break,1.0.3,21,F,UNVERIFIED_PUBLISH_PATH|SINGLE_MAINTAINER,1,6737468,v0.2.0
vue-router,5.2.0,88,A,,2,6732814,v0.2.0
zen-observable,0.10.0,19,F,UNVERIFIED_PUBLISH_PATH|DORMANT|SINGLE_MAINTAINER,1,6731837,v0.2.0
ox,1.0.1,30,F,UNVERIFIED_PUBLISH_PATH,2,6712981,v0.2.0
'@scure/base,2.2.0,79,B,SINGLE_MAINTAINER,1,6697922,v0.2.0
'@vueuse/shared,14.3.0,68,C,SINGLE_MAINTAINER,1,6682785,v0.2.0
unfetch,5.0.0,19,F,UNVERIFIED_PUBLISH_PATH|DORMANT|SINGLE_MAINTAINER,1,6681173,v0.2.0
'@vueuse/core,14.3.0,68,C,SINGLE_MAINTAINER,1,6590479,v0.2.0
react-native-safe-area-context,5.8.0,39,D,UNVERIFIED_PUBLISH_PATH,2,6558180,v0.2.0
idb-keyval,6.3.0,25,F,UNVERIFIED_PUBLISH_PATH|SINGLE_MAINTAINER,1,6557541,v0.2.0
'@expo/metro-config,57.0.5,45,D,UNVERIFIED_PUBLISH_PATH,11,6556456,v0.2.0
expo-constants,57.0.5,45,D,UNVERIFIED_PUBLISH_PATH,16,6539302,v0.2.0
'@azure/storage-blob,12.33.0,47,D,UNVERIFIED_PUBLISH_PATH,6,6517230,v0.2.0
'@xyflow/react,12.11.2,78,B,INCONSISTENT_PUBLISH_PATH,2,6511690,v0.2.0
lottie-web,5.13.0,39,D,UNVERIFIED_PUBLISH_PATH,4,6486715,v0.2.0
scroll-into-view-if-needed,3.1.0,19,F,UNVERIFIED_PUBLISH_PATH|DORMANT|SINGLE_MAINTAINER,1,6486316,v0.2.0
lib0,0.2.117,31,F,UNVERIFIED_PUBLISH_PATH|SINGLE_MAINTAINER,1,6453476,v0.2.0
pbf,5.1.2,84,B,INCONSISTENT_PUBLISH_PATH,28,6432272,v0.2.0
'@sentry-internal/tracing,7.114.0,21,F,UNVERIFIED_PUBLISH_PATH|DORMANT|SINGLE_MAINTAINER|BRANCH_REQUIRES_PR,1,6388125,v0.2.0
qrcode.react,4.2.0,19,F,UNVERIFIED_PUBLISH_PATH|DORMANT|SINGLE_MAINTAINER,1,6381543,v0.2.0
'@firebase/messaging,0.13.0,46,D,UNVERIFIED_PUBLISH_PATH,4,6329533,v0.2.0
'@firebase/functions,0.13.5,46,D,UNVERIFIED_PUBLISH_PATH,4,6326886,v0.2.0
'@firebase/storage,0.14.3,46,D,UNVERIFIED_PUBLISH_PATH,4,6312529,v0.2.0
'@firebase/analytics,0.10.22,46,D,UNVERIFIED_PUBLISH_PATH,4,6309373,v0.2.0
ky,2.0.2,25,F,UNVERIFIED_PUBLISH_PATH|SINGLE_MAINTAINER,1,6298411,v0.2.0
'@juggle/resize-observer,3.4.0,19,F,UNVERIFIED_PUBLISH_PATH|DORMANT|SINGLE_MAINTAINER,1,6295063,v0.2.0
'@firebase/app-check,0.12.0,46,D,UNVERIFIED_PUBLISH_PATH,4,6273591,v0.2.0
esm-env,1.2.2,46,D,DORMANT|SINGLE_MAINTAINER,1,6227788,v0.2.0
expo,57.0.6,45,D,UNVERIFIED_PUBLISH_PATH,11,6217004,v0.2.0
'@firebase/auth-compat,0.6.8,46,D,UNVERIFIED_PUBLISH_PATH,4,6199470,v0.2.0
yjs,13.6.31,31,F,UNVERIFIED_PUBLISH_PATH|SINGLE_MAINTAINER,1,6181829,v0.2.0
'@firebase/app-check-compat,0.4.5,46,D,UNVERIFIED_PUBLISH_PATH,4,6181208,v0.2.0
tarn,3.1.2,39,D,UNVERIFIED_PUBLISH_PATH,4,6167607,v0.2.0
'@firebase/performance-compat,0.2.25,46,D,UNVERIFIED_PUBLISH_PATH,4,6147122,v0.2.0
unicode-emoji-modifier-base,1.0.0,19,F,UNVERIFIED_PUBLISH_PATH|DORMANT|SINGLE_MAINTAINER,1,6133651,v0.2.0
'@expo/fingerprint,0.20.5,45,D,UNVERIFIED_PUBLISH_PATH,11,6104679,v0.2.0
'@google-cloud/firestore,8.6.0,33,F,UNVERIFIED_PUBLISH_PATH|SINGLE_MAINTAINER,1,6053931,v0.2.0
'@codemirror/lang-javascript,6.2.5,25,F,UNVERIFIED_PUBLISH_PATH|SINGLE_MAINTAINER,1,6018183,v0.2.0
'@scure/bip32,2.2.0,79,B,SINGLE_MAINTAINER,1,6008560,v0.2.0
'@firebase/messaging-interop-types,0.2.5,46,D,UNVERIFIED_PUBLISH_PATH,4,5971831,v0.2.0
'@base-ui/react,1.6.0,95,A,,8,5934750,v0.2.0
'@types/sinon,22.0.0,33,F,UNVERIFIED_PUBLISH_PATH|SINGLE_MAINTAINER,1,5911979,v0.2.0
'@lezer/javascript,1.5.4,25,F,UNVERIFIED_PUBLISH_PATH|SINGLE_MAINTAINER,1,5886853,v0.2.0
'@sentry/replay,10.65.0,27,F,UNVERIFIED_PUBLISH_PATH|SINGLE_MAINTAINER|BRANCH_REQUIRES_PR,1,5816209,v0.2.0
turndown,7.2.4,45,D,UNVERIFIED_PUBLISH_PATH,2,5813195,v0.2.0
seedrandom,3.0.5,19,F,UNVERIFIED_PUBLISH_PATH|DORMANT|SINGLE_MAINTAINER,1,5767517,v0.2.0
rc-util,5.44.4,39,D,UNVERIFIED_PUBLISH_PATH,9,5724472,v0.2.0
vue-demi,0.14.10,33,F,UNVERIFIED_PUBLISH_PATH|DORMANT,2,5721401,v0.2.0
fontfaceobserver,2.3.0,19,F,UNVERIFIED_PUBLISH_PATH|DORMANT|SINGLE_MAINTAINER,1,5717459,v0.2.0
'@turf/meta,7.3.5,87,A,,8,5713756,v0.2.0
react-native-screens,4.26.1,72,B,INCONSISTENT_PUBLISH_PATH,2,5704080,v0.2.0
firebase-admin,14.1.0,34,F,UNVERIFIED_PUBLISH_PATH,4,5682565,v0.2.0
monaco-editor,0.55.1,40,D,UNVERIFIED_PUBLISH_PATH|BRANCH_REQUIRES_PR,9,5680524,v0.2.0
'@algolia/client-search,5.56.0,77,B,INCONSISTENT_PUBLISH_PATH,7,5633761,v0.2.0
'@firebase/data-connect,0.7.1,46,D,UNVERIFIED_PUBLISH_PATH,4,5625957,v0.2.0
'@datadog/browser-rum-core,7.5.0,32,F,UNVERIFIED_PUBLISH_PATH|SINGLE_MAINTAINER|BRANCH_REQUIRES_SIGNATURES,1,5595497,v0.2.0
platform,1.3.6,28,F,UNVERIFIED_PUBLISH_PATH|DORMANT|PUBLISHER_NOT_MAINTAINER,3,5558620,v0.2.0
meshoptimizer,1.2.0,20,F,UNVERIFIED_PUBLISH_PATH|SINGLE_MAINTAINER,1,5557108,v0.2.0
'@monaco-editor/loader,1.7.0,25,F,UNVERIFIED_PUBLISH_PATH|SINGLE_MAINTAINER,1,5509897,v0.2.0
'@mui/icons-material,9.2.0,88,A,BRANCH_REQUIRES_PR,10,5499827,v0.2.0
'@lit/reactive-element,2.1.2,90,A,,8,5497681,v0.2.0
algoliasearch,5.56.0,77,B,INCONSISTENT_PUBLISH_PATH,19,5490577,v0.2.0
'@datadog/browser-rum,7.5.0,32,F,UNVERIFIED_PUBLISH_PATH|SINGLE_MAINTAINER,1,5459126,v0.2.0
tiny-emitter,2.1.0,19,F,UNVERIFIED_PUBLISH_PATH|DORMANT|SINGLE_MAINTAINER,1,5444445,v0.2.0
mammoth,1.12.0,25,F,UNVERIFIED_PUBLISH_PATH|SINGLE_MAINTAINER,1,5443341,v0.2.0
i18next-browser-languagedetector,8.2.1,39,D,UNVERIFIED_PUBLISH_PATH,2,5431160,v0.2.0
'@algolia/client-abtesting,5.56.0,87,A,,22,5407432,v0.2.0
'@algolia/client-insights,5.56.0,87,A,,7,5398434,v0.2.0
'@algolia/client-analytics,5.56.0,77,B,INCONSISTENT_PUBLISH_PATH,12,5386496,v0.2.0
bullmq,5.80.5,73,B,SINGLE_MAINTAINER,1,5386468,v0.2.0
'@opentelemetry/sdk-trace,2.9.0,46,D,UNVERIFIED_PUBLISH_PATH,6,5384774,v0.2.0
'@expo/metro,55.1.1,39,D,UNVERIFIED_PUBLISH_PATH,11,5384471,v0.2.0
flatbuffers,25.9.23,52,C,UNVERIFIED_PUBLISH_PATH,2,5374682,v0.2.0
canvas-confetti,1.9.4,63,C,SINGLE_MAINTAINER,1,5366350,v0.2.0
tiny-case,1.0.3,19,F,UNVERIFIED_PUBLISH_PATH|DORMANT|SINGLE_MAINTAINER,1,5348872,v0.2.0
'@dimforge/rapier3d-compat,0.19.3,25,F,UNVERIFIED_PUBLISH_PATH|SINGLE_MAINTAINER,1,5339910,v0.2.0
'@azure-rest/core-client,2.8.0,47,D,UNVERIFIED_PUBLISH_PATH,2,5333298,v0.2.0
hls.js,1.6.16,93,A,,4,5317630,v0.2.0
'@algolia/client-query-suggestions,5.56.0,87,A,,17,5299360,v0.2.0
expo-modules-autolinking,57.0.7,45,D,UNVERIFIED_PUBLISH_PATH,11,5297009,v0.2.0
global,4.4.0,33,F,UNVERIFIED_PUBLISH_PATH|DORMANT,3,5290621,v0.2.0
'@vue/devtools-kit,8.1.5,68,C,SINGLE_MAINTAINER,1,5278896,v0.2.0
babel-preset-expo,57.0.3,45,D,UNVERIFIED_PUBLISH_PATH,11,5275196,v0.2.0
react-native-reanimated,4.5.1,79,B,INCONSISTENT_PUBLISH_PATH,3,5247178,v0.2.0
'@sentry/replay-canvas,10.65.0,27,F,UNVERIFIED_PUBLISH_PATH|SINGLE_MAINTAINER,1,5245375,v0.2.0
'@algolia/client-personalization,5.56.0,77,B,INCONSISTENT_PUBLISH_PATH,19,5231713,v0.2.0
'@vue/devtools-shared,8.1.5,68,C,SINGLE_MAINTAINER,1,5220201,v0.2.0
'@expo/vector-icons,15.1.1,87,A,,11,5218027,v0.2.0
'@types/mocha,10.0.10,27,F,UNVERIFIED_PUBLISH_PATH|DORMANT|SINGLE_MAINTAINER,1,5210442,v0.2.0
'@expo/devtools,57.0.1,45,D,UNVERIFIED_PUBLISH_PATH,11,5208807,v0.2.0
'@datadog/browser-core,7.5.0,32,F,UNVERIFIED_PUBLISH_PATH|SINGLE_MAINTAINER|BRANCH_REQUIRES_SIGNATURES,1,5190865,v0.2.0
'@angular/compiler,22.0.7,45,D,UNVERIFIED_PUBLISH_PATH,2,5190520,v0.2.0
expo-modules-core,57.0.5,45,D,UNVERIFIED_PUBLISH_PATH,11,5171538,v0.2.0
emojilib,4.0.3,39,D,UNVERIFIED_PUBLISH_PATH,2,5170903,v0.2.0
onnxruntime-common,1.27.0,47,D,UNVERIFIED_PUBLISH_PATH,4,5142815,v0.2.0
'@apollo/client,4.2.7,94,A,,4,5137320,v0.2.0
'@egjs/hammerjs,2.0.17,33,F,UNVERIFIED_PUBLISH_PATH|DORMANT,12,5135509,v0.2.0
'@use-gesture/core,10.3.1,14,F,UNVERIFIED_PUBLISH_PATH|DORMANT|SINGLE_MAINTAINER,1,5126656,v0.2.0
jotai,2.20.2,82,B,,2,5119496,v0.2.0
popper.js,1.16.1,14,F,UNVERIFIED_PUBLISH_PATH|DORMANT|SINGLE_MAINTAINER|DEPRECATED,1,5088629,v0.2.0
'@sentry/integrations,7.114.0,21,F,UNVERIFIED_PUBLISH_PATH|DORMANT|SINGLE_MAINTAINER|BRANCH_REQUIRES_PR,1,5076066,v0.2.0
'@sentry/feedback,10.65.0,27,F,UNVERIFIED_PUBLISH_PATH|SINGLE_MAINTAINER,1,5063548,v0.2.0
'@algolia/recommend,5.56.0,77,B,INCONSISTENT_PUBLISH_PATH,9,5061009,v0.2.0
lunr,2.3.9,19,F,UNVERIFIED_PUBLISH_PATH|DORMANT|SINGLE_MAINTAINER,1,5048611,v0.2.0
skin-tone,4.0.0,19,F,UNVERIFIED_PUBLISH_PATH|DORMANT|SINGLE_MAINTAINER,1,5035478,v0.2.0
react-draggable,4.7.0,39,D,UNVERIFIED_PUBLISH_PATH,2,5003025,v0.2.0
js-md5,0.8.3,19,F,UNVERIFIED_PUBLISH_PATH|DORMANT|SINGLE_MAINTAINER,1,4981855,v0.2.0
expo-asset,57.0.5,45,D,UNVERIFIED_PUBLISH_PATH,16,4970790,v0.2.0
grapheme-splitter,1.0.4,19,F,UNVERIFIED_PUBLISH_PATH|DORMANT|SINGLE_MAINTAINER,1,4946802,v0.2.0
'@opentelemetry/sdk-trace-web,2.9.0,94,A,,6,4928371,v0.2.0
'@sentry/conventions,0.17.0,27,F,UNVERIFIED_PUBLISH_PATH|SINGLE_MAINTAINER,1,4912160,v0.2.0
lit,3.3.3,100,A,,8,4906739,v0.2.0
'@emotion/stylis,0.8.5,29,F,UNVERIFIED_PUBLISH_PATH|DORMANT|PUBLISHER_NOT_MAINTAINER,2,4876682,v0.2.0
web-tree-sitter,0.26.11,87,A,,8,4865522,v0.2.0
stacktrace-js,2.0.2,33,F,UNVERIFIED_PUBLISH_PATH|DORMANT,4,4863206,v0.2.0
lit-html,3.3.3,100,A,,13,4832492,v0.2.0
'@googlemaps/js-api-loader,2.1.1,52,C,UNVERIFIED_PUBLISH_PATH,6,4817808,v0.2.0
pdf-parse,2.4.5,57,C,SINGLE_MAINTAINER|BRANCH_REQUIRES_PR,1,4795378,v0.2.0
focus-trap,8.2.2,93,A,,2,4793324,v0.2.0
'@schematics/angular,22.0.7,45,D,UNVERIFIED_PUBLISH_PATH,2,4787348,v0.2.0
'@sentry/server-utils,10.65.0,27,F,UNVERIFIED_PUBLISH_PATH|SINGLE_MAINTAINER,1,4768422,v0.2.0
next-auth,4.24.14,41,D,UNVERIFIED_PUBLISH_PATH,3,4766671,v0.2.0
esbuild-wasm,0.28.1,73,B,SINGLE_MAINTAINER,1,4754324,v0.2.0
svelte,5.56.5,82,B,,3,4733384,v0.2.0
'@codemirror/lang-html,6.4.11,25,F,UNVERIFIED_PUBLISH_PATH|SINGLE_MAINTAINER,1,4732505,v0.2.0
quill-delta,5.1.0,33,F,UNVERIFIED_PUBLISH_PATH|DORMANT,2,4699499,v0.2.0
'@emotion/css,11.13.5,34,F,UNVERIFIED_PUBLISH_PATH|DORMANT|PUBLISHER_NOT_MAINTAINER,2,4698502,v0.2.0
mongoose,9.7.4,83,B,INCONSISTENT_PUBLISH_PATH,3,4688239,v0.2.0
bootstrap,5.3.8,52,C,UNVERIFIED_PUBLISH_PATH,3,4674915,v0.2.0
'@langchain/core,1.2.3,82,B,,2,4666183,v0.2.0
'@types/jsesc,3.0.3,27,F,UNVERIFIED_PUBLISH_PATH|DORMANT|SINGLE_MAINTAINER,1,4666125,v0.2.0
'@firebase/ai,2.13.1,46,D,UNVERIFIED_PUBLISH_PATH,4,4660118,v0.2.0
'@preact/signals-core,1.14.4,89,A,,6,4651564,v0.2.0
rbush,4.0.1,19,F,UNVERIFIED_PUBLISH_PATH|DORMANT|SINGLE_MAINTAINER,1,4649475,v0.2.0
lit-element,4.2.2,90,A,,13,4627958,v0.2.0
'@lukeed/uuid,2.0.1,19,F,UNVERIFIED_PUBLISH_PATH|DORMANT|SINGLE_MAINTAINER,1,4618110,v0.2.0
pdfkit,0.19.1,39,D,UNVERIFIED_PUBLISH_PATH,4,4617392,v0.2.0
'@angular/router,22.0.7,45,D,UNVERIFIED_PUBLISH_PATH,2,4614877,v0.2.0
abitype,1.2.4,82,B,,2,4592803,v0.2.0
urijs,1.19.11,25,F,UNVERIFIED_PUBLISH_PATH|DORMANT|SINGLE_MAINTAINER,1,4569910,v0.2.0
tippy.js,6.3.7,19,F,UNVERIFIED_PUBLISH_PATH|DORMANT|SINGLE_MAINTAINER,1,4546776,v0.2.0
viem,2.55.2,89,A,,2,4546160,v0.2.0
'@react-navigation/native,7.3.8,39,D,UNVERIFIED_PUBLISH_PATH,6,4533341,v0.2.0
html-to-image,1.11.13,25,F,UNVERIFIED_PUBLISH_PATH|SINGLE_MAINTAINER,1,4531478,v0.2.0
'@react-spring/shared,10.1.2,68,C,SINGLE_MAINTAINER,1,4529540,v0.2.0
json2mq,0.2.0,19,F,UNVERIFIED_PUBLISH_PATH|DORMANT|SINGLE_MAINTAINER,1,4523884,v0.2.0
string-convert,0.2.1,19,F,UNVERIFIED_PUBLISH_PATH|DORMANT|SINGLE_MAINTAINER,1,4522741,v0.2.0
react-datepicker,9.1.0,45,D,UNVERIFIED_PUBLISH_PATH,2,4519529,v0.2.0
typeorm,1.1.0,78,B,INCONSISTENT_PUBLISH_PATH,2,4479229,v0.2.0
fast-text-encoding,1.0.6,19,F,UNVERIFIED_PUBLISH_PATH|DORMANT|SINGLE_MAINTAINER,1,4474306,v0.2.0
javascript-natural-sort,0.7.1,28,F,UNVERIFIED_PUBLISH_PATH|DORMANT,2,4472620,v0.2.0
zone.js,0.16.2,45,D,UNVERIFIED_PUBLISH_PATH,2,4466755,v0.2.0
js-sha3,0.9.3,19,F,UNVERIFIED_PUBLISH_PATH|DORMANT|SINGLE_MAINTAINER,1,4421328,v0.2.0
'@react-navigation/bottom-tabs,7.18.8,39,D,UNVERIFIED_PUBLISH_PATH,6,4413622,v0.2.0
react-native-worklets,0.10.2,79,B,INCONSISTENT_PUBLISH_PATH,2,4412011,v0.2.0
rsvp,4.8.5,33,F,UNVERIFIED_PUBLISH_PATH|DORMANT,6,4404013,v0.2.0
'@ant-design/icons,6.3.2,39,D,UNVERIFIED_PUBLISH_PATH,5,4402617,v0.2.0
langsmith,0.8.3,77,B,INCONSISTENT_PUBLISH_PATH,5,4391179,v0.2.0
'@angular/core,22.0.7,45,D,UNVERIFIED_PUBLISH_PATH,2,4387837,v0.2.0
react-popper,2.3.0,28,F,UNVERIFIED_PUBLISH_PATH|DORMANT,2,4321089,v0.2.0
'@expo/metro-runtime,57.0.5,45,D,UNVERIFIED_PUBLISH_PATH,11,4317194,v0.2.0
'@algolia/ingestion,1.56.0,87,A,,17,4309851,v0.2.0
js-sha256,0.11.1,25,F,UNVERIFIED_PUBLISH_PATH|SINGLE_MAINTAINER,1,4308948,v0.2.0
'@algolia/monitoring,1.56.0,87,A,,17,4308663,v0.2.0
leaflet,1.9.4,39,D,UNVERIFIED_PUBLISH_PATH|DORMANT,6,4303248,v0.2.0
is-function,1.0.2,19,F,UNVERIFIED_PUBLISH_PATH|DORMANT|SINGLE_MAINTAINER,1,4278679,v0.2.0
parchment,3.0.0,33,F,UNVERIFIED_PUBLISH_PATH|DORMANT,2,4273275,v0.2.0
'@react-navigation/elements,2.9.30,39,D,UNVERIFIED_PUBLISH_PATH,6,4262724,v0.2.0
react-native-gesture-handler,3.0.2,82,B,,2,4259063,v0.2.0
'@sentry/browser-utils,10.65.0,27,F,UNVERIFIED_PUBLISH_PATH|SINGLE_MAINTAINER,1,4232821,v0.2.0
'@mui/x-internals,9.9.0,95,A,,16,4203138,v0.2.0
react-native-svg,15.15.5,72,B,INCONSISTENT_PUBLISH_PATH,2,4202441,v0.2.0
'@clerk/shared,4.25.4,82,B,,6,4192871,v0.2.0
react-pdf,10.4.1,73,B,SINGLE_MAINTAINER,1,4186694,v0.2.0
'@use-gesture/react,10.3.1,14,F,UNVERIFIED_PUBLISH_PATH|DORMANT|SINGLE_MAINTAINER,1,4162319,v0.2.0
'@angular/common,22.0.7,45,D,UNVERIFIED_PUBLISH_PATH,2,4152165,v0.2.0
sass-embedded,1.100.0,73,B,SINGLE_MAINTAINER,1,4150326,v0.2.0
dnd-core,16.0.1,40,D,UNVERIFIED_PUBLISH_PATH|DORMANT,5,4146185,v0.2.0
'@azure/storage-common,12.4.1,47,D,UNVERIFIED_PUBLISH_PATH,3,4121617,v0.2.0
'@types/crypto-js,4.2.2,27,F,UNVERIFIED_PUBLISH_PATH|DORMANT|SINGLE_MAINTAINER,1,4113604,v0.2.0
safe-json-stringify,1.2.0,33,F,UNVERIFIED_PUBLISH_PATH|DORMANT,8,4108133,v0.2.0
omggif,1.0.10,19,F,UNVERIFIED_PUBLISH_PATH|DORMANT|SINGLE_MAINTAINER,1,4100499,v0.2.0
twilio,6.0.2,87,A,,2,4095518,v0.2.0
'@rc-component/portal,2.2.1,39,D,UNVERIFIED_PUBLISH_PATH,5,4074473,v0.2.0
typedoc,0.28.20,82,B,,5,4070514,v0.2.0
'@zip.js/zip.js,2.8.31,87,A,,2,4007371,v0.2.0
'@lezer/css,1.3.4,21,F,UNVERIFIED_PUBLISH_PATH|SINGLE_MAINTAINER,1,4006589,v0.2.0
xss,1.0.15,25,F,UNVERIFIED_PUBLISH_PATH|DORMANT|SINGLE_MAINTAINER,1,4002448,v0.2.0
eta,4.6.0,87,A,,2,3999968,v0.2.0
react-dnd,16.0.1,40,D,UNVERIFIED_PUBLISH_PATH|DORMANT,5,3994023,v0.2.0
pinia,4.0.2,74,B,SINGLE_MAINTAINER,1,3924035,v0.2.0
'@codemirror/lang-css,6.3.1,19,F,UNVERIFIED_PUBLISH_PATH|DORMANT|SINGLE_MAINTAINER,1,3922583,v0.2.0
promise-polyfill,8.3.0,25,F,UNVERIFIED_PUBLISH_PATH|DORMANT|SINGLE_MAINTAINER,1,3922364,v0.2.0
'@angular/platform-browser,22.0.7,45,D,UNVERIFIED_PUBLISH_PATH,2,3921735,v0.2.0
'@lezer/html,1.3.13,25,F,UNVERIFIED_PUBLISH_PATH|SINGLE_MAINTAINER,1,3888362,v0.2.0
lexical,0.47.0,79,B,INCONSISTENT_PUBLISH_PATH,6,3884165,v0.2.0
'@storybook/core,8.6.14,52,C,UNVERIFIED_PUBLISH_PATH,12,3850923,v0.2.0
'@ctrl/tinycolor,4.2.0,52,C,SINGLE_MAINTAINER,1,3839861,v0.2.0
react-toastify,11.1.0,20,F,UNVERIFIED_PUBLISH_PATH|SINGLE_MAINTAINER|BRANCH_REQUIRES_SIGNATURES,1,3836276,v0.2.0
'@lexical/selection,0.47.0,79,B,INCONSISTENT_PUBLISH_PATH,6,3834656,v0.2.0
sortablejs,1.15.7,39,D,UNVERIFIED_PUBLISH_PATH,2,3830090,v0.2.0
'@rc-component/trigger,3.10.0,39,D,UNVERIFIED_PUBLISH_PATH,5,3819168,v0.2.0
'@lexical/list,0.47.0,79,B,INCONSISTENT_PUBLISH_PATH,6,3815960,v0.2.0
'@mui/x-date-pickers,9.9.0,95,A,,16,3805710,v0.2.0
screenfull,6.0.2,19,F,UNVERIFIED_PUBLISH_PATH|DORMANT|SINGLE_MAINTAINER,1,3804301,v0.2.0
'@mui/base,5.0.0-beta.70,40,D,UNVERIFIED_PUBLISH_PATH|DEPRECATED,10,3801604,v0.2.0
'@angular/forms,22.0.7,45,D,UNVERIFIED_PUBLISH_PATH,2,3801550,v0.2.0
'@lexical/clipboard,0.47.0,79,B,INCONSISTENT_PUBLISH_PATH,6,3795459,v0.2.0
aws-cdk-lib,2.261.0,27,F,UNVERIFIED_PUBLISH_PATH|SINGLE_MAINTAINER,1,3786797,v0.2.0
'@lexical/rich-text,0.47.0,79,B,INCONSISTENT_PUBLISH_PATH,6,3772569,v0.2.0
'@angular/compiler-cli,22.0.7,45,D,UNVERIFIED_PUBLISH_PATH,2,3761861,v0.2.0
'@amplitude/analytics-core,2.53.0,89,A,,6,3757921,v0.2.0
'@lexical/link,0.47.0,79,B,INCONSISTENT_PUBLISH_PATH,6,3756299,v0.2.0
async-generator-function,1.0.0,25,F,UNVERIFIED_PUBLISH_PATH|SINGLE_MAINTAINER,1,3751841,v0.2.0
mapbox-gl,3.26.0,46,D,UNVERIFIED_PUBLISH_PATH|BRANCH_REQUIRES_PR,28,3735039,v0.2.0
tedious,20.0.0,81,B,,8,3732548,v0.2.0
'@lexical/history,0.47.0,79,B,INCONSISTENT_PUBLISH_PATH,6,3719554,v0.2.0
'@angular/cdk,22.0.5,45,D,UNVERIFIED_PUBLISH_PATH,2,3712747,v0.2.0
xstate,5.32.5,82,B,,3,3683734,v0.2.0
topojson-client,3.1.0,19,F,UNVERIFIED_PUBLISH_PATH|DORMANT|SINGLE_MAINTAINER,1,3670115,v0.2.0
typebox,1.3.6,68,C,SINGLE_MAINTAINER,1,3665541,v0.2.0
gsap,3.15.0,26,F,UNVERIFIED_PUBLISH_PATH|SINGLE_MAINTAINER,1,3656570,v0.2.0
'@lexical/mark,0.47.0,79,B,INCONSISTENT_PUBLISH_PATH,6,3652390,v0.2.0
'@ant-design/colors,8.0.1,39,D,UNVERIFIED_PUBLISH_PATH,5,3648425,v0.2.0
'@react-navigation/native-stack,7.17.10,39,D,UNVERIFIED_PUBLISH_PATH,6,3643680,v0.2.0
maath,0.10.8,10,F,UNVERIFIED_PUBLISH_PATH|DORMANT|SINGLE_MAINTAINER,1,3609557,v0.2.0
'@vercel/analytics,2.0.1,34,F,UNVERIFIED_PUBLISH_PATH,4,3596057,v0.2.0
react-use,17.6.1,31,F,UNVERIFIED_PUBLISH_PATH|SINGLE_MAINTAINER,1,3591173,v0.2.0
aes-js,3.1.2,19,F,UNVERIFIED_PUBLISH_PATH|DORMANT|SINGLE_MAINTAINER,1,3585407,v0.2.0
'@shikijs/transformers,4.3.1,82,B,,3,3576146,v0.2.0
antd,6.5.1,45,D,UNVERIFIED_PUBLISH_PATH,7,3567446,v0.2.0
astro,7.0.9,88,A,,2,3555616,v0.2.0
jsonpath,1.3.0,25,F,UNVERIFIED_PUBLISH_PATH|SINGLE_MAINTAINER,1,3530785,v0.2.0
'@radix-ui/react-icons,1.3.2,29,F,UNVERIFIED_PUBLISH_PATH|DORMANT,4,3526356,v0.2.0
'@formatjs/intl,4.1.17,82,B,BRANCH_REQUIRES_PR,3,3509574,v0.2.0
'@adraffy/ens-normalize,1.11.1,25,F,UNVERIFIED_PUBLISH_PATH|SINGLE_MAINTAINER,1,3484063,v0.2.0
pptxgenjs,4.0.1,25,F,UNVERIFIED_PUBLISH_PATH|SINGLE_MAINTAINER,1,3468476,v0.2.0
'@auth/core,0.34.3,51,C,UNVERIFIED_PUBLISH_PATH|PUBLISHER_NOT_MAINTAINER,2,3462856,v0.2.0
'@aws-sdk/client-iam,3.1088.0,41,D,UNVERIFIED_PUBLISH_PATH,2,3448823,v0.2.0
'@ant-design/icons-svg,4.5.0,39,D,UNVERIFIED_PUBLISH_PATH,5,3431982,v0.2.0
'@google/generative-ai,0.24.1,39,D,UNVERIFIED_PUBLISH_PATH,3,3429501,v0.2.0
'@prisma/client-runtime-utils,7.8.0,89,A,,4,3419480,v0.2.0
encoding-japanese,2.2.0,14,F,UNVERIFIED_PUBLISH_PATH|DORMANT|SINGLE_MAINTAINER,1,3362718,v0.2.0
'@scalar/openapi-types,0.9.2,89,A,,8,3360208,v0.2.0
lighthouse,13.4.0,46,D,UNVERIFIED_PUBLISH_PATH,3,3355444,v0.2.0
'@lezer/markdown,1.7.2,21,F,UNVERIFIED_PUBLISH_PATH|SINGLE_MAINTAINER,1,3355435,v0.2.0
react-intl,10.1.17,72,B,INCONSISTENT_PUBLISH_PATH|BRANCH_REQUIRES_PR,3,3355178,v0.2.0
xregexp,5.1.2,39,D,UNVERIFIED_PUBLISH_PATH,2,3349079,v0.2.0
'@turf/bbox,7.3.5,87,A,,8,3341914,v0.2.0
markdown-to-jsx,9.8.2,63,C,INCONSISTENT_PUBLISH_PATH|SINGLE_MAINTAINER,1,3308916,v0.2.0
three-mesh-bvh,0.9.11,25,F,UNVERIFIED_PUBLISH_PATH|SINGLE_MAINTAINER,1,3306130,v0.2.0
webrtc-adapter,9.0.6,39,D,UNVERIFIED_PUBLISH_PATH,4,3303251,v0.2.0
'@react-three/fiber,9.6.1,39,D,UNVERIFIED_PUBLISH_PATH,23,3303159,v0.2.0
swiper,14.0.5,25,F,UNVERIFIED_PUBLISH_PATH|SINGLE_MAINTAINER,1,3284363,v0.2.0
'@ant-design/react-slick,2.0.0,39,D,UNVERIFIED_PUBLISH_PATH,5,3281027,v0.2.0
rc-resize-observer,1.4.3,33,F,UNVERIFIED_PUBLISH_PATH|DORMANT,2,3262798,v0.2.0
hyphen,1.14.1,25,F,UNVERIFIED_PUBLISH_PATH|SINGLE_MAINTAINER,1,3249595,v0.2.0
'@aws-sdk/client-cloudwatch-logs,3.1088.0,41,D,UNVERIFIED_PUBLISH_PATH,2,3230217,v0.2.0
'@msgpack/msgpack,3.1.3,25,F,UNVERIFIED_PUBLISH_PATH|SINGLE_MAINTAINER,1,3221075,v0.2.0
echarts,6.1.0,39,D,UNVERIFIED_PUBLISH_PATH,9,3218995,v0.2.0
'@angular/animations,22.0.7,45,D,UNVERIFIED_PUBLISH_PATH|DEPRECATED,2,3215887,v0.2.0
stats.js,0.17.0,19,F,UNVERIFIED_PUBLISH_PATH|DORMANT|SINGLE_MAINTAINER,1,3210626,v0.2.0
expo-router,57.0.6,45,D,UNVERIFIED_PUBLISH_PATH,12,3202448,v0.2.0
framesync,6.1.2,14,F,UNVERIFIED_PUBLISH_PATH|DORMANT|SINGLE_MAINTAINER,1,3197959,v0.2.0
media-chrome,4.19.2,94,A,,4,3187739,v0.2.0
'@amplitude/analytics-types,2.11.1,89,A,,6,3178337,v0.2.0
'@lexical/utils,0.47.0,79,B,INCONSISTENT_PUBLISH_PATH,6,3168012,v0.2.0
jspdf-autotable,5.0.8,79,B,SINGLE_MAINTAINER,1,3166608,v0.2.0
'@clerk/backend,3.11.6,82,B,,6,3162631,v0.2.0
fp-ts,2.16.11,25,F,UNVERIFIED_PUBLISH_PATH|SINGLE_MAINTAINER,1,3147164,v0.2.0
'@ant-design/cssinjs,2.1.2,39,D,UNVERIFIED_PUBLISH_PATH,5,3139607,v0.2.0
zrender,6.1.0,39,D,UNVERIFIED_PUBLISH_PATH,20,3133416,v0.2.0
'@jimp/core,1.6.1,39,D,UNVERIFIED_PUBLISH_PATH,2,3132648,v0.2.0
'@aws-sdk/client-ses,3.1088.0,41,D,UNVERIFIED_PUBLISH_PATH,2,3131115,v0.2.0
'@jimp/types,1.6.1,39,D,UNVERIFIED_PUBLISH_PATH,2,3130446,v0.2.0
'@codemirror/lang-sql,6.10.0,25,F,UNVERIFIED_PUBLISH_PATH|SINGLE_MAINTAINER,1,3129400,v0.2.0
nprogress,0.2.0,19,F,UNVERIFIED_PUBLISH_PATH|DORMANT|SINGLE_MAINTAINER,1,3123645,v0.2.0
jsbi,4.3.2,39,D,UNVERIFIED_PUBLISH_PATH,3,3118914,v0.2.0
'@lexical/html,0.47.0,79,B,INCONSISTENT_PUBLISH_PATH,6,3096906,v0.2.0
maplibre-gl,5.24.0,93,A,,4,3095646,v0.2.0
apache-arrow,21.1.0,39,D,UNVERIFIED_PUBLISH_PATH,9,3084676,v0.2.0
loglevel-plugin-prefix,0.8.4,19,F,UNVERIFIED_PUBLISH_PATH|DORMANT|SINGLE_MAINTAINER,1,3083769,v0.2.0
'@lexical/table,0.47.0,79,B,INCONSISTENT_PUBLISH_PATH,6,3073126,v0.2.0
react-chartjs-2,5.3.1,34,F,UNVERIFIED_PUBLISH_PATH,4,3071406,v0.2.0
'@react-three/drei,10.7.7,39,D,UNVERIFIED_PUBLISH_PATH,7,3061394,v0.2.0
detect-gpu,5.0.70,20,F,UNVERIFIED_PUBLISH_PATH|SINGLE_MAINTAINER|PUBLISHER_NOT_MAINTAINER,1,3051424,v0.2.0
'@xterm/xterm,6.0.0,25,F,UNVERIFIED_PUBLISH_PATH|SINGLE_MAINTAINER,1,3031666,v0.2.0
'@expo/dom-webview,57.0.1,45,D,UNVERIFIED_PUBLISH_PATH,11,3031048,v0.2.0
quill,2.0.3,33,F,UNVERIFIED_PUBLISH_PATH|DORMANT,2,3023969,v0.2.0
'@upstash/redis,1.38.0,77,B,INCONSISTENT_PUBLISH_PATH,8,3021394,v0.2.0
requirejs,2.3.8,31,F,UNVERIFIED_PUBLISH_PATH|SINGLE_MAINTAINER,1,3009880,v0.2.0
'@lexical/markdown,0.47.0,79,B,INCONSISTENT_PUBLISH_PATH,6,2993027,v0.2.0
intersection-observer,0.12.2,19,F,UNVERIFIED_PUBLISH_PATH|DORMANT|SINGLE_MAINTAINER|DEPRECATED,1,2987509,v0.2.0
react-resizable,4.0.2,25,F,UNVERIFIED_PUBLISH_PATH|SINGLE_MAINTAINER,1,2977262,v0.2.0
remark-breaks,4.0.0,33,F,UNVERIFIED_PUBLISH_PATH|DORMANT,3,2945268,v0.2.0
'@wdio/types,9.29.1,94,A,,3,2916168,v0.2.0
'@mediapipe/tasks-vision,0.10.35,30,F,UNVERIFIED_PUBLISH_PATH,8,2909563,v0.2.0
'@googlemaps/markerclusterer,2.6.2,52,C,UNVERIFIED_PUBLISH_PATH,6,2893662,v0.2.0
'@turf/distance,7.3.5,87,A,,8,2889298,v0.2.0
store2,2.14.4,19,F,UNVERIFIED_PUBLISH_PATH|DORMANT|SINGLE_MAINTAINER,1,2884009,v0.2.0
'@rc-component/tour,2.4.0,39,D,UNVERIFIED_PUBLISH_PATH,5,2845983,v0.2.0
ag-charts-types,14.0.1,86,A,SINGLE_MAINTAINER,1,2830160,v0.2.0
ag-grid-community,36.0.1,93,A,BRANCH_REQUIRES_PR,4,2830082,v0.2.0
'@rc-component/color-picker,3.1.1,39,D,UNVERIFIED_PUBLISH_PATH,5,2828480,v0.2.0
typed-function,4.2.2,25,F,UNVERIFIED_PUBLISH_PATH|SINGLE_MAINTAINER,1,2824885,v0.2.0
ethers,6.17.0,31,F,UNVERIFIED_PUBLISH_PATH|SINGLE_MAINTAINER,1,2822404,v0.2.0
'@rc-component/mini-decimal,1.1.4,39,D,UNVERIFIED_PUBLISH_PATH,5,2821190,v0.2.0
mdast-util-newline-to-break,2.0.0,33,F,UNVERIFIED_PUBLISH_PATH|DORMANT,2,2815167,v0.2.0
webdriver,9.29.1,94,A,,3,2814529,v0.2.0
'@turf/boolean-point-in-polygon,7.3.5,87,A,,8,2809571,v0.2.0
complex.js,2.4.3,25,F,UNVERIFIED_PUBLISH_PATH|SINGLE_MAINTAINER,1,2807177,v0.2.0
'@rc-component/mutate-observer,2.0.1,39,D,UNVERIFIED_PUBLISH_PATH,5,2804284,v0.2.0
mobx,6.16.1,93,A,,6,2792024,v0.2.0
'@simplewebauthn/browser,13.3.0,73,B,SINGLE_MAINTAINER,1,2781617,v0.2.0
'@heroicons/react,2.2.0,75,B,DORMANT,3,2770754,v0.2.0
linkedom,0.18.13,25,F,UNVERIFIED_PUBLISH_PATH|SINGLE_MAINTAINER,1,2770649,v0.2.0
focus-lock,1.3.6,19,F,UNVERIFIED_PUBLISH_PATH|DORMANT|SINGLE_MAINTAINER,1,2765070,v0.2.0
escape-latex,1.2.0,19,F,UNVERIFIED_PUBLISH_PATH|DORMANT|SINGLE_MAINTAINER,1,2755011,v0.2.0
'@walletconnect/sign-client,2.23.10,81,B,,2,2743459,v0.2.0
webdriverio,9.29.1,94,A,,3,2733128,v0.2.0
elkjs,0.11.1,39,D,UNVERIFIED_PUBLISH_PATH,5,2730812,v0.2.0
'@rc-component/async-validator,6.0.0,39,D,UNVERIFIED_PUBLISH_PATH,5,2716947,v0.2.0
sql-formatter,15.8.2,34,F,UNVERIFIED_PUBLISH_PATH,2,2702019,v0.2.0
'@codemirror/lang-markdown,6.5.1,21,F,UNVERIFIED_PUBLISH_PATH|SINGLE_MAINTAINER,1,2700323,v0.2.0
'@rc-component/qrcode,2.0.0,39,D,UNVERIFIED_PUBLISH_PATH,5,2699135,v0.2.0
mobx-react-lite,4.1.1,45,D,UNVERIFIED_PUBLISH_PATH,2,2697880,v0.2.0
'@supabase/node-fetch,2.6.13,14,F,UNVERIFIED_PUBLISH_PATH|DORMANT,0,2688016,v0.2.0
rc-virtual-list,3.19.2,39,D,UNVERIFIED_PUBLISH_PATH,3,2686074,v0.2.0
uhyphen,0.2.0,19,F,UNVERIFIED_PUBLISH_PATH|DORMANT|SINGLE_MAINTAINER,1,2667885,v0.2.0
'@ant-design/fast-color,3.0.1,39,D,UNVERIFIED_PUBLISH_PATH,5,2667158,v0.2.0
rc-tree,5.13.1,39,D,UNVERIFIED_PUBLISH_PATH,11,2665187,v0.2.0
humanize-duration,3.34.0,25,F,UNVERIFIED_PUBLISH_PATH|SINGLE_MAINTAINER,1,2664490,v0.2.0
rc-motion,2.9.5,33,F,UNVERIFIED_PUBLISH_PATH|DORMANT,4,2661926,v0.2.0
stylus,0.64.0,39,D,UNVERIFIED_PUBLISH_PATH|DORMANT,5,2648768,v0.2.0
chroma-js,3.2.0,41,D,UNVERIFIED_PUBLISH_PATH|BRANCH_REQUIRES_PR,4,2638684,v0.2.0
'@fortawesome/free-solid-svg-icons,7.3.1,34,F,UNVERIFIED_PUBLISH_PATH,8,2621411,v0.2.0
unhead,3.1.8,74,B,SINGLE_MAINTAINER,1,2616881,v0.2.0
rc-collapse,4.0.0,33,F,UNVERIFIED_PUBLISH_PATH|DORMANT,6,2616414,v0.2.0
rc-input-number,9.5.0,39,D,UNVERIFIED_PUBLISH_PATH,8,2603194,v0.2.0
jsondiffpatch,0.7.6,73,B,SINGLE_MAINTAINER,1,2603095,v0.2.0
rc-dialog,10.0.0,33,F,UNVERIFIED_PUBLISH_PATH|DORMANT,11,2588328,v0.2.0
camera-controls,3.1.2,39,D,UNVERIFIED_PUBLISH_PATH,3,2587538,v0.2.0
hey-listen,1.0.8,14,F,UNVERIFIED_PUBLISH_PATH|DORMANT|SINGLE_MAINTAINER,1,2584457,v0.2.0
react-focus-lock,2.13.7,25,F,UNVERIFIED_PUBLISH_PATH|SINGLE_MAINTAINER,1,2576813,v0.2.0
'@lexical/code,0.47.0,79,B,INCONSISTENT_PUBLISH_PATH,6,2576014,v0.2.0
rc-slider,11.1.9,39,D,UNVERIFIED_PUBLISH_PATH,9,2574977,v0.2.0
country-flag-icons,1.6.20,21,F,UNVERIFIED_PUBLISH_PATH|SINGLE_MAINTAINER,1,2572261,v0.2.0
react-aria-components,1.19.0,39,D,UNVERIFIED_PUBLISH_PATH,2,2569162,v0.2.0
nunjucks,3.2.4,33,F,UNVERIFIED_PUBLISH_PATH|DORMANT,5,2564309,v0.2.0
three-stdlib,2.36.1,34,F,UNVERIFIED_PUBLISH_PATH,3,2563609,v0.2.0
'@testing-library/react-native,14.0.1,39,D,UNVERIFIED_PUBLISH_PATH,17,2557018,v0.2.0
'@statsig/js-client,3.33.3,77,B,INCONSISTENT_PUBLISH_PATH,2,2541706,v0.2.0
jsonrepair,3.15.0,25,F,UNVERIFIED_PUBLISH_PATH|SINGLE_MAINTAINER,1,2540965,v0.2.0
'@lit/react,1.0.8,84,B,,8,2532449,v0.2.0
re2,1.26.0,25,F,UNVERIFIED_PUBLISH_PATH|SINGLE_MAINTAINER,1,2528344,v0.2.0
vue-i18n,11.4.6,74,B,SINGLE_MAINTAINER,1,2524950,v0.2.0
i18next-http-backend,4.0.0,39,D,UNVERIFIED_PUBLISH_PATH,2,2522625,v0.2.0
'@restart/hooks,0.6.2,33,F,UNVERIFIED_PUBLISH_PATH|DORMANT,3,2512662,v0.2.0
faker,6.6.6,19,F,UNVERIFIED_PUBLISH_PATH|DORMANT|SINGLE_MAINTAINER,1,2507422,v0.2.0
rc-progress,4.0.0,33,F,UNVERIFIED_PUBLISH_PATH|DORMANT,7,2504562,v0.2.0
comlink,4.4.2,40,D,UNVERIFIED_PUBLISH_PATH|DORMANT,3,2502763,v0.2.0
multiformats,14.0.4,87,A,,2,2489433,v0.2.0
'@dagrejs/dagre,3.0.0,39,D,UNVERIFIED_PUBLISH_PATH,3,2488488,v0.2.0
langchain,1.5.3,82,B,,2,2480565,v0.2.0
'@aws-sdk/client-firehose,3.1088.0,41,D,UNVERIFIED_PUBLISH_PATH,2,2479585,v0.2.0
rc-tabs,15.7.0,39,D,UNVERIFIED_PUBLISH_PATH,7,2477760,v0.2.0
sanitize.css,13.0.0,39,D,UNVERIFIED_PUBLISH_PATH|DORMANT,3,2472321,v0.2.0
stats-gl,4.2.3,25,F,UNVERIFIED_PUBLISH_PATH|SINGLE_MAINTAINER,1,2469716,v0.2.0
mockdate,3.0.5,19,F,UNVERIFIED_PUBLISH_PATH|DORMANT|SINGLE_MAINTAINER,1,2461418,v0.2.0
rc-pagination,5.1.0,39,D,UNVERIFIED_PUBLISH_PATH,10,2458054,v0.2.0
ts-deepmerge,8.0.0,20,F,UNVERIFIED_PUBLISH_PATH|SINGLE_MAINTAINER,1,2454652,v0.2.0
rc-picker,4.11.3,39,D,UNVERIFIED_PUBLISH_PATH,6,2454535,v0.2.0
rc-tooltip,6.4.0,33,F,UNVERIFIED_PUBLISH_PATH|DORMANT,8,2452571,v0.2.0
rc-table,7.55.1,39,D,UNVERIFIED_PUBLISH_PATH,9,2452033,v0.2.0
expo-notifications,57.0.5,45,D,UNVERIFIED_PUBLISH_PATH,12,2448802,v0.2.0
'@capacitor/core,8.4.2,81,B,,18,2433512,v0.2.0
dagre,0.8.5,33,F,UNVERIFIED_PUBLISH_PATH|DORMANT,2,2429583,v0.2.0
mathjs,15.2.0,31,F,UNVERIFIED_PUBLISH_PATH|SINGLE_MAINTAINER,1,2427108,v0.2.0
'@unhead/vue,3.1.8,74,B,SINGLE_MAINTAINER,1,2422913,v0.2.0
'@xterm/addon-fit,0.11.0,25,F,UNVERIFIED_PUBLISH_PATH|SINGLE_MAINTAINER,1,2419859,v0.2.0
rc-input,1.8.0,39,D,UNVERIFIED_PUBLISH_PATH,3,2415598,v0.2.0
rc-tree-select,5.27.0,33,F,UNVERIFIED_PUBLISH_PATH|DORMANT,7,2413974,v0.2.0
rc-field-form,2.7.1,39,D,UNVERIFIED_PUBLISH_PATH,5,2413660,v0.2.0
deep-diff,1.0.2,14,F,UNVERIFIED_PUBLISH_PATH|DORMANT|SINGLE_MAINTAINER|PUBLISHER_NOT_MAINTAINER|DEPRECATED,1,2405935,v0.2.0
react-native-webview,14.0.1,94,A,,4,2404177,v0.2.0
rc-drawer,7.3.0,39,D,UNVERIFIED_PUBLISH_PATH,5,2402065,v0.2.0
'@mozilla/readability,0.6.0,45,D,UNVERIFIED_PUBLISH_PATH,3,2397197,v0.2.0
cronstrue,3.24.0,63,C,INCONSISTENT_PUBLISH_PATH|SINGLE_MAINTAINER,1,2393855,v0.2.0
mobx-react,9.2.2,93,A,,4,2377559,v0.2.0
'@radix-ui/colors,3.0.0,24,F,UNVERIFIED_PUBLISH_PATH|DORMANT|PUBLISHER_NOT_MAINTAINER,4,2375496,v0.2.0
'@algolia/autocomplete-shared,1.19.9,29,F,UNVERIFIED_PUBLISH_PATH|PUBLISHER_NOT_MAINTAINER,14,2370122,v0.2.0
react-leaflet,5.0.0,14,F,UNVERIFIED_PUBLISH_PATH|DORMANT|SINGLE_MAINTAINER,1,2366639,v0.2.0
'@turf/clone,7.3.5,87,A,,8,2365824,v0.2.0
io-ts,2.2.22,19,F,UNVERIFIED_PUBLISH_PATH|DORMANT|SINGLE_MAINTAINER,1,2364441,v0.2.0
rc-mentions,2.20.0,39,D,UNVERIFIED_PUBLISH_PATH,3,2362444,v0.2.0
'@algolia/autocomplete-core,1.19.9,29,F,UNVERIFIED_PUBLISH_PATH|PUBLISHER_NOT_MAINTAINER,14,2359641,v0.2.0
style-value-types,5.1.2,14,F,UNVERIFIED_PUBLISH_PATH|DORMANT|SINGLE_MAINTAINER,1,2351069,v0.2.0
discord-api-types,0.38.50,94,A,,3,2347184,v0.2.0
'@fortawesome/fontawesome-svg-core,7.3.1,34,F,UNVERIFIED_PUBLISH_PATH,8,2337564,v0.2.0
'@vercel/speed-insights,2.0.0,34,F,UNVERIFIED_PUBLISH_PATH,4,2328196,v0.2.0
onnxruntime-web,1.27.0,47,D,UNVERIFIED_PUBLISH_PATH|BRANCH_REQUIRES_PR,4,2322742,v0.2.0
'@turf/area,7.3.5,87,A,,8,2317367,v0.2.0
rc-steps,6.0.1,33,F,UNVERIFIED_PUBLISH_PATH|DORMANT,10,2316394,v0.2.0
solid-js,1.9.14,20,F,UNVERIFIED_PUBLISH_PATH|SINGLE_MAINTAINER,1,2298603,v0.2.0
'@tabler/icons,3.44.0,20,F,UNVERIFIED_PUBLISH_PATH|SINGLE_MAINTAINER,1,2291019,v0.2.0
'@algolia/autocomplete-plugin-algolia-insights,1.19.9,29,F,UNVERIFIED_PUBLISH_PATH|PUBLISHER_NOT_MAINTAINER,14,2287531,v0.2.0
'@codemirror/legacy-modes,6.5.3,21,F,UNVERIFIED_PUBLISH_PATH|SINGLE_MAINTAINER,1,2284887,v0.2.0
rc-textarea,1.10.2,39,D,UNVERIFIED_PUBLISH_PATH,4,2280209,v0.2.0
'@phosphor-icons/react,2.1.10,20,F,UNVERIFIED_PUBLISH_PATH|SINGLE_MAINTAINER,1,2279957,v0.2.0
highcharts,13.0.0,45,D,UNVERIFIED_PUBLISH_PATH,10,2278819,v0.2.0
libsodium,0.8.4,25,F,UNVERIFIED_PUBLISH_PATH|SINGLE_MAINTAINER,1,2277403,v0.2.0
rrweb-snapshot,2.1.0,83,B,INCONSISTENT_PUBLISH_PATH,2,2276353,v0.2.0
'@mui/x-data-grid,9.9.0,85,A,INCONSISTENT_PUBLISH_PATH,16,2274082,v0.2.0
rc-menu,9.16.1,39,D,UNVERIFIED_PUBLISH_PATH,10,2270120,v0.2.0
rrweb,2.1.0,83,B,INCONSISTENT_PUBLISH_PATH|BRANCH_REQUIRES_PR,2,2262970,v0.2.0
libsodium-wrappers,0.8.4,25,F,UNVERIFIED_PUBLISH_PATH|SINGLE_MAINTAINER,1,2257383,v0.2.0
rrule,2.8.1,28,F,UNVERIFIED_PUBLISH_PATH|DORMANT,2,2250410,v0.2.0
'@wdio/protocols,9.29.1,94,A,,3,2247343,v0.2.0
blueimp-md5,2.19.0,19,F,UNVERIFIED_PUBLISH_PATH|DORMANT|SINGLE_MAINTAINER,1,2225172,v0.2.0
'@turf/centroid,7.3.5,87,A,,8,2221021,v0.2.0
'@mantine/hooks,9.4.1,25,F,UNVERIFIED_PUBLISH_PATH|SINGLE_MAINTAINER,1,2209277,v0.2.0
d3-voronoi,1.1.4,33,F,UNVERIFIED_PUBLISH_PATH|DORMANT,2,2209014,v0.2.0
'@tanstack/query-persist-client-core,5.101.2,89,A,,3,2205743,v0.2.0
universal-cookie,8.1.2,63,C,INCONSISTENT_PUBLISH_PATH|SINGLE_MAINTAINER,1,2204086,v0.2.0
temporal-polyfill,1.0.1,20,F,UNVERIFIED_PUBLISH_PATH|SINGLE_MAINTAINER,1,2197497,v0.2.0
mux-embed,5.18.1,35,D,UNVERIFIED_PUBLISH_PATH,4,2194665,v0.2.0
'@rc-component/context,2.0.2,39,D,UNVERIFIED_PUBLISH_PATH,5,2192080,v0.2.0
rc-segmented,2.7.1,39,D,UNVERIFIED_PUBLISH_PATH,3,2191332,v0.2.0
'@statsig/client-core,3.33.3,77,B,INCONSISTENT_PUBLISH_PATH,2,2165770,v0.2.0
launchdarkly-js-client-sdk,3.9.3,86,A,SINGLE_MAINTAINER,1,2165623,v0.2.0
react-onclickoutside,6.13.2,39,D,UNVERIFIED_PUBLISH_PATH,2,2164172,v0.2.0
'@auth0/auth0-spa-js,2.23.0,94,A,,21,2161225,v0.2.0
'@rolldown/plugin-babel,0.2.3,72,B,INCONSISTENT_PUBLISH_PATH,4,2159199,v0.2.0
'@microsoft/fetch-event-source,2.0.1,39,D,UNVERIFIED_PUBLISH_PATH|DORMANT,8,2156330,v0.2.0
rc-overflow,1.5.0,39,D,UNVERIFIED_PUBLISH_PATH,3,2147821,v0.2.0
abortcontroller-polyfill,1.7.8,19,F,UNVERIFIED_PUBLISH_PATH|DORMANT|SINGLE_MAINTAINER,1,2132498,v0.2.0
'@amplitude/analytics-connector,1.6.5,87,A,,6,2129744,v0.2.0
encode-utf8,2.0.0,19,F,UNVERIFIED_PUBLISH_PATH|DORMANT|SINGLE_MAINTAINER,1,2125932,v0.2.0
player.style,0.3.4,73,B,SINGLE_MAINTAINER,1,2118684,v0.2.0
text-encoding,0.7.0,19,F,UNVERIFIED_PUBLISH_PATH|DORMANT|SINGLE_MAINTAINER|DEPRECATED,1,2103750,v0.2.0
slate,0.126.0,87,A,,6,2103242,v0.2.0
signature_pad,5.1.3,39,D,UNVERIFIED_PUBLISH_PATH,2,2102969,v0.2.0
stream,0.0.3,25,F,UNVERIFIED_PUBLISH_PATH|DORMANT|SINGLE_MAINTAINER,1,2094152,v0.2.0
'@simplewebauthn/server,13.3.2,73,B,SINGLE_MAINTAINER,1,2085207,v0.2.0
mark.js,8.11.1,19,F,UNVERIFIED_PUBLISH_PATH|DORMANT|SINGLE_MAINTAINER,1,2083093,v0.2.0
sockjs-client,1.6.1,33,F,UNVERIFIED_PUBLISH_PATH|DORMANT,2,2080632,v0.2.0
lowdb,7.0.1,19,F,UNVERIFIED_PUBLISH_PATH|DORMANT|SINGLE_MAINTAINER,1,2080065,v0.2.0
openclaw,2026.7.1,85,A,INCONSISTENT_PUBLISH_PATH,2,2065136,v0.2.0
perfect-scrollbar,1.5.6,33,F,UNVERIFIED_PUBLISH_PATH|DORMANT,17,2055714,v0.2.0
'@motionone/utils,10.18.0,29,F,UNVERIFIED_PUBLISH_PATH|DORMANT,2,2053928,v0.2.0
splaytree,3.2.3,63,C,SINGLE_MAINTAINER,1,2053743,v0.2.0
string-similarity,4.0.4,19,F,UNVERIFIED_PUBLISH_PATH|DORMANT|SINGLE_MAINTAINER|DEPRECATED,1,2048040,v0.2.0
d3-geo-projection,4.0.0,33,F,UNVERIFIED_PUBLISH_PATH|DORMANT,2,2047834,v0.2.0
'@motionone/generators,10.18.0,29,F,UNVERIFIED_PUBLISH_PATH|DORMANT,2,2043787,v0.2.0
'@motionone/animation,10.18.0,29,F,UNVERIFIED_PUBLISH_PATH|DORMANT,2,2043720,v0.2.0
rc-select,14.16.8,39,D,UNVERIFIED_PUBLISH_PATH,9,2042927,v0.2.0
'@motionone/easing,10.18.0,29,F,UNVERIFIED_PUBLISH_PATH|DORMANT,2,2035460,v0.2.0
'@fullcalendar/core,6.1.21,20,F,UNVERIFIED_PUBLISH_PATH|SINGLE_MAINTAINER,1,2032426,v0.2.0
react-player,3.4.0,57,C,SINGLE_MAINTAINER,1,2031308,v0.2.0
'@aws-sdk/client-ec2,3.1088.0,41,D,UNVERIFIED_PUBLISH_PATH,2,2030587,v0.2.0
react-beautiful-dnd,13.1.1,33,F,UNVERIFIED_PUBLISH_PATH|DORMANT|DEPRECATED,2,2030224,v0.2.0
chance,1.1.13,25,F,UNVERIFIED_PUBLISH_PATH|SINGLE_MAINTAINER,1,2027375,v0.2.0
numeral,2.0.6,19,F,UNVERIFIED_PUBLISH_PATH|DORMANT|SINGLE_MAINTAINER,1,2025608,v0.2.0
embla-carousel-autoplay,8.6.0,25,F,UNVERIFIED_PUBLISH_PATH|SINGLE_MAINTAINER,1,2024867,v0.2.0
'@turf/bearing,7.3.5,87,A,,8,2020507,v0.2.0
rc-dropdown,4.2.1,33,F,UNVERIFIED_PUBLISH_PATH|DORMANT,6,2013903,v0.2.0
make-plural,8.1.0,31,F,UNVERIFIED_PUBLISH_PATH|SINGLE_MAINTAINER,1,2012574,v0.2.0
'@amplitude/analytics-browser,2.45.1,89,A,,6,2006550,v0.2.0
'@fontsource-variable/inter,5.2.8,71,B,,2,1990838,v0.2.0
'@ant-design/cssinjs-utils,2.1.2,39,D,UNVERIFIED_PUBLISH_PATH,10,1988185,v0.2.0
partysocket,1.3.0,73,B,SINGLE_MAINTAINER,1,1984455,v0.2.0
markdown-it-task-lists,2.1.1,19,F,UNVERIFIED_PUBLISH_PATH|DORMANT|SINGLE_MAINTAINER,1,1980731,v0.2.0
es6-object-assign,1.1.0,19,F,UNVERIFIED_PUBLISH_PATH|DORMANT|SINGLE_MAINTAINER,1,1980501,v0.2.0
pdfmake,0.3.11,77,B,INCONSISTENT_PUBLISH_PATH,4,1979849,v0.2.0
konva,10.3.0,25,F,UNVERIFIED_PUBLISH_PATH|SINGLE_MAINTAINER,1,1972027,v0.2.0
rc-image,7.12.0,39,D,UNVERIFIED_PUBLISH_PATH,5,1970092,v0.2.0
emoji-mart,5.6.0,33,F,UNVERIFIED_PUBLISH_PATH|DORMANT,2,1969138,v0.2.0
'@azure/keyvault-secrets,4.11.2,47,D,UNVERIFIED_PUBLISH_PATH,3,1959936,v0.2.0
async-validator,4.2.5,33,F,UNVERIFIED_PUBLISH_PATH|DORMANT,2,1959050,v0.2.0
'@turf/line-intersect,7.3.5,87,A,,8,1958073,v0.2.0
pusher-js,8.5.0,39,D,UNVERIFIED_PUBLISH_PATH,2,1955944,v0.2.0
'@segment/analytics-next,1.84.0,46,D,UNVERIFIED_PUBLISH_PATH|BRANCH_REQUIRES_PR,3,1953951,v0.2.0
'@amplitude/plugin-page-view-tracking-browser,2.11.8,89,A,,6,1948426,v0.2.0
'@microsoft/microsoft-graph-client,3.0.7,35,D,UNVERIFIED_PUBLISH_PATH|DORMANT|BRANCH_REQUIRES_PR,6,1937956,v0.2.0
react-phone-number-input,3.4.17,21,F,UNVERIFIED_PUBLISH_PATH|SINGLE_MAINTAINER,1,1936699,v0.2.0
rc-cascader,3.34.0,39,D,UNVERIFIED_PUBLISH_PATH,5,1931328,v0.2.0
clipboard,2.0.11,33,F,UNVERIFIED_PUBLISH_PATH|DORMANT,3,1927546,v0.2.0
dexie,4.4.4,78,B,INCONSISTENT_PUBLISH_PATH,2,1916013,v0.2.0
'@turf/destination,7.3.5,87,A,,8,1915081,v0.2.0
oidc-client-ts,3.5.0,87,A,,2,1909877,v0.2.0
detect-browser,5.3.0,33,F,UNVERIFIED_PUBLISH_PATH|DORMANT,3,1897030,v0.2.0
rc-checkbox,3.5.0,33,F,UNVERIFIED_PUBLISH_PATH|DORMANT,5,1890878,v0.2.0
rx,4.1.0,33,F,UNVERIFIED_PUBLISH_PATH|DORMANT,2,1887438,v0.2.0
rc-notification,5.6.4,39,D,UNVERIFIED_PUBLISH_PATH,8,1887290,v0.2.0
popmotion,11.0.5,14,F,UNVERIFIED_PUBLISH_PATH|DORMANT|SINGLE_MAINTAINER,1,1881662,v0.2.0
rc-upload,4.11.0,39,D,UNVERIFIED_PUBLISH_PATH,6,1881269,v0.2.0
hammerjs,2.0.8,33,F,UNVERIFIED_PUBLISH_PATH|DORMANT,2,1879993,v0.2.0
'@angular/material,22.0.5,45,D,UNVERIFIED_PUBLISH_PATH,2,1875970,v0.2.0
jssha,3.3.2,31,F,UNVERIFIED_PUBLISH_PATH|SINGLE_MAINTAINER,1,1868954,v0.2.0
rc-rate,2.13.1,39,D,UNVERIFIED_PUBLISH_PATH,8,1851398,v0.2.0
rc-switch,4.1.0,33,F,UNVERIFIED_PUBLISH_PATH|DORMANT,7,1847187,v0.2.0
tesseract.js-core,6.1.2,39,D,UNVERIFIED_PUBLISH_PATH,4,1846436,v0.2.0
point-in-polygon,1.1.0,14,F,UNVERIFIED_PUBLISH_PATH|DORMANT|SINGLE_MAINTAINER|PUBLISHER_NOT_MAINTAINER,1,1846434,v0.2.0
firebase-functions,7.2.5,46,D,UNVERIFIED_PUBLISH_PATH,4,1843403,v0.2.0
algoliasearch-helper,3.29.2,39,D,UNVERIFIED_PUBLISH_PATH,12,1841022,v0.2.0
'@solana/web3.js,1.98.4,41,D,UNVERIFIED_PUBLISH_PATH|SINGLE_MAINTAINER,1,1839597,v0.2.0
mixpanel-browser,2.81.0,39,D,UNVERIFIED_PUBLISH_PATH|BRANCH_REQUIRES_PR,10,1835658,v0.2.0
apexcharts,5.16.0,77,B,INCONSISTENT_PUBLISH_PATH,2,1834312,v0.2.0
wasm-feature-detect,1.8.0,40,D,UNVERIFIED_PUBLISH_PATH|DORMANT,3,1821962,v0.2.0
'@microsoft/applicationinsights-core-js,3.4.3,47,D,UNVERIFIED_PUBLISH_PATH,5,1821709,v0.2.0
mqtt,5.15.2,87,A,,4,1820299,v0.2.0
'@petamoriken/float16,3.9.3,70,B,SINGLE_MAINTAINER,1,1814243,v0.2.0
'@turf/nearest-point-on-line,7.3.5,87,A,,8,1801112,v0.2.0
'@amplitude/plugin-autocapture-browser,1.28.6,89,A,,6,1797625,v0.2.0
livekit-client,2.20.1,65,C,INCONSISTENT_PUBLISH_PATH|SINGLE_MAINTAINER|BRANCH_REQUIRES_PR,1,1765777,v0.2.0
perfect-freehand,1.2.3,25,F,UNVERIFIED_PUBLISH_PATH|SINGLE_MAINTAINER,1,1756526,v0.2.0
'@aws-amplify/core,6.16.4,46,D,UNVERIFIED_PUBLISH_PATH,6,1752101,v0.2.0
martinez-polygon-clipping,0.8.1,63,C,SINGLE_MAINTAINER,1,1744981,v0.2.0
'@atlaskit/tokens,15.8.0,16,F,UNVERIFIED_PUBLISH_PATH|SINGLE_MAINTAINER,1,1744205,v0.2.0
'@mux/playback-core,0.35.0,88,A,,4,1738055,v0.2.0
'@turf/line-segment,7.3.5,87,A,,8,1726878,v0.2.0
chrono-node,2.10.0,25,F,UNVERIFIED_PUBLISH_PATH|SINGLE_MAINTAINER,1,1718432,v0.2.0
bezier-easing,3.0.1,25,F,UNVERIFIED_PUBLISH_PATH|SINGLE_MAINTAINER,1,1706414,v0.2.0
'@emoji-mart/data,1.2.1,19,F,UNVERIFIED_PUBLISH_PATH|DORMANT|SINGLE_MAINTAINER,1,1701054,v0.2.0
autolinker,4.1.5,39,D,UNVERIFIED_PUBLISH_PATH,2,1700625,v0.2.0
zlibjs,0.3.1,19,F,UNVERIFIED_PUBLISH_PATH|DORMANT|SINGLE_MAINTAINER,1,1697483,v0.2.0
'@preact/signals,2.9.4,89,A,,6,1696089,v0.2.0
'@capacitor/app,8.1.1,69,C,REPO_LINKAGE_MISMATCH,18,1690299,v0.2.0
event-target-polyfill,0.0.4,19,F,UNVERIFIED_PUBLISH_PATH|DORMANT|SINGLE_MAINTAINER,1,1688573,v0.2.0
'@ethersproject/providers,5.8.0,31,F,UNVERIFIED_PUBLISH_PATH|SINGLE_MAINTAINER,1,1685275,v0.2.0
'@turf/boolean-point-on-line,7.3.5,87,A,,8,1684649,v0.2.0
'@mux/mux-video,0.31.0,88,A,,4,1682356,v0.2.0
'@coinbase/wallet-sdk,4.3.7,46,D,UNVERIFIED_PUBLISH_PATH,2,1675193,v0.2.0
'@jimp/js-png,1.6.1,39,D,UNVERIFIED_PUBLISH_PATH,2,1670382,v0.2.0
'@aws-amplify/auth,6.20.0,46,D,UNVERIFIED_PUBLISH_PATH,6,1667743,v0.2.0
chai-as-promised,8.0.2,71,B,,2,1666905,v0.2.0
on-change,6.0.2,25,F,UNVERIFIED_PUBLISH_PATH|SINGLE_MAINTAINER,1,1665481,v0.2.0
'@motionone/types,10.17.1,29,F,UNVERIFIED_PUBLISH_PATH|DORMANT,2,1662565,v0.2.0
'@motionone/dom,10.18.0,29,F,UNVERIFIED_PUBLISH_PATH|DORMANT,2,1662307,v0.2.0
'@fullcalendar/daygrid,6.1.21,20,F,UNVERIFIED_PUBLISH_PATH|SINGLE_MAINTAINER,1,1650685,v0.2.0
'@fortawesome/fontawesome-free,7.3.1,34,F,UNVERIFIED_PUBLISH_PATH,8,1648919,v0.2.0
'@amplitude/analytics-client-common,2.4.55,89,A,,6,1645924,v0.2.0
ts-custom-error,3.3.1,25,F,UNVERIFIED_PUBLISH_PATH|DORMANT|SINGLE_MAINTAINER,1,1634903,v0.2.0
'@libsql/client,0.17.4,73,B,SINGLE_MAINTAINER,1,1633169,v0.2.0
'@reactflow/core,11.11.4,20,F,UNVERIFIED_PUBLISH_PATH|DORMANT|SINGLE_MAINTAINER,1,1631768,v0.2.0
redux-persist,6.0.0,33,F,UNVERIFIED_PUBLISH_PATH|DORMANT,2,1630703,v0.2.0
reactflow,11.11.4,20,F,UNVERIFIED_PUBLISH_PATH|DORMANT|SINGLE_MAINTAINER,1,1630231,v0.2.0
'@libsql/hrana-client,0.10.0,25,F,UNVERIFIED_PUBLISH_PATH|SINGLE_MAINTAINER,1,1628364,v0.2.0
sqids,0.3.0,33,F,UNVERIFIED_PUBLISH_PATH|DORMANT,2,1620246,v0.2.0
'@microsoft/applicationinsights-shims,3.0.1,41,D,UNVERIFIED_PUBLISH_PATH|DORMANT,6,1620104,v0.2.0
'@turf/rhumb-bearing,7.3.5,87,A,,8,1618065,v0.2.0
'@turf/boolean-clockwise,7.3.5,87,A,,8,1617444,v0.2.0
'@chakra-ui/react,3.36.0,40,D,UNVERIFIED_PUBLISH_PATH,2,1617286,v0.2.0
i18n-iso-countries,7.14.0,39,D,UNVERIFIED_PUBLISH_PATH,2,1610653,v0.2.0
'@turf/rhumb-distance,7.3.5,87,A,,8,1607515,v0.2.0
'@turf/point-to-line-distance,7.3.5,87,A,,8,1603739,v0.2.0
'@turf/polygon-to-line,7.3.5,87,A,,8,1603688,v0.2.0
geist,1.7.2,72,B,INCONSISTENT_PUBLISH_PATH|BRANCH_REQUIRES_SIGNATURES|BRANCH_REQUIRES_PR,2,1599906,v0.2.0
unorm,1.6.0,19,F,UNVERIFIED_PUBLISH_PATH|DORMANT|SINGLE_MAINTAINER,1,1589764,v0.2.0
'@turf/center,7.3.5,87,A,,8,1585126,v0.2.0
figlet,1.11.2,25,F,UNVERIFIED_PUBLISH_PATH|SINGLE_MAINTAINER,1,1580861,v0.2.0
cloudflare,7.0.0,93,A,,4,1580672,v0.2.0
qrcode-generator,2.0.4,25,F,UNVERIFIED_PUBLISH_PATH|SINGLE_MAINTAINER,1,1577712,v0.2.0
ag-grid-react,36.0.1,93,A,,4,1567252,v0.2.0
'@turf/projection,7.3.5,87,A,,8,1558593,v0.2.0
'@mantine/core,9.4.1,25,F,UNVERIFIED_PUBLISH_PATH|SINGLE_MAINTAINER,1,1554685,v0.2.0
'@turf/circle,7.3.5,87,A,,8,1543311,v0.2.0
tesseract.js,7.0.0,39,D,UNVERIFIED_PUBLISH_PATH,4,1535496,v0.2.0
'@sentry/tracing,7.120.4,27,F,UNVERIFIED_PUBLISH_PATH|SINGLE_MAINTAINER,1,1517972,v0.2.0
'@docsearch/css,4.6.3,46,D,UNVERIFIED_PUBLISH_PATH,5,1514708,v0.2.0
'@pulumi/aws,7.37.0,39,D,UNVERIFIED_PUBLISH_PATH,2,1514405,v0.2.0
'@fontsource/inter,5.2.8,71,B,,2,1510885,v0.2.0
'@pierre/diffs,1.2.12,30,F,UNVERIFIED_PUBLISH_PATH,6,1509215,v0.2.0
'@solid-primitives/utils,6.4.1,40,D,UNVERIFIED_PUBLISH_PATH,3,1503805,v0.2.0
search-insights,2.17.3,40,D,UNVERIFIED_PUBLISH_PATH|DORMANT,12,1500819,v0.2.0
'@turf/bbox-polygon,7.3.5,87,A,,8,1499843,v0.2.0
json2csv,6.0.0-alpha.2,33,F,UNVERIFIED_PUBLISH_PATH|DORMANT,4,1499401,v0.2.0
ndarray,1.0.19,33,F,UNVERIFIED_PUBLISH_PATH|DORMANT,5,1499154,v0.2.0
custom-media-element,1.4.6,81,B,,2,1498737,v0.2.0
cropperjs,2.1.1,73,B,SINGLE_MAINTAINER,1,1479967,v0.2.0
yamljs,0.3.0,19,F,UNVERIFIED_PUBLISH_PATH|DORMANT|SINGLE_MAINTAINER,1,1478508,v0.2.0
sql.js,1.14.1,39,D,UNVERIFIED_PUBLISH_PATH,2,1476442,v0.2.0
point-in-polygon-hao,1.2.4,19,F,UNVERIFIED_PUBLISH_PATH|DORMANT|SINGLE_MAINTAINER,1,1475073,v0.2.0
'@turf/union,7.3.5,87,A,,8,1465099,v0.2.0
'@amplitude/plugin-web-vitals-browser,1.1.40,89,A,,6,1463611,v0.2.0
'@turf/intersect,7.3.5,87,A,,8,1461356,v0.2.0
react-bootstrap,2.10.10,39,D,UNVERIFIED_PUBLISH_PATH,3,1456213,v0.2.0
'@amplitude/experiment-core,0.13.3,87,A,,6,1453896,v0.2.0
'@fullcalendar/interaction,6.1.21,20,F,UNVERIFIED_PUBLISH_PATH|SINGLE_MAINTAINER,1,1442706,v0.2.0
normalize.css,8.0.1,19,F,UNVERIFIED_PUBLISH_PATH|DORMANT|SINGLE_MAINTAINER,1,1442286,v0.2.0
'@turf/clean-coords,7.3.5,87,A,,8,1437792,v0.2.0
liquidjs,10.27.2,79,B,SINGLE_MAINTAINER,1,1433514,v0.2.0
'@turf/boolean-disjoint,7.3.5,87,A,,8,1428005,v0.2.0
'@lottiefiles/dotlottie-web,0.77.1,89,A,,2,1426258,v0.2.0
jsonata,2.2.1,69,C,INCONSISTENT_PUBLISH_PATH|SINGLE_MAINTAINER,1,1418524,v0.2.0
'@amplitude/rrweb-types,2.1.2,82,B,,6,1412967,v0.2.0
'@resvg/resvg-wasm,2.6.2,33,F,UNVERIFIED_PUBLISH_PATH|DORMANT,3,1409877,v0.2.0
ml-matrix,6.14.0,39,D,UNVERIFIED_PUBLISH_PATH,7,1403610,v0.2.0
'@base-org/account,2.5.7,94,A,,4,1402424,v0.2.0
media-tracks,0.3.5,81,B,,2,1400229,v0.2.0
'@babel/polyfill,7.12.1,34,F,UNVERIFIED_PUBLISH_PATH|DORMANT|DEPRECATED,4,1400200,v0.2.0
'@microsoft/signalr,10.0.0,47,D,UNVERIFIED_PUBLISH_PATH|BRANCH_REQUIRES_PR,6,1388122,v0.2.0
xmldom,0.6.0,34,F,UNVERIFIED_PUBLISH_PATH|DORMANT|PUBLISHER_NOT_MAINTAINER,2,1387434,v0.2.0
'@libsql/core,0.17.4,73,B,SINGLE_MAINTAINER,1,1386837,v0.2.0
'@turf/boolean-contains,7.3.5,87,A,,8,1386373,v0.2.0
'@pierre/theme,1.1.0,34,F,UNVERIFIED_PUBLISH_PATH,6,1385951,v0.2.0
'@turf/rewind,7.3.5,87,A,,8,1384915,v0.2.0
jsqr,1.4.0,33,F,UNVERIFIED_PUBLISH_PATH|DORMANT,2,1379967,v0.2.0
lucide-react-native,1.24.0,68,C,SINGLE_MAINTAINER,1,1378387,v0.2.0
selenium-webdriver,4.46.0,39,D,UNVERIFIED_PUBLISH_PATH,6,1373477,v0.2.0
react-table,7.8.0,21,F,UNVERIFIED_PUBLISH_PATH|DORMANT|SINGLE_MAINTAINER,1,1373066,v0.2.0
google-libphonenumber,3.2.44,25,F,UNVERIFIED_PUBLISH_PATH|SINGLE_MAINTAINER,1,1371456,v0.2.0
'@openai/agents-core,0.13.4,88,A,,16,1365967,v0.2.0
castable-video,1.1.16,81,B,,4,1362850,v0.2.0
simple-xml-to-json,1.2.7,25,F,UNVERIFIED_PUBLISH_PATH|SINGLE_MAINTAINER,1,1362757,v0.2.0
mediabunny,1.50.8,73,B,SINGLE_MAINTAINER,1,1356383,v0.2.0
react-virtualized,9.22.6,33,F,UNVERIFIED_PUBLISH_PATH|DORMANT,3,1353863,v0.2.0
tldjs,2.3.2,25,F,UNVERIFIED_PUBLISH_PATH|SINGLE_MAINTAINER,1,1352997,v0.2.0
'@mux/mux-player,3.13.0,88,A,,4,1351615,v0.2.0
exifr,7.1.3,19,F,UNVERIFIED_PUBLISH_PATH|DORMANT|SINGLE_MAINTAINER,1,1349853,v0.2.0
'@expo/ui,57.0.6,45,D,UNVERIFIED_PUBLISH_PATH,11,1349322,v0.2.0
nitropack,2.13.4,32,F,UNVERIFIED_PUBLISH_PATH|SINGLE_MAINTAINER,1,1344580,v0.2.0
'@algolia/events,4.0.1,33,F,UNVERIFIED_PUBLISH_PATH|DORMANT,9,1342144,v0.2.0
'@ckeditor/ckeditor5-utils,48.3.1,38,D,UNVERIFIED_PUBLISH_PATH|SINGLE_MAINTAINER,1,1341997,v0.2.0
'@ckeditor/ckeditor5-engine,48.3.1,38,D,UNVERIFIED_PUBLISH_PATH|SINGLE_MAINTAINER,1,1341164,v0.2.0
chartjs-plugin-datalabels,2.2.0,33,F,UNVERIFIED_PUBLISH_PATH|DORMANT,2,1336945,v0.2.0
'@turf/line-split,7.3.5,87,A,,8,1332681,v0.2.0
'@rails/actioncable,8.1.300,94,A,,8,1330043,v0.2.0
minisearch,7.2.0,20,F,UNVERIFIED_PUBLISH_PATH|SINGLE_MAINTAINER,1,1327401,v0.2.0
'@fullcalendar/timegrid,6.1.21,20,F,UNVERIFIED_PUBLISH_PATH|SINGLE_MAINTAINER,1,1327176,v0.2.0
'@turf/boolean-within,7.3.5,87,A,,8,1324123,v0.2.0
babel-polyfill,6.26.0,34,F,UNVERIFIED_PUBLISH_PATH|DORMANT,3,1322380,v0.2.0
'@microsoft/dynamicproto-js,2.0.5,40,D,UNVERIFIED_PUBLISH_PATH,6,1318844,v0.2.0
flatpickr,4.6.13,33,F,UNVERIFIED_PUBLISH_PATH|DORMANT,2,1318776,v0.2.0
readline,1.3.0,33,F,UNVERIFIED_PUBLISH_PATH|DORMANT,2,1316756,v0.2.0
'@jimp/js-bmp,1.6.1,39,D,UNVERIFIED_PUBLISH_PATH,2,1308891,v0.2.0
'@ckeditor/ckeditor5-ui,48.3.1,38,D,UNVERIFIED_PUBLISH_PATH|SINGLE_MAINTAINER,1,1308720,v0.2.0
'@effect/platform,0.97.0,82,B,,3,1306593,v0.2.0
'@turf/length,7.3.5,87,A,,8,1304812,v0.2.0
binary-search-bounds,2.0.5,19,F,UNVERIFIED_PUBLISH_PATH|DORMANT|SINGLE_MAINTAINER,1,1304556,v0.2.0
'@turf/simplify,7.3.5,87,A,,8,1304239,v0.2.0
react-query,3.39.3,40,D,UNVERIFIED_PUBLISH_PATH|DORMANT|BRANCH_REQUIRES_PR,2,1302982,v0.2.0
event-source-polyfill,1.0.31,33,F,UNVERIFIED_PUBLISH_PATH|DORMANT,2,1301122,v0.2.0
otpauth,9.5.1,79,B,SINGLE_MAINTAINER,1,1300116,v0.2.0
'@turf/rhumb-destination,7.3.5,87,A,,8,1297992,v0.2.0
'@amplitude/plugin-page-url-enrichment-browser,0.7.18,89,A,,6,1297610,v0.2.0
ace-builds,1.44.0,87,A,,3,1293111,v0.2.0
'@reown/appkit-ui,1.8.22,76,B,,2,1290565,v0.2.0
react-responsive,10.0.1,39,D,UNVERIFIED_PUBLISH_PATH,2,1290391,v0.2.0
convex,1.42.2,34,F,UNVERIFIED_PUBLISH_PATH,13,1284230,v0.2.0
'@sentry/vue,10.65.0,27,F,UNVERIFIED_PUBLISH_PATH|SINGLE_MAINTAINER|BRANCH_REQUIRES_PR,1,1280185,v0.2.0
'@huggingface/transformers,4.2.0,34,F,UNVERIFIED_PUBLISH_PATH,5,1275492,v0.2.0
aws-amplify,6.18.0,46,D,UNVERIFIED_PUBLISH_PATH,6,1269310,v0.2.0
'@turf/boolean-equal,7.3.5,87,A,,8,1268204,v0.2.0
'@vimeo/player,2.30.4,39,D,UNVERIFIED_PUBLISH_PATH,3,1266250,v0.2.0
nuxt,4.4.8,81,B,SINGLE_MAINTAINER,1,1263736,v0.2.0
es6-shim,0.35.8,33,F,UNVERIFIED_PUBLISH_PATH|DORMANT,2,1261824,v0.2.0
modern-screenshot,4.7.0,63,C,INCONSISTENT_PUBLISH_PATH|SINGLE_MAINTAINER,1,1260866,v0.2.0
'@amplitude/plugin-network-capture-browser,1.10.8,79,B,INCONSISTENT_PUBLISH_PATH,6,1257793,v0.2.0
'@types/gensync,1.0.5,33,F,UNVERIFIED_PUBLISH_PATH|SINGLE_MAINTAINER,1,1257051,v0.2.0
weakmap-polyfill,2.0.4,14,F,UNVERIFIED_PUBLISH_PATH|DORMANT|SINGLE_MAINTAINER,1,1255432,v0.2.0
'@microsoft/applicationinsights-common,3.4.3,47,D,UNVERIFIED_PUBLISH_PATH,5,1255222,v0.2.0
rc-trigger,5.3.4,33,F,UNVERIFIED_PUBLISH_PATH|DORMANT,5,1250733,v0.2.0
'@turf/transform-translate,7.3.5,87,A,,8,1249574,v0.2.0
'@stencil/core,4.43.5,84,B,INCONSISTENT_PUBLISH_PATH,6,1243594,v0.2.0
'@turf/flatten,7.3.5,87,A,,8,1239640,v0.2.0
showdown,2.1.0,39,D,UNVERIFIED_PUBLISH_PATH|DORMANT,2,1236862,v0.2.0
react-loading-skeleton,3.5.0,19,F,UNVERIFIED_PUBLISH_PATH|DORMANT|SINGLE_MAINTAINER,1,1233529,v0.2.0
zxcvbn,4.4.2,19,F,UNVERIFIED_PUBLISH_PATH|DORMANT|SINGLE_MAINTAINER,1,1233373,v0.2.0
isomorphic-git,1.38.7,39,D,UNVERIFIED_PUBLISH_PATH,3,1233106,v0.2.0
'@turf/bbox-clip,7.3.5,87,A,,8,1230501,v0.2.0
'@primeuix/utils,0.8.0,30,F,UNVERIFIED_PUBLISH_PATH,2,1228705,v0.2.0
'@rsbuild/core,2.1.6,88,A,,2,1224902,v0.2.0
'@chakra-ui/utils,2.2.2,34,F,UNVERIFIED_PUBLISH_PATH|DORMANT,2,1224534,v0.2.0
'@turf/transform-scale,7.3.5,87,A,,8,1224361,v0.2.0
body-scroll-lock,4.0.0-beta.0,14,F,UNVERIFIED_PUBLISH_PATH|DORMANT|SINGLE_MAINTAINER,1,1220292,v0.2.0
remotion,4.0.489,20,F,UNVERIFIED_PUBLISH_PATH|SINGLE_MAINTAINER,1,1220179,v0.2.0
'@js-temporal/polyfill,0.5.1,39,D,UNVERIFIED_PUBLISH_PATH,3,1219585,v0.2.0
'@rc-component/util,1.12.0,39,D,UNVERIFIED_PUBLISH_PATH,5,1216286,v0.2.0
'@turf/points-within-polygon,7.3.5,87,A,,8,1215513,v0.2.0
'@turf/line-overlap,7.3.5,87,A,,8,1213612,v0.2.0
iota-array,1.0.0,19,F,UNVERIFIED_PUBLISH_PATH|DORMANT|SINGLE_MAINTAINER,1,1213349,v0.2.0
gel,2.2.0,39,D,UNVERIFIED_PUBLISH_PATH,2,1213124,v0.2.0
vuex,4.1.0,28,F,UNVERIFIED_PUBLISH_PATH|DORMANT,4,1212791,v0.2.0
'@turf/ellipse,7.3.5,87,A,,8,1212489,v0.2.0
videojs-vtt.js,0.15.5,28,F,UNVERIFIED_PUBLISH_PATH|DORMANT|PUBLISHER_NOT_MAINTAINER,17,1211845,v0.2.0
remarkable,2.0.1,28,F,UNVERIFIED_PUBLISH_PATH|DORMANT,8,1209711,v0.2.0
'@turf/combine,7.3.5,87,A,,8,1208183,v0.2.0
jsbarcode,3.12.3,25,F,UNVERIFIED_PUBLISH_PATH|SINGLE_MAINTAINER,1,1203351,v0.2.0
'@turf/boolean-intersects,7.3.5,87,A,,8,1193179,v0.2.0
'@turf/square,7.3.5,87,A,,8,1192090,v0.2.0
'@zxing/library,0.23.0,82,B,,2,1191120,v0.2.0
opentype.js,2.0.0,87,A,,2,1188779,v0.2.0
'@turf/line-arc,7.3.5,87,A,,8,1185618,v0.2.0
browser-image-compression,2.0.2,19,F,UNVERIFIED_PUBLISH_PATH|DORMANT|SINGLE_MAINTAINER,1,1184921,v0.2.0
'@rc-component/resize-observer,1.1.2,39,D,UNVERIFIED_PUBLISH_PATH,5,1184885,v0.2.0
striptags,3.2.0,25,F,UNVERIFIED_PUBLISH_PATH|DORMANT|SINGLE_MAINTAINER,1,1184563,v0.2.0
topojson-server,3.0.1,19,F,UNVERIFIED_PUBLISH_PATH|DORMANT|SINGLE_MAINTAINER,1,1184012,v0.2.0
'@turf/along,7.3.5,87,A,,8,1181795,v0.2.0
'@turf/line-slice,7.3.5,87,A,,8,1179507,v0.2.0
turndown-plugin-gfm,1.0.2,19,F,UNVERIFIED_PUBLISH_PATH|DORMANT|SINGLE_MAINTAINER,1,1177949,v0.2.0
'@turf/line-offset,7.3.5,87,A,,8,1176327,v0.2.0
'@rc-component/motion,1.3.3,39,D,UNVERIFIED_PUBLISH_PATH,5,1175408,v0.2.0
'@turf/point-on-feature,7.3.5,87,A,,8,1173631,v0.2.0
'@turf/clusters-dbscan,7.3.5,87,A,,8,1172909,v0.2.0
slick-carousel,1.8.1,19,F,UNVERIFIED_PUBLISH_PATH|DORMANT|SINGLE_MAINTAINER,1,1170823,v0.2.0
'@turf/bezier-spline,7.3.5,87,A,,8,1170810,v0.2.0
'@turf/square-grid,7.3.5,87,A,,8,1169278,v0.2.0
canvaskit-wasm,0.41.1,35,D,UNVERIFIED_PUBLISH_PATH,9,1168433,v0.2.0
'@turf/dissolve,7.3.5,87,A,,8,1167742,v0.2.0
'@solana/spl-token,0.4.15,74,B,SINGLE_MAINTAINER,1,1167439,v0.2.0
'@turf/line-slice-along,7.3.5,87,A,,8,1166105,v0.2.0
'@turf/clusters-kmeans,7.3.5,87,A,,8,1163245,v0.2.0
'@turf/mask,7.3.5,87,A,,8,1162264,v0.2.0
ag-charts-community,14.0.1,86,A,SINGLE_MAINTAINER,1,1161504,v0.2.0
'@turf/point-grid,7.3.5,87,A,,8,1161292,v0.2.0
systemjs,6.15.1,33,F,UNVERIFIED_PUBLISH_PATH|DORMANT,2,1161195,v0.2.0
'@microsoft/applicationinsights-channel-js,3.4.3,47,D,UNVERIFIED_PUBLISH_PATH,5,1160167,v0.2.0
'@turf/line-chunk,7.3.5,87,A,,8,1155842,v0.2.0
'@turf/voronoi,7.3.5,87,A,,8,1155567,v0.2.0
'@turf/concave,7.3.5,87,A,,8,1154486,v0.2.0
'@turf/triangle-grid,7.3.5,87,A,,8,1154056,v0.2.0
'@fingerprintjs/fingerprintjs,5.2.0,87,A,BRANCH_REQUIRES_PR,2,1153054,v0.2.0
'@turf/flip,7.3.5,87,A,,8,1152588,v0.2.0
'@turf/clusters,7.3.5,87,A,,8,1150963,v0.2.0
'@turf/collect,7.3.5,87,A,,8,1150682,v0.2.0
'@turf/planepoint,7.3.5,87,A,,8,1149881,v0.2.0
'@turf/sample,7.3.5,87,A,,8,1149478,v0.2.0
'@turf/tag,7.3.5,87,A,,8,1149324,v0.2.0
'@turf/isolines,7.3.5,87,A,,8,1148698,v0.2.0
'@turf/isobands,7.3.5,87,A,,8,1148330,v0.2.0
'@turf/polygon-tangents,7.3.5,87,A,,8,1148100,v0.2.0
'@turf/shortest-path,7.3.5,87,A,,8,1148011,v0.2.0
'@turf/center-median,7.3.5,87,A,,8,1147896,v0.2.0
'@turf/boolean-parallel,7.3.5,87,A,,8,1147825,v0.2.0
'@codesandbox/sandpack-client,2.19.8,35,D,UNVERIFIED_PUBLISH_PATH|DORMANT|PUBLISHER_NOT_MAINTAINER|BRANCH_REQUIRES_PR,3,1142922,v0.2.0
'@azure/msal-react,5.5.3,47,D,UNVERIFIED_PUBLISH_PATH,3,1137394,v0.2.0
'@rc-component/tooltip,1.5.0,39,D,UNVERIFIED_PUBLISH_PATH,5,1137301,v0.2.0
'@rc-component/drawer,1.4.2,39,D,UNVERIFIED_PUBLISH_PATH,5,1134060,v0.2.0
credit-card-type,10.3.0,38,D,UNVERIFIED_PUBLISH_PATH|SINGLE_MAINTAINER,1,1129527,v0.2.0
zxing-wasm,3.1.1,68,C,SINGLE_MAINTAINER,1,1126378,v0.2.0
html2pdf.js,0.14.0,25,F,UNVERIFIED_PUBLISH_PATH|SINGLE_MAINTAINER,1,1123826,v0.2.0
enquire.js,2.1.6,19,F,UNVERIFIED_PUBLISH_PATH|DORMANT|SINGLE_MAINTAINER,1,1123448,v0.2.0
'@rc-component/overflow,1.0.1,39,D,UNVERIFIED_PUBLISH_PATH,5,1121730,v0.2.0
slug,11.0.1,25,F,UNVERIFIED_PUBLISH_PATH|SINGLE_MAINTAINER,1,1121526,v0.2.0
imask,7.6.1,19,F,UNVERIFIED_PUBLISH_PATH|DORMANT|SINGLE_MAINTAINER,1,1121485,v0.2.0
card-validator,10.0.4,38,D,UNVERIFIED_PUBLISH_PATH|SINGLE_MAINTAINER,1,1118584,v0.2.0
ag-charts-enterprise,14.0.1,86,A,SINGLE_MAINTAINER,1,1118457,v0.2.0
'@turf/buffer,7.3.5,87,A,,8,1117763,v0.2.0
'@rc-component/dropdown,1.0.3,39,D,UNVERIFIED_PUBLISH_PATH,5,1114333,v0.2.0
docx-preview,0.4.0,25,F,UNVERIFIED_PUBLISH_PATH|SINGLE_MAINTAINER,1,1113910,v0.2.0
'@shopify/react-native-skia,2.8.0,82,B,,6,1111319,v0.2.0
'@rc-component/tree,1.3.2,39,D,UNVERIFIED_PUBLISH_PATH,5,1111173,v0.2.0
'@rc-component/slider,1.1.1,39,D,UNVERIFIED_PUBLISH_PATH,5,1110858,v0.2.0
'@algolia/autocomplete-preset-algolia,1.19.9,29,F,UNVERIFIED_PUBLISH_PATH|PUBLISHER_NOT_MAINTAINER,14,1110491,v0.2.0
skmeans,0.11.3,19,F,UNVERIFIED_PUBLISH_PATH|DORMANT|SINGLE_MAINTAINER,1,1110118,v0.2.0
'@turf/kinks,7.3.5,87,A,,8,1109678,v0.2.0
primeicons,8.0.0,30,F,UNVERIFIED_PUBLISH_PATH,2,1108396,v0.2.0
es5-shim,4.6.7,33,F,UNVERIFIED_PUBLISH_PATH|DORMANT,3,1108165,v0.2.0
'@rc-component/mentions,1.11.0,39,D,UNVERIFIED_PUBLISH_PATH,5,1107088,v0.2.0
'@turf/truncate,7.3.5,87,A,,8,1105110,v0.2.0
driver.js,1.7.0,20,F,UNVERIFIED_PUBLISH_PATH|SINGLE_MAINTAINER,1,1103393,v0.2.0
redoc,2.5.3,80,B,SINGLE_MAINTAINER,1,1103078,v0.2.0
'@rc-component/input,1.3.1,39,D,UNVERIFIED_PUBLISH_PATH,5,1102460,v0.2.0
'@reown/appkit-scaffold-ui,1.8.22,76,B,,2,1102234,v0.2.0
'@fontsource/roboto,5.2.10,81,B,,2,1100481,v0.2.0
'@walletconnect/ethereum-provider,2.23.10,81,B,,2,1098553,v0.2.0
'@rc-component/notification,2.0.7,39,D,UNVERIFIED_PUBLISH_PATH,5,1098480,v0.2.0
polyclip-ts,0.16.8,19,F,UNVERIFIED_PUBLISH_PATH|DORMANT|SINGLE_MAINTAINER,1,1097471,v0.2.0
'@rc-component/upload,1.1.1,39,D,UNVERIFIED_PUBLISH_PATH,5,1094820,v0.2.0
graphology,0.26.0,25,F,UNVERIFIED_PUBLISH_PATH|SINGLE_MAINTAINER,1,1094346,v0.2.0
'@pdf-lib/fontkit,1.1.1,14,F,UNVERIFIED_PUBLISH_PATH|DORMANT|SINGLE_MAINTAINER,1,1090834,v0.2.0
'@rc-component/collapse,1.2.0,39,D,UNVERIFIED_PUBLISH_PATH,5,1089829,v0.2.0
'@rc-component/menu,1.4.1,39,D,UNVERIFIED_PUBLISH_PATH,5,1086462,v0.2.0
'@rc-component/progress,1.0.2,39,D,UNVERIFIED_PUBLISH_PATH,5,1085136,v0.2.0
'@rc-component/input-number,1.6.2,39,D,UNVERIFIED_PUBLISH_PATH,5,1084628,v0.2.0
'@ckeditor/ckeditor5-core,48.3.1,38,D,UNVERIFIED_PUBLISH_PATH|SINGLE_MAINTAINER,1,1082573,v0.2.0
'@rc-component/tabs,1.12.0,39,D,UNVERIFIED_PUBLISH_PATH,5,1082433,v0.2.0
'@turf/difference,7.3.5,87,A,,8,1080134,v0.2.0
'@rc-component/table,1.10.4,39,D,UNVERIFIED_PUBLISH_PATH,5,1078816,v0.2.0
'@rc-component/form,1.8.5,39,D,UNVERIFIED_PUBLISH_PATH,5,1077147,v0.2.0
'@amplitude/ua-parser-js,0.7.33,28,F,UNVERIFIED_PUBLISH_PATH|DORMANT|PUBLISHER_NOT_MAINTAINER,6,1073222,v0.2.0
htm,3.1.1,19,F,UNVERIFIED_PUBLISH_PATH|DORMANT|SINGLE_MAINTAINER,1,1069288,v0.2.0
short-unique-id,5.3.2,25,F,UNVERIFIED_PUBLISH_PATH|SINGLE_MAINTAINER,1,1062308,v0.2.0
js-sha512,0.9.0,19,F,UNVERIFIED_PUBLISH_PATH|DORMANT|SINGLE_MAINTAINER,1,1061906,v0.2.0
ckeditor5,48.3.1,38,D,UNVERIFIED_PUBLISH_PATH|SINGLE_MAINTAINER,1,1061808,v0.2.0
vuedraggable,2.24.3,19,F,UNVERIFIED_PUBLISH_PATH|DORMANT|SINGLE_MAINTAINER,1,1057871,v0.2.0
wavesurfer.js,7.12.10,25,F,UNVERIFIED_PUBLISH_PATH|SINGLE_MAINTAINER,1,1055529,v0.2.0
m3u8-parser,7.2.0,28,F,UNVERIFIED_PUBLISH_PATH|DORMANT|PUBLISHER_NOT_MAINTAINER,20,1052192,v0.2.0
ag-grid-enterprise,36.0.1,93,A,BRANCH_REQUIRES_PR,4,1051755,v0.2.0
concaveman,2.0.0,46,D,UNVERIFIED_PUBLISH_PATH,28,1049213,v0.2.0
jsts,2.12.1,19,F,UNVERIFIED_PUBLISH_PATH|DORMANT|SINGLE_MAINTAINER,1,1044979,v0.2.0
date-now,1.0.1,19,F,UNVERIFIED_PUBLISH_PATH|DORMANT|SINGLE_MAINTAINER,1,1044720,v0.2.0
'@turf/nearest-point-to-line,7.3.5,87,A,,8,1043741,v0.2.0
'@xterm/addon-web-links,0.12.0,25,F,UNVERIFIED_PUBLISH_PATH|SINGLE_MAINTAINER,1,1042131,v0.2.0
contentful,11.12.7,80,B,SINGLE_MAINTAINER|BRANCH_REQUIRES_PR,1,1042067,v0.2.0
'@turf/convex,7.3.5,87,A,,8,1041709,v0.2.0
barcode-detector,3.2.1,68,C,SINGLE_MAINTAINER,1,1038027,v0.2.0
flexsearch,0.8.212,31,F,UNVERIFIED_PUBLISH_PATH|SINGLE_MAINTAINER,1,1036714,v0.2.0
webfontloader,1.6.28,33,F,UNVERIFIED_PUBLISH_PATH|DORMANT,2,1032067,v0.2.0
graphiql,5.2.4,93,A,,12,1030692,v0.2.0
video.js,8.23.9,39,D,UNVERIFIED_PUBLISH_PATH,19,1028290,v0.2.0
brotli-wasm,3.0.1,19,F,UNVERIFIED_PUBLISH_PATH|DORMANT|SINGLE_MAINTAINER,1,1025780,v0.2.0
openpgp,6.3.1,45,D,UNVERIFIED_PUBLISH_PATH,5,1023519,v0.2.0
hotkeys-js,4.0.4,73,B,SINGLE_MAINTAINER,1,1020349,v0.2.0
'@nevware21/ts-utils,0.15.0,47,D,UNVERIFIED_PUBLISH_PATH,2,1016801,v0.2.0
'@turf/center-of-mass,7.3.5,87,A,,8,1013989,v0.2.0
'@types/selenium-webdriver,4.35.6,33,F,UNVERIFIED_PUBLISH_PATH|SINGLE_MAINTAINER,1,1011952,v0.2.0
'@react-navigation/stack,7.10.11,39,D,UNVERIFIED_PUBLISH_PATH,6,1011739,v0.2.0
'@microsoft/applicationinsights-web,3.4.3,47,D,UNVERIFIED_PUBLISH_PATH,5,1011125,v0.2.0
'@capacitor/push-notifications,8.1.2,69,C,REPO_LINKAGE_MISMATCH,18,1010454,v0.2.0
'@microsoft/applicationinsights-analytics-js,3.4.3,47,D,UNVERIFIED_PUBLISH_PATH,5,1010243,v0.2.0
'@line/bot-sdk,11.2.0,87,A,,5,1009175,v0.2.0
'@formkit/auto-animate,0.10.0,87,A,,4,1007720,v0.2.0
'@microsoft/applicationinsights-dependencies-js,3.4.3,47,D,UNVERIFIED_PUBLISH_PATH,5,1007323,v0.2.0
react-native-maps,1.29.0,100,A,,16,1007232,v0.2.0
'@ckeditor/ckeditor5-widget,48.3.1,38,D,UNVERIFIED_PUBLISH_PATH|SINGLE_MAINTAINER,1,1003780,v0.2.0
'@browserbasehq/stagehand,3.7.0,72,B,INCONSISTENT_PUBLISH_PATH,8,1003362,v0.2.0
'@turf/transform-rotate,7.3.5,87,A,,8,1002992,v0.2.0
tinymce,8.8.0,47,D,UNVERIFIED_PUBLISH_PATH,3,1002858,v0.2.0
jsrsasign,11.1.3,31,F,UNVERIFIED_PUBLISH_PATH|SINGLE_MAINTAINER,1,999470,v0.2.0
'@turf/midpoint,7.3.5,87,A,,8,995677,v0.2.0
'@hubspot/api-client,14.0.1,39,D,UNVERIFIED_PUBLISH_PATH,46,989100,v0.2.0
'@turf/nearest-point,7.3.5,87,A,,8,988761,v0.2.0
'@videojs/vhs-utils,4.1.2,39,D,UNVERIFIED_PUBLISH_PATH,17,988180,v0.2.0
globalize,1.7.1,45,D,UNVERIFIED_PUBLISH_PATH,3,987831,v0.2.0
'@fontsource-variable/geist,5.2.9,81,B,,2,986324,v0.2.0
'@turf/boolean-overlap,7.3.5,87,A,,8,984464,v0.2.0
react-scan,0.5.7,27,F,UNVERIFIED_PUBLISH_PATH|SINGLE_MAINTAINER,1,984154,v0.2.0
'@ckeditor/ckeditor5-clipboard,48.3.1,38,D,UNVERIFIED_PUBLISH_PATH|SINGLE_MAINTAINER,1,982964,v0.2.0
'@restart/ui,1.9.4,39,D,UNVERIFIED_PUBLISH_PATH,3,982043,v0.2.0
'@turf/explode,7.3.5,87,A,,8,980536,v0.2.0
lenis,1.3.25,46,D,UNVERIFIED_PUBLISH_PATH,2,979669,v0.2.0
color-space,2.3.2,39,D,UNVERIFIED_PUBLISH_PATH,6,973935,v0.2.0
phoenix,1.8.9,83,B,INCONSISTENT_PUBLISH_PATH,3,973732,v0.2.0
'@turf/rectangle-grid,7.3.5,87,A,,8,972447,v0.2.0
'@material-ui/core,4.12.4,15,F,UNVERIFIED_PUBLISH_PATH|DORMANT|SINGLE_MAINTAINER|PUBLISHER_NOT_MAINTAINER|DEPRECATED,1,972277,v0.2.0
mpd-parser,1.4.0,39,D,UNVERIFIED_PUBLISH_PATH,18,971582,v0.2.0
'@turf/unkink-polygon,7.3.5,87,A,,8,969161,v0.2.0
'@turf/envelope,7.3.5,87,A,,8,967085,v0.2.0
'@nevware21/ts-async,0.6.1,47,D,UNVERIFIED_PUBLISH_PATH,2,966045,v0.2.0
'@turf/boolean-crosses,7.3.5,87,A,,8,965936,v0.2.0
'@inversifyjs/core,13.0.0,27,F,UNVERIFIED_PUBLISH_PATH|SINGLE_MAINTAINER,1,963757,v0.2.0
'@turf/line-to-polygon,7.3.5,87,A,,8,963524,v0.2.0
'@hotwired/stimulus,3.2.2,39,D,UNVERIFIED_PUBLISH_PATH|DORMANT,6,961984,v0.2.0
js-binary-schema-parser,2.0.3,19,F,UNVERIFIED_PUBLISH_PATH|DORMANT|SINGLE_MAINTAINER,1,957973,v0.2.0
'@turf/sector,7.3.5,87,A,,8,955416,v0.2.0
'@turf/geojson-rbush,7.3.5,87,A,,8,954745,v0.2.0
ably,2.24.0,39,D,UNVERIFIED_PUBLISH_PATH,9,953339,v0.2.0
'@zxcvbn-ts/core,4.1.2,31,F,UNVERIFIED_PUBLISH_PATH|SINGLE_MAINTAINER,1,953311,v0.2.0
'@amplitude/rrweb-snapshot,2.1.2,82,B,,6,952502,v0.2.0
'@turf/great-circle,7.3.5,87,A,,8,950664,v0.2.0
'@turf/random,7.3.5,87,A,,8,947554,v0.2.0
react-calendar,6.0.1,87,A,,3,946395,v0.2.0
'@turf/hex-grid,7.3.5,87,A,,8,942243,v0.2.0
'@turf/tin,7.3.5,87,A,,8,941521,v0.2.0
h3-js,4.5.0,39,D,UNVERIFIED_PUBLISH_PATH,2,941494,v0.2.0
'@turf/polygonize,7.3.5,87,A,,8,940518,v0.2.0
'@turf/interpolate,7.3.5,87,A,,8,938809,v0.2.0
ismobilejs,1.1.1,19,F,UNVERIFIED_PUBLISH_PATH|DORMANT|SINGLE_MAINTAINER,1,937666,v0.2.0
'@turf/tesselate,7.3.5,87,A,,8,935858,v0.2.0
'@turf/center-mean,7.3.5,87,A,,8,935623,v0.2.0
'@amplitude/rrweb-packer,2.1.2,82,B,,6,934376,v0.2.0
'@turf/standard-deviational-ellipse,7.3.5,87,A,,8,934306,v0.2.0
hash-wasm,4.12.0,33,F,UNVERIFIED_PUBLISH_PATH|DORMANT,2,933871,v0.2.0
'@turf/turf,7.3.5,87,A,,8,930831,v0.2.0
static-browser-server,1.1.0,39,D,UNVERIFIED_PUBLISH_PATH|BRANCH_REQUIRES_PR,2,923724,v0.2.0
react-apexcharts,2.1.1,77,B,INCONSISTENT_PUBLISH_PATH,2,922953,v0.2.0
sweetalert2,11.26.25,79,B,SINGLE_MAINTAINER,1,922139,v0.2.0
libheif-js,1.19.8,25,F,UNVERIFIED_PUBLISH_PATH|SINGLE_MAINTAINER,1,921022,v0.2.0
hogan.js,3.0.2,33,F,UNVERIFIED_PUBLISH_PATH|DORMANT,2,919059,v0.2.0
tocbot,4.36.8,25,F,UNVERIFIED_PUBLISH_PATH|SINGLE_MAINTAINER,1,918817,v0.2.0
node,26.5.0,73,B,SINGLE_MAINTAINER,1,911701,v0.2.0
'@vercel/og,0.11.1,35,D,UNVERIFIED_PUBLISH_PATH,4,910621,v0.2.0
animejs,4.5.0,25,F,UNVERIFIED_PUBLISH_PATH|SINGLE_MAINTAINER,1,908721,v0.2.0
smoothscroll-polyfill,0.4.4,33,F,UNVERIFIED_PUBLISH_PATH|DORMANT,3,908169,v0.2.0
ag-charts-core,14.0.1,86,A,SINGLE_MAINTAINER,1,906917,v0.2.0
amazon-cognito-identity-js,6.3.20,46,D,UNVERIFIED_PUBLISH_PATH,11,906010,v0.2.0
heic2any,0.0.4,19,F,UNVERIFIED_PUBLISH_PATH|DORMANT|SINGLE_MAINTAINER,1,905825,v0.2.0
geotiff,3.0.5,39,D,UNVERIFIED_PUBLISH_PATH,3,903684,v0.2.0
'@chakra-ui/styled-system,2.12.0,34,F,UNVERIFIED_PUBLISH_PATH|DORMANT,2,901329,v0.2.0
'@material/base,14.0.0,33,F,UNVERIFIED_PUBLISH_PATH|DORMANT,14,893435,v0.2.0
sweepline-intersections,2.0.1,19,F,UNVERIFIED_PUBLISH_PATH|DORMANT|SINGLE_MAINTAINER,1,892275,v0.2.0
html5-qrcode,2.3.8,19,F,UNVERIFIED_PUBLISH_PATH|DORMANT|SINGLE_MAINTAINER,1,889841,v0.2.0
mux.js,6.3.0,33,F,UNVERIFIED_PUBLISH_PATH|DORMANT,20,887342,v0.2.0
splaytree-ts,1.0.2,19,F,UNVERIFIED_PUBLISH_PATH|DORMANT|SINGLE_MAINTAINER,1,886222,v0.2.0
backbone,1.6.1,45,D,UNVERIFIED_PUBLISH_PATH,4,884172,v0.2.0
vscode-oniguruma,2.0.1,34,F,UNVERIFIED_PUBLISH_PATH|DORMANT,8,883750,v0.2.0
react-quill,2.0.0,28,F,UNVERIFIED_PUBLISH_PATH|DORMANT,2,882293,v0.2.0
'@zxcvbn-ts/language-common,4.1.2,31,F,UNVERIFIED_PUBLISH_PATH|SINGLE_MAINTAINER,1,881048,v0.2.0
promise.prototype.finally,3.1.8,33,F,UNVERIFIED_PUBLISH_PATH|DORMANT,2,880050,v0.2.0
'@wagmi/core,3.6.1,89,A,,2,877094,v0.2.0
'@rive-app/canvas,2.38.5,87,A,BRANCH_REQUIRES_PR,5,874967,v0.2.0
vuetify,4.1.5,93,A,,4,874629,v0.2.0
tus-js-client,4.3.1,33,F,UNVERIFIED_PUBLISH_PATH|DORMANT|BRANCH_REQUIRES_SIGNATURES,2,874342,v0.2.0
'@material/animation,14.0.0,33,F,UNVERIFIED_PUBLISH_PATH|DORMANT,14,873712,v0.2.0
'@ark-ui/react,5.37.2,77,B,INCONSISTENT_PUBLISH_PATH,2,869460,v0.2.0
'@mui/x-charts,9.9.0,95,A,,16,867944,v0.2.0
'@antv/util,3.3.11,39,D,UNVERIFIED_PUBLISH_PATH,19,866726,v0.2.0
redux-logger,3.0.6,14,F,UNVERIFIED_PUBLISH_PATH|DORMANT|SINGLE_MAINTAINER|PUBLISHER_NOT_MAINTAINER,1,863079,v0.2.0
node-uuid,1.4.8,33,F,UNVERIFIED_PUBLISH_PATH|DORMANT|DEPRECATED,2,861381,v0.2.0
'@rails/activestorage,8.1.300,94,A,,8,858921,v0.2.0
react-big-calendar,1.20.0,39,D,UNVERIFIED_PUBLISH_PATH,3,854595,v0.2.0
'@fullcalendar/list,6.1.21,20,F,UNVERIFIED_PUBLISH_PATH|SINGLE_MAINTAINER,1,852595,v0.2.0
'@opentelemetry/context-zone-peer-dep,2.9.0,94,A,,6,851558,v0.2.0
'@chenglou/pretext,0.0.8,31,F,UNVERIFIED_PUBLISH_PATH|SINGLE_MAINTAINER,1,848656,v0.2.0
number-flow,0.6.1,20,F,UNVERIFIED_PUBLISH_PATH|SINGLE_MAINTAINER,1,848247,v0.2.0
'@lit/context,1.1.6,84,B,,8,846312,v0.2.0
chartjs-adapter-date-fns,3.0.0,19,F,UNVERIFIED_PUBLISH_PATH|DORMANT|SINGLE_MAINTAINER,1,843351,v0.2.0
'@ckeditor/ckeditor5-alignment,48.3.1,38,D,UNVERIFIED_PUBLISH_PATH|SINGLE_MAINTAINER,1,842005,v0.2.0
'@material/ripple,14.0.0,33,F,UNVERIFIED_PUBLISH_PATH|DORMANT,14,841951,v0.2.0
chartjs-plugin-annotation,3.1.0,33,F,UNVERIFIED_PUBLISH_PATH|DORMANT,2,841364,v0.2.0
jquery-ui,1.14.2,45,D,UNVERIFIED_PUBLISH_PATH,5,838149,v0.2.0
wheel-gestures,2.2.48,19,F,UNVERIFIED_PUBLISH_PATH|DORMANT|SINGLE_MAINTAINER,1,835334,v0.2.0
'@okta/okta-auth-js,8.0.1,20,F,UNVERIFIED_PUBLISH_PATH|SINGLE_MAINTAINER,1,832512,v0.2.0
msgpack-lite,0.1.26,19,F,UNVERIFIED_PUBLISH_PATH|DORMANT|SINGLE_MAINTAINER,1,832058,v0.2.0
emotion,11.0.0,29,F,UNVERIFIED_PUBLISH_PATH|DORMANT|PUBLISHER_NOT_MAINTAINER,3,830418,v0.2.0
embla-carousel-wheel-gestures,8.1.0,20,F,UNVERIFIED_PUBLISH_PATH|SINGLE_MAINTAINER,1,827373,v0.2.0
regl,2.1.1,33,F,UNVERIFIED_PUBLISH_PATH|DORMANT,5,822342,v0.2.0
'@microsoft/applicationinsights-properties-js,3.4.3,47,D,UNVERIFIED_PUBLISH_PATH,5,820512,v0.2.0
'@ckeditor/ckeditor5-autosave,48.3.1,38,D,UNVERIFIED_PUBLISH_PATH|SINGLE_MAINTAINER,1,819871,v0.2.0
'@ckeditor/ckeditor5-code-block,48.3.1,38,D,UNVERIFIED_PUBLISH_PATH|SINGLE_MAINTAINER,1,817850,v0.2.0
'@ckeditor/ckeditor5-html-embed,48.3.1,38,D,UNVERIFIED_PUBLISH_PATH|SINGLE_MAINTAINER,1,817375,v0.2.0
'@material-ui/icons,4.11.3,15,F,UNVERIFIED_PUBLISH_PATH|DORMANT|SINGLE_MAINTAINER|PUBLISHER_NOT_MAINTAINER,1,815920,v0.2.0
groq-sdk,1.3.0,90,A,INCONSISTENT_PUBLISH_PATH,5,807862,v0.2.0
'@ckeditor/ckeditor5-restricted-editing,48.3.1,38,D,UNVERIFIED_PUBLISH_PATH|SINGLE_MAINTAINER,1,807616,v0.2.0
'@ckeditor/ckeditor5-word-count,48.3.1,38,D,UNVERIFIED_PUBLISH_PATH|SINGLE_MAINTAINER,1,807576,v0.2.0
'@huggingface/tokenizers,0.1.3,87,A,,5,806574,v0.2.0
'@ckeditor/ckeditor5-enter,48.3.1,38,D,UNVERIFIED_PUBLISH_PATH|SINGLE_MAINTAINER,1,804367,v0.2.0
'@ckeditor/ckeditor5-special-characters,48.3.1,38,D,UNVERIFIED_PUBLISH_PATH|SINGLE_MAINTAINER,1,803672,v0.2.0
'@flatten-js/interval-tree,2.0.3,57,C,SINGLE_MAINTAINER,1,803450,v0.2.0
svg.js,2.7.1,33,F,UNVERIFIED_PUBLISH_PATH|DORMANT,3,802222,v0.2.0
'@ckeditor/ckeditor5-highlight,48.3.1,38,D,UNVERIFIED_PUBLISH_PATH|SINGLE_MAINTAINER,1,801166,v0.2.0
postprocessing,6.39.2,73,B,SINGLE_MAINTAINER,1,801149,v0.2.0
'@ckeditor/ckeditor5-language,48.3.1,38,D,UNVERIFIED_PUBLISH_PATH|SINGLE_MAINTAINER,1,800837,v0.2.0
proj4,2.20.9,83,B,INCONSISTENT_PUBLISH_PATH,2,800533,v0.2.0
'@ckeditor/ckeditor5-style,48.3.1,38,D,UNVERIFIED_PUBLISH_PATH|SINGLE_MAINTAINER,1,800330,v0.2.0
'@uppy/core,5.2.0,45,D,UNVERIFIED_PUBLISH_PATH,4,798166,v0.2.0
dom-mutator,0.7.0,29,F,UNVERIFIED_PUBLISH_PATH|DORMANT,2,797733,v0.2.0
utif,3.1.0,33,F,UNVERIFIED_PUBLISH_PATH|DORMANT,2,796271,v0.2.0
font-awesome,4.7.0,19,F,UNVERIFIED_PUBLISH_PATH|DORMANT|SINGLE_MAINTAINER,1,796187,v0.2.0
currency.js,2.0.4,19,F,UNVERIFIED_PUBLISH_PATH|DORMANT|SINGLE_MAINTAINER,1,794516,v0.2.0
'@turf/polygon-smooth,7.3.5,87,A,,8,794189,v0.2.0
'@chakra-ui/theme,3.4.6,34,F,UNVERIFIED_PUBLISH_PATH|DORMANT,2,793162,v0.2.0
'@rc-component/dialog,1.10.0,39,D,UNVERIFIED_PUBLISH_PATH,5,791839,v0.2.0
'@ckeditor/ckeditor5-find-and-replace,48.3.1,38,D,UNVERIFIED_PUBLISH_PATH|SINGLE_MAINTAINER,1,791602,v0.2.0
'@rc-component/select,1.10.0,39,D,UNVERIFIED_PUBLISH_PATH,5,790512,v0.2.0
'@rc-component/pagination,1.5.0,39,D,UNVERIFIED_PUBLISH_PATH,5,787097,v0.2.0
'@rc-component/virtual-list,1.4.0,39,D,UNVERIFIED_PUBLISH_PATH,5,785587,v0.2.0
'@amplitude/session-replay-browser,1.47.3,89,A,,6,785014,v0.2.0
reconnecting-websocket,4.4.0,19,F,UNVERIFIED_PUBLISH_PATH|DORMANT|SINGLE_MAINTAINER,1,784593,v0.2.0
'@rc-component/cascader,1.21.0,39,D,UNVERIFIED_PUBLISH_PATH,5,784469,v0.2.0
'@ckeditor/ckeditor5-list,48.3.1,38,D,UNVERIFIED_PUBLISH_PATH|SINGLE_MAINTAINER,1,783423,v0.2.0
'@radix-ui/themes,3.3.0,82,B,,4,782236,v0.2.0
'@ckeditor/ckeditor5-image,48.3.1,38,D,UNVERIFIED_PUBLISH_PATH|SINGLE_MAINTAINER,1,781436,v0.2.0
vee-validate,4.15.1,62,C,SINGLE_MAINTAINER,1,780929,v0.2.0
'@videojs/http-streaming,3.17.5,39,D,UNVERIFIED_PUBLISH_PATH,97,779843,v0.2.0
'@turf/angle,7.3.5,87,A,,8,779280,v0.2.0
'@turf/distance-weight,7.3.5,87,A,,8,775838,v0.2.0
'@amplitude/rrweb,2.1.3,82,B,,6,775796,v0.2.0
'@turf/moran-index,7.3.5,87,A,,8,775518,v0.2.0
'@langchain/community,1.1.29,82,B,DEPRECATED,2,775498,v0.2.0
'@ckeditor/ckeditor5-upload,48.3.1,38,D,UNVERIFIED_PUBLISH_PATH|SINGLE_MAINTAINER,1,774930,v0.2.0
'@rc-component/picker,1.11.0,39,D,UNVERIFIED_PUBLISH_PATH,5,773842,v0.2.0
'@ckeditor/ckeditor5-undo,48.3.1,38,D,UNVERIFIED_PUBLISH_PATH|SINGLE_MAINTAINER,1,772867,v0.2.0
keycloak-js,26.2.4,34,F,UNVERIFIED_PUBLISH_PATH,4,772304,v0.2.0
gpt-tokenizer,3.4.0,25,F,UNVERIFIED_PUBLISH_PATH|SINGLE_MAINTAINER,1,772253,v0.2.0
'@xterm/addon-webgl,0.19.0,25,F,UNVERIFIED_PUBLISH_PATH|SINGLE_MAINTAINER,1,772207,v0.2.0
'@rc-component/rate,1.0.1,39,D,UNVERIFIED_PUBLISH_PATH,5,770701,v0.2.0
'@rc-component/steps,1.2.2,39,D,UNVERIFIED_PUBLISH_PATH,5,770494,v0.2.0
'@turf/boolean-concave,7.3.5,87,A,,8,770348,v0.2.0
'@turf/quadrat-analysis,7.3.5,87,A,,8,769159,v0.2.0
bootstrap-icons,1.13.1,39,D,UNVERIFIED_PUBLISH_PATH,3,769152,v0.2.0
transliteration,2.6.1,73,B,SINGLE_MAINTAINER,1,768886,v0.2.0
'@amplitude/plugin-session-replay-browser,1.33.3,89,A,,6,766459,v0.2.0
url-search-params-polyfill,8.2.5,19,F,UNVERIFIED_PUBLISH_PATH|DORMANT|SINGLE_MAINTAINER,1,765473,v0.2.0
plotly.js,3.7.0,45,D,UNVERIFIED_PUBLISH_PATH,14,763627,v0.2.0
'@ckeditor/ckeditor5-select-all,48.3.1,38,D,UNVERIFIED_PUBLISH_PATH|SINGLE_MAINTAINER,1,762996,v0.2.0
autosize,6.0.1,19,F,UNVERIFIED_PUBLISH_PATH|DORMANT|SINGLE_MAINTAINER,1,758418,v0.2.0
simple-statistics,7.9.3,68,C,SINGLE_MAINTAINER,1,755251,v0.2.0
flag-icons,7.5.0,25,F,UNVERIFIED_PUBLISH_PATH|SINGLE_MAINTAINER,1,753614,v0.2.0
'@rc-component/tree-select,1.15.0,39,D,UNVERIFIED_PUBLISH_PATH,5,752347,v0.2.0
dashjs,5.2.0,39,D,UNVERIFIED_PUBLISH_PATH,4,752233,v0.2.0
'@capacitor/preferences,8.0.1,69,C,REPO_LINKAGE_MISMATCH,18,746901,v0.2.0
requestidlecallback,0.3.0,19,F,UNVERIFIED_PUBLISH_PATH|DORMANT|SINGLE_MAINTAINER,1,746727,v0.2.0
'@remotion/renderer,4.0.489,20,F,UNVERIFIED_PUBLISH_PATH|SINGLE_MAINTAINER,1,746040,v0.2.0
lucide,1.24.0,68,C,SINGLE_MAINTAINER,1,745933,v0.2.0
'@ckeditor/ckeditor5-autoformat,48.3.1,38,D,UNVERIFIED_PUBLISH_PATH|SINGLE_MAINTAINER,1,743488,v0.2.0
'@rc-component/image,1.9.0,39,D,UNVERIFIED_PUBLISH_PATH,5,742597,v0.2.0
'@remotion/media-parser,4.0.489,20,F,UNVERIFIED_PUBLISH_PATH|SINGLE_MAINTAINER,1,739852,v0.2.0
'@grafana/faro-core,2.8.2,94,A,BRANCH_REQUIRES_SIGNATURES|BRANCH_REQUIRES_PR,2,738880,v0.2.0
'@turf/jsts,2.7.2,28,F,UNVERIFIED_PUBLISH_PATH|DORMANT|PUBLISHER_NOT_MAINTAINER,8,736129,v0.2.0
'@babel/standalone,8.0.4,78,B,INCONSISTENT_PUBLISH_PATH,4,735746,v0.2.0
'@hotwired/turbo,8.0.23,34,F,UNVERIFIED_PUBLISH_PATH,6,735612,v0.2.0
primeng,22.0.0,30,F,UNVERIFIED_PUBLISH_PATH,4,734553,v0.2.0
'@aws-sdk/md5-js,3.374.0,35,D,UNVERIFIED_PUBLISH_PATH|DORMANT|DEPRECATED,2,731501,v0.2.0
'@ckeditor/ckeditor5-ckfinder,48.3.1,38,D,UNVERIFIED_PUBLISH_PATH|SINGLE_MAINTAINER,1,723780,v0.2.0
html2canvas-pro,2.2.4,58,C,INCONSISTENT_PUBLISH_PATH|SINGLE_MAINTAINER,1,721203,v0.2.0
vue-chartjs,5.3.4,20,F,UNVERIFIED_PUBLISH_PATH|SINGLE_MAINTAINER,1,720375,v0.2.0
ev-emitter,2.1.2,19,F,UNVERIFIED_PUBLISH_PATH|DORMANT|SINGLE_MAINTAINER,1,718800,v0.2.0
'@amplitude/rrweb-plugin-console-record,2.1.3,82,B,,6,716221,v0.2.0
oauth-1.0a,2.2.6,19,F,UNVERIFIED_PUBLISH_PATH|DORMANT|SINGLE_MAINTAINER,1,716123,v0.2.0
select2,4.1.0,73,B,SINGLE_MAINTAINER|BRANCH_REQUIRES_PR,1,712736,v0.2.0
bezier-js,6.1.4,19,F,UNVERIFIED_PUBLISH_PATH|DORMANT|SINGLE_MAINTAINER,1,710544,v0.2.0
bson-objectid,2.0.4,33,F,UNVERIFIED_PUBLISH_PATH|DORMANT,3,708333,v0.2.0
jalaali-js,2.0.0,25,F,UNVERIFIED_PUBLISH_PATH|SINGLE_MAINTAINER,1,706330,v0.2.0
date-holidays,3.33.0,20,F,UNVERIFIED_PUBLISH_PATH|SINGLE_MAINTAINER,1,703412,v0.2.0
mousetrap,1.6.5,33,F,UNVERIFIED_PUBLISH_PATH|DORMANT,2,698994,v0.2.0
embla-carousel-fade,8.6.0,25,F,UNVERIFIED_PUBLISH_PATH|SINGLE_MAINTAINER,1,697782,v0.2.0
ol,10.9.0,77,B,INCONSISTENT_PUBLISH_PATH,3,697262,v0.2.0
'@chakra-ui/hooks,2.4.2,34,F,UNVERIFIED_PUBLISH_PATH|DORMANT,2,696216,v0.2.0
intl-tel-input,29.1.2,63,C,INCONSISTENT_PUBLISH_PATH|SINGLE_MAINTAINER,1,695424,v0.2.0
astronomia,4.2.0,20,F,UNVERIFIED_PUBLISH_PATH|SINGLE_MAINTAINER,1,692815,v0.2.0
'@coinbase/cdp-sdk,1.52.0,78,B,INCONSISTENT_PUBLISH_PATH,2,690673,v0.2.0
javascript-obfuscator,5.4.7,25,F,UNVERIFIED_PUBLISH_PATH|SINGLE_MAINTAINER,1,688695,v0.2.0
'@material/dom,14.0.0,33,F,UNVERIFIED_PUBLISH_PATH|DORMANT,14,688165,v0.2.0
'@ckeditor/ckeditor5-ckbox,48.3.1,38,D,UNVERIFIED_PUBLISH_PATH|SINGLE_MAINTAINER,1,688002,v0.2.0
bwip-js,4.11.2,39,D,UNVERIFIED_PUBLISH_PATH,2,687696,v0.2.0
'@amplitude/analytics-remote-config,0.6.3,46,D,UNVERIFIED_PUBLISH_PATH,6,687123,v0.2.0
fzstd,0.1.1,19,F,UNVERIFIED_PUBLISH_PATH|DORMANT|SINGLE_MAINTAINER,1,686940,v0.2.0
'@amplitude/targeting,0.3.5,89,A,,6,684941,v0.2.0
'@svgdotjs/svg.js,3.2.5,39,D,UNVERIFIED_PUBLISH_PATH,2,684910,v0.2.0
countries-and-timezones,3.9.0,25,F,UNVERIFIED_PUBLISH_PATH|SINGLE_MAINTAINER|BRANCH_REQUIRES_PR,1,682286,v0.2.0
'@growthbook/growthbook,1.6.5,45,D,UNVERIFIED_PUBLISH_PATH,2,680838,v0.2.0
react-ace,14.0.1,25,F,UNVERIFIED_PUBLISH_PATH|SINGLE_MAINTAINER,1,679992,v0.2.0
react-phone-input-2,2.15.1,19,F,UNVERIFIED_PUBLISH_PATH|DORMANT|SINGLE_MAINTAINER,1,678913,v0.2.0
hi-base32,0.5.1,19,F,UNVERIFIED_PUBLISH_PATH|DORMANT|SINGLE_MAINTAINER,1,678158,v0.2.0
'@ckeditor/ckeditor5-font,48.3.1,38,D,UNVERIFIED_PUBLISH_PATH|SINGLE_MAINTAINER,1,677609,v0.2.0
get-size,3.0.0,19,F,UNVERIFIED_PUBLISH_PATH|DORMANT|SINGLE_MAINTAINER,1,677598,v0.2.0
'@openzeppelin/contracts,5.6.1,95,A,,7,675535,v0.2.0
geojson-equality-ts,1.0.2,51,C,DORMANT|SINGLE_MAINTAINER,1,675056,v0.2.0
'@ckeditor/ckeditor5-remove-format,48.3.1,38,D,UNVERIFIED_PUBLISH_PATH|SINGLE_MAINTAINER,1,674704,v0.2.0
vega,6.2.0,52,C,UNVERIFIED_PUBLISH_PATH,5,674218,v0.2.0
'@amplitude/plugin-custom-enrichment-browser,0.1.16,79,B,INCONSISTENT_PUBLISH_PATH,6,672966,v0.2.0
validate.js,0.13.1,19,F,UNVERIFIED_PUBLISH_PATH|DORMANT|SINGLE_MAINTAINER,1,671323,v0.2.0
'@opentelemetry/context-zone,2.9.0,94,A,,6,670857,v0.2.0
'@docsearch/js,4.6.3,46,D,UNVERIFIED_PUBLISH_PATH,5,670395,v0.2.0
numbro,2.5.0,33,F,UNVERIFIED_PUBLISH_PATH|DORMANT,2,669925,v0.2.0
morphdom,2.7.8,39,D,UNVERIFIED_PUBLISH_PATH,6,669133,v0.2.0
'@iconify-json/simple-icons,1.2.90,21,F,UNVERIFIED_PUBLISH_PATH|SINGLE_MAINTAINER,1,668940,v0.2.0
url-polyfill,1.1.14,25,F,UNVERIFIED_PUBLISH_PATH|SINGLE_MAINTAINER,1,667733,v0.2.0
'@hotwired/turbo-rails,8.0.23,34,F,UNVERIFIED_PUBLISH_PATH,6,667479,v0.2.0
howler,2.2.4,19,F,UNVERIFIED_PUBLISH_PATH|DORMANT|SINGLE_MAINTAINER,1,666041,v0.2.0
markdown-it-emoji,3.0.0,19,F,UNVERIFIED_PUBLISH_PATH|DORMANT|SINGLE_MAINTAINER,1,664944,v0.2.0
'@tensorflow/tfjs-core,4.22.0,33,F,UNVERIFIED_PUBLISH_PATH|DORMANT,10,664624,v0.2.0
pixi.js,8.19.0,94,A,,4,662665,v0.2.0
'@tanstack/query-sync-storage-persister,5.101.2,89,A,,3,662616,v0.2.0
'@tensorflow/tfjs-backend-cpu,4.22.0,33,F,UNVERIFIED_PUBLISH_PATH|DORMANT,10,661400,v0.2.0
daisyui,5.6.18,25,F,UNVERIFIED_PUBLISH_PATH|SINGLE_MAINTAINER,1,661325,v0.2.0
moment-duration-format,2.3.2,19,F,UNVERIFIED_PUBLISH_PATH|DORMANT|SINGLE_MAINTAINER,1,659904,v0.2.0
ionicons,8.0.13,76,B,,4,659211,v0.2.0
ahooks,3.9.7,45,D,UNVERIFIED_PUBLISH_PATH,5,656991,v0.2.0
store,2.0.12,19,F,UNVERIFIED_PUBLISH_PATH|DORMANT|SINGLE_MAINTAINER,1,655900,v0.2.0
'@fluentui/react-icons,2.0.333,52,C,UNVERIFIED_PUBLISH_PATH,10,655373,v0.2.0
fabric,7.4.0,83,B,INCONSISTENT_PUBLISH_PATH,2,655182,v0.2.0
'@ckeditor/ckeditor5-horizontal-line,48.3.1,38,D,UNVERIFIED_PUBLISH_PATH|SINGLE_MAINTAINER,1,654903,v0.2.0
'@ckeditor/ckeditor5-page-break,48.3.1,38,D,UNVERIFIED_PUBLISH_PATH|SINGLE_MAINTAINER,1,654072,v0.2.0
force-graph,1.51.4,25,F,UNVERIFIED_PUBLISH_PATH|SINGLE_MAINTAINER,1,653846,v0.2.0
'@primeuix/styles,3.0.0,30,F,UNVERIFIED_PUBLISH_PATH,2,652007,v0.2.0
datatables.net,2.3.8,25,F,UNVERIFIED_PUBLISH_PATH|SINGLE_MAINTAINER,1,651126,v0.2.0
'@turf/boolean-valid,7.3.5,87,A,,8,650113,v0.2.0
'@ckeditor/ckeditor5-source-editing,48.3.1,38,D,UNVERIFIED_PUBLISH_PATH|SINGLE_MAINTAINER,1,649911,v0.2.0
jshint,2.13.6,33,F,UNVERIFIED_PUBLISH_PATH|DORMANT,3,648503,v0.2.0
'@ckeditor/ckeditor5-html-support,48.3.1,38,D,UNVERIFIED_PUBLISH_PATH|SINGLE_MAINTAINER,1,646432,v0.2.0
pizzip,3.2.0,25,F,UNVERIFIED_PUBLISH_PATH|SINGLE_MAINTAINER,1,645956,v0.2.0
'@types/less,3.0.8,33,F,UNVERIFIED_PUBLISH_PATH|SINGLE_MAINTAINER,1,643320,v0.2.0
'@scalar/snippetz,0.9.22,89,A,,8,638931,v0.2.0
'@ckeditor/ckeditor5-show-blocks,48.3.1,38,D,UNVERIFIED_PUBLISH_PATH|SINGLE_MAINTAINER,1,638095,v0.2.0
hls-video-element,1.5.11,81,B,,4,634898,v0.2.0
'@fontsource/jetbrains-mono,5.2.8,71,B,,2,633918,v0.2.0
ssr-window,5.0.1,25,F,UNVERIFIED_PUBLISH_PATH|SINGLE_MAINTAINER,1,633738,v0.2.0
lightweight-charts,5.2.0,39,D,UNVERIFIED_PUBLISH_PATH,5,632792,v0.2.0
'@capacitor/synapse,1.0.4,35,D,UNVERIFIED_PUBLISH_PATH,18,632490,v0.2.0
'@turf/boolean-touches,7.3.5,87,A,,8,631439,v0.2.0
svg-pan-zoom,3.6.2,33,F,UNVERIFIED_PUBLISH_PATH|DORMANT,3,631357,v0.2.0
number-to-words,1.2.4,19,F,UNVERIFIED_PUBLISH_PATH|DORMANT|SINGLE_MAINTAINER,1,628250,v0.2.0
'@ckeditor/ckeditor5-table,48.3.1,38,D,UNVERIFIED_PUBLISH_PATH|SINGLE_MAINTAINER,1,627361,v0.2.0
'@turf/nearest-neighbor-analysis,7.3.5,87,A,,8,626812,v0.2.0
rss-parser,3.13.0,19,F,UNVERIFIED_PUBLISH_PATH|DORMANT|SINGLE_MAINTAINER,1,626744,v0.2.0
overlayscrollbars,2.16.0,25,F,UNVERIFIED_PUBLISH_PATH|SINGLE_MAINTAINER,1,626279,v0.2.0
vanilla-colorful,0.7.2,19,F,UNVERIFIED_PUBLISH_PATH|DORMANT|SINGLE_MAINTAINER,1,623992,v0.2.0
'@phosphor-icons/core,2.1.1,14,F,UNVERIFIED_PUBLISH_PATH|DORMANT|SINGLE_MAINTAINER,1,623500,v0.2.0
'@vuepic/vue-datepicker,14.0.0,26,F,UNVERIFIED_PUBLISH_PATH|SINGLE_MAINTAINER,1,621165,v0.2.0
braintree-web,3.143.0,25,F,UNVERIFIED_PUBLISH_PATH|SINGLE_MAINTAINER,1,621078,v0.2.0
'@ckeditor/ckeditor5-heading,48.3.1,38,D,UNVERIFIED_PUBLISH_PATH|SINGLE_MAINTAINER,1,620245,v0.2.0
'@ckeditor/ckeditor5-link,48.3.1,38,D,UNVERIFIED_PUBLISH_PATH|SINGLE_MAINTAINER,1,619511,v0.2.0
videojs-contrib-quality-levels,4.1.0,33,F,UNVERIFIED_PUBLISH_PATH|DORMANT,21,619380,v0.2.0
primevue,5.0.0,30,F,UNVERIFIED_PUBLISH_PATH,3,616273,v0.2.0
'@grafana/faro-web-tracing,2.8.2,94,A,,2,616231,v0.2.0
nostr-tools,2.23.12,25,F,UNVERIFIED_PUBLISH_PATH|SINGLE_MAINTAINER,1,615702,v0.2.0
intl,1.2.5,33,F,UNVERIFIED_PUBLISH_PATH|DORMANT,2,615518,v0.2.0
laravel-echo,2.4.0,68,C,SINGLE_MAINTAINER,1,613075,v0.2.0
leaflet.markercluster,1.5.3,33,F,UNVERIFIED_PUBLISH_PATH|DORMANT,2,611711,v0.2.0
countup.js,2.10.1,25,F,UNVERIFIED_PUBLISH_PATH|SINGLE_MAINTAINER,1,610797,v0.2.0
'@whiskeysockets/baileys,7.0.0-rc13,83,B,INCONSISTENT_PUBLISH_PATH,3,610576,v0.2.0
'@ckeditor/ckeditor5-basic-styles,48.3.1,38,D,UNVERIFIED_PUBLISH_PATH|SINGLE_MAINTAINER,1,610060,v0.2.0
compromise,14.16.0,77,B,INCONSISTENT_PUBLISH_PATH,3,608815,v0.2.0
react-responsive-carousel,3.2.23,19,F,UNVERIFIED_PUBLISH_PATH|DORMANT|SINGLE_MAINTAINER,1,608683,v0.2.0
dom7,4.0.6,19,F,UNVERIFIED_PUBLISH_PATH|DORMANT|SINGLE_MAINTAINER,1,603398,v0.2.0
'@ckeditor/ckeditor5-media-embed,48.3.1,38,D,UNVERIFIED_PUBLISH_PATH|SINGLE_MAINTAINER,1,601795,v0.2.0
'@ckeditor/ckeditor5-indent,48.3.1,38,D,UNVERIFIED_PUBLISH_PATH|SINGLE_MAINTAINER,1,600560,v0.2.0
'@expo-google-fonts/inter,0.4.2,39,D,UNVERIFIED_PUBLISH_PATH,4,600527,v0.2.0
'@grafana/faro-web-sdk,2.8.2,94,A,BRANCH_REQUIRES_SIGNATURES|BRANCH_REQUIRES_PR,2,599809,v0.2.0
mathjax-full,3.2.2,19,F,UNVERIFIED_PUBLISH_PATH|DORMANT|SINGLE_MAINTAINER|DEPRECATED,1,599130,v0.2.0
'@ckeditor/ckeditor5-block-quote,48.3.1,38,D,UNVERIFIED_PUBLISH_PATH|SINGLE_MAINTAINER,1,599036,v0.2.0
dropzone,6.0.0-beta.2,19,F,UNVERIFIED_PUBLISH_PATH|DORMANT|SINGLE_MAINTAINER,1,598949,v0.2.0
'@twilio/voice-sdk,2.18.3,34,F,UNVERIFIED_PUBLISH_PATH|PUBLISHER_NOT_MAINTAINER,3,597357,v0.2.0
element-plus,2.14.3,94,A,,2,596772,v0.2.0
'@aws-sdk/util-utf8,3.374.0,35,D,UNVERIFIED_PUBLISH_PATH|DORMANT|DEPRECATED,2,595582,v0.2.0
'@hugeicons/core-free-icons,4.2.2,16,F,UNVERIFIED_PUBLISH_PATH|SINGLE_MAINTAINER,1,595510,v0.2.0
'@tensorflow/tfjs-converter,4.22.0,33,F,UNVERIFIED_PUBLISH_PATH|DORMANT,10,594307,v0.2.0
'@primeuix/themes,3.0.0,30,F,UNVERIFIED_PUBLISH_PATH,2,594013,v0.2.0
'@scalar/components,0.27.7,89,A,,8,592887,v0.2.0
blueimp-canvas-to-blob,3.29.0,19,F,UNVERIFIED_PUBLISH_PATH|DORMANT|SINGLE_MAINTAINER,1,592278,v0.2.0
docxtemplater,3.69.0,31,F,UNVERIFIED_PUBLISH_PATH|SINGLE_MAINTAINER,1,591326,v0.2.0
'@amplitude/plugin-event-property-attribution-browser,0.2.8,79,B,INCONSISTENT_PUBLISH_PATH,6,590739,v0.2.0
'@revenuecat/purchases-js-hybrid-mappings,18.21.1,46,D,UNVERIFIED_PUBLISH_PATH,12,587306,v0.2.0
'@rrweb/record,2.1.0,83,B,INCONSISTENT_PUBLISH_PATH,2,586064,v0.2.0
'@aws-sdk/client-rds-data,3.1088.0,41,D,UNVERIFIED_PUBLISH_PATH,2,585960,v0.2.0
'@rails/ujs,7.1.3-4,40,D,UNVERIFIED_PUBLISH_PATH|DORMANT,8,583509,v0.2.0
'@react-three/postprocessing,3.0.4,34,F,UNVERIFIED_PUBLISH_PATH,5,583311,v0.2.0
'@zxing/browser,0.2.1,82,B,,2,581699,v0.2.0
aws-crt,1.32.2,34,F,UNVERIFIED_PUBLISH_PATH,2,580529,v0.2.0
polygon-clipping,0.15.7,19,F,UNVERIFIED_PUBLISH_PATH|DORMANT|SINGLE_MAINTAINER,1,576594,v0.2.0
iframe-resizer,5.5.9,31,F,UNVERIFIED_PUBLISH_PATH|SINGLE_MAINTAINER,1,572647,v0.2.0
countries-list,3.4.1,80,B,SINGLE_MAINTAINER,1,572014,v0.2.0
n-gram,2.0.2,33,F,UNVERIFIED_PUBLISH_PATH|DORMANT,2,571681,v0.2.0
adaptivecards,3.0.6,38,D,UNVERIFIED_PUBLISH_PATH|SINGLE_MAINTAINER|BRANCH_REQUIRES_PR,1,570422,v0.2.0
'@amplitude/experiment-js-client,1.21.3,87,A,,6,569912,v0.2.0
vanilla-picker,2.12.3,19,F,UNVERIFIED_PUBLISH_PATH|DORMANT|SINGLE_MAINTAINER,1,569490,v0.2.0
gridstack,12.6.0,39,D,UNVERIFIED_PUBLISH_PATH,3,568833,v0.2.0
'@xterm/addon-unicode11,0.9.0,25,F,UNVERIFIED_PUBLISH_PATH|SINGLE_MAINTAINER,1,566422,v0.2.0
ngx-toastr,20.0.5,73,B,SINGLE_MAINTAINER,1,565265,v0.2.0
jsencrypt,3.5.4,25,F,UNVERIFIED_PUBLISH_PATH|SINGLE_MAINTAINER,1,565120,v0.2.0
angular,1.8.3,25,F,UNVERIFIED_PUBLISH_PATH|DORMANT|SINGLE_MAINTAINER|DEPRECATED,1,564888,v0.2.0
interactjs,1.10.27,19,F,UNVERIFIED_PUBLISH_PATH|DORMANT|SINGLE_MAINTAINER,1,563508,v0.2.0
'@pinecone-database/pinecone,8.0.0,73,B,SINGLE_MAINTAINER,1,562737,v0.2.0
twig,3.0.0,39,D,UNVERIFIED_PUBLISH_PATH,7,561843,v0.2.0
'@microsoft/applicationinsights-cfgsync-js,3.4.3,47,D,UNVERIFIED_PUBLISH_PATH,5,561313,v0.2.0
'@deck.gl/core,9.3.6,39,D,UNVERIFIED_PUBLISH_PATH,5,560102,v0.2.0
youtube-video-element,1.9.0,81,B,,4,560062,v0.2.0
'@pagefind/default-ui,1.5.2,81,B,SINGLE_MAINTAINER,1,556711,v0.2.0
speech-rule-engine,5.0.0-rc.4,20,F,UNVERIFIED_PUBLISH_PATH|SINGLE_MAINTAINER,1,554412,v0.2.0
web3,4.16.0,27,F,UNVERIFIED_PUBLISH_PATH|DORMANT|SINGLE_MAINTAINER|PUBLISHER_NOT_MAINTAINER,1,554031,v0.2.0
'@vscode/codicons,0.0.45,40,D,UNVERIFIED_PUBLISH_PATH,6,550801,v0.2.0
'@medv/finder,4.0.2,19,F,UNVERIFIED_PUBLISH_PATH|DORMANT|SINGLE_MAINTAINER,1,547827,v0.2.0
emojibase-data,17.0.0,25,F,UNVERIFIED_PUBLISH_PATH|SINGLE_MAINTAINER,1,546627,v0.2.0
'@fontsource/ibm-plex-mono,5.2.7,71,B,,2,546156,v0.2.0
xlsx-js-style,1.2.0,19,F,UNVERIFIED_PUBLISH_PATH|DORMANT|SINGLE_MAINTAINER,1,545240,v0.2.0
dot,1.1.3,33,F,UNVERIFIED_PUBLISH_PATH|DORMANT,2,543622,v0.2.0
'@cspell/dict-en-gb,5.0.30,73,B,SINGLE_MAINTAINER,1,541999,v0.2.0
'@xenova/transformers,2.17.2,19,F,UNVERIFIED_PUBLISH_PATH|DORMANT|SINGLE_MAINTAINER,1,541773,v0.2.0
node-vibrant,4.0.4,39,D,UNVERIFIED_PUBLISH_PATH,2,541234,v0.2.0
trix,2.1.19,39,D,UNVERIFIED_PUBLISH_PATH,5,535127,v0.2.0
expr-eval,2.0.2,19,F,UNVERIFIED_PUBLISH_PATH|DORMANT|SINGLE_MAINTAINER,1,534571,v0.2.0
vega-lite,6.4.3,46,D,UNVERIFIED_PUBLISH_PATH,6,534062,v0.2.0
trigram-utils,2.0.1,19,F,UNVERIFIED_PUBLISH_PATH|DORMANT|SINGLE_MAINTAINER,1,533622,v0.2.0
'@revenuecat/purchases-js,1.47.3,46,D,UNVERIFIED_PUBLISH_PATH,12,532391,v0.2.0
isoformat,0.2.1,19,F,UNVERIFIED_PUBLISH_PATH|DORMANT|SINGLE_MAINTAINER,1,530241,v0.2.0
'@azure/cosmos,4.9.3,47,D,UNVERIFIED_PUBLISH_PATH,3,530170,v0.2.0
wicked-good-xpath,1.3.0,19,F,UNVERIFIED_PUBLISH_PATH|DORMANT|SINGLE_MAINTAINER,1,527433,v0.2.0
typesense,3.0.6,39,D,UNVERIFIED_PUBLISH_PATH,4,526880,v0.2.0
'@microsoft/teams-js,2.54.0,47,D,UNVERIFIED_PUBLISH_PATH,6,526725,v0.2.0
'@observablehq/plot,0.6.17,39,D,UNVERIFIED_PUBLISH_PATH,4,523845,v0.2.0
'@mdi/font,7.4.47,33,F,UNVERIFIED_PUBLISH_PATH|DORMANT,6,521750,v0.2.0
'@mapbox/mapbox-gl-draw,1.5.1,46,D,UNVERIFIED_PUBLISH_PATH,28,521518,v0.2.0
expo-sqlite,57.0.1,45,D,UNVERIFIED_PUBLISH_PATH,11,520894,v0.2.0
embla-carousel-auto-scroll,8.6.0,25,F,UNVERIFIED_PUBLISH_PATH|SINGLE_MAINTAINER,1,520648,v0.2.0
'@elevenlabs/elevenlabs-js,2.58.0,87,A,,5,519890,v0.2.0
'@typeform/embed,6.0.0,94,A,,2,518695,v0.2.0
'@ng-select/ng-select,23.2.0,77,B,INCONSISTENT_PUBLISH_PATH,2,518292,v0.2.0
mutationobserver-shim,0.3.7,19,F,UNVERIFIED_PUBLISH_PATH|DORMANT|SINGLE_MAINTAINER,1,517975,v0.2.0
react-dates,21.8.0,33,F,UNVERIFIED_PUBLISH_PATH|DORMANT,7,515809,v0.2.0
focus-visible,5.2.1,33,F,UNVERIFIED_PUBLISH_PATH|DORMANT,2,514984,v0.2.0
automation-events,8.0.1,25,F,UNVERIFIED_PUBLISH_PATH|SINGLE_MAINTAINER,1,514796,v0.2.0
hashids,2.3.0,33,F,UNVERIFIED_PUBLISH_PATH|DORMANT,2,510530,v0.2.0
downloadjs,1.4.7,19,F,UNVERIFIED_PUBLISH_PATH|DORMANT|SINGLE_MAINTAINER,1,510431,v0.2.0
'@openrouter/sdk,0.13.58,77,B,INCONSISTENT_PUBLISH_PATH,7,509526,v0.2.0
simple-icons,16.26.0,87,A,,4,509188,v0.2.0
'@vuelidate/core,2.0.3,39,D,UNVERIFIED_PUBLISH_PATH|DORMANT,3,506433,v0.2.0
chartjs-plugin-zoom,2.2.0,33,F,UNVERIFIED_PUBLISH_PATH|DORMANT,3,505966,v0.2.0
diff2html,3.4.56,31,F,UNVERIFIED_PUBLISH_PATH|SINGLE_MAINTAINER,1,505559,v0.2.0
colorthief,3.4.0,25,F,UNVERIFIED_PUBLISH_PATH|SINGLE_MAINTAINER,1,505261,v0.2.0
qunit,2.26.0,45,D,UNVERIFIED_PUBLISH_PATH,5,504670,v0.2.0
cldrjs,0.5.5,19,F,UNVERIFIED_PUBLISH_PATH|DORMANT|SINGLE_MAINTAINER,1,504607,v0.2.0
'@vuelidate/validators,2.0.4,39,D,UNVERIFIED_PUBLISH_PATH|DORMANT,3,504268,v0.2.0
'@ckeditor/ckeditor5-emoji,48.3.1,38,D,UNVERIFIED_PUBLISH_PATH|SINGLE_MAINTAINER,1,504105,v0.2.0
geolib,3.3.14,73,B,SINGLE_MAINTAINER,1,504011,v0.2.0
ogl,1.0.11,25,F,UNVERIFIED_PUBLISH_PATH|SINGLE_MAINTAINER,1,503113,v0.2.0
'@tensorflow/tfjs-backend-webgl,4.22.0,33,F,UNVERIFIED_PUBLISH_PATH|DORMANT,10,503016,v0.2.0
instantsearch-ui-components,0.33.1,39,D,UNVERIFIED_PUBLISH_PATH,6,502796,v0.2.0
markdown-it-footnote,4.0.0,19,F,UNVERIFIED_PUBLISH_PATH|DORMANT|SINGLE_MAINTAINER,1,501463,v0.2.0
'@element-plus/icons-vue,2.3.2,72,B,,3,500484,v0.2.0
'@formatjs/intl-relativetimeformat,12.3.13,82,B,,3,500017,v0.2.0
'@scalar/api-client,3.13.5,89,A,,8,499612,v0.2.0
vega-embed,7.1.0,39,D,UNVERIFIED_PUBLISH_PATH,6,497562,v0.2.0
jsonp,0.2.1,33,F,UNVERIFIED_PUBLISH_PATH|DORMANT,3,495603,v0.2.0
'@daily-co/daily-js,0.91.0,35,D,UNVERIFIED_PUBLISH_PATH,15,494742,v0.2.0
'@scalar/workspace-store,0.55.5,89,A,,8,493232,v0.2.0
'@contentful/live-preview,4.10.12,46,D,UNVERIFIED_PUBLISH_PATH,4,493164,v0.2.0
hyparquet,1.26.2,39,D,UNVERIFIED_PUBLISH_PATH,2,492626,v0.2.0
standardized-audio-context,25.3.77,19,F,UNVERIFIED_PUBLISH_PATH|DORMANT|SINGLE_MAINTAINER,1,492454,v0.2.0
web-haptics,0.0.6,20,F,UNVERIFIED_PUBLISH_PATH|SINGLE_MAINTAINER,1,492403,v0.2.0
'@elevenlabs/client,1.15.0,82,B,,5,491895,v0.2.0
'@atlaskit/primitives,20.6.0,16,F,UNVERIFIED_PUBLISH_PATH|SINGLE_MAINTAINER,1,490907,v0.2.0
tronweb,6.4.0,39,D,UNVERIFIED_PUBLISH_PATH,2,490352,v0.2.0
binaryen,131.0.0,87,A,,2,488578,v0.2.0
'@sqlite.org/sqlite-wasm,3.53.0-build1,39,D,UNVERIFIED_PUBLISH_PATH,2,487888,v0.2.0
'@blueprintjs/core,6.17.2,15,F,UNVERIFIED_PUBLISH_PATH|SINGLE_MAINTAINER|PUBLISHER_NOT_MAINTAINER,1,484309,v0.2.0
'@mdi/js,7.4.47,33,F,UNVERIFIED_PUBLISH_PATH|DORMANT,6,483826,v0.2.0
'@xterm/addon-search,0.16.0,25,F,UNVERIFIED_PUBLISH_PATH|SINGLE_MAINTAINER,1,481159,v0.2.0
simplebar,6.3.3,25,F,UNVERIFIED_PUBLISH_PATH|SINGLE_MAINTAINER,1,481053,v0.2.0
'@pulumi/kubernetes,4.33.0,39,D,UNVERIFIED_PUBLISH_PATH,2,478775,v0.2.0
animate.css,4.1.1,39,D,UNVERIFIED_PUBLISH_PATH|DORMANT,2,478477,v0.2.0
'@cfcs/core,0.1.0,19,F,UNVERIFIED_PUBLISH_PATH|DORMANT|SINGLE_MAINTAINER,1,477842,v0.2.0
'@mapbox/polyline,1.2.1,33,F,UNVERIFIED_PUBLISH_PATH|DORMANT,28,477452,v0.2.0
'@phosphor-icons/webcomponents,2.1.5,28,F,UNVERIFIED_PUBLISH_PATH|DORMANT,2,477008,v0.2.0
'@uppy/dashboard,5.1.1,45,D,UNVERIFIED_PUBLISH_PATH,4,475602,v0.2.0
moment-range,4.0.2,28,F,UNVERIFIED_PUBLISH_PATH|DORMANT,4,475565,v0.2.0
instantsearch.js,4.106.0,39,D,UNVERIFIED_PUBLISH_PATH,15,472546,v0.2.0
vis-network,10.1.0,39,D,UNVERIFIED_PUBLISH_PATH,4,467107,v0.2.0
'@deepgram/sdk,5.6.0,46,D,UNVERIFIED_PUBLISH_PATH,4,466380,v0.2.0
'@fontsource-variable/jetbrains-mono,5.2.8,71,B,,2,466289,v0.2.0
'@scalar/icons,0.7.4,89,A,,8,466067,v0.2.0
'@webcomponents/custom-elements,1.6.0,41,D,UNVERIFIED_PUBLISH_PATH|DORMANT,6,465876,v0.2.0
i18n-js,4.5.3,32,F,UNVERIFIED_PUBLISH_PATH|SINGLE_MAINTAINER,1,465078,v0.2.0
'@iconify-json/lucide,1.2.117,21,F,UNVERIFIED_PUBLISH_PATH|SINGLE_MAINTAINER,1,464338,v0.2.0
'@fullcalendar/premium-common,6.1.21,20,F,UNVERIFIED_PUBLISH_PATH|SINGLE_MAINTAINER,1,463968,v0.2.0
markdown-it-sub,2.0.0,19,F,UNVERIFIED_PUBLISH_PATH|DORMANT|SINGLE_MAINTAINER,1,459805,v0.2.0
'@scalar/api-reference,1.62.7,89,A,,8,457983,v0.2.0
flowbite,4.0.2,25,F,UNVERIFIED_PUBLISH_PATH|SINGLE_MAINTAINER,1,456529,v0.2.0
pmtiles,4.4.1,21,F,UNVERIFIED_PUBLISH_PATH|SINGLE_MAINTAINER,1,454932,v0.2.0
'@fontsource/open-sans,5.2.7,71,B,,2,454643,v0.2.0
'@shopify/graphql-client,1.4.2,89,A,,6,453781,v0.2.0
vimeo-video-element,1.7.2,81,B,,2,452413,v0.2.0
custom-event-polyfill,1.0.7,33,F,UNVERIFIED_PUBLISH_PATH|DORMANT,2,452082,v0.2.0
interval-tree-1d,1.0.4,19,F,UNVERIFIED_PUBLISH_PATH|DORMANT|SINGLE_MAINTAINER,1,451006,v0.2.0
'@unhead/shared,3.1.8,74,B,SINGLE_MAINTAINER,1,449008,v0.2.0
cloudflare-video-element,1.3.5,71,B,,2,448886,v0.2.0
'@capacitor/network,8.0.1,69,C,REPO_LINKAGE_MISMATCH,18,448871,v0.2.0
nouislider,15.8.1,19,F,UNVERIFIED_PUBLISH_PATH|DORMANT|SINGLE_MAINTAINER,1,448849,v0.2.0
super-media-element,1.4.2,65,C,DORMANT,2,447699,v0.2.0
alpinejs,3.15.12,63,C,INCONSISTENT_PUBLISH_PATH|SINGLE_MAINTAINER,1,447539,v0.2.0
write-excel-file,4.1.1,21,F,UNVERIFIED_PUBLISH_PATH|SINGLE_MAINTAINER,1,446563,v0.2.0
embla-carousel-auto-height,8.6.0,25,F,UNVERIFIED_PUBLISH_PATH|SINGLE_MAINTAINER,1,445802,v0.2.0
pica,10.0.2,25,F,UNVERIFIED_PUBLISH_PATH|SINGLE_MAINTAINER,1,445500,v0.2.0
cohere-ai,8.0.0,87,A,,5,444107,v0.2.0
'@ffmpeg/ffmpeg,0.12.15,28,F,UNVERIFIED_PUBLISH_PATH|DORMANT,3,443205,v0.2.0
'@egjs/children-differ,1.0.1,33,F,UNVERIFIED_PUBLISH_PATH|DORMANT,12,442598,v0.2.0
'@ag-grid-community/core,32.3.9,45,D,UNVERIFIED_PUBLISH_PATH,3,442536,v0.2.0
google-proto-files,5.0.2,32,F,UNVERIFIED_PUBLISH_PATH|SINGLE_MAINTAINER,1,440883,v0.2.0
inputmask,5.0.9,19,F,UNVERIFIED_PUBLISH_PATH|DORMANT|SINGLE_MAINTAINER,1,439363,v0.2.0
'@clerk/clerk-js,6.25.4,82,B,BRANCH_REQUIRES_PR,6,438935,v0.2.0
'@adyen/adyen-web,6.40.2,84,B,INCONSISTENT_PUBLISH_PATH|BRANCH_REQUIRES_PR,6,437894,v0.2.0
'@scalar/typebox,0.1.3,34,F,UNVERIFIED_PUBLISH_PATH,8,437762,v0.2.0
'@zxcvbn-ts/language-en,4.1.1,31,F,UNVERIFIED_PUBLISH_PATH|SINGLE_MAINTAINER,1,436891,v0.2.0
material-symbols,0.45.8,73,B,SINGLE_MAINTAINER,1,435041,v0.2.0
scriptjs,2.5.9,33,F,UNVERIFIED_PUBLISH_PATH|DORMANT,2,433851,v0.2.0
'@fontsource-variable/geist-mono,5.2.8,81,B,,2,432337,v0.2.0
'@ffmpeg/util,0.12.2,28,F,UNVERIFIED_PUBLISH_PATH|DORMANT,3,431758,v0.2.0
'@duckdb/duckdb-wasm,1.33.1-dev57.0,87,A,,2,430935,v0.2.0
'@blueprintjs/icons,6.13.0,15,F,UNVERIFIED_PUBLISH_PATH|SINGLE_MAINTAINER|PUBLISHER_NOT_MAINTAINER,1,430766,v0.2.0
'@fontsource/poppins,5.2.7,71,B,,2,429888,v0.2.0
markdown-it-mark,4.0.0,19,F,UNVERIFIED_PUBLISH_PATH|DORMANT|SINGLE_MAINTAINER,1,429564,v0.2.0
hardhat,3.9.1,68,C,SINGLE_MAINTAINER,1,428632,v0.2.0
qr-code-styling,1.9.2,25,F,UNVERIFIED_PUBLISH_PATH|SINGLE_MAINTAINER,1,428267,v0.2.0
'@tensorflow/tfjs,4.22.0,33,F,UNVERIFIED_PUBLISH_PATH|DORMANT,10,425420,v0.2.0
react-native-paper,5.15.3,39,D,UNVERIFIED_PUBLISH_PATH,8,424017,v0.2.0
payload,3.86.0,47,D,UNVERIFIED_PUBLISH_PATH,11,423459,v0.2.0
react-date-picker,12.0.2,73,B,SINGLE_MAINTAINER,1,422254,v0.2.0
markdown-it-sup,2.0.0,19,F,UNVERIFIED_PUBLISH_PATH|DORMANT|SINGLE_MAINTAINER,1,421844,v0.2.0
'@fingerprintjs/fingerprintjs-pro,3.12.12,35,D,UNVERIFIED_PUBLISH_PATH,2,421297,v0.2.0
xterm,5.3.0,33,F,UNVERIFIED_PUBLISH_PATH|DORMANT|DEPRECATED,2,421021,v0.2.0
tablesort,5.7.1,25,F,UNVERIFIED_PUBLISH_PATH|SINGLE_MAINTAINER,1,420077,v0.2.0
modern-normalize,3.0.1,19,F,UNVERIFIED_PUBLISH_PATH|DORMANT|SINGLE_MAINTAINER,1,419553,v0.2.0
vue-observe-visibility,1.0.0,14,F,UNVERIFIED_PUBLISH_PATH|DORMANT|SINGLE_MAINTAINER,1,417813,v0.2.0
humanize,0.0.9,14,F,UNVERIFIED_PUBLISH_PATH|DORMANT|SINGLE_MAINTAINER,1,416711,v0.2.0
selecto,1.26.3,19,F,UNVERIFIED_PUBLISH_PATH|DORMANT|SINGLE_MAINTAINER,1,416184,v0.2.0
chartjs-plugin-crosshair,2.0.0,33,F,UNVERIFIED_PUBLISH_PATH|DORMANT,2,415402,v0.2.0
unique-names-generator,4.7.1,14,F,UNVERIFIED_PUBLISH_PATH|DORMANT|SINGLE_MAINTAINER,1,414889,v0.2.0
lunr-languages,1.20.0,32,F,UNVERIFIED_PUBLISH_PATH|SINGLE_MAINTAINER,1,410282,v0.2.0
d3-cloud,1.2.9,25,F,UNVERIFIED_PUBLISH_PATH|SINGLE_MAINTAINER,1,409983,v0.2.0
safevalues,1.2.0,27,F,UNVERIFIED_PUBLISH_PATH|SINGLE_MAINTAINER,1,409343,v0.2.0
arc,1.0.0,39,D,UNVERIFIED_PUBLISH_PATH,3,407517,v0.2.0
portal-vue,3.0.0,19,F,UNVERIFIED_PUBLISH_PATH|DORMANT|SINGLE_MAINTAINER,1,404285,v0.2.0
'@base-ui-components/react,1.0.0-rc.0,85,A,DEPRECATED,7,402283,v0.2.0
'@mermaid-js/layout-elk,0.2.2,82,B,,6,396018,v0.2.0
markdown-it-ins,4.0.0,19,F,UNVERIFIED_PUBLISH_PATH|DORMANT|SINGLE_MAINTAINER,1,395239,v0.2.0
blueimp-load-image,5.16.0,19,F,UNVERIFIED_PUBLISH_PATH|DORMANT|SINGLE_MAINTAINER,1,394443,v0.2.0
react-instantsearch,7.39.1,39,D,UNVERIFIED_PUBLISH_PATH,10,393270,v0.2.0
accounting,0.4.1,14,F,UNVERIFIED_PUBLISH_PATH|DORMANT|SINGLE_MAINTAINER|PUBLISHER_NOT_MAINTAINER,1,391613,v0.2.0
rollbar,3.1.0,45,D,UNVERIFIED_PUBLISH_PATH,4,391181,v0.2.0
markdown-it-container,4.0.0,19,F,UNVERIFIED_PUBLISH_PATH|DORMANT|SINGLE_MAINTAINER,1,391058,v0.2.0
floating-vue,5.2.2,28,F,UNVERIFIED_PUBLISH_PATH|DORMANT,2,390856,v0.2.0
'@rails/actiontext,8.1.300,94,A,,8,389701,v0.2.0
vue-virtual-scroller,3.0.4,20,F,UNVERIFIED_PUBLISH_PATH|SINGLE_MAINTAINER,1,389455,v0.2.0
split.js,1.6.5,19,F,UNVERIFIED_PUBLISH_PATH|DORMANT|SINGLE_MAINTAINER,1,389225,v0.2.0
'@nozbe/microfuzz,1.0.0,33,F,UNVERIFIED_PUBLISH_PATH|DORMANT,7,388300,v0.2.0
single-spa,6.0.3,9,F,UNVERIFIED_PUBLISH_PATH|DORMANT|SINGLE_MAINTAINER|PUBLISHER_NOT_MAINTAINER,1,388212,v0.2.0
react-list,0.8.19,25,F,UNVERIFIED_PUBLISH_PATH|SINGLE_MAINTAINER,1,380335,v0.2.0
choices.js,11.2.3,87,A,,2,380206,v0.2.0
'@egjs/list-differ,1.0.1,33,F,UNVERIFIED_PUBLISH_PATH|DORMANT,12,379724,v0.2.0
fizzy-ui-utils,3.0.0,19,F,UNVERIFIED_PUBLISH_PATH|DORMANT|SINGLE_MAINTAINER,1,378374,v0.2.0
'@rive-app/webgl2,2.38.5,87,A,BRANCH_REQUIRES_PR,5,378126,v0.2.0
photoswipe,5.4.4,19,F,UNVERIFIED_PUBLISH_PATH|DORMANT|SINGLE_MAINTAINER,1,377676,v0.2.0
'@ant-design/icons-vue,7.0.1,33,F,UNVERIFIED_PUBLISH_PATH|DORMANT,6,375914,v0.2.0
franc-min,6.2.0,19,F,UNVERIFIED_PUBLISH_PATH|DORMANT|SINGLE_MAINTAINER,1,374277,v0.2.0
'@ckeditor/ckeditor5-bookmark,48.3.1,38,D,UNVERIFIED_PUBLISH_PATH|SINGLE_MAINTAINER,1,373111,v0.2.0
'@livekit/components-styles,1.2.0,41,D,UNVERIFIED_PUBLISH_PATH,20,372561,v0.2.0
'@wordpress/components,37.0.0,52,C,UNVERIFIED_PUBLISH_PATH,24,372409,v0.2.0
unleash-proxy-client,3.8.0,39,D,UNVERIFIED_PUBLISH_PATH,3,372368,v0.2.0
bootstrap.native,5.1.10,62,C,SINGLE_MAINTAINER,1,370349,v0.2.0
'@unhead/dom,3.1.8,74,B,SINGLE_MAINTAINER,1,369351,v0.2.0
loadjs,4.3.0,19,F,UNVERIFIED_PUBLISH_PATH|DORMANT|SINGLE_MAINTAINER,1,367544,v0.2.0
'@splinetool/runtime,1.12.98,39,D,UNVERIFIED_PUBLISH_PATH,3,366810,v0.2.0
'@excalidraw/excalidraw,0.18.1,34,F,UNVERIFIED_PUBLISH_PATH,2,363053,v0.2.0
'@stomp/stompjs,7.3.0,87,A,,2,362832,v0.2.0
'@shopify/storefront-api-client,1.0.10,89,A,,6,362451,v0.2.0
'@egjs/component,3.0.5,33,F,UNVERIFIED_PUBLISH_PATH|DORMANT,12,360444,v0.2.0
markerjs2,2.32.7,25,F,UNVERIFIED_PUBLISH_PATH|SINGLE_MAINTAINER,1,359378,v0.2.0
airtable,0.12.2,33,F,UNVERIFIED_PUBLISH_PATH|DORMANT,14,359000,v0.2.0
'@vaadin/component-base,25.2.4,39,D,UNVERIFIED_PUBLISH_PATH,12,358390,v0.2.0
'@vaadin/vaadin-themable-mixin,25.2.4,39,D,UNVERIFIED_PUBLISH_PATH,12,358134,v0.2.0
'@amplitude/engagement-browser,1.0.11,35,D,UNVERIFIED_PUBLISH_PATH,6,356028,v0.2.0
powerbi-client,2.24.0,40,D,UNVERIFIED_PUBLISH_PATH|BRANCH_REQUIRES_PR,5,355649,v0.2.0
recoil,0.7.7,33,F,UNVERIFIED_PUBLISH_PATH|DORMANT,3,354084,v0.2.0
desandro-matches-selector,2.0.2,19,F,UNVERIFIED_PUBLISH_PATH|DORMANT|SINGLE_MAINTAINER,1,352812,v0.2.0
pwacompat,2.0.17,28,F,UNVERIFIED_PUBLISH_PATH|DORMANT,2,351138,v0.2.0
mp4box,2.4.1,87,A,,2,350321,v0.2.0
'@ckeditor/ckeditor5-fullscreen,48.3.1,38,D,UNVERIFIED_PUBLISH_PATH|SINGLE_MAINTAINER,1,348498,v0.2.0
uplot,1.6.32,25,F,UNVERIFIED_PUBLISH_PATH|SINGLE_MAINTAINER,1,346171,v0.2.0
world-atlas,2.0.2,19,F,UNVERIFIED_PUBLISH_PATH|DORMANT|SINGLE_MAINTAINER,1,344747,v0.2.0
'@tensorflow/tfjs-layers,4.22.0,33,F,UNVERIFIED_PUBLISH_PATH|DORMANT,10,344233,v0.2.0
vue-multiselect,3.5.0,39,D,UNVERIFIED_PUBLISH_PATH,2,341389,v0.2.0
meilisearch,0.59.0,82,B,,3,340654,v0.2.0
'@paper-design/shaders,0.0.77,35,D,UNVERIFIED_PUBLISH_PATH,4,340474,v0.2.0
msal,1.4.18,32,F,UNVERIFIED_PUBLISH_PATH|DORMANT|SINGLE_MAINTAINER|DEPRECATED,1,339939,v0.2.0
primereact,11.0.0,30,F,UNVERIFIED_PUBLISH_PATH,3,339051,v0.2.0
date-and-time,4.5.1,25,F,UNVERIFIED_PUBLISH_PATH|SINGLE_MAINTAINER,1,338561,v0.2.0
'@glideapps/glide-data-grid,6.0.3,33,F,UNVERIFIED_PUBLISH_PATH|DORMANT,30,337599,v0.2.0
antd-style,4.1.0,25,F,UNVERIFIED_PUBLISH_PATH|SINGLE_MAINTAINER,1,337358,v0.2.0
'@pulumi/gcp,9.30.0,39,D,UNVERIFIED_PUBLISH_PATH,2,337171,v0.2.0
ical.js,2.2.1,25,F,UNVERIFIED_PUBLISH_PATH|SINGLE_MAINTAINER,1,337016,v0.2.0
fix-webm-duration,1.0.6,19,F,UNVERIFIED_PUBLISH_PATH|DORMANT|SINGLE_MAINTAINER,1,335577,v0.2.0
plotly.js-dist-min,3.7.0,45,D,UNVERIFIED_PUBLISH_PATH,15,335372,v0.2.0
'@antv/g2,5.4.8,39,D,UNVERIFIED_PUBLISH_PATH,19,335362,v0.2.0
material-icons,1.13.14,25,F,UNVERIFIED_PUBLISH_PATH|SINGLE_MAINTAINER,1,334777,v0.2.0
mergician,2.0.2,19,F,UNVERIFIED_PUBLISH_PATH|DORMANT|SINGLE_MAINTAINER,1,333331,v0.2.0
'@capacitor/geolocation,8.2.0,77,B,INCONSISTENT_PUBLISH_PATH,18,333028,v0.2.0
'@fullcalendar/timeline,6.1.21,20,F,UNVERIFIED_PUBLISH_PATH|SINGLE_MAINTAINER,1,329462,v0.2.0
country-state-city,3.2.1,19,F,UNVERIFIED_PUBLISH_PATH|DORMANT|SINGLE_MAINTAINER,1,329180,v0.2.0
'@material/linear-progress,14.0.0,33,F,UNVERIFIED_PUBLISH_PATH|DORMANT,14,327299,v0.2.0
pikaday,1.8.2,19,F,UNVERIFIED_PUBLISH_PATH|DORMANT|SINGLE_MAINTAINER,1,327173,v0.2.0
ngx-bootstrap,21.2.1,39,D,UNVERIFIED_PUBLISH_PATH,3,327103,v0.2.0
'@wordpress/icons,15.2.0,52,C,UNVERIFIED_PUBLISH_PATH,24,326811,v0.2.0
dinero.js,2.0.2,80,B,SINGLE_MAINTAINER,1,326486,v0.2.0
semantic-ui-react,2.1.5,33,F,UNVERIFIED_PUBLISH_PATH|DORMANT,2,325747,v0.2.0
flowbite-datepicker,2.0.0,25,F,UNVERIFIED_PUBLISH_PATH|SINGLE_MAINTAINER,1,322988,v0.2.0
'@tsparticles/updater-size,4.3.2,69,C,INCONSISTENT_PUBLISH_PATH|SINGLE_MAINTAINER,1,319503,v0.2.0
'@tsparticles/shape-circle,4.3.2,69,C,INCONSISTENT_PUBLISH_PATH|SINGLE_MAINTAINER,1,319446,v0.2.0
'@tsparticles/updater-out-modes,4.3.2,69,C,INCONSISTENT_PUBLISH_PATH|SINGLE_MAINTAINER,1,319446,v0.2.0
'@tsparticles/updater-opacity,4.3.2,69,C,INCONSISTENT_PUBLISH_PATH|SINGLE_MAINTAINER,1,319437,v0.2.0
tether,3.0.2,72,B,,2,318893,v0.2.0
'@mermaid-js/mermaid-zenuml,0.2.3,82,B,,6,318552,v0.2.0
'@vaadin/vaadin-development-mode-detector,2.0.7,33,F,UNVERIFIED_PUBLISH_PATH|DORMANT,12,318360,v0.2.0
js-sha1,0.7.0,19,F,UNVERIFIED_PUBLISH_PATH|DORMANT|SINGLE_MAINTAINER,1,317632,v0.2.0
'@unocss/reset,66.7.5,89,A,,3,317311,v0.2.0
'@formulajs/formulajs,4.6.0,73,B,SINGLE_MAINTAINER,1,316177,v0.2.0
'@syncfusion/ej2-buttons,34.1.30,39,D,UNVERIFIED_PUBLISH_PATH,3,314264,v0.2.0
'@vaadin/vaadin-lumo-styles,25.2.4,39,D,UNVERIFIED_PUBLISH_PATH,12,313631,v0.2.0
d3-tip,0.9.1,33,F,UNVERIFIED_PUBLISH_PATH|DORMANT,2,312839,v0.2.0
'@fontsource/ibm-plex-sans,5.2.8,71,B,,2,312758,v0.2.0
'@vue-flow/core,1.48.2,27,F,UNVERIFIED_PUBLISH_PATH|SINGLE_MAINTAINER,1,312230,v0.2.0
'@material/slider,14.0.0,33,F,UNVERIFIED_PUBLISH_PATH|DORMANT,14,311798,v0.2.0
stream-chat,9.50.1,100,A,,9,310612,v0.2.0
'@tsparticles/updater-life,4.3.2,69,C,INCONSISTENT_PUBLISH_PATH|SINGLE_MAINTAINER,1,308820,v0.2.0
'@tsparticles/shape-square,4.3.2,69,C,INCONSISTENT_PUBLISH_PATH|SINGLE_MAINTAINER,1,308271,v0.2.0
libsodium-wrappers-sumo,0.8.4,25,F,UNVERIFIED_PUBLISH_PATH|SINGLE_MAINTAINER,1,308250,v0.2.0
diagram-js,15.22.0,39,D,UNVERIFIED_PUBLISH_PATH,11,307241,v0.2.0
maska,3.2.0,25,F,UNVERIFIED_PUBLISH_PATH|SINGLE_MAINTAINER,1,307196,v0.2.0
imagesloaded,5.0.0,19,F,UNVERIFIED_PUBLISH_PATH|DORMANT|SINGLE_MAINTAINER,1,305966,v0.2.0
'@tsparticles/shape-star,4.3.2,69,C,INCONSISTENT_PUBLISH_PATH|SINGLE_MAINTAINER,1,305546,v0.2.0
primeflex,4.0.0,39,D,UNVERIFIED_PUBLISH_PATH,2,305483,v0.2.0
'@tsparticles/shape-image,4.3.2,69,C,INCONSISTENT_PUBLISH_PATH|SINGLE_MAINTAINER,1,305357,v0.2.0
'@novnc/novnc,1.7.0,87,A,,5,305055,v0.2.0
'@tsparticles/shape-emoji,4.3.2,69,C,INCONSISTENT_PUBLISH_PATH|SINGLE_MAINTAINER,1,305017,v0.2.0
'@tsparticles/shape-polygon,4.3.2,69,C,INCONSISTENT_PUBLISH_PATH|SINGLE_MAINTAINER,1,304832,v0.2.0
rrweb-player,2.1.0,83,B,INCONSISTENT_PUBLISH_PATH|BRANCH_REQUIRES_PR,2,304113,v0.2.0
compressorjs,1.3.0,73,B,SINGLE_MAINTAINER,1,303388,v0.2.0
'@material/circular-progress,14.0.0,33,F,UNVERIFIED_PUBLISH_PATH|DORMANT,14,301929,v0.2.0
react-image-gallery,2.1.2,63,C,INCONSISTENT_PUBLISH_PATH|SINGLE_MAINTAINER,1,301616,v0.2.0
'@vaadin/vaadin-material-styles,24.9.17,39,D,UNVERIFIED_PUBLISH_PATH,12,301089,v0.2.0
emoji-toolkit,10.0.0,25,F,UNVERIFIED_PUBLISH_PATH|SINGLE_MAINTAINER,1,301028,v0.2.0
tcplayer.js,5.3.4,35,D,UNVERIFIED_PUBLISH_PATH,2,300461,v0.2.0
svg-to-pdfkit,0.1.8,14,F,UNVERIFIED_PUBLISH_PATH|DORMANT|SINGLE_MAINTAINER,1,300347,v0.2.0
domready,1.0.8,33,F,UNVERIFIED_PUBLISH_PATH|DORMANT,2,300344,v0.2.0
media-played-ranges-mixin,0.1.0,25,F,UNVERIFIED_PUBLISH_PATH|SINGLE_MAINTAINER,1,299978,v0.2.0
nosleep.js,0.12.0,25,F,UNVERIFIED_PUBLISH_PATH|DORMANT|SINGLE_MAINTAINER,1,298773,v0.2.0
masonry-layout,4.2.2,19,F,UNVERIFIED_PUBLISH_PATH|DORMANT|SINGLE_MAINTAINER,1,298703,v0.2.0
'@optimizely/optimizely-sdk,6.5.0,32,F,UNVERIFIED_PUBLISH_PATH|SINGLE_MAINTAINER,1,298041,v0.2.0
'@fluentui/react,8.125.7,52,C,UNVERIFIED_PUBLISH_PATH,10,297357,v0.2.0
fetch-jsonp,1.4.0,25,F,UNVERIFIED_PUBLISH_PATH|SINGLE_MAINTAINER,1,296951,v0.2.0
bulma,1.0.4,25,F,UNVERIFIED_PUBLISH_PATH|SINGLE_MAINTAINER,1,296611,v0.2.0
'@ionic/core,8.8.14,94,A,,2,295743,v0.2.0
froala-editor,5.3.1,25,F,UNVERIFIED_PUBLISH_PATH|SINGLE_MAINTAINER,1,294831,v0.2.0
'@syncfusion/ej2-popups,34.1.29,39,D,UNVERIFIED_PUBLISH_PATH,3,294575,v0.2.0
tweakpane,4.0.5,14,F,UNVERIFIED_PUBLISH_PATH|DORMANT|SINGLE_MAINTAINER,1,293718,v0.2.0
'@progress/kendo-react-common,15.1.0,25,F,UNVERIFIED_PUBLISH_PATH|SINGLE_MAINTAINER,1,292465,v0.2.0
'@syncfusion/ej2-inputs,34.1.30,39,D,UNVERIFIED_PUBLISH_PATH,3,292361,v0.2.0
'@vaadin/a11y-base,25.2.4,39,D,UNVERIFIED_PUBLISH_PATH,12,291377,v0.2.0
penpal,7.0.6,25,F,UNVERIFIED_PUBLISH_PATH|SINGLE_MAINTAINER,1,291262,v0.2.0
'@polymer/polymer,3.5.2,40,D,UNVERIFIED_PUBLISH_PATH|DORMANT,10,291168,v0.2.0
string-strip-html,13.5.3,63,C,SINGLE_MAINTAINER,1,289123,v0.2.0
heic-to,1.5.2,25,F,UNVERIFIED_PUBLISH_PATH|SINGLE_MAINTAINER,1,289076,v0.2.0
recordrtc,5.6.2,25,F,UNVERIFIED_PUBLISH_PATH|DORMANT|SINGLE_MAINTAINER,1,288898,v0.2.0
'@primer/octicons,19.29.2,80,B,SINGLE_MAINTAINER,1,287020,v0.2.0
'@tsparticles/engine,4.3.2,69,C,INCONSISTENT_PUBLISH_PATH|SINGLE_MAINTAINER,1,286777,v0.2.0
v-calendar,2.4.2,14,F,UNVERIFIED_PUBLISH_PATH|DORMANT|SINGLE_MAINTAINER,1,286729,v0.2.0
lucide-static,1.24.0,58,C,INCONSISTENT_PUBLISH_PATH|SINGLE_MAINTAINER,1,286683,v0.2.0
survey-core,2.5.34,39,D,UNVERIFIED_PUBLISH_PATH,4,286559,v0.2.0
tz-lookup,6.1.25,33,F,UNVERIFIED_PUBLISH_PATH|DORMANT,2,286127,v0.2.0
'@fullcalendar/resource,6.1.21,20,F,UNVERIFIED_PUBLISH_PATH|SINGLE_MAINTAINER,1,286048,v0.2.0
i18next-chained-backend,5.0.5,39,D,UNVERIFIED_PUBLISH_PATH,2,285918,v0.2.0
fscreen,1.2.0,19,F,UNVERIFIED_PUBLISH_PATH|DORMANT|SINGLE_MAINTAINER,1,285317,v0.2.0
rxjs-compat,6.6.7,10,F,UNVERIFIED_PUBLISH_PATH|DORMANT|SINGLE_MAINTAINER,1,284734,v0.2.0
'@progress/kendo-svg-icons,5.3.0,70,B,INCONSISTENT_PUBLISH_PATH|SINGLE_MAINTAINER,1,283998,v0.2.0
'@statsig/web-analytics,3.33.3,77,B,INCONSISTENT_PUBLISH_PATH,2,283870,v0.2.0
centrifuge,5.7.0,25,F,UNVERIFIED_PUBLISH_PATH|SINGLE_MAINTAINER,1,282988,v0.2.0
amplitude-js,8.21.10,87,A,,8,282673,v0.2.0
'@iabtcf/core,1.5.6,28,F,UNVERIFIED_PUBLISH_PATH|DORMANT,2,282216,v0.2.0
'@xterm/addon-clipboard,0.2.0,25,F,UNVERIFIED_PUBLISH_PATH|SINGLE_MAINTAINER,1,281313,v0.2.0
plyr,3.8.4,25,F,UNVERIFIED_PUBLISH_PATH|SINGLE_MAINTAINER,1,280901,v0.2.0
bootstrap-sass,3.4.3,33,F,UNVERIFIED_PUBLISH_PATH|DORMANT,4,279288,v0.2.0
cobe,2.0.1,39,D,UNVERIFIED_PUBLISH_PATH,2,278855,v0.2.0
dom4,2.1.6,19,F,UNVERIFIED_PUBLISH_PATH|DORMANT|SINGLE_MAINTAINER,1,278660,v0.2.0
editor,1.0.0,14,F,UNVERIFIED_PUBLISH_PATH|DORMANT|SINGLE_MAINTAINER|PUBLISHER_NOT_MAINTAINER,1,278009,v0.2.0
'@progress/kendo-drawing,1.25.3,25,F,UNVERIFIED_PUBLISH_PATH|SINGLE_MAINTAINER,1,277518,v0.2.0
typo-js,1.3.2,31,F,UNVERIFIED_PUBLISH_PATH|SINGLE_MAINTAINER,1,277040,v0.2.0
'@capsizecss/metrics,4.1.0,89,A,,2,276663,v0.2.0
'@tsparticles/move-base,3.9.1,26,F,UNVERIFIED_PUBLISH_PATH|SINGLE_MAINTAINER|DEPRECATED,1,276630,v0.2.0
disposable-email-domains,1.0.62,33,F,UNVERIFIED_PUBLISH_PATH|DORMANT,2,276131,v0.2.0
'@orchidjs/unicode-variants,1.1.2,33,F,UNVERIFIED_PUBLISH_PATH|DORMANT,2,276016,v0.2.0
angular-sanitize,1.8.3,25,F,UNVERIFIED_PUBLISH_PATH|DORMANT|SINGLE_MAINTAINER|DEPRECATED,1,274998,v0.2.0
dom-to-image,2.6.0,19,F,UNVERIFIED_PUBLISH_PATH|DORMANT|SINGLE_MAINTAINER,1,274027,v0.2.0
simplex-noise,4.0.3,19,F,UNVERIFIED_PUBLISH_PATH|DORMANT|SINGLE_MAINTAINER,1,273993,v0.2.0
htmlhint,1.9.2,46,D,UNVERIFIED_PUBLISH_PATH,2,273090,v0.2.0
mathlive,0.110.0,31,F,UNVERIFIED_PUBLISH_PATH|SINGLE_MAINTAINER,1,272923,v0.2.0
rangetouch,2.0.1,14,F,UNVERIFIED_PUBLISH_PATH|DORMANT|SINGLE_MAINTAINER|PUBLISHER_NOT_MAINTAINER,1,272793,v0.2.0
handsontable,18.0.0,82,B,,6,272257,v0.2.0
hyperformula,3.3.0,39,D,UNVERIFIED_PUBLISH_PATH,5,270885,v0.2.0
quill-mention,6.1.1,57,C,SINGLE_MAINTAINER,1,270440,v0.2.0
'@embedpdf/pdfium,2.14.4,26,F,UNVERIFIED_PUBLISH_PATH|SINGLE_MAINTAINER,1,270196,v0.2.0
geo-tz,8.1.8,25,F,UNVERIFIED_PUBLISH_PATH|SINGLE_MAINTAINER,1,269761,v0.2.0
sigma,3.0.3,39,D,UNVERIFIED_PUBLISH_PATH,2,269597,v0.2.0
filepond,4.32.12,25,F,UNVERIFIED_PUBLISH_PATH|SINGLE_MAINTAINER,1,269213,v0.2.0
'@shoelace-style/localize,3.2.2,39,D,UNVERIFIED_PUBLISH_PATH,2,268804,v0.2.0
'@zumer/snapdom,2.16.0,25,F,UNVERIFIED_PUBLISH_PATH|SINGLE_MAINTAINER,1,268731,v0.2.0
uuid-random,1.3.2,19,F,UNVERIFIED_PUBLISH_PATH|DORMANT|SINGLE_MAINTAINER,1,268558,v0.2.0
react-draft-wysiwyg,1.15.0,19,F,UNVERIFIED_PUBLISH_PATH|DORMANT|SINGLE_MAINTAINER,1,268509,v0.2.0
'@castleio/castle-js,2.8.5,30,F,UNVERIFIED_PUBLISH_PATH,7,268223,v0.2.0
'@mapbox/mapbox-sdk,0.16.2,46,D,UNVERIFIED_PUBLISH_PATH,28,268145,v0.2.0
'@cloudinary/url-gen,1.22.0,29,F,UNVERIFIED_PUBLISH_PATH|PUBLISHER_NOT_MAINTAINER,2,266799,v0.2.0
'@editorjs/editorjs,2.31.6,27,F,UNVERIFIED_PUBLISH_PATH|SINGLE_MAINTAINER,1,266290,v0.2.0
simple-peer,9.11.1,33,F,UNVERIFIED_PUBLISH_PATH|DORMANT,6,266010,v0.2.0
xterm-addon-fit,0.8.0,19,F,UNVERIFIED_PUBLISH_PATH|DORMANT|SINGLE_MAINTAINER|DEPRECATED,1,265243,v0.2.0
'@ant-design/pro-layout,7.22.7,39,D,UNVERIFIED_PUBLISH_PATH,5,264673,v0.2.0
ally.js,1.4.1,14,F,UNVERIFIED_PUBLISH_PATH|DORMANT|SINGLE_MAINTAINER,1,263939,v0.2.0
ant-design-vue,4.2.6,25,F,UNVERIFIED_PUBLISH_PATH|DORMANT|SINGLE_MAINTAINER,1,262751,v0.2.0
'@tsparticles/basic,4.3.2,69,C,INCONSISTENT_PUBLISH_PATH|SINGLE_MAINTAINER,1,262628,v0.2.0
css-vars-ponyfill,2.4.9,19,F,UNVERIFIED_PUBLISH_PATH|DORMANT|SINGLE_MAINTAINER,1,262053,v0.2.0
vue-echarts,8.0.1,89,A,,2,262013,v0.2.0
'@syncfusion/ej2-splitbuttons,34.1.31,39,D,UNVERIFIED_PUBLISH_PATH,3,261876,v0.2.0
'@pdftron/webviewer,12.0.0,21,F,UNVERIFIED_PUBLISH_PATH|SINGLE_MAINTAINER,1,261797,v0.2.0
'@syncfusion/ej2-base,34.1.30,39,D,UNVERIFIED_PUBLISH_PATH,3,261729,v0.2.0
cytoscape-dagre,4.0.0,39,D,UNVERIFIED_PUBLISH_PATH,4,261271,v0.2.0
'@aws-sdk/client-service-quotas,3.1088.0,41,D,UNVERIFIED_PUBLISH_PATH,2,261074,v0.2.0
'@sentry/fullstory,5.0.0,20,F,UNVERIFIED_PUBLISH_PATH|SINGLE_MAINTAINER,1,261006,v0.2.0
'@analytics/cookie-utils,0.2.14,25,F,UNVERIFIED_PUBLISH_PATH|SINGLE_MAINTAINER,1,260703,v0.2.0
quasar,2.21.4,40,D,UNVERIFIED_PUBLISH_PATH,3,260384,v0.2.0
'@amplitude/element-selector,0.2.1,79,B,INCONSISTENT_PUBLISH_PATH,6,260287,v0.2.0
'@material/switch,14.0.0,33,F,UNVERIFIED_PUBLISH_PATH|DORMANT,14,260136,v0.2.0
'@lobehub/ui,5.20.3,81,B,,9,259502,v0.2.0
react-use-gesture,9.1.3,33,F,UNVERIFIED_PUBLISH_PATH|DORMANT|DEPRECATED,2,259245,v0.2.0
'@deck.gl/google-maps,9.3.6,39,D,UNVERIFIED_PUBLISH_PATH,5,259125,v0.2.0
medium-zoom,1.1.0,19,F,UNVERIFIED_PUBLISH_PATH|DORMANT|SINGLE_MAINTAINER,1,258599,v0.2.0
'@oddbird/popover-polyfill,0.7.1,52,C,UNVERIFIED_PUBLISH_PATH,5,258503,v0.2.0
'@pixi/utils,7.4.3,46,D,UNVERIFIED_PUBLISH_PATH,2,258104,v0.2.0
media-captions,0.0.18,19,F,UNVERIFIED_PUBLISH_PATH|DORMANT|SINGLE_MAINTAINER,1,257500,v0.2.0
kuromoji,0.1.2,19,F,UNVERIFIED_PUBLISH_PATH|DORMANT|SINGLE_MAINTAINER,1,256727,v0.2.0
messageformat,4.0.0,45,D,UNVERIFIED_PUBLISH_PATH,2,255951,v0.2.0
mupdf,1.28.0,21,F,UNVERIFIED_PUBLISH_PATH|SINGLE_MAINTAINER,1,255688,v0.2.0
'@thumbmarkjs/thumbmarkjs,1.10.0,35,D,UNVERIFIED_PUBLISH_PATH,2,255671,v0.2.0
'@material/tab-indicator,14.0.0,33,F,UNVERIFIED_PUBLISH_PATH|DORMANT,14,255603,v0.2.0
videojs-ie8,1.1.2,33,F,UNVERIFIED_PUBLISH_PATH|DORMANT,2,255372,v0.2.0
grapesjs,0.23.2,25,F,UNVERIFIED_PUBLISH_PATH|SINGLE_MAINTAINER,1,255338,v0.2.0
'@material/tab-scroller,14.0.0,33,F,UNVERIFIED_PUBLISH_PATH|DORMANT,14,255157,v0.2.0
'@vaadin/vaadin-usage-statistics,2.1.3,33,F,UNVERIFIED_PUBLISH_PATH|DORMANT,12,255054,v0.2.0
'@tsparticles/updater-rotate,4.3.2,69,C,INCONSISTENT_PUBLISH_PATH|SINGLE_MAINTAINER,1,254040,v0.2.0
'@types/convert-source-map,2.0.3,27,F,UNVERIFIED_PUBLISH_PATH|DORMANT|SINGLE_MAINTAINER,1,253173,v0.2.0
unidragger,3.0.1,19,F,UNVERIFIED_PUBLISH_PATH|DORMANT|SINGLE_MAINTAINER,1,252551,v0.2.0
'@amcharts/amcharts5,5.19.1,34,F,UNVERIFIED_PUBLISH_PATH,4,252412,v0.2.0
'@syncfusion/ej2-lists,34.1.30,39,D,UNVERIFIED_PUBLISH_PATH,3,251646,v0.2.0
leaflet-draw,1.0.4,33,F,UNVERIFIED_PUBLISH_PATH|DORMANT,2,251025,v0.2.0
vue-select,3.20.4,39,D,UNVERIFIED_PUBLISH_PATH,8,250960,v0.2.0
'@fontsource/montserrat,5.2.8,71,B,,2,250503,v0.2.0
'@contentful/rich-text-html-renderer,17.2.2,39,D,UNVERIFIED_PUBLISH_PATH,4,250240,v0.2.0
'@shopify/polaris-icons,9.3.1,78,B,,6,249667,v0.2.0
xlsx-populate,1.21.0,19,F,UNVERIFIED_PUBLISH_PATH|DORMANT|SINGLE_MAINTAINER,1,249600,v0.2.0
dragula,3.7.3,33,F,UNVERIFIED_PUBLISH_PATH|DORMANT,2,249516,v0.2.0
linkify-html,4.3.3,79,B,SINGLE_MAINTAINER,1,249178,v0.2.0
'@vercel/postgres,0.10.0,28,F,UNVERIFIED_PUBLISH_PATH|DORMANT|DEPRECATED,4,248624,v0.2.0
'@untitledui/icons,0.0.22,35,D,UNVERIFIED_PUBLISH_PATH,3,248555,v0.2.0
3d-force-graph,1.80.0,25,F,UNVERIFIED_PUBLISH_PATH|SINGLE_MAINTAINER,1,248038,v0.2.0
prism-themes,1.9.0,39,D,UNVERIFIED_PUBLISH_PATH|DORMANT,4,247538,v0.2.0
'@iconify-json/mdi,1.2.3,15,F,UNVERIFIED_PUBLISH_PATH|DORMANT|SINGLE_MAINTAINER,1,247192,v0.2.0
'@rrweb/packer,2.1.0,83,B,INCONSISTENT_PUBLISH_PATH,2,246758,v0.2.0
'@material/layout-grid,14.0.0,33,F,UNVERIFIED_PUBLISH_PATH|DORMANT,14,246621,v0.2.0
shepherd.js,15.2.2,79,B,INCONSISTENT_PUBLISH_PATH,2,245492,v0.2.0
'@vaadin/lit-renderer,25.2.4,39,D,UNVERIFIED_PUBLISH_PATH,12,244694,v0.2.0
github-markdown-css,5.9.0,25,F,UNVERIFIED_PUBLISH_PATH|SINGLE_MAINTAINER,1,244119,v0.2.0
square,45.0.1,87,A,,22,243788,v0.2.0
'@vite-pwa/assets-generator,1.0.2,72,B,,2,243730,v0.2.0
cleave.js,1.6.0,19,F,UNVERIFIED_PUBLISH_PATH|DORMANT|SINGLE_MAINTAINER,1,240684,v0.2.0
phaser,4.2.1,25,F,UNVERIFIED_PUBLISH_PATH|SINGLE_MAINTAINER,1,240281,v0.2.0
'@vaadin/field-base,25.2.4,39,D,UNVERIFIED_PUBLISH_PATH,12,239387,v0.2.0
'@vaadin/input-container,25.2.4,39,D,UNVERIFIED_PUBLISH_PATH,12,238975,v0.2.0
'@types/stylus,0.48.43,27,F,UNVERIFIED_PUBLISH_PATH|DORMANT|SINGLE_MAINTAINER,1,238278,v0.2.0
'@syncfusion/ej2-dropdowns,34.1.30,35,D,UNVERIFIED_PUBLISH_PATH,3,237838,v0.2.0
'@antv/g6,5.1.1,40,D,UNVERIFIED_PUBLISH_PATH,18,237644,v0.2.0
single-spa-react,6.0.2,9,F,UNVERIFIED_PUBLISH_PATH|DORMANT|SINGLE_MAINTAINER|PUBLISHER_NOT_MAINTAINER,1,237183,v0.2.0
codemirror-spell-checker,1.1.2,14,F,UNVERIFIED_PUBLISH_PATH|DORMANT|SINGLE_MAINTAINER|PUBLISHER_NOT_MAINTAINER,1,237140,v0.2.0
sa-sdk-javascript,1.27.13,20,F,UNVERIFIED_PUBLISH_PATH|SINGLE_MAINTAINER,1,237041,v0.2.0
wretch,3.0.9,73,B,SINGLE_MAINTAINER,1,236658,v0.2.0
spin.js,4.1.2,33,F,UNVERIFIED_PUBLISH_PATH|DORMANT,3,236414,v0.2.0
matter-js,0.20.0,19,F,UNVERIFIED_PUBLISH_PATH|DORMANT|SINGLE_MAINTAINER,1,236390,v0.2.0
'@snowplow/browser-plugin-enhanced-consent,4.8.4,39,D,UNVERIFIED_PUBLISH_PATH,3,236062,v0.2.0
jsoneditor,10.4.3,31,F,UNVERIFIED_PUBLISH_PATH|SINGLE_MAINTAINER,1,235966,v0.2.0
'@solid-primitives/trigger,1.2.4,40,D,UNVERIFIED_PUBLISH_PATH,3,234555,v0.2.0
'@microsoft/fast-element,3.0.1,47,D,UNVERIFIED_PUBLISH_PATH,10,234084,v0.2.0
'@vue-flow/controls,1.1.3,27,F,UNVERIFIED_PUBLISH_PATH|SINGLE_MAINTAINER,1,233820,v0.2.0
tom-select,2.6.2,87,A,,2,233794,v0.2.0
material-design-icons-iconfont,6.7.0,19,F,UNVERIFIED_PUBLISH_PATH|DORMANT|SINGLE_MAINTAINER,1,233790,v0.2.0
microsoft-cognitiveservices-speech-sdk,1.50.0,40,D,UNVERIFIED_PUBLISH_PATH|BRANCH_REQUIRES_PR,7,233452,v0.2.0
nanopop,2.4.2,19,F,UNVERIFIED_PUBLISH_PATH|DORMANT|SINGLE_MAINTAINER,1,232663,v0.2.0
'@iconify-json/ph,1.2.2,15,F,UNVERIFIED_PUBLISH_PATH|DORMANT|SINGLE_MAINTAINER,1,232596,v0.2.0
spacetime,7.13.0,87,A,,3,232426,v0.2.0
upng-js,2.1.0,33,F,UNVERIFIED_PUBLISH_PATH|DORMANT,2,231165,v0.2.0
lzutf8,0.6.3,19,F,UNVERIFIED_PUBLISH_PATH|DORMANT|SINGLE_MAINTAINER,1,230976,v0.2.0
'@shoelace-style/animations,1.2.0,33,F,UNVERIFIED_PUBLISH_PATH|DORMANT,2,230479,v0.2.0
lazysizes,5.3.2,33,F,UNVERIFIED_PUBLISH_PATH|DORMANT,2,229000,v0.2.0
'@orchidjs/sifter,1.1.0,33,F,UNVERIFIED_PUBLISH_PATH|DORMANT,2,228395,v0.2.0
'@simonwep/pickr,1.9.1,19,F,UNVERIFIED_PUBLISH_PATH|DORMANT|SINGLE_MAINTAINER,1,228375,v0.2.0
'@syncfusion/ej2-calendars,34.1.29,39,D,UNVERIFIED_PUBLISH_PATH,3,227883,v0.2.0
raphael,2.3.0,33,F,UNVERIFIED_PUBLISH_PATH|DORMANT,3,227375,v0.2.0
datatables.net-dt,2.3.8,25,F,UNVERIFIED_PUBLISH_PATH|SINGLE_MAINTAINER,1,227164,v0.2.0
auth0-js,10.2.0,94,A,,21,227001,v0.2.0
'@bprogress/core,1.3.4,20,F,UNVERIFIED_PUBLISH_PATH|SINGLE_MAINTAINER,1,226933,v0.2.0
'@syncfusion/ej2-navigations,34.1.31,39,D,UNVERIFIED_PUBLISH_PATH,3,226914,v0.2.0
'@tsparticles/interaction-particles-links,4.3.2,69,C,INCONSISTENT_PUBLISH_PATH|SINGLE_MAINTAINER,1,226598,v0.2.0
'@adyen/api-library,32.0.0,84,B,INCONSISTENT_PUBLISH_PATH,6,226364,v0.2.0
'@tsparticles/updater-color,3.9.1,26,F,UNVERIFIED_PUBLISH_PATH|SINGLE_MAINTAINER|DEPRECATED,1,226185,v0.2.0
'@vinejs/vine,4.4.0,87,A,,2,226012,v0.2.0
3dmol,2.5.5,39,D,UNVERIFIED_PUBLISH_PATH,2,225677,v0.2.0
'@vinejs/compiler,4.1.3,87,A,,2,225486,v0.2.0
'@tsparticles/interaction-external-push,4.3.2,69,C,INCONSISTENT_PUBLISH_PATH|SINGLE_MAINTAINER,1,225417,v0.2.0
'@tsparticles/interaction-external-attract,4.3.2,69,C,INCONSISTENT_PUBLISH_PATH|SINGLE_MAINTAINER,1,225102,v0.2.0
'@iconify-json/logos,1.2.11,21,F,UNVERIFIED_PUBLISH_PATH|SINGLE_MAINTAINER,1,224957,v0.2.0
'@tsparticles/plugin-easing-quad,4.3.2,69,C,INCONSISTENT_PUBLISH_PATH|SINGLE_MAINTAINER,1,224874,v0.2.0
'@tsparticles/interaction-external-slow,4.3.2,69,C,INCONSISTENT_PUBLISH_PATH|SINGLE_MAINTAINER,1,224851,v0.2.0
'@tsparticles/interaction-particles-attract,4.3.2,69,C,INCONSISTENT_PUBLISH_PATH|SINGLE_MAINTAINER,1,224830,v0.2.0
'@tsparticles/interaction-external-remove,4.3.2,69,C,INCONSISTENT_PUBLISH_PATH|SINGLE_MAINTAINER,1,224821,v0.2.0
'@tsparticles/interaction-external-bubble,4.3.2,69,C,INCONSISTENT_PUBLISH_PATH|SINGLE_MAINTAINER,1,224786,v0.2.0
vanilla-jsoneditor,3.12.0,31,F,UNVERIFIED_PUBLISH_PATH|SINGLE_MAINTAINER,1,224524,v0.2.0
cesium,1.143.0,39,D,UNVERIFIED_PUBLISH_PATH|BRANCH_REQUIRES_PR,16,224148,v0.2.0
vue-meta,2.4.0,33,F,UNVERIFIED_PUBLISH_PATH|DORMANT,5,223189,v0.2.0
deck.gl,9.3.6,39,D,UNVERIFIED_PUBLISH_PATH,10,222949,v0.2.0
suncalc,2.0.1,25,F,UNVERIFIED_PUBLISH_PATH|SINGLE_MAINTAINER,1,222691,v0.2.0
vanilla-cookieconsent,3.1.0,39,D,UNVERIFIED_PUBLISH_PATH,2,222447,v0.2.0
'@webcomponents/webcomponentsjs,2.8.0,41,D,UNVERIFIED_PUBLISH_PATH|DORMANT,7,221785,v0.2.0
tone,15.1.22,25,F,UNVERIFIED_PUBLISH_PATH|SINGLE_MAINTAINER,1,221429,v0.2.0
devextreme,26.1.3,47,D,UNVERIFIED_PUBLISH_PATH|BRANCH_REQUIRES_PR,3,221261,v0.2.0
'@microsoft/fast-foundation,2.50.0,46,D,UNVERIFIED_PUBLISH_PATH|DORMANT,10,220503,v0.2.0
marked-highlight,2.2.4,73,B,SINGLE_MAINTAINER,1,220001,v0.2.0
draftjs-to-html,0.9.1,19,F,UNVERIFIED_PUBLISH_PATH|DORMANT|SINGLE_MAINTAINER,1,219971,v0.2.0
bpmn-js,18.21.0,39,D,UNVERIFIED_PUBLISH_PATH,11,219126,v0.2.0
jstimezonedetect,1.0.7,33,F,UNVERIFIED_PUBLISH_PATH|DORMANT,2,217695,v0.2.0
keen-slider,6.8.6,19,F,UNVERIFIED_PUBLISH_PATH|DORMANT|SINGLE_MAINTAINER,1,217505,v0.2.0
'@mermaid-js/layout-tidy-tree,0.2.2,82,B,,6,217013,v0.2.0
'@pixi/core,7.4.3,46,D,UNVERIFIED_PUBLISH_PATH,2,215963,v0.2.0
'@fontsource/lato,5.2.7,71,B,,2,215800,v0.2.0
csslint,1.0.5,33,F,UNVERIFIED_PUBLISH_PATH|DORMANT,5,215006,v0.2.0
paper,0.12.18,33,F,UNVERIFIED_PUBLISH_PATH|DORMANT,2,214321,v0.2.0
smartystreets-javascript-sdk,12.1.0,77,B,INCONSISTENT_PUBLISH_PATH,12,213456,v0.2.0
'@rails/request.js,0.0.13,39,D,UNVERIFIED_PUBLISH_PATH,9,212884,v0.2.0
array-flat-polyfill,1.0.1,19,F,UNVERIFIED_PUBLISH_PATH|DORMANT|SINGLE_MAINTAINER,1,212595,v0.2.0
'@fullcalendar/resource-timeline,6.1.21,20,F,UNVERIFIED_PUBLISH_PATH|SINGLE_MAINTAINER,1,212591,v0.2.0
'@fontsource/space-grotesk,5.2.10,71,B,,2,212560,v0.2.0
storyblok-js-client,7.7.0,89,A,,7,212315,v0.2.0
merkletreejs,0.6.0,57,C,SINGLE_MAINTAINER,1,211347,v0.2.0
three-globe,2.45.2,25,F,UNVERIFIED_PUBLISH_PATH|SINGLE_MAINTAINER,1,211280,v0.2.0
'@esri/calcite-components,5.1.2,94,A,,37,210752,v0.2.0
jquery-ujs,1.2.3,33,F,UNVERIFIED_PUBLISH_PATH|DORMANT,2,210028,v0.2.0
lil-uuid,0.1.1,19,F,UNVERIFIED_PUBLISH_PATH|DORMANT|SINGLE_MAINTAINER,1,209962,v0.2.0
timeago.js,4.0.2,33,F,UNVERIFIED_PUBLISH_PATH|DORMANT,2,209447,v0.2.0
'@google/model-viewer,4.3.1,39,D,UNVERIFIED_PUBLISH_PATH,4,209362,v0.2.0
'@ag-grid-community/styles,32.3.9,45,D,UNVERIFIED_PUBLISH_PATH|BRANCH_REQUIRES_PR,3,208740,v0.2.0
mailcheck,1.1.1,33,F,UNVERIFIED_PUBLISH_PATH|DORMANT,3,207452,v0.2.0
'@progress/kendo-date-math,1.5.17,25,F,UNVERIFIED_PUBLISH_PATH|SINGLE_MAINTAINER,1,206667,v0.2.0
'@fontsource/geist-mono,5.2.8,81,B,,2,206648,v0.2.0
dayjs-plugin-utc,0.1.2,19,F,UNVERIFIED_PUBLISH_PATH|DORMANT|SINGLE_MAINTAINER,1,206119,v0.2.0
'@builder.io/partytown,0.10.3,33,F,UNVERIFIED_PUBLISH_PATH|DORMANT|DEPRECATED,26,206104,v0.2.0
mobile-detect,1.4.5,19,F,UNVERIFIED_PUBLISH_PATH|DORMANT|SINGLE_MAINTAINER,1,205059,v0.2.0
dialog-polyfill,0.5.6,33,F,UNVERIFIED_PUBLISH_PATH|DORMANT,2,204403,v0.2.0
'@types/sql.js,1.4.11,33,F,UNVERIFIED_PUBLISH_PATH|SINGLE_MAINTAINER,1,204378,v0.2.0
easymde,2.21.0,73,B,SINGLE_MAINTAINER,1,204290,v0.2.0
ol-mapbox-style,13.4.1,39,D,UNVERIFIED_PUBLISH_PATH,4,204223,v0.2.0
clipboard-polyfill,4.1.1,19,F,UNVERIFIED_PUBLISH_PATH|DORMANT|SINGLE_MAINTAINER,1,203589,v0.2.0
jquery-mousewheel,3.2.2,39,D,UNVERIFIED_PUBLISH_PATH,5,203009,v0.2.0
elevenlabs,1.59.0,39,D,UNVERIFIED_PUBLISH_PATH|DEPRECATED,3,202685,v0.2.0
client-zip,2.5.0,25,F,UNVERIFIED_PUBLISH_PATH|SINGLE_MAINTAINER,1,202482,v0.2.0
'@cortex-js/compute-engine,0.79.3,25,F,UNVERIFIED_PUBLISH_PATH|SINGLE_MAINTAINER,1,201246,v0.2.0
'@progress/kendo-theme-default,14.3.0,80,B,SINGLE_MAINTAINER,1,200974,v0.2.0
devexpress-diagram,2.2.29,34,F,UNVERIFIED_PUBLISH_PATH,3,200869,v0.2.0
'@milkdown/crepe,7.21.3,74,B,SINGLE_MAINTAINER,1,200490,v0.2.0
react-time-picker,8.0.3,73,B,SINGLE_MAINTAINER,1,200335,v0.2.0
diacritic,0.0.2,14,F,UNVERIFIED_PUBLISH_PATH|DORMANT|SINGLE_MAINTAINER,1,199823,v0.2.0
vue-dompurify-html,5.3.0,58,C,SINGLE_MAINTAINER,1,198179,v0.2.0
vue-advanced-cropper,2.8.9,19,F,UNVERIFIED_PUBLISH_PATH|DORMANT|SINGLE_MAINTAINER,1,198178,v0.2.0
device-detector-js,3.0.3,19,F,UNVERIFIED_PUBLISH_PATH|DORMANT|SINGLE_MAINTAINER,1,196374,v0.2.0
postcode-validator,3.10.18,25,F,UNVERIFIED_PUBLISH_PATH|SINGLE_MAINTAINER,1,196220,v0.2.0
alasql,4.17.3,45,D,UNVERIFIED_PUBLISH_PATH,2,196147,v0.2.0
'@solid-primitives/scheduled,1.5.3,40,D,UNVERIFIED_PUBLISH_PATH,3,195313,v0.2.0
'@fullcalendar/resource-timegrid,6.1.21,20,F,UNVERIFIED_PUBLISH_PATH|SINGLE_MAINTAINER,1,195261,v0.2.0
ngx-extended-pdf-viewer,28.1.0,79,B,SINGLE_MAINTAINER,1,194060,v0.2.0
markdown-it-attrs,5.0.0,25,F,UNVERIFIED_PUBLISH_PATH|SINGLE_MAINTAINER,1,193356,v0.2.0
shaka-player,5.2.1,83,B,INCONSISTENT_PUBLISH_PATH,3,193234,v0.2.0
chartjs-adapter-moment,1.0.1,33,F,UNVERIFIED_PUBLISH_PATH|DORMANT,2,192235,v0.2.0
roboto-fontface,0.10.0,19,F,UNVERIFIED_PUBLISH_PATH|DORMANT|SINGLE_MAINTAINER,1,191640,v0.2.0
'@getbrevo/brevo,6.0.2,77,B,INCONSISTENT_PUBLISH_PATH,4,191328,v0.2.0
velocity-animate,1.5.2,33,F,UNVERIFIED_PUBLISH_PATH|DORMANT,3,191319,v0.2.0
'@embedpdf/plugin-annotation,2.14.4,26,F,UNVERIFIED_PUBLISH_PATH|SINGLE_MAINTAINER,1,191296,v0.2.0
bootstrap-vue,2.23.1,39,D,UNVERIFIED_PUBLISH_PATH|DORMANT,4,191202,v0.2.0
bootstrap-daterangepicker,3.1.0,33,F,UNVERIFIED_PUBLISH_PATH|DORMANT,3,191066,v0.2.0
'@breezystack/lamejs,1.2.7,19,F,UNVERIFIED_PUBLISH_PATH|DORMANT|SINGLE_MAINTAINER,1,190900,v0.2.0
twemoji,14.0.2,28,F,UNVERIFIED_PUBLISH_PATH|DORMANT,3,190558,v0.2.0
'@quasar/extras,2.0.2,40,D,UNVERIFIED_PUBLISH_PATH,5,190020,v0.2.0
'@material/material-color-utilities,0.4.0,25,F,UNVERIFIED_PUBLISH_PATH|SINGLE_MAINTAINER,1,189492,v0.2.0
'@rive-app/canvas-lite,2.38.5,87,A,BRANCH_REQUIRES_PR,5,189252,v0.2.0
cloudinary-core,2.14.1,29,F,UNVERIFIED_PUBLISH_PATH|PUBLISHER_NOT_MAINTAINER,2,189163,v0.2.0
wicg-inert,3.1.3,33,F,UNVERIFIED_PUBLISH_PATH|DORMANT,2,188891,v0.2.0
'@tsparticles/updater-stroke-color,3.9.1,26,F,UNVERIFIED_PUBLISH_PATH|SINGLE_MAINTAINER|DEPRECATED,1,188804,v0.2.0
'@tsparticles/move-parallax,3.9.1,26,F,UNVERIFIED_PUBLISH_PATH|SINGLE_MAINTAINER|DEPRECATED,1,188367,v0.2.0
aos,2.3.4,19,F,UNVERIFIED_PUBLISH_PATH|DORMANT|SINGLE_MAINTAINER,1,187861,v0.2.0
'@planetscale/database,1.20.1,84,B,INCONSISTENT_PUBLISH_PATH,7,187552,v0.2.0
'@elastic/eui,117.0.0,89,A,,3,187537,v0.2.0
'@ckeditor/ckeditor5-collaboration-core,48.3.1,21,F,UNVERIFIED_PUBLISH_PATH|SINGLE_MAINTAINER,1,186944,v0.2.0
'@tsparticles/slim,4.3.2,69,C,INCONSISTENT_PUBLISH_PATH|SINGLE_MAINTAINER,1,186384,v0.2.0
print-js,1.6.0,19,F,UNVERIFIED_PUBLISH_PATH|DORMANT|SINGLE_MAINTAINER,1,186242,v0.2.0
'@tsparticles/shape-line,4.3.2,69,C,INCONSISTENT_PUBLISH_PATH|SINGLE_MAINTAINER,1,185873,v0.2.0
fullcalendar,6.1.21,20,F,UNVERIFIED_PUBLISH_PATH|SINGLE_MAINTAINER,1,185773,v0.2.0
'@tsparticles/interaction-particles-collisions,4.3.2,69,C,INCONSISTENT_PUBLISH_PATH|SINGLE_MAINTAINER,1,185722,v0.2.0
'@ckeditor/ckeditor5-comments,48.3.1,21,F,UNVERIFIED_PUBLISH_PATH|SINGLE_MAINTAINER,1,185635,v0.2.0
'@tsparticles/interaction-external-repulse,4.3.2,69,C,INCONSISTENT_PUBLISH_PATH|SINGLE_MAINTAINER,1,185615,v0.2.0
'@tsparticles/interaction-external-bounce,4.3.2,69,C,INCONSISTENT_PUBLISH_PATH|SINGLE_MAINTAINER,1,185604,v0.2.0
'@tsparticles/interaction-external-grab,4.3.2,69,C,INCONSISTENT_PUBLISH_PATH|SINGLE_MAINTAINER,1,185542,v0.2.0
'@tsparticles/interaction-external-connect,4.3.2,69,C,INCONSISTENT_PUBLISH_PATH|SINGLE_MAINTAINER,1,185532,v0.2.0
'@tsparticles/interaction-external-pause,4.3.2,69,C,INCONSISTENT_PUBLISH_PATH|SINGLE_MAINTAINER,1,185519,v0.2.0
'@shopify/polaris,13.9.5,73,B,,6,185255,v0.2.0
'@embedpdf/snippet,2.14.4,16,F,UNVERIFIED_PUBLISH_PATH|SINGLE_MAINTAINER,1,185008,v0.2.0
world-countries,5.1.0,25,F,UNVERIFIED_PUBLISH_PATH|SINGLE_MAINTAINER,1,184417,v0.2.0
'@polar-sh/sdk,0.48.1,87,A,,5,183785,v0.2.0
'@types/facebook-nodejs-business-sdk,24.0.0,33,F,UNVERIFIED_PUBLISH_PATH|SINGLE_MAINTAINER,1,182839,v0.2.0
'@babylonjs/core,9.17.0,25,F,UNVERIFIED_PUBLISH_PATH|SINGLE_MAINTAINER,1,182364,v0.2.0
'@algolia/autocomplete-js,1.19.9,29,F,UNVERIFIED_PUBLISH_PATH|PUBLISHER_NOT_MAINTAINER,14,179992,v0.2.0
'@sendbird/chat,4.22.7,25,F,UNVERIFIED_PUBLISH_PATH|SINGLE_MAINTAINER,1,179248,v0.2.0
'@photo-sphere-viewer/core,5.14.3,73,B,SINGLE_MAINTAINER,1,179083,v0.2.0
'@progress/kendo-theme-core,14.3.0,80,B,SINGLE_MAINTAINER,1,178625,v0.2.0
jquery-ui-dist,1.13.3,25,F,UNVERIFIED_PUBLISH_PATH|DORMANT|SINGLE_MAINTAINER,1,178509,v0.2.0
'@vee-validate/rules,4.15.1,62,C,SINGLE_MAINTAINER,1,178461,v0.2.0
leaflet.heat,0.2.0,19,F,UNVERIFIED_PUBLISH_PATH|DORMANT|SINGLE_MAINTAINER,1,178392,v0.2.0
govuk-frontend,6.3.0,80,B,SINGLE_MAINTAINER,1,177919,v0.2.0
'@github/webauthn-json,2.1.1,48,D,REPO_LINKAGE_MISMATCH|DORMANT|PUBLISHER_NOT_MAINTAINER|DEPRECATED,20,177484,v0.2.0
moment-business-days,1.2.0,33,F,UNVERIFIED_PUBLISH_PATH|DORMANT,4,177413,v0.2.0
inter-ui,4.1.1,25,F,UNVERIFIED_PUBLISH_PATH|SINGLE_MAINTAINER,1,177291,v0.2.0
intro.js,8.3.2,25,F,UNVERIFIED_PUBLISH_PATH|SINGLE_MAINTAINER,1,177086,v0.2.0
feather-icons,4.29.2,26,F,UNVERIFIED_PUBLISH_PATH|DORMANT|SINGLE_MAINTAINER,1,177030,v0.2.0
typed.js,3.0.0,25,F,UNVERIFIED_PUBLISH_PATH|SINGLE_MAINTAINER,1,177007,v0.2.0
qrcode.vue,3.10.0,63,C,INCONSISTENT_PUBLISH_PATH|SINGLE_MAINTAINER,1,176890,v0.2.0
'@cloudinary/transformation-builder-sdk,1.21.2,25,F,UNVERIFIED_PUBLISH_PATH|PUBLISHER_NOT_MAINTAINER,2,176598,v0.2.0
jstz,2.1.1,14,F,UNVERIFIED_PUBLISH_PATH|DORMANT|SINGLE_MAINTAINER|PUBLISHER_NOT_MAINTAINER,1,176223,v0.2.0
smartbanner.js,1.29.0,86,A,SINGLE_MAINTAINER,1,175947,v0.2.0
es-module-shims,2.8.2,25,F,UNVERIFIED_PUBLISH_PATH|SINGLE_MAINTAINER,1,175946,v0.2.0
'@tmcw/togeojson,7.1.2,20,F,UNVERIFIED_PUBLISH_PATH|SINGLE_MAINTAINER,1,175731,v0.2.0
'@elastic/apm-rum,5.17.5,87,A,BRANCH_REQUIRES_PR,3,175558,v0.2.0
angular-animate,1.8.3,25,F,UNVERIFIED_PUBLISH_PATH|DORMANT|SINGLE_MAINTAINER|DEPRECATED,1,175009,v0.2.0
tua-body-scroll-lock,1.6.3,39,D,UNVERIFIED_PUBLISH_PATH,2,174264,v0.2.0
'@mapbox/mapbox-gl-geocoder,5.1.2,46,D,UNVERIFIED_PUBLISH_PATH|BRANCH_REQUIRES_PR,28,174217,v0.2.0
get-video-id,4.2.0,25,F,UNVERIFIED_PUBLISH_PATH|SINGLE_MAINTAINER,1,174026,v0.2.0
marchingsquares,1.3.3,19,F,UNVERIFIED_PUBLISH_PATH|DORMANT|SINGLE_MAINTAINER,1,173404,v0.2.0
jquery-validation,1.22.1,45,D,UNVERIFIED_PUBLISH_PATH,3,173375,v0.2.0
lil-gui,0.21.0,25,F,UNVERIFIED_PUBLISH_PATH|SINGLE_MAINTAINER,1,173245,v0.2.0
construct-style-sheets-polyfill,3.1.0,19,F,UNVERIFIED_PUBLISH_PATH|DORMANT|SINGLE_MAINTAINER,1,173108,v0.2.0
qr-scanner,1.4.2,14,F,UNVERIFIED_PUBLISH_PATH|DORMANT|SINGLE_MAINTAINER,1,172323,v0.2.0
angular-ui-bootstrap,2.5.6,33,F,UNVERIFIED_PUBLISH_PATH|DORMANT,4,171698,v0.2.0
what-input,5.2.12,19,F,UNVERIFIED_PUBLISH_PATH|DORMANT|SINGLE_MAINTAINER,1,171408,v0.2.0
'@fontsource/playfair-display,5.2.8,71,B,,2,171266,v0.2.0
pocketbase,0.27.0,25,F,UNVERIFIED_PUBLISH_PATH|SINGLE_MAINTAINER,1,171237,v0.2.0
country-region-data,4.1.0,25,F,UNVERIFIED_PUBLISH_PATH|SINGLE_MAINTAINER,1,171206,v0.2.0
raven-js,3.27.2,35,D,UNVERIFIED_PUBLISH_PATH|DORMANT|DEPRECATED,5,170723,v0.2.0
'@microsoft/agents-activity,1.6.1,47,D,UNVERIFIED_PUBLISH_PATH,4,170628,v0.2.0
telnyx,7.8.0,78,B,INCONSISTENT_PUBLISH_PATH,6,170518,v0.2.0
'@ckeditor/ckeditor5-track-changes,48.3.1,21,F,UNVERIFIED_PUBLISH_PATH|SINGLE_MAINTAINER,1,170489,v0.2.0
'@uploadcare/file-uploader,1.32.0,39,D,UNVERIFIED_PUBLISH_PATH,4,170353,v0.2.0
rc-calendar,9.15.11,33,F,UNVERIFIED_PUBLISH_PATH|DORMANT,6,170342,v0.2.0
'@azure/data-tables,13.3.2,47,D,UNVERIFIED_PUBLISH_PATH,3,170205,v0.2.0
'@ckeditor/ckeditor-cloud-services-collaboration,53.0.7,21,F,UNVERIFIED_PUBLISH_PATH|SINGLE_MAINTAINER,1,170176,v0.2.0
ethereumjs-tx,2.1.2,33,F,UNVERIFIED_PUBLISH_PATH|DORMANT|DEPRECATED,5,169957,v0.2.0
exif-js,2.3.0,33,F,UNVERIFIED_PUBLISH_PATH|DORMANT,3,169759,v0.2.0
simplify-js,1.2.4,19,F,UNVERIFIED_PUBLISH_PATH|DORMANT|SINGLE_MAINTAINER,1,169390,v0.2.0
'@vue/compat,3.5.40,64,C,INCONSISTENT_PUBLISH_PATH|SINGLE_MAINTAINER,1,168967,v0.2.0
'@ibm/plex,6.4.1,33,F,UNVERIFIED_PUBLISH_PATH|DORMANT,5,168963,v0.2.0
marked-gfm-heading-id,4.1.4,73,B,SINGLE_MAINTAINER,1,168898,v0.2.0
'@ckeditor/ckeditor5-revision-history,48.3.1,21,F,UNVERIFIED_PUBLISH_PATH|SINGLE_MAINTAINER,1,168068,v0.2.0
us-atlas,3.0.1,19,F,UNVERIFIED_PUBLISH_PATH|DORMANT|SINGLE_MAINTAINER,1,167422,v0.2.0
oidc-client,1.11.5,19,F,UNVERIFIED_PUBLISH_PATH|DORMANT|SINGLE_MAINTAINER,1,167212,v0.2.0
gojs,4.0.2,39,D,UNVERIFIED_PUBLISH_PATH,2,167176,v0.2.0
'@arcgis/core,5.1.12,35,D,UNVERIFIED_PUBLISH_PATH,5,166690,v0.2.0
'@syncfusion/ej2-notifications,34.1.29,39,D,UNVERIFIED_PUBLISH_PATH,3,166561,v0.2.0
dom-to-image-more,3.10.2,25,F,UNVERIFIED_PUBLISH_PATH|SINGLE_MAINTAINER,1,166221,v0.2.0
stream-chat-react,14.8.0,100,A,,8,165298,v0.2.0
exifreader,4.41.0,69,C,INCONSISTENT_PUBLISH_PATH|SINGLE_MAINTAINER,1,164966,v0.2.0
vis-timeline,8.5.2,39,D,UNVERIFIED_PUBLISH_PATH,3,164430,v0.2.0
css-element-queries,1.2.3,19,F,UNVERIFIED_PUBLISH_PATH|DORMANT|SINGLE_MAINTAINER,1,164003,v0.2.0
'@medplum/fhirtypes,5.1.26,90,A,INCONSISTENT_PUBLISH_PATH,3,163784,v0.2.0
toastr,2.1.4,19,F,UNVERIFIED_PUBLISH_PATH|DORMANT|SINGLE_MAINTAINER,1,163539,v0.2.0
panzoom,9.4.4,25,F,UNVERIFIED_PUBLISH_PATH|SINGLE_MAINTAINER,1,163127,v0.2.0
'@fingerprintjs/botd,2.0.0,34,F,UNVERIFIED_PUBLISH_PATH|BRANCH_REQUIRES_PR,2,162325,v0.2.0
'@novu/js,3.18.0,95,A,,4,161543,v0.2.0
element-ui,2.15.14,33,F,UNVERIFIED_PUBLISH_PATH|DORMANT,11,160374,v0.2.0
'@coreui/icons,3.1.0,25,F,UNVERIFIED_PUBLISH_PATH|SINGLE_MAINTAINER,1,160196,v0.2.0
dockview-core,7.0.2,86,A,SINGLE_MAINTAINER,1,160000,v0.2.0
'@esri/calcite-ui-icons,4.5.0,94,A,,37,158673,v0.2.0
js-video-url-parser,0.5.1,19,F,UNVERIFIED_PUBLISH_PATH|DORMANT|SINGLE_MAINTAINER,1,157630,v0.2.0
tabulator-tables,6.5.2,77,B,INCONSISTENT_PUBLISH_PATH,3,157307,v0.2.0
markdown,0.5.0,28,F,UNVERIFIED_PUBLISH_PATH|DORMANT,2,157210,v0.2.0
devextreme-quill,1.7.10,85,A,INCONSISTENT_PUBLISH_PATH,9,157163,v0.2.0
'@fullcalendar/resource-daygrid,6.1.21,20,F,UNVERIFIED_PUBLISH_PATH|SINGLE_MAINTAINER,1,156830,v0.2.0
'@fontsource-variable/space-grotesk,5.2.10,71,B,,2,155645,v0.2.0
'@ckeditor/ckeditor5-export-word,48.3.1,21,F,UNVERIFIED_PUBLISH_PATH|SINGLE_MAINTAINER,1,154882,v0.2.0
jquery-migrate,4.0.2,39,D,UNVERIFIED_PUBLISH_PATH,5,154568,v0.2.0
stimulus-use,0.53.0,87,A,,2,154516,v0.2.0
pinyin-pro,3.28.1,25,F,UNVERIFIED_PUBLISH_PATH|SINGLE_MAINTAINER,1,154514,v0.2.0
vue-tel-input,9.8.0,25,F,UNVERIFIED_PUBLISH_PATH|SINGLE_MAINTAINER,1,153967,v0.2.0
'@editorjs/header,2.8.9,20,F,UNVERIFIED_PUBLISH_PATH|SINGLE_MAINTAINER,1,153918,v0.2.0
fast-average-color,9.5.2,25,F,UNVERIFIED_PUBLISH_PATH|SINGLE_MAINTAINER,1,153532,v0.2.0
eventsource-client,1.2.0,25,F,UNVERIFIED_PUBLISH_PATH|SINGLE_MAINTAINER,1,153518,v0.2.0
'@emailjs/browser,4.4.1,19,F,UNVERIFIED_PUBLISH_PATH|DORMANT|SINGLE_MAINTAINER,1,153214,v0.2.0
'@holiday-jp/holiday_jp,2.5.1,39,D,UNVERIFIED_PUBLISH_PATH,2,153133,v0.2.0
'@fontsource-variable/dm-sans,5.2.8,71,B,,2,152868,v0.2.0
'@fullcalendar/vue3,6.1.21,20,F,UNVERIFIED_PUBLISH_PATH|SINGLE_MAINTAINER,1,152474,v0.2.0
yahoo-finance2,4.0.0,77,B,INCONSISTENT_PUBLISH_PATH,2,152187,v0.2.0
ali-oss,6.23.0,45,D,UNVERIFIED_PUBLISH_PATH,8,152001,v0.2.0
'@fontsource/dm-sans,5.2.8,71,B,,2,151945,v0.2.0
react-multi-carousel,2.8.6,25,F,UNVERIFIED_PUBLISH_PATH|SINGLE_MAINTAINER,1,151748,v0.2.0
'@ckeditor/ckeditor5-template,48.3.1,21,F,UNVERIFIED_PUBLISH_PATH|SINGLE_MAINTAINER,1,151723,v0.2.0
'@ckeditor/ckeditor5-import-word,48.3.1,21,F,UNVERIFIED_PUBLISH_PATH|SINGLE_MAINTAINER,1,151672,v0.2.0
autocomplete.js,0.38.1,33,F,UNVERIFIED_PUBLISH_PATH|DORMANT,21,151505,v0.2.0
'@ckeditor/ckeditor5-slash-command,48.3.1,21,F,UNVERIFIED_PUBLISH_PATH|SINGLE_MAINTAINER,1,151155,v0.2.0
chartkick,5.0.1,19,F,UNVERIFIED_PUBLISH_PATH|DORMANT|SINGLE_MAINTAINER,1,151019,v0.2.0
'@ckeditor/ckeditor5-case-change,48.3.1,21,F,UNVERIFIED_PUBLISH_PATH|SINGLE_MAINTAINER,1,150970,v0.2.0
'@iconify-json/carbon,1.2.24,21,F,UNVERIFIED_PUBLISH_PATH|SINGLE_MAINTAINER,1,150584,v0.2.0
mercadopago,3.2.0,39,D,UNVERIFIED_PUBLISH_PATH,11,150329,v0.2.0
'@ckeditor/ckeditor5-list-multi-level,48.3.1,21,F,UNVERIFIED_PUBLISH_PATH|SINGLE_MAINTAINER,1,150191,v0.2.0
bootstrap-select,1.13.18,19,F,UNVERIFIED_PUBLISH_PATH|DORMANT|SINGLE_MAINTAINER,1,150165,v0.2.0
'@ckeditor/ckeditor5-ai,48.3.1,21,F,UNVERIFIED_PUBLISH_PATH|SINGLE_MAINTAINER,1,149257,v0.2.0
'@fontsource/manrope,5.2.8,71,B,,2,148795,v0.2.0
ckeditor5-premium-features,48.3.1,21,F,UNVERIFIED_PUBLISH_PATH|SINGLE_MAINTAINER,1,148767,v0.2.0
'@amplitude/unified,1.1.24,89,A,,6,148012,v0.2.0
mobius1-selectr,2.4.13,19,F,UNVERIFIED_PUBLISH_PATH|DORMANT|SINGLE_MAINTAINER,1,147727,v0.2.0
'@fontsource-variable/fraunces,5.2.9,71,B,,2,147549,v0.2.0
'@fontsource/geist-sans,5.2.5,71,B,,2,147172,v0.2.0
iban,0.0.14,19,F,UNVERIFIED_PUBLISH_PATH|DORMANT|SINGLE_MAINTAINER,1,146165,v0.2.0
cssbeautify,0.3.1,14,F,UNVERIFIED_PUBLISH_PATH|DORMANT|SINGLE_MAINTAINER,1,145851,v0.2.0
bootstrap-datepicker,1.10.1,39,D,UNVERIFIED_PUBLISH_PATH,2,145431,v0.2.0
'@tsparticles/updater-wobble,4.3.2,69,C,INCONSISTENT_PUBLISH_PATH|SINGLE_MAINTAINER,1,145382,v0.2.0
'@iconify-json/tabler,1.2.35,21,F,UNVERIFIED_PUBLISH_PATH|SINGLE_MAINTAINER,1,145323,v0.2.0
jodit,4.13.3,69,C,INCONSISTENT_PUBLISH_PATH|SINGLE_MAINTAINER,1,144514,v0.2.0
stimulus,3.2.2,15,F,UNVERIFIED_PUBLISH_PATH|DORMANT|SINGLE_MAINTAINER,1,144363,v0.2.0
air-datepicker,3.6.0,25,F,UNVERIFIED_PUBLISH_PATH|SINGLE_MAINTAINER,1,143692,v0.2.0
chess.js,1.4.0,25,F,UNVERIFIED_PUBLISH_PATH|SINGLE_MAINTAINER,1,143522,v0.2.0
url-search-params,1.1.0,19,F,UNVERIFIED_PUBLISH_PATH|DORMANT|SINGLE_MAINTAINER|DEPRECATED,1,143258,v0.2.0
svg2pdf.js,2.7.0,45,D,UNVERIFIED_PUBLISH_PATH,4,143234,v0.2.0
'@fontsource/carlito,5.2.8,71,B,,2,143132,v0.2.0
'@ckeditor/ckeditor5-uploadcare,48.3.1,21,F,UNVERIFIED_PUBLISH_PATH|SINGLE_MAINTAINER,1,142921,v0.2.0
htmx.org,2.0.10,31,F,UNVERIFIED_PUBLISH_PATH|SINGLE_MAINTAINER,1,142794,v0.2.0
tributejs,5.1.3,19,F,UNVERIFIED_PUBLISH_PATH|DORMANT|SINGLE_MAINTAINER,1,142740,v0.2.0
datatables.net-buttons,3.2.6,25,F,UNVERIFIED_PUBLISH_PATH|SINGLE_MAINTAINER,1,142009,v0.2.0
html-to-pdfmake,2.5.33,25,F,UNVERIFIED_PUBLISH_PATH|SINGLE_MAINTAINER,1,141929,v0.2.0
'@rsuite/icons,1.4.1,87,A,,6,141850,v0.2.0
d3-flextree,2.1.2,33,F,UNVERIFIED_PUBLISH_PATH|DORMANT,2,140989,v0.2.0
'@fontsource/nunito,5.2.7,71,B,,2,140621,v0.2.0
'@fontsource/noto-sans-jp,5.2.9,71,B,,2,140444,v0.2.0
wavefile,11.0.0,19,F,UNVERIFIED_PUBLISH_PATH|DORMANT|SINGLE_MAINTAINER,1,140245,v0.2.0
uuid4,2.0.3,19,F,UNVERIFIED_PUBLISH_PATH|DORMANT|SINGLE_MAINTAINER,1,140095,v0.2.0
paho-mqtt,1.1.0,20,F,UNVERIFIED_PUBLISH_PATH|DORMANT|SINGLE_MAINTAINER,1,140019,v0.2.0
angular-cookies,1.8.3,25,F,UNVERIFIED_PUBLISH_PATH|DORMANT|SINGLE_MAINTAINER|DEPRECATED,1,139928,v0.2.0
'@editorjs/paragraph,3.0.0,21,F,UNVERIFIED_PUBLISH_PATH|SINGLE_MAINTAINER,1,139638,v0.2.0
globe.gl,2.46.1,25,F,UNVERIFIED_PUBLISH_PATH|SINGLE_MAINTAINER,1,139035,v0.2.0
'@progress/kendo-theme-utils,14.3.0,80,B,SINGLE_MAINTAINER,1,138923,v0.2.0
'@mux/upchunk,3.5.0,41,D,UNVERIFIED_PUBLISH_PATH,4,138568,v0.2.0
amazon-connect-streams,2.27.1,39,D,UNVERIFIED_PUBLISH_PATH,12,138495,v0.2.0
flagsmith,10.0.0,84,B,DEPRECATED|BRANCH_REQUIRES_PR,3,138443,v0.2.0
'@fontsource/noto-sans-sc,5.2.9,71,B,,2,138373,v0.2.0
'@ckeditor/ckeditor5-build-classic,44.3.0,38,D,UNVERIFIED_PUBLISH_PATH|SINGLE_MAINTAINER|DEPRECATED,1,138113,v0.2.0
'@wordpress/block-editor,16.0.0,52,C,UNVERIFIED_PUBLISH_PATH,24,138112,v0.2.0
'@clerk/ui,1.25.4,82,B,BRANCH_REQUIRES_PR,6,137830,v0.2.0
plantuml-encoder,1.4.0,19,F,UNVERIFIED_PUBLISH_PATH|DORMANT|SINGLE_MAINTAINER,1,137613,v0.2.0
tinyld,1.3.4,28,F,UNVERIFIED_PUBLISH_PATH|DORMANT,2,137078,v0.2.0
'@fullcalendar/multimonth,6.1.21,20,F,UNVERIFIED_PUBLISH_PATH|SINGLE_MAINTAINER,1,137026,v0.2.0
'@react-icons/all-files,4.1.0,14,F,UNVERIFIED_PUBLISH_PATH|DORMANT|SINGLE_MAINTAINER,1,136910,v0.2.0
'@superset-ui/embedded-sdk,0.4.0,100,A,,21,136897,v0.2.0
temml,0.13.3,25,F,UNVERIFIED_PUBLISH_PATH|SINGLE_MAINTAINER,1,136412,v0.2.0
'@vue-flow/minimap,1.5.4,27,F,UNVERIFIED_PUBLISH_PATH|SINGLE_MAINTAINER,1,136130,v0.2.0
calendar-link,2.11.4,73,B,SINGLE_MAINTAINER,1,135900,v0.2.0
vue-currency-input,3.2.2,58,C,SINGLE_MAINTAINER,1,135874,v0.2.0
angular-messages,1.8.3,25,F,UNVERIFIED_PUBLISH_PATH|DORMANT|SINGLE_MAINTAINER,1,135617,v0.2.0
jdenticon,3.3.0,14,F,UNVERIFIED_PUBLISH_PATH|DORMANT|SINGLE_MAINTAINER,1,135603,v0.2.0
'@fontsource-variable/figtree,5.2.10,71,B,,2,135580,v0.2.0
jquery-form,4.3.0,33,F,UNVERIFIED_PUBLISH_PATH|DORMANT,3,135508,v0.2.0
jsxgraph,1.12.2,39,D,UNVERIFIED_PUBLISH_PATH,2,135315,v0.2.0
'@coreui/coreui,5.8.0,31,F,UNVERIFIED_PUBLISH_PATH|SINGLE_MAINTAINER,1,135050,v0.2.0
filepond-plugin-image-preview,4.6.12,19,F,UNVERIFIED_PUBLISH_PATH|DORMANT|SINGLE_MAINTAINER,1,134867,v0.2.0
'@rrweb/replay,2.1.0,83,B,INCONSISTENT_PUBLISH_PATH,2,134573,v0.2.0
chartjs-adapter-luxon,1.3.1,19,F,UNVERIFIED_PUBLISH_PATH|DORMANT|SINGLE_MAINTAINER,1,134458,v0.2.0
vuelidate,0.7.7,39,D,UNVERIFIED_PUBLISH_PATH|DORMANT,2,134437,v0.2.0
'@fontsource/roboto-mono,5.2.9,81,B,,2,134425,v0.2.0
qr-creator,1.0.0,19,F,UNVERIFIED_PUBLISH_PATH|DORMANT|SINGLE_MAINTAINER,1,134388,v0.2.0
vue-toastification,1.7.14,14,F,UNVERIFIED_PUBLISH_PATH|DORMANT|SINGLE_MAINTAINER,1,134350,v0.2.0
plotly.js-cartesian-dist-min,3.7.0,45,D,UNVERIFIED_PUBLISH_PATH,15,134079,v0.2.0
'@iconify-json/material-symbols,1.2.85,21,F,UNVERIFIED_PUBLISH_PATH|SINGLE_MAINTAINER,1,134009,v0.2.0
'@qwik.dev/partytown,0.14.0,82,B,,7,133754,v0.2.0
canvas-size,2.0.0,19,F,UNVERIFIED_PUBLISH_PATH|DORMANT|SINGLE_MAINTAINER,1,133502,v0.2.0
'@ricky0123/vad-web,0.0.30,21,F,UNVERIFIED_PUBLISH_PATH|SINGLE_MAINTAINER,1,133496,v0.2.0
remixicon,4.9.1,73,B,SINGLE_MAINTAINER,1,133453,v0.2.0
'@ckeditor/ckeditor5-real-time-collaboration,48.3.1,21,F,UNVERIFIED_PUBLISH_PATH|SINGLE_MAINTAINER,1,133323,v0.2.0
flowbite-react,0.12.17,39,D,UNVERIFIED_PUBLISH_PATH,4,132937,v0.2.0
'@fontsource/material-icons,5.2.7,71,B,,2,132889,v0.2.0
'@ckeditor/ckeditor5-format-painter,48.3.1,21,F,UNVERIFIED_PUBLISH_PATH|SINGLE_MAINTAINER,1,132495,v0.2.0
sourcemapped-stacktrace,1.1.11,19,F,UNVERIFIED_PUBLISH_PATH|DORMANT|SINGLE_MAINTAINER,1,132221,v0.2.0
'@ckeditor/ckeditor5-pagination,48.3.1,21,F,UNVERIFIED_PUBLISH_PATH|SINGLE_MAINTAINER,1,131529,v0.2.0
'@fullcalendar/moment-timezone,6.1.21,20,F,UNVERIFIED_PUBLISH_PATH|SINGLE_MAINTAINER,1,131097,v0.2.0
'@frontegg/js,7.118.0,35,D,UNVERIFIED_PUBLISH_PATH,3,130616,v0.2.0
'@panzoom/panzoom,4.6.2,31,F,UNVERIFIED_PUBLISH_PATH|SINGLE_MAINTAINER|BRANCH_REQUIRES_PR,1,130519,v0.2.0
shpjs,6.2.0,25,F,UNVERIFIED_PUBLISH_PATH|SINGLE_MAINTAINER,1,130382,v0.2.0
terra-draw,1.32.0,63,C,INCONSISTENT_PUBLISH_PATH|SINGLE_MAINTAINER,1,130218,v0.2.0
'@ckeditor/ckeditor5-document-outline,48.3.1,21,F,UNVERIFIED_PUBLISH_PATH|SINGLE_MAINTAINER,1,130178,v0.2.0
'@capgo/capacitor-social-login,8.3.37,67,C,SINGLE_MAINTAINER,1,129953,v0.2.0
'@highcharts/map-collection,2.3.3,39,D,UNVERIFIED_PUBLISH_PATH,10,129553,v0.2.0
a11y-dialog,8.1.5,25,F,UNVERIFIED_PUBLISH_PATH|SINGLE_MAINTAINER,1,129410,v0.2.0
'@ckeditor/ckeditor5-merge-fields,48.3.1,21,F,UNVERIFIED_PUBLISH_PATH|SINGLE_MAINTAINER,1,129272,v0.2.0
'@material-symbols/svg-400,0.45.8,73,B,SINGLE_MAINTAINER,1,129241,v0.2.0
'@syncfusion/ej2-grids,34.1.31,39,D,UNVERIFIED_PUBLISH_PATH,3,128955,v0.2.0
'@carbon/icons,11.84.0,100,A,,7,128863,v0.2.0
web-animations-js,2.3.2,33,F,UNVERIFIED_PUBLISH_PATH|DORMANT,3,128731,v0.2.0
datatables.net-bs4,2.3.8,25,F,UNVERIFIED_PUBLISH_PATH|SINGLE_MAINTAINER,1,128715,v0.2.0
'@ffmpeg/core,0.12.10,28,F,UNVERIFIED_PUBLISH_PATH|DORMANT,3,128595,v0.2.0
reakit,1.3.11,19,F,UNVERIFIED_PUBLISH_PATH|DORMANT|SINGLE_MAINTAINER,1,128593,v0.2.0
fireworks-js,2.10.8,14,F,UNVERIFIED_PUBLISH_PATH|DORMANT|SINGLE_MAINTAINER,1,127981,v0.2.0
piexifjs,1.0.6,19,F,UNVERIFIED_PUBLISH_PATH|DORMANT|SINGLE_MAINTAINER,1,127941,v0.2.0
exiftool-vendored.pl,13.59.0,73,B,SINGLE_MAINTAINER,1,127471,v0.2.0
autocompleter,9.3.2,19,F,UNVERIFIED_PUBLISH_PATH|DORMANT|SINGLE_MAINTAINER,1,127306,v0.2.0
'@okta/okta-signin-widget,7.47.1,27,F,UNVERIFIED_PUBLISH_PATH|SINGLE_MAINTAINER,1,127234,v0.2.0
'@wix/sdk-runtime,1.0.15,30,F,UNVERIFIED_PUBLISH_PATH,13,127014,v0.2.0
'@vapi-ai/web,2.6.1,82,B,,7,127011,v0.2.0
pagedjs,0.4.3,15,F,UNVERIFIED_PUBLISH_PATH|DORMANT|SINGLE_MAINTAINER,1,126979,v0.2.0
'@fontsource/outfit,5.2.8,71,B,,2,126476,v0.2.0
js-confetti,0.13.1,25,F,UNVERIFIED_PUBLISH_PATH|SINGLE_MAINTAINER,1,126332,v0.2.0
'@pixi/assets,7.4.3,46,D,UNVERIFIED_PUBLISH_PATH,2,125660,v0.2.0
pdfobject,2.3.1,25,F,UNVERIFIED_PUBLISH_PATH|SINGLE_MAINTAINER,1,124994,v0.2.0
'@fontsource/space-mono,5.2.9,71,B,,2,124678,v0.2.0
rsuite,6.2.2,93,A,,6,124548,v0.2.0
xss-filters,1.2.7,33,F,UNVERIFIED_PUBLISH_PATH|DORMANT,4,124317,v0.2.0
filepond-plugin-file-validate-type,1.2.9,19,F,UNVERIFIED_PUBLISH_PATH|DORMANT|SINGLE_MAINTAINER,1,123770,v0.2.0
vue-tippy,6.7.1,16,F,UNVERIFIED_PUBLISH_PATH|SINGLE_MAINTAINER,1,123601,v0.2.0
mathjax,4.1.3,68,C,SINGLE_MAINTAINER,1,123600,v0.2.0
'@ckeditor/ckeditor5-export-pdf,48.3.1,21,F,UNVERIFIED_PUBLISH_PATH|SINGLE_MAINTAINER,1,123576,v0.2.0
ansi_up,6.0.6,25,F,UNVERIFIED_PUBLISH_PATH|SINGLE_MAINTAINER,1,123257,v0.2.0
daterangepicker,3.1.0,19,F,UNVERIFIED_PUBLISH_PATH|DORMANT|SINGLE_MAINTAINER,1,122880,v0.2.0
naive-ui,2.44.1,20,F,UNVERIFIED_PUBLISH_PATH|SINGLE_MAINTAINER,1,122644,v0.2.0
ng-zorro-antd,21.3.2,41,D,UNVERIFIED_PUBLISH_PATH,8,122547,v0.2.0
'@remotion/lambda-client,4.0.489,20,F,UNVERIFIED_PUBLISH_PATH|SINGLE_MAINTAINER,1,122457,v0.2.0
angular-route,1.8.3,25,F,UNVERIFIED_PUBLISH_PATH|DORMANT|SINGLE_MAINTAINER|DEPRECATED,1,121714,v0.2.0
'@fontsource/plus-jakarta-sans,5.2.8,71,B,,2,121606,v0.2.0
'@lottiefiles/lottie-player,2.0.12,65,C,DORMANT,2,121108,v0.2.0
'@supabase/gotrue-js,2.108.2,75,B,,0,121066,v0.2.0
typewriter-effect,2.22.0,25,F,UNVERIFIED_PUBLISH_PATH|SINGLE_MAINTAINER,1,121058,v0.2.0
emoji-picker-element,1.29.1,25,F,UNVERIFIED_PUBLISH_PATH|SINGLE_MAINTAINER,1,121025,v0.2.0
'@syncfusion/ej2-layouts,34.1.29,39,D,UNVERIFIED_PUBLISH_PATH,3,120684,v0.2.0
blueimp-tmpl,3.20.0,19,F,UNVERIFIED_PUBLISH_PATH|DORMANT|SINGLE_MAINTAINER,1,120620,v0.2.0
'@yaireo/tagify,4.38.0,20,F,UNVERIFIED_PUBLISH_PATH|SINGLE_MAINTAINER,1,120404,v0.2.0
topojson,3.0.2,33,F,UNVERIFIED_PUBLISH_PATH|DORMANT|DEPRECATED,2,120378,v0.2.0
flag-icon-css,4.1.7,19,F,UNVERIFIED_PUBLISH_PATH|DORMANT|SINGLE_MAINTAINER|DEPRECATED,1,120284,v0.2.0
'@tsparticles/plugin-emitters,4.3.2,69,C,INCONSISTENT_PUBLISH_PATH|SINGLE_MAINTAINER,1,120070,v0.2.0
'@tanstack/solid-query,5.101.2,89,A,,3,119928,v0.2.0
vue-scrollto,2.20.0,19,F,UNVERIFIED_PUBLISH_PATH|DORMANT|SINGLE_MAINTAINER,1,119064,v0.2.0
'@tensorflow/tfjs-backend-wasm,4.22.0,33,F,UNVERIFIED_PUBLISH_PATH|DORMANT,10,118979,v0.2.0
'@telnyx/webrtc,2.27.5,84,B,INCONSISTENT_PUBLISH_PATH,6,118847,v0.2.0
'@amplitude/plugin-experiment-browser,1.0.0-beta.35,79,B,INCONSISTENT_PUBLISH_PATH,6,118414,v0.2.0
i18next-localstorage-backend,4.3.1,39,D,UNVERIFIED_PUBLISH_PATH,2,118011,v0.2.0
'@lucide/lab,0.1.2,14,F,UNVERIFIED_PUBLISH_PATH|DORMANT|SINGLE_MAINTAINER,1,117878,v0.2.0
survey-creator-core,2.5.34,39,D,UNVERIFIED_PUBLISH_PATH,5,117517,v0.2.0
summernote,0.9.1,28,F,UNVERIFIED_PUBLISH_PATH|DORMANT,3,117327,v0.2.0
'@tsparticles/updater-tilt,4.3.2,69,C,INCONSISTENT_PUBLISH_PATH|SINGLE_MAINTAINER,1,116820,v0.2.0
eslint-plugin-json-schema-validator,6.3.0,87,A,,2,116780,v0.2.0
'@tsparticles/updater-roll,4.3.2,69,C,INCONSISTENT_PUBLISH_PATH|SINGLE_MAINTAINER,1,116779,v0.2.0
'@azure/app-configuration,1.12.1,47,D,UNVERIFIED_PUBLISH_PATH,3,116735,v0.2.0
frappe-gantt,1.2.2,73,B,SINGLE_MAINTAINER,1,116715,v0.2.0
'@fontsource-variable/plus-jakarta-sans,5.2.8,71,B,,2,116239,v0.2.0
'@ant-design/icons-angular,22.0.0,39,D,UNVERIFIED_PUBLISH_PATH,8,115858,v0.2.0
'@iconify-json/svg-spinners,1.2.4,21,F,UNVERIFIED_PUBLISH_PATH|SINGLE_MAINTAINER,1,115827,v0.2.0
holderjs,2.9.9,19,F,UNVERIFIED_PUBLISH_PATH|DORMANT|SINGLE_MAINTAINER,1,115580,v0.2.0
mp4-muxer,5.2.2,57,C,SINGLE_MAINTAINER|DEPRECATED,1,115487,v0.2.0
qz-tray,2.2.6,25,F,UNVERIFIED_PUBLISH_PATH|SINGLE_MAINTAINER,1,115150,v0.2.0
'@ua-parser-js/pro-business,2.0.10,73,B,SINGLE_MAINTAINER,1,115145,v0.2.0
svg-country-flags,1.2.10,19,F,UNVERIFIED_PUBLISH_PATH|DORMANT|SINGLE_MAINTAINER,1,115004,v0.2.0
croppie,2.6.5,19,F,UNVERIFIED_PUBLISH_PATH|DORMANT|SINGLE_MAINTAINER,1,114768,v0.2.0
body-scroll-lock-upgrade,1.1.0,19,F,UNVERIFIED_PUBLISH_PATH|DORMANT|SINGLE_MAINTAINER,1,114516,v0.2.0
vue-slider-component,3.2.24,19,F,UNVERIFIED_PUBLISH_PATH|DORMANT|SINGLE_MAINTAINER,1,114340,v0.2.0
'@iconify-json/heroicons,1.2.3,21,F,UNVERIFIED_PUBLISH_PATH|SINGLE_MAINTAINER,1,113708,v0.2.0
angular-resource,1.8.3,25,F,UNVERIFIED_PUBLISH_PATH|DORMANT|SINGLE_MAINTAINER|DEPRECATED,1,113520,v0.2.0
'@ckeditor/ckeditor5-source-editing-enhanced,48.3.1,21,F,UNVERIFIED_PUBLISH_PATH|SINGLE_MAINTAINER,1,113406,v0.2.0
opencc-js,1.4.1,77,B,INCONSISTENT_PUBLISH_PATH,3,113230,v0.2.0
hoverintent,2.2.1,33,F,UNVERIFIED_PUBLISH_PATH|DORMANT,2,113228,v0.2.0
'@stytch/vanilla-js,6.0.11,52,C,UNVERIFIED_PUBLISH_PATH,15,113017,v0.2.0
p5,2.3.0,45,D,UNVERIFIED_PUBLISH_PATH,8,112812,v0.2.0
jsuites,6.4.2,25,F,UNVERIFIED_PUBLISH_PATH|SINGLE_MAINTAINER,1,112545,v0.2.0
'@ant-design/charts,2.6.7,34,F,UNVERIFIED_PUBLISH_PATH,8,111903,v0.2.0
agora-rtc-sdk-ng,4.24.6,39,D,UNVERIFIED_PUBLISH_PATH,2,111885,v0.2.0
quill-delta-to-html,0.12.1,33,F,UNVERIFIED_PUBLISH_PATH|DORMANT,2,111713,v0.2.0
knockout,3.5.3,39,D,UNVERIFIED_PUBLISH_PATH,2,111229,v0.2.0
typesense-instantsearch-adapter,3.0.2,39,D,UNVERIFIED_PUBLISH_PATH,4,111144,v0.2.0
lucide-solid,1.24.0,68,C,SINGLE_MAINTAINER,1,111073,v0.2.0
'@tolgee/web,7.1.2,73,B,SINGLE_MAINTAINER,1,110961,v0.2.0
flubber,0.4.2,19,F,UNVERIFIED_PUBLISH_PATH|DORMANT|SINGLE_MAINTAINER,1,110770,v0.2.0
datatables.net-responsive,3.0.8,25,F,UNVERIFIED_PUBLISH_PATH|SINGLE_MAINTAINER,1,110431,v0.2.0
just-compare,2.3.0,25,F,UNVERIFIED_PUBLISH_PATH|DORMANT|SINGLE_MAINTAINER,1,110026,v0.2.0
blueimp-file-upload,10.32.0,25,F,UNVERIFIED_PUBLISH_PATH|DORMANT|SINGLE_MAINTAINER,1,109756,v0.2.0
three-spritetext,1.10.0,25,F,UNVERIFIED_PUBLISH_PATH|SINGLE_MAINTAINER,1,109371,v0.2.0
ag-stack,36.0.1,69,C,INCONSISTENT_PUBLISH_PATH|SINGLE_MAINTAINER,1,109343,v0.2.0
monday-sdk-js,0.5.9,39,D,UNVERIFIED_PUBLISH_PATH,11,109330,v0.2.0
youtubei.js,17.2.0,73,B,SINGLE_MAINTAINER,1,109252,v0.2.0
'@fontsource-variable/manrope,5.2.8,71,B,,2,109069,v0.2.0
'@ungap/global-this,0.4.4,19,F,UNVERIFIED_PUBLISH_PATH|DORMANT|SINGLE_MAINTAINER,1,108951,v0.2.0
geodesy,2.4.0,14,F,UNVERIFIED_PUBLISH_PATH|DORMANT|SINGLE_MAINTAINER,1,108626,v0.2.0
datatables.net-select,3.1.3,25,F,UNVERIFIED_PUBLISH_PATH|SINGLE_MAINTAINER,1,108599,v0.2.0
'@formkit/themes,2.1.0,72,B,INCONSISTENT_PUBLISH_PATH,4,108402,v0.2.0
'@viz-js/viz,3.28.0,73,B,SINGLE_MAINTAINER,1,108259,v0.2.0
rc-editor-mention,1.1.13,33,F,UNVERIFIED_PUBLISH_PATH|DORMANT,3,108039,v0.2.0
bootstrap-slider,11.0.2,33,F,UNVERIFIED_PUBLISH_PATH|DORMANT,2,107792,v0.2.0
sweetalert,2.1.2,19,F,UNVERIFIED_PUBLISH_PATH|DORMANT|SINGLE_MAINTAINER,1,107520,v0.2.0
container-query-polyfill,1.0.2,33,F,UNVERIFIED_PUBLISH_PATH|DORMANT,5,107261,v0.2.0
datatables.net-bs5,2.3.8,25,F,UNVERIFIED_PUBLISH_PATH|SINGLE_MAINTAINER,1,106189,v0.2.0
vue-color,3.3.3,39,D,UNVERIFIED_PUBLISH_PATH,2,106025,v0.2.0
'@interactjs/core,1.10.27,33,F,UNVERIFIED_PUBLISH_PATH|DORMANT,2,105773,v0.2.0
'@syncfusion/ej2-charts,34.1.29,39,D,UNVERIFIED_PUBLISH_PATH,3,105532,v0.2.0
'@fontsource/eb-garamond,5.2.7,71,B,,2,105478,v0.2.0
'@mui/joy,5.0.0-beta.52,40,D,UNVERIFIED_PUBLISH_PATH,10,105030,v0.2.0
'@geoman-io/leaflet-geoman-free,2.20.0,68,C,SINGLE_MAINTAINER,1,104871,v0.2.0
'@livekit/track-processors,0.7.2,68,C,,0,104708,v0.2.0
'@fontsource-variable/public-sans,5.2.7,71,B,,2,104627,v0.2.0
turbolinks,5.2.0,33,F,UNVERIFIED_PUBLISH_PATH|DORMANT,3,104580,v0.2.0
'@capacitor/app-launcher,8.0.1,69,C,REPO_LINKAGE_MISMATCH,18,104521,v0.2.0
'@antv/g2plot,2.4.35,34,F,UNVERIFIED_PUBLISH_PATH|PUBLISHER_NOT_MAINTAINER,19,104294,v0.2.0
'@editorjs/list,2.0.9,20,F,UNVERIFIED_PUBLISH_PATH|SINGLE_MAINTAINER,1,103768,v0.2.0
nightwatch,3.16.0,39,D,UNVERIFIED_PUBLISH_PATH,4,103503,v0.2.0
viewerjs,1.11.7,19,F,UNVERIFIED_PUBLISH_PATH|DORMANT|SINGLE_MAINTAINER,1,103417,v0.2.0
'@swimlane/ngx-datatable,24.0.1,45,D,UNVERIFIED_PUBLISH_PATH,24,103241,v0.2.0
'@vee-validate/i18n,4.15.1,62,C,SINGLE_MAINTAINER,1,103079,v0.2.0
face-api.js,0.22.2,15,F,UNVERIFIED_PUBLISH_PATH|DORMANT|SINGLE_MAINTAINER,1,103057,v0.2.0
'@techstark/opencv-js,5.0.0-release.1,73,B,SINGLE_MAINTAINER,1,102968,v0.2.0
'@glidejs/glide,3.7.1,19,F,UNVERIFIED_PUBLISH_PATH|DORMANT|SINGLE_MAINTAINER,1,102914,v0.2.0
'@launchdarkly/observability,1.1.16,81,B,SINGLE_MAINTAINER,1,102894,v0.2.0
'@fontsource/oswald,5.2.8,71,B,,2,102875,v0.2.0
'@iconify-json/vscode-icons,1.2.67,21,F,UNVERIFIED_PUBLISH_PATH|SINGLE_MAINTAINER,1,102615,v0.2.0
'@lit/task,1.0.3,84,B,,8,101818,v0.2.0
vue-axios,3.5.2,25,F,UNVERIFIED_PUBLISH_PATH|DORMANT|SINGLE_MAINTAINER,1,101632,v0.2.0
'@imgly/background-removal,1.7.0,34,F,UNVERIFIED_PUBLISH_PATH,12,101595,v0.2.0
eonasdan-bootstrap-datetimepicker,4.17.49,14,F,UNVERIFIED_PUBLISH_PATH|DORMANT|SINGLE_MAINTAINER|PUBLISHER_NOT_MAINTAINER,1,101478,v0.2.0
js-search,2.0.1,28,F,UNVERIFIED_PUBLISH_PATH|DORMANT,2,101243,v0.2.0
'@iconify-json/ri,1.2.10,21,F,UNVERIFIED_PUBLISH_PATH|SINGLE_MAINTAINER,1,101198,v0.2.0
pretendard,1.3.9,33,F,UNVERIFIED_PUBLISH_PATH|DORMANT,2,101062,v0.2.0
'@lit-labs/virtualizer,2.1.1,84,B,,11,100948,v0.2.0
jquery-hoverintent,1.10.2,19,F,UNVERIFIED_PUBLISH_PATH|DORMANT|SINGLE_MAINTAINER,1,100750,v0.2.0
'@fontsource/noto-sans,5.2.10,71,B,,2,100280,v0.2.0
'@material/web,2.5.0,45,D,UNVERIFIED_PUBLISH_PATH,4,100277,v0.2.0
phosphor-react-native,3.0.6,39,D,UNVERIFIED_PUBLISH_PATH,4,100198,v0.2.0
parse,8.6.0,39,D,UNVERIFIED_PUBLISH_PATH,10,99620,v0.2.0
heatmap.js,2.0.5,15,F,UNVERIFIED_PUBLISH_PATH|DORMANT|SINGLE_MAINTAINER,1,99556,v0.2.0
'@amcharts/amcharts4,4.10.40,34,F,UNVERIFIED_PUBLISH_PATH,4,99451,v0.2.0
'@fontsource-variable/source-serif-4,5.2.9,71,B,,2,99205,v0.2.0
'@stackblitz/sdk,1.11.1,39,D,UNVERIFIED_PUBLISH_PATH,4,99149,v0.2.0
snarkdown,2.0.0,19,F,UNVERIFIED_PUBLISH_PATH|DORMANT|SINGLE_MAINTAINER,1,99135,v0.2.0
post-robot,8.0.32,46,D,UNVERIFIED_PUBLISH_PATH|DORMANT,5,98945,v0.2.0
'@schedule-x/calendar,4.6.1,25,F,UNVERIFIED_PUBLISH_PATH|SINGLE_MAINTAINER,1,98762,v0.2.0
'@fontsource/fraunces,5.2.9,71,B,,2,98694,v0.2.0
'@tsparticles/plugin-motion,4.3.2,69,C,INCONSISTENT_PUBLISH_PATH|SINGLE_MAINTAINER,1,98483,v0.2.0
typeface-roboto,1.1.13,14,F,UNVERIFIED_PUBLISH_PATH|DORMANT|SINGLE_MAINTAINER,1,98434,v0.2.0
phosphor-react,1.4.1,14,F,UNVERIFIED_PUBLISH_PATH|DORMANT|SINGLE_MAINTAINER,1,98051,v0.2.0
plotly.js-dist,3.7.0,45,D,UNVERIFIED_PUBLISH_PATH,15,97936,v0.2.0
vidstack,0.6.15,14,F,UNVERIFIED_PUBLISH_PATH|DORMANT|SINGLE_MAINTAINER,1,97920,v0.2.0
loaders.css,0.1.2,19,F,UNVERIFIED_PUBLISH_PATH|DORMANT|SINGLE_MAINTAINER,1,97689,v0.2.0
vue-cookies,1.8.6,19,F,UNVERIFIED_PUBLISH_PATH|DORMANT|SINGLE_MAINTAINER,1,97531,v0.2.0
accessible-autocomplete,3.0.1,40,D,UNVERIFIED_PUBLISH_PATH|DORMANT,2,97389,v0.2.0
phenomenon,1.6.0,19,F,UNVERIFIED_PUBLISH_PATH|DORMANT|SINGLE_MAINTAINER,1,97226,v0.2.0
'@shopify/draggable,1.2.1,77,B,,6,97159,v0.2.0
'@graphiql/plugin-explorer,5.1.3,93,A,,5,96476,v0.2.0
openseadragon,6.0.2,25,F,UNVERIFIED_PUBLISH_PATH|SINGLE_MAINTAINER,1,95597,v0.2.0
jeep-sqlite,2.8.0,19,F,UNVERIFIED_PUBLISH_PATH|DORMANT|SINGLE_MAINTAINER,1,95474,v0.2.0
'@ui5/webcomponents-base,2.24.0,87,A,,2,95351,v0.2.0
heroicons,2.2.0,75,B,DORMANT,3,95271,v0.2.0
chartjs-chart-matrix,3.0.5,73,B,SINGLE_MAINTAINER,1,94983,v0.2.0
foundation-sites,6.9.0,39,D,UNVERIFIED_PUBLISH_PATH|DORMANT,4,94141,v0.2.0
vazirmatn,33.0.3,19,F,UNVERIFIED_PUBLISH_PATH|DORMANT|SINGLE_MAINTAINER,1,93823,v0.2.0
highcharts-vue,2.0.1,29,F,UNVERIFIED_PUBLISH_PATH|DORMANT,10,93477,v0.2.0
'@snowplow/browser-plugin-link-click-tracking,4.8.4,39,D,UNVERIFIED_PUBLISH_PATH,3,93215,v0.2.0
'@progress/kendo-angular-grid,24.2.2,21,F,UNVERIFIED_PUBLISH_PATH|SINGLE_MAINTAINER,1,92942,v0.2.0
tachyons,4.12.0,33,F,UNVERIFIED_PUBLISH_PATH|DORMANT,3,92942,v0.2.0
'@tsparticles/shape-heart,4.3.2,69,C,INCONSISTENT_PUBLISH_PATH|SINGLE_MAINTAINER,1,92829,v0.2.0
'@fullcalendar/moment,6.1.21,20,F,UNVERIFIED_PUBLISH_PATH|SINGLE_MAINTAINER,1,92768,v0.2.0
'@tsparticles/shape-cards,4.3.2,69,C,INCONSISTENT_PUBLISH_PATH|SINGLE_MAINTAINER,1,92689,v0.2.0
vue-recaptcha,3.0.0-alpha.6,19,F,UNVERIFIED_PUBLISH_PATH|DORMANT|SINGLE_MAINTAINER,1,92582,v0.2.0
onfido-sdk-ui,14.78.0,25,F,UNVERIFIED_PUBLISH_PATH|SINGLE_MAINTAINER,1,92557,v0.2.0
ccxt,4.5.65,84,B,INCONSISTENT_PUBLISH_PATH,2,92466,v0.2.0
'@progress/kendo-charts,2.13.0,25,F,UNVERIFIED_PUBLISH_PATH|SINGLE_MAINTAINER,1,92295,v0.2.0
lamejs,1.2.1,19,F,UNVERIFIED_PUBLISH_PATH|DORMANT|SINGLE_MAINTAINER,1,92262,v0.2.0
'@fontsource/cormorant-garamond,5.2.11,71,B,,2,92232,v0.2.0
'@fontsource-variable/montserrat,5.2.8,71,B,,2,92180,v0.2.0
occt-import-js,0.0.23,19,F,UNVERIFIED_PUBLISH_PATH|DORMANT|SINGLE_MAINTAINER,1,92146,v0.2.0
devicon,2.17.0,39,D,UNVERIFIED_PUBLISH_PATH,3,91768,v0.2.0
vue-flatpickr-component,12.0.0,25,F,UNVERIFIED_PUBLISH_PATH|SINGLE_MAINTAINER,1,91625,v0.2.0
'@expo-google-fonts/poppins,0.4.1,39,D,UNVERIFIED_PUBLISH_PATH,4,91588,v0.2.0
rough-notation,0.5.1,19,F,UNVERIFIED_PUBLISH_PATH|DORMANT|SINGLE_MAINTAINER,1,91534,v0.2.0
'@vueform/multiselect,2.6.11,19,F,UNVERIFIED_PUBLISH_PATH|DORMANT|SINGLE_MAINTAINER,1,91324,v0.2.0
toastify-js,1.12.0,19,F,UNVERIFIED_PUBLISH_PATH|DORMANT|SINGLE_MAINTAINER,1,91166,v0.2.0
c3,0.7.20,33,F,UNVERIFIED_PUBLISH_PATH|DORMANT,2,91072,v0.2.0
'@algolia/autocomplete-theme-classic,1.19.9,29,F,UNVERIFIED_PUBLISH_PATH|PUBLISHER_NOT_MAINTAINER,14,91034,v0.2.0
'@fullcalendar/rrule,6.1.21,20,F,UNVERIFIED_PUBLISH_PATH|SINGLE_MAINTAINER,1,90902,v0.2.0
epubjs,0.3.93,33,F,UNVERIFIED_PUBLISH_PATH|DORMANT,2,90736,v0.2.0
'@sap-theming/theming-base-content,11.36.4,34,F,UNVERIFIED_PUBLISH_PATH|BRANCH_REQUIRES_PR,4,90734,v0.2.0
vue3-carousel,0.17.0,39,D,UNVERIFIED_PUBLISH_PATH,2,90496,v0.2.0
focus-outline-manager,1.0.2,19,F,UNVERIFIED_PUBLISH_PATH|DORMANT|SINGLE_MAINTAINER,1,90339,v0.2.0
add-to-calendar-button,2.15.0,87,A,,2,90218,v0.2.0
react-tippy,1.4.0,19,F,UNVERIFIED_PUBLISH_PATH|DORMANT|SINGLE_MAINTAINER,1,90112,v0.2.0
angular-ui-router,1.1.2,39,D,UNVERIFIED_PUBLISH_PATH,2,90053,v0.2.0
opus-recorder,8.0.5,19,F,UNVERIFIED_PUBLISH_PATH|DORMANT|SINGLE_MAINTAINER,1,90011,v0.2.0
'@zootools/email-spell-checker,1.12.0,19,F,UNVERIFIED_PUBLISH_PATH|DORMANT|SINGLE_MAINTAINER,1,89902,v0.2.0
'@vaadin/overlay,25.2.4,39,D,UNVERIFIED_PUBLISH_PATH,12,89779,v0.2.0
'@schedule-x/theme-default,4.6.1,25,F,UNVERIFIED_PUBLISH_PATH|SINGLE_MAINTAINER,1,88923,v0.2.0
amazon-connect-chatjs,5.1.1,46,D,UNVERIFIED_PUBLISH_PATH,8,88914,v0.2.0
'@tsparticles/confetti,4.3.2,69,C,INCONSISTENT_PUBLISH_PATH|SINGLE_MAINTAINER,1,88771,v0.2.0
altcha-lib,2.2.0,79,B,SINGLE_MAINTAINER,1,88518,v0.2.0
'@wix/sdk-types,1.17.9,30,F,UNVERIFIED_PUBLISH_PATH,13,88258,v0.2.0
'@editorjs/image,2.10.3,20,F,UNVERIFIED_PUBLISH_PATH|SINGLE_MAINTAINER,1,88210,v0.2.0
'@ctrl/ngx-emoji-mart,9.3.0,57,C,SINGLE_MAINTAINER,1,88133,v0.2.0
cookies-js,1.2.3,19,F,UNVERIFIED_PUBLISH_PATH|DORMANT|SINGLE_MAINTAINER,1,88015,v0.2.0
filepond-plugin-file-validate-size,2.2.8,19,F,UNVERIFIED_PUBLISH_PATH|DORMANT|SINGLE_MAINTAINER,1,88007,v0.2.0
'@snowplow/browser-plugin-timezone,4.8.4,39,D,UNVERIFIED_PUBLISH_PATH,3,87777,v0.2.0
react-image-lightbox,5.1.4,33,F,UNVERIFIED_PUBLISH_PATH|DORMANT|DEPRECATED,2,87769,v0.2.0
'@fontsource-variable/outfit,5.2.8,71,B,,2,87586,v0.2.0
linkify-string,4.3.3,79,B,SINGLE_MAINTAINER,1,86914,v0.2.0
'@fontsource-variable/roboto,5.2.10,81,B,,2,86634,v0.2.0
'@editorjs/table,2.4.5,20,F,UNVERIFIED_PUBLISH_PATH|SINGLE_MAINTAINER,1,86610,v0.2.0
'@ag-grid-community/locale,36.0.1,93,A,,3,86456,v0.2.0
lite-youtube-embed,0.3.4,25,F,UNVERIFIED_PUBLISH_PATH|SINGLE_MAINTAINER,1,85999,v0.2.0
dictionary-en,4.0.0,19,F,UNVERIFIED_PUBLISH_PATH|DORMANT|SINGLE_MAINTAINER,1,85566,v0.2.0
datamaps,0.5.10,39,D,UNVERIFIED_PUBLISH_PATH,2,85457,v0.2.0
magnific-popup,1.2.0,19,F,UNVERIFIED_PUBLISH_PATH|DORMANT|SINGLE_MAINTAINER,1,85351,v0.2.0
'@ui5/webcomponents,2.24.0,87,A,,2,85309,v0.2.0
vant,4.10.0,26,F,UNVERIFIED_PUBLISH_PATH|SINGLE_MAINTAINER,1,85279,v0.2.0
vanilla-calendar-pro,3.1.0,25,F,UNVERIFIED_PUBLISH_PATH|SINGLE_MAINTAINER,1,85133,v0.2.0
'@keystar/ui,0.7.22,89,A,,2,84792,v0.2.0
'@ui5/webcomponents-icons,2.24.0,87,A,,2,84781,v0.2.0
d3-org-chart,3.1.1,19,F,UNVERIFIED_PUBLISH_PATH|DORMANT|SINGLE_MAINTAINER,1,84420,v0.2.0
ng-file-upload,12.2.13,19,F,UNVERIFIED_PUBLISH_PATH|DORMANT|SINGLE_MAINTAINER,1,84399,v0.2.0
'@esotericsoftware/spine-core,4.3.10,77,B,INCONSISTENT_PUBLISH_PATH,3,84346,v0.2.0
datatables.net-colreorder,2.1.2,25,F,UNVERIFIED_PUBLISH_PATH|SINGLE_MAINTAINER,1,84266,v0.2.0
'@lottiefiles/dotlottie-wc,0.9.21,89,A,,2,83427,v0.2.0
fingerprintjs2,2.1.4,28,F,UNVERIFIED_PUBLISH_PATH|DORMANT|DEPRECATED|BRANCH_REQUIRES_PR,2,83260,v0.2.0
dxf-parser,1.1.2,19,F,UNVERIFIED_PUBLISH_PATH|DORMANT|SINGLE_MAINTAINER,1,83257,v0.2.0
'@activeadmin/activeadmin,3.5.2,39,D,UNVERIFIED_PUBLISH_PATH,4,83221,v0.2.0
semantic-ui-css,2.5.0,19,F,UNVERIFIED_PUBLISH_PATH|DORMANT|SINGLE_MAINTAINER,1,82804,v0.2.0
'@alpinejs/collapse,3.15.12,63,C,INCONSISTENT_PUBLISH_PATH|SINGLE_MAINTAINER,1,82514,v0.2.0
v-tooltip,2.1.3,19,F,UNVERIFIED_PUBLISH_PATH|DORMANT|SINGLE_MAINTAINER,1,82487,v0.2.0
qrcode-reader,1.0.4,19,F,UNVERIFIED_PUBLISH_PATH|DORMANT|SINGLE_MAINTAINER,1,82395,v0.2.0
'@vaadin/button,25.2.4,39,D,UNVERIFIED_PUBLISH_PATH,12,82367,v0.2.0
devextreme-angular,26.1.3,47,D,UNVERIFIED_PUBLISH_PATH,3,82253,v0.2.0
emoji-mart-vue-fast,15.0.5,25,F,UNVERIFIED_PUBLISH_PATH|SINGLE_MAINTAINER,1,81951,v0.2.0
svg4everybody,2.1.9,33,F,UNVERIFIED_PUBLISH_PATH|DORMANT,4,81865,v0.2.0
'@github/relative-time-element,5.2.0,94,A,,20,81616,v0.2.0
'@fontsource/source-code-pro,5.2.7,71,B,,2,81582,v0.2.0
vue-the-mask,0.11.1,15,F,UNVERIFIED_PUBLISH_PATH|DORMANT|SINGLE_MAINTAINER,1,81552,v0.2.0
media-icons,0.10.0,19,F,UNVERIFIED_PUBLISH_PATH|DORMANT|SINGLE_MAINTAINER,1,81469,v0.2.0
'@svgmoji/openmoji,3.2.0,14,F,UNVERIFIED_PUBLISH_PATH|DORMANT|SINGLE_MAINTAINER,1,81256,v0.2.0
'@vue/composition-api,1.7.2,33,F,UNVERIFIED_PUBLISH_PATH|DORMANT,5,81248,v0.2.0
datatables.net-bs,2.3.8,25,F,UNVERIFIED_PUBLISH_PATH|SINGLE_MAINTAINER,1,81119,v0.2.0
'@honeybadger-io/js,6.14.0,39,D,UNVERIFIED_PUBLISH_PATH,5,81091,v0.2.0
'@svgmoji/blob,3.2.0,14,F,UNVERIFIED_PUBLISH_PATH|DORMANT|SINGLE_MAINTAINER,1,81074,v0.2.0
'@coveo/headless,3.53.0,75,B,SINGLE_MAINTAINER,1,81044,v0.2.0
unipointer,2.4.0,19,F,UNVERIFIED_PUBLISH_PATH|DORMANT|SINGLE_MAINTAINER,1,80919,v0.2.0
blockly,13.1.1,84,B,INCONSISTENT_PUBLISH_PATH,5,80869,v0.2.0
progressbar.js,1.1.1,19,F,UNVERIFIED_PUBLISH_PATH|DORMANT|SINGLE_MAINTAINER,1,80712,v0.2.0
i18next-locize-backend,10.0.1,39,D,UNVERIFIED_PUBLISH_PATH,2,80689,v0.2.0
'@snowplow/browser-plugin-form-tracking,4.8.4,39,D,UNVERIFIED_PUBLISH_PATH,3,80589,v0.2.0
'@alpinejs/focus,3.15.12,63,C,INCONSISTENT_PUBLISH_PATH|SINGLE_MAINTAINER,1,80389,v0.2.0
'@fontsource/source-serif-4,5.2.9,71,B,,2,80308,v0.2.0
streamsaver,2.0.6,19,F,UNVERIFIED_PUBLISH_PATH|DORMANT|SINGLE_MAINTAINER,1,80070,v0.2.0
cash-dom,8.1.5,19,F,UNVERIFIED_PUBLISH_PATH|DORMANT|SINGLE_MAINTAINER,1,80039,v0.2.0
wanakana,5.3.1,33,F,UNVERIFIED_PUBLISH_PATH|DORMANT,4,79829,v0.2.0
chartist,1.5.0,20,F,UNVERIFIED_PUBLISH_PATH|SINGLE_MAINTAINER,1,79824,v0.2.0
object-fit-images,3.2.4,9,F,UNVERIFIED_PUBLISH_PATH|DORMANT|SINGLE_MAINTAINER|PUBLISHER_NOT_MAINTAINER,1,79672,v0.2.0
navigator.sendbeacon,0.0.20,19,F,UNVERIFIED_PUBLISH_PATH|DORMANT|SINGLE_MAINTAINER,1,79431,v0.2.0
marked-katex-extension,5.1.10,73,B,SINGLE_MAINTAINER,1,79170,v0.2.0
ng-infinite-scroll,1.3.0,33,F,UNVERIFIED_PUBLISH_PATH|DORMANT,3,79029,v0.2.0
'@docsearch/sidepanel-js,4.6.3,46,D,UNVERIFIED_PUBLISH_PATH,5,78974,v0.2.0
peerjs,1.5.5,39,D,UNVERIFIED_PUBLISH_PATH,3,78869,v0.2.0
'@launchdarkly/session-replay,1.1.16,81,B,SINGLE_MAINTAINER,1,78833,v0.2.0
'@interactjs/modifiers,1.10.27,33,F,UNVERIFIED_PUBLISH_PATH|DORMANT,2,78796,v0.2.0
rangy,1.3.2,19,F,UNVERIFIED_PUBLISH_PATH|DORMANT|SINGLE_MAINTAINER,1,78740,v0.2.0
jquery-datetimepicker,2.5.21,19,F,UNVERIFIED_PUBLISH_PATH|DORMANT|SINGLE_MAINTAINER,1,78465,v0.2.0
local-storage-fallback,5.0.0,19,F,UNVERIFIED_PUBLISH_PATH|DORMANT|SINGLE_MAINTAINER,1,78452,v0.2.0
vue2-datepicker,3.11.1,19,F,UNVERIFIED_PUBLISH_PATH|DORMANT|SINGLE_MAINTAINER,1,78222,v0.2.0
'@svgmoji/twemoji,3.2.0,14,F,UNVERIFIED_PUBLISH_PATH|DORMANT|SINGLE_MAINTAINER,1,78137,v0.2.0
'@svgmoji/noto,3.2.0,14,F,UNVERIFIED_PUBLISH_PATH|DORMANT|SINGLE_MAINTAINER,1,78112,v0.2.0
'@highlightjs/cdn-assets,11.11.1,39,D,UNVERIFIED_PUBLISH_PATH|DORMANT,4,77963,v0.2.0
'@mediapipe/face_detection,0.4.1646425229,24,F,UNVERIFIED_PUBLISH_PATH|DORMANT,8,77814,v0.2.0
'@sitecore-feaas/clientside,0.6.4,35,D,UNVERIFIED_PUBLISH_PATH,5,77798,v0.2.0
string,3.3.3,33,F,UNVERIFIED_PUBLISH_PATH|DORMANT,2,77535,v0.2.0
pixi-filters,6.1.5,39,D,UNVERIFIED_PUBLISH_PATH,3,76789,v0.2.0
'@formkit/tempo,1.1.0,87,A,,4,76772,v0.2.0
'@nathanvda/cocoon,1.2.14,14,F,UNVERIFIED_PUBLISH_PATH|DORMANT|SINGLE_MAINTAINER,1,76724,v0.2.0
ladda,2.0.3,33,F,UNVERIFIED_PUBLISH_PATH|DORMANT,2,76619,v0.2.0
bootstrap-touchspin,5.1.0,31,F,UNVERIFIED_PUBLISH_PATH|SINGLE_MAINTAINER,1,76605,v0.2.0
'@fontsource/dm-mono,5.2.7,71,B,,2,76322,v0.2.0
sip.js,0.21.2,39,D,UNVERIFIED_PUBLISH_PATH|DORMANT,4,76312,v0.2.0
react-native-elements,3.4.3,33,F,UNVERIFIED_PUBLISH_PATH|DORMANT,4,75812,v0.2.0
'@fontsource/instrument-serif,5.2.8,71,B,,2,75529,v0.2.0
'@ministryofjustice/frontend,9.0.0,94,A,,4,75381,v0.2.0
jquery.cookie,1.4.1,19,F,UNVERIFIED_PUBLISH_PATH|DORMANT|SINGLE_MAINTAINER,1,75104,v0.2.0
fg-loadcss,3.1.0,33,F,UNVERIFIED_PUBLISH_PATH|DORMANT,6,75056,v0.2.0
zoid,9.0.86,46,D,UNVERIFIED_PUBLISH_PATH|DORMANT,8,74950,v0.2.0
'@inlang/plugin-message-format,4.4.0,82,B,,2,74929,v0.2.0
tooltip.js,1.3.3,14,F,UNVERIFIED_PUBLISH_PATH|DORMANT|SINGLE_MAINTAINER|DEPRECATED,1,74760,v0.2.0
ol-ext,4.0.38,73,B,SINGLE_MAINTAINER,1,74612,v0.2.0
ui-select,0.19.8,33,F,UNVERIFIED_PUBLISH_PATH|DORMANT,3,74591,v0.2.0
simple-keyboard,3.8.163,73,B,SINGLE_MAINTAINER,1,74580,v0.2.0
eme-encryption-scheme-polyfill,2.2.4,45,D,UNVERIFIED_PUBLISH_PATH|DEPRECATED,4,74239,v0.2.0
hark,1.2.3,33,F,UNVERIFIED_PUBLISH_PATH|DORMANT,3,73958,v0.2.0
'@lit-labs/observers,2.1.0,90,A,,11,73941,v0.2.0
ldrs,1.1.9,25,F,UNVERIFIED_PUBLISH_PATH|SINGLE_MAINTAINER,1,73921,v0.2.0
'@fontsource-variable/noto-sans,5.2.10,71,B,,2,73675,v0.2.0
'@hpcc-js/wasm,2.34.7,25,F,UNVERIFIED_PUBLISH_PATH|SINGLE_MAINTAINER,1,73608,v0.2.0
'@atlaskit/top-layer,1.8.0,16,F,UNVERIFIED_PUBLISH_PATH|SINGLE_MAINTAINER,1,73419,v0.2.0
material-design-icons,3.0.1,33,F,UNVERIFIED_PUBLISH_PATH|DORMANT,6,73404,v0.2.0
angular-aria,1.8.3,25,F,UNVERIFIED_PUBLISH_PATH|DORMANT|SINGLE_MAINTAINER|DEPRECATED,1,73308,v0.2.0
'@ttskch/select2-bootstrap4-theme,1.5.2,19,F,UNVERIFIED_PUBLISH_PATH|DORMANT|SINGLE_MAINTAINER,1,73293,v0.2.0
b-validate,1.5.3,33,F,UNVERIFIED_PUBLISH_PATH|DORMANT,2,73285,v0.2.0
'@mathjax/mathjax-newcm-font,4.1.3,39,D,UNVERIFIED_PUBLISH_PATH,3,73192,v0.2.0
'@wix/monitoring-types,1.0.0,30,F,UNVERIFIED_PUBLISH_PATH,13,72918,v0.2.0
google-maps-infobox,2.0.0,19,F,UNVERIFIED_PUBLISH_PATH|DORMANT|SINGLE_MAINTAINER,1,72776,v0.2.0
'@farcaster/miniapp-sdk,0.3.0,72,B,INCONSISTENT_PUBLISH_PATH|BRANCH_REQUIRES_PR,11,72755,v0.2.0
delegate-it,6.4.0,25,F,UNVERIFIED_PUBLISH_PATH|SINGLE_MAINTAINER,1,72507,v0.2.0
lucide-angular,1.0.0,68,C,SINGLE_MAINTAINER|DEPRECATED,1,72427,v0.2.0
flagpack-core,2.1.0,39,D,UNVERIFIED_PUBLISH_PATH|BRANCH_REQUIRES_SIGNATURES|BRANCH_REQUIRES_PR,4,72357,v0.2.0
pouchdb,9.0.0,33,F,UNVERIFIED_PUBLISH_PATH|DORMANT,12,72251,v0.2.0
tiny-slider,2.9.4,19,F,UNVERIFIED_PUBLISH_PATH|DORMANT|SINGLE_MAINTAINER,1,72241,v0.2.0
tsparticles,4.3.2,69,C,INCONSISTENT_PUBLISH_PATH|SINGLE_MAINTAINER,1,72202,v0.2.0
'@kount/kount-web-client-sdk,2.2.3,34,F,UNVERIFIED_PUBLISH_PATH,4,72184,v0.2.0
'@syncfusion/ej2-richtexteditor,34.1.30,39,D,UNVERIFIED_PUBLISH_PATH,3,72070,v0.2.0
topbar,3.0.1,25,F,UNVERIFIED_PUBLISH_PATH|SINGLE_MAINTAINER,1,71906,v0.2.0
filepond-plugin-image-exif-orientation,1.0.11,19,F,UNVERIFIED_PUBLISH_PATH|DORMANT|SINGLE_MAINTAINER,1,71903,v0.2.0
lightgallery,2.9.0,20,F,UNVERIFIED_PUBLISH_PATH|SINGLE_MAINTAINER,1,71716,v0.2.0
'@fontsource-variable/nunito-sans,5.2.7,71,B,,2,71703,v0.2.0
classlist.js,1.1.20150312,19,F,UNVERIFIED_PUBLISH_PATH|DORMANT|SINGLE_MAINTAINER,1,71697,v0.2.0
eruda,3.4.3,25,F,UNVERIFIED_PUBLISH_PATH|SINGLE_MAINTAINER,1,71661,v0.2.0
reset-css,5.0.2,19,F,UNVERIFIED_PUBLISH_PATH|DORMANT|SINGLE_MAINTAINER,1,71550,v0.2.0
flickity,3.0.0,19,F,UNVERIFIED_PUBLISH_PATH|DORMANT|SINGLE_MAINTAINER,1,71316,v0.2.0
'@ckeditor/ckeditor5-line-height,48.3.1,21,F,UNVERIFIED_PUBLISH_PATH|SINGLE_MAINTAINER,1,71026,v0.2.0
actioncable,5.2.8-1,40,D,UNVERIFIED_PUBLISH_PATH|DORMANT,7,70920,v0.2.0
vue-upload-component,2.8.23,19,F,UNVERIFIED_PUBLISH_PATH|DORMANT|SINGLE_MAINTAINER,1,70884,v0.2.0
'@fontsource/archivo-black,5.2.8,71,B,,2,70842,v0.2.0
jquery-mask-plugin,1.14.16,19,F,UNVERIFIED_PUBLISH_PATH|DORMANT|SINGLE_MAINTAINER,1,70777,v0.2.0
jquery-touchswipe,1.6.19,19,F,UNVERIFIED_PUBLISH_PATH|DORMANT|SINGLE_MAINTAINER,1,70767,v0.2.0
zepto,1.2.0,14,F,UNVERIFIED_PUBLISH_PATH|DORMANT|SINGLE_MAINTAINER|PUBLISHER_NOT_MAINTAINER,1,70581,v0.2.0
'@fontsource/geist,5.2.9,81,B,,2,70324,v0.2.0
cannon-es,0.20.0,28,F,UNVERIFIED_PUBLISH_PATH|DORMANT,5,70259,v0.2.0
'@protomaps/basemaps,5.7.2,25,F,UNVERIFIED_PUBLISH_PATH|SINGLE_MAINTAINER,1,70046,v0.2.0
'@fontsource-variable/roboto-mono,5.2.9,81,B,,2,70021,v0.2.0
'@cloudscape-design/components,3.0.1329,27,F,UNVERIFIED_PUBLISH_PATH|SINGLE_MAINTAINER,1,69904,v0.2.0
'@studio-freight/lenis,1.0.42,40,D,UNVERIFIED_PUBLISH_PATH|DORMANT|DEPRECATED,4,69710,v0.2.0
vuejs-datepicker,1.6.2,19,F,UNVERIFIED_PUBLISH_PATH|DORMANT|SINGLE_MAINTAINER,1,69615,v0.2.0
'@configcat/sdk,1.1.0,94,A,,4,69532,v0.2.0
'@pixiv/three-vrm,3.5.5,87,A,,6,69524,v0.2.0
'@snowplow/browser-plugin-performance-timing,4.8.4,39,D,UNVERIFIED_PUBLISH_PATH,3,69493,v0.2.0
'@tscircuit/math-utils,0.0.36,21,F,UNVERIFIED_PUBLISH_PATH|SINGLE_MAINTAINER,1,69386,v0.2.0
react-leaflet-markercluster,5.0.0-rc.0,33,F,UNVERIFIED_PUBLISH_PATH|DORMANT,2,69384,v0.2.0
emoji-datasource-apple,16.0.0,25,F,UNVERIFIED_PUBLISH_PATH|SINGLE_MAINTAINER,1,69123,v0.2.0
'@algolia/autocomplete-plugin-recent-searches,1.19.9,29,F,UNVERIFIED_PUBLISH_PATH|PUBLISHER_NOT_MAINTAINER,14,69112,v0.2.0
snapsvg,0.5.1,19,F,UNVERIFIED_PUBLISH_PATH|DORMANT|SINGLE_MAINTAINER,1,68978,v0.2.0
'@dnb/eufemia,11.8.2,70,B,INCONSISTENT_PUBLISH_PATH|SINGLE_MAINTAINER,1,68963,v0.2.0
bootstrap-colorpicker,3.4.0,19,F,UNVERIFIED_PUBLISH_PATH|DORMANT|SINGLE_MAINTAINER|DEPRECATED,1,68763,v0.2.0
nipplejs,1.0.4,73,B,SINGLE_MAINTAINER,1,68429,v0.2.0
typeahead.js,0.11.1,19,F,UNVERIFIED_PUBLISH_PATH|DORMANT|SINGLE_MAINTAINER,1,68387,v0.2.0
'@progress/kendo-font-icons,5.3.0,70,B,INCONSISTENT_PUBLISH_PATH|SINGLE_MAINTAINER,1,68105,v0.2.0
'@ckeditor/ckeditor5-footnotes,48.3.1,21,F,UNVERIFIED_PUBLISH_PATH|SINGLE_MAINTAINER,1,68100,v0.2.0
'@fullcalendar/luxon3,6.1.21,20,F,UNVERIFIED_PUBLISH_PATH|SINGLE_MAINTAINER,1,67889,v0.2.0
vue-easy-lightbox,1.19.0,19,F,UNVERIFIED_PUBLISH_PATH|DORMANT|SINGLE_MAINTAINER,1,67769,v0.2.0
country-flag-emoji-polyfill,0.1.8,19,F,UNVERIFIED_PUBLISH_PATH|DORMANT|SINGLE_MAINTAINER,1,67694,v0.2.0
'@fontsource/barlow,5.2.8,71,B,,2,67653,v0.2.0
vconsole,3.15.1,19,F,UNVERIFIED_PUBLISH_PATH|DORMANT|SINGLE_MAINTAINER,1,67600,v0.2.0
'@rutter/rutter-link,1.2.8,35,D,UNVERIFIED_PUBLISH_PATH,6,67446,v0.2.0
'@vaadin/date-picker,25.2.4,39,D,UNVERIFIED_PUBLISH_PATH,12,67135,v0.2.0
jstree,3.3.17,19,F,UNVERIFIED_PUBLISH_PATH|DORMANT|SINGLE_MAINTAINER,1,67115,v0.2.0
'@fontsource/source-sans-pro,5.2.5,71,B,,2,67010,v0.2.0
shiki-es,0.14.0,33,F,UNVERIFIED_PUBLISH_PATH|DORMANT|DEPRECATED,2,66806,v0.2.0
pangu,7.2.1,73,B,SINGLE_MAINTAINER,1,66719,v0.2.0
three-bvh-csg,0.0.18,25,F,UNVERIFIED_PUBLISH_PATH|SINGLE_MAINTAINER,1,66689,v0.2.0
'@fontsource-variable/hanken-grotesk,5.2.8,71,B,,2,66416,v0.2.0
vue-moment,4.1.0,33,F,UNVERIFIED_PUBLISH_PATH|DORMANT,2,66345,v0.2.0
kiwi-schema,0.5.0,19,F,UNVERIFIED_PUBLISH_PATH|DORMANT|SINGLE_MAINTAINER,1,66154,v0.2.0
can-autoplay,3.0.2,24,F,UNVERIFIED_PUBLISH_PATH|DORMANT,3,66111,v0.2.0
component-register,0.8.8,25,F,UNVERIFIED_PUBLISH_PATH|SINGLE_MAINTAINER,1,65962,v0.2.0
'@vladmandic/face-api,1.7.15,26,F,UNVERIFIED_PUBLISH_PATH|SINGLE_MAINTAINER,1,65914,v0.2.0
timemachine,0.3.2,33,F,UNVERIFIED_PUBLISH_PATH|DORMANT,2,65771,v0.2.0
slim-select,4.0.5,25,F,UNVERIFIED_PUBLISH_PATH|SINGLE_MAINTAINER,1,65543,v0.2.0
'@hyperdx/browser,0.25.1,87,A,,2,65529,v0.2.0
modernizr,3.13.1,33,F,UNVERIFIED_PUBLISH_PATH|DORMANT,7,65503,v0.2.0
viz.js,2.1.2,19,F,UNVERIFIED_PUBLISH_PATH|DORMANT|SINGLE_MAINTAINER|DEPRECATED,1,65465,v0.2.0
'@fontsource/public-sans,5.2.7,71,B,,2,65404,v0.2.0
instantsearch.css,8.18.0,39,D,UNVERIFIED_PUBLISH_PATH,17,65283,v0.2.0
vue-resource,1.5.3,33,F,UNVERIFIED_PUBLISH_PATH|DORMANT,2,65253,v0.2.0
'@editorjs/delimiter,1.4.2,14,F,UNVERIFIED_PUBLISH_PATH|DORMANT|SINGLE_MAINTAINER,1,65197,v0.2.0
'@awesome.me/webawesome,3.10.0,39,D,UNVERIFIED_PUBLISH_PATH|BRANCH_REQUIRES_PR,4,65097,v0.2.0
shaders,3.0.438,21,F,UNVERIFIED_PUBLISH_PATH|SINGLE_MAINTAINER,1,65084,v0.2.0
core-js-bundle,3.49.0,31,F,UNVERIFIED_PUBLISH_PATH|SINGLE_MAINTAINER,1,64859,v0.2.0
'@ui5/webcomponents-localization,2.24.0,87,A,,2,64739,v0.2.0
fastclick,1.0.6,40,D,UNVERIFIED_PUBLISH_PATH|DORMANT,3,64630,v0.2.0
wnumb,1.2.0,19,F,UNVERIFIED_PUBLISH_PATH|DORMANT|SINGLE_MAINTAINER,1,64359,v0.2.0
datatables.net-fixedcolumns,5.0.5,25,F,UNVERIFIED_PUBLISH_PATH|SINGLE_MAINTAINER,1,64348,v0.2.0
iconify-icon,3.0.2,20,F,UNVERIFIED_PUBLISH_PATH|SINGLE_MAINTAINER,1,64337,v0.2.0
antd-mobile,5.42.3,39,D,UNVERIFIED_PUBLISH_PATH,3,64238,v0.2.0
page-flip,2.0.7,19,F,UNVERIFIED_PUBLISH_PATH|DORMANT|SINGLE_MAINTAINER,1,63986,v0.2.0
seamless-scroll-polyfill,2.3.4,19,F,UNVERIFIED_PUBLISH_PATH|DORMANT|SINGLE_MAINTAINER,1,63931,v0.2.0
tui-code-snippet,2.3.3,19,F,UNVERIFIED_PUBLISH_PATH|DORMANT|SINGLE_MAINTAINER,1,63912,v0.2.0
qrious,4.0.2,14,F,UNVERIFIED_PUBLISH_PATH|DORMANT|SINGLE_MAINTAINER|PUBLISHER_NOT_MAINTAINER,1,63773,v0.2.0
qrcode-svg,1.1.0,19,F,UNVERIFIED_PUBLISH_PATH|DORMANT|SINGLE_MAINTAINER,1,63721,v0.2.0
github-buttons,2.33.0,73,B,SINGLE_MAINTAINER,1,63694,v0.2.0
jquery.browser,0.1.0,19,F,UNVERIFIED_PUBLISH_PATH|DORMANT|SINGLE_MAINTAINER,1,63650,v0.2.0
'@opentok/client,2.34.2,35,D,UNVERIFIED_PUBLISH_PATH,4,63638,v0.2.0
bootswatch,5.3.8,39,D,UNVERIFIED_PUBLISH_PATH,2,63569,v0.2.0
'@fontsource-variable/noto-sans-jp,5.2.10,71,B,,2,63375,v0.2.0
react-modern-drawer,1.4.0,19,F,UNVERIFIED_PUBLISH_PATH|DORMANT|SINGLE_MAINTAINER,1,63289,v0.2.0
local-time,3.0.3,39,D,UNVERIFIED_PUBLISH_PATH,3,63263,v0.2.0
jspreadsheet-ce,5.0.4,25,F,UNVERIFIED_PUBLISH_PATH|SINGLE_MAINTAINER,1,63207,v0.2.0
'@antv/x6,3.1.7,40,D,UNVERIFIED_PUBLISH_PATH,18,63172,v0.2.0
'@fontsource/league-gothic,5.2.8,71,B,,2,63158,v0.2.0
'@algolia/autocomplete-plugin-query-suggestions,1.19.9,29,F,UNVERIFIED_PUBLISH_PATH|PUBLISHER_NOT_MAINTAINER,14,63137,v0.2.0
'@solid-primitives/storage,4.4.0,40,D,UNVERIFIED_PUBLISH_PATH,3,63112,v0.2.0
'@redocly/theme,0.67.0,30,F,UNVERIFIED_PUBLISH_PATH,6,63104,v0.2.0
'@progress/kendo-theme-material,14.3.0,80,B,SINGLE_MAINTAINER,1,63052,v0.2.0
'@nomicfoundation/hardhat-utils,4.1.4,68,C,,0,62825,v0.2.0
proxy-polyfill,0.3.2,28,F,UNVERIFIED_PUBLISH_PATH|DORMANT,2,62467,v0.2.0
material-design-lite,1.3.0,33,F,UNVERIFIED_PUBLISH_PATH|DORMANT,3,62432,v0.2.0
videojs-wavesurfer,3.10.0,19,F,UNVERIFIED_PUBLISH_PATH|DORMANT|SINGLE_MAINTAINER,1,62315,v0.2.0
ag-psd,31.0.2,25,F,UNVERIFIED_PUBLISH_PATH|SINGLE_MAINTAINER,1,62297,v0.2.0
echarts-gl,2.1.0,39,D,UNVERIFIED_PUBLISH_PATH,4,62286,v0.2.0
'@arco-design/web-react,2.66.16,39,D,UNVERIFIED_PUBLISH_PATH,11,62157,v0.2.0
'@tesseract.js-data/eng,1.0.0,19,F,UNVERIFIED_PUBLISH_PATH|DORMANT|SINGLE_MAINTAINER,1,62028,v0.2.0
material-icon-theme,5.36.1,31,F,UNVERIFIED_PUBLISH_PATH|SINGLE_MAINTAINER,1,61871,v0.2.0
wasm-imagemagick,1.2.8,19,F,UNVERIFIED_PUBLISH_PATH|DORMANT|SINGLE_MAINTAINER,1,61856,v0.2.0
'@sitecore/byoc,0.3.4,39,D,UNVERIFIED_PUBLISH_PATH,3,61782,v0.2.0
document-register-element,1.14.10,19,F,UNVERIFIED_PUBLISH_PATH|DORMANT|SINGLE_MAINTAINER|DEPRECATED,1,61765,v0.2.0
vue-apexcharts,1.7.0,33,F,UNVERIFIED_PUBLISH_PATH|DORMANT,2,61715,v0.2.0
asciinema-player,3.17.0,73,B,SINGLE_MAINTAINER,1,61704,v0.2.0
moment-parseformat,4.0.0,33,F,UNVERIFIED_PUBLISH_PATH|DORMANT,2,61648,v0.2.0
'@mlc-ai/web-llm,0.2.84,45,D,UNVERIFIED_PUBLISH_PATH,7,61284,v0.2.0
'@fluent/bundle,0.19.1,39,D,UNVERIFIED_PUBLISH_PATH,4,61252,v0.2.0
validatorjs,3.22.1,33,F,UNVERIFIED_PUBLISH_PATH|DORMANT,4,61168,v0.2.0
'@fontsource/sora,5.2.8,71,B,,2,61029,v0.2.0
altcha,3.2.1,79,B,SINGLE_MAINTAINER,1,60990,v0.2.0
'@fontsource/fira-code,5.2.7,71,B,,2,60657,v0.2.0
'@snowplow/browser-plugin-ga-cookies,4.8.4,39,D,UNVERIFIED_PUBLISH_PATH,3,60646,v0.2.0
docsify,4.13.1,39,D,UNVERIFIED_PUBLISH_PATH|DORMANT,6,60640,v0.2.0
videojs-record,4.8.0,19,F,UNVERIFIED_PUBLISH_PATH|DORMANT|SINGLE_MAINTAINER,1,60500,v0.2.0
'@fontsource-variable/inter-tight,5.2.7,71,B,,2,60495,v0.2.0
'@tensorflow-models/face-detection,1.0.3,33,F,UNVERIFIED_PUBLISH_PATH|DORMANT,8,60278,v0.2.0
'@brightcove/player-loader,1.8.1,35,D,UNVERIFIED_PUBLISH_PATH,80,60178,v0.2.0
'@11labs/client,0.2.0,34,F,UNVERIFIED_PUBLISH_PATH|DEPRECATED,4,60144,v0.2.0
'@fontsource-variable/ibm-plex-sans,5.2.8,71,B,,2,59976,v0.2.0
3d-tiles-renderer,0.5.0,39,D,UNVERIFIED_PUBLISH_PATH,2,59951,v0.2.0
'@marp-team/marpit-svg-polyfill,2.1.0,19,F,UNVERIFIED_PUBLISH_PATH|DORMANT|SINGLE_MAINTAINER,1,59923,v0.2.0
sniffr,1.4.0,25,F,UNVERIFIED_PUBLISH_PATH|SINGLE_MAINTAINER,1,59880,v0.2.0
backbone.marionette,4.1.3,33,F,UNVERIFIED_PUBLISH_PATH|DORMANT,7,59858,v0.2.0
satellite.js,7.0.1,39,D,UNVERIFIED_PUBLISH_PATH,3,59759,v0.2.0
'@fontsource-variable/bricolage-grotesque,5.2.10,71,B,,2,59622,v0.2.0
friendly-challenge,0.9.20,39,D,UNVERIFIED_PUBLISH_PATH,2,59493,v0.2.0
file-saver-es,2.0.5,19,F,UNVERIFIED_PUBLISH_PATH|DORMANT|SINGLE_MAINTAINER,1,59468,v0.2.0
boxicons,2.1.4,19,F,UNVERIFIED_PUBLISH_PATH|DORMANT|SINGLE_MAINTAINER,1,59401,v0.2.0
autonumeric,4.10.10,39,D,UNVERIFIED_PUBLISH_PATH,2,59241,v0.2.0
getstream,8.14.0,100,A,,8,59224,v0.2.0
'@dotlottie/dotlottie-js,1.7.0,82,B,,2,59187,v0.2.0
flot,4.2.6,33,F,UNVERIFIED_PUBLISH_PATH|DORMANT,3,59147,v0.2.0
amazon-ivs-web-broadcast,1.37.0,35,D,UNVERIFIED_PUBLISH_PATH,3,59072,v0.2.0
vue-clickaway,2.2.2,19,F,UNVERIFIED_PUBLISH_PATH|DORMANT|SINGLE_MAINTAINER,1,59054,v0.2.0
datatables.net-fixedheader,4.0.6,25,F,UNVERIFIED_PUBLISH_PATH|SINGLE_MAINTAINER,1,59052,v0.2.0
'@fontsource/source-sans-3,5.2.9,71,B,,2,58980,v0.2.0
vue3-toastify,0.2.9,25,F,UNVERIFIED_PUBLISH_PATH|SINGLE_MAINTAINER,1,58875,v0.2.0
gridjs,6.2.0,19,F,UNVERIFIED_PUBLISH_PATH|DORMANT|SINGLE_MAINTAINER,1,58792,v0.2.0
'@stomp/rx-stomp,2.4.0,39,D,UNVERIFIED_PUBLISH_PATH,2,58696,v0.2.0
'@ui5/webcomponents-fiori,2.24.0,87,A,,2,58689,v0.2.0
vue-infinite-loading,2.4.5,19,F,UNVERIFIED_PUBLISH_PATH|DORMANT|SINGLE_MAINTAINER,1,58525,v0.2.0
'@microsoft/signalr-protocol-msgpack,10.0.0,47,D,UNVERIFIED_PUBLISH_PATH,6,58507,v0.2.0
flexlayout-react,0.10.0,25,F,UNVERIFIED_PUBLISH_PATH|SINGLE_MAINTAINER,1,58335,v0.2.0
tablesorter,2.32.0,25,F,UNVERIFIED_PUBLISH_PATH|DORMANT|SINGLE_MAINTAINER,1,58296,v0.2.0
ahoy.js,0.4.5,25,F,UNVERIFIED_PUBLISH_PATH|SINGLE_MAINTAINER,1,58282,v0.2.0
abcjs,6.6.4,31,F,UNVERIFIED_PUBLISH_PATH|SINGLE_MAINTAINER,1,58242,v0.2.0
reveal.js,6.0.1,25,F,UNVERIFIED_PUBLISH_PATH|SINGLE_MAINTAINER,1,58023,v0.2.0
'@editorjs/quote,2.7.6,14,F,UNVERIFIED_PUBLISH_PATH|DORMANT|SINGLE_MAINTAINER,1,57978,v0.2.0
moveable,0.53.0,19,F,UNVERIFIED_PUBLISH_PATH|DORMANT|SINGLE_MAINTAINER,1,57967,v0.2.0
json-joy,18.28.0,20,F,UNVERIFIED_PUBLISH_PATH|SINGLE_MAINTAINER,1,57816,v0.2.0
xe-utils,4.0.11,25,F,UNVERIFIED_PUBLISH_PATH|SINGLE_MAINTAINER,1,57792,v0.2.0
jszip-utils,0.1.0,33,F,UNVERIFIED_PUBLISH_PATH|DORMANT,2,57777,v0.2.0
admin-lte,4.1.0,45,D,UNVERIFIED_PUBLISH_PATH,3,57663,v0.2.0
picmo,5.8.5,19,F,UNVERIFIED_PUBLISH_PATH|DORMANT|SINGLE_MAINTAINER|DEPRECATED,1,57635,v0.2.0
'@shopify/app-bridge,3.7.11,39,D,UNVERIFIED_PUBLISH_PATH,6,57559,v0.2.0
vanilla-lazyload,19.1.3,19,F,UNVERIFIED_PUBLISH_PATH|DORMANT|SINGLE_MAINTAINER,1,57433,v0.2.0
'@editorjs/code,2.9.4,20,F,UNVERIFIED_PUBLISH_PATH|SINGLE_MAINTAINER,1,57420,v0.2.0
astronomy-engine,2.1.19,19,F,UNVERIFIED_PUBLISH_PATH|DORMANT|SINGLE_MAINTAINER,1,57391,v0.2.0
'@fontsource-variable/lora,5.2.8,71,B,,2,57244,v0.2.0
'@thoughtspot/visual-embed-sdk,1.50.1,84,B,INCONSISTENT_PUBLISH_PATH,13,57154,v0.2.0
office-ui-fabric-react,7.204.1,47,D,UNVERIFIED_PUBLISH_PATH,5,57104,v0.2.0
pptx-preview,1.0.7,21,F,UNVERIFIED_PUBLISH_PATH|SINGLE_MAINTAINER,1,56906,v0.2.0
'@editorjs/embed,2.8.0,20,F,UNVERIFIED_PUBLISH_PATH|SINGLE_MAINTAINER,1,56770,v0.2.0
'@jaames/iro,5.5.2,19,F,UNVERIFIED_PUBLISH_PATH|DORMANT|SINGLE_MAINTAINER,1,56763,v0.2.0
echarts-wordcloud,2.1.0,33,F,UNVERIFIED_PUBLISH_PATH|DORMANT,4,56635,v0.2.0
'@hebcal/core,6.7.0,63,C,INCONSISTENT_PUBLISH_PATH|SINGLE_MAINTAINER,1,56495,v0.2.0
country-list-with-dial-code-and-flag,5.1.1,25,F,UNVERIFIED_PUBLISH_PATH|SINGLE_MAINTAINER,1,56296,v0.2.0
jsvectormap,1.7.0,25,F,UNVERIFIED_PUBLISH_PATH|SINGLE_MAINTAINER,1,56115,v0.2.0
superdoc,1.45.0,47,D,UNVERIFIED_PUBLISH_PATH,3,56056,v0.2.0
vue2-dropzone,3.6.0,33,F,UNVERIFIED_PUBLISH_PATH|DORMANT,2,56051,v0.2.0
'@openui5/sap.ui.core,1.150.0,34,F,UNVERIFIED_PUBLISH_PATH|BRANCH_REQUIRES_PR,2,55940,v0.2.0
angular-touch,1.8.3,25,F,UNVERIFIED_PUBLISH_PATH|DORMANT|SINGLE_MAINTAINER|DEPRECATED,1,55845,v0.2.0
chosen-js,1.8.7,19,F,UNVERIFIED_PUBLISH_PATH|DORMANT|SINGLE_MAINTAINER|BRANCH_REQUIRES_PR,1,55733,v0.2.0
'@vue-flow/node-resizer,1.5.1,27,F,UNVERIFIED_PUBLISH_PATH|SINGLE_MAINTAINER,1,55680,v0.2.0
'@fontsource/fira-mono,5.2.7,71,B,,2,55641,v0.2.0
ress,5.0.2,19,F,UNVERIFIED_PUBLISH_PATH|DORMANT|SINGLE_MAINTAINER,1,55639,v0.2.0
gif.js,0.2.0,19,F,UNVERIFIED_PUBLISH_PATH|DORMANT|SINGLE_MAINTAINER,1,55566,v0.2.0
windmill-client,1.760.1,32,F,UNVERIFIED_PUBLISH_PATH|SINGLE_MAINTAINER,1,55441,v0.2.0
'@fluentui/svg-icons,1.1.333,52,C,UNVERIFIED_PUBLISH_PATH,10,55235,v0.2.0
baseui,18.2.0,74,B,SINGLE_MAINTAINER,1,54790,v0.2.0
spectrum-colorpicker,1.8.1,15,F,UNVERIFIED_PUBLISH_PATH|DORMANT|SINGLE_MAINTAINER,1,54742,v0.2.0
vue-lazyload,3.0.0,33,F,UNVERIFIED_PUBLISH_PATH|DORMANT,2,54600,v0.2.0
'@iconify-json/fluent,1.2.53,21,F,UNVERIFIED_PUBLISH_PATH|SINGLE_MAINTAINER,1,54054,v0.2.0
insert-text-at-cursor,0.3.0,19,F,UNVERIFIED_PUBLISH_PATH|DORMANT|SINGLE_MAINTAINER,1,53974,v0.2.0
'@fullcalendar/bootstrap,6.1.21,20,F,UNVERIFIED_PUBLISH_PATH|SINGLE_MAINTAINER,1,53963,v0.2.0
'@redocly/realm-asyncapi-sdk,0.13.0,30,F,UNVERIFIED_PUBLISH_PATH,6,53880,v0.2.0
'@fontsource/lora,5.2.8,71,B,,2,53868,v0.2.0
'@expo-google-fonts/playfair-display,0.4.2,39,D,UNVERIFIED_PUBLISH_PATH,4,53814,v0.2.0
split-type,0.3.4,19,F,UNVERIFIED_PUBLISH_PATH|DORMANT|SINGLE_MAINTAINER,1,53616,v0.2.0
leaflet-geosearch,4.4.0,73,B,SINGLE_MAINTAINER,1,53404,v0.2.0
'@picmo/popup-picker,5.8.5,19,F,UNVERIFIED_PUBLISH_PATH|DORMANT|SINGLE_MAINTAINER|DEPRECATED,1,53403,v0.2.0
pixi.js-legacy,7.4.3,32,F,UNVERIFIED_PUBLISH_PATH|SINGLE_MAINTAINER,1,53063,v0.2.0
retell-client-js-sdk,2.0.8,35,D,UNVERIFIED_PUBLISH_PATH,3,53015,v0.2.0
deepdash,5.3.9,19,F,UNVERIFIED_PUBLISH_PATH|DORMANT|SINGLE_MAINTAINER,1,52954,v0.2.0
'@pipecat-ai/client-js,1.13.0,77,B,INCONSISTENT_PUBLISH_PATH,7,52951,v0.2.0
'@fontsource-variable/open-sans,5.2.7,71,B,,2,52789,v0.2.0
values.js,2.1.1,19,F,UNVERIFIED_PUBLISH_PATH|DORMANT|SINGLE_MAINTAINER,1,52781,v0.2.0
'@fontsource/merriweather,5.2.11,71,B,,2,52764,v0.2.0
'@snowplow/browser-plugin-client-hints,4.8.4,39,D,UNVERIFIED_PUBLISH_PATH,3,52398,v0.2.0
cookieconsent,3.1.1,33,F,UNVERIFIED_PUBLISH_PATH|DORMANT,4,52377,v0.2.0
cleave-zen,0.0.17,19,F,UNVERIFIED_PUBLISH_PATH|DORMANT|SINGLE_MAINTAINER,1,52315,v0.2.0
grapesjs-preset-webpage,1.0.3,19,F,UNVERIFIED_PUBLISH_PATH|DORMANT|SINGLE_MAINTAINER,1,52271,v0.2.0
mobx-persist-store,1.1.8,25,F,UNVERIFIED_PUBLISH_PATH|SINGLE_MAINTAINER,1,52262,v0.2.0
'@tsparticles/shape-text,4.3.2,69,C,INCONSISTENT_PUBLISH_PATH|SINGLE_MAINTAINER,1,52230,v0.2.0
'@github/combobox-nav,3.0.2,94,A,,20,52156,v0.2.0
'@alpinejs/intersect,3.15.12,63,C,INCONSISTENT_PUBLISH_PATH|SINGLE_MAINTAINER,1,52082,v0.2.0
'@fontsource-variable/playfair-display,5.2.8,71,B,,2,52061,v0.2.0
fhirclient,2.6.3,39,D,UNVERIFIED_PUBLISH_PATH,2,52056,v0.2.0
'@fontsource/work-sans,5.2.8,71,B,,2,52052,v0.2.0
mediainfo.js,0.3.7,20,F,UNVERIFIED_PUBLISH_PATH|SINGLE_MAINTAINER,1,52010,v0.2.0
jquery.growl,1.3.5,14,F,UNVERIFIED_PUBLISH_PATH|DORMANT|SINGLE_MAINTAINER,1,51991,v0.2.0
awesomplete,1.1.7,19,F,UNVERIFIED_PUBLISH_PATH|DORMANT|SINGLE_MAINTAINER,1,51974,v0.2.0
diff-dom,5.2.1,25,F,UNVERIFIED_PUBLISH_PATH|SINGLE_MAINTAINER,1,51856,v0.2.0
'@syncfusion/ej2-treegrid,34.1.31,39,D,UNVERIFIED_PUBLISH_PATH,3,51817,v0.2.0
datatables.net-buttons-dt,3.2.6,25,F,UNVERIFIED_PUBLISH_PATH|SINGLE_MAINTAINER,1,51766,v0.2.0
owl.carousel,2.3.4,33,F,UNVERIFIED_PUBLISH_PATH|DORMANT,2,51631,v0.2.0
dat.gui,0.7.9,33,F,UNVERIFIED_PUBLISH_PATH|DORMANT,3,51500,v0.2.0
'@vueform/slider,2.1.10,19,F,UNVERIFIED_PUBLISH_PATH|DORMANT|SINGLE_MAINTAINER,1,51322,v0.2.0
navigator.locks,0.8.8,25,F,UNVERIFIED_PUBLISH_PATH|SINGLE_MAINTAINER,1,51214,v0.2.0
string.prototype.startswith,1.0.1,33,F,UNVERIFIED_PUBLISH_PATH|DORMANT,2,51151,v0.2.0
sha-1,1.0.0,19,F,UNVERIFIED_PUBLISH_PATH|DORMANT|SINGLE_MAINTAINER,1,50740,v0.2.0
'@tsparticles/plugin-absorbers,4.3.2,69,C,INCONSISTENT_PUBLISH_PATH|SINGLE_MAINTAINER,1,50625,v0.2.0
lscache,1.3.2,19,F,UNVERIFIED_PUBLISH_PATH|DORMANT|SINGLE_MAINTAINER,1,50559,v0.2.0
'@joint/core,4.3.0,45,D,UNVERIFIED_PUBLISH_PATH,2,50469,v0.2.0
'@polar-sh/checkout,0.4.0,85,A,INCONSISTENT_PUBLISH_PATH,5,50288,v0.2.0
v-mask,2.3.0,19,F,UNVERIFIED_PUBLISH_PATH|DORMANT|SINGLE_MAINTAINER,1,50281,v0.2.0
'@alpinejs/persist,3.15.12,63,C,INCONSISTENT_PUBLISH_PATH|SINGLE_MAINTAINER,1,50180,v0.2.0
jquery-ui-touch-punch,0.2.3,14,F,UNVERIFIED_PUBLISH_PATH|DORMANT|SINGLE_MAINTAINER,1,50104,v0.2.0
office-ui-fabric-core,11.1.0,33,F,UNVERIFIED_PUBLISH_PATH|DORMANT,2,49992,v0.2.0
text-security,3.2.1,19,F,UNVERIFIED_PUBLISH_PATH|DORMANT|SINGLE_MAINTAINER,1,49957,v0.2.0
microcms-js-sdk,3.4.0,87,A,,4,49792,v0.2.0
'@aws/amazon-location-utilities-auth-helper,1.3.3,94,A,,4,49787,v0.2.0
'@wordpress/block-library,10.2.0,52,C,UNVERIFIED_PUBLISH_PATH,24,49694,v0.2.0
odometer,0.4.8,29,F,UNVERIFIED_PUBLISH_PATH|DORMANT,10,49262,v0.2.0
'@alpinejs/mask,3.15.12,63,C,INCONSISTENT_PUBLISH_PATH|SINGLE_MAINTAINER,1,49178,v0.2.0
'@tonconnect/ui,3.0.0,41,D,UNVERIFIED_PUBLISH_PATH,2,49164,v0.2.0
micromodal,0.7.0,34,F,UNVERIFIED_PUBLISH_PATH,2,49135,v0.2.0
highlightjs,9.16.2,29,F,UNVERIFIED_PUBLISH_PATH|DORMANT|DEPRECATED,5,49123,v0.2.0
'@iconify-json/solar,1.2.5,21,F,UNVERIFIED_PUBLISH_PATH|SINGLE_MAINTAINER,1,49116,v0.2.0
'@wix/error-handler-types,1.20.0,30,F,UNVERIFIED_PUBLISH_PATH,13,49106,v0.2.0
'@mediapipe/selfie_segmentation,0.1.1675465747,24,F,UNVERIFIED_PUBLISH_PATH|DORMANT,8,49083,v0.2.0
'@material-design-icons/svg,0.14.15,25,F,UNVERIFIED_PUBLISH_PATH|SINGLE_MAINTAINER,1,49053,v0.2.0
vue-js-modal,2.0.1,19,F,UNVERIFIED_PUBLISH_PATH|DORMANT|SINGLE_MAINTAINER,1,49013,v0.2.0
balance-text,3.3.1,33,F,UNVERIFIED_PUBLISH_PATH|DORMANT,2,48967,v0.2.0
'@rapideditor/country-coder,5.6.1,34,F,UNVERIFIED_PUBLISH_PATH,4,48945,v0.2.0
'@phosphor-icons/web,2.1.2,20,F,UNVERIFIED_PUBLISH_PATH|SINGLE_MAINTAINER,1,48861,v0.2.0
'@open-wc/lit-helpers,0.7.0,33,F,UNVERIFIED_PUBLISH_PATH|DORMANT,4,48813,v0.2.0
jquery-serializejson,3.2.1,19,F,UNVERIFIED_PUBLISH_PATH|DORMANT|SINGLE_MAINTAINER,1,48649,v0.2.0
'@fontsource/nunito-sans,5.2.7,71,B,,2,48643,v0.2.0
'@egjs/imready,1.4.2,39,D,UNVERIFIED_PUBLISH_PATH,12,48634,v0.2.0
select2-bootstrap-theme,0.1.0-beta.10,19,F,UNVERIFIED_PUBLISH_PATH|DORMANT|SINGLE_MAINTAINER,1,48368,v0.2.0
graphics-debug,0.0.96,21,F,UNVERIFIED_PUBLISH_PATH|SINGLE_MAINTAINER,1,48365,v0.2.0
statsig-js,5.1.0,28,F,UNVERIFIED_PUBLISH_PATH|DORMANT|PUBLISHER_NOT_MAINTAINER|DEPRECATED,2,48356,v0.2.0
editorjs-undo,2.0.28,39,D,UNVERIFIED_PUBLISH_PATH|DORMANT,2,48307,v0.2.0
'@khmyznikov/pwa-install,0.6.4,25,F,UNVERIFIED_PUBLISH_PATH|SINGLE_MAINTAINER,1,48254,v0.2.0
bootstrap-switch,3.4.0,14,F,UNVERIFIED_PUBLISH_PATH|DORMANT|SINGLE_MAINTAINER,1,48090,v0.2.0
idiomorph,0.7.4,39,D,UNVERIFIED_PUBLISH_PATH,2,48051,v0.2.0
tsparticles-engine,2.12.0,39,D,UNVERIFIED_PUBLISH_PATH|DORMANT|DEPRECATED,2,48037,v0.2.0
'@cf-wasm/photon,0.3.7,75,B,SINGLE_MAINTAINER,1,47997,v0.2.0
es6-promise-polyfill,1.2.0,19,F,UNVERIFIED_PUBLISH_PATH|DORMANT|SINGLE_MAINTAINER,1,47892,v0.2.0
'@tailwindplus/elements,1.0.22,25,F,UNVERIFIED_PUBLISH_PATH|PUBLISHER_NOT_MAINTAINER,3,47712,v0.2.0
pspdfkit,2024.8.2,35,D,UNVERIFIED_PUBLISH_PATH|DEPRECATED,4,47634,v0.2.0
hyperlist,1.0.0,33,F,UNVERIFIED_PUBLISH_PATH|DORMANT,2,47604,v0.2.0
'@tabler/icons-react-native,3.44.0,20,F,UNVERIFIED_PUBLISH_PATH|SINGLE_MAINTAINER,1,47524,v0.2.0
'@syncfusion/ej2-pdfviewer,34.1.31,39,D,UNVERIFIED_PUBLISH_PATH,3,47515,v0.2.0
glightbox,3.3.1,19,F,UNVERIFIED_PUBLISH_PATH|DORMANT|SINGLE_MAINTAINER,1,47492,v0.2.0
'@fontsource-variable/noto-sans-sc,5.2.10,71,B,,2,47419,v0.2.0
emoji-datasource-google,16.0.0,25,F,UNVERIFIED_PUBLISH_PATH|SINGLE_MAINTAINER,1,47295,v0.2.0
'@fontsource/figtree,5.2.10,71,B,,2,47256,v0.2.0
tempusdominus-bootstrap-4,5.39.2,33,F,UNVERIFIED_PUBLISH_PATH|DORMANT,2,47160,v0.2.0
selectize,0.12.6,39,D,UNVERIFIED_PUBLISH_PATH|DORMANT,2,47068,v0.2.0
bootbox,6.0.4,39,D,UNVERIFIED_PUBLISH_PATH,3,47017,v0.2.0
echarts-stat,1.2.0,33,F,UNVERIFIED_PUBLISH_PATH|DORMANT,2,46887,v0.2.0
'@imagemagick/magick-wasm,0.0.41,73,B,SINGLE_MAINTAINER,1,46721,v0.2.0
terra-draw-google-maps-adapter,1.6.1,63,C,INCONSISTENT_PUBLISH_PATH|SINGLE_MAINTAINER,1,46529,v0.2.0
'@fxts/core,1.26.0,46,D,UNVERIFIED_PUBLISH_PATH,2,46414,v0.2.0
'@fontsource/barlow-condensed,5.2.8,71,B,,2,46304,v0.2.0
keymaster,1.6.2,28,F,UNVERIFIED_PUBLISH_PATH|DORMANT,2,46290,v0.2.0
highlightjs-line-numbers.js,2.9.1,25,F,UNVERIFIED_PUBLISH_PATH|SINGLE_MAINTAINER,1,46264,v0.2.0
object-assign-polyfill,0.1.0,19,F,UNVERIFIED_PUBLISH_PATH|DORMANT|SINGLE_MAINTAINER,1,46243,v0.2.0
'@ungap/custom-elements,1.3.0,19,F,UNVERIFIED_PUBLISH_PATH|DORMANT|SINGLE_MAINTAINER,1,46123,v0.2.0
'@editorjs/inline-code,1.5.2,20,F,UNVERIFIED_PUBLISH_PATH|SINGLE_MAINTAINER,1,46122,v0.2.0
vue3-emoji-picker,1.1.8,33,F,UNVERIFIED_PUBLISH_PATH|DORMANT,2,45760,v0.2.0
'@primer/css,22.3.0,80,B,SINGLE_MAINTAINER,1,45709,v0.2.0
dmn-js,17.9.0,39,D,UNVERIFIED_PUBLISH_PATH,12,45689,v0.2.0
leaflet.gridlayer.googlemutant,0.16.0,21,F,UNVERIFIED_PUBLISH_PATH|SINGLE_MAINTAINER,1,45614,v0.2.0
'@editorjs/checklist,1.6.0,14,F,UNVERIFIED_PUBLISH_PATH|DORMANT|SINGLE_MAINTAINER,1,45577,v0.2.0
'@fontsource/noto-sans-kr,5.2.9,71,B,,2,45507,v0.2.0
'@zoom/meetingsdk,6.2.0,39,D,UNVERIFIED_PUBLISH_PATH,5,45399,v0.2.0
luxon-business-days,3.0.1,19,F,UNVERIFIED_PUBLISH_PATH|DORMANT|SINGLE_MAINTAINER,1,45328,v0.2.0
frappe-charts,1.6.2,33,F,UNVERIFIED_PUBLISH_PATH|DORMANT,6,45207,v0.2.0
stompjs,2.3.3,14,F,UNVERIFIED_PUBLISH_PATH|DORMANT|SINGLE_MAINTAINER,1,45204,v0.2.0
idle-js,1.2.0,33,F,UNVERIFIED_PUBLISH_PATH|DORMANT,3,45191,v0.2.0
'@pixi/filter-motion-blur,5.1.1,33,F,UNVERIFIED_PUBLISH_PATH|DORMANT,2,45183,v0.2.0
gun,0.2020.1241,26,F,UNVERIFIED_PUBLISH_PATH|SINGLE_MAINTAINER,1,45111,v0.2.0
browser-update,3.3.63,25,F,UNVERIFIED_PUBLISH_PATH|SINGLE_MAINTAINER,1,45100,v0.2.0
ion-rangeslider,2.3.1,19,F,UNVERIFIED_PUBLISH_PATH|DORMANT|SINGLE_MAINTAINER,1,44921,v0.2.0
'@fontsource-variable/nunito,5.2.7,71,B,,2,44918,v0.2.0
xterm-addon-web-links,0.9.0,19,F,UNVERIFIED_PUBLISH_PATH|DORMANT|SINGLE_MAINTAINER|DEPRECATED,1,44912,v0.2.0
'@redocly/realm,0.135.0,30,F,UNVERIFIED_PUBLISH_PATH,6,44806,v0.2.0
'@fontsource/archivo,5.2.8,71,B,,2,44778,v0.2.0
list.js,2.3.1,19,F,UNVERIFIED_PUBLISH_PATH|DORMANT|SINGLE_MAINTAINER,1,44772,v0.2.0
'@mdi/svg,7.4.47,33,F,UNVERIFIED_PUBLISH_PATH|DORMANT,6,44706,v0.2.0
'@expo-google-fonts/roboto,0.4.3,39,D,UNVERIFIED_PUBLISH_PATH,4,44687,v0.2.0
pinyin,4.0.0,25,F,UNVERIFIED_PUBLISH_PATH|SINGLE_MAINTAINER,1,44649,v0.2.0
'@fontsource-variable/newsreader,5.2.10,71,B,,2,44560,v0.2.0
angular-material,1.2.5,20,F,UNVERIFIED_PUBLISH_PATH|DORMANT|SINGLE_MAINTAINER|DEPRECATED,1,44451,v0.2.0
billboard.js,4.0.3,25,F,UNVERIFIED_PUBLISH_PATH|SINGLE_MAINTAINER,1,44345,v0.2.0
angular-moment,1.3.0,19,F,UNVERIFIED_PUBLISH_PATH|DORMANT|SINGLE_MAINTAINER,1,44337,v0.2.0
'@airbrake/browser,2.1.9,20,F,UNVERIFIED_PUBLISH_PATH|SINGLE_MAINTAINER,1,44229,v0.2.0
suneditor,3.2.2,69,C,INCONSISTENT_PUBLISH_PATH|SINGLE_MAINTAINER,1,44215,v0.2.0
'@fontsource/hanken-grotesk,5.2.8,71,B,,2,44157,v0.2.0
'@wangeditor/editor,5.1.23,19,F,UNVERIFIED_PUBLISH_PATH|DORMANT|SINGLE_MAINTAINER,1,44102,v0.2.0
rapidoc,9.3.8,19,F,UNVERIFIED_PUBLISH_PATH|DORMANT|SINGLE_MAINTAINER,1,44100,v0.2.0
'@fontsource-variable/instrument-sans,5.2.8,71,B,,2,43758,v0.2.0
'@maptiler/sdk,4.0.2,39,D,UNVERIFIED_PUBLISH_PATH,11,43616,v0.2.0
commons-validator-js,1.0.1669,34,F,UNVERIFIED_PUBLISH_PATH|PUBLISHER_NOT_MAINTAINER,6,43582,v0.2.0
native-base,3.4.28,28,F,UNVERIFIED_PUBLISH_PATH|DORMANT|PUBLISHER_NOT_MAINTAINER|DEPRECATED,12,43568,v0.2.0
datejs,1.0.0-rc3,19,F,UNVERIFIED_PUBLISH_PATH|DORMANT|SINGLE_MAINTAINER,1,43496,v0.2.0
manifold-3d,3.5.1,77,B,INCONSISTENT_PUBLISH_PATH,2,43484,v0.2.0
function.name-polyfill,1.0.6,19,F,UNVERIFIED_PUBLISH_PATH|DORMANT|SINGLE_MAINTAINER,1,43435,v0.2.0
'@syncfusion/ej2-schedule,34.1.29,39,D,UNVERIFIED_PUBLISH_PATH,3,43388,v0.2.0
'@swup/plugin,4.0.0,33,F,UNVERIFIED_PUBLISH_PATH|DORMANT,3,43379,v0.2.0
simple-line-icons,2.5.5,19,F,UNVERIFIED_PUBLISH_PATH|DORMANT|SINGLE_MAINTAINER,1,43318,v0.2.0
'@tabler/icons-webfont,3.44.0,20,F,UNVERIFIED_PUBLISH_PATH|SINGLE_MAINTAINER,1,43263,v0.2.0
azure-maps-control,3.7.4,21,F,UNVERIFIED_PUBLISH_PATH|SINGLE_MAINTAINER,1,43176,v0.2.0
react-testing-library,8.0.1,10,F,UNVERIFIED_PUBLISH_PATH|DORMANT|SINGLE_MAINTAINER|DEPRECATED,1,43117,v0.2.0
signalr,2.4.3,34,F,UNVERIFIED_PUBLISH_PATH|DORMANT,4,43079,v0.2.0
tailwindcss-stimulus-components,6.1.4,25,F,UNVERIFIED_PUBLISH_PATH|SINGLE_MAINTAINER,1,42984,v0.2.0
'@wix/wix-ui-icons-common,3.180.0,30,F,UNVERIFIED_PUBLISH_PATH,13,42664,v0.2.0
altair-static,8.5.7,68,C,SINGLE_MAINTAINER,1,42542,v0.2.0
clipper-lib,6.4.2,19,F,UNVERIFIED_PUBLISH_PATH|DORMANT|SINGLE_MAINTAINER,1,42537,v0.2.0
capacitor-plugin-app-tracking-transparency,3.0.0,25,F,UNVERIFIED_PUBLISH_PATH|SINGLE_MAINTAINER,1,42535,v0.2.0
'@webcomponents/scoped-custom-element-registry,0.0.10,52,C,UNVERIFIED_PUBLISH_PATH,6,42499,v0.2.0
resumablejs,1.1.0,14,F,UNVERIFIED_PUBLISH_PATH|DORMANT|SINGLE_MAINTAINER|PUBLISHER_NOT_MAINTAINER,1,42405,v0.2.0
'@tarekraafat/autocomplete.js,10.2.10,25,F,UNVERIFIED_PUBLISH_PATH|SINGLE_MAINTAINER,1,42328,v0.2.0
'@fontsource/bebas-neue,5.2.7,71,B,,2,42314,v0.2.0
'@tsparticles/plugin-emitters-shape-square,4.3.2,69,C,INCONSISTENT_PUBLISH_PATH|SINGLE_MAINTAINER,1,42306,v0.2.0
'@tsparticles/updater-destroy,4.3.2,69,C,INCONSISTENT_PUBLISH_PATH|SINGLE_MAINTAINER,1,42291,v0.2.0
'@iconify/iconify,3.1.1,14,F,UNVERIFIED_PUBLISH_PATH|DORMANT|SINGLE_MAINTAINER|DEPRECATED,1,42281,v0.2.0
leaflet-rotatedmarker,0.2.0,19,F,UNVERIFIED_PUBLISH_PATH|DORMANT|SINGLE_MAINTAINER,1,42265,v0.2.0
imagetracerjs,1.2.6,19,F,UNVERIFIED_PUBLISH_PATH|DORMANT|SINGLE_MAINTAINER,1,42217,v0.2.0
angular-ui-grid,4.12.7,34,F,UNVERIFIED_PUBLISH_PATH|DORMANT,6,42029,v0.2.0
carbon-components,10.58.15,46,D,UNVERIFIED_PUBLISH_PATH|DORMANT|DEPRECATED,6,42012,v0.2.0
matchmedia-polyfill,0.3.2,33,F,UNVERIFIED_PUBLISH_PATH|DORMANT,2,41916,v0.2.0
nvd3,1.8.6,19,F,UNVERIFIED_PUBLISH_PATH|DORMANT|SINGLE_MAINTAINER,1,41880,v0.2.0
universal-router,10.0.3,39,D,UNVERIFIED_PUBLISH_PATH,2,41870,v0.2.0
topojson-simplify,3.0.3,19,F,UNVERIFIED_PUBLISH_PATH|DORMANT|SINGLE_MAINTAINER,1,41844,v0.2.0
vue-instantsearch,4.27.1,39,D,UNVERIFIED_PUBLISH_PATH,6,41822,v0.2.0
fitty,2.4.2,33,F,UNVERIFIED_PUBLISH_PATH|DORMANT,2,41793,v0.2.0
'@fontsource-variable/archivo,5.2.8,71,B,,2,41743,v0.2.0
markmap-view,0.18.12,25,F,UNVERIFIED_PUBLISH_PATH|SINGLE_MAINTAINER,1,41688,v0.2.0
'@sgratzl/chartjs-chart-boxplot,4.4.5,25,F,UNVERIFIED_PUBLISH_PATH|SINGLE_MAINTAINER,1,41642,v0.2.0
'@iabtechlabtcf/core,1.5.21,34,F,UNVERIFIED_PUBLISH_PATH,2,41449,v0.2.0
'@iconify-json/fa6-solid,1.2.4,21,F,UNVERIFIED_PUBLISH_PATH|SINGLE_MAINTAINER,1,41434,v0.2.0
'@fontsource/newsreader,5.2.10,71,B,,2,41369,v0.2.0
vue3-touch-events,5.0.15,20,F,UNVERIFIED_PUBLISH_PATH|SINGLE_MAINTAINER,1,41318,v0.2.0
esri-leaflet,3.0.19,39,D,UNVERIFIED_PUBLISH_PATH,6,41311,v0.2.0
'@coreui/coreui-pro,5.26.0,31,F,UNVERIFIED_PUBLISH_PATH|SINGLE_MAINTAINER,1,41306,v0.2.0
'@fontsource/mulish,5.2.8,71,B,,2,41301,v0.2.0
'@tabler/core,1.4.0,26,F,UNVERIFIED_PUBLISH_PATH|SINGLE_MAINTAINER,1,41295,v0.2.0
'@tsparticles/interaction-external-trail,4.3.2,69,C,INCONSISTENT_PUBLISH_PATH|SINGLE_MAINTAINER,1,41272,v0.2.0
'@joeattardi/emoji-button,4.6.4,19,F,UNVERIFIED_PUBLISH_PATH|DORMANT|SINGLE_MAINTAINER|DEPRECATED,1,41234,v0.2.0
chartjs-chart-funnel,4.2.5,25,F,UNVERIFIED_PUBLISH_PATH|SINGLE_MAINTAINER,1,41209,v0.2.0
react-range-slider-input,3.3.5,25,F,UNVERIFIED_PUBLISH_PATH|SINGLE_MAINTAINER,1,41096,v0.2.0
'@tsparticles/plugin-emitters-shape-circle,4.3.2,69,C,INCONSISTENT_PUBLISH_PATH|SINGLE_MAINTAINER,1,41066,v0.2.0
'@tsparticles/updater-twinkle,4.3.2,69,C,INCONSISTENT_PUBLISH_PATH|SINGLE_MAINTAINER,1,41054,v0.2.0
'@iframe-resizer/child,5.5.9,31,F,UNVERIFIED_PUBLISH_PATH|SINGLE_MAINTAINER,1,41041,v0.2.0
mobile-drag-drop,3.0.0-rc.0,19,F,UNVERIFIED_PUBLISH_PATH|DORMANT|SINGLE_MAINTAINER,1,40994,v0.2.0
vue-toast-notification,3.1.3,19,F,UNVERIFIED_PUBLISH_PATH|DORMANT|SINGLE_MAINTAINER,1,40977,v0.2.0
simplemde,1.11.2,14,F,UNVERIFIED_PUBLISH_PATH|DORMANT,0,40955,v0.2.0
markmap-lib,0.18.12,25,F,UNVERIFIED_PUBLISH_PATH|SINGLE_MAINTAINER,1,40892,v0.2.0
'@salesforce-ux/design-system,2.30.7,16,F,UNVERIFIED_PUBLISH_PATH|SINGLE_MAINTAINER,1,40784,v0.2.0
grapesjs-blocks-basic,1.0.2,19,F,UNVERIFIED_PUBLISH_PATH|DORMANT|SINGLE_MAINTAINER,1,40758,v0.2.0
'@iframe-resizer/parent,5.5.9,31,F,UNVERIFIED_PUBLISH_PATH|SINGLE_MAINTAINER,1,40754,v0.2.0
scroll-lock,2.1.5,19,F,UNVERIFIED_PUBLISH_PATH|DORMANT|SINGLE_MAINTAINER|DEPRECATED,1,40741,v0.2.0
'@progress/kendo-theme-bootstrap,14.3.0,80,B,SINGLE_MAINTAINER,1,40738,v0.2.0
'@ericblade/quagga2,1.12.1,25,F,UNVERIFIED_PUBLISH_PATH|SINGLE_MAINTAINER,1,40688,v0.2.0
'@mediapipe/face_mesh,0.4.1633559619,24,F,UNVERIFIED_PUBLISH_PATH|DORMANT,8,40539,v0.2.0
'@uswds/uswds,3.13.0,47,D,UNVERIFIED_PUBLISH_PATH|PUBLISHER_NOT_MAINTAINER|BRANCH_REQUIRES_PR,6,40528,v0.2.0
'@walletconnect/client,1.8.0,28,F,UNVERIFIED_PUBLISH_PATH|DORMANT|PUBLISHER_NOT_MAINTAINER|DEPRECATED,2,40460,v0.2.0
chartjs-chart-sankey,0.15.0,73,B,SINGLE_MAINTAINER,1,40451,v0.2.0
'@worldcoin/idkit-core,4.2.1,94,A,,3,40407,v0.2.0
'@fontsource/caveat,5.2.8,71,B,,2,40406,v0.2.0
timepicker,1.14.1,19,F,UNVERIFIED_PUBLISH_PATH|DORMANT|SINGLE_MAINTAINER,1,40399,v0.2.0
configcat-js,9.6.1,84,B,BRANCH_REQUIRES_PR,4,40392,v0.2.0
bs-custom-file-input,1.3.4,19,F,UNVERIFIED_PUBLISH_PATH|DORMANT|SINGLE_MAINTAINER,1,40379,v0.2.0
isotope-layout,3.0.6,19,F,UNVERIFIED_PUBLISH_PATH|DORMANT|SINGLE_MAINTAINER,1,40333,v0.2.0
'@googlemaps/markerclustererplus,1.2.10,46,D,UNVERIFIED_PUBLISH_PATH|DORMANT|DEPRECATED,6,40298,v0.2.0
cookiejs,2.1.4,73,B,SINGLE_MAINTAINER,1,40239,v0.2.0
preline,4.2.0,25,F,UNVERIFIED_PUBLISH_PATH|SINGLE_MAINTAINER,1,40167,v0.2.0
angular-file-upload,2.6.1,14,F,UNVERIFIED_PUBLISH_PATH|DORMANT|SINGLE_MAINTAINER|PUBLISHER_NOT_MAINTAINER,1,40063,v0.2.0
'@lobehub/icons-static-svg,1.93.0,39,D,UNVERIFIED_PUBLISH_PATH,9,40062,v0.2.0
pretty-checkbox,3.0.3,19,F,UNVERIFIED_PUBLISH_PATH|DORMANT|SINGLE_MAINTAINER,1,40060,v0.2.0
'@fontsource/rubik,5.2.8,71,B,,2,40054,v0.2.0
spinkit,2.0.1,33,F,UNVERIFIED_PUBLISH_PATH|DORMANT,2,40051,v0.2.0
proj4leaflet,1.0.2,33,F,UNVERIFIED_PUBLISH_PATH|DORMANT,3,39988,v0.2.0
vxe-table,4.20.2,25,F,UNVERIFIED_PUBLISH_PATH|SINGLE_MAINTAINER,1,39895,v0.2.0
'@formily/core,2.3.7,39,D,UNVERIFIED_PUBLISH_PATH,2,39885,v0.2.0
'@tonejs/midi,2.0.28,33,F,UNVERIFIED_PUBLISH_PATH|DORMANT,2,39786,v0.2.0
'@expo-google-fonts/montserrat,0.4.2,39,D,UNVERIFIED_PUBLISH_PATH,4,39702,v0.2.0
tti-polyfill,0.2.2,19,F,UNVERIFIED_PUBLISH_PATH|DORMANT|SINGLE_MAINTAINER,1,39571,v0.2.0
jquery-validation-unobtrusive,4.0.0,20,F,UNVERIFIED_PUBLISH_PATH|DORMANT|SINGLE_MAINTAINER|BRANCH_REQUIRES_PR,1,39532,v0.2.0
vue-cal,4.10.2,19,F,UNVERIFIED_PUBLISH_PATH|DORMANT|SINGLE_MAINTAINER,1,39457,v0.2.0
'@tonaljs/chord-type,5.1.1,15,F,UNVERIFIED_PUBLISH_PATH|DORMANT|SINGLE_MAINTAINER,1,39299,v0.2.0
'@pixi/unsafe-eval,7.4.3,46,D,UNVERIFIED_PUBLISH_PATH,2,39277,v0.2.0
vue-cropper,0.6.5,19,F,UNVERIFIED_PUBLISH_PATH|DORMANT|SINGLE_MAINTAINER,1,39233,v0.2.0
'@json-editor/json-editor,2.17.1,39,D,UNVERIFIED_PUBLISH_PATH,4,39147,v0.2.0
'@fontsource-variable/source-sans-3,5.2.9,71,B,,2,39113,v0.2.0
chartjs-chart-geo,4.3.6,25,F,UNVERIFIED_PUBLISH_PATH|SINGLE_MAINTAINER,1,39087,v0.2.0
'@editorjs/underline,1.2.1,14,F,UNVERIFIED_PUBLISH_PATH|DORMANT|SINGLE_MAINTAINER,1,39028,v0.2.0
nats.ws,1.30.3,71,B,DEPRECATED,2,38906,v0.2.0
arquero,8.0.3,25,F,UNVERIFIED_PUBLISH_PATH|SINGLE_MAINTAINER,1,38865,v0.2.0
'@iconify-json/ic,1.2.4,21,F,UNVERIFIED_PUBLISH_PATH|SINGLE_MAINTAINER,1,38854,v0.2.0
pepjs,0.5.3,33,F,UNVERIFIED_PUBLISH_PATH|DORMANT,4,38803,v0.2.0
vue-star-rating,1.7.0,19,F,UNVERIFIED_PUBLISH_PATH|DORMANT|SINGLE_MAINTAINER,1,38796,v0.2.0
'@fontsource-variable/fira-code,5.2.7,71,B,,2,38739,v0.2.0
datatables.net-keytable,2.12.2,25,F,UNVERIFIED_PUBLISH_PATH|SINGLE_MAINTAINER,1,38666,v0.2.0
'@esotericsoftware/spine-pixi-v8,4.3.10,77,B,INCONSISTENT_PUBLISH_PATH,3,38620,v0.2.0
'@progress/kendo-ui,2026.2.520,21,F,UNVERIFIED_PUBLISH_PATH|SINGLE_MAINTAINER,1,38611,v0.2.0
datatables.net-select-dt,3.1.3,25,F,UNVERIFIED_PUBLISH_PATH|SINGLE_MAINTAINER,1,38564,v0.2.0
angular-ui-sortable,0.19.0,33,F,UNVERIFIED_PUBLISH_PATH|DORMANT,2,38549,v0.2.0
npm2url,0.2.4,14,F,UNVERIFIED_PUBLISH_PATH|DORMANT|SINGLE_MAINTAINER,1,38506,v0.2.0
vanillajs-datepicker,1.3.4,19,F,UNVERIFIED_PUBLISH_PATH|DORMANT|SINGLE_MAINTAINER,1,38496,v0.2.0
'@tensorflow-models/blazeface,0.1.0,33,F,UNVERIFIED_PUBLISH_PATH|DORMANT,8,38468,v0.2.0
vanilla-masker,1.2.0,33,F,UNVERIFIED_PUBLISH_PATH|DORMANT,2,38438,v0.2.0
squirrelly,9.1.1,34,F,UNVERIFIED_PUBLISH_PATH,2,38388,v0.2.0
react-confirm-alert,3.0.6,14,F,UNVERIFIED_PUBLISH_PATH|DORMANT|SINGLE_MAINTAINER,1,38345,v0.2.0
ckeditor4,4.25.2,45,D,UNVERIFIED_PUBLISH_PATH,2,38343,v0.2.0
datatables.net-buttons-bs5,3.2.6,25,F,UNVERIFIED_PUBLISH_PATH|SINGLE_MAINTAINER,1,38310,v0.2.0
'@adobe/adobe-client-data-layer,3.0.1,39,D,UNVERIFIED_PUBLISH_PATH,31,38295,v0.2.0
linq,4.0.3,19,F,UNVERIFIED_PUBLISH_PATH|DORMANT|SINGLE_MAINTAINER,1,38291,v0.2.0
'@tensorflow-models/coco-ssd,2.2.3,33,F,UNVERIFIED_PUBLISH_PATH|DORMANT,10,38243,v0.2.0
'@fontsource/libre-baskerville,5.2.10,71,B,,2,38126,v0.2.0
muuri,0.9.5,19,F,UNVERIFIED_PUBLISH_PATH|DORMANT|SINGLE_MAINTAINER,1,38040,v0.2.0
molstar,5.10.1,39,D,UNVERIFIED_PUBLISH_PATH,2,37960,v0.2.0
'@github/auto-complete-element,3.8.0,46,D,UNVERIFIED_PUBLISH_PATH,20,37951,v0.2.0
'@undecaf/zbar-wasm,0.11.0,19,F,UNVERIFIED_PUBLISH_PATH|DORMANT|SINGLE_MAINTAINER,1,37901,v0.2.0
vexflow,5.0.0,39,D,UNVERIFIED_PUBLISH_PATH,4,37623,v0.2.0
'@fontsource/dm-serif-display,5.2.8,71,B,,2,37564,v0.2.0
lozad,1.16.0,19,F,UNVERIFIED_PUBLISH_PATH|DORMANT|SINGLE_MAINTAINER,1,37480,v0.2.0
'@fe6/water-pro,3.58.1,14,F,UNVERIFIED_PUBLISH_PATH|DORMANT|SINGLE_MAINTAINER,1,37466,v0.2.0
emoji-js,3.9.0,25,F,UNVERIFIED_PUBLISH_PATH|SINGLE_MAINTAINER,1,37444,v0.2.0
perfume.js,9.4.0,19,F,UNVERIFIED_PUBLISH_PATH|DORMANT|SINGLE_MAINTAINER,1,37236,v0.2.0
nsfwjs,4.3.0,39,D,UNVERIFIED_PUBLISH_PATH,3,37210,v0.2.0
emoji-datasource-twitter,16.0.0,25,F,UNVERIFIED_PUBLISH_PATH|SINGLE_MAINTAINER,1,37189,v0.2.0
bootstrap-table,1.27.3,25,F,UNVERIFIED_PUBLISH_PATH|SINGLE_MAINTAINER,1,37116,v0.2.0
'@flatfile/adapter,2.9.6,28,F,UNVERIFIED_PUBLISH_PATH|DORMANT|PUBLISHER_NOT_MAINTAINER,12,37037,v0.2.0
golden-layout,2.6.0,19,F,UNVERIFIED_PUBLISH_PATH|DORMANT|SINGLE_MAINTAINER,1,36926,v0.2.0
datatables.net-responsive-bs4,3.0.8,25,F,UNVERIFIED_PUBLISH_PATH|SINGLE_MAINTAINER,1,36858,v0.2.0
'@fontsource/anton,5.2.7,71,B,,2,36652,v0.2.0
'@selectize/selectize,0.15.2,25,F,UNVERIFIED_PUBLISH_PATH|DORMANT|SINGLE_MAINTAINER,1,36574,v0.2.0
react-native-navigation,8.8.10,39,D,UNVERIFIED_PUBLISH_PATH,7,36573,v0.2.0
sourcebuster,1.1.0,19,F,UNVERIFIED_PUBLISH_PATH|DORMANT|SINGLE_MAINTAINER,1,36508,v0.2.0
'@vaadin/router,2.0.1,39,D,UNVERIFIED_PUBLISH_PATH,12,36324,v0.2.0
vue2-daterange-picker,0.6.8,19,F,UNVERIFIED_PUBLISH_PATH|DORMANT|SINGLE_MAINTAINER,1,36275,v0.2.0
d3-composite-projections,2.0.0,25,F,UNVERIFIED_PUBLISH_PATH|SINGLE_MAINTAINER,1,36274,v0.2.0
vue-loading-overlay,6.0.6,19,F,UNVERIFIED_PUBLISH_PATH|DORMANT|SINGLE_MAINTAINER,1,36244,v0.2.0
'@fontsource/kanit,5.2.8,71,B,,2,36204,v0.2.0
quill-emoji,0.2.0,19,F,UNVERIFIED_PUBLISH_PATH|DORMANT|SINGLE_MAINTAINER,1,36181,v0.2.0
'@zapier/zapier-sdk,0.85.0,11,F,UNVERIFIED_PUBLISH_PATH|SINGLE_MAINTAINER|PUBLISHER_NOT_MAINTAINER,1,35853,v0.2.0
vue-awesome-swiper,5.0.1,19,F,UNVERIFIED_PUBLISH_PATH|DORMANT|SINGLE_MAINTAINER,1,35702,v0.2.0
docsearch.js,2.6.3,35,D,UNVERIFIED_PUBLISH_PATH|DORMANT|PUBLISHER_NOT_MAINTAINER|DEPRECATED,71,35604,v0.2.0
lightbox2,2.12.0,25,F,UNVERIFIED_PUBLISH_PATH|SINGLE_MAINTAINER|DEPRECATED,1,35583,v0.2.0
img-comparison-slider,8.0.7,25,F,UNVERIFIED_PUBLISH_PATH|SINGLE_MAINTAINER,1,35546,v0.2.0
modern-css-reset,1.4.0,19,F,UNVERIFIED_PUBLISH_PATH|DORMANT|SINGLE_MAINTAINER,1,35490,v0.2.0
'@iconify-json/mingcute,1.2.7,21,F,UNVERIFIED_PUBLISH_PATH|SINGLE_MAINTAINER,1,35480,v0.2.0
xlsx-style,0.8.13,19,F,UNVERIFIED_PUBLISH_PATH|DORMANT|SINGLE_MAINTAINER,1,35413,v0.2.0
'@iconify-json/fa6-brands,1.2.6,21,F,UNVERIFIED_PUBLISH_PATH|SINGLE_MAINTAINER,1,35382,v0.2.0
'@aspnet/signalr,1.0.27,28,F,UNVERIFIED_PUBLISH_PATH|DORMANT|DEPRECATED,4,35326,v0.2.0
markdown-it-texmath,1.0.0,19,F,UNVERIFIED_PUBLISH_PATH|DORMANT|SINGLE_MAINTAINER,1,35307,v0.2.0
leaflet-routing-machine,3.2.12,19,F,UNVERIFIED_PUBLISH_PATH|DORMANT|SINGLE_MAINTAINER,1,35273,v0.2.0
'@spectrum-web-components/icons-ui,1.12.2,84,B,INCONSISTENT_PUBLISH_PATH,9,35110,v0.2.0
postmate,1.5.2,40,D,UNVERIFIED_PUBLISH_PATH|DORMANT,3,35033,v0.2.0
'@tailwindcss/browser,4.3.2,89,A,,3,34996,v0.2.0
'@editorjs/marker,1.4.0,14,F,UNVERIFIED_PUBLISH_PATH|DORMANT|SINGLE_MAINTAINER,1,34960,v0.2.0
'@dailymotion/vast-client,6.4.5,39,D,UNVERIFIED_PUBLISH_PATH,5,34954,v0.2.0
'@fluentui/web-components,3.0.2,52,C,UNVERIFIED_PUBLISH_PATH,10,34943,v0.2.0
medium-editor,5.23.3,33,F,UNVERIFIED_PUBLISH_PATH|DORMANT,6,34925,v0.2.0
fusioncharts,4.2.2,39,D,UNVERIFIED_PUBLISH_PATH,2,34821,v0.2.0
'@egjs/flicking,4.16.3,30,F,UNVERIFIED_PUBLISH_PATH,12,34772,v0.2.0
'@progress/kendo-angular-charts,24.2.2,21,F,UNVERIFIED_PUBLISH_PATH|SINGLE_MAINTAINER,1,34742,v0.2.0
formiojs,4.21.7,34,F,UNVERIFIED_PUBLISH_PATH,3,34738,v0.2.0
'@fontsource-variable/sora,5.2.8,71,B,,2,34703,v0.2.0
chartjs-chart-treemap,4.2.0,73,B,SINGLE_MAINTAINER,1,34654,v0.2.0
'@eppo/js-client-sdk,3.18.0,39,D,UNVERIFIED_PUBLISH_PATH,10,34611,v0.2.0
uppy,5.2.4,45,D,UNVERIFIED_PUBLISH_PATH,5,34559,v0.2.0
flexboxgrid,6.3.1,19,F,UNVERIFIED_PUBLISH_PATH|DORMANT|SINGLE_MAINTAINER,1,34535,v0.2.0
scrollmagic,2.0.9,25,F,UNVERIFIED_PUBLISH_PATH|SINGLE_MAINTAINER,1,34535,v0.2.0
babel-standalone,6.26.0,28,F,UNVERIFIED_PUBLISH_PATH|DORMANT|PUBLISHER_NOT_MAINTAINER,3,34532,v0.2.0
jquery-slimscroll,1.3.8,19,F,UNVERIFIED_PUBLISH_PATH|DORMANT|SINGLE_MAINTAINER,1,34508,v0.2.0
quill-blot-formatter,1.0.5,14,F,UNVERIFIED_PUBLISH_PATH|DORMANT|SINGLE_MAINTAINER,1,34486,v0.2.0
stickyfilljs,2.1.0,19,F,UNVERIFIED_PUBLISH_PATH|DORMANT|SINGLE_MAINTAINER,1,34464,v0.2.0
'@editorjs/link,2.6.2,14,F,UNVERIFIED_PUBLISH_PATH|DORMANT|SINGLE_MAINTAINER,1,34368,v0.2.0
datatables,1.10.18,19,F,UNVERIFIED_PUBLISH_PATH|DORMANT|SINGLE_MAINTAINER,1,34361,v0.2.0
line-awesome,1.3.0,33,F,UNVERIFIED_PUBLISH_PATH|DORMANT,2,34330,v0.2.0
ckeditor,4.12.1,39,D,UNVERIFIED_PUBLISH_PATH|DORMANT|DEPRECATED,2,34308,v0.2.0
'@fontsource/cinzel,5.2.8,71,B,,2,34272,v0.2.0
leaflet-polylinedecorator,1.6.0,19,F,UNVERIFIED_PUBLISH_PATH|DORMANT|SINGLE_MAINTAINER,1,34248,v0.2.0
bitmovin-player,8.267.0,30,F,UNVERIFIED_PUBLISH_PATH,2,34199,v0.2.0
'@fontsource/spectral,5.2.8,71,B,,2,34183,v0.2.0
accounting-js,2.0.3,25,F,UNVERIFIED_PUBLISH_PATH|SINGLE_MAINTAINER,1,34172,v0.2.0
metismenu,3.1.0,25,F,UNVERIFIED_PUBLISH_PATH|SINGLE_MAINTAINER,1,34111,v0.2.0
'@styled-icons/fa-solid,10.47.0,28,F,UNVERIFIED_PUBLISH_PATH|DORMANT,2,34101,v0.2.0
bs-stepper,1.7.0,19,F,UNVERIFIED_PUBLISH_PATH|DORMANT|SINGLE_MAINTAINER,1,34089,v0.2.0
'@fontsource/roboto-condensed,5.2.8,71,B,,2,34019,v0.2.0
pulltorefreshjs,0.1.22,15,F,UNVERIFIED_PUBLISH_PATH|DORMANT|SINGLE_MAINTAINER,1,33946,v0.2.0
leaflet-gesture-handling,1.2.2,19,F,UNVERIFIED_PUBLISH_PATH|DORMANT|SINGLE_MAINTAINER,1,33918,v0.2.0
japanese-holidays,1.0.10,19,F,UNVERIFIED_PUBLISH_PATH|DORMANT|SINGLE_MAINTAINER,1,33906,v0.2.0
'@mapbox/corslite,0.0.7,40,D,UNVERIFIED_PUBLISH_PATH|DORMANT,28,33785,v0.2.0
inapp-spy,5.0.10,20,F,UNVERIFIED_PUBLISH_PATH|SINGLE_MAINTAINER,1,33666,v0.2.0
datatables.net-colreorder-dt,2.1.2,25,F,UNVERIFIED_PUBLISH_PATH|SINGLE_MAINTAINER,1,33655,v0.2.0
'@picocss/pico,2.1.1,25,F,UNVERIFIED_PUBLISH_PATH|SINGLE_MAINTAINER,1,33494,v0.2.0
'@fontsource/cousine,5.2.7,71,B,,2,33455,v0.2.0
vue-grid-layout,2.4.0,14,F,UNVERIFIED_PUBLISH_PATH|DORMANT|SINGLE_MAINTAINER,1,33454,v0.2.0
markerclustererplus,2.1.4,19,F,UNVERIFIED_PUBLISH_PATH|DORMANT|SINGLE_MAINTAINER,1,33332,v0.2.0
'@fontsource/atkinson-hyperlegible,5.2.8,71,B,,2,33314,v0.2.0
thirdweb,5.120.1,41,D,UNVERIFIED_PUBLISH_PATH,5,33293,v0.2.0
single-spa-vue,3.0.1,23,F,UNVERIFIED_PUBLISH_PATH|DORMANT|PUBLISHER_NOT_MAINTAINER,2,33217,v0.2.0
'@fontsource/raleway,5.2.8,71,B,,2,33206,v0.2.0
'@twemoji/api,17.0.3,39,D,UNVERIFIED_PUBLISH_PATH,2,33198,v0.2.0
'@zxcvbn-ts/language-fr,4.1.1,25,F,UNVERIFIED_PUBLISH_PATH|SINGLE_MAINTAINER,1,33189,v0.2.0
'@syncfusion/ej2-gantt,34.1.30,39,D,UNVERIFIED_PUBLISH_PATH,3,33116,v0.2.0
datatables.net-buttons-bs4,3.2.6,25,F,UNVERIFIED_PUBLISH_PATH|SINGLE_MAINTAINER,1,33069,v0.2.0
'@fullcalendar/bootstrap5,6.1.21,20,F,UNVERIFIED_PUBLISH_PATH|SINGLE_MAINTAINER,1,33062,v0.2.0
'@fontsource-variable/rubik,5.2.8,71,B,,2,33027,v0.2.0
videojs-ima,2.6.0,39,D,UNVERIFIED_PUBLISH_PATH,2,32908,v0.2.0
save-svg-as-png,1.4.17,19,F,UNVERIFIED_PUBLISH_PATH|DORMANT|SINGLE_MAINTAINER,1,32895,v0.2.0
tablednd,1.0.5,19,F,UNVERIFIED_PUBLISH_PATH|DORMANT|SINGLE_MAINTAINER,1,32879,v0.2.0
'@viselect/vanilla,3.9.0,19,F,UNVERIFIED_PUBLISH_PATH|DORMANT|SINGLE_MAINTAINER,1,32853,v0.2.0
videojs-contrib-ads,7.5.2,33,F,UNVERIFIED_PUBLISH_PATH|DORMANT,26,32839,v0.2.0
'@fontsource/ubuntu,5.2.8,71,B,,2,32734,v0.2.0
datatables.net-responsive-dt,3.0.8,25,F,UNVERIFIED_PUBLISH_PATH|SINGLE_MAINTAINER,1,32671,v0.2.0
marked-base-url,1.1.10,73,B,SINGLE_MAINTAINER,1,32671,v0.2.0
'@mux/mux-uploader,1.5.0,88,A,,4,32637,v0.2.0
html-docx-js,0.3.1,19,F,UNVERIFIED_PUBLISH_PATH|DORMANT|SINGLE_MAINTAINER|BRANCH_REQUIRES_PR,1,32629,v0.2.0
'@claviska/jquery-minicolors,2.3.6,19,F,UNVERIFIED_PUBLISH_PATH|DORMANT|SINGLE_MAINTAINER,1,32537,v0.2.0
'@fontsource-variable/literata,5.2.8,71,B,,2,32522,v0.2.0
litepicker,2.0.12,19,F,UNVERIFIED_PUBLISH_PATH|DORMANT|SINGLE_MAINTAINER,1,32501,v0.2.0
clientjs,0.2.1,33,F,UNVERIFIED_PUBLISH_PATH|DORMANT,2,32424,v0.2.0
'@iconify-json/teenyicons,1.2.2,15,F,UNVERIFIED_PUBLISH_PATH|DORMANT|SINGLE_MAINTAINER,1,32423,v0.2.0
'@myriaddreamin/typst.ts,0.7.0,73,B,SINGLE_MAINTAINER,1,32401,v0.2.0
'@builder.io/qwik,1.20.0,85,A,INCONSISTENT_PUBLISH_PATH,26,32377,v0.2.0
moment-hijri,3.0.0,19,F,UNVERIFIED_PUBLISH_PATH|DORMANT|SINGLE_MAINTAINER,1,32345,v0.2.0
noty,3.2.0-beta-deprecated,28,F,UNVERIFIED_PUBLISH_PATH|DORMANT|PUBLISHER_NOT_MAINTAINER|DEPRECATED,2,32335,v0.2.0
'@bjorn3/browser_wasi_shim,0.4.2,25,F,UNVERIFIED_PUBLISH_PATH|SINGLE_MAINTAINER,1,32329,v0.2.0
tui-time-picker,2.1.6,19,F,UNVERIFIED_PUBLISH_PATH|DORMANT|SINGLE_MAINTAINER,1,32234,v0.2.0
emailjs-com,3.2.0,14,F,UNVERIFIED_PUBLISH_PATH|DORMANT|SINGLE_MAINTAINER|PUBLISHER_NOT_MAINTAINER|DEPRECATED,1,32155,v0.2.0
'@alexanderolsen/libsamplerate-js,2.1.2,19,F,UNVERIFIED_PUBLISH_PATH|DORMANT|SINGLE_MAINTAINER,1,32110,v0.2.0
jets,0.15.0,19,F,UNVERIFIED_PUBLISH_PATH|DORMANT|SINGLE_MAINTAINER,1,32105,v0.2.0
multi-clamp,2.0.2,19,F,UNVERIFIED_PUBLISH_PATH|DORMANT|SINGLE_MAINTAINER,1,31977,v0.2.0
'@mapbox/geojsonhint,3.3.0,33,F,UNVERIFIED_PUBLISH_PATH|DORMANT,28,31976,v0.2.0
tui-image-editor,3.15.3,14,F,UNVERIFIED_PUBLISH_PATH|DORMANT|SINGLE_MAINTAINER,1,31948,v0.2.0
tonweb,0.0.66,33,F,UNVERIFIED_PUBLISH_PATH|DORMANT,2,31941,v0.2.0
'@editorjs/raw,2.5.1,14,F,UNVERIFIED_PUBLISH_PATH|DORMANT|SINGLE_MAINTAINER,1,31930,v0.2.0
localstorage-slim,2.7.1,19,F,UNVERIFIED_PUBLISH_PATH|DORMANT|SINGLE_MAINTAINER,1,31853,v0.2.0
'@atlaskit/css-reset,8.1.0,16,F,UNVERIFIED_PUBLISH_PATH|SINGLE_MAINTAINER,1,31835,v0.2.0
pace-js,1.2.4,19,F,UNVERIFIED_PUBLISH_PATH|DORMANT|SINGLE_MAINTAINER,1,31834,v0.2.0
socicon,3.0.5,15,F,UNVERIFIED_PUBLISH_PATH|DORMANT|SINGLE_MAINTAINER,1,31769,v0.2.0
'@fontsource/ibm-plex-serif,5.2.7,71,B,,2,31696,v0.2.0
filepond-plugin-image-transform,3.8.8,25,F,UNVERIFIED_PUBLISH_PATH|SINGLE_MAINTAINER,1,31688,v0.2.0
vue-carousel,0.18.0,28,F,UNVERIFIED_PUBLISH_PATH|DORMANT,4,31688,v0.2.0
lunar-javascript,1.7.7,25,F,UNVERIFIED_PUBLISH_PATH|SINGLE_MAINTAINER,1,31670,v0.2.0
klinecharts,10.0.0,25,F,UNVERIFIED_PUBLISH_PATH|SINGLE_MAINTAINER,1,31666,v0.2.0
'@cloudflare/realtimekit-ui,2.0.0,84,B,INCONSISTENT_PUBLISH_PATH,5,31664,v0.2.0
waypoints,4.0.1,19,F,UNVERIFIED_PUBLISH_PATH|DORMANT|SINGLE_MAINTAINER,1,31544,v0.2.0
appwrite,26.2.0,87,A,,3,31474,v0.2.0
rails-ujs,5.2.8-1,40,D,UNVERIFIED_PUBLISH_PATH|DORMANT,8,31438,v0.2.0
'@antv/data-set,0.11.8,33,F,UNVERIFIED_PUBLISH_PATH|DORMANT,18,31429,v0.2.0
'@walletconnect/qrcode-modal,1.8.0,28,F,UNVERIFIED_PUBLISH_PATH|DORMANT|PUBLISHER_NOT_MAINTAINER|DEPRECATED,2,31350,v0.2.0
hamburgers,1.2.1,19,F,UNVERIFIED_PUBLISH_PATH|DORMANT|SINGLE_MAINTAINER,1,31347,v0.2.0
simpleheat,0.4.0,19,F,UNVERIFIED_PUBLISH_PATH|DORMANT|SINGLE_MAINTAINER,1,31338,v0.2.0
notyf,3.10.0,14,F,UNVERIFIED_PUBLISH_PATH|DORMANT|SINGLE_MAINTAINER,1,31304,v0.2.0
datebook,8.0.1,19,F,UNVERIFIED_PUBLISH_PATH|DORMANT|SINGLE_MAINTAINER,1,31281,v0.2.0
react-rte,0.16.5,33,F,UNVERIFIED_PUBLISH_PATH|DORMANT,6,31257,v0.2.0
scorm-again,3.1.1,58,C,INCONSISTENT_PUBLISH_PATH|SINGLE_MAINTAINER,1,31187,v0.2.0
'@fontsource/instrument-sans,5.2.8,71,B,,2,31167,v0.2.0
'@hyperframes/core,0.7.60,78,B,INCONSISTENT_PUBLISH_PATH,3,31144,v0.2.0
'@mediapipe/camera_utils,0.3.1675466862,24,F,UNVERIFIED_PUBLISH_PATH|DORMANT,8,31143,v0.2.0
'@tarojs/components,4.2.0,40,D,UNVERIFIED_PUBLISH_PATH,12,31099,v0.2.0
waveform-data,4.5.2,39,D,UNVERIFIED_PUBLISH_PATH,2,31021,v0.2.0
'@fontsource/bricolage-grotesque,5.2.10,71,B,,2,31014,v0.2.0
uploadcare-widget,3.24.0,39,D,UNVERIFIED_PUBLISH_PATH,4,31001,v0.2.0
filepond-plugin-image-resize,2.0.10,19,F,UNVERIFIED_PUBLISH_PATH|DORMANT|SINGLE_MAINTAINER,1,30913,v0.2.0
quagga,0.12.1,19,F,UNVERIFIED_PUBLISH_PATH|DORMANT|SINGLE_MAINTAINER,1,30902,v0.2.0
carbon-react,161.1.0,52,C,UNVERIFIED_PUBLISH_PATH,5,30899,v0.2.0
jquery-ui-bundle,1.12.1-migrate,19,F,UNVERIFIED_PUBLISH_PATH|DORMANT|SINGLE_MAINTAINER,1,30776,v0.2.0
simple-parallax-js,7.0.0,73,B,SINGLE_MAINTAINER,1,30633,v0.2.0
swup,4.9.2,87,A,,3,30630,v0.2.0
vue-quill-editor,3.0.6,19,F,UNVERIFIED_PUBLISH_PATH|DORMANT|SINGLE_MAINTAINER,1,30543,v0.2.0
'@maplibre/maplibre-gl-geocoder,1.9.4,77,B,,5,30515,v0.2.0
workbox-cdn,5.1.4,14,F,UNVERIFIED_PUBLISH_PATH|DORMANT|SINGLE_MAINTAINER|PUBLISHER_NOT_MAINTAINER,1,30472,v0.2.0
leaflet-fullscreen,1.0.2,33,F,UNVERIFIED_PUBLISH_PATH|DORMANT,8,30407,v0.2.0
leaflet.locatecontrol,0.90.0,39,D,UNVERIFIED_PUBLISH_PATH,2,30396,v0.2.0
'@porsche-design-system/components-js,4.4.0,84,B,INCONSISTENT_PUBLISH_PATH,2,30386,v0.2.0
flv.js,1.6.2,19,F,UNVERIFIED_PUBLISH_PATH|DORMANT|SINGLE_MAINTAINER,1,30346,v0.2.0
fine-uploader,5.16.2,14,F,UNVERIFIED_PUBLISH_PATH|DORMANT|SINGLE_MAINTAINER,1,30310,v0.2.0
jquery-pjax,2.0.1,19,F,UNVERIFIED_PUBLISH_PATH|DORMANT|SINGLE_MAINTAINER,1,30233,v0.2.0
scroll-behavior-polyfill,2.0.13,19,F,UNVERIFIED_PUBLISH_PATH|DORMANT|SINGLE_MAINTAINER,1,30187,v0.2.0
playcanvas,2.20.6,73,B,SINGLE_MAINTAINER,1,30154,v0.2.0
videojs-hls-quality-selector,2.0.0,15,F,UNVERIFIED_PUBLISH_PATH|DORMANT|SINGLE_MAINTAINER,1,30108,v0.2.0
'@nylas/web-elements,2.5.13,34,F,UNVERIFIED_PUBLISH_PATH,5,29979,v0.2.0
datatables.net-responsive-bs5,3.0.8,25,F,UNVERIFIED_PUBLISH_PATH|SINGLE_MAINTAINER,1,29899,v0.2.0
'@iconfu/svg-inject,2.0.1,25,F,UNVERIFIED_PUBLISH_PATH|SINGLE_MAINTAINER,1,29834,v0.2.0
stickybits,3.7.11,32,F,UNVERIFIED_PUBLISH_PATH|DORMANT|SINGLE_MAINTAINER,1,29820,v0.2.0
'@elastic/app-search-javascript,8.13.0,28,F,UNVERIFIED_PUBLISH_PATH|DORMANT|PUBLISHER_NOT_MAINTAINER,3,29800,v0.2.0
'@revolist/revogrid,4.23.22,73,B,SINGLE_MAINTAINER,1,29750,v0.2.0
secure-ls,2.0.0,19,F,UNVERIFIED_PUBLISH_PATH|DORMANT|SINGLE_MAINTAINER,1,29655,v0.2.0
'@wix/headless-utils,0.0.12,30,F,UNVERIFIED_PUBLISH_PATH,6,29554,v0.2.0
'@irys/query,0.0.13,34,F,UNVERIFIED_PUBLISH_PATH,2,29482,v0.2.0
'@material/mwc-base,0.27.0,39,D,UNVERIFIED_PUBLISH_PATH|DORMANT|DEPRECATED,14,29459,v0.2.0
'@fontsource/inconsolata,5.2.8,71,B,,2,29431,v0.2.0
signals,1.0.0,9,F,UNVERIFIED_PUBLISH_PATH|DORMANT|SINGLE_MAINTAINER,1,29416,v0.2.0
jquery.easing,1.4.1,33,F,UNVERIFIED_PUBLISH_PATH|DORMANT,2,29371,v0.2.0
motion-ui,2.0.8,33,F,UNVERIFIED_PUBLISH_PATH|DORMANT,3,29275,v0.2.0
ravelinjs,2.2.0,39,D,UNVERIFIED_PUBLISH_PATH,3,29260,v0.2.0
ng-tags-input,3.2.0,28,F,UNVERIFIED_PUBLISH_PATH|DORMANT,2,29102,v0.2.0
ng-idle,1.3.2,19,F,UNVERIFIED_PUBLISH_PATH|DORMANT|SINGLE_MAINTAINER,1,29093,v0.2.0
flexibility,2.0.1,19,F,UNVERIFIED_PUBLISH_PATH|DORMANT|SINGLE_MAINTAINER,1,29088,v0.2.0
smiles-drawer,2.4.1,87,A,,3,29072,v0.2.0
'@splidejs/splide-extension-auto-scroll,0.5.3,19,F,UNVERIFIED_PUBLISH_PATH|DORMANT|SINGLE_MAINTAINER,1,28956,v0.2.0
devexpress-reporting,26.1.3,16,F,UNVERIFIED_PUBLISH_PATH|SINGLE_MAINTAINER,1,28902,v0.2.0
'@zerodevx/svelte-toast,0.9.6,19,F,UNVERIFIED_PUBLISH_PATH|DORMANT|SINGLE_MAINTAINER,1,28812,v0.2.0
'@material-symbols/svg-500,0.45.8,73,B,SINGLE_MAINTAINER,1,28762,v0.2.0
'@pyscript/core,0.7.31,25,F,UNVERIFIED_PUBLISH_PATH|SINGLE_MAINTAINER,1,28751,v0.2.0
datatables.net-select-bs5,3.1.3,25,F,UNVERIFIED_PUBLISH_PATH|SINGLE_MAINTAINER,1,28745,v0.2.0
balloon-css,1.2.0,19,F,UNVERIFIED_PUBLISH_PATH|DORMANT|SINGLE_MAINTAINER,1,28737,v0.2.0
vue-spinner,3.0.2,67,C,SINGLE_MAINTAINER,1,28630,v0.2.0
jspdf-html2canvas,1.6.0,25,F,UNVERIFIED_PUBLISH_PATH|SINGLE_MAINTAINER,1,28612,v0.2.0
chartjs-plugin-trendline,3.2.4,73,B,SINGLE_MAINTAINER,1,28602,v0.2.0
open-location-code,1.0.3,10,F,UNVERIFIED_PUBLISH_PATH|DORMANT|SINGLE_MAINTAINER,1,28487,v0.2.0
'@fontsource/jost,5.2.8,71,B,,2,28440,v0.2.0
'@alpinejs/csp,3.15.12,63,C,INCONSISTENT_PUBLISH_PATH|SINGLE_MAINTAINER,1,28299,v0.2.0
dejavu-fonts-ttf,2.37.3,19,F,UNVERIFIED_PUBLISH_PATH|DORMANT|SINGLE_MAINTAINER,1,28270,v0.2.0
smooth-scrollbar,8.8.4,19,F,UNVERIFIED_PUBLISH_PATH|DORMANT|SINGLE_MAINTAINER,1,28222,v0.2.0
browser-dtector,4.1.1,63,C,SINGLE_MAINTAINER,1,28175,v0.2.0
'@foblex/flow,19.1.2,31,F,UNVERIFIED_PUBLISH_PATH|SINGLE_MAINTAINER,1,28166,v0.2.0
vditor,3.11.2,25,F,UNVERIFIED_PUBLISH_PATH|SINGLE_MAINTAINER,1,28141,v0.2.0
'@tensorflow-models/body-pix,2.2.1,33,F,UNVERIFIED_PUBLISH_PATH|DORMANT,10,28126,v0.2.0
json-formatter-js,2.5.23,20,F,UNVERIFIED_PUBLISH_PATH|SINGLE_MAINTAINER|PUBLISHER_NOT_MAINTAINER,1,28081,v0.2.0
jquery.scrollto,2.1.3,19,F,UNVERIFIED_PUBLISH_PATH|DORMANT|SINGLE_MAINTAINER,1,28072,v0.2.0
datatables.net-fixedheader-bs4,4.0.6,25,F,UNVERIFIED_PUBLISH_PATH|SINGLE_MAINTAINER,1,28068,v0.2.0
detectrtc,1.4.1,19,F,UNVERIFIED_PUBLISH_PATH|DORMANT|SINGLE_MAINTAINER,1,28035,v0.2.0
'@fontsource/inter-tight,5.2.7,71,B,,2,28029,v0.2.0
datatables.net-plugins,2.3.6,25,F,UNVERIFIED_PUBLISH_PATH|SINGLE_MAINTAINER,1,27985,v0.2.0
cos-js-sdk-v5,1.10.1,39,D,UNVERIFIED_PUBLISH_PATH,5,27882,v0.2.0
'@mediapipe/pose,0.5.1675469404,24,F,UNVERIFIED_PUBLISH_PATH|DORMANT,8,27746,v0.2.0
mpegts.js,1.8.0,19,F,UNVERIFIED_PUBLISH_PATH|DORMANT|SINGLE_MAINTAINER,1,27675,v0.2.0
'@fontsource-variable/roboto-flex,5.2.8,71,B,,2,27659,v0.2.0
art-template,4.13.4,15,F,UNVERIFIED_PUBLISH_PATH|SINGLE_MAINTAINER|PUBLISHER_NOT_MAINTAINER,1,27519,v0.2.0
'@arco-design/web-vue,2.58.0,39,D,UNVERIFIED_PUBLISH_PATH,11,27514,v0.2.0
picturefill,3.0.3,33,F,UNVERIFIED_PUBLISH_PATH|DORMANT|DEPRECATED,2,27476,v0.2.0
'@devexpress/analytics-core,26.1.3,16,F,UNVERIFIED_PUBLISH_PATH|SINGLE_MAINTAINER,1,27464,v0.2.0
'@fontsource/great-vibes,5.2.8,71,B,,2,27437,v0.2.0
'@spectrum-web-components/icons-workflow,1.12.2,84,B,INCONSISTENT_PUBLISH_PATH,9,27421,v0.2.0
'@snowplow/browser-plugin-error-tracking,4.8.4,39,D,UNVERIFIED_PUBLISH_PATH,3,27369,v0.2.0
mg-api-js,3.0.3,87,A,,11,27340,v0.2.0
'@duetds/date-picker,1.4.0,28,F,UNVERIFIED_PUBLISH_PATH|DORMANT|PUBLISHER_NOT_MAINTAINER,5,27330,v0.2.0
tsparticles-slim,2.12.0,39,D,UNVERIFIED_PUBLISH_PATH|DORMANT|DEPRECATED,2,27325,v0.2.0
pnotify,5.2.0,19,F,UNVERIFIED_PUBLISH_PATH|DORMANT|SINGLE_MAINTAINER,1,27309,v0.2.0
current-device,2.0.2,73,B,SINGLE_MAINTAINER,1,27288,v0.2.0
'@fontsource/roboto-slab,5.2.8,71,B,,2,27275,v0.2.0
react-slideshow-image,4.4.0,25,F,UNVERIFIED_PUBLISH_PATH|SINGLE_MAINTAINER,1,27240,v0.2.0
filepond-plugin-image-crop,2.0.6,19,F,UNVERIFIED_PUBLISH_PATH|DORMANT|SINGLE_MAINTAINER,1,27199,v0.2.0
'@adobe/magento-storefront-events-sdk,1.17.0,34,F,UNVERIFIED_PUBLISH_PATH,31,27182,v0.2.0
editorjs-html,4.0.5,15,F,UNVERIFIED_PUBLISH_PATH|DORMANT|SINGLE_MAINTAINER,1,27175,v0.2.0
leaflet.fullscreen,5.3.3,25,F,UNVERIFIED_PUBLISH_PATH|SINGLE_MAINTAINER,1,27141,v0.2.0
vanilla-tilt,1.8.1,19,F,UNVERIFIED_PUBLISH_PATH|DORMANT|SINGLE_MAINTAINER,1,27135,v0.2.0
'@snowplow/browser-plugin-media,4.8.4,39,D,UNVERIFIED_PUBLISH_PATH,3,27108,v0.2.0
agora-rtm-sdk,2.2.4,30,F,UNVERIFIED_PUBLISH_PATH,3,27055,v0.2.0
bootstrap-multiselect,2.0.0,34,F,UNVERIFIED_PUBLISH_PATH,2,26976,v0.2.0
'@maplibre/maplibre-gl-leaflet,0.1.3,39,D,UNVERIFIED_PUBLISH_PATH,5,26949,v0.2.0
'@iconify-json/twemoji,1.2.5,21,F,UNVERIFIED_PUBLISH_PATH|SINGLE_MAINTAINER,1,26937,v0.2.0
match-media,0.2.0,19,F,UNVERIFIED_PUBLISH_PATH|DORMANT|SINGLE_MAINTAINER,1,26897,v0.2.0
'@fontsource/fira-sans,5.2.7,71,B,,2,26882,v0.2.0
quicklink,3.0.1,25,F,UNVERIFIED_PUBLISH_PATH|SINGLE_MAINTAINER,1,26879,v0.2.0
'@sweetalert2/theme-bootstrap-4,5.0.27,25,F,UNVERIFIED_PUBLISH_PATH|SINGLE_MAINTAINER|DEPRECATED,1,26870,v0.2.0
bootstrap-notify,3.1.3,33,F,UNVERIFIED_PUBLISH_PATH|DORMANT,3,26865,v0.2.0
raygun4js,3.1.4,34,F,UNVERIFIED_PUBLISH_PATH|PUBLISHER_NOT_MAINTAINER,2,26851,v0.2.0
'@riophae/vue-treeselect,0.4.0,19,F,UNVERIFIED_PUBLISH_PATH|DORMANT|SINGLE_MAINTAINER,1,26809,v0.2.0
smooth-scroll,16.1.3,19,F,UNVERIFIED_PUBLISH_PATH|DORMANT|SINGLE_MAINTAINER,1,26804,v0.2.0
grapesjs-plugin-forms,2.0.6,19,F,UNVERIFIED_PUBLISH_PATH|DORMANT|SINGLE_MAINTAINER,1,26734,v0.2.0
'@tensorflow-models/face-landmarks-detection,1.0.6,33,F,UNVERIFIED_PUBLISH_PATH|DORMANT,8,26665,v0.2.0
email-misspelled,4.4.0,32,F,UNVERIFIED_PUBLISH_PATH|SINGLE_MAINTAINER,1,26658,v0.2.0
'@friendlycaptcha/sdk,1.0.2,73,B,SINGLE_MAINTAINER,1,26657,v0.2.0
'@meilisearch/instant-meilisearch,0.31.2,82,B,BRANCH_REQUIRES_PR,5,26656,v0.2.0
jsplumb,2.15.6,19,F,UNVERIFIED_PUBLISH_PATH|DORMANT|SINGLE_MAINTAINER,1,26626,v0.2.0
vue-toasted,1.1.28,19,F,UNVERIFIED_PUBLISH_PATH|DORMANT|SINGLE_MAINTAINER,1,26552,v0.2.0
'@realsee/dnalogel,3.81.1,39,D,UNVERIFIED_PUBLISH_PATH,7,26550,v0.2.0
clevertap-web-sdk,2.7.4,94,A,,6,26510,v0.2.0
'@qlik/api,2.13.0,46,D,UNVERIFIED_PUBLISH_PATH,2,26415,v0.2.0
iscroll,5.2.0,14,F,UNVERIFIED_PUBLISH_PATH|DORMANT|SINGLE_MAINTAINER|PUBLISHER_NOT_MAINTAINER|DEPRECATED,1,26405,v0.2.0
patternomaly,1.3.2,19,F,UNVERIFIED_PUBLISH_PATH|DORMANT|SINGLE_MAINTAINER,1,26405,v0.2.0
'@formkit/icons,2.1.0,72,B,INCONSISTENT_PUBLISH_PATH,4,26385,v0.2.0
malihu-custom-scrollbar-plugin,3.1.5,19,F,UNVERIFIED_PUBLISH_PATH|DORMANT|SINGLE_MAINTAINER,1,26341,v0.2.0
videojs-hotkeys,0.2.30,19,F,UNVERIFIED_PUBLISH_PATH|DORMANT|SINGLE_MAINTAINER,1,26212,v0.2.0
'@open-iframe-resizer/core,2.4.0,63,C,INCONSISTENT_PUBLISH_PATH|SINGLE_MAINTAINER,1,26196,v0.2.0
uikit,3.25.20,77,B,INCONSISTENT_PUBLISH_PATH,2,26183,v0.2.0
codice-fiscale-js,2.3.23,25,F,UNVERIFIED_PUBLISH_PATH|SINGLE_MAINTAINER,1,26182,v0.2.0
filepond-plugin-file-encode,2.1.14,19,F,UNVERIFIED_PUBLISH_PATH|DORMANT|SINGLE_MAINTAINER,1,26140,v0.2.0
jquery-sparkline,2.4.0,19,F,UNVERIFIED_PUBLISH_PATH|DORMANT|SINGLE_MAINTAINER,1,26075,v0.2.0
'@swup/head-plugin,2.3.1,33,F,UNVERIFIED_PUBLISH_PATH|DORMANT,3,25894,v0.2.0
datatables.net-select-bs4,3.1.3,25,F,UNVERIFIED_PUBLISH_PATH|SINGLE_MAINTAINER,1,25847,v0.2.0
obs-websocket-js,5.0.8,87,A,,3,25844,v0.2.0
jquery-autosize,1.18.18,19,F,UNVERIFIED_PUBLISH_PATH|DORMANT|SINGLE_MAINTAINER,1,25820,v0.2.0
simple-crypto-js,3.0.1,25,F,UNVERIFIED_PUBLISH_PATH|DORMANT|SINGLE_MAINTAINER,1,25815,v0.2.0
ngl,2.4.0,33,F,UNVERIFIED_PUBLISH_PATH|DORMANT,4,25790,v0.2.0
'@iconify-json/hugeicons,1.2.31,21,F,UNVERIFIED_PUBLISH_PATH|SINGLE_MAINTAINER,1,25755,v0.2.0
v-money,0.8.1,15,F,UNVERIFIED_PUBLISH_PATH|DORMANT|SINGLE_MAINTAINER,1,25718,v0.2.0
budoux,0.8.4,20,F,UNVERIFIED_PUBLISH_PATH|SINGLE_MAINTAINER,1,25672,v0.2.0
'@editorjs/simple-image,1.6.0,14,F,UNVERIFIED_PUBLISH_PATH|DORMANT|SINGLE_MAINTAINER,1,25669,v0.2.0
favico.js,0.3.10,19,F,UNVERIFIED_PUBLISH_PATH|DORMANT|SINGLE_MAINTAINER,1,25649,v0.2.0
party-js,2.2.0,14,F,UNVERIFIED_PUBLISH_PATH|DORMANT|SINGLE_MAINTAINER,1,25636,v0.2.0
scichart,5.2.45,39,D,UNVERIFIED_PUBLISH_PATH,2,25575,v0.2.0
vue-content-loader,2.0.1,19,F,UNVERIFIED_PUBLISH_PATH|DORMANT|SINGLE_MAINTAINER,1,25573,v0.2.0
'@vladmandic/human,3.3.6,31,F,UNVERIFIED_PUBLISH_PATH|SINGLE_MAINTAINER,1,25570,v0.2.0
materialize-css,1.0.0,19,F,UNVERIFIED_PUBLISH_PATH|DORMANT|SINGLE_MAINTAINER,1,25559,v0.2.0
buefy,3.0.8,39,D,UNVERIFIED_PUBLISH_PATH,2,25510,v0.2.0
bootstrap-toggle,2.2.2,19,F,UNVERIFIED_PUBLISH_PATH|DORMANT|SINGLE_MAINTAINER,1,25460,v0.2.0
'@expo-google-fonts/lora,0.4.2,39,D,UNVERIFIED_PUBLISH_PATH,4,25418,v0.2.0
vuejs-paginate,2.1.0,19,F,UNVERIFIED_PUBLISH_PATH|DORMANT|SINGLE_MAINTAINER,1,25408,v0.2.0
timeago,1.6.7,29,F,UNVERIFIED_PUBLISH_PATH|DORMANT,2,25355,v0.2.0
'@iconify-json/fa6-regular,1.2.4,21,F,UNVERIFIED_PUBLISH_PATH|SINGLE_MAINTAINER,1,25350,v0.2.0
bitmovin-player-ui,4.17.0,25,F,UNVERIFIED_PUBLISH_PATH|SINGLE_MAINTAINER,1,25325,v0.2.0
quill-better-table,1.2.10,19,F,UNVERIFIED_PUBLISH_PATH|DORMANT|SINGLE_MAINTAINER,1,25244,v0.2.0
mrz,5.0.2,39,D,UNVERIFIED_PUBLISH_PATH,4,25228,v0.2.0
'@fontsource/dancing-script,5.2.8,71,B,,2,25227,v0.2.0
'@wix/design-system,1.298.0,30,F,UNVERIFIED_PUBLISH_PATH,13,25216,v0.2.0
tinymce-i18n,26.7.13,73,B,SINGLE_MAINTAINER,1,25163,v0.2.0
stackdriver-errors-js,0.12.0,19,F,UNVERIFIED_PUBLISH_PATH|DORMANT|SINGLE_MAINTAINER,1,25158,v0.2.0
'@formio/js,5.4.2,34,F,UNVERIFIED_PUBLISH_PATH,7,25121,v0.2.0
maz-ui,4.9.3,20,F,UNVERIFIED_PUBLISH_PATH|SINGLE_MAINTAINER,1,25059,v0.2.0
tw-elements,2.0.0,33,F,UNVERIFIED_PUBLISH_PATH|DORMANT,17,25035,v0.2.0
'@fontsource/arimo,5.2.8,71,B,,2,24973,v0.2.0
angular-drag-and-drop-lists,2.1.0,19,F,UNVERIFIED_PUBLISH_PATH|DORMANT|SINGLE_MAINTAINER,1,24949,v0.2.0
'@fancyapps/fancybox,3.5.7,19,F,UNVERIFIED_PUBLISH_PATH|DORMANT|SINGLE_MAINTAINER,1,24925,v0.2.0
'@discordapp/twemoji,16.0.1,39,D,UNVERIFIED_PUBLISH_PATH,5,24918,v0.2.0
bootstrap-tagsinput,0.7.1,19,F,UNVERIFIED_PUBLISH_PATH|DORMANT|SINGLE_MAINTAINER,1,24896,v0.2.0
places.js,1.19.0,23,F,UNVERIFIED_PUBLISH_PATH|DORMANT|PUBLISHER_NOT_MAINTAINER|DEPRECATED,77,24887,v0.2.0
datatables.net-colreorder-bs4,2.1.2,25,F,UNVERIFIED_PUBLISH_PATH|SINGLE_MAINTAINER,1,24886,v0.2.0
mdn-polyfills,5.20.0,19,F,UNVERIFIED_PUBLISH_PATH|DORMANT|SINGLE_MAINTAINER,1,24810,v0.2.0
dxf-viewer,1.0.48,25,F,UNVERIFIED_PUBLISH_PATH|SINGLE_MAINTAINER,1,24795,v0.2.0
datatables.net-fixedcolumns-bs4,5.0.5,25,F,UNVERIFIED_PUBLISH_PATH|SINGLE_MAINTAINER,1,24783,v0.2.0
chartjs-plugin-stacked100,1.7.1,25,F,UNVERIFIED_PUBLISH_PATH|SINGLE_MAINTAINER,1,24733,v0.2.0
'@fontsource-variable/schibsted-grotesk,5.2.8,71,B,,2,24690,v0.2.0
'@fontsource/caladea,5.2.8,71,B,,2,24650,v0.2.0
simmerjs,0.5.6,19,F,UNVERIFIED_PUBLISH_PATH|DORMANT|SINGLE_MAINTAINER,1,24630,v0.2.0
quill-image-resize-module,3.0.0,19,F,UNVERIFIED_PUBLISH_PATH|DORMANT|SINGLE_MAINTAINER,1,24625,v0.2.0
focus-within-polyfill,5.2.1,19,F,UNVERIFIED_PUBLISH_PATH|DORMANT|SINGLE_MAINTAINER,1,24570,v0.2.0
emoji-picker-element-data,1.8.0,25,F,UNVERIFIED_PUBLISH_PATH|SINGLE_MAINTAINER,1,24554,v0.2.0
jsrender,1.2.0,34,F,UNVERIFIED_PUBLISH_PATH,2,24491,v0.2.0
chartjs-plugin-gradient,0.6.1,19,F,UNVERIFIED_PUBLISH_PATH|DORMANT|SINGLE_MAINTAINER,1,24422,v0.2.0
'@fontsource/orbitron,5.2.8,71,B,,2,24405,v0.2.0
'@editorjs/nested-list,1.4.3,14,F,UNVERIFIED_PUBLISH_PATH|DORMANT|SINGLE_MAINTAINER,1,24380,v0.2.0
'@umbraco-cms/backoffice,17.5.3,34,F,UNVERIFIED_PUBLISH_PATH,2,24357,v0.2.0
'@snowplow/browser-plugin-web-vitals,4.8.4,39,D,UNVERIFIED_PUBLISH_PATH,3,24293,v0.2.0
datatables.net-keytable-bs4,2.12.2,25,F,UNVERIFIED_PUBLISH_PATH|SINGLE_MAINTAINER,1,24290,v0.2.0
'@fontsource/noto-serif-sc,5.2.9,71,B,,2,24279,v0.2.0
videojs-youtube,3.0.1,33,F,UNVERIFIED_PUBLISH_PATH|DORMANT,19,24264,v0.2.0
google-maps-utility-library-v3-infobox,1.1.14,19,F,UNVERIFIED_PUBLISH_PATH|DORMANT|SINGLE_MAINTAINER,1,24224,v0.2.0
'@nebular/theme,17.0.0,25,F,UNVERIFIED_PUBLISH_PATH|SINGLE_MAINTAINER,1,24208,v0.2.0
sheetjs-style,0.15.8,19,F,UNVERIFIED_PUBLISH_PATH|DORMANT|SINGLE_MAINTAINER,1,24186,v0.2.0
react-flagkit,2.0.4,10,F,UNVERIFIED_PUBLISH_PATH|DORMANT|SINGLE_MAINTAINER,1,24150,v0.2.0
'@pmndrs/uikit,1.0.74,82,B,,8,24115,v0.2.0
tempusdominus-core,5.19.3,33,F,UNVERIFIED_PUBLISH_PATH|DORMANT,2,24092,v0.2.0
'@pipecat-ai/daily-transport,1.6.7,77,B,INCONSISTENT_PUBLISH_PATH,7,24027,v0.2.0
player.js,0.1.0,33,F,UNVERIFIED_PUBLISH_PATH|DORMANT,2,23983,v0.2.0
v-viewer,3.0.23,25,F,UNVERIFIED_PUBLISH_PATH|SINGLE_MAINTAINER,1,23971,v0.2.0
number-format.js,2.0.9,19,F,UNVERIFIED_PUBLISH_PATH|DORMANT|SINGLE_MAINTAINER,1,23924,v0.2.0
moment-jalaali,0.10.4,33,F,UNVERIFIED_PUBLISH_PATH|DORMANT,2,23911,v0.2.0
'@fontsource/noto-sans-tc,5.2.9,71,B,,2,23867,v0.2.0
destyle.css,4.0.1,19,F,UNVERIFIED_PUBLISH_PATH|DORMANT|SINGLE_MAINTAINER,1,23840,v0.2.0
'@iconify/icons-mdi,1.2.48,15,F,UNVERIFIED_PUBLISH_PATH|DORMANT|SINGLE_MAINTAINER,1,23815,v0.2.0
postscribe,2.0.8,46,D,UNVERIFIED_PUBLISH_PATH|DORMANT,5,23800,v0.2.0
ekko-lightbox,5.3.0,19,F,UNVERIFIED_PUBLISH_PATH|DORMANT|SINGLE_MAINTAINER,1,23797,v0.2.0
ohmyfetch,0.4.21,14,F,UNVERIFIED_PUBLISH_PATH|DORMANT|SINGLE_MAINTAINER|DEPRECATED,1,23755,v0.2.0
'@snowplow/browser-plugin-performance-navigation-timing,4.8.4,39,D,UNVERIFIED_PUBLISH_PATH,3,23744,v0.2.0
htl,1.0.0,73,B,SINGLE_MAINTAINER,1,23739,v0.2.0
cropper,4.1.0,19,F,UNVERIFIED_PUBLISH_PATH|DORMANT|SINGLE_MAINTAINER,1,23705,v0.2.0
filepond-plugin-image-edit,1.6.3,19,F,UNVERIFIED_PUBLISH_PATH|DORMANT|SINGLE_MAINTAINER,1,23674,v0.2.0
metismenujs,1.4.0,19,F,UNVERIFIED_PUBLISH_PATH|DORMANT|SINGLE_MAINTAINER,1,23648,v0.2.0
'@vicons/ionicons5,0.13.0,15,F,UNVERIFIED_PUBLISH_PATH|DORMANT|SINGLE_MAINTAINER,1,23638,v0.2.0
multiple-select-vanilla,5.2.1,73,B,SINGLE_MAINTAINER,1,23591,v0.2.0
magic-sdk,33.9.0,76,B,REPO_LINKAGE_MISMATCH,13,23564,v0.2.0
jquery-extendext,1.0.0,19,F,UNVERIFIED_PUBLISH_PATH|DORMANT|SINGLE_MAINTAINER,1,23515,v0.2.0
'@fontsource/noto-sans-arabic,5.2.10,71,B,,2,23504,v0.2.0
'@fontsource/libre-franklin,5.2.8,71,B,,2,23495,v0.2.0
'@wix/identity,1.0.210,30,F,UNVERIFIED_PUBLISH_PATH,13,23470,v0.2.0
html-to-md,0.8.8,25,F,UNVERIFIED_PUBLISH_PATH|SINGLE_MAINTAINER,1,23397,v0.2.0
'@react-spectrum/icon,3.9.1,39,D,UNVERIFIED_PUBLISH_PATH,2,23313,v0.2.0
'@melloware/coloris,0.25.0,39,D,UNVERIFIED_PUBLISH_PATH,2,23302,v0.2.0
'@openui5/sap.m,1.150.0,34,F,UNVERIFIED_PUBLISH_PATH,2,23297,v0.2.0
'@photo-sphere-viewer/markers-plugin,5.14.3,73,B,SINGLE_MAINTAINER,1,23265,v0.2.0
the-new-css-reset,1.11.3,19,F,UNVERIFIED_PUBLISH_PATH|DORMANT|SINGLE_MAINTAINER,1,23149,v0.2.0
'@fullcalendar/adaptive,6.1.21,20,F,UNVERIFIED_PUBLISH_PATH|SINGLE_MAINTAINER,1,23148,v0.2.0
'@cap.js/widget,0.1.56,20,F,UNVERIFIED_PUBLISH_PATH|SINGLE_MAINTAINER|BRANCH_REQUIRES_SIGNATURES|BRANCH_REQUIRES_PR,1,23095,v0.2.0
'@revolut/checkout,1.1.25,39,D,UNVERIFIED_PUBLISH_PATH,5,23072,v0.2.0
'@gradio/client,2.3.1,74,B,SINGLE_MAINTAINER,1,23031,v0.2.0
leaflet-control-geocoder,3.3.1,39,D,UNVERIFIED_PUBLISH_PATH,2,23005,v0.2.0
html-truncate,1.2.2,19,F,UNVERIFIED_PUBLISH_PATH|DORMANT|SINGLE_MAINTAINER,1,22964,v0.2.0
react-virtualized-select,3.1.3,19,F,UNVERIFIED_PUBLISH_PATH|DORMANT|SINGLE_MAINTAINER,1,22919,v0.2.0
'@tailwindcss/custom-forms,0.2.1,33,F,UNVERIFIED_PUBLISH_PATH|DORMANT,3,22911,v0.2.0
vue-social-sharing,3.0.9,19,F,UNVERIFIED_PUBLISH_PATH|DORMANT|SINGLE_MAINTAINER,1,22910,v0.2.0
'@chenfengyuan/vue-countdown,2.1.3,25,F,UNVERIFIED_PUBLISH_PATH|SINGLE_MAINTAINER,1,22886,v0.2.0
icheck,1.0.2,19,F,UNVERIFIED_PUBLISH_PATH|DORMANT|SINGLE_MAINTAINER,1,22750,v0.2.0
devexpress-richedit,26.1.3,30,F,UNVERIFIED_PUBLISH_PATH,3,22709,v0.2.0
compress.js,2.1.2,19,F,UNVERIFIED_PUBLISH_PATH|DORMANT|SINGLE_MAINTAINER,1,22663,v0.2.0
pretty-print-json,3.0.8,25,F,UNVERIFIED_PUBLISH_PATH|SINGLE_MAINTAINER,1,22617,v0.2.0
trumbowyg,2.31.0,25,F,UNVERIFIED_PUBLISH_PATH|SINGLE_MAINTAINER,1,22603,v0.2.0
ts-ebml,3.0.2,25,F,UNVERIFIED_PUBLISH_PATH|SINGLE_MAINTAINER,1,22569,v0.2.0
'@iconify-json/uil,1.2.3,15,F,UNVERIFIED_PUBLISH_PATH|DORMANT|SINGLE_MAINTAINER,1,22496,v0.2.0
'@tensorflow/tfjs-backend-webgpu,4.22.0,33,F,UNVERIFIED_PUBLISH_PATH|DORMANT,10,22482,v0.2.0
vue-fragment,1.6.0,19,F,UNVERIFIED_PUBLISH_PATH|DORMANT|SINGLE_MAINTAINER,1,22465,v0.2.0
single-spa-layout,3.0.0,9,F,UNVERIFIED_PUBLISH_PATH|DORMANT|SINGLE_MAINTAINER|PUBLISHER_NOT_MAINTAINER,1,22443,v0.2.0
wavedrom,3.6.2,25,F,UNVERIFIED_PUBLISH_PATH|SINGLE_MAINTAINER,1,22434,v0.2.0
'@gouvfr/dsfr,1.14.4,45,D,UNVERIFIED_PUBLISH_PATH,5,22406,v0.2.0
'@astral-sh/ruff-wasm-web,0.15.21,89,A,,3,22389,v0.2.0
leaflet-editable,1.3.2,25,F,UNVERIFIED_PUBLISH_PATH|SINGLE_MAINTAINER,1,22347,v0.2.0
vanilla-text-mask,5.1.1,28,F,UNVERIFIED_PUBLISH_PATH|DORMANT,3,22242,v0.2.0
'@alpinejs/sort,3.15.12,63,C,INCONSISTENT_PUBLISH_PATH|SINGLE_MAINTAINER,1,22241,v0.2.0
angular-dynamic-locale,0.1.38,19,F,UNVERIFIED_PUBLISH_PATH|DORMANT|SINGLE_MAINTAINER,1,22223,v0.2.0
'@fontsource/ubuntu-mono,5.2.8,71,B,,2,22208,v0.2.0
'@fontsource-variable/lexend,5.2.11,71,B,,2,22158,v0.2.0
'@zoom-image/core,0.42.0,20,F,UNVERIFIED_PUBLISH_PATH|SINGLE_MAINTAINER,1,22116,v0.2.0
windmill-cli,1.760.1,32,F,UNVERIFIED_PUBLISH_PATH|SINGLE_MAINTAINER,1,22094,v0.2.0
'@wix/image-kit,1.124.0,30,F,UNVERIFIED_PUBLISH_PATH,13,22041,v0.2.0
quilljs-markdown,1.2.0,19,F,UNVERIFIED_PUBLISH_PATH|DORMANT|SINGLE_MAINTAINER,1,21987,v0.2.0
opensheetmusicdisplay,2.0.0,39,D,UNVERIFIED_PUBLISH_PATH,2,21903,v0.2.0
leaflet-geometryutil,0.10.3,33,F,UNVERIFIED_PUBLISH_PATH|DORMANT,6,21871,v0.2.0
angular-chart.js,2.1.1,25,F,UNVERIFIED_PUBLISH_PATH|SINGLE_MAINTAINER,1,21847,v0.2.0
'@namnode/store,0.1.0,14,F,UNVERIFIED_PUBLISH_PATH|DORMANT|SINGLE_MAINTAINER,1,21719,v0.2.0
'@lit-labs/motion,1.1.0,90,A,,11,21705,v0.2.0
'@fontsource/opendyslexic,5.2.5,71,B,,2,21701,v0.2.0
'@iconify-json/fa7-solid,1.2.5,21,F,UNVERIFIED_PUBLISH_PATH|SINGLE_MAINTAINER,1,21630,v0.2.0
icheck-bootstrap,3.0.1,19,F,UNVERIFIED_PUBLISH_PATH|DORMANT|SINGLE_MAINTAINER,1,21579,v0.2.0
devextreme-dist,26.1.3,33,F,UNVERIFIED_PUBLISH_PATH|SINGLE_MAINTAINER,1,21522,v0.2.0
minimasonry,1.3.2,19,F,UNVERIFIED_PUBLISH_PATH|DORMANT|SINGLE_MAINTAINER,1,21483,v0.2.0
'@worldcoin/minikit-js,2.0.3,72,B,INCONSISTENT_PUBLISH_PATH,2,21401,v0.2.0
'@zendeskgarden/css-variables,7.0.0,26,F,UNVERIFIED_PUBLISH_PATH|DORMANT|SINGLE_MAINTAINER,1,21399,v0.2.0
survey-analytics,2.5.34,39,D,UNVERIFIED_PUBLISH_PATH,5,21379,v0.2.0
ngstorage,0.3.11,19,F,UNVERIFIED_PUBLISH_PATH|DORMANT|SINGLE_MAINTAINER,1,21312,v0.2.0
'@fontsource/quicksand,5.2.10,71,B,,2,21307,v0.2.0
dwt,19.4.1,34,F,UNVERIFIED_PUBLISH_PATH,6,21280,v0.2.0
styled-icons,10.47.1,28,F,UNVERIFIED_PUBLISH_PATH|DORMANT,2,21270,v0.2.0
nhsuk-frontend,10.5.2,87,A,,4,21260,v0.2.0
corejs-typeahead,1.3.4,19,F,UNVERIFIED_PUBLISH_PATH|DORMANT|SINGLE_MAINTAINER,1,21209,v0.2.0
'@iconify-json/octicon,1.2.29,21,F,UNVERIFIED_PUBLISH_PATH|SINGLE_MAINTAINER,1,21199,v0.2.0
'@editorjs/warning,1.4.1,14,F,UNVERIFIED_PUBLISH_PATH|DORMANT|SINGLE_MAINTAINER,1,21189,v0.2.0
'@videojs/themes,1.0.1,24,F,UNVERIFIED_PUBLISH_PATH|DORMANT,17,21188,v0.2.0
'@wllama/wllama,3.5.1,25,F,UNVERIFIED_PUBLISH_PATH|SINGLE_MAINTAINER,1,21170,v0.2.0
chartjs-chart-venn,4.3.7,25,F,UNVERIFIED_PUBLISH_PATH|SINGLE_MAINTAINER,1,21080,v0.2.0
vue-infinite-scroll,2.0.2,33,F,UNVERIFIED_PUBLISH_PATH|DORMANT,3,21051,v0.2.0
deep-chat,2.4.2,25,F,UNVERIFIED_PUBLISH_PATH|SINGLE_MAINTAINER,1,21032,v0.2.0
page-agent,1.12.1,73,B,SINGLE_MAINTAINER,1,21029,v0.2.0
'@fontsource/cairo,5.2.7,71,B,,2,20996,v0.2.0
'@subframe/core,1.155.0,35,D,UNVERIFIED_PUBLISH_PATH,2,20980,v0.2.0
headroom.js,0.12.0,33,F,UNVERIFIED_PUBLISH_PATH|DORMANT,2,20952,v0.2.0
material-components-web,14.0.0,33,F,UNVERIFIED_PUBLISH_PATH|DORMANT,14,20939,v0.2.0
'@wix/sdk,1.21.13,30,F,UNVERIFIED_PUBLISH_PATH,13,20897,v0.2.0
'@wix/auto_sdk_identity_authentication,1.0.49,30,F,UNVERIFIED_PUBLISH_PATH,13,20896,v0.2.0
xgplayer,3.0.26,77,B,INCONSISTENT_PUBLISH_PATH,10,20866,v0.2.0
parsleyjs,2.9.2,39,D,UNVERIFIED_PUBLISH_PATH|DORMANT,2,20857,v0.2.0
'@taiga-ui/kit,5.15.0,46,D,UNVERIFIED_PUBLISH_PATH,7,20854,v0.2.0
stimulus-sortable,4.1.1,14,F,UNVERIFIED_PUBLISH_PATH|DORMANT|SINGLE_MAINTAINER|DEPRECATED,1,20842,v0.2.0
'@tonaljs/pcset,4.10.1,15,F,UNVERIFIED_PUBLISH_PATH|DORMANT|SINGLE_MAINTAINER,1,20817,v0.2.0
appcenter-cli,3.0.4,52,C,UNVERIFIED_PUBLISH_PATH,2,20814,v0.2.0
soundtouchjs,0.3.0,25,F,UNVERIFIED_PUBLISH_PATH|SINGLE_MAINTAINER,1,20808,v0.2.0
cep-promise,4.4.1,33,F,UNVERIFIED_PUBLISH_PATH|DORMANT,2,20795,v0.2.0
'@fontsource-variable/source-code-pro,5.2.7,71,B,,2,20775,v0.2.0
'@fontsource-variable/work-sans,5.2.8,71,B,,2,20751,v0.2.0
'@snowplow/browser-plugin-button-click-tracking,4.8.4,39,D,UNVERIFIED_PUBLISH_PATH,3,20700,v0.2.0
glider-js,1.7.10,25,F,UNVERIFIED_PUBLISH_PATH|SINGLE_MAINTAINER,1,20696,v0.2.0
poly-decomp,0.3.0,19,F,UNVERIFIED_PUBLISH_PATH|DORMANT|SINGLE_MAINTAINER,1,20690,v0.2.0
lethargy,1.0.9,19,F,UNVERIFIED_PUBLISH_PATH|DORMANT|SINGLE_MAINTAINER,1,20636,v0.2.0
express-serve-static-core,0.1.1,10,F,UNVERIFIED_PUBLISH_PATH|DORMANT|SINGLE_MAINTAINER,1,20612,v0.2.0
'@zendeskgarden/css-bedrock,10.0.1,26,F,UNVERIFIED_PUBLISH_PATH|DORMANT|SINGLE_MAINTAINER,1,20594,v0.2.0
'@segment/analytics-consent-wrapper-onetrust,1.1.3,46,D,UNVERIFIED_PUBLISH_PATH|BRANCH_REQUIRES_PR,3,20548,v0.2.0
'@shopify/app-bridge-utils,3.5.1,33,F,UNVERIFIED_PUBLISH_PATH|DORMANT|DEPRECATED,6,20533,v0.2.0
money,0.2.0,14,F,UNVERIFIED_PUBLISH_PATH|DORMANT|SINGLE_MAINTAINER|PUBLISHER_NOT_MAINTAINER,1,20517,v0.2.0
'@fontsource/ibm-plex-sans-arabic,5.2.9,81,B,,2,20481,v0.2.0
monaco-editor-core,0.55.1,47,D,UNVERIFIED_PUBLISH_PATH,8,20465,v0.2.0
editorjs-drag-drop,1.1.16,39,D,UNVERIFIED_PUBLISH_PATH|DORMANT,2,20455,v0.2.0
'@fontsource-variable/noto-sans-arabic,5.2.10,71,B,,2,20450,v0.2.0
baron,3.0.3,19,F,UNVERIFIED_PUBLISH_PATH|DORMANT|SINGLE_MAINTAINER,1,20444,v0.2.0
vanta,0.5.24,19,F,UNVERIFIED_PUBLISH_PATH|DORMANT|SINGLE_MAINTAINER,1,20426,v0.2.0
'@itwin/core-frontend,5.11.3,47,D,UNVERIFIED_PUBLISH_PATH,5,20418,v0.2.0
packery,3.0.0,25,F,UNVERIFIED_PUBLISH_PATH|SINGLE_MAINTAINER,1,20376,v0.2.0
leaflet.vectorgrid,1.3.0,33,F,UNVERIFIED_PUBLISH_PATH|DORMANT,3,20360,v0.2.0
'@swup/scripts-plugin,2.1.0,33,F,UNVERIFIED_PUBLISH_PATH|DORMANT,3,20336,v0.2.0
hugerte,1.0.12,31,F,UNVERIFIED_PUBLISH_PATH|SINGLE_MAINTAINER,1,20324,v0.2.0
'@hotwired/hotwire-native-bridge,1.2.2,39,D,UNVERIFIED_PUBLISH_PATH,6,20317,v0.2.0
tdesign-vue-next,1.20.3,75,B,SINGLE_MAINTAINER,1,20308,v0.2.0
'@rive-app/canvas-advanced,2.38.5,87,A,,5,20272,v0.2.0
vue-js-toggle-button,1.3.3,19,F,UNVERIFIED_PUBLISH_PATH|DORMANT|SINGLE_MAINTAINER,1,20265,v0.2.0
bootstrap4-duallistbox,4.0.2,19,F,UNVERIFIED_PUBLISH_PATH|DORMANT|SINGLE_MAINTAINER,1,20233,v0.2.0
'@iconify-json/bx,1.2.3,21,F,UNVERIFIED_PUBLISH_PATH|SINGLE_MAINTAINER,1,20212,v0.2.0
node-waves,0.7.6,19,F,UNVERIFIED_PUBLISH_PATH|DORMANT|SINGLE_MAINTAINER,1,20144,v0.2.0
universal-parallax,1.3.2,19,F,UNVERIFIED_PUBLISH_PATH|DORMANT|SINGLE_MAINTAINER,1,20067,v0.2.0
quill-paste-smart,2.0.0,19,F,UNVERIFIED_PUBLISH_PATH|DORMANT|SINGLE_MAINTAINER,1,20001,v0.2.0
quill-table-better,1.2.3,25,F,UNVERIFIED_PUBLISH_PATH|SINGLE_MAINTAINER,1,19931,v0.2.0
chartjs-plugin-dragdata,2.3.1,33,F,UNVERIFIED_PUBLISH_PATH|DORMANT,2,19930,v0.2.0
purecss,3.0.0,33,F,UNVERIFIED_PUBLISH_PATH|DORMANT,3,19922,v0.2.0
jsprintmanager,9.0.1,20,F,UNVERIFIED_PUBLISH_PATH|SINGLE_MAINTAINER,1,19921,v0.2.0
dynamsoft-camera-enhancer,4.1.1,10,F,UNVERIFIED_PUBLISH_PATH|DORMANT|SINGLE_MAINTAINER|DEPRECATED,1,19867,v0.2.0
'@fontsource/be-vietnam-pro,5.2.8,71,B,,2,19857,v0.2.0
particles.js,2.0.0,19,F,UNVERIFIED_PUBLISH_PATH|DORMANT|SINGLE_MAINTAINER,1,19826,v0.2.0
jzz,1.9.6,25,F,UNVERIFIED_PUBLISH_PATH|SINGLE_MAINTAINER,1,19739,v0.2.0
'@inlang/plugin-m-function-matcher,2.2.9,82,B,,2,19729,v0.2.0
wordcloud,1.2.3,19,F,UNVERIFIED_PUBLISH_PATH|DORMANT|SINGLE_MAINTAINER,1,19708,v0.2.0
emojione,4.5.0,14,F,UNVERIFIED_PUBLISH_PATH|DORMANT|SINGLE_MAINTAINER|PUBLISHER_NOT_MAINTAINER,1,19696,v0.2.0
simple-datatables,10.2.0,25,F,UNVERIFIED_PUBLISH_PATH|SINGLE_MAINTAINER,1,19671,v0.2.0
bootstrap-timepicker,0.5.2,19,F,UNVERIFIED_PUBLISH_PATH|DORMANT|SINGLE_MAINTAINER,1,19664,v0.2.0
select2-bootstrap-5-theme,1.3.0,19,F,UNVERIFIED_PUBLISH_PATH|DORMANT|SINGLE_MAINTAINER,1,19656,v0.2.0
'@iconify-json/bi,1.2.7,21,F,UNVERIFIED_PUBLISH_PATH|SINGLE_MAINTAINER,1,19651,v0.2.0
drawflow,0.0.60,19,F,UNVERIFIED_PUBLISH_PATH|DORMANT|SINGLE_MAINTAINER,1,19575,v0.2.0
luaparse,0.3.1,33,F,UNVERIFIED_PUBLISH_PATH|DORMANT,2,19562,v0.2.0
'@fontsource-variable/mulish,5.2.8,71,B,,2,19553,v0.2.0
'@mediapipe/hands,0.4.1675469240,24,F,UNVERIFIED_PUBLISH_PATH|DORMANT,8,19515,v0.2.0
phaser3-rex-plugins,1.80.20,25,F,UNVERIFIED_PUBLISH_PATH|SINGLE_MAINTAINER,1,19474,v0.2.0
'@fullcalendar/google-calendar,6.1.21,20,F,UNVERIFIED_PUBLISH_PATH|SINGLE_MAINTAINER,1,19438,v0.2.0
placeholder-loading,0.7.0,19,F,UNVERIFIED_PUBLISH_PATH|DORMANT|SINGLE_MAINTAINER,1,19436,v0.2.0
computer-modern,0.1.3,19,F,UNVERIFIED_PUBLISH_PATH|DORMANT|SINGLE_MAINTAINER,1,19410,v0.2.0
webmidi,3.1.16,31,F,UNVERIFIED_PUBLISH_PATH|SINGLE_MAINTAINER,1,19379,v0.2.0
webtorrent,3.0.16,87,A,,10,19277,v0.2.0
n2words,5.1.2,100,A,,2,19222,v0.2.0
scrollbooster,3.0.2,19,F,UNVERIFIED_PUBLISH_PATH|DORMANT|SINGLE_MAINTAINER,1,19217,v0.2.0
'@material/mwc-ripple,0.27.0,39,D,UNVERIFIED_PUBLISH_PATH|DORMANT|DEPRECATED,14,19199,v0.2.0
videojs-mux,4.21.28,35,D,UNVERIFIED_PUBLISH_PATH,4,19179,v0.2.0
'@alpinejs/anchor,3.15.12,63,C,INCONSISTENT_PUBLISH_PATH|SINGLE_MAINTAINER,1,19147,v0.2.0
powerbi-report-authoring,3.0.0,40,D,UNVERIFIED_PUBLISH_PATH,5,19081,v0.2.0
'@fontsource/tinos,5.2.7,71,B,,2,19067,v0.2.0
handlebars-intl,1.1.2,33,F,UNVERIFIED_PUBLISH_PATH|DORMANT,4,19067,v0.2.0
jvectormap-next,3.2.0,25,F,UNVERIFIED_PUBLISH_PATH|SINGLE_MAINTAINER,1,19031,v0.2.0
hint,7.1.13,40,D,UNVERIFIED_PUBLISH_PATH|DORMANT,5,18924,v0.2.0
open-props,1.7.23,25,F,UNVERIFIED_PUBLISH_PATH|SINGLE_MAINTAINER,1,18889,v0.2.0
jquery-colorbox,1.6.4,19,F,UNVERIFIED_PUBLISH_PATH|DORMANT|SINGLE_MAINTAINER,1,18852,v0.2.0
'@deno/kv,0.14.0,76,B,,4,18805,v0.2.0
'@flatfile/javascript,1.5.7,35,D,UNVERIFIED_PUBLISH_PATH,12,18753,v0.2.0
'@tensorflow-models/mobilenet,2.1.1,33,F,UNVERIFIED_PUBLISH_PATH|DORMANT,10,18731,v0.2.0
detect-autofill,1.1.4,19,F,UNVERIFIED_PUBLISH_PATH|DORMANT|SINGLE_MAINTAINER,1,18729,v0.2.0
alertifyjs,1.14.0,19,F,UNVERIFIED_PUBLISH_PATH|DORMANT|SINGLE_MAINTAINER,1,18727,v0.2.0
offline-js,0.7.19,33,F,UNVERIFIED_PUBLISH_PATH|DORMANT,10,18646,v0.2.0
zipson,0.2.12,19,F,UNVERIFIED_PUBLISH_PATH|DORMANT|SINGLE_MAINTAINER,1,18617,v0.2.0
vue-async-computed,4.0.1,33,F,UNVERIFIED_PUBLISH_PATH|DORMANT,2,18559,v0.2.0
'@fontsource/fredoka,5.2.10,71,B,,2,18552,v0.2.0
vanilla-autokana,1.3.0,10,F,UNVERIFIED_PUBLISH_PATH|DORMANT|SINGLE_MAINTAINER,1,18543,v0.2.0
filepond-plugin-file-poster,2.5.2,25,F,UNVERIFIED_PUBLISH_PATH|SINGLE_MAINTAINER,1,18519,v0.2.0
kuroshiro-analyzer-kuromoji,1.1.0,19,F,UNVERIFIED_PUBLISH_PATH|DORMANT|SINGLE_MAINTAINER,1,18479,v0.2.0
diffusion,6.12.2,21,F,UNVERIFIED_PUBLISH_PATH|SINGLE_MAINTAINER,1,18465,v0.2.0
'@fontsource/rajdhani,5.2.7,71,B,,2,18454,v0.2.0
'@google/markerclusterer,2.0.9,14,F,UNVERIFIED_PUBLISH_PATH|DORMANT|SINGLE_MAINTAINER|DEPRECATED,1,18358,v0.2.0
'@segment/analytics-signals,2.4.4,30,F,UNVERIFIED_PUBLISH_PATH|PUBLISHER_NOT_MAINTAINER,3,18347,v0.2.0
sm-crypto,0.4.0,31,F,UNVERIFIED_PUBLISH_PATH|SINGLE_MAINTAINER,1,18310,v0.2.0
'@userlike/messenger,2.0.3,71,B,,4,18292,v0.2.0
'@eonasdan/tempus-dominus,6.10.4,25,F,UNVERIFIED_PUBLISH_PATH|SINGLE_MAINTAINER,1,18254,v0.2.0
jquery.fancytree,2.38.5,32,F,UNVERIFIED_PUBLISH_PATH|SINGLE_MAINTAINER,1,18159,v0.2.0
scanbot-web-sdk,9.0.0,21,F,UNVERIFIED_PUBLISH_PATH|SINGLE_MAINTAINER,1,18158,v0.2.0
'@jitsu/js,1.11.0,72,B,INCONSISTENT_PUBLISH_PATH|BRANCH_REQUIRES_PR,4,18130,v0.2.0
'@fontsource/lexend,5.2.11,71,B,,2,18065,v0.2.0
tooltipster,4.2.8,9,F,UNVERIFIED_PUBLISH_PATH|DORMANT|SINGLE_MAINTAINER|PUBLISHER_NOT_MAINTAINER,1,18020,v0.2.0
darkreader,4.9.128,31,F,UNVERIFIED_PUBLISH_PATH|SINGLE_MAINTAINER,1,17996,v0.2.0
jquery-mockjax,3.0.1,25,F,UNVERIFIED_PUBLISH_PATH|SINGLE_MAINTAINER,1,17994,v0.2.0
'@dotlottie/player-component,2.7.12,28,F,UNVERIFIED_PUBLISH_PATH|DORMANT|DEPRECATED,2,17960,v0.2.0
'@bitgo-forks/cryptocurrency-icons,0.128.0,25,F,UNVERIFIED_PUBLISH_PATH|SINGLE_MAINTAINER,1,17925,v0.2.0
ng-primitives,0.127.0,73,B,SINGLE_MAINTAINER,1,17922,v0.2.0
iztro,2.5.8,26,F,UNVERIFIED_PUBLISH_PATH|SINGLE_MAINTAINER,1,17914,v0.2.0
'@dimforge/rapier2d-compat,0.19.3,25,F,UNVERIFIED_PUBLISH_PATH|SINGLE_MAINTAINER,1,17900,v0.2.0
'@wix/auto_sdk_identity_oauth,1.0.47,30,F,UNVERIFIED_PUBLISH_PATH,13,17873,v0.2.0
'@iframe-resizer/jquery,5.5.9,31,F,UNVERIFIED_PUBLISH_PATH|SINGLE_MAINTAINER,1,17846,v0.2.0
'@easepick/datetime,1.2.1,19,F,UNVERIFIED_PUBLISH_PATH|DORMANT|SINGLE_MAINTAINER,1,17835,v0.2.0
gpu.js,2.16.0,19,F,UNVERIFIED_PUBLISH_PATH|DORMANT|SINGLE_MAINTAINER,1,17834,v0.2.0
'@carbon/web-components,2.59.0,100,A,,7,17810,v0.2.0
tdesign-icons-vue-next,0.4.6,20,F,UNVERIFIED_PUBLISH_PATH|SINGLE_MAINTAINER,1,17774,v0.2.0
polotno,4.4.0,21,F,UNVERIFIED_PUBLISH_PATH|SINGLE_MAINTAINER,1,17720,v0.2.0
vue-bootstrap-datetimepicker,5.0.1,19,F,UNVERIFIED_PUBLISH_PATH|DORMANT|SINGLE_MAINTAINER,1,17651,v0.2.0
flickity-imagesloaded,2.0.0,19,F,UNVERIFIED_PUBLISH_PATH|DORMANT|SINGLE_MAINTAINER,1,17643,v0.2.0
'@fontsource/noto-serif,5.2.9,71,B,,2,17624,v0.2.0
marked-alert,2.1.2,19,F,UNVERIFIED_PUBLISH_PATH|DORMANT|SINGLE_MAINTAINER,1,17618,v0.2.0
'@iconify-json/fa7-brands,1.2.3,21,F,UNVERIFIED_PUBLISH_PATH|SINGLE_MAINTAINER,1,17607,v0.2.0
'@google/markerclustererplus,5.1.3,14,F,UNVERIFIED_PUBLISH_PATH|DORMANT|SINGLE_MAINTAINER|DEPRECATED,1,17601,v0.2.0
angular-smart-table,2.1.11,19,F,UNVERIFIED_PUBLISH_PATH|DORMANT|SINGLE_MAINTAINER,1,17533,v0.2.0
featurebase-js,1.0.3,39,D,UNVERIFIED_PUBLISH_PATH,2,17520,v0.2.0
latlon-geohash,2.0.0,14,F,UNVERIFIED_PUBLISH_PATH|DORMANT|SINGLE_MAINTAINER,1,17520,v0.2.0
cal-heatmap,4.2.4,19,F,UNVERIFIED_PUBLISH_PATH|DORMANT|SINGLE_MAINTAINER,1,17517,v0.2.0
videojs-contrib-hls,5.15.0,33,F,UNVERIFIED_PUBLISH_PATH|DORMANT,21,17494,v0.2.0
botframework-webchat,4.19.1,41,D,UNVERIFIED_PUBLISH_PATH,9,17484,v0.2.0
react-flagpack,2.0.6,28,F,UNVERIFIED_PUBLISH_PATH|DORMANT|PUBLISHER_NOT_MAINTAINER,4,17473,v0.2.0
moment-precise-range-plugin,1.3.0,19,F,UNVERIFIED_PUBLISH_PATH|DORMANT|SINGLE_MAINTAINER,1,17445,v0.2.0
'@tensorflow-models/universal-sentence-encoder,1.3.3,28,F,UNVERIFIED_PUBLISH_PATH|DORMANT,10,17441,v0.2.0
pannellum,2.5.7,20,F,UNVERIFIED_PUBLISH_PATH|SINGLE_MAINTAINER,1,17424,v0.2.0
jquery-match-height,0.7.2,19,F,UNVERIFIED_PUBLISH_PATH|DORMANT|SINGLE_MAINTAINER,1,17390,v0.2.0
'@adobe/lit-mobx,2.2.2,33,F,UNVERIFIED_PUBLISH_PATH|DORMANT,31,17388,v0.2.0
vue-good-table,2.21.11,19,F,UNVERIFIED_PUBLISH_PATH|DORMANT|SINGLE_MAINTAINER,1,17369,v0.2.0
phpunserialize,1.3.0,19,F,UNVERIFIED_PUBLISH_PATH|DORMANT|SINGLE_MAINTAINER,1,17366,v0.2.0
wangeditor,4.7.15,19,F,UNVERIFIED_PUBLISH_PATH|DORMANT|SINGLE_MAINTAINER,1,17323,v0.2.0
dojo,1.17.3,33,F,UNVERIFIED_PUBLISH_PATH|DORMANT,3,17286,v0.2.0
'@37signals/lexxy,0.9.24,34,F,UNVERIFIED_PUBLISH_PATH,7,17260,v0.2.0
shave,5.1.0,32,F,UNVERIFIED_PUBLISH_PATH|SINGLE_MAINTAINER,1,17257,v0.2.0
epic-spinners,2.0.0,19,F,UNVERIFIED_PUBLISH_PATH|DORMANT|SINGLE_MAINTAINER,1,17237,v0.2.0
graphlib-dot,0.6.4,33,F,UNVERIFIED_PUBLISH_PATH|DORMANT,2,17220,v0.2.0
'@flaticon/flaticon-uicons,3.3.1,19,F,UNVERIFIED_PUBLISH_PATH|DORMANT|SINGLE_MAINTAINER|BRANCH_REQUIRES_PR,1,17211,v0.2.0
'@iconify-json/heroicons-outline,1.2.1,15,F,UNVERIFIED_PUBLISH_PATH|DORMANT|SINGLE_MAINTAINER,1,17209,v0.2.0
'@iconify-json/radix-icons,1.2.6,21,F,UNVERIFIED_PUBLISH_PATH|SINGLE_MAINTAINER,1,17200,v0.2.0
'@taiga-ui/cdk,5.15.0,46,D,UNVERIFIED_PUBLISH_PATH,7,17185,v0.2.0
simple-keyboard-layouts,3.4.236,73,B,SINGLE_MAINTAINER,1,17185,v0.2.0
grapesjs-plugin-export,1.0.12,19,F,UNVERIFIED_PUBLISH_PATH|DORMANT|SINGLE_MAINTAINER,1,17149,v0.2.0
intersection-observer-polyfill,0.1.0,19,F,UNVERIFIED_PUBLISH_PATH|DORMANT|SINGLE_MAINTAINER,1,17117,v0.2.0
'@loaders.gl/i3s,4.4.3,39,D,UNVERIFIED_PUBLISH_PATH,8,17116,v0.2.0
'@wix/headless-media,0.0.25,30,F,UNVERIFIED_PUBLISH_PATH,13,17097,v0.2.0
klaro,0.7.21,19,F,UNVERIFIED_PUBLISH_PATH|DORMANT|SINGLE_MAINTAINER,1,17089,v0.2.0
jquery-contextmenu,2.10.1,39,D,UNVERIFIED_PUBLISH_PATH,2,17033,v0.2.0
grapesjs-parser-postcss,1.0.3,19,F,UNVERIFIED_PUBLISH_PATH|DORMANT|SINGLE_MAINTAINER,1,17018,v0.2.0
pickadate,5.0.0-alpha.3,14,F,UNVERIFIED_PUBLISH_PATH|DORMANT|SINGLE_MAINTAINER,1,16984,v0.2.0
jquery-mapael,2.2.0,19,F,UNVERIFIED_PUBLISH_PATH|DORMANT|SINGLE_MAINTAINER,1,16983,v0.2.0
vue-slick-carousel,1.0.6,19,F,UNVERIFIED_PUBLISH_PATH|DORMANT|SINGLE_MAINTAINER,1,16980,v0.2.0
'@fontsource/pt-sans,5.2.8,71,B,,2,16954,v0.2.0
echarts-liquidfill,3.1.0,33,F,UNVERIFIED_PUBLISH_PATH|DORMANT,2,16945,v0.2.0
typeit,8.8.7,19,F,UNVERIFIED_PUBLISH_PATH|DORMANT|SINGLE_MAINTAINER,1,16934,v0.2.0
jsgrid,1.5.3,19,F,UNVERIFIED_PUBLISH_PATH|DORMANT|SINGLE_MAINTAINER,1,16926,v0.2.0
babylonjs,9.17.0,25,F,UNVERIFIED_PUBLISH_PATH|SINGLE_MAINTAINER,1,16914,v0.2.0
theoplayer,11.6.1,30,F,UNVERIFIED_PUBLISH_PATH|PUBLISHER_NOT_MAINTAINER,2,16723,v0.2.0
observe-element-in-viewport,0.0.15,19,F,UNVERIFIED_PUBLISH_PATH|DORMANT|SINGLE_MAINTAINER,1,16721,v0.2.0
'@fontsource-variable/raleway,5.2.8,71,B,,2,16711,v0.2.0
'@enzedonline/quill-blot-formatter2,3.2.0,25,F,UNVERIFIED_PUBLISH_PATH|SINGLE_MAINTAINER,1,16694,v0.2.0
'@fontsource/noto-color-emoji,5.2.12,81,B,,2,16674,v0.2.0
'@editorjs/attaches,1.3.2,20,F,UNVERIFIED_PUBLISH_PATH|SINGLE_MAINTAINER,1,16638,v0.2.0
'@taiga-ui/core,5.15.0,46,D,UNVERIFIED_PUBLISH_PATH,7,16560,v0.2.0
elasticlunr,0.9.5,19,F,UNVERIFIED_PUBLISH_PATH|DORMANT|SINGLE_MAINTAINER,1,16479,v0.2.0
jquery-knob,1.2.11,19,F,UNVERIFIED_PUBLISH_PATH|DORMANT|SINGLE_MAINTAINER,1,16431,v0.2.0
artplayer,5.4.0,25,F,UNVERIFIED_PUBLISH_PATH|SINGLE_MAINTAINER,1,16408,v0.2.0
reframe.js,4.0.2,32,F,UNVERIFIED_PUBLISH_PATH|DORMANT|SINGLE_MAINTAINER,1,16404,v0.2.0
angularjs-slider,7.1.0,19,F,UNVERIFIED_PUBLISH_PATH|DORMANT|SINGLE_MAINTAINER,1,16336,v0.2.0
'@fontsource/noto-sans-thai,5.2.8,71,B,,2,16335,v0.2.0
quill-image-compress,2.0.3,19,F,UNVERIFIED_PUBLISH_PATH|DORMANT|SINGLE_MAINTAINER,1,16315,v0.2.0
'@tryghost/portal,2.69.150,95,A,,33,16296,v0.2.0
'@iconify-json/circle-flags,1.2.10,21,F,UNVERIFIED_PUBLISH_PATH|SINGLE_MAINTAINER,1,16242,v0.2.0
pixi-spine,4.0.6,39,D,UNVERIFIED_PUBLISH_PATH,2,16225,v0.2.0
'@observablehq/runtime,6.0.0,33,F,UNVERIFIED_PUBLISH_PATH|DORMANT,4,16158,v0.2.0
react-base-table,2.1.0,34,F,UNVERIFIED_PUBLISH_PATH,2,16128,v0.2.0
fslightbox,3.7.5,25,F,UNVERIFIED_PUBLISH_PATH|SINGLE_MAINTAINER,1,16118,v0.2.0
js-datepicker,5.18.4,20,F,UNVERIFIED_PUBLISH_PATH|SINGLE_MAINTAINER,1,16111,v0.2.0
gmaps,0.4.25,33,F,UNVERIFIED_PUBLISH_PATH|DORMANT,2,16082,v0.2.0
'@fullcalendar/icalendar,6.1.21,20,F,UNVERIFIED_PUBLISH_PATH|SINGLE_MAINTAINER,1,16066,v0.2.0
'@tonaljs/core,5.0.2,15,F,UNVERIFIED_PUBLISH_PATH|DORMANT|SINGLE_MAINTAINER,1,16061,v0.2.0
eva-icons,1.1.3,9,F,UNVERIFIED_PUBLISH_PATH|DORMANT,0,16047,v0.2.0
zoomist,2.2.0,25,F,UNVERIFIED_PUBLISH_PATH|SINGLE_MAINTAINER,1,16020,v0.2.0
prebid.js,11.24.0,39,D,UNVERIFIED_PUBLISH_PATH,2,15976,v0.2.0
pixi-live2d-display,0.4.0,14,F,UNVERIFIED_PUBLISH_PATH|DORMANT|SINGLE_MAINTAINER,1,15952,v0.2.0
webstomp-client,1.2.6,19,F,UNVERIFIED_PUBLISH_PATH|DORMANT|SINGLE_MAINTAINER,1,15912,v0.2.0
'@fontsource/titillium-web,5.2.8,71,B,,2,15872,v0.2.0
'@tensorflow-models/pose-detection,2.1.3,33,F,UNVERIFIED_PUBLISH_PATH|DORMANT,8,15837,v0.2.0
'@joyfill/components,4.0.0-rc24,35,D,UNVERIFIED_PUBLISH_PATH,3,15827,v0.2.0
flexboxgrid2,7.2.1,19,F,UNVERIFIED_PUBLISH_PATH|DORMANT|SINGLE_MAINTAINER,1,15814,v0.2.0
cobrowse-sdk-js,3.25.2,39,D,UNVERIFIED_PUBLISH_PATH,2,15787,v0.2.0
'@fontsource/onest,5.2.11,71,B,,2,15776,v0.2.0
quill-image-uploader,1.3.0,19,F,UNVERIFIED_PUBLISH_PATH|DORMANT|SINGLE_MAINTAINER,1,15762,v0.2.0
'@iconify-json/ion,1.2.7,21,F,UNVERIFIED_PUBLISH_PATH|SINGLE_MAINTAINER,1,15736,v0.2.0
rellax,1.12.1,19,F,UNVERIFIED_PUBLISH_PATH|DORMANT|SINGLE_MAINTAINER,1,15704,v0.2.0
lemonadejs,5.3.6,25,F,UNVERIFIED_PUBLISH_PATH|SINGLE_MAINTAINER,1,15667,v0.2.0
'@ip-location-db/geolite2-geo-whois-asn-country,2.3.2026061719,58,C,INCONSISTENT_PUBLISH_PATH|SINGLE_MAINTAINER,1,15638,v0.2.0
linkify-element,4.3.3,79,B,SINGLE_MAINTAINER,1,15624,v0.2.0
circle-flags,2.8.3,25,F,UNVERIFIED_PUBLISH_PATH|SINGLE_MAINTAINER,1,15623,v0.2.0
kuroshiro,1.2.0,19,F,UNVERIFIED_PUBLISH_PATH|DORMANT|SINGLE_MAINTAINER,1,15612,v0.2.0
'@wix/auto_sdk_ecom_checkout,1.0.162,30,F,UNVERIFIED_PUBLISH_PATH,13,15543,v0.2.0
easyqrcodejs,4.6.2,25,F,UNVERIFIED_PUBLISH_PATH|SINGLE_MAINTAINER,1,15528,v0.2.0
moment-timezone-all,0.5.5,19,F,UNVERIFIED_PUBLISH_PATH|DORMANT|SINGLE_MAINTAINER,1,15449,v0.2.0
'@aurodesignsystem/design-tokens,9.1.0,46,D,UNVERIFIED_PUBLISH_PATH,8,15435,v0.2.0
'@ryangjchandler/alpine-tooltip,2.0.1,19,F,UNVERIFIED_PUBLISH_PATH|DORMANT|SINGLE_MAINTAINER,1,15425,v0.2.0
'@iconify-json/iconoir,1.2.11,21,F,UNVERIFIED_PUBLISH_PATH|SINGLE_MAINTAINER,1,15391,v0.2.0
world-flags-sprite,0.0.2,19,F,UNVERIFIED_PUBLISH_PATH|DORMANT|SINGLE_MAINTAINER,1,15376,v0.2.0
'@easepick/range-plugin,1.2.1,19,F,UNVERIFIED_PUBLISH_PATH|DORMANT|SINGLE_MAINTAINER,1,15303,v0.2.0
'@fontsource-variable/noto-sans-thai,5.2.8,71,B,,2,15258,v0.2.0
extenso,2.1.0,19,F,UNVERIFIED_PUBLISH_PATH|DORMANT|SINGLE_MAINTAINER,1,15256,v0.2.0
filepond-plugin-image-validate-size,1.2.7,19,F,UNVERIFIED_PUBLISH_PATH|DORMANT|SINGLE_MAINTAINER,1,15246,v0.2.0
'@observablehq/inspector,5.0.1,33,F,UNVERIFIED_PUBLISH_PATH|DORMANT,4,15210,v0.2.0
fomantic-ui,2.9.4,50,C,UNVERIFIED_PUBLISH_PATH,3,15190,v0.2.0
three-gpu-pathtracer,0.0.24,25,F,UNVERIFIED_PUBLISH_PATH|SINGLE_MAINTAINER,1,15187,v0.2.0
jmuxer,2.1.1,39,D,UNVERIFIED_PUBLISH_PATH,2,15170,v0.2.0
'@expo-google-fonts/rubik,0.4.2,39,D,UNVERIFIED_PUBLISH_PATH,4,15168,v0.2.0
svelecte,5.3.0,25,F,UNVERIFIED_PUBLISH_PATH|SINGLE_MAINTAINER,1,15121,v0.2.0
igv,3.8.4,25,F,UNVERIFIED_PUBLISH_PATH|SINGLE_MAINTAINER,1,15111,v0.2.0
datatables.net-fixedcolumns-dt,5.0.5,25,F,UNVERIFIED_PUBLISH_PATH|SINGLE_MAINTAINER,1,15091,v0.2.0
drift-zoom,1.5.1,40,D,UNVERIFIED_PUBLISH_PATH|DORMANT,10,15080,v0.2.0
'@siemens/ix,5.1.0,78,B,INCONSISTENT_PUBLISH_PATH,3,15023,v0.2.0
'@alpinejs/morph,3.15.12,63,C,INCONSISTENT_PUBLISH_PATH|SINGLE_MAINTAINER,1,14992,v0.2.0
qrcodejs2,0.0.2,14,F,UNVERIFIED_PUBLISH_PATH|DORMANT|SINGLE_MAINTAINER|PUBLISHER_NOT_MAINTAINER,1,14937,v0.2.0
bootstrap-css-only,4.4.1,19,F,UNVERIFIED_PUBLISH_PATH|DORMANT|SINGLE_MAINTAINER,1,14933,v0.2.0
easy-autocomplete,1.3.5,19,F,UNVERIFIED_PUBLISH_PATH|DORMANT|SINGLE_MAINTAINER,1,14931,v0.2.0
jquery-timepicker,1.3.3,19,F,UNVERIFIED_PUBLISH_PATH|DORMANT|SINGLE_MAINTAINER,1,14914,v0.2.0
sendbird,3.1.33,19,F,UNVERIFIED_PUBLISH_PATH|DORMANT|SINGLE_MAINTAINER,1,14914,v0.2.0
drag-drop-touch,1.3.1,10,F,UNVERIFIED_PUBLISH_PATH|DORMANT|SINGLE_MAINTAINER|PUBLISHER_NOT_MAINTAINER,1,14847,v0.2.0
'@pisell/private-materials,2.0.550,30,F,UNVERIFIED_PUBLISH_PATH,8,14839,v0.2.0
carbon-web-components,1.21.0,40,D,UNVERIFIED_PUBLISH_PATH|DORMANT|DEPRECATED,5,14816,v0.2.0
'@openobserve/browser-rum,0.3.4,41,D,UNVERIFIED_PUBLISH_PATH,4,14811,v0.2.0
'@drupal/once,1.0.1,24,F,UNVERIFIED_PUBLISH_PATH|DORMANT,2,14790,v0.2.0
uuidjs,5.1.0,19,F,UNVERIFIED_PUBLISH_PATH|DORMANT|SINGLE_MAINTAINER,1,14766,v0.2.0
dynamsoft-javascript-barcode,9.6.42,28,F,UNVERIFIED_PUBLISH_PATH|DORMANT|DEPRECATED,5,14753,v0.2.0
'@observablehq/inputs,0.12.0,33,F,UNVERIFIED_PUBLISH_PATH|DORMANT,4,14744,v0.2.0
js-polyfills,0.1.43,19,F,UNVERIFIED_PUBLISH_PATH|DORMANT|SINGLE_MAINTAINER|DEPRECATED,1,14731,v0.2.0
'@iconify-json/heroicons-solid,1.2.1,15,F,UNVERIFIED_PUBLISH_PATH|DORMANT|SINGLE_MAINTAINER,1,14730,v0.2.0
'@fontsource-variable/merriweather,5.2.6,71,B,,2,14719,v0.2.0
'@fontsource/chakra-petch,5.2.7,71,B,,2,14719,v0.2.0
'@elastic/apm-rum-vue,2.1.15,87,A,,3,14660,v0.2.0
angular-strap,2.3.12,33,F,UNVERIFIED_PUBLISH_PATH|DORMANT,2,14633,v0.2.0
fullcalendar-scheduler,6.1.21,20,F,UNVERIFIED_PUBLISH_PATH|SINGLE_MAINTAINER,1,14617,v0.2.0
inner-image-zoom,1.0.1,25,F,UNVERIFIED_PUBLISH_PATH|SINGLE_MAINTAINER,1,14611,v0.2.0
jspreadsheet,12.8.7,21,F,UNVERIFIED_PUBLISH_PATH|SINGLE_MAINTAINER,1,14581,v0.2.0
vue-form-wizard,0.8.4,19,F,UNVERIFIED_PUBLISH_PATH|DORMANT|SINGLE_MAINTAINER,1,14540,v0.2.0
scandit-web-datacapture-core,6.28.11,35,D,UNVERIFIED_PUBLISH_PATH,4,14463,v0.2.0
cryptocurrency-icons,0.18.1,33,F,UNVERIFIED_PUBLISH_PATH|DORMANT,3,14453,v0.2.0
'@scandit/web-datacapture-core,8.5.0,35,D,UNVERIFIED_PUBLISH_PATH,5,14451,v0.2.0
'@tailwindcss/ui,0.7.2,24,F,UNVERIFIED_PUBLISH_PATH|DORMANT,3,14439,v0.2.0
svgxuse,1.2.6,19,F,UNVERIFIED_PUBLISH_PATH|DORMANT|SINGLE_MAINTAINER,1,14428,v0.2.0
shortcut-buttons-flatpickr,0.4.0,19,F,UNVERIFIED_PUBLISH_PATH|DORMANT|SINGLE_MAINTAINER,1,14427,v0.2.0
jquery-ui-timepicker-addon,1.6.3,19,F,UNVERIFIED_PUBLISH_PATH|DORMANT|SINGLE_MAINTAINER,1,14426,v0.2.0
'@wix/auto_sdk_identity_recovery,1.0.43,30,F,UNVERIFIED_PUBLISH_PATH,13,14423,v0.2.0
'@wix/auto_sdk_identity_verification,1.0.45,30,F,UNVERIFIED_PUBLISH_PATH,13,14418,v0.2.0
'@videojs/html,10.0.0-beta.25,82,B,BRANCH_REQUIRES_PR,22,14413,v0.2.0
nanoscroller,0.8.7,19,F,UNVERIFIED_PUBLISH_PATH|DORMANT|SINGLE_MAINTAINER,1,14410,v0.2.0
typograf,7.7.0,25,F,UNVERIFIED_PUBLISH_PATH|SINGLE_MAINTAINER,1,14395,v0.2.0
jquery-countdown,2.2.0,33,F,UNVERIFIED_PUBLISH_PATH|DORMANT,2,14387,v0.2.0
'@kiwicom/orbit-components,27.7.1-alpha.0,39,D,UNVERIFIED_PUBLISH_PATH,3,14382,v0.2.0
'@fontsource-variable/noto-sans-kr,5.2.10,71,B,,2,14353,v0.2.0
'@fontsource/tajawal,5.2.7,71,B,,2,14349,v0.2.0
skinview3d,3.4.2,39,D,UNVERIFIED_PUBLISH_PATH,4,14325,v0.2.0
'@vonage/client-sdk,2.5.1,35,D,UNVERIFIED_PUBLISH_PATH,69,14317,v0.2.0
videojs-flash,2.2.1,33,F,UNVERIFIED_PUBLISH_PATH|DORMANT,4,14302,v0.2.0
framework7,9.1.1,25,F,UNVERIFIED_PUBLISH_PATH|SINGLE_MAINTAINER,1,14272,v0.2.0
mediaelement,7.1.0,39,D,UNVERIFIED_PUBLISH_PATH,4,14263,v0.2.0
videojs-playlist,5.2.0,28,F,UNVERIFIED_PUBLISH_PATH|DORMANT|PUBLISHER_NOT_MAINTAINER,101,14209,v0.2.0
argon2-browser,1.18.0,19,F,UNVERIFIED_PUBLISH_PATH|DORMANT|SINGLE_MAINTAINER,1,14180,v0.2.0
'@aurodesignsystem/webcorestylesheets,11.1.3,46,D,UNVERIFIED_PUBLISH_PATH,8,14134,v0.2.0
'@stimulus-components/dialog,1.0.1,14,F,UNVERIFIED_PUBLISH_PATH|DORMANT|SINGLE_MAINTAINER,1,14134,v0.2.0
adhan,4.4.4,87,A,,2,14110,v0.2.0
scandit-web-datacapture-barcode,6.28.11,35,D,UNVERIFIED_PUBLISH_PATH,4,14073,v0.2.0
svgaplayerweb,2.3.2,33,F,UNVERIFIED_PUBLISH_PATH|DORMANT,2,14036,v0.2.0
jquery-bar-rating,1.2.2,33,F,UNVERIFIED_PUBLISH_PATH|DORMANT,2,14007,v0.2.0
'@fontsource-variable/syne,5.2.7,71,B,,2,13997,v0.2.0
'@embedpdf/default-stamps,0.0.1,26,F,UNVERIFIED_PUBLISH_PATH|SINGLE_MAINTAINER,1,13970,v0.2.0
opus-media-recorder,0.8.0,19,F,UNVERIFIED_PUBLISH_PATH|DORMANT|SINGLE_MAINTAINER,1,13908,v0.2.0
'@stimulus-components/password-visibility,3.0.0,14,F,UNVERIFIED_PUBLISH_PATH|DORMANT|SINGLE_MAINTAINER,1,13905,v0.2.0
'@easepick/lock-plugin,1.2.1,19,F,UNVERIFIED_PUBLISH_PATH|DORMANT|SINGLE_MAINTAINER,1,13888,v0.2.0
video-worker,3.0.1,73,B,SINGLE_MAINTAINER,1,13886,v0.2.0
easy-pie-chart,2.1.7,19,F,UNVERIFIED_PUBLISH_PATH|DORMANT|SINGLE_MAINTAINER,1,13876,v0.2.0
photoswipe-dynamic-caption-plugin,1.2.7,19,F,UNVERIFIED_PUBLISH_PATH|DORMANT|SINGLE_MAINTAINER,1,13865,v0.2.0
vue-custom-element,3.3.0,19,F,UNVERIFIED_PUBLISH_PATH|DORMANT|SINGLE_MAINTAINER,1,13848,v0.2.0
clamp-js,0.7.0,19,F,UNVERIFIED_PUBLISH_PATH|DORMANT|SINGLE_MAINTAINER,1,13773,v0.2.0
basecoat-css,1.0.2,25,F,UNVERIFIED_PUBLISH_PATH|SINGLE_MAINTAINER,1,13764,v0.2.0
'@ryangjchandler/alpine-clipboard,2.3.0,19,F,UNVERIFIED_PUBLISH_PATH|DORMANT|SINGLE_MAINTAINER,1,13763,v0.2.0
'@fontsource/josefin-sans,5.2.8,71,B,,2,13757,v0.2.0
'@tensorflow/tfjs-vis,1.5.1,28,F,UNVERIFIED_PUBLISH_PATH|DORMANT,10,13743,v0.2.0
'@iconify-json/line-md,1.2.16,21,F,UNVERIFIED_PUBLISH_PATH|SINGLE_MAINTAINER,1,13673,v0.2.0
'@siemens/ix-icons,3.4.0,78,B,INCONSISTENT_PUBLISH_PATH,3,13670,v0.2.0
onmount,2.0.0,20,F,UNVERIFIED_PUBLISH_PATH|SINGLE_MAINTAINER,1,13670,v0.2.0
pixelarticons,2.2.0,25,F,UNVERIFIED_PUBLISH_PATH|SINGLE_MAINTAINER,1,13668,v0.2.0
'@wix/auto_sdk_ecom_current-cart,1.0.179,30,F,UNVERIFIED_PUBLISH_PATH,13,13581,v0.2.0
scrollama,3.2.0,14,F,UNVERIFIED_PUBLISH_PATH|DORMANT|SINGLE_MAINTAINER|PUBLISHER_NOT_MAINTAINER,1,13577,v0.2.0
locomotive-scroll,5.0.1,39,D,UNVERIFIED_PUBLISH_PATH,3,13563,v0.2.0
'@wix/auto_sdk_members_custom-fields,1.0.55,30,F,UNVERIFIED_PUBLISH_PATH,13,13539,v0.2.0
scroll-hint,1.2.9,15,F,UNVERIFIED_PUBLISH_PATH|DORMANT|SINGLE_MAINTAINER,1,13531,v0.2.0
v-lazy-image,2.1.1,15,F,UNVERIFIED_PUBLISH_PATH|DORMANT|SINGLE_MAINTAINER,1,13519,v0.2.0
jqueryui,1.11.1,19,F,UNVERIFIED_PUBLISH_PATH|DORMANT|SINGLE_MAINTAINER,1,13492,v0.2.0
'@scandit/web-datacapture-barcode,8.5.0,35,D,UNVERIFIED_PUBLISH_PATH,5,13488,v0.2.0
sticky-js,1.3.0,19,F,UNVERIFIED_PUBLISH_PATH|DORMANT|SINGLE_MAINTAINER,1,13473,v0.2.0
disable-devtool,0.3.9,25,F,UNVERIFIED_PUBLISH_PATH|SINGLE_MAINTAINER,1,13466,v0.2.0
chartjs-plugin-autocolors,0.3.1,19,F,UNVERIFIED_PUBLISH_PATH|DORMANT|SINGLE_MAINTAINER,1,13456,v0.2.0
'@finos/perspective,3.8.0,40,D,UNVERIFIED_PUBLISH_PATH,4,13451,v0.2.0
babel-regenerator-runtime,6.5.0,24,F,UNVERIFIED_PUBLISH_PATH|DORMANT,2,13450,v0.2.0
jasny-bootstrap,4.0.0,19,F,UNVERIFIED_PUBLISH_PATH|DORMANT|SINGLE_MAINTAINER,1,13437,v0.2.0
'@clr/icons,13.0.2,23,F,UNVERIFIED_PUBLISH_PATH|DORMANT|PUBLISHER_NOT_MAINTAINER,4,13424,v0.2.0
'@easepick/preset-plugin,1.2.1,19,F,UNVERIFIED_PUBLISH_PATH|DORMANT|SINGLE_MAINTAINER,1,13418,v0.2.0
'@wix/auto_sdk_members_custom-field-suggestions,1.0.39,30,F,UNVERIFIED_PUBLISH_PATH,13,13415,v0.2.0
'@wix/auto_sdk_members_badges,1.0.52,30,F,UNVERIFIED_PUBLISH_PATH,13,13412,v0.2.0
'@wix/auto_sdk_members_authorization,1.0.35,30,F,UNVERIFIED_PUBLISH_PATH,13,13373,v0.2.0
'@esotericsoftware/spine-player,4.3.10,77,B,INCONSISTENT_PUBLISH_PATH,3,13358,v0.2.0
vue-ctk-date-time-picker,2.6.1,39,D,UNVERIFIED_PUBLISH_PATH,4,13352,v0.2.0
izitoast,1.4.0,19,F,UNVERIFIED_PUBLISH_PATH|DORMANT|SINGLE_MAINTAINER,1,13345,v0.2.0
'@wix/auto_sdk_members_authentication,1.0.44,30,F,UNVERIFIED_PUBLISH_PATH,13,13342,v0.2.0
'@wix/auto_sdk_members_badge-assignments,1.0.29,30,F,UNVERIFIED_PUBLISH_PATH,13,13304,v0.2.0
'@wix/auto_sdk_members_member-followers,1.0.43,30,F,UNVERIFIED_PUBLISH_PATH,13,13273,v0.2.0
vue-autosuggest,2.2.0,19,F,UNVERIFIED_PUBLISH_PATH|DORMANT|SINGLE_MAINTAINER,1,13257,v0.2.0
browser-interaction-time,3.0.0,14,F,UNVERIFIED_PUBLISH_PATH|DORMANT|SINGLE_MAINTAINER|PUBLISHER_NOT_MAINTAINER|DEPRECATED,1,13252,v0.2.0
typeface-montserrat,1.1.13,14,F,UNVERIFIED_PUBLISH_PATH|DORMANT|SINGLE_MAINTAINER,1,13244,v0.2.0
'@fawazahmed0/currency-api,2026.7.16,63,C,SINGLE_MAINTAINER,1,13226,v0.2.0
'@lemonadejs/modal,5.8.3,21,F,UNVERIFIED_PUBLISH_PATH|SINGLE_MAINTAINER,1,13217,v0.2.0
'@mappedin/mappedin-js,6.21.1,21,F,UNVERIFIED_PUBLISH_PATH|SINGLE_MAINTAINER,1,13195,v0.2.0
clipboard-js,0.3.6,14,F,UNVERIFIED_PUBLISH_PATH|DORMANT|SINGLE_MAINTAINER|DEPRECATED,1,13193,v0.2.0
external-svg-loader,1.7.1,14,F,UNVERIFIED_PUBLISH_PATH|DORMANT|SINGLE_MAINTAINER,1,13164,v0.2.0
vue-phone-number-input,1.12.13,19,F,UNVERIFIED_PUBLISH_PATH|DORMANT|SINGLE_MAINTAINER,1,13164,v0.2.0
cometd,9.0.1,25,F,UNVERIFIED_PUBLISH_PATH|SINGLE_MAINTAINER,1,13149,v0.2.0
jquery.maskedinput,1.4.1,14,F,UNVERIFIED_PUBLISH_PATH|DORMANT|SINGLE_MAINTAINER|PUBLISHER_NOT_MAINTAINER,1,13129,v0.2.0
prism-code-editor,5.2.0,25,F,UNVERIFIED_PUBLISH_PATH|SINGLE_MAINTAINER,1,13126,v0.2.0
'@iconify-json/game-icons,1.2.4,21,F,UNVERIFIED_PUBLISH_PATH|SINGLE_MAINTAINER,1,13125,v0.2.0
'@crystaldesign/diva-core,26.7.7,21,F,UNVERIFIED_PUBLISH_PATH|SINGLE_MAINTAINER,1,13124,v0.2.0
dynamsoft-core,3.4.31,10,F,UNVERIFIED_PUBLISH_PATH|DORMANT|SINGLE_MAINTAINER,1,13111,v0.2.0
survey-jquery,1.12.63,34,F,UNVERIFIED_PUBLISH_PATH,5,13091,v0.2.0
clarity-js,0.8.67,45,D,UNVERIFIED_PUBLISH_PATH,5,13076,v0.2.0
'@iconscout/unicons,4.2.0,33,F,UNVERIFIED_PUBLISH_PATH|DORMANT,2,13066,v0.2.0
'@fontsource-variable/eb-garamond,5.2.7,71,B,,2,13057,v0.2.0
'@alifd/next,1.27.34,39,D,UNVERIFIED_PUBLISH_PATH,8,13040,v0.2.0
'@fontsource-variable/noto-serif,5.2.9,71,B,,2,13029,v0.2.0
hanzi-writer-data,2.0.1,19,F,UNVERIFIED_PUBLISH_PATH|DORMANT|SINGLE_MAINTAINER,1,13028,v0.2.0
citation-js,0.8.2,25,F,UNVERIFIED_PUBLISH_PATH|SINGLE_MAINTAINER,1,13026,v0.2.0
'@grapecity/spread-sheets,18.2.5,30,F,UNVERIFIED_PUBLISH_PATH,2,13010,v0.2.0
just-validate,4.3.0,19,F,UNVERIFIED_PUBLISH_PATH|DORMANT|SINGLE_MAINTAINER,1,12974,v0.2.0
essentia.js,0.1.3,33,F,UNVERIFIED_PUBLISH_PATH|DORMANT,2,12942,v0.2.0
videojs-contrib-eme,5.5.2,35,D,UNVERIFIED_PUBLISH_PATH,22,12913,v0.2.0
pinch-zoom-js,2.3.5,19,F,UNVERIFIED_PUBLISH_PATH|DORMANT|SINGLE_MAINTAINER,1,12906,v0.2.0
'@vkid/sdk,2.6.6,41,D,UNVERIFIED_PUBLISH_PATH,6,12890,v0.2.0
'@react-spectrum/s2,1.5.1,39,D,UNVERIFIED_PUBLISH_PATH,2,12869,v0.2.0
'@fontsource-variable/quicksand,5.2.10,71,B,,2,12864,v0.2.0
sass.js,0.11.1,19,F,UNVERIFIED_PUBLISH_PATH|DORMANT|SINGLE_MAINTAINER,1,12864,v0.2.0
rdflib,2.4.0,82,B,,15,12850,v0.2.0
'@easepick/core,1.2.1,19,F,UNVERIFIED_PUBLISH_PATH|DORMANT|SINGLE_MAINTAINER,1,12793,v0.2.0
'@skyway-sdk/room,2.5.1,34,F,UNVERIFIED_PUBLISH_PATH,10,12780,v0.2.0
vue-datetime,1.0.0-beta.14,14,F,UNVERIFIED_PUBLISH_PATH|DORMANT|SINGLE_MAINTAINER,1,12770,v0.2.0
qtip2,3.0.3,19,F,UNVERIFIED_PUBLISH_PATH|DORMANT|SINGLE_MAINTAINER,1,12743,v0.2.0
'@easepick/base-plugin,1.2.1,19,F,UNVERIFIED_PUBLISH_PATH|DORMANT|SINGLE_MAINTAINER,1,12735,v0.2.0
'@fontsource/karla,5.2.8,71,B,,2,12730,v0.2.0
'@freeday-ai/webchat,2025.6.0-4.10.34.8523,30,F,UNVERIFIED_PUBLISH_PATH,3,12724,v0.2.0
emoji-mart-vue,2.6.6,19,F,UNVERIFIED_PUBLISH_PATH|DORMANT|SINGLE_MAINTAINER,1,12689,v0.2.0
'@openedx/paragon,23.22.2,87,A,,3,12677,v0.2.0
'@fontsource/pt-serif,5.2.8,71,B,,2,12649,v0.2.0
shufflejs,7.0.0,25,F,UNVERIFIED_PUBLISH_PATH|SINGLE_MAINTAINER,1,12646,v0.2.0
block-ui,2.70.1,19,F,UNVERIFIED_PUBLISH_PATH|DORMANT|SINGLE_MAINTAINER,1,12634,v0.2.0
react-native-ui-lib,9.1.0,39,D,UNVERIFIED_PUBLISH_PATH,6,12633,v0.2.0
'@ffmpeg/core-mt,0.12.10,39,D,UNVERIFIED_PUBLISH_PATH,3,12627,v0.2.0
stimulsoft-reports-js,2026.2.4,25,F,UNVERIFIED_PUBLISH_PATH|SINGLE_MAINTAINER,1,12624,v0.2.0
jarallax,3.0.1,73,B,SINGLE_MAINTAINER,1,12614,v0.2.0
'@n8n/chat,1.29.1,95,A,BRANCH_REQUIRES_PR,5,12612,v0.2.0
vue-pagination-2,3.1.0,19,F,UNVERIFIED_PUBLISH_PATH|DORMANT|SINGLE_MAINTAINER,1,12603,v0.2.0
dromo-uploader-js,2.13.0,35,D,UNVERIFIED_PUBLISH_PATH,2,12594,v0.2.0
clabe-validator,3.2.2,25,F,UNVERIFIED_PUBLISH_PATH|SINGLE_MAINTAINER,1,12589,v0.2.0
chartjs-plugin-labels,1.1.0,19,F,UNVERIFIED_PUBLISH_PATH|DORMANT|SINGLE_MAINTAINER,1,12584,v0.2.0
vue2-perfect-scrollbar,1.5.56,19,F,UNVERIFIED_PUBLISH_PATH|DORMANT|SINGLE_MAINTAINER,1,12567,v0.2.0
wc-datepicker,0.13.0,25,F,UNVERIFIED_PUBLISH_PATH|SINGLE_MAINTAINER,1,12566,v0.2.0
open-iconic,1.1.1,19,F,UNVERIFIED_PUBLISH_PATH|DORMANT|SINGLE_MAINTAINER,1,12533,v0.2.0
typesense-docsearch-css,0.4.1,35,D,UNVERIFIED_PUBLISH_PATH|DORMANT,4,12514,v0.2.0
vue2-filters,0.14.0,19,F,UNVERIFIED_PUBLISH_PATH|DORMANT|SINGLE_MAINTAINER,1,12453,v0.2.0
'@fontsource-variable/noto-sans-mono,5.2.10,71,B,,2,12445,v0.2.0
versor,0.2.0,19,F,UNVERIFIED_PUBLISH_PATH|DORMANT|SINGLE_MAINTAINER,1,12437,v0.2.0
angular-cache,4.6.0,19,F,UNVERIFIED_PUBLISH_PATH|DORMANT|SINGLE_MAINTAINER,1,12428,v0.2.0
openmoji,17.0.0,25,F,UNVERIFIED_PUBLISH_PATH|SINGLE_MAINTAINER,1,12411,v0.2.0
parallax-js,3.1.0,33,F,UNVERIFIED_PUBLISH_PATH|DORMANT,2,12410,v0.2.0
quill-resize-module,2.1.3,25,F,UNVERIFIED_PUBLISH_PATH|SINGLE_MAINTAINER,1,12374,v0.2.0
jquery-cropper,1.0.2,25,F,UNVERIFIED_PUBLISH_PATH|SINGLE_MAINTAINER,1,12314,v0.2.0
'@wix/services-definitions,1.0.5,30,F,UNVERIFIED_PUBLISH_PATH,13,12266,v0.2.0
'@alfalab/core-components,50.22.0,35,D,UNVERIFIED_PUBLISH_PATH,15,12251,v0.2.0
'@coreui/icons-pro,3.1.0,25,F,UNVERIFIED_PUBLISH_PATH|SINGLE_MAINTAINER,1,12235,v0.2.0
'@contentauth/c2pa-web,0.12.1,72,B,INCONSISTENT_PUBLISH_PATH|BRANCH_REQUIRES_PR,5,12215,v0.2.0
ol-contextmenu,6.0.1,79,B,SINGLE_MAINTAINER,1,12215,v0.2.0
world_countries_lists,3.3.0,25,F,UNVERIFIED_PUBLISH_PATH|SINGLE_MAINTAINER,1,12210,v0.2.0
import-map-overrides,6.1.0,20,F,UNVERIFIED_PUBLISH_PATH|SINGLE_MAINTAINER,1,12188,v0.2.0
'@fontsource-variable/noto-sans-tc,5.2.10,71,B,,2,12180,v0.2.0
'@fontsource/syne,5.2.7,71,B,,2,12180,v0.2.0
'@algolia/autocomplete-plugin-redirect-url,1.19.9,29,F,UNVERIFIED_PUBLISH_PATH|PUBLISHER_NOT_MAINTAINER,14,12170,v0.2.0
'@fontsource/heebo,5.2.8,71,B,,2,12155,v0.2.0
'@finos/perspective-viewer,3.8.0,40,D,UNVERIFIED_PUBLISH_PATH,4,12101,v0.2.0
'@marcreichel/alpine-autosize,1.3.3,19,F,UNVERIFIED_PUBLISH_PATH|DORMANT|SINGLE_MAINTAINER,1,12082,v0.2.0
'@logicflow/extension,2.3.0,34,F,UNVERIFIED_PUBLISH_PATH,8,12061,v0.2.0
'@crystaldesign/diva-web-planner-react,26.7.7,21,F,UNVERIFIED_PUBLISH_PATH|SINGLE_MAINTAINER,1,12048,v0.2.0
countdown,2.6.0,19,F,UNVERIFIED_PUBLISH_PATH|DORMANT|SINGLE_MAINTAINER,1,12016,v0.2.0
'@tsparticles/preset-confetti,4.3.2,69,C,INCONSISTENT_PUBLISH_PATH|SINGLE_MAINTAINER,1,11993,v0.2.0
'@fontsource/courier-prime,5.2.8,71,B,,2,11989,v0.2.0
sticky-sidebar,3.3.1,19,F,UNVERIFIED_PUBLISH_PATH|DORMANT|SINGLE_MAINTAINER,1,11924,v0.2.0
'@wix/headless-ecom,0.0.45,30,F,UNVERIFIED_PUBLISH_PATH,13,11895,v0.2.0
scrollmonitor,1.2.11,19,F,UNVERIFIED_PUBLISH_PATH|DORMANT|SINGLE_MAINTAINER,1,11892,v0.2.0
'@lobehub/icons-static-png,1.93.0,39,D,UNVERIFIED_PUBLISH_PATH,9,11883,v0.2.0
'@fontsource-variable/rethink-sans,5.2.8,71,B,,2,11860,v0.2.0
textangular,1.5.16,33,F,UNVERIFIED_PUBLISH_PATH|DORMANT,4,11844,v0.2.0
'@relewise/client,2.24.0,87,A,,3,11829,v0.2.0
spin,0.0.1,9,F,UNVERIFIED_PUBLISH_PATH|DORMANT|SINGLE_MAINTAINER,1,11817,v0.2.0
esri-leaflet-vector,4.3.2,39,D,UNVERIFIED_PUBLISH_PATH,5,11813,v0.2.0
jvectormap,2.0.4,15,F,UNVERIFIED_PUBLISH_PATH|DORMANT|SINGLE_MAINTAINER|DEPRECATED,1,11791,v0.2.0
countly-sdk-web,26.1.3,45,D,UNVERIFIED_PUBLISH_PATH,3,11789,v0.2.0
'@waline/client,3.15.2,82,B,,2,11786,v0.2.0
'@justinribeiro/lite-youtube,1.9.0,25,F,UNVERIFIED_PUBLISH_PATH|SINGLE_MAINTAINER,1,11764,v0.2.0
'@fontsource-variable/oswald,5.2.8,71,B,,2,11763,v0.2.0
'@cspell/dict-redis,1.0.7,63,C,SINGLE_MAINTAINER,1,11737,v0.2.0
streaming-markdown,0.2.15,25,F,UNVERIFIED_PUBLISH_PATH|SINGLE_MAINTAINER,1,11725,v0.2.0
'@wix/auto_sdk_members_members,1.0.128,30,F,UNVERIFIED_PUBLISH_PATH,13,11714,v0.2.0
'@iconify-json/material-symbols-light,1.2.85,21,F,UNVERIFIED_PUBLISH_PATH|SINGLE_MAINTAINER,1,11708,v0.2.0
devextreme-exceljs-fork,4.4.11,94,A,,3,11684,v0.2.0
leader-line-new,1.1.9,19,F,UNVERIFIED_PUBLISH_PATH|DORMANT|SINGLE_MAINTAINER,1,11681,v0.2.0
'@babylonjs/viewer,9.17.0,25,F,UNVERIFIED_PUBLISH_PATH|SINGLE_MAINTAINER,1,11673,v0.2.0
restangular,1.6.1,33,F,UNVERIFIED_PUBLISH_PATH|DORMANT,3,11673,v0.2.0
'@fontsource/vt323,5.2.7,71,B,,2,11654,v0.2.0
'@ivanv/vue-collapse-transition,1.0.2,19,F,UNVERIFIED_PUBLISH_PATH|DORMANT|SINGLE_MAINTAINER,1,11643,v0.2.0
'@wix/auto_sdk_members_user-member,1.0.53,30,F,UNVERIFIED_PUBLISH_PATH,13,11624,v0.2.0
vue-rx,6.2.0,19,F,UNVERIFIED_PUBLISH_PATH|DORMANT|SINGLE_MAINTAINER,1,11621,v0.2.0
smoothscroll,0.4.0,19,F,UNVERIFIED_PUBLISH_PATH|DORMANT|SINGLE_MAINTAINER,1,11617,v0.2.0
'@tryghost/sodo-search,1.8.164,95,A,,33,11616,v0.2.0
jquery-i18next,1.3.0,39,D,UNVERIFIED_PUBLISH_PATH,2,11576,v0.2.0
'@wix/auto_sdk_members_member-privacy-settings,1.0.56,30,F,UNVERIFIED_PUBLISH_PATH,13,11565,v0.2.0
'@fontsource/permanent-marker,5.2.7,71,B,,2,11562,v0.2.0
'@fontsource/cormorant,5.2.8,71,B,,2,11542,v0.2.0
load-script2,2.0.6,19,F,UNVERIFIED_PUBLISH_PATH|DORMANT|SINGLE_MAINTAINER,1,11518,v0.2.0
'@wix/essentials,1.0.11,30,F,UNVERIFIED_PUBLISH_PATH,13,11499,v0.2.0
xml-beautify,1.2.3,19,F,UNVERIFIED_PUBLISH_PATH|DORMANT|SINGLE_MAINTAINER,1,11490,v0.2.0
'@wix/auto_sdk_members_members-about,1.0.71,30,F,UNVERIFIED_PUBLISH_PATH,13,11439,v0.2.0
'@wix/auto_sdk_members_member-report,1.0.48,30,F,UNVERIFIED_PUBLISH_PATH,13,11433,v0.2.0
'@wix/auto_sdk_members_member-role-definition,1.0.45,30,F,UNVERIFIED_PUBLISH_PATH,13,11426,v0.2.0
polyline,0.2.0,14,F,UNVERIFIED_PUBLISH_PATH|DORMANT|SINGLE_MAINTAINER|PUBLISHER_NOT_MAINTAINER|DEPRECATED,1,11419,v0.2.0
'@wix/auto_sdk_members_custom-field-applications,1.0.40,30,F,UNVERIFIED_PUBLISH_PATH,13,11418,v0.2.0
bootstrap-maxlength,2.0.0,19,F,UNVERIFIED_PUBLISH_PATH|DORMANT|SINGLE_MAINTAINER,1,11413,v0.2.0
detect-incognito,1.0.0,19,F,UNVERIFIED_PUBLISH_PATH|DORMANT|SINGLE_MAINTAINER,1,11395,v0.2.0
'@wix/auto_sdk_members_member-to-member-block,1.0.34,30,F,UNVERIFIED_PUBLISH_PATH,13,11382,v0.2.0
confetti-js,0.0.18,19,F,UNVERIFIED_PUBLISH_PATH|DORMANT|SINGLE_MAINTAINER,1,11377,v0.2.0
jquery-modal,0.9.2,19,F,UNVERIFIED_PUBLISH_PATH|DORMANT|SINGLE_MAINTAINER,1,11376,v0.2.0
chartjs-chart-financial,0.2.1,19,F,UNVERIFIED_PUBLISH_PATH|DORMANT|SINGLE_MAINTAINER,1,11366,v0.2.0
'@wix/auto_sdk_members_badges-v-2,1.0.36,30,F,UNVERIFIED_PUBLISH_PATH,13,11365,v0.2.0
'@icon-park/svg,1.4.2,33,F,UNVERIFIED_PUBLISH_PATH|DORMANT,2,11362,v0.2.0
'@multiavatar/multiavatar,1.0.7,19,F,UNVERIFIED_PUBLISH_PATH|DORMANT|SINGLE_MAINTAINER,1,11361,v0.2.0
octicons,8.5.0,35,D,UNVERIFIED_PUBLISH_PATH|DORMANT|DEPRECATED,20,11359,v0.2.0
'@wix/auto_sdk_members_default-privacy,1.0.33,30,F,UNVERIFIED_PUBLISH_PATH,13,11356,v0.2.0
ie-array-find-polyfill,1.1.0,19,F,UNVERIFIED_PUBLISH_PATH|DORMANT|SINGLE_MAINTAINER,1,11311,v0.2.0
arrive,2.5.3,39,D,UNVERIFIED_PUBLISH_PATH,2,11307,v0.2.0
payment-icons,1.2.1,19,F,UNVERIFIED_PUBLISH_PATH|DORMANT|SINGLE_MAINTAINER|DEPRECATED,1,11297,v0.2.0
tweetnacl-sealedbox-js,1.2.0,15,F,UNVERIFIED_PUBLISH_PATH|DORMANT|SINGLE_MAINTAINER,1,11232,v0.2.0
file-icon-vectors,1.0.0,19,F,UNVERIFIED_PUBLISH_PATH|DORMANT|SINGLE_MAINTAINER,1,11211,v0.2.0
angular-recaptcha,4.2.0,33,F,UNVERIFIED_PUBLISH_PATH|DORMANT,2,11207,v0.2.0
vue-mq,1.0.1,19,F,UNVERIFIED_PUBLISH_PATH|DORMANT|SINGLE_MAINTAINER,1,11175,v0.2.0
'@fontsource/pacifico,5.2.7,71,B,,2,11162,v0.2.0
ngmap,1.18.5,19,F,UNVERIFIED_PUBLISH_PATH|DORMANT|SINGLE_MAINTAINER,1,11105,v0.2.0
jquery.payment,3.0.0,33,F,UNVERIFIED_PUBLISH_PATH|DORMANT,5,11104,v0.2.0
angular-inview,3.1.0,19,F,UNVERIFIED_PUBLISH_PATH|DORMANT|SINGLE_MAINTAINER,1,11094,v0.2.0
'@fontsource-variable/roboto-slab,5.2.8,71,B,,2,11092,v0.2.0
grapesjs-navbar,1.0.2,19,F,UNVERIFIED_PUBLISH_PATH|DORMANT|SINGLE_MAINTAINER,1,11082,v0.2.0
jquery-placeholder,2.3.1,33,F,UNVERIFIED_PUBLISH_PATH|DORMANT,2,11077,v0.2.0
ids-enterprise-wc,1.16.23,35,D,UNVERIFIED_PUBLISH_PATH,9,11066,v0.2.0
'@toast-ui/calendar,2.1.3,33,F,UNVERIFIED_PUBLISH_PATH|DORMANT,2,11053,v0.2.0
bootstrap-fileinput,5.5.4,19,F,UNVERIFIED_PUBLISH_PATH|DORMANT|SINGLE_MAINTAINER,1,11039,v0.2.0
leader-line,1.0.8,25,F,UNVERIFIED_PUBLISH_PATH|SINGLE_MAINTAINER,1,11031,v0.2.0
theme-change,3.0.4,20,F,UNVERIFIED_PUBLISH_PATH|SINGLE_MAINTAINER,1,11030,v0.2.0
'@farmfe/core,1.7.11,34,F,UNVERIFIED_PUBLISH_PATH,3,11017,v0.2.0
'@fontsource/urbanist,5.2.7,71,B,,2,11014,v0.2.0
chartjs-chart-error-bars,4.4.5,25,F,UNVERIFIED_PUBLISH_PATH|SINGLE_MAINTAINER,1,11012,v0.2.0
vue-cleave-component,3.0.2,19,F,UNVERIFIED_PUBLISH_PATH|DORMANT|SINGLE_MAINTAINER,1,11008,v0.2.0
compression-streams-polyfill,0.1.7,19,F,UNVERIFIED_PUBLISH_PATH|DORMANT|SINGLE_MAINTAINER,1,11007,v0.2.0
'@fragment-dev/cli,2026.7.16,39,D,UNVERIFIED_PUBLISH_PATH,5,11005,v0.2.0
esri-leaflet-geocoder,3.1.7,39,D,UNVERIFIED_PUBLISH_PATH,6,10954,v0.2.0
dygraphs,2.2.1,33,F,UNVERIFIED_PUBLISH_PATH|DORMANT,5,10918,v0.2.0
gmap-vue,3.5.4,25,F,UNVERIFIED_PUBLISH_PATH|DORMANT|SINGLE_MAINTAINER,1,10871,v0.2.0
'@fontsource-variable/onest,5.2.11,71,B,,2,10862,v0.2.0
'@mediapipe/drawing_utils,0.3.1675466124,24,F,UNVERIFIED_PUBLISH_PATH|DORMANT,8,10846,v0.2.0
'@iconify-json/icon-park-outline,1.2.4,21,F,UNVERIFIED_PUBLISH_PATH|SINGLE_MAINTAINER,1,10818,v0.2.0
leaflet-providers,3.0.0,39,D,UNVERIFIED_PUBLISH_PATH,3,10789,v0.2.0
leaflet-rotate,0.2.8,19,F,UNVERIFIED_PUBLISH_PATH|DORMANT|SINGLE_MAINTAINER,1,10767,v0.2.0
element-qsa-scope,1.1.0,19,F,UNVERIFIED_PUBLISH_PATH|DORMANT|SINGLE_MAINTAINER,1,10763,v0.2.0
'@fontsource-variable/caveat,5.2.8,71,B,,2,10752,v0.2.0
devbridge-autocomplete,2.0.4,79,B,SINGLE_MAINTAINER,1,10744,v0.2.0
'@mediapipe/tasks-genai,0.10.29,30,F,UNVERIFIED_PUBLISH_PATH,8,10717,v0.2.0
'@easepick/amp-plugin,1.2.1,19,F,UNVERIFIED_PUBLISH_PATH|DORMANT|SINGLE_MAINTAINER,1,10707,v0.2.0
autotrack,2.4.1,19,F,UNVERIFIED_PUBLISH_PATH|DORMANT|SINGLE_MAINTAINER,1,10689,v0.2.0
'@fontsource/noto-serif-jp,5.2.8,71,B,,2,10662,v0.2.0
knockout-mapping,2.6.0,19,F,UNVERIFIED_PUBLISH_PATH|DORMANT|SINGLE_MAINTAINER,1,10642,v0.2.0
custom-protocol-check,1.4.0,19,F,UNVERIFIED_PUBLISH_PATH|DORMANT|SINGLE_MAINTAINER,1,10632,v0.2.0
'@wix/ricos,11.6.2,30,F,UNVERIFIED_PUBLISH_PATH,13,10627,v0.2.0
'@checkr/web-sdk,0.0.59,29,F,UNVERIFIED_PUBLISH_PATH|DORMANT,4,10615,v0.2.0
'@mcp-b/global,4.0.0,71,B,INCONSISTENT_PUBLISH_PATH|SINGLE_MAINTAINER,1,10587,v0.2.0
'@fontsource/schibsted-grotesk,5.2.8,71,B,,2,10582,v0.2.0
tiff.js,1.0.0,19,F,UNVERIFIED_PUBLISH_PATH|DORMANT|SINGLE_MAINTAINER,1,10580,v0.2.0
'@easepick/kbd-plugin,1.2.1,19,F,UNVERIFIED_PUBLISH_PATH|DORMANT|SINGLE_MAINTAINER,1,10529,v0.2.0
'@waline/emojis,1.4.0,34,F,UNVERIFIED_PUBLISH_PATH,2,10506,v0.2.0
accessibility-checker-engine,4.0.29,63,C,INCONSISTENT_PUBLISH_PATH|SINGLE_MAINTAINER,1,10497,v0.2.0
'@pdftron/pdfjs-express-viewer,8.7.5,15,F,UNVERIFIED_PUBLISH_PATH|DORMANT|SINGLE_MAINTAINER,1,10494,v0.2.0
ionic-angular,3.9.10,35,D,UNVERIFIED_PUBLISH_PATH|DORMANT,10,10493,v0.2.0
cloudinary-video-player,4.0.3,94,A,,5,10485,v0.2.0
classie,1.0.0,19,F,UNVERIFIED_PUBLISH_PATH|DORMANT|SINGLE_MAINTAINER,1,10461,v0.2.0
vosk-browser,0.0.8,19,F,UNVERIFIED_PUBLISH_PATH|DORMANT|SINGLE_MAINTAINER,1,10454,v0.2.0
devexpress-dashboard,26.1.3,30,F,UNVERIFIED_PUBLISH_PATH,2,10444,v0.2.0
'@photo-sphere-viewer/virtual-tour-plugin,5.14.3,73,B,SINGLE_MAINTAINER,1,10440,v0.2.0
html5shiv,3.7.3,19,F,UNVERIFIED_PUBLISH_PATH|DORMANT|SINGLE_MAINTAINER,1,10437,v0.2.0
react-owl-carousel,2.3.3,19,F,UNVERIFIED_PUBLISH_PATH|DORMANT|SINGLE_MAINTAINER,1,10425,v0.2.0
'@walletconnect/web3-provider,1.8.0,28,F,UNVERIFIED_PUBLISH_PATH|DORMANT|PUBLISHER_NOT_MAINTAINER|DEPRECATED,2,10411,v0.2.0
'@fontsource/literata,5.2.8,71,B,,2,10394,v0.2.0
'@nativescript/core,9.0.20,77,B,INCONSISTENT_PUBLISH_PATH,2,10388,v0.2.0
vue-video-player,6.0.0,19,F,UNVERIFIED_PUBLISH_PATH|DORMANT|SINGLE_MAINTAINER,1,10383,v0.2.0
svgmap,2.21.0,25,F,UNVERIFIED_PUBLISH_PATH|SINGLE_MAINTAINER,1,10332,v0.2.0
iconoir,7.11.1,76,B,,2,10328,v0.2.0
vue-timeago,5.1.3,33,F,UNVERIFIED_PUBLISH_PATH|DORMANT,3,10323,v0.2.0
'@easepick/bundle,1.2.1,19,F,UNVERIFIED_PUBLISH_PATH|DORMANT|SINGLE_MAINTAINER,1,10318,v0.2.0
universalviewer,4.4.2,39,D,UNVERIFIED_PUBLISH_PATH,3,10297,v0.2.0
orejime,3.2.0,83,B,INCONSISTENT_PUBLISH_PATH,2,10284,v0.2.0
tdesign-react,1.18.0,65,C,INCONSISTENT_PUBLISH_PATH|SINGLE_MAINTAINER,1,10239,v0.2.0
polyfill-array-includes,2.0.0,19,F,UNVERIFIED_PUBLISH_PATH|DORMANT|SINGLE_MAINTAINER,1,10209,v0.2.0
resize-sensor,0.0.6,19,F,UNVERIFIED_PUBLISH_PATH|DORMANT|SINGLE_MAINTAINER,1,10186,v0.2.0
'@visactor/vtable,1.26.5,77,B,INCONSISTENT_PUBLISH_PATH,16,10179,v0.2.0
leaflet-easybutton,2.4.0,19,F,UNVERIFIED_PUBLISH_PATH|DORMANT|SINGLE_MAINTAINER,1,10148,v0.2.0
angular-gettext,2.4.2,19,F,UNVERIFIED_PUBLISH_PATH|DORMANT|SINGLE_MAINTAINER,1,10118,v0.2.0
'@antv/s2,2.7.2,77,B,INCONSISTENT_PUBLISH_PATH,18,10096,v0.2.0
'@ebay/skin,19.28.0,77,B,INCONSISTENT_PUBLISH_PATH,7,10087,v0.2.0
leaflet-spin,1.1.2,33,F,UNVERIFIED_PUBLISH_PATH|DORMANT,6,10073,v0.2.0
angular-toastr,2.1.1,19,F,UNVERIFIED_PUBLISH_PATH|DORMANT|SINGLE_MAINTAINER,1,10056,v0.2.0
'@microsoft/fast-components,2.30.6,46,D,UNVERIFIED_PUBLISH_PATH|DORMANT|DEPRECATED,10,10043,v0.2.0
ol-layerswitcher,4.1.2,33,F,UNVERIFIED_PUBLISH_PATH|DORMANT,2,10037,v0.2.0
'@iconify-json/fa-solid,1.2.2,21,F,UNVERIFIED_PUBLISH_PATH|SINGLE_MAINTAINER,1,10034,v0.2.0
'@fontsource-variable/noto-sans-bengali,5.2.11,81,B,,2,10013,v0.2.0
'@fontsource/sarabun,5.2.8,71,B,,2,9988,v0.2.0
'@govtechsg/sgds-web-component,3.24.0,34,F,UNVERIFIED_PUBLISH_PATH,14,9986,v0.2.0
mxgraph,4.2.2,14,F,UNVERIFIED_PUBLISH_PATH|DORMANT|SINGLE_MAINTAINER|PUBLISHER_NOT_MAINTAINER|DEPRECATED,1,9953,v0.2.0
'@saasquatch/squatch-js,2.8.4,45,D,UNVERIFIED_PUBLISH_PATH,10,9925,v0.2.0
textfit,2.4.0,19,F,UNVERIFIED_PUBLISH_PATH|DORMANT|SINGLE_MAINTAINER,1,9885,v0.2.0
wowjs,1.1.3,19,F,UNVERIFIED_PUBLISH_PATH|DORMANT|SINGLE_MAINTAINER,1,9883,v0.2.0
framework7-icons,5.0.5,14,F,UNVERIFIED_PUBLISH_PATH|DORMANT|SINGLE_MAINTAINER,1,9870,v0.2.0
vue-radial-progress,0.3.2,14,F,UNVERIFIED_PUBLISH_PATH|DORMANT|SINGLE_MAINTAINER|PUBLISHER_NOT_MAINTAINER|DEPRECATED,1,9868,v0.2.0
devextreme-cldr-data,1.0.3,19,F,UNVERIFIED_PUBLISH_PATH|DORMANT|PUBLISHER_NOT_MAINTAINER,4,9838,v0.2.0
'@fontsource/cabin,5.2.8,71,B,,2,9834,v0.2.0
lightpick,1.6.2,14,F,UNVERIFIED_PUBLISH_PATH|DORMANT|SINGLE_MAINTAINER|PUBLISHER_NOT_MAINTAINER|DEPRECATED,1,9770,v0.2.0
'@fontsource-variable/mona-sans,5.2.8,71,B,,2,9765,v0.2.0
smartwizard,7.0.2,25,F,UNVERIFIED_PUBLISH_PATH|SINGLE_MAINTAINER,1,9764,v0.2.0
angular-jwt,0.1.11,35,D,UNVERIFIED_PUBLISH_PATH|DORMANT|PUBLISHER_NOT_MAINTAINER,21,9758,v0.2.0
'@material-icons/svg,1.0.33,19,F,UNVERIFIED_PUBLISH_PATH|DORMANT|SINGLE_MAINTAINER,1,9757,v0.2.0
'@wix/error-handler,1.68.0,30,F,UNVERIFIED_PUBLISH_PATH,13,9754,v0.2.0
siema,1.5.1,14,F,UNVERIFIED_PUBLISH_PATH|DORMANT|SINGLE_MAINTAINER,1,9722,v0.2.0
ng-dialog,1.4.0,33,F,UNVERIFIED_PUBLISH_PATH|DORMANT,3,9715,v0.2.0
leaflet-ant-path,1.3.0,14,F,UNVERIFIED_PUBLISH_PATH|DORMANT|SINGLE_MAINTAINER,1,9714,v0.2.0
bloodhound-js,1.2.3,19,F,UNVERIFIED_PUBLISH_PATH|DORMANT|SINGLE_MAINTAINER,1,9700,v0.2.0
alova,3.5.2,26,F,UNVERIFIED_PUBLISH_PATH|SINGLE_MAINTAINER,1,9695,v0.2.0
vivus,0.4.6,19,F,UNVERIFIED_PUBLISH_PATH|DORMANT|SINGLE_MAINTAINER,1,9687,v0.2.0
'@fontsource/crimson-pro,5.2.8,71,B,,2,9685,v0.2.0
qrcodejs,1.0.0,19,F,UNVERIFIED_PUBLISH_PATH|DORMANT|SINGLE_MAINTAINER,1,9673,v0.2.0
'@yandex/ymaps3-default-ui-theme,0.0.24,77,B,BRANCH_REQUIRES_PR,2,9659,v0.2.0
'@material/mwc-circular-progress,0.27.0,39,D,UNVERIFIED_PUBLISH_PATH|DORMANT|DEPRECATED,14,9656,v0.2.0
'@fontsource-variable/cormorant-garamond,5.2.6,71,B,,2,9645,v0.2.0
'@wix/ecom,1.0.2265,30,F,UNVERIFIED_PUBLISH_PATH,13,9573,v0.2.0
beercss,4.0.23,87,A,,2,9557,v0.2.0
print-this,2.0.0,33,F,UNVERIFIED_PUBLISH_PATH|DORMANT,2,9520,v0.2.0
alpine-turbo-drive-adapter,2.2.0,21,F,UNVERIFIED_PUBLISH_PATH|SINGLE_MAINTAINER,1,9484,v0.2.0
withinviewport,3.0.1,19,F,UNVERIFIED_PUBLISH_PATH|DORMANT|SINGLE_MAINTAINER,1,9480,v0.2.0
kendo-ui-core,2026.2.520,32,F,UNVERIFIED_PUBLISH_PATH|SINGLE_MAINTAINER,1,9472,v0.2.0
'@jupyter-widgets/html-manager,1.0.14,39,D,UNVERIFIED_PUBLISH_PATH,8,9461,v0.2.0
scrollreveal,4.0.9,19,F,UNVERIFIED_PUBLISH_PATH|DORMANT|SINGLE_MAINTAINER,1,9455,v0.2.0
audiomotion-analyzer,4.5.4,25,F,UNVERIFIED_PUBLISH_PATH|SINGLE_MAINTAINER,1,9435,v0.2.0
jqwidgets-scripts,26.0.0,34,F,UNVERIFIED_PUBLISH_PATH,2,9427,v0.2.0
css.gg,2.1.4,19,F,UNVERIFIED_PUBLISH_PATH|DORMANT|SINGLE_MAINTAINER|BRANCH_REQUIRES_SIGNATURES|BRANCH_REQUIRES_PR,1,9410,v0.2.0
knockout.validation,2.0.4,33,F,UNVERIFIED_PUBLISH_PATH|DORMANT,2,9409,v0.2.0
fetch-polyfill,0.8.2,19,F,UNVERIFIED_PUBLISH_PATH|DORMANT|SINGLE_MAINTAINER,1,9398,v0.2.0
'@expo-google-fonts/oswald,0.4.2,39,D,UNVERIFIED_PUBLISH_PATH,4,9395,v0.2.0
'@perspective-dev/viewer,4.5.2,40,D,UNVERIFIED_PUBLISH_PATH,2,9376,v0.2.0
uevent,3.0.0,25,F,UNVERIFIED_PUBLISH_PATH|SINGLE_MAINTAINER,1,9364,v0.2.0
devtools-detector,2.0.25,20,F,UNVERIFIED_PUBLISH_PATH|SINGLE_MAINTAINER,1,9343,v0.2.0
panolens,0.12.1,33,F,UNVERIFIED_PUBLISH_PATH|DORMANT,2,9337,v0.2.0
'@canva/app-ui-kit,5.13.0,21,F,UNVERIFIED_PUBLISH_PATH|SINGLE_MAINTAINER,1,9321,v0.2.0
videojs-http-source-selector,1.1.6,19,F,UNVERIFIED_PUBLISH_PATH|DORMANT|SINGLE_MAINTAINER,1,9320,v0.2.0
mdi,2.2.43,19,F,UNVERIFIED_PUBLISH_PATH|DORMANT|SINGLE_MAINTAINER|DEPRECATED,1,9252,v0.2.0
wix-style-react,10.173.4,30,F,UNVERIFIED_PUBLISH_PATH,6,9218,v0.2.0
shopar-plugin,1.2.2,21,F,UNVERIFIED_PUBLISH_PATH|SINGLE_MAINTAINER,1,9207,v0.2.0
ngx-scanner-qrcode,1.8.1,20,F,UNVERIFIED_PUBLISH_PATH|SINGLE_MAINTAINER,1,9204,v0.2.0
dodopayments-checkout,1.9.5,21,F,UNVERIFIED_PUBLISH_PATH|SINGLE_MAINTAINER,1,9198,v0.2.0
nepali-date-converter,3.4.0,25,F,UNVERIFIED_PUBLISH_PATH|SINGLE_MAINTAINER,1,9190,v0.2.0
'@splidejs/splide-extension-grid,0.4.1,19,F,UNVERIFIED_PUBLISH_PATH|DORMANT|SINGLE_MAINTAINER,1,9186,v0.2.0
quill-image-drop-module,1.0.3,19,F,UNVERIFIED_PUBLISH_PATH|DORMANT|SINGLE_MAINTAINER,1,9186,v0.2.0
mapboxgl-spiderifier,1.0.10,33,F,UNVERIFIED_PUBLISH_PATH|DORMANT,5,9173,v0.2.0
a-color-picker,1.2.1,19,F,UNVERIFIED_PUBLISH_PATH|DORMANT|SINGLE_MAINTAINER,1,9169,v0.2.0
'@wix/headless-components,0.0.46,30,F,UNVERIFIED_PUBLISH_PATH,6,9154,v0.2.0
polyline-encoded,0.0.9,19,F,UNVERIFIED_PUBLISH_PATH|DORMANT|SINGLE_MAINTAINER,1,9146,v0.2.0
'@fontsource-variable/crimson-pro,5.2.8,71,B,,2,9127,v0.2.0
jupyter-matplotlib,0.12.0,39,D,UNVERIFIED_PUBLISH_PATH,5,9123,v0.2.0
bootstrap-material-design,4.1.3,23,F,UNVERIFIED_PUBLISH_PATH|DORMANT|PUBLISHER_NOT_MAINTAINER,17,9121,v0.2.0
rater-js,1.0.1,19,F,UNVERIFIED_PUBLISH_PATH|DORMANT|SINGLE_MAINTAINER,1,9095,v0.2.0
'@iconify-json/eos-icons,1.2.4,21,F,UNVERIFIED_PUBLISH_PATH|SINGLE_MAINTAINER,1,9083,v0.2.0
'@notabene/javascript-sdk,2.19.1,50,C,INCONSISTENT_PUBLISH_PATH|PUBLISHER_NOT_MAINTAINER,5,9064,v0.2.0
easytimer.js,4.6.0,19,F,UNVERIFIED_PUBLISH_PATH|DORMANT|SINGLE_MAINTAINER,1,9044,v0.2.0
x-editable,1.5.1,19,F,UNVERIFIED_PUBLISH_PATH|DORMANT|SINGLE_MAINTAINER,1,9036,v0.2.0
htmx-ext-response-targets,2.0.4,25,F,UNVERIFIED_PUBLISH_PATH|SINGLE_MAINTAINER,1,9017,v0.2.0
'@fontsource-variable/bitter,5.2.10,71,B,,2,9013,v0.2.0
ng-table,3.0.1,33,F,UNVERIFIED_PUBLISH_PATH|DORMANT,6,8983,v0.2.0
'@justifi/webcomponents,6.14.3,73,B,SINGLE_MAINTAINER|BRANCH_REQUIRES_PR,1,8980,v0.2.0
'@alpinejs/resize,3.15.12,63,C,INCONSISTENT_PUBLISH_PATH|SINGLE_MAINTAINER,1,8976,v0.2.0
tokml,0.4.0,21,F,UNVERIFIED_PUBLISH_PATH|DORMANT|SINGLE_MAINTAINER|PUBLISHER_NOT_MAINTAINER,1,8924,v0.2.0
typeface-poppins,1.1.13,14,F,UNVERIFIED_PUBLISH_PATH|DORMANT|SINGLE_MAINTAINER,1,8918,v0.2.0
'@lottiefiles/lottie-interactivity,1.6.2,33,F,UNVERIFIED_PUBLISH_PATH|DORMANT,2,8897,v0.2.0
'@openrewrite/rewrite,8.87.2,72,B,INCONSISTENT_PUBLISH_PATH,6,8884,v0.2.0
survey-js-ui,2.5.34,39,D,UNVERIFIED_PUBLISH_PATH,2,8883,v0.2.0
'@expo-google-fonts/raleway,0.4.2,39,D,UNVERIFIED_PUBLISH_PATH,4,8869,v0.2.0
videojs-contrib-dash,5.1.1,33,F,UNVERIFIED_PUBLISH_PATH|DORMANT,20,8858,v0.2.0
'@fontsource/metropolis,5.2.5,71,B,,2,8852,v0.2.0
'@watergis/maplibre-gl-terradraw,1.14.3,64,C,INCONSISTENT_PUBLISH_PATH|SINGLE_MAINTAINER,1,8848,v0.2.0
translate,3.0.1,19,F,UNVERIFIED_PUBLISH_PATH|DORMANT|SINGLE_MAINTAINER,1,8841,v0.2.0
invokers-polyfill,1.0.3,73,B,SINGLE_MAINTAINER,1,8830,v0.2.0
jsnlog,2.30.0,19,F,UNVERIFIED_PUBLISH_PATH|DORMANT|SINGLE_MAINTAINER,1,8813,v0.2.0
jquery-ajax-unobtrusive,3.2.6,34,F,UNVERIFIED_PUBLISH_PATH|DORMANT|BRANCH_REQUIRES_PR,2,8810,v0.2.0
jquery.ui.widget,1.10.3,20,F,UNVERIFIED_PUBLISH_PATH|DORMANT|SINGLE_MAINTAINER,1,8796,v0.2.0
outdated-browser-rework,3.0.1,19,F,UNVERIFIED_PUBLISH_PATH|DORMANT|SINGLE_MAINTAINER,1,8778,v0.2.0
'@rajesh896/broprint.js,3.0.0,38,D,UNVERIFIED_PUBLISH_PATH|SINGLE_MAINTAINER,1,8775,v0.2.0
toastedjs,0.0.2,19,F,UNVERIFIED_PUBLISH_PATH|DORMANT|SINGLE_MAINTAINER,1,8769,v0.2.0
requirejs-text,2.0.16,19,F,UNVERIFIED_PUBLISH_PATH|DORMANT|SINGLE_MAINTAINER,1,8762,v0.2.0
pro-gallery-lib,5.0.115,39,D,UNVERIFIED_PUBLISH_PATH,2,8750,v0.2.0
'@fontsource/vazirmatn,5.2.8,71,B,,2,8735,v0.2.0
'@yandex/ymaps3-context-menu,0.0.2,35,D,UNVERIFIED_PUBLISH_PATH,2,8724,v0.2.0
jquery-ui-sortable,1.0.0,10,F,UNVERIFIED_PUBLISH_PATH|DORMANT|SINGLE_MAINTAINER,1,8723,v0.2.0
splitting,1.1.0,19,F,UNVERIFIED_PUBLISH_PATH|DORMANT|SINGLE_MAINTAINER,1,8710,v0.2.0
'@deltablot/dropzone,7.4.3,79,B,SINGLE_MAINTAINER,1,8674,v0.2.0
editorjs-text-color-plugin,2.0.4,19,F,UNVERIFIED_PUBLISH_PATH|DORMANT|SINGLE_MAINTAINER,1,8666,v0.2.0
'@fontsource/pt-mono,5.2.8,71,B,,2,8663,v0.2.0
videojs-overlay,4.0.0,28,F,UNVERIFIED_PUBLISH_PATH|DORMANT|PUBLISHER_NOT_MAINTAINER,84,8663,v0.2.0
'@expo-google-fonts/barlow,0.4.1,39,D,UNVERIFIED_PUBLISH_PATH,4,8650,v0.2.0
'@astrouxds/astro-web-components,8.0.0,39,D,UNVERIFIED_PUBLISH_PATH,4,8642,v0.2.0
'@fontsource-variable/urbanist,5.2.7,71,B,,2,8642,v0.2.0
pace-progress,1.0.2,33,F,UNVERIFIED_PUBLISH_PATH|DORMANT|DEPRECATED,2,8626,v0.2.0
webui-popover,1.2.18,19,F,UNVERIFIED_PUBLISH_PATH|DORMANT|SINGLE_MAINTAINER,1,8615,v0.2.0
ajax-bootstrap-select,1.4.5,19,F,UNVERIFIED_PUBLISH_PATH|DORMANT|SINGLE_MAINTAINER,1,8613,v0.2.0
datatables.net-datetime,1.6.3,25,F,UNVERIFIED_PUBLISH_PATH|SINGLE_MAINTAINER,1,8596,v0.2.0
spotlight.js,0.7.8,19,F,UNVERIFIED_PUBLISH_PATH|DORMANT|SINGLE_MAINTAINER,1,8584,v0.2.0
material-design-iconic-font,2.2.0,19,F,UNVERIFIED_PUBLISH_PATH|DORMANT|SINGLE_MAINTAINER,1,8575,v0.2.0
'@fontsource/overpass,5.2.8,71,B,,2,8564,v0.2.0
'@fontsource/bitter,5.2.10,71,B,,2,8544,v0.2.0
flowise-embed,3.1.6,35,D,UNVERIFIED_PUBLISH_PATH,10,8529,v0.2.0
ogv,1.9.0,19,F,UNVERIFIED_PUBLISH_PATH|DORMANT|SINGLE_MAINTAINER,1,8529,v0.2.0
searchkit,4.16.0,45,D,UNVERIFIED_PUBLISH_PATH,2,8505,v0.2.0
jquery-toast-plugin,1.3.2,19,F,UNVERIFIED_PUBLISH_PATH|DORMANT|SINGLE_MAINTAINER,1,8500,v0.2.0
jquery-deparam,0.5.3,33,F,UNVERIFIED_PUBLISH_PATH|DORMANT,2,8487,v0.2.0
moment-holiday,1.5.1,19,F,UNVERIFIED_PUBLISH_PATH|DORMANT|SINGLE_MAINTAINER|DEPRECATED,1,8477,v0.2.0
material-dynamic-colors,1.1.4,63,C,INCONSISTENT_PUBLISH_PATH|SINGLE_MAINTAINER,1,8474,v0.2.0
dijit,1.17.3,33,F,UNVERIFIED_PUBLISH_PATH|DORMANT,2,8461,v0.2.0
flickity-fullscreen,2.0.0,19,F,UNVERIFIED_PUBLISH_PATH|DORMANT|SINGLE_MAINTAINER,1,8454,v0.2.0
'@fontsource/saira-condensed,5.2.8,71,B,,2,8448,v0.2.0
'@progress/kendo-vue-grid,9.0.0,25,F,UNVERIFIED_PUBLISH_PATH|SINGLE_MAINTAINER,1,8439,v0.2.0
backbone-validation,0.11.5,33,F,UNVERIFIED_PUBLISH_PATH|DORMANT,2,8439,v0.2.0
'@iabtechlabtcf/cmpapi,1.5.21,34,F,UNVERIFIED_PUBLISH_PATH,2,8427,v0.2.0
weathericons,2.1.0,29,F,UNVERIFIED_PUBLISH_PATH|DORMANT,4,8427,v0.2.0
'@trimble-oss/modus-icons,1.21.0,46,D,UNVERIFIED_PUBLISH_PATH,8,8423,v0.2.0
raty-js,4.3.0,19,F,UNVERIFIED_PUBLISH_PATH|DORMANT|SINGLE_MAINTAINER,1,8417,v0.2.0
'@fontsource/kalam,5.2.8,71,B,,2,8413,v0.2.0
plupload,2.3.9,39,D,UNVERIFIED_PUBLISH_PATH|DORMANT,2,8390,v0.2.0
nodelist-foreach-polyfill,1.2.0,19,F,UNVERIFIED_PUBLISH_PATH|DORMANT|SINGLE_MAINTAINER,1,8386,v0.2.0
pathseg,1.2.1,19,F,UNVERIFIED_PUBLISH_PATH|DORMANT|SINGLE_MAINTAINER,1,8377,v0.2.0
'@feedmepos/merge-css,1.0.1,29,F,UNVERIFIED_PUBLISH_PATH|DORMANT,3,8374,v0.2.0
charts.css,1.2.0,25,F,UNVERIFIED_PUBLISH_PATH|SINGLE_MAINTAINER,1,8359,v0.2.0
time-input-polyfill,1.0.11,19,F,UNVERIFIED_PUBLISH_PATH|DORMANT|SINGLE_MAINTAINER,1,8353,v0.2.0
markmap-toolbar,0.18.12,25,F,UNVERIFIED_PUBLISH_PATH|SINGLE_MAINTAINER,1,8341,v0.2.0
'@flagship.io/js-sdk,5.2.0,87,A,,4,8340,v0.2.0
blazy,1.8.2,19,F,UNVERIFIED_PUBLISH_PATH|DORMANT|SINGLE_MAINTAINER,1,8333,v0.2.0
nerdamer,1.1.13,33,F,UNVERIFIED_PUBLISH_PATH|DORMANT,2,8331,v0.2.0
jkanban,1.3.1,19,F,UNVERIFIED_PUBLISH_PATH|DORMANT|SINGLE_MAINTAINER,1,8326,v0.2.0
pc-bootstrap4-datetimepicker,4.17.51,19,F,UNVERIFIED_PUBLISH_PATH|DORMANT|SINGLE_MAINTAINER,1,8314,v0.2.0
'@wix/wix-data-items-sdk,1.0.531,30,F,UNVERIFIED_PUBLISH_PATH,13,8310,v0.2.0
'@wix/wix-data-items-common,1.0.313,30,F,UNVERIFIED_PUBLISH_PATH,13,8300,v0.2.0
'@fontsource/crimson-text,5.2.7,71,B,,2,8285,v0.2.0
winbox,0.2.82,19,F,UNVERIFIED_PUBLISH_PATH|DORMANT|SINGLE_MAINTAINER,1,8280,v0.2.0
copy-image-clipboard,2.1.2,15,F,UNVERIFIED_PUBLISH_PATH|DORMANT|SINGLE_MAINTAINER,1,8279,v0.2.0
mdb-ui-kit,9.3.0,39,D,UNVERIFIED_PUBLISH_PATH,17,8270,v0.2.0
abp-web-resources,6.1.0,39,D,UNVERIFIED_PUBLISH_PATH,2,8266,v0.2.0
bitmovin-analytics,2.58.0,21,F,UNVERIFIED_PUBLISH_PATH|SINGLE_MAINTAINER,1,8262,v0.2.0
ouibounce,0.0.12,33,F,UNVERIFIED_PUBLISH_PATH|DORMANT,2,8261,v0.2.0
card,2.5.4,33,F,UNVERIFIED_PUBLISH_PATH|DORMANT,2,8257,v0.2.0
htmx-ext-ws,2.0.4,39,D,UNVERIFIED_PUBLISH_PATH,2,8233,v0.2.0
'@fontsource/bodoni-moda,5.2.7,71,B,,2,8225,v0.2.0
components-font-awesome,5.9.0,33,F,UNVERIFIED_PUBLISH_PATH|DORMANT,2,8222,v0.2.0
inkjs,2.4.0,35,D,UNVERIFIED_PUBLISH_PATH,2,8222,v0.2.0
mdbootstrap,4.20.0,33,F,UNVERIFIED_PUBLISH_PATH|DORMANT,17,8207,v0.2.0
single-spa-css,4.0.1,15,F,UNVERIFIED_PUBLISH_PATH|SINGLE_MAINTAINER|PUBLISHER_NOT_MAINTAINER,1,8206,v0.2.0
device-uuid,3.0.4,63,C,INCONSISTENT_PUBLISH_PATH|SINGLE_MAINTAINER,1,8201,v0.2.0
'@tsparticles/path-zig-zag,4.3.2,69,C,INCONSISTENT_PUBLISH_PATH|SINGLE_MAINTAINER,1,8196,v0.2.0
'@c8y/ngx-components,1024.1.5,16,F,UNVERIFIED_PUBLISH_PATH|SINGLE_MAINTAINER,1,8190,v0.2.0
fontmetrics,1.0.0,19,F,UNVERIFIED_PUBLISH_PATH|DORMANT|SINGLE_MAINTAINER,1,8187,v0.2.0
source-sans-pro,3.6.0,19,F,UNVERIFIED_PUBLISH_PATH|DORMANT|SINGLE_MAINTAINER|DEPRECATED,1,8161,v0.2.0
fp-ts-esm,2.16.10,25,F,UNVERIFIED_PUBLISH_PATH|SINGLE_MAINTAINER,1,8148,v0.2.0
'@pmndrs/uikit-lucide,1.0.74,82,B,,8,8122,v0.2.0
'@fontsource/alegreya,5.2.8,71,B,,2,8109,v0.2.0
bootstrap-social,5.1.1,19,F,UNVERIFIED_PUBLISH_PATH|DORMANT|SINGLE_MAINTAINER,1,8105,v0.2.0
hopscotch,0.3.1,33,F,UNVERIFIED_PUBLISH_PATH|DORMANT,2,8096,v0.2.0
jquery.repeater,1.2.1,19,F,UNVERIFIED_PUBLISH_PATH|DORMANT|SINGLE_MAINTAINER,1,8092,v0.2.0
slickgrid,5.18.6,87,A,,2,8054,v0.2.0
gifsicle-wasm-browser,1.5.19,25,F,UNVERIFIED_PUBLISH_PATH|SINGLE_MAINTAINER,1,8049,v0.2.0
leaflet-minimap,3.6.1,19,F,UNVERIFIED_PUBLISH_PATH|DORMANT|SINGLE_MAINTAINER,1,8027,v0.2.0
'@alaskaairux/icons,5.24.0,32,F,UNVERIFIED_PUBLISH_PATH|SINGLE_MAINTAINER,1,8015,v0.2.0
'@fontsource/commit-mono,5.2.5,71,B,,2,8013,v0.2.0
'@feathery/react,2.54.0,94,A,BRANCH_REQUIRES_PR,4,8012,v0.2.0
'@wix/filter-builder,1.0.239,30,F,UNVERIFIED_PUBLISH_PATH,13,8010,v0.2.0
visionscarto-world-atlas,1.0.0,19,F,UNVERIFIED_PUBLISH_PATH|DORMANT|SINGLE_MAINTAINER,1,8009,v0.2.0
'@alova/shared,1.3.3,26,F,UNVERIFIED_PUBLISH_PATH|SINGLE_MAINTAINER,1,7977,v0.2.0
'@forevolve/bootstrap-dark,4.0.2,19,F,UNVERIFIED_PUBLISH_PATH|DORMANT|SINGLE_MAINTAINER,1,7976,v0.2.0
phosphor-icons,1.4.2,14,F,UNVERIFIED_PUBLISH_PATH|DORMANT|SINGLE_MAINTAINER,1,7976,v0.2.0
just-detect-adblock,1.1.0,19,F,UNVERIFIED_PUBLISH_PATH|DORMANT|SINGLE_MAINTAINER,1,7970,v0.2.0
'@fontsource/geologica,5.2.8,71,B,,2,7936,v0.2.0
bootstrap-markdown,2.10.0,19,F,UNVERIFIED_PUBLISH_PATH|DORMANT|SINGLE_MAINTAINER,1,7935,v0.2.0
cal-sans,1.0.1,33,F,UNVERIFIED_PUBLISH_PATH|DORMANT,10,7934,v0.2.0
anthropic,0.0.0,19,F,UNVERIFIED_PUBLISH_PATH|DORMANT|PUBLISHER_NOT_MAINTAINER,14,7929,v0.2.0
leaflet-path-drag,1.9.5,19,F,UNVERIFIED_PUBLISH_PATH|DORMANT|SINGLE_MAINTAINER,1,7927,v0.2.0
'@fontsource/exo-2,5.2.8,71,B,,2,7918,v0.2.0
'@fontsource-variable/vazirmatn,5.2.8,71,B,,2,7906,v0.2.0
'@millicast/sdk,0.6.1,34,F,UNVERIFIED_PUBLISH_PATH|PUBLISHER_NOT_MAINTAINER|BRANCH_REQUIRES_PR,5,7877,v0.2.0
'@fontsource/m-plus-rounded-1c,5.2.10,71,B,,2,7874,v0.2.0
'@fontsource-variable/spline-sans-mono,5.2.8,71,B,,2,7866,v0.2.0
angular-tabler-icons,3.26.0,19,F,UNVERIFIED_PUBLISH_PATH|DORMANT|SINGLE_MAINTAINER,1,7856,v0.2.0
uswds,2.14.0,46,D,UNVERIFIED_PUBLISH_PATH|DORMANT|BRANCH_REQUIRES_PR,4,7851,v0.2.0
axios-jsonp,1.0.4,19,F,UNVERIFIED_PUBLISH_PATH|DORMANT|SINGLE_MAINTAINER,1,7819,v0.2.0
'@sjmc11/tourguidejs,0.0.27,25,F,UNVERIFIED_PUBLISH_PATH|SINGLE_MAINTAINER,1,7800,v0.2.0
hint.css,3.0.0,19,F,UNVERIFIED_PUBLISH_PATH|DORMANT|SINGLE_MAINTAINER,1,7780,v0.2.0
vega-datasets,3.2.1,39,D,UNVERIFIED_PUBLISH_PATH,6,7775,v0.2.0
first-input-delay,0.1.3,19,F,UNVERIFIED_PUBLISH_PATH|DORMANT|SINGLE_MAINTAINER,1,7773,v0.2.0
'@microsoft/agents-copilotstudio-client,1.6.1,47,D,UNVERIFIED_PUBLISH_PATH,4,7772,v0.2.0
multiple-select,2.4.0,25,F,UNVERIFIED_PUBLISH_PATH|SINGLE_MAINTAINER,1,7745,v0.2.0
'@iconify-json/majesticons,1.2.5,21,F,UNVERIFIED_PUBLISH_PATH|SINGLE_MAINTAINER,1,7732,v0.2.0
public-google-sheets-parser,1.5.4,26,F,UNVERIFIED_PUBLISH_PATH|DORMANT|SINGLE_MAINTAINER,1,7725,v0.2.0
jsface,2.4.9,19,F,UNVERIFIED_PUBLISH_PATH|DORMANT|SINGLE_MAINTAINER,1,7676,v0.2.0
pivottable,2.23.0,19,F,UNVERIFIED_PUBLISH_PATH|DORMANT|SINGLE_MAINTAINER,1,7671,v0.2.0
jquery-typeahead,2.11.1,19,F,UNVERIFIED_PUBLISH_PATH|DORMANT|SINGLE_MAINTAINER,1,7661,v0.2.0
'@fontsource/roboto-flex,5.2.8,71,B,,2,7660,v0.2.0
'@mux/videojs-kit,0.12.3,35,D,UNVERIFIED_PUBLISH_PATH,4,7649,v0.2.0
'@wix/headless-blog,0.0.34,30,F,UNVERIFIED_PUBLISH_PATH,13,7640,v0.2.0
gumshoejs,5.1.2,19,F,UNVERIFIED_PUBLISH_PATH|DORMANT|SINGLE_MAINTAINER,1,7640,v0.2.0
'@snowplow/browser-plugin-ecommerce,3.24.6,33,F,UNVERIFIED_PUBLISH_PATH|DORMANT,3,7635,v0.2.0
lato-font,3.0.0,19,F,UNVERIFIED_PUBLISH_PATH|DORMANT|SINGLE_MAINTAINER,1,7614,v0.2.0
'@salutejs/plasma-new-hope,0.368.0,46,D,UNVERIFIED_PUBLISH_PATH,4,7610,v0.2.0
'@egjs/grid,1.18.0,39,D,UNVERIFIED_PUBLISH_PATH,12,7604,v0.2.0
jquery-csv,1.0.40,46,D,DORMANT|SINGLE_MAINTAINER,1,7598,v0.2.0
jquery-bridget,3.0.1,19,F,UNVERIFIED_PUBLISH_PATH|DORMANT|SINGLE_MAINTAINER,1,7596,v0.2.0
hanzi-writer,3.7.3,25,F,UNVERIFIED_PUBLISH_PATH|SINGLE_MAINTAINER,1,7590,v0.2.0
breeze-client,2.2.2,39,D,UNVERIFIED_PUBLISH_PATH,5,7589,v0.2.0
tween.js,16.6.0,33,F,UNVERIFIED_PUBLISH_PATH|DORMANT|DEPRECATED,2,7586,v0.2.0
igniteui-angular,22.0.3,69,C,INCONSISTENT_PUBLISH_PATH|SINGLE_MAINTAINER,1,7581,v0.2.0
mathquill,0.10.1-a,28,F,UNVERIFIED_PUBLISH_PATH|DORMANT|PUBLISHER_NOT_MAINTAINER,2,7579,v0.2.0
jquery-visible,1.2.0,19,F,UNVERIFIED_PUBLISH_PATH|DORMANT|SINGLE_MAINTAINER,1,7575,v0.2.0
'@salutejs/plasma-icons,1.242.0,46,D,UNVERIFIED_PUBLISH_PATH,4,7571,v0.2.0
notiflix,3.2.8,39,D,UNVERIFIED_PUBLISH_PATH|DORMANT,2,7568,v0.2.0
gif.js.optimized,1.0.1,19,F,UNVERIFIED_PUBLISH_PATH|DORMANT|SINGLE_MAINTAINER,1,7564,v0.2.0
systemjs-plugin-babel,0.0.25,19,F,UNVERIFIED_PUBLISH_PATH|DORMANT|SINGLE_MAINTAINER,1,7562,v0.2.0
videojs-seek-buttons,3.0.1,19,F,UNVERIFIED_PUBLISH_PATH|DORMANT|SINGLE_MAINTAINER,1,7560,v0.2.0
justgage,2.0.1,39,D,UNVERIFIED_PUBLISH_PATH,2,7555,v0.2.0
bootstrap-filestyle,1.2.1,19,F,UNVERIFIED_PUBLISH_PATH|DORMANT|SINGLE_MAINTAINER|DEPRECATED,1,7526,v0.2.0
angularjs-toaster,3.0.0,33,F,UNVERIFIED_PUBLISH_PATH|DORMANT,2,7521,v0.2.0
'@photo-sphere-viewer/autorotate-plugin,5.14.3,73,B,SINGLE_MAINTAINER,1,7511,v0.2.0
hooper,0.3.4,24,F,UNVERIFIED_PUBLISH_PATH|DORMANT,2,7502,v0.2.0
'@marimo-team/frontend,0.23.14,95,A,,2,7500,v0.2.0
js-marker-clusterer,1.0.0,19,F,UNVERIFIED_PUBLISH_PATH|DORMANT|SINGLE_MAINTAINER,1,7491,v0.2.0
kjua,0.10.0,19,F,UNVERIFIED_PUBLISH_PATH|DORMANT|SINGLE_MAINTAINER,1,7467,v0.2.0
'@fluid-topics/public-api,1.0.129,35,D,UNVERIFIED_PUBLISH_PATH,3,7463,v0.2.0
'@fontsource/dosis,5.2.8,71,B,,2,7457,v0.2.0
'@fontsource/cascadia-code,5.2.3,71,B,,2,7455,v0.2.0
leaflet-textpath,1.3.0,39,D,UNVERIFIED_PUBLISH_PATH,7,7453,v0.2.0
recombee-js-api-client,6.2.1,39,D,UNVERIFIED_PUBLISH_PATH,5,7449,v0.2.0
bulma-extensions,6.2.7,28,F,UNVERIFIED_PUBLISH_PATH|DORMANT|PUBLISHER_NOT_MAINTAINER|DEPRECATED,2,7399,v0.2.0
'@fontsource/unbounded,5.2.8,71,B,,2,7388,v0.2.0
next-csrf,0.2.1,19,F,UNVERIFIED_PUBLISH_PATH|DORMANT|SINGLE_MAINTAINER,1,7384,v0.2.0
moment-recur,1.0.7,19,F,UNVERIFIED_PUBLISH_PATH|DORMANT|SINGLE_MAINTAINER,1,7377,v0.2.0
'@microsoft/mgt,4.6.1,52,C,UNVERIFIED_PUBLISH_PATH,5,7362,v0.2.0
photo-sphere-viewer,4.8.1,14,F,UNVERIFIED_PUBLISH_PATH|DORMANT|SINGLE_MAINTAINER|DEPRECATED,1,7362,v0.2.0
'@bryntum/schedulerpro-trial,7.3.3,35,D,UNVERIFIED_PUBLISH_PATH,2,7359,v0.2.0
'@iconify-json/devicon,1.2.62,21,F,UNVERIFIED_PUBLISH_PATH|SINGLE_MAINTAINER,1,7349,v0.2.0
satellizer,0.15.5,19,F,UNVERIFIED_PUBLISH_PATH|DORMANT|SINGLE_MAINTAINER,1,7333,v0.2.0
jquery-inview,1.1.2,19,F,UNVERIFIED_PUBLISH_PATH|DORMANT|SINGLE_MAINTAINER,1,7328,v0.2.0
'@snowplow/browser-plugin-media-tracking,4.8.4,39,D,UNVERIFIED_PUBLISH_PATH,3,7316,v0.2.0
loggly-jslogger,2.2.4,33,F,UNVERIFIED_PUBLISH_PATH|DORMANT,3,7309,v0.2.0
cross-storage,1.0.0,26,F,UNVERIFIED_PUBLISH_PATH|DORMANT|SINGLE_MAINTAINER,1,7285,v0.2.0
'@fontsource/noto-sans-devanagari,5.2.8,71,B,,2,7283,v0.2.0
'@corva/ui,3.66.2,35,D,UNVERIFIED_PUBLISH_PATH,16,7279,v0.2.0
js-brasil,2.8.0,25,F,UNVERIFIED_PUBLISH_PATH|SINGLE_MAINTAINER,1,7264,v0.2.0
'@snowplow/browser-plugin-optimizely-x,4.8.4,39,D,UNVERIFIED_PUBLISH_PATH,3,7251,v0.2.0
filepond-plugin-image-filter,1.0.1,19,F,UNVERIFIED_PUBLISH_PATH|DORMANT|SINGLE_MAINTAINER,1,7242,v0.2.0
'@fontsource/barlow-semi-condensed,5.2.7,71,B,,2,7224,v0.2.0
'@wix/auto_sdk_ecom_additional-fees,1.0.48,30,F,UNVERIFIED_PUBLISH_PATH,13,7222,v0.2.0
'@wix/auto_sdk_data_scheduled-workflows,1.0.6,30,F,UNVERIFIED_PUBLISH_PATH,13,7221,v0.2.0
luckyexcel,1.0.1,19,F,UNVERIFIED_PUBLISH_PATH|DORMANT|SINGLE_MAINTAINER,1,7221,v0.2.0
code-prettify,0.1.0,19,F,UNVERIFIED_PUBLISH_PATH|DORMANT|SINGLE_MAINTAINER,1,7205,v0.2.0
jsmediatags,3.9.7,19,F,UNVERIFIED_PUBLISH_PATH|DORMANT|SINGLE_MAINTAINER,1,7195,v0.2.0
'@wix/auto_sdk_ecom_cart-v-2,1.0.168,30,F,UNVERIFIED_PUBLISH_PATH,13,7189,v0.2.0
'@sun-typeface/suit,2.0.5,33,F,UNVERIFIED_PUBLISH_PATH|DORMANT,2,7187,v0.2.0
file-system-access,1.0.4,19,F,UNVERIFIED_PUBLISH_PATH|DORMANT|SINGLE_MAINTAINER,1,7175,v0.2.0
jquery-datepicker,1.12.3,15,F,UNVERIFIED_PUBLISH_PATH|DORMANT|SINGLE_MAINTAINER,1,7164,v0.2.0
videojs-mobile-ui,1.2.6,25,F,UNVERIFIED_PUBLISH_PATH|SINGLE_MAINTAINER,1,7164,v0.2.0
pro-gallery,5.0.119,39,D,UNVERIFIED_PUBLISH_PATH,2,7162,v0.2.0
fitvids,2.1.1,19,F,UNVERIFIED_PUBLISH_PATH|DORMANT|SINGLE_MAINTAINER,1,7158,v0.2.0
angular-bootstrap-calendar,1.0.0,19,F,UNVERIFIED_PUBLISH_PATH|DORMANT|SINGLE_MAINTAINER,1,7155,v0.2.0
photoswipe-video-plugin,1.0.2,19,F,UNVERIFIED_PUBLISH_PATH|DORMANT|SINGLE_MAINTAINER,1,7141,v0.2.0
'@geoman-io/maplibre-geoman-free,0.8.4,79,B,SINGLE_MAINTAINER,1,7137,v0.2.0
'@fontsource/bangers,5.2.8,71,B,,2,7132,v0.2.0
'@grapecity/spread-excelio,18.2.5,30,F,UNVERIFIED_PUBLISH_PATH,2,7123,v0.2.0
readmore-js,2.2.1,19,F,UNVERIFIED_PUBLISH_PATH|DORMANT|SINGLE_MAINTAINER,1,7110,v0.2.0
editorjs-toggle-block,0.3.16,39,D,UNVERIFIED_PUBLISH_PATH|DORMANT,2,7109,v0.2.0
mapbox-gl-leaflet,0.0.16,33,F,UNVERIFIED_PUBLISH_PATH|DORMANT,5,7103,v0.2.0
'@fontsource/ibm-plex-sans-thai,5.2.8,71,B,,2,7068,v0.2.0
'@withfig/autocomplete,2.692.3,46,D,UNVERIFIED_PUBLISH_PATH,7,7063,v0.2.0
'@genpact/genome.mfe.solidify-app,3.15.0,21,F,UNVERIFIED_PUBLISH_PATH|SINGLE_MAINTAINER,1,7061,v0.2.0
sunrise-sunset-js,3.3.0,63,C,INCONSISTENT_PUBLISH_PATH|SINGLE_MAINTAINER,1,7061,v0.2.0
php-unserialize,0.0.1,14,F,UNVERIFIED_PUBLISH_PATH|DORMANT|SINGLE_MAINTAINER,1,7045,v0.2.0
'@hyperlane-xyz/registry,25.3.0,82,B,,4,7044,v0.2.0
flagpack,1.0.5,19,F,UNVERIFIED_PUBLISH_PATH|DORMANT|SINGLE_MAINTAINER,1,7044,v0.2.0
jquery-confirm,3.3.4,19,F,UNVERIFIED_PUBLISH_PATH|DORMANT|SINGLE_MAINTAINER,1,7041,v0.2.0
leaflet-extra-markers,2.0.1,25,F,UNVERIFIED_PUBLISH_PATH|SINGLE_MAINTAINER,1,7028,v0.2.0
devextreme-aspnet-data,5.1.0,47,D,UNVERIFIED_PUBLISH_PATH,3,7017,v0.2.0
'@wix/headless-cms,0.0.50,30,F,UNVERIFIED_PUBLISH_PATH,13,6990,v0.2.0
blueimp-gallery,3.4.0,19,F,UNVERIFIED_PUBLISH_PATH|DORMANT|SINGLE_MAINTAINER,1,6988,v0.2.0
'@feathersjs/client,5.0.46,39,D,UNVERIFIED_PUBLISH_PATH,2,6969,v0.2.0
boosted,5.3.8,52,C,UNVERIFIED_PUBLISH_PATH,5,6916,v0.2.0
naja,3.3.3,63,C,SINGLE_MAINTAINER,1,6909,v0.2.0
js-image-zoom,0.7.0,14,F,UNVERIFIED_PUBLISH_PATH|DORMANT|SINGLE_MAINTAINER,1,6901,v0.2.0
esri-leaflet-cluster,3.0.1,33,F,UNVERIFIED_PUBLISH_PATH|DORMANT,4,6892,v0.2.0
scandit-sdk,5.15.0,24,F,UNVERIFIED_PUBLISH_PATH|DORMANT|DEPRECATED,4,6892,v0.2.0
'@fastwork/turbine,2.5.5,29,F,UNVERIFIED_PUBLISH_PATH|DORMANT,2,6887,v0.2.0
jgrowl,1.5.1,19,F,UNVERIFIED_PUBLISH_PATH|DORMANT|SINGLE_MAINTAINER,1,6884,v0.2.0
blaze-slider,1.9.3,15,F,UNVERIFIED_PUBLISH_PATH|DORMANT|SINGLE_MAINTAINER,1,6860,v0.2.0
'@wix/auto_sdk_ecom_payment-settings,1.0.136,30,F,UNVERIFIED_PUBLISH_PATH,13,6852,v0.2.0
'@fontsource/prompt,5.2.8,71,B,,2,6841,v0.2.0
'@sum.cumo/vue-datepicker,5.0.0,33,F,UNVERIFIED_PUBLISH_PATH|DORMANT,6,6837,v0.2.0
fullpage.js,4.0.41,31,F,UNVERIFIED_PUBLISH_PATH|SINGLE_MAINTAINER,1,6831,v0.2.0
'@fontsource/zen-kaku-gothic-new,5.2.7,71,B,,2,6825,v0.2.0
blg-akaun-ts-lib,0.2.910046280299,35,D,UNVERIFIED_PUBLISH_PATH,2,6823,v0.2.0
'@wix/auto_sdk_ecom_cart,1.0.169,30,F,UNVERIFIED_PUBLISH_PATH,13,6819,v0.2.0
jquery-datatables-checkboxes,1.3.0,19,F,UNVERIFIED_PUBLISH_PATH|DORMANT|SINGLE_MAINTAINER,1,6801,v0.2.0
jquery.json-viewer,1.5.0,19,F,UNVERIFIED_PUBLISH_PATH|DORMANT|SINGLE_MAINTAINER,1,6785,v0.2.0
rhino3dm,8.17.0,34,F,UNVERIFIED_PUBLISH_PATH,3,6785,v0.2.0
anychart,8.14.1,25,F,UNVERIFIED_PUBLISH_PATH|SINGLE_MAINTAINER,1,6779,v0.2.0
leaflet-image,0.4.0,14,F,UNVERIFIED_PUBLISH_PATH|DORMANT|SINGLE_MAINTAINER|PUBLISHER_NOT_MAINTAINER,1,6778,v0.2.0
sticky-kit,1.1.3,19,F,UNVERIFIED_PUBLISH_PATH|DORMANT|SINGLE_MAINTAINER,1,6776,v0.2.0
'@hmcts/ccd-case-ui-toolkit,7.3.74,94,A,,6,6766,v0.2.0
linkify-plugin-mention,4.3.3,79,B,SINGLE_MAINTAINER,1,6753,v0.2.0
'@wix/auto_sdk_ecom_totals-calculator,1.0.108,30,F,UNVERIFIED_PUBLISH_PATH,13,6734,v0.2.0
tether-drop,1.4.2,28,F,UNVERIFIED_PUBLISH_PATH|DORMANT|PUBLISHER_NOT_MAINTAINER,10,6730,v0.2.0
jquery.hotkeys,0.1.0,33,F,UNVERIFIED_PUBLISH_PATH|DORMANT,2,6729,v0.2.0
ngx-select-dropdown,3.3.2,19,F,UNVERIFIED_PUBLISH_PATH|DORMANT|SINGLE_MAINTAINER,1,6726,v0.2.0
'@aurodesignsystem/auro-icon,9.2.0,89,A,BRANCH_REQUIRES_PR,8,6710,v0.2.0
'@primer-io/primer-js,1.6.3,35,D,UNVERIFIED_PUBLISH_PATH,2,6685,v0.2.0
'@wix/auto_sdk_ecom_discounts,1.0.33,30,F,UNVERIFIED_PUBLISH_PATH,13,6672,v0.2.0
'@opentiny/vue-icon,3.30.0,20,F,UNVERIFIED_PUBLISH_PATH|SINGLE_MAINTAINER,1,6659,v0.2.0
'@openui5/themelib_sap_belize,1.150.0,34,F,UNVERIFIED_PUBLISH_PATH,2,6645,v0.2.0
bxslider,4.2.17,19,F,UNVERIFIED_PUBLISH_PATH|DORMANT|SINGLE_MAINTAINER,1,6630,v0.2.0
brain.js,2.0.0-beta.24,33,F,UNVERIFIED_PUBLISH_PATH|DORMANT,3,6627,v0.2.0
'@fontsource/amiri,5.2.8,71,B,,2,6620,v0.2.0
videojs-contrib-quality-menu,1.0.4,35,D,UNVERIFIED_PUBLISH_PATH,18,6615,v0.2.0
'@wix/site,1.64.0,30,F,UNVERIFIED_PUBLISH_PATH,13,6608,v0.2.0
'@crystaldesign/real-time-viewer,26.7.7,21,F,UNVERIFIED_PUBLISH_PATH|SINGLE_MAINTAINER,1,6589,v0.2.0
'@calumk/editorjs-columns,0.4.0,73,B,SINGLE_MAINTAINER,1,6587,v0.2.0
leaflet.awesome-markers,2.0.5,14,F,UNVERIFIED_PUBLISH_PATH|DORMANT|SINGLE_MAINTAINER|PUBLISHER_NOT_MAINTAINER,1,6580,v0.2.0
smart-app-banner,2.0.0,33,F,UNVERIFIED_PUBLISH_PATH|DORMANT,6,6575,v0.2.0
'@wix/unidriver-core,1.5.5,30,F,UNVERIFIED_PUBLISH_PATH,13,6571,v0.2.0
'@silvermine/videojs-quality-selector,1.3.1,33,F,UNVERIFIED_PUBLISH_PATH|DORMANT,5,6569,v0.2.0
'@jspreadsheet/formula-pro,6.0.8,25,F,UNVERIFIED_PUBLISH_PATH|SINGLE_MAINTAINER,1,6566,v0.2.0
date-input-polyfill,2.14.0,19,F,UNVERIFIED_PUBLISH_PATH|DORMANT|SINGLE_MAINTAINER,1,6559,v0.2.0
natively,2.28.5,39,D,UNVERIFIED_PUBLISH_PATH,2,6559,v0.2.0
jquery-circle-progress,1.2.2,19,F,UNVERIFIED_PUBLISH_PATH|DORMANT|SINGLE_MAINTAINER,1,6552,v0.2.0
'@dropins/tools,1.9.0,35,D,UNVERIFIED_PUBLISH_PATH,10,6550,v0.2.0
'@wix/ecom_app-extensions,1.0.106,30,F,UNVERIFIED_PUBLISH_PATH,13,6548,v0.2.0
'@wix/auto_sdk_ecom_subscription-contracts,1.0.119,30,F,UNVERIFIED_PUBLISH_PATH,13,6546,v0.2.0
'@yandex/ymaps3-clusterer,0.0.12,35,D,UNVERIFIED_PUBLISH_PATH,2,6546,v0.2.0
'@pixelverse/strichjs-sdk,1.16.2,30,F,UNVERIFIED_PUBLISH_PATH|PUBLISHER_NOT_MAINTAINER,2,6544,v0.2.0
'@wix/authentication,1.16.0,30,F,UNVERIFIED_PUBLISH_PATH,13,6536,v0.2.0
virtual-scroll,2.2.1,19,F,UNVERIFIED_PUBLISH_PATH|DORMANT|SINGLE_MAINTAINER,1,6535,v0.2.0
'@litertjs/core,2.5.2,40,D,UNVERIFIED_PUBLISH_PATH,4,6527,v0.2.0
'@vant/touch-emulator,1.5.0,26,F,UNVERIFIED_PUBLISH_PATH|SINGLE_MAINTAINER,1,6516,v0.2.0
'@mojs/core,1.7.1,19,F,UNVERIFIED_PUBLISH_PATH|DORMANT|SINGLE_MAINTAINER,1,6513,v0.2.0
'@iconify-json/flag,1.2.12,21,F,UNVERIFIED_PUBLISH_PATH|SINGLE_MAINTAINER,1,6508,v0.2.0
spectrum-colorpicker2,2.0.10,15,F,UNVERIFIED_PUBLISH_PATH|DORMANT|SINGLE_MAINTAINER,1,6499,v0.2.0
bootstrap-less,3.3.8,19,F,UNVERIFIED_PUBLISH_PATH|DORMANT|SINGLE_MAINTAINER,1,6497,v0.2.0
zoom-vanilla.js,2.0.6,19,F,UNVERIFIED_PUBLISH_PATH|DORMANT|SINGLE_MAINTAINER,1,6494,v0.2.0
'@accessible360/accessible-slick,1.0.1,28,F,UNVERIFIED_PUBLISH_PATH|DORMANT|PUBLISHER_NOT_MAINTAINER,2,6489,v0.2.0
'@fontsource-variable/karla,5.2.8,71,B,,2,6486,v0.2.0
'@fontsource/albert-sans,5.2.8,71,B,,2,6486,v0.2.0
dragscroll,0.0.8,14,F,UNVERIFIED_PUBLISH_PATH|DORMANT|SINGLE_MAINTAINER,1,6476,v0.2.0
'@wix/auto_sdk_ecom_tip-settings,1.0.52,30,F,UNVERIFIED_PUBLISH_PATH,13,6475,v0.2.0
'@fontsource-variable/bodoni-moda,5.2.7,71,B,,2,6469,v0.2.0
'@alpinejs/ui,3.15.12,63,C,INCONSISTENT_PUBLISH_PATH|SINGLE_MAINTAINER,1,6466,v0.2.0
webex,3.12.0,46,D,UNVERIFIED_PUBLISH_PATH,2,6460,v0.2.0
'@fontsource-variable/comfortaa,5.2.8,71,B,,2,6458,v0.2.0
'@silvermine/videojs-chromecast,1.5.0,33,F,UNVERIFIED_PUBLISH_PATH|DORMANT,5,6454,v0.2.0
clippyjs,0.1.0,25,F,UNVERIFIED_PUBLISH_PATH|SINGLE_MAINTAINER,1,6454,v0.2.0
'@wix/data,1.0.486,30,F,UNVERIFIED_PUBLISH_PATH,13,6444,v0.2.0
'@wix/auto_sdk_ecom_order-billing,1.0.93,30,F,UNVERIFIED_PUBLISH_PATH,13,6441,v0.2.0
'@wix/auto_sdk_ecom_validations,1.0.54,30,F,UNVERIFIED_PUBLISH_PATH,13,6440,v0.2.0
vwo-fme-node-sdk,1.60.0,25,F,UNVERIFIED_PUBLISH_PATH|SINGLE_MAINTAINER,1,6424,v0.2.0
'@twemoji/svg,15.0.0,33,F,UNVERIFIED_PUBLISH_PATH|DORMANT,2,6420,v0.2.0
'@wix/auto_sdk_ecom_order-transactions,1.0.98,30,F,UNVERIFIED_PUBLISH_PATH,13,6419,v0.2.0
'@wix/auto_sdk_ecom_catalog,1.0.59,30,F,UNVERIFIED_PUBLISH_PATH,13,6416,v0.2.0
'@wix/auto_sdk_ecom_draft-orders,1.0.163,30,F,UNVERIFIED_PUBLISH_PATH,13,6411,v0.2.0
wow.js,1.2.2,19,F,UNVERIFIED_PUBLISH_PATH|DORMANT|SINGLE_MAINTAINER|DEPRECATED,1,6407,v0.2.0
'@wix/auto_sdk_ecom_gift-vouchers-provider,1.0.34,30,F,UNVERIFIED_PUBLISH_PATH,13,6405,v0.2.0
'@lucide/icons,1.24.0,58,C,INCONSISTENT_PUBLISH_PATH|SINGLE_MAINTAINER,1,6402,v0.2.0
'@derockdev/discord-components-core,3.6.1,26,F,UNVERIFIED_PUBLISH_PATH|DORMANT|SINGLE_MAINTAINER,1,6399,v0.2.0
bootstrap-4-grid,3.4.0,19,F,UNVERIFIED_PUBLISH_PATH|DORMANT|SINGLE_MAINTAINER|DEPRECATED,1,6383,v0.2.0
'@fontsource/pretendard,5.2.5,71,B,,2,6378,v0.2.0
bootstrap4-toggle,3.6.1,19,F,UNVERIFIED_PUBLISH_PATH|DORMANT|SINGLE_MAINTAINER,1,6372,v0.2.0
plotly.js-gl3d-dist-min,3.7.0,45,D,UNVERIFIED_PUBLISH_PATH,15,6364,v0.2.0
'@wix/auto_sdk_ecom_checkout-settings,1.0.66,30,F,UNVERIFIED_PUBLISH_PATH,13,6361,v0.2.0
'@sweetalert2/theme-dark,5.0.27,25,F,UNVERIFIED_PUBLISH_PATH|SINGLE_MAINTAINER|DEPRECATED,1,6353,v0.2.0
'@wix/auto_sdk_ecom_delivery-solutions,1.0.60,30,F,UNVERIFIED_PUBLISH_PATH,13,6352,v0.2.0
'@dragdroptouch/drag-drop-touch,2.0.3,39,D,UNVERIFIED_PUBLISH_PATH,2,6351,v0.2.0
'@indic-transliteration/sanscript,1.3.3,39,D,UNVERIFIED_PUBLISH_PATH,2,6345,v0.2.0
flickity-sync,3.0.0,19,F,UNVERIFIED_PUBLISH_PATH|DORMANT|SINGLE_MAINTAINER,1,6322,v0.2.0
famfamfam-flags,1.0.0,19,F,UNVERIFIED_PUBLISH_PATH|DORMANT|SINGLE_MAINTAINER,1,6319,v0.2.0
watermarkjs,2.1.1,19,F,UNVERIFIED_PUBLISH_PATH|DORMANT|SINGLE_MAINTAINER,1,6314,v0.2.0
'@aurodesignsystem/auro-library,5.13.1,46,D,UNVERIFIED_PUBLISH_PATH,8,6312,v0.2.0
multiselect-two-sides,2.5.7,19,F,UNVERIFIED_PUBLISH_PATH|DORMANT|SINGLE_MAINTAINER,1,6300,v0.2.0
'@fontsource-variable/cormorant,5.2.8,71,B,,2,6299,v0.2.0
'@wix/auto_sdk_data_tasks,1.0.40,30,F,UNVERIFIED_PUBLISH_PATH,13,6289,v0.2.0
idpay-b2b-sdk,2.2.2,25,F,UNVERIFIED_PUBLISH_PATH|SINGLE_MAINTAINER,1,6285,v0.2.0
angular-nvd3,1.0.9,19,F,UNVERIFIED_PUBLISH_PATH|DORMANT|SINGLE_MAINTAINER,1,6275,v0.2.0
'@fontsource/comfortaa,5.2.8,71,B,,2,6270,v0.2.0
'@wix/auto_sdk_ecom_shippo-configurations,1.0.68,30,F,UNVERIFIED_PUBLISH_PATH,13,6267,v0.2.0
'@wix/auto_sdk_ecom_discount-rules,1.0.110,30,F,UNVERIFIED_PUBLISH_PATH,13,6262,v0.2.0
'@wix/auto_sdk_ecom_tips,1.0.61,30,F,UNVERIFIED_PUBLISH_PATH,13,6260,v0.2.0
handy-scroll,2.0.6,25,F,UNVERIFIED_PUBLISH_PATH|SINGLE_MAINTAINER,1,6259,v0.2.0
'@wix/auto_sdk_ecom_local-delivery-options,1.0.51,30,F,UNVERIFIED_PUBLISH_PATH,13,6258,v0.2.0
jsoniq,0.0.8,19,F,UNVERIFIED_PUBLISH_PATH|DORMANT|SINGLE_MAINTAINER,1,6258,v0.2.0
'@wix/auto_sdk_ecom_order-invoices,1.0.51,30,F,UNVERIFIED_PUBLISH_PATH,13,6252,v0.2.0
'@wix/auto_sdk_data_collections,1.0.88,30,F,UNVERIFIED_PUBLISH_PATH,13,6248,v0.2.0
'@fontsource/varela-round,5.2.8,71,B,,2,6243,v0.2.0
editorjs-text-alignment-blocktune,1.0.3,19,F,UNVERIFIED_PUBLISH_PATH|DORMANT|SINGLE_MAINTAINER,1,6243,v0.2.0
vue-numeric,2.5.1,19,F,UNVERIFIED_PUBLISH_PATH|DORMANT|SINGLE_MAINTAINER,1,6229,v0.2.0
vimeo-froogaloop2,0.1.1,19,F,UNVERIFIED_PUBLISH_PATH|DORMANT|SINGLE_MAINTAINER,1,6228,v0.2.0
gettext.js,2.0.3,15,F,UNVERIFIED_PUBLISH_PATH|DORMANT|SINGLE_MAINTAINER,1,6222,v0.2.0
'@wix/auto_sdk_data_backups,1.0.66,30,F,UNVERIFIED_PUBLISH_PATH,13,6191,v0.2.0
videojs-vr,2.0.0,28,F,UNVERIFIED_PUBLISH_PATH|DORMANT|PUBLISHER_NOT_MAINTAINER,18,6191,v0.2.0
leaflet-measure,3.1.0,19,F,UNVERIFIED_PUBLISH_PATH|DORMANT|SINGLE_MAINTAINER,1,6190,v0.2.0
'@tsparticles/plugin-sounds,4.3.2,69,C,INCONSISTENT_PUBLISH_PATH|SINGLE_MAINTAINER,1,6188,v0.2.0
'@wix/auto_sdk_data_permissions,1.0.50,30,F,UNVERIFIED_PUBLISH_PATH,13,6184,v0.2.0
'@wix/auto_sdk_data_indexes,1.0.53,30,F,UNVERIFIED_PUBLISH_PATH,13,6179,v0.2.0
'@wix/auto_sdk_data_movement-jobs,1.0.56,30,F,UNVERIFIED_PUBLISH_PATH,13,6178,v0.2.0
'@wix/auto_sdk_ecom_current-cart-v-2,1.0.169,30,F,UNVERIFIED_PUBLISH_PATH,13,6176,v0.2.0
'@wix/auto_sdk_ecom_recommendations-provider,1.0.32,30,F,UNVERIFIED_PUBLISH_PATH,13,6170,v0.2.0
'@wix/auto_sdk_data_external-database-connections,1.0.49,30,F,UNVERIFIED_PUBLISH_PATH,13,6167,v0.2.0
dplayer,1.27.1,19,F,UNVERIFIED_PUBLISH_PATH|DORMANT|SINGLE_MAINTAINER,1,6151,v0.2.0
macy,2.5.1,33,F,UNVERIFIED_PUBLISH_PATH|DORMANT,2,6149,v0.2.0
zuck.js,2.1.1,25,F,UNVERIFIED_PUBLISH_PATH|SINGLE_MAINTAINER,1,6149,v0.2.0
'@wix/auto_sdk_ecom_tax-groups,1.0.60,30,F,UNVERIFIED_PUBLISH_PATH,13,6148,v0.2.0
'@wix/auto_sdk_data_external-database,1.0.30,30,F,UNVERIFIED_PUBLISH_PATH,13,6145,v0.2.0
currency-flags,4.0.7,33,F,UNVERIFIED_PUBLISH_PATH|DORMANT|DEPRECATED,4,6145,v0.2.0
svg-injector,1.1.3,19,F,UNVERIFIED_PUBLISH_PATH|DORMANT|SINGLE_MAINTAINER,1,6139,v0.2.0
'@wix/headless-forms,0.0.45,30,F,UNVERIFIED_PUBLISH_PATH,6,6124,v0.2.0
'@telekom/scale-components,3.0.0-beta.161,46,D,UNVERIFIED_PUBLISH_PATH,4,6120,v0.2.0
'@wix/auto_sdk_data_sharing,1.0.21,30,F,UNVERIFIED_PUBLISH_PATH,13,6118,v0.2.0
htmx-ext-preload,2.1.2,25,F,UNVERIFIED_PUBLISH_PATH|SINGLE_MAINTAINER,1,6118,v0.2.0
'@wix/auto_sdk_ecom_shipping-options,1.0.187,30,F,UNVERIFIED_PUBLISH_PATH,13,6113,v0.2.0
bulma-tooltip,3.0.2,28,F,UNVERIFIED_PUBLISH_PATH|DORMANT|PUBLISHER_NOT_MAINTAINER|DEPRECATED,2,6102,v0.2.0
numeraljs,1.5.6,33,F,UNVERIFIED_PUBLISH_PATH|DORMANT,2,6100,v0.2.0
highgain,0.1.0,16,F,UNVERIFIED_PUBLISH_PATH|SINGLE_MAINTAINER,1,6093,v0.2.0
jquery-sticky,1.0.4,19,F,UNVERIFIED_PUBLISH_PATH|DORMANT|SINGLE_MAINTAINER,1,6086,v0.2.0
'@fontsource/saira,5.2.11,71,B,,2,6070,v0.2.0
'@snowplow/browser-plugin-element-tracking,4.8.4,39,D,UNVERIFIED_PUBLISH_PATH,3,6068,v0.2.0
'@lskjs/dashboard,2.9.0,33,F,UNVERIFIED_PUBLISH_PATH|DORMANT,12,6063,v0.2.0
jquery-zoom,1.7.22,25,F,UNVERIFIED_PUBLISH_PATH|SINGLE_MAINTAINER,1,6060,v0.2.0
jquery-ui-multiselect-widget,3.0.1,19,F,UNVERIFIED_PUBLISH_PATH|DORMANT|SINGLE_MAINTAINER,1,6058,v0.2.0
lvovich,2.1.0,25,F,UNVERIFIED_PUBLISH_PATH|SINGLE_MAINTAINER,1,6054,v0.2.0
'@thi.ng/vectors,8.6.37,21,F,UNVERIFIED_PUBLISH_PATH|SINGLE_MAINTAINER,1,6043,v0.2.0
riot,10.1.4,25,F,UNVERIFIED_PUBLISH_PATH|SINGLE_MAINTAINER,1,6009,v0.2.0
'@carbon/pictograms,12.80.0,100,A,,7,6004,v0.2.0
excellentexport,3.9.15,25,F,UNVERIFIED_PUBLISH_PATH|SINGLE_MAINTAINER,1,6004,v0.2.0
'@fontsource/alfa-slab-one,5.2.8,71,B,,2,5996,v0.2.0
'@fontsource/share-tech-mono,5.2.7,71,B,,2,5996,v0.2.0
'@fontsource-variable/unbounded,5.2.8,71,B,,2,5993,v0.2.0
'@fontsource-variable/jost,5.2.8,71,B,,2,5986,v0.2.0
'@vkontakte/vk-bridge,3.0.2,89,A,,3,5980,v0.2.0
lightgallery.js,1.4.0,19,F,UNVERIFIED_PUBLISH_PATH|DORMANT|SINGLE_MAINTAINER,1,5980,v0.2.0
fancybox,3.0.1,19,F,UNVERIFIED_PUBLISH_PATH|DORMANT|SINGLE_MAINTAINER,1,5977,v0.2.0
'@wix/auto_sdk_forms_form-submissions,1.0.22,30,F,UNVERIFIED_PUBLISH_PATH,13,5970,v0.2.0
'@wix/auto_sdk_forms_chat-settings,1.0.25,30,F,UNVERIFIED_PUBLISH_PATH,13,5968,v0.2.0
svg-gauge,1.0.7,19,F,UNVERIFIED_PUBLISH_PATH|DORMANT|SINGLE_MAINTAINER,1,5967,v0.2.0
dsbridge,3.1.4,10,F,UNVERIFIED_PUBLISH_PATH|DORMANT|SINGLE_MAINTAINER,1,5959,v0.2.0
dohjs,0.3.3,19,F,UNVERIFIED_PUBLISH_PATH|DORMANT|SINGLE_MAINTAINER,1,5955,v0.2.0
normalize-css,2.3.1,14,F,UNVERIFIED_PUBLISH_PATH|DORMANT|SINGLE_MAINTAINER|DEPRECATED,1,5951,v0.2.0
'@fontsource-variable/cairo,5.2.7,71,B,,2,5942,v0.2.0
'@hpe-design/icons-grommet,1.2.0,39,D,UNVERIFIED_PUBLISH_PATH,2,5935,v0.2.0
'@wix/auto_sdk_ecom_custom-triggers,1.0.37,30,F,UNVERIFIED_PUBLISH_PATH,13,5922,v0.2.0
stimulus-dropdown,2.1.0,14,F,UNVERIFIED_PUBLISH_PATH|DORMANT|SINGLE_MAINTAINER|DEPRECATED,1,5915,v0.2.0
benz-amr-recorder,1.1.5,19,F,UNVERIFIED_PUBLISH_PATH|DORMANT|SINGLE_MAINTAINER,1,5912,v0.2.0
flickity-fade,2.0.0,19,F,UNVERIFIED_PUBLISH_PATH|DORMANT|SINGLE_MAINTAINER,1,5898,v0.2.0
maptalks,1.12.1,30,F,UNVERIFIED_PUBLISH_PATH,2,5887,v0.2.0
'@fontsource/comic-neue,5.2.7,71,B,,2,5881,v0.2.0
emmet-monaco-es,5.7.0,25,F,UNVERIFIED_PUBLISH_PATH|SINGLE_MAINTAINER,1,5877,v0.2.0
'@3d-dice/dice-box,1.1.4,19,F,UNVERIFIED_PUBLISH_PATH|DORMANT|SINGLE_MAINTAINER,1,5866,v0.2.0
a11y-dialog-component,5.5.1,19,F,UNVERIFIED_PUBLISH_PATH|DORMANT|SINGLE_MAINTAINER,1,5856,v0.2.0
basiclightbox,5.0.4,19,F,UNVERIFIED_PUBLISH_PATH|DORMANT|SINGLE_MAINTAINER,1,5854,v0.2.0
'@wix/auto_sdk_ecom_orders,1.0.273,30,F,UNVERIFIED_PUBLISH_PATH,13,5847,v0.2.0
vuejs-dialog,1.4.2,19,F,UNVERIFIED_PUBLISH_PATH|DORMANT|SINGLE_MAINTAINER,1,5829,v0.2.0
'@wix/auto_sdk_ecom_manual-tax-mappings,1.0.37,30,F,UNVERIFIED_PUBLISH_PATH,13,5826,v0.2.0
'@wix/auto_sdk_ecom_delivery-profile,1.0.423,30,F,UNVERIFIED_PUBLISH_PATH,13,5820,v0.2.0
microtip,0.2.2,19,F,UNVERIFIED_PUBLISH_PATH|DORMANT|SINGLE_MAINTAINER,1,5818,v0.2.0
amplitudejs,5.3.2,33,F,UNVERIFIED_PUBLISH_PATH|DORMANT,3,5812,v0.2.0
'@wix/auto_sdk_ecom_checkout-templates,1.0.145,30,F,UNVERIFIED_PUBLISH_PATH,13,5796,v0.2.0
'@wix/wix-ui-test-utils,1.3.5,30,F,UNVERIFIED_PUBLISH_PATH,6,5794,v0.2.0
bootstrap-italia,2.18.2,39,D,UNVERIFIED_PUBLISH_PATH,3,5786,v0.2.0
'@fontsource-variable/google-sans-flex,5.2.3,81,B,,2,5753,v0.2.0
verovio,6.2.0,25,F,UNVERIFIED_PUBLISH_PATH|SINGLE_MAINTAINER,1,5753,v0.2.0
'@wix/auto_sdk_ecom_memberships,1.0.60,30,F,UNVERIFIED_PUBLISH_PATH,13,5748,v0.2.0
'@wix/auto_sdk_ecom_gift-vouchers,1.0.42,30,F,UNVERIFIED_PUBLISH_PATH,13,5747,v0.2.0
'@wix/auto_sdk_ecom_tippable-staff,1.0.39,30,F,UNVERIFIED_PUBLISH_PATH,13,5747,v0.2.0
lg-zoom,1.3.0,19,F,UNVERIFIED_PUBLISH_PATH|DORMANT|SINGLE_MAINTAINER,1,5745,v0.2.0
'@wix/auto_sdk_ecom_back-in-stock-settings,1.0.40,30,F,UNVERIFIED_PUBLISH_PATH,13,5743,v0.2.0
'@wix/auto_sdk_ecom_checkout-content,1.0.35,30,F,UNVERIFIED_PUBLISH_PATH,13,5743,v0.2.0
view-design,4.7.0,33,F,UNVERIFIED_PUBLISH_PATH|DORMANT,3,5739,v0.2.0
'@snapshot-labs/snapshot.js,0.14.26,39,D,UNVERIFIED_PUBLISH_PATH,2,5730,v0.2.0
'@fontsource/patrick-hand,5.2.8,71,B,,2,5721,v0.2.0
agora-rtm,2.2.4,30,F,UNVERIFIED_PUBLISH_PATH,2,5716,v0.2.0
htmx-ext-sse,2.2.4,39,D,UNVERIFIED_PUBLISH_PATH,2,5708,v0.2.0
'@wix/form-public,0.319.0,30,F,UNVERIFIED_PUBLISH_PATH,13,5688,v0.2.0
angucomplete-alt,3.0.0,19,F,UNVERIFIED_PUBLISH_PATH|DORMANT|SINGLE_MAINTAINER,1,5688,v0.2.0
'@tsparticles/path-curves,4.3.2,69,C,INCONSISTENT_PUBLISH_PATH|SINGLE_MAINTAINER,1,5678,v0.2.0
angular-material-icons,0.7.1,19,F,UNVERIFIED_PUBLISH_PATH|DORMANT|SINGLE_MAINTAINER,1,5660,v0.2.0
jscrollpane,2.2.3-rc.2,19,F,UNVERIFIED_PUBLISH_PATH|DORMANT|SINGLE_MAINTAINER,1,5660,v0.2.0
'@fontsource-variable/fredoka,5.2.10,71,B,,2,5657,v0.2.0
'@trimble-oss/modus-web-components,1.8.2,39,D,UNVERIFIED_PUBLISH_PATH,8,5633,v0.2.0
'@fontsource-variable/noto-serif-sc,5.2.10,71,B,,2,5614,v0.2.0
'@splidejs/splide-extension-video,0.8.0,19,F,UNVERIFIED_PUBLISH_PATH|DORMANT|SINGLE_MAINTAINER,1,5595,v0.2.0
'@dynatrace/openkit-js,4.2.0,34,F,UNVERIFIED_PUBLISH_PATH,4,5594,v0.2.0
babylonjs-loaders,9.17.0,25,F,UNVERIFIED_PUBLISH_PATH|SINGLE_MAINTAINER,1,5594,v0.2.0
'@wix/auto_sdk_ecom_order-payment-requests,1.0.61,30,F,UNVERIFIED_PUBLISH_PATH,13,5580,v0.2.0
chartjs-plugin-colorschemes,0.4.0,19,F,UNVERIFIED_PUBLISH_PATH|DORMANT|SINGLE_MAINTAINER,1,5573,v0.2.0
nice-select2,2.4.1,39,D,UNVERIFIED_PUBLISH_PATH,2,5568,v0.2.0
'@iconify-json/tdesign,1.2.16,21,F,UNVERIFIED_PUBLISH_PATH|SINGLE_MAINTAINER,1,5567,v0.2.0
'@marimo-team/islands,0.23.14,95,A,,2,5562,v0.2.0
nette-forms,3.5.3,19,F,UNVERIFIED_PUBLISH_PATH|DORMANT|SINGLE_MAINTAINER,1,5546,v0.2.0
'@unocss/runtime,66.7.5,89,A,,3,5532,v0.2.0
hexo-generator-searchdb,1.5.0,39,D,UNVERIFIED_PUBLISH_PATH,2,5531,v0.2.0
marked-linkify-it,4.0.0,73,B,SINGLE_MAINTAINER,1,5528,v0.2.0
bootstrap-datetime-picker,2.4.4,19,F,UNVERIFIED_PUBLISH_PATH|DORMANT|SINGLE_MAINTAINER,1,5526,v0.2.0
'@wix/auto_sdk_ecom_abandoned-checkouts,1.0.76,30,F,UNVERIFIED_PUBLISH_PATH,13,5510,v0.2.0
'@wix/auto_sdk_ecom_tax-calculation-provider,1.0.29,30,F,UNVERIFIED_PUBLISH_PATH,13,5504,v0.2.0
'@wix/auto_sdk_ecom_inventory,1.0.23,30,F,UNVERIFIED_PUBLISH_PATH,13,5501,v0.2.0
onsenui,2.12.9,39,D,UNVERIFIED_PUBLISH_PATH,9,5495,v0.2.0
'@snowplow/browser-plugin-enhanced-ecommerce,4.8.4,39,D,UNVERIFIED_PUBLISH_PATH,3,5492,v0.2.0
'@wix/auto_sdk_ecom_pickup-locations,1.0.49,30,F,UNVERIFIED_PUBLISH_PATH,13,5488,v0.2.0
infinite-scroll,5.0.0,25,F,UNVERIFIED_PUBLISH_PATH|SINGLE_MAINTAINER,1,5487,v0.2.0
'@wix/auto_sdk_ecom_order-fulfillments,1.0.60,30,F,UNVERIFIED_PUBLISH_PATH,13,5485,v0.2.0
leaflet-easyprint,2.1.9,19,F,UNVERIFIED_PUBLISH_PATH|DORMANT|SINGLE_MAINTAINER,1,5478,v0.2.0
'@wix/auto_sdk_ecom_back-in-stock-notifications,1.0.61,30,F,UNVERIFIED_PUBLISH_PATH,13,5476,v0.2.0
'@wix/auto_sdk_ecom_orders-settings,1.0.53,30,F,UNVERIFIED_PUBLISH_PATH,13,5475,v0.2.0
iview,3.5.4,33,F,UNVERIFIED_PUBLISH_PATH|DORMANT,8,5452,v0.2.0
'@fontsource/allura,5.2.8,71,B,,2,5451,v0.2.0
jquery.ripples,0.6.3,19,F,UNVERIFIED_PUBLISH_PATH|DORMANT|SINGLE_MAINTAINER,1,5448,v0.2.0
vue-snotify,3.2.1,14,F,UNVERIFIED_PUBLISH_PATH|DORMANT|SINGLE_MAINTAINER,1,5441,v0.2.0
'@talkjs/core,1.11.1,35,D,UNVERIFIED_PUBLISH_PATH,9,5439,v0.2.0
bigger-picture,1.1.20,25,F,UNVERIFIED_PUBLISH_PATH|SINGLE_MAINTAINER,1,5437,v0.2.0
lucky-canvas,1.7.27,28,F,UNVERIFIED_PUBLISH_PATH|DORMANT,2,5433,v0.2.0
simple-notify,1.0.6,19,F,UNVERIFIED_PUBLISH_PATH|DORMANT|SINGLE_MAINTAINER,1,5428,v0.2.0
wsemi,1.8.65,31,F,UNVERIFIED_PUBLISH_PATH|SINGLE_MAINTAINER,1,5419,v0.2.0
'@pnotify/core,5.2.0,19,F,UNVERIFIED_PUBLISH_PATH|DORMANT|SINGLE_MAINTAINER,1,5408,v0.2.0
typeface-lato,1.1.13,14,F,UNVERIFIED_PUBLISH_PATH|DORMANT|SINGLE_MAINTAINER,1,5404,v0.2.0
mo-js,0.288.2,19,F,UNVERIFIED_PUBLISH_PATH|DORMANT|SINGLE_MAINTAINER,1,5400,v0.2.0
orgchart,5.0.0,19,F,UNVERIFIED_PUBLISH_PATH|DORMANT|SINGLE_MAINTAINER,1,5393,v0.2.0
typesaurus,10.7.0,19,F,UNVERIFIED_PUBLISH_PATH|DORMANT|SINGLE_MAINTAINER,1,5390,v0.2.0
'@recogito/annotorious,2.7.14,39,D,UNVERIFIED_PUBLISH_PATH,3,5389,v0.2.0
'@iconify-json/mynaui,1.2.18,21,F,UNVERIFIED_PUBLISH_PATH|SINGLE_MAINTAINER,1,5387,v0.2.0
polyfill,0.1.0,28,F,UNVERIFIED_PUBLISH_PATH|DORMANT,2,5379,v0.2.0
survey-creator-js,2.5.34,39,D,UNVERIFIED_PUBLISH_PATH,2,5377,v0.2.0
'@wix/auto_sdk_ecom_tax-regions,1.0.57,30,F,UNVERIFIED_PUBLISH_PATH,13,5371,v0.2.0
'@fontsource-variable/noto-sans-devanagari,5.2.8,71,B,,2,5363,v0.2.0
lity,2.4.1,19,F,UNVERIFIED_PUBLISH_PATH|DORMANT|SINGLE_MAINTAINER,1,5363,v0.2.0
liquor-tree,0.2.70,19,F,UNVERIFIED_PUBLISH_PATH|DORMANT|SINGLE_MAINTAINER,1,5360,v0.2.0
'@mediapipe/holistic,0.5.1675471629,24,F,UNVERIFIED_PUBLISH_PATH|DORMANT,8,5354,v0.2.0
'@trendyol/baklava,3.5.0,76,B,INCONSISTENT_PUBLISH_PATH|SINGLE_MAINTAINER,1,5352,v0.2.0
'@snowplow/browser-plugin-debugger,4.8.4,39,D,UNVERIFIED_PUBLISH_PATH,3,5351,v0.2.0
'@deriv-com/quill-tokens,2.0.31,32,F,UNVERIFIED_PUBLISH_PATH|SINGLE_MAINTAINER,1,5349,v0.2.0
photoeditorsdk,5.20.0,39,D,UNVERIFIED_PUBLISH_PATH,12,5347,v0.2.0
jquery-blockui,2.7.0,19,F,UNVERIFIED_PUBLISH_PATH|DORMANT|SINGLE_MAINTAINER,1,5340,v0.2.0
upscaler,1.0.0,20,F,UNVERIFIED_PUBLISH_PATH|SINGLE_MAINTAINER,1,5318,v0.2.0
'@barba/core,2.10.3,33,F,UNVERIFIED_PUBLISH_PATH|DORMANT,3,5314,v0.2.0
hyphenopoly,6.1.0,25,F,UNVERIFIED_PUBLISH_PATH|SINGLE_MAINTAINER,1,5308,v0.2.0
'@wix/unidriver-jsdom-react-legacy,1.5.5,30,F,UNVERIFIED_PUBLISH_PATH,13,5307,v0.2.0
'@elbwalker/walker.js,3.4.2,32,F,UNVERIFIED_PUBLISH_PATH|SINGLE_MAINTAINER,1,5306,v0.2.0
'@fontsource/libre-caslon-text,5.2.7,71,B,,2,5305,v0.2.0
'@wix/auto_sdk_categories_categories,1.0.126,30,F,UNVERIFIED_PUBLISH_PATH,13,5289,v0.2.0
mp3-parser,0.3.0,19,F,UNVERIFIED_PUBLISH_PATH|DORMANT|SINGLE_MAINTAINER,1,5289,v0.2.0
snazzy-info-window,1.1.1,19,F,UNVERIFIED_PUBLISH_PATH|DORMANT|SINGLE_MAINTAINER,1,5289,v0.2.0
filepond-plugin-file-rename,1.1.8,19,F,UNVERIFIED_PUBLISH_PATH|DORMANT|SINGLE_MAINTAINER,1,5285,v0.2.0
'@pipedrive/app-extensions-sdk,0.16.0,84,B,INCONSISTENT_PUBLISH_PATH,3,5279,v0.2.0
'@meteocons/svg,0.1.0,25,F,UNVERIFIED_PUBLISH_PATH|SINGLE_MAINTAINER,1,5269,v0.2.0
'@inlang/message-lint-rule-empty-pattern,1.4.8,24,F,UNVERIFIED_PUBLISH_PATH|DORMANT,2,5268,v0.2.0
'@upscalerjs/default-model,1.0.0,20,F,UNVERIFIED_PUBLISH_PATH|SINGLE_MAINTAINER,1,5256,v0.2.0
'@cybrid/cybrid-api-bank-angular,0.129.600,35,D,UNVERIFIED_PUBLISH_PATH,2,5254,v0.2.0
anchor-js,5.0.0,19,F,UNVERIFIED_PUBLISH_PATH|DORMANT|SINGLE_MAINTAINER,1,5241,v0.2.0
'@iconify-json/flagpack,1.2.8,21,F,UNVERIFIED_PUBLISH_PATH|SINGLE_MAINTAINER,1,5231,v0.2.0
clockpicker,0.0.7,19,F,UNVERIFIED_PUBLISH_PATH|DORMANT|SINGLE_MAINTAINER,1,5227,v0.2.0
'@fullcalendar/luxon2,6.1.21,20,F,UNVERIFIED_PUBLISH_PATH|SINGLE_MAINTAINER,1,5219,v0.2.0
'@rive-app/webgl2-advanced,2.38.5,87,A,,5,5219,v0.2.0
'@vap/shiki,0.10.5,19,F,UNVERIFIED_PUBLISH_PATH|DORMANT|SINGLE_MAINTAINER,1,5212,v0.2.0
'@wix/metro-runtime,1.2121.0,30,F,UNVERIFIED_PUBLISH_PATH,13,5210,v0.2.0
bootstrap-duallistbox,3.0.9,14,F,UNVERIFIED_PUBLISH_PATH|DORMANT|SINGLE_MAINTAINER|PUBLISHER_NOT_MAINTAINER,1,5206,v0.2.0
'@snowplow/browser-plugin-youtube-tracking,4.8.4,39,D,UNVERIFIED_PUBLISH_PATH,3,5205,v0.2.0
jqvmap,1.5.1,33,F,UNVERIFIED_PUBLISH_PATH|DORMANT,2,5201,v0.2.0
'@kontent-ai/smart-link,5.1.0,89,A,,4,5200,v0.2.0
'@grapecity/spread-sheets-charts,18.2.5,30,F,UNVERIFIED_PUBLISH_PATH,2,5197,v0.2.0
'@fontsource/league-spartan,5.2.8,71,B,,2,5193,v0.2.0
'@chenfengyuan/datepicker,1.0.10,19,F,UNVERIFIED_PUBLISH_PATH|DORMANT|SINGLE_MAINTAINER,1,5185,v0.2.0
node-ray,3.0.0,20,F,UNVERIFIED_PUBLISH_PATH|SINGLE_MAINTAINER,1,5180,v0.2.0
angular-utils-pagination,0.11.1,19,F,UNVERIFIED_PUBLISH_PATH|DORMANT|SINGLE_MAINTAINER,1,5177,v0.2.0
swiped-events,1.2.0,19,F,UNVERIFIED_PUBLISH_PATH|DORMANT|SINGLE_MAINTAINER,1,5176,v0.2.0
ppu-ocv,4.0.0,76,B,INCONSISTENT_PUBLISH_PATH|SINGLE_MAINTAINER,1,5168,v0.2.0
jquery-highlight,3.5.0,19,F,UNVERIFIED_PUBLISH_PATH|DORMANT|SINGLE_MAINTAINER,1,5161,v0.2.0
leaflet-toolbar,0.4.0-alpha.2,19,F,UNVERIFIED_PUBLISH_PATH|DORMANT|SINGLE_MAINTAINER,1,5160,v0.2.0
danfojs,1.2.0,39,D,UNVERIFIED_PUBLISH_PATH,3,5148,v0.2.0
'@wix/auto_sdk_ecom_shipping-rates,1.0.38,30,F,UNVERIFIED_PUBLISH_PATH,13,5147,v0.2.0
ng-material-datetimepicker,1.20.0,19,F,UNVERIFIED_PUBLISH_PATH|DORMANT|SINGLE_MAINTAINER,1,5122,v0.2.0
'@searchkit/instantsearch-client,4.15.0,45,D,UNVERIFIED_PUBLISH_PATH,2,5115,v0.2.0
form_to_object,3.2.0,25,F,UNVERIFIED_PUBLISH_PATH|SINGLE_MAINTAINER,1,5105,v0.2.0
is-in-viewport,3.0.4,19,F,UNVERIFIED_PUBLISH_PATH|DORMANT|SINGLE_MAINTAINER,1,5104,v0.2.0
'@fontsource-variable/libre-franklin,5.2.8,71,B,,2,5100,v0.2.0
'@coderline/alphatab,1.8.4,25,F,UNVERIFIED_PUBLISH_PATH|SINGLE_MAINTAINER,1,5096,v0.2.0
jquery.inputmask,3.3.4,19,F,UNVERIFIED_PUBLISH_PATH|DORMANT|SINGLE_MAINTAINER|DEPRECATED,1,5096,v0.2.0
'@fontsource/dm-serif-text,5.2.8,71,B,,2,5089,v0.2.0
accordion,3.0.2,19,F,UNVERIFIED_PUBLISH_PATH|DORMANT|SINGLE_MAINTAINER,1,5086,v0.2.0
select2-theme-bootstrap4,1.0.2,19,F,UNVERIFIED_PUBLISH_PATH|DORMANT|SINGLE_MAINTAINER,1,5074,v0.2.0
jquery.flot,0.8.3,10,F,UNVERIFIED_PUBLISH_PATH|DORMANT|SINGLE_MAINTAINER,1,5066,v0.2.0
hyperscript.org,0.9.93,39,D,UNVERIFIED_PUBLISH_PATH,2,5057,v0.2.0
'@eid-easy/eideasy-widget,3.17.0,39,D,UNVERIFIED_PUBLISH_PATH,2,5054,v0.2.0
canvas-gauges,2.1.7,14,F,UNVERIFIED_PUBLISH_PATH|DORMANT|SINGLE_MAINTAINER,1,5054,v0.2.0
jquery-tooltipster,3.3.0,15,F,UNVERIFIED_PUBLISH_PATH|DORMANT|SINGLE_MAINTAINER,1,5054,v0.2.0
'@fontsource/finger-paint,5.2.8,71,B,,2,5048,v0.2.0
'@pqina/flip,1.8.4,19,F,UNVERIFIED_PUBLISH_PATH|DORMANT|SINGLE_MAINTAINER,1,5042,v0.2.0
'@tsparticles/perlin-noise,4.3.2,69,C,INCONSISTENT_PUBLISH_PATH|SINGLE_MAINTAINER,1,5041,v0.2.0
rangeslider.js,2.3.3,19,F,UNVERIFIED_PUBLISH_PATH|DORMANT|SINGLE_MAINTAINER,1,5038,v0.2.0
simplelightbox,2.14.3,19,F,UNVERIFIED_PUBLISH_PATH|DORMANT|SINGLE_MAINTAINER,1,5034,v0.2.0
'@wix/auto_sdk_ecom_ecommerce-settings,1.0.26,30,F,UNVERIFIED_PUBLISH_PATH,13,5025,v0.2.0
'@inlang/message-lint-rule-without-source,1.4.8,24,F,UNVERIFIED_PUBLISH_PATH|DORMANT,2,5023,v0.2.0
typeface-roboto-mono,1.1.13,14,F,UNVERIFIED_PUBLISH_PATH|DORMANT|SINGLE_MAINTAINER,1,5017,v0.2.0
'@clayui/css,3.165.0,34,F,UNVERIFIED_PUBLISH_PATH,9,5016,v0.2.0
in-view,0.6.1,19,F,UNVERIFIED_PUBLISH_PATH|DORMANT|SINGLE_MAINTAINER,1,5016,v0.2.0
misans,4.1.0,25,F,UNVERIFIED_PUBLISH_PATH|SINGLE_MAINTAINER,1,5009,v0.2.0
'@fontsource/abril-fatface,5.2.7,71,B,,2,5007,v0.2.0
context-filter-polyfill,0.3.23,25,F,UNVERIFIED_PUBLISH_PATH|SINGLE_MAINTAINER,1,5007,v0.2.0
'@wix/auto_sdk_ecom_recommendations,1.0.45,30,F,UNVERIFIED_PUBLISH_PATH,13,4989,v0.2.0
tarteaucitronjs,1.34.0,31,F,UNVERIFIED_PUBLISH_PATH|SINGLE_MAINTAINER,1,4989,v0.2.0
'@tsparticles/updater-gradient,4.3.2,69,C,INCONSISTENT_PUBLISH_PATH|SINGLE_MAINTAINER,1,4987,v0.2.0
'@wix/auto_sdk_ecom_currencies,1.0.34,30,F,UNVERIFIED_PUBLISH_PATH,13,4987,v0.2.0
'@wix/auto_sdk_ecom_discounts-custom-trigger,1.0.43,30,F,UNVERIFIED_PUBLISH_PATH,13,4984,v0.2.0
ovenplayer,0.10.52,25,F,UNVERIFIED_PUBLISH_PATH|SINGLE_MAINTAINER,1,4972,v0.2.0
'@snowplow/browser-plugin-webview,4.8.4,39,D,UNVERIFIED_PUBLISH_PATH,3,4969,v0.2.0
'@sheerid/jslib,2.256.0,35,D,UNVERIFIED_PUBLISH_PATH,4,4966,v0.2.0
'@fontsource/kiwi-maru,5.2.8,71,B,,2,4964,v0.2.0
gentle-pi,1.0.6,58,C,INCONSISTENT_PUBLISH_PATH|SINGLE_MAINTAINER,1,4960,v0.2.0
notosans-fontface,1.3.0,19,F,UNVERIFIED_PUBLISH_PATH|DORMANT|SINGLE_MAINTAINER,1,4958,v0.2.0
chartjs-plugin-doughnutlabel-rebourne,3.0.0-beta.4,19,F,UNVERIFIED_PUBLISH_PATH|DORMANT|SINGLE_MAINTAINER,1,4951,v0.2.0
'@inlang/message-lint-rule-missing-translation,1.4.8,24,F,UNVERIFIED_PUBLISH_PATH|DORMANT,2,4947,v0.2.0
'@fontsource/iosevka,5.2.5,71,B,,2,4945,v0.2.0
'@fontsource-variable/noto-serif-tc,5.2.11,81,B,,2,4940,v0.2.0
'@egjs/infinitegrid,4.13.0,39,D,UNVERIFIED_PUBLISH_PATH,12,4939,v0.2.0
'@grapecity/spread-sheets-print,18.2.5,30,F,UNVERIFIED_PUBLISH_PATH,2,4935,v0.2.0
rateyo,3.0.0-alpha.2,19,F,UNVERIFIED_PUBLISH_PATH|DORMANT|SINGLE_MAINTAINER,1,4931,v0.2.0
bootstrap3-dialog,1.35.4,19,F,UNVERIFIED_PUBLISH_PATH|DORMANT|SINGLE_MAINTAINER,1,4929,v0.2.0
accordion-js,3.4.1,25,F,UNVERIFIED_PUBLISH_PATH|SINGLE_MAINTAINER,1,4928,v0.2.0
'@tsparticles/plugin-hsv-color,4.3.2,69,C,INCONSISTENT_PUBLISH_PATH|SINGLE_MAINTAINER,1,4923,v0.2.0
'@fontsource-variable/inconsolata,5.2.8,71,B,,2,4906,v0.2.0
'@wix/bookings,1.0.1537,30,F,UNVERIFIED_PUBLISH_PATH,13,4895,v0.2.0
lg-thumbnail,1.2.1,19,F,UNVERIFIED_PUBLISH_PATH|DORMANT|SINGLE_MAINTAINER,1,4895,v0.2.0
ractive,1.4.4,33,F,UNVERIFIED_PUBLISH_PATH|DORMANT,4,4885,v0.2.0
'@wix/auto_sdk_ecom_tax-calculation,1.0.50,30,F,UNVERIFIED_PUBLISH_PATH,13,4876,v0.2.0
'@fontsource/noto-naskh-arabic,5.2.11,81,B,,2,4858,v0.2.0
'@tsparticles/shape-spiral,4.3.2,69,C,INCONSISTENT_PUBLISH_PATH|SINGLE_MAINTAINER,1,4848,v0.2.0
'@crystaldesign/product-detail-page,26.7.7,21,F,UNVERIFIED_PUBLISH_PATH|SINGLE_MAINTAINER,1,4838,v0.2.0
'@tsparticles/all,4.3.2,69,C,INCONSISTENT_PUBLISH_PATH|SINGLE_MAINTAINER,1,4838,v0.2.0
'@tsparticles/updater-orbit,4.3.2,69,C,INCONSISTENT_PUBLISH_PATH|SINGLE_MAINTAINER,1,4835,v0.2.0
gijgo,1.9.14,10,F,UNVERIFIED_PUBLISH_PATH|DORMANT|SINGLE_MAINTAINER,1,4831,v0.2.0
'@fontsource-variable/orbitron,5.2.8,71,B,,2,4829,v0.2.0
'@tsparticles/simplex-noise,4.3.2,69,C,INCONSISTENT_PUBLISH_PATH|SINGLE_MAINTAINER,1,4828,v0.2.0
dynamsoft-barcode-reader-bundle,11.4.3000,20,F,UNVERIFIED_PUBLISH_PATH|SINGLE_MAINTAINER,1,4824,v0.2.0
chartist-plugin-tooltips,0.0.17,33,F,UNVERIFIED_PUBLISH_PATH|DORMANT,2,4821,v0.2.0
'@svgdotjs/svg.panzoom.js,2.1.2,33,F,UNVERIFIED_PUBLISH_PATH|DORMANT,2,4816,v0.2.0
'@wix/forms,1.0.462,30,F,UNVERIFIED_PUBLISH_PATH,13,4806,v0.2.0
'@fontsource-variable/noto-sans-hebrew,5.2.8,71,B,,2,4804,v0.2.0
'@fontsource-variable/sofia-sans,5.2.8,71,B,,2,4802,v0.2.0
'@iconify-json/streamline,1.2.5,21,F,UNVERIFIED_PUBLISH_PATH|SINGLE_MAINTAINER,1,4799,v0.2.0
'@iconify-json/cil,1.2.3,21,F,UNVERIFIED_PUBLISH_PATH|SINGLE_MAINTAINER,1,4793,v0.2.0
babylonjs-gui,9.17.0,25,F,UNVERIFIED_PUBLISH_PATH|SINGLE_MAINTAINER,1,4787,v0.2.0
leancloud-storage,4.15.2,28,F,UNVERIFIED_PUBLISH_PATH|DORMANT|PUBLISHER_NOT_MAINTAINER,3,4780,v0.2.0
'@photo-sphere-viewer/gallery-plugin,5.14.3,73,B,SINGLE_MAINTAINER,1,4777,v0.2.0
jose-browser-runtime,5.10.0,63,C,SINGLE_MAINTAINER,1,4777,v0.2.0
'@fontsource/luckiest-guy,5.2.8,71,B,,2,4774,v0.2.0
magic-grid,3.4.7,19,F,UNVERIFIED_PUBLISH_PATH|DORMANT|SINGLE_MAINTAINER,1,4762,v0.2.0
vue-simple-spinner,1.2.10,19,F,UNVERIFIED_PUBLISH_PATH|DORMANT|SINGLE_MAINTAINER,1,4757,v0.2.0
'@tsparticles/shape-rounded-rect,4.3.2,69,C,INCONSISTENT_PUBLISH_PATH|SINGLE_MAINTAINER,1,4755,v0.2.0
chartjs-plugin-piechart-outlabels,0.1.4,19,F,UNVERIFIED_PUBLISH_PATH|DORMANT|SINGLE_MAINTAINER,1,4750,v0.2.0
'@tsparticles/plugin-poisson-disc,4.3.2,69,C,INCONSISTENT_PUBLISH_PATH|SINGLE_MAINTAINER,1,4748,v0.2.0
'@tsparticles/path-curl-noise,4.3.2,69,C,INCONSISTENT_PUBLISH_PATH|SINGLE_MAINTAINER,1,4739,v0.2.0
layui,2.13.8,45,D,UNVERIFIED_PUBLISH_PATH,2,4736,v0.2.0
'@fontsource/ibm-plex-sans-jp,5.2.8,71,B,,2,4735,v0.2.0
'@tsparticles/plugin-emitters-shape-canvas,4.3.2,69,C,INCONSISTENT_PUBLISH_PATH|SINGLE_MAINTAINER,1,4734,v0.2.0
dropify,0.2.2,19,F,UNVERIFIED_PUBLISH_PATH|DORMANT|SINGLE_MAINTAINER,1,4728,v0.2.0
vue-masonry-css,1.0.3,19,F,UNVERIFIED_PUBLISH_PATH|DORMANT|SINGLE_MAINTAINER,1,4726,v0.2.0
'@tsparticles/shape-arrow,4.3.2,69,C,INCONSISTENT_PUBLISH_PATH|SINGLE_MAINTAINER,1,4725,v0.2.0
single-spa-angularjs,4.3.1,14,F,UNVERIFIED_PUBLISH_PATH|DORMANT|SINGLE_MAINTAINER|PUBLISHER_NOT_MAINTAINER,1,4724,v0.2.0
'@tsparticles/plugin-easing-quart,4.3.2,69,C,INCONSISTENT_PUBLISH_PATH|SINGLE_MAINTAINER,1,4723,v0.2.0
buttplug,5.0.1,25,F,UNVERIFIED_PUBLISH_PATH|SINGLE_MAINTAINER,1,4721,v0.2.0
'@tsparticles/plugin-easing-expo,4.3.2,69,C,INCONSISTENT_PUBLISH_PATH|SINGLE_MAINTAINER,1,4720,v0.2.0
'@tsparticles/interaction-external-pop,4.3.2,69,C,INCONSISTENT_PUBLISH_PATH|SINGLE_MAINTAINER,1,4719,v0.2.0
venobox,2.2.0,25,F,UNVERIFIED_PUBLISH_PATH|SINGLE_MAINTAINER,1,4719,v0.2.0
'@tsparticles/plugin-easing-back,4.3.2,69,C,INCONSISTENT_PUBLISH_PATH|SINGLE_MAINTAINER,1,4715,v0.2.0
'@tsparticles/plugin-easing-quint,4.3.2,69,C,INCONSISTENT_PUBLISH_PATH|SINGLE_MAINTAINER,1,4714,v0.2.0
'@tsparticles/plugin-export-json,4.3.2,69,C,INCONSISTENT_PUBLISH_PATH|SINGLE_MAINTAINER,1,4714,v0.2.0
jquery-textcomplete,1.8.5,19,F,UNVERIFIED_PUBLISH_PATH|DORMANT|SINGLE_MAINTAINER,1,4713,v0.2.0
'@tsparticles/path-simplex-noise,4.3.2,69,C,INCONSISTENT_PUBLISH_PATH|SINGLE_MAINTAINER,1,4709,v0.2.0
'@tsparticles/plugin-easing-linear,4.3.2,69,C,INCONSISTENT_PUBLISH_PATH|SINGLE_MAINTAINER,1,4709,v0.2.0
'@tsparticles/shape-rounded-polygon,4.3.2,69,C,INCONSISTENT_PUBLISH_PATH|SINGLE_MAINTAINER,1,4709,v0.2.0
'@wix/auto_sdk_forms_submissions,1.0.138,30,F,UNVERIFIED_PUBLISH_PATH,13,4705,v0.2.0
'@tsparticles/plugin-export-video,4.3.2,69,C,INCONSISTENT_PUBLISH_PATH|SINGLE_MAINTAINER,1,4703,v0.2.0
'@tsparticles/shape-path,4.3.2,69,C,INCONSISTENT_PUBLISH_PATH|SINGLE_MAINTAINER,1,4703,v0.2.0
'@tsparticles/plugin-easing-circ,4.3.2,69,C,INCONSISTENT_PUBLISH_PATH|SINGLE_MAINTAINER,1,4702,v0.2.0
'@tsparticles/plugin-polygon-mask,4.3.2,69,C,INCONSISTENT_PUBLISH_PATH|SINGLE_MAINTAINER,1,4697,v0.2.0
instant.page,5.2.0,19,F,UNVERIFIED_PUBLISH_PATH|DORMANT|SINGLE_MAINTAINER,1,4697,v0.2.0
mirador,4.1.0,39,D,UNVERIFIED_PUBLISH_PATH,10,4696,v0.2.0
jam-icons,2.0.0,14,F,UNVERIFIED_PUBLISH_PATH|DORMANT|SINGLE_MAINTAINER,1,4690,v0.2.0
simple-mind-map,0.14.0-fix.3,20,F,UNVERIFIED_PUBLISH_PATH|SINGLE_MAINTAINER,1,4673,v0.2.0
'@undecaf/barcode-detector-polyfill,0.9.23,25,F,UNVERIFIED_PUBLISH_PATH|SINGLE_MAINTAINER,1,4668,v0.2.0
beautifymarker,1.0.9,19,F,UNVERIFIED_PUBLISH_PATH|DORMANT|SINGLE_MAINTAINER,1,4665,v0.2.0
lzwcompress,1.1.0,19,F,UNVERIFIED_PUBLISH_PATH|DORMANT|SINGLE_MAINTAINER,1,4660,v0.2.0
'@iplookup/country-extra,1.0.20260715,73,B,SINGLE_MAINTAINER,1,4650,v0.2.0
'@fontsource/lobster,5.2.8,71,B,,2,4644,v0.2.0
canvas-5-polyfill,0.1.5,15,F,UNVERIFIED_PUBLISH_PATH|DORMANT|SINGLE_MAINTAINER,1,4643,v0.2.0
'@fontsource/pinyon-script,5.2.8,71,B,,2,4636,v0.2.0
'@fontsource/red-hat-text,5.2.8,71,B,,2,4634,v0.2.0
'@jspreadsheet/parser,6.0.6,25,F,UNVERIFIED_PUBLISH_PATH|SINGLE_MAINTAINER,1,4632,v0.2.0
'@wix/auto_sdk_forms_interactive-form-sessions,1.0.66,30,F,UNVERIFIED_PUBLISH_PATH,13,4595,v0.2.0
'@genpact/genome.mfe.v6-app,1.0.315,21,F,UNVERIFIED_PUBLISH_PATH|SINGLE_MAINTAINER,1,4584,v0.2.0
'@edtr-io/mathquill,0.11.0,33,F,UNVERIFIED_PUBLISH_PATH|DORMANT,3,4576,v0.2.0
'@adobe/magento-storefront-event-collector,1.17.0,34,F,UNVERIFIED_PUBLISH_PATH,31,4574,v0.2.0
'@fullcalendar/web-component,6.1.21,20,F,UNVERIFIED_PUBLISH_PATH|SINGLE_MAINTAINER,1,4574,v0.2.0
'@fontsource/source-serif-pro,5.2.5,71,B,,2,4569,v0.2.0
vue3-sfc-loader,0.9.5,19,F,UNVERIFIED_PUBLISH_PATH|DORMANT|SINGLE_MAINTAINER,1,4567,v0.2.0
jquery-lazy,1.7.11,19,F,UNVERIFIED_PUBLISH_PATH|DORMANT|SINGLE_MAINTAINER,1,4566,v0.2.0
'@wix/auto_sdk_forms_form-spam-submission-reports,1.0.37,30,F,UNVERIFIED_PUBLISH_PATH,13,4565,v0.2.0
'@stylable/runtime,6.1.1,33,F,UNVERIFIED_PUBLISH_PATH|DORMANT,5,4560,v0.2.0
webcrypto,0.1.1,19,F,UNVERIFIED_PUBLISH_PATH|DORMANT|SINGLE_MAINTAINER,1,4558,v0.2.0
soundfont-player,0.12.0,19,F,UNVERIFIED_PUBLISH_PATH|DORMANT|SINGLE_MAINTAINER,1,4553,v0.2.0
chessground,9.2.1,39,D,UNVERIFIED_PUBLISH_PATH|DEPRECATED,2,4551,v0.2.0
javascript-detect-element-resize,0.5.3,14,F,UNVERIFIED_PUBLISH_PATH|DORMANT|SINGLE_MAINTAINER,1,4547,v0.2.0
'@aurodesignsystem/auro-button,12.3.2,89,A,BRANCH_REQUIRES_PR,8,4530,v0.2.0
lazyload,2.0.0-rc.2,19,F,UNVERIFIED_PUBLISH_PATH|DORMANT|SINGLE_MAINTAINER,1,4527,v0.2.0
chartjs-plugin-streaming,2.0.0,19,F,UNVERIFIED_PUBLISH_PATH|DORMANT|SINGLE_MAINTAINER,1,4522,v0.2.0
editorjs-paragraph-with-alignment,3.0.0,19,F,UNVERIFIED_PUBLISH_PATH|DORMANT|SINGLE_MAINTAINER,1,4521,v0.2.0
'@iconify-json/la,1.2.1,15,F,UNVERIFIED_PUBLISH_PATH|DORMANT|SINGLE_MAINTAINER,1,4509,v0.2.0
'@swisspost/design-system-icons,10.0.1,95,A,,4,4508,v0.2.0
chart.js-plugin-labels-dv,5.0.1-beta,19,F,UNVERIFIED_PUBLISH_PATH|DORMANT|SINGLE_MAINTAINER,1,4503,v0.2.0
jquery.dirtyforms,2.0.0,14,F,UNVERIFIED_PUBLISH_PATH|DORMANT|SINGLE_MAINTAINER,1,4491,v0.2.0
'@fruits-chain/react-native-xiaoshu,0.4.8,39,D,UNVERIFIED_PUBLISH_PATH,7,4490,v0.2.0
vex-js,4.1.0,33,F,UNVERIFIED_PUBLISH_PATH|DORMANT,3,4469,v0.2.0
'@iconify-json/mdi-light,1.2.2,15,F,UNVERIFIED_PUBLISH_PATH|DORMANT|SINGLE_MAINTAINER,1,4466,v0.2.0
h5p-standalone,3.8.2,87,A,,2,4464,v0.2.0
'@tylertech/tyler-icons,2.2.0,46,D,UNVERIFIED_PUBLISH_PATH,6,4453,v0.2.0
'@hackler/javascript-sdk,11.56.0,30,F,UNVERIFIED_PUBLISH_PATH,2,4451,v0.2.0
respond.js,1.4.2,14,F,UNVERIFIED_PUBLISH_PATH|DORMANT|SINGLE_MAINTAINER,1,4447,v0.2.0
scratchcard-js,1.5.5,19,F,UNVERIFIED_PUBLISH_PATH|DORMANT|SINGLE_MAINTAINER,1,4436,v0.2.0
jquery.qrcode,1.0.3,19,F,UNVERIFIED_PUBLISH_PATH|DORMANT|SINGLE_MAINTAINER,1,4427,v0.2.0
jquery.terminal,2.46.1,25,F,UNVERIFIED_PUBLISH_PATH|SINGLE_MAINTAINER,1,4420,v0.2.0
jquery-once,2.3.0,33,F,UNVERIFIED_PUBLISH_PATH|DORMANT,5,4416,v0.2.0
'@tsparticles/effect-trail,4.3.2,69,C,INCONSISTENT_PUBLISH_PATH|SINGLE_MAINTAINER,1,4409,v0.2.0
'@fontsource/sacramento,5.2.8,71,B,,2,4408,v0.2.0
basicscroll,3.0.4,19,F,UNVERIFIED_PUBLISH_PATH|DORMANT|SINGLE_MAINTAINER,1,4407,v0.2.0
'@fontsource/balsamiq-sans,5.2.8,71,B,,2,4394,v0.2.0
jplayer,2.9.2,19,F,UNVERIFIED_PUBLISH_PATH|DORMANT|SINGLE_MAINTAINER,1,4393,v0.2.0
'@descope/web-components-ui,3.16.4,30,F,UNVERIFIED_PUBLISH_PATH,5,4390,v0.2.0
roboto-font,0.1.0,14,F,UNVERIFIED_PUBLISH_PATH|DORMANT|SINGLE_MAINTAINER|PUBLISHER_NOT_MAINTAINER|DEPRECATED,1,4389,v0.2.0
jsstore,4.9.0,19,F,UNVERIFIED_PUBLISH_PATH|DORMANT|SINGLE_MAINTAINER,1,4383,v0.2.0
tdesign-icons-vue,0.4.6,20,F,UNVERIFIED_PUBLISH_PATH|SINGLE_MAINTAINER,1,4383,v0.2.0
pe7-icon,1.0.4,19,F,UNVERIFIED_PUBLISH_PATH|DORMANT|SINGLE_MAINTAINER,1,4381,v0.2.0
'@fontsource/special-elite,5.2.8,71,B,,2,4375,v0.2.0
components-jqueryui,1.12.1,19,F,UNVERIFIED_PUBLISH_PATH|DORMANT|SINGLE_MAINTAINER,1,4371,v0.2.0
keen-tracking,5.0.1,33,F,UNVERIFIED_PUBLISH_PATH|DORMANT,3,4362,v0.2.0
lg-fullscreen.js,1.2.0,19,F,UNVERIFIED_PUBLISH_PATH|DORMANT|SINGLE_MAINTAINER,1,4359,v0.2.0
leaflet-gpx,2.2.0,25,F,UNVERIFIED_PUBLISH_PATH|SINGLE_MAINTAINER,1,4358,v0.2.0
'@iconify-json/flowbite,1.2.7,21,F,UNVERIFIED_PUBLISH_PATH|SINGLE_MAINTAINER,1,4344,v0.2.0
'@icon/themify-icons,1.0.1-alpha.3,33,F,UNVERIFIED_PUBLISH_PATH|DORMANT,2,4338,v0.2.0
'@fontsource/mona-sans,5.2.8,71,B,,2,4331,v0.2.0
isotope-packery,2.0.1,19,F,UNVERIFIED_PUBLISH_PATH|DORMANT|SINGLE_MAINTAINER,1,4331,v0.2.0
luckysheet,2.1.13,15,F,UNVERIFIED_PUBLISH_PATH|DORMANT|SINGLE_MAINTAINER,1,4328,v0.2.0
'@bigbinary/neeto-molecules,5.2.17,39,D,UNVERIFIED_PUBLISH_PATH,3,4327,v0.2.0
'@chinese-fonts/maple-mono-cn,2.0.0,20,F,UNVERIFIED_PUBLISH_PATH|SINGLE_MAINTAINER,1,4327,v0.2.0
'@fontsource/atkinson-hyperlegible-next,5.2.7,71,B,,2,4325,v0.2.0
'@telnyx/video,1.0.2,24,F,UNVERIFIED_PUBLISH_PATH|DORMANT,6,4321,v0.2.0
'@silvermine/videojs-airplay,1.3.0,33,F,UNVERIFIED_PUBLISH_PATH|DORMANT,5,4316,v0.2.0
tocca,2.0.9,19,F,UNVERIFIED_PUBLISH_PATH|DORMANT|SINGLE_MAINTAINER,1,4314,v0.2.0
'@tsparticles/pjs,4.3.2,69,C,INCONSISTENT_PUBLISH_PATH|SINGLE_MAINTAINER,1,4310,v0.2.0
'@creativebulma/bulma-divider,1.1.0,33,F,UNVERIFIED_PUBLISH_PATH|DORMANT,2,4301,v0.2.0
devtools-detect,4.0.2,19,F,UNVERIFIED_PUBLISH_PATH|DORMANT|SINGLE_MAINTAINER,1,4299,v0.2.0
'@iconify-json/mi,1.2.2,15,F,UNVERIFIED_PUBLISH_PATH|DORMANT|SINGLE_MAINTAINER,1,4285,v0.2.0
'@tensorflow-models/posenet,2.2.2,28,F,UNVERIFIED_PUBLISH_PATH|DORMANT,10,4281,v0.2.0
'@fontsource/noto-serif-kr,5.2.9,71,B,,2,4275,v0.2.0
bootstrap-tour,0.12.0,33,F,UNVERIFIED_PUBLISH_PATH|DORMANT,2,4275,v0.2.0
leaflet-search,4.0.0,19,F,UNVERIFIED_PUBLISH_PATH|DORMANT|SINGLE_MAINTAINER,1,4274,v0.2.0
node-tikzjax,1.0.5,21,F,UNVERIFIED_PUBLISH_PATH|SINGLE_MAINTAINER,1,4266,v0.2.0
'@tsparticles/plugin-emitters-shape-polygon,4.3.2,69,C,INCONSISTENT_PUBLISH_PATH|SINGLE_MAINTAINER,1,4265,v0.2.0
vwo-node-sdk,1.73.0,39,D,UNVERIFIED_PUBLISH_PATH,2,4265,v0.2.0
vast-client,3.2.0,33,F,UNVERIFIED_PUBLISH_PATH|DORMANT|DEPRECATED,5,4256,v0.2.0
ie11-custom-properties,4.1.0,19,F,UNVERIFIED_PUBLISH_PATH|DORMANT|SINGLE_MAINTAINER,1,4253,v0.2.0
'@iabtcf/stub,1.5.6,28,F,UNVERIFIED_PUBLISH_PATH|DORMANT,3,4252,v0.2.0
'@wix/stores,1.0.828,30,F,UNVERIFIED_PUBLISH_PATH,13,4250,v0.2.0
'@yandex/ymaps3-hint,0.1.2,35,D,UNVERIFIED_PUBLISH_PATH,2,4232,v0.2.0
lg-zoom.js,1.3.0,19,F,UNVERIFIED_PUBLISH_PATH|DORMANT|SINGLE_MAINTAINER,1,4232,v0.2.0
zooming,2.1.1,19,F,UNVERIFIED_PUBLISH_PATH|DORMANT|SINGLE_MAINTAINER,1,4231,v0.2.0
'@fontsource/ibm-plex-sans-condensed,5.2.8,71,B,,2,4222,v0.2.0
'@n8n_io/n8n-demo-component,1.0.20,34,F,UNVERIFIED_PUBLISH_PATH|PUBLISHER_NOT_MAINTAINER,3,4221,v0.2.0
editorjs-parser,1.5.3,14,F,UNVERIFIED_PUBLISH_PATH|DORMANT|SINGLE_MAINTAINER|PUBLISHER_NOT_MAINTAINER,1,4220,v0.2.0
'@thirdweb-dev/chains,0.1.120,24,F,UNVERIFIED_PUBLISH_PATH|DORMANT,5,4217,v0.2.0
'@ryangjchandler/spruce,2.7.1,19,F,UNVERIFIED_PUBLISH_PATH|DORMANT|SINGLE_MAINTAINER,1,4213,v0.2.0
bulma-calendar,7.1.1,14,F,UNVERIFIED_PUBLISH_PATH|DORMANT|SINGLE_MAINTAINER|PUBLISHER_NOT_MAINTAINER|DEPRECATED,1,4204,v0.2.0
wavesurfer,1.3.4,14,F,UNVERIFIED_PUBLISH_PATH|DORMANT|SINGLE_MAINTAINER|DEPRECATED,1,4201,v0.2.0
clusterize.js,1.0.0,19,F,UNVERIFIED_PUBLISH_PATH|DORMANT|SINGLE_MAINTAINER,1,4186,v0.2.0
isotope-masonry-horizontal,2.0.1,19,F,UNVERIFIED_PUBLISH_PATH|DORMANT|SINGLE_MAINTAINER,1,4179,v0.2.0
'@fontsource/vollkorn,5.2.10,71,B,,2,4178,v0.2.0
'@tsparticles/path-perlin-noise,4.3.2,69,C,INCONSISTENT_PUBLISH_PATH|SINGLE_MAINTAINER,1,4176,v0.2.0
fontawesome-free,1.0.4,15,F,UNVERIFIED_PUBLISH_PATH|DORMANT|SINGLE_MAINTAINER,1,4174,v0.2.0
'@splidejs/splide-extension-intersection,0.2.0,19,F,UNVERIFIED_PUBLISH_PATH|DORMANT|SINGLE_MAINTAINER,1,4172,v0.2.0
filepond-plugin-file-metadata,1.0.8,19,F,UNVERIFIED_PUBLISH_PATH|DORMANT|SINGLE_MAINTAINER,1,4172,v0.2.0
artplayer-plugin-hls-control,1.1.0,25,F,UNVERIFIED_PUBLISH_PATH|SINGLE_MAINTAINER,1,4159,v0.2.0
'@fontsource-variable/roboto-condensed,5.2.8,71,B,,2,4156,v0.2.0
virtual-select-plugin,1.1.0,21,F,UNVERIFIED_PUBLISH_PATH|SINGLE_MAINTAINER,1,4144,v0.2.0
calendar-base,2.0.1,14,F,UNVERIFIED_PUBLISH_PATH|DORMANT|SINGLE_MAINTAINER,1,4133,v0.2.0
gasparesganga-jquery-loading-overlay,2.1.7,19,F,UNVERIFIED_PUBLISH_PATH|DORMANT|SINGLE_MAINTAINER,1,4131,v0.2.0
round-slider,1.6.1,19,F,UNVERIFIED_PUBLISH_PATH|DORMANT|SINGLE_MAINTAINER,1,4126,v0.2.0
'@fontsource-variable/noto-serif-hk,5.2.10,71,B,,2,4117,v0.2.0
chii,1.15.5,25,F,UNVERIFIED_PUBLISH_PATH|SINGLE_MAINTAINER,1,4111,v0.2.0
'@iconify-json/skill-icons,1.2.4,21,F,UNVERIFIED_PUBLISH_PATH|SINGLE_MAINTAINER,1,4110,v0.2.0
angular-bootstrap-toggle,0.4.2,19,F,UNVERIFIED_PUBLISH_PATH|DORMANT|SINGLE_MAINTAINER,1,4110,v0.2.0
mand-mobile,2.7.0,33,F,UNVERIFIED_PUBLISH_PATH|DORMANT,7,4109,v0.2.0
ui-cropper,1.0.9,14,F,UNVERIFIED_PUBLISH_PATH|DORMANT|SINGLE_MAINTAINER,1,4109,v0.2.0
'@fontsource/frank-ruhl-libre,5.2.8,71,B,,2,4107,v0.2.0
featherlight,1.7.14,19,F,UNVERIFIED_PUBLISH_PATH|DORMANT|SINGLE_MAINTAINER,1,4101,v0.2.0
jquery-lazyload,1.9.7,19,F,UNVERIFIED_PUBLISH_PATH|DORMANT|SINGLE_MAINTAINER,1,4097,v0.2.0
'@grapecity/spread-sheets-shapes,18.2.5,30,F,UNVERIFIED_PUBLISH_PATH,2,4095,v0.2.0
reinvented-color-wheel,0.4.0,19,F,UNVERIFIED_PUBLISH_PATH|DORMANT|SINGLE_MAINTAINER,1,4090,v0.2.0
marzipano,0.10.2,33,F,UNVERIFIED_PUBLISH_PATH|DORMANT,2,4085,v0.2.0
hellojs,1.21.4,25,F,UNVERIFIED_PUBLISH_PATH|SINGLE_MAINTAINER,1,4084,v0.2.0
'@hyperframes/shader-transitions,0.7.60,78,B,INCONSISTENT_PUBLISH_PATH,3,4083,v0.2.0
japanese-string-utils,0.5.0,19,F,UNVERIFIED_PUBLISH_PATH|DORMANT|SINGLE_MAINTAINER,1,4082,v0.2.0
'@fontsource/maven-pro,5.2.10,71,B,,2,4077,v0.2.0
d3plus-text,1.2.5,19,F,UNVERIFIED_PUBLISH_PATH|DORMANT|SINGLE_MAINTAINER|DEPRECATED,1,4073,v0.2.0
'@fontsource/oxygen,5.2.8,71,B,,2,4071,v0.2.0
'@tsparticles/plugin-infection,4.3.2,69,C,INCONSISTENT_PUBLISH_PATH|SINGLE_MAINTAINER,1,4068,v0.2.0
sal.js,0.8.5,19,F,UNVERIFIED_PUBLISH_PATH|DORMANT|SINGLE_MAINTAINER,1,4061,v0.2.0
'@vindral/web-sdk,4.4.0,30,F,UNVERIFIED_PUBLISH_PATH,4,4054,v0.2.0
'@govbr-ds/core,3.7.0,35,D,UNVERIFIED_PUBLISH_PATH,4,4053,v0.2.0
'@tsparticles/shape-cog,4.3.2,69,C,INCONSISTENT_PUBLISH_PATH|SINGLE_MAINTAINER,1,4048,v0.2.0
'@mediapipe/tasks-text,0.10.35,30,F,UNVERIFIED_PUBLISH_PATH,8,4046,v0.2.0
'@fontsource/marcellus,5.2.8,71,B,,2,4044,v0.2.0
slideout,1.0.1,19,F,UNVERIFIED_PUBLISH_PATH|DORMANT|SINGLE_MAINTAINER,1,4044,v0.2.0
jquery.scrollbar,0.2.11,33,F,UNVERIFIED_PUBLISH_PATH|DORMANT,2,4036,v0.2.0
vue-shadow-dom,4.2.0,19,F,UNVERIFIED_PUBLISH_PATH|DORMANT|SINGLE_MAINTAINER,1,4034,v0.2.0
'@1money/react-ui,1.17.3,52,C,INCONSISTENT_PUBLISH_PATH|SINGLE_MAINTAINER,1,4033,v0.2.0
openlayers,4.6.5,33,F,UNVERIFIED_PUBLISH_PATH|DORMANT|DEPRECATED,6,4032,v0.2.0
babylonjs-materials,9.17.0,25,F,UNVERIFIED_PUBLISH_PATH|SINGLE_MAINTAINER,1,4021,v0.2.0
font-awesome-animation,1.1.1,33,F,UNVERIFIED_PUBLISH_PATH|DORMANT,2,4019,v0.2.0
'@tsparticles/plugin-emitters-shape-path,4.3.2,69,C,INCONSISTENT_PUBLISH_PATH|SINGLE_MAINTAINER,1,4012,v0.2.0
'@iconify-json/fluent-mdl2,1.2.1,15,F,UNVERIFIED_PUBLISH_PATH|DORMANT|SINGLE_MAINTAINER,1,4010,v0.2.0
'@tsparticles/path-polygon,4.3.2,69,C,INCONSISTENT_PUBLISH_PATH|SINGLE_MAINTAINER,1,4009,v0.2.0
videojs-vtt-thumbnails,0.0.13,19,F,UNVERIFIED_PUBLISH_PATH|DORMANT|SINGLE_MAINTAINER,1,4001,v0.2.0
startbootstrap-sb-admin-2,4.1.4,19,F,UNVERIFIED_PUBLISH_PATH|DORMANT|SINGLE_MAINTAINER,1,3996,v0.2.0
stats-js,1.0.1,19,F,UNVERIFIED_PUBLISH_PATH|DORMANT|SINGLE_MAINTAINER,1,3995,v0.2.0
'@iconify-json/prime,1.2.5,21,F,UNVERIFIED_PUBLISH_PATH|SINGLE_MAINTAINER,1,3993,v0.2.0
'@tsparticles/plugin-canvas-mask,4.3.2,69,C,INCONSISTENT_PUBLISH_PATH|SINGLE_MAINTAINER,1,3993,v0.2.0
'@fontsource-variable/lexend-deca,5.2.10,71,B,,2,3991,v0.2.0
'@fontsource/google-sans,5.2.1,71,B,,2,3987,v0.2.0
'@webxr-input-profiles/motion-controllers,1.0.0,24,F,UNVERIFIED_PUBLISH_PATH|DORMANT,2,3985,v0.2.0
'@fontsource/hind,5.2.8,71,B,,2,3982,v0.2.0
'@fontsource/alegreya-sans,5.2.8,71,B,,2,3981,v0.2.0
'@tsparticles/path-svg,4.3.2,69,C,INCONSISTENT_PUBLISH_PATH|SINGLE_MAINTAINER,1,3979,v0.2.0
'@tsparticles/plugin-easing-cubic,4.3.2,69,C,INCONSISTENT_PUBLISH_PATH|SINGLE_MAINTAINER,1,3978,v0.2.0
'@tsparticles/interaction-light,4.3.2,69,C,INCONSISTENT_PUBLISH_PATH|SINGLE_MAINTAINER,1,3977,v0.2.0
'@tylertech/forge-core,3.3.1,47,D,UNVERIFIED_PUBLISH_PATH,6,3975,v0.2.0
thumbmarkjs,0.15.0,15,F,UNVERIFIED_PUBLISH_PATH|DORMANT|SINGLE_MAINTAINER|DEPRECATED,1,3975,v0.2.0
'@tsparticles/interaction-particles-repulse,4.3.2,69,C,INCONSISTENT_PUBLISH_PATH|SINGLE_MAINTAINER,1,3972,v0.2.0
'@tsparticles/effect-bubble,4.3.2,69,C,INCONSISTENT_PUBLISH_PATH|SINGLE_MAINTAINER,1,3971,v0.2.0
academicons,1.9.5,77,B,,2,3970,v0.2.0
'@ruffle-rs/ruffle,0.3.0,87,A,BRANCH_REQUIRES_PR,4,3969,v0.2.0
'@tsparticles/plugin-easing-sine,4.3.2,69,C,INCONSISTENT_PUBLISH_PATH|SINGLE_MAINTAINER,1,3966,v0.2.0
prettydiff,101.2.6,19,F,UNVERIFIED_PUBLISH_PATH|DORMANT|SINGLE_MAINTAINER,1,3966,v0.2.0
agent-relay-server,0.129.11,20,F,UNVERIFIED_PUBLISH_PATH|SINGLE_MAINTAINER,1,3965,v0.2.0
'@fontsource/red-hat-display,5.2.8,71,B,,2,3964,v0.2.0
'@tsparticles/plugin-export-image,4.3.2,69,C,INCONSISTENT_PUBLISH_PATH|SINGLE_MAINTAINER,1,3964,v0.2.0
'@fontsource/averia-libre,5.2.7,71,B,,2,3962,v0.2.0
'@elevenlabs/convai-widget-embed,0.14.10,82,B,,5,3949,v0.2.0
'@fontsource-variable/noto-sans-display,5.2.10,71,B,,2,3941,v0.2.0
'@aurodesignsystem/auro-hyperlink,8.0.3,89,A,,8,3932,v0.2.0
'@embrace-io/web-sdk,2.23.1,94,A,,9,3920,v0.2.0
'@fontsource-variable/geologica,5.2.8,71,B,,2,3903,v0.2.0
fiori-fundamentals,1.7.10,19,F,UNVERIFIED_PUBLISH_PATH|DORMANT|SINGLE_MAINTAINER|DEPRECATED,1,3903,v0.2.0
'@fluid-topics/ft-tooltip,2.1.10,35,D,UNVERIFIED_PUBLISH_PATH,3,3893,v0.2.0
lg-video,1.4.0,19,F,UNVERIFIED_PUBLISH_PATH|DORMANT|SINGLE_MAINTAINER,1,3891,v0.2.0
'@webpixels/css,3.0.5,25,F,UNVERIFIED_PUBLISH_PATH|SINGLE_MAINTAINER,1,3889,v0.2.0
selectric,1.13.0,19,F,UNVERIFIED_PUBLISH_PATH|DORMANT|SINGLE_MAINTAINER,1,3884,v0.2.0
cap-widget,0.1.56,20,F,UNVERIFIED_PUBLISH_PATH|SINGLE_MAINTAINER,1,3879,v0.2.0
firacode,6.2.0,33,F,UNVERIFIED_PUBLISH_PATH|DORMANT,2,3879,v0.2.0
tooltip-plugin,1.0.16,15,F,UNVERIFIED_PUBLISH_PATH|DORMANT|SINGLE_MAINTAINER,1,3876,v0.2.0
zent,10.0.18,34,F,UNVERIFIED_PUBLISH_PATH,3,3873,v0.2.0
'@fontsource/alex-brush,5.2.8,71,B,,2,3872,v0.2.0
jquery.marquee,1.6.1,33,F,UNVERIFIED_PUBLISH_PATH|DORMANT,2,3872,v0.2.0
'@fontsource/gabarito,5.2.8,71,B,,2,3871,v0.2.0
yakuhanjp,4.1.1,19,F,UNVERIFIED_PUBLISH_PATH|DORMANT|SINGLE_MAINTAINER,1,3866,v0.2.0
'@preline/dropdown,4.2.0,39,D,UNVERIFIED_PUBLISH_PATH,3,3865,v0.2.0
'@iconify-json/healthicons,1.2.12,21,F,UNVERIFIED_PUBLISH_PATH|SINGLE_MAINTAINER,1,3864,v0.2.0
mdui,2.1.5,20,F,UNVERIFIED_PUBLISH_PATH|SINGLE_MAINTAINER,1,3858,v0.2.0
hexo-theme-next,8.28.0,73,B,SINGLE_MAINTAINER,1,3850,v0.2.0
'@suprsend/web-sdk,4.4.0,39,D,UNVERIFIED_PUBLISH_PATH,3,3834,v0.2.0
tableexport.jquery.plugin,1.33.0,31,F,UNVERIFIED_PUBLISH_PATH|SINGLE_MAINTAINER,1,3832,v0.2.0
jquery-drawer,3.2.2,19,F,UNVERIFIED_PUBLISH_PATH|DORMANT|SINGLE_MAINTAINER,1,3830,v0.2.0
'@trutoo/event-bus,3.0.0,39,D,UNVERIFIED_PUBLISH_PATH,2,3817,v0.2.0
'@fontsource/gelasio,5.2.8,71,B,,2,3816,v0.2.0
'@fontsource/shippori-mincho,5.2.8,71,B,,2,3809,v0.2.0
oembed-parser,3.1.6-rc1,34,F,UNVERIFIED_PUBLISH_PATH|DORMANT,3,3809,v0.2.0
'@hiseb/confetti,2.1.0,25,F,UNVERIFIED_PUBLISH_PATH|SINGLE_MAINTAINER,1,3782,v0.2.0
htmx-ext-head-support,2.0.5,25,F,UNVERIFIED_PUBLISH_PATH|SINGLE_MAINTAINER,1,3781,v0.2.0
'@fontsource/open-sauce-one,5.2.5,71,B,,2,3761,v0.2.0
c2pa,0.30.17,45,D,UNVERIFIED_PUBLISH_PATH|DEPRECATED,3,3757,v0.2.0
measuretool-googlemaps-v3,1.0.2,19,F,UNVERIFIED_PUBLISH_PATH|DORMANT|SINGLE_MAINTAINER,1,3752,v0.2.0
'@fontsource/zilla-slab,5.2.8,71,B,,2,3750,v0.2.0
libpag,4.5.76,32,F,UNVERIFIED_PUBLISH_PATH|SINGLE_MAINTAINER|BRANCH_REQUIRES_PR,1,3746,v0.2.0
jetbrains-mono,1.0.6,19,F,UNVERIFIED_PUBLISH_PATH|DORMANT|SINGLE_MAINTAINER,1,3745,v0.2.0
'@wix/auto_sdk_bookings_availability-calendar,1.0.193,30,F,UNVERIFIED_PUBLISH_PATH,13,3744,v0.2.0
js-xlsx,0.8.22,19,F,UNVERIFIED_PUBLISH_PATH|DORMANT|SINGLE_MAINTAINER,1,3743,v0.2.0
'@fontsource/rokkitt,5.2.8,71,B,,2,3742,v0.2.0
ricos-content,10.102.0,24,F,UNVERIFIED_PUBLISH_PATH|DORMANT,8,3742,v0.2.0
dayjs-with-plugins,1.0.4,33,F,UNVERIFIED_PUBLISH_PATH|DORMANT,2,3725,v0.2.0
janus-gateway,1.4.1,45,D,UNVERIFIED_PUBLISH_PATH,2,3723,v0.2.0
'@fontsource/zen-maru-gothic,5.2.8,71,B,,2,3722,v0.2.0
vue-scrollactive,0.9.3,19,F,UNVERIFIED_PUBLISH_PATH|DORMANT|SINGLE_MAINTAINER,1,3720,v0.2.0
'@fontsource-variable/readex-pro,5.2.11,71,B,,2,3704,v0.2.0
lg-thumbnail.js,1.2.0,19,F,UNVERIFIED_PUBLISH_PATH|DORMANT|SINGLE_MAINTAINER,1,3699,v0.2.0
98.css,0.1.21,25,F,UNVERIFIED_PUBLISH_PATH|SINGLE_MAINTAINER,1,3694,v0.2.0
pi-hermes-memory,0.8.1,25,F,UNVERIFIED_PUBLISH_PATH|SINGLE_MAINTAINER,1,3680,v0.2.0
'@tensorflow/tfjs-tflite,0.0.1-alpha.10,28,F,UNVERIFIED_PUBLISH_PATH|DORMANT|PUBLISHER_NOT_MAINTAINER,10,3679,v0.2.0
mind-ar,1.2.5,19,F,UNVERIFIED_PUBLISH_PATH|DORMANT|SINGLE_MAINTAINER,1,3676,v0.2.0
ricos-schema,10.102.0,24,F,UNVERIFIED_PUBLISH_PATH|DORMANT,8,3676,v0.2.0
'@ntohq/buefy-next,0.2.0,19,F,UNVERIFIED_PUBLISH_PATH|DORMANT|SINGLE_MAINTAINER,1,3662,v0.2.0
tingle.js,0.16.0,33,F,UNVERIFIED_PUBLISH_PATH|DORMANT,2,3657,v0.2.0
'@grapecity/spread-sheets-pdf,18.2.5,30,F,UNVERIFIED_PUBLISH_PATH,2,3655,v0.2.0
jquery-resizable-dom,0.35.0,19,F,UNVERIFIED_PUBLISH_PATH|DORMANT|SINGLE_MAINTAINER,1,3653,v0.2.0
'@mathjax/mathjax-tex-font,4.1.3,39,D,UNVERIFIED_PUBLISH_PATH,3,3650,v0.2.0
'@fontsource/assistant,5.2.9,71,B,,2,3648,v0.2.0
'@photo-sphere-viewer/gyroscope-plugin,5.14.3,73,B,SINGLE_MAINTAINER,1,3646,v0.2.0
'@snowplow/browser-plugin-snowplow-ecommerce,4.8.4,39,D,UNVERIFIED_PUBLISH_PATH,3,3646,v0.2.0
bs5-lightbox,1.8.5,25,F,UNVERIFIED_PUBLISH_PATH|SINGLE_MAINTAINER,1,3642,v0.2.0
mixitup,3.3.2,19,F,UNVERIFIED_PUBLISH_PATH|DORMANT|SINGLE_MAINTAINER,1,3640,v0.2.0
'@mediakind/mkplayer,1.41.0,35,D,UNVERIFIED_PUBLISH_PATH,8,3636,v0.2.0
'@materializecss/materialize,2.3.3,39,D,UNVERIFIED_PUBLISH_PATH,2,3631,v0.2.0
paginationjs,2.6.0,19,F,UNVERIFIED_PUBLISH_PATH|DORMANT|SINGLE_MAINTAINER,1,3630,v0.2.0
bulma-slider,2.0.5,14,F,UNVERIFIED_PUBLISH_PATH|DORMANT|SINGLE_MAINTAINER|PUBLISHER_NOT_MAINTAINER,1,3623,v0.2.0
loading-attribute-polyfill,2.1.1,19,F,UNVERIFIED_PUBLISH_PATH|DORMANT|SINGLE_MAINTAINER,1,3618,v0.2.0
webxr-polyfill,2.0.3,33,F,UNVERIFIED_PUBLISH_PATH|DORMANT,2,3617,v0.2.0
jquery.counterup,2.1.0,19,F,UNVERIFIED_PUBLISH_PATH|DORMANT|SINGLE_MAINTAINER,1,3592,v0.2.0
jquery-chained,2.0.0-beta.2,14,F,UNVERIFIED_PUBLISH_PATH|DORMANT|SINGLE_MAINTAINER,1,3590,v0.2.0
bootstrap-confirmation2,4.2.1,19,F,UNVERIFIED_PUBLISH_PATH|DORMANT|SINGLE_MAINTAINER,1,3588,v0.2.0
hacktimer,1.1.3,19,F,UNVERIFIED_PUBLISH_PATH|DORMANT|SINGLE_MAINTAINER,1,3588,v0.2.0
vue-json-to-csv,1.1.8,19,F,UNVERIFIED_PUBLISH_PATH|DORMANT|SINGLE_MAINTAINER,1,3587,v0.2.0
'@vime/core,5.4.1,14,F,UNVERIFIED_PUBLISH_PATH|DORMANT|SINGLE_MAINTAINER,1,3576,v0.2.0
'@tylertech/forge,3.14.4,47,D,UNVERIFIED_PUBLISH_PATH,6,3575,v0.2.0
'@oracle/oraclejet,20.1.3,30,F,UNVERIFIED_PUBLISH_PATH,7,3573,v0.2.0
blob.js,1.0.1,19,F,UNVERIFIED_PUBLISH_PATH|DORMANT|SINGLE_MAINTAINER,1,3573,v0.2.0
'@shined/react-use,1.14.0,82,B,,4,3572,v0.2.0
'@master/css,1.37.8,43,D,UNVERIFIED_PUBLISH_PATH|DORMANT,2,3570,v0.2.0
'@fontsource-variable/noto-serif-kr,5.2.10,71,B,,2,3569,v0.2.0
es2015,0.0.0,19,F,UNVERIFIED_PUBLISH_PATH|DORMANT|SINGLE_MAINTAINER,1,3566,v0.2.0
lg-video.js,1.3.0,19,F,UNVERIFIED_PUBLISH_PATH|DORMANT|SINGLE_MAINTAINER,1,3565,v0.2.0
'@atomic-reactor/reactium-ui,0.3.6,28,F,UNVERIFIED_PUBLISH_PATH|DORMANT,2,3553,v0.2.0
share-this,1.3.1,19,F,UNVERIFIED_PUBLISH_PATH|DORMANT|SINGLE_MAINTAINER,1,3513,v0.2.0
'@fontsource-variable/assistant,5.2.9,71,B,,2,3499,v0.2.0
'@iconify-json/akar-icons,1.2.7,21,F,UNVERIFIED_PUBLISH_PATH|SINGLE_MAINTAINER,1,3497,v0.2.0
css-toggle-switch,4.1.0,19,F,UNVERIFIED_PUBLISH_PATH|DORMANT|SINGLE_MAINTAINER,1,3489,v0.2.0
skeleton-screen-css,1.1.0,19,F,UNVERIFIED_PUBLISH_PATH|DORMANT|SINGLE_MAINTAINER,1,3460,v0.2.0
luminous-lightbox,2.4.0,40,D,UNVERIFIED_PUBLISH_PATH|DORMANT,10,3458,v0.2.0
bootstrap3,3.3.5,32,F,UNVERIFIED_PUBLISH_PATH|DORMANT|SINGLE_MAINTAINER,1,3456,v0.2.0
audio-context-polyfill,1.0.0,14,F,UNVERIFIED_PUBLISH_PATH|DORMANT|SINGLE_MAINTAINER|PUBLISHER_NOT_MAINTAINER|DEPRECATED,1,3454,v0.2.0
webp-hero,0.0.2,19,F,UNVERIFIED_PUBLISH_PATH|DORMANT|SINGLE_MAINTAINER,1,3451,v0.2.0
'@fontsource/biz-udpgothic,5.2.9,71,B,,2,3443,v0.2.0
'@snowplow/javascript-tracker,4.8.4,39,D,UNVERIFIED_PUBLISH_PATH,3,3443,v0.2.0
jquery.panzoom,3.2.3,25,F,UNVERIFIED_PUBLISH_PATH|DORMANT|SINGLE_MAINTAINER,1,3432,v0.2.0
semantic-ui-calendar,0.0.8,19,F,UNVERIFIED_PUBLISH_PATH|DORMANT|SINGLE_MAINTAINER,1,3431,v0.2.0
impetus,0.8.8,19,F,UNVERIFIED_PUBLISH_PATH|DORMANT|SINGLE_MAINTAINER,1,3429,v0.2.0
leaflet.path.drag,0.0.6,19,F,UNVERIFIED_PUBLISH_PATH|DORMANT|SINGLE_MAINTAINER,1,3425,v0.2.0
twikoo,1.7.14,63,C,INCONSISTENT_PUBLISH_PATH|SINGLE_MAINTAINER,1,3412,v0.2.0
hover.css,2.3.2,19,F,UNVERIFIED_PUBLISH_PATH|DORMANT|SINGLE_MAINTAINER,1,3409,v0.2.0
jquery-slim,3.0.0,19,F,UNVERIFIED_PUBLISH_PATH|DORMANT|SINGLE_MAINTAINER,1,3408,v0.2.0
leaflet-heatmap,1.0.0,10,F,UNVERIFIED_PUBLISH_PATH|DORMANT|SINGLE_MAINTAINER,1,3407,v0.2.0
slide-anim,1.6.0,25,F,UNVERIFIED_PUBLISH_PATH|SINGLE_MAINTAINER,1,3407,v0.2.0
'@fontsource-variable/albert-sans,5.2.8,71,B,,2,3406,v0.2.0
'@creativebulma/bulma-tooltip,1.2.0,33,F,UNVERIFIED_PUBLISH_PATH|DORMANT,2,3404,v0.2.0
'@bybas/weather-icons,2.0.0,26,F,UNVERIFIED_PUBLISH_PATH|DORMANT|SINGLE_MAINTAINER,1,3400,v0.2.0
share-api-polyfill,1.1.1,25,F,UNVERIFIED_PUBLISH_PATH|DORMANT|SINGLE_MAINTAINER,1,3396,v0.2.0
flexslider,2.7.2,19,F,UNVERIFIED_PUBLISH_PATH|DORMANT|SINGLE_MAINTAINER,1,3395,v0.2.0
dialog-closedby-polyfill,1.3.0,25,F,UNVERIFIED_PUBLISH_PATH|SINGLE_MAINTAINER,1,3394,v0.2.0
ui-router-extras,0.1.3,15,F,UNVERIFIED_PUBLISH_PATH|DORMANT|SINGLE_MAINTAINER,1,3392,v0.2.0
counterup2,2.0.2,19,F,UNVERIFIED_PUBLISH_PATH|DORMANT|SINGLE_MAINTAINER,1,3387,v0.2.0
'@tsparticles/preset-snow,4.3.2,69,C,INCONSISTENT_PUBLISH_PATH|SINGLE_MAINTAINER,1,3363,v0.2.0
domotz-remote-pawn,6.7.5-b001,30,F,UNVERIFIED_PUBLISH_PATH,6,3363,v0.2.0
'@neodrag/vanilla,2.3.1,20,F,UNVERIFIED_PUBLISH_PATH|SINGLE_MAINTAINER,1,3362,v0.2.0
chartist-plugin-legend,0.6.2,33,F,UNVERIFIED_PUBLISH_PATH|DORMANT,3,3358,v0.2.0
'@fontsource/roboto-serif,5.2.9,81,B,,2,3347,v0.2.0
mmenu-js,9.3.0,19,F,UNVERIFIED_PUBLISH_PATH|DORMANT|SINGLE_MAINTAINER,1,3344,v0.2.0
'@apollographql/graphql-playground-react,1.7.42,15,F,UNVERIFIED_PUBLISH_PATH|DORMANT|SINGLE_MAINTAINER|PUBLISHER_NOT_MAINTAINER,1,3342,v0.2.0
jspanel4,4.16.1,19,F,UNVERIFIED_PUBLISH_PATH|DORMANT|SINGLE_MAINTAINER,1,3338,v0.2.0
angular-socialshare,2.3.11,19,F,UNVERIFIED_PUBLISH_PATH|DORMANT|SINGLE_MAINTAINER,1,3336,v0.2.0
alpaca,1.5.27,14,F,UNVERIFIED_PUBLISH_PATH|DORMANT|SINGLE_MAINTAINER,1,3335,v0.2.0
'@fontsource-variable/oxanium,5.2.8,71,B,,2,3334,v0.2.0
v-charts,1.19.0,19,F,UNVERIFIED_PUBLISH_PATH|DORMANT|SINGLE_MAINTAINER,1,3333,v0.2.0
'@fontsource/architects-daughter,5.2.7,71,B,,2,3329,v0.2.0
'@wix/auto_sdk_stores_products-v-3,1.0.195,30,F,UNVERIFIED_PUBLISH_PATH,13,3315,v0.2.0
jquery-textfill,0.6.0,19,F,UNVERIFIED_PUBLISH_PATH|DORMANT|SINGLE_MAINTAINER,1,3310,v0.2.0
retinajs,2.1.3,33,F,UNVERIFIED_PUBLISH_PATH|DORMANT,2,3308,v0.2.0
highlightjs-copy,1.0.6,15,F,UNVERIFIED_PUBLISH_PATH|DORMANT|SINGLE_MAINTAINER,1,3304,v0.2.0
glyphicons-only-bootstrap,1.0.1,14,F,UNVERIFIED_PUBLISH_PATH|DORMANT|SINGLE_MAINTAINER,1,3299,v0.2.0
'@emran-alhaddad/saudi-riyal-font,1.1.0,25,F,UNVERIFIED_PUBLISH_PATH|SINGLE_MAINTAINER,1,3296,v0.2.0
'@botom/quill-resize-module,2.2.0,25,F,UNVERIFIED_PUBLISH_PATH|SINGLE_MAINTAINER,1,3286,v0.2.0
'@uploadcare/blocks,0.50.4,33,F,UNVERIFIED_PUBLISH_PATH|DORMANT|DEPRECATED,4,3285,v0.2.0
highlight-within-textarea,2.0.5,19,F,UNVERIFIED_PUBLISH_PATH|DORMANT|SINGLE_MAINTAINER,1,3280,v0.2.0
quasar-framework,0.17.20,25,F,UNVERIFIED_PUBLISH_PATH|DORMANT|SINGLE_MAINTAINER,1,3277,v0.2.0
rx-player,4.5.0,87,A,,2,3277,v0.2.0
spectorjs,0.9.30,19,F,UNVERIFIED_PUBLISH_PATH|DORMANT|SINGLE_MAINTAINER,1,3276,v0.2.0
'@fontsource/arvo,5.2.7,71,B,,2,3273,v0.2.0
quill2-image-uploader,1.0.4,19,F,UNVERIFIED_PUBLISH_PATH|DORMANT|SINGLE_MAINTAINER,1,3273,v0.2.0
'@material-tailwind/html,3.0.0-beta.7,39,D,UNVERIFIED_PUBLISH_PATH,4,3271,v0.2.0
elm-pep,1.0.6,19,F,UNVERIFIED_PUBLISH_PATH|DORMANT|SINGLE_MAINTAINER,1,3266,v0.2.0
'@fontsource/prata,5.2.7,71,B,,2,3263,v0.2.0
'@fontsource-variable/golos-text,5.2.8,71,B,,2,3245,v0.2.0
typeahead-standalone,5.4.0,20,F,UNVERIFIED_PUBLISH_PATH|DORMANT|SINGLE_MAINTAINER,1,3238,v0.2.0
'@openstreetmap/id-tagging-schema,7.0.1,39,D,UNVERIFIED_PUBLISH_PATH,3,3236,v0.2.0
'@wix/auto_sdk_stores_brands-v-3,1.0.78,30,F,UNVERIFIED_PUBLISH_PATH,13,3234,v0.2.0
anywidget,0.11.0,68,C,SINGLE_MAINTAINER,1,3231,v0.2.0
'@wix/auto_sdk_crm_contacts,1.0.1335,30,F,UNVERIFIED_PUBLISH_PATH,13,3229,v0.2.0
jscroll,2.4.1,19,F,UNVERIFIED_PUBLISH_PATH|DORMANT|SINGLE_MAINTAINER,1,3228,v0.2.0
image-map-resizer,1.0.10,25,F,UNVERIFIED_PUBLISH_PATH|DORMANT|SINGLE_MAINTAINER,1,3222,v0.2.0
'@iconify-json/gravity-ui,1.2.13,21,F,UNVERIFIED_PUBLISH_PATH|SINGLE_MAINTAINER,1,3220,v0.2.0
'@tesseract.js-data/jpn,1.0.0,19,F,UNVERIFIED_PUBLISH_PATH|DORMANT|SINGLE_MAINTAINER,1,3217,v0.2.0
'@zonos/elements,1.3.280,25,F,UNVERIFIED_PUBLISH_PATH|SINGLE_MAINTAINER|BRANCH_REQUIRES_PR,1,3217,v0.2.0
select2-bootstrap4-theme,1.0.0,19,F,UNVERIFIED_PUBLISH_PATH|DORMANT|SINGLE_MAINTAINER,1,3215,v0.2.0
'@wix/auto_sdk_stores_products,1.0.98,30,F,UNVERIFIED_PUBLISH_PATH,13,3211,v0.2.0
spin-wheel,5.0.2,19,F,UNVERIFIED_PUBLISH_PATH|DORMANT|SINGLE_MAINTAINER,1,3208,v0.2.0
'@voerro/vue-tagsinput,2.7.1,19,F,UNVERIFIED_PUBLISH_PATH|DORMANT|SINGLE_MAINTAINER,1,3204,v0.2.0
'@iconify-json/bxs,1.2.3,21,F,UNVERIFIED_PUBLISH_PATH|SINGLE_MAINTAINER,1,3191,v0.2.0
pdf-lib-with-encrypt,1.2.1,14,F,UNVERIFIED_PUBLISH_PATH|DORMANT|SINGLE_MAINTAINER,1,3189,v0.2.0
'@iconify-json/iconamoon,1.2.2,15,F,UNVERIFIED_PUBLISH_PATH|DORMANT|SINGLE_MAINTAINER,1,3186,v0.2.0
'@raruto/leaflet-elevation,2.5.2,25,F,UNVERIFIED_PUBLISH_PATH|SINGLE_MAINTAINER,1,3181,v0.2.0
'@fontsource/archivo-narrow,5.2.8,71,B,,2,3180,v0.2.0
'@brainfish-ai/web-widget,1.24.1,30,F,UNVERIFIED_PUBLISH_PATH,4,3178,v0.2.0
bootstrap-autocomplete,2.3.7,14,F,UNVERIFIED_PUBLISH_PATH|DORMANT|SINGLE_MAINTAINER,1,3175,v0.2.0
accessible-menu,4.4.0,25,F,UNVERIFIED_PUBLISH_PATH|SINGLE_MAINTAINER,1,3172,v0.2.0
mathpix-markdown-it,3.0.1,39,D,UNVERIFIED_PUBLISH_PATH,3,3170,v0.2.0
'@lobehub/icons-static-webp,1.93.0,39,D,UNVERIFIED_PUBLISH_PATH,9,3166,v0.2.0
zd-h5-check-json,1.0.80,21,F,UNVERIFIED_PUBLISH_PATH|SINGLE_MAINTAINER,1,3165,v0.2.0
blockadblock,3.2.1,19,F,UNVERIFIED_PUBLISH_PATH|DORMANT|SINGLE_MAINTAINER,1,3159,v0.2.0
scroll-timeline-polyfill,1.1.0,19,F,UNVERIFIED_PUBLISH_PATH|DORMANT|SINGLE_MAINTAINER,1,3157,v0.2.0
colorjoe,4.2.0,19,F,UNVERIFIED_PUBLISH_PATH|DORMANT|SINGLE_MAINTAINER,1,3151,v0.2.0
'@fontsource-variable/roboto-serif,5.2.9,81,B,,2,3138,v0.2.0
'@wix/auto_sdk_stores_info-sections-v-3,1.0.98,30,F,UNVERIFIED_PUBLISH_PATH,13,3135,v0.2.0
'@xano/js-sdk,3.0.1,39,D,UNVERIFIED_PUBLISH_PATH,5,3131,v0.2.0
chartjs-plugin-deferred,2.0.0,33,F,UNVERIFIED_PUBLISH_PATH|DORMANT,2,3130,v0.2.0
bromcom-ui,2.12.3,35,D,UNVERIFIED_PUBLISH_PATH,3,3126,v0.2.0
'@fontsource/questrial,5.2.8,71,B,,2,3122,v0.2.0
jquery.nicescroll,3.7.6,28,F,UNVERIFIED_PUBLISH_PATH|DORMANT,2,3120,v0.2.0
'@reachfive/identity-core,1.41.0,39,D,UNVERIFIED_PUBLISH_PATH,3,3118,v0.2.0
'@zephr/browser,1.9.1,29,F,UNVERIFIED_PUBLISH_PATH|DORMANT,5,3117,v0.2.0
js-loading-overlay,1.2.0,19,F,UNVERIFIED_PUBLISH_PATH|DORMANT|SINGLE_MAINTAINER,1,3117,v0.2.0
antdv-next,1.4.3,34,F,UNVERIFIED_PUBLISH_PATH,3,3112,v0.2.0
'@solid-primitives/set,0.7.4,40,D,UNVERIFIED_PUBLISH_PATH,3,3111,v0.2.0
'@lskjs/ui,2.8.0,33,F,UNVERIFIED_PUBLISH_PATH|DORMANT,12,3109,v0.2.0
emoji-datasource-facebook,16.0.0,25,F,UNVERIFIED_PUBLISH_PATH|SINGLE_MAINTAINER,1,3108,v0.2.0
'@iconify-json/icon-park-solid,1.2.4,21,F,UNVERIFIED_PUBLISH_PATH|SINGLE_MAINTAINER,1,3105,v0.2.0
image-compare-viewer,1.6.2,19,F,UNVERIFIED_PUBLISH_PATH|DORMANT|SINGLE_MAINTAINER,1,3102,v0.2.0
material-icons-font,2.1.0,19,F,UNVERIFIED_PUBLISH_PATH|DORMANT|SINGLE_MAINTAINER,1,3100,v0.2.0
'@wix/auto_sdk_stores_stores-locations-v-3,1.0.53,30,F,UNVERIFIED_PUBLISH_PATH,13,3099,v0.2.0
'@fontsource/dela-gothic-one,5.2.7,71,B,,2,3096,v0.2.0
shake.js,1.2.2,19,F,UNVERIFIED_PUBLISH_PATH|DORMANT|SINGLE_MAINTAINER,1,3092,v0.2.0
'@fontsource-variable/host-grotesk,5.2.8,71,B,,2,3087,v0.2.0
'@tesseract.js-data/chi_sim,1.0.0,19,F,UNVERIFIED_PUBLISH_PATH|DORMANT|SINGLE_MAINTAINER,1,3082,v0.2.0
aplayer,1.10.1,19,F,UNVERIFIED_PUBLISH_PATH|DORMANT|SINGLE_MAINTAINER,1,3080,v0.2.0
chartjs-plugin-watermark,2.0.2,19,F,UNVERIFIED_PUBLISH_PATH|DORMANT|SINGLE_MAINTAINER,1,3078,v0.2.0
openplayerjs,2.14.12,25,F,UNVERIFIED_PUBLISH_PATH|SINGLE_MAINTAINER,1,3078,v0.2.0
'@wix/auto_sdk_stores_catalog-imports-v-3,1.0.69,30,F,UNVERIFIED_PUBLISH_PATH,13,3069,v0.2.0
promise-js,0.0.7,19,F,UNVERIFIED_PUBLISH_PATH|DORMANT|SINGLE_MAINTAINER,1,3056,v0.2.0
'@fynd-design-engineering/fynd-one-v2,3.4.66,34,F,UNVERIFIED_PUBLISH_PATH,4,3052,v0.2.0
'@fontsource-variable/cinzel,5.2.8,71,B,,2,3047,v0.2.0
hexo-theme-butterfly,5.5.5,25,F,UNVERIFIED_PUBLISH_PATH|SINGLE_MAINTAINER,1,3046,v0.2.0
leaflet.geodesic,2.7.2,25,F,UNVERIFIED_PUBLISH_PATH|SINGLE_MAINTAINER,1,3035,v0.2.0
'@fontsource/besley,5.2.8,71,B,,2,3028,v0.2.0
async-alpine,2.0.3,25,F,UNVERIFIED_PUBLISH_PATH|SINGLE_MAINTAINER,1,3025,v0.2.0
'@highcharts/grid-lite,3.0.0,39,D,UNVERIFIED_PUBLISH_PATH,10,3023,v0.2.0
'@loopback/docs,8.0.15,52,C,UNVERIFIED_PUBLISH_PATH,7,3019,v0.2.0
vlitejs,8.1.1,73,B,SINGLE_MAINTAINER,1,3009,v0.2.0
'@shiguredo/virtual-background,2023.2.0,33,F,UNVERIFIED_PUBLISH_PATH|DORMANT,2,3001,v0.2.0
'@contentstack/personalize-edge-sdk,1.0.23,39,D,UNVERIFIED_PUBLISH_PATH,2,2994,v0.2.0
'@fontsource/lilita-one,5.2.8,71,B,,2,2992,v0.2.0
solar-icon-set,2.0.1,34,F,UNVERIFIED_PUBLISH_PATH,3,2989,v0.2.0
jquery-smooth-scroll,2.2.0,19,F,UNVERIFIED_PUBLISH_PATH|DORMANT|SINGLE_MAINTAINER,1,2986,v0.2.0
'@shakebugs/browser,3.3.2,25,F,UNVERIFIED_PUBLISH_PATH|SINGLE_MAINTAINER,1,2968,v0.2.0
'@trevoreyre/autocomplete-js,3.0.3,19,F,UNVERIFIED_PUBLISH_PATH|DORMANT|SINGLE_MAINTAINER,1,2967,v0.2.0
videojs-quality-selector-hls,1.1.1,19,F,UNVERIFIED_PUBLISH_PATH|DORMANT|SINGLE_MAINTAINER,1,2963,v0.2.0
'@zendeskgarden/css-callouts,3.3.21,26,F,UNVERIFIED_PUBLISH_PATH|DORMANT|SINGLE_MAINTAINER|DEPRECATED,1,2961,v0.2.0
'@kingshott/iodine,8.3.0,19,F,UNVERIFIED_PUBLISH_PATH|DORMANT|SINGLE_MAINTAINER|DEPRECATED,1,2949,v0.2.0
remodal,1.1.1,19,F,UNVERIFIED_PUBLISH_PATH|DORMANT|SINGLE_MAINTAINER,1,2949,v0.2.0
'@wix/auto_sdk_media_enterprise-media-items,1.0.38,30,F,UNVERIFIED_PUBLISH_PATH,13,2948,v0.2.0
'@fontsource/saira-semi-condensed,5.2.7,71,B,,2,2947,v0.2.0
'@fontsource/russo-one,5.2.7,71,B,,2,2945,v0.2.0
'@fontsource-variable/cabin,5.2.8,71,B,,2,2941,v0.2.0
bulma-timeline,3.0.5,33,F,UNVERIFIED_PUBLISH_PATH|DORMANT|DEPRECATED,2,2931,v0.2.0
baguettebox.js,1.13.0,25,F,UNVERIFIED_PUBLISH_PATH|SINGLE_MAINTAINER,1,2926,v0.2.0
geolite2-city,1.0.81,73,B,SINGLE_MAINTAINER,1,2924,v0.2.0
'@bigcommerce/stencil-utils,6.23.0,94,A,,8,2918,v0.2.0
'@imacrayon/alpine-ajax,0.12.7,73,B,SINGLE_MAINTAINER,1,2917,v0.2.0
'@aws/amazon-location-for-maplibre-gl-geocoder,2.0.8,94,A,,4,2911,v0.2.0
vue-image-lightbox,7.2.0,33,F,UNVERIFIED_PUBLISH_PATH|DORMANT,2,2911,v0.2.0
'@fontsource/big-shoulders-display,5.2.5,71,B,,2,2908,v0.2.0
leaflet-pixi-overlay,1.9.5,25,F,UNVERIFIED_PUBLISH_PATH|SINGLE_MAINTAINER,1,2901,v0.2.0
itemsjs,2.4.4,25,F,UNVERIFIED_PUBLISH_PATH|SINGLE_MAINTAINER,1,2891,v0.2.0
lr-chatbot,0.48.5,16,F,UNVERIFIED_PUBLISH_PATH|SINGLE_MAINTAINER,1,2888,v0.2.0
ui-bootstrap4,3.0.7,19,F,UNVERIFIED_PUBLISH_PATH|DORMANT|SINGLE_MAINTAINER,1,2882,v0.2.0
details-polyfill,1.2.0,14,F,UNVERIFIED_PUBLISH_PATH|DORMANT|SINGLE_MAINTAINER,1,2880,v0.2.0
chart2music,1.20.0,25,F,UNVERIFIED_PUBLISH_PATH|SINGLE_MAINTAINER,1,2878,v0.2.0
'@scandit/web-datacapture-parser,8.5.0,35,D,UNVERIFIED_PUBLISH_PATH,5,2876,v0.2.0
'@fontsource/noto-serif-tc,5.2.10,81,B,,2,2874,v0.2.0
bulma-toast,2.4.4,19,F,UNVERIFIED_PUBLISH_PATH|DORMANT|SINGLE_MAINTAINER,1,2874,v0.2.0
'@vonage/media-processor,3.0.4,35,D,UNVERIFIED_PUBLISH_PATH,66,2870,v0.2.0
'@wix/auto_sdk_stores_subscription-options,1.0.68,30,F,UNVERIFIED_PUBLISH_PATH,13,2868,v0.2.0
'@microblink/blinkcard-in-browser-sdk,2.12.0,39,D,UNVERIFIED_PUBLISH_PATH|DEPRECATED,5,2867,v0.2.0
'@wix/auto_sdk_stores_read-only-variants-v-3,1.0.132,30,F,UNVERIFIED_PUBLISH_PATH,13,2866,v0.2.0
mediaelement-plugins,5.2.0,39,D,UNVERIFIED_PUBLISH_PATH,4,2865,v0.2.0
'@fontsource/noto-sans-hebrew,5.2.8,71,B,,2,2864,v0.2.0
swetrix,4.4.0,73,B,SINGLE_MAINTAINER,1,2857,v0.2.0
pristinejs,1.1.0,19,F,UNVERIFIED_PUBLISH_PATH|DORMANT|SINGLE_MAINTAINER,1,2856,v0.2.0
gsplat,1.2.9,25,F,UNVERIFIED_PUBLISH_PATH|SINGLE_MAINTAINER,1,2854,v0.2.0
'@snowplow/browser-plugin-vimeo-tracking,4.8.4,39,D,UNVERIFIED_PUBLISH_PATH,3,2853,v0.2.0
angular-carousel,1.1.0,19,F,UNVERIFIED_PUBLISH_PATH|DORMANT|SINGLE_MAINTAINER,1,2853,v0.2.0
skulpt,1.2.0,19,F,UNVERIFIED_PUBLISH_PATH|DORMANT|SINGLE_MAINTAINER,1,2845,v0.2.0
jqcloud2,2.0.3,19,F,UNVERIFIED_PUBLISH_PATH|DORMANT|SINGLE_MAINTAINER,1,2836,v0.2.0
'@banuba/webar,1.18.3,30,F,UNVERIFIED_PUBLISH_PATH,6,2827,v0.2.0
dotdotdot,1.7.0,10,F,UNVERIFIED_PUBLISH_PATH|DORMANT|SINGLE_MAINTAINER,1,2826,v0.2.0
tablesaw,3.1.2,33,F,UNVERIFIED_PUBLISH_PATH|DORMANT,6,2826,v0.2.0
rmodal,1.1.0,19,F,UNVERIFIED_PUBLISH_PATH|DORMANT|SINGLE_MAINTAINER,1,2823,v0.2.0
cm-chessboard,8.12.12,25,F,UNVERIFIED_PUBLISH_PATH|SINGLE_MAINTAINER,1,2819,v0.2.0
'@wix/auto_sdk_stores_catalog-versioning,1.0.72,30,F,UNVERIFIED_PUBLISH_PATH,13,2818,v0.2.0
range-slider-input,2.4.5,25,F,UNVERIFIED_PUBLISH_PATH|SINGLE_MAINTAINER,1,2810,v0.2.0
easy-speech,2.4.0,25,F,UNVERIFIED_PUBLISH_PATH|DORMANT|SINGLE_MAINTAINER,1,2809,v0.2.0
pushfeedback,0.1.82,25,F,UNVERIFIED_PUBLISH_PATH|SINGLE_MAINTAINER,1,2809,v0.2.0
webcamjs,1.0.26,19,F,UNVERIFIED_PUBLISH_PATH|DORMANT|SINGLE_MAINTAINER,1,2802,v0.2.0
'@upscalerjs/esrgan-slim,1.0.0,20,F,UNVERIFIED_PUBLISH_PATH|SINGLE_MAINTAINER,1,2799,v0.2.0
'@meteocons/svg-static,0.1.0,32,F,UNVERIFIED_PUBLISH_PATH|SINGLE_MAINTAINER,1,2797,v0.2.0
dynamsoft-capture-vision-router,2.4.33,10,F,UNVERIFIED_PUBLISH_PATH|DORMANT|SINGLE_MAINTAINER|DEPRECATED,1,2790,v0.2.0
'@typebot.io/js,0.10.7,16,F,UNVERIFIED_PUBLISH_PATH|SINGLE_MAINTAINER,1,2788,v0.2.0
footable,2.0.6,19,F,UNVERIFIED_PUBLISH_PATH|DORMANT|SINGLE_MAINTAINER,1,2788,v0.2.0
'@wix/auto_sdk_stores_inventory-items-v-3,1.0.89,30,F,UNVERIFIED_PUBLISH_PATH,13,2773,v0.2.0
pickerjs,1.2.1,19,F,UNVERIFIED_PUBLISH_PATH|DORMANT|SINGLE_MAINTAINER,1,2771,v0.2.0
flag-icons-svg,0.0.3,19,F,UNVERIFIED_PUBLISH_PATH|DORMANT|SINGLE_MAINTAINER,1,2768,v0.2.0
lightslider,1.1.6,19,F,UNVERIFIED_PUBLISH_PATH|DORMANT|SINGLE_MAINTAINER,1,2763,v0.2.0
'@wix/auto_sdk_stores_inventory,1.0.73,30,F,UNVERIFIED_PUBLISH_PATH,13,2762,v0.2.0
'@wix/auto_sdk_stores_abandoned-carts,1.0.41,30,F,UNVERIFIED_PUBLISH_PATH,13,2758,v0.2.0
'@fontsource-variable/josefin-sans,5.2.8,71,B,,2,2757,v0.2.0
artplayer-plugin-auto-thumbnail,1.1.0,25,F,UNVERIFIED_PUBLISH_PATH|SINGLE_MAINTAINER,1,2753,v0.2.0
'@fontsource/caprasimo,5.2.7,71,B,,2,2751,v0.2.0
leaflet-velocity,2.1.4,19,F,UNVERIFIED_PUBLISH_PATH|DORMANT|SINGLE_MAINTAINER,1,2751,v0.2.0
'@fontsource/cinzel-decorative,5.2.8,71,B,,2,2750,v0.2.0
'@globalpayments/vega,2.93.0,35,D,UNVERIFIED_PUBLISH_PATH,12,2747,v0.2.0
'@wix/auto_sdk_stores_collections,1.0.41,30,F,UNVERIFIED_PUBLISH_PATH,13,2745,v0.2.0
accessibility,6.1.0,21,F,UNVERIFIED_PUBLISH_PATH|SINGLE_MAINTAINER,1,2745,v0.2.0
'@anyline/anyline-js,56.1.1,39,D,UNVERIFIED_PUBLISH_PATH,9,2743,v0.2.0
'@fontsource/righteous,5.2.7,71,B,,2,2743,v0.2.0
sequential-workflow-designer,0.40.0,25,F,UNVERIFIED_PUBLISH_PATH|SINGLE_MAINTAINER,1,2743,v0.2.0
'@fontsource-variable/epilogue,5.2.8,71,B,,2,2741,v0.2.0
aspnet-client-validation,0.11.1,19,F,UNVERIFIED_PUBLISH_PATH|DORMANT|SINGLE_MAINTAINER,1,2741,v0.2.0
'@razorpay/blade,12.98.1,94,A,,4,2739,v0.2.0
'@wix/headless-stores,0.0.119,30,F,UNVERIFIED_PUBLISH_PATH,13,2738,v0.2.0
validate-polish,2.1.40,15,F,UNVERIFIED_PUBLISH_PATH|DORMANT|SINGLE_MAINTAINER,1,2733,v0.2.0
lib-flexible,0.3.2,10,F,UNVERIFIED_PUBLISH_PATH|DORMANT|SINGLE_MAINTAINER,1,2722,v0.2.0
'@aurodesignsystem/auro-loader,6.2.0,89,A,BRANCH_REQUIRES_PR,8,2718,v0.2.0
tsparticles-preset-confetti,2.12.0,33,F,UNVERIFIED_PUBLISH_PATH|DORMANT|DEPRECATED,2,2717,v0.2.0
file-upload-with-preview,6.1.2,33,F,UNVERIFIED_PUBLISH_PATH|DORMANT,2,2716,v0.2.0
'@fontsource/bad-script,5.2.8,71,B,,2,2710,v0.2.0
'@iconify-json/pajamas,1.2.15,21,F,UNVERIFIED_PUBLISH_PATH|SINGLE_MAINTAINER,1,2707,v0.2.0
html-screen-capture-js,2.0.9,39,D,UNVERIFIED_PUBLISH_PATH,2,2706,v0.2.0
'@mediapipe/tasks-audio,0.10.35,30,F,UNVERIFIED_PUBLISH_PATH,8,2692,v0.2.0
'@fontsource-variable/heebo,5.2.8,71,B,,2,2690,v0.2.0
animated-number-vue,1.0.0,14,F,UNVERIFIED_PUBLISH_PATH|DORMANT|SINGLE_MAINTAINER,1,2690,v0.2.0
sharer.js,0.5.4,32,F,UNVERIFIED_PUBLISH_PATH|SINGLE_MAINTAINER,1,2689,v0.2.0
notifly-js-sdk,2.19.0,77,B,INCONSISTENT_PUBLISH_PATH,2,2688,v0.2.0
bootstrap-progressbar,0.9.0,19,F,UNVERIFIED_PUBLISH_PATH|DORMANT|SINGLE_MAINTAINER,1,2683,v0.2.0
opencv.js,1.2.1,20,F,UNVERIFIED_PUBLISH_PATH|DORMANT|SINGLE_MAINTAINER,1,2683,v0.2.0
'@sweetalert2/themes,5.0.27,25,F,UNVERIFIED_PUBLISH_PATH|SINGLE_MAINTAINER|DEPRECATED,1,2681,v0.2.0
jquery-hammerjs,2.0.0,33,F,UNVERIFIED_PUBLISH_PATH|DORMANT,2,2681,v0.2.0
jquery-bootstrap-scrolling-tabs,2.6.1,19,F,UNVERIFIED_PUBLISH_PATH|DORMANT|SINGLE_MAINTAINER,1,2679,v0.2.0
svelte-material-ui,9.0.1,25,F,UNVERIFIED_PUBLISH_PATH|SINGLE_MAINTAINER,1,2679,v0.2.0
'@fontsource/bungee,5.2.7,71,B,,2,2670,v0.2.0
docusaurus-plugin-drawio,0.4.0,19,F,UNVERIFIED_PUBLISH_PATH|DORMANT|SINGLE_MAINTAINER,1,2670,v0.2.0
'@engie-group/fluid-design-system,6.2.0,34,F,UNVERIFIED_PUBLISH_PATH,2,2664,v0.2.0
'@hackernoon/pixel-icon-library,1.1.0,39,D,UNVERIFIED_PUBLISH_PATH,4,2657,v0.2.0
'@proximus/lavender-common,2.0.0-alpha.144,21,F,UNVERIFIED_PUBLISH_PATH|SINGLE_MAINTAINER,1,2657,v0.2.0
detect.js,2.2.3,14,F,UNVERIFIED_PUBLISH_PATH|DORMANT|SINGLE_MAINTAINER|PUBLISHER_NOT_MAINTAINER,1,2656,v0.2.0
'@wix/auto_sdk_crm_tasks,1.0.80,30,F,UNVERIFIED_PUBLISH_PATH,13,2654,v0.2.0
fittext.js,1.2.0,19,F,UNVERIFIED_PUBLISH_PATH|DORMANT|SINGLE_MAINTAINER,1,2654,v0.2.0
davidshimjs-qrcodejs,0.0.2,19,F,UNVERIFIED_PUBLISH_PATH|DORMANT|SINGLE_MAINTAINER,1,2653,v0.2.0
node-snackbar,0.1.16,19,F,UNVERIFIED_PUBLISH_PATH|DORMANT|SINGLE_MAINTAINER,1,2650,v0.2.0
artplayer-plugin-chapter,1.1.0,25,F,UNVERIFIED_PUBLISH_PATH|SINGLE_MAINTAINER,1,2646,v0.2.0
'@wix/auto_sdk_stores_customizations-v-3,1.0.87,30,F,UNVERIFIED_PUBLISH_PATH,13,2644,v0.2.0
'@fontsource/satisfy,5.2.7,71,B,,2,2643,v0.2.0
observable-slim,0.2.2,25,F,UNVERIFIED_PUBLISH_PATH|SINGLE_MAINTAINER,1,2638,v0.2.0
'@mercuryworkshop/bare-mux,2.1.9,30,F,UNVERIFIED_PUBLISH_PATH,6,2636,v0.2.0
'@fontsource/nanum-gothic,5.2.7,71,B,,2,2634,v0.2.0
'@fontsource-variable/reddit-sans,5.2.7,71,B,,2,2630,v0.2.0
treeselectjs,0.14.2,20,F,UNVERIFIED_PUBLISH_PATH|SINGLE_MAINTAINER,1,2627,v0.2.0
chartjs-gauge,0.3.0,19,F,UNVERIFIED_PUBLISH_PATH|DORMANT|SINGLE_MAINTAINER,1,2626,v0.2.0
ajaxinate,3.0.1,19,F,UNVERIFIED_PUBLISH_PATH|DORMANT|SINGLE_MAINTAINER,1,2623,v0.2.0
lax.js,2.0.3,19,F,UNVERIFIED_PUBLISH_PATH|DORMANT|SINGLE_MAINTAINER,1,2623,v0.2.0
xgplayer-hls,3.0.26,77,B,INCONSISTENT_PUBLISH_PATH,9,2623,v0.2.0
'@tensorflow-models/facemesh,0.0.5,28,F,UNVERIFIED_PUBLISH_PATH|DORMANT|DEPRECATED,8,2622,v0.2.0
'@fontsource/asap,5.2.9,71,B,,2,2621,v0.2.0
jexcel,4.6.1,19,F,UNVERIFIED_PUBLISH_PATH|DORMANT|SINGLE_MAINTAINER,1,2621,v0.2.0
osm-community-index,6.0.0,30,F,UNVERIFIED_PUBLISH_PATH,2,2619,v0.2.0
'@fontsource/pt-sans-narrow,5.2.8,71,B,,2,2616,v0.2.0
'@wix/auto_sdk_stores_ribbons-v-3,1.0.57,30,F,UNVERIFIED_PUBLISH_PATH,13,2616,v0.2.0
easyzoom,2.6.0,19,F,UNVERIFIED_PUBLISH_PATH|DORMANT|SINGLE_MAINTAINER,1,2606,v0.2.0
hack-font,3.3.0,33,F,UNVERIFIED_PUBLISH_PATH|DORMANT,3,2600,v0.2.0
jquery-autocomplete,1.2.8,19,F,UNVERIFIED_PUBLISH_PATH|DORMANT|SINGLE_MAINTAINER,1,2598,v0.2.0
'@aurodesignsystem/auro-skeleton,5.0.1,89,A,,8,2597,v0.2.0
vuesax,3.12.2,19,F,UNVERIFIED_PUBLISH_PATH|DORMANT|SINGLE_MAINTAINER,1,2596,v0.2.0
'@artaio/arta-browser,2.21.0,87,A,,4,2595,v0.2.0
notie,4.3.1,19,F,UNVERIFIED_PUBLISH_PATH|DORMANT|SINGLE_MAINTAINER,1,2593,v0.2.0
fontawesome-4.7,4.7.0,19,F,UNVERIFIED_PUBLISH_PATH|DORMANT|SINGLE_MAINTAINER,1,2591,v0.2.0
'@recogito/annotorious-openseadragon,2.7.19,39,D,UNVERIFIED_PUBLISH_PATH,3,2589,v0.2.0
'@flarehr/apollo-benefits-onboarding,0.1.3744,35,D,UNVERIFIED_PUBLISH_PATH,8,2582,v0.2.0
'@chinese-fonts/lxgwwenkai,3.0.0,20,F,UNVERIFIED_PUBLISH_PATH|SINGLE_MAINTAINER,1,2581,v0.2.0
'@fontsource/titan-one,5.2.8,71,B,,2,2580,v0.2.0
'@fontsource/cal-sans,5.2.3,71,B,,2,2577,v0.2.0
jquery-sortablejs,1.0.1,33,F,UNVERIFIED_PUBLISH_PATH|DORMANT,2,2575,v0.2.0
jquery-scroll-lock,3.1.3,19,F,UNVERIFIED_PUBLISH_PATH|DORMANT|SINGLE_MAINTAINER,1,2574,v0.2.0
'@fontsource/teko,5.2.7,71,B,,2,2571,v0.2.0
'@laragear/webpass,2.1.2,73,B,SINGLE_MAINTAINER|DEPRECATED,1,2571,v0.2.0
unpoly,3.14.3,25,F,UNVERIFIED_PUBLISH_PATH|SINGLE_MAINTAINER,1,2571,v0.2.0
inline-svg,2.2.3,33,F,UNVERIFIED_PUBLISH_PATH|DORMANT,2,2567,v0.2.0
awesome-notifications,3.1.3,33,F,UNVERIFIED_PUBLISH_PATH|DORMANT,2,2561,v0.2.0
'@wix/auto_sdk_crm_labels,1.0.66,30,F,UNVERIFIED_PUBLISH_PATH,13,2556,v0.2.0
'@fontsource-variable/arimo,5.2.8,71,B,,2,2553,v0.2.0
'@antdv-next/icons,1.1.1,34,F,UNVERIFIED_PUBLISH_PATH,5,2546,v0.2.0
'@fontsource-variable/noto-sans-georgian,5.2.8,71,B,,2,2543,v0.2.0
cannon,0.6.2,14,F,UNVERIFIED_PUBLISH_PATH|DORMANT|SINGLE_MAINTAINER,1,2541,v0.2.0
stimulus-content-loader,4.2.0,14,F,UNVERIFIED_PUBLISH_PATH|DORMANT|SINGLE_MAINTAINER|DEPRECATED,1,2541,v0.2.0
'@grammarly/editor-sdk,2.5.5,33,F,UNVERIFIED_PUBLISH_PATH|DORMANT|DEPRECATED,7,2539,v0.2.0
data-layer-helper,0.1.0,15,F,UNVERIFIED_PUBLISH_PATH|DORMANT|SINGLE_MAINTAINER,1,2534,v0.2.0
ideogram,1.53.0,25,F,UNVERIFIED_PUBLISH_PATH|SINGLE_MAINTAINER,1,2532,v0.2.0
vue-mapbox,0.4.1,19,F,UNVERIFIED_PUBLISH_PATH|DORMANT|SINGLE_MAINTAINER,1,2528,v0.2.0
'@aurodesignsystem/auro-header,5.0.1,89,A,,8,2524,v0.2.0
'@joemasilotti/bridge-components,0.13.2,25,F,UNVERIFIED_PUBLISH_PATH|SINGLE_MAINTAINER,1,2519,v0.2.0
zero-md,3.1.8,25,F,UNVERIFIED_PUBLISH_PATH|SINGLE_MAINTAINER,1,2515,v0.2.0
solarlunar,3.1.0,26,F,UNVERIFIED_PUBLISH_PATH|SINGLE_MAINTAINER|PUBLISHER_NOT_MAINTAINER,1,2512,v0.2.0
'@mskcc/fundamentals,2.7.3,30,F,UNVERIFIED_PUBLISH_PATH,6,2511,v0.2.0
mana-font,1.18.0,19,F,UNVERIFIED_PUBLISH_PATH|DORMANT|SINGLE_MAINTAINER,1,2509,v0.2.0
'@fontsource-variable/noto-sans-tamil,5.2.7,71,B,,2,2500,v0.2.0
'@fontsource/noto-sans-hk,5.2.9,71,B,,2,2499,v0.2.0
qrcanvas,3.1.2,19,F,UNVERIFIED_PUBLISH_PATH|DORMANT|SINGLE_MAINTAINER,1,2498,v0.2.0
shariff,3.3.0,33,F,UNVERIFIED_PUBLISH_PATH|DORMANT,5,2494,v0.2.0
'@fontsource/cardo,5.2.8,71,B,,2,2479,v0.2.0
'@fontsource/parisienne,5.2.8,71,B,,2,2471,v0.2.0
'@qlik/embed-web-components,1.7.2,30,F,UNVERIFIED_PUBLISH_PATH,2,2470,v0.2.0
'@fontsource/line-seed-jp,5.2.2,81,B,,2,2466,v0.2.0
'@fontsource/amatic-sc,5.2.7,71,B,,2,2463,v0.2.0
jquery.typewatch,3.0.2,33,F,UNVERIFIED_PUBLISH_PATH|DORMANT,2,2463,v0.2.0
'@iconify-json/gridicons,1.2.5,21,F,UNVERIFIED_PUBLISH_PATH|SINGLE_MAINTAINER,1,2450,v0.2.0
knockout-switch-case,2.1.0,10,F,UNVERIFIED_PUBLISH_PATH|DORMANT|SINGLE_MAINTAINER,1,2450,v0.2.0
jquery.waitforimages,2.4.0,19,F,UNVERIFIED_PUBLISH_PATH|DORMANT|SINGLE_MAINTAINER,1,2437,v0.2.0
'@fontsource/almarai,5.2.8,71,B,,2,2433,v0.2.0
'@fontsource/michroma,5.2.8,71,B,,2,2431,v0.2.0
bulma-divider,0.2.0,14,F,UNVERIFIED_PUBLISH_PATH|DORMANT|SINGLE_MAINTAINER|PUBLISHER_NOT_MAINTAINER,1,2427,v0.2.0
formbouncerjs,1.4.6,19,F,UNVERIFIED_PUBLISH_PATH|DORMANT|SINGLE_MAINTAINER,1,2427,v0.2.0
'@fontsource-variable/funnel-display,5.2.8,71,B,,2,2424,v0.2.0
'@wix/auto_sdk_crm_extended-fields,1.0.66,30,F,UNVERIFIED_PUBLISH_PATH,13,2420,v0.2.0
'@iconify-json/mage,1.2.4,21,F,UNVERIFIED_PUBLISH_PATH|SINGLE_MAINTAINER,1,2418,v0.2.0
froala-pages,1.2.0,14,F,UNVERIFIED_PUBLISH_PATH|DORMANT|SINGLE_MAINTAINER,1,2416,v0.2.0
'@microblink/blinkid,8000.0.1,75,B,SINGLE_MAINTAINER,1,2415,v0.2.0
addsearch-js-client,1.2.5,39,D,UNVERIFIED_PUBLISH_PATH,3,2413,v0.2.0
apextree,1.14.0,63,C,INCONSISTENT_PUBLISH_PATH|SINGLE_MAINTAINER,1,2411,v0.2.0
require-css,0.1.10,29,F,UNVERIFIED_PUBLISH_PATH|DORMANT,2,2410,v0.2.0
'@proximus/lavender-eda-button,2.0.0-alpha.144,16,F,UNVERIFIED_PUBLISH_PATH|SINGLE_MAINTAINER,1,2408,v0.2.0
atropos,2.0.2,19,F,UNVERIFIED_PUBLISH_PATH|DORMANT|SINGLE_MAINTAINER,1,2408,v0.2.0
'@infineon/infineon-design-system-stencil,39.35.1,45,D,UNVERIFIED_PUBLISH_PATH,5,2407,v0.2.0
'@fontsource/montserrat-alternates,5.2.8,71,B,,2,2402,v0.2.0
'@fontsource/staatliches,5.2.8,71,B,,2,2402,v0.2.0
notifyjs-browser,0.4.2,15,F,UNVERIFIED_PUBLISH_PATH|DORMANT|SINGLE_MAINTAINER,1,2398,v0.2.0
jquery.event.move,1.3.6,15,F,UNVERIFIED_PUBLISH_PATH|DORMANT|SINGLE_MAINTAINER,1,2397,v0.2.0
computed-types,1.11.2,19,F,UNVERIFIED_PUBLISH_PATH|DORMANT|SINGLE_MAINTAINER,1,2396,v0.2.0
dynamsoft-license,3.4.31,10,F,UNVERIFIED_PUBLISH_PATH|DORMANT|SINGLE_MAINTAINER|DEPRECATED,1,2396,v0.2.0
enter-view,2.0.1,10,F,UNVERIFIED_PUBLISH_PATH|DORMANT|SINGLE_MAINTAINER|PUBLISHER_NOT_MAINTAINER,1,2393,v0.2.0
'@feedmepos/mf-report,5.27.32,30,F,UNVERIFIED_PUBLISH_PATH,3,2388,v0.2.0
suggestions-jquery,22.6.0,33,F,UNVERIFIED_PUBLISH_PATH|DORMANT,2,2387,v0.2.0
'@pnotify/glyphicon,5.2.0,19,F,UNVERIFIED_PUBLISH_PATH|DORMANT|SINGLE_MAINTAINER,1,2385,v0.2.0
nsw-design-system,3.24.16,73,B,SINGLE_MAINTAINER,1,2382,v0.2.0
'@fontsource/zcool-kuaile,5.2.8,81,B,,2,2380,v0.2.0
'@govtechsg/sgds,2.3.6,33,F,UNVERIFIED_PUBLISH_PATH|DORMANT,14,2377,v0.2.0
noto-sans-sc,37.0.0,19,F,UNVERIFIED_PUBLISH_PATH|DORMANT|SINGLE_MAINTAINER,1,2376,v0.2.0
apexsankey,1.9.0,63,C,INCONSISTENT_PUBLISH_PATH|SINGLE_MAINTAINER,1,2375,v0.2.0
petite-vue,0.4.1,14,F,UNVERIFIED_PUBLISH_PATH|DORMANT|SINGLE_MAINTAINER,1,2366,v0.2.0
'@fontsource/homemade-apple,5.2.8,71,B,,2,2360,v0.2.0
'@tesseract.js-data/deu,1.0.0,19,F,UNVERIFIED_PUBLISH_PATH|DORMANT|SINGLE_MAINTAINER,1,2358,v0.2.0
'@dynatrace/strato-components,3.9.0,30,F,UNVERIFIED_PUBLISH_PATH,4,2356,v0.2.0
'@formcrafts/embed,1.0.38,25,F,UNVERIFIED_PUBLISH_PATH|SINGLE_MAINTAINER,1,2351,v0.2.0
bootstrap-v4-rtl,4.6.2-4,31,F,UNVERIFIED_PUBLISH_PATH|SINGLE_MAINTAINER,1,2351,v0.2.0
noto-serif-jp,28.0.0,19,F,UNVERIFIED_PUBLISH_PATH|DORMANT|SINGLE_MAINTAINER,1,2348,v0.2.0
leaflet.control.layers.tree,1.2.0,25,F,UNVERIFIED_PUBLISH_PATH|SINGLE_MAINTAINER,1,2341,v0.2.0
'@khipu/design-system,0.2.0-alpha.124,67,C,SINGLE_MAINTAINER,1,2339,v0.2.0
phpjs,1.3.2,14,F,UNVERIFIED_PUBLISH_PATH|DORMANT|SINGLE_MAINTAINER|DEPRECATED,1,2338,v0.2.0
'@tsparticles/preset-links,4.3.2,69,C,INCONSISTENT_PUBLISH_PATH|SINGLE_MAINTAINER,1,2334,v0.2.0
name-suggestion-index,7.2.20260530,34,F,UNVERIFIED_PUBLISH_PATH,5,2332,v0.2.0
q-antd,2.3.31,14,F,UNVERIFIED_PUBLISH_PATH|DORMANT|SINGLE_MAINTAINER,1,2319,v0.2.0
'@fontsource/yeseva-one,5.2.7,71,B,,2,2317,v0.2.0
riot-route,3.1.4,33,F,UNVERIFIED_PUBLISH_PATH|DORMANT,2,2311,v0.2.0
'@fontsource/ibm-plex-sans-kr,5.2.8,71,B,,2,2308,v0.2.0
stimulus-scroll-reveal,3.2.0,14,F,UNVERIFIED_PUBLISH_PATH|DORMANT|SINGLE_MAINTAINER,1,2305,v0.2.0
custom-select,1.1.15,33,F,UNVERIFIED_PUBLISH_PATH|DORMANT,2,2304,v0.2.0
lory.js,2.5.3,19,F,UNVERIFIED_PUBLISH_PATH|DORMANT|SINGLE_MAINTAINER,1,2303,v0.2.0
bootstrap5-toggle,5.4.1,31,F,UNVERIFIED_PUBLISH_PATH|SINGLE_MAINTAINER,1,2302,v0.2.0
vara,1.4.1,19,F,UNVERIFIED_PUBLISH_PATH|DORMANT|SINGLE_MAINTAINER,1,2302,v0.2.0
'@fontsource/blinker,5.2.8,71,B,,2,2297,v0.2.0
pjax,0.2.8,33,F,UNVERIFIED_PUBLISH_PATH|DORMANT,3,2295,v0.2.0
'@seniorsistemas/angular-components,19.7.3,35,D,UNVERIFIED_PUBLISH_PATH,2,2293,v0.2.0
'@highcharts/grid-pro,3.0.0,39,D,UNVERIFIED_PUBLISH_PATH,10,2292,v0.2.0
'@meltingspot/meltingspot-js,0.11.0,25,F,UNVERIFIED_PUBLISH_PATH|PUBLISHER_NOT_MAINTAINER,2,2291,v0.2.0
semantic-ui,2.5.0,33,F,UNVERIFIED_PUBLISH_PATH|DORMANT,2,2289,v0.2.0
volantis-static,0.0.1761982841160,63,C,SINGLE_MAINTAINER,1,2289,v0.2.0
leaflet-distortableimage,0.21.9,33,F,UNVERIFIED_PUBLISH_PATH|DORMANT,2,2286,v0.2.0
ng-zorro-antd-mobile,10.0.0,33,F,UNVERIFIED_PUBLISH_PATH|DORMANT,3,2286,v0.2.0
'@alma/widgets,4.4.0,87,A,,6,2285,v0.2.0
'@fontsource/krona-one,5.2.8,71,B,,2,2282,v0.2.0
'@wix/auto_sdk_stores_wishlist,1.0.37,30,F,UNVERIFIED_PUBLISH_PATH,13,2281,v0.2.0
'@fontsource-variable/gabarito,5.2.8,71,B,,2,2279,v0.2.0
spoqa-han-sans,3.3.0,28,F,UNVERIFIED_PUBLISH_PATH|DORMANT|PUBLISHER_NOT_MAINTAINER,5,2270,v0.2.0
bootstrap-sweetalert,1.0.1,19,F,UNVERIFIED_PUBLISH_PATH|DORMANT|SINGLE_MAINTAINER,1,2265,v0.2.0
'@cap.js/wasm,0.0.7,20,F,UNVERIFIED_PUBLISH_PATH|SINGLE_MAINTAINER|BRANCH_REQUIRES_SIGNATURES|BRANCH_REQUIRES_PR,1,2264,v0.2.0
xgplayer-flv,3.0.26,77,B,INCONSISTENT_PUBLISH_PATH,11,2264,v0.2.0
taucharts,2.8.0,33,F,UNVERIFIED_PUBLISH_PATH|DORMANT,3,2262,v0.2.0
jsignature,2.1.3,19,F,UNVERIFIED_PUBLISH_PATH|DORMANT|SINGLE_MAINTAINER,1,2261,v0.2.0
clamp-js-main,0.11.6,19,F,UNVERIFIED_PUBLISH_PATH|DORMANT|SINGLE_MAINTAINER,1,2255,v0.2.0
'@flarehr/apollo-customer-workplace-link,0.4.21155,35,D,UNVERIFIED_PUBLISH_PATH,8,2253,v0.2.0
'@date-fns/docs,0.38.0,14,F,UNVERIFIED_PUBLISH_PATH|DORMANT|SINGLE_MAINTAINER,1,2249,v0.2.0
'@neo4j-ndl/base,4.16.4,30,F,UNVERIFIED_PUBLISH_PATH,3,2249,v0.2.0
leaflet-pegman,0.1.7,25,F,UNVERIFIED_PUBLISH_PATH|SINGLE_MAINTAINER,1,2245,v0.2.0
leaflet-measure-path,1.5.0,19,F,UNVERIFIED_PUBLISH_PATH|DORMANT|SINGLE_MAINTAINER,1,2233,v0.2.0
yall-js,4.0.2,19,F,UNVERIFIED_PUBLISH_PATH|DORMANT|SINGLE_MAINTAINER,1,2232,v0.2.0
'@fontsource/redacted-script,5.2.8,71,B,,2,2228,v0.2.0
'@fontsource-variable/zalando-sans,5.2.2,81,B,,2,2224,v0.2.0
jsonstat-toolkit,2.2.2,25,F,UNVERIFIED_PUBLISH_PATH|SINGLE_MAINTAINER,1,2222,v0.2.0
editorjs-alert,1.1.4,14,F,UNVERIFIED_PUBLISH_PATH|DORMANT|SINGLE_MAINTAINER,1,2220,v0.2.0
smartmenus,2.0.0-alpha.1,19,F,UNVERIFIED_PUBLISH_PATH|DORMANT|SINGLE_MAINTAINER,1,2220,v0.2.0
verifalia-widget,1.14.1,21,F,UNVERIFIED_PUBLISH_PATH|SINGLE_MAINTAINER,1,2219,v0.2.0
greensock,1.20.2,19,F,UNVERIFIED_PUBLISH_PATH|DORMANT|SINGLE_MAINTAINER,1,2217,v0.2.0
dropkickjs,2.2.4,19,F,UNVERIFIED_PUBLISH_PATH|DORMANT|SINGLE_MAINTAINER,1,2209,v0.2.0
'@hawk.so/javascript,3.3.5,25,F,UNVERIFIED_PUBLISH_PATH|SINGLE_MAINTAINER,1,2207,v0.2.0
'@countrystatecity/countries-browser,1.0.2,20,F,UNVERIFIED_PUBLISH_PATH|SINGLE_MAINTAINER,1,2206,v0.2.0
emojify.js,1.1.0,33,F,UNVERIFIED_PUBLISH_PATH|DORMANT,2,2205,v0.2.0
'@social-mail/social-mail-client,1.11.38,21,F,UNVERIFIED_PUBLISH_PATH|SINGLE_MAINTAINER,1,2203,v0.2.0
vue2-smooth-scroll,1.6.0,19,F,UNVERIFIED_PUBLISH_PATH|DORMANT|SINGLE_MAINTAINER,1,2200,v0.2.0
dual-listbox,2.0.0,33,F,UNVERIFIED_PUBLISH_PATH|DORMANT,2,2198,v0.2.0
'@fontsource/tenor-sans,5.2.8,71,B,,2,2197,v0.2.0
videojs-sprite-thumbnails,2.2.5,25,F,UNVERIFIED_PUBLISH_PATH|SINGLE_MAINTAINER,1,2193,v0.2.0
'@fontsource/mochiy-pop-one,5.2.8,71,B,,2,2185,v0.2.0
'@proximus/lavender,2.0.0-alpha.144,21,F,UNVERIFIED_PUBLISH_PATH|SINGLE_MAINTAINER,1,2185,v0.2.0
'@lobehub/fluent-emoji-3d,1.1.0,33,F,UNVERIFIED_PUBLISH_PATH|DORMANT,9,2180,v0.2.0
valine,1.5.3,19,F,UNVERIFIED_PUBLISH_PATH|DORMANT|SINGLE_MAINTAINER,1,2180,v0.2.0
ad-rotator,5.8.1,20,F,UNVERIFIED_PUBLISH_PATH|DORMANT|SINGLE_MAINTAINER,1,2173,v0.2.0
'@ongov/ontario-design-system-global-styles,8.1.0,77,B,INCONSISTENT_PUBLISH_PATH,5,2169,v0.2.0
'@panoramax/web-viewer,5.1.2,21,F,UNVERIFIED_PUBLISH_PATH|SINGLE_MAINTAINER,1,2162,v0.2.0
'@animxyz/core,0.6.7,39,D,UNVERIFIED_PUBLISH_PATH,2,2160,v0.2.0
tsparticles-confetti,2.12.0,25,F,UNVERIFIED_PUBLISH_PATH|DORMANT|SINGLE_MAINTAINER|DEPRECATED,1,2160,v0.2.0
'@wix/auto_sdk_crm_submitted-contact,1.0.44,30,F,UNVERIFIED_PUBLISH_PATH,13,2156,v0.2.0
'@grapecity/spread-sheets-barcode,18.2.5,30,F,UNVERIFIED_PUBLISH_PATH,2,2155,v0.2.0
'@iconify-json/ci,1.2.2,15,F,UNVERIFIED_PUBLISH_PATH|DORMANT|SINGLE_MAINTAINER,1,2155,v0.2.0
leaflet-mouse-position,1.2.0,19,F,UNVERIFIED_PUBLISH_PATH|DORMANT|SINGLE_MAINTAINER,1,2154,v0.2.0
vue-plugin-hiprint,0.0.60,25,F,UNVERIFIED_PUBLISH_PATH|SINGLE_MAINTAINER,1,2154,v0.2.0
'@covalent/components,11.20.0,45,D,UNVERIFIED_PUBLISH_PATH,4,2149,v0.2.0
'@fontsource/lexend-deca,5.2.10,71,B,,2,2149,v0.2.0
'@fontsource/oxanium,5.2.8,71,B,,2,2149,v0.2.0
'@fontsource/kumbh-sans,5.2.7,71,B,,2,2148,v0.2.0
frenchkiss,0.4.0,33,F,UNVERIFIED_PUBLISH_PATH|DORMANT,2,2140,v0.2.0
dynamsoft-barcode-reader,10.4.31,10,F,UNVERIFIED_PUBLISH_PATH|DORMANT|SINGLE_MAINTAINER|DEPRECATED,1,2137,v0.2.0
pretty-checkbox-vue,1.1.9,14,F,UNVERIFIED_PUBLISH_PATH|DORMANT|SINGLE_MAINTAINER,1,2134,v0.2.0
survey-vue,1.12.63,34,F,UNVERIFIED_PUBLISH_PATH,5,2134,v0.2.0
'@wikimedia/jquery.i18n,1.0.9,33,F,UNVERIFIED_PUBLISH_PATH|DORMANT,29,2131,v0.2.0
fannypack,4.21.38,40,D,UNVERIFIED_PUBLISH_PATH|DORMANT,2,2131,v0.2.0
'@fontsource-variable/red-hat-display,5.2.8,71,B,,2,2127,v0.2.0
sysend,1.17.5,19,F,UNVERIFIED_PUBLISH_PATH|DORMANT|SINGLE_MAINTAINER,1,2127,v0.2.0
counterup,1.0.2,14,F,UNVERIFIED_PUBLISH_PATH|DORMANT|SINGLE_MAINTAINER,1,2123,v0.2.0
flipclock,1.0.1,20,F,UNVERIFIED_PUBLISH_PATH|SINGLE_MAINTAINER,1,2122,v0.2.0
nette.ajax.js,2.3.0,33,F,UNVERIFIED_PUBLISH_PATH|DORMANT,2,2117,v0.2.0
'@iconify-json/fa-brands,1.2.2,21,F,UNVERIFIED_PUBLISH_PATH|SINGLE_MAINTAINER,1,2115,v0.2.0
'@vismaux/vud,1.8.4,33,F,UNVERIFIED_PUBLISH_PATH|DORMANT,10,2114,v0.2.0
ol-geocoder,4.3.3,33,F,UNVERIFIED_PUBLISH_PATH|DORMANT,2,2113,v0.2.0
npm-modernizr,2.8.3,14,F,UNVERIFIED_PUBLISH_PATH|DORMANT|SINGLE_MAINTAINER,1,2109,v0.2.0
'@feedmepos/mf-payment,1.8.0,30,F,UNVERIFIED_PUBLISH_PATH,3,2105,v0.2.0
'@nswdoe/app-icons,3.0.20,35,D,UNVERIFIED_PUBLISH_PATH,2,2097,v0.2.0
hexo-theme-redefine,2.9.0,25,F,UNVERIFIED_PUBLISH_PATH|SINGLE_MAINTAINER,1,2096,v0.2.0
'@algolia/autocomplete-plugin-tags,1.19.9,29,F,UNVERIFIED_PUBLISH_PATH|PUBLISHER_NOT_MAINTAINER,14,2092,v0.2.0
'@fluid-topics/ft-search-bar,2.1.10,35,D,UNVERIFIED_PUBLISH_PATH,3,2092,v0.2.0
lazyframe,2.2.7,33,F,UNVERIFIED_PUBLISH_PATH|DORMANT,3,2088,v0.2.0
quill-toggle-fullscreen-button,0.1.4,25,F,UNVERIFIED_PUBLISH_PATH|SINGLE_MAINTAINER,1,2088,v0.2.0
latex.js,0.12.6,19,F,UNVERIFIED_PUBLISH_PATH|DORMANT|SINGLE_MAINTAINER,1,2083,v0.2.0
'@fontsource/zen-old-mincho,5.2.8,71,B,,2,2081,v0.2.0
medium-draft,0.5.18,19,F,UNVERIFIED_PUBLISH_PATH|DORMANT|SINGLE_MAINTAINER,1,2081,v0.2.0
'@fontsource/old-standard-tt,5.2.8,71,B,,2,2079,v0.2.0
sweetalert2-neutral,11.22.2-neutral,31,F,UNVERIFIED_PUBLISH_PATH|SINGLE_MAINTAINER,1,2074,v0.2.0
'@dropins/storefront-order,4.0.0,35,D,UNVERIFIED_PUBLISH_PATH,10,2072,v0.2.0
gameanalytics,5.0.0,25,F,UNVERIFIED_PUBLISH_PATH|SINGLE_MAINTAINER,1,2069,v0.2.0
'@aurodesignsystem/auro-formkit,6.0.0,79,B,INCONSISTENT_PUBLISH_PATH,8,2067,v0.2.0
tabler-icons,1.35.0,19,F,UNVERIFIED_PUBLISH_PATH|DORMANT|SINGLE_MAINTAINER|DEPRECATED,1,2063,v0.2.0
'@fontsource/commissioner,5.2.10,71,B,,2,2061,v0.2.0
'@fontsource/gloock,5.2.8,71,B,,2,2060,v0.2.0
sumoselect,3.4.9,26,F,UNVERIFIED_PUBLISH_PATH|DORMANT|SINGLE_MAINTAINER,1,2060,v0.2.0
tail.select.js,1.1.0,25,F,UNVERIFIED_PUBLISH_PATH|SINGLE_MAINTAINER,1,2060,v0.2.0
'@iconify-json/cib,1.2.3,21,F,UNVERIFIED_PUBLISH_PATH|SINGLE_MAINTAINER,1,2059,v0.2.0
rich-filemanager,2.7.6,19,F,UNVERIFIED_PUBLISH_PATH|DORMANT|SINGLE_MAINTAINER,1,2057,v0.2.0
'@fontsource/merriweather-sans,5.2.7,71,B,,2,2053,v0.2.0
'@fontsource/noto-sans-bengali,5.2.11,81,B,,2,2051,v0.2.0
'@jspreadsheet/render,6.2.1,25,F,UNVERIFIED_PUBLISH_PATH|SINGLE_MAINTAINER,1,2050,v0.2.0
'@wix/auto_sdk_crm_attachments,1.0.54,30,F,UNVERIFIED_PUBLISH_PATH,13,2046,v0.2.0
typeface-source-code-pro,1.1.13,14,F,UNVERIFIED_PUBLISH_PATH|DORMANT|SINGLE_MAINTAINER,1,2045,v0.2.0
request-animation-frame-polyfill,1.1.2,14,F,UNVERIFIED_PUBLISH_PATH|DORMANT|SINGLE_MAINTAINER,1,2043,v0.2.0
keyrune,3.19.0,25,F,UNVERIFIED_PUBLISH_PATH|SINGLE_MAINTAINER,1,2041,v0.2.0
pickr-widget,0.3.6,19,F,UNVERIFIED_PUBLISH_PATH|DORMANT|SINGLE_MAINTAINER|DEPRECATED,1,2041,v0.2.0
sticky-sidebar-v2,1.1.1,19,F,UNVERIFIED_PUBLISH_PATH|DORMANT|SINGLE_MAINTAINER,1,2039,v0.2.0
'@sweetalert2/theme-material-ui,5.0.27,25,F,UNVERIFIED_PUBLISH_PATH|SINGLE_MAINTAINER|DEPRECATED,1,2036,v0.2.0
'@themesberg/flowbite,1.3.0,19,F,UNVERIFIED_PUBLISH_PATH|DORMANT|SINGLE_MAINTAINER|DEPRECATED,1,2030,v0.2.0
jsmind,0.9.1,63,C,SINGLE_MAINTAINER,1,2030,v0.2.0
xhook,1.6.2,33,F,UNVERIFIED_PUBLISH_PATH|DORMANT,2,2025,v0.2.0
onscreen,1.4.0,19,F,UNVERIFIED_PUBLISH_PATH|DORMANT|SINGLE_MAINTAINER|DEPRECATED,1,2021,v0.2.0
'@fontsource-variable/hubot-sans,5.2.8,71,B,,2,2017,v0.2.0
'@fontsource/indie-flower,5.2.7,71,B,,2,2014,v0.2.0
dynamic-marquee,2.6.5,19,F,UNVERIFIED_PUBLISH_PATH|DORMANT|SINGLE_MAINTAINER,1,2014,v0.2.0
language-icons,0.3.0,19,F,UNVERIFIED_PUBLISH_PATH|DORMANT|SINGLE_MAINTAINER,1,2012,v0.2.0
'@wix/auto_sdk_ecom_wishlists,1.0.1,30,F,UNVERIFIED_PUBLISH_PATH,13,2009,v0.2.0
'@tinymce/tinymce-webcomponent,2.4.0,52,C,UNVERIFIED_PUBLISH_PATH,2,2002,v0.2.0
mmenu-light,3.2.2,19,F,UNVERIFIED_PUBLISH_PATH|DORMANT|SINGLE_MAINTAINER,1,2000,v0.2.0
'@fontsource/noto-serif-display,5.2.9,71,B,,2,1999,v0.2.0
'@iconify/icons-tabler,1.2.95,15,F,UNVERIFIED_PUBLISH_PATH|DORMANT|SINGLE_MAINTAINER,1,1997,v0.2.0
'@proximus/lavender-theming-proximus,2.0.0-alpha.144,16,F,UNVERIFIED_PUBLISH_PATH|SINGLE_MAINTAINER,1,1995,v0.2.0
'@fontsource/chivo,5.2.8,71,B,,2,1994,v0.2.0
vanilla-marquee,1.1.2,19,F,UNVERIFIED_PUBLISH_PATH|DORMANT|SINGLE_MAINTAINER,1,1993,v0.2.0
'@zendeskgarden/css-buttons,9.0.1,32,F,UNVERIFIED_PUBLISH_PATH|SINGLE_MAINTAINER,1,1991,v0.2.0
dequanto,0.2.35,73,B,SINGLE_MAINTAINER,1,1991,v0.2.0
vue-chat-scroll,1.4.0,19,F,UNVERIFIED_PUBLISH_PATH|DORMANT|SINGLE_MAINTAINER,1,1990,v0.2.0
countup,1.8.2,19,F,UNVERIFIED_PUBLISH_PATH|DORMANT|SINGLE_MAINTAINER,1,1987,v0.2.0
jquery-treegrid,0.3.0,19,F,UNVERIFIED_PUBLISH_PATH|DORMANT|SINGLE_MAINTAINER,1,1985,v0.2.0
'@constructor-io/constructorio-ui-autocomplete,1.30.1,79,B,INCONSISTENT_PUBLISH_PATH,8,1983,v0.2.0
'@fontsource/young-serif,5.2.7,71,B,,2,1981,v0.2.0
videojs-errors,6.2.0,33,F,UNVERIFIED_PUBLISH_PATH|DORMANT,105,1980,v0.2.0
'@scania/tegel,1.59.1,46,D,UNVERIFIED_PUBLISH_PATH,12,1971,v0.2.0
'@fontsource/open-runde,5.2.1,81,B,,2,1968,v0.2.0
'@pnotify/font-awesome5,5.2.0,19,F,UNVERIFIED_PUBLISH_PATH|DORMANT|SINGLE_MAINTAINER,1,1965,v0.2.0
'@fontsource/quattrocento,5.2.8,71,B,,2,1964,v0.2.0
lxgw-wenkai-webfont,1.7.0,19,F,UNVERIFIED_PUBLISH_PATH|DORMANT|SINGLE_MAINTAINER,1,1963,v0.2.0
lg-hash.js,1.0.0,19,F,UNVERIFIED_PUBLISH_PATH|DORMANT|SINGLE_MAINTAINER,1,1962,v0.2.0
'@wiris/mathtype-froala3,7.31.1,26,F,UNVERIFIED_PUBLISH_PATH|DORMANT|SINGLE_MAINTAINER|DEPRECATED,1,1961,v0.2.0
desandro-classie,1.0.1,14,F,UNVERIFIED_PUBLISH_PATH|DORMANT|SINGLE_MAINTAINER,1,1960,v0.2.0
'@flowjs/ng-flow,2.7.8,28,F,UNVERIFIED_PUBLISH_PATH|DORMANT|PUBLISHER_NOT_MAINTAINER,3,1957,v0.2.0
'@iconify-json/noto,1.2.7,21,F,UNVERIFIED_PUBLISH_PATH|SINGLE_MAINTAINER,1,1953,v0.2.0
star-rating.js,4.3.1,19,F,UNVERIFIED_PUBLISH_PATH|DORMANT|SINGLE_MAINTAINER,1,1947,v0.2.0
'@fontsource/didact-gothic,5.2.7,71,B,,2,1943,v0.2.0
hbjs,0.22.10,33,F,UNVERIFIED_PUBLISH_PATH|DORMANT|DEPRECATED,2,1942,v0.2.0
fork-awesome,1.2.0,33,F,UNVERIFIED_PUBLISH_PATH|DORMANT|DEPRECATED,2,1937,v0.2.0
'@grapecity/spread-sheets-languagepackages,18.2.5,30,F,UNVERIFIED_PUBLISH_PATH,2,1932,v0.2.0
'@vicons/ionicons4,0.13.0,15,F,UNVERIFIED_PUBLISH_PATH|DORMANT|SINGLE_MAINTAINER,1,1930,v0.2.0
ol-popup,5.1.1,19,F,UNVERIFIED_PUBLISH_PATH|DORMANT|SINGLE_MAINTAINER,1,1930,v0.2.0
'@keeex/qrcodejs-kx,1.0.2,33,F,UNVERIFIED_PUBLISH_PATH|DORMANT,3,1924,v0.2.0
'@fontsource-variable/google-sans,5.2.1,81,B,,2,1923,v0.2.0
'@aurodesignsystem/auro-dialog,4.2.0,89,A,BRANCH_REQUIRES_PR,8,1918,v0.2.0
'@fontsource-variable/frank-ruhl-libre,5.2.8,71,B,,2,1916,v0.2.0
tableexport,5.2.0,14,F,UNVERIFIED_PUBLISH_PATH|DORMANT|SINGLE_MAINTAINER,1,1913,v0.2.0
'@fontsource/epilogue,5.2.8,71,B,,2,1910,v0.2.0
bulma-steps,2.2.1,23,F,UNVERIFIED_PUBLISH_PATH|DORMANT|PUBLISHER_NOT_MAINTAINER|DEPRECATED,2,1908,v0.2.0
leaflet.featuregroup.subgroup,1.0.2,19,F,UNVERIFIED_PUBLISH_PATH|DORMANT|SINGLE_MAINTAINER,1,1906,v0.2.0
password-strength-meter,2.1.0,19,F,UNVERIFIED_PUBLISH_PATH|DORMANT|SINGLE_MAINTAINER,1,1906,v0.2.0
'@fontsource-variable/funnel-sans,5.2.8,71,B,,2,1904,v0.2.0
'@magenta/music,1.23.1,28,F,UNVERIFIED_PUBLISH_PATH|DORMANT,6,1893,v0.2.0
'@blackbaud/sky-addin-client,1.7.3,25,F,UNVERIFIED_PUBLISH_PATH|SINGLE_MAINTAINER,1,1887,v0.2.0
'@fontsource-variable/commissioner,5.2.10,71,B,,2,1885,v0.2.0
snowball-stemmer.jsx,0.2.3,19,F,UNVERIFIED_PUBLISH_PATH|DORMANT|SINGLE_MAINTAINER,1,1881,v0.2.0
jquery-ui-themes,1.12.0,10,F,UNVERIFIED_PUBLISH_PATH|DORMANT|SINGLE_MAINTAINER,1,1878,v0.2.0
meilisearch-docsearch,0.8.0,16,F,UNVERIFIED_PUBLISH_PATH|SINGLE_MAINTAINER,1,1878,v0.2.0
huebee,2.1.1,19,F,UNVERIFIED_PUBLISH_PATH|DORMANT|SINGLE_MAINTAINER,1,1877,v0.2.0
clappr,0.3.13,33,F,UNVERIFIED_PUBLISH_PATH|DORMANT|DEPRECATED,11,1874,v0.2.0
fontawesome-iconpicker,3.2.0,19,F,UNVERIFIED_PUBLISH_PATH|DORMANT|SINGLE_MAINTAINER|DEPRECATED,1,1871,v0.2.0
'@iconify-json/simple-line-icons,1.2.1,15,F,UNVERIFIED_PUBLISH_PATH|DORMANT|SINGLE_MAINTAINER,1,1867,v0.2.0
ukelli-ui,3.3.1,14,F,UNVERIFIED_PUBLISH_PATH|DORMANT|SINGLE_MAINTAINER,1,1867,v0.2.0
preact-material-components,1.6.1,33,F,UNVERIFIED_PUBLISH_PATH|DORMANT,3,1864,v0.2.0
vue-carousel-3d,1.0.1,19,F,UNVERIFIED_PUBLISH_PATH|DORMANT|SINGLE_MAINTAINER,1,1862,v0.2.0
'@nutui/touch-emulator,1.0.0,33,F,UNVERIFIED_PUBLISH_PATH|DORMANT,2,1860,v0.2.0
angular-slick-carousel,3.1.7,19,F,UNVERIFIED_PUBLISH_PATH|DORMANT|SINGLE_MAINTAINER,1,1858,v0.2.0
'@webxr-input-profiles/assets,1.0.20,35,D,UNVERIFIED_PUBLISH_PATH,2,1857,v0.2.0
lil-http,0.1.17,19,F,UNVERIFIED_PUBLISH_PATH|DORMANT|SINGLE_MAINTAINER,1,1857,v0.2.0
'@probo/cookie-banner,0.10.0,83,B,INCONSISTENT_PUBLISH_PATH,2,1856,v0.2.0
ricos-types,10.102.0,24,F,UNVERIFIED_PUBLISH_PATH|DORMANT,8,1855,v0.2.0
chartist-plugin-pointlabels,0.0.6,19,F,UNVERIFIED_PUBLISH_PATH|DORMANT|SINGLE_MAINTAINER,1,1850,v0.2.0
web-demuxer,4.0.0,25,F,UNVERIFIED_PUBLISH_PATH|SINGLE_MAINTAINER,1,1850,v0.2.0
'@algolia/ui-components-horizontal-slider-theme,1.2.3,23,F,UNVERIFIED_PUBLISH_PATH|DORMANT|PUBLISHER_NOT_MAINTAINER,14,1849,v0.2.0
umbrellajs,3.3.3,19,F,UNVERIFIED_PUBLISH_PATH|DORMANT|SINGLE_MAINTAINER,1,1847,v0.2.0
floating-scroll,3.2.0,19,F,UNVERIFIED_PUBLISH_PATH|DORMANT|SINGLE_MAINTAINER|DEPRECATED,1,1846,v0.2.0
'@lizardbyte/shared-web,2026.314.32913,73,B,SINGLE_MAINTAINER,1,1840,v0.2.0
clay,2.24.1,28,F,UNVERIFIED_PUBLISH_PATH|DORMANT|PUBLISHER_NOT_MAINTAINER,12,1839,v0.2.0
'@wix/auto_sdk_bookings_booking-policies,1.0.139,30,F,UNVERIFIED_PUBLISH_PATH,13,1836,v0.2.0
'@vismaux/vud-icons,1.8.4,33,F,UNVERIFIED_PUBLISH_PATH|DORMANT,10,1834,v0.2.0
typeroo,0.16.0,14,F,UNVERIFIED_PUBLISH_PATH|DORMANT|SINGLE_MAINTAINER,1,1832,v0.2.0
'@tesseract.js-data/ara,1.0.0,19,F,UNVERIFIED_PUBLISH_PATH|DORMANT|SINGLE_MAINTAINER,1,1831,v0.2.0
luna-data-grid,2.0.2,25,F,UNVERIFIED_PUBLISH_PATH|SINGLE_MAINTAINER,1,1830,v0.2.0
'@fontsource/readex-pro,5.2.11,71,B,,2,1826,v0.2.0
ui-contextmenu,1.18.1,19,F,UNVERIFIED_PUBLISH_PATH|DORMANT|SINGLE_MAINTAINER,1,1824,v0.2.0
'@fontsource-variable/noto-sans-armenian,5.2.8,71,B,,2,1820,v0.2.0
'@fontsource-variable/saira,5.2.11,71,B,,2,1819,v0.2.0
'@fontsource/poiret-one,5.2.8,71,B,,2,1819,v0.2.0
'@epigraph/solutions,1.12.1,35,D,UNVERIFIED_PUBLISH_PATH,4,1817,v0.2.0
'@list-kr/filterslists,2026.20650.0,70,B,INCONSISTENT_PUBLISH_PATH|SINGLE_MAINTAINER,1,1817,v0.2.0
'@govbr-ds/webcomponents,2.0.0-next.66,30,F,UNVERIFIED_PUBLISH_PATH,4,1813,v0.2.0
'@single-spa-community/angular,21.0.1,25,F,UNVERIFIED_PUBLISH_PATH|SINGLE_MAINTAINER,1,1808,v0.2.0
mint-ui,2.2.13,33,F,UNVERIFIED_PUBLISH_PATH|DORMANT,3,1806,v0.2.0
jquery-easy-loading,2.0.0-rc.2,19,F,UNVERIFIED_PUBLISH_PATH|DORMANT|SINGLE_MAINTAINER,1,1801,v0.2.0
'@fontsource/fredoka-one,5.2.5,71,B,,2,1800,v0.2.0
videojs-playlist-ui,5.0.0,33,F,UNVERIFIED_PUBLISH_PATH|DORMANT,84,1800,v0.2.0
'@fontsource-variable/chivo,5.2.8,71,B,,2,1799,v0.2.0
jstree-bootstrap-theme,1.0.1,9,F,UNVERIFIED_PUBLISH_PATH|DORMANT|SINGLE_MAINTAINER|PUBLISHER_NOT_MAINTAINER,1,1792,v0.2.0
'@fontsource-variable/red-hat-text,5.2.8,71,B,,2,1787,v0.2.0
'@arborium/arborium,2.18.1,73,B,SINGLE_MAINTAINER,1,1785,v0.2.0
'@fontsource/black-ops-one,5.2.8,71,B,,2,1785,v0.2.0
alwan,2.3.1,25,F,UNVERIFIED_PUBLISH_PATH|SINGLE_MAINTAINER,1,1783,v0.2.0
leaflet-curve,1.0.0,19,F,UNVERIFIED_PUBLISH_PATH|DORMANT|SINGLE_MAINTAINER,1,1782,v0.2.0
'@teipublisher/pb-components,3.6.5,77,B,INCONSISTENT_PUBLISH_PATH,3,1781,v0.2.0
'@iconify-json/formkit,1.2.2,15,F,UNVERIFIED_PUBLISH_PATH|DORMANT|SINGLE_MAINTAINER,1,1775,v0.2.0
'@simonwep/selection-js,2.1.2,19,F,UNVERIFIED_PUBLISH_PATH|DORMANT|SINGLE_MAINTAINER|DEPRECATED,1,1773,v0.2.0
'@engie-group/fluid-design-tokens,6.2.0,34,F,UNVERIFIED_PUBLISH_PATH,2,1770,v0.2.0
jquery.redirect,1.2.0,15,F,UNVERIFIED_PUBLISH_PATH|DORMANT|SINGLE_MAINTAINER,1,1770,v0.2.0
cropit,0.5.1,19,F,UNVERIFIED_PUBLISH_PATH|DORMANT|SINGLE_MAINTAINER,1,1768,v0.2.0
history.js,1.8.0,14,F,UNVERIFIED_PUBLISH_PATH|DORMANT|SINGLE_MAINTAINER,1,1768,v0.2.0
'@tinymce/tinymce-jquery,2.3.0,38,D,UNVERIFIED_PUBLISH_PATH|SINGLE_MAINTAINER,1,1763,v0.2.0
'@fontsource/creepster,5.2.7,71,B,,2,1756,v0.2.0
payment-token-efi,3.4.1,67,C,SINGLE_MAINTAINER,1,1756,v0.2.0
'@fontsource/calistoga,5.2.7,71,B,,2,1751,v0.2.0
lg-fullscreen,1.2.1,19,F,UNVERIFIED_PUBLISH_PATH|DORMANT|SINGLE_MAINTAINER,1,1750,v0.2.0
dragdealer,0.10.0,19,F,UNVERIFIED_PUBLISH_PATH|DORMANT|SINGLE_MAINTAINER,1,1744,v0.2.0
'@fontsource/play,5.2.8,71,B,,2,1739,v0.2.0
'@naturacosmeticos/natds-web,4.7.4,46,D,UNVERIFIED_PUBLISH_PATH,10,1738,v0.2.0
pdfmake-unicode,0.0.1,19,F,UNVERIFIED_PUBLISH_PATH|DORMANT|SINGLE_MAINTAINER,1,1732,v0.2.0
galleria,1.6.1,19,F,UNVERIFIED_PUBLISH_PATH|DORMANT|SINGLE_MAINTAINER,1,1728,v0.2.0
'@pnotify/bootstrap3,5.2.0,19,F,UNVERIFIED_PUBLISH_PATH|DORMANT|SINGLE_MAINTAINER,1,1727,v0.2.0
'@tensorflow-models/toxicity,1.2.2,28,F,UNVERIFIED_PUBLISH_PATH|DORMANT,8,1727,v0.2.0
pdfjs-viewer-element,3.2.2,20,F,UNVERIFIED_PUBLISH_PATH|SINGLE_MAINTAINER,1,1721,v0.2.0
'@infineon/design-system-tokens,7.0.0,45,D,UNVERIFIED_PUBLISH_PATH,5,1720,v0.2.0
programming-languages-logos,0.0.3,19,F,UNVERIFIED_PUBLISH_PATH|DORMANT|SINGLE_MAINTAINER,1,1720,v0.2.0
'@iplookup/country,1.0.20260715,73,B,SINGLE_MAINTAINER,1,1719,v0.2.0
doc-cookies,1.1.0,19,F,UNVERIFIED_PUBLISH_PATH|DORMANT|SINGLE_MAINTAINER,1,1719,v0.2.0
'@baloise/ds-core,19.10.2,84,B,INCONSISTENT_PUBLISH_PATH,8,1713,v0.2.0
bootstrap-input-spinner,5.1.0,25,F,UNVERIFIED_PUBLISH_PATH|SINGLE_MAINTAINER,1,1706,v0.2.0
bootstrap5-tags,1.7.17,25,F,UNVERIFIED_PUBLISH_PATH|SINGLE_MAINTAINER,1,1706,v0.2.0
jquery-nice-select,1.1.0,19,F,UNVERIFIED_PUBLISH_PATH|DORMANT|SINGLE_MAINTAINER,1,1704,v0.2.0
'@foxy.io/elements,1.53.3,45,D,UNVERIFIED_PUBLISH_PATH,4,1702,v0.2.0
ifvisible,1.1.0,19,F,UNVERIFIED_PUBLISH_PATH|DORMANT|SINGLE_MAINTAINER,1,1701,v0.2.0
'@zanichelli/albe-web-components,20.0.0,35,D,UNVERIFIED_PUBLISH_PATH,27,1697,v0.2.0
leaflet-kmz,1.0.9,19,F,UNVERIFIED_PUBLISH_PATH|DORMANT|SINGLE_MAINTAINER,1,1696,v0.2.0
'@zendeskgarden/css-utilities,4.5.5,26,F,UNVERIFIED_PUBLISH_PATH|DORMANT|SINGLE_MAINTAINER|DEPRECATED,1,1694,v0.2.0
jquery.transit,0.9.12,33,F,UNVERIFIED_PUBLISH_PATH|DORMANT,2,1694,v0.2.0
docsify-pagination,2.10.1,14,F,UNVERIFIED_PUBLISH_PATH|DORMANT|SINGLE_MAINTAINER,1,1693,v0.2.0
chobitsu,1.8.6,25,F,UNVERIFIED_PUBLISH_PATH|SINGLE_MAINTAINER,1,1692,v0.2.0
tlite,0.1.9,19,F,UNVERIFIED_PUBLISH_PATH|DORMANT|SINGLE_MAINTAINER,1,1691,v0.2.0
'@playpilot/tpi,8.24.0,35,D,UNVERIFIED_PUBLISH_PATH,2,1688,v0.2.0
'@fontsource-variable/alegreya,5.2.8,71,B,,2,1680,v0.2.0
bootstrap-rtl,3.3.4,19,F,UNVERIFIED_PUBLISH_PATH|DORMANT|SINGLE_MAINTAINER,1,1679,v0.2.0
'@wix/auto_sdk_bookings_event-time-slots,1.0.122,30,F,UNVERIFIED_PUBLISH_PATH,13,1678,v0.2.0
'@fontsource-variable/besley,5.2.8,71,B,,2,1675,v0.2.0
'@fontsource/itim,5.2.7,71,B,,2,1674,v0.2.0
foundation-icons,2.0.0,19,F,UNVERIFIED_PUBLISH_PATH|DORMANT|SINGLE_MAINTAINER,1,1674,v0.2.0
'@fontsource/noto-kufi-arabic,5.2.9,71,B,,2,1669,v0.2.0
'@aurodesignsystem/auro-accordion,6.1.3,89,A,,8,1668,v0.2.0
cnchar,3.2.6,19,F,UNVERIFIED_PUBLISH_PATH|DORMANT|SINGLE_MAINTAINER,1,1668,v0.2.0
lxgw-wenkai-screen-webfont,1.7.0,19,F,UNVERIFIED_PUBLISH_PATH|DORMANT|SINGLE_MAINTAINER,1,1666,v0.2.0
'@fontsource/ma-shan-zheng,5.2.9,81,B,,2,1665,v0.2.0
'@letscooee/web-sdk,14.8.13,39,D,UNVERIFIED_PUBLISH_PATH,3,1665,v0.2.0
pdbe-molstar,3.12.0,77,B,INCONSISTENT_PUBLISH_PATH,4,1661,v0.2.0
'@creativebulma/bulma-badge,1.0.1,33,F,UNVERIFIED_PUBLISH_PATH|DORMANT,2,1659,v0.2.0
jquery.rut,1.1.2,33,F,UNVERIFIED_PUBLISH_PATH|DORMANT,2,1659,v0.2.0
'@fontsource/amiri-quran,5.2.10,71,B,,2,1651,v0.2.0
'@fontsource/anek-latin,5.2.7,71,B,,2,1650,v0.2.0
jquery-xml2json,0.0.8,14,F,UNVERIFIED_PUBLISH_PATH|DORMANT|SINGLE_MAINTAINER,1,1649,v0.2.0
'@fontsource/abel,5.2.7,71,B,,2,1648,v0.2.0
'@fontsource/david-libre,5.2.8,71,B,,2,1648,v0.2.0
'@fontsource-variable/ubuntu-sans,5.2.10,71,B,,2,1645,v0.2.0
rtsp-relay,1.9.0,51,C,DORMANT|SINGLE_MAINTAINER,1,1645,v0.2.0
'@fontsource-variable/sofia-sans-condensed,5.2.8,71,B,,2,1639,v0.2.0
'@fontsource/dotgothic16,5.2.8,71,B,,2,1637,v0.2.0
strophejs-plugin-disco,0.0.2,33,F,UNVERIFIED_PUBLISH_PATH|DORMANT,4,1637,v0.2.0
'@onescience/onecode-web,1.14.50-202607161139,16,F,UNVERIFIED_PUBLISH_PATH|SINGLE_MAINTAINER,1,1635,v0.2.0
isfastnet,2.0.2,15,F,UNVERIFIED_PUBLISH_PATH|DORMANT|SINGLE_MAINTAINER,1,1635,v0.2.0
'@master/normal.css,3.3.1,81,B,,2,1634,v0.2.0
'@sweetalert2/theme-bulma,5.0.27,25,F,UNVERIFIED_PUBLISH_PATH|SINGLE_MAINTAINER|DEPRECATED,1,1633,v0.2.0
'@vkontakte/superappkit,1.62.0,35,D,UNVERIFIED_PUBLISH_PATH|DEPRECATED,3,1631,v0.2.0
createjs,1.0.1,33,F,UNVERIFIED_PUBLISH_PATH|DORMANT,3,1628,v0.2.0
'@wix/auto_sdk_bookings_booking-policy-snapshots,1.0.51,30,F,UNVERIFIED_PUBLISH_PATH,13,1626,v0.2.0
r7insight_js,1.1.2,33,F,UNVERIFIED_PUBLISH_PATH|DORMANT,4,1622,v0.2.0
typeface-nunito-sans,1.1.13,14,F,UNVERIFIED_PUBLISH_PATH|DORMANT|SINGLE_MAINTAINER,1,1621,v0.2.0
'@fontsource/fira-sans-extra-condensed,5.2.7,71,B,,2,1616,v0.2.0
'@fontsource/aleo,5.2.7,71,B,,2,1615,v0.2.0
harmonyos-sans-sc-webfont-splitted,1.1.0,25,F,UNVERIFIED_PUBLISH_PATH|SINGLE_MAINTAINER,1,1614,v0.2.0
'@flarehr/benefits-plan-assessment,1.0.972,35,D,UNVERIFIED_PUBLISH_PATH,8,1613,v0.2.0
'@ibm/plex-sans-sc,1.1.0,33,F,UNVERIFIED_PUBLISH_PATH|DORMANT,5,1610,v0.2.0
'@wix/auto_sdk_bookings_staff-members,1.0.114,30,F,UNVERIFIED_PUBLISH_PATH,13,1608,v0.2.0
bootstrap-hover-dropdown,2.2.1,19,F,UNVERIFIED_PUBLISH_PATH|DORMANT|SINGLE_MAINTAINER,1,1608,v0.2.0
kekule,1.0.4,21,F,UNVERIFIED_PUBLISH_PATH|SINGLE_MAINTAINER,1,1608,v0.2.0
replaywebpage,2.4.6,73,B,SINGLE_MAINTAINER,1,1608,v0.2.0
minilazyload,2.3.4,15,F,UNVERIFIED_PUBLISH_PATH|DORMANT|SINGLE_MAINTAINER,1,1604,v0.2.0
ibp-cdn,3.0.49,16,F,UNVERIFIED_PUBLISH_PATH|SINGLE_MAINTAINER,1,1602,v0.2.0
'@fontsource/abeezee,5.2.8,71,B,,2,1601,v0.2.0
'@iconify-json/gg,1.2.2,15,F,UNVERIFIED_PUBLISH_PATH|DORMANT|SINGLE_MAINTAINER,1,1601,v0.2.0
cnchar-data,1.1.0,19,F,UNVERIFIED_PUBLISH_PATH|DORMANT|SINGLE_MAINTAINER,1,1601,v0.2.0
bigpicture,2.6.4,25,F,UNVERIFIED_PUBLISH_PATH|SINGLE_MAINTAINER,1,1595,v0.2.0
espeak-ng,1.0.2,19,F,UNVERIFIED_PUBLISH_PATH|DORMANT|SINGLE_MAINTAINER,1,1594,v0.2.0
rangeslider-pure,0.5.0,73,B,SINGLE_MAINTAINER,1,1594,v0.2.0
'@fontsource-variable/zalando-sans-expanded,5.2.2,81,B,,2,1593,v0.2.0
'@mathjax/mathjax-mhchem-font-extension,4.1.3,39,D,UNVERIFIED_PUBLISH_PATH,3,1589,v0.2.0
ez-plus,1.2.1,19,F,UNVERIFIED_PUBLISH_PATH|DORMANT|SINGLE_MAINTAINER,1,1586,v0.2.0
'@tabler/icons-png,3.44.0,20,F,UNVERIFIED_PUBLISH_PATH|SINGLE_MAINTAINER,1,1580,v0.2.0
cd-themify-icons,0.0.1,15,F,UNVERIFIED_PUBLISH_PATH|DORMANT|SINGLE_MAINTAINER,1,1580,v0.2.0
quran-json,3.1.2,19,F,UNVERIFIED_PUBLISH_PATH|DORMANT|SINGLE_MAINTAINER,1,1579,v0.2.0
tracking,1.1.3,33,F,UNVERIFIED_PUBLISH_PATH|DORMANT,2,1577,v0.2.0
'@diffusionstudio/vits-web,1.0.3,19,F,UNVERIFIED_PUBLISH_PATH|DORMANT|SINGLE_MAINTAINER,1,1576,v0.2.0
'@inlang/message-lint-rule-identical-pattern,1.5.9,24,F,UNVERIFIED_PUBLISH_PATH|DORMANT,2,1571,v0.2.0
'@mathjax/mathjax-fira-font,4.1.3,39,D,UNVERIFIED_PUBLISH_PATH,3,1566,v0.2.0
kute.js,2.2.6,62,C,SINGLE_MAINTAINER,1,1565,v0.2.0
charter-webfont,4.1.0,33,F,UNVERIFIED_PUBLISH_PATH|DORMANT,2,1561,v0.2.0
'@fontsource/asap-condensed,5.2.8,71,B,,2,1555,v0.2.0
'@webcomponents/url,0.7.9,41,D,UNVERIFIED_PUBLISH_PATH|DORMANT,6,1555,v0.2.0
heatmapjs,2.0.2,10,F,UNVERIFIED_PUBLISH_PATH|DORMANT|SINGLE_MAINTAINER,1,1553,v0.2.0
jquery-jpostal-ja,2.14.82,25,F,UNVERIFIED_PUBLISH_PATH|SINGLE_MAINTAINER,1,1552,v0.2.0
es6-polyfills,2.0.0,14,F,UNVERIFIED_PUBLISH_PATH|DORMANT|DEPRECATED,0,1551,v0.2.0
moment-countdown,0.0.3,19,F,UNVERIFIED_PUBLISH_PATH|DORMANT|SINGLE_MAINTAINER,1,1548,v0.2.0
webgl-fluid,0.4.0,25,F,UNVERIFIED_PUBLISH_PATH|SINGLE_MAINTAINER,1,1547,v0.2.0
'@beyonk/gdpr-cookie-consent-banner,16.0.2,30,F,UNVERIFIED_PUBLISH_PATH,7,1546,v0.2.0
'@fontsource/pirata-one,5.2.8,71,B,,2,1544,v0.2.0
'@nobleclem/jquery-multiselect,2.4.26,25,F,UNVERIFIED_PUBLISH_PATH|SINGLE_MAINTAINER,1,1544,v0.2.0
slick-slider,1.8.2,33,F,UNVERIFIED_PUBLISH_PATH|DORMANT,3,1544,v0.2.0
'@inlang/message-lint-rule-valid-js-identifier,1.0.8,24,F,UNVERIFIED_PUBLISH_PATH|DORMANT,2,1543,v0.2.0
mingcute_icon,2.9.72,20,F,UNVERIFIED_PUBLISH_PATH|SINGLE_MAINTAINER,1,1542,v0.2.0
react-time-input-polyfill,1.0.11,19,F,UNVERIFIED_PUBLISH_PATH|DORMANT|SINGLE_MAINTAINER|DEPRECATED,1,1542,v0.2.0
roddeh-i18n,1.2.1,19,F,UNVERIFIED_PUBLISH_PATH|DORMANT|SINGLE_MAINTAINER,1,1541,v0.2.0
'@fluid-topics/ft-toggle,2.1.10,35,D,UNVERIFIED_PUBLISH_PATH,3,1539,v0.2.0
flickity-bg-lazyload,2.0.0,19,F,UNVERIFIED_PUBLISH_PATH|DORMANT|SINGLE_MAINTAINER,1,1538,v0.2.0
instagram.css,0.1.4,19,F,UNVERIFIED_PUBLISH_PATH|DORMANT|SINGLE_MAINTAINER,1,1530,v0.2.0
typeface-noto-sans,1.1.13,14,F,UNVERIFIED_PUBLISH_PATH|DORMANT|SINGLE_MAINTAINER,1,1528,v0.2.0
'@pnotify/bootstrap4,5.2.0,19,F,UNVERIFIED_PUBLISH_PATH|DORMANT|SINGLE_MAINTAINER,1,1526,v0.2.0
youverify-web-sdk,2.2.1,21,F,UNVERIFIED_PUBLISH_PATH|SINGLE_MAINTAINER,1,1526,v0.2.0
'@fontsource/jockey-one,5.2.7,71,B,,2,1522,v0.2.0
gitalk,1.8.0,15,F,UNVERIFIED_PUBLISH_PATH|DORMANT|SINGLE_MAINTAINER,1,1522,v0.2.0
'@fontsource/apfel-grotezk,5.2.5,71,B,,2,1521,v0.2.0
'@fontsource-variable/big-shoulders-display,5.2.5,71,B,,2,1518,v0.2.0
'@fontsource-variable/vollkorn,5.2.10,71,B,,2,1518,v0.2.0
swipebox,1.4.6,19,F,UNVERIFIED_PUBLISH_PATH|DORMANT|SINGLE_MAINTAINER,1,1518,v0.2.0
lit-i18n,4.1.0,19,F,UNVERIFIED_PUBLISH_PATH|DORMANT|SINGLE_MAINTAINER,1,1517,v0.2.0
'@fontsource-variable/dancing-script,5.2.8,71,B,,2,1512,v0.2.0
emoji-datasource-messenger,4.1.0,14,F,UNVERIFIED_PUBLISH_PATH|DORMANT|SINGLE_MAINTAINER,1,1511,v0.2.0
'@mui-symbols-material/w400,0.4.1,14,F,UNVERIFIED_PUBLISH_PATH|DORMANT|SINGLE_MAINTAINER,1,1509,v0.2.0
'@tesseract.js-data/por,1.0.0,19,F,UNVERIFIED_PUBLISH_PATH|DORMANT|SINGLE_MAINTAINER,1,1509,v0.2.0
'@fontsource-variable/overpass,5.2.8,71,B,,2,1508,v0.2.0
'@iconify-json/basil,1.2.4,21,F,UNVERIFIED_PUBLISH_PATH|SINGLE_MAINTAINER,1,1507,v0.2.0
'@breadstone/mosaik-elements-foundation,0.1.54,25,F,UNVERIFIED_PUBLISH_PATH|SINGLE_MAINTAINER,1,1500,v0.2.0
'@promptbook/anthropic-claude,0.113.0-11,63,C,INCONSISTENT_PUBLISH_PATH|SINGLE_MAINTAINER,1,1500,v0.2.0
'@adobe/helix-rum-js,2.15.3,87,A,,31,1494,v0.2.0
'@iconify-json/f7,1.2.2,15,F,UNVERIFIED_PUBLISH_PATH|DORMANT|SINGLE_MAINTAINER,1,1491,v0.2.0
'@aurodesignsystem/auro-alert,5.0.2,89,A,,8,1489,v0.2.0
'@near-wallet-selector/modal-ui-js,10.1.4,40,D,UNVERIFIED_PUBLISH_PATH,3,1487,v0.2.0
'@betterbugs/web-sdk,0.0.41,25,F,UNVERIFIED_PUBLISH_PATH|SINGLE_MAINTAINER,1,1486,v0.2.0
'@wix/auto_sdk_bookings_availability-time-slots,1.0.255,30,F,UNVERIFIED_PUBLISH_PATH,13,1485,v0.2.0
emojionearea,3.4.2,19,F,UNVERIFIED_PUBLISH_PATH|DORMANT|SINGLE_MAINTAINER,1,1484,v0.2.0
'@watergis/maplibre-gl-export,4.1.2,20,F,UNVERIFIED_PUBLISH_PATH|SINGLE_MAINTAINER,1,1483,v0.2.0
'@fontsource/mali,5.2.8,71,B,,2,1478,v0.2.0
'@ticketevolution/seatmaps-client,5.0.0,27,F,UNVERIFIED_PUBLISH_PATH|SINGLE_MAINTAINER,1,1475,v0.2.0
spritespin,4.1.0,19,F,UNVERIFIED_PUBLISH_PATH|DORMANT|SINGLE_MAINTAINER,1,1473,v0.2.0
'@bamirorg/core-assets-271a22f75,1.27.0,16,F,UNVERIFIED_PUBLISH_PATH|SINGLE_MAINTAINER,1,1472,v0.2.0
'@digital-realty/ui-service-management,12.6.1,35,D,UNVERIFIED_PUBLISH_PATH,4,1472,v0.2.0
'@wix/auto_sdk_bookings_multi-service-availability-time-slots,1.0.248,30,F,UNVERIFIED_PUBLISH_PATH,13,1470,v0.2.0
'@wix/bookings_app-extensions,1.0.105,30,F,UNVERIFIED_PUBLISH_PATH,13,1468,v0.2.0
'@chainlink/cre-sdk,1.16.0,94,A,,8,1467,v0.2.0
angular-wizard,1.1.1,33,F,UNVERIFIED_PUBLISH_PATH|DORMANT,2,1466,v0.2.0
angular-elastic-input,2.4.0,19,F,UNVERIFIED_PUBLISH_PATH|DORMANT|SINGLE_MAINTAINER,1,1465,v0.2.0
smartphoto,1.6.5,33,F,UNVERIFIED_PUBLISH_PATH|DORMANT,2,1462,v0.2.0
'@fontsource/italiana,5.2.8,71,B,,2,1459,v0.2.0
'@fontsource/unifrakturcook,5.2.8,71,B,,2,1458,v0.2.0
swiffy-slider,2.1.1,45,D,UNVERIFIED_PUBLISH_PATH,3,1458,v0.2.0
'@fontsource-variable/gelasio,5.2.8,71,B,,2,1456,v0.2.0
'@fontsource/basic,5.2.8,71,B,,2,1456,v0.2.0
'@wix/auto_sdk_bookings_bookings,1.0.215,30,F,UNVERIFIED_PUBLISH_PATH,13,1456,v0.2.0
'@meilisearch/autocomplete-client,0.9.0,82,B,,5,1455,v0.2.0
'@wix/auto_sdk_bookings_extended-bookings,1.0.120,30,F,UNVERIFIED_PUBLISH_PATH,13,1455,v0.2.0
'@kapowaz/square-flags,1.5.3,25,F,UNVERIFIED_PUBLISH_PATH|SINGLE_MAINTAINER,1,1452,v0.2.0
'@fontsource/handlee,5.2.7,71,B,,2,1445,v0.2.0
iphone-inline-video,2.2.2,14,F,UNVERIFIED_PUBLISH_PATH|DORMANT|SINGLE_MAINTAINER|PUBLISHER_NOT_MAINTAINER,1,1444,v0.2.0
js-autocomplete,1.0.4,14,F,UNVERIFIED_PUBLISH_PATH|DORMANT|SINGLE_MAINTAINER,1,1443,v0.2.0
dap-design-system,0.57.9,21,F,UNVERIFIED_PUBLISH_PATH|SINGLE_MAINTAINER,1,1441,v0.2.0
'@scandit/web-datacapture-id,8.5.0,35,D,UNVERIFIED_PUBLISH_PATH,5,1437,v0.2.0
whatmore-react-assets,1.0.1832,25,F,UNVERIFIED_PUBLISH_PATH|SINGLE_MAINTAINER,1,1437,v0.2.0
'@ffmpeg/core-st,0.11.1,33,F,UNVERIFIED_PUBLISH_PATH|DORMANT,3,1436,v0.2.0
'@iconify-json/emojione,1.2.3,21,F,UNVERIFIED_PUBLISH_PATH|SINGLE_MAINTAINER,1,1436,v0.2.0
js-circle-progress,1.0.0,25,F,UNVERIFIED_PUBLISH_PATH|SINGLE_MAINTAINER,1,1436,v0.2.0
thinkingdata-browser,2.5.0,21,F,UNVERIFIED_PUBLISH_PATH|SINGLE_MAINTAINER,1,1436,v0.2.0
'@wix/auto_sdk_bookings_service-options-and-variants,1.0.82,30,F,UNVERIFIED_PUBLISH_PATH,13,1433,v0.2.0
'@zendeskgarden/css-forms,8.0.1,32,F,UNVERIFIED_PUBLISH_PATH|SINGLE_MAINTAINER,1,1432,v0.2.0
nbtify,2.2.0,19,F,UNVERIFIED_PUBLISH_PATH|DORMANT|SINGLE_MAINTAINER,1,1431,v0.2.0
'@wix/auto_sdk_bookings_resources,1.0.86,30,F,UNVERIFIED_PUBLISH_PATH,13,1430,v0.2.0
'@blotoutio/providers-facebook-sdk,1.63.2,25,F,UNVERIFIED_PUBLISH_PATH|SINGLE_MAINTAINER,1,1428,v0.2.0
angular-ui-carousel,0.1.10,19,F,UNVERIFIED_PUBLISH_PATH|DORMANT|SINGLE_MAINTAINER,1,1428,v0.2.0
sweph-wasm,2.6.9,31,F,UNVERIFIED_PUBLISH_PATH|SINGLE_MAINTAINER,1,1426,v0.2.0
webp-converter-browser,1.0.4,19,F,UNVERIFIED_PUBLISH_PATH|DORMANT|SINGLE_MAINTAINER,1,1424,v0.2.0
'@teachablemachine/image,0.8.5,28,F,UNVERIFIED_PUBLISH_PATH|DORMANT,3,1422,v0.2.0
'@yaireo/dragsort,1.3.2,14,F,UNVERIFIED_PUBLISH_PATH|DORMANT|SINGLE_MAINTAINER,1,1422,v0.2.0
layzr.js,2.2.2,19,F,UNVERIFIED_PUBLISH_PATH|DORMANT|SINGLE_MAINTAINER,1,1421,v0.2.0
'@sbb-esta/lyne-elements,5.3.0,94,A,,4,1420,v0.2.0
'@shopify/theme-hot-reload,0.0.22,30,F,UNVERIFIED_PUBLISH_PATH,6,1420,v0.2.0
leaflet-semicircle,2.0.4,19,F,UNVERIFIED_PUBLISH_PATH|DORMANT|SINGLE_MAINTAINER,1,1420,v0.2.0
'@fontsource/jura,5.2.7,71,B,,2,1417,v0.2.0
'@wix/auto_sdk_bookings_attendance,1.0.66,30,F,UNVERIFIED_PUBLISH_PATH,13,1416,v0.2.0
'@jspreadsheet/charts,7.5.1,25,F,UNVERIFIED_PUBLISH_PATH|SINGLE_MAINTAINER,1,1409,v0.2.0
'@openfonts/open-sans_all,1.44.2,14,F,UNVERIFIED_PUBLISH_PATH|DORMANT|SINGLE_MAINTAINER,1,1405,v0.2.0
'@wix/auto_sdk_bookings_categories-v-2,1.0.55,30,F,UNVERIFIED_PUBLISH_PATH,13,1404,v0.2.0
vue-awesome-countdown,2.0.0,25,F,UNVERIFIED_PUBLISH_PATH|SINGLE_MAINTAINER,1,1404,v0.2.0
pixi-ease,3.0.7,14,F,UNVERIFIED_PUBLISH_PATH|DORMANT|SINGLE_MAINTAINER,1,1397,v0.2.0
'@wix/auto_sdk_bookings_categories,1.0.57,30,F,UNVERIFIED_PUBLISH_PATH,13,1394,v0.2.0
ga-lite,2.1.6,15,F,UNVERIFIED_PUBLISH_PATH|DORMANT|SINGLE_MAINTAINER,1,1394,v0.2.0
'@fontsource/shadows-into-light,5.2.8,71,B,,2,1389,v0.2.0
'@chatui/core,3.8.0,25,F,UNVERIFIED_PUBLISH_PATH|SINGLE_MAINTAINER,1,1388,v0.2.0
olamaps-web-sdk,1.4.0,25,F,UNVERIFIED_PUBLISH_PATH|SINGLE_MAINTAINER,1,1388,v0.2.0
'@flarehr/salpac-cars-calculator,1.0.1603,35,D,UNVERIFIED_PUBLISH_PATH,8,1387,v0.2.0
jstorage,0.4.8,19,F,UNVERIFIED_PUBLISH_PATH|DORMANT|SINGLE_MAINTAINER,1,1386,v0.2.0
'@fontsource/arsenal,5.2.7,71,B,,2,1385,v0.2.0
'@wix/auto_sdk_bookings_services,1.0.259,30,F,UNVERIFIED_PUBLISH_PATH,13,1384,v0.2.0
jquery-waypoints,2.0.5,28,F,UNVERIFIED_PUBLISH_PATH|DORMANT|PUBLISHER_NOT_MAINTAINER,2,1383,v0.2.0
cas-ds-web-components,1.3.29,35,D,UNVERIFIED_PUBLISH_PATH,2,1382,v0.2.0
headjs,1.0.3,19,F,UNVERIFIED_PUBLISH_PATH|DORMANT|SINGLE_MAINTAINER,1,1378,v0.2.0
simple-lightbox,2.1.0,19,F,UNVERIFIED_PUBLISH_PATH|DORMANT|SINGLE_MAINTAINER,1,1377,v0.2.0
'@eka-care/medassist-widget,0.1.97,39,D,UNVERIFIED_PUBLISH_PATH,12,1373,v0.2.0
'@fontsource/gentium-book-plus,5.2.7,71,B,,2,1373,v0.2.0
'@social-mail/web-components,1.1.19,21,F,UNVERIFIED_PUBLISH_PATH|SINGLE_MAINTAINER,1,1372,v0.2.0
'@fontsource/schoolbell,5.2.7,71,B,,2,1371,v0.2.0
jquery.stellar,0.6.2,33,F,UNVERIFIED_PUBLISH_PATH|DORMANT,2,1371,v0.2.0
'@fontsource/bai-jamjuree,5.2.8,71,B,,2,1367,v0.2.0
playable,2.15.4,28,F,UNVERIFIED_PUBLISH_PATH|DORMANT|PUBLISHER_NOT_MAINTAINER,6,1367,v0.2.0
immortal-db,1.1.0,19,F,UNVERIFIED_PUBLISH_PATH|DORMANT|SINGLE_MAINTAINER,1,1366,v0.2.0
outdatedbrowser,1.1.5,19,F,UNVERIFIED_PUBLISH_PATH|DORMANT|SINGLE_MAINTAINER,1,1366,v0.2.0
'@fontsource/nanum-gothic-coding,5.2.8,71,B,,2,1364,v0.2.0
jquery-expander,2.0.3,25,F,UNVERIFIED_PUBLISH_PATH|SINGLE_MAINTAINER,1,1364,v0.2.0
'@fontsource/tangerine,5.2.8,71,B,,2,1361,v0.2.0
videojs-landscape-fullscreen,12.3.0,19,F,UNVERIFIED_PUBLISH_PATH|DORMANT|SINGLE_MAINTAINER,1,1361,v0.2.0
'@wc1font/source-han-serif-sc-vf,1.0.6,19,F,UNVERIFIED_PUBLISH_PATH|DORMANT|SINGLE_MAINTAINER,1,1360,v0.2.0
get-google-fonts,1.2.2,19,F,UNVERIFIED_PUBLISH_PATH|DORMANT|SINGLE_MAINTAINER,1,1360,v0.2.0
'@digital-realty/app-shell,13.0.13,30,F,UNVERIFIED_PUBLISH_PATH,4,1359,v0.2.0
'@fontsource/pt-sans-caption,5.2.8,71,B,,2,1354,v0.2.0
mutf-8,1.2.3,73,B,SINGLE_MAINTAINER,1,1354,v0.2.0
stimulus-read-more,4.1.0,14,F,UNVERIFIED_PUBLISH_PATH|DORMANT|SINGLE_MAINTAINER|DEPRECATED,1,1354,v0.2.0
cordova-plugin-qrscanner,3.0.1,33,F,UNVERIFIED_PUBLISH_PATH|DORMANT,3,1351,v0.2.0
'@fontsource/fjalla-one,5.2.7,71,B,,2,1350,v0.2.0
'@appnest/masonry-layout,2.2.3,33,F,UNVERIFIED_PUBLISH_PATH|DORMANT,2,1348,v0.2.0
'@fontsource/kaushan-script,5.2.8,71,B,,2,1347,v0.2.0
angular-gantt,2.0.0-rc.1,33,F,UNVERIFIED_PUBLISH_PATH|DORMANT,2,1347,v0.2.0
scroll-out,2.2.12,15,F,UNVERIFIED_PUBLISH_PATH|DORMANT|SINGLE_MAINTAINER,1,1342,v0.2.0
'@fontsource-variable/libre-baskerville,5.2.1,81,B,,2,1341,v0.2.0
php-wasm,0.1.0,25,F,UNVERIFIED_PUBLISH_PATH|SINGLE_MAINTAINER,1,1341,v0.2.0
'@fontsource-variable/dosis,5.2.8,71,B,,2,1338,v0.2.0
'@fontsource/audiowide,5.2.7,71,B,,2,1336,v0.2.0
'@fontsource-variable/domine,5.2.8,71,B,,2,1334,v0.2.0
'@freshworks/crayons,2.13.4,33,F,UNVERIFIED_PUBLISH_PATH|DORMANT,21,1334,v0.2.0
'@swishapp/sdk,0.140.0,16,F,UNVERIFIED_PUBLISH_PATH|SINGLE_MAINTAINER,1,1333,v0.2.0
bootstrap5-autocomplete,1.1.42,25,F,UNVERIFIED_PUBLISH_PATH|SINGLE_MAINTAINER,1,1333,v0.2.0
'@jack-henry/banno-plugin-framework-bridge,1.0.3,84,B,,4,1330,v0.2.0
'@tsparticles/preset-stars,4.3.2,69,C,INCONSISTENT_PUBLISH_PATH|SINGLE_MAINTAINER,1,1327,v0.2.0
scrolly-video,0.0.24,25,F,UNVERIFIED_PUBLISH_PATH|SINGLE_MAINTAINER,1,1325,v0.2.0
'@tesseract.js-data/spa,1.0.0,19,F,UNVERIFIED_PUBLISH_PATH|DORMANT|SINGLE_MAINTAINER,1,1324,v0.2.0
'@fontsource/cormorant-sc,5.2.8,71,B,,2,1322,v0.2.0
'@fontsource-variable/noto-naskh-arabic,5.2.11,81,B,,2,1321,v0.2.0
'@tesseract.js-data/kor,1.0.0,19,F,UNVERIFIED_PUBLISH_PATH|DORMANT|SINGLE_MAINTAINER,1,1318,v0.2.0
jquery-form-validator,2.3.79,19,F,UNVERIFIED_PUBLISH_PATH|DORMANT|SINGLE_MAINTAINER,1,1318,v0.2.0
loc-i18next,0.1.6,19,F,UNVERIFIED_PUBLISH_PATH|DORMANT|SINGLE_MAINTAINER,1,1316,v0.2.0
'@bandwidth/shared-components,6.2.2,40,D,UNVERIFIED_PUBLISH_PATH|DORMANT,8,1314,v0.2.0
deepar,5.6.22,21,F,UNVERIFIED_PUBLISH_PATH|SINGLE_MAINTAINER,1,1313,v0.2.0
wix-ui-core,3.0.252,24,F,UNVERIFIED_PUBLISH_PATH|DORMANT,6,1312,v0.2.0
detect-touch-device,1.1.6,19,F,UNVERIFIED_PUBLISH_PATH|DORMANT|SINGLE_MAINTAINER,1,1310,v0.2.0
jquery-countto,1.2.0,19,F,UNVERIFIED_PUBLISH_PATH|DORMANT|SINGLE_MAINTAINER,1,1309,v0.2.0
plugin-typescript,8.0.0,19,F,UNVERIFIED_PUBLISH_PATH|DORMANT|SINGLE_MAINTAINER,1,1309,v0.2.0
simple-audio-recorder,1.3.0,25,F,UNVERIFIED_PUBLISH_PATH|SINGLE_MAINTAINER,1,1308,v0.2.0
'@fontsource-variable/alexandria,5.2.8,71,B,,2,1305,v0.2.0
'@fontsource/noto-serif-georgian,5.2.9,71,B,,2,1301,v0.2.0
'@fontsource/actor,5.2.8,71,B,,2,1299,v0.2.0
'@goodgamestudios/cxf-events,1.24.0,29,F,UNVERIFIED_PUBLISH_PATH|DORMANT,27,1298,v0.2.0
'@fontsource/domine,5.2.8,71,B,,2,1295,v0.2.0
'@fontsource/stix-two-math,5.2.1,81,B,,2,1292,v0.2.0
showdown-katex,0.8.0,19,F,UNVERIFIED_PUBLISH_PATH|DORMANT|SINGLE_MAINTAINER,1,1290,v0.2.0
'@fontsource/mukta,5.2.8,71,B,,2,1288,v0.2.0
'@fontsource/familjen-grotesk,5.2.8,71,B,,2,1286,v0.2.0
template7,1.4.2,19,F,UNVERIFIED_PUBLISH_PATH|DORMANT|SINGLE_MAINTAINER,1,1285,v0.2.0
jbox,1.3.3,33,F,UNVERIFIED_PUBLISH_PATH|DORMANT|DEPRECATED,2,1284,v0.2.0
darkmode-js,1.5.7,19,F,UNVERIFIED_PUBLISH_PATH|DORMANT|SINGLE_MAINTAINER,1,1283,v0.2.0
'@wix/auto_sdk_stores_product-groups-v-3,1.0.3,30,F,UNVERIFIED_PUBLISH_PATH,13,1281,v0.2.0
kiso.css,1.2.4,25,F,UNVERIFIED_PUBLISH_PATH|SINGLE_MAINTAINER,1,1281,v0.2.0
dseg,0.46.0,19,F,UNVERIFIED_PUBLISH_PATH|DORMANT|SINGLE_MAINTAINER,1,1277,v0.2.0
iso8601-js-period,0.2.1,19,F,UNVERIFIED_PUBLISH_PATH|DORMANT|SINGLE_MAINTAINER,1,1274,v0.2.0
threejs-components,0.0.30,21,F,UNVERIFIED_PUBLISH_PATH|SINGLE_MAINTAINER,1,1274,v0.2.0
blowfish,1.0.1,14,F,UNVERIFIED_PUBLISH_PATH|DORMANT|SINGLE_MAINTAINER,1,1272,v0.2.0
'@file-viewer/web-full,2.1.30,20,F,UNVERIFIED_PUBLISH_PATH|SINGLE_MAINTAINER,1,1265,v0.2.0
'@fontsource/kosugi-maru,5.2.8,71,B,,2,1264,v0.2.0
jquery-number,2.1.6,15,F,UNVERIFIED_PUBLISH_PATH|DORMANT|SINGLE_MAINTAINER,1,1264,v0.2.0
'@fontsource-variable/noto-serif-hebrew,5.2.8,71,B,,2,1263,v0.2.0
'@openfonts/noto-sans-kr_korean,1.44.1,19,F,UNVERIFIED_PUBLISH_PATH|DORMANT|SINGLE_MAINTAINER,1,1263,v0.2.0
bootpag,5.0.1,73,B,SINGLE_MAINTAINER,1,1262,v0.2.0
'@voxeet/voxeet-web-sdk,3.11.1,28,F,UNVERIFIED_PUBLISH_PATH|DORMANT,6,1261,v0.2.0
'@fontsource/acme,5.2.7,71,B,,2,1259,v0.2.0
h8k-components,2.2.0,39,D,UNVERIFIED_PUBLISH_PATH,5,1258,v0.2.0
iszolea-ui,1.2.91,35,D,UNVERIFIED_PUBLISH_PATH,9,1258,v0.2.0
v-img,0.2.0,19,F,UNVERIFIED_PUBLISH_PATH|DORMANT|SINGLE_MAINTAINER,1,1255,v0.2.0
mk-sdk-git,1.1.114,21,F,UNVERIFIED_PUBLISH_PATH|SINGLE_MAINTAINER,1,1252,v0.2.0
pixeden-stroke-7-icon,1.2.3,19,F,UNVERIFIED_PUBLISH_PATH|DORMANT|SINGLE_MAINTAINER,1,1250,v0.2.0
'@wix/auto_sdk_bookings_pricing,1.0.96,30,F,UNVERIFIED_PUBLISH_PATH,13,1249,v0.2.0
'@fontsource-variable/noto-sans-ethiopic,5.2.7,71,B,,2,1247,v0.2.0
'@mediapipe/control_utils,0.6.1675466023,24,F,UNVERIFIED_PUBLISH_PATH|DORMANT,8,1246,v0.2.0
'@aha-app/shadcn-ui-built,2.5.0-build.1,35,D,UNVERIFIED_PUBLISH_PATH,48,1241,v0.2.0
jquery-date-range-picker,1.0.4,14,F,UNVERIFIED_PUBLISH_PATH|DORMANT|SINGLE_MAINTAINER|PUBLISHER_NOT_MAINTAINER,1,1239,v0.2.0
star-rating-svg,3.5.0,19,F,UNVERIFIED_PUBLISH_PATH|DORMANT|SINGLE_MAINTAINER,1,1239,v0.2.0
'@fontsource/zen-kaku-gothic-antique,5.2.8,71,B,,2,1238,v0.2.0
glyphicons-halflings,1.9.1,10,F,UNVERIFIED_PUBLISH_PATH|DORMANT|SINGLE_MAINTAINER,1,1233,v0.2.0
graphql-playground-react,1.7.28,39,D,UNVERIFIED_PUBLISH_PATH|DORMANT,6,1228,v0.2.0
'@fontsource/google-sans-code,5.2.4,81,B,,2,1227,v0.2.0
'@fontsource/turret-road,5.2.7,71,B,,2,1227,v0.2.0
'@fontsource/yanone-kaffeesatz,5.2.7,71,B,,2,1227,v0.2.0
slider-pro,1.6.2,19,F,UNVERIFIED_PUBLISH_PATH|DORMANT|SINGLE_MAINTAINER,1,1227,v0.2.0
'@joergdietrich/leaflet.terminator,1.3.0,25,F,UNVERIFIED_PUBLISH_PATH|SINGLE_MAINTAINER,1,1222,v0.2.0
'@wix/auto_sdk_bookings_resource-types,1.0.79,30,F,UNVERIFIED_PUBLISH_PATH,13,1218,v0.2.0
badger-accordion,1.2.4,19,F,UNVERIFIED_PUBLISH_PATH|DORMANT|SINGLE_MAINTAINER,1,1216,v0.2.0
'@omni-door/cli,3.2.2,25,F,UNVERIFIED_PUBLISH_PATH|SINGLE_MAINTAINER,1,1212,v0.2.0
'@fontsource/cabin-sketch,5.2.8,71,B,,2,1211,v0.2.0
'@barba/prefetch,2.2.0,33,F,UNVERIFIED_PUBLISH_PATH|DORMANT,3,1210,v0.2.0
'@wix/auto_sdk_bookings_external-calendars,1.0.56,30,F,UNVERIFIED_PUBLISH_PATH,13,1208,v0.2.0
'@fontsource/adamina,5.2.7,71,B,,2,1206,v0.2.0
angular-motion,0.4.4,19,F,UNVERIFIED_PUBLISH_PATH|DORMANT|SINGLE_MAINTAINER,1,1206,v0.2.0
pluspagos-aes-encryption,1.0.0,15,F,UNVERIFIED_PUBLISH_PATH|DORMANT|SINGLE_MAINTAINER,1,1206,v0.2.0
'@wix/auto_sdk_bookings_booking-fees,1.0.56,30,F,UNVERIFIED_PUBLISH_PATH,13,1204,v0.2.0
http-vue-loader,1.4.2,19,F,UNVERIFIED_PUBLISH_PATH|DORMANT|SINGLE_MAINTAINER,1,1203,v0.2.0
'@festo-ui/web-essentials,11.1.0,35,D,UNVERIFIED_PUBLISH_PATH,2,1202,v0.2.0
'@mathjax/mathjax-stix2-font,4.1.3,39,D,UNVERIFIED_PUBLISH_PATH,3,1202,v0.2.0
font-logos,1.3.0,33,F,UNVERIFIED_PUBLISH_PATH|DORMANT,2,1202,v0.2.0
modaal,0.4.4,14,F,UNVERIFIED_PUBLISH_PATH|DORMANT|SINGLE_MAINTAINER|PUBLISHER_NOT_MAINTAINER,1,1200,v0.2.0
paymentfont,1.2.5,19,F,UNVERIFIED_PUBLISH_PATH|DORMANT|SINGLE_MAINTAINER,1,1193,v0.2.0
'@wix/auto_sdk_bookings_staff-sorting,1.0.7,30,F,UNVERIFIED_PUBLISH_PATH,13,1192,v0.2.0
'@fontsource/hind-siliguri,5.2.7,71,B,,2,1187,v0.2.0
owl.carousel2,2.2.2,10,F,UNVERIFIED_PUBLISH_PATH|DORMANT|SINGLE_MAINTAINER|PUBLISHER_NOT_MAINTAINER|DEPRECATED,1,1187,v0.2.0
'@tsparticles/preset-fire,4.3.2,69,C,INCONSISTENT_PUBLISH_PATH|SINGLE_MAINTAINER,1,1186,v0.2.0
three-addons,1.2.0,14,F,UNVERIFIED_PUBLISH_PATH|DORMANT|SINGLE_MAINTAINER,1,1184,v0.2.0
'@roadtrip/components,3.54.0,21,F,UNVERIFIED_PUBLISH_PATH|SINGLE_MAINTAINER,1,1180,v0.2.0
select-picker,0.3.2,19,F,UNVERIFIED_PUBLISH_PATH|DORMANT|SINGLE_MAINTAINER,1,1179,v0.2.0
'@capacitor-community/photoviewer,8.0.1,46,D,UNVERIFIED_PUBLISH_PATH,52,1178,v0.2.0
'@feedmepos/mf-order-setting,0.0.74-prod,30,F,UNVERIFIED_PUBLISH_PATH,3,1172,v0.2.0
moyasar-payment-form,2.2.10,21,F,UNVERIFIED_PUBLISH_PATH|SINGLE_MAINTAINER,1,1170,v0.2.0
'@pinyin-pro/data,1.3.1,25,F,UNVERIFIED_PUBLISH_PATH|SINGLE_MAINTAINER,1,1169,v0.2.0
greenlet,1.1.0,19,F,UNVERIFIED_PUBLISH_PATH|DORMANT|SINGLE_MAINTAINER,1,1167,v0.2.0
'@azzas/azzas-tracker-web,2.0.0,35,D,UNVERIFIED_PUBLISH_PATH,2,1165,v0.2.0
'@iconify-json/fe,1.2.4,21,F,UNVERIFIED_PUBLISH_PATH|SINGLE_MAINTAINER,1,1165,v0.2.0
'@fontsource/alexandria,5.2.8,71,B,,2,1163,v0.2.0
'@fontsource/khand,5.2.8,71,B,,2,1163,v0.2.0
misans-vf,1.0.0,19,F,UNVERIFIED_PUBLISH_PATH|DORMANT|SINGLE_MAINTAINER,1,1160,v0.2.0
vue-cool-select,3.5.2,19,F,UNVERIFIED_PUBLISH_PATH|DORMANT|SINGLE_MAINTAINER,1,1158,v0.2.0
'@iconify-json/dashicons,1.2.1,15,F,UNVERIFIED_PUBLISH_PATH|DORMANT|SINGLE_MAINTAINER,1,1154,v0.2.0
stimulus-store,0.0.3,19,F,UNVERIFIED_PUBLISH_PATH|DORMANT|SINGLE_MAINTAINER,1,1154,v0.2.0
leaflet-sidebar,0.2.4,33,F,UNVERIFIED_PUBLISH_PATH|DORMANT,2,1151,v0.2.0
color-calendar,3.0.0,20,F,UNVERIFIED_PUBLISH_PATH|SINGLE_MAINTAINER,1,1149,v0.2.0
'@fontsource/alice,5.2.8,71,B,,2,1148,v0.2.0
'@fontsource/exo,5.2.8,71,B,,2,1148,v0.2.0
'@fontsource/open-sauce-sans,5.2.5,71,B,,2,1145,v0.2.0
'@fontsource/nanum-pen-script,5.2.7,71,B,,2,1143,v0.2.0
'@mux/mux-background-video,0.2.3,87,A,,4,1143,v0.2.0
jquery.numeric,1.0.0,15,F,UNVERIFIED_PUBLISH_PATH|DORMANT|SINGLE_MAINTAINER,1,1141,v0.2.0
bootstrap-chosen,1.4.2,19,F,UNVERIFIED_PUBLISH_PATH|DORMANT|SINGLE_MAINTAINER,1,1138,v0.2.0
'@creativebulma/bulma-collapsible,1.0.4,29,F,UNVERIFIED_PUBLISH_PATH|DORMANT,2,1136,v0.2.0
'@fontsource-variable/noto-kufi-arabic,5.2.9,71,B,,2,1136,v0.2.0
css-skeletons,1.0.7,19,F,UNVERIFIED_PUBLISH_PATH|DORMANT|SINGLE_MAINTAINER,1,1135,v0.2.0
'@fontsource/gaegu,5.2.8,71,B,,2,1132,v0.2.0
'@fontsource/gowun-batang,5.2.8,71,B,,2,1132,v0.2.0
dcraw,1.0.3,19,F,UNVERIFIED_PUBLISH_PATH|DORMANT|SINGLE_MAINTAINER,1,1132,v0.2.0
arv-extends,5.0.3-status-track-1.71,28,F,UNVERIFIED_PUBLISH_PATH|DORMANT,4,1131,v0.2.0
inko,1.1.1,19,F,UNVERIFIED_PUBLISH_PATH|DORMANT|SINGLE_MAINTAINER,1,1131,v0.2.0
'@calumk/editorjs-codeflask,1.0.10,19,F,UNVERIFIED_PUBLISH_PATH|DORMANT|SINGLE_MAINTAINER|DEPRECATED,1,1130,v0.2.0
gifler,0.1.0,15,F,UNVERIFIED_PUBLISH_PATH|DORMANT|SINGLE_MAINTAINER,1,1127,v0.2.0
'@fontsource-variable/asap,5.2.9,71,B,,2,1126,v0.2.0
echo-js,1.7.3,15,F,UNVERIFIED_PUBLISH_PATH|DORMANT|SINGLE_MAINTAINER,1,1126,v0.2.0
viewport-extra,3.0.0,69,C,SINGLE_MAINTAINER|BRANCH_REQUIRES_PR,1,1123,v0.2.0
'@fontsource/fira-sans-condensed,5.2.7,71,B,,2,1121,v0.2.0
'@betorigami/games,2.8.3,35,D,UNVERIFIED_PUBLISH_PATH,8,1120,v0.2.0
'@hackler/javascript-devtools,1.0.3,19,F,UNVERIFIED_PUBLISH_PATH|DORMANT|SINGLE_MAINTAINER,1,1116,v0.2.0
pure-md5,1.0.0,25,F,UNVERIFIED_PUBLISH_PATH|SINGLE_MAINTAINER,1,1115,v0.2.0
simple-icons-font,16.26.0,87,A,,4,1115,v0.2.0
blockui,1.0.0,10,F,UNVERIFIED_PUBLISH_PATH|DORMANT|SINGLE_MAINTAINER,1,1114,v0.2.0
jquery-menu-aim,1.1.0,19,F,UNVERIFIED_PUBLISH_PATH|DORMANT|SINGLE_MAINTAINER,1,1108,v0.2.0
themify-icons,1.0.0,14,F,UNVERIFIED_PUBLISH_PATH|DORMANT|SINGLE_MAINTAINER|PUBLISHER_NOT_MAINTAINER,1,1108,v0.2.0
'@grapecity/spread-sheets-resources-ja,18.2.5,30,F,UNVERIFIED_PUBLISH_PATH,2,1107,v0.2.0
flipdown,0.3.2,19,F,UNVERIFIED_PUBLISH_PATH|DORMANT|SINGLE_MAINTAINER,1,1105,v0.2.0
jquery.appear,1.0.1,19,F,UNVERIFIED_PUBLISH_PATH|DORMANT|SINGLE_MAINTAINER,1,1105,v0.2.0
wix-ui-icons-common,2.0.409,33,F,UNVERIFIED_PUBLISH_PATH|DORMANT,6,1105,v0.2.0
handsontable-pro,6.2.3,33,F,UNVERIFIED_PUBLISH_PATH|DORMANT|DEPRECATED,2,1104,v0.2.0
webaudiofont,3.0.4,19,F,UNVERIFIED_PUBLISH_PATH|DORMANT|SINGLE_MAINTAINER,1,1102,v0.2.0
'@blotoutio/providers-criteo-sdk,1.63.2,25,F,UNVERIFIED_PUBLISH_PATH|SINGLE_MAINTAINER,1,1100,v0.2.0
addsearch-search-ui,0.10.7,39,D,UNVERIFIED_PUBLISH_PATH,3,1100,v0.2.0
'@fontsource/open-sauce-two,5.2.5,71,B,,2,1098,v0.2.0
js-html2pdf,1.1.4,19,F,UNVERIFIED_PUBLISH_PATH|DORMANT|SINGLE_MAINTAINER,1,1097,v0.2.0
'@talkjs/web-components,0.3.2,35,D,UNVERIFIED_PUBLISH_PATH,9,1096,v0.2.0
'@atjson/source-html,0.42.1,35,D,UNVERIFIED_PUBLISH_PATH,6,1093,v0.2.0
modal-video,2.4.8,10,F,UNVERIFIED_PUBLISH_PATH|DORMANT|SINGLE_MAINTAINER,1,1091,v0.2.0
'@consta/icons,1.7.1,35,D,UNVERIFIED_PUBLISH_PATH,4,1090,v0.2.0
'@wazo/sdk,0.49.2,72,B,INCONSISTENT_PUBLISH_PATH,4,1090,v0.2.0
'@adobe/helix-rum-enhancer,2.49.0,87,A,,31,1089,v0.2.0
graphql.js,0.6.8,19,F,UNVERIFIED_PUBLISH_PATH|DORMANT|SINGLE_MAINTAINER,1,1089,v0.2.0
jquery.mmenu,7.3.3,19,F,UNVERIFIED_PUBLISH_PATH|DORMANT|SINGLE_MAINTAINER|DEPRECATED,1,1089,v0.2.0
bootstrap-ie11,5.3.7,32,F,UNVERIFIED_PUBLISH_PATH|SINGLE_MAINTAINER,1,1085,v0.2.0
formstone,2.2.2,25,F,UNVERIFIED_PUBLISH_PATH|SINGLE_MAINTAINER,1,1084,v0.2.0
tail.select,0.5.15,19,F,UNVERIFIED_PUBLISH_PATH|DORMANT|SINGLE_MAINTAINER|DEPRECATED,1,1083,v0.2.0
bootstrap-utilities,4.1.3,14,F,UNVERIFIED_PUBLISH_PATH|DORMANT|SINGLE_MAINTAINER|DEPRECATED,1,1082,v0.2.0
'@nifty_ai/browser-image-compression,2.0.4,34,F,UNVERIFIED_PUBLISH_PATH,2,1081,v0.2.0
scrollable-component,2.0.3,25,F,UNVERIFIED_PUBLISH_PATH|SINGLE_MAINTAINER,1,1079,v0.2.0
vscode-codicons,0.0.17,25,F,UNVERIFIED_PUBLISH_PATH|DORMANT|SINGLE_MAINTAINER|DEPRECATED,1,1079,v0.2.0
'@goodgamestudios/cxf-runtime,0.3.2,24,F,UNVERIFIED_PUBLISH_PATH|DORMANT|PUBLISHER_NOT_MAINTAINER,27,1078,v0.2.0
toolcool-range-slider,4.0.28,19,F,UNVERIFIED_PUBLISH_PATH|DORMANT|SINGLE_MAINTAINER,1,1078,v0.2.0
'@fontsource/caveat-brush,5.2.8,71,B,,2,1077,v0.2.0
handorgel,1.0.0,19,F,UNVERIFIED_PUBLISH_PATH|DORMANT|SINGLE_MAINTAINER,1,1076,v0.2.0
lg-hash,1.0.4,19,F,UNVERIFIED_PUBLISH_PATH|DORMANT|SINGLE_MAINTAINER,1,1076,v0.2.0
free-jqgrid,4.15.5,19,F,UNVERIFIED_PUBLISH_PATH|DORMANT|SINGLE_MAINTAINER,1,1075,v0.2.0
'@iconify-json/humbleicons,1.2.20,21,F,UNVERIFIED_PUBLISH_PATH|SINGLE_MAINTAINER,1,1073,v0.2.0
scroll-depth,1.2.0,19,F,UNVERIFIED_PUBLISH_PATH|DORMANT|SINGLE_MAINTAINER,1,1073,v0.2.0
'@fontsource/nanum-myeongjo,5.2.11,71,B,,2,1070,v0.2.0
overlapping-marker-spiderfier-leaflet,0.2.7,19,F,UNVERIFIED_PUBLISH_PATH|DORMANT|SINGLE_MAINTAINER,1,1068,v0.2.0
'@fontsource/esteban,5.2.7,71,B,,2,1067,v0.2.0
circletype,2.3.0,19,F,UNVERIFIED_PUBLISH_PATH|DORMANT|SINGLE_MAINTAINER,1,1067,v0.2.0
jquery-ui-multidatespicker,1.6.6,19,F,UNVERIFIED_PUBLISH_PATH|DORMANT|SINGLE_MAINTAINER,1,1065,v0.2.0
webshim,1.16.0,19,F,UNVERIFIED_PUBLISH_PATH|DORMANT|SINGLE_MAINTAINER,1,1065,v0.2.0
'@fontsource/playpen-sans,5.2.8,71,B,,2,1062,v0.2.0
'@wix/headless-bookings,1.0.17,30,F,UNVERIFIED_PUBLISH_PATH,13,1060,v0.2.0
brython,3.14.3,25,F,UNVERIFIED_PUBLISH_PATH|SINGLE_MAINTAINER,1,1060,v0.2.0
twbs-pagination,1.4.2,33,F,UNVERIFIED_PUBLISH_PATH|DORMANT,3,1058,v0.2.0
helvatica-neue-lt,1.0.1,19,F,UNVERIFIED_PUBLISH_PATH|DORMANT|SINGLE_MAINTAINER,1,1057,v0.2.0
inert-polyfill,0.2.5,33,F,UNVERIFIED_PUBLISH_PATH|DORMANT,2,1053,v0.2.0
'@vidstack/player,0.13.3,14,F,UNVERIFIED_PUBLISH_PATH|DORMANT|SINGLE_MAINTAINER|DEPRECATED,1,1052,v0.2.0
'@vonage/ml-transformers,7.0.4,39,D,UNVERIFIED_PUBLISH_PATH,66,1049,v0.2.0
'@fontsource/abhaya-libre,5.2.7,71,B,,2,1040,v0.2.0
indexeddb-export-import,2.2.0,25,F,UNVERIFIED_PUBLISH_PATH|SINGLE_MAINTAINER,1,1040,v0.2.0
pdf.js-viewer,0.2.8,14,F,UNVERIFIED_PUBLISH_PATH|DORMANT|SINGLE_MAINTAINER|PUBLISHER_NOT_MAINTAINER,1,1039,v0.2.0
'@peculiar/certificates-viewer,4.9.2,93,A,,7,1037,v0.2.0
'@wix/auto_sdk_bookings_pricing-provider,1.0.26,30,F,UNVERIFIED_PUBLISH_PATH,13,1037,v0.2.0
ace,1.3.0,29,F,UNVERIFIED_PUBLISH_PATH|DORMANT,3,1037,v0.2.0
'@iconify-json/token-branded,1.2.42,21,F,UNVERIFIED_PUBLISH_PATH|SINGLE_MAINTAINER,1,1035,v0.2.0
sudoku-gen,1.0.2,19,F,UNVERIFIED_PUBLISH_PATH|DORMANT|SINGLE_MAINTAINER,1,1034,v0.2.0
'@dinazor/core,1.1.113,15,F,UNVERIFIED_PUBLISH_PATH|DORMANT|SINGLE_MAINTAINER,1,1033,v0.2.0
pusher-angular,1.0.0,28,F,UNVERIFIED_PUBLISH_PATH|DORMANT|PUBLISHER_NOT_MAINTAINER,2,1033,v0.2.0
nanogallery2,3.0.5,19,F,UNVERIFIED_PUBLISH_PATH|DORMANT|SINGLE_MAINTAINER,1,1031,v0.2.0
gritter,1.7.4,19,F,UNVERIFIED_PUBLISH_PATH|DORMANT|SINGLE_MAINTAINER,1,1029,v0.2.0
formvalidation,0.6.2-dev,33,F,UNVERIFIED_PUBLISH_PATH|DORMANT,2,1028,v0.2.0
'@comscore/analytics,7.14.0,30,F,UNVERIFIED_PUBLISH_PATH,5,1027,v0.2.0
dynamsoft-document-viewer,4.0.0,34,F,UNVERIFIED_PUBLISH_PATH,2,1025,v0.2.0
store-js,2.0.4,19,F,UNVERIFIED_PUBLISH_PATH|DORMANT|SINGLE_MAINTAINER,1,1025,v0.2.0
ublaboo-datagrid,6.9.1,29,F,UNVERIFIED_PUBLISH_PATH|DORMANT|DEPRECATED,2,1024,v0.2.0
'@moveo-ai/web-client,0.107.0,39,D,UNVERIFIED_PUBLISH_PATH,3,1023,v0.2.0
onnxjs,0.1.8,19,F,UNVERIFIED_PUBLISH_PATH|DORMANT|SINGLE_MAINTAINER,1,1021,v0.2.0
vegas,3.0.0,25,F,UNVERIFIED_PUBLISH_PATH|SINGLE_MAINTAINER,1,1021,v0.2.0
'@fontsource/lxgw-wenkai-tc,5.2.9,81,B,,2,1014,v0.2.0
'@fontsource/courgette,5.2.7,71,B,,2,1013,v0.2.0
simple-scrollspy,2.5.3,19,F,UNVERIFIED_PUBLISH_PATH|DORMANT|SINGLE_MAINTAINER,1,1011,v0.2.0
aiware-js,0.0.0,24,F,UNVERIFIED_PUBLISH_PATH|DORMANT,13,1009,v0.2.0
'@fontsource/quantico,5.2.7,71,B,,2,1006,v0.2.0
'@magica11y/prefers-reduced-motion,1.0.11,19,F,UNVERIFIED_PUBLISH_PATH|DORMANT|SINGLE_MAINTAINER,1,1006,v0.2.0
v-autocomplete,1.8.2,28,F,UNVERIFIED_PUBLISH_PATH|DORMANT|PUBLISHER_NOT_MAINTAINER,5,1004,v0.2.0
'@caneara/iodine,8.5.0,19,F,UNVERIFIED_PUBLISH_PATH|DORMANT|SINGLE_MAINTAINER,1,1003,v0.2.0
'@ongov/ontario-design-system-component-library,8.1.0,77,B,INCONSISTENT_PUBLISH_PATH,5,1003,v0.2.0
'@blotoutio/providers-google-ads-clicks-sdk,1.63.2,25,F,UNVERIFIED_PUBLISH_PATH|SINGLE_MAINTAINER,1,1001,v0.2.0
'@wix/auto_sdk_bookings_add-ons,1.0.31,30,F,UNVERIFIED_PUBLISH_PATH,13,1000,v0.2.0
hebcal,2.3.2,19,F,UNVERIFIED_PUBLISH_PATH|DORMANT|SINGLE_MAINTAINER,1,999,v0.2.0
'@fontsource/noto-sans-malayalam,5.2.8,71,B,,2,998,v0.2.0
'@tesseract.js-data/fra,1.0.0,19,F,UNVERIFIED_PUBLISH_PATH|DORMANT|SINGLE_MAINTAINER,1,997,v0.2.0
artemis-code,0.2.79,21,F,UNVERIFIED_PUBLISH_PATH|SINGLE_MAINTAINER,1,995,v0.2.0
'@iconify-json/charm,1.2.3,21,F,UNVERIFIED_PUBLISH_PATH|SINGLE_MAINTAINER,1,993,v0.2.0
jquery-filepond,1.0.0,10,F,UNVERIFIED_PUBLISH_PATH|DORMANT|SINGLE_MAINTAINER,1,988,v0.2.0
'@68publishers/cookie-consent,1.4.1,39,D,UNVERIFIED_PUBLISH_PATH,2,987,v0.2.0
'@fontsource/hanuman,5.2.8,71,B,,2,986,v0.2.0
'@jspreadsheet/importer,6.4.0,25,F,UNVERIFIED_PUBLISH_PATH|SINGLE_MAINTAINER,1,986,v0.2.0
'@fontsource/klee-one,5.2.8,71,B,,2,984,v0.2.0
'@wix/auto_sdk_bookings_staff-member-settings,1.0.21,30,F,UNVERIFIED_PUBLISH_PATH,13,984,v0.2.0
'@gumlet/player.js,3.0.8,87,A,,2,981,v0.2.0
'@iconify-json/cryptocurrency-color,1.2.4,21,F,UNVERIFIED_PUBLISH_PATH|SINGLE_MAINTAINER,1,981,v0.2.0
'@mappedin/viewer,0.59.4,30,F,UNVERIFIED_PUBLISH_PATH,2,980,v0.2.0
'@fontsource-variable/antonio,5.2.8,71,B,,2,979,v0.2.0
bootstrap-star-rating,4.1.2,14,F,UNVERIFIED_PUBLISH_PATH|DORMANT|SINGLE_MAINTAINER,1,979,v0.2.0
angular-trix,1.0.2,19,F,UNVERIFIED_PUBLISH_PATH|DORMANT|SINGLE_MAINTAINER,1,978,v0.2.0
js-url,2.3.0,19,F,UNVERIFIED_PUBLISH_PATH|DORMANT|SINGLE_MAINTAINER,1,977,v0.2.0
stomp-websocket,2.3.4-next,19,F,UNVERIFIED_PUBLISH_PATH|DORMANT|SINGLE_MAINTAINER,1,976,v0.2.0
'@wix/auto_sdk_bookings_booking-policy,1.0.2,30,F,UNVERIFIED_PUBLISH_PATH,13,975,v0.2.0
open-dyslexic,1.0.3,19,F,UNVERIFIED_PUBLISH_PATH|DORMANT|SINGLE_MAINTAINER,1,974,v0.2.0
'@fontsource/sunflower,5.2.7,71,B,,2,972,v0.2.0
galmuri,2.40.3,25,F,UNVERIFIED_PUBLISH_PATH|SINGLE_MAINTAINER,1,972,v0.2.0
'@hcaptcha/vanilla-hcaptcha,1.1.4,34,F,UNVERIFIED_PUBLISH_PATH,2,971,v0.2.0
docsify-copy-code,3.0.2,39,D,UNVERIFIED_PUBLISH_PATH,2,969,v0.2.0
slick-lightbox,0.2.12,15,F,UNVERIFIED_PUBLISH_PATH|DORMANT|SINGLE_MAINTAINER,1,969,v0.2.0
comfy.js,1.1.29,25,F,UNVERIFIED_PUBLISH_PATH|SINGLE_MAINTAINER,1,968,v0.2.0
eligrey-classlist-js-polyfill,1.2.20180112,19,F,UNVERIFIED_PUBLISH_PATH|DORMANT|SINGLE_MAINTAINER,1,967,v0.2.0
tilt.js,1.2.1,19,F,UNVERIFIED_PUBLISH_PATH|DORMANT|SINGLE_MAINTAINER,1,965,v0.2.0
'@fontsource-variable/afacad,5.2.10,71,B,,2,963,v0.2.0
'@volcengine/tls-js-sdk,0.0.3,29,F,UNVERIFIED_PUBLISH_PATH|DORMANT,46,963,v0.2.0
'@progress/kendo-theme-meridian,14.3.0,70,B,INCONSISTENT_PUBLISH_PATH|SINGLE_MAINTAINER,1,962,v0.2.0
miam-injector,1.47.14,30,F,UNVERIFIED_PUBLISH_PATH,3,962,v0.2.0
'@feedmepos/mf-connect,0.1.98-beta.2,30,F,UNVERIFIED_PUBLISH_PATH,3,957,v0.2.0
blip-tokens,1.103.0,25,F,UNVERIFIED_PUBLISH_PATH|SINGLE_MAINTAINER|BRANCH_REQUIRES_PR,1,957,v0.2.0
bootstrap4-notify,4.0.3,19,F,UNVERIFIED_PUBLISH_PATH|DORMANT|SINGLE_MAINTAINER,1,949,v0.2.0
prefixfree,1.0.0,19,F,UNVERIFIED_PUBLISH_PATH|DORMANT|SINGLE_MAINTAINER,1,948,v0.2.0
'@bevacqua/rome,3.0.4,19,F,UNVERIFIED_PUBLISH_PATH|DORMANT|SINGLE_MAINTAINER,1,944,v0.2.0
'@fontsource/karma,5.2.8,71,B,,2,944,v0.2.0
jssocials,1.5.0,19,F,UNVERIFIED_PUBLISH_PATH|DORMANT|SINGLE_MAINTAINER,1,944,v0.2.0
'@wix/auto_sdk_bookings_attribute-value,1.0.7,30,F,UNVERIFIED_PUBLISH_PATH,13,943,v0.2.0
connectycube,6.3.0,35,D,UNVERIFIED_PUBLISH_PATH,2,942,v0.2.0
p2p-media-loader-core,3.0.1,74,B,SINGLE_MAINTAINER,1,941,v0.2.0
kore-web-sdk,11.26.1,39,D,UNVERIFIED_PUBLISH_PATH,2,939,v0.2.0
'@fontsource/maple-mono,5.2.6,71,B,,2,938,v0.2.0
'@wix/auto_sdk_bookings_catalog-search,1.0.18,30,F,UNVERIFIED_PUBLISH_PATH,13,938,v0.2.0
jquery-treetable,3.2.0-1,14,F,UNVERIFIED_PUBLISH_PATH|DORMANT|SINGLE_MAINTAINER|PUBLISHER_NOT_MAINTAINER,1,938,v0.2.0
'@studyportals/modal-dll,4.0.1,30,F,UNVERIFIED_PUBLISH_PATH|PUBLISHER_NOT_MAINTAINER,21,937,v0.2.0
libgif,0.0.3,19,F,UNVERIFIED_PUBLISH_PATH|DORMANT|SINGLE_MAINTAINER,1,937,v0.2.0
'@ip-location-db/geolite2-city-mmdb,2.3.2026061719,68,C,SINGLE_MAINTAINER,1,936,v0.2.0
'@postenbring/hedwig-css,4.2.1,41,D,UNVERIFIED_PUBLISH_PATH,6,936,v0.2.0
'@wix/auto_sdk_bookings_attribute-definition,1.0.6,30,F,UNVERIFIED_PUBLISH_PATH,13,934,v0.2.0
sticker-heo,2022.7.5,19,F,UNVERIFIED_PUBLISH_PATH|DORMANT|SINGLE_MAINTAINER,1,934,v0.2.0
'@blotoutio/providers-bing-sdk,1.63.2,25,F,UNVERIFIED_PUBLISH_PATH|SINGLE_MAINTAINER,1,933,v0.2.0
hc-sticky,2.3.0,25,F,UNVERIFIED_PUBLISH_PATH|SINGLE_MAINTAINER,1,930,v0.2.0
aitu-app,1.0.3,21,F,UNVERIFIED_PUBLISH_PATH|SINGLE_MAINTAINER,1,929,v0.2.0
'@fontsource-variable/league-spartan,5.2.8,71,B,,2,928,v0.2.0
angular-debounce,1.1.1,19,F,UNVERIFIED_PUBLISH_PATH|DORMANT|SINGLE_MAINTAINER,1,928,v0.2.0
notification-polyfill,1.0.0,19,F,UNVERIFIED_PUBLISH_PATH|DORMANT|SINGLE_MAINTAINER,1,928,v0.2.0
'@blotoutio/providers-snapchat-sdk,1.63.2,25,F,UNVERIFIED_PUBLISH_PATH|SINGLE_MAINTAINER,1,926,v0.2.0
'@fontsource/damion,5.2.7,71,B,,2,925,v0.2.0
leaflet-label,0.2.1-0,9,F,UNVERIFIED_PUBLISH_PATH|DORMANT|SINGLE_MAINTAINER|PUBLISHER_NOT_MAINTAINER,1,923,v0.2.0
'@uvarov.frontend/vanilla-calendar,2.8.6,19,F,UNVERIFIED_PUBLISH_PATH|DORMANT|SINGLE_MAINTAINER|DEPRECATED,1,921,v0.2.0
'@algolia/recommend-js,1.16.0,28,F,UNVERIFIED_PUBLISH_PATH|DORMANT,16,919,v0.2.0
'@srexi/purecounterjs,1.5.0,25,F,UNVERIFIED_PUBLISH_PATH|DORMANT|SINGLE_MAINTAINER,1,919,v0.2.0
datetimepicker,0.1.39,33,F,UNVERIFIED_PUBLISH_PATH|DORMANT,3,917,v0.2.0
flot-charts,0.8.3,19,F,UNVERIFIED_PUBLISH_PATH|DORMANT|SINGLE_MAINTAINER,1,917,v0.2.0
fluid-player,3.59.0,39,D,UNVERIFIED_PUBLISH_PATH,4,917,v0.2.0
'@fontsource/noto-serif-devanagari,5.2.10,71,B,,2,916,v0.2.0
'@fontsource/sniglet,5.2.8,71,B,,2,916,v0.2.0
'@qratilabs/qrati-connect,2.27.2,25,F,UNVERIFIED_PUBLISH_PATH|SINGLE_MAINTAINER,1,916,v0.2.0
persian-date,1.1.0,19,F,UNVERIFIED_PUBLISH_PATH|DORMANT|SINGLE_MAINTAINER,1,916,v0.2.0
datatables.mark.js,2.1.0,19,F,UNVERIFIED_PUBLISH_PATH|DORMANT|SINGLE_MAINTAINER,1,913,v0.2.0
'@fontsource/gothic-a1,5.2.8,71,B,,2,909,v0.2.0
'@nutui/nutui,4.3.15-beta.1,39,D,UNVERIFIED_PUBLISH_PATH,3,909,v0.2.0
dom-slider,2.2.1,25,F,UNVERIFIED_PUBLISH_PATH|SINGLE_MAINTAINER,1,907,v0.2.0
innersvg-polyfill,0.0.5,19,F,UNVERIFIED_PUBLISH_PATH|DORMANT|SINGLE_MAINTAINER,1,905,v0.2.0
bootstrap4-datetimepicker,5.2.3,19,F,UNVERIFIED_PUBLISH_PATH|DORMANT|SINGLE_MAINTAINER,1,904,v0.2.0
jquery-editable-select,2.2.5,19,F,UNVERIFIED_PUBLISH_PATH|DORMANT|SINGLE_MAINTAINER,1,904,v0.2.0
'@fontsource/average-sans,5.2.8,71,B,,2,902,v0.2.0
'@tripetto/runner-autoscroll,9.0.2,35,D,UNVERIFIED_PUBLISH_PATH,3,901,v0.2.0
tui-editor-plugin-font-size,1.0.4,19,F,UNVERIFIED_PUBLISH_PATH|DORMANT|SINGLE_MAINTAINER,1,901,v0.2.0
'@fontsource/marck-script,5.2.8,71,B,,2,899,v0.2.0
'@tripetto/runner-fabric,8.0.16,29,F,UNVERIFIED_PUBLISH_PATH|DORMANT,3,898,v0.2.0
'@blotoutio/providers-google-analytics-4-sdk,1.63.2,25,F,UNVERIFIED_PUBLISH_PATH|SINGLE_MAINTAINER,1,897,v0.2.0
'@xiee/utils,1.14.69,73,B,SINGLE_MAINTAINER,1,897,v0.2.0
'@topvisor/ui,1.5.5,35,D,UNVERIFIED_PUBLISH_PATH,2,896,v0.2.0
lg-pager,1.0.2,19,F,UNVERIFIED_PUBLISH_PATH|DORMANT|SINGLE_MAINTAINER,1,895,v0.2.0
botui,1.1.3,19,F,UNVERIFIED_PUBLISH_PATH|DORMANT|SINGLE_MAINTAINER,1,894,v0.2.0
'@searchstax-inc/searchstudio-ux-js,4.2.19,35,D,UNVERIFIED_PUBLISH_PATH,4,893,v0.2.0
'@wix/events,1.0.807,30,F,UNVERIFIED_PUBLISH_PATH,13,891,v0.2.0
alpinejs-i18n,2.5.3,20,F,UNVERIFIED_PUBLISH_PATH|SINGLE_MAINTAINER,1,890,v0.2.0
optiscroll,3.2.1,19,F,UNVERIFIED_PUBLISH_PATH|DORMANT|SINGLE_MAINTAINER,1,890,v0.2.0
'@fontsource/jua,5.2.8,71,B,,2,888,v0.2.0
'@magic-ext/auth,4.3.2,40,D,UNVERIFIED_PUBLISH_PATH|DORMANT|DEPRECATED,11,888,v0.2.0
'@upscalerjs/esrgan-thick,1.0.0,20,F,UNVERIFIED_PUBLISH_PATH|SINGLE_MAINTAINER,1,888,v0.2.0
'@marcreichel/alpine-timeago,2.0.3,73,B,SINGLE_MAINTAINER,1,887,v0.2.0
pdfh5,3.0.0,25,F,UNVERIFIED_PUBLISH_PATH|SINGLE_MAINTAINER,1,887,v0.2.0
'@zendeskgarden/css-tags,6.0.0,26,F,UNVERIFIED_PUBLISH_PATH|DORMANT|SINGLE_MAINTAINER,1,886,v0.2.0
editorjs-button,3.0.3,19,F,UNVERIFIED_PUBLISH_PATH|DORMANT|SINGLE_MAINTAINER,1,886,v0.2.0
angularfire,2.3.0,28,F,UNVERIFIED_PUBLISH_PATH|DORMANT|PUBLISHER_NOT_MAINTAINER,4,883,v0.2.0
neffos.js,0.1.34,19,F,UNVERIFIED_PUBLISH_PATH|DORMANT|SINGLE_MAINTAINER,1,882,v0.2.0
jquery-templates,1.0.0,19,F,UNVERIFIED_PUBLISH_PATH|DORMANT|SINGLE_MAINTAINER,1,881,v0.2.0
'@fontsource-variable/maven-pro,5.2.10,71,B,,2,880,v0.2.0
bootstrap-print-css,1.0.1,26,F,UNVERIFIED_PUBLISH_PATH|DORMANT|SINGLE_MAINTAINER,1,880,v0.2.0
'@fontsource-variable/shantell-sans,5.2.7,71,B,,2,879,v0.2.0
quail-js,0.3.28,20,F,UNVERIFIED_PUBLISH_PATH|SINGLE_MAINTAINER,1,879,v0.2.0
brackets-viewer,1.9.1,73,B,SINGLE_MAINTAINER,1,878,v0.2.0
'@fontsource-variable/noto-sans-lao,5.2.8,71,B,,2,877,v0.2.0
'@tripetto/runner,8.2.0,29,F,UNVERIFIED_PUBLISH_PATH|DORMANT,3,877,v0.2.0
clockwork-browser,1.1.2,19,F,UNVERIFIED_PUBLISH_PATH|DORMANT|SINGLE_MAINTAINER,1,876,v0.2.0
detect-external-link,2.0.1,19,F,UNVERIFIED_PUBLISH_PATH|DORMANT|SINGLE_MAINTAINER,1,876,v0.2.0
gridlex,2.7.1,19,F,UNVERIFIED_PUBLISH_PATH|DORMANT|SINGLE_MAINTAINER,1,874,v0.2.0
strophejs-plugin-muc,1.1.0,33,F,UNVERIFIED_PUBLISH_PATH|DORMANT,4,874,v0.2.0
youtube-background,1.1.8,19,F,UNVERIFIED_PUBLISH_PATH|DORMANT|SINGLE_MAINTAINER,1,874,v0.2.0
'@arborium/rust,2.18.1,73,B,SINGLE_MAINTAINER,1,873,v0.2.0
'@blotoutio/providers-reddit-sdk,1.63.2,25,F,UNVERIFIED_PUBLISH_PATH|SINGLE_MAINTAINER,1,872,v0.2.0
hexo-theme-keep,4.3.0,25,F,UNVERIFIED_PUBLISH_PATH|SINGLE_MAINTAINER,1,872,v0.2.0
priority-nav,1.0.14,25,F,UNVERIFIED_PUBLISH_PATH|SINGLE_MAINTAINER,1,872,v0.2.0
'@fontsource/aref-ruqaa,5.2.8,71,B,,2,871,v0.2.0
'@placekit/autocomplete-js,2.2.1,33,F,UNVERIFIED_PUBLISH_PATH|DORMANT,2,871,v0.2.0
'@fontsource-variable/exo,5.2.8,71,B,,2,870,v0.2.0
leaflet-timedimension,1.1.1,19,F,UNVERIFIED_PUBLISH_PATH|DORMANT|SINGLE_MAINTAINER,1,870,v0.2.0
noto-sans-cjk-jp,1.0.1,10,F,UNVERIFIED_PUBLISH_PATH|DORMANT|SINGLE_MAINTAINER,1,870,v0.2.0
'@fontsource-variable/wix-madefor-display,5.2.8,71,B,,2,867,v0.2.0
bootstrap4-tagsinput,4.1.3,14,F,UNVERIFIED_PUBLISH_PATH|DORMANT|SINGLE_MAINTAINER,1,866,v0.2.0
scroll-carousel,1.2.7,25,F,UNVERIFIED_PUBLISH_PATH|DORMANT|SINGLE_MAINTAINER,1,865,v0.2.0
'@fontsource/baskervville,5.2.9,71,B,,2,864,v0.2.0
'@streamroot/videojs-hlsjs-plugin,1.0.16,14,F,UNVERIFIED_PUBLISH_PATH|DORMANT|SINGLE_MAINTAINER|DEPRECATED,1,863,v0.2.0
kanbanniang,0.2.12,19,F,UNVERIFIED_PUBLISH_PATH|DORMANT|SINGLE_MAINTAINER,1,861,v0.2.0
jquery.finger,0.1.6,19,F,UNVERIFIED_PUBLISH_PATH|DORMANT|SINGLE_MAINTAINER,1,860,v0.2.0
zebra_datepicker,2.2.0,19,F,UNVERIFIED_PUBLISH_PATH|DORMANT|SINGLE_MAINTAINER,1,855,v0.2.0
'@wix/auto_sdk_bookings_display-settings,1.0.8,30,F,UNVERIFIED_PUBLISH_PATH,13,854,v0.2.0
chocolat,1.1.3,19,F,UNVERIFIED_PUBLISH_PATH|DORMANT|SINGLE_MAINTAINER,1,854,v0.2.0
'@cantinc/ui,0.3.16,39,D,UNVERIFIED_PUBLISH_PATH,2,852,v0.2.0
'@feedmepos/mf-menu,0.32.58,30,F,UNVERIFIED_PUBLISH_PATH,3,852,v0.2.0
'@goongmaps/goong-js,1.0.9,33,F,UNVERIFIED_PUBLISH_PATH|DORMANT,2,850,v0.2.0
'@ideal-postcodes/address-finder-bundled,5.0.8,40,D,UNVERIFIED_PUBLISH_PATH,2,849,v0.2.0
simple-scrollbar,0.4.0,19,F,UNVERIFIED_PUBLISH_PATH|DORMANT|SINGLE_MAINTAINER,1,845,v0.2.0
marketplacepos,6.29.1,21,F,UNVERIFIED_PUBLISH_PATH|SINGLE_MAINTAINER,1,843,v0.2.0
vikinginvest-prices,1.0.1779225699,25,F,UNVERIFIED_PUBLISH_PATH|SINGLE_MAINTAINER,1,843,v0.2.0
lite-vimeo-embed,0.3.0,51,C,DORMANT|SINGLE_MAINTAINER,1,839,v0.2.0
vanillajs-scrollspy,3.0.8,19,F,UNVERIFIED_PUBLISH_PATH|DORMANT|SINGLE_MAINTAINER,1,839,v0.2.0
fotorama,4.6.4,10,F,UNVERIFIED_PUBLISH_PATH|DORMANT|SINGLE_MAINTAINER,1,834,v0.2.0
geocomplete,1.7.0,33,F,UNVERIFIED_PUBLISH_PATH|DORMANT,6,834,v0.2.0
'@expo-google-fonts/teko,0.4.1,39,D,UNVERIFIED_PUBLISH_PATH,4,832,v0.2.0
'@fontsource/sn-pro,5.2.6,81,B,,2,832,v0.2.0
'@ds-autonomie/web-components,2.22.2,30,F,UNVERIFIED_PUBLISH_PATH,4,831,v0.2.0
browselucide,1.0.3,21,F,UNVERIFIED_PUBLISH_PATH|SINGLE_MAINTAINER,1,831,v0.2.0
'@blotoutio/providers-twitter-sdk,1.63.2,25,F,UNVERIFIED_PUBLISH_PATH|SINGLE_MAINTAINER,1,830,v0.2.0
'@wix/auto_sdk_bookings_bookings-validation,1.0.11,30,F,UNVERIFIED_PUBLISH_PATH,13,830,v0.2.0
fancygrid,1.7.180,19,F,UNVERIFIED_PUBLISH_PATH|DORMANT|SINGLE_MAINTAINER,1,830,v0.2.0
scandit-web-datacapture-id,6.28.11,35,D,UNVERIFIED_PUBLISH_PATH,4,830,v0.2.0
jquery-resizable-columns,0.2.3,19,F,UNVERIFIED_PUBLISH_PATH|DORMANT|SINGLE_MAINTAINER,1,828,v0.2.0
mutation-events,1.0.8,26,F,UNVERIFIED_PUBLISH_PATH|DORMANT|SINGLE_MAINTAINER,1,828,v0.2.0
super-tiny-icons,0.6.0,19,F,UNVERIFIED_PUBLISH_PATH|DORMANT|SINGLE_MAINTAINER,1,828,v0.2.0
dynamsoft-capture-vision-std,1.4.21,10,F,UNVERIFIED_PUBLISH_PATH|DORMANT|SINGLE_MAINTAINER|DEPRECATED,1,827,v0.2.0
'@blotoutio/providers-tiktok-sdk,1.63.2,25,F,UNVERIFIED_PUBLISH_PATH|SINGLE_MAINTAINER,1,826,v0.2.0
persian-datepicker,1.2.0,19,F,UNVERIFIED_PUBLISH_PATH|DORMANT|SINGLE_MAINTAINER,1,824,v0.2.0
'@fontsource/cookie,5.2.7,71,B,,2,823,v0.2.0
lg-autoplay,1.2.1,19,F,UNVERIFIED_PUBLISH_PATH|DORMANT|SINGLE_MAINTAINER,1,821,v0.2.0
'@fontsource-variable/noto-sans-gujarati,5.2.7,71,B,,2,820,v0.2.0
'@wix/auto_sdk_bookings_bookings-settings,1.0.1,30,F,UNVERIFIED_PUBLISH_PATH,11,820,v0.2.0
instafeed.js,2.1.0,25,F,UNVERIFIED_PUBLISH_PATH|SINGLE_MAINTAINER,1,820,v0.2.0
'@getopenpay/openpay-js,0.5.25,35,D,UNVERIFIED_PUBLISH_PATH,3,819,v0.2.0
jquery-unveil,1.3.2,19,F,UNVERIFIED_PUBLISH_PATH|DORMANT|SINGLE_MAINTAINER,1,819,v0.2.0
'@cognigy/webchat,3.46.0,77,B,INCONSISTENT_PUBLISH_PATH|BRANCH_REQUIRES_PR,14,818,v0.2.0
cookies-eu-banner,2.0.1,19,F,UNVERIFIED_PUBLISH_PATH|DORMANT|SINGLE_MAINTAINER,1,818,v0.2.0
'@reown/appkit-cdn,1.8.22,76,B,,2,816,v0.2.0
vue-smooth-scroll,1.0.13,19,F,UNVERIFIED_PUBLISH_PATH|DORMANT|SINGLE_MAINTAINER,1,815,v0.2.0
'@goplayerzero/sdk-web,0.3.0,25,F,UNVERIFIED_PUBLISH_PATH|SINGLE_MAINTAINER,1,809,v0.2.0
skrollr,0.6.26,9,F,UNVERIFIED_PUBLISH_PATH|DORMANT,0,808,v0.2.0
vue3-flag-icons,0.1.5,25,F,UNVERIFIED_PUBLISH_PATH|SINGLE_MAINTAINER,1,808,v0.2.0
wordgard,0.3.0,21,F,UNVERIFIED_PUBLISH_PATH|SINGLE_MAINTAINER,1,806,v0.2.0
'@fontsource/noto-sans-georgian,5.2.8,71,B,,2,805,v0.2.0
xzoom,1.0.15,19,F,UNVERIFIED_PUBLISH_PATH|DORMANT|SINGLE_MAINTAINER,1,804,v0.2.0
'@sfpy/atoms,0.3.7,16,F,UNVERIFIED_PUBLISH_PATH|SINGLE_MAINTAINER,1,803,v0.2.0
'@desivocal/agents-cdn,1.0.21,35,D,UNVERIFIED_PUBLISH_PATH,2,801,v0.2.0
jquery-balloon-js,1.1.2,19,F,UNVERIFIED_PUBLISH_PATH|DORMANT|SINGLE_MAINTAINER,1,799,v0.2.0
jquery.autokana,1.0.0,19,F,UNVERIFIED_PUBLISH_PATH|DORMANT|SINGLE_MAINTAINER,1,797,v0.2.0
'@frak-labs/components,1.0.12,34,F,UNVERIFIED_PUBLISH_PATH,2,796,v0.2.0
materialize-stepper,3.1.0,19,F,UNVERIFIED_PUBLISH_PATH|DORMANT|SINGLE_MAINTAINER,1,796,v0.2.0
superfish,1.7.10,19,F,UNVERIFIED_PUBLISH_PATH|DORMANT|SINGLE_MAINTAINER,1,796,v0.2.0
'@liip/liipgpt,3.6.7,30,F,UNVERIFIED_PUBLISH_PATH,2,795,v0.2.0
'@fontsource/chewy,5.2.7,71,B,,2,794,v0.2.0
bootstrap4-dialog,4.4.4,19,F,UNVERIFIED_PUBLISH_PATH|DORMANT|SINGLE_MAINTAINER,1,791,v0.2.0
lobibox,1.2.7,19,F,UNVERIFIED_PUBLISH_PATH|DORMANT|SINGLE_MAINTAINER,1,790,v0.2.0
'@db-ui/core,3.3.7,89,A,,4,789,v0.2.0
jquery-storage-api,1.9.4,19,F,UNVERIFIED_PUBLISH_PATH|DORMANT|SINGLE_MAINTAINER|DEPRECATED,1,789,v0.2.0
'@8thwall/engine-binary,1.0.0,39,D,UNVERIFIED_PUBLISH_PATH,2,788,v0.2.0
'@fontsource-variable/el-messiri,5.2.8,71,B,,2,788,v0.2.0
tobii,2.0.0-alpha,33,F,UNVERIFIED_PUBLISH_PATH|DORMANT,2,787,v0.2.0
'@hellotext/hellotext,2.4.53,39,D,UNVERIFIED_PUBLISH_PATH,2,786,v0.2.0
'@single-spa/import-map-injector,3.0.1,20,F,UNVERIFIED_PUBLISH_PATH|SINGLE_MAINTAINER,1,785,v0.2.0
'@upscalerjs/esrgan-medium,1.0.0,20,F,UNVERIFIED_PUBLISH_PATH|SINGLE_MAINTAINER,1,784,v0.2.0
ab-datepicker,2.1.19,19,F,UNVERIFIED_PUBLISH_PATH|DORMANT|SINGLE_MAINTAINER,1,784,v0.2.0
'@fontsource-variable/victor-mono,5.2.8,71,B,,2,782,v0.2.0
dealpos,26.27.2,21,F,UNVERIFIED_PUBLISH_PATH|SINGLE_MAINTAINER,1,782,v0.2.0
ldcover,3.5.6,25,F,UNVERIFIED_PUBLISH_PATH|SINGLE_MAINTAINER,1,782,v0.2.0
react-render-tracker,0.7.8,25,F,UNVERIFIED_PUBLISH_PATH|SINGLE_MAINTAINER,1,782,v0.2.0
chinese-days,1.5.9,73,B,SINGLE_MAINTAINER,1,780,v0.2.0
'@fontsource/antonio,5.2.8,71,B,,2,776,v0.2.0
'@tannerhodges/match-height,1.1.3,19,F,UNVERIFIED_PUBLISH_PATH|DORMANT|SINGLE_MAINTAINER,1,775,v0.2.0
silvermine-videojs-quality-selector,1.1.2,19,F,UNVERIFIED_PUBLISH_PATH|DORMANT|SINGLE_MAINTAINER,1,772,v0.2.0
vue-swal,1.0.0,14,F,UNVERIFIED_PUBLISH_PATH|DORMANT|SINGLE_MAINTAINER,1,772,v0.2.0
'@digigov/css,2.4.2,30,F,UNVERIFIED_PUBLISH_PATH,5,771,v0.2.0
'@fontsource/noto-sans-display,5.2.10,71,B,,2,770,v0.2.0
'@fontsource/alata,5.2.8,71,B,,2,769,v0.2.0
'@justeattakeaway/pie-icons,5.29.1,46,D,UNVERIFIED_PUBLISH_PATH,10,769,v0.2.0
noto-sans-kr,0.1.1,19,F,UNVERIFIED_PUBLISH_PATH|DORMANT|SINGLE_MAINTAINER,1,769,v0.2.0
'@iconify-json/wi,1.2.1,15,F,UNVERIFIED_PUBLISH_PATH|DORMANT|SINGLE_MAINTAINER,1,768,v0.2.0
'@wavoip/wavoip-webphone,1.7.1,77,B,INCONSISTENT_PUBLISH_PATH,3,766,v0.2.0
linearicons,1.0.2,19,F,UNVERIFIED_PUBLISH_PATH|DORMANT|SINGLE_MAINTAINER,1,766,v0.2.0
trunk8,0.0.1,33,F,UNVERIFIED_PUBLISH_PATH|DORMANT,2,762,v0.2.0
'@recombee/quick-search-widget-js,0.2.15,30,F,UNVERIFIED_PUBLISH_PATH,5,759,v0.2.0
'@mapsindoors/map-template,1.99.12,35,D,UNVERIFIED_PUBLISH_PATH,5,757,v0.2.0
shareon,2.8.1,58,C,INCONSISTENT_PUBLISH_PATH|SINGLE_MAINTAINER,1,757,v0.2.0
'@fontsource/tomorrow,5.2.8,71,B,,2,756,v0.2.0
'@fontsource/lobster-two,5.2.8,71,B,,2,755,v0.2.0
'@wiris/mathtype-tinymce6,8.15.2,27,F,UNVERIFIED_PUBLISH_PATH|SINGLE_MAINTAINER,1,755,v0.2.0
markmap-autoloader,0.18.12,25,F,UNVERIFIED_PUBLISH_PATH|SINGLE_MAINTAINER,1,755,v0.2.0
'@smarthtmlelements/smart-elements,6.2.0,33,F,UNVERIFIED_PUBLISH_PATH|DORMANT,2,753,v0.2.0
classroomduck,1.0.77,16,F,UNVERIFIED_PUBLISH_PATH|SINGLE_MAINTAINER,1,752,v0.2.0
'@algolia/advanced-personalization,0.0.1-alpha.45,87,A,,16,749,v0.2.0
'@analytics-debugger/ga4mp,0.0.8,19,F,UNVERIFIED_PUBLISH_PATH|DORMANT|SINGLE_MAINTAINER,1,749,v0.2.0
'@imtbl/checkout-widgets,2.20.2,95,A,,3,746,v0.2.0
hotel-datepicker,4.13.0,25,F,UNVERIFIED_PUBLISH_PATH|SINGLE_MAINTAINER,1,744,v0.2.0
'@iconify-json/meteor-icons,1.2.2,21,F,UNVERIFIED_PUBLISH_PATH|SINGLE_MAINTAINER,1,741,v0.2.0
'@tesseract.js-data/rus,1.0.0,19,F,UNVERIFIED_PUBLISH_PATH|DORMANT|SINGLE_MAINTAINER,1,740,v0.2.0
'@peculiar/fortify-webcomponents,4.2.0,39,D,UNVERIFIED_PUBLISH_PATH,7,739,v0.2.0
'@veltdev/sdk,6.0.0-beta.11,35,D,UNVERIFIED_PUBLISH_PATH,6,739,v0.2.0
aubiojs,0.2.1,15,F,UNVERIFIED_PUBLISH_PATH|DORMANT|SINGLE_MAINTAINER,1,739,v0.2.0
slick-carousel-browserify,1.6.12,19,F,UNVERIFIED_PUBLISH_PATH|DORMANT|SINGLE_MAINTAINER,1,739,v0.2.0
bootstrap4c-chosen,1.1.1,19,F,UNVERIFIED_PUBLISH_PATH|DORMANT|SINGLE_MAINTAINER,1,738,v0.2.0
messenger-hubspot,1.5.0-b2,19,F,UNVERIFIED_PUBLISH_PATH|DORMANT|SINGLE_MAINTAINER,1,735,v0.2.0
'@shopify/buy-button-js,3.0.6,78,B,,6,733,v0.2.0
'@fontsource-variable/sen,5.2.8,71,B,,2,732,v0.2.0
'@clappr/core,0.13.2,39,D,UNVERIFIED_PUBLISH_PATH,9,731,v0.2.0
'@bookolosystem/engine,4.4.43,21,F,UNVERIFIED_PUBLISH_PATH|SINGLE_MAINTAINER,1,730,v0.2.0
artalk,2.9.1,20,F,UNVERIFIED_PUBLISH_PATH|DORMANT|SINGLE_MAINTAINER,1,730,v0.2.0
'@fontsource/philosopher,5.2.8,71,B,,2,728,v0.2.0
gen-interface-jp,0.7.0,25,F,UNVERIFIED_PUBLISH_PATH|SINGLE_MAINTAINER,1,728,v0.2.0
'@ds-autonomie/assets,1.4.13,34,F,UNVERIFIED_PUBLISH_PATH,4,727,v0.2.0
fengari-web,0.1.4,33,F,UNVERIFIED_PUBLISH_PATH|DORMANT,2,727,v0.2.0
qweather-icons,1.8.0,25,F,UNVERIFIED_PUBLISH_PATH|SINGLE_MAINTAINER,1,727,v0.2.0
'@jitbit/htmlsanitizer,2.0.4,25,F,UNVERIFIED_PUBLISH_PATH|SINGLE_MAINTAINER,1,725,v0.2.0
theia-sticky-sidebar,2.0.0,25,F,UNVERIFIED_PUBLISH_PATH|SINGLE_MAINTAINER,1,724,v0.2.0
'@google/model-viewer-effects,1.5.0,39,D,UNVERIFIED_PUBLISH_PATH,3,723,v0.2.0
baseline-status,1.1.1,25,F,UNVERIFIED_PUBLISH_PATH|SINGLE_MAINTAINER,1,723,v0.2.0
franken-ui,2.1.2,25,F,UNVERIFIED_PUBLISH_PATH|SINGLE_MAINTAINER,1,723,v0.2.0
jquery-parallax.js,1.5.0,33,F,UNVERIFIED_PUBLISH_PATH|DORMANT,2,722,v0.2.0
sienna-accessibility,2.2.333,25,F,UNVERIFIED_PUBLISH_PATH|SINGLE_MAINTAINER,1,721,v0.2.0
intercooler,1.2.4,19,F,UNVERIFIED_PUBLISH_PATH|DORMANT|SINGLE_MAINTAINER,1,720,v0.2.0
noto-sans-japanese,1.0.0,10,F,UNVERIFIED_PUBLISH_PATH|DORMANT|SINGLE_MAINTAINER,1,720,v0.2.0
'@orestbida/iframemanager,1.3.0,26,F,UNVERIFIED_PUBLISH_PATH|DORMANT|SINGLE_MAINTAINER,1,719,v0.2.0
bulma-checkbox,1.2.1,19,F,UNVERIFIED_PUBLISH_PATH|DORMANT|SINGLE_MAINTAINER,1,718,v0.2.0
'@fontsource/biryani,5.2.8,71,B,,2,715,v0.2.0
before-after-slider,1.0.1,19,F,UNVERIFIED_PUBLISH_PATH|DORMANT|SINGLE_MAINTAINER,1,715,v0.2.0
react-big-scheduler,0.2.7,19,F,UNVERIFIED_PUBLISH_PATH|DORMANT|SINGLE_MAINTAINER,1,715,v0.2.0
formbuilder-languages,1.2.1,25,F,UNVERIFIED_PUBLISH_PATH|SINGLE_MAINTAINER,1,713,v0.2.0
mailtoui,1.0.3,19,F,UNVERIFIED_PUBLISH_PATH|DORMANT|SINGLE_MAINTAINER,1,713,v0.2.0
'@fontsource-variable/wix-madefor-text,5.2.8,71,B,,2,712,v0.2.0
'@fontsource/catamaran,5.2.8,71,B,,2,709,v0.2.0
'@usesuperflow/toolbar,1.0.178,35,D,UNVERIFIED_PUBLISH_PATH,7,709,v0.2.0
imjoy-rpc,0.5.59,14,F,UNVERIFIED_PUBLISH_PATH|DORMANT|SINGLE_MAINTAINER,1,707,v0.2.0
red5pro-webrtc-sdk,15.5.0,63,C,INCONSISTENT_PUBLISH_PATH|SINGLE_MAINTAINER,1,707,v0.2.0
'@linways/table-to-excel,1.0.4,19,F,UNVERIFIED_PUBLISH_PATH|DORMANT|SINGLE_MAINTAINER,1,704,v0.2.0
'@fontsource/annie-use-your-telescope,5.2.8,71,B,,2,701,v0.2.0
'@frak-labs/nexus-sdk,0.0.55,34,F,UNVERIFIED_PUBLISH_PATH,2,700,v0.2.0
'@fontsource/delicious-handrawn,5.2.8,71,B,,2,699,v0.2.0
'@mynaui/icons,0.4.11,73,B,SINGLE_MAINTAINER,1,699,v0.2.0
'@wix/auto_sdk_bookings_time-slots-configuration,1.0.3,30,F,UNVERIFIED_PUBLISH_PATH,13,699,v0.2.0
'@fontsource/k2d,5.2.8,71,B,,2,698,v0.2.0
iconista,3.0.0,25,F,UNVERIFIED_PUBLISH_PATH|SINGLE_MAINTAINER,1,697,v0.2.0
'@fontsource/zcool-xiaowei,5.2.8,71,B,,2,694,v0.2.0
'@marcreichel/alpine-auto-animate,1.1.0,19,F,UNVERIFIED_PUBLISH_PATH|DORMANT|SINGLE_MAINTAINER,1,694,v0.2.0
'@naturacosmeticos/natds-icons,1.34.1,46,D,UNVERIFIED_PUBLISH_PATH|BRANCH_REQUIRES_PR,10,694,v0.2.0
videojs-logo,3.0.0,19,F,UNVERIFIED_PUBLISH_PATH|DORMANT|SINGLE_MAINTAINER,1,694,v0.2.0
p2p-media-loader-hlsjs,3.0.1,74,B,SINGLE_MAINTAINER,1,693,v0.2.0
'@snippyly/plugin,1.0.246,35,D,UNVERIFIED_PUBLISH_PATH,2,692,v0.2.0
'@fontsource-variable/noto-sans-hk,5.2.10,71,B,,2,691,v0.2.0
winwheel,1.0.1,19,F,UNVERIFIED_PUBLISH_PATH|DORMANT|SINGLE_MAINTAINER,1,688,v0.2.0
'@fontsource/shippori-mincho-b1,5.2.8,71,B,,2,686,v0.2.0
'@wix/auto_sdk_bookings_related-products,1.0.1,30,F,UNVERIFIED_PUBLISH_PATH,13,686,v0.2.0
'@fontsource/unifrakturmaguntia,5.2.8,71,B,,2,685,v0.2.0
pseudocode,2.4.1,19,F,UNVERIFIED_PUBLISH_PATH|DORMANT|SINGLE_MAINTAINER,1,685,v0.2.0
docsify-themeable,0.9.0,19,F,UNVERIFIED_PUBLISH_PATH|DORMANT|SINGLE_MAINTAINER,1,681,v0.2.0
angular-cron-gen,1.0.1,19,F,UNVERIFIED_PUBLISH_PATH|DORMANT|SINGLE_MAINTAINER,1,680,v0.2.0
flowbite-icons,1.5.0,25,F,UNVERIFIED_PUBLISH_PATH|SINGLE_MAINTAINER,1,680,v0.2.0
alpinejs-component,2.0.2,25,F,UNVERIFIED_PUBLISH_PATH|SINGLE_MAINTAINER,1,679,v0.2.0
hideseek,0.8.0,19,F,UNVERIFIED_PUBLISH_PATH|DORMANT|SINGLE_MAINTAINER,1,677,v0.2.0
'@grapecity/gcpdfviewer,7.2.3,24,F,UNVERIFIED_PUBLISH_PATH|DORMANT,2,675,v0.2.0
imagelightbox,3.1.1,70,B,SINGLE_MAINTAINER,1,675,v0.2.0
geolite2-country,1.0.68,73,B,SINGLE_MAINTAINER,1,674,v0.2.0
tify,0.35.0,39,D,UNVERIFIED_PUBLISH_PATH,2,674,v0.2.0
cooltipz-css,2.5.1,25,F,UNVERIFIED_PUBLISH_PATH|SINGLE_MAINTAINER,1,673,v0.2.0
sceditor,3.2.1,31,F,UNVERIFIED_PUBLISH_PATH|SINGLE_MAINTAINER,1,673,v0.2.0
table-sort-js,1.22.3,25,F,UNVERIFIED_PUBLISH_PATH|SINGLE_MAINTAINER,1,673,v0.2.0
vue-tinybox,1.3.0,9,F,UNVERIFIED_PUBLISH_PATH|DORMANT|SINGLE_MAINTAINER|PUBLISHER_NOT_MAINTAINER,1,673,v0.2.0
bootstrap-additions,0.3.1,19,F,UNVERIFIED_PUBLISH_PATH|DORMANT|SINGLE_MAINTAINER,1,672,v0.2.0
'@fontsource/averia-serif-libre,5.2.7,71,B,,2,671,v0.2.0
cn-fontsource-lxgw-wen-kai-gb-screen,1.0.6,19,F,UNVERIFIED_PUBLISH_PATH|DORMANT|SINGLE_MAINTAINER,1,671,v0.2.0
jquery-ui-iconfont,2.3.2,19,F,UNVERIFIED_PUBLISH_PATH|DORMANT|SINGLE_MAINTAINER,1,671,v0.2.0
c2pa-wc,0.14.17,45,D,UNVERIFIED_PUBLISH_PATH,3,670,v0.2.0
'@fontsource/black-han-sans,5.2.8,71,B,,2,669,v0.2.0
vazir-font,30.1.0,19,F,UNVERIFIED_PUBLISH_PATH|DORMANT|SINGLE_MAINTAINER|DEPRECATED,1,669,v0.2.0
'@maveio/components,0.0.182,79,B,SINGLE_MAINTAINER,1,668,v0.2.0
powered-ad-config,0.1.107,35,D,UNVERIFIED_PUBLISH_PATH,2,667,v0.2.0
'@exceptionless/browser,3.2.1,87,A,,2,664,v0.2.0
dynamsoft-capture-vision-bundle,3.4.3000,16,F,UNVERIFIED_PUBLISH_PATH|SINGLE_MAINTAINER,1,664,v0.2.0
'@fontsource/graduate,5.2.7,71,B,,2,663,v0.2.0
datatables.net-colresize-unofficial,2.0.0,25,F,UNVERIFIED_PUBLISH_PATH|SINGLE_MAINTAINER,1,663,v0.2.0
highcharts-annotations,1.3.3,19,F,UNVERIFIED_PUBLISH_PATH|DORMANT|SINGLE_MAINTAINER,1,662,v0.2.0
'@fontsource-variable/playfair,5.2.8,71,B,,2,661,v0.2.0
'@fontsource/days-one,5.2.7,71,B,,2,661,v0.2.0
'@adrop/ads-web-sdk,1.2.5,35,D,UNVERIFIED_PUBLISH_PATH,4,660,v0.2.0
paroller.js,1.5.0,25,F,UNVERIFIED_PUBLISH_PATH|SINGLE_MAINTAINER,1,660,v0.2.0
'@inlang/plugin-json,5.1.56,30,F,UNVERIFIED_PUBLISH_PATH,2,659,v0.2.0
'@jspreadsheet/bar,7.0.2,25,F,UNVERIFIED_PUBLISH_PATH|SINGLE_MAINTAINER,1,659,v0.2.0
izimodal,1.6.1,19,F,UNVERIFIED_PUBLISH_PATH|DORMANT|SINGLE_MAINTAINER,1,659,v0.2.0
mailgo,0.12.2,25,F,UNVERIFIED_PUBLISH_PATH|DORMANT|SINGLE_MAINTAINER|DEPRECATED,1,658,v0.2.0
survey-vue-ui,1.12.63,34,F,UNVERIFIED_PUBLISH_PATH,2,658,v0.2.0
particlesjs,2.2.3,19,F,UNVERIFIED_PUBLISH_PATH|DORMANT|SINGLE_MAINTAINER,1,657,v0.2.0
'@event-calendar/build,5.10.0,25,F,UNVERIFIED_PUBLISH_PATH|SINGLE_MAINTAINER,1,656,v0.2.0
kioskboard,2.3.0,25,F,UNVERIFIED_PUBLISH_PATH|DORMANT|SINGLE_MAINTAINER,1,655,v0.2.0
'@cgtic-cps/web,1.8.3,20,F,UNVERIFIED_PUBLISH_PATH|SINGLE_MAINTAINER,1,654,v0.2.0
jvectormap-content,0.2.0,25,F,UNVERIFIED_PUBLISH_PATH|SINGLE_MAINTAINER,1,654,v0.2.0
luna-object-viewer,0.3.2,25,F,UNVERIFIED_PUBLISH_PATH|SINGLE_MAINTAINER,1,653,v0.2.0
'@fontsource-variable/hepta-slab,5.2.8,71,B,,2,651,v0.2.0
ityped,1.0.3,15,F,UNVERIFIED_PUBLISH_PATH|DORMANT|SINGLE_MAINTAINER,1,651,v0.2.0
'@vouchfor/uikit,7.5.0,33,F,UNVERIFIED_PUBLISH_PATH|DORMANT,5,650,v0.2.0
lume,0.3.0-alpha.46,25,F,UNVERIFIED_PUBLISH_PATH|SINGLE_MAINTAINER,1,650,v0.2.0
'@zanichelli/idp-login-topbar,5.1.0,30,F,UNVERIFIED_PUBLISH_PATH,27,648,v0.2.0
smoothscroll-for-websites,1.5.1,19,F,UNVERIFIED_PUBLISH_PATH|DORMANT|SINGLE_MAINTAINER,1,648,v0.2.0
'@fontsource/syncopate,5.2.8,71,B,,2,647,v0.2.0
'@fontsource/scheherazade-new,5.2.9,81,B,,2,646,v0.2.0
'@zendeskgarden/css-grid,0.1.39,26,F,UNVERIFIED_PUBLISH_PATH|DORMANT|SINGLE_MAINTAINER|DEPRECATED,1,646,v0.2.0
'@blotoutio/providers-smblead-sdk,1.63.2,25,F,UNVERIFIED_PUBLISH_PATH|SINGLE_MAINTAINER,1,644,v0.2.0
'@fontsource/forum,5.2.8,71,B,,2,643,v0.2.0
angular-libphonenumber,1.1.0,19,F,UNVERIFIED_PUBLISH_PATH|DORMANT|SINGLE_MAINTAINER,1,642,v0.2.0
load-awesome,1.1.0,19,F,UNVERIFIED_PUBLISH_PATH|DORMANT|SINGLE_MAINTAINER,1,642,v0.2.0
'@cybersource/flex-sdk-web,0.3.1,33,F,UNVERIFIED_PUBLISH_PATH|DORMANT,4,640,v0.2.0
'@fontsource/corinthia,5.2.8,71,B,,2,640,v0.2.0
'@fontsource/coming-soon,5.2.8,71,B,,2,637,v0.2.0
'@lookscanned/web-dist,2.41.0-git-cec1dd8e94cbc1b09bd7627441650144f7b8458b,21,F,UNVERIFIED_PUBLISH_PATH|SINGLE_MAINTAINER,1,637,v0.2.0
twemoji-colr-font,15.0.3,19,F,UNVERIFIED_PUBLISH_PATH|DORMANT|SINGLE_MAINTAINER|DEPRECATED,1,637,v0.2.0
'@blotoutio/providers-customers-ai-sdk,1.63.2,25,F,UNVERIFIED_PUBLISH_PATH|SINGLE_MAINTAINER,1,636,v0.2.0
dynamsoft-capture-vision-data,1.2.1,16,F,UNVERIFIED_PUBLISH_PATH|SINGLE_MAINTAINER,1,635,v0.2.0
pagedone,3.0.0,25,F,UNVERIFIED_PUBLISH_PATH|SINGLE_MAINTAINER,1,635,v0.2.0
viewability,1.3.4,19,F,UNVERIFIED_PUBLISH_PATH|DORMANT|SINGLE_MAINTAINER,1,635,v0.2.0
'@meetelise/chat,1.49.1,39,D,UNVERIFIED_PUBLISH_PATH,7,634,v0.2.0
cn-fontsource-xiaolai-sc-regular,1.0.2,19,F,UNVERIFIED_PUBLISH_PATH|DORMANT|SINGLE_MAINTAINER,1,634,v0.2.0
'@fontsource/lustria,5.2.8,71,B,,2,633,v0.2.0
cocoen,3.2.0,19,F,UNVERIFIED_PUBLISH_PATH|DORMANT|SINGLE_MAINTAINER,1,633,v0.2.0
'@blotoutio/providers-app-lovin-sdk,1.63.2,25,F,UNVERIFIED_PUBLISH_PATH|SINGLE_MAINTAINER,1,632,v0.2.0
leaflet-iconlayers,0.2.0,19,F,UNVERIFIED_PUBLISH_PATH|DORMANT|SINGLE_MAINTAINER,1,632,v0.2.0
mergn-webapp-sdk,1.0.280,35,D,UNVERIFIED_PUBLISH_PATH,4,632,v0.2.0
react-client-captcha,1.0.3,19,F,UNVERIFIED_PUBLISH_PATH|DORMANT|SINGLE_MAINTAINER,1,632,v0.2.0
videojs-resolution-switcher,0.4.2,19,F,UNVERIFIED_PUBLISH_PATH|DORMANT|SINGLE_MAINTAINER,1,632,v0.2.0
'@fontsource/changa-one,5.2.8,71,B,,2,630,v0.2.0
turn.js,1.0.5,19,F,UNVERIFIED_PUBLISH_PATH|DORMANT|SINGLE_MAINTAINER,1,629,v0.2.0
'@fontsource/monda,5.2.10,71,B,,2,627,v0.2.0
'@fontsource/gilda-display,5.2.8,71,B,,2,626,v0.2.0
'@inkeep/cxkit-js,0.5.119,34,F,UNVERIFIED_PUBLISH_PATH,8,625,v0.2.0
scrolltofixed,1.0.6,19,F,UNVERIFIED_PUBLISH_PATH|DORMANT|SINGLE_MAINTAINER,1,625,v0.2.0
rpg-awesome,0.2.0,19,F,UNVERIFIED_PUBLISH_PATH|DORMANT|SINGLE_MAINTAINER,1,624,v0.2.0
lg-share,1.2.1,19,F,UNVERIFIED_PUBLISH_PATH|DORMANT|SINGLE_MAINTAINER,1,622,v0.2.0
'@fontsource-variable/museomoderno,5.2.9,71,B,,2,619,v0.2.0
nw-style-guide,21.2.11,72,B,INCONSISTENT_PUBLISH_PATH,7,619,v0.2.0
dynamsoft-image-processing,2.4.31,10,F,UNVERIFIED_PUBLISH_PATH|DORMANT|SINGLE_MAINTAINER|DEPRECATED,1,617,v0.2.0
'@blotoutio/providers-stack-adapt-sdk,1.63.2,25,F,UNVERIFIED_PUBLISH_PATH|SINGLE_MAINTAINER,1,615,v0.2.0
'@blotoutio/edgetag-sdk-browser,1.63.2,25,F,UNVERIFIED_PUBLISH_PATH|SINGLE_MAINTAINER,1,614,v0.2.0
'@blotoutio/providers-klaviyo-sdk,1.63.2,25,F,UNVERIFIED_PUBLISH_PATH|SINGLE_MAINTAINER,1,613,v0.2.0
'@iconify-json/jam,1.2.3,21,F,UNVERIFIED_PUBLISH_PATH|SINGLE_MAINTAINER,1,613,v0.2.0
'@fontsource-variable/kumbh-sans,5.2.7,71,B,,2,612,v0.2.0
'@bamirorg/core-assets-0fadfa228,1.13.0,16,F,UNVERIFIED_PUBLISH_PATH|SINGLE_MAINTAINER,1,611,v0.2.0
social-likes-next,1.1.0,19,F,UNVERIFIED_PUBLISH_PATH|DORMANT|SINGLE_MAINTAINER,1,610,v0.2.0
'@blotoutio/providers-visitor-edge-sdk,1.63.2,25,F,UNVERIFIED_PUBLISH_PATH|SINGLE_MAINTAINER,1,608,v0.2.0
'@d-i-t-a/reader,2.5.3,38,D,UNVERIFIED_PUBLISH_PATH|SINGLE_MAINTAINER,1,608,v0.2.0
simple-jscalendar,1.4.5,19,F,UNVERIFIED_PUBLISH_PATH|DORMANT|SINGLE_MAINTAINER,1,608,v0.2.0
'@bamirorg/core-assets-3458b2eea,1.20.0,16,F,UNVERIFIED_PUBLISH_PATH|SINGLE_MAINTAINER,1,607,v0.2.0
'@blotoutio/providers-vibe-co-sdk,1.63.2,25,F,UNVERIFIED_PUBLISH_PATH|SINGLE_MAINTAINER,1,607,v0.2.0
jquery-resizable,1.0.6,19,F,UNVERIFIED_PUBLISH_PATH|DORMANT|SINGLE_MAINTAINER,1,606,v0.2.0
timecircles,1.5.3,15,F,UNVERIFIED_PUBLISH_PATH|DORMANT|SINGLE_MAINTAINER,1,606,v0.2.0
'@fontsource/m-plus-1p,5.2.9,71,B,,2,605,v0.2.0
'@blotoutio/providers-omnisend-sdk,1.63.2,25,F,UNVERIFIED_PUBLISH_PATH|SINGLE_MAINTAINER,1,604,v0.2.0
'@ungap/has-own,0.1.1,19,F,UNVERIFIED_PUBLISH_PATH|DORMANT|SINGLE_MAINTAINER,1,604,v0.2.0
jquery-ui-slider,1.12.1,20,F,UNVERIFIED_PUBLISH_PATH|DORMANT|SINGLE_MAINTAINER,1,604,v0.2.0
'@blotoutio/providers-trybe-sdk,1.63.2,25,F,UNVERIFIED_PUBLISH_PATH|SINGLE_MAINTAINER,1,603,v0.2.0
bulma-accordion,2.0.1,14,F,UNVERIFIED_PUBLISH_PATH|DORMANT|SINGLE_MAINTAINER|PUBLISHER_NOT_MAINTAINER|DEPRECATED,1,603,v0.2.0
flot-spline,0.0.1,14,F,UNVERIFIED_PUBLISH_PATH|DORMANT|SINGLE_MAINTAINER,1,603,v0.2.0
hw-chartjs-plugin-colorschemes,0.6.5,19,F,UNVERIFIED_PUBLISH_PATH|DORMANT|SINGLE_MAINTAINER,1,603,v0.2.0
'@finsweet/attributes-cmsfilter,1.16.3,28,F,UNVERIFIED_PUBLISH_PATH|DORMANT|BRANCH_REQUIRES_PR,2,602,v0.2.0
flexmasonry,0.2.3,15,F,UNVERIFIED_PUBLISH_PATH|DORMANT|SINGLE_MAINTAINER,1,602,v0.2.0
'@blotoutio/providers-live-intent-sdk,1.63.2,25,F,UNVERIFIED_PUBLISH_PATH|SINGLE_MAINTAINER,1,601,v0.2.0
form-data-json-convert,3.0.1,20,F,UNVERIFIED_PUBLISH_PATH|SINGLE_MAINTAINER,1,601,v0.2.0
timezone-picker,2.0.0-1,19,F,UNVERIFIED_PUBLISH_PATH|DORMANT|SINGLE_MAINTAINER,1,601,v0.2.0
'@blotoutio/providers-listrak-sdk,1.63.2,25,F,UNVERIFIED_PUBLISH_PATH|SINGLE_MAINTAINER,1,599,v0.2.0
'@fontsource/bree-serif,5.2.8,71,B,,2,598,v0.2.0
'@wix/auto_sdk_events_ticket-definitions-v-2,1.0.120,30,F,UNVERIFIED_PUBLISH_PATH,13,597,v0.2.0
colresizable,1.6.0,15,F,UNVERIFIED_PUBLISH_PATH|DORMANT|SINGLE_MAINTAINER,1,595,v0.2.0
curtainsjs,8.1.6,19,F,UNVERIFIED_PUBLISH_PATH|DORMANT|SINGLE_MAINTAINER,1,595,v0.2.0
browser-tool,1.3.4,25,F,UNVERIFIED_PUBLISH_PATH|SINGLE_MAINTAINER,1,594,v0.2.0
usal,2.0.0,25,F,UNVERIFIED_PUBLISH_PATH|SINGLE_MAINTAINER,1,594,v0.2.0
'@blotoutio/providers-google-tag-manager-sdk,1.63.2,25,F,UNVERIFIED_PUBLISH_PATH|SINGLE_MAINTAINER,1,593,v0.2.0
'@blotoutio/providers-open-ai-ads-sdk,1.63.2,25,F,UNVERIFIED_PUBLISH_PATH|SINGLE_MAINTAINER,1,593,v0.2.0
'@fontsource/saira-extra-condensed,5.2.7,71,B,,2,593,v0.2.0
analytics-client,3.2.0,58,C,INCONSISTENT_PUBLISH_PATH|SINGLE_MAINTAINER,1,593,v0.2.0
'@blotoutio/providers-tatari-sdk,1.63.2,25,F,UNVERIFIED_PUBLISH_PATH|SINGLE_MAINTAINER,1,592,v0.2.0
'@dashboardcode/bsmultiselect,1.1.18,19,F,UNVERIFIED_PUBLISH_PATH|DORMANT|SINGLE_MAINTAINER,1,592,v0.2.0
lightcase,2.5.0,19,F,UNVERIFIED_PUBLISH_PATH|DORMANT|SINGLE_MAINTAINER,1,592,v0.2.0
live2d-widget-model-shizuku,1.0.5,28,F,UNVERIFIED_PUBLISH_PATH|DORMANT,2,592,v0.2.0
'@bullhorn/bullhorn-icons,3.2.0,39,D,UNVERIFIED_PUBLISH_PATH,10,591,v0.2.0
'@raruto/leaflet-gesture-handling,1.4.4,19,F,UNVERIFIED_PUBLISH_PATH|DORMANT|SINGLE_MAINTAINER,1,591,v0.2.0
'@biopassid/face-sdk,1.3.46,39,D,UNVERIFIED_PUBLISH_PATH,6,590,v0.2.0
farbstastic,1.3.0,15,F,UNVERIFIED_PUBLISH_PATH|DORMANT|SINGLE_MAINTAINER,1,590,v0.2.0
jquery-creditcardvalidator,1.2.0,33,F,UNVERIFIED_PUBLISH_PATH|DORMANT,2,590,v0.2.0
easydropdown,4.2.0,19,F,UNVERIFIED_PUBLISH_PATH|DORMANT|SINGLE_MAINTAINER,1,589,v0.2.0
'@fontsource-variable/noto-nastaliq-urdu,5.2.8,71,B,,2,588,v0.2.0
'@fontsource/rozha-one,5.2.7,71,B,,2,587,v0.2.0
jquery.mousewheel,3.1.9,14,F,UNVERIFIED_PUBLISH_PATH|DORMANT|SINGLE_MAINTAINER,1,586,v0.2.0
webc-miam-uat,9.1.30,30,F,UNVERIFIED_PUBLISH_PATH,3,586,v0.2.0
css-tooltip,0.3.4,19,F,UNVERIFIED_PUBLISH_PATH|DORMANT|SINGLE_MAINTAINER,1,580,v0.2.0
seamless,1.4.1,15,F,UNVERIFIED_PUBLISH_PATH|DORMANT|SINGLE_MAINTAINER,1,580,v0.2.0
vanilla-back-to-top,7.2.1,19,F,UNVERIFIED_PUBLISH_PATH|DORMANT|SINGLE_MAINTAINER,1,580,v0.2.0
eq.js,1.9.0,19,F,UNVERIFIED_PUBLISH_PATH|DORMANT|SINGLE_MAINTAINER,1,579,v0.2.0
'@blotoutio/providers-spotify-sdk,1.63.2,25,F,UNVERIFIED_PUBLISH_PATH|SINGLE_MAINTAINER,1,578,v0.2.0
'@fontsource-variable/anek-latin,5.2.7,71,B,,2,578,v0.2.0
'@fontsource/amaranth,5.2.8,71,B,,2,577,v0.2.0
evil-icons,1.10.1,19,F,UNVERIFIED_PUBLISH_PATH|DORMANT|SINGLE_MAINTAINER,1,577,v0.2.0
'@fontsource/special-gothic-expanded-one,5.2.3,71,B,,2,574,v0.2.0
jquery.event.swipe,0.5.4,15,F,UNVERIFIED_PUBLISH_PATH|DORMANT|SINGLE_MAINTAINER,1,574,v0.2.0
ibp-max,3.1.35,16,F,UNVERIFIED_PUBLISH_PATH|SINGLE_MAINTAINER,1,573,v0.2.0
'@eox/ui,1.1.0,87,A,,5,572,v0.2.0
'@fontsource/hachi-maru-pop,5.2.8,71,B,,2,572,v0.2.0
'@tracelog/lib,3.3.2,38,D,UNVERIFIED_PUBLISH_PATH|SINGLE_MAINTAINER,1,572,v0.2.0
'@fontsource/m-plus-1,5.2.9,81,B,,2,571,v0.2.0
'@mekari/pixel-reset,0.2.1,24,F,UNVERIFIED_PUBLISH_PATH|DORMANT,8,571,v0.2.0
bootstrap-tabcollapse,0.2.6,19,F,UNVERIFIED_PUBLISH_PATH|DORMANT|SINGLE_MAINTAINER,1,571,v0.2.0
tailwind-scrollbar-daisyui,1.0.3,19,F,UNVERIFIED_PUBLISH_PATH|DORMANT|SINGLE_MAINTAINER,1,570,v0.2.0
'@recogito/annotorious-better-polygon,0.2.0,33,F,UNVERIFIED_PUBLISH_PATH|DORMANT,3,568,v0.2.0
'@splidejs/splide-extension-url-hash,0.3.0,19,F,UNVERIFIED_PUBLISH_PATH|DORMANT|SINGLE_MAINTAINER,1,568,v0.2.0
jquery-ellipsis,0.1.6,15,F,UNVERIFIED_PUBLISH_PATH|DORMANT|SINGLE_MAINTAINER,1,568,v0.2.0
'@svgdotjs/svg.topath.js,2.0.3,33,F,UNVERIFIED_PUBLISH_PATH|DORMANT,2,567,v0.2.0
hexo-math,5.0.0,33,F,UNVERIFIED_PUBLISH_PATH|DORMANT,4,566,v0.2.0
'@fontsource/ibm-plex-sans-thai-looped,5.2.8,71,B,,2,565,v0.2.0
luna-dom-viewer,1.8.4,63,C,SINGLE_MAINTAINER,1,564,v0.2.0
live2d-widget,3.1.4,33,F,UNVERIFIED_PUBLISH_PATH|DORMANT,2,562,v0.2.0
lxgw-wenkai-gb-web,1.522.0,73,B,SINGLE_MAINTAINER,1,562,v0.2.0
'@fontsource/gfs-didot,5.2.8,71,B,,2,561,v0.2.0
vue-pop-colorpicker,1.0.2,19,F,UNVERIFIED_PUBLISH_PATH|DORMANT|SINGLE_MAINTAINER,1,558,v0.2.0
mouse-follower,1.1.2,19,F,UNVERIFIED_PUBLISH_PATH|DORMANT|SINGLE_MAINTAINER,1,557,v0.2.0
bulma-carousel,4.0.24,28,F,UNVERIFIED_PUBLISH_PATH|DORMANT|PUBLISHER_NOT_MAINTAINER|DEPRECATED,2,556,v0.2.0
jquery-powertip,1.3.2,19,F,UNVERIFIED_PUBLISH_PATH|DORMANT|SINGLE_MAINTAINER,1,556,v0.2.0
'@liner-fe/design-token,4.0.0,30,F,UNVERIFIED_PUBLISH_PATH,2,554,v0.2.0
'@fontsource/afacad,5.2.10,71,B,,2,552,v0.2.0
'@fontsource/mitr,5.2.8,71,B,,2,549,v0.2.0
'@glassesusa/dsm,4.6.2,25,F,UNVERIFIED_PUBLISH_PATH|SINGLE_MAINTAINER,1,549,v0.2.0
'@fontsource/biz-udgothic,5.2.7,71,B,,2,546,v0.2.0
animsition,4.0.2,19,F,UNVERIFIED_PUBLISH_PATH|DORMANT|SINGLE_MAINTAINER,1,546,v0.2.0
lazyloadxt,1.1.0,19,F,UNVERIFIED_PUBLISH_PATH|DORMANT|SINGLE_MAINTAINER,1,546,v0.2.0
ti-icons,0.1.2,19,F,UNVERIFIED_PUBLISH_PATH|DORMANT|SINGLE_MAINTAINER,1,546,v0.2.0
magnify,2.3.3,19,F,UNVERIFIED_PUBLISH_PATH|DORMANT|SINGLE_MAINTAINER,1,545,v0.2.0
leanplum-sdk,1.14.0,25,F,UNVERIFIED_PUBLISH_PATH|SINGLE_MAINTAINER,1,544,v0.2.0
'@alpine-collective/toolkit-scroll,1.0.2,15,F,UNVERIFIED_PUBLISH_PATH|DORMANT|SINGLE_MAINTAINER,1,543,v0.2.0
'@feedmepos/mf-inventory-portal,1.7.2-dev.1,30,F,UNVERIFIED_PUBLISH_PATH,3,543,v0.2.0
elastic-apm-js-base,3.0.0,19,F,UNVERIFIED_PUBLISH_PATH|DORMANT|SINGLE_MAINTAINER|DEPRECATED,1,542,v0.2.0
'@flowjs/fusty-flow.js,1.2.0,28,F,UNVERIFIED_PUBLISH_PATH|DORMANT|PUBLISHER_NOT_MAINTAINER,3,541,v0.2.0
'@luminai-platform/rrweb-plugin-console-record,2.0.16,45,D,UNVERIFIED_PUBLISH_PATH,2,541,v0.2.0
byterover-cli,3.16.1,41,D,UNVERIFIED_PUBLISH_PATH|PUBLISHER_NOT_MAINTAINER,3,540,v0.2.0
dynamsoft-mrz-scanner,4.0.0,25,F,UNVERIFIED_PUBLISH_PATH|SINGLE_MAINTAINER,1,540,v0.2.0
'@trimbleinc/modus-bootstrap,1.6.4,29,F,UNVERIFIED_PUBLISH_PATH|DORMANT,3,538,v0.2.0
vanilla-infinite-marquee,1.0.15,25,F,UNVERIFIED_PUBLISH_PATH|SINGLE_MAINTAINER,1,536,v0.2.0
'@fontsource-variable/noto-serif-display,5.2.9,71,B,,2,535,v0.2.0
country-select-js,2.1.0,19,F,UNVERIFIED_PUBLISH_PATH|DORMANT|SINGLE_MAINTAINER,1,535,v0.2.0
jqdoublescroll,1.0.0,19,F,UNVERIFIED_PUBLISH_PATH|DORMANT|SINGLE_MAINTAINER,1,535,v0.2.0
'@uh-design-system/component-library,1.7.0,35,D,UNVERIFIED_PUBLISH_PATH,3,532,v0.2.0
shikwasa,2.2.1,19,F,UNVERIFIED_PUBLISH_PATH|DORMANT|SINGLE_MAINTAINER,1,530,v0.2.0
svg-loaders,0.2.0,15,F,UNVERIFIED_PUBLISH_PATH|DORMANT|SINGLE_MAINTAINER,1,530,v0.2.0
juxtaposejs,1.1.6,19,F,UNVERIFIED_PUBLISH_PATH|DORMANT|SINGLE_MAINTAINER,1,529,v0.2.0
'@fontsource/paytone-one,5.2.8,71,B,,2,528,v0.2.0
'@digital-realty/ix-app-logic,2.1.7,35,D,UNVERIFIED_PUBLISH_PATH,4,527,v0.2.0
'@fontsource/zen-dots,5.2.8,71,B,,2,527,v0.2.0
'@fengyuanchen/datepicker,0.6.5,19,F,UNVERIFIED_PUBLISH_PATH|DORMANT|SINGLE_MAINTAINER|DEPRECATED,1,526,v0.2.0
'@fontsource/zain,5.2.8,71,B,,2,525,v0.2.0
dynamsoft-document-scanner,1.5.0,58,C,INCONSISTENT_PUBLISH_PATH|SINGLE_MAINTAINER,1,524,v0.2.0
lightbox3,1.2.1,25,F,UNVERIFIED_PUBLISH_PATH|SINGLE_MAINTAINER,1,523,v0.2.0
sas-ui,0.8.277,21,F,UNVERIFIED_PUBLISH_PATH|SINGLE_MAINTAINER,1,522,v0.2.0
gmap3,7.2.0,19,F,UNVERIFIED_PUBLISH_PATH|DORMANT|SINGLE_MAINTAINER,1,521,v0.2.0
'@fontsource/crete-round,5.2.8,71,B,,2,520,v0.2.0
jquery.idle,1.3.0,19,F,UNVERIFIED_PUBLISH_PATH|DORMANT|SINGLE_MAINTAINER,1,519,v0.2.0
flickr-justified-gallery,2.2.0,19,F,UNVERIFIED_PUBLISH_PATH|DORMANT|SINGLE_MAINTAINER,1,518,v0.2.0
'@fontsource/rufina,5.2.7,71,B,,2,517,v0.2.0
biel-search,0.1.83,25,F,UNVERIFIED_PUBLISH_PATH|SINGLE_MAINTAINER,1,517,v0.2.0
read-smore,2.5.1,19,F,UNVERIFIED_PUBLISH_PATH|DORMANT|SINGLE_MAINTAINER,1,517,v0.2.0
segoe-fonts,1.0.1,14,F,UNVERIFIED_PUBLISH_PATH|DORMANT|SINGLE_MAINTAINER|PUBLISHER_NOT_MAINTAINER|DEPRECATED,1,517,v0.2.0
'@lemonadejs/signature,5.0.0,21,F,UNVERIFIED_PUBLISH_PATH|SINGLE_MAINTAINER,1,514,v0.2.0
'@cookbookdev/docsbot,4.25.15,21,F,UNVERIFIED_PUBLISH_PATH|SINGLE_MAINTAINER,1,512,v0.2.0
jquery-shinybox,5.1.0,28,F,UNVERIFIED_PUBLISH_PATH|DORMANT|PUBLISHER_NOT_MAINTAINER,7,512,v0.2.0
'@b9g/crank,0.7.9,63,C,INCONSISTENT_PUBLISH_PATH|SINGLE_MAINTAINER,1,510,v0.2.0
'@blotoutio/providers-evo-search-sdk,1.63.2,25,F,UNVERIFIED_PUBLISH_PATH|SINGLE_MAINTAINER,1,510,v0.2.0
bootoast,1.1.4,14,F,UNVERIFIED_PUBLISH_PATH|DORMANT|SINGLE_MAINTAINER,1,510,v0.2.0
dynamsoft-label-recognizer,3.4.32,24,F,UNVERIFIED_PUBLISH_PATH|DORMANT|DEPRECATED,4,509,v0.2.0
'@blotoutio/providers-pinterest-sdk,1.63.2,25,F,UNVERIFIED_PUBLISH_PATH|SINGLE_MAINTAINER,1,508,v0.2.0
'@fontsource-variable/sn-pro,5.2.1,81,B,,2,508,v0.2.0
docsify-tabs,1.6.3,19,F,UNVERIFIED_PUBLISH_PATH|DORMANT|SINGLE_MAINTAINER,1,508,v0.2.0
sf-font,1.0.0,10,F,UNVERIFIED_PUBLISH_PATH|DORMANT|SINGLE_MAINTAINER,1,508,v0.2.0
imagemapster,1.9.2,19,F,UNVERIFIED_PUBLISH_PATH|DORMANT|SINGLE_MAINTAINER,1,507,v0.2.0
'@lemonstand.org/config-goodgamestudios,0.47.0,35,D,UNVERIFIED_PUBLISH_PATH,7,506,v0.2.0
jquery-uniform,2.2.2,19,F,UNVERIFIED_PUBLISH_PATH|DORMANT|SINGLE_MAINTAINER,1,506,v0.2.0
leaflet-ajax,2.1.0,19,F,UNVERIFIED_PUBLISH_PATH|DORMANT|SINGLE_MAINTAINER,1,506,v0.2.0
luna-console,1.3.6,25,F,UNVERIFIED_PUBLISH_PATH|SINGLE_MAINTAINER,1,506,v0.2.0
'@cumul.io/cumulio-dashboard,4.0.1,5,F,UNVERIFIED_PUBLISH_PATH|DORMANT|SINGLE_MAINTAINER|PUBLISHER_NOT_MAINTAINER|DEPRECATED,1,505,v0.2.0
jquery.kinetic,2.2.4,15,F,UNVERIFIED_PUBLISH_PATH|DORMANT|SINGLE_MAINTAINER,1,505,v0.2.0
simplycountdown.js,3.0.1,19,F,UNVERIFIED_PUBLISH_PATH|DORMANT|SINGLE_MAINTAINER,1,505,v0.2.0
statsig-sidecar,2.0.12,34,F,UNVERIFIED_PUBLISH_PATH|PUBLISHER_NOT_MAINTAINER,2,505,v0.2.0
bootstrap-reboot,4.5.6,19,F,UNVERIFIED_PUBLISH_PATH|DORMANT|SINGLE_MAINTAINER,1,504,v0.2.0
'@fontsource/passion-one,5.2.8,71,B,,2,503,v0.2.0
'@nysds/components,1.19.3,39,D,UNVERIFIED_PUBLISH_PATH,3,503,v0.2.0
jquery-bez,1.0.11,19,F,UNVERIFIED_PUBLISH_PATH|DORMANT|SINGLE_MAINTAINER,1,503,v0.2.0
workbook,1.1.3,19,F,UNVERIFIED_PUBLISH_PATH|DORMANT|SINGLE_MAINTAINER,1,502,v0.2.0
'@fontsource/encode-sans,5.2.8,71,B,,2,500,v0.2.0
butterfly-extsrc,1.1.6,25,F,UNVERIFIED_PUBLISH_PATH|SINGLE_MAINTAINER,1,499,v0.2.0
tb-skeleton,0.3.6,19,F,UNVERIFIED_PUBLISH_PATH|DORMANT|SINGLE_MAINTAINER,1,498,v0.2.0
'@safepassage/sdk,3.5.3,39,D,UNVERIFIED_PUBLISH_PATH,2,497,v0.2.0
'@clappr/hlsjs-playback,1.9.4,39,D,UNVERIFIED_PUBLISH_PATH,9,496,v0.2.0
'@fontsource-variable/faustina,5.2.8,71,B,,2,496,v0.2.0
html5-boilerplate,9.0.1,19,F,UNVERIFIED_PUBLISH_PATH|DORMANT|SINGLE_MAINTAINER,1,496,v0.2.0
'@novastar/native,2.2.1,25,F,UNVERIFIED_PUBLISH_PATH|SINGLE_MAINTAINER,1,495,v0.2.0
'@naturacosmeticos/natds-themes,0.84.9,34,F,UNVERIFIED_PUBLISH_PATH,10,494,v0.2.0
'@fontsource/rock-salt,5.2.8,71,B,,2,493,v0.2.0
'@spw-ds/spw-stencil-library,1.17.1,35,D,UNVERIFIED_PUBLISH_PATH,2,493,v0.2.0
'@fontsource-variable/encode-sans,5.2.8,71,B,,2,491,v0.2.0
bootstrap-block-grid,1.1.7,19,F,UNVERIFIED_PUBLISH_PATH|DORMANT|SINGLE_MAINTAINER,1,491,v0.2.0
'@fontsource-variable/markazi-text,5.2.9,71,B,,2,490,v0.2.0
'@fontsource/oooh-baby,5.2.7,71,B,,2,489,v0.2.0
'@fontsource-variable/pathway-extreme,5.2.8,71,B,,2,487,v0.2.0
exit-intent-js,1.2.0,25,F,UNVERIFIED_PUBLISH_PATH|SINGLE_MAINTAINER,1,487,v0.2.0
jquery-storelocator-plugin,3.4.0,19,F,UNVERIFIED_PUBLISH_PATH|DORMANT|SINGLE_MAINTAINER,1,487,v0.2.0
'@clappr/player,0.11.16,39,D,UNVERIFIED_PUBLISH_PATH,9,486,v0.2.0
'@blotoutio/providers-shop-gpt-sdk,1.63.2,25,F,UNVERIFIED_PUBLISH_PATH|SINGLE_MAINTAINER,1,485,v0.2.0
countdowntimer,2.0.1,19,F,UNVERIFIED_PUBLISH_PATH|DORMANT|SINGLE_MAINTAINER,1,485,v0.2.0
priority-plus,1.5.1,19,F,UNVERIFIED_PUBLISH_PATH|DORMANT|SINGLE_MAINTAINER,1,485,v0.2.0
cirrus-ui,0.8.0,25,F,UNVERIFIED_PUBLISH_PATH|SINGLE_MAINTAINER,1,484,v0.2.0
yandex-metrica-watch,1.448.0,16,F,UNVERIFIED_PUBLISH_PATH|SINGLE_MAINTAINER,1,484,v0.2.0
respimage,1.4.2,19,F,UNVERIFIED_PUBLISH_PATH|DORMANT|SINGLE_MAINTAINER,1,483,v0.2.0
jscolor-picker,2.0.4,19,F,UNVERIFIED_PUBLISH_PATH|DORMANT|SINGLE_MAINTAINER,1,482,v0.2.0
vanilla-datatables,1.6.16,19,F,UNVERIFIED_PUBLISH_PATH|DORMANT|SINGLE_MAINTAINER,1,482,v0.2.0
'@story-telling-reporter/react-embed-code-generator,2.2.20,25,F,UNVERIFIED_PUBLISH_PATH|SINGLE_MAINTAINER,1,481,v0.2.0
lightense-images,1.0.17,19,F,UNVERIFIED_PUBLISH_PATH|DORMANT|SINGLE_MAINTAINER,1,480,v0.2.0
scrollwatch,2.0.1,19,F,UNVERIFIED_PUBLISH_PATH|DORMANT|SINGLE_MAINTAINER,1,480,v0.2.0
'@fontsource/sorts-mill-goudy,5.2.8,71,B,,2,479,v0.2.0
water.css,2.1.1,14,F,UNVERIFIED_PUBLISH_PATH|DORMANT|SINGLE_MAINTAINER,1,479,v0.2.0
'@fontsource-variable/teko,5.2.7,71,B,,2,477,v0.2.0
'@fontsource/lalezar,5.2.7,71,B,,2,477,v0.2.0
'@chinese-fonts/xiaolai,3.0.0,20,F,UNVERIFIED_PUBLISH_PATH|SINGLE_MAINTAINER,1,476,v0.2.0
'@fontsource/cooper-hewitt,5.2.5,71,B,,2,476,v0.2.0
taos,2.0.1,25,F,UNVERIFIED_PUBLISH_PATH|SINGLE_MAINTAINER,1,476,v0.2.0
'@minimal-analytics/ga4,1.8.7,19,F,UNVERIFIED_PUBLISH_PATH|DORMANT|SINGLE_MAINTAINER,1,475,v0.2.0
'@exampledev/new.css,1.1.3,19,F,UNVERIFIED_PUBLISH_PATH|DORMANT|SINGLE_MAINTAINER,1,474,v0.2.0
loadcss,0.0.2,19,F,UNVERIFIED_PUBLISH_PATH|DORMANT|SINGLE_MAINTAINER,1,473,v0.2.0
'@meysam213/iconsax-react,1.0.4,19,F,UNVERIFIED_PUBLISH_PATH|DORMANT|SINGLE_MAINTAINER,1,472,v0.2.0
stacktable.js,1.0.3,19,F,UNVERIFIED_PUBLISH_PATH|DORMANT|SINGLE_MAINTAINER,1,472,v0.2.0
'@fontsource-variable/archivo-narrow,5.2.8,71,B,,2,470,v0.2.0
'@kentico/kontent-smart-link,2.3.1,35,D,UNVERIFIED_PUBLISH_PATH|DORMANT|PUBLISHER_NOT_MAINTAINER|DEPRECATED,3,470,v0.2.0
'@micropython/micropython-webassembly-pyscript,1.28.0-6,20,F,UNVERIFIED_PUBLISH_PATH|SINGLE_MAINTAINER,1,470,v0.2.0
thedatepicker,3.1.0,25,F,UNVERIFIED_PUBLISH_PATH|SINGLE_MAINTAINER,1,470,v0.2.0
videojs-max-quality-selector,1.0.0,15,F,UNVERIFIED_PUBLISH_PATH|DORMANT|SINGLE_MAINTAINER,1,470,v0.2.0
jquery-throttle-debounce,1.0.0,19,F,UNVERIFIED_PUBLISH_PATH|DORMANT|SINGLE_MAINTAINER,1,469,v0.2.0
slicknav,1.0.8,19,F,UNVERIFIED_PUBLISH_PATH|DORMANT|SINGLE_MAINTAINER,1,469,v0.2.0
'@flussonic/flussonic-webrtc-player,24.7.1-10-g016867a,16,F,UNVERIFIED_PUBLISH_PATH|SINGLE_MAINTAINER,1,468,v0.2.0
'@fontsource-variable/josefin-slab,5.2.7,71,B,,2,468,v0.2.0
disqusjs,3.2.1,58,C,SINGLE_MAINTAINER,1,468,v0.2.0
meting,2.0.2,25,F,UNVERIFIED_PUBLISH_PATH|SINGLE_MAINTAINER,1,468,v0.2.0
zebra_dialog,3.1.0,19,F,UNVERIFIED_PUBLISH_PATH|DORMANT|SINGLE_MAINTAINER,1,468,v0.2.0
'@fontsource/cormorant-infant,5.2.11,71,B,,2,467,v0.2.0
'@iconify-json/fluent-emoji-high-contrast,1.2.5,21,F,UNVERIFIED_PUBLISH_PATH|SINGLE_MAINTAINER,1,467,v0.2.0
noto-sans-jp,52.0.0,19,F,UNVERIFIED_PUBLISH_PATH|DORMANT|SINGLE_MAINTAINER,1,467,v0.2.0
symbol-es6,0.1.2,19,F,UNVERIFIED_PUBLISH_PATH|DORMANT|SINGLE_MAINTAINER,1,467,v0.2.0
'@fontsource/kaisei-opti,5.2.8,71,B,,2,466,v0.2.0
'@fontsource-variable/signika,5.2.8,71,B,,2,465,v0.2.0
'@sezzle/sezzle-static-widget,3.2.6,35,D,UNVERIFIED_PUBLISH_PATH,5,465,v0.2.0
d3-celestial,0.7.35,19,F,UNVERIFIED_PUBLISH_PATH|DORMANT|SINGLE_MAINTAINER,1,465,v0.2.0
lt-themify-icons,1.1.0,14,F,UNVERIFIED_PUBLISH_PATH|DORMANT|SINGLE_MAINTAINER|PUBLISHER_NOT_MAINTAINER,1,464,v0.2.0
'@fontsource/gantari,5.2.8,71,B,,2,463,v0.2.0
'@oiz/stzh-components,4.14.0,35,D,UNVERIFIED_PUBLISH_PATH,3,463,v0.2.0
font-kopub,1.0.2,19,F,UNVERIFIED_PUBLISH_PATH|DORMANT|SINGLE_MAINTAINER,1,463,v0.2.0
'@fontsource/sanchez,5.2.8,71,B,,2,462,v0.2.0
cssuseragent,2.1.31,19,F,UNVERIFIED_PUBLISH_PATH|DORMANT|SINGLE_MAINTAINER,1,462,v0.2.0
videojs-contrib-hls.js,3.2.0,19,F,UNVERIFIED_PUBLISH_PATH|DORMANT|SINGLE_MAINTAINER,1,462,v0.2.0
'@aurodesignsystem/auro-nav,4.1.1,89,A,,8,461,v0.2.0
jtippy,1.7.2,19,F,UNVERIFIED_PUBLISH_PATH|DORMANT|SINGLE_MAINTAINER,1,461,v0.2.0
'@fontsource/ultra,5.2.7,71,B,,2,460,v0.2.0
'@iconify-json/ooui,1.2.20,21,F,UNVERIFIED_PUBLISH_PATH|SINGLE_MAINTAINER,1,460,v0.2.0
files.photo.gallery,0.15.3,25,F,UNVERIFIED_PUBLISH_PATH|SINGLE_MAINTAINER,1,459,v0.2.0
'@fontsource/secular-one,5.2.8,71,B,,2,458,v0.2.0
'@loophq/onstore-sdk,1.5.16,35,D,UNVERIFIED_PUBLISH_PATH,17,458,v0.2.0
'@mangopay/vault-sdk,1.5.1,35,D,UNVERIFIED_PUBLISH_PATH,3,458,v0.2.0
reseter.css,2.0.0,14,F,UNVERIFIED_PUBLISH_PATH|DORMANT|SINGLE_MAINTAINER|PUBLISHER_NOT_MAINTAINER,1,457,v0.2.0
'@miso.ai/client-sdk,1.13.1,87,A,,2,456,v0.2.0
preloadjs,1.0.1,33,F,UNVERIFIED_PUBLISH_PATH|DORMANT,2,456,v0.2.0
'@srgssr/pillarbox-web,1.36.3,77,B,INCONSISTENT_PUBLISH_PATH,5,454,v0.2.0
locuszoom,0.14.0,33,F,UNVERIFIED_PUBLISH_PATH|DORMANT,3,454,v0.2.0
'@fontsource-variable/rokkitt,5.2.8,71,B,,2,453,v0.2.0
'@myparcel/sdk,4.4.2,46,D,UNVERIFIED_PUBLISH_PATH|DEPRECATED,3,453,v0.2.0
'@wix/auto_sdk_events_events-settings,1.0.47,30,F,UNVERIFIED_PUBLISH_PATH,13,453,v0.2.0
shuffle-text,0.6.0,25,F,UNVERIFIED_PUBLISH_PATH|SINGLE_MAINTAINER,1,453,v0.2.0
leaflet-snap,0.0.4,19,F,UNVERIFIED_PUBLISH_PATH|DORMANT|SINGLE_MAINTAINER,1,452,v0.2.0
'@slightlyoff/lite-vimeo,0.1.4,25,F,UNVERIFIED_PUBLISH_PATH|SINGLE_MAINTAINER,1,451,v0.2.0
jquery-scrollify,1.0.21,19,F,UNVERIFIED_PUBLISH_PATH|DORMANT|SINGLE_MAINTAINER,1,449,v0.2.0
lxgw-wenkai-lite-webfont,1.7.0,19,F,UNVERIFIED_PUBLISH_PATH|DORMANT|SINGLE_MAINTAINER,1,449,v0.2.0
'@trimble-oss/modus-bootstrap,2.3.2,46,D,UNVERIFIED_PUBLISH_PATH,8,448,v0.2.0
'@tanay-wispr/webflow-package,6.6.17,20,F,UNVERIFIED_PUBLISH_PATH|SINGLE_MAINTAINER|BRANCH_REQUIRES_PR,1,446,v0.2.0
cn-fontsource-source-han-serif-sc-vf,1.0.9,19,F,UNVERIFIED_PUBLISH_PATH|DORMANT|SINGLE_MAINTAINER,1,446,v0.2.0
jquery-selectric,0.2.0,10,F,UNVERIFIED_PUBLISH_PATH|DORMANT|SINGLE_MAINTAINER,1,445,v0.2.0
'@feedmepos/mf-remy-panel,0.16.0,30,F,UNVERIFIED_PUBLISH_PATH,3,444,v0.2.0
'@fontsource-variable/grenze-gotisch,5.2.8,71,B,,2,444,v0.2.0
jcarousel,0.3.9,19,F,UNVERIFIED_PUBLISH_PATH|DORMANT|SINGLE_MAINTAINER,1,444,v0.2.0
'@emdgroup-liquid/liquid,5.15.0,45,D,UNVERIFIED_PUBLISH_PATH,2,443,v0.2.0
apple-mapkit-js,6.1.0,19,F,UNVERIFIED_PUBLISH_PATH|DORMANT|SINGLE_MAINTAINER,1,443,v0.2.0
'@postnord/pn-marketweb-components,4.4.0,35,D,UNVERIFIED_PUBLISH_PATH,4,442,v0.2.0
leaflet-styleeditor,0.1.21,19,F,UNVERIFIED_PUBLISH_PATH|DORMANT|SINGLE_MAINTAINER,1,442,v0.2.0
'@fontsource-variable/aleo,5.2.7,71,B,,2,441,v0.2.0
'@fontsource/aldrich,5.2.7,71,B,,2,440,v0.2.0
'@fontsource/racing-sans-one,5.2.7,71,B,,2,440,v0.2.0
mealz-components,3.0.0,30,F,UNVERIFIED_PUBLISH_PATH|PUBLISHER_NOT_MAINTAINER,3,439,v0.2.0
cropme,1.4.3,33,F,UNVERIFIED_PUBLISH_PATH|DORMANT,2,438,v0.2.0
'@dadata/suggestions,26.3.0,25,F,UNVERIFIED_PUBLISH_PATH|SINGLE_MAINTAINER,1,436,v0.2.0
'@fontsource-variable/tiktok-sans,5.2.3,71,B,,2,436,v0.2.0
'@jenkinsci/jenkins-io-components,1.41.1,35,D,UNVERIFIED_PUBLISH_PATH,2,436,v0.2.0
eligrey-classlist.js,1.2.20180112,14,F,UNVERIFIED_PUBLISH_PATH|DORMANT|SINGLE_MAINTAINER,1,436,v0.2.0
htmx-ext-morphdom-swap,2.0.2,25,F,UNVERIFIED_PUBLISH_PATH|SINGLE_MAINTAINER,1,436,v0.2.0
'@blotoutio/providers-blotout-consent-sdk,1.63.2,25,F,UNVERIFIED_PUBLISH_PATH|SINGLE_MAINTAINER,1,435,v0.2.0
'@esm-bundle/rxjs,7.8.1,33,F,UNVERIFIED_PUBLISH_PATH|DORMANT,6,435,v0.2.0
bootstrap-grid,3.0.1,19,F,UNVERIFIED_PUBLISH_PATH|DORMANT|SINGLE_MAINTAINER,1,435,v0.2.0
'@wix/auto_sdk_events_wix-events-v-2,1.0.102,30,F,UNVERIFIED_PUBLISH_PATH,13,434,v0.2.0
chat-engine,0.9.21,33,F,UNVERIFIED_PUBLISH_PATH|DORMANT,9,434,v0.2.0
'@fontsource/zcool-qingke-huangyou,5.2.8,71,B,,2,433,v0.2.0
'@fontsource/signika,5.2.8,71,B,,2,432,v0.2.0
layui-src,2.6.8,19,F,UNVERIFIED_PUBLISH_PATH|DORMANT|SINGLE_MAINTAINER|DEPRECATED,1,432,v0.2.0
inputmask.phone,1.0.5,19,F,UNVERIFIED_PUBLISH_PATH|DORMANT|SINGLE_MAINTAINER,1,431,v0.2.0
jquery-query-object,2.2.3,19,F,UNVERIFIED_PUBLISH_PATH|DORMANT|SINGLE_MAINTAINER,1,431,v0.2.0
'@sneas/telephone,1.1.2,25,F,UNVERIFIED_PUBLISH_PATH|SINGLE_MAINTAINER,1,430,v0.2.0
moment-timer,1.3.0,19,F,UNVERIFIED_PUBLISH_PATH|DORMANT|SINGLE_MAINTAINER,1,430,v0.2.0
'@fortawesome/fa-icon-chooser,0.10.2,87,A,,8,429,v0.2.0
'@fontsource/dseg7-classic,5.2.5,71,B,,2,428,v0.2.0
anypicker,2.0.9,33,F,UNVERIFIED_PUBLISH_PATH|DORMANT,2,428,v0.2.0
'@wix/auto_sdk_automations_automations-v-2,1.0.139,30,F,UNVERIFIED_PUBLISH_PATH,13,427,v0.2.0
jssor-slider,28.0.0,19,F,UNVERIFIED_PUBLISH_PATH|DORMANT|SINGLE_MAINTAINER,1,427,v0.2.0
'@fontsource/gowun-dodum,5.2.8,71,B,,2,426,v0.2.0
'@fontsource/khula,5.2.8,71,B,,2,425,v0.2.0
'@fontsource-variable/gantari,5.2.8,71,B,,2,424,v0.2.0
tw-city-selector,2.1.2,25,F,UNVERIFIED_PUBLISH_PATH|SINGLE_MAINTAINER,1,424,v0.2.0
videojs-flvjs,0.3.1,19,F,UNVERIFIED_PUBLISH_PATH|DORMANT|SINGLE_MAINTAINER,1,424,v0.2.0
roaarrr-browser,1.0.8,25,F,UNVERIFIED_PUBLISH_PATH|SINGLE_MAINTAINER,1,423,v0.2.0
'@fontsource/playwrite-us-trad,5.2.7,71,B,,2,422,v0.2.0
country-region-selector,1.0.0,19,F,UNVERIFIED_PUBLISH_PATH|DORMANT|SINGLE_MAINTAINER,1,422,v0.2.0
entreprise7pro-bootstrap,3.4.8,25,F,UNVERIFIED_PUBLISH_PATH|SINGLE_MAINTAINER,1,422,v0.2.0
menuspy,1.3.0,19,F,UNVERIFIED_PUBLISH_PATH|DORMANT|SINGLE_MAINTAINER,1,422,v0.2.0
visitdata,1.3.2,19,F,UNVERIFIED_PUBLISH_PATH|DORMANT|SINGLE_MAINTAINER,1,422,v0.2.0
md5-js,0.0.3,19,F,UNVERIFIED_PUBLISH_PATH|DORMANT|SINGLE_MAINTAINER,1,421,v0.2.0
'@wix/auto_sdk_events_guests,1.0.60,30,F,UNVERIFIED_PUBLISH_PATH,13,420,v0.2.0
jquery-emoji-picker,0.2.2,19,F,UNVERIFIED_PUBLISH_PATH|DORMANT|SINGLE_MAINTAINER,1,419,v0.2.0
'@cdklabs/cdk-construct-connect-datalake,0.0.18,72,B,INCONSISTENT_PUBLISH_PATH,3,418,v0.2.0
'@dynamic-framework/ui-react,2.6.0,70,B,INCONSISTENT_PUBLISH_PATH|SINGLE_MAINTAINER,1,418,v0.2.0
'@fontsource/fugaz-one,5.2.7,71,B,,2,418,v0.2.0
halfmoon,2.0.2,19,F,UNVERIFIED_PUBLISH_PATH|DORMANT|SINGLE_MAINTAINER,1,418,v0.2.0
number-to-arabic-words,1.5.3,15,F,UNVERIFIED_PUBLISH_PATH|DORMANT|SINGLE_MAINTAINER,1,418,v0.2.0
'@gouvfr/dsfr-chart,2.1.1,39,D,UNVERIFIED_PUBLISH_PATH,5,417,v0.2.0
'@fontsource/bellefair,5.2.8,71,B,,2,416,v0.2.0
'@fontsource/cherry-bomb-one,5.2.7,71,B,,2,416,v0.2.0
dealposbooks,6.29.0,21,F,UNVERIFIED_PUBLISH_PATH|SINGLE_MAINTAINER,1,416,v0.2.0
mescroll.js,1.4.2,14,F,UNVERIFIED_PUBLISH_PATH|DORMANT|SINGLE_MAINTAINER,1,416,v0.2.0
jquery-wheelcolorpicker,3.0.9,19,F,UNVERIFIED_PUBLISH_PATH|DORMANT|SINGLE_MAINTAINER,1,414,v0.2.0
wanted-sans,1.0.3,19,F,UNVERIFIED_PUBLISH_PATH|DORMANT|SINGLE_MAINTAINER,1,413,v0.2.0
icofont,1.0.0,19,F,UNVERIFIED_PUBLISH_PATH|DORMANT|SINGLE_MAINTAINER,1,412,v0.2.0
'@midzer/tobii,3.2.0,25,F,UNVERIFIED_PUBLISH_PATH|SINGLE_MAINTAINER,1,411,v0.2.0
ckeditor-full,4.7.3,20,F,UNVERIFIED_PUBLISH_PATH|DORMANT|SINGLE_MAINTAINER,1,411,v0.2.0
ukiyojs,4.2.0,19,F,UNVERIFIED_PUBLISH_PATH|DORMANT|SINGLE_MAINTAINER,1,411,v0.2.0
'@dubai-design-system/components-js,3.12.16,35,D,UNVERIFIED_PUBLISH_PATH,3,407,v0.2.0
'@fastwork/turbine-theme,2.0.3,35,D,UNVERIFIED_PUBLISH_PATH,2,407,v0.2.0
'@recogito/annotorious-selector-pack,0.6.1,33,F,UNVERIFIED_PUBLISH_PATH|DORMANT,3,407,v0.2.0
'@wix/auto_sdk_events_notifications,1.0.78,30,F,UNVERIFIED_PUBLISH_PATH,13,406,v0.2.0
fuckadblock,3.2.1,19,F,UNVERIFIED_PUBLISH_PATH|DORMANT|SINGLE_MAINTAINER,1,406,v0.2.0
tripetto-runner-foundation,6.3.1,29,F,UNVERIFIED_PUBLISH_PATH|DORMANT|DEPRECATED,3,406,v0.2.0
'@fontsource/sawarabi-gothic,5.2.9,71,B,,2,405,v0.2.0
'@calumk/editorjs-paragraph-linebreakable,1.0.0,15,F,UNVERIFIED_PUBLISH_PATH|DORMANT|SINGLE_MAINTAINER,1,404,v0.2.0
'@fontsource/sen,5.2.8,71,B,,2,403,v0.2.0
canvas-nest.js,2.0.4,19,F,UNVERIFIED_PUBLISH_PATH|DORMANT|SINGLE_MAINTAINER,1,403,v0.2.0
bulib-wc,0.1.59,33,F,UNVERIFIED_PUBLISH_PATH|DORMANT,4,402,v0.2.0
fontisto,3.0.4,14,F,UNVERIFIED_PUBLISH_PATH|DORMANT|SINGLE_MAINTAINER,1,402,v0.2.0
typeface-quicksand,1.1.13,14,F,UNVERIFIED_PUBLISH_PATH|DORMANT|SINGLE_MAINTAINER,1,401,v0.2.0
'@fontsource-variable/mada,5.2.8,71,B,,2,399,v0.2.0
'@pine-ds/core,3.26.4,74,B,SINGLE_MAINTAINER|BRANCH_REQUIRES_PR,1,399,v0.2.0
'@blotoutio/providers-blotout-wallet-sdk,1.63.2,25,F,UNVERIFIED_PUBLISH_PATH|SINGLE_MAINTAINER,1,398,v0.2.0
ccapture.js,1.1.0,19,F,UNVERIFIED_PUBLISH_PATH|DORMANT|SINGLE_MAINTAINER,1,398,v0.2.0
sargam-icons,1.6.7,25,F,UNVERIFIED_PUBLISH_PATH|SINGLE_MAINTAINER,1,397,v0.2.0
'@fontsource-variable/libre-bodoni,5.2.7,71,B,,2,396,v0.2.0
'@fontsource/cactus-classical-serif,5.2.14,81,B,,2,396,v0.2.0
bootstrap-dark-5,1.1.3,14,F,UNVERIFIED_PUBLISH_PATH|DORMANT|SINGLE_MAINTAINER|PUBLISHER_NOT_MAINTAINER|DEPRECATED,1,395,v0.2.0
'@dynamic-mockups/mockup-editor-sdk,1.1.52,39,D,UNVERIFIED_PUBLISH_PATH,2,394,v0.2.0
'@wix/auto_sdk_events_schedule,1.0.45,30,F,UNVERIFIED_PUBLISH_PATH,13,394,v0.2.0
buttplug-wasm,3.0.0,25,F,UNVERIFIED_PUBLISH_PATH|SINGLE_MAINTAINER,1,394,v0.2.0
country-flag-emoji-json,2.0.0,19,F,UNVERIFIED_PUBLISH_PATH|DORMANT|SINGLE_MAINTAINER,1,394,v0.2.0
jquery.fancybox,2.1.5,14,F,UNVERIFIED_PUBLISH_PATH|DORMANT|SINGLE_MAINTAINER,1,394,v0.2.0
jquery.flipster,1.1.6,33,F,UNVERIFIED_PUBLISH_PATH|DORMANT,2,393,v0.2.0
'@juo/blocks,1.14.0,30,F,UNVERIFIED_PUBLISH_PATH,2,392,v0.2.0
'@fontsource/petit-formal-script,5.2.8,71,B,,2,391,v0.2.0
'@wix/auto_sdk_events_categories,1.0.57,30,F,UNVERIFIED_PUBLISH_PATH,13,391,v0.2.0
'@wix/image,1.452.0,30,F,UNVERIFIED_PUBLISH_PATH,13,391,v0.2.0
'@fontsource/noto-serif-bengali,5.2.10,71,B,,2,390,v0.2.0
van11y-accessible-accordion-aria,3.1.0,21,F,UNVERIFIED_PUBLISH_PATH|SINGLE_MAINTAINER,1,390,v0.2.0
'@chainlink/cl-search-frontend,0.13.2,35,D,UNVERIFIED_PUBLISH_PATH,8,389,v0.2.0
'@wix/auto_sdk_events_forms,1.0.98,30,F,UNVERIFIED_PUBLISH_PATH,13,388,v0.2.0
mw-fonts,0.0.2,10,F,UNVERIFIED_PUBLISH_PATH|DORMANT|SINGLE_MAINTAINER,1,388,v0.2.0
'@ibm/plex-sans-tc,1.1.1,33,F,UNVERIFIED_PUBLISH_PATH|DORMANT,23,387,v0.2.0
'@pardnchiu/quickui,0.6.18,25,F,UNVERIFIED_PUBLISH_PATH|SINGLE_MAINTAINER,1,387,v0.2.0
'@digital-realty/theme,3.1.4,35,D,UNVERIFIED_PUBLISH_PATH,4,386,v0.2.0
bootstrap-4-autocomplete,1.3.2,19,F,UNVERIFIED_PUBLISH_PATH|DORMANT|SINGLE_MAINTAINER,1,386,v0.2.0
umd-react,19.2.7,73,B,SINGLE_MAINTAINER,1,386,v0.2.0
'@iconify-json/fontisto,1.2.1,15,F,UNVERIFIED_PUBLISH_PATH|DORMANT|SINGLE_MAINTAINER,1,385,v0.2.0
'@plainsheet/core,1.0.1,16,F,UNVERIFIED_PUBLISH_PATH|SINGLE_MAINTAINER,1,385,v0.2.0
misans-webfont,4.3.1,57,C,SINGLE_MAINTAINER,1,384,v0.2.0
htmx-ext-include-vals,2.0.2,25,F,UNVERIFIED_PUBLISH_PATH|SINGLE_MAINTAINER,1,382,v0.2.0
'@next-theme/pjax,0.6.0,19,F,UNVERIFIED_PUBLISH_PATH|DORMANT|SINGLE_MAINTAINER,1,381,v0.2.0
a11y-toggle,2.1.0,14,F,UNVERIFIED_PUBLISH_PATH|DORMANT|SINGLE_MAINTAINER|PUBLISHER_NOT_MAINTAINER,1,381,v0.2.0
single-spa-canopy,3.2.0,39,D,UNVERIFIED_PUBLISH_PATH,12,381,v0.2.0
'@bikematrix/web-components,1.3.16,39,D,UNVERIFIED_PUBLISH_PATH,3,380,v0.2.0
kernelsu,3.0.2,31,F,UNVERIFIED_PUBLISH_PATH|SINGLE_MAINTAINER,1,380,v0.2.0
docsify-sidebar-collapse,1.3.5,19,F,UNVERIFIED_PUBLISH_PATH|DORMANT|SINGLE_MAINTAINER,1,379,v0.2.0
'@fontsource/hind-vadodara,5.2.8,71,B,,2,378,v0.2.0
ngbootbox,0.2.0,19,F,UNVERIFIED_PUBLISH_PATH|DORMANT|SINGLE_MAINTAINER,1,378,v0.2.0
'@myparcel/delivery-options,6.22.0,46,D,UNVERIFIED_PUBLISH_PATH,3,376,v0.2.0
'@fontsource-variable/eczar,5.2.8,71,B,,2,375,v0.2.0
'@wix/auto_sdk_events_rsvp-v-2,1.0.101,30,F,UNVERIFIED_PUBLISH_PATH,13,375,v0.2.0
bootstrap-iconpicker,1.8.2,19,F,UNVERIFIED_PUBLISH_PATH|DORMANT|SINGLE_MAINTAINER,1,375,v0.2.0
x_ite,15.1.12,31,F,UNVERIFIED_PUBLISH_PATH|SINGLE_MAINTAINER,1,375,v0.2.0
angular-ui-router-title,0.1.1,19,F,UNVERIFIED_PUBLISH_PATH|DORMANT|SINGLE_MAINTAINER,1,374,v0.2.0
'@fontsource/firago,5.2.5,71,B,,2,372,v0.2.0
'@inpageedit/core,0.18.0,68,C,SINGLE_MAINTAINER,1,372,v0.2.0
typecho-joe-next,7.3.6,15,F,UNVERIFIED_PUBLISH_PATH|DORMANT|SINGLE_MAINTAINER,1,372,v0.2.0
keen-js,6.0.1,28,F,UNVERIFIED_PUBLISH_PATH|DORMANT|PUBLISHER_NOT_MAINTAINER|DEPRECATED,2,371,v0.2.0
round-flag-icons,1.3.0,19,F,UNVERIFIED_PUBLISH_PATH|DORMANT|SINGLE_MAINTAINER,1,370,v0.2.0
'@wix/auto_sdk_events_rsvp,1.0.44,30,F,UNVERIFIED_PUBLISH_PATH,13,369,v0.2.0
baffle,0.3.6,19,F,UNVERIFIED_PUBLISH_PATH|DORMANT|SINGLE_MAINTAINER,1,369,v0.2.0
web-pingjs,1.0.1,19,F,UNVERIFIED_PUBLISH_PATH|DORMANT|SINGLE_MAINTAINER,1,369,v0.2.0
'@wix/auto_sdk_events_tickets,1.0.50,30,F,UNVERIFIED_PUBLISH_PATH,13,368,v0.2.0
happy-inputs,2.1.0,19,F,UNVERIFIED_PUBLISH_PATH|DORMANT|SINGLE_MAINTAINER,1,368,v0.2.0
kutty,0.6.0,19,F,UNVERIFIED_PUBLISH_PATH|DORMANT|SINGLE_MAINTAINER,1,368,v0.2.0
'@almacareer/cookie-consent-manager,3.1.0,34,F,UNVERIFIED_PUBLISH_PATH|DEPRECATED,2,367,v0.2.0
'@fontsource/uncial-antiqua,5.2.7,71,B,,2,367,v0.2.0
artplayer-plugin-chromecast,1.1.0,25,F,UNVERIFIED_PUBLISH_PATH|SINGLE_MAINTAINER,1,367,v0.2.0
'@alpine-collective/toolkit,1.0.2,15,F,UNVERIFIED_PUBLISH_PATH|DORMANT|SINGLE_MAINTAINER,1,366,v0.2.0
'@fontsource-variable/parkinsans,5.2.7,71,B,,2,366,v0.2.0
easytimer,1.1.3,15,F,UNVERIFIED_PUBLISH_PATH|DORMANT|SINGLE_MAINTAINER|DEPRECATED,1,366,v0.2.0
tailwindcss-cdn,3.4.10,19,F,UNVERIFIED_PUBLISH_PATH|DORMANT|SINGLE_MAINTAINER,1,366,v0.2.0
validate-js,2.0.1,19,F,UNVERIFIED_PUBLISH_PATH|DORMANT|SINGLE_MAINTAINER,1,366,v0.2.0
marquee3000,1.1.1,19,F,UNVERIFIED_PUBLISH_PATH|DORMANT|SINGLE_MAINTAINER,1,365,v0.2.0
'@fontsource/el-messiri,5.2.8,71,B,,2,364,v0.2.0
'@snackbar/core,1.7.0,19,F,UNVERIFIED_PUBLISH_PATH|DORMANT|SINGLE_MAINTAINER,1,364,v0.2.0
'@hawk.so/browser,3.4.0,25,F,UNVERIFIED_PUBLISH_PATH|SINGLE_MAINTAINER,1,363,v0.2.0
'@easydarwin/easyplayer,5.1.6,21,F,UNVERIFIED_PUBLISH_PATH|SINGLE_MAINTAINER,1,361,v0.2.0
'@ideal-postcodes/postcode-lookup-bundled,3.0.7,40,D,UNVERIFIED_PUBLISH_PATH,2,361,v0.2.0
'@fontsource-variable/catamaran,5.2.8,71,B,,2,360,v0.2.0
'@fontsource/changa,5.2.8,71,B,,2,360,v0.2.0
'@fontsource/francois-one,5.2.7,71,B,,2,360,v0.2.0
'@chordcommerce/analytics,1.23.0,35,D,UNVERIFIED_PUBLISH_PATH,2,359,v0.2.0
editorjs-layout,1.2.5,19,F,UNVERIFIED_PUBLISH_PATH|DORMANT|SINGLE_MAINTAINER,1,359,v0.2.0
'@wix/auto_sdk_events_schedule-bookmarks,1.0.37,30,F,UNVERIFIED_PUBLISH_PATH,13,358,v0.2.0
jquery-bootstrap-wizard,1.4.2,14,F,UNVERIFIED_PUBLISH_PATH|DORMANT|SINGLE_MAINTAINER,1,358,v0.2.0
x3.photo.gallery,3.34.2,14,F,UNVERIFIED_PUBLISH_PATH|DORMANT|SINGLE_MAINTAINER,1,358,v0.2.0
'@digital-realty/ix-shared-fns,1.1.4,35,D,UNVERIFIED_PUBLISH_PATH,4,357,v0.2.0
'@digital-realty/ix-widget,2.3.7,35,D,UNVERIFIED_PUBLISH_PATH,4,357,v0.2.0
'@wix/auto_sdk_events_policies,1.0.49,30,F,UNVERIFIED_PUBLISH_PATH,13,357,v0.2.0
'@icon/icofont,1.0.1-alpha.1,28,F,UNVERIFIED_PUBLISH_PATH|DORMANT,2,356,v0.2.0
'@shinsenter/defer.js,3.9.0,25,F,UNVERIFIED_PUBLISH_PATH|SINGLE_MAINTAINER,1,356,v0.2.0
goodshare.js,6.3.0,19,F,UNVERIFIED_PUBLISH_PATH|DORMANT|SINGLE_MAINTAINER,1,356,v0.2.0
'@dannymichel/proxima-nova,4.5.2,19,F,UNVERIFIED_PUBLISH_PATH|DORMANT|SINGLE_MAINTAINER,1,355,v0.2.0
'@fontsource-variable/georama,5.2.8,71,B,,2,354,v0.2.0
'@wix/auto_sdk_events_orders,1.0.68,30,F,UNVERIFIED_PUBLISH_PATH,13,354,v0.2.0
'@fontsource/taviraj,5.2.8,71,B,,2,353,v0.2.0
jquery.tabbable,1.0.1,19,F,UNVERIFIED_PUBLISH_PATH|DORMANT|SINGLE_MAINTAINER,1,353,v0.2.0
rangeslider-js,3.2.5,19,F,UNVERIFIED_PUBLISH_PATH|DORMANT|SINGLE_MAINTAINER,1,353,v0.2.0
'@fontsource/la-belle-aurore,5.2.8,71,B,,2,352,v0.2.0
'@malga/tokenization,2.3.0,27,F,UNVERIFIED_PUBLISH_PATH|SINGLE_MAINTAINER,1,352,v0.2.0
'@rededor/cura,2.0.0-alpha.16,35,D,UNVERIFIED_PUBLISH_PATH,15,352,v0.2.0
'@soywod/pin-field,0.2.2,19,F,UNVERIFIED_PUBLISH_PATH|DORMANT|SINGLE_MAINTAINER|DEPRECATED,1,352,v0.2.0
accordionjs,2.1.2,19,F,UNVERIFIED_PUBLISH_PATH|DORMANT|SINGLE_MAINTAINER,1,352,v0.2.0
chartist-plugin-accessibility,0.0.5,19,F,UNVERIFIED_PUBLISH_PATH|DORMANT|SINGLE_MAINTAINER,1,352,v0.2.0
rrssb,1.14.0,19,F,UNVERIFIED_PUBLISH_PATH|DORMANT|SINGLE_MAINTAINER,1,352,v0.2.0
'@fontsource-variable/merriweather-sans,5.2.7,71,B,,2,351,v0.2.0
'@fontsource/cuprum,5.2.8,71,B,,2,351,v0.2.0
'@tacc/core-styles,2.57.3,39,D,UNVERIFIED_PUBLISH_PATH,2,351,v0.2.0
basictable,2.0.5,19,F,UNVERIFIED_PUBLISH_PATH|DORMANT|SINGLE_MAINTAINER,1,351,v0.2.0
bulma-tagsinput,2.0.0,9,F,UNVERIFIED_PUBLISH_PATH|DORMANT|SINGLE_MAINTAINER|PUBLISHER_NOT_MAINTAINER,1,351,v0.2.0
jquery-ui-datepicker-with-i18n,1.10.4,25,F,UNVERIFIED_PUBLISH_PATH|DORMANT|SINGLE_MAINTAINER,1,351,v0.2.0
php-cgi-wasm,0.1.0,25,F,UNVERIFIED_PUBLISH_PATH|SINGLE_MAINTAINER,1,350,v0.2.0
prebid-universal-creative,1.18.0,25,F,UNVERIFIED_PUBLISH_PATH|SINGLE_MAINTAINER,1,350,v0.2.0
'@cnamts/synapse,1.1.2,35,D,UNVERIFIED_PUBLISH_PATH,5,349,v0.2.0
'@fontsource/yantramanav,5.2.7,71,B,,2,348,v0.2.0
sidr,2.2.1,19,F,UNVERIFIED_PUBLISH_PATH|DORMANT|SINGLE_MAINTAINER,1,348,v0.2.0
'@digital-realty/ui-user-management,12.0.10,30,F,UNVERIFIED_PUBLISH_PATH,4,347,v0.2.0
'@fontsource-variable/afacad-flux,5.2.8,71,B,,2,347,v0.2.0
'@wix/auto_sdk_events_staff-members,1.0.52,30,F,UNVERIFIED_PUBLISH_PATH,13,347,v0.2.0
'@fontsource/patua-one,5.2.8,71,B,,2,346,v0.2.0
'@fontsource-variable/baskervville,5.2.3,71,B,,2,345,v0.2.0
'@nanoporetech-digital/components,8.23.10,35,D,UNVERIFIED_PUBLISH_PATH,4,345,v0.2.0
'@supersoniks/concorde,4.9.3,35,D,UNVERIFIED_PUBLISH_PATH,5,345,v0.2.0
'@fontsource-variable/changa,5.2.8,71,B,,2,344,v0.2.0
'@ibm/plex-sans-jp,3.0.0,39,D,UNVERIFIED_PUBLISH_PATH,23,344,v0.2.0
editor.md,1.5.0,19,F,UNVERIFIED_PUBLISH_PATH|DORMANT|SINGLE_MAINTAINER,1,344,v0.2.0
'@aurodesignsystem/auro-background,5.0.1,89,A,,8,343,v0.2.0
'@digital-realty/ix-switch,2.4.4,35,D,UNVERIFIED_PUBLISH_PATH,4,342,v0.2.0
'@live-codes/browser-compilers,0.22.10,25,F,UNVERIFIED_PUBLISH_PATH|SINGLE_MAINTAINER,1,342,v0.2.0
'@toruslabs/openlogin-subkey,8.1.0,40,D,UNVERIFIED_PUBLISH_PATH|DORMANT,5,342,v0.2.0
scrollpos-styler,0.7.1,19,F,UNVERIFIED_PUBLISH_PATH|DORMANT|SINGLE_MAINTAINER,1,342,v0.2.0
'@fontsource/cantarell,5.2.8,71,B,,2,341,v0.2.0
'@tesseract.js-data/tha,1.0.0,19,F,UNVERIFIED_PUBLISH_PATH|DORMANT|SINGLE_MAINTAINER,1,341,v0.2.0
ng-notify,0.7.1,19,F,UNVERIFIED_PUBLISH_PATH|DORMANT|SINGLE_MAINTAINER,1,341,v0.2.0
jquery.reel,1.3.1,19,F,UNVERIFIED_PUBLISH_PATH|DORMANT|SINGLE_MAINTAINER,1,340,v0.2.0
'@fontsource/sofia-sans,5.2.8,71,B,,2,339,v0.2.0
'@wix/auto_sdk_events_ticket-definitions,1.0.53,30,F,UNVERIFIED_PUBLISH_PATH,13,339,v0.2.0
'@coopdigital/foundations,1.9.1,39,D,UNVERIFIED_PUBLISH_PATH,4,338,v0.2.0
'@fontsource-variable/noto-serif-devanagari,5.2.10,71,B,,2,338,v0.2.0
'@churchsuite/embed,5.2.9,25,F,UNVERIFIED_PUBLISH_PATH|SINGLE_MAINTAINER,1,337,v0.2.0
'@fontsource/long-cang,5.2.8,71,B,,2,337,v0.2.0
'@ip-location-db/geo-whois-asn-country,2.3.2026061719,58,C,INCONSISTENT_PUBLISH_PATH|SINGLE_MAINTAINER,1,337,v0.2.0
'@feedmepos/ui-library,1.10.10,34,F,UNVERIFIED_PUBLISH_PATH,3,336,v0.2.0
'@fontsource/concert-one,5.2.8,71,B,,2,336,v0.2.0
'@tannerhodges/snap-slider,2.0.3,19,F,UNVERIFIED_PUBLISH_PATH|DORMANT|SINGLE_MAINTAINER,1,336,v0.2.0
maximize-select2-height,1.0.4,19,F,UNVERIFIED_PUBLISH_PATH|DORMANT|SINGLE_MAINTAINER,1,336,v0.2.0
docsify-katex,2.0.2,19,F,UNVERIFIED_PUBLISH_PATH|DORMANT|SINGLE_MAINTAINER,1,335,v0.2.0
'@wix/auto_sdk_automations_action-catalog,1.0.56,30,F,UNVERIFIED_PUBLISH_PATH,13,334,v0.2.0
'@fontsource-variable/grandstander,5.2.7,71,B,,2,333,v0.2.0
kity,2.0.4,19,F,UNVERIFIED_PUBLISH_PATH|DORMANT|SINGLE_MAINTAINER,1,333,v0.2.0
'@fontsource/kaisei-decol,5.2.7,71,B,,2,332,v0.2.0
'@allmaps/openlayers,1.0.0-beta.86,25,F,UNVERIFIED_PUBLISH_PATH|SINGLE_MAINTAINER,1,331,v0.2.0
froala-editor-paragraph-format-extended-plugin,0.2.0,19,F,UNVERIFIED_PUBLISH_PATH|DORMANT|SINGLE_MAINTAINER,1,331,v0.2.0
jquery-dateformat,1.0.4,15,F,UNVERIFIED_PUBLISH_PATH|DORMANT|SINGLE_MAINTAINER,1,331,v0.2.0
jquery-simple-upload,1.1.0,19,F,UNVERIFIED_PUBLISH_PATH|DORMANT|SINGLE_MAINTAINER,1,331,v0.2.0
jquery.localscroll,2.0.0,19,F,UNVERIFIED_PUBLISH_PATH|DORMANT|SINGLE_MAINTAINER,1,331,v0.2.0
vanilla-ripplejs,1.0.6,19,F,UNVERIFIED_PUBLISH_PATH|DORMANT|SINGLE_MAINTAINER,1,331,v0.2.0
'@fontsource-variable/ruda,5.2.8,71,B,,2,330,v0.2.0
'@unidy.io/sdk,1.9.0,77,B,INCONSISTENT_PUBLISH_PATH,6,330,v0.2.0
jquery-1.10.2,1.10.2,10,F,UNVERIFIED_PUBLISH_PATH|DORMANT|SINGLE_MAINTAINER,1,330,v0.2.0
'@diffusionstudio/piper-wasm,1.0.0,19,F,UNVERIFIED_PUBLISH_PATH|DORMANT|SINGLE_MAINTAINER,1,329,v0.2.0
inview,0.0.15,19,F,UNVERIFIED_PUBLISH_PATH|DORMANT|SINGLE_MAINTAINER,1,329,v0.2.0
'@fontsource/huninn,5.2.4,81,B,,2,328,v0.2.0
leaflet-pip,1.1.0,21,F,UNVERIFIED_PUBLISH_PATH|DORMANT|SINGLE_MAINTAINER|PUBLISHER_NOT_MAINTAINER|DEPRECATED,1,328,v0.2.0
'@fontsource-variable/noto-sans-thai-looped,5.2.3,71,B,,2,327,v0.2.0
'@mui-symbols-material/w500,0.4.1,14,F,UNVERIFIED_PUBLISH_PATH|DORMANT|SINGLE_MAINTAINER,1,327,v0.2.0
'@web-atoms/core,2.6.49,58,C,INCONSISTENT_PUBLISH_PATH|SINGLE_MAINTAINER,1,327,v0.2.0
hi-base64,0.5.0,25,F,UNVERIFIED_PUBLISH_PATH|SINGLE_MAINTAINER,1,327,v0.2.0
pure-web-bottom-sheet,1.0.0,73,B,SINGLE_MAINTAINER,1,327,v0.2.0
v-resizable,0.0.14,19,F,UNVERIFIED_PUBLISH_PATH|DORMANT|SINGLE_MAINTAINER,1,327,v0.2.0
wysihtml,0.6.0-beta1,19,F,UNVERIFIED_PUBLISH_PATH|DORMANT|SINGLE_MAINTAINER,1,327,v0.2.0
jquery-cron,1.0.0,14,F,UNVERIFIED_PUBLISH_PATH|DORMANT|SINGLE_MAINTAINER,1,326,v0.2.0
'@digital-realty/ix-phone-input,2.4.5,35,D,UNVERIFIED_PUBLISH_PATH,4,325,v0.2.0
'@iconify-json/cryptocurrency,1.2.3,21,F,UNVERIFIED_PUBLISH_PATH|SINGLE_MAINTAINER,1,325,v0.2.0
'@vidstack/cdn,1.15.4,25,F,UNVERIFIED_PUBLISH_PATH|SINGLE_MAINTAINER,1,325,v0.2.0
scrollcue,2.0.0,19,F,UNVERIFIED_PUBLISH_PATH|DORMANT|SINGLE_MAINTAINER,1,325,v0.2.0
'@fontsource-variable/anek-bangla,5.2.7,71,B,,2,323,v0.2.0
'@fontsource/pattaya,5.2.8,71,B,,2,323,v0.2.0
'@snowplow/browser-plugin-focalmeter,4.8.4,39,D,UNVERIFIED_PUBLISH_PATH,3,323,v0.2.0
'@sukka/react-icons-all-files,4.4.0,15,F,UNVERIFIED_PUBLISH_PATH|DORMANT|SINGLE_MAINTAINER,1,323,v0.2.0
lxgw-wenkai-screen-web,1.522.0,73,B,SINGLE_MAINTAINER,1,323,v0.2.0
'@fontsource-variable/big-shoulders-text,5.2.5,71,B,,2,322,v0.2.0
leaflet-control-custom,1.0.0,19,F,UNVERIFIED_PUBLISH_PATH|DORMANT|SINGLE_MAINTAINER,1,322,v0.2.0
'@rtstic.dev/pulse,0.0.104,16,F,UNVERIFIED_PUBLISH_PATH|SINGLE_MAINTAINER,1,321,v0.2.0
elegant-icons,0.0.1,19,F,UNVERIFIED_PUBLISH_PATH|DORMANT|SINGLE_MAINTAINER,1,321,v0.2.0
'@plattar/plattar-ar-adapter,2.7.2,82,B,,2,320,v0.2.0
'@webitel/api-services,0.1.50,77,B,INCONSISTENT_PUBLISH_PATH,3,320,v0.2.0
tooltipster-follower,0.1.5,19,F,UNVERIFIED_PUBLISH_PATH|DORMANT|SINGLE_MAINTAINER,1,320,v0.2.0
'@uoguelph/web-components,2.1.2,39,D,UNVERIFIED_PUBLISH_PATH,5,319,v0.2.0
summernote-next,1.0.3,25,F,UNVERIFIED_PUBLISH_PATH|SINGLE_MAINTAINER,1,319,v0.2.0
bootstrap-responsive-tabs,2.0.3,19,F,UNVERIFIED_PUBLISH_PATH|DORMANT|SINGLE_MAINTAINER,1,318,v0.2.0
timezz,9.0.2,19,F,UNVERIFIED_PUBLISH_PATH|DORMANT|SINGLE_MAINTAINER,1,317,v0.2.0
'@fontsource-variable/advent-pro,5.2.7,71,B,,2,316,v0.2.0
'@fontsource-variable/biorhyme,5.2.9,71,B,,2,316,v0.2.0
'@penn-libraries/web,1.4.0,21,F,UNVERIFIED_PUBLISH_PATH|SINGLE_MAINTAINER,1,315,v0.2.0
videojs-contextmenu-ui,7.0.0,24,F,UNVERIFIED_PUBLISH_PATH|DORMANT|PUBLISHER_NOT_MAINTAINER,84,314,v0.2.0
'@fontsource-variable/signika-negative,5.2.8,71,B,,2,313,v0.2.0
'@kvass/widgets,1.10.3,39,D,UNVERIFIED_PUBLISH_PATH,2,313,v0.2.0
jquery.initialize,1.3.2,33,F,UNVERIFIED_PUBLISH_PATH|DORMANT,2,313,v0.2.0
'@fontsource/berkshire-swash,5.2.8,71,B,,2,312,v0.2.0
'@fontsource/iceland,5.2.8,71,B,,2,311,v0.2.0
'@fontsource/palanquin,5.2.8,71,B,,2,310,v0.2.0
quick-email-editor-v2,0.4.9,29,F,UNVERIFIED_PUBLISH_PATH|DORMANT,2,309,v0.2.0
spinjs,0.4.193,19,F,UNVERIFIED_PUBLISH_PATH|DORMANT|SINGLE_MAINTAINER,1,309,v0.2.0
'@eclipse-scout/core,26.1.18,40,D,UNVERIFIED_PUBLISH_PATH,6,308,v0.2.0
float-labels.js,3.3.9,19,F,UNVERIFIED_PUBLISH_PATH|DORMANT|SINGLE_MAINTAINER,1,308,v0.2.0
'@tesseract.js-data/ita,1.0.0,19,F,UNVERIFIED_PUBLISH_PATH|DORMANT|SINGLE_MAINTAINER,1,307,v0.2.0
hexo-butterfly-tag-plugins-plus,1.0.18,19,F,UNVERIFIED_PUBLISH_PATH|DORMANT|SINGLE_MAINTAINER,1,307,v0.2.0
'@digital-realty/ui-launchpad,12.0.12,30,F,UNVERIFIED_PUBLISH_PATH,4,306,v0.2.0
'@snowplow/browser-plugin-bot-detection,4.8.4,39,D,UNVERIFIED_PUBLISH_PATH,3,306,v0.2.0
'@wewear/web-components,1.0.107,21,F,UNVERIFIED_PUBLISH_PATH|SINGLE_MAINTAINER,1,306,v0.2.0
'@digital-realty/ix-icon,1.3.4,35,D,UNVERIFIED_PUBLISH_PATH,4,305,v0.2.0
'@fontsource-variable/comme,5.2.8,71,B,,2,305,v0.2.0
'@fontsource/anek-bangla,5.2.7,71,B,,2,305,v0.2.0
'@master/css-runtime,2.0.0-rc.67,76,B,,2,305,v0.2.0
oauthio-web,0.6.2,33,F,UNVERIFIED_PUBLISH_PATH|DORMANT,2,305,v0.2.0
jquery-viewer,1.0.1,19,F,UNVERIFIED_PUBLISH_PATH|DORMANT|SINGLE_MAINTAINER,1,304,v0.2.0
'@digital-realty/ix-button,3.5.6,35,D,UNVERIFIED_PUBLISH_PATH,4,303,v0.2.0
'@flussonic/flussonic-mse-player,26.4.0-2-ga9c7672,20,F,UNVERIFIED_PUBLISH_PATH|SINGLE_MAINTAINER,1,303,v0.2.0
'@fontsource-variable/noto-sans-lao-looped,5.2.7,71,B,,2,303,v0.2.0
'@fontsource/neuton,5.2.7,71,B,,2,303,v0.2.0
gotham-fonts,1.0.3,10,F,UNVERIFIED_PUBLISH_PATH|DORMANT|SINGLE_MAINTAINER,1,303,v0.2.0
social-share.js,1.0.16,14,F,UNVERIFIED_PUBLISH_PATH|DORMANT|SINGLE_MAINTAINER|PUBLISHER_NOT_MAINTAINER,1,303,v0.2.0
semantic-ui-dimmer,2.5.0,19,F,UNVERIFIED_PUBLISH_PATH|DORMANT|SINGLE_MAINTAINER,1,301,v0.2.0
'@fontsource-variable/ibarra-real-nova,5.2.8,71,B,,2,299,v0.2.0
'@fontsource-variable/marhey,5.2.8,71,B,,2,299,v0.2.0
layuicdns,1.6.4,25,F,UNVERIFIED_PUBLISH_PATH|SINGLE_MAINTAINER,1,299,v0.2.0
canvas2image,1.0.5,19,F,UNVERIFIED_PUBLISH_PATH|DORMANT|SINGLE_MAINTAINER,1,298,v0.2.0
card-js,1.0.13,19,F,UNVERIFIED_PUBLISH_PATH|DORMANT|SINGLE_MAINTAINER,1,298,v0.2.0
comlinkjs,3.2.0,21,F,UNVERIFIED_PUBLISH_PATH|DORMANT|SINGLE_MAINTAINER|DEPRECATED,1,298,v0.2.0
'@fontsource/londrina-solid,5.2.7,71,B,,2,297,v0.2.0
algoliasearch.zendesk-hc,3.0.0,39,D,UNVERIFIED_PUBLISH_PATH,65,297,v0.2.0
jquery_lazyload,1.9.3,19,F,UNVERIFIED_PUBLISH_PATH|DORMANT|SINGLE_MAINTAINER,1,297,v0.2.0
'@adalong/widget,7.14.5,21,F,UNVERIFIED_PUBLISH_PATH|SINGLE_MAINTAINER,1,296,v0.2.0
'@coopdigital/foundations-forms,5.6.10,39,D,UNVERIFIED_PUBLISH_PATH,4,296,v0.2.0
'@digital-realty/grid,1.2.3,39,D,UNVERIFIED_PUBLISH_PATH,4,296,v0.2.0
live2d-widget-model-wanko,1.0.5,28,F,UNVERIFIED_PUBLISH_PATH|DORMANT,2,296,v0.2.0
range-slider-element,2.2.0,25,F,UNVERIFIED_PUBLISH_PATH|SINGLE_MAINTAINER,1,296,v0.2.0
'@wix/auto_sdk_automations_custom-trigger,1.0.29,30,F,UNVERIFIED_PUBLISH_PATH,13,295,v0.2.0
'@coopdigital/foundations-buttons,2.7.14,39,D,UNVERIFIED_PUBLISH_PATH,4,294,v0.2.0
'@digital-realty/ix-account-switcher,1.3.9,35,D,UNVERIFIED_PUBLISH_PATH,4,294,v0.2.0
'@fontsource-variable/playpen-sans,5.2.9,71,B,,2,294,v0.2.0
'@wix/auto_sdk_automations_activation-log,1.0.53,30,F,UNVERIFIED_PUBLISH_PATH,13,294,v0.2.0
vueinview,1.0.7,19,F,UNVERIFIED_PUBLISH_PATH|DORMANT|SINGLE_MAINTAINER,1,294,v0.2.0
'@fontsource-variable/yanone-kaffeesatz,5.2.7,71,B,,2,293,v0.2.0
'@fontsource/alegreya-sc,5.2.8,71,B,,2,293,v0.2.0
'@fontsource/reddit-sans,5.2.7,71,B,,2,293,v0.2.0
'@fontsource/sansita,5.2.8,71,B,,2,293,v0.2.0
'@wix/auto_sdk_automations_activation-action-log,1.0.32,30,F,UNVERIFIED_PUBLISH_PATH,13,293,v0.2.0
hc-offcanvas-nav,6.2.5,25,F,UNVERIFIED_PUBLISH_PATH|SINGLE_MAINTAINER,1,293,v0.2.0
html-midi-player,1.6.0,25,F,UNVERIFIED_PUBLISH_PATH|SINGLE_MAINTAINER,1,293,v0.2.0
mc-datepicker,0.6.5,19,F,UNVERIFIED_PUBLISH_PATH|DORMANT|SINGLE_MAINTAINER,1,293,v0.2.0
'@aws/amazon-location-client,1.3.2,94,A,,4,292,v0.2.0
'@fontsource-variable/anek-malayalam,5.2.7,71,B,,2,292,v0.2.0
'@fontsource-variable/merienda,5.2.7,71,B,,2,292,v0.2.0
'@fontsource-variable/noto-serif-bengali,5.2.10,71,B,,2,291,v0.2.0
css-browser-selector,0.6.5,19,F,UNVERIFIED_PUBLISH_PATH|DORMANT|SINGLE_MAINTAINER,1,291,v0.2.0
artyom.js,1.0.6,19,F,UNVERIFIED_PUBLISH_PATH|DORMANT|SINGLE_MAINTAINER,1,290,v0.2.0
mediabox,1.1.3,19,F,UNVERIFIED_PUBLISH_PATH|DORMANT|SINGLE_MAINTAINER,1,290,v0.2.0
'@digital-realty/ix-progress,1.4.4,35,D,UNVERIFIED_PUBLISH_PATH,4,289,v0.2.0
'@fontsource-variable/lemonada,5.2.8,71,B,,2,288,v0.2.0
'@fontsource-variable/lexend-exa,5.2.11,71,B,,2,288,v0.2.0
'@fontsource/delius,5.2.7,71,B,,2,288,v0.2.0
'@wix/auto_sdk_automations_activation-action-summary,1.0.21,30,F,UNVERIFIED_PUBLISH_PATH,13,288,v0.2.0
'@feedmepos/mf-common,1.29.23,30,F,UNVERIFIED_PUBLISH_PATH,3,287,v0.2.0
gifffer,1.5.4,19,F,UNVERIFIED_PUBLISH_PATH|DORMANT|SINGLE_MAINTAINER,1,287,v0.2.0
vue-snack,0.1.4,19,F,UNVERIFIED_PUBLISH_PATH|DORMANT|SINGLE_MAINTAINER,1,287,v0.2.0
'@digital-realty/ix-date,1.3.4,35,D,UNVERIFIED_PUBLISH_PATH,4,286,v0.2.0
'@truex/ad-renderer,1.12.7,21,F,UNVERIFIED_PUBLISH_PATH|SINGLE_MAINTAINER,1,286,v0.2.0
ddslick,1.0.3,14,F,UNVERIFIED_PUBLISH_PATH|DORMANT|SINGLE_MAINTAINER|PUBLISHER_NOT_MAINTAINER,1,286,v0.2.0
'@digital-realty/ix-menu,1.3.4,35,D,UNVERIFIED_PUBLISH_PATH,4,285,v0.2.0
'@fontsource-variable/wittgenstein,5.2.8,71,B,,2,285,v0.2.0
'@pwabuilder/pwaupdate,0.2.1,29,F,UNVERIFIED_PUBLISH_PATH|DORMANT,3,285,v0.2.0
gidx-js,0.6.3,25,F,UNVERIFIED_PUBLISH_PATH|SINGLE_MAINTAINER,1,285,v0.2.0
vast-player,0.2.10,19,F,UNVERIFIED_PUBLISH_PATH|DORMANT|SINGLE_MAINTAINER,1,285,v0.2.0
'@algolia/algoliasearch-netlify-frontend,1.0.15,28,F,UNVERIFIED_PUBLISH_PATH|DORMANT|PUBLISHER_NOT_MAINTAINER,11,284,v0.2.0
'@fontsource-variable/akshar,5.2.8,71,B,,2,284,v0.2.0
'@fontsource-variable/kufam,5.2.8,71,B,,2,284,v0.2.0
fluentui-emoji,1.3.0,25,F,UNVERIFIED_PUBLISH_PATH|SINGLE_MAINTAINER,1,284,v0.2.0
share-buttons,1.10.0,25,F,UNVERIFIED_PUBLISH_PATH|SINGLE_MAINTAINER,1,284,v0.2.0
'@digital-realty/ui-inventory,11.0.7,30,F,UNVERIFIED_PUBLISH_PATH,4,283,v0.2.0
'@fontsource-variable/nokora,5.2.2,71,B,,2,282,v0.2.0
'@tesseract.js-data/vie,1.0.0,19,F,UNVERIFIED_PUBLISH_PATH|DORMANT|SINGLE_MAINTAINER,1,282,v0.2.0
protip,1.4.21,14,F,UNVERIFIED_PUBLISH_PATH|DORMANT|SINGLE_MAINTAINER|PUBLISHER_NOT_MAINTAINER,1,282,v0.2.0
'@ekyc_qoobiss/qbs-ect-cmp,5.7.0,35,D,UNVERIFIED_PUBLISH_PATH,3,281,v0.2.0
bot18,0.4.31,19,F,UNVERIFIED_PUBLISH_PATH|DORMANT|SINGLE_MAINTAINER,1,281,v0.2.0
'@depict-ai/utilishared,2.6.6,35,D,UNVERIFIED_PUBLISH_PATH,2,280,v0.2.0
jquery.mb.ytplayer,3.4.6,25,F,UNVERIFIED_PUBLISH_PATH|SINGLE_MAINTAINER,1,280,v0.2.0
kityminder-core,1.4.50,19,F,UNVERIFIED_PUBLISH_PATH|DORMANT|SINGLE_MAINTAINER,1,280,v0.2.0
use-bootstrap-select,2.2.1,14,F,UNVERIFIED_PUBLISH_PATH|DORMANT|SINGLE_MAINTAINER,1,280,v0.2.0
'@fontsource-variable/anek-devanagari,5.2.7,71,B,,2,279,v0.2.0
reefjs,13.0.6,19,F,UNVERIFIED_PUBLISH_PATH|DORMANT|SINGLE_MAINTAINER,1,279,v0.2.0
'@fontsource/gentium-plus,5.2.7,71,B,,2,278,v0.2.0
'@fontsource/patrick-hand-sc,5.2.8,71,B,,2,278,v0.2.0
'@wix/auto_sdk_automations_activations,1.0.137,30,F,UNVERIFIED_PUBLISH_PATH,13,278,v0.2.0
'@fontsource/sawarabi-mincho,5.2.8,71,B,,2,277,v0.2.0
'@fontsource/solway,5.2.8,71,B,,2,276,v0.2.0
'@fontsource/marcellus-sc,5.2.8,71,B,,2,275,v0.2.0
'@mladenilic/threesixty.js,1.3.0,19,F,UNVERIFIED_PUBLISH_PATH|DORMANT|SINGLE_MAINTAINER,1,273,v0.2.0
hemfixarna-web-components,1.8.23,35,D,UNVERIFIED_PUBLISH_PATH,3,273,v0.2.0
snapdom,0.1.2,19,F,UNVERIFIED_PUBLISH_PATH|DORMANT|SINGLE_MAINTAINER,1,273,v0.2.0
'@sableclient/twemoji-font,1.0.4,87,A,,3,272,v0.2.0
'@digital-realty/ix-divider,1.3.4,35,D,UNVERIFIED_PUBLISH_PATH,4,271,v0.2.0
'@fontsource/yuji-syuku,5.2.7,71,B,,2,271,v0.2.0
'@tagadapay/plugin-sdk,4.1.0,34,F,UNVERIFIED_PUBLISH_PATH,4,271,v0.2.0
krds-uiux,1.1.0,21,F,UNVERIFIED_PUBLISH_PATH|SINGLE_MAINTAINER,1,270,v0.2.0
paymob-pixel,1.2.7,21,F,UNVERIFIED_PUBLISH_PATH|SINGLE_MAINTAINER,1,270,v0.2.0
ractive-transitions-fly,0.3.0,19,F,UNVERIFIED_PUBLISH_PATH|DORMANT|SINGLE_MAINTAINER,1,270,v0.2.0
'@telegram.ts/types,1.29.2,20,F,UNVERIFIED_PUBLISH_PATH|SINGLE_MAINTAINER,1,269,v0.2.0
'@wix/auto_sdk_events_ticket-reservations,1.0.50,30,F,UNVERIFIED_PUBLISH_PATH,13,269,v0.2.0
docs-searchbar.js,2.5.0,33,F,UNVERIFIED_PUBLISH_PATH|DORMANT,4,269,v0.2.0
eldarion-ajax,0.16.0,19,F,UNVERIFIED_PUBLISH_PATH|DORMANT|SINGLE_MAINTAINER,1,269,v0.2.0
htmx-ext-path-params,2.0.2,25,F,UNVERIFIED_PUBLISH_PATH|SINGLE_MAINTAINER,1,269,v0.2.0
'@digital-realty/ui-my-account,12.0.6,30,F,UNVERIFIED_PUBLISH_PATH,4,268,v0.2.0
file-drop-element,1.0.1,19,F,UNVERIFIED_PUBLISH_PATH|DORMANT|SINGLE_MAINTAINER,1,268,v0.2.0
select-woo,1.0.1,14,F,UNVERIFIED_PUBLISH_PATH|DORMANT|SINGLE_MAINTAINER,1,268,v0.2.0
'@digital-realty/ix-radio,1.3.4,35,D,UNVERIFIED_PUBLISH_PATH,4,267,v0.2.0
marx-css,4.1.4,63,C,SINGLE_MAINTAINER,1,266,v0.2.0
sgds-govtech,1.3.23,33,F,UNVERIFIED_PUBLISH_PATH|DORMANT,4,266,v0.2.0
'@lemonadejs/studio,5.7.14,25,F,UNVERIFIED_PUBLISH_PATH|SINGLE_MAINTAINER,1,265,v0.2.0
cn-fontsource-source-han-sans-sc-vf,1.0.10,19,F,UNVERIFIED_PUBLISH_PATH|DORMANT|SINGLE_MAINTAINER,1,265,v0.2.0
jquery-gray,1.7.0,19,F,UNVERIFIED_PUBLISH_PATH|DORMANT|SINGLE_MAINTAINER,1,265,v0.2.0
map-gl-style-switcher,0.10.1,63,C,INCONSISTENT_PUBLISH_PATH|SINGLE_MAINTAINER,1,265,v0.2.0
'@fontsource-variable/reddit-sans-condensed,5.2.7,71,B,,2,264,v0.2.0
doofinder,7.0.3,25,F,UNVERIFIED_PUBLISH_PATH|SINGLE_MAINTAINER,1,264,v0.2.0
jquery-ui-monthpicker,1.0.3,19,F,UNVERIFIED_PUBLISH_PATH|DORMANT|SINGLE_MAINTAINER,1,264,v0.2.0
'@fontsource/noto-serif-hk,5.2.9,71,B,,2,263,v0.2.0
'@fontsource/rasa,5.2.9,71,B,,2,263,v0.2.0
'@ricky0123/vad,0.2.4,15,F,UNVERIFIED_PUBLISH_PATH|DORMANT|SINGLE_MAINTAINER|DEPRECATED,1,263,v0.2.0
reveal.js-menu,2.1.0,19,F,UNVERIFIED_PUBLISH_PATH|DORMANT|SINGLE_MAINTAINER,1,263,v0.2.0
'@chinese-fonts/syst,3.0.0,20,F,UNVERIFIED_PUBLISH_PATH|SINGLE_MAINTAINER,1,262,v0.2.0
'@mcp-b/webmcp-local-relay,4.0.0,71,B,INCONSISTENT_PUBLISH_PATH|SINGLE_MAINTAINER,1,262,v0.2.0
jquery.steps,1.1.4,19,F,UNVERIFIED_PUBLISH_PATH|DORMANT|SINGLE_MAINTAINER,1,262,v0.2.0
van11y-accessible-tab-panel-aria,2.1.0,21,F,UNVERIFIED_PUBLISH_PATH|SINGLE_MAINTAINER,1,262,v0.2.0
svg-pan-zoom-container,0.6.1,19,F,UNVERIFIED_PUBLISH_PATH|DORMANT|SINGLE_MAINTAINER,1,261,v0.2.0
'@picmo/renderer-twemoji,5.8.5,19,F,UNVERIFIED_PUBLISH_PATH|DORMANT|SINGLE_MAINTAINER|DEPRECATED,1,260,v0.2.0
'@typehaus/metropolis,12.0.0-next.7,28,F,UNVERIFIED_PUBLISH_PATH|DORMANT,2,260,v0.2.0
truelayer-web-sdk,0.11.0,30,F,UNVERIFIED_PUBLISH_PATH,2,260,v0.2.0
'@fontsource/belleza,5.2.8,71,B,,2,259,v0.2.0
'@twind/cdn,1.0.8,21,F,UNVERIFIED_PUBLISH_PATH|DORMANT|SINGLE_MAINTAINER,1,257,v0.2.0
cn-fontsource-alimama-dong-fang-da-kai-regular,1.0.3,19,F,UNVERIFIED_PUBLISH_PATH|DORMANT|SINGLE_MAINTAINER,1,257,v0.2.0
'@covet-pics/covet-pics-widget,0.178.0,25,F,UNVERIFIED_PUBLISH_PATH|SINGLE_MAINTAINER,1,256,v0.2.0
'@digital-realty/ix-textbox,2.4.5,35,D,UNVERIFIED_PUBLISH_PATH,4,256,v0.2.0
'@newrelic/video-shaka,4.1.3,68,C,SINGLE_MAINTAINER,1,256,v0.2.0
'@wix/auto_sdk_automations_trigger-catalog,1.0.60,30,F,UNVERIFIED_PUBLISH_PATH,13,256,v0.2.0
jqplot,1.0.9,10,F,UNVERIFIED_PUBLISH_PATH|DORMANT|SINGLE_MAINTAINER,1,256,v0.2.0
'@dearhive/dearflip-jquery-flipbook,1.7.3,19,F,UNVERIFIED_PUBLISH_PATH|DORMANT|SINGLE_MAINTAINER,1,255,v0.2.0
'@fontsource/lateef,5.2.8,71,B,,2,255,v0.2.0
'@foxreis/tizentube,1.14.6,25,F,UNVERIFIED_PUBLISH_PATH|SINGLE_MAINTAINER,1,255,v0.2.0
'@ip-location-db/asn-mmdb,2.3.2026061719,68,C,SINGLE_MAINTAINER,1,255,v0.2.0
'@wix/auto_sdk_automations_automations-service,1.0.64,30,F,UNVERIFIED_PUBLISH_PATH,13,255,v0.2.0
js-info-bubble,0.8.0,19,F,UNVERIFIED_PUBLISH_PATH|DORMANT|SINGLE_MAINTAINER,1,255,v0.2.0
jsmart,4.0.0,19,F,UNVERIFIED_PUBLISH_PATH|DORMANT|SINGLE_MAINTAINER,1,255,v0.2.0
selectivizr,1.0.3,19,F,UNVERIFIED_PUBLISH_PATH|DORMANT|SINGLE_MAINTAINER,1,255,v0.2.0
inclusive-dates,0.1.10,19,F,UNVERIFIED_PUBLISH_PATH|DORMANT|SINGLE_MAINTAINER,1,253,v0.2.0
'@fontsource/charis-sil,5.2.7,71,B,,2,252,v0.2.0
'@lmc-eu/cookie-consent-manager,2.6.0,14,F,UNVERIFIED_PUBLISH_PATH|DORMANT|SINGLE_MAINTAINER,1,252,v0.2.0
chiron-sung-hk-webfont,1.0.24,68,C,SINGLE_MAINTAINER,1,251,v0.2.0
statsig-sidecar-v2-beta,2.6.2,39,D,UNVERIFIED_PUBLISH_PATH,7,251,v0.2.0
v-google-translate,1.0.1,19,F,UNVERIFIED_PUBLISH_PATH|DORMANT|SINGLE_MAINTAINER,1,251,v0.2.0
waitme,1.19.0,14,F,UNVERIFIED_PUBLISH_PATH|DORMANT|SINGLE_MAINTAINER,1,251,v0.2.0
'@fontsource-variable/chiron-goround-tc,5.2.5,81,B,,2,250,v0.2.0
'@inlang/plugin-icu1,1.1.0,82,B,,2,250,v0.2.0
jquery-drilldown,1.1.2,14,F,UNVERIFIED_PUBLISH_PATH|DORMANT|SINGLE_MAINTAINER|PUBLISHER_NOT_MAINTAINER,1,250,v0.2.0
'@digital-realty/ix-icon-button,1.3.4,35,D,UNVERIFIED_PUBLISH_PATH,4,249,v0.2.0
'@digital-realty/ui-mfe-dcim,12.0.2,30,F,UNVERIFIED_PUBLISH_PATH,4,249,v0.2.0
'@hackmd/emojify.js,3.0.2,39,D,UNVERIFIED_PUBLISH_PATH,3,249,v0.2.0
bootstrap-colorselector,0.1.0,19,F,UNVERIFIED_PUBLISH_PATH|DORMANT|SINGLE_MAINTAINER,1,249,v0.2.0
simple-jekyll-search,1.10.0,19,F,UNVERIFIED_PUBLISH_PATH|DORMANT|SINGLE_MAINTAINER,1,249,v0.2.0
'@fontsource/aboreto,5.2.7,71,B,,2,248,v0.2.0
'@fontsource/volkhov,5.2.8,71,B,,2,248,v0.2.0
'@ip-location-db/geo-whois-asn-country-mmdb,2.3.2026061719,68,C,SINGLE_MAINTAINER,1,248,v0.2.0
'@mdi/light-font,0.2.63,33,F,UNVERIFIED_PUBLISH_PATH|DORMANT,6,248,v0.2.0
'@digital-realty/ix-checkbox,1.4.5,35,D,UNVERIFIED_PUBLISH_PATH,4,247,v0.2.0
'@froomle/frontend-sdk,0.6.4,16,F,UNVERIFIED_PUBLISH_PATH|SINGLE_MAINTAINER|PUBLISHER_NOT_MAINTAINER,1,247,v0.2.0
findindex_polyfill_mdn,1.0.0,15,F,UNVERIFIED_PUBLISH_PATH|DORMANT|SINGLE_MAINTAINER,1,247,v0.2.0
webc-miam,9.1.30,30,F,UNVERIFIED_PUBLISH_PATH,3,247,v0.2.0
angularjs-toast,4.0.1,14,F,UNVERIFIED_PUBLISH_PATH|DORMANT|SINGLE_MAINTAINER,1,246,v0.2.0
videojs-watermark,2.0.0,33,F,UNVERIFIED_PUBLISH_PATH|DORMANT,3,246,v0.2.0
'@tsparticles/jquery,4.3.2,69,C,INCONSISTENT_PUBLISH_PATH|SINGLE_MAINTAINER,1,245,v0.2.0
'@ip-location-db/asn,2.3.2026061719,58,C,INCONSISTENT_PUBLISH_PATH|SINGLE_MAINTAINER,1,244,v0.2.0
'@kissflow/lowcode-client-sdk,1.0.49,41,D,UNVERIFIED_PUBLISH_PATH,2,244,v0.2.0
marvinj,1.0.0,19,F,UNVERIFIED_PUBLISH_PATH|DORMANT|SINGLE_MAINTAINER,1,244,v0.2.0
'@doctorassistant/daai-component,2.5.2,77,B,,2,243,v0.2.0
'@fontsource/ruda,5.2.8,71,B,,2,243,v0.2.0
jquery.equalheights,1.5.3,19,F,UNVERIFIED_PUBLISH_PATH|DORMANT|SINGLE_MAINTAINER,1,243,v0.2.0
polipop,1.0.0,19,F,UNVERIFIED_PUBLISH_PATH|DORMANT|SINGLE_MAINTAINER,1,243,v0.2.0
'@list-kr/tinyshield,1.8.1,63,C,SINGLE_MAINTAINER,1,242,v0.2.0
'@tripetto/studio,4.0.1,29,F,UNVERIFIED_PUBLISH_PATH|DORMANT,3,242,v0.2.0
jqgrid,4.6.4,10,F,UNVERIFIED_PUBLISH_PATH|DORMANT|SINGLE_MAINTAINER,1,242,v0.2.0
leaflet-panel-layers,1.3.1,19,F,UNVERIFIED_PUBLISH_PATH|DORMANT|SINGLE_MAINTAINER,1,242,v0.2.0
litepicker-module-ranges,0.0.4,19,F,UNVERIFIED_PUBLISH_PATH|DORMANT|SINGLE_MAINTAINER|DEPRECATED,1,242,v0.2.0
siimple,4.4.0,25,F,UNVERIFIED_PUBLISH_PATH|SINGLE_MAINTAINER,1,242,v0.2.0
'@xiaoyexiang/videojs-resolution-switcher-v7,1.1.9,19,F,UNVERIFIED_PUBLISH_PATH|DORMANT|SINGLE_MAINTAINER,1,241,v0.2.0
scroll-padlock,3.1.0,25,F,UNVERIFIED_PUBLISH_PATH|SINGLE_MAINTAINER,1,241,v0.2.0
opencc-data,1.4.1,77,B,INCONSISTENT_PUBLISH_PATH,3,240,v0.2.0
x-mega-menu,1.4.1,33,F,UNVERIFIED_PUBLISH_PATH|DORMANT,2,240,v0.2.0
'@managed-api/jira-cloud-v3-core,3.7.0,30,F,UNVERIFIED_PUBLISH_PATH,9,239,v0.2.0
live2d-widgets,1.0.1,25,F,UNVERIFIED_PUBLISH_PATH|SINGLE_MAINTAINER,1,238,v0.2.0
tempusdominus-bootstrap,5.37.0,19,F,UNVERIFIED_PUBLISH_PATH|DORMANT|SINGLE_MAINTAINER,1,238,v0.2.0
'@fontsource/gudea,5.2.8,71,B,,2,237,v0.2.0
'@fungies/fungies-js,0.7.3,30,F,UNVERIFIED_PUBLISH_PATH,4,237,v0.2.0
'@digital-realty/ix-tooltip,1.3.4,35,D,UNVERIFIED_PUBLISH_PATH,4,236,v0.2.0
'@politiet/sheriff-icons,2.1.0,35,D,UNVERIFIED_PUBLISH_PATH,2,236,v0.2.0
bc-code-intelligence-mcp,1.7.6,25,F,UNVERIFIED_PUBLISH_PATH|SINGLE_MAINTAINER,1,236,v0.2.0
'@fontsource/fusion-pixel-12px-proportional-sc,5.2.5,71,B,,2,235,v0.2.0
'@fontsource/unna,5.2.8,71,B,,2,235,v0.2.0
alpinejs-masonry,1.0.16,15,F,UNVERIFIED_PUBLISH_PATH|DORMANT|SINGLE_MAINTAINER,1,235,v0.2.0
'@banuba/agora-extension,2.0.0,24,F,UNVERIFIED_PUBLISH_PATH|DORMANT|PUBLISHER_NOT_MAINTAINER,6,234,v0.2.0
'@beeq/core,1.13.0,65,C,INCONSISTENT_PUBLISH_PATH|SINGLE_MAINTAINER,1,234,v0.2.0
'@digital-realty/ix-toast,1.3.5,35,D,UNVERIFIED_PUBLISH_PATH,4,234,v0.2.0
'@wf-financing/ui,5.5.1,16,F,UNVERIFIED_PUBLISH_PATH|SINGLE_MAINTAINER,1,234,v0.2.0
beerslider,1.0.3,19,F,UNVERIFIED_PUBLISH_PATH|DORMANT|SINGLE_MAINTAINER,1,234,v0.2.0
guidechimp,5.0.5,79,B,SINGLE_MAINTAINER,1,234,v0.2.0
minigrid,3.1.1,19,F,UNVERIFIED_PUBLISH_PATH|DORMANT|SINGLE_MAINTAINER,1,234,v0.2.0
'@fontsource/trirong,5.2.8,71,B,,2,233,v0.2.0
rozmova-analytics,1.1.56,16,F,UNVERIFIED_PUBLISH_PATH|SINGLE_MAINTAINER,1,231,v0.2.0
'@algolia/utm-attribution,3.2.0,39,D,UNVERIFIED_PUBLISH_PATH,21,230,v0.2.0
mona-sans,1.0.0,14,F,UNVERIFIED_PUBLISH_PATH|DORMANT|SINGLE_MAINTAINER,1,230,v0.2.0
'@cycjimmy/swiper-animation,6.0.3,19,F,UNVERIFIED_PUBLISH_PATH|DORMANT|SINGLE_MAINTAINER,1,229,v0.2.0
'@konnectio/core,4.7.1,21,F,UNVERIFIED_PUBLISH_PATH|SINGLE_MAINTAINER,1,229,v0.2.0
'@fontsource/encode-sans-expanded,5.2.7,71,B,,2,228,v0.2.0
'@qomon/pricing-website,0.14.5,20,F,UNVERIFIED_PUBLISH_PATH|SINGLE_MAINTAINER,1,228,v0.2.0
open-sans-all,0.1.3,19,F,UNVERIFIED_PUBLISH_PATH|DORMANT|SINGLE_MAINTAINER,1,228,v0.2.0
textillate,0.4.1,10,F,UNVERIFIED_PUBLISH_PATH|DORMANT|SINGLE_MAINTAINER|PUBLISHER_NOT_MAINTAINER,1,228,v0.2.0
'@fontsource/caudex,5.2.8,71,B,,2,227,v0.2.0
'@fontsource/markazi-text,5.2.9,71,B,,2,227,v0.2.0
'@govtechsg/sgds-masthead,0.0.20,28,F,UNVERIFIED_PUBLISH_PATH|DORMANT|DEPRECATED,14,227,v0.2.0
ai-taxonomist,0.7.0,33,F,UNVERIFIED_PUBLISH_PATH|DORMANT,4,227,v0.2.0
'@fontsource/carter-one,5.2.8,71,B,,2,226,v0.2.0
table2excel,1.0.4,19,F,UNVERIFIED_PUBLISH_PATH|DORMANT|SINGLE_MAINTAINER,1,225,v0.2.0
bootstrap-select-country,4.2.0,19,F,UNVERIFIED_PUBLISH_PATH|DORMANT|SINGLE_MAINTAINER,1,224,v0.2.0
swiftype-autocomplete-jquery,1.2.0,14,F,UNVERIFIED_PUBLISH_PATH|DORMANT|SINGLE_MAINTAINER,1,224,v0.2.0
'@feedmepos/mf-hrm-portal,2.0.25,30,F,UNVERIFIED_PUBLISH_PATH,3,223,v0.2.0
akar-icons-fonts,1.1.22,19,F,UNVERIFIED_PUBLISH_PATH|DORMANT|SINGLE_MAINTAINER,1,223,v0.2.0
devicons,2.0.1,63,C,INCONSISTENT_PUBLISH_PATH|SINGLE_MAINTAINER,1,223,v0.2.0
slick-animation,0.3.3,19,F,UNVERIFIED_PUBLISH_PATH|DORMANT|SINGLE_MAINTAINER,1,222,v0.2.0
table2csv,1.1.6,19,F,UNVERIFIED_PUBLISH_PATH|DORMANT|SINGLE_MAINTAINER,1,221,v0.2.0
'@fontsource/arima,5.2.8,71,B,,2,220,v0.2.0
'@fontsource/do-hyeon,5.2.8,71,B,,2,219,v0.2.0
et-line,1.0.1,19,F,UNVERIFIED_PUBLISH_PATH|DORMANT|SINGLE_MAINTAINER,1,219,v0.2.0
hexo-theme-solitude,3.0.21,26,F,UNVERIFIED_PUBLISH_PATH|SINGLE_MAINTAINER,1,219,v0.2.0
rasa-webchat,1.0.1,33,F,UNVERIFIED_PUBLISH_PATH|DORMANT,2,219,v0.2.0
rolldate,3.1.3,19,F,UNVERIFIED_PUBLISH_PATH|DORMANT|SINGLE_MAINTAINER,1,219,v0.2.0
vue-custom-range-slider,0.2.3,19,F,UNVERIFIED_PUBLISH_PATH|DORMANT|SINGLE_MAINTAINER,1,219,v0.2.0
'@fontsource/murecho,5.2.8,71,B,,2,218,v0.2.0
'@frametrail/frametrail,1.2.7,63,C,INCONSISTENT_PUBLISH_PATH|SINGLE_MAINTAINER,1,218,v0.2.0
'@tesseract.js-data/heb,1.0.0,19,F,UNVERIFIED_PUBLISH_PATH|DORMANT|SINGLE_MAINTAINER,1,218,v0.2.0
'@depict-ai/dpc,2.6.10,35,D,UNVERIFIED_PUBLISH_PATH,2,217,v0.2.0
disableautofill,4.0.0,19,F,UNVERIFIED_PUBLISH_PATH|DORMANT|SINGLE_MAINTAINER,1,217,v0.2.0
van11y-accessible-modal-window-aria,2.5.1,21,F,UNVERIFIED_PUBLISH_PATH|SINGLE_MAINTAINER,1,217,v0.2.0
'@digital-realty/ix-tree,3.4.8,35,D,UNVERIFIED_PUBLISH_PATH,4,216,v0.2.0
'@flittpayments/js-sdk,2.0.11-alpha.0,35,D,UNVERIFIED_PUBLISH_PATH,5,216,v0.2.0
adp-web-components,0.3.6,25,F,UNVERIFIED_PUBLISH_PATH|SINGLE_MAINTAINER,1,216,v0.2.0
fansunited-sdk-umd,1.128.0,35,D,UNVERIFIED_PUBLISH_PATH,3,215,v0.2.0
'@feedmepos/mf-brand-app-builder,0.5.41-prod,30,F,UNVERIFIED_PUBLISH_PATH,3,214,v0.2.0
'@fontsource/dongle,5.2.7,71,B,,2,214,v0.2.0
minicon1,0.0.3,16,F,UNVERIFIED_PUBLISH_PATH|SINGLE_MAINTAINER,1,214,v0.2.0
sticksy,0.2.0,19,F,UNVERIFIED_PUBLISH_PATH|DORMANT|SINGLE_MAINTAINER,1,214,v0.2.0
'@digital-realty/ix-grid,1.4.5,35,D,UNVERIFIED_PUBLISH_PATH,4,213,v0.2.0
mapbox-gl-rain-layer,0.9.1,25,F,UNVERIFIED_PUBLISH_PATH|SINGLE_MAINTAINER,1,213,v0.2.0
simptip,1.0.4,19,F,UNVERIFIED_PUBLISH_PATH|DORMANT|SINGLE_MAINTAINER,1,213,v0.2.0
'@trendyol/baklava-icons,1.3.0,73,B,SINGLE_MAINTAINER,1,212,v0.2.0
'@watergis/mapbox-gl-export,3.6.1,20,F,UNVERIFIED_PUBLISH_PATH|SINGLE_MAINTAINER,1,212,v0.2.0
slidebars,2.0.2,15,F,UNVERIFIED_PUBLISH_PATH|DORMANT|SINGLE_MAINTAINER,1,212,v0.2.0
echarts-map,3.0.1,14,F,UNVERIFIED_PUBLISH_PATH|DORMANT|SINGLE_MAINTAINER,1,211,v0.2.0
ibm-appconfiguration-js-client-sdk,0.3.0,25,F,UNVERIFIED_PUBLISH_PATH|SINGLE_MAINTAINER,1,211,v0.2.0
leaflet.pancontrol,1.0.0,33,F,UNVERIFIED_PUBLISH_PATH|DORMANT,3,211,v0.2.0
'@8thwall/xrextras,1.0.0,39,D,UNVERIFIED_PUBLISH_PATH,2,210,v0.2.0
responsive-tabs,1.6.3,19,F,UNVERIFIED_PUBLISH_PATH|DORMANT|SINGLE_MAINTAINER,1,210,v0.2.0
three-js,79.0.0,19,F,UNVERIFIED_PUBLISH_PATH|DORMANT|SINGLE_MAINTAINER|DEPRECATED,1,210,v0.2.0
owlcarousel,1.3.3,19,F,UNVERIFIED_PUBLISH_PATH|DORMANT|SINGLE_MAINTAINER,1,209,v0.2.0
'@cdek-it/widget,3.11.1,39,D,UNVERIFIED_PUBLISH_PATH|DORMANT|BRANCH_REQUIRES_SIGNATURES|BRANCH_REQUIRES_PR,3,208,v0.2.0
radial-progress-chart,0.0.4,19,F,UNVERIFIED_PUBLISH_PATH|DORMANT|SINGLE_MAINTAINER,1,208,v0.2.0
sakura-js,1.1.1,15,F,UNVERIFIED_PUBLISH_PATH|DORMANT|SINGLE_MAINTAINER,1,208,v0.2.0
solid-phosphor,1.0.16,15,F,UNVERIFIED_PUBLISH_PATH|DORMANT|SINGLE_MAINTAINER,1,208,v0.2.0
'@digital-realty/ix-dialog,1.3.4,35,D,UNVERIFIED_PUBLISH_PATH,4,207,v0.2.0
'@digital-realty/ix-drawer,1.3.6,35,D,UNVERIFIED_PUBLISH_PATH,4,207,v0.2.0
'@digital-realty/ix-field,1.3.4,35,D,UNVERIFIED_PUBLISH_PATH,4,207,v0.2.0
'@fontsource/viga,5.2.7,71,B,,2,207,v0.2.0
'@leadmetrics-ai/landing-sdk,1.0.49,25,F,UNVERIFIED_PUBLISH_PATH|SINGLE_MAINTAINER,1,207,v0.2.0
'@beyonk/embedded,4.1.0,30,F,UNVERIFIED_PUBLISH_PATH,7,206,v0.2.0
'@creativecommons/vocabulary,2020.11.3,30,F,UNVERIFIED_PUBLISH_PATH|DORMANT|PUBLISHER_NOT_MAINTAINER,4,205,v0.2.0
'@fontsource/martel,5.2.8,71,B,,2,205,v0.2.0
'@fontsource/pathway-gothic-one,5.2.7,71,B,,2,205,v0.2.0
'@materialstyle/materialstyle,3.1.1,19,F,UNVERIFIED_PUBLISH_PATH|DORMANT|SINGLE_MAINTAINER,1,205,v0.2.0
cdnbye,1.22.1,19,F,UNVERIFIED_PUBLISH_PATH|DORMANT|SINGLE_MAINTAINER,1,205,v0.2.0
jquery.sticky,0.2.1,19,F,UNVERIFIED_PUBLISH_PATH|DORMANT|SINGLE_MAINTAINER,1,205,v0.2.0
treeviz,3.0.1,19,F,UNVERIFIED_PUBLISH_PATH|DORMANT|SINGLE_MAINTAINER,1,205,v0.2.0
'@fontsource/hind-madurai,5.2.8,71,B,,2,204,v0.2.0
'@nasa-terra/components,0.0.194,39,D,UNVERIFIED_PUBLISH_PATH,3,204,v0.2.0
'@rededor/nice-chat-component-lib,0.5.14-alpha.0,35,D,UNVERIFIED_PUBLISH_PATH,15,204,v0.2.0
'@swarmcloud/hls,2.18.0,25,F,UNVERIFIED_PUBLISH_PATH|SINGLE_MAINTAINER,1,204,v0.2.0
knockout-fast-foreach,0.6.0,19,F,UNVERIFIED_PUBLISH_PATH|DORMANT|SINGLE_MAINTAINER,1,204,v0.2.0
layui-layer,1.0.9,14,F,UNVERIFIED_PUBLISH_PATH|DORMANT|SINGLE_MAINTAINER,1,204,v0.2.0
wmf-sitematrix,0.2.0,33,F,UNVERIFIED_PUBLISH_PATH|DORMANT,2,204,v0.2.0
'@addresszen/address-lookup,2.3.5,26,F,UNVERIFIED_PUBLISH_PATH|SINGLE_MAINTAINER,1,203,v0.2.0
'@fontsource/vidaloka,5.2.7,71,B,,2,203,v0.2.0
'@memori.ai/memori-webcomponent,8.2.16,39,D,UNVERIFIED_PUBLISH_PATH,3,203,v0.2.0
currency-code-symbol-map,1.0.1,19,F,UNVERIFIED_PUBLISH_PATH|DORMANT|SINGLE_MAINTAINER,1,203,v0.2.0
jquery-formatdatetime,1.1.6,19,F,UNVERIFIED_PUBLISH_PATH|DORMANT|SINGLE_MAINTAINER,1,203,v0.2.0
'@digital-realty/ix-select,1.3.4,35,D,UNVERIFIED_PUBLISH_PATH,4,202,v0.2.0
'@fontsource/reggae-one,5.2.8,71,B,,2,202,v0.2.0
'@tsocial/tvweb-sdk,5.38.4,35,D,UNVERIFIED_PUBLISH_PATH,3,202,v0.2.0
sakura.css,1.5.1,25,F,UNVERIFIED_PUBLISH_PATH|SINGLE_MAINTAINER,1,202,v0.2.0
'@fontsource/inria-serif,5.2.8,71,B,,2,200,v0.2.0
'@wix/headless-events,0.0.66,30,F,UNVERIFIED_PUBLISH_PATH,6,200,v0.2.0
jquery-clock-timepicker,2.6.6,25,F,UNVERIFIED_PUBLISH_PATH|SINGLE_MAINTAINER,1,200,v0.2.0
toaster-ui,1.1.5,19,F,UNVERIFIED_PUBLISH_PATH|DORMANT|SINGLE_MAINTAINER,1,199,v0.2.0
'@inkeep/agents-ui-js-cloud,0.17.6,34,F,UNVERIFIED_PUBLISH_PATH,8,198,v0.2.0
'@stlite/browser,1.8.1,68,C,SINGLE_MAINTAINER,1,198,v0.2.0
dbip-city-lite,1.0.15,73,B,SINGLE_MAINTAINER,1,198,v0.2.0
jquery-table2excel,1.1.1,19,F,UNVERIFIED_PUBLISH_PATH|DORMANT|SINGLE_MAINTAINER,1,198,v0.2.0
simple-pagination.js,1.6.0,19,F,UNVERIFIED_PUBLISH_PATH|DORMANT|SINGLE_MAINTAINER,1,198,v0.2.0
'@reachfive/identity-ui,1.43.1,71,B,INCONSISTENT_PUBLISH_PATH,3,197,v0.2.0
'@ukho/admiralty-core,5.7.0,94,A,,3,197,v0.2.0
jquery-connections,1.0.1,19,F,UNVERIFIED_PUBLISH_PATH|DORMANT|SINGLE_MAINTAINER,1,197,v0.2.0
'@digital-realty/ix-date-next,1.2.4,35,D,UNVERIFIED_PUBLISH_PATH,4,196,v0.2.0
'@fontsource/economica,5.2.8,71,B,,2,196,v0.2.0
material-scrolltop,2.0.1,19,F,UNVERIFIED_PUBLISH_PATH|DORMANT|SINGLE_MAINTAINER,1,196,v0.2.0
mixpanel-lite,1.6.0,19,F,UNVERIFIED_PUBLISH_PATH|DORMANT|SINGLE_MAINTAINER,1,196,v0.2.0
accessibility-widgets,2.0.14,25,F,UNVERIFIED_PUBLISH_PATH|SINGLE_MAINTAINER,1,195,v0.2.0
joe-header,2.0.13,35,D,UNVERIFIED_PUBLISH_PATH,2,195,v0.2.0
smooth-zoom,1.5.0,14,F,UNVERIFIED_PUBLISH_PATH|DORMANT|SINGLE_MAINTAINER,1,195,v0.2.0
theme-toggles,4.10.1,14,F,UNVERIFIED_PUBLISH_PATH|DORMANT|SINGLE_MAINTAINER|DEPRECATED,1,195,v0.2.0
'@fontsource/goldman,5.2.8,71,B,,2,194,v0.2.0
'@materials-elements/core,1.0.2,19,F,UNVERIFIED_PUBLISH_PATH|DORMANT|SINGLE_MAINTAINER,1,194,v0.2.0
'@swisspost/internet-header,1.17.0,95,A,,4,194,v0.2.0
'@tinybirdco/flock.js,1.7.1,25,F,UNVERIFIED_PUBLISH_PATH|SINGLE_MAINTAINER,1,194,v0.2.0
anzhiyu-theme-static,1.1.10,10,F,UNVERIFIED_PUBLISH_PATH|DORMANT|SINGLE_MAINTAINER,1,194,v0.2.0
barba.js,1.0.0,19,F,UNVERIFIED_PUBLISH_PATH|DORMANT|SINGLE_MAINTAINER,1,194,v0.2.0
dejavu-sans,1.0.0,19,F,UNVERIFIED_PUBLISH_PATH|DORMANT|SINGLE_MAINTAINER,1,194,v0.2.0
'@grubersjoe/slide-menu,1.2.3,19,F,UNVERIFIED_PUBLISH_PATH|DORMANT|SINGLE_MAINTAINER|DEPRECATED,1,193,v0.2.0
'@recogito/annotorious-toolbar,1.2.1,29,F,UNVERIFIED_PUBLISH_PATH|DORMANT,3,193,v0.2.0
dynamsoft-document-normalizer,2.6.11,10,F,UNVERIFIED_PUBLISH_PATH|DORMANT|SINGLE_MAINTAINER|DEPRECATED,1,193,v0.2.0
rolldate-full,3.2.3,19,F,UNVERIFIED_PUBLISH_PATH|DORMANT|SINGLE_MAINTAINER,1,193,v0.2.0
'@danske/sapphire-icons,3.2.0,35,D,UNVERIFIED_PUBLISH_PATH,2,192,v0.2.0
iframe-lightbox,0.2.12,25,F,UNVERIFIED_PUBLISH_PATH|SINGLE_MAINTAINER,1,192,v0.2.0
webstorage-polyfill,1.0.1,14,F,UNVERIFIED_PUBLISH_PATH|DORMANT|SINGLE_MAINTAINER|PUBLISHER_NOT_MAINTAINER,1,192,v0.2.0
'@denali-design/icons,1.2.1,33,F,UNVERIFIED_PUBLISH_PATH|DORMANT,4,191,v0.2.0
'@fontsource/advent-pro,5.2.7,71,B,,2,191,v0.2.0
jquery-bonsai,2.1.3,19,F,UNVERIFIED_PUBLISH_PATH|DORMANT|SINGLE_MAINTAINER,1,191,v0.2.0
mt-boost,1.0.46,10,F,UNVERIFIED_PUBLISH_PATH|DORMANT|SINGLE_MAINTAINER,1,191,v0.2.0
'@fontsource/martel-sans,5.2.8,71,B,,2,190,v0.2.0
drawsvg,1.1.0,19,F,UNVERIFIED_PUBLISH_PATH|DORMANT|SINGLE_MAINTAINER,1,190,v0.2.0
jmapserver-ng,2.13.0,35,D,UNVERIFIED_PUBLISH_PATH,7,189,v0.2.0
litepicker-polyfills-ie11,0.0.1,19,F,UNVERIFIED_PUBLISH_PATH|DORMANT|SINGLE_MAINTAINER,1,189,v0.2.0
textfilljs,1.0.3-a,19,F,UNVERIFIED_PUBLISH_PATH|DORMANT|SINGLE_MAINTAINER,1,189,v0.2.0
'@fontsource/uncut-sans,5.2.5,71,B,,2,188,v0.2.0
'@icon/dashicons,0.9.0-alpha.4,33,F,UNVERIFIED_PUBLISH_PATH|DORMANT,2,188,v0.2.0
'@mediadatafusion/pi-workflow-suite,0.0.25,31,F,UNVERIFIED_PUBLISH_PATH|SINGLE_MAINTAINER,1,188,v0.2.0
'@noonnu/nanum-square-neo-variable,0.1.0,14,F,UNVERIFIED_PUBLISH_PATH|DORMANT|SINGLE_MAINTAINER,1,188,v0.2.0
owl.carousel2.thumbs,0.1.8,19,F,UNVERIFIED_PUBLISH_PATH|DORMANT|SINGLE_MAINTAINER,1,188,v0.2.0
revslider,5.4.201-8.6,19,F,UNVERIFIED_PUBLISH_PATH|DORMANT|SINGLE_MAINTAINER,1,188,v0.2.0
tempusdominus-bootstrap-3,5.0.0-alpha10,33,F,UNVERIFIED_PUBLISH_PATH|DORMANT,2,188,v0.2.0
'@fastwork/xosmoz-theme,1.1.7,35,D,UNVERIFIED_PUBLISH_PATH,2,187,v0.2.0
'@fontpkg/alibaba-pu-hui-ti-3-0,3.1.2,20,F,UNVERIFIED_PUBLISH_PATH|SINGLE_MAINTAINER,1,187,v0.2.0
'@fontsource/krub,5.2.7,71,B,,2,187,v0.2.0
'@fontsource/radley,5.2.8,71,B,,2,187,v0.2.0
credit-card-logos,1.0.5,19,F,UNVERIFIED_PUBLISH_PATH|DORMANT|SINGLE_MAINTAINER,1,187,v0.2.0
sakana-widget,3.0.1,25,F,UNVERIFIED_PUBLISH_PATH|SINGLE_MAINTAINER,1,187,v0.2.0
'@fontsource/allerta-stencil,5.2.8,71,B,,2,186,v0.2.0
'@fontsource/song-myung,5.2.8,71,B,,2,186,v0.2.0
caroufredsel,6.2.1,19,F,UNVERIFIED_PUBLISH_PATH|DORMANT|SINGLE_MAINTAINER,1,186,v0.2.0
cn-fontsource-ding-talk-jin-bu-ti-regular,1.0.3,19,F,UNVERIFIED_PUBLISH_PATH|DORMANT|SINGLE_MAINTAINER,1,186,v0.2.0
datatables-buttons-excel-styles,1.2.0,19,F,UNVERIFIED_PUBLISH_PATH|DORMANT|SINGLE_MAINTAINER,1,186,v0.2.0
interactiveimagejs,2.7.1,19,F,UNVERIFIED_PUBLISH_PATH|DORMANT|SINGLE_MAINTAINER,1,186,v0.2.0
'@3dweb/360javascriptviewer,1.8.58,25,F,UNVERIFIED_PUBLISH_PATH|SINGLE_MAINTAINER,1,185,v0.2.0
'@opuu/inview,2.3.1,25,F,UNVERIFIED_PUBLISH_PATH|SINGLE_MAINTAINER,1,185,v0.2.0
fansunited-widgets-cdn,0.0.105,35,D,UNVERIFIED_PUBLISH_PATH,3,185,v0.2.0
'@fontsource/electrolize,5.2.8,71,B,,2,184,v0.2.0
'@fontsource/koho,5.2.8,71,B,,2,184,v0.2.0
'@pie-api/pie-api-components,5.16.1,39,D,UNVERIFIED_PUBLISH_PATH,5,184,v0.2.0
'@webcreate/infinite-ajax-scroll,3.1.0,19,F,UNVERIFIED_PUBLISH_PATH|DORMANT|SINGLE_MAINTAINER,1,184,v0.2.0
dripicons,2.0.0,14,F,UNVERIFIED_PUBLISH_PATH|DORMANT|SINGLE_MAINTAINER|PUBLISHER_NOT_MAINTAINER|DEPRECATED,1,184,v0.2.0
tinymce-all-in-one,4.9.5,15,F,UNVERIFIED_PUBLISH_PATH|DORMANT|SINGLE_MAINTAINER,1,184,v0.2.0
xchange-rates,2026.5.19,25,F,UNVERIFIED_PUBLISH_PATH|SINGLE_MAINTAINER,1,184,v0.2.0
'@fontsource/prosto-one,5.2.8,71,B,,2,183,v0.2.0
jquery-bgiframe,3.0.1,14,F,UNVERIFIED_PUBLISH_PATH|DORMANT|SINGLE_MAINTAINER,1,183,v0.2.0
native-toast,2.0.0,33,F,UNVERIFIED_PUBLISH_PATH|DORMANT,2,183,v0.2.0
print-area-js,1.0.2,19,F,UNVERIFIED_PUBLISH_PATH|DORMANT|SINGLE_MAINTAINER,1,182,v0.2.0
'@dmuy/timepicker,2.0.2,19,F,UNVERIFIED_PUBLISH_PATH|DORMANT|SINGLE_MAINTAINER,1,181,v0.2.0
'@jouwomgeving/ui-icon,3.0.2,30,F,UNVERIFIED_PUBLISH_PATH,4,181,v0.2.0
'@fontsource/battambang,5.2.8,71,B,,2,180,v0.2.0
'@johanaarstein/dotlottie-player,1.5.23,19,F,UNVERIFIED_PUBLISH_PATH|DORMANT|SINGLE_MAINTAINER|DEPRECATED,1,180,v0.2.0
'@fontsource/sansation,5.2.2,71,B,,2,179,v0.2.0
'@memori.ai/memori-react,8.41.4,39,D,UNVERIFIED_PUBLISH_PATH,3,179,v0.2.0
futura-font,1.0.0,19,F,UNVERIFIED_PUBLISH_PATH|DORMANT|SINGLE_MAINTAINER,1,179,v0.2.0
'@algolia/ui-components-js-horizontal-slider,1.0.0-experimental.0,23,F,UNVERIFIED_PUBLISH_PATH|DORMANT|PUBLISHER_NOT_MAINTAINER,14,178,v0.2.0
overhang,1.0.8,19,F,UNVERIFIED_PUBLISH_PATH|DORMANT|SINGLE_MAINTAINER,1,178,v0.2.0
scroll-watcher,2.2.0,19,F,UNVERIFIED_PUBLISH_PATH|DORMANT|SINGLE_MAINTAINER,1,178,v0.2.0
'@perceptimagery/dita-configurator,1.3.24,30,F,UNVERIFIED_PUBLISH_PATH,2,177,v0.2.0
console-ban,5.0.0,19,F,UNVERIFIED_PUBLISH_PATH|DORMANT|SINGLE_MAINTAINER|DEPRECATED,1,177,v0.2.0
'@cometchat/chat-embed,1.0.35,35,D,UNVERIFIED_PUBLISH_PATH,14,176,v0.2.0
'@deriv-com/webflow-plugins,1.1.3,21,F,UNVERIFIED_PUBLISH_PATH|SINGLE_MAINTAINER,1,176,v0.2.0
emoji-button,2.2.2,19,F,UNVERIFIED_PUBLISH_PATH|DORMANT|SINGLE_MAINTAINER|DEPRECATED,1,176,v0.2.0
tripetto-runner-autoscroll,6.1.9,15,F,UNVERIFIED_PUBLISH_PATH|DORMANT|SINGLE_MAINTAINER|DEPRECATED,1,176,v0.2.0
'@lobehub/webfont-harmony-sans-sc,1.0.0,33,F,UNVERIFIED_PUBLISH_PATH|DORMANT,9,175,v0.2.0
'@tech-leads-club/skills-catalog,0.15.0,69,C,INCONSISTENT_PUBLISH_PATH|SINGLE_MAINTAINER,1,175,v0.2.0
jwplayer,1.0.3,29,F,UNVERIFIED_PUBLISH_PATH|DORMANT,2,175,v0.2.0
'@digital-realty/ix-label-tag,2.4.4,35,D,UNVERIFIED_PUBLISH_PATH,4,174,v0.2.0
'@pine-ds/icons,10.0.0,32,F,UNVERIFIED_PUBLISH_PATH|SINGLE_MAINTAINER,1,174,v0.2.0
evo-calendar,1.1.3,19,F,UNVERIFIED_PUBLISH_PATH|DORMANT|SINGLE_MAINTAINER,1,174,v0.2.0
jquery-ui-1-11-4,1.11.4,20,F,UNVERIFIED_PUBLISH_PATH|DORMANT|SINGLE_MAINTAINER|DEPRECATED,1,174,v0.2.0
'@digital-realty/ix-intraportal-nav,1.3.4,35,D,UNVERIFIED_PUBLISH_PATH,4,173,v0.2.0
jquery-slinky,4.2.1,19,F,UNVERIFIED_PUBLISH_PATH|DORMANT|SINGLE_MAINTAINER,1,173,v0.2.0
leaflet-graticule,0.0.1,19,F,UNVERIFIED_PUBLISH_PATH|DORMANT|SINGLE_MAINTAINER,1,173,v0.2.0
'@gentour/dedge-support-agent,1.3.0,21,F,UNVERIFIED_PUBLISH_PATH|SINGLE_MAINTAINER,1,172,v0.2.0
'@wp-pay/logos,2.3.2,39,D,UNVERIFIED_PUBLISH_PATH,2,172,v0.2.0
'@zanichelli/zanichelli-footer,1.1.1,30,F,UNVERIFIED_PUBLISH_PATH,27,172,v0.2.0
bytebrew-web-sdk,1.0.1,15,F,UNVERIFIED_PUBLISH_PATH|DORMANT|SINGLE_MAINTAINER,1,172,v0.2.0
fetch-inject,3.3.1,15,F,UNVERIFIED_PUBLISH_PATH|DORMANT|SINGLE_MAINTAINER,1,172,v0.2.0
reveal.js-plugins,4.6.0,25,F,UNVERIFIED_PUBLISH_PATH|SINGLE_MAINTAINER,1,171,v0.2.0
'@fontsource/noticia-text,5.2.8,71,B,,2,170,v0.2.0
'@fontsource/sriracha,5.2.8,71,B,,2,170,v0.2.0
keyshapejs,1.3.0,19,F,UNVERIFIED_PUBLISH_PATH|DORMANT|SINGLE_MAINTAINER,1,170,v0.2.0
sticky-scroller,0.4.0,33,F,UNVERIFIED_PUBLISH_PATH|DORMANT,2,170,v0.2.0
'@engie-group/fluid-design-system-webcomponents,6.3.0,34,F,UNVERIFIED_PUBLISH_PATH,2,169,v0.2.0
'@feedmepos/mf-mdm,1.9.1,30,F,UNVERIFIED_PUBLISH_PATH,3,169,v0.2.0
ios-pwa-splash,1.0.0,19,F,UNVERIFIED_PUBLISH_PATH|DORMANT|SINGLE_MAINTAINER,1,169,v0.2.0
leaflet-overpass-layer,2.9.0,19,F,UNVERIFIED_PUBLISH_PATH|DORMANT|SINGLE_MAINTAINER,1,169,v0.2.0
wheelzoom,4.0.1,19,F,UNVERIFIED_PUBLISH_PATH|DORMANT|SINGLE_MAINTAINER,1,169,v0.2.0
'@contactlab/ds-tokens,3.6.0,39,D,UNVERIFIED_PUBLISH_PATH,6,168,v0.2.0
luxy.js,0.1.0,19,F,UNVERIFIED_PUBLISH_PATH|DORMANT|SINGLE_MAINTAINER,1,168,v0.2.0
uigg,3.1.1,16,F,UNVERIFIED_PUBLISH_PATH|SINGLE_MAINTAINER,1,168,v0.2.0
'@fontsource/libertinus-serif,5.2.1,71,B,,2,167,v0.2.0
'@synqro/tab-cycler,1.7.0,21,F,UNVERIFIED_PUBLISH_PATH|SINGLE_MAINTAINER,1,167,v0.2.0
jquery-sticky-kit,1.1.3,19,F,UNVERIFIED_PUBLISH_PATH|DORMANT|SINGLE_MAINTAINER,1,167,v0.2.0
noto-sans-kr-font,0.0.6,19,F,UNVERIFIED_PUBLISH_PATH|DORMANT|SINGLE_MAINTAINER,1,167,v0.2.0
'@blendvision/player,2.27.1,16,F,UNVERIFIED_PUBLISH_PATH|SINGLE_MAINTAINER,1,166,v0.2.0
emoogle-emoji-search-engine,1.0.2,19,F,UNVERIFIED_PUBLISH_PATH|DORMANT|SINGLE_MAINTAINER,1,166,v0.2.0
user-experior-web,0.3.28,21,F,UNVERIFIED_PUBLISH_PATH|SINGLE_MAINTAINER,1,166,v0.2.0
'@fontsource/new-rocker,5.2.7,71,B,,2,165,v0.2.0
sprestlib,1.9.0,19,F,UNVERIFIED_PUBLISH_PATH|DORMANT|SINGLE_MAINTAINER,1,165,v0.2.0
'@bentopdf/pymupdf-wasm,0.11.16,67,C,SINGLE_MAINTAINER,1,164,v0.2.0
bsky-embed,0.2.7,25,F,UNVERIFIED_PUBLISH_PATH|SINGLE_MAINTAINER,1,164,v0.2.0
use-bootstrap-tag,2.2.2,14,F,UNVERIFIED_PUBLISH_PATH|DORMANT|SINGLE_MAINTAINER,1,164,v0.2.0
'@fontsource/unica-one,5.2.8,71,B,,2,163,v0.2.0
'@jpeer/jquery.dotdotdot,1.8.3,19,F,UNVERIFIED_PUBLISH_PATH|DORMANT|SINGLE_MAINTAINER,1,163,v0.2.0
busy-load,0.1.2,19,F,UNVERIFIED_PUBLISH_PATH|DORMANT|SINGLE_MAINTAINER,1,163,v0.2.0
jquery-select-areas,0.1.0,19,F,UNVERIFIED_PUBLISH_PATH|DORMANT|SINGLE_MAINTAINER,1,163,v0.2.0
jqueryrouter,2.2.12,25,F,UNVERIFIED_PUBLISH_PATH|DORMANT|SINGLE_MAINTAINER,1,163,v0.2.0
jsframe.js,1.6.8,19,F,UNVERIFIED_PUBLISH_PATH|DORMANT|SINGLE_MAINTAINER,1,163,v0.2.0
'@fontsource/quattrocento-sans,5.2.8,71,B,,2,162,v0.2.0
'@googledrive/index,2.5.9,21,F,UNVERIFIED_PUBLISH_PATH|SINGLE_MAINTAINER,1,162,v0.2.0
'@hellouxpavel/cssanimation,6.11.7,31,F,UNVERIFIED_PUBLISH_PATH|SINGLE_MAINTAINER,1,162,v0.2.0
'@material-symbols-react-native/outlined-400,1.0.0,19,F,UNVERIFIED_PUBLISH_PATH|DORMANT|SINGLE_MAINTAINER,1,162,v0.2.0
jquery.dfp,2.4.2,19,F,UNVERIFIED_PUBLISH_PATH|DORMANT|SINGLE_MAINTAINER,1,162,v0.2.0
lodash3,3.10.2,39,D,UNVERIFIED_PUBLISH_PATH|DORMANT,3,162,v0.2.0
'@marcreichel/alpine-typewriter,1.2.1,25,F,UNVERIFIED_PUBLISH_PATH|SINGLE_MAINTAINER,1,161,v0.2.0
fastbootstrap,2.2.0,19,F,UNVERIFIED_PUBLISH_PATH|DORMANT|SINGLE_MAINTAINER,1,161,v0.2.0
'@fontsource/encode-sans-condensed,5.2.8,71,B,,2,160,v0.2.0
desvg,1.0.2,19,F,UNVERIFIED_PUBLISH_PATH|DORMANT|SINGLE_MAINTAINER,1,160,v0.2.0
mathjax-modern-font,4.0.0-beta.7,19,F,UNVERIFIED_PUBLISH_PATH|DORMANT|SINGLE_MAINTAINER,1,160,v0.2.0
'@adahealth/web-sdk,2.58.4,39,D,UNVERIFIED_PUBLISH_PATH,10,159,v0.2.0
'@cscfi/csc-ui,3.0.19,39,D,UNVERIFIED_PUBLISH_PATH,4,159,v0.2.0
'@tesseract.js-data/osd,1.0.0,19,F,UNVERIFIED_PUBLISH_PATH|DORMANT|SINGLE_MAINTAINER,1,159,v0.2.0
'@data-fair/frame,0.18.6,35,D,UNVERIFIED_PUBLISH_PATH,3,158,v0.2.0
'@openfonts/noto-sans-sc_chinese-simplified,1.44.9,14,F,UNVERIFIED_PUBLISH_PATH|DORMANT|SINGLE_MAINTAINER,1,158,v0.2.0
'@algolia/experiences,0.1.1,30,F,UNVERIFIED_PUBLISH_PATH|PUBLISHER_NOT_MAINTAINER,24,157,v0.2.0
'@fontsource/dseg7-classic-mini,5.2.5,71,B,,2,157,v0.2.0
'@freshworks/crayons-icon,1.3.1,33,F,UNVERIFIED_PUBLISH_PATH|DORMANT,21,157,v0.2.0
'@positioner/psk-gallery,1.1.0-15,39,D,UNVERIFIED_PUBLISH_PATH,4,157,v0.2.0
commonjs-require,1.4.6,19,F,UNVERIFIED_PUBLISH_PATH|DORMANT|SINGLE_MAINTAINER,1,157,v0.2.0
'@bostonuniversity/bulib-wc,0.1.75,33,F,UNVERIFIED_PUBLISH_PATH|DORMANT,8,156,v0.2.0
'@observablehq/highlight.js,2.0.0,34,F,UNVERIFIED_PUBLISH_PATH|DORMANT|PUBLISHER_NOT_MAINTAINER,4,156,v0.2.0
dflip,1.0.0,10,F,UNVERIFIED_PUBLISH_PATH|DORMANT|SINGLE_MAINTAINER,1,156,v0.2.0
input-autogrow,1.1.1,19,F,UNVERIFIED_PUBLISH_PATH|DORMANT|SINGLE_MAINTAINER,1,156,v0.2.0
jquery.skeleton.loader,1.2.0,19,F,UNVERIFIED_PUBLISH_PATH|DORMANT|SINGLE_MAINTAINER,1,156,v0.2.0
lightbox,0.5.0,19,F,UNVERIFIED_PUBLISH_PATH|DORMANT|SINGLE_MAINTAINER,1,156,v0.2.0
'@fontsource/fahkwang,5.2.7,71,B,,2,155,v0.2.0
'@magicpatterns/html-to-figma,1.0.5,35,D,UNVERIFIED_PUBLISH_PATH,3,155,v0.2.0
'@sr-connect/jira-cloud,1.5.0,30,F,UNVERIFIED_PUBLISH_PATH,8,155,v0.2.0
'@superpoweredsdk/web,2.8.1,25,F,UNVERIFIED_PUBLISH_PATH|SINGLE_MAINTAINER,1,155,v0.2.0
kursor,0.1.6,19,F,UNVERIFIED_PUBLISH_PATH|DORMANT|SINGLE_MAINTAINER,1,155,v0.2.0
'@laserfiche/lf-ui-components,21.1.1,87,A,,5,154,v0.2.0
footable-v3,1.0.0,19,F,UNVERIFIED_PUBLISH_PATH|DORMANT|SINGLE_MAINTAINER,1,154,v0.2.0
'@fontsource/alegreya-sans-sc,5.2.7,71,B,,2,153,v0.2.0
'@fontsource/news-cycle,5.2.7,71,B,,2,153,v0.2.0
social-likes,3.1.3,19,F,UNVERIFIED_PUBLISH_PATH|DORMANT|SINGLE_MAINTAINER,1,153,v0.2.0
'@fontsource/alumni-sans,5.2.8,71,B,,2,152,v0.2.0
moment-transform,1.0.1,19,F,UNVERIFIED_PUBLISH_PATH|DORMANT|SINGLE_MAINTAINER|DEPRECATED,1,152,v0.2.0
'@blux.ai/web-sdk,2.2.29,25,F,UNVERIFIED_PUBLISH_PATH|SINGLE_MAINTAINER,1,151,v0.2.0
'@fontsource/proza-libre,5.2.7,71,B,,2,151,v0.2.0
'@micro-lc/bk-web-components,1.5.28,35,D,UNVERIFIED_PUBLISH_PATH,4,151,v0.2.0
'@zendeskgarden/css-tables,4.0.19,26,F,UNVERIFIED_PUBLISH_PATH|DORMANT|SINGLE_MAINTAINER|DEPRECATED,1,151,v0.2.0
jquerykeyframes,2.0.0,25,F,UNVERIFIED_PUBLISH_PATH|SINGLE_MAINTAINER,1,151,v0.2.0
typeface-bebas-neue,1.1.13,14,F,UNVERIFIED_PUBLISH_PATH|DORMANT|SINGLE_MAINTAINER,1,151,v0.2.0
'@aarhus-university/au-designsystem-delphinus,1.14.0,35,D,UNVERIFIED_PUBLISH_PATH,8,150,v0.2.0
'@saasquatch/mint-components,2.2.0,77,B,INCONSISTENT_PUBLISH_PATH,10,150,v0.2.0
'@zendeskgarden/css-avatars,7.0.0,26,F,UNVERIFIED_PUBLISH_PATH|DORMANT|SINGLE_MAINTAINER,1,150,v0.2.0
'@fontsource-variable/noto-emoji,5.2.12,71,B,,2,149,v0.2.0
'@fontsource/boogaloo,5.2.8,71,B,,2,149,v0.2.0
'@tesseract.js-data/nld,1.0.0,19,F,UNVERIFIED_PUBLISH_PATH|DORMANT|SINGLE_MAINTAINER,1,149,v0.2.0
'@a1rth/css-normalize,1.2.4,25,F,UNVERIFIED_PUBLISH_PATH|SINGLE_MAINTAINER,1,148,v0.2.0
'@digital-realty/ix-tabs,1.3.4,35,D,UNVERIFIED_PUBLISH_PATH,4,148,v0.2.0
'@itcenteratunihelsinki/huds-lib,0.12.2,35,D,UNVERIFIED_PUBLISH_PATH,4,148,v0.2.0
sb-admin-2,3.3.8,19,F,UNVERIFIED_PUBLISH_PATH|DORMANT|SINGLE_MAINTAINER,1,147,v0.2.0
siimple-icons,4.4.0,25,F,UNVERIFIED_PUBLISH_PATH|SINGLE_MAINTAINER,1,147,v0.2.0
vanilla-hcaptcha,1.0.3,15,F,UNVERIFIED_PUBLISH_PATH|DORMANT|SINGLE_MAINTAINER,1,147,v0.2.0
zebra-browser-print-min,3.0.216,10,F,UNVERIFIED_PUBLISH_PATH|DORMANT|SINGLE_MAINTAINER,1,147,v0.2.0
'@fontsource/playball,5.2.8,71,B,,2,146,v0.2.0
'@fontsource/cabin-condensed,5.2.8,71,B,,2,145,v0.2.0
'@mycujoo/videojs-hls-quality-selector,1.1.5-rc.4,33,F,UNVERIFIED_PUBLISH_PATH|DORMANT,16,145,v0.2.0
'@vuesimple/vs-pagination,3.1.6,25,F,UNVERIFIED_PUBLISH_PATH|SINGLE_MAINTAINER,1,145,v0.2.0
40phaser,1.1.1,14,F,UNVERIFIED_PUBLISH_PATH|DORMANT|SINGLE_MAINTAINER|PUBLISHER_NOT_MAINTAINER,1,144,v0.2.0
cq-prolyfill,0.4.0,19,F,UNVERIFIED_PUBLISH_PATH|DORMANT|SINGLE_MAINTAINER,1,144,v0.2.0
knockout-amd-helpers,1.0.0,19,F,UNVERIFIED_PUBLISH_PATH|DORMANT|SINGLE_MAINTAINER,1,144,v0.2.0
pinch-zoom-element-js,1.1.2,19,F,UNVERIFIED_PUBLISH_PATH|DORMANT|SINGLE_MAINTAINER,1,144,v0.2.0
'@stlite/mountable,0.75.0,14,F,UNVERIFIED_PUBLISH_PATH|DORMANT|SINGLE_MAINTAINER|DEPRECATED,1,143,v0.2.0
blacklight-hierarchy,6.9.0,39,D,UNVERIFIED_PUBLISH_PATH,3,143,v0.2.0
hanzi-writer-data-jp,0.0.2,19,F,UNVERIFIED_PUBLISH_PATH|DORMANT|SINGLE_MAINTAINER,1,143,v0.2.0
rich-marker,0.0.1,14,F,UNVERIFIED_PUBLISH_PATH|DORMANT|SINGLE_MAINTAINER,1,143,v0.2.0
ajaxq,0.0.7,33,F,UNVERIFIED_PUBLISH_PATH|DORMANT,2,142,v0.2.0
dubai-font,1.1.1,19,F,UNVERIFIED_PUBLISH_PATH|DORMANT|SINGLE_MAINTAINER|DEPRECATED,1,142,v0.2.0
glidejs,2.1.0,19,F,UNVERIFIED_PUBLISH_PATH|DORMANT|SINGLE_MAINTAINER|DEPRECATED,1,142,v0.2.0
kifu-for-js,5.5.0,25,F,UNVERIFIED_PUBLISH_PATH|SINGLE_MAINTAINER,1,142,v0.2.0
'@8wave/ai-elements,0.93.0,21,F,UNVERIFIED_PUBLISH_PATH|SINGLE_MAINTAINER,1,141,v0.2.0
angular-joyride,1.0.10,33,F,UNVERIFIED_PUBLISH_PATH|DORMANT,2,141,v0.2.0
webcrypto-jwt,0.2.2,19,F,UNVERIFIED_PUBLISH_PATH|DORMANT|SINGLE_MAINTAINER,1,141,v0.2.0
'@grigorov-it/mazer,2.2.0,19,F,UNVERIFIED_PUBLISH_PATH|DORMANT|SINGLE_MAINTAINER,1,140,v0.2.0
'@headwai/chat-bubble,8.4.0,87,A,,2,140,v0.2.0
jquery-linear-navigation,1.0.2,19,F,UNVERIFIED_PUBLISH_PATH|DORMANT|SINGLE_MAINTAINER,1,140,v0.2.0
'@filteringdev/tinyshield,4.0.2,73,B,SINGLE_MAINTAINER,1,139,v0.2.0
'@pardnchiu/nanojson,1.2.1,25,F,UNVERIFIED_PUBLISH_PATH|SINGLE_MAINTAINER,1,139,v0.2.0
sofya.transcription,0.0.20,21,F,UNVERIFIED_PUBLISH_PATH|SINGLE_MAINTAINER,1,139,v0.2.0
vue-jquery-mask,2.0.0,19,F,UNVERIFIED_PUBLISH_PATH|DORMANT|SINGLE_MAINTAINER|DEPRECATED,1,139,v0.2.0
'@microlink/vanilla,5.5.25,25,F,UNVERIFIED_PUBLISH_PATH|SINGLE_MAINTAINER,1,138,v0.2.0
'@tesseract.js-data/hin,1.0.0,19,F,UNVERIFIED_PUBLISH_PATH|DORMANT|SINGLE_MAINTAINER,1,138,v0.2.0
jquery.fancytable,1.0.36,19,F,UNVERIFIED_PUBLISH_PATH|DORMANT|SINGLE_MAINTAINER,1,138,v0.2.0
tc-string-parse,1.3.0,19,F,UNVERIFIED_PUBLISH_PATH|DORMANT|SINGLE_MAINTAINER,1,138,v0.2.0
bootstrap-avatar,1.3.1,19,F,UNVERIFIED_PUBLISH_PATH|DORMANT|SINGLE_MAINTAINER,1,137,v0.2.0
'@digital-realty/ix-email-list,1.4.4,35,D,UNVERIFIED_PUBLISH_PATH,4,136,v0.2.0
'@fontsource/fredericka-the-great,5.2.7,71,B,,2,136,v0.2.0
'@jsuites/template,1.1.0,25,F,UNVERIFIED_PUBLISH_PATH|SINGLE_MAINTAINER,1,136,v0.2.0
jquery-grid-navigation,1.0.1,19,F,UNVERIFIED_PUBLISH_PATH|DORMANT|SINGLE_MAINTAINER,1,136,v0.2.0
persist-js,0.3.1,19,F,UNVERIFIED_PUBLISH_PATH|DORMANT|SINGLE_MAINTAINER,1,136,v0.2.0
playerx,1.0.6,19,F,UNVERIFIED_PUBLISH_PATH|DORMANT|SINGLE_MAINTAINER,1,136,v0.2.0
postalcodes-india,1.1.4,73,B,SINGLE_MAINTAINER,1,136,v0.2.0
'@fontsource/chocolate-classical-sans,5.2.13,81,B,,2,135,v0.2.0
astm-ux-design-system,2.1.0,21,F,UNVERIFIED_PUBLISH_PATH|SINGLE_MAINTAINER,1,135,v0.2.0
eruda-dom,2.0.0,19,F,UNVERIFIED_PUBLISH_PATH|DORMANT|SINGLE_MAINTAINER,1,135,v0.2.0
tail.datetime,0.4.13,19,F,UNVERIFIED_PUBLISH_PATH|DORMANT|SINGLE_MAINTAINER|DEPRECATED,1,135,v0.2.0
jquery-accessible-tabpanel-aria,1.6.1,19,F,UNVERIFIED_PUBLISH_PATH|DORMANT|SINGLE_MAINTAINER,1,134,v0.2.0
vviinn-widgets,2.217.0,35,D,UNVERIFIED_PUBLISH_PATH,2,134,v0.2.0
'@brightcove/videojs-flashls-source-handler,1.4.8,24,F,UNVERIFIED_PUBLISH_PATH|DORMANT|PUBLISHER_NOT_MAINTAINER,80,133,v0.2.0
'@fontsource/tiro-bangla,5.2.7,71,B,,2,133,v0.2.0
'@fontsource/tiro-devanagari-hindi,5.2.7,71,B,,2,133,v0.2.0
bootstrap-grid-only,1.0.0,19,F,UNVERIFIED_PUBLISH_PATH|DORMANT|SINGLE_MAINTAINER,1,133,v0.2.0
jquery-qrcode2,0.17.0,19,F,UNVERIFIED_PUBLISH_PATH|DORMANT|SINGLE_MAINTAINER,1,133,v0.2.0
'@digital-realty/ix-accordion,1.2.4,35,D,UNVERIFIED_PUBLISH_PATH,4,132,v0.2.0
'@exawizards/exabase-design-system-icons,1.5.0,35,D,UNVERIFIED_PUBLISH_PATH,2,132,v0.2.0
'@fontsource/halant,5.2.8,71,B,,2,132,v0.2.0
'@fontsource/livvic,5.2.7,71,B,,2,132,v0.2.0
accessible-menu-bootstrap-5,2.1.0,19,F,UNVERIFIED_PUBLISH_PATH|DORMANT|SINGLE_MAINTAINER,1,132,v0.2.0
'@unlk/keymaster,1.6.5,21,F,UNVERIFIED_PUBLISH_PATH|SINGLE_MAINTAINER,1,131,v0.2.0
responsive-auto-height,0.0.5,15,F,UNVERIFIED_PUBLISH_PATH|DORMANT|SINGLE_MAINTAINER,1,131,v0.2.0
sheryjs,1.0.0-beta.0.1.8,29,F,UNVERIFIED_PUBLISH_PATH|DORMANT,2,131,v0.2.0
twkb,0.2.2,29,F,UNVERIFIED_PUBLISH_PATH|DORMANT,2,131,v0.2.0
'@raisenow/tamaro-core,2.19.1,30,F,UNVERIFIED_PUBLISH_PATH,5,130,v0.2.0
'@myparcel-dev/delivery-options,7.4.2,46,D,UNVERIFIED_PUBLISH_PATH,3,129,v0.2.0
jquery.shorten,1.0.0,19,F,UNVERIFIED_PUBLISH_PATH|DORMANT|SINGLE_MAINTAINER,1,129,v0.2.0
player-venom,0.3.4,21,F,UNVERIFIED_PUBLISH_PATH|SINGLE_MAINTAINER,1,129,v0.2.0
'@flasher/flasher,2.2.0,21,F,UNVERIFIED_PUBLISH_PATH|SINGLE_MAINTAINER,1,128,v0.2.0
'@thasmo/external-svg-polyfill,3.1.2,19,F,UNVERIFIED_PUBLISH_PATH|DORMANT|SINGLE_MAINTAINER,1,128,v0.2.0
'@undp/design-system-assets,2.0.1,87,A,,5,128,v0.2.0
jquery.toc,0.4.0,19,F,UNVERIFIED_PUBLISH_PATH|DORMANT|SINGLE_MAINTAINER,1,128,v0.2.0
'@fractaledmind/dialog-closedby-polyfill,1.2.5,25,F,UNVERIFIED_PUBLISH_PATH|SINGLE_MAINTAINER,1,127,v0.2.0
'@xz/fonts,1.0.2,19,F,UNVERIFIED_PUBLISH_PATH|DORMANT|SINGLE_MAINTAINER,1,127,v0.2.0
'@zendeskgarden/css-menus,9.0.20,26,F,UNVERIFIED_PUBLISH_PATH|DORMANT|SINGLE_MAINTAINER|DEPRECATED,1,127,v0.2.0
jquery-prevent-scroll-keys,1.0.1,19,F,UNVERIFIED_PUBLISH_PATH|DORMANT|SINGLE_MAINTAINER,1,127,v0.2.0
'@fontsource/glegoo,5.2.7,71,B,,2,126,v0.2.0
'@jumpgroup/jump-design-system,1.0.25,39,D,UNVERIFIED_PUBLISH_PATH,8,126,v0.2.0
alpine-tailwind-lightbox,1.3.0,25,F,UNVERIFIED_PUBLISH_PATH|SINGLE_MAINTAINER,1,126,v0.2.0
bootstrap-validate,2.3.0,79,B,SINGLE_MAINTAINER,1,126,v0.2.0
vue-lazyload-next,0.0.2,19,F,UNVERIFIED_PUBLISH_PATH|DORMANT|SINGLE_MAINTAINER|DEPRECATED,1,126,v0.2.0
'@typopro/web-open-sans,3.7.5,14,F,UNVERIFIED_PUBLISH_PATH|DORMANT|SINGLE_MAINTAINER,1,125,v0.2.0
'@zendeskgarden/css-arrows,3.1.4,26,F,UNVERIFIED_PUBLISH_PATH|DORMANT|SINGLE_MAINTAINER|DEPRECATED,1,125,v0.2.0
lumious-components,1.0.8,15,F,UNVERIFIED_PUBLISH_PATH|DORMANT|SINGLE_MAINTAINER,1,125,v0.2.0
sp-supermarquee,3.1.2,25,F,UNVERIFIED_PUBLISH_PATH|SINGLE_MAINTAINER,1,125,v0.2.0
'@adobe/commerce-events-collectors,0.0.0-b0e9ee788f86104fc458c6cba356cb515c3f1ba6,28,F,UNVERIFIED_PUBLISH_PATH|DORMANT,31,124,v0.2.0
'@axa-ch/patterns-library-polyfill,3.0.1,28,F,UNVERIFIED_PUBLISH_PATH|DORMANT|PUBLISHER_NOT_MAINTAINER|DEPRECATED,5,124,v0.2.0
'@fontsource/iansui,5.2.8,81,B,,2,124,v0.2.0
'@fontsource/kodchasan,5.2.8,71,B,,2,124,v0.2.0
tonejs-instrument-guitar-acoustic-mp3,1.1.2,14,F,UNVERIFIED_PUBLISH_PATH|DORMANT|SINGLE_MAINTAINER,1,124,v0.2.0
'@fontsource/coda,5.2.8,71,B,,2,123,v0.2.0
'@fontsource/faustina,5.2.8,71,B,,2,123,v0.2.0
'@fontsource/suranna,5.2.8,71,B,,2,123,v0.2.0
'@nosto/web-components,11.6.0,87,A,BRANCH_REQUIRES_PR,6,123,v0.2.0
bvi,1.0.2,14,F,UNVERIFIED_PUBLISH_PATH|DORMANT|SINGLE_MAINTAINER,1,123,v0.2.0
ima-ad-player,0.5.7,19,F,UNVERIFIED_PUBLISH_PATH|DORMANT|SINGLE_MAINTAINER,1,123,v0.2.0
'@fontsource/arizonia,5.2.8,71,B,,2,122,v0.2.0
'@fontsource/hahmlet,5.2.8,71,B,,2,122,v0.2.0
'@theidentityselector/thiss-ds,3.0.3,39,D,UNVERIFIED_PUBLISH_PATH,3,122,v0.2.0
deep-chat-dev,9.0.371,25,F,UNVERIFIED_PUBLISH_PATH|SINGLE_MAINTAINER,1,122,v0.2.0
kiltel,3.0.0,25,F,UNVERIFIED_PUBLISH_PATH|SINGLE_MAINTAINER,1,122,v0.2.0
salvattore,1.0.9,19,F,UNVERIFIED_PUBLISH_PATH|DORMANT|SINGLE_MAINTAINER|DEPRECATED,1,122,v0.2.0
country-code-flag-phone-extension-json,1.0.2,19,F,UNVERIFIED_PUBLISH_PATH|DORMANT|SINGLE_MAINTAINER,1,121,v0.2.0
jquery-multiselect-checkbox,3.13.0,19,F,UNVERIFIED_PUBLISH_PATH|DORMANT|SINGLE_MAINTAINER,1,121,v0.2.0
md5-js-tools,1.0.2,19,F,UNVERIFIED_PUBLISH_PATH|DORMANT|SINGLE_MAINTAINER,1,121,v0.2.0
'@flowbase-co/boosters-carousel-ticker,1.3.3,34,F,UNVERIFIED_PUBLISH_PATH,2,120,v0.2.0
'@fontsource/inria-sans,5.2.8,71,B,,2,120,v0.2.0
'@vertical-insure/embedded-offer,0.16.0,39,D,UNVERIFIED_PUBLISH_PATH,2,120,v0.2.0
artplayer-plugin-ads,1.0.6,19,F,UNVERIFIED_PUBLISH_PATH|DORMANT|SINGLE_MAINTAINER,1,120,v0.2.0
device-detector,1.0.2,14,F,UNVERIFIED_PUBLISH_PATH|DORMANT|SINGLE_MAINTAINER|PUBLISHER_NOT_MAINTAINER|DEPRECATED,1,120,v0.2.0
jwplayer-video-element,1.3.5,71,B,,2,120,v0.2.0
multi-select-dropdown-js,1.0.3,20,F,UNVERIFIED_PUBLISH_PATH|SINGLE_MAINTAINER,1,120,v0.2.0
multirange,2.0.0,19,F,UNVERIFIED_PUBLISH_PATH|DORMANT|SINGLE_MAINTAINER,1,120,v0.2.0
'@fontsource/alef,5.2.8,71,B,,2,119,v0.2.0
'@fontsource/petrona,5.2.8,71,B,,2,119,v0.2.0
'@prefecthq/prefab-ui,0.20.2,77,B,INCONSISTENT_PUBLISH_PATH,3,119,v0.2.0
bootstrap-float-label,3.0.1,19,F,UNVERIFIED_PUBLISH_PATH|DORMANT|SINGLE_MAINTAINER,1,119,v0.2.0
fontsource-noto-sans-sc,4.0.0,19,F,UNVERIFIED_PUBLISH_PATH|DORMANT|SINGLE_MAINTAINER|DEPRECATED,1,119,v0.2.0
'@azure/msal-angularjs,0.1.1,41,D,UNVERIFIED_PUBLISH_PATH|DORMANT|DEPRECATED,3,118,v0.2.0
'@fontsource/lusitana,5.2.8,71,B,,2,118,v0.2.0
'@qld-gov-au/qgds-bootstrap5,2.2.4,84,B,INCONSISTENT_PUBLISH_PATH,6,118,v0.2.0
printthis,0.1.5,19,F,UNVERIFIED_PUBLISH_PATH|DORMANT|SINGLE_MAINTAINER,1,118,v0.2.0
unslider,2.0.3,19,F,UNVERIFIED_PUBLISH_PATH|DORMANT|SINGLE_MAINTAINER,1,118,v0.2.0
'@fontsource/rocknroll-one,5.2.8,71,B,,2,117,v0.2.0
'@jarstone/dselect,1.0.4,19,F,UNVERIFIED_PUBLISH_PATH|DORMANT|SINGLE_MAINTAINER,1,117,v0.2.0
'@jobinsjp/vue3-datepicker,1.0.2-jobins-03,19,F,UNVERIFIED_PUBLISH_PATH|DORMANT|SINGLE_MAINTAINER,1,117,v0.2.0
'@optiaxiom/web-components,3.0.4,89,A,,2,117,v0.2.0
'@orange-games/phaser-input,2.0.5,28,F,UNVERIFIED_PUBLISH_PATH|DORMANT|DEPRECATED,3,117,v0.2.0
'@undp/design-system,2.0.1,73,B,SINGLE_MAINTAINER,1,117,v0.2.0
angular-jk-carousel,0.5.0,19,F,UNVERIFIED_PUBLISH_PATH|DORMANT|SINGLE_MAINTAINER|DEPRECATED,1,117,v0.2.0
isotope-fit-columns,1.1.4,19,F,UNVERIFIED_PUBLISH_PATH|DORMANT|SINGLE_MAINTAINER,1,117,v0.2.0
videojs-resolution-switcher-vjs7,1.0.0,10,F,UNVERIFIED_PUBLISH_PATH|DORMANT|SINGLE_MAINTAINER,1,117,v0.2.0
'@activix/double-scroll,1.0.2,29,F,UNVERIFIED_PUBLISH_PATH|DORMANT,6,116,v0.2.0
'@pairbo/ui-kit,0.4.23,21,F,UNVERIFIED_PUBLISH_PATH|SINGLE_MAINTAINER,1,116,v0.2.0
harmonyos-sans-webfont-splitted,1.2.1,25,F,UNVERIFIED_PUBLISH_PATH|SINGLE_MAINTAINER,1,116,v0.2.0
lawnchair,0.6.4,33,F,UNVERIFIED_PUBLISH_PATH|DORMANT,2,116,v0.2.0
react-weui,1.2.3,33,F,UNVERIFIED_PUBLISH_PATH|DORMANT,2,116,v0.2.0
table-to-json,1.0.0,33,F,UNVERIFIED_PUBLISH_PATH|DORMANT,2,116,v0.2.0
'@brainfish-ai/search-widget,0.21.4,30,F,UNVERIFIED_PUBLISH_PATH,4,115,v0.2.0
'@feedmepos/mf-e-invoice,0.0.87-prod,35,D,UNVERIFIED_PUBLISH_PATH,3,115,v0.2.0
ken-burns-carousel,0.2.5,19,F,UNVERIFIED_PUBLISH_PATH|DORMANT|SINGLE_MAINTAINER,1,115,v0.2.0
'@fontsource/charm,5.2.7,71,B,,2,114,v0.2.0
ripplet.js,1.1.0,19,F,UNVERIFIED_PUBLISH_PATH|DORMANT|SINGLE_MAINTAINER,1,114,v0.2.0
'@bridgeline-digital/hawksearch-handlebars-ui,7.0.1,35,D,UNVERIFIED_PUBLISH_PATH,6,113,v0.2.0
'@observablehq/katex,0.11.1,33,F,UNVERIFIED_PUBLISH_PATH|DORMANT,4,113,v0.2.0
'@pluralsight/design-tokens,0.7.1,14,F,UNVERIFIED_PUBLISH_PATH|DORMANT|SINGLE_MAINTAINER,1,113,v0.2.0
jquery-smarttab,4.0.2,19,F,UNVERIFIED_PUBLISH_PATH|DORMANT|SINGLE_MAINTAINER,1,113,v0.2.0
'@bi-digital/icons,0.12.3,34,F,UNVERIFIED_PUBLISH_PATH,2,112,v0.2.0
'@fontsource/playfair-display-sc,5.2.8,71,B,,2,112,v0.2.0
jquery-ui-bundle.1.12.1,1.12.1,20,F,UNVERIFIED_PUBLISH_PATH|DORMANT|SINGLE_MAINTAINER,1,112,v0.2.0
'@dmester/sffjs,1.17.0,19,F,UNVERIFIED_PUBLISH_PATH|DORMANT|SINGLE_MAINTAINER,1,111,v0.2.0
'@finsweet/cookie-consent,1.15.0,24,F,UNVERIFIED_PUBLISH_PATH|DORMANT,2,111,v0.2.0
'@fontsource/pridi,5.2.8,71,B,,2,111,v0.2.0
'@widgetbot/crate,3.9.1,71,B,INCONSISTENT_PUBLISH_PATH,5,111,v0.2.0
lc-lightbox-lite,2.2.0,25,F,UNVERIFIED_PUBLISH_PATH|SINGLE_MAINTAINER,1,111,v0.2.0
'@3t-transform/threeteeui,1.11.0,35,D,UNVERIFIED_PUBLISH_PATH,7,110,v0.2.0
'@fontsource-variable/hahmlet,5.2.9,71,B,,2,110,v0.2.0
'@fontsource/sarala,5.2.8,71,B,,2,110,v0.2.0
'@noli42/chosen,3.1.3,25,F,UNVERIFIED_PUBLISH_PATH|SINGLE_MAINTAINER,1,110,v0.2.0
rubik-font,0.0.3,10,F,UNVERIFIED_PUBLISH_PATH|DORMANT|SINGLE_MAINTAINER,1,110,v0.2.0
'@alaskaairux/auro-interruption,1.4.5,19,F,UNVERIFIED_PUBLISH_PATH|DORMANT|SINGLE_MAINTAINER|DEPRECATED,1,109,v0.2.0
'@fontsource/signika-negative,5.2.8,71,B,,2,109,v0.2.0
'@unicorn-fail/drupal-bootstrap-styles,0.0.2,14,F,UNVERIFIED_PUBLISH_PATH|DORMANT|SINGLE_MAINTAINER|PUBLISHER_NOT_MAINTAINER,1,109,v0.2.0
imgviewer2,1.1.0,19,F,UNVERIFIED_PUBLISH_PATH|DORMANT|SINGLE_MAINTAINER,1,109,v0.2.0
readmore.js,2.0.4,19,F,UNVERIFIED_PUBLISH_PATH|DORMANT|SINGLE_MAINTAINER,1,109,v0.2.0
timepicki,2.0.1,19,F,UNVERIFIED_PUBLISH_PATH|DORMANT|SINGLE_MAINTAINER|DEPRECATED,1,109,v0.2.0
'@feedmepos/mf-financing,0.0.2,35,D,UNVERIFIED_PUBLISH_PATH,3,108,v0.2.0
'@goodgamestudios/cxf-plugins,0.105.1,35,D,UNVERIFIED_PUBLISH_PATH,27,108,v0.2.0
bootstrap-toaster,5.2.0-beta1.1,19,F,UNVERIFIED_PUBLISH_PATH|DORMANT|SINGLE_MAINTAINER,1,108,v0.2.0
font-awesome-5-css,5.4.1,10,F,UNVERIFIED_PUBLISH_PATH|DORMANT|SINGLE_MAINTAINER,1,108,v0.2.0
jquery-color-animation,1.5.1,19,F,UNVERIFIED_PUBLISH_PATH|DORMANT|SINGLE_MAINTAINER,1,108,v0.2.0
'@e-inscricao/widget,0.0.24,35,D,UNVERIFIED_PUBLISH_PATH,5,107,v0.2.0
'@openfonts/montserrat_all,1.44.2,14,F,UNVERIFIED_PUBLISH_PATH|DORMANT|SINGLE_MAINTAINER,1,107,v0.2.0
'@pwabuilder/pwainstall,1.6.7,24,F,UNVERIFIED_PUBLISH_PATH|DORMANT|PUBLISHER_NOT_MAINTAINER,3,107,v0.2.0
slick-carousel-latest,1.9.0,19,F,UNVERIFIED_PUBLISH_PATH|DORMANT|SINGLE_MAINTAINER,1,107,v0.2.0
'@fontsource/playfair,5.2.8,71,B,,2,106,v0.2.0
'@vuemap/layer-3dtiles,0.0.8,19,F,UNVERIFIED_PUBLISH_PATH|DORMANT|SINGLE_MAINTAINER,1,106,v0.2.0
gumlet.js,3.0.5,21,F,UNVERIFIED_PUBLISH_PATH|SINGLE_MAINTAINER,1,106,v0.2.0
jupyter-threejs,2.4.1,33,F,UNVERIFIED_PUBLISH_PATH|DORMANT,3,106,v0.2.0
typeface-minecraft,1.0.0,14,F,UNVERIFIED_PUBLISH_PATH|DORMANT|SINGLE_MAINTAINER,1,106,v0.2.0
'@fontsource/comforter,5.2.8,71,B,,2,105,v0.2.0
'@managed-api/commons-core,0.3.16,30,F,UNVERIFIED_PUBLISH_PATH,9,105,v0.2.0
'@oplayer/core,1.2.38-beta.2,10,F,UNVERIFIED_PUBLISH_PATH|DORMANT|SINGLE_MAINTAINER,1,105,v0.2.0
'@widgetti/solara-vuetify-app,10.1.1,93,A,,3,105,v0.2.0
'@workco/pannellum-react,1.2.5,33,F,UNVERIFIED_PUBLISH_PATH|DORMANT,5,105,v0.2.0
denali-icon-font,1.8.0,33,F,UNVERIFIED_PUBLISH_PATH|DORMANT,4,105,v0.2.0
ict-shopify,2.2.1,25,F,UNVERIFIED_PUBLISH_PATH|SINGLE_MAINTAINER,1,105,v0.2.0
superplaceholder,1.0.0,19,F,UNVERIFIED_PUBLISH_PATH|DORMANT|SINGLE_MAINTAINER,1,105,v0.2.0
venom-player,0.2.92,21,F,UNVERIFIED_PUBLISH_PATH|SINGLE_MAINTAINER,1,105,v0.2.0
'@developerportalsg/docsify-sidebar-collapse,2.2.0,33,F,UNVERIFIED_PUBLISH_PATH|DORMANT,3,104,v0.2.0
add-to-calendar-buttons,1.0.0,19,F,UNVERIFIED_PUBLISH_PATH|DORMANT|SINGLE_MAINTAINER,1,104,v0.2.0
icomoon,1.0.0,10,F,UNVERIFIED_PUBLISH_PATH|DORMANT|SINGLE_MAINTAINER,1,104,v0.2.0
lxgw-wenkai-tc-webfont,1.2.0,19,F,UNVERIFIED_PUBLISH_PATH|DORMANT|SINGLE_MAINTAINER,1,104,v0.2.0
prometix,1.7.0,25,F,UNVERIFIED_PUBLISH_PATH|SINGLE_MAINTAINER,1,104,v0.2.0
'@fontsource/enriqueta,5.2.7,71,B,,2,103,v0.2.0
'@fontsource/ubuntu-condensed,5.2.8,71,B,,2,103,v0.2.0
'@gumlet/insights-js-core,2.2.3,39,D,UNVERIFIED_PUBLISH_PATH,2,103,v0.2.0
'@promakeai/inspector,1.7.6,35,D,UNVERIFIED_PUBLISH_PATH,2,103,v0.2.0
bry-biometric-collector,3.3.6,21,F,UNVERIFIED_PUBLISH_PATH|SINGLE_MAINTAINER,1,103,v0.2.0
cn-fontsource-lxgw-wen-kai-screen,1.0.6,19,F,UNVERIFIED_PUBLISH_PATH|DORMANT|SINGLE_MAINTAINER,1,103,v0.2.0
grained,0.0.2,14,F,UNVERIFIED_PUBLISH_PATH|DORMANT|SINGLE_MAINTAINER,1,103,v0.2.0
green-audio-player,1.1.2,19,F,UNVERIFIED_PUBLISH_PATH|DORMANT|SINGLE_MAINTAINER,1,103,v0.2.0
hystmodal,1.0.1,19,F,UNVERIFIED_PUBLISH_PATH|DORMANT|SINGLE_MAINTAINER,1,103,v0.2.0
'@codidact/co-design,0.12.9,33,F,UNVERIFIED_PUBLISH_PATH|DORMANT,4,102,v0.2.0
'@digital-realty/ix-filter-select,1.3.5,35,D,UNVERIFIED_PUBLISH_PATH,4,102,v0.2.0
'@swarmcloud/media,1.3.2,25,F,UNVERIFIED_PUBLISH_PATH|SINGLE_MAINTAINER,1,102,v0.2.0
'@wssto2/rv-nissan-header-footer,1.10.0,34,F,UNVERIFIED_PUBLISH_PATH,2,102,v0.2.0
profanity-cleaner,0.0.3,14,F,UNVERIFIED_PUBLISH_PATH|DORMANT|SINGLE_MAINTAINER,1,102,v0.2.0
'@bebranded/bb-contents,1.1.23,25,F,UNVERIFIED_PUBLISH_PATH|SINGLE_MAINTAINER,1,101,v0.2.0
'@digital-realty/ix-multi-select,1.3.5,35,D,UNVERIFIED_PUBLISH_PATH,4,101,v0.2.0
'@finsweet/attributes-rangeslider,1.8.0,28,F,UNVERIFIED_PUBLISH_PATH|DORMANT|BRANCH_REQUIRES_PR,2,101,v0.2.0
'@progleasing/grit-universal,3.0.0,24,F,UNVERIFIED_PUBLISH_PATH|DORMANT|PUBLISHER_NOT_MAINTAINER,4,101,v0.2.0
'@pyscript/try-me,0.2.8,21,F,UNVERIFIED_PUBLISH_PATH|SINGLE_MAINTAINER,1,101,v0.2.0
'@zendeskgarden/css-modals,6.4.21,26,F,UNVERIFIED_PUBLISH_PATH|DORMANT|SINGLE_MAINTAINER|DEPRECATED,1,101,v0.2.0
masky-js,1.0.4,80,B,SINGLE_MAINTAINER,1,101,v0.2.0
mv-boost,0.0.8,10,F,UNVERIFIED_PUBLISH_PATH|DORMANT|SINGLE_MAINTAINER,1,101,v0.2.0
'@digital-realty/ix-chip,1.3.4,35,D,UNVERIFIED_PUBLISH_PATH,4,100,v0.2.0
'@digital-realty/ix-file-uploader,1.3.5,35,D,UNVERIFIED_PUBLISH_PATH,4,100,v0.2.0
'@digital-realty/ix-wizard,1.3.6,35,D,UNVERIFIED_PUBLISH_PATH,4,100,v0.2.0
'@zendeskgarden/css-pagination,4.0.19,26,F,UNVERIFIED_PUBLISH_PATH|DORMANT|SINGLE_MAINTAINER|DEPRECATED,1,100,v0.2.0
dragtable,2.0.12,15,F,UNVERIFIED_PUBLISH_PATH|DORMANT|SINGLE_MAINTAINER,1,100,v0.2.0
dynamsoft-code-parser,2.4.32,24,F,UNVERIFIED_PUBLISH_PATH|DORMANT|DEPRECATED,4,100,v0.2.0
textify.js,3.0.1,25,F,UNVERIFIED_PUBLISH_PATH|DORMANT|SINGLE_MAINTAINER,1,100,v0.2.0
'@esm-bundle/styled-components,5.2.1,33,F,UNVERIFIED_PUBLISH_PATH|DORMANT,6,99,v0.2.0
'@fontsource/chiron-goround-tc,5.2.4,81,B,,2,99,v0.2.0
'@pydantic/ai-chat-ui,2.0.0,87,A,,4,99,v0.2.0
boomerangjs,1.815.1,39,D,UNVERIFIED_PUBLISH_PATH,6,99,v0.2.0
dayschedule-widget,1.2.8,25,F,UNVERIFIED_PUBLISH_PATH|SINGLE_MAINTAINER,1,99,v0.2.0
leaflet.layergroup.collision,0.3.1,19,F,UNVERIFIED_PUBLISH_PATH|DORMANT|SINGLE_MAINTAINER,1,99,v0.2.0
mixitup-multifilter,3.3.7,19,F,UNVERIFIED_PUBLISH_PATH|DORMANT|SINGLE_MAINTAINER,1,99,v0.2.0
docsify-darklight-theme,3.2.0,19,F,UNVERIFIED_PUBLISH_PATH|DORMANT|SINGLE_MAINTAINER,1,98,v0.2.0
'@aws/amazon-location-migration-sdk,1.4.0,94,A,,4,97,v0.2.0
'@d8a-tech/wt,1.4.2,63,C,INCONSISTENT_PUBLISH_PATH|SINGLE_MAINTAINER,1,97,v0.2.0
'@fontsource/ribeye,5.2.8,71,B,,2,97,v0.2.0
'@material-symbols-react-native/rounded-600,1.0.0,19,F,UNVERIFIED_PUBLISH_PATH|DORMANT|SINGLE_MAINTAINER,1,97,v0.2.0
bootstrap-compatibility-layer,1.1.2,25,F,UNVERIFIED_PUBLISH_PATH|SINGLE_MAINTAINER,1,97,v0.2.0
infinite-scroll-component,0.0.4,19,F,UNVERIFIED_PUBLISH_PATH|DORMANT|SINGLE_MAINTAINER,1,97,v0.2.0
ping-widget,0.3.8,19,F,UNVERIFIED_PUBLISH_PATH|DORMANT|SINGLE_MAINTAINER,1,97,v0.2.0
'@digital-realty/ix-time,1.3.4,35,D,UNVERIFIED_PUBLISH_PATH,4,96,v0.2.0
'@digital-realty/ix-timer,3.5.4,35,D,UNVERIFIED_PUBLISH_PATH,4,96,v0.2.0
'@fontsource/short-stack,5.2.8,71,B,,2,96,v0.2.0
'@kfonts/nanum-myeongjo,0.2.0,19,F,UNVERIFIED_PUBLISH_PATH|DORMANT|SINGLE_MAINTAINER,1,96,v0.2.0
'@nent/core,0.10.8,33,F,UNVERIFIED_PUBLISH_PATH|DORMANT,2,96,v0.2.0
'@swissfederalrailways/internet-tracking,16.0.16,35,D,UNVERIFIED_PUBLISH_PATH,2,96,v0.2.0
jose-jwe,0.2.2,14,F,UNVERIFIED_PUBLISH_PATH|DORMANT|SINGLE_MAINTAINER|PUBLISHER_NOT_MAINTAINER,1,96,v0.2.0
jsproxy-cache-01,0.0.79,10,F,UNVERIFIED_PUBLISH_PATH|DORMANT|SINGLE_MAINTAINER,1,96,v0.2.0
node-marquee,3.0.6,19,F,UNVERIFIED_PUBLISH_PATH|DORMANT|SINGLE_MAINTAINER|DEPRECATED,1,96,v0.2.0
simpleweather,3.1.0,19,F,UNVERIFIED_PUBLISH_PATH|DORMANT|SINGLE_MAINTAINER,1,96,v0.2.0
videojs-hlsjs,1.4.8,28,F,UNVERIFIED_PUBLISH_PATH|DORMANT|PUBLISHER_NOT_MAINTAINER,5,96,v0.2.0
'@mezereon/ui-shopify,2.0.9,21,F,UNVERIFIED_PUBLISH_PATH|SINGLE_MAINTAINER,1,95,v0.2.0
njx-ui,1.1.4,25,F,UNVERIFIED_PUBLISH_PATH|SINGLE_MAINTAINER,1,95,v0.2.0
'@wssto2/renault-header-footer-2022,1.16.2,39,D,UNVERIFIED_PUBLISH_PATH,2,94,v0.2.0
jquery-tiny-pubsub,0.7.1,19,F,UNVERIFIED_PUBLISH_PATH|DORMANT|SINGLE_MAINTAINER,1,94,v0.2.0
trig-js,4.2.1,25,F,UNVERIFIED_PUBLISH_PATH|SINGLE_MAINTAINER,1,94,v0.2.0
'@fontsource/kosugi,5.2.8,71,B,,2,93,v0.2.0
'@hl7/hl7.fhir.r4.core,4.0.1,29,F,UNVERIFIED_PUBLISH_PATH|DORMANT,2,93,v0.2.0
'@kajabi-ui/styles,1.4.0,74,B,SINGLE_MAINTAINER|BRANCH_REQUIRES_PR,1,93,v0.2.0
'@kfonts/nanum-square,0.2.0,19,F,UNVERIFIED_PUBLISH_PATH|DORMANT|SINGLE_MAINTAINER,1,93,v0.2.0
'@vouchfor/embeds,8.1.0,35,D,UNVERIFIED_PUBLISH_PATH,5,93,v0.2.0
jquery-breakpoints,1.8.1,19,F,UNVERIFIED_PUBLISH_PATH|DORMANT|SINGLE_MAINTAINER,1,93,v0.2.0
mammoth-plus,2.0.2,19,F,UNVERIFIED_PUBLISH_PATH|DORMANT|SINGLE_MAINTAINER,1,93,v0.2.0
'@finsweet/attributes-autovideo,1.5.0,28,F,UNVERIFIED_PUBLISH_PATH|DORMANT|BRANCH_REQUIRES_PR,2,92,v0.2.0
'@flowbase-co/boosters-tooltip,1.1.2,34,F,UNVERIFIED_PUBLISH_PATH,2,92,v0.2.0
'@textback/notification-widget,2.0.23,21,F,UNVERIFIED_PUBLISH_PATH|SINGLE_MAINTAINER,1,92,v0.2.0
'@vntana/viewer,2.3.0,16,F,UNVERIFIED_PUBLISH_PATH,0,92,v0.2.0
'@wssto2/dacia-header-footer-2022,1.13.1,39,D,UNVERIFIED_PUBLISH_PATH,2,92,v0.2.0
amwal-checkout-button,0.2.3,35,D,UNVERIFIED_PUBLISH_PATH,3,92,v0.2.0
clappr-playback-rate-plugin,0.7.0,19,F,UNVERIFIED_PUBLISH_PATH|DORMANT|SINGLE_MAINTAINER,1,92,v0.2.0
ibp-tms,1.0.77,16,F,UNVERIFIED_PUBLISH_PATH|SINGLE_MAINTAINER,1,92,v0.2.0
japhy-custom-elements,1.0.73,21,F,UNVERIFIED_PUBLISH_PATH|SINGLE_MAINTAINER,1,92,v0.2.0
jquery-weui,1.2.1,19,F,UNVERIFIED_PUBLISH_PATH|DORMANT|SINGLE_MAINTAINER,1,91,v0.2.0
nanogram.js,3.2.0,19,F,UNVERIFIED_PUBLISH_PATH|DORMANT|SINGLE_MAINTAINER,1,91,v0.2.0
qmsg,1.7.2,16,F,UNVERIFIED_PUBLISH_PATH|SINGLE_MAINTAINER,1,91,v0.2.0
6vd-pub-shen,4.0.1764330165,16,F,UNVERIFIED_PUBLISH_PATH|SINGLE_MAINTAINER,1,90,v0.2.0
'@intergrav/devins-badges,3.3.1,16,F,UNVERIFIED_PUBLISH_PATH|SINGLE_MAINTAINER,1,90,v0.2.0
'@ionic-selectable/core,8.0.0-alpha.5,33,F,UNVERIFIED_PUBLISH_PATH|DORMANT,3,90,v0.2.0
frow,4.0.0,19,F,UNVERIFIED_PUBLISH_PATH|DORMANT|SINGLE_MAINTAINER,1,90,v0.2.0
gcal-sync,2.1.3,20,F,UNVERIFIED_PUBLISH_PATH|SINGLE_MAINTAINER,1,90,v0.2.0
jquery-countup,1.0.1,19,F,UNVERIFIED_PUBLISH_PATH|DORMANT|SINGLE_MAINTAINER,1,90,v0.2.0
js-captcha,1.2.2,25,F,UNVERIFIED_PUBLISH_PATH|SINGLE_MAINTAINER,1,90,v0.2.0
pikaday-responsive,0.7.0,15,F,UNVERIFIED_PUBLISH_PATH|DORMANT|SINGLE_MAINTAINER,1,90,v0.2.0
translation-widget,1.1.4,39,D,UNVERIFIED_PUBLISH_PATH,3,90,v0.2.0
'@elastic/behavioral-analytics-browser-tracker,2.1.4,24,F,UNVERIFIED_PUBLISH_PATH|DORMANT|PUBLISHER_NOT_MAINTAINER,3,89,v0.2.0
'@gcba/obelisco-v2,1.15.0,25,F,UNVERIFIED_PUBLISH_PATH|SINGLE_MAINTAINER,1,89,v0.2.0
es2020,1.1.9,33,F,UNVERIFIED_PUBLISH_PATH|DORMANT,3,89,v0.2.0
litlyx-js,1.4.0,21,F,UNVERIFIED_PUBLISH_PATH|SINGLE_MAINTAINER,1,89,v0.2.0
stardew-valley-data,1.0.1,32,F,UNVERIFIED_PUBLISH_PATH|SINGLE_MAINTAINER,1,89,v0.2.0
'@aurodesignsystem/auro-sidenav,5.1.1,89,A,,8,88,v0.2.0
'@deck.gl/jupyter-widget,9.3.6,39,D,UNVERIFIED_PUBLISH_PATH,5,88,v0.2.0
'@digital-realty/ui-mfe-reports,12.0.2,30,F,UNVERIFIED_PUBLISH_PATH,4,88,v0.2.0
'@fontsource/mirza,5.2.8,71,B,,2,88,v0.2.0
'@getnexorai/sdk,0.1.7,35,D,UNVERIFIED_PUBLISH_PATH,2,88,v0.2.0
'@zendeskgarden/css-tabs,6.0.19,26,F,UNVERIFIED_PUBLISH_PATH|DORMANT|SINGLE_MAINTAINER|DEPRECATED,1,88,v0.2.0
chiron-go-round-tc-webfont,1.0.11,68,C,SINGLE_MAINTAINER,1,88,v0.2.0
'@digital-realty/ix-generic-tree,2.2.6,35,D,UNVERIFIED_PUBLISH_PATH,4,87,v0.2.0
'@free-fonts/plangothic,1.0.0,25,F,UNVERIFIED_PUBLISH_PATH|SINGLE_MAINTAINER,1,87,v0.2.0
'@teamepyc/webflow-toolkit,0.4.4,28,F,UNVERIFIED_PUBLISH_PATH|DORMANT,2,87,v0.2.0
greenbricks-cps-sdk,1.7.0,21,F,UNVERIFIED_PUBLISH_PATH|SINGLE_MAINTAINER,1,87,v0.2.0
jellyskin,12.5.1,19,F,UNVERIFIED_PUBLISH_PATH|DORMANT|SINGLE_MAINTAINER,1,87,v0.2.0
page-scroll-to-id,1.6.8,19,F,UNVERIFIED_PUBLISH_PATH|DORMANT|SINGLE_MAINTAINER,1,87,v0.2.0
quran-cloud,1.0.0,14,F,UNVERIFIED_PUBLISH_PATH|DORMANT|SINGLE_MAINTAINER,1,87,v0.2.0
'@fontsource/capriola,5.2.7,71,B,,2,86,v0.2.0
'@fontsource/duru-sans,5.2.8,71,B,,2,86,v0.2.0
jquery-dropdown-datepicker,1.3.0,14,F,UNVERIFIED_PUBLISH_PATH|DORMANT|SINGLE_MAINTAINER,1,86,v0.2.0
pjax-api,3.44.1,19,F,UNVERIFIED_PUBLISH_PATH|DORMANT|SINGLE_MAINTAINER,1,86,v0.2.0
'@mate-academy/sourcebuster,1.5.2,16,F,UNVERIFIED_PUBLISH_PATH|SINGLE_MAINTAINER,1,85,v0.2.0
affiliate,5.0.0,19,F,UNVERIFIED_PUBLISH_PATH|DORMANT|SINGLE_MAINTAINER,1,85,v0.2.0
brownies,4.0.1,25,F,UNVERIFIED_PUBLISH_PATH|SINGLE_MAINTAINER,1,85,v0.2.0
videojs-airplay,1.1.1,19,F,UNVERIFIED_PUBLISH_PATH|DORMANT|SINGLE_MAINTAINER,1,85,v0.2.0
'@feedmepos/mf-operation,0.0.30,30,F,UNVERIFIED_PUBLISH_PATH,3,84,v0.2.0
'@feedmepos/mf-transaction,0.0.71,30,F,UNVERIFIED_PUBLISH_PATH,3,84,v0.2.0
'@finsweet/attributes-socialshare,1.3.2,28,F,UNVERIFIED_PUBLISH_PATH|DORMANT|BRANCH_REQUIRES_PR,2,84,v0.2.0
'@fontsource/licorice,5.2.8,71,B,,2,84,v0.2.0
'@fontsource/the-nautigal,5.2.7,71,B,,2,84,v0.2.0
'@qpokychuk/gilroy,1.0.2,10,F,UNVERIFIED_PUBLISH_PATH|DORMANT|SINGLE_MAINTAINER,1,84,v0.2.0
midnight.js,1.1.1,19,F,UNVERIFIED_PUBLISH_PATH|DORMANT|SINGLE_MAINTAINER,1,84,v0.2.0
'@bmg.studio/form,1.5.2,15,F,UNVERIFIED_PUBLISH_PATH|DORMANT|SINGLE_MAINTAINER,1,83,v0.2.0
'@fontsource/ibarra-real-nova,5.2.8,71,B,,2,83,v0.2.0
'@sledge-app/js,2.0.114,35,D,UNVERIFIED_PUBLISH_PATH,4,83,v0.2.0
bootstrap-typeahead,2.3.2,10,F,UNVERIFIED_PUBLISH_PATH|DORMANT|SINGLE_MAINTAINER,1,83,v0.2.0
'@axa-ch/button,8.2.5,28,F,UNVERIFIED_PUBLISH_PATH|DORMANT|PUBLISHER_NOT_MAINTAINER|DEPRECATED,5,82,v0.2.0
'@axa-ch/button-link,7.0.3,28,F,UNVERIFIED_PUBLISH_PATH|DORMANT|PUBLISHER_NOT_MAINTAINER|DEPRECATED,5,82,v0.2.0
'@ignf-geoportal/sdk-2d,3.5.6,34,F,UNVERIFIED_PUBLISH_PATH,3,82,v0.2.0
'@inkeep/cxkit-mintlify,0.5.119,34,F,UNVERIFIED_PUBLISH_PATH,8,82,v0.2.0
mutationobserver-polyfill,1.3.0,19,F,UNVERIFIED_PUBLISH_PATH|DORMANT|SINGLE_MAINTAINER,1,82,v0.2.0
onoffcanvas,3.0.1,25,F,UNVERIFIED_PUBLISH_PATH|SINGLE_MAINTAINER,1,82,v0.2.0
'@8thwall/landing-page,1.0.0,35,D,UNVERIFIED_PUBLISH_PATH,2,81,v0.2.0
'@charlie404/simond-stories,1.4.4,21,F,UNVERIFIED_PUBLISH_PATH|SINGLE_MAINTAINER,1,81,v0.2.0
'@tulipnpm/livechat,1.7.4,15,F,UNVERIFIED_PUBLISH_PATH|DORMANT|SINGLE_MAINTAINER,1,81,v0.2.0
adzone,2.3.231,10,F,UNVERIFIED_PUBLISH_PATH|DORMANT|SINGLE_MAINTAINER,1,81,v0.2.0
angular-validation-ghiscoding,1.5.28,19,F,UNVERIFIED_PUBLISH_PATH|DORMANT|SINGLE_MAINTAINER|DEPRECATED,1,81,v0.2.0
cn-fontsource-source-han-serif-sc-vf-regular,1.0.1,19,F,UNVERIFIED_PUBLISH_PATH|DORMANT|SINGLE_MAINTAINER,1,81,v0.2.0
font-applesdgothicneo,1.0.3,19,F,UNVERIFIED_PUBLISH_PATH|DORMANT|SINGLE_MAINTAINER,1,81,v0.2.0
holidoit,1.0.162,25,F,UNVERIFIED_PUBLISH_PATH|SINGLE_MAINTAINER,1,81,v0.2.0
iransans,1.0.0,15,F,UNVERIFIED_PUBLISH_PATH|DORMANT|SINGLE_MAINTAINER,1,81,v0.2.0
machinelearn,2.1.5,14,F,UNVERIFIED_PUBLISH_PATH|DORMANT|SINGLE_MAINTAINER,1,81,v0.2.0
tapjs,1.0.9,33,F,UNVERIFIED_PUBLISH_PATH|DORMANT,2,81,v0.2.0
'@finsweet/attributes-richtext,1.10.3,34,F,UNVERIFIED_PUBLISH_PATH|BRANCH_REQUIRES_PR,2,80,v0.2.0
'@fontsource/aclonica,5.2.8,71,B,,2,80,v0.2.0
'@fontsource/athiti,5.2.8,71,B,,2,80,v0.2.0
'@handsfree/aa-launcher,2.1.54,39,D,UNVERIFIED_PUBLISH_PATH,4,80,v0.2.0
'@intermine/chromatin,0.0.27,28,F,UNVERIFIED_PUBLISH_PATH|DORMANT,5,80,v0.2.0
'@orbitellabs/chatbot-sdk,2.0.4,21,F,UNVERIFIED_PUBLISH_PATH|SINGLE_MAINTAINER,1,80,v0.2.0
'@ryanmorr/ready,1.4.1,19,F,UNVERIFIED_PUBLISH_PATH|DORMANT|SINGLE_MAINTAINER,1,80,v0.2.0
dealpos-font,7.0.21,16,F,UNVERIFIED_PUBLISH_PATH|SINGLE_MAINTAINER,1,80,v0.2.0
responsively-lazy,3.2.1,19,F,UNVERIFIED_PUBLISH_PATH|DORMANT|SINGLE_MAINTAINER,1,80,v0.2.0
taipei-sans-tc,0.1.1,14,F,UNVERIFIED_PUBLISH_PATH|DORMANT|SINGLE_MAINTAINER,1,80,v0.2.0
typesense-docsearch.js,3.4.1,35,D,UNVERIFIED_PUBLISH_PATH|DORMANT,4,80,v0.2.0
'@gradio/lite,5.45.0,16,F,UNVERIFIED_PUBLISH_PATH|SINGLE_MAINTAINER,1,79,v0.2.0
interlude-ui,1.2.2,25,F,UNVERIFIED_PUBLISH_PATH|SINGLE_MAINTAINER,1,79,v0.2.0
jquery-doubletaptogo,3.0.2,19,F,UNVERIFIED_PUBLISH_PATH|DORMANT|SINGLE_MAINTAINER,1,79,v0.2.0
jquery.mb.browser,1.0.0,19,F,UNVERIFIED_PUBLISH_PATH|DORMANT|SINGLE_MAINTAINER,1,79,v0.2.0
sweet-modal,1.3.2,19,F,UNVERIFIED_PUBLISH_PATH|DORMANT|SINGLE_MAINTAINER,1,79,v0.2.0
'@builder.io/webcomponents,2.0.2,52,C,UNVERIFIED_PUBLISH_PATH,22,78,v0.2.0
'@deriv-com/marketing-utils,2.2.1,25,F,UNVERIFIED_PUBLISH_PATH|SINGLE_MAINTAINER,1,78,v0.2.0
'@finsweet/cms-library,1.9.11,33,F,UNVERIFIED_PUBLISH_PATH|DORMANT,2,78,v0.2.0
'@get-advantage/advantage,0.11.2,25,F,UNVERIFIED_PUBLISH_PATH|SINGLE_MAINTAINER,1,78,v0.2.0
'@hanzi.pro/webfonts-lxgw-wenkai-tc,0.1.0,52,C,INCONSISTENT_PUBLISH_PATH|SINGLE_MAINTAINER,1,78,v0.2.0
'@mesh-interactive/mesh-sdk,0.4.1,35,D,UNVERIFIED_PUBLISH_PATH,3,78,v0.2.0
animate.js,2.0.2,19,F,UNVERIFIED_PUBLISH_PATH|DORMANT|SINGLE_MAINTAINER,1,78,v0.2.0
artplayer-plugin-document-pip,1.1.0,25,F,UNVERIFIED_PUBLISH_PATH|SINGLE_MAINTAINER,1,78,v0.2.0
getmdl-select,2.0.1,33,F,UNVERIFIED_PUBLISH_PATH|DORMANT,3,78,v0.2.0
jquery.appendgrid,2.1.1,19,F,UNVERIFIED_PUBLISH_PATH|DORMANT|SINGLE_MAINTAINER,1,78,v0.2.0
jquery.resizeend,1.1.1,19,F,UNVERIFIED_PUBLISH_PATH|DORMANT|SINGLE_MAINTAINER,1,78,v0.2.0
'@bryt-designs/web-components,0.13.6,16,F,UNVERIFIED_PUBLISH_PATH|SINGLE_MAINTAINER,1,77,v0.2.0
'@reform-digital/era-group-weglot,1.3.2,16,F,UNVERIFIED_PUBLISH_PATH|SINGLE_MAINTAINER,1,77,v0.2.0
'@reuters-graphics/graphics-atlas-client,0.5.2,23,F,UNVERIFIED_PUBLISH_PATH|DORMANT|PUBLISHER_NOT_MAINTAINER,5,77,v0.2.0
'@whitesev/utils,2.12.2,16,F,UNVERIFIED_PUBLISH_PATH|SINGLE_MAINTAINER,1,77,v0.2.0
clappr-chromecast-plugin,0.1.1,19,F,UNVERIFIED_PUBLISH_PATH|DORMANT|SINGLE_MAINTAINER,1,77,v0.2.0
iati-design-system,4.10.0,63,C,INCONSISTENT_PUBLISH_PATH|SINGLE_MAINTAINER,1,77,v0.2.0
leaflet-tooltip,1.0.4,15,F,UNVERIFIED_PUBLISH_PATH|DORMANT|SINGLE_MAINTAINER,1,77,v0.2.0
map-fanbox-points,0.1.1,21,F,UNVERIFIED_PUBLISH_PATH|SINGLE_MAINTAINER,1,77,v0.2.0
jquery-eu-cookie-law-popup,1.1.3,15,F,UNVERIFIED_PUBLISH_PATH|DORMANT|SINGLE_MAINTAINER,1,76,v0.2.0
p2p-media-loader-shaka,3.0.1,74,B,SINGLE_MAINTAINER,1,76,v0.2.0
'@farcade/game-sdk,0.3.0,35,D,UNVERIFIED_PUBLISH_PATH,3,75,v0.2.0
'@finsweet/attributes-smartlightbox,1.7.0,28,F,UNVERIFIED_PUBLISH_PATH|DORMANT,2,75,v0.2.0
'@flowbase-co/boosters-tab-rotation-webflow,1.2.2,34,F,UNVERIFIED_PUBLISH_PATH,2,75,v0.2.0
'@icon/entypo,1.0.0-alpha.3,33,F,UNVERIFIED_PUBLISH_PATH|DORMANT,2,75,v0.2.0
'@staaky/fresco,2.3.2,19,F,UNVERIFIED_PUBLISH_PATH|DORMANT|SINGLE_MAINTAINER,1,75,v0.2.0
heroui-chat-script,0.0.3,35,D,UNVERIFIED_PUBLISH_PATH,3,75,v0.2.0
jquery-twzipcode,1.7.15-rc1,14,F,UNVERIFIED_PUBLISH_PATH|DORMANT|SINGLE_MAINTAINER,1,75,v0.2.0
nimbbl_sonic,6.2.0,21,F,UNVERIFIED_PUBLISH_PATH|SINGLE_MAINTAINER,1,75,v0.2.0
'@axa-ch/footer,6.0.12,28,F,UNVERIFIED_PUBLISH_PATH|DORMANT|PUBLISHER_NOT_MAINTAINER|DEPRECATED,5,74,v0.2.0
'@feedmepos/mf-settings,0.0.75-dev.1,30,F,UNVERIFIED_PUBLISH_PATH,3,74,v0.2.0
'@finsweet/attributes-toc,1.2.4,28,F,UNVERIFIED_PUBLISH_PATH|DORMANT|BRANCH_REQUIRES_PR,2,74,v0.2.0
'@northeastern-web/global-elements,1.1.3,39,D,UNVERIFIED_PUBLISH_PATH,4,74,v0.2.0
'@trustdevicejs/trustdevice-js,1.0.6,25,F,UNVERIFIED_PUBLISH_PATH|SINGLE_MAINTAINER,1,74,v0.2.0
chiron-hei-hk-webfont,2.6.9,68,C,SINGLE_MAINTAINER,1,74,v0.2.0
'@banksapitechnology/embeddable-finance-web-components,1.7.0,21,F,UNVERIFIED_PUBLISH_PATH|SINGLE_MAINTAINER,1,73,v0.2.0
'@finsweet/attributes-sliderdots,1.8.0,28,F,UNVERIFIED_PUBLISH_PATH|DORMANT|BRANCH_REQUIRES_PR,2,73,v0.2.0
'@fontsource/harmattan,5.2.7,71,B,,2,73,v0.2.0
'@fontsource/noto-serif-kannada,5.2.8,71,B,,2,73,v0.2.0
jquery-common-keydown,1.0.1,19,F,UNVERIFIED_PUBLISH_PATH|DORMANT|SINGLE_MAINTAINER,1,73,v0.2.0
leaflet-tag-filter-button,0.0.5,19,F,UNVERIFIED_PUBLISH_PATH|DORMANT|SINGLE_MAINTAINER,1,73,v0.2.0
publicalbum,1.3.4,14,F,UNVERIFIED_PUBLISH_PATH|DORMANT|SINGLE_MAINTAINER,1,73,v0.2.0
'@feedmepos/mf-discount-rule,0.0.9-alpha.0,30,F,UNVERIFIED_PUBLISH_PATH,3,72,v0.2.0
'@filteringdev/namulink,20.6.0,73,B,SINGLE_MAINTAINER,1,72,v0.2.0
'@finsweet/attributes-scrolldisable,1.6.2,28,F,UNVERIFIED_PUBLISH_PATH|DORMANT|BRANCH_REQUIRES_PR,2,72,v0.2.0
'@thelevicole/youtube-to-html5-loader,5.0.0,19,F,UNVERIFIED_PUBLISH_PATH|DORMANT|SINGLE_MAINTAINER,1,72,v0.2.0
beefup,1.5.0,19,F,UNVERIFIED_PUBLISH_PATH|DORMANT|SINGLE_MAINTAINER,1,72,v0.2.0
jquery.session,1.0.0,19,F,UNVERIFIED_PUBLISH_PATH|DORMANT|SINGLE_MAINTAINER,1,72,v0.2.0
ms-dropdown,4.0.3,19,F,UNVERIFIED_PUBLISH_PATH|DORMANT|SINGLE_MAINTAINER,1,72,v0.2.0
typeface-nanum-square-neo,0.0.6,19,F,UNVERIFIED_PUBLISH_PATH|DORMANT|SINGLE_MAINTAINER,1,72,v0.2.0
urisanity,0.1.6,26,F,UNVERIFIED_PUBLISH_PATH|DORMANT|SINGLE_MAINTAINER|DEPRECATED,1,72,v0.2.0
'@esri/hub-components,5.420.1,39,D,UNVERIFIED_PUBLISH_PATH,18,71,v0.2.0
'@fontsource/42dot-sans,5.2.9,71,B,,2,71,v0.2.0
'@fontsource/istok-web,5.2.8,71,B,,2,71,v0.2.0
'@gaia-project/viewer,5.11.50,28,F,UNVERIFIED_PUBLISH_PATH|DORMANT,2,71,v0.2.0
bondage-club-mod-sdk,1.2.0,14,F,UNVERIFIED_PUBLISH_PATH|DORMANT|SINGLE_MAINTAINER,1,71,v0.2.0
bootstrap-modbox,1.7.0,19,F,UNVERIFIED_PUBLISH_PATH|DORMANT|SINGLE_MAINTAINER,1,71,v0.2.0
bulma-social,3.2.0,73,B,SINGLE_MAINTAINER,1,71,v0.2.0
font-kopubworld,1.0.3,19,F,UNVERIFIED_PUBLISH_PATH|DORMANT|SINGLE_MAINTAINER,1,71,v0.2.0
kclsu-components,0.1.13,15,F,UNVERIFIED_PUBLISH_PATH|DORMANT|SINGLE_MAINTAINER,1,71,v0.2.0
leaflet-control-boxzoom,1.5.0,19,F,UNVERIFIED_PUBLISH_PATH|DORMANT|SINGLE_MAINTAINER,1,71,v0.2.0
unite-lib,1.12.1,21,F,UNVERIFIED_PUBLISH_PATH|SINGLE_MAINTAINER,1,71,v0.2.0
videojs-chromecast,2.0.8,14,F,UNVERIFIED_PUBLISH_PATH|DORMANT|SINGLE_MAINTAINER|PUBLISHER_NOT_MAINTAINER,1,71,v0.2.0
visualdx,1.1.15,21,F,UNVERIFIED_PUBLISH_PATH|SINGLE_MAINTAINER,1,71,v0.2.0
'@blinkmobile/canvas-manipulation,1.0.1,28,F,UNVERIFIED_PUBLISH_PATH|DORMANT|PUBLISHER_NOT_MAINTAINER|DEPRECATED,5,70,v0.2.0
'@commversion/libs,0.18.11,21,F,UNVERIFIED_PUBLISH_PATH|SINGLE_MAINTAINER,1,70,v0.2.0
'@data-fair/app-charts,1.3.9,35,D,UNVERIFIED_PUBLISH_PATH,3,70,v0.2.0
'@fontsource/alatsi,5.2.8,71,B,,2,70,v0.2.0
'@fontsource/mina,5.2.8,71,B,,2,70,v0.2.0
'@privateav/sdk,3.5.3,25,F,UNVERIFIED_PUBLISH_PATH|SINGLE_MAINTAINER,1,70,v0.2.0
jquery-form-styler,2.0.2,19,F,UNVERIFIED_PUBLISH_PATH|DORMANT|SINGLE_MAINTAINER,1,70,v0.2.0
jquery-roving-tabindex,1.0.1,19,F,UNVERIFIED_PUBLISH_PATH|DORMANT|SINGLE_MAINTAINER,1,70,v0.2.0
jquery.cookie-consent,1.0.19,19,F,UNVERIFIED_PUBLISH_PATH|DORMANT|SINGLE_MAINTAINER,1,70,v0.2.0
myriad-font,0.0.2,19,F,UNVERIFIED_PUBLISH_PATH|DORMANT|SINGLE_MAINTAINER,1,70,v0.2.0
ng-youtube-embed,1.7.17,19,F,UNVERIFIED_PUBLISH_PATH|DORMANT|SINGLE_MAINTAINER,1,70,v0.2.0
progressively,1.2.5,19,F,UNVERIFIED_PUBLISH_PATH|DORMANT|SINGLE_MAINTAINER,1,70,v0.2.0
'@animuz/embed,0.2.5-rc4.2,35,D,UNVERIFIED_PUBLISH_PATH,3,69,v0.2.0
'@emretulek/jbvalidator,1.0.9,19,F,UNVERIFIED_PUBLISH_PATH|DORMANT|SINGLE_MAINTAINER,1,69,v0.2.0
'@fontsource/poor-story,5.2.8,71,B,,2,69,v0.2.0
'@myriaddreamin/typst-ts-parser,0.7.0,73,B,SINGLE_MAINTAINER,1,69,v0.2.0
'@nortic/icons,0.1.6,34,F,UNVERIFIED_PUBLISH_PATH,4,69,v0.2.0
'@ptkdev/webcomponent-instagram-widget,2.9.0,19,F,UNVERIFIED_PUBLISH_PATH|DORMANT|SINGLE_MAINTAINER,1,69,v0.2.0
cgview,1.8.2,25,F,UNVERIFIED_PUBLISH_PATH|SINGLE_MAINTAINER,1,69,v0.2.0
javascript-debounce,1.0.1,19,F,UNVERIFIED_PUBLISH_PATH|DORMANT|SINGLE_MAINTAINER,1,69,v0.2.0
lazy-line-painter,2.0.3,19,F,UNVERIFIED_PUBLISH_PATH|DORMANT|SINGLE_MAINTAINER,1,69,v0.2.0
mori-chat-widget,2.0.49,16,F,UNVERIFIED_PUBLISH_PATH|SINGLE_MAINTAINER,1,69,v0.2.0
swiftype-app-search-javascript,2.4.0,33,F,UNVERIFIED_PUBLISH_PATH|DORMANT|DEPRECATED,10,69,v0.2.0
'@apollosproject/apollos-embeds,0.2.42,77,B,INCONSISTENT_PUBLISH_PATH,7,68,v0.2.0
'@finsweet/attributes-countitems,1.6.0,28,F,UNVERIFIED_PUBLISH_PATH|DORMANT|BRANCH_REQUIRES_PR,2,68,v0.2.0
'@r3dz0n3/fontawesome-pro,6.3.0,19,F,UNVERIFIED_PUBLISH_PATH|DORMANT|SINGLE_MAINTAINER,1,68,v0.2.0
'@widgetbot/html-embed,1.3.1,81,B,,5,68,v0.2.0
long-story-library,0.0.23,14,F,UNVERIFIED_PUBLISH_PATH|DORMANT|SINGLE_MAINTAINER,1,68,v0.2.0
now-ui-kit,1.3.0,24,F,UNVERIFIED_PUBLISH_PATH|DORMANT,8,68,v0.2.0
outdated-browser,1.0.2,19,F,UNVERIFIED_PUBLISH_PATH|DORMANT|SINGLE_MAINTAINER,1,68,v0.2.0
statsig-js-local-eval,1.4.0,28,F,UNVERIFIED_PUBLISH_PATH|DORMANT|PUBLISHER_NOT_MAINTAINER|DEPRECATED,2,68,v0.2.0
'@finsweet/attributes-cmsstatic,1.3.0,28,F,UNVERIFIED_PUBLISH_PATH|DORMANT|BRANCH_REQUIRES_PR,2,67,v0.2.0
'@finsweet/attributes-readtime,1.2.3,28,F,UNVERIFIED_PUBLISH_PATH|DORMANT|BRANCH_REQUIRES_PR,2,67,v0.2.0
'@metaxia/scriptures-source-openscriptures-ohb,2.0.0,25,F,UNVERIFIED_PUBLISH_PATH|SINGLE_MAINTAINER,1,67,v0.2.0
'@sendcloud/checkout-plugin-ui,2.4.4,35,D,UNVERIFIED_PUBLISH_PATH,4,67,v0.2.0
'@vetixy/circular-std,1.0.0,19,F,UNVERIFIED_PUBLISH_PATH|DORMANT|SINGLE_MAINTAINER,1,67,v0.2.0
goo-motion-library,1.0.1,15,F,UNVERIFIED_PUBLISH_PATH|DORMANT|SINGLE_MAINTAINER,1,67,v0.2.0
jq-accordion,1.0.3,19,F,UNVERIFIED_PUBLISH_PATH|DORMANT|SINGLE_MAINTAINER,1,67,v0.2.0
jquery-columnizer,1.6.3,19,F,UNVERIFIED_PUBLISH_PATH|DORMANT|SINGLE_MAINTAINER,1,67,v0.2.0
rater-jquery,1.0.0,19,F,UNVERIFIED_PUBLISH_PATH|DORMANT|SINGLE_MAINTAINER,1,67,v0.2.0
'@flowbase-co/boosters-countup,1.0.2,34,F,UNVERIFIED_PUBLISH_PATH,2,66,v0.2.0
'@fontsource/anek-gujarati,5.2.8,71,B,,2,66,v0.2.0
'@fontsource/bakbak-one,5.2.8,71,B,,2,66,v0.2.0
'@justaa/scripts,1.6.7,16,F,UNVERIFIED_PUBLISH_PATH|SINGLE_MAINTAINER,1,66,v0.2.0
'@mariusbongarts/previewbox,0.0.24,19,F,UNVERIFIED_PUBLISH_PATH|DORMANT|SINGLE_MAINTAINER,1,66,v0.2.0
'@viewdo/dxp-nent,0.12.1,35,D,UNVERIFIED_PUBLISH_PATH,5,66,v0.2.0
big-buck-bunny-1080p,0.0.6,15,F,UNVERIFIED_PUBLISH_PATH|DORMANT|SINGLE_MAINTAINER,1,66,v0.2.0
flying-pages,2.0.6,19,F,UNVERIFIED_PUBLISH_PATH|DORMANT|SINGLE_MAINTAINER,1,66,v0.2.0
ibp-app,1.2.10,16,F,UNVERIFIED_PUBLISH_PATH|SINGLE_MAINTAINER,1,66,v0.2.0
layer-src,3.5.1,19,F,UNVERIFIED_PUBLISH_PATH|DORMANT|SINGLE_MAINTAINER,1,66,v0.2.0
pretendard-std,1.3.9,19,F,UNVERIFIED_PUBLISH_PATH|DORMANT|SINGLE_MAINTAINER,1,66,v0.2.0
'@bmlt-enabled/croutonjs,4.1.12,84,B,INCONSISTENT_PUBLISH_PATH,5,65,v0.2.0
'@europeana/feedback-widget,0.5.5,34,F,UNVERIFIED_PUBLISH_PATH,4,65,v0.2.0
'@findify/bundle,7.1.108,46,D,UNVERIFIED_PUBLISH_PATH,5,65,v0.2.0
'@imshaiksaif/webflow-marquee,3.0.1,10,F,UNVERIFIED_PUBLISH_PATH|DORMANT|SINGLE_MAINTAINER,1,65,v0.2.0
'@mailbiz/onsite-vtex-vendor,0.11.6,35,D,UNVERIFIED_PUBLISH_PATH,3,65,v0.2.0
'@mskcc/icons,2.7.3,30,F,UNVERIFIED_PUBLISH_PATH,5,65,v0.2.0
'@partslogic/ui,2.0.7,25,F,UNVERIFIED_PUBLISH_PATH|SINGLE_MAINTAINER,1,65,v0.2.0
'@strongdm/glyphicon,0.0.5,28,F,UNVERIFIED_PUBLISH_PATH|DORMANT|PUBLISHER_NOT_MAINTAINER|DEPRECATED,4,65,v0.2.0
'@vuemap/three-layer,0.0.12,19,F,UNVERIFIED_PUBLISH_PATH|DORMANT|SINGLE_MAINTAINER,1,65,v0.2.0
'@whitesev/pops,4.2.8,16,F,UNVERIFIED_PUBLISH_PATH|SINGLE_MAINTAINER,1,65,v0.2.0
katex-copytex,1.0.2,19,F,UNVERIFIED_PUBLISH_PATH|DORMANT|SINGLE_MAINTAINER,1,65,v0.2.0
timelinejs3,3.4.0,19,F,UNVERIFIED_PUBLISH_PATH|DORMANT|SINGLE_MAINTAINER,1,65,v0.2.0
tripetto-services,2.1.1,29,F,UNVERIFIED_PUBLISH_PATH|DORMANT|DEPRECATED,3,65,v0.2.0
'@feedmepos/mf-feedback,0.0.18,30,F,UNVERIFIED_PUBLISH_PATH,3,64,v0.2.0
'@fontsource/m-plus-u,5.2.1,81,B,,2,64,v0.2.0
'@fontsource/milonga,5.2.8,71,B,,2,64,v0.2.0
'@globalfishingwatch/i18n-labels,1.3.17,72,B,INCONSISTENT_PUBLISH_PATH,5,64,v0.2.0
'@jspreadsheet/format,4.0.1,25,F,UNVERIFIED_PUBLISH_PATH|SINGLE_MAINTAINER,1,64,v0.2.0
'@kfonts/line-seed-sans-kr,0.1.0,19,F,UNVERIFIED_PUBLISH_PATH|DORMANT|SINGLE_MAINTAINER,1,64,v0.2.0
artplayer-plugin-hls-quality,2.0.1,19,F,UNVERIFIED_PUBLISH_PATH|DORMANT|SINGLE_MAINTAINER|DEPRECATED,1,64,v0.2.0
imagejextension,0.3.1,19,F,UNVERIFIED_PUBLISH_PATH|DORMANT|SINGLE_MAINTAINER,1,64,v0.2.0
jquery-range,1.0.0,19,F,UNVERIFIED_PUBLISH_PATH|DORMANT|SINGLE_MAINTAINER,1,64,v0.2.0
leaflet.styledlayercontrol,1.0.0,14,F,UNVERIFIED_PUBLISH_PATH|DORMANT|SINGLE_MAINTAINER,1,64,v0.2.0
material-icon-font,3.0.1,19,F,UNVERIFIED_PUBLISH_PATH|DORMANT|SINGLE_MAINTAINER,1,64,v0.2.0
polyfill-object-assign,1.0.0,19,F,UNVERIFIED_PUBLISH_PATH|DORMANT|SINGLE_MAINTAINER,1,64,v0.2.0
story-show-gallery,3.3.13,25,F,UNVERIFIED_PUBLISH_PATH|SINGLE_MAINTAINER,1,64,v0.2.0
toastmejs,1.2.7,19,F,UNVERIFIED_PUBLISH_PATH|DORMANT|SINGLE_MAINTAINER,1,64,v0.2.0
'@managed-api/confluence-cloud-core,3.2.0,30,F,UNVERIFIED_PUBLISH_PATH,9,63,v0.2.0
'@managed-api/slack-core,2.4.0,30,F,UNVERIFIED_PUBLISH_PATH,9,63,v0.2.0
'@rtirl/api,1.2.1,15,F,UNVERIFIED_PUBLISH_PATH|DORMANT|SINGLE_MAINTAINER,1,63,v0.2.0
'@vant/assets,1.0.8,15,F,UNVERIFIED_PUBLISH_PATH|DORMANT|SINGLE_MAINTAINER,1,63,v0.2.0
'@eclipsefdn/solstice-components,0.9.1,35,D,UNVERIFIED_PUBLISH_PATH,7,62,v0.2.0
'@finsweet/attributes-cmsload,1.12.1,34,F,UNVERIFIED_PUBLISH_PATH|BRANCH_REQUIRES_PR,2,62,v0.2.0
'@finsweet/attributes-cmsprevnext,1.6.0,28,F,UNVERIFIED_PUBLISH_PATH|DORMANT|BRANCH_REQUIRES_PR,2,62,v0.2.0
'@reform-digital/cookie-flow,2.3.1,16,F,UNVERIFIED_PUBLISH_PATH|SINGLE_MAINTAINER,1,62,v0.2.0
'@rive-app/flutter-native-wasm,42.0.0,34,F,UNVERIFIED_PUBLISH_PATH|BRANCH_REQUIRES_PR,5,62,v0.2.0
cookie-bar,1.10.3,19,F,UNVERIFIED_PUBLISH_PATH|DORMANT|SINGLE_MAINTAINER,1,62,v0.2.0
typeface-nanum-square,1.1.0,19,F,UNVERIFIED_PUBLISH_PATH|DORMANT|SINGLE_MAINTAINER,1,62,v0.2.0
'@alaskaairux/auro-icon,3.4.4,26,F,UNVERIFIED_PUBLISH_PATH|DORMANT|SINGLE_MAINTAINER|DEPRECATED,1,61,v0.2.0
'@fontsource/henny-penny,5.2.8,71,B,,2,61,v0.2.0
'@fontsource/noto-serif-sinhala,5.2.8,71,B,,2,61,v0.2.0
'@live-codes/monaco-editor,0.3.1,21,F,UNVERIFIED_PUBLISH_PATH|SINGLE_MAINTAINER,1,61,v0.2.0
ableplayer,5.0.0,25,F,UNVERIFIED_PUBLISH_PATH|SINGLE_MAINTAINER,1,61,v0.2.0
angular-datamaps,0.1.2,19,F,UNVERIFIED_PUBLISH_PATH|DORMANT|SINGLE_MAINTAINER,1,61,v0.2.0
cdbootstrap,1.3.4,19,F,UNVERIFIED_PUBLISH_PATH|DORMANT|SINGLE_MAINTAINER,1,61,v0.2.0
socks-ui,0.3.13,21,F,UNVERIFIED_PUBLISH_PATH|SINGLE_MAINTAINER,1,61,v0.2.0
t-datepicker,1.0.4,15,F,UNVERIFIED_PUBLISH_PATH|DORMANT|SINGLE_MAINTAINER,1,61,v0.2.0
yandex-share2,3.1.0,10,F,UNVERIFIED_PUBLISH_PATH|DORMANT|SINGLE_MAINTAINER|PUBLISHER_NOT_MAINTAINER,1,61,v0.2.0
'@aiconomy/aico-components,0.0.202,29,F,UNVERIFIED_PUBLISH_PATH|DORMANT,4,60,v0.2.0
'@callmebill/lxgw-wenkai-web,1.522.0,73,B,SINGLE_MAINTAINER,1,60,v0.2.0
'@feedmepos/mf-service-charge,0.0.9-alpha.0,30,F,UNVERIFIED_PUBLISH_PATH,3,60,v0.2.0
'@fontsource/georama,5.2.8,71,B,,2,60,v0.2.0
'@fontsource/mukta-malar,5.2.7,71,B,,2,60,v0.2.0
'@hanzi.pro/webfonts-shanggu-sans,0.1.0,52,C,INCONSISTENT_PUBLISH_PATH|SINGLE_MAINTAINER,1,60,v0.2.0
'@justinribeiro/lite-tiktok,0.1.0,19,F,UNVERIFIED_PUBLISH_PATH|DORMANT|SINGLE_MAINTAINER,1,60,v0.2.0
extra-map-card,1.8.0,25,F,UNVERIFIED_PUBLISH_PATH|SINGLE_MAINTAINER,1,60,v0.2.0
videojs-http-quality-selector,1.2.1,19,F,UNVERIFIED_PUBLISH_PATH|DORMANT|SINGLE_MAINTAINER,1,60,v0.2.0
'@chatvolt/embeds,4.3.9,25,F,UNVERIFIED_PUBLISH_PATH|SINGLE_MAINTAINER,1,59,v0.2.0
'@feedmepos/mf-table,0.0.38,30,F,UNVERIFIED_PUBLISH_PATH,3,59,v0.2.0
'@hanzi.pro/webfonts-shanggu-serif,0.1.0,52,C,INCONSISTENT_PUBLISH_PATH|SINGLE_MAINTAINER,1,59,v0.2.0
'@zendeskgarden/css-tooltips,4.1.27,26,F,UNVERIFIED_PUBLISH_PATH|DORMANT|SINGLE_MAINTAINER|DEPRECATED,1,59,v0.2.0
'@zkreations/tooltips,4.2.2,25,F,UNVERIFIED_PUBLISH_PATH|SINGLE_MAINTAINER,1,59,v0.2.0
cdnbye-shaka,0.6.0,19,F,UNVERIFIED_PUBLISH_PATH|DORMANT|SINGLE_MAINTAINER,1,59,v0.2.0
data-metrics-badge,0.5.7,33,F,UNVERIFIED_PUBLISH_PATH|DORMANT,3,59,v0.2.0
jquery-simple-mobilemenu,2.0.1,19,F,UNVERIFIED_PUBLISH_PATH|DORMANT|SINGLE_MAINTAINER,1,59,v0.2.0
jquery.searchable,1.1.0,33,F,UNVERIFIED_PUBLISH_PATH|DORMANT,2,59,v0.2.0
marqueee,1.4.8,19,F,UNVERIFIED_PUBLISH_PATH|DORMANT|SINGLE_MAINTAINER,1,59,v0.2.0
nprogress-esm,0.2.6,19,F,UNVERIFIED_PUBLISH_PATH|DORMANT|SINGLE_MAINTAINER,1,59,v0.2.0
summernote-ext-print,0.1.6,19,F,UNVERIFIED_PUBLISH_PATH|DORMANT|SINGLE_MAINTAINER,1,59,v0.2.0
videojs-persist,0.2.0,15,F,UNVERIFIED_PUBLISH_PATH|DORMANT|SINGLE_MAINTAINER,1,59,v0.2.0
zurb-twentytwenty,0.1.1,19,F,UNVERIFIED_PUBLISH_PATH|DORMANT|SINGLE_MAINTAINER,1,59,v0.2.0
'@alfatech/livechat,2026.6.1-2.1,35,D,UNVERIFIED_PUBLISH_PATH,2,58,v0.2.0
'@epigraph/ar,2.11.6,35,D,UNVERIFIED_PUBLISH_PATH,4,58,v0.2.0
'@finsweet/attributes-cmsattribute,1.3.0,28,F,UNVERIFIED_PUBLISH_PATH|DORMANT,2,58,v0.2.0
'@finsweet/attributes-combobox,1.0.7,28,F,UNVERIFIED_PUBLISH_PATH|DORMANT,2,58,v0.2.0
'@finsweet/attributes-formsubmit,1.4.1,28,F,UNVERIFIED_PUBLISH_PATH|DORMANT|BRANCH_REQUIRES_PR,2,58,v0.2.0
'@fontsource/zen-antique,5.2.8,71,B,,2,58,v0.2.0
'@handsfree/accessangel,2.4.16,35,D,UNVERIFIED_PUBLISH_PATH,4,58,v0.2.0
dash-shaka-playback,3.6.3,39,D,UNVERIFIED_PUBLISH_PATH,10,58,v0.2.0
fitie,1.0.0,19,F,UNVERIFIED_PUBLISH_PATH|DORMANT|SINGLE_MAINTAINER,1,58,v0.2.0
imaskjs,1.1.1,19,F,UNVERIFIED_PUBLISH_PATH|DORMANT|SINGLE_MAINTAINER|DEPRECATED,1,58,v0.2.0
jquery-images-compare,4.0.0,73,B,SINGLE_MAINTAINER,1,58,v0.2.0
progressive-image.js,1.6.1,19,F,UNVERIFIED_PUBLISH_PATH|DORMANT|SINGLE_MAINTAINER,1,58,v0.2.0
yasgui-yasqe,2.11.22,19,F,UNVERIFIED_PUBLISH_PATH|DORMANT|SINGLE_MAINTAINER|DEPRECATED,1,58,v0.2.0
'@agent-embed/js,0.4.0,21,F,UNVERIFIED_PUBLISH_PATH|SINGLE_MAINTAINER,1,57,v0.2.0
'@finsweet/attributes-cmsnest,1.12.1,39,D,UNVERIFIED_PUBLISH_PATH|BRANCH_REQUIRES_PR,2,57,v0.2.0
'@finsweet/attributes-cmsselect,1.7.0,28,F,UNVERIFIED_PUBLISH_PATH|DORMANT|BRANCH_REQUIRES_PR,2,57,v0.2.0
'@finsweet/attributes-cmstabs,1.7.0,28,F,UNVERIFIED_PUBLISH_PATH|DORMANT|BRANCH_REQUIRES_PR,2,57,v0.2.0
'@flowbase-co/boosters-before-after-slider,1.0.3,34,F,UNVERIFIED_PUBLISH_PATH,2,57,v0.2.0
'@redvars/peacock,3.9.1,63,C,INCONSISTENT_PUBLISH_PATH|SINGLE_MAINTAINER,1,57,v0.2.0
'@searchtap/search-client,1.3.0,33,F,UNVERIFIED_PUBLISH_PATH|DORMANT,3,57,v0.2.0
'@wisdomgarden/mobile-assets,0.0.79,87,A,,7,57,v0.2.0
browser-cookie-utils,2.0.1,25,F,UNVERIFIED_PUBLISH_PATH|SINGLE_MAINTAINER,1,57,v0.2.0
gather-vue,8.20.2,21,F,UNVERIFIED_PUBLISH_PATH|SINGLE_MAINTAINER,1,57,v0.2.0
hapi-video,1.2.2,24,F,UNVERIFIED_PUBLISH_PATH|DORMANT,2,57,v0.2.0
'@coveops/abi,2.0.0,30,F,UNVERIFIED_PUBLISH_PATH|PUBLISHER_NOT_MAINTAINER,12,56,v0.2.0
'@fontsource/josefin-slab,5.2.7,71,B,,2,56,v0.2.0
'@glenlowland/jellyfin-tizen,0.1.51,19,F,UNVERIFIED_PUBLISH_PATH|DORMANT|SINGLE_MAINTAINER,1,56,v0.2.0
'@leadmetrics-ai/landing-controls,1.0.29,25,F,UNVERIFIED_PUBLISH_PATH|SINGLE_MAINTAINER,1,56,v0.2.0
'@page-speed/svg-loader,1.7.4,39,D,UNVERIFIED_PUBLISH_PATH,2,56,v0.2.0
docsify-pagination-keyboard-helper,1.0.5,19,F,UNVERIFIED_PUBLISH_PATH|DORMANT|SINGLE_MAINTAINER,1,56,v0.2.0
fansunited-react-widgets,0.8.30,21,F,UNVERIFIED_PUBLISH_PATH|SINGLE_MAINTAINER,1,56,v0.2.0
game-icons-transparent,1.0.2,16,F,UNVERIFIED_PUBLISH_PATH|SINGLE_MAINTAINER,1,56,v0.2.0
gw-customer-accounts,1.6.2,25,F,UNVERIFIED_PUBLISH_PATH|SINGLE_MAINTAINER,1,56,v0.2.0
html2pdfmake,0.0.10,19,F,UNVERIFIED_PUBLISH_PATH|DORMANT|SINGLE_MAINTAINER,1,56,v0.2.0
minze,1.10.2,25,F,UNVERIFIED_PUBLISH_PATH|SINGLE_MAINTAINER,1,56,v0.2.0
n8n-embedded-chat-interface,0.4.0,25,F,UNVERIFIED_PUBLISH_PATH|SINGLE_MAINTAINER,1,56,v0.2.0
react-gallery-designer,1.4.5,19,F,UNVERIFIED_PUBLISH_PATH|DORMANT|SINGLE_MAINTAINER,1,56,v0.2.0
udesly-instagram-feed,2.0.7,10,F,UNVERIFIED_PUBLISH_PATH|DORMANT|SINGLE_MAINTAINER,1,56,v0.2.0
'@finsweet/attributes-accordion,1.1.2,28,F,UNVERIFIED_PUBLISH_PATH|DORMANT|BRANCH_REQUIRES_PR,2,55,v0.2.0
'@finsweet/attributes-inputcounter,1.2.5,28,F,UNVERIFIED_PUBLISH_PATH|DORMANT,2,55,v0.2.0
'@fontpkg/alibaba-pu-hui-ti-2-0,2.0.2,20,F,UNVERIFIED_PUBLISH_PATH|SINGLE_MAINTAINER,1,55,v0.2.0
'@fontsource/hammersmith-one,5.2.8,71,B,,2,55,v0.2.0
'@shipnity/components,1.4.18,10,F,UNVERIFIED_PUBLISH_PATH|DORMANT|SINGLE_MAINTAINER|PUBLISHER_NOT_MAINTAINER,1,55,v0.2.0
fontawesome-free-v6,1.0.1,15,F,UNVERIFIED_PUBLISH_PATH|DORMANT|SINGLE_MAINTAINER,1,55,v0.2.0
jquery-background-video,1.1.0,19,F,UNVERIFIED_PUBLISH_PATH|DORMANT|SINGLE_MAINTAINER,1,55,v0.2.0
jquery-postcodes,3.0.8,19,F,UNVERIFIED_PUBLISH_PATH|DORMANT|SINGLE_MAINTAINER,1,55,v0.2.0
jtsage-datebox-jqm,5.3.3,14,F,UNVERIFIED_PUBLISH_PATH|DORMANT|SINGLE_MAINTAINER,1,55,v0.2.0
popupable,1.10.0,25,F,UNVERIFIED_PUBLISH_PATH|SINGLE_MAINTAINER,1,55,v0.2.0
ractive-transitions-slide,0.4.0,19,F,UNVERIFIED_PUBLISH_PATH|DORMANT|SINGLE_MAINTAINER,1,55,v0.2.0
searchinghost,1.6.2,19,F,UNVERIFIED_PUBLISH_PATH|DORMANT|SINGLE_MAINTAINER,1,55,v0.2.0
timepicker.js,4.1.0,51,C,DORMANT|SINGLE_MAINTAINER,1,55,v0.2.0
videojs-analytics,1.0.0,15,F,UNVERIFIED_PUBLISH_PATH|DORMANT|SINGLE_MAINTAINER,1,55,v0.2.0
zebra_pin,3.0.1,19,F,UNVERIFIED_PUBLISH_PATH|DORMANT|SINGLE_MAINTAINER,1,55,v0.2.0
'@alaskaairux/auro-button,6.6.0,26,F,UNVERIFIED_PUBLISH_PATH|DORMANT|SINGLE_MAINTAINER,1,54,v0.2.0
'@finsweet/attributes-cmscombine,1.8.0,28,F,UNVERIFIED_PUBLISH_PATH|DORMANT|BRANCH_REQUIRES_PR,2,54,v0.2.0
'@finsweet/attributes-cmssort,1.13.3,28,F,UNVERIFIED_PUBLISH_PATH|DORMANT|BRANCH_REQUIRES_PR,2,54,v0.2.0
'@flowbase-co/boosters-custom-slider-webflow,2.0.3,34,F,UNVERIFIED_PUBLISH_PATH,2,54,v0.2.0
'@fontsource/amita,5.2.8,71,B,,2,54,v0.2.0
'@fontsource/big-shoulders-text,5.2.5,71,B,,2,54,v0.2.0
'@fontsource/ysabeau,5.2.8,71,B,,2,54,v0.2.0
'@scbd/sso-vue-plugin-scbd,1.0.5,28,F,UNVERIFIED_PUBLISH_PATH|DORMANT,4,54,v0.2.0
hello-week,2.14.3,19,F,UNVERIFIED_PUBLISH_PATH|DORMANT|SINGLE_MAINTAINER,1,54,v0.2.0
nanumsquareneo,0.0.5,19,F,UNVERIFIED_PUBLISH_PATH|DORMANT|SINGLE_MAINTAINER,1,54,v0.2.0
pf-starter,2.1.3,25,F,UNVERIFIED_PUBLISH_PATH|SINGLE_MAINTAINER,1,54,v0.2.0
teddy-frontend,2.2.8,25,F,UNVERIFIED_PUBLISH_PATH|SINGLE_MAINTAINER,1,54,v0.2.0
videojs-qualityselector,0.0.4,15,F,UNVERIFIED_PUBLISH_PATH|DORMANT|SINGLE_MAINTAINER,1,54,v0.2.0
'@finsweet/attributes-copyclip,1.7.0,28,F,UNVERIFIED_PUBLISH_PATH|DORMANT|BRANCH_REQUIRES_PR,2,53,v0.2.0
'@finsweet/attributes-queryparam,1.2.1,28,F,UNVERIFIED_PUBLISH_PATH|DORMANT,2,53,v0.2.0
'@fontsource/bilbo-swash-caps,5.2.8,71,B,,2,53,v0.2.0
'@icon/elegant-icons,0.0.1-alpha.4,33,F,UNVERIFIED_PUBLISH_PATH|DORMANT,2,53,v0.2.0
'@inboundlabs/booya-ui,0.2.91,29,F,UNVERIFIED_PUBLISH_PATH|DORMANT,2,53,v0.2.0
'@oplayer/ui,1.3.4-beta.10,16,F,UNVERIFIED_PUBLISH_PATH|SINGLE_MAINTAINER,1,53,v0.2.0
'@swarmcloud/shaka,0.8.5,25,F,UNVERIFIED_PUBLISH_PATH|SINGLE_MAINTAINER,1,53,v0.2.0
'@xpressengine/xeicon,2.4.0,25,F,UNVERIFIED_PUBLISH_PATH|SINGLE_MAINTAINER,1,53,v0.2.0
banks-in-india,0.3.2,25,F,UNVERIFIED_PUBLISH_PATH|SINGLE_MAINTAINER,1,53,v0.2.0
detect_swipe,2.1.4,19,F,UNVERIFIED_PUBLISH_PATH|DORMANT|SINGLE_MAINTAINER,1,53,v0.2.0
ng-browser-detector,4.0.3,19,F,UNVERIFIED_PUBLISH_PATH|DORMANT|SINGLE_MAINTAINER,1,53,v0.2.0
wavify,1.0.0,19,F,UNVERIFIED_PUBLISH_PATH|DORMANT|SINGLE_MAINTAINER,1,53,v0.2.0
'@feedmepos/mf-admin,0.0.1-beta.2,35,D,UNVERIFIED_PUBLISH_PATH,3,52,v0.2.0
'@finsweet/attributes-starrating,1.0.2,28,F,UNVERIFIED_PUBLISH_PATH|DORMANT,2,52,v0.2.0
'@fontsource/adlam-display,5.2.7,71,B,,2,52,v0.2.0
'@fontsource/mukta-vaani,5.2.8,71,B,,2,52,v0.2.0
'@jspreadsheet/pivot,1.1.0,25,F,UNVERIFIED_PUBLISH_PATH|SINGLE_MAINTAINER,1,52,v0.2.0
'@managed-api/jira-service-management-cloud-assets-core,2.2.0,30,F,UNVERIFIED_PUBLISH_PATH,9,52,v0.2.0
'@modiphy/copyright,0.1.5,25,F,UNVERIFIED_PUBLISH_PATH|SINGLE_MAINTAINER,1,52,v0.2.0
ant-design-icons,1.3.3,19,F,UNVERIFIED_PUBLISH_PATH|DORMANT|SINGLE_MAINTAINER,1,52,v0.2.0
hockeystack,1.3.234,39,D,UNVERIFIED_PUBLISH_PATH,3,52,v0.2.0
jsonlylightbox,0.5.5,19,F,UNVERIFIED_PUBLISH_PATH|DORMANT|SINGLE_MAINTAINER,1,52,v0.2.0
line-seed-jp,0.0.5,15,F,UNVERIFIED_PUBLISH_PATH|DORMANT|SINGLE_MAINTAINER,1,52,v0.2.0
lisan,0.1.1,19,F,UNVERIFIED_PUBLISH_PATH|DORMANT|SINGLE_MAINTAINER,1,52,v0.2.0
tomatov2-assets,1.0.2,16,F,UNVERIFIED_PUBLISH_PATH|SINGLE_MAINTAINER,1,52,v0.2.0
'@drustack/leaflet.resetview,1.9.2,19,F,UNVERIFIED_PUBLISH_PATH|DORMANT|SINGLE_MAINTAINER,1,51,v0.2.0
'@flowbase-co/boosters-social-share,1.0.2,34,F,UNVERIFIED_PUBLISH_PATH,2,51,v0.2.0
'@fontsource/inika,5.2.8,71,B,,2,51,v0.2.0
'@gstat/leaflet-gesture-handling,1.2.8,19,F,UNVERIFIED_PUBLISH_PATH|DORMANT|SINGLE_MAINTAINER,1,51,v0.2.0
'@idotj/mastodon-embed-timeline,4.8.2,21,F,UNVERIFIED_PUBLISH_PATH|SINGLE_MAINTAINER,1,51,v0.2.0
'@mailbiz/onsite-linxcommerce-vendor,0.10.0,35,D,UNVERIFIED_PUBLISH_PATH,3,51,v0.2.0
'@prefecthq/prefab-ui-docs,0.20.2,77,B,INCONSISTENT_PUBLISH_PATH,3,51,v0.2.0
'@tc-turing/webflow,1.0.73,20,F,UNVERIFIED_PUBLISH_PATH|SINGLE_MAINTAINER,1,51,v0.2.0
alpinejs-ray,2.1.1,14,F,UNVERIFIED_PUBLISH_PATH|DORMANT|SINGLE_MAINTAINER,1,51,v0.2.0
fa6,2.0.1,15,F,UNVERIFIED_PUBLISH_PATH|DORMANT|SINGLE_MAINTAINER,1,51,v0.2.0
feather-icon,0.1.0,19,F,UNVERIFIED_PUBLISH_PATH|DORMANT|SINGLE_MAINTAINER,1,51,v0.2.0
jquery-imagemapster,1.2.10,19,F,UNVERIFIED_PUBLISH_PATH|DORMANT|SINGLE_MAINTAINER|DEPRECATED,1,51,v0.2.0
lap-core-js,1.3.22,15,F,UNVERIFIED_PUBLISH_PATH|DORMANT|SINGLE_MAINTAINER,1,51,v0.2.0
morphext,2.4.7,19,F,UNVERIFIED_PUBLISH_PATH|DORMANT|SINGLE_MAINTAINER,1,51,v0.2.0
typeface-nanum-barun-gothic,1.0.0,19,F,UNVERIFIED_PUBLISH_PATH|DORMANT|SINGLE_MAINTAINER,1,51,v0.2.0
'@bryt-designs/storefront-cart,2.2.44,16,F,UNVERIFIED_PUBLISH_PATH|SINGLE_MAINTAINER,1,50,v0.2.0
'@digital-realty/ix-card,1.2.4,35,D,UNVERIFIED_PUBLISH_PATH,4,50,v0.2.0
'@finsweet/attributes-docs,2.0.16,34,F,UNVERIFIED_PUBLISH_PATH,2,50,v0.2.0
'@fontsource/akt,5.2.1,81,B,,2,50,v0.2.0
'@plurio/intake,2.2.0,25,F,UNVERIFIED_PUBLISH_PATH|SINGLE_MAINTAINER,1,50,v0.2.0
'@vuesimple/vs-modal,3.1.6,25,F,UNVERIFIED_PUBLISH_PATH|SINGLE_MAINTAINER,1,50,v0.2.0
isotope-horizontal,2.0.1,19,F,UNVERIFIED_PUBLISH_PATH|DORMANT|SINGLE_MAINTAINER,1,50,v0.2.0
ixn2,1.0.0,19,F,UNVERIFIED_PUBLISH_PATH|DORMANT|SINGLE_MAINTAINER,1,50,v0.2.0
joshjs,1.0.8,19,F,UNVERIFIED_PUBLISH_PATH|DORMANT|SINGLE_MAINTAINER,1,50,v0.2.0
lazy-load-video,1.0.0,10,F,UNVERIFIED_PUBLISH_PATH|DORMANT|SINGLE_MAINTAINER,1,50,v0.2.0
mithril-datepicker,0.9.3,19,F,UNVERIFIED_PUBLISH_PATH|DORMANT|SINGLE_MAINTAINER,1,50,v0.2.0
swarmcloud-jwplayer-hlsjs,0.1.3,15,F,UNVERIFIED_PUBLISH_PATH|DORMANT|SINGLE_MAINTAINER,1,50,v0.2.0
tabpanelwidget,3.0.4,21,F,UNVERIFIED_PUBLISH_PATH|SINGLE_MAINTAINER,1,50,v0.2.0
'@finsweet/attributes-linkblockedit,1.5.0,28,F,UNVERIFIED_PUBLISH_PATH|DORMANT|BRANCH_REQUIRES_PR,2,49,v0.2.0
'@fontsource/anek-kannada,5.2.8,71,B,,2,49,v0.2.0
'@formbird/angular-elements,7.5.44,35,D,UNVERIFIED_PUBLISH_PATH,17,49,v0.2.0
'@jspreadsheet/comments,6.3.3,25,F,UNVERIFIED_PUBLISH_PATH|SINGLE_MAINTAINER,1,49,v0.2.0
'@simondmc/popup-js,1.4.4,25,F,UNVERIFIED_PUBLISH_PATH|SINGLE_MAINTAINER,1,49,v0.2.0
aksharamukha,2.3.0-32,63,C,INCONSISTENT_PUBLISH_PATH|SINGLE_MAINTAINER,1,49,v0.2.0
excanvas,2.0.0,14,F,UNVERIFIED_PUBLISH_PATH|DORMANT|SINGLE_MAINTAINER|PUBLISHER_NOT_MAINTAINER|DEPRECATED,1,49,v0.2.0
jgallery,2.2.0,15,F,UNVERIFIED_PUBLISH_PATH|DORMANT|SINGLE_MAINTAINER,1,49,v0.2.0
jquery-shadow-animation,1.12.0,19,F,UNVERIFIED_PUBLISH_PATH|DORMANT|SINGLE_MAINTAINER,1,49,v0.2.0
js-heo,1.0.13,19,F,UNVERIFIED_PUBLISH_PATH|DORMANT|SINGLE_MAINTAINER,1,49,v0.2.0
smoothstate,0.7.2,19,F,UNVERIFIED_PUBLISH_PATH|DORMANT|SINGLE_MAINTAINER,1,49,v0.2.0
stackedboost-shopify-assets,0.2.0,33,F,UNVERIFIED_PUBLISH_PATH|DORMANT,2,49,v0.2.0
veris-storybook-beta,0.1.81-react-upgrade,39,D,UNVERIFIED_PUBLISH_PATH,3,49,v0.2.0
videojs7-vimeo,2.0.3,19,F,UNVERIFIED_PUBLISH_PATH|DORMANT|SINGLE_MAINTAINER,1,49,v0.2.0
'@blinkmobile/angular-signature-pad,1.0.1,33,F,UNVERIFIED_PUBLISH_PATH|DORMANT|DEPRECATED,5,48,v0.2.0
'@digital-realty/ix-phone-number,1.2.4,35,D,UNVERIFIED_PUBLISH_PATH,4,48,v0.2.0
'@finsweet/attributes-cmscore,1.13.1,34,F,UNVERIFIED_PUBLISH_PATH|BRANCH_REQUIRES_PR,2,48,v0.2.0
'@fontsource/arapey,5.2.8,71,B,,2,48,v0.2.0
'@litemetrics/tracker,0.4.0,20,F,UNVERIFIED_PUBLISH_PATH|SINGLE_MAINTAINER,1,48,v0.2.0
'@posten/hedwig,11.13.4,33,F,UNVERIFIED_PUBLISH_PATH|DORMANT,6,48,v0.2.0
autonotifier12,1.0.0,16,F,UNVERIFIED_PUBLISH_PATH|SINGLE_MAINTAINER,1,48,v0.2.0
bootstrap-v4-grid-only,1.0.0,19,F,UNVERIFIED_PUBLISH_PATH|DORMANT|SINGLE_MAINTAINER,1,48,v0.2.0
cssdelivr,1.0.2,10,F,UNVERIFIED_PUBLISH_PATH|DORMANT|SINGLE_MAINTAINER,1,48,v0.2.0
docsify-edit-on-github,1.0.3,19,F,UNVERIFIED_PUBLISH_PATH|DORMANT|SINGLE_MAINTAINER,1,48,v0.2.0
pstpn-webfont-montserrat,0.0.5,10,F,UNVERIFIED_PUBLISH_PATH|DORMANT|SINGLE_MAINTAINER,1,48,v0.2.0
wot-design,2.4.1,33,F,UNVERIFIED_PUBLISH_PATH|DORMANT,8,48,v0.2.0
'@finsweet/3dglobes,1.0.0,33,F,UNVERIFIED_PUBLISH_PATH|DORMANT,2,47,v0.2.0
'@finsweet/attributes-codehighlight,1.5.2,28,F,UNVERIFIED_PUBLISH_PATH|DORMANT,2,47,v0.2.0
'@finsweet/attributes-inputactive,1.0.0,28,F,UNVERIFIED_PUBLISH_PATH|DORMANT|BRANCH_REQUIRES_PR,2,47,v0.2.0
'@fontsource/arbutus-slab,5.2.8,71,B,,2,47,v0.2.0
'@fontsource/rancho,5.2.7,71,B,,2,47,v0.2.0
'@fontsource/ropa-sans,5.2.8,71,B,,2,47,v0.2.0
'@framerauth/sdk,2.1.7,21,F,UNVERIFIED_PUBLISH_PATH|SINGLE_MAINTAINER,1,47,v0.2.0
'@goongmaps/goong-geocoder,1.1.1,29,F,UNVERIFIED_PUBLISH_PATH|DORMANT,2,47,v0.2.0
botman-web-widget,0.0.20,15,F,UNVERIFIED_PUBLISH_PATH|DORMANT|SINGLE_MAINTAINER,1,47,v0.2.0
pg-calendar,1.4.31,19,F,UNVERIFIED_PUBLISH_PATH|DORMANT|SINGLE_MAINTAINER,1,47,v0.2.0
roboto-fontface-woff,0.8.0,19,F,UNVERIFIED_PUBLISH_PATH|DORMANT|SINGLE_MAINTAINER,1,47,v0.2.0
strophe,1.2.4,19,F,UNVERIFIED_PUBLISH_PATH|DORMANT|SINGLE_MAINTAINER|DEPRECATED,1,47,v0.2.0
xtra-web-components,1.1.4,21,F,UNVERIFIED_PUBLISH_PATH|SINGLE_MAINTAINER,1,47,v0.2.0
'@aarhus-university/au-lib-react-components,12.6.3,35,D,UNVERIFIED_PUBLISH_PATH,8,46,v0.2.0
'@azerion/phaser,2.6.16,28,F,UNVERIFIED_PUBLISH_PATH|DORMANT|PUBLISHER_NOT_MAINTAINER,4,46,v0.2.0
'@flowbase-co/boosters-cookie,1.0.3,34,F,UNVERIFIED_PUBLISH_PATH,2,46,v0.2.0
'@gemeosagency/splide,3.6.0,30,F,UNVERIFIED_PUBLISH_PATH,2,46,v0.2.0
'@mailbiz/onsite-irroba-vendor,0.7.0,35,D,UNVERIFIED_PUBLISH_PATH,3,46,v0.2.0
'@managed-api/jira-service-management-cloud-core,2.4.0,30,F,UNVERIFIED_PUBLISH_PATH,9,46,v0.2.0
cdnhost,0.0.1-security.0,11,F,UNVERIFIED_PUBLISH_PATH,0,46,v0.2.0
elaina-theme-data,4.5.1,25,F,UNVERIFIED_PUBLISH_PATH|SINGLE_MAINTAINER,1,46,v0.2.0
font-pingfang-sc,1.0.5,15,F,UNVERIFIED_PUBLISH_PATH|DORMANT|SINGLE_MAINTAINER,1,46,v0.2.0
fontsource-noto-sans-tc,4.0.0,19,F,UNVERIFIED_PUBLISH_PATH|DORMANT|SINGLE_MAINTAINER|DEPRECATED,1,46,v0.2.0
infiniteslidev2,2.0.1-1,19,F,UNVERIFIED_PUBLISH_PATH|DORMANT|SINGLE_MAINTAINER,1,46,v0.2.0
jquery.serialscroll,1.3.2,19,F,UNVERIFIED_PUBLISH_PATH|DORMANT|SINGLE_MAINTAINER,1,46,v0.2.0
webln-v4v,1.0.0-beta.34,19,F,UNVERIFIED_PUBLISH_PATH|DORMANT|SINGLE_MAINTAINER,1,46,v0.2.0
'@finsweet/attributes-selectcustom,1.7.2,28,F,UNVERIFIED_PUBLISH_PATH|DORMANT|BRANCH_REQUIRES_PR,2,45,v0.2.0
'@finsweet/fs-components,2.3.56,34,F,UNVERIFIED_PUBLISH_PATH,2,45,v0.2.0
'@fontsource/big-shoulders-inline-text,5.2.5,71,B,,2,45,v0.2.0
'@fontsource/gluten,5.2.8,71,B,,2,45,v0.2.0
'@fontsource/rambla,5.2.8,71,B,,2,45,v0.2.0
'@hortonstudio/main,1.9.39,21,F,UNVERIFIED_PUBLISH_PATH|SINGLE_MAINTAINER,1,45,v0.2.0
'@jsuites/css,1.5.2,25,F,UNVERIFIED_PUBLISH_PATH|SINGLE_MAINTAINER,1,45,v0.2.0
'@lunarkid/react-data-grid,2.0.78,14,F,UNVERIFIED_PUBLISH_PATH|DORMANT|SINGLE_MAINTAINER,1,45,v0.2.0
bpg-arial,1.0.0,19,F,UNVERIFIED_PUBLISH_PATH|DORMANT|SINGLE_MAINTAINER,1,45,v0.2.0
clappr-ima-plugin,0.5.3,19,F,UNVERIFIED_PUBLISH_PATH|DORMANT|SINGLE_MAINTAINER,1,45,v0.2.0
dzxstatic,3.4.20211231,10,F,UNVERIFIED_PUBLISH_PATH|DORMANT|SINGLE_MAINTAINER,1,45,v0.2.0
evrythng,6.0.5,19,F,UNVERIFIED_PUBLISH_PATH|DORMANT|SINGLE_MAINTAINER,1,45,v0.2.0
mtr-facemesh,7.2.1,25,F,UNVERIFIED_PUBLISH_PATH|SINGLE_MAINTAINER,1,45,v0.2.0
swiper-animation,2.0.2,14,F,UNVERIFIED_PUBLISH_PATH|DORMANT|SINGLE_MAINTAINER|PUBLISHER_NOT_MAINTAINER|DEPRECATED,1,45,v0.2.0
'@amar-ui-web/core,2.0.0,15,F,UNVERIFIED_PUBLISH_PATH|DORMANT|SINGLE_MAINTAINER,1,44,v0.2.0
'@chaindesk/embeds,1.0.245,25,F,UNVERIFIED_PUBLISH_PATH|SINGLE_MAINTAINER,1,44,v0.2.0
'@eppo/visual_editor_snippet,0.0.11,35,D,UNVERIFIED_PUBLISH_PATH,10,44,v0.2.0
'@finsweet/attributes-mirrorclick,1.5.0,28,F,UNVERIFIED_PUBLISH_PATH|DORMANT|BRANCH_REQUIRES_PR,2,44,v0.2.0
'@fontsource/maitree,5.2.8,71,B,,2,44,v0.2.0
'@fontsource/pontano-sans,5.2.8,71,B,,2,44,v0.2.0
'@meetelise/hc-scheduler-widget,1.2.5,39,D,UNVERIFIED_PUBLISH_PATH,7,44,v0.2.0
'@moxiworks/project-vitruvius,0.0.38,24,F,UNVERIFIED_PUBLISH_PATH|DORMANT|PUBLISHER_NOT_MAINTAINER,6,44,v0.2.0
'@perfectgym/client-portal,1.13.3,39,D,UNVERIFIED_PUBLISH_PATH,3,44,v0.2.0
'@revium/gpt-widget,0.0.7-dev.0,29,F,UNVERIFIED_PUBLISH_PATH|DORMANT,3,44,v0.2.0
'@teddy-digital/frontend,2.2.13,39,D,UNVERIFIED_PUBLISH_PATH,3,44,v0.2.0
'@umich-lib/css,1.0.9,29,F,UNVERIFIED_PUBLISH_PATH|DORMANT,7,44,v0.2.0
g1,0.18.1,15,F,UNVERIFIED_PUBLISH_PATH|DORMANT|SINGLE_MAINTAINER,1,44,v0.2.0
jquery.iframetracker,2.1.0,19,F,UNVERIFIED_PUBLISH_PATH|DORMANT|SINGLE_MAINTAINER,1,44,v0.2.0
js-lru-cache,0.1.10,19,F,UNVERIFIED_PUBLISH_PATH|DORMANT|SINGLE_MAINTAINER,1,44,v0.2.0
simple-parallax-jquery,3.1.3,19,F,UNVERIFIED_PUBLISH_PATH|DORMANT|SINGLE_MAINTAINER|DEPRECATED,1,44,v0.2.0
'@afosto/instant-search-client,1.0.9,33,F,UNVERIFIED_PUBLISH_PATH|DORMANT,3,43,v0.2.0
'@chrisgdt/delbot-mouse,1.3.3,19,F,UNVERIFIED_PUBLISH_PATH|DORMANT|SINGLE_MAINTAINER,1,43,v0.2.0
'@finsweet/attributes-mirrorinput,1.4.0,28,F,UNVERIFIED_PUBLISH_PATH|DORMANT,2,43,v0.2.0
'@finsweet/attributes-modal,1.1.3,28,F,UNVERIFIED_PUBLISH_PATH|DORMANT|BRANCH_REQUIRES_PR,2,43,v0.2.0
'@fontsource/yeon-sung,5.2.8,71,B,,2,43,v0.2.0
'@formconnector/form-utils,1.0.15,30,F,UNVERIFIED_PUBLISH_PATH,4,43,v0.2.0
'@managed-api/confluence-cloud-v2-core,2.4.0,30,F,UNVERIFIED_PUBLISH_PATH,9,43,v0.2.0
'@typopro/web-fantasque-sans-mono,3.7.5,14,F,UNVERIFIED_PUBLISH_PATH|DORMANT|SINGLE_MAINTAINER,1,43,v0.2.0
'@victoryoalli/yamm3,1.1.1,19,F,UNVERIFIED_PUBLISH_PATH|DORMANT|SINGLE_MAINTAINER,1,43,v0.2.0
'@vuesimple/vs-datepicker,3.1.6,25,F,UNVERIFIED_PUBLISH_PATH|SINGLE_MAINTAINER,1,43,v0.2.0
alibabapuhuiti-3-55-regular,1.0.0,15,F,UNVERIFIED_PUBLISH_PATH|DORMANT|SINGLE_MAINTAINER,1,43,v0.2.0
bootstrap4-select2-theme,1.0.3,19,F,UNVERIFIED_PUBLISH_PATH|DORMANT|SINGLE_MAINTAINER,1,43,v0.2.0
flot-pie,1.0.0,19,F,UNVERIFIED_PUBLISH_PATH|DORMANT|SINGLE_MAINTAINER,1,43,v0.2.0
konnektive-core,0.4.91,35,D,UNVERIFIED_PUBLISH_PATH,2,43,v0.2.0
micro-slider,1.1.0,19,F,UNVERIFIED_PUBLISH_PATH|DORMANT|SINGLE_MAINTAINER,1,43,v0.2.0
raleigh-map-components,1.0.9,25,F,UNVERIFIED_PUBLISH_PATH|SINGLE_MAINTAINER,1,43,v0.2.0
'@jspreadsheet/editors,11.0.1,25,F,UNVERIFIED_PUBLISH_PATH|SINGLE_MAINTAINER,1,42,v0.2.0
animate.min.css,0.0.3,19,F,UNVERIFIED_PUBLISH_PATH|DORMANT|SINGLE_MAINTAINER,1,42,v0.2.0
iconsax-font-icon,1.1.0,19,F,UNVERIFIED_PUBLISH_PATH|DORMANT|SINGLE_MAINTAINER,1,42,v0.2.0
jquery.md5,1.0.2,10,F,UNVERIFIED_PUBLISH_PATH|DORMANT|SINGLE_MAINTAINER,1,42,v0.2.0
swipe-up,1.2.16,19,F,UNVERIFIED_PUBLISH_PATH|DORMANT|SINGLE_MAINTAINER,1,42,v0.2.0
'@percy.ai/hvs-autocomplete,2.9.0,30,F,UNVERIFIED_PUBLISH_PATH,3,41,v0.2.0
bubbly-bg,1.0.0,19,F,UNVERIFIED_PUBLISH_PATH|DORMANT|SINGLE_MAINTAINER,1,41,v0.2.0
citizendev-bubble-utils,0.0.10,10,F,UNVERIFIED_PUBLISH_PATH|DORMANT|SINGLE_MAINTAINER,1,41,v0.2.0
cwru-components,0.0.44,35,D,UNVERIFIED_PUBLISH_PATH,2,41,v0.2.0
itty-chroma,1.0.6,25,F,UNVERIFIED_PUBLISH_PATH|SINGLE_MAINTAINER,1,41,v0.2.0
next-popover,0.0.41,19,F,UNVERIFIED_PUBLISH_PATH|DORMANT|SINGLE_MAINTAINER,1,41,v0.2.0
robinclientjs,1.0.10,21,F,UNVERIFIED_PUBLISH_PATH|SINGLE_MAINTAINER,1,41,v0.2.0
typecho_joe_theme,4.4.5,5,F,UNVERIFIED_PUBLISH_PATH|DORMANT|SINGLE_MAINTAINER|PUBLISHER_NOT_MAINTAINER,1,41,v0.2.0
'@epigraph/configurator,2.6.3,39,D,UNVERIFIED_PUBLISH_PATH,4,40,v0.2.0
'@fontsource/benchnine,5.2.8,71,B,,2,40,v0.2.0
'@fontsource/rosario,5.2.8,71,B,,2,40,v0.2.0
'@genpact/genome.mfe.prework-app,1.26.9,21,F,UNVERIFIED_PUBLISH_PATH|SINGLE_MAINTAINER,1,40,v0.2.0
'@oplayer/hls,1.2.28-beta.1,16,F,UNVERIFIED_PUBLISH_PATH|SINGLE_MAINTAINER,1,40,v0.2.0
'@pimaonline/pimaonline-themepack,5.24.24,39,D,UNVERIFIED_PUBLISH_PATH,2,40,v0.2.0
'@rive-app/flutter-wasm,41.0.0,33,F,UNVERIFIED_PUBLISH_PATH|DORMANT|BRANCH_REQUIRES_PR,5,40,v0.2.0
alibabapuhuiti-3-65-medium,1.0.0,15,F,UNVERIFIED_PUBLISH_PATH|DORMANT|SINGLE_MAINTAINER,1,40,v0.2.0
livcounter,1.0.0,10,F,UNVERIFIED_PUBLISH_PATH|DORMANT|SINGLE_MAINTAINER,1,40,v0.2.0
monster-roco-appearance-assets,1.0.2,21,F,UNVERIFIED_PUBLISH_PATH|SINGLE_MAINTAINER,1,40,v0.2.0
pretty-dropdowns,4.17.0,19,F,UNVERIFIED_PUBLISH_PATH|DORMANT|SINGLE_MAINTAINER,1,40,v0.2.0
'@afosto/instant-search-widget,0.2.18,39,D,UNVERIFIED_PUBLISH_PATH,3,39,v0.2.0
'@figmania/loader,3.3.10,15,F,UNVERIFIED_PUBLISH_PATH|DORMANT|SINGLE_MAINTAINER,1,39,v0.2.0
'@finsweet/attributes-a11y,1.1.3,28,F,UNVERIFIED_PUBLISH_PATH|DORMANT|BRANCH_REQUIRES_PR,2,39,v0.2.0
'@fontsource/cormorant-upright,5.2.7,71,B,,2,39,v0.2.0
'@lobehub/fluent-emoji-modern,1.0.0,33,F,UNVERIFIED_PUBLISH_PATH|DORMANT,9,39,v0.2.0
'@managed-api/bitbucket-cloud-v2-core,2.5.0,30,F,UNVERIFIED_PUBLISH_PATH,9,39,v0.2.0
'@umich-lib/components,1.1.0,29,F,UNVERIFIED_PUBLISH_PATH|DORMANT,7,39,v0.2.0
'@vuesimple/vs-alert,3.1.6,25,F,UNVERIFIED_PUBLISH_PATH|SINGLE_MAINTAINER,1,39,v0.2.0
'@vuesimple/vs-loader,3.1.6,25,F,UNVERIFIED_PUBLISH_PATH|SINGLE_MAINTAINER,1,39,v0.2.0
'@yourasset/ya-finance-now,1.5.5,35,D,UNVERIFIED_PUBLISH_PATH,4,39,v0.2.0
butterpop,1.0.4,20,F,UNVERIFIED_PUBLISH_PATH|SINGLE_MAINTAINER,1,39,v0.2.0
face-age,2.3.13,21,F,UNVERIFIED_PUBLISH_PATH|SINGLE_MAINTAINER,1,39,v0.2.0
in-renderer-js,1.2.3,20,F,UNVERIFIED_PUBLISH_PATH|SINGLE_MAINTAINER,1,39,v0.2.0
instantsearch-googlemaps,1.2.6,19,F,UNVERIFIED_PUBLISH_PATH|DORMANT|SINGLE_MAINTAINER,1,39,v0.2.0
jquery-multifile,2.2.2,19,F,UNVERIFIED_PUBLISH_PATH|DORMANT|SINGLE_MAINTAINER,1,39,v0.2.0
jquery.fullscreen,0.6.0,19,F,UNVERIFIED_PUBLISH_PATH|DORMANT|SINGLE_MAINTAINER,1,39,v0.2.0
soundfont-for-samplers,0.0.3,21,F,UNVERIFIED_PUBLISH_PATH|SINGLE_MAINTAINER,1,39,v0.2.0
swarmcloud-hls,2.18.0,25,F,UNVERIFIED_PUBLISH_PATH|SINGLE_MAINTAINER,1,39,v0.2.0
'@mailbiz/onsite-wapstore-vendor,0.8.0,35,D,UNVERIFIED_PUBLISH_PATH,3,38,v0.2.0
'@mailbiz/onsite-wbuy-vendor,0.1.10,35,D,UNVERIFIED_PUBLISH_PATH,3,38,v0.2.0
'@rsltda/components,1.0.25,21,F,UNVERIFIED_PUBLISH_PATH|SINGLE_MAINTAINER,1,38,v0.2.0
'@saccerwin/antigravity-flow,1.1.3,21,F,UNVERIFIED_PUBLISH_PATH|SINGLE_MAINTAINER,1,38,v0.2.0
'@superleapai/flow-ui,2.6.25,25,F,UNVERIFIED_PUBLISH_PATH|SINGLE_MAINTAINER,1,38,v0.2.0
cn-fontsource-smiley-sans-oblique-regular,1.0.1,19,F,UNVERIFIED_PUBLISH_PATH|DORMANT|SINGLE_MAINTAINER,1,38,v0.2.0
datalist-css,1.0.0,19,F,UNVERIFIED_PUBLISH_PATH|DORMANT|SINGLE_MAINTAINER,1,38,v0.2.0
whatsapp-widget,1.2.0,19,F,UNVERIFIED_PUBLISH_PATH|DORMANT|SINGLE_MAINTAINER,1,38,v0.2.0
zeynepjs,2.2.0,19,F,UNVERIFIED_PUBLISH_PATH|DORMANT|SINGLE_MAINTAINER,1,38,v0.2.0
'@bryt-designs/predictive-search,3.0.10,16,F,UNVERIFIED_PUBLISH_PATH|SINGLE_MAINTAINER,1,37,v0.2.0
'@bryt-designs/storefront-client,0.7.10,16,F,UNVERIFIED_PUBLISH_PATH|SINGLE_MAINTAINER,1,37,v0.2.0
'@denserai/embed-chat,1.0.33,35,D,UNVERIFIED_PUBLISH_PATH,3,37,v0.2.0
'@flowbase-co/boosters-gsap,3.12.7,34,F,UNVERIFIED_PUBLISH_PATH,2,37,v0.2.0
'@fontsource/antic-didone,5.2.8,71,B,,2,37,v0.2.0
'@pulpoar/plugin-sdk,0.0.5,15,F,UNVERIFIED_PUBLISH_PATH|DORMANT|SINGLE_MAINTAINER,1,37,v0.2.0
'@uscreentv/video-player,1.4.0,34,F,UNVERIFIED_PUBLISH_PATH|PUBLISHER_NOT_MAINTAINER,2,37,v0.2.0
apirocket,0.17.17,35,D,UNVERIFIED_PUBLISH_PATH,2,37,v0.2.0
bootstrap-5-vertical-tabs,2.0.1,19,F,UNVERIFIED_PUBLISH_PATH|DORMANT|SINGLE_MAINTAINER,1,37,v0.2.0
cloud9carousel,2.2.0,19,F,UNVERIFIED_PUBLISH_PATH|DORMANT|SINGLE_MAINTAINER,1,37,v0.2.0
daliyuer-static,1.0.48,25,F,UNVERIFIED_PUBLISH_PATH|SINGLE_MAINTAINER,1,37,v0.2.0
easy-tooltips,3.0.3,25,F,UNVERIFIED_PUBLISH_PATH|SINGLE_MAINTAINER,1,37,v0.2.0
hero-parallax,2.1.1,15,F,UNVERIFIED_PUBLISH_PATH|DORMANT|SINGLE_MAINTAINER,1,37,v0.2.0
jplist-es6,1.2.0,19,F,UNVERIFIED_PUBLISH_PATH|DORMANT|SINGLE_MAINTAINER,1,37,v0.2.0
kenobi-js,0.1.47,35,D,UNVERIFIED_PUBLISH_PATH,2,37,v0.2.0
simple-load-more,1.6.2,19,F,UNVERIFIED_PUBLISH_PATH|DORMANT|SINGLE_MAINTAINER,1,37,v0.2.0
uikit-icons-extended,1.4.3,21,F,UNVERIFIED_PUBLISH_PATH|SINGLE_MAINTAINER,1,37,v0.2.0
videojs-schema,0.8.0,19,F,UNVERIFIED_PUBLISH_PATH|DORMANT|SINGLE_MAINTAINER|BRANCH_REQUIRES_PR,1,37,v0.2.0
'@alexandr-sokolov-dev/curb-waste,0.7.7,10,F,UNVERIFIED_PUBLISH_PATH|DORMANT|SINGLE_MAINTAINER,1,36,v0.2.0
'@aydee-app/icons,1.3.11,21,F,UNVERIFIED_PUBLISH_PATH|SINGLE_MAINTAINER,1,36,v0.2.0
'@bootcss/v3.bootcss.com,1.0.56,10,F,UNVERIFIED_PUBLISH_PATH|DORMANT|SINGLE_MAINTAINER,1,36,v0.2.0
'@d1g1tal/transportr,5.0.0,68,C,SINGLE_MAINTAINER,1,36,v0.2.0
'@dmvs-apac/dm-custom-embed,1.5.29,25,F,UNVERIFIED_PUBLISH_PATH|DORMANT|SINGLE_MAINTAINER,1,36,v0.2.0
'@finsweet/attributes-numbercount,1.2.1,28,F,UNVERIFIED_PUBLISH_PATH|DORMANT|BRANCH_REQUIRES_PR,2,36,v0.2.0
'@fontsource/chiron-hei-hk,5.2.5,81,B,,2,36,v0.2.0
'@fontsource/stylish,5.2.8,71,B,,2,36,v0.2.0
'@jspreadsheet/shapes,6.6.0,25,F,UNVERIFIED_PUBLISH_PATH|SINGLE_MAINTAINER,1,36,v0.2.0
'@mailbiz/javascript-tracker,0.1.13,28,F,UNVERIFIED_PUBLISH_PATH|DORMANT,3,36,v0.2.0
'@optionfactory/ful,7.0.5,25,F,UNVERIFIED_PUBLISH_PATH|SINGLE_MAINTAINER,1,36,v0.2.0
'@pardnchiu/nanomd,1.11.6,25,F,UNVERIFIED_PUBLISH_PATH|SINGLE_MAINTAINER,1,36,v0.2.0
'@wc1font/source-han-serif-cn-vf,1.0.11,19,F,UNVERIFIED_PUBLISH_PATH|DORMANT|SINGLE_MAINTAINER,1,36,v0.2.0
alibabapuhuiti-3-85-bold,1.0.0,15,F,UNVERIFIED_PUBLISH_PATH|DORMANT|SINGLE_MAINTAINER,1,36,v0.2.0
busuanzi,2.3.0,19,F,UNVERIFIED_PUBLISH_PATH|DORMANT|SINGLE_MAINTAINER,1,36,v0.2.0
cappen-sign,0.0.6,15,F,UNVERIFIED_PUBLISH_PATH|DORMANT|SINGLE_MAINTAINER,1,36,v0.2.0
figuration,4.4.1,19,F,UNVERIFIED_PUBLISH_PATH|DORMANT|SINGLE_MAINTAINER,1,36,v0.2.0
jquery-ias,2.3.1,19,F,UNVERIFIED_PUBLISH_PATH|DORMANT|SINGLE_MAINTAINER,1,36,v0.2.0
lxgw-wenkai-tc-web,1.522.0,73,B,SINGLE_MAINTAINER,1,36,v0.2.0
paymob-chatbot,1.0.5,21,F,UNVERIFIED_PUBLISH_PATH|SINGLE_MAINTAINER,1,36,v0.2.0
spirhal,4.5.0,35,D,UNVERIFIED_PUBLISH_PATH,3,36,v0.2.0
tecatecom,0.0.48,15,F,UNVERIFIED_PUBLISH_PATH|DORMANT|SINGLE_MAINTAINER,1,36,v0.2.0
'@alaskaairux/auro-carousel,1.4.0,26,F,UNVERIFIED_PUBLISH_PATH|DORMANT|SINGLE_MAINTAINER,1,35,v0.2.0
'@chativa/ui,0.8.2,20,F,UNVERIFIED_PUBLISH_PATH|SINGLE_MAINTAINER,1,35,v0.2.0
'@easyjur/design-system,1.0.8,21,F,UNVERIFIED_PUBLISH_PATH|SINGLE_MAINTAINER,1,35,v0.2.0
'@fontsource/akatab,5.2.8,71,B,,2,35,v0.2.0
'@fontsource/alike,5.2.8,71,B,,2,35,v0.2.0
'@forms.js/core,1.1.12,19,F,UNVERIFIED_PUBLISH_PATH|DORMANT|SINGLE_MAINTAINER,1,35,v0.2.0
'@ludens-reklame/cookie-dialog,1.2.0,29,F,UNVERIFIED_PUBLISH_PATH|DORMANT,5,35,v0.2.0
'@typopro/web-monoid,3.7.5,14,F,UNVERIFIED_PUBLISH_PATH|DORMANT|SINGLE_MAINTAINER,1,35,v0.2.0
'@whitesev/domutils,2.0.8,16,F,UNVERIFIED_PUBLISH_PATH|SINGLE_MAINTAINER,1,35,v0.2.0
icheck-material,1.0.1,19,F,UNVERIFIED_PUBLISH_PATH|DORMANT|SINGLE_MAINTAINER,1,35,v0.2.0
ip-geolocation-api-jquery-sdk,1.1.4,19,F,UNVERIFIED_PUBLISH_PATH|DORMANT|SINGLE_MAINTAINER,1,35,v0.2.0
jquery-tagcanvas,2.9.0,19,F,UNVERIFIED_PUBLISH_PATH|DORMANT|SINGLE_MAINTAINER,1,35,v0.2.0
legrandav-ui-library,0.0.10,29,F,UNVERIFIED_PUBLISH_PATH|DORMANT,3,35,v0.2.0
midi-instrument-patches,1.0.5,19,F,UNVERIFIED_PUBLISH_PATH|DORMANT|SINGLE_MAINTAINER,1,35,v0.2.0
ractive-route,0.3.13,25,F,UNVERIFIED_PUBLISH_PATH|SINGLE_MAINTAINER,1,35,v0.2.0
sv-hover-intent,1.0.1,19,F,UNVERIFIED_PUBLISH_PATH|DORMANT|SINGLE_MAINTAINER,1,35,v0.2.0
'@banana-ui/banana,1.20.1,28,F,UNVERIFIED_PUBLISH_PATH|DORMANT,2,34,v0.2.0
'@fontsource/akshar,5.2.8,71,B,,2,34,v0.2.0
'@fontsource/ar-one-sans,5.2.7,71,B,,2,34,v0.2.0
'@fontsource/libertinus-sans,5.2.2,71,B,,2,34,v0.2.0
'@gamely/gly-engine,0.3.13,87,A,,2,34,v0.2.0
'@klaxit/cookie-consent,0.3.4,33,F,UNVERIFIED_PUBLISH_PATH|DORMANT,3,34,v0.2.0
'@linkitbe/sdk,1.0.12,21,F,UNVERIFIED_PUBLISH_PATH|SINGLE_MAINTAINER,1,34,v0.2.0
'@raisenow/solution-embed,1.3.0,30,F,UNVERIFIED_PUBLISH_PATH,5,34,v0.2.0
'@tax-justice-network/fsi-components,3.3.1,25,F,UNVERIFIED_PUBLISH_PATH|SINGLE_MAINTAINER,1,34,v0.2.0
'@unbabel/ui,5.19.0,30,F,UNVERIFIED_PUBLISH_PATH|PUBLISHER_NOT_MAINTAINER,4,34,v0.2.0
alpheios-embedded,3.4.2-incr-3.4.x.20220429024,33,F,UNVERIFIED_PUBLISH_PATH|DORMANT,3,34,v0.2.0
iro-transparency-plugin,1.0.2,19,F,UNVERIFIED_PUBLISH_PATH|DORMANT|SINGLE_MAINTAINER,1,34,v0.2.0
knockout-viewmodel,2.1.0,19,F,UNVERIFIED_PUBLISH_PATH|DORMANT|SINGLE_MAINTAINER,1,34,v0.2.0
mojocss,0.2.0,19,F,UNVERIFIED_PUBLISH_PATH|DORMANT|SINGLE_MAINTAINER,1,34,v0.2.0
responsive-image-map,1.0.6,19,F,UNVERIFIED_PUBLISH_PATH|DORMANT|SINGLE_MAINTAINER,1,34,v0.2.0
wonder-image,2.1.1-alpha.2,16,F,UNVERIFIED_PUBLISH_PATH|SINGLE_MAINTAINER,1,34,v0.2.0
'@etchteam/recycling-locator,1.78.1,87,A,,4,33,v0.2.0
'@finsweet/attributes-cmsslider,1.7.1,28,F,UNVERIFIED_PUBLISH_PATH|DORMANT|BRANCH_REQUIRES_PR,2,33,v0.2.0
'@flowbase-co/boosters-gsap-text-highlight,1.0.5,34,F,UNVERIFIED_PUBLISH_PATH,2,33,v0.2.0
'@fontsource/manjari,5.2.8,71,B,,2,33,v0.2.0
'@fontsource/train-one,5.2.8,71,B,,2,33,v0.2.0
'@goodgamestudios/cxf-webshop,7.1.10,35,D,UNVERIFIED_PUBLISH_PATH,27,33,v0.2.0
'@pwabuilder/pwaauth,0.9.7,24,F,UNVERIFIED_PUBLISH_PATH|DORMANT|PUBLISHER_NOT_MAINTAINER,3,33,v0.2.0
'@smarttalks.ai/widget,0.23.0,30,F,UNVERIFIED_PUBLISH_PATH,2,33,v0.2.0
angularjs-social-login,2.6.1,19,F,UNVERIFIED_PUBLISH_PATH|DORMANT|SINGLE_MAINTAINER,1,33,v0.2.0
clappr-markers-plugin,0.6.3,19,F,UNVERIFIED_PUBLISH_PATH|DORMANT|SINGLE_MAINTAINER,1,33,v0.2.0
minstyle.io,2.0.2,19,F,UNVERIFIED_PUBLISH_PATH|DORMANT|SINGLE_MAINTAINER,1,33,v0.2.0
ractive-decorators-sortable,0.2.1,33,F,UNVERIFIED_PUBLISH_PATH|DORMANT,2,33,v0.2.0
'@daivietpda/tizentube,1.0.18,25,F,UNVERIFIED_PUBLISH_PATH|SINGLE_MAINTAINER,1,32,v0.2.0
'@deltaclan/splitter,1.0.9,15,F,UNVERIFIED_PUBLISH_PATH|DORMANT|SINGLE_MAINTAINER,1,32,v0.2.0
'@fontsource/salsa,5.2.7,71,B,,2,32,v0.2.0
'@genpact/genome.mfe.mgtwin-app,1.1.98,21,F,UNVERIFIED_PUBLISH_PATH|SINGLE_MAINTAINER,1,32,v0.2.0
'@machi-pla/ai-chatbot,0.1.25,35,D,UNVERIFIED_PUBLISH_PATH,3,32,v0.2.0
'@mailbiz/onsite-nuvemshop-vendor,0.5.4,35,D,UNVERIFIED_PUBLISH_PATH,3,32,v0.2.0
'@mailbiz/onsite-tray-vendor,0.6.2,30,F,UNVERIFIED_PUBLISH_PATH,3,32,v0.2.0
'@mailbiz/onsite-wakecommerce-vendor,0.4.2,35,D,UNVERIFIED_PUBLISH_PATH,3,32,v0.2.0
'@pardnchiu/flexplyr,2.2.9,25,F,UNVERIFIED_PUBLISH_PATH|SINGLE_MAINTAINER,1,32,v0.2.0
'@sprinklrjs/spaceweb,14.11.0,35,D,UNVERIFIED_PUBLISH_PATH,3,32,v0.2.0
'@umich-lib/web,1.3.2,29,F,UNVERIFIED_PUBLISH_PATH|DORMANT,7,32,v0.2.0
clappr-ga-events-plugin,2.2.0,19,F,UNVERIFIED_PUBLISH_PATH|DORMANT|SINGLE_MAINTAINER,1,32,v0.2.0
frankenstyle,0.3.8,21,F,UNVERIFIED_PUBLISH_PATH|SINGLE_MAINTAINER,1,32,v0.2.0
jquery-captcha,2.3.2,19,F,UNVERIFIED_PUBLISH_PATH|DORMANT|SINGLE_MAINTAINER,1,32,v0.2.0
jsonview,1.2.0,14,F,UNVERIFIED_PUBLISH_PATH|DORMANT|SINGLE_MAINTAINER,1,32,v0.2.0
knack-api-helper,3.1.1,25,F,UNVERIFIED_PUBLISH_PATH|SINGLE_MAINTAINER,1,32,v0.2.0
peachy-booking-flow,1.11.6,35,D,UNVERIFIED_PUBLISH_PATH,4,32,v0.2.0
vanilla-match-height,2.1.0,25,F,UNVERIFIED_PUBLISH_PATH|SINGLE_MAINTAINER,1,32,v0.2.0
videojs-brand,0.0.4,19,F,UNVERIFIED_PUBLISH_PATH|DORMANT|SINGLE_MAINTAINER,1,32,v0.2.0
vue-axios-plugin,1.3.0,19,F,UNVERIFIED_PUBLISH_PATH|DORMANT|SINGLE_MAINTAINER,1,32,v0.2.0
wickedpicker,0.4.3,19,F,UNVERIFIED_PUBLISH_PATH|DORMANT|SINGLE_MAINTAINER,1,32,v0.2.0
ytpro,3.9.80,73,B,SINGLE_MAINTAINER,1,32,v0.2.0
'@armdborg/hls.js,1.7.2,40,D,UNVERIFIED_PUBLISH_PATH,2,31,v0.2.0
'@blackpurl/web-components,0.1.1-beta.30,35,D,UNVERIFIED_PUBLISH_PATH,3,31,v0.2.0
'@eai/moji,1.2.0,19,F,UNVERIFIED_PUBLISH_PATH|DORMANT|SINGLE_MAINTAINER,1,31,v0.2.0
'@epigraph/configurator-lite,1.23.7,35,D,UNVERIFIED_PUBLISH_PATH,4,31,v0.2.0
'@fontsource/allerta,5.2.8,71,B,,2,31,v0.2.0
'@fontsource/khmer,5.2.9,71,B,,2,31,v0.2.0
'@gocharles/axeptio-then-segment,4.1.0,25,F,UNVERIFIED_PUBLISH_PATH|SINGLE_MAINTAINER,1,31,v0.2.0
'@oplayer/plugins,1.0.15-beta.4,16,F,UNVERIFIED_PUBLISH_PATH|SINGLE_MAINTAINER,1,31,v0.2.0
'@ping-pub/widget,0.3.12,25,F,UNVERIFIED_PUBLISH_PATH|SINGLE_MAINTAINER,1,31,v0.2.0
'@staytuned-io/web-components,1.0.30,33,F,UNVERIFIED_PUBLISH_PATH|DORMANT,5,31,v0.2.0
'@tuily/heic2any,0.0.6,19,F,UNVERIFIED_PUBLISH_PATH|DORMANT|SINGLE_MAINTAINER,1,31,v0.2.0
'@websolutespa/bom-llm,3.0.1,39,D,UNVERIFIED_PUBLISH_PATH,8,31,v0.2.0
cdn4script,2.2.0,16,F,UNVERIFIED_PUBLISH_PATH|SINGLE_MAINTAINER,1,31,v0.2.0
chiron-hei-hk-webfont-truetype,2.6.9,68,C,SINGLE_MAINTAINER,1,31,v0.2.0
fakeloader,1.0.0,19,F,UNVERIFIED_PUBLISH_PATH|DORMANT|SINGLE_MAINTAINER,1,31,v0.2.0
hexabot-chat-widget,2.3.7,21,F,UNVERIFIED_PUBLISH_PATH|SINGLE_MAINTAINER,1,31,v0.2.0
imagenarium,0.1.0,19,F,UNVERIFIED_PUBLISH_PATH|DORMANT|SINGLE_MAINTAINER,1,31,v0.2.0
lazyhtml,1.2.3,19,F,UNVERIFIED_PUBLISH_PATH|DORMANT|SINGLE_MAINTAINER,1,31,v0.2.0
liuseroj-public-cdn,1.0.3,20,F,UNVERIFIED_PUBLISH_PATH|SINGLE_MAINTAINER,1,31,v0.2.0
videojs-xr,0.1.0,19,F,UNVERIFIED_PUBLISH_PATH|DORMANT|SINGLE_MAINTAINER,1,31,v0.2.0
vipassana-design-standards,1.2.5,21,F,UNVERIFIED_PUBLISH_PATH|SINGLE_MAINTAINER,1,31,v0.2.0
'@aurolabs/auro-back-to-top,1.1.0,40,D,UNVERIFIED_PUBLISH_PATH|DORMANT|DEPRECATED,2,30,v0.2.0
'@aurolabs/auro-twocolumn,1.2.2,33,F,UNVERIFIED_PUBLISH_PATH|DORMANT,2,30,v0.2.0
'@flowbase-co/boosters-countdown,2.0.2,34,F,UNVERIFIED_PUBLISH_PATH,2,30,v0.2.0
'@fontsource/bentham,5.2.7,71,B,,2,30,v0.2.0
'@geocodeearth/autocomplete-element,0.8.0,39,D,UNVERIFIED_PUBLISH_PATH,3,30,v0.2.0
'@influence-society-web/yuna-frontend,2.0.6,39,D,UNVERIFIED_PUBLISH_PATH,3,30,v0.2.0
'@pardnchiu/renderjs,2.0.3,25,F,UNVERIFIED_PUBLISH_PATH|SINGLE_MAINTAINER,1,30,v0.2.0
'@record-evolution/widget-form,1.0.27,25,F,UNVERIFIED_PUBLISH_PATH|SINGLE_MAINTAINER,1,30,v0.2.0
bootstrap-tree-view,1.9.13,10,F,UNVERIFIED_PUBLISH_PATH|DORMANT|SINGLE_MAINTAINER,1,30,v0.2.0
snackbarlightjs,1.1.2,19,F,UNVERIFIED_PUBLISH_PATH|DORMANT|SINGLE_MAINTAINER,1,30,v0.2.0
'@andrea_ztn/gladia,0.1.3,10,F,UNVERIFIED_PUBLISH_PATH|DORMANT|SINGLE_MAINTAINER,1,29,v0.2.0
'@chativa/connector-directline,0.8.2,20,F,UNVERIFIED_PUBLISH_PATH|SINGLE_MAINTAINER,1,29,v0.2.0
'@flittpayments/checkout,1.16.9,39,D,UNVERIFIED_PUBLISH_PATH,5,29,v0.2.0
'@fontsource/averia-sans-libre,5.2.7,71,B,,2,29,v0.2.0
'@mailbiz/onsite-bagy-vendor,0.5.1,35,D,UNVERIFIED_PUBLISH_PATH,3,29,v0.2.0
'@mailbiz/onsite-moovin-vendor,0.1.1,35,D,UNVERIFIED_PUBLISH_PATH,3,29,v0.2.0
'@mailbiz/onsite-shopify-vendor,0.4.2,35,D,UNVERIFIED_PUBLISH_PATH,3,29,v0.2.0
'@record-evolution/widget-linechart,1.6.34,25,F,UNVERIFIED_PUBLISH_PATH|SINGLE_MAINTAINER,1,29,v0.2.0
enocean-js,0.1.0,19,F,UNVERIFIED_PUBLISH_PATH|DORMANT|SINGLE_MAINTAINER,1,29,v0.2.0
ie-buster,2.0.2,19,F,UNVERIFIED_PUBLISH_PATH|DORMANT|SINGLE_MAINTAINER,1,29,v0.2.0
knockout.merge,1.5.8,19,F,UNVERIFIED_PUBLISH_PATH|DORMANT|SINGLE_MAINTAINER,1,29,v0.2.0
metro-ui,3.0.15,19,F,UNVERIFIED_PUBLISH_PATH|DORMANT|SINGLE_MAINTAINER,1,29,v0.2.0
'@feedspring/framer-instagram,1.9.1,30,F,UNVERIFIED_PUBLISH_PATH,2,28,v0.2.0
'@figmania/webcomponent,3.3.10,15,F,UNVERIFIED_PUBLISH_PATH|DORMANT|SINGLE_MAINTAINER,1,28,v0.2.0
'@findify/analytics,3.6.15,40,D,UNVERIFIED_PUBLISH_PATH|DORMANT,5,28,v0.2.0
'@fontsource/kameron,5.2.8,71,B,,2,28,v0.2.0
'@grabzit/js,3.5.5,21,F,UNVERIFIED_PUBLISH_PATH|SINGLE_MAINTAINER,1,28,v0.2.0
'@justinribeiro/share-to-mastodon,2.0.2,19,F,UNVERIFIED_PUBLISH_PATH|DORMANT|SINGLE_MAINTAINER,1,28,v0.2.0
'@mailbiz/onsite-convertr-vendor,0.2.1,35,D,UNVERIFIED_PUBLISH_PATH,3,28,v0.2.0
'@speechkit/speechkit-audio-player,3.18.30,28,F,UNVERIFIED_PUBLISH_PATH|DORMANT|PUBLISHER_NOT_MAINTAINER,2,28,v0.2.0
'@svg-icons/material-sharp,1.87.0,28,F,UNVERIFIED_PUBLISH_PATH|DORMANT,2,28,v0.2.0
'@zf-web-font/sourcehansanscn,0.2.0,10,F,UNVERIFIED_PUBLISH_PATH|DORMANT|SINGLE_MAINTAINER,1,28,v0.2.0
'@zf-web-font/youshebiaotihei,0.2.0,10,F,UNVERIFIED_PUBLISH_PATH|DORMANT|SINGLE_MAINTAINER,1,28,v0.2.0
clappr-stats,0.1.5,33,F,UNVERIFIED_PUBLISH_PATH|DORMANT,6,28,v0.2.0
ez-consent,1.4.0,20,F,UNVERIFIED_PUBLISH_PATH|SINGLE_MAINTAINER,1,28,v0.2.0
jquery-date-dropdowns,1.1.1,10,F,UNVERIFIED_PUBLISH_PATH|DORMANT|SINGLE_MAINTAINER,1,28,v0.2.0
jquery-todictionary,1.3.0,19,F,UNVERIFIED_PUBLISH_PATH|DORMANT|SINGLE_MAINTAINER,1,28,v0.2.0
scrollax,1.0.0,19,F,UNVERIFIED_PUBLISH_PATH|DORMANT|SINGLE_MAINTAINER,1,28,v0.2.0
siiimple-toast,3.1.7,19,F,UNVERIFIED_PUBLISH_PATH|DORMANT|SINGLE_MAINTAINER,1,28,v0.2.0
simple-xgrid,1.2.5,19,F,UNVERIFIED_PUBLISH_PATH|DORMANT|SINGLE_MAINTAINER,1,28,v0.2.0
'@bibleup/bibleup,1.1.0,19,F,UNVERIFIED_PUBLISH_PATH|DORMANT|SINGLE_MAINTAINER,1,27,v0.2.0
'@bro-design/bro-marquee,1.0.1,25,F,UNVERIFIED_PUBLISH_PATH|SINGLE_MAINTAINER,1,27,v0.2.0
'@brytdesigns/shopify-ajax-cart-components,1.3.15,30,F,UNVERIFIED_PUBLISH_PATH,5,27,v0.2.0
'@fontsource/antic-slab,5.2.8,71,B,,2,27,v0.2.0
'@fontsource/mallanna,5.2.8,71,B,,2,27,v0.2.0
'@hanzi.pro/diantenjeom,0.1.0,57,C,INCONSISTENT_PUBLISH_PATH|SINGLE_MAINTAINER,1,27,v0.2.0
'@kartverket/geonorge-web-components,4.0.13,46,D,UNVERIFIED_PUBLISH_PATH,5,27,v0.2.0
'@labtime/avamec-api-bridge-cliente,1.0.0,15,F,UNVERIFIED_PUBLISH_PATH|DORMANT|SINGLE_MAINTAINER,1,27,v0.2.0
'@list-kr/microshield,4.12.10,58,C,DORMANT|SINGLE_MAINTAINER,1,27,v0.2.0
'@orange-games/splash,3.6.0,24,F,UNVERIFIED_PUBLISH_PATH|DORMANT|DEPRECATED,3,27,v0.2.0
'@rspitler-nudge/analytics,2.8.163,25,F,UNVERIFIED_PUBLISH_PATH|SINGLE_MAINTAINER,1,27,v0.2.0
brain-sam-js,1.0.9,25,F,UNVERIFIED_PUBLISH_PATH|SINGLE_MAINTAINER,1,27,v0.2.0
cookie-consent-box,2.4.0,19,F,UNVERIFIED_PUBLISH_PATH|DORMANT|SINGLE_MAINTAINER,1,27,v0.2.0
es-promise,1.0.3,19,F,UNVERIFIED_PUBLISH_PATH|DORMANT|SINGLE_MAINTAINER,1,27,v0.2.0
html5-simple-date-input-polyfill,1.1.0,19,F,UNVERIFIED_PUBLISH_PATH|DORMANT|SINGLE_MAINTAINER,1,27,v0.2.0
jquery-listnav,2.4.10,33,F,UNVERIFIED_PUBLISH_PATH|DORMANT,3,27,v0.2.0
nusantara-valid,0.4.2,33,F,UNVERIFIED_PUBLISH_PATH|DORMANT,2,27,v0.2.0
runhandler183,1.0.0,16,F,UNVERIFIED_PUBLISH_PATH|SINGLE_MAINTAINER,1,27,v0.2.0
scrollprogress,3.0.2,19,F,UNVERIFIED_PUBLISH_PATH|DORMANT|SINGLE_MAINTAINER,1,27,v0.2.0
slick-carousel-jquery4,4.0.2,25,F,UNVERIFIED_PUBLISH_PATH|SINGLE_MAINTAINER,1,27,v0.2.0
theme-lx,0.4.4,19,F,UNVERIFIED_PUBLISH_PATH|DORMANT|SINGLE_MAINTAINER,1,27,v0.2.0
unicode-emoji-data-windows,0.1.0,14,F,UNVERIFIED_PUBLISH_PATH|DORMANT|SINGLE_MAINTAINER,1,27,v0.2.0
videojsadx,4.1.2,39,D,UNVERIFIED_PUBLISH_PATH,2,27,v0.2.0
yet-another-medium-zoom,0.4.2,14,F,UNVERIFIED_PUBLISH_PATH|DORMANT|SINGLE_MAINTAINER,1,27,v0.2.0
'@accusoft/pdf-viewer,3.11.158639,15,F,UNVERIFIED_PUBLISH_PATH|DORMANT|SINGLE_MAINTAINER,1,26,v0.2.0
'@areb0s/scip.js,1.2.13,25,F,UNVERIFIED_PUBLISH_PATH|SINGLE_MAINTAINER,1,26,v0.2.0
'@brytdesigns/web-component-utils,0.1.14,30,F,UNVERIFIED_PUBLISH_PATH|DEPRECATED,5,26,v0.2.0
'@contactlab/marketing-cloud-logo,6.0.0,39,D,UNVERIFIED_PUBLISH_PATH,6,26,v0.2.0
'@curiolabs/flowscan,1.0.9,25,F,UNVERIFIED_PUBLISH_PATH|SINGLE_MAINTAINER,1,26,v0.2.0
'@eliaslazcano/utils,1.0.24,25,F,UNVERIFIED_PUBLISH_PATH|SINGLE_MAINTAINER,1,26,v0.2.0
'@firstandthird/toc,2.1.0,33,F,UNVERIFIED_PUBLISH_PATH|DORMANT,6,26,v0.2.0
'@fontsource/dangrek,5.2.8,71,B,,2,26,v0.2.0
'@fontsource/mate,5.2.8,71,B,,2,26,v0.2.0
'@fontsource/shippori-antique-b1,5.2.8,71,B,,2,26,v0.2.0
'@fontsource/trochut,5.2.8,71,B,,2,26,v0.2.0
'@kwaeri/user-experience,0.1.13,15,F,UNVERIFIED_PUBLISH_PATH|DORMANT|SINGLE_MAINTAINER,1,26,v0.2.0
'@opencage/geosearch-bundle,0.3.0,45,D,UNVERIFIED_PUBLISH_PATH,2,26,v0.2.0
'@record-evolution/widget-sidenav,1.0.16,25,F,UNVERIFIED_PUBLISH_PATH|SINGLE_MAINTAINER,1,26,v0.2.0
'@rutter/rutter-link-js,1.0.12,33,F,UNVERIFIED_PUBLISH_PATH|DORMANT,6,26,v0.2.0
'@signalwire/address-widget,0.1.1,71,B,INCONSISTENT_PUBLISH_PATH,7,26,v0.2.0
'@yes-chef/yes-chef-sliders,2.0.13,20,F,UNVERIFIED_PUBLISH_PATH|SINGLE_MAINTAINER,1,26,v0.2.0
appblocks,2.1.1,25,F,UNVERIFIED_PUBLISH_PATH|SINGLE_MAINTAINER,1,26,v0.2.0
flatpickr-year-select-plugin,1.3.1,25,F,UNVERIFIED_PUBLISH_PATH|SINGLE_MAINTAINER,1,26,v0.2.0
jmapserver-ng-core,2.13.0,35,D,UNVERIFIED_PUBLISH_PATH,7,26,v0.2.0
jquery.scrollup,2.4.1,19,F,UNVERIFIED_PUBLISH_PATH|DORMANT|SINGLE_MAINTAINER,1,26,v0.2.0
marquee6k,1.3.4,31,F,UNVERIFIED_PUBLISH_PATH|SINGLE_MAINTAINER,1,26,v0.2.0
pushbar.js,1.0.0,19,F,UNVERIFIED_PUBLISH_PATH|DORMANT|SINGLE_MAINTAINER,1,26,v0.2.0
qrcode_js,1.0.0,19,F,UNVERIFIED_PUBLISH_PATH|DORMANT|SINGLE_MAINTAINER,1,26,v0.2.0
'@autosync/atx-bootstrap-datetimepicker,2.0.7,33,F,UNVERIFIED_PUBLISH_PATH|DORMANT,4,25,v0.2.0
'@ecodev/natural-gallery-js,11.1.3,77,B,,3,25,v0.2.0
'@koumoul/v-iframe,2.4.5,39,D,UNVERIFIED_PUBLISH_PATH,3,25,v0.2.0
'@marqueefy/marqueefy,1.0.3,19,F,UNVERIFIED_PUBLISH_PATH|DORMANT|SINGLE_MAINTAINER,1,25,v0.2.0
'@record-evolution/widget-mapbox,1.5.17,25,F,UNVERIFIED_PUBLISH_PATH|SINGLE_MAINTAINER,1,25,v0.2.0
'@reform-society/agera-webflow,0.5.9,25,F,UNVERIFIED_PUBLISH_PATH|SINGLE_MAINTAINER,1,25,v0.2.0
'@saasquatch/vanilla-components,1.4.1,39,D,UNVERIFIED_PUBLISH_PATH,10,25,v0.2.0
'@synapxlab/cookie-consent,2.5.0,25,F,UNVERIFIED_PUBLISH_PATH|SINGLE_MAINTAINER,1,25,v0.2.0
'@tripetto/runner-chat,7.0.1,29,F,UNVERIFIED_PUBLISH_PATH|DORMANT,3,25,v0.2.0
amazon-fonts,1.0.1,19,F,UNVERIFIED_PUBLISH_PATH|DORMANT|SINGLE_MAINTAINER,1,25,v0.2.0
hanamin,0.0.5,14,F,UNVERIFIED_PUBLISH_PATH|DORMANT|SINGLE_MAINTAINER,1,25,v0.2.0
kgr88-scripts,4.5.0,21,F,UNVERIFIED_PUBLISH_PATH|SINGLE_MAINTAINER,1,25,v0.2.0
mok-project,1.1.7,19,F,UNVERIFIED_PUBLISH_PATH|DORMANT|SINGLE_MAINTAINER,1,25,v0.2.0
oovvuu-plugin,1.8.2,10,F,UNVERIFIED_PUBLISH_PATH|DORMANT|SINGLE_MAINTAINER,1,25,v0.2.0
store-badge,1.3.0,19,F,UNVERIFIED_PUBLISH_PATH|DORMANT|SINGLE_MAINTAINER,1,25,v0.2.0
sui.ski,5.0.0,63,C,INCONSISTENT_PUBLISH_PATH|SINGLE_MAINTAINER,1,25,v0.2.0
when-in-viewport,2.0.4,19,F,UNVERIFIED_PUBLISH_PATH|DORMANT|SINGLE_MAINTAINER,1,25,v0.2.0
'@activix/summernote-image-attributes,1.0.2,29,F,UNVERIFIED_PUBLISH_PATH|DORMANT,6,24,v0.2.0
'@aiktb/kuromoji,1.0.2,19,F,UNVERIFIED_PUBLISH_PATH|DORMANT|SINGLE_MAINTAINER,1,24,v0.2.0
'@cd2/fileboy-browser,0.15.4,35,D,UNVERIFIED_PUBLISH_PATH,3,24,v0.2.0
'@finsweet/attributes-favcustom,1.5.0,28,F,UNVERIFIED_PUBLISH_PATH|DORMANT,2,24,v0.2.0
'@flasher/flasher-toastr,2.2.0,21,F,UNVERIFIED_PUBLISH_PATH|SINGLE_MAINTAINER,1,24,v0.2.0
'@fontsource/trocchi,5.2.8,71,B,,2,24,v0.2.0
'@genpact/genome.mfe.voc-app,1.1.102,21,F,UNVERIFIED_PUBLISH_PATH|SINGLE_MAINTAINER,1,24,v0.2.0
'@maray-ai/foodness-gracious,2.2.1,20,F,UNVERIFIED_PUBLISH_PATH|SINGLE_MAINTAINER,1,24,v0.2.0
'@sunsama/splash,1.7.6,35,D,UNVERIFIED_PUBLISH_PATH,6,24,v0.2.0
'@synqro/infinite-logo,1.2.0,21,F,UNVERIFIED_PUBLISH_PATH|SINGLE_MAINTAINER,1,24,v0.2.0
'@vuesimple/vs-select,3.1.6,25,F,UNVERIFIED_PUBLISH_PATH|SINGLE_MAINTAINER,1,24,v0.2.0
analyze-combiner-205,1.0.0,16,F,UNVERIFIED_PUBLISH_PATH|SINGLE_MAINTAINER,1,24,v0.2.0
country-detail,1.0.0,15,F,UNVERIFIED_PUBLISH_PATH|DORMANT|SINGLE_MAINTAINER,1,24,v0.2.0
ficons,1.1.54,33,F,UNVERIFIED_PUBLISH_PATH|DORMANT,3,24,v0.2.0
labjs,0.0.0-pre1,14,F,UNVERIFIED_PUBLISH_PATH|DORMANT|SINGLE_MAINTAINER,1,24,v0.2.0
monitortool116,1.0.0,16,F,UNVERIFIED_PUBLISH_PATH|SINGLE_MAINTAINER,1,24,v0.2.0
neuicons,1.9.0,19,F,UNVERIFIED_PUBLISH_PATH|DORMANT|SINGLE_MAINTAINER,1,24,v0.2.0
udesly-wf-countup,0.0.1,10,F,UNVERIFIED_PUBLISH_PATH|DORMANT|SINGLE_MAINTAINER,1,24,v0.2.0
'@azerion/splash,3.6.8,29,F,UNVERIFIED_PUBLISH_PATH|DORMANT,4,23,v0.2.0
'@brytdesigns/shopify-ajax-cart,1.1.8,30,F,UNVERIFIED_PUBLISH_PATH,5,23,v0.2.0
'@engine-web/website,0.7.13,30,F,UNVERIFIED_PUBLISH_PATH,4,23,v0.2.0
'@everymatrix/stage-mm-verification-report,1.1.62,35,D,UNVERIFIED_PUBLISH_PATH,22,23,v0.2.0
'@fewangsit/wangsvue-sales,1.0.40,39,D,UNVERIFIED_PUBLISH_PATH,5,23,v0.2.0
'@flowbase-co/boosters-age-gate,1.1.2,34,F,UNVERIFIED_PUBLISH_PATH,2,23,v0.2.0
'@flowbase-co/boosters-gsap-text-reveal,1.0.4,34,F,UNVERIFIED_PUBLISH_PATH,2,23,v0.2.0
'@flowbase-co/boosters-typewriter,1.0.3,34,F,UNVERIFIED_PUBLISH_PATH,2,23,v0.2.0
'@fontsource/mandali,5.2.8,71,B,,2,23,v0.2.0
'@fontsource/phudu,5.2.10,71,B,,2,23,v0.2.0
'@frontkom/g-hero-section,0.7.5,33,F,UNVERIFIED_PUBLISH_PATH|DORMANT,10,23,v0.2.0
'@ideal-postcodes/bigcommerce,3.2.0,39,D,UNVERIFIED_PUBLISH_PATH,2,23,v0.2.0
'@mailbiz/onsite-lojaintegrada-vendor,0.6.1,30,F,UNVERIFIED_PUBLISH_PATH,3,23,v0.2.0
'@mobiloud/ml-smart-banner,1.4.0,25,F,UNVERIFIED_PUBLISH_PATH|SINGLE_MAINTAINER,1,23,v0.2.0
careplix-web-algo,3.2.1,39,D,UNVERIFIED_PUBLISH_PATH,2,23,v0.2.0
ckplayer,3.1.2,25,F,UNVERIFIED_PUBLISH_PATH|SINGLE_MAINTAINER,1,23,v0.2.0
ecocdn,2.13.8,19,F,UNVERIFIED_PUBLISH_PATH|DORMANT|SINGLE_MAINTAINER,1,23,v0.2.0
feather-icons-css,1.2.0,10,F,UNVERIFIED_PUBLISH_PATH|DORMANT|SINGLE_MAINTAINER,1,23,v0.2.0
gigz,3.0.0,21,F,UNVERIFIED_PUBLISH_PATH|SINGLE_MAINTAINER,1,23,v0.2.0
jquery.facebox,1.4.1,14,F,UNVERIFIED_PUBLISH_PATH|DORMANT|SINGLE_MAINTAINER,1,23,v0.2.0
json-bigint-parser-browser,1.0.5,19,F,UNVERIFIED_PUBLISH_PATH|DORMANT|SINGLE_MAINTAINER,1,23,v0.2.0
morecontent-js,1.0.1,19,F,UNVERIFIED_PUBLISH_PATH|DORMANT|SINGLE_MAINTAINER,1,23,v0.2.0
udesly-wf-cookie-bar,1.0.3,10,F,UNVERIFIED_PUBLISH_PATH|DORMANT|SINGLE_MAINTAINER,1,23,v0.2.0
vidflow,1.0.7,21,F,UNVERIFIED_PUBLISH_PATH|SINGLE_MAINTAINER,1,23,v0.2.0
wicked.components,1.3.0,16,F,UNVERIFIED_PUBLISH_PATH|SINGLE_MAINTAINER,1,23,v0.2.0
zebra_tooltips,2.4.1,25,F,UNVERIFIED_PUBLISH_PATH|SINGLE_MAINTAINER,1,23,v0.2.0
'@aiconomy/aico-analytics,0.0.18,35,D,UNVERIFIED_PUBLISH_PATH,4,22,v0.2.0
'@alertbox/docsify-footer,1.0.0-0,14,F,UNVERIFIED_PUBLISH_PATH|DORMANT|SINGLE_MAINTAINER,1,22,v0.2.0
'@alma/in-page,2.8.0,39,D,UNVERIFIED_PUBLISH_PATH,6,22,v0.2.0
'@animaj/pocoyo,0.2.34,20,F,UNVERIFIED_PUBLISH_PATH|SINGLE_MAINTAINER,1,22,v0.2.0
'@appmate/wishlist,5.29.0,21,F,UNVERIFIED_PUBLISH_PATH|SINGLE_MAINTAINER,1,22,v0.2.0
'@bspk/icons,1.1.1,73,B,SINGLE_MAINTAINER,1,22,v0.2.0
'@debales/ai,1.2.6,30,F,UNVERIFIED_PUBLISH_PATH,2,22,v0.2.0
'@deltaclan/superform,2.1.13,15,F,UNVERIFIED_PUBLISH_PATH|DORMANT|SINGLE_MAINTAINER,1,22,v0.2.0
'@deox/blogger-feed,0.1.1,75,B,SINGLE_MAINTAINER|DEPRECATED,1,22,v0.2.0
'@fontsource/amarante,5.2.8,71,B,,2,22,v0.2.0
'@fontsource/amethysta,5.2.8,71,B,,2,22,v0.2.0
'@mailbiz/onsite-vnda-vendor,0.1.10,30,F,UNVERIFIED_PUBLISH_PATH,3,22,v0.2.0
'@mencraft/lore-headless,0.1.22,25,F,UNVERIFIED_PUBLISH_PATH|SINGLE_MAINTAINER,1,22,v0.2.0
'@moxiworks/mds,0.25.1,29,F,UNVERIFIED_PUBLISH_PATH|DORMANT,6,22,v0.2.0
'@openscan/metadata,1.0.1,77,B,INCONSISTENT_PUBLISH_PATH,2,22,v0.2.0
'@reform-digital/tooltip-x,1.1.0,16,F,UNVERIFIED_PUBLISH_PATH|SINGLE_MAINTAINER,1,22,v0.2.0
'@release0/js,1.2.0,16,F,UNVERIFIED_PUBLISH_PATH|SINGLE_MAINTAINER,1,22,v0.2.0
'@swetrix/captcha,2.3.0,73,B,SINGLE_MAINTAINER,1,22,v0.2.0
'@vexia/gtm-analytics,1.0.0,34,F,UNVERIFIED_PUBLISH_PATH,3,22,v0.2.0
'@vuesimple/vs-tag,3.1.6,25,F,UNVERIFIED_PUBLISH_PATH|SINGLE_MAINTAINER,1,22,v0.2.0
anony-icons,1.0.5,30,F,UNVERIFIED_PUBLISH_PATH,2,22,v0.2.0
carcraft-news-component,0.1.13,16,F,UNVERIFIED_PUBLISH_PATH|SINGLE_MAINTAINER,1,22,v0.2.0
google-maps-utility-library-v3-markerwithlabel,1.1.10,19,F,UNVERIFIED_PUBLISH_PATH|DORMANT|SINGLE_MAINTAINER,1,22,v0.2.0
jquery-sse,0.1.5,14,F,UNVERIFIED_PUBLISH_PATH|DORMANT|SINGLE_MAINTAINER,1,22,v0.2.0
level-selector,0.2.0,19,F,UNVERIFIED_PUBLISH_PATH|DORMANT|SINGLE_MAINTAINER,1,22,v0.2.0
location-store-js,0.1.13,15,F,UNVERIFIED_PUBLISH_PATH|DORMANT|SINGLE_MAINTAINER,1,22,v0.2.0
mathjax-img,5.0.0,25,F,UNVERIFIED_PUBLISH_PATH|SINGLE_MAINTAINER,1,22,v0.2.0
opencv.js-webassembly,4.2.0,10,F,UNVERIFIED_PUBLISH_PATH|DORMANT|SINGLE_MAINTAINER,1,22,v0.2.0
udesly-slider-pro,1.0.6,10,F,UNVERIFIED_PUBLISH_PATH|DORMANT|SINGLE_MAINTAINER,1,22,v0.2.0
youtube-iframe-api,0.0.1,15,F,UNVERIFIED_PUBLISH_PATH|DORMANT|SINGLE_MAINTAINER,1,22,v0.2.0
'@chilipiper/concierge,1.1.93,39,D,UNVERIFIED_PUBLISH_PATH,6,21,v0.2.0
'@fontsource/carrois-gothic,5.2.8,71,B,,2,21,v0.2.0
'@fontsource/koh-santepheap,5.2.8,71,B,,2,21,v0.2.0
'@fontsource/niramit,5.2.8,71,B,,2,21,v0.2.0
'@fontsource/palanquin-dark,5.2.8,71,B,,2,21,v0.2.0
'@mailbiz/onsite-jet-vendor,0.5.1,30,F,UNVERIFIED_PUBLISH_PATH,3,21,v0.2.0
'@mgdis/mg-components,6.24.0,30,F,UNVERIFIED_PUBLISH_PATH,7,21,v0.2.0
'@teamepyc/sliders,0.9.5-alpha,28,F,UNVERIFIED_PUBLISH_PATH|DORMANT,2,21,v0.2.0
'@tulipnpm/timekit_project_selector,2.1.4,21,F,UNVERIFIED_PUBLISH_PATH|SINGLE_MAINTAINER,1,21,v0.2.0
ad-auris-iframe-distribution-nextgen,3.1.1,19,F,UNVERIFIED_PUBLISH_PATH|DORMANT|SINGLE_MAINTAINER,1,21,v0.2.0
afterglowplayer,1.1.0,19,F,UNVERIFIED_PUBLISH_PATH|DORMANT|SINGLE_MAINTAINER,1,21,v0.2.0
ag-event,1.0.48,16,F,UNVERIFIED_PUBLISH_PATH|SINGLE_MAINTAINER,1,21,v0.2.0
apercu-font,1.0.0,10,F,UNVERIFIED_PUBLISH_PATH|DORMANT|SINGLE_MAINTAINER,1,21,v0.2.0
bcswipe,2.0.5,19,F,UNVERIFIED_PUBLISH_PATH|DORMANT|SINGLE_MAINTAINER,1,21,v0.2.0
chrome-devtools-frontend-prebuilt,1.0.975442,10,F,UNVERIFIED_PUBLISH_PATH|DORMANT|SINGLE_MAINTAINER,1,21,v0.2.0
darkify-js,1.1.13,25,F,UNVERIFIED_PUBLISH_PATH|SINGLE_MAINTAINER|DEPRECATED,1,21,v0.2.0
jquery-offcanvas,3.4.7,19,F,UNVERIFIED_PUBLISH_PATH|DORMANT|SINGLE_MAINTAINER,1,21,v0.2.0
lightslider-min-page,1.1.7,19,F,UNVERIFIED_PUBLISH_PATH|DORMANT|SINGLE_MAINTAINER,1,21,v0.2.0
reverie-stt-sdk,0.24.0,21,F,UNVERIFIED_PUBLISH_PATH|SINGLE_MAINTAINER,1,21,v0.2.0
starry-rating,5.1.0,19,F,UNVERIFIED_PUBLISH_PATH|DORMANT|SINGLE_MAINTAINER,1,21,v0.2.0
transfer-elements,1.0.7,19,F,UNVERIFIED_PUBLISH_PATH|DORMANT|SINGLE_MAINTAINER,1,21,v0.2.0
vanillajs,1.0.1,19,F,UNVERIFIED_PUBLISH_PATH|DORMANT|SINGLE_MAINTAINER,1,21,v0.2.0
vimeo-froogaloop,0.1.0,19,F,UNVERIFIED_PUBLISH_PATH|DORMANT|SINGLE_MAINTAINER,1,21,v0.2.0
wikiplus-core,4.1.0,19,F,UNVERIFIED_PUBLISH_PATH|DORMANT|SINGLE_MAINTAINER,1,21,v0.2.0
'@brainfish-ai/web-tracker,0.0.33,30,F,UNVERIFIED_PUBLISH_PATH,4,20,v0.2.0
'@figmania/svg-animate,1.3.0,10,F,UNVERIFIED_PUBLISH_PATH|DORMANT|SINGLE_MAINTAINER,1,20,v0.2.0
'@flowbase-co/boosters-gsap-text-hover,1.0.5,34,F,UNVERIFIED_PUBLISH_PATH,2,20,v0.2.0
'@goodgamestudios/cxf-styles,1.4.0,29,F,UNVERIFIED_PUBLISH_PATH|DORMANT,27,20,v0.2.0
'@leadsales/leadclick,1.12.0,29,F,UNVERIFIED_PUBLISH_PATH|DORMANT,4,20,v0.2.0
'@mezereon/bigcommerce-stencil,1.0.30,21,F,UNVERIFIED_PUBLISH_PATH|SINGLE_MAINTAINER,1,20,v0.2.0
'@numbersprotocol/capture-eye,1.11.1,77,B,INCONSISTENT_PUBLISH_PATH,2,20,v0.2.0
'@orange-games/phaser-super-storage,2.0.0-beta.2,33,F,UNVERIFIED_PUBLISH_PATH|DORMANT,3,20,v0.2.0
'@record-evolution/widget-doughnut,1.5.21,25,F,UNVERIFIED_PUBLISH_PATH|SINGLE_MAINTAINER,1,20,v0.2.0
'@seedgou/dos.lol,9.4.1-git-14ebc749c0b120965b54d2af92025c3e6d23b78a,21,F,UNVERIFIED_PUBLISH_PATH|SINGLE_MAINTAINER,1,20,v0.2.0
'@websolutespa/llm-farmaciacarli,1.0.21,39,D,UNVERIFIED_PUBLISH_PATH,8,20,v0.2.0
aixdb-tracker,1.3.4,10,F,UNVERIFIED_PUBLISH_PATH|DORMANT|SINGLE_MAINTAINER,1,20,v0.2.0
bootstrap-sheet,0.2.0,31,F,UNVERIFIED_PUBLISH_PATH|SINGLE_MAINTAINER,1,20,v0.2.0
bootstrap337,3.3.7,19,F,UNVERIFIED_PUBLISH_PATH|DORMANT|SINGLE_MAINTAINER,1,20,v0.2.0
cbplayer,0.6.7,19,F,UNVERIFIED_PUBLISH_PATH|DORMANT|SINGLE_MAINTAINER,1,20,v0.2.0
filterbalancer238,1.0.0,16,F,UNVERIFIED_PUBLISH_PATH|SINGLE_MAINTAINER,1,20,v0.2.0
hero-mega-menu,1.8.2,15,F,UNVERIFIED_PUBLISH_PATH|DORMANT|SINGLE_MAINTAINER,1,20,v0.2.0
jquery.dragscrollable,1.0.0,19,F,UNVERIFIED_PUBLISH_PATH|DORMANT|SINGLE_MAINTAINER,1,20,v0.2.0
param-tracker,5.0.1,73,B,SINGLE_MAINTAINER,1,20,v0.2.0
pure,2.85.0,19,F,UNVERIFIED_PUBLISH_PATH|DORMANT|SINGLE_MAINTAINER,1,20,v0.2.0
ss-utils,0.2.7,19,F,UNVERIFIED_PUBLISH_PATH|DORMANT|SINGLE_MAINTAINER,1,20,v0.2.0
typeface-nanum-square-round,1.0.2,19,F,UNVERIFIED_PUBLISH_PATH|DORMANT|SINGLE_MAINTAINER,1,20,v0.2.0
'@davland7/rplayer,3.0.2,25,F,UNVERIFIED_PUBLISH_PATH|SINGLE_MAINTAINER,1,19,v0.2.0
'@firebase/analytics-interop-types,0.3.5,46,D,UNVERIFIED_PUBLISH_PATH,4,19,v0.2.0
'@flowbase-co/boosters-text-scramble,1.0.2,34,F,UNVERIFIED_PUBLISH_PATH,2,19,v0.2.0
'@fontsource/nobile,5.2.8,71,B,,2,19,v0.2.0
'@frontkom/g-section,0.4.3,33,F,UNVERIFIED_PUBLISH_PATH|DORMANT,10,19,v0.2.0
'@lemonadejs/data-grid,2.0.0,21,F,UNVERIFIED_PUBLISH_PATH|SINGLE_MAINTAINER,1,19,v0.2.0
'@mugnai/rscs,0.5.9,19,F,UNVERIFIED_PUBLISH_PATH|DORMANT|SINGLE_MAINTAINER,1,19,v0.2.0
'@oplayer/shaka,1.2.26-beta.6,16,F,UNVERIFIED_PUBLISH_PATH|SINGLE_MAINTAINER,1,19,v0.2.0
'@percy.ai/hvs-funnel-overlay,0.5.0,30,F,UNVERIFIED_PUBLISH_PATH,3,19,v0.2.0
'@record-evolution/widget-value,1.1.27,25,F,UNVERIFIED_PUBLISH_PATH|SINGLE_MAINTAINER,1,19,v0.2.0
'@staytuned-io/sdk-v2,2.0.41,39,D,UNVERIFIED_PUBLISH_PATH,5,19,v0.2.0
'@vuesimple/vs-button,3.1.6,25,F,UNVERIFIED_PUBLISH_PATH|SINGLE_MAINTAINER,1,19,v0.2.0
apexstock,0.3.0,73,B,SINGLE_MAINTAINER,1,19,v0.2.0
cbplayer2,0.12.0,19,F,UNVERIFIED_PUBLISH_PATH|DORMANT|SINGLE_MAINTAINER,1,19,v0.2.0
dealpos-tm,8.3.2,16,F,UNVERIFIED_PUBLISH_PATH|SINGLE_MAINTAINER,1,19,v0.2.0
flatpickr-hijri-calendar,1.0.0,19,F,UNVERIFIED_PUBLISH_PATH|DORMANT|SINGLE_MAINTAINER,1,19,v0.2.0
gotham-pro-font,1.0.0,15,F,UNVERIFIED_PUBLISH_PATH|DORMANT|SINGLE_MAINTAINER,1,19,v0.2.0
jquery.datepicker-plus-css,1.0.0,19,F,UNVERIFIED_PUBLISH_PATH|DORMANT|SINGLE_MAINTAINER,1,19,v0.2.0
miam-ds,1.2.6,30,F,UNVERIFIED_PUBLISH_PATH,3,19,v0.2.0
releaseopener204,1.0.0,16,F,UNVERIFIED_PUBLISH_PATH|SINGLE_MAINTAINER,1,19,v0.2.0
rgb-light-card,1.14.0,25,F,UNVERIFIED_PUBLISH_PATH|SINGLE_MAINTAINER,1,19,v0.2.0
scalepackager249,1.0.0,16,F,UNVERIFIED_PUBLISH_PATH|SINGLE_MAINTAINER,1,19,v0.2.0
sdb-file-tree,2.0.15,21,F,UNVERIFIED_PUBLISH_PATH|SINGLE_MAINTAINER,1,19,v0.2.0
typeface-notosans-kor,1.0.2,19,F,UNVERIFIED_PUBLISH_PATH|DORMANT|SINGLE_MAINTAINER,1,19,v0.2.0
videojsx-vast-plugin,1.0.4,19,F,UNVERIFIED_PUBLISH_PATH|DORMANT|SINGLE_MAINTAINER,1,19,v0.2.0
webhostinghub-glyphs,0.1.2,14,F,UNVERIFIED_PUBLISH_PATH|DORMANT|SINGLE_MAINTAINER,1,19,v0.2.0
'@agenus-io/utms,1.0.5,35,D,UNVERIFIED_PUBLISH_PATH,2,18,v0.2.0
'@analytics-debugger/google-tag-linker,0.0.1,19,F,UNVERIFIED_PUBLISH_PATH|DORMANT|SINGLE_MAINTAINER,1,18,v0.2.0
'@deltaclan/attributes-accordiontoggle,1.0.0,10,F,UNVERIFIED_PUBLISH_PATH|DORMANT|SINGLE_MAINTAINER,1,18,v0.2.0
'@fontsource/belgrano,5.2.8,71,B,,2,18,v0.2.0
'@koreai/agentai-web-sdk,3.22.0,35,D,UNVERIFIED_PUBLISH_PATH,4,18,v0.2.0
'@mailbiz/onsite-universal-vendor,0.4.2,30,F,UNVERIFIED_PUBLISH_PATH,3,18,v0.2.0
'@mailbiz/onsite-woocommerce-vendor,0.3.2,30,F,UNVERIFIED_PUBLISH_PATH,3,18,v0.2.0
'@noonnu/s-core-dream-3-light,0.1.0,14,F,UNVERIFIED_PUBLISH_PATH|DORMANT|SINGLE_MAINTAINER,1,18,v0.2.0
'@openfonts/noto-sans-tc_chinese-traditional,1.44.8,14,F,UNVERIFIED_PUBLISH_PATH|DORMANT|SINGLE_MAINTAINER,1,18,v0.2.0
'@record-evolution/widget-scada,1.0.7,25,F,UNVERIFIED_PUBLISH_PATH|SINGLE_MAINTAINER,1,18,v0.2.0
'@riversun/sortable-table,1.1.2,19,F,UNVERIFIED_PUBLISH_PATH|DORMANT|SINGLE_MAINTAINER,1,18,v0.2.0
'@sogexia/webflow,0.0.7,14,F,UNVERIFIED_PUBLISH_PATH|DORMANT|SINGLE_MAINTAINER,1,18,v0.2.0
'@sr-connect/record-storage,1.1.1,30,F,UNVERIFIED_PUBLISH_PATH,8,18,v0.2.0
'@zendeskgarden/css-breadcrumbs,0.2.23,26,F,UNVERIFIED_PUBLISH_PATH|DORMANT|SINGLE_MAINTAINER|DEPRECATED,1,18,v0.2.0
'@zendeskgarden/css-chrome,4.1.20,26,F,UNVERIFIED_PUBLISH_PATH|DORMANT|SINGLE_MAINTAINER|DEPRECATED,1,18,v0.2.0
bootstrap3-wysihtml5-npm,0.3.3-npm.12,19,F,UNVERIFIED_PUBLISH_PATH|DORMANT|SINGLE_MAINTAINER,1,18,v0.2.0
bootstrap5-dialog,5.0.1,19,F,UNVERIFIED_PUBLISH_PATH|DORMANT|SINGLE_MAINTAINER,1,18,v0.2.0
build-notifier-47,1.0.0,16,F,UNVERIFIED_PUBLISH_PATH|SINGLE_MAINTAINER,1,18,v0.2.0
cfga,1.0.3,19,F,UNVERIFIED_PUBLISH_PATH|DORMANT|SINGLE_MAINTAINER,1,18,v0.2.0
clappr-google-ima-html5-preroll-plugin,0.3.3,19,F,UNVERIFIED_PUBLISH_PATH|DORMANT|SINGLE_MAINTAINER|DEPRECATED,1,18,v0.2.0
emoji-datasource-apple-split,1.0.6,19,F,UNVERIFIED_PUBLISH_PATH|DORMANT|SINGLE_MAINTAINER,1,18,v0.2.0
focustype,0.1.2,19,F,UNVERIFIED_PUBLISH_PATH|DORMANT|SINGLE_MAINTAINER,1,18,v0.2.0
forkadapter161,1.0.0,16,F,UNVERIFIED_PUBLISH_PATH|SINGLE_MAINTAINER,1,18,v0.2.0
gather-integration,1.27.3,21,F,UNVERIFIED_PUBLISH_PATH|SINGLE_MAINTAINER,1,18,v0.2.0
jquery-1.8,1.8.3,19,F,UNVERIFIED_PUBLISH_PATH|DORMANT|SINGLE_MAINTAINER,1,18,v0.2.0
jquery-accessible-subnav-dropdown,1.2.1,19,F,UNVERIFIED_PUBLISH_PATH|DORMANT|SINGLE_MAINTAINER,1,18,v0.2.0
jquery-keyboard-focus,0.0.4,15,F,UNVERIFIED_PUBLISH_PATH|DORMANT|SINGLE_MAINTAINER,1,18,v0.2.0
nerdamer-41fb3b2,1.1.13-41fb3b2,19,F,UNVERIFIED_PUBLISH_PATH|DORMANT|SINGLE_MAINTAINER,1,18,v0.2.0
noto-serif-kr,27.0.0,19,F,UNVERIFIED_PUBLISH_PATH|DORMANT|SINGLE_MAINTAINER,1,18,v0.2.0
'@binarydreams88/string-utils,4.4.0,21,F,UNVERIFIED_PUBLISH_PATH|SINGLE_MAINTAINER,1,17,v0.2.0
'@brytdesigns/web-component-core,1.1.7,30,F,UNVERIFIED_PUBLISH_PATH,5,17,v0.2.0
'@c3voc/clappr-audio-track-selector,0.2.4,15,F,UNVERIFIED_PUBLISH_PATH|DORMANT|SINGLE_MAINTAINER,1,17,v0.2.0
'@codevadmin/owl.carousel,2.3.6,19,F,UNVERIFIED_PUBLISH_PATH|DORMANT|SINGLE_MAINTAINER,1,17,v0.2.0
'@commerce-blocks/sdk,2.0.3,35,D,UNVERIFIED_PUBLISH_PATH,2,17,v0.2.0
'@cycjimmy/canvas-snow,3.0.3,19,F,UNVERIFIED_PUBLISH_PATH|DORMANT|SINGLE_MAINTAINER,1,17,v0.2.0
'@evrythng/context-script,1.1.11,19,F,UNVERIFIED_PUBLISH_PATH|DORMANT|SINGLE_MAINTAINER,1,17,v0.2.0
'@fontsource/peralta,5.2.8,71,B,,2,17,v0.2.0
'@mailbiz/onsite-magazord-vendor,0.6.1,30,F,UNVERIFIED_PUBLISH_PATH,3,17,v0.2.0
'@openfonts/sarabun_thai,1.44.3,14,F,UNVERIFIED_PUBLISH_PATH|DORMANT|SINGLE_MAINTAINER,1,17,v0.2.0
'@tips-web/webchat,3.1.2,39,D,UNVERIFIED_PUBLISH_PATH,3,17,v0.2.0
anfuns-assets,1.0.10,14,F,UNVERIFIED_PUBLISH_PATH|DORMANT|SINGLE_MAINTAINER,1,17,v0.2.0
css3-mediaqueries-js,1.0.0,19,F,UNVERIFIED_PUBLISH_PATH|DORMANT|SINGLE_MAINTAINER,1,17,v0.2.0
djibe-material,4.6.2-1.0,19,F,UNVERIFIED_PUBLISH_PATH|DORMANT|SINGLE_MAINTAINER,1,17,v0.2.0
dragon-lightbox,1.4.1,19,F,UNVERIFIED_PUBLISH_PATH|DORMANT|SINGLE_MAINTAINER,1,17,v0.2.0
erralytics,1.0.0,25,F,UNVERIFIED_PUBLISH_PATH|SINGLE_MAINTAINER,1,17,v0.2.0
fluid-marquee,1.2.0,25,F,UNVERIFIED_PUBLISH_PATH|SINGLE_MAINTAINER,1,17,v0.2.0
fork-corner,2.0.1,19,F,UNVERIFIED_PUBLISH_PATH|DORMANT|SINGLE_MAINTAINER,1,17,v0.2.0
ghost-search,1.1.0,19,F,UNVERIFIED_PUBLISH_PATH|DORMANT|SINGLE_MAINTAINER,1,17,v0.2.0
highlightjs-themes,1.0.0,15,F,UNVERIFIED_PUBLISH_PATH|DORMANT|SINGLE_MAINTAINER,1,17,v0.2.0
jquery-ticker,1.0.0,15,F,UNVERIFIED_PUBLISH_PATH|DORMANT|SINGLE_MAINTAINER,1,17,v0.2.0
latency-test,1.0.1,21,F,UNVERIFIED_PUBLISH_PATH|SINGLE_MAINTAINER,1,17,v0.2.0
mason-it,1.0.1,25,F,UNVERIFIED_PUBLISH_PATH|SINGLE_MAINTAINER,1,17,v0.2.0
perfecttense-editor,2.6.7,5,F,UNVERIFIED_PUBLISH_PATH|DORMANT|SINGLE_MAINTAINER|PUBLISHER_NOT_MAINTAINER,1,17,v0.2.0
receive-auditor-10,1.0.0,16,F,UNVERIFIED_PUBLISH_PATH|SINGLE_MAINTAINER,1,17,v0.2.0
render_formatter_137,1.0.0,16,F,UNVERIFIED_PUBLISH_PATH|SINGLE_MAINTAINER,1,17,v0.2.0
sans-serif,1.0.0,19,F,UNVERIFIED_PUBLISH_PATH|DORMANT|SINGLE_MAINTAINER,1,17,v0.2.0
vanillaselectbox,1.0.5,25,F,UNVERIFIED_PUBLISH_PATH|SINGLE_MAINTAINER,1,17,v0.2.0
webmetric-analytics,1.0.13,15,F,UNVERIFIED_PUBLISH_PATH|DORMANT|SINGLE_MAINTAINER,1,17,v0.2.0
'@aurolabs/auro-threecolumn,1.0.1,33,F,UNVERIFIED_PUBLISH_PATH|DORMANT,2,16,v0.2.0
'@beyondspace/lightbox-widget,0.0.0,10,F,UNVERIFIED_PUBLISH_PATH|DORMANT|SINGLE_MAINTAINER,1,16,v0.2.0
'@brytdesigns/shopify-ajax-cart-api,1.0.43,30,F,UNVERIFIED_PUBLISH_PATH,5,16,v0.2.0
'@brytdesigns/web-component-drawer,1.1.12,30,F,UNVERIFIED_PUBLISH_PATH,5,16,v0.2.0
'@brytdesigns/web-component-keen-slider-scrollbar,1.1.9,30,F,UNVERIFIED_PUBLISH_PATH,5,16,v0.2.0
'@ceeblue/wrts-client,1.2.1,87,A,,4,16,v0.2.0
'@codementor/tracker,3.15.1,35,D,UNVERIFIED_PUBLISH_PATH,8,16,v0.2.0
'@commercelayer/drop-in.js,2.26.2,82,B,,2,16,v0.2.0
'@commonlit/commonlit-frontend,0.1.0,39,D,UNVERIFIED_PUBLISH_PATH,3,16,v0.2.0
'@digibib/deichman-ui,7.3.4,33,F,UNVERIFIED_PUBLISH_PATH|DORMANT,4,16,v0.2.0
'@finsweet/attributes-animation,1.2.2,28,F,UNVERIFIED_PUBLISH_PATH|DORMANT|BRANCH_REQUIRES_PR,2,16,v0.2.0
'@flarehr/benefits-app,0.0.2,19,F,UNVERIFIED_PUBLISH_PATH|DORMANT|PUBLISHER_NOT_MAINTAINER,8,16,v0.2.0
'@luminai-platform/rrweb-record,2.0.16,45,D,UNVERIFIED_PUBLISH_PATH,2,16,v0.2.0
'@machi-pla/japan_concierge_2024,0.1.5,35,D,UNVERIFIED_PUBLISH_PATH,3,16,v0.2.0
'@mobiloud/ml-qr-widget,1.2.0,25,F,UNVERIFIED_PUBLISH_PATH|SINGLE_MAINTAINER,1,16,v0.2.0
'@noonnu/cafe24-ssurround-air,0.1.0,14,F,UNVERIFIED_PUBLISH_PATH|DORMANT|SINGLE_MAINTAINER,1,16,v0.2.0
'@readysize/modal,1.0.6,21,F,UNVERIFIED_PUBLISH_PATH|SINGLE_MAINTAINER,1,16,v0.2.0
'@redbeemedia/javascript-player,1.8.2,94,A,,4,16,v0.2.0
'@reform-digital/script-embed,1.1.0,16,F,UNVERIFIED_PUBLISH_PATH|SINGLE_MAINTAINER,1,16,v0.2.0
'@swarmcloud/vhs,0.4.3,25,F,UNVERIFIED_PUBLISH_PATH|SINGLE_MAINTAINER,1,16,v0.2.0
'@tagadapay/shopify-mapper,1.3.0,39,D,UNVERIFIED_PUBLISH_PATH,4,16,v0.2.0
'@tg-ads-mediation/ads-cdn,1.1.0,33,F,UNVERIFIED_PUBLISH_PATH|DORMANT,2,16,v0.2.0
'@the-oz/app-sales,4.8.8,29,F,UNVERIFIED_PUBLISH_PATH|DORMANT,3,16,v0.2.0
bootstrap-modal-wrapper,2.0.1,19,F,UNVERIFIED_PUBLISH_PATH|DORMANT|SINGLE_MAINTAINER,1,16,v0.2.0
buildlistener220,1.0.0,16,F,UNVERIFIED_PUBLISH_PATH|SINGLE_MAINTAINER,1,16,v0.2.0
clappr-nerd-stats,2.0.2,19,F,UNVERIFIED_PUBLISH_PATH|DORMANT|SINGLE_MAINTAINER,1,16,v0.2.0
debugrunner186,1.0.0,16,F,UNVERIFIED_PUBLISH_PATH|SINGLE_MAINTAINER,1,16,v0.2.0
geometria-font,1.0.1,10,F,UNVERIFIED_PUBLISH_PATH|DORMANT|SINGLE_MAINTAINER,1,16,v0.2.0
hijri-datepicker-component,0.0.10,19,F,UNVERIFIED_PUBLISH_PATH|DORMANT|SINGLE_MAINTAINER,1,16,v0.2.0
ifontawesome.pro,6.4.0,19,F,UNVERIFIED_PUBLISH_PATH|DORMANT|SINGLE_MAINTAINER,1,16,v0.2.0
shadowbox-js,3.0.3,19,F,UNVERIFIED_PUBLISH_PATH|DORMANT|SINGLE_MAINTAINER,1,16,v0.2.0
slide-and-swipe-menu,1.2.6,19,F,UNVERIFIED_PUBLISH_PATH|DORMANT|SINGLE_MAINTAINER,1,16,v0.2.0
udesly-wf-typewriter,1.0.3,10,F,UNVERIFIED_PUBLISH_PATH|DORMANT|SINGLE_MAINTAINER,1,16,v0.2.0
'@aurolabs/auro-banner,1.1.0,40,D,UNVERIFIED_PUBLISH_PATH|DORMANT,2,15,v0.2.0
'@brytdesigns/web-component-accordion,1.1.8,30,F,UNVERIFIED_PUBLISH_PATH,5,15,v0.2.0
'@fontsource/cantata-one,5.2.8,71,B,,2,15,v0.2.0
'@fontsource/rubik-gemstones,5.2.7,71,B,,2,15,v0.2.0
'@icon/coreui-icons-free,1.0.1-alpha.1,28,F,UNVERIFIED_PUBLISH_PATH|DORMANT,2,15,v0.2.0
'@illumio/landing,0.4.14,20,F,UNVERIFIED_PUBLISH_PATH|SINGLE_MAINTAINER,1,15,v0.2.0
'@kfonts/nexon-lv1-gothic-low-otf,0.2.0,19,F,UNVERIFIED_PUBLISH_PATH|DORMANT|SINGLE_MAINTAINER,1,15,v0.2.0
'@kirick/event-emitter,3.0.3,19,F,UNVERIFIED_PUBLISH_PATH|DORMANT|SINGLE_MAINTAINER,1,15,v0.2.0
'@kiwigrid/kiwi-navigation-shell,0.4.0,29,F,UNVERIFIED_PUBLISH_PATH|DORMANT,6,15,v0.2.0
'@machi-pla/cc-client-js-fukuoka-city,0.1.7,35,D,UNVERIFIED_PUBLISH_PATH,3,15,v0.2.0
'@mailbiz/lojaeletrica,1.0.2,35,D,UNVERIFIED_PUBLISH_PATH,3,15,v0.2.0
'@mailbiz/onsite-godeep-vendor,0.2.1,35,D,UNVERIFIED_PUBLISH_PATH,3,15,v0.2.0
'@nikches/vanilla-text-mask,3.2.2,14,F,UNVERIFIED_PUBLISH_PATH|DORMANT|SINGLE_MAINTAINER,1,15,v0.2.0
'@noonnu/cafe24-classic-type-regular,0.1.0,14,F,UNVERIFIED_PUBLISH_PATH|DORMANT|SINGLE_MAINTAINER,1,15,v0.2.0
'@stackla/widget-utils,4.3.0,73,B,SINGLE_MAINTAINER,1,15,v0.2.0
'@wf-financing/headless,5.1.1,16,F,UNVERIFIED_PUBLISH_PATH|SINGLE_MAINTAINER,1,15,v0.2.0
artplayer-plugin-vast,1.0.0,19,F,UNVERIFIED_PUBLISH_PATH|DORMANT|SINGLE_MAINTAINER,1,15,v0.2.0
avalynx-table,1.0.3,25,F,UNVERIFIED_PUBLISH_PATH|SINGLE_MAINTAINER,1,15,v0.2.0
flexbundle-components,0.1.3,15,F,UNVERIFIED_PUBLISH_PATH|DORMANT|SINGLE_MAINTAINER,1,15,v0.2.0
fluid-tabs,0.1.2,25,F,UNVERIFIED_PUBLISH_PATH|SINGLE_MAINTAINER,1,15,v0.2.0
fluidbox,2.0.5,19,F,UNVERIFIED_PUBLISH_PATH|DORMANT|SINGLE_MAINTAINER,1,15,v0.2.0
fontawesome6pro,1.0.2,25,F,UNVERIFIED_PUBLISH_PATH|SINGLE_MAINTAINER,1,15,v0.2.0
javascript.validation,1.8.0,19,F,UNVERIFIED_PUBLISH_PATH|DORMANT|SINGLE_MAINTAINER,1,15,v0.2.0
jquery-scrolla,0.0.3,19,F,UNVERIFIED_PUBLISH_PATH|DORMANT|SINGLE_MAINTAINER,1,15,v0.2.0
morphemeicons,0.2.0,15,F,UNVERIFIED_PUBLISH_PATH|DORMANT|SINGLE_MAINTAINER,1,15,v0.2.0
supafolio-sdk,1.4.1,10,F,UNVERIFIED_PUBLISH_PATH|DORMANT|SINGLE_MAINTAINER|PUBLISHER_NOT_MAINTAINER,1,15,v0.2.0
'@azerion/phaser-super-storage,2.0.0-rc.1,28,F,UNVERIFIED_PUBLISH_PATH|DORMANT|PUBLISHER_NOT_MAINTAINER,4,14,v0.2.0
'@bikeindex/time-localizer,0.3.0,25,F,UNVERIFIED_PUBLISH_PATH|SINGLE_MAINTAINER,1,14,v0.2.0
'@brytdesigns/web-component-modal,1.1.9,30,F,UNVERIFIED_PUBLISH_PATH,5,14,v0.2.0
'@educatly/engagement,0.0.22,15,F,UNVERIFIED_PUBLISH_PATH|DORMANT|SINGLE_MAINTAINER,1,14,v0.2.0
'@flowbase-co/boosters-real-time-clock,1.1.2,34,F,UNVERIFIED_PUBLISH_PATH,2,14,v0.2.0
'@fontsource/voces,5.2.7,71,B,,2,14,v0.2.0
'@geoflow/geoflow,1.0.2,35,D,UNVERIFIED_PUBLISH_PATH,2,14,v0.2.0
'@initweb-fr/datacamp,1.0.0,20,F,UNVERIFIED_PUBLISH_PATH|SINGLE_MAINTAINER,1,14,v0.2.0
'@metalayer/widget,1.0.8,34,F,UNVERIFIED_PUBLISH_PATH,4,14,v0.2.0
'@mskcc/typography,0.0.3,29,F,UNVERIFIED_PUBLISH_PATH|DORMANT,5,14,v0.2.0
'@record-evolution/widget-filter-calendar,1.0.7,25,F,UNVERIFIED_PUBLISH_PATH|SINGLE_MAINTAINER,1,14,v0.2.0
'@reform-digital/embed-script,1.0.3,16,F,UNVERIFIED_PUBLISH_PATH|SINGLE_MAINTAINER,1,14,v0.2.0
'@samhammer/jquery.zoomer,3.1.0,28,F,UNVERIFIED_PUBLISH_PATH|DORMANT|PUBLISHER_NOT_MAINTAINER,9,14,v0.2.0
'@wolfmaps/sdk,0.1.7,21,F,UNVERIFIED_PUBLISH_PATH|SINGLE_MAINTAINER,1,14,v0.2.0
ai-chatbot-widget,0.1.6,21,F,UNVERIFIED_PUBLISH_PATH|SINGLE_MAINTAINER,1,14,v0.2.0
all-animation,3.0.7,19,F,UNVERIFIED_PUBLISH_PATH|DORMANT|SINGLE_MAINTAINER,1,14,v0.2.0
bluprnt,1.7.0,19,F,UNVERIFIED_PUBLISH_PATH|DORMANT|SINGLE_MAINTAINER,1,14,v0.2.0
bunny-skia,0.0.13,33,F,UNVERIFIED_PUBLISH_PATH|DORMANT,2,14,v0.2.0
cn-fontsource-yozai-regular,1.0.9,19,F,UNVERIFIED_PUBLISH_PATH|DORMANT|SINGLE_MAINTAINER,1,14,v0.2.0
cookiecraft,1.0.11,25,F,UNVERIFIED_PUBLISH_PATH|SINGLE_MAINTAINER,1,14,v0.2.0
country-flags-css,1.1.2,19,F,UNVERIFIED_PUBLISH_PATH|DORMANT|SINGLE_MAINTAINER,1,14,v0.2.0
enlighterjs,3.4.0,14,F,UNVERIFIED_PUBLISH_PATH|DORMANT|SINGLE_MAINTAINER,1,14,v0.2.0
feathericon,1.0.2,19,F,UNVERIFIED_PUBLISH_PATH|DORMANT|SINGLE_MAINTAINER,1,14,v0.2.0
jquery-ean13,2.2.5,19,F,UNVERIFIED_PUBLISH_PATH|DORMANT|SINGLE_MAINTAINER,1,14,v0.2.0
jquery-ui.autocomplete.match,1.0.2,19,F,UNVERIFIED_PUBLISH_PATH|DORMANT|SINGLE_MAINTAINER,1,14,v0.2.0
jquery.loadmask,1.0.1,19,F,UNVERIFIED_PUBLISH_PATH|DORMANT|SINGLE_MAINTAINER,1,14,v0.2.0
jquery.scrolly,0.0.1,19,F,UNVERIFIED_PUBLISH_PATH|DORMANT|SINGLE_MAINTAINER,1,14,v0.2.0
plusplusjakartasans,1.0.1,19,F,UNVERIFIED_PUBLISH_PATH|DORMANT|SINGLE_MAINTAINER,1,14,v0.2.0
selenium-engine-js,3.2.1,19,F,UNVERIFIED_PUBLISH_PATH|DORMANT|SINGLE_MAINTAINER,1,14,v0.2.0
stream-engine-widgets,0.3.35,35,D,UNVERIFIED_PUBLISH_PATH,2,14,v0.2.0
test-broker-230,1.0.0,16,F,UNVERIFIED_PUBLISH_PATH|SINGLE_MAINTAINER,1,14,v0.2.0
wf-components,1.0.10,21,F,UNVERIFIED_PUBLISH_PATH|SINGLE_MAINTAINER,1,14,v0.2.0
whatsapp-floating-widget,1.0.3,20,F,UNVERIFIED_PUBLISH_PATH|SINGLE_MAINTAINER,1,14,v0.2.0
'@brytdesigns/shopify-product-info-components,1.1.10,30,F,UNVERIFIED_PUBLISH_PATH,5,13,v0.2.0
'@brytdesigns/web-component-form-sync,1.2.5,30,F,UNVERIFIED_PUBLISH_PATH,5,13,v0.2.0
'@brytdesigns/web-component-keen-slider-navigation-arrows,1.1.10,30,F,UNVERIFIED_PUBLISH_PATH,5,13,v0.2.0
'@fontsource/coustard,5.2.9,81,B,,2,13,v0.2.0
'@frontkom/g-content-in-columns,0.4.5,33,F,UNVERIFIED_PUBLISH_PATH|DORMANT,10,13,v0.2.0
'@hola.org/jwplayer-hlsjs,0.0.79,19,F,UNVERIFIED_PUBLISH_PATH|DORMANT|SINGLE_MAINTAINER,1,13,v0.2.0
'@infrastatic.com/infrapass,0.0.4,10,F,UNVERIFIED_PUBLISH_PATH|DORMANT|SINGLE_MAINTAINER|PUBLISHER_NOT_MAINTAINER,1,13,v0.2.0
'@jacuzzi-digital/d1-webflow,1.2.79,14,F,UNVERIFIED_PUBLISH_PATH|DORMANT|SINGLE_MAINTAINER,1,13,v0.2.0
'@jamesbattye-dev/swiperflow,0.0.4,63,C,INCONSISTENT_PUBLISH_PATH|SINGLE_MAINTAINER,1,13,v0.2.0
'@laburen/embeds,1.0.235,21,F,UNVERIFIED_PUBLISH_PATH|SINGLE_MAINTAINER,1,13,v0.2.0
'@machi-pla/cc-client-js-sendai-city,0.2.1,35,D,UNVERIFIED_PUBLISH_PATH,3,13,v0.2.0
'@micro-lc/iconic,1.3.1,29,F,UNVERIFIED_PUBLISH_PATH|DORMANT,4,13,v0.2.0
'@orange-games/phaser-ads,2.3.0-alpha.1,33,F,UNVERIFIED_PUBLISH_PATH|DORMANT,3,13,v0.2.0
'@react-native-oh-tpl/op-sqlite,8.0.2-0.0.2,23,F,UNVERIFIED_PUBLISH_PATH|DORMANT|PUBLISHER_NOT_MAINTAINER,14,13,v0.2.0
'@record-evolution/widget-markdown,1.0.7,25,F,UNVERIFIED_PUBLISH_PATH|SINGLE_MAINTAINER,1,13,v0.2.0
'@record-evolution/widget-signal,1.0.6,25,F,UNVERIFIED_PUBLISH_PATH|SINGLE_MAINTAINER,1,13,v0.2.0
'@record-evolution/widget-table,1.1.20,25,F,UNVERIFIED_PUBLISH_PATH|SINGLE_MAINTAINER,1,13,v0.2.0
'@refina/fluentui-icons,0.6.1,14,F,UNVERIFIED_PUBLISH_PATH|DORMANT|SINGLE_MAINTAINER,1,13,v0.2.0
'@slicemypage/motionflow,1.0.0,25,F,UNVERIFIED_PUBLISH_PATH|SINGLE_MAINTAINER,1,13,v0.2.0
'@tesseract.js-data/lao,1.0.0,19,F,UNVERIFIED_PUBLISH_PATH|DORMANT|SINGLE_MAINTAINER,1,13,v0.2.0
'@wc-lib/infinite-scroll-list,1.3.3,58,C,INCONSISTENT_PUBLISH_PATH|SINGLE_MAINTAINER,1,13,v0.2.0
'@webwriter/branching-scenario,1.2.1,62,C,SINGLE_MAINTAINER,1,13,v0.2.0
'@zencemarketing/storepay-sdk,0.1.0-alpha.4,35,D,UNVERIFIED_PUBLISH_PATH,3,13,v0.2.0
carousel-3d,0.2.3,19,F,UNVERIFIED_PUBLISH_PATH|DORMANT|SINGLE_MAINTAINER|DEPRECATED,1,13,v0.2.0
design-system-for-cradlepoint-wp,1.1.4,25,F,UNVERIFIED_PUBLISH_PATH|SINGLE_MAINTAINER,1,13,v0.2.0
fetchclient163,1.0.0,16,F,UNVERIFIED_PUBLISH_PATH|SINGLE_MAINTAINER,1,13,v0.2.0
jpanel-menu,1.4.1,19,F,UNVERIFIED_PUBLISH_PATH|DORMANT|SINGLE_MAINTAINER,1,13,v0.2.0
jq-numscroll,1.0.2,19,F,UNVERIFIED_PUBLISH_PATH|DORMANT|SINGLE_MAINTAINER,1,13,v0.2.0
jquery.swipebox,1.4.4,19,F,UNVERIFIED_PUBLISH_PATH|DORMANT|SINGLE_MAINTAINER,1,13,v0.2.0
lazysizes-umd,3.0.1,19,F,UNVERIFIED_PUBLISH_PATH|DORMANT|SINGLE_MAINTAINER,1,13,v0.2.0
movo-web,0.1.5,19,F,UNVERIFIED_PUBLISH_PATH|DORMANT|SINGLE_MAINTAINER,1,13,v0.2.0
r9-scripts,4.0.0,21,F,UNVERIFIED_PUBLISH_PATH|SINGLE_MAINTAINER,1,13,v0.2.0
rslider,2.16.3,33,F,UNVERIFIED_PUBLISH_PATH|DORMANT,3,13,v0.2.0
swarmcloud-hls-sw,0.8.1,19,F,UNVERIFIED_PUBLISH_PATH|DORMANT|SINGLE_MAINTAINER,1,13,v0.2.0
text-obfuscator,1.2.0,19,F,UNVERIFIED_PUBLISH_PATH|DORMANT|SINGLE_MAINTAINER,1,13,v0.2.0
'@3dish-org/3dish-viewer,1.1.23,21,F,UNVERIFIED_PUBLISH_PATH|SINGLE_MAINTAINER,1,12,v0.2.0
'@amplitude/amplitude-js-gtm,3.25.0,77,B,,6,12,v0.2.0
'@binarydreams88/gf-fb-apk00001,4.6.0,21,F,UNVERIFIED_PUBLISH_PATH|SINGLE_MAINTAINER,1,12,v0.2.0
'@brytdesigns/web-component-keen-slider,1.2.3,30,F,UNVERIFIED_PUBLISH_PATH,5,12,v0.2.0
'@clappr/stats-plugin,0.3.0,33,F,UNVERIFIED_PUBLISH_PATH|DORMANT,9,12,v0.2.0
'@cloud-canal/cloud-canal,3.27.3,25,F,UNVERIFIED_PUBLISH_PATH|SINGLE_MAINTAINER,1,12,v0.2.0
'@doenet/prefigure,0.6.7,77,B,INCONSISTENT_PUBLISH_PATH,3,12,v0.2.0
'@everymatrix/prod-mm-verification-report,1.1.46,35,D,UNVERIFIED_PUBLISH_PATH,22,12,v0.2.0
'@flarehr/savings-rego-app,0.0.2,19,F,UNVERIFIED_PUBLISH_PATH|DORMANT|PUBLISHER_NOT_MAINTAINER,8,12,v0.2.0
'@fontsource/dorsa,5.2.8,71,B,,2,12,v0.2.0
'@goodgamestudios/cxf-error-handler,0.0.1-qa.0,24,F,UNVERIFIED_PUBLISH_PATH|DORMANT|PUBLISHER_NOT_MAINTAINER,27,12,v0.2.0
'@machi-pla/cc-client-js-gunma-pref,0.1.3,35,D,UNVERIFIED_PUBLISH_PATH,3,12,v0.2.0
'@pagemaker.io/plugins,6.2.0,21,F,UNVERIFIED_PUBLISH_PATH|SINGLE_MAINTAINER,1,12,v0.2.0
'@playpilot/opw,1.1.2,35,D,UNVERIFIED_PUBLISH_PATH,2,12,v0.2.0
'@record-evolution/widget-label,1.0.4,25,F,UNVERIFIED_PUBLISH_PATH|SINGLE_MAINTAINER,1,12,v0.2.0
'@record-evolution/widget-navbar,1.0.14,25,F,UNVERIFIED_PUBLISH_PATH|SINGLE_MAINTAINER,1,12,v0.2.0
'@s3static/embeds,1.0.13,15,F,UNVERIFIED_PUBLISH_PATH|DORMANT|SINGLE_MAINTAINER,1,12,v0.2.0
'@segment/vimeo-analytics,2.0.0,23,F,UNVERIFIED_PUBLISH_PATH|DORMANT|PUBLISHER_NOT_MAINTAINER,3,12,v0.2.0
'@transloadit/jquery-sdk,3.3.7,35,D,UNVERIFIED_PUBLISH_PATH,3,12,v0.2.0
'@travelbot/web-frontend,0.0.92,21,F,UNVERIFIED_PUBLISH_PATH|SINGLE_MAINTAINER,1,12,v0.2.0
'@tsirosgeorge/toastnotification,5.3.3,25,F,UNVERIFIED_PUBLISH_PATH|SINGLE_MAINTAINER,1,12,v0.2.0
alpheios-components,3.4.3-incr-3.4.x.20220428394,33,F,UNVERIFIED_PUBLISH_PATH|DORMANT,4,12,v0.2.0
animatedmodal,1.0.0,10,F,UNVERIFIED_PUBLISH_PATH|DORMANT|SINGLE_MAINTAINER,1,12,v0.2.0
backupserializer25,1.0.0,16,F,UNVERIFIED_PUBLISH_PATH|SINGLE_MAINTAINER,1,12,v0.2.0
better_deferred,2.0.2,19,F,UNVERIFIED_PUBLISH_PATH|DORMANT|SINGLE_MAINTAINER,1,12,v0.2.0
bullframe.css,5.1.0,25,F,UNVERIFIED_PUBLISH_PATH|SINGLE_MAINTAINER,1,12,v0.2.0
cf-gotham-fonts,1.0.0,10,F,UNVERIFIED_PUBLISH_PATH|DORMANT|SINGLE_MAINTAINER,1,12,v0.2.0
cn-fontsource-maoken-zhuyuan-ti-regular,1.0.1,19,F,UNVERIFIED_PUBLISH_PATH|DORMANT|SINGLE_MAINTAINER,1,12,v0.2.0
heightline,1.0.2,19,F,UNVERIFIED_PUBLISH_PATH|DORMANT|SINGLE_MAINTAINER,1,12,v0.2.0
konami-code.js,1.5.1,19,F,UNVERIFIED_PUBLISH_PATH|DORMANT|SINGLE_MAINTAINER|DEPRECATED,1,12,v0.2.0
lazy-youtube-embed,1.0.1,19,F,UNVERIFIED_PUBLISH_PATH|DORMANT|SINGLE_MAINTAINER,1,12,v0.2.0
open_sans,1.0.1,10,F,UNVERIFIED_PUBLISH_PATH|DORMANT|SINGLE_MAINTAINER,1,12,v0.2.0
orbitcss,2.0.0,19,F,UNVERIFIED_PUBLISH_PATH|DORMANT|SINGLE_MAINTAINER,1,12,v0.2.0
pushreceiver1,1.0.0,16,F,UNVERIFIED_PUBLISH_PATH|SINGLE_MAINTAINER,1,12,v0.2.0
saby-customizer,0.0.11,25,F,UNVERIFIED_PUBLISH_PATH|SINGLE_MAINTAINER,1,12,v0.2.0
social-share-buttons,0.1.1,25,F,UNVERIFIED_PUBLISH_PATH|SINGLE_MAINTAINER,1,12,v0.2.0
ts-sha1,0.6.1,19,F,UNVERIFIED_PUBLISH_PATH|DORMANT|SINGLE_MAINTAINER,1,12,v0.2.0
udesly-before-after,1.0.1,10,F,UNVERIFIED_PUBLISH_PATH|DORMANT|SINGLE_MAINTAINER,1,12,v0.2.0
udesly-text-effect-mira,1.0.1,10,F,UNVERIFIED_PUBLISH_PATH|DORMANT|SINGLE_MAINTAINER,1,12,v0.2.0
urdu-web-fonts,1.0.3,19,F,UNVERIFIED_PUBLISH_PATH|DORMANT|SINGLE_MAINTAINER,1,12,v0.2.0
whatsapp-sharing,1.3.4,19,F,UNVERIFIED_PUBLISH_PATH|DORMANT|SINGLE_MAINTAINER|DEPRECATED,1,12,v0.2.0
'@analytics-debugger/html-media-elements,0.0.2,19,F,UNVERIFIED_PUBLISH_PATH|DORMANT|SINGLE_MAINTAINER,1,11,v0.2.0
'@databerry/chat-bubble,1.0.142,19,F,UNVERIFIED_PUBLISH_PATH|DORMANT|SINGLE_MAINTAINER,1,11,v0.2.0
'@flasher/flasher-notyf,2.2.0,21,F,UNVERIFIED_PUBLISH_PATH|SINGLE_MAINTAINER,1,11,v0.2.0
'@four-corners/fourcorners.js,0.9.6,19,F,UNVERIFIED_PUBLISH_PATH|DORMANT|SINGLE_MAINTAINER,1,11,v0.2.0
'@fsl-app/erm-app,1.1.3,21,F,UNVERIFIED_PUBLISH_PATH|SINGLE_MAINTAINER,1,11,v0.2.0
'@guzzj/clappr-youtube-playback,0.0.12,19,F,UNVERIFIED_PUBLISH_PATH|DORMANT|SINGLE_MAINTAINER,1,11,v0.2.0
'@jacksonavila/phone-lib,2.0.12,25,F,UNVERIFIED_PUBLISH_PATH|SINGLE_MAINTAINER,1,11,v0.2.0
'@jsuites/menu,4.0.0,25,F,UNVERIFIED_PUBLISH_PATH|SINGLE_MAINTAINER,1,11,v0.2.0
'@mezereon/bigcommerce-stencil-cornerstone,1.0.1,19,F,UNVERIFIED_PUBLISH_PATH|DORMANT|SINGLE_MAINTAINER,1,11,v0.2.0
'@motomedialab/cookie-consent,1.3.3,25,F,UNVERIFIED_PUBLISH_PATH|SINGLE_MAINTAINER,1,11,v0.2.0
'@noonnu/noto-sans-kr,0.1.0,14,F,UNVERIFIED_PUBLISH_PATH|DORMANT|SINGLE_MAINTAINER,1,11,v0.2.0
'@nortic/newsletter-form,1.2.4,34,F,UNVERIFIED_PUBLISH_PATH,4,11,v0.2.0
'@orange-games/phaser-spine,3.0.9,28,F,UNVERIFIED_PUBLISH_PATH|DORMANT|DEPRECATED,3,11,v0.2.0
'@record-evolution/widget-navbutton,1.0.9,25,F,UNVERIFIED_PUBLISH_PATH|SINGLE_MAINTAINER,1,11,v0.2.0
'@record-evolution/widget-overlay,1.0.11,25,F,UNVERIFIED_PUBLISH_PATH|SINGLE_MAINTAINER,1,11,v0.2.0
'@reform-digital/webflow-devkit-utils,1.2.1,16,F,UNVERIFIED_PUBLISH_PATH|SINGLE_MAINTAINER,1,11,v0.2.0
'@repalash/ffmpeg.js,4.2.9005,19,F,UNVERIFIED_PUBLISH_PATH|DORMANT|SINGLE_MAINTAINER,1,11,v0.2.0
'@scbd/ckeditor5-build-inline-full,48.1.1,35,D,UNVERIFIED_PUBLISH_PATH,4,11,v0.2.0
'@truex/ctv-ad-renderer,1.10.1,15,F,UNVERIFIED_PUBLISH_PATH|DORMANT|SINGLE_MAINTAINER|DEPRECATED,1,11,v0.2.0
bootstrap-fullscreen-select,1.5.1,19,F,UNVERIFIED_PUBLISH_PATH|DORMANT|SINGLE_MAINTAINER,1,11,v0.2.0
bootstrap5-treeview,1.3.4,19,F,UNVERIFIED_PUBLISH_PATH|DORMANT|SINGLE_MAINTAINER,1,11,v0.2.0
contrast-js,0.0.3,19,F,UNVERIFIED_PUBLISH_PATH|DORMANT|SINGLE_MAINTAINER,1,11,v0.2.0
cookiebot-embeds,1.2.2,19,F,UNVERIFIED_PUBLISH_PATH|DORMANT|SINGLE_MAINTAINER,1,11,v0.2.0
fontsource-jost,4.0.0,19,F,UNVERIFIED_PUBLISH_PATH|DORMANT|SINGLE_MAINTAINER|DEPRECATED,1,11,v0.2.0
ghost-theme-utils,1.7.0,19,F,UNVERIFIED_PUBLISH_PATH|DORMANT|SINGLE_MAINTAINER,1,11,v0.2.0
lining.js,0.3.2,10,F,UNVERIFIED_PUBLISH_PATH|DORMANT|SINGLE_MAINTAINER,1,11,v0.2.0
mapconnector54,1.0.0,16,F,UNVERIFIED_PUBLISH_PATH|SINGLE_MAINTAINER,1,11,v0.2.0
min-1px,1.0.0,19,F,UNVERIFIED_PUBLISH_PATH|DORMANT|SINGLE_MAINTAINER,1,11,v0.2.0
nice-toast-js,0.2.3,19,F,UNVERIFIED_PUBLISH_PATH|DORMANT|SINGLE_MAINTAINER,1,11,v0.2.0
prism-theme-one-light-dark,1.0.4,19,F,UNVERIFIED_PUBLISH_PATH|DORMANT|SINGLE_MAINTAINER,1,11,v0.2.0
scarab-cli,0.2.2,19,F,UNVERIFIED_PUBLISH_PATH|DORMANT|SINGLE_MAINTAINER,1,11,v0.2.0
snap-alert-js,1.1.4,19,F,UNVERIFIED_PUBLISH_PATH|DORMANT|SINGLE_MAINTAINER,1,11,v0.2.0
swarmcloud-mp4-sw,0.2.2,19,F,UNVERIFIED_PUBLISH_PATH|DORMANT|SINGLE_MAINTAINER,1,11,v0.2.0
tia-gpc-widget,3.1.1,21,F,UNVERIFIED_PUBLISH_PATH|SINGLE_MAINTAINER,1,11,v0.2.0
walkway.js,0.0.9,19,F,UNVERIFIED_PUBLISH_PATH|DORMANT|SINGLE_MAINTAINER,1,11,v0.2.0
web-vitals-google-analytics-shopify,1.1.0,19,F,UNVERIFIED_PUBLISH_PATH|DORMANT|SINGLE_MAINTAINER,1,11,v0.2.0
wikistxr,0.1.5,25,F,UNVERIFIED_PUBLISH_PATH|SINGLE_MAINTAINER,1,11,v0.2.0
'@amwaljs/checkout-button,0.3.5,35,D,UNVERIFIED_PUBLISH_PATH,4,10,v0.2.0
'@app-city/analytics-browser,0.5.0,21,F,UNVERIFIED_PUBLISH_PATH|SINGLE_MAINTAINER,1,10,v0.2.0
'@bolkstudio/bolklab,1.1.7,25,F,UNVERIFIED_PUBLISH_PATH|SINGLE_MAINTAINER,1,10,v0.2.0
'@brytdesigns/web-component-keen-slider-navigation-dots,1.1.12,30,F,UNVERIFIED_PUBLISH_PATH,5,10,v0.2.0
'@cseitz/icons-thin,1.0.3,19,F,UNVERIFIED_PUBLISH_PATH|DORMANT|SINGLE_MAINTAINER,1,10,v0.2.0
'@deriv-com/cs-utils,1.0.14,25,F,UNVERIFIED_PUBLISH_PATH|SINGLE_MAINTAINER,1,10,v0.2.0
'@fawazahmed0/test-jsdelivr,0.0.21,10,F,UNVERIFIED_PUBLISH_PATH|DORMANT|SINGLE_MAINTAINER,1,10,v0.2.0
'@flowbase-co/boosters-password-visibility-control,1.0.2,34,F,UNVERIFIED_PUBLISH_PATH,2,10,v0.2.0
'@fontsource/cambo,5.2.7,71,B,,2,10,v0.2.0
'@frontkom/section-row,0.2.0,33,F,UNVERIFIED_PUBLISH_PATH|DORMANT,10,10,v0.2.0
'@goodgamestudios/cxf-banners,1.21.1-qa.0,29,F,UNVERIFIED_PUBLISH_PATH|DORMANT,27,10,v0.2.0
'@hackler/js-client-sdk,3.5.0,19,F,UNVERIFIED_PUBLISH_PATH|DORMANT|SINGLE_MAINTAINER,1,10,v0.2.0
'@keyurmaru/vad,0.0.1,25,F,UNVERIFIED_PUBLISH_PATH|SINGLE_MAINTAINER,1,10,v0.2.0
'@machi-pla/cc-client-js-kure-city,0.1.3,35,D,UNVERIFIED_PUBLISH_PATH,3,10,v0.2.0
'@mailbiz/onsite-shoppub-vendor,0.1.0,35,D,UNVERIFIED_PUBLISH_PATH,3,10,v0.2.0
'@mailbiz/onsite-uoou-vendor,0.1.1,35,D,UNVERIFIED_PUBLISH_PATH,3,10,v0.2.0
'@mobiloud/ml-popup-widget,1.0.0,14,F,UNVERIFIED_PUBLISH_PATH|DORMANT|SINGLE_MAINTAINER|PUBLISHER_NOT_MAINTAINER,1,10,v0.2.0
'@openfonts/barlow-semi-condensed_latin-ext,1.44.2,14,F,UNVERIFIED_PUBLISH_PATH|DORMANT|SINGLE_MAINTAINER,1,10,v0.2.0
'@razorweb/razorwebcomponents,0.0.18,15,F,UNVERIFIED_PUBLISH_PATH|DORMANT|SINGLE_MAINTAINER,1,10,v0.2.0
'@record-evolution/widget-image,1.1.19,25,F,UNVERIFIED_PUBLISH_PATH|SINGLE_MAINTAINER,1,10,v0.2.0
'@record-evolution/widget-switch,1.1.4,25,F,UNVERIFIED_PUBLISH_PATH|SINGLE_MAINTAINER,1,10,v0.2.0
'@shipnity/navbar,1.9.1,15,F,UNVERIFIED_PUBLISH_PATH|DORMANT|SINGLE_MAINTAINER,1,10,v0.2.0
'@statsig/sidecar,3.33.3,77,B,INCONSISTENT_PUBLISH_PATH,2,10,v0.2.0
'@testometrika/widget,1.2.1,14,F,UNVERIFIED_PUBLISH_PATH|DORMANT|SINGLE_MAINTAINER,1,10,v0.2.0
'@unidy.io/newsletter,0.2.10,34,F,UNVERIFIED_PUBLISH_PATH,6,10,v0.2.0
'@vap/shiki-worker,0.0.8,15,F,UNVERIFIED_PUBLISH_PATH|DORMANT|SINGLE_MAINTAINER,1,10,v0.2.0
'@vkgp/web-components,1.0.4,19,F,UNVERIFIED_PUBLISH_PATH|DORMANT|SINGLE_MAINTAINER,1,10,v0.2.0
'@webtor/embed-sdk-js,0.2.19,25,F,UNVERIFIED_PUBLISH_PATH|SINGLE_MAINTAINER,1,10,v0.2.0
ad-auris-iframe-distribution,2.1.0,33,F,UNVERIFIED_PUBLISH_PATH|DORMANT,2,10,v0.2.0
affiliate-plugin-amazon,3.0.0,19,F,UNVERIFIED_PUBLISH_PATH|DORMANT|SINGLE_MAINTAINER,1,10,v0.2.0
cmzydzs2024,1.0.3,21,F,UNVERIFIED_PUBLISH_PATH|SINGLE_MAINTAINER,1,10,v0.2.0
genericons,1.0.1,19,F,UNVERIFIED_PUBLISH_PATH|DORMANT|SINGLE_MAINTAINER,1,10,v0.2.0
izimodal-1.6.0,1.6.1,19,F,UNVERIFIED_PUBLISH_PATH|DORMANT|SINGLE_MAINTAINER|DEPRECATED,1,10,v0.2.0
jquery-directional-hover,1.0.1,19,F,UNVERIFIED_PUBLISH_PATH|DORMANT|SINGLE_MAINTAINER,1,10,v0.2.0
jquery.waituntilexists,1.0.0,15,F,UNVERIFIED_PUBLISH_PATH|DORMANT|SINGLE_MAINTAINER,1,10,v0.2.0
late-images,2.1.0,19,F,UNVERIFIED_PUBLISH_PATH|DORMANT|SINGLE_MAINTAINER,1,10,v0.2.0
mdi-norm,2.2.2,19,F,UNVERIFIED_PUBLISH_PATH|DORMANT|SINGLE_MAINTAINER,1,10,v0.2.0
storii-code,1.0.2,10,F,UNVERIFIED_PUBLISH_PATH|DORMANT|SINGLE_MAINTAINER,1,10,v0.2.0
thb-calendar,1.0.1,19,F,UNVERIFIED_PUBLISH_PATH|DORMANT|SINGLE_MAINTAINER,1,10,v0.2.0
webflow-scripts,1.1.0,21,F,UNVERIFIED_PUBLISH_PATH|SINGLE_MAINTAINER,1,10,v0.2.0
zalgirio-arena-scripts,1.0.4,21,F,UNVERIFIED_PUBLISH_PATH|SINGLE_MAINTAINER,1,10,v0.2.0
'@autosync/atx-bootstrap-daterangepicker,2.0.0,33,F,UNVERIFIED_PUBLISH_PATH|DORMANT,4,9,v0.2.0
'@batch.com/in-app-webview-sdk,1.0.0,19,F,UNVERIFIED_PUBLISH_PATH|DORMANT|SINGLE_MAINTAINER,1,9,v0.2.0
'@brytdesigns/web-component-gnav-header,1.0.2,30,F,UNVERIFIED_PUBLISH_PATH,5,9,v0.2.0
'@builder.io/persist-attribution,0.0.1-beta-2,19,F,UNVERIFIED_PUBLISH_PATH|DORMANT|PUBLISHER_NOT_MAINTAINER,22,9,v0.2.0
'@code-cabana/elements,1.7.6,19,F,UNVERIFIED_PUBLISH_PATH|DORMANT|SINGLE_MAINTAINER,1,9,v0.2.0
'@d1g1tal/subscribr,4.2.1,68,C,SINGLE_MAINTAINER,1,9,v0.2.0
'@dettalant/laymic,2.2.2,10,F,UNVERIFIED_PUBLISH_PATH|DORMANT|SINGLE_MAINTAINER,1,9,v0.2.0
'@frontkom/starterx-quote-background,2.0.0,33,F,UNVERIFIED_PUBLISH_PATH|DORMANT,10,9,v0.2.0
'@goodgamestudios/cxf-canvas,1.2.3,30,F,UNVERIFIED_PUBLISH_PATH,27,9,v0.2.0
'@goodgamestudios/cxf-dialog,1.6.1,29,F,UNVERIFIED_PUBLISH_PATH|DORMANT,27,9,v0.2.0
'@ideal-postcodes/shopwired,3.0.3,39,D,UNVERIFIED_PUBLISH_PATH,2,9,v0.2.0
'@kfonts/bm-hanna-pro,0.2.0,19,F,UNVERIFIED_PUBLISH_PATH|DORMANT|SINGLE_MAINTAINER,1,9,v0.2.0
'@machi-pla/cc-client-js-at-yokohama,0.1.1,35,D,UNVERIFIED_PUBLISH_PATH,3,9,v0.2.0
'@noonnu/gmarketsansbold,0.0.1,14,F,UNVERIFIED_PUBLISH_PATH|DORMANT|SINGLE_MAINTAINER|DEPRECATED,1,9,v0.2.0
'@noonnu/ko-pub-batang,0.1.0,14,F,UNVERIFIED_PUBLISH_PATH|DORMANT|SINGLE_MAINTAINER,1,9,v0.2.0
'@percy.ai/your-team,1.0.15,30,F,UNVERIFIED_PUBLISH_PATH,3,9,v0.2.0
'@sebbie1o1/simplecss,1.0.24,10,F,UNVERIFIED_PUBLISH_PATH|DORMANT|SINGLE_MAINTAINER,1,9,v0.2.0
'@youon/uon-player-skins,1.0.57,29,F,UNVERIFIED_PUBLISH_PATH|DORMANT,3,9,v0.2.0
'@youon/videojs-ssa,1.1.1,29,F,UNVERIFIED_PUBLISH_PATH|DORMANT,3,9,v0.2.0
'@zendeskgarden/css-scrollbars,0.1.28,26,F,UNVERIFIED_PUBLISH_PATH|DORMANT|SINGLE_MAINTAINER|DEPRECATED,1,9,v0.2.0
chibijs,3.0.9,19,F,UNVERIFIED_PUBLISH_PATH|DORMANT|SINGLE_MAINTAINER,1,9,v0.2.0
cn-fontsource-975-maru-sc-regular,1.0.1,19,F,UNVERIFIED_PUBLISH_PATH|DORMANT|SINGLE_MAINTAINER,1,9,v0.2.0
enllax,1.1.0,10,F,UNVERIFIED_PUBLISH_PATH|DORMANT|SINGLE_MAINTAINER,1,9,v0.2.0
fullscreen.js,0.3.0,19,F,UNVERIFIED_PUBLISH_PATH|DORMANT|SINGLE_MAINTAINER,1,9,v0.2.0
gasparesganga-jquery-message-box,3.2.2,19,F,UNVERIFIED_PUBLISH_PATH|DORMANT|SINGLE_MAINTAINER,1,9,v0.2.0
glitch-canvas,1.1.12,33,F,UNVERIFIED_PUBLISH_PATH|DORMANT,2,9,v0.2.0
goldvideo-player,1.0.2,19,F,UNVERIFIED_PUBLISH_PATH|DORMANT|SINGLE_MAINTAINER,1,9,v0.2.0
gridalicious,3.0.4,19,F,UNVERIFIED_PUBLISH_PATH|DORMANT|SINGLE_MAINTAINER,1,9,v0.2.0
icheck-2,2.0.0,14,F,UNVERIFIED_PUBLISH_PATH|DORMANT|SINGLE_MAINTAINER,1,9,v0.2.0
jquery-passive,3.6.0,15,F,UNVERIFIED_PUBLISH_PATH|DORMANT|SINGLE_MAINTAINER,1,9,v0.2.0
jquery-toast,1.0.0,19,F,UNVERIFIED_PUBLISH_PATH|DORMANT|SINGLE_MAINTAINER,1,9,v0.2.0
jquery.bangla,1.3.2,19,F,UNVERIFIED_PUBLISH_PATH|DORMANT|SINGLE_MAINTAINER,1,9,v0.2.0
jquery.mb.vimeo_player,1.2.0,19,F,UNVERIFIED_PUBLISH_PATH|DORMANT|SINGLE_MAINTAINER,1,9,v0.2.0
pdf.worker,1.0.0,10,F,UNVERIFIED_PUBLISH_PATH|DORMANT|SINGLE_MAINTAINER,1,9,v0.2.0
pselect.js,4.0.1,19,F,UNVERIFIED_PUBLISH_PATH|DORMANT|SINGLE_MAINTAINER,1,9,v0.2.0
rich-text-editor-vj,3.0.6,19,F,UNVERIFIED_PUBLISH_PATH|DORMANT|SINGLE_MAINTAINER,1,9,v0.2.0
sdb-widget,2.0.13,21,F,UNVERIFIED_PUBLISH_PATH|SINGLE_MAINTAINER,1,9,v0.2.0
shox,1.2.0,19,F,UNVERIFIED_PUBLISH_PATH|DORMANT|SINGLE_MAINTAINER,1,9,v0.2.0
solid-icons-all,1.2.0,25,F,UNVERIFIED_PUBLISH_PATH|SINGLE_MAINTAINER,1,9,v0.2.0
staffbase-widget-dacast,1.0.5,21,F,UNVERIFIED_PUBLISH_PATH|SINGLE_MAINTAINER,1,9,v0.2.0
storagedb2,1.0.5,19,F,UNVERIFIED_PUBLISH_PATH|DORMANT|SINGLE_MAINTAINER,1,9,v0.2.0
videojs-tracking-events,0.2.9,15,F,UNVERIFIED_PUBLISH_PATH|DORMANT|SINGLE_MAINTAINER,1,9,v0.2.0
viewport-action,1.0.2,19,F,UNVERIFIED_PUBLISH_PATH|DORMANT|SINGLE_MAINTAINER,1,9,v0.2.0
'@apttec/reports,2.0.16,19,F,UNVERIFIED_PUBLISH_PATH|DORMANT|SINGLE_MAINTAINER,1,8,v0.2.0
'@ayahub/webfont-harmony-sans-sc,1.0.0,14,F,UNVERIFIED_PUBLISH_PATH|DORMANT|SINGLE_MAINTAINER,1,8,v0.2.0
'@azerion/phaser-input,2.0.5,28,F,UNVERIFIED_PUBLISH_PATH|DORMANT|PUBLISHER_NOT_MAINTAINER,4,8,v0.2.0
'@barkleyrei/tempusdominus-bootstrap-4,5.39.3,28,F,UNVERIFIED_PUBLISH_PATH|DORMANT|PUBLISHER_NOT_MAINTAINER,4,8,v0.2.0
'@bounoable/vue-image-slider,0.4.4,10,F,UNVERIFIED_PUBLISH_PATH|DORMANT|SINGLE_MAINTAINER,1,8,v0.2.0
'@coaktion/hc-lib,0.2.0,35,D,UNVERIFIED_PUBLISH_PATH,2,8,v0.2.0
'@cshawaus/lite-vimeo,1.0.2,57,C,SINGLE_MAINTAINER,1,8,v0.2.0
'@dev-hero/modal-manager,1.0.3,25,F,UNVERIFIED_PUBLISH_PATH|SINGLE_MAINTAINER,1,8,v0.2.0
'@flarehr/role-management-app,1.0.1,19,F,UNVERIFIED_PUBLISH_PATH|DORMANT|PUBLISHER_NOT_MAINTAINER,8,8,v0.2.0
'@goodgamestudios/cxf-tracking,1.1.9-qa.0,24,F,UNVERIFIED_PUBLISH_PATH|DORMANT|PUBLISHER_NOT_MAINTAINER,27,8,v0.2.0
'@kvass/pulse-widgets,1.3.2,39,D,UNVERIFIED_PUBLISH_PATH,2,8,v0.2.0
'@meowwolf/meowwolf-main,1.4.0,34,F,UNVERIFIED_PUBLISH_PATH|BRANCH_REQUIRES_PR,14,8,v0.2.0
'@mirrorapp/iframe-bridge,1.0.0,21,F,UNVERIFIED_PUBLISH_PATH|SINGLE_MAINTAINER,1,8,v0.2.0
'@orange-games/phaser-cachebuster,2.0.0-rc.1,33,F,UNVERIFIED_PUBLISH_PATH|DORMANT,3,8,v0.2.0
'@record-evolution/widget-filter-dropdown,1.0.9,25,F,UNVERIFIED_PUBLISH_PATH|SINGLE_MAINTAINER,1,8,v0.2.0
'@record-evolution/widget-gauge,1.7.31,25,F,UNVERIFIED_PUBLISH_PATH|SINGLE_MAINTAINER,1,8,v0.2.0
'@record-evolution/widget-heatmap,1.0.13,25,F,UNVERIFIED_PUBLISH_PATH|SINGLE_MAINTAINER,1,8,v0.2.0
'@rimiti/abm,1.0.0,14,F,UNVERIFIED_PUBLISH_PATH|DORMANT|SINGLE_MAINTAINER,1,8,v0.2.0
'@rtstic.dev/infinite-marquee,1.0.1,16,F,UNVERIFIED_PUBLISH_PATH|SINGLE_MAINTAINER,1,8,v0.2.0
'@scbd/angular-vue,4.0.0,33,F,UNVERIFIED_PUBLISH_PATH|DORMANT,4,8,v0.2.0
'@scbd/page-footer,0.0.69,29,F,UNVERIFIED_PUBLISH_PATH|DORMANT,4,8,v0.2.0
'@smart-serve-npm/chatbot,1.0.6,16,F,UNVERIFIED_PUBLISH_PATH|SINGLE_MAINTAINER,1,8,v0.2.0
'@sugarologie/cakeculator,3.0.2,20,F,UNVERIFIED_PUBLISH_PATH|SINGLE_MAINTAINER,1,8,v0.2.0
'@swarmcloud/bitmovin,0.4.1,25,F,UNVERIFIED_PUBLISH_PATH|SINGLE_MAINTAINER,1,8,v0.2.0
'@waitwhile/waitwhile-embed,1.5.1,39,D,UNVERIFIED_PUBLISH_PATH,3,8,v0.2.0
'@zanichelli/zanichelli-adv,2.0.1,34,F,UNVERIFIED_PUBLISH_PATH,27,8,v0.2.0
afterglow,0.0.3,19,F,UNVERIFIED_PUBLISH_PATH|DORMANT|SINGLE_MAINTAINER,1,8,v0.2.0
amaranjs,0.5.5,15,F,UNVERIFIED_PUBLISH_PATH|DORMANT|SINGLE_MAINTAINER,1,8,v0.2.0
bb-track,1.0.13,10,F,UNVERIFIED_PUBLISH_PATH|DORMANT|SINGLE_MAINTAINER,1,8,v0.2.0
bp77-scripts,4.3.0,21,F,UNVERIFIED_PUBLISH_PATH|SINGLE_MAINTAINER,1,8,v0.2.0
cmzydzsff2024927,1.0.2,10,F,UNVERIFIED_PUBLISH_PATH|DORMANT|SINGLE_MAINTAINER,1,8,v0.2.0
cn-fontsource-hongleixingshu-regular,1.0.7,19,F,UNVERIFIED_PUBLISH_PATH|DORMANT|SINGLE_MAINTAINER,1,8,v0.2.0
coupon-shield,0.3.14,21,F,UNVERIFIED_PUBLISH_PATH|SINGLE_MAINTAINER,1,8,v0.2.0
develart-olzalogistic-pickup-points-widget,1.8.19,21,F,UNVERIFIED_PUBLISH_PATH|SINGLE_MAINTAINER,1,8,v0.2.0
eleganticons,0.0.1,19,F,UNVERIFIED_PUBLISH_PATH|DORMANT|SINGLE_MAINTAINER,1,8,v0.2.0
fitfast,1.0.215,39,D,UNVERIFIED_PUBLISH_PATH,2,8,v0.2.0
fjelheisen-api-warning,1.0.12,14,F,UNVERIFIED_PUBLISH_PATH|DORMANT|SINGLE_MAINTAINER,1,8,v0.2.0
flowbitz,2.4.5,25,F,UNVERIFIED_PUBLISH_PATH|SINGLE_MAINTAINER,1,8,v0.2.0
fontawesome5-fullcss,1.1.0,10,F,UNVERIFIED_PUBLISH_PATH|DORMANT|SINGLE_MAINTAINER,1,8,v0.2.0
hunarcourses,1.0.4,10,F,UNVERIFIED_PUBLISH_PATH|DORMANT|SINGLE_MAINTAINER,1,8,v0.2.0
malihu-custom-scrollbar-plugin-with-iframe-fix,3.1.6,19,F,UNVERIFIED_PUBLISH_PATH|DORMANT|SINGLE_MAINTAINER,1,8,v0.2.0
perfect-scrollbar-vue2,1.2.0,19,F,UNVERIFIED_PUBLISH_PATH|DORMANT|SINGLE_MAINTAINER,1,8,v0.2.0
qs-like,1.0.1,14,F,UNVERIFIED_PUBLISH_PATH|DORMANT|SINGLE_MAINTAINER,1,8,v0.2.0
rechat-material,1.2.0,10,F,UNVERIFIED_PUBLISH_PATH|DORMANT|SINGLE_MAINTAINER,1,8,v0.2.0
roboto-regular-woff,0.7.1,5,F,UNVERIFIED_PUBLISH_PATH|DORMANT,0,8,v0.2.0
safe-email,1.1.1,14,F,UNVERIFIED_PUBLISH_PATH|DORMANT|SINGLE_MAINTAINER,1,8,v0.2.0
statsig-landing-page-exp,1.0.33,28,F,UNVERIFIED_PUBLISH_PATH|DORMANT|PUBLISHER_NOT_MAINTAINER,2,8,v0.2.0
txto,1.6.1,21,F,UNVERIFIED_PUBLISH_PATH|SINGLE_MAINTAINER,1,8,v0.2.0
udesly-ad-banner,0.0.4,15,F,UNVERIFIED_PUBLISH_PATH|DORMANT|SINGLE_MAINTAINER,1,8,v0.2.0
xendit-fingerprint-sdk-web,1.1.1,29,F,UNVERIFIED_PUBLISH_PATH|DORMANT,3,8,v0.2.0
'@00sanoj00/rtxtube,1.3.3,20,F,UNVERIFIED_PUBLISH_PATH|SINGLE_MAINTAINER,1,7,v0.2.0
'@azerion/phaser-ads,2.4.1,28,F,UNVERIFIED_PUBLISH_PATH|DORMANT|PUBLISHER_NOT_MAINTAINER,4,7,v0.2.0
'@azerion/phaser-cachebuster,2.0.0,28,F,UNVERIFIED_PUBLISH_PATH|DORMANT|PUBLISHER_NOT_MAINTAINER,4,7,v0.2.0
'@azerion/phaser-nineslice,2.0.1,28,F,UNVERIFIED_PUBLISH_PATH|DORMANT|PUBLISHER_NOT_MAINTAINER,4,7,v0.2.0
'@azerion/phaser-spine,3.0.9,28,F,UNVERIFIED_PUBLISH_PATH|DORMANT|PUBLISHER_NOT_MAINTAINER,4,7,v0.2.0
'@bootcss/www.bootcss.com,1.0.8,15,F,UNVERIFIED_PUBLISH_PATH|DORMANT|SINGLE_MAINTAINER,1,7,v0.2.0
'@brainfish-ai/nudge-widget,0.1.3,30,F,UNVERIFIED_PUBLISH_PATH,4,7,v0.2.0
'@conversu/plugin,3.7.1,21,F,UNVERIFIED_PUBLISH_PATH|SINGLE_MAINTAINER,1,7,v0.2.0
'@creoglyph/cardreadmore,1.0.2,15,F,UNVERIFIED_PUBLISH_PATH|DORMANT|SINGLE_MAINTAINER,1,7,v0.2.0
'@dytesdk/device-emulator,1.12.0,33,F,UNVERIFIED_PUBLISH_PATH|DORMANT,2,7,v0.2.0
'@flarehr/document-library-ui,0.0.0,24,F,UNVERIFIED_PUBLISH_PATH|DORMANT|PUBLISHER_NOT_MAINTAINER,8,7,v0.2.0
'@goodgamestudios/cxf-announcements,0.5.0-qa.5,24,F,UNVERIFIED_PUBLISH_PATH|DORMANT|PUBLISHER_NOT_MAINTAINER,27,7,v0.2.0
'@goodgamestudios/cxf-ia,0.0.2-qa.2,24,F,UNVERIFIED_PUBLISH_PATH|DORMANT|PUBLISHER_NOT_MAINTAINER,27,7,v0.2.0
'@goodgamestudios/cxf-shop-zipcodes,1.0.1-qa.1,24,F,UNVERIFIED_PUBLISH_PATH|DORMANT|PUBLISHER_NOT_MAINTAINER,27,7,v0.2.0
'@hypelab/sdk-analytics,1.3.8,20,F,UNVERIFIED_PUBLISH_PATH,0,7,v0.2.0
'@lanyundev/blog-static,1.4.14,16,F,UNVERIFIED_PUBLISH_PATH|SINGLE_MAINTAINER,1,7,v0.2.0
'@lemonadejs/router,6.0.0,21,F,UNVERIFIED_PUBLISH_PATH|SINGLE_MAINTAINER,1,7,v0.2.0
'@noonnu/s-coredream-4regular,0.0.1,14,F,UNVERIFIED_PUBLISH_PATH|DORMANT|SINGLE_MAINTAINER|DEPRECATED,1,7,v0.2.0
'@noonnu/sebang-gothic-bold,0.1.0,14,F,UNVERIFIED_PUBLISH_PATH|DORMANT|SINGLE_MAINTAINER,1,7,v0.2.0
'@pollux-docaposte/icon-library,0.0.7,29,F,UNVERIFIED_PUBLISH_PATH|DORMANT,2,7,v0.2.0
'@raineblog/mkdocs-fontkit,1.0.5,63,C,INCONSISTENT_PUBLISH_PATH|SINGLE_MAINTAINER,1,7,v0.2.0
'@sum.cumo/vue-awesome-swiper,3.1.6,33,F,UNVERIFIED_PUBLISH_PATH|DORMANT,6,7,v0.2.0
'@webreflection/element,0.3.2,25,F,UNVERIFIED_PUBLISH_PATH|SINGLE_MAINTAINER,1,7,v0.2.0
angularjs-datetime-picker-v2,0.2.2,19,F,UNVERIFIED_PUBLISH_PATH|DORMANT|SINGLE_MAINTAINER,1,7,v0.2.0
appybee-widget,0.2.12,21,F,UNVERIFIED_PUBLISH_PATH|SINGLE_MAINTAINER,1,7,v0.2.0
asyncllm,2.4.0,25,F,UNVERIFIED_PUBLISH_PATH|SINGLE_MAINTAINER,1,7,v0.2.0
blockgallery-stacked,0.0.5,15,F,UNVERIFIED_PUBLISH_PATH|DORMANT|SINGLE_MAINTAINER,1,7,v0.2.0
clappr-level-selector-plugin,0.2.1,19,F,UNVERIFIED_PUBLISH_PATH|DORMANT|SINGLE_MAINTAINER,1,7,v0.2.0
cmzydzsmb2024927,1.0.8,15,F,UNVERIFIED_PUBLISH_PATH|DORMANT|SINGLE_MAINTAINER,1,7,v0.2.0
fonts-archive-futura-std,0.0.0,15,F,UNVERIFIED_PUBLISH_PATH|DORMANT|SINGLE_MAINTAINER,1,7,v0.2.0
ipay9-scripts,4.2.0,21,F,UNVERIFIED_PUBLISH_PATH|SINGLE_MAINTAINER,1,7,v0.2.0
jquery-numerator,0.2.1,19,F,UNVERIFIED_PUBLISH_PATH|DORMANT|SINGLE_MAINTAINER,1,7,v0.2.0
jquery-ui.accordion.multiple,1.0.1,19,F,UNVERIFIED_PUBLISH_PATH|DORMANT|SINGLE_MAINTAINER,1,7,v0.2.0
jquery.role,1.0.0,19,F,UNVERIFIED_PUBLISH_PATH|DORMANT|SINGLE_MAINTAINER,1,7,v0.2.0
odometer.js,1.0.0,10,F,UNVERIFIED_PUBLISH_PATH|DORMANT|SINGLE_MAINTAINER,1,7,v0.2.0
owlcarousel2-filter,1.0.0,15,F,UNVERIFIED_PUBLISH_PATH|DORMANT|SINGLE_MAINTAINER,1,7,v0.2.0
popup-framework-core-v2,1.0.3,21,F,UNVERIFIED_PUBLISH_PATH|SINGLE_MAINTAINER,1,7,v0.2.0
selection-sharer,1.2.2,19,F,UNVERIFIED_PUBLISH_PATH|DORMANT|SINGLE_MAINTAINER,1,7,v0.2.0
simple-popup-modal,1.1.3,19,F,UNVERIFIED_PUBLISH_PATH|DORMANT|SINGLE_MAINTAINER,1,7,v0.2.0
tipr,2.0.2,19,F,UNVERIFIED_PUBLISH_PATH|DORMANT|SINGLE_MAINTAINER,1,7,v0.2.0
udesly-web-share-api,1.0.2,10,F,UNVERIFIED_PUBLISH_PATH|DORMANT|SINGLE_MAINTAINER,1,7,v0.2.0
vanilla-emoji-picker,0.2.4,19,F,UNVERIFIED_PUBLISH_PATH|DORMANT|SINGLE_MAINTAINER,1,7,v0.2.0
videojs-record-countdown,4.5.1,19,F,UNVERIFIED_PUBLISH_PATH|DORMANT|SINGLE_MAINTAINER,1,7,v0.2.0
zebra_cookie,4.0.0,25,F,UNVERIFIED_PUBLISH_PATH|SINGLE_MAINTAINER,1,7,v0.2.0
'@aurolabs/auro-card,1.0.1,33,F,UNVERIFIED_PUBLISH_PATH|DORMANT,2,6,v0.2.0
'@azerion/phaser-i18next,1.0.3,28,F,UNVERIFIED_PUBLISH_PATH|DORMANT|PUBLISHER_NOT_MAINTAINER,4,6,v0.2.0
'@datacite/datacite-tracker,0.0.5,33,F,UNVERIFIED_PUBLISH_PATH|DORMANT,3,6,v0.2.0
'@frontkom/g-feature-box,0.1.0,33,F,UNVERIFIED_PUBLISH_PATH|DORMANT,10,6,v0.2.0
'@frostsw/frostjs,1.3.12,25,F,UNVERIFIED_PUBLISH_PATH|SINGLE_MAINTAINER,1,6,v0.2.0
'@goodgamestudios/cxf-fullscreen,0.0.4,24,F,UNVERIFIED_PUBLISH_PATH|DORMANT|PUBLISHER_NOT_MAINTAINER,27,6,v0.2.0
'@goodgamestudios/swiper4,4.5.6,28,F,UNVERIFIED_PUBLISH_PATH|DORMANT|PUBLISHER_NOT_MAINTAINER,27,6,v0.2.0
'@gramex/ui,0.3.1,19,F,UNVERIFIED_PUBLISH_PATH|DORMANT|SINGLE_MAINTAINER,1,6,v0.2.0
'@hatemhosny/ninja-keys,1.14.0,19,F,UNVERIFIED_PUBLISH_PATH|DORMANT|SINGLE_MAINTAINER,1,6,v0.2.0
'@hypelab/sdk-core,2.9.2,25,F,UNVERIFIED_PUBLISH_PATH,0,6,v0.2.0
'@joaopaulo.vieira/clappr-media-control-plugin,1.3.1,19,F,UNVERIFIED_PUBLISH_PATH|DORMANT|SINGLE_MAINTAINER,1,6,v0.2.0
'@jsuites/indexing,1.5.1,25,F,UNVERIFIED_PUBLISH_PATH|SINGLE_MAINTAINER,1,6,v0.2.0
'@machi-pla/cc-client-js-nasushiobara,0.1.0,35,D,UNVERIFIED_PUBLISH_PATH,3,6,v0.2.0
'@mailbiz/onsite-fastcommerce-vendor,0.1.0,30,F,UNVERIFIED_PUBLISH_PATH,3,6,v0.2.0
'@noonnu/one-mobile-title,0.1.0,14,F,UNVERIFIED_PUBLISH_PATH|DORMANT|SINGLE_MAINTAINER,1,6,v0.2.0
'@noonnu/s-coredream-5medium,0.0.1,14,F,UNVERIFIED_PUBLISH_PATH|DORMANT|SINGLE_MAINTAINER|DEPRECATED,1,6,v0.2.0
'@noonnu/tenada,0.1.0,14,F,UNVERIFIED_PUBLISH_PATH|DORMANT|SINGLE_MAINTAINER,1,6,v0.2.0
'@priceshape/clientscript,0.4.0,10,F,UNVERIFIED_PUBLISH_PATH|DORMANT|SINGLE_MAINTAINER,1,6,v0.2.0
'@quickcreator/quick-search,1.0.2,25,F,UNVERIFIED_PUBLISH_PATH|SINGLE_MAINTAINER,1,6,v0.2.0
'@record-evolution/widget-embed,1.0.8,25,F,UNVERIFIED_PUBLISH_PATH|SINGLE_MAINTAINER,1,6,v0.2.0
'@snapboard/flipdown,0.2.3,19,F,UNVERIFIED_PUBLISH_PATH|DORMANT|SINGLE_MAINTAINER,1,6,v0.2.0
'@tru_id/tru-sdk-web,0.0.11,28,F,UNVERIFIED_PUBLISH_PATH|DORMANT|PUBLISHER_NOT_MAINTAINER,3,6,v0.2.0
'@uizaio/playerjs,5.20.8-rc2,19,F,UNVERIFIED_PUBLISH_PATH|DORMANT|SINGLE_MAINTAINER,1,6,v0.2.0
clappr-pip-plugin,2.0.1,19,F,UNVERIFIED_PUBLISH_PATH|DORMANT|SINGLE_MAINTAINER,1,6,v0.2.0
cn-fontsource-xiaolai-mono-sc-regular,1.0.3,19,F,UNVERIFIED_PUBLISH_PATH|DORMANT|SINGLE_MAINTAINER,1,6,v0.2.0
flextabs-js,2.0.0,19,F,UNVERIFIED_PUBLISH_PATH|DORMANT|SINGLE_MAINTAINER,1,6,v0.2.0
groner-checklist-form,1.0.73,25,F,UNVERIFIED_PUBLISH_PATH|SINGLE_MAINTAINER,1,6,v0.2.0
gtm-basic-methods,1.0.0,10,F,UNVERIFIED_PUBLISH_PATH|DORMANT|SINGLE_MAINTAINER,1,6,v0.2.0
gumadapter,1.0.1,19,F,UNVERIFIED_PUBLISH_PATH|DORMANT|SINGLE_MAINTAINER,1,6,v0.2.0
html2canvas-fixed,1.0.0,14,F,UNVERIFIED_PUBLISH_PATH|DORMANT|SINGLE_MAINTAINER,1,6,v0.2.0
intro.js-mit,3.0.0,33,F,UNVERIFIED_PUBLISH_PATH|DORMANT,2,6,v0.2.0
jquery-base64-js,1.0.1,19,F,UNVERIFIED_PUBLISH_PATH|DORMANT|SINGLE_MAINTAINER,1,6,v0.2.0
jquery-cookie-dash,1.4.1,14,F,UNVERIFIED_PUBLISH_PATH|DORMANT|SINGLE_MAINTAINER,1,6,v0.2.0
jquery-datetime-picker,2.5.11,19,F,UNVERIFIED_PUBLISH_PATH|DORMANT|SINGLE_MAINTAINER,1,6,v0.2.0
jquery.nice-number,2.1.0,19,F,UNVERIFIED_PUBLISH_PATH|DORMANT|SINGLE_MAINTAINER,1,6,v0.2.0
json-db-admin,0.0.1,10,F,UNVERIFIED_PUBLISH_PATH|DORMANT|SINGLE_MAINTAINER,1,6,v0.2.0
quickomcc-widget,0.0.14,15,F,UNVERIFIED_PUBLISH_PATH|DORMANT|SINGLE_MAINTAINER,1,6,v0.2.0
reach-prebid-universal-creative,1.17.2,21,F,UNVERIFIED_PUBLISH_PATH|SINGLE_MAINTAINER,1,6,v0.2.0
receiptfeedback,26.8.0,21,F,UNVERIFIED_PUBLISH_PATH|SINGLE_MAINTAINER,1,6,v0.2.0
scholar-icons,1.0.3,19,F,UNVERIFIED_PUBLISH_PATH|DORMANT|SINGLE_MAINTAINER,1,6,v0.2.0
sly,0.0.1,19,F,UNVERIFIED_PUBLISH_PATH|DORMANT|SINGLE_MAINTAINER,1,6,v0.2.0
ton-ai-sdk,2.2.4-alpha.5,25,F,UNVERIFIED_PUBLISH_PATH|SINGLE_MAINTAINER,1,6,v0.2.0
uiterator,1.0.5,19,F,UNVERIFIED_PUBLISH_PATH|DORMANT|SINGLE_MAINTAINER,1,6,v0.2.0
videojs-suggestedvideoendcap,1.2.0,19,F,UNVERIFIED_PUBLISH_PATH|DORMANT|SINGLE_MAINTAINER,1,6,v0.2.0
'@cabbiepete/cloud-zoom,1.0.4,19,F,UNVERIFIED_PUBLISH_PATH|DORMANT|SINGLE_MAINTAINER,1,5,v0.2.0
'@machi-pla/cc-client-js-tazawako,0.1.0,35,D,UNVERIFIED_PUBLISH_PATH,3,5,v0.2.0
'@mobiloud/ml-css-injector,1.2.1,25,F,UNVERIFIED_PUBLISH_PATH|SINGLE_MAINTAINER,1,5,v0.2.0
'@mobiscroll/jquery-lite,4.10.9,23,F,UNVERIFIED_PUBLISH_PATH|DORMANT|PUBLISHER_NOT_MAINTAINER,3,5,v0.2.0
'@mrkenz9595/tizentube,5.30.301,20,F,UNVERIFIED_PUBLISH_PATH|SINGLE_MAINTAINER,1,5,v0.2.0
'@noonnu/cafe24-ohsquareair,0.1.0,14,F,UNVERIFIED_PUBLISH_PATH|DORMANT|SINGLE_MAINTAINER,1,5,v0.2.0
'@noonnu/jeju-myeongjo,0.1.0,14,F,UNVERIFIED_PUBLISH_PATH|DORMANT|SINGLE_MAINTAINER,1,5,v0.2.0
'@noonnu/nanum-gothic-coding,0.1.0,14,F,UNVERIFIED_PUBLISH_PATH|DORMANT|SINGLE_MAINTAINER,1,5,v0.2.0
'@peachai/whatsapp-widget,0.0.7,35,D,UNVERIFIED_PUBLISH_PATH,3,5,v0.2.0
'@perceptimagery/sprie-widget,1.3.2007,34,F,UNVERIFIED_PUBLISH_PATH,2,5,v0.2.0
'@record-evolution/widget-statehistory,1.0.15,25,F,UNVERIFIED_PUBLISH_PATH|SINGLE_MAINTAINER,1,5,v0.2.0
'@seedgou/flash.homes,5.2.0-git-00f5c8297fc3b7fce98e5c875f754ccf8f3d8b0a,15,F,UNVERIFIED_PUBLISH_PATH|DORMANT|SINGLE_MAINTAINER,1,5,v0.2.0
'@soyleninjs/swappit,3.0.0,25,F,UNVERIFIED_PUBLISH_PATH|SINGLE_MAINTAINER,1,5,v0.2.0
'@wc1font/lxgw-wen-kai-screen,1.0.3,19,F,UNVERIFIED_PUBLISH_PATH|DORMANT|SINGLE_MAINTAINER,1,5,v0.2.0
'@xena-npmjs-public/xena-designsystem,1.8.119,25,F,UNVERIFIED_PUBLISH_PATH|SINGLE_MAINTAINER,1,5,v0.2.0
'@zkreations/bjs,1.0.2,15,F,UNVERIFIED_PUBLISH_PATH|DORMANT|SINGLE_MAINTAINER,1,5,v0.2.0
canvas-qrcode-logo,1.1.1,19,F,UNVERIFIED_PUBLISH_PATH|DORMANT|SINGLE_MAINTAINER,1,5,v0.2.0
choices-esm,10.0.0-1,14,F,UNVERIFIED_PUBLISH_PATH|DORMANT|SINGLE_MAINTAINER,1,5,v0.2.0
clappr-pip,0.2.0,19,F,UNVERIFIED_PUBLISH_PATH|DORMANT|SINGLE_MAINTAINER,1,5,v0.2.0
clappr-thumbnails-plugin,3.7.3,19,F,UNVERIFIED_PUBLISH_PATH|DORMANT|SINGLE_MAINTAINER,1,5,v0.2.0
cmzydzsfile2024,1.0.4,21,F,UNVERIFIED_PUBLISH_PATH|SINGLE_MAINTAINER,1,5,v0.2.0
codex.editor.header,2.1.2,14,F,UNVERIFIED_PUBLISH_PATH|DORMANT|SINGLE_MAINTAINER,1,5,v0.2.0
custom-recaptcha,1.1.23,19,F,UNVERIFIED_PUBLISH_PATH|DORMANT|SINGLE_MAINTAINER,1,5,v0.2.0
font-touhou98,1.0.0,19,F,UNVERIFIED_PUBLISH_PATH|DORMANT|SINGLE_MAINTAINER,1,5,v0.2.0
form-cdn,1.0.1,21,F,UNVERIFIED_PUBLISH_PATH|SINGLE_MAINTAINER,1,5,v0.2.0
oa-frontend-conversiontracking,1.0.15,19,F,UNVERIFIED_PUBLISH_PATH|DORMANT|SINGLE_MAINTAINER,1,5,v0.2.0
plhq_js_static,1.0.2,10,F,UNVERIFIED_PUBLISH_PATH|DORMANT|SINGLE_MAINTAINER,1,5,v0.2.0
skrollr-stylesheets,1.0.0,14,F,UNVERIFIED_PUBLISH_PATH|DORMANT|SINGLE_MAINTAINER|DEPRECATED,1,5,v0.2.0
source-han-vf,0.1.1,19,F,UNVERIFIED_PUBLISH_PATH|DORMANT|SINGLE_MAINTAINER,1,5,v0.2.0
spry,0.0.4,23,F,UNVERIFIED_PUBLISH_PATH|DORMANT|PUBLISHER_NOT_MAINTAINER,2,5,v0.2.0
svg-skeleton,0.0.4,19,F,UNVERIFIED_PUBLISH_PATH|DORMANT|SINGLE_MAINTAINER,1,5,v0.2.0
videojs-hls-source-selector,1.0.1,15,F,UNVERIFIED_PUBLISH_PATH|DORMANT|SINGLE_MAINTAINER,1,5,v0.2.0
webcoin-dogecoin,0.1.1,19,F,UNVERIFIED_PUBLISH_PATH|DORMANT|SINGLE_MAINTAINER,1,5,v0.2.0
'@electron-fonts/open-sans,1.2.0,19,F,UNVERIFIED_PUBLISH_PATH|DORMANT|SINGLE_MAINTAINER,1,4,v0.2.0
'@finsweet/attributes-support,1.1.1,24,F,UNVERIFIED_PUBLISH_PATH|DORMANT,2,4,v0.2.0
'@flarehr/core-hr-app,0.1.3,24,F,UNVERIFIED_PUBLISH_PATH|DORMANT|PUBLISHER_NOT_MAINTAINER,8,4,v0.2.0
'@frontkom/starterx-employees,1.3.0,33,F,UNVERIFIED_PUBLISH_PATH|DORMANT,10,4,v0.2.0
'@getlupa/assets,1.0.2,10,F,UNVERIFIED_PUBLISH_PATH|DORMANT|SINGLE_MAINTAINER,1,4,v0.2.0
'@jimmyswrld/j-calc,2.0.0,15,F,UNVERIFIED_PUBLISH_PATH|DORMANT|SINGLE_MAINTAINER,1,4,v0.2.0
'@kiwigrid/kiwi-atoms,0.9.1,29,F,UNVERIFIED_PUBLISH_PATH|DORMANT,6,4,v0.2.0
'@loomchild/webflow-alpinejs,2.2.0,19,F,UNVERIFIED_PUBLISH_PATH|DORMANT|SINGLE_MAINTAINER,1,4,v0.2.0
'@mobiloud/ml-promotions-banner,1.0.1,14,F,UNVERIFIED_PUBLISH_PATH|DORMANT|SINGLE_MAINTAINER|PUBLISHER_NOT_MAINTAINER,1,4,v0.2.0
'@noonnu/cafe24-ohsquare,0.1.0,14,F,UNVERIFIED_PUBLISH_PATH|DORMANT|SINGLE_MAINTAINER,1,4,v0.2.0
'@noonnu/jeju-hallasan,0.1.0,14,F,UNVERIFIED_PUBLISH_PATH|DORMANT|SINGLE_MAINTAINER,1,4,v0.2.0
'@perceptimagery/sprie-embed,0.5.1005,30,F,UNVERIFIED_PUBLISH_PATH,2,4,v0.2.0
'@remix-gg/sdk,0.6.0,21,F,UNVERIFIED_PUBLISH_PATH|SINGLE_MAINTAINER,1,4,v0.2.0
'@scbd/www-css,1.0.2,24,F,UNVERIFIED_PUBLISH_PATH|DORMANT,4,4,v0.2.0
'@smartrep/web-widget,1.0.52,39,D,UNVERIFIED_PUBLISH_PATH,4,4,v0.2.0
'@the-oz/app-swatches,3.1.1,24,F,UNVERIFIED_PUBLISH_PATH|DORMANT|PUBLISHER_NOT_MAINTAINER,3,4,v0.2.0
'@widgetic/sdk,1.7.12,21,F,UNVERIFIED_PUBLISH_PATH|SINGLE_MAINTAINER,1,4,v0.2.0
'@zaixianwan/web-dist,2.1.0-git-820302aceb943e3d62051403a90193f4449d60c5,21,F,UNVERIFIED_PUBLISH_PATH|SINGLE_MAINTAINER,1,4,v0.2.0
bootstrap-show-toast,1.2.2,25,F,UNVERIFIED_PUBLISH_PATH|SINGLE_MAINTAINER,1,4,v0.2.0
editor-blocks-pricing-table,0.0.9,10,F,UNVERIFIED_PUBLISH_PATH|DORMANT|SINGLE_MAINTAINER,1,4,v0.2.0
jquery-toasts,1.1.0,19,F,UNVERIFIED_PUBLISH_PATH|DORMANT|SINGLE_MAINTAINER,1,4,v0.2.0
jquery.cookiefy,1.0.4,19,F,UNVERIFIED_PUBLISH_PATH|DORMANT|SINGLE_MAINTAINER,1,4,v0.2.0
jtsage-datebox-i18n,5.3.3,14,F,UNVERIFIED_PUBLISH_PATH|DORMANT|SINGLE_MAINTAINER,1,4,v0.2.0
lazy-load-picture,0.0.1,14,F,UNVERIFIED_PUBLISH_PATH|DORMANT|SINGLE_MAINTAINER,1,4,v0.2.0
mksiema,1.0.3,20,F,UNVERIFIED_PUBLISH_PATH|SINGLE_MAINTAINER,1,4,v0.2.0
preact-htm-signals-standalone,0.0.16,19,F,UNVERIFIED_PUBLISH_PATH|DORMANT|SINGLE_MAINTAINER,1,4,v0.2.0
showfer-tv-guide,1.0.3,21,F,UNVERIFIED_PUBLISH_PATH|SINGLE_MAINTAINER,1,4,v0.2.0
spotclip,1.3.22,25,F,UNVERIFIED_PUBLISH_PATH|SINGLE_MAINTAINER,1,4,v0.2.0
'@datarose/scrollreveal,1.3.0,19,F,UNVERIFIED_PUBLISH_PATH|DORMANT|SINGLE_MAINTAINER,1,3,v0.2.0
'@developerportalsg/docsify,4.12.18,39,D,UNVERIFIED_PUBLISH_PATH|DORMANT,3,3,v0.2.0
'@dflock/primeicons,6.0.3-SNAPSHOT,19,F,UNVERIFIED_PUBLISH_PATH|DORMANT|SINGLE_MAINTAINER,1,3,v0.2.0
'@dvgis/cesium-widget,1.0.1,14,F,UNVERIFIED_PUBLISH_PATH|DORMANT|SINGLE_MAINTAINER,1,3,v0.2.0
'@feedmepos/mf-kitchen,1.0.4,35,D,UNVERIFIED_PUBLISH_PATH,3,3,v0.2.0
'@fmakdemir/ckeditor5-super-build,12.2.2,19,F,UNVERIFIED_PUBLISH_PATH|DORMANT|SINGLE_MAINTAINER,1,3,v0.2.0
'@frontkom/starterx-mosaic,1.0.1,28,F,UNVERIFIED_PUBLISH_PATH|DORMANT|PUBLISHER_NOT_MAINTAINER,10,3,v0.2.0
'@frontle/bottomsheet,1.0.3,33,F,UNVERIFIED_PUBLISH_PATH|DORMANT,2,3,v0.2.0
'@mobiloud/ml-review-popup,1.0.0,25,F,UNVERIFIED_PUBLISH_PATH|SINGLE_MAINTAINER,1,3,v0.2.0
'@noonnu/gmarketsanslight,0.0.1,14,F,UNVERIFIED_PUBLISH_PATH|DORMANT|SINGLE_MAINTAINER|DEPRECATED,1,3,v0.2.0
'@noonnu/sebang-gothic_regular,0.0.1,14,F,UNVERIFIED_PUBLISH_PATH|DORMANT|SINGLE_MAINTAINER|DEPRECATED,1,3,v0.2.0
'@noonnu/spoqa-han-sans,0.1.0,14,F,UNVERIFIED_PUBLISH_PATH|DORMANT|SINGLE_MAINTAINER,1,3,v0.2.0
'@pixelpink/baupal,1.5.1,10,F,UNVERIFIED_PUBLISH_PATH|DORMANT|SINGLE_MAINTAINER,1,3,v0.2.0
'@proicons/vue,4.13.6,42,D,INCONSISTENT_PUBLISH_PATH|SINGLE_MAINTAINER,1,3,v0.2.0
'@snovasys/usage-analytics-sdk,1.2.0,21,F,UNVERIFIED_PUBLISH_PATH|SINGLE_MAINTAINER,1,3,v0.2.0
'@thedarkita/agm,1.0.0-beta.2,14,F,UNVERIFIED_PUBLISH_PATH|DORMANT|SINGLE_MAINTAINER,1,3,v0.2.0
'@uoguelph/uofg-styles,3.0.3,35,D,UNVERIFIED_PUBLISH_PATH,5,3,v0.2.0
'@yookgmbh/storefront-components,1.3.12,24,F,UNVERIFIED_PUBLISH_PATH|DORMANT,4,3,v0.2.0
adinkra-icons,1.1.2,19,F,UNVERIFIED_PUBLISH_PATH|DORMANT|SINGLE_MAINTAINER,1,3,v0.2.0
aliplayercomonents,1.0.0,10,F,UNVERIFIED_PUBLISH_PATH|DORMANT|SINGLE_MAINTAINER,1,3,v0.2.0
cdnbye-mp4,0.11.3,19,F,UNVERIFIED_PUBLISH_PATH|DORMANT|SINGLE_MAINTAINER,1,3,v0.2.0
dejavu-smoji,1.0.2,14,F,UNVERIFIED_PUBLISH_PATH|DORMANT|SINGLE_MAINTAINER,1,3,v0.2.0
fonts-archive-one-mobile,0.0.3,15,F,UNVERIFIED_PUBLISH_PATH|DORMANT|SINGLE_MAINTAINER,1,3,v0.2.0
freezeui,1.0.1,19,F,UNVERIFIED_PUBLISH_PATH|DORMANT|SINGLE_MAINTAINER,1,3,v0.2.0
gocaptcha,1.0.0,16,F,UNVERIFIED_PUBLISH_PATH|SINGLE_MAINTAINER,1,3,v0.2.0
ics-browser-gen,0.1.3,19,F,UNVERIFIED_PUBLISH_PATH|DORMANT|SINGLE_MAINTAINER,1,3,v0.2.0
picasso-canvas-fingerprinting,1.0.1,19,F,UNVERIFIED_PUBLISH_PATH|DORMANT|SINGLE_MAINTAINER,1,3,v0.2.0
proxymity,2.0.4,19,F,UNVERIFIED_PUBLISH_PATH|DORMANT|SINGLE_MAINTAINER,1,3,v0.2.0
quojs,3.0.8,15,F,UNVERIFIED_PUBLISH_PATH|DORMANT|SINGLE_MAINTAINER,1,3,v0.2.0
youtube-lite,1.0.0,19,F,UNVERIFIED_PUBLISH_PATH|DORMANT|SINGLE_MAINTAINER,1,3,v0.2.0
zenselect,0.1.7,19,F,UNVERIFIED_PUBLISH_PATH|DORMANT|SINGLE_MAINTAINER,1,3,v0.2.0
'@electron-fonts/roboto-condensed,1.2.0,19,F,UNVERIFIED_PUBLISH_PATH|DORMANT|SINGLE_MAINTAINER,1,2,v0.2.0
'@jleskovar/vue-native-websocket,2.0.5,19,F,UNVERIFIED_PUBLISH_PATH|DORMANT|SINGLE_MAINTAINER,1,2,v0.2.0
'@noonnu/gmarketsansmedium,0.0.1,14,F,UNVERIFIED_PUBLISH_PATH|DORMANT|SINGLE_MAINTAINER|DEPRECATED,1,2,v0.2.0
'@noonnu/s-coredream-6bold,0.0.1,14,F,UNVERIFIED_PUBLISH_PATH|DORMANT|SINGLE_MAINTAINER|DEPRECATED,1,2,v0.2.0
'@orange-games/phaser-nineslice,2.0.1,28,F,UNVERIFIED_PUBLISH_PATH|DORMANT|DEPRECATED,3,2,v0.2.0
'@positioner/psk-tabs,1.0.2,33,F,UNVERIFIED_PUBLISH_PATH|DORMANT,4,2,v0.2.0
'@scbd/page-header,0.1.0,24,F,UNVERIFIED_PUBLISH_PATH|DORMANT,4,2,v0.2.0
'@tashop/prebid-universal-creative,1.14.0,19,F,UNVERIFIED_PUBLISH_PATH|DORMANT|SINGLE_MAINTAINER,1,2,v0.2.0
'@wc-lib/d3-line-chart,1.0.14,16,F,UNVERIFIED_PUBLISH_PATH|SINGLE_MAINTAINER,1,2,v0.2.0
'@wrapp/f89e3f1419d40,0.1.6,16,F,UNVERIFIED_PUBLISH_PATH|SINGLE_MAINTAINER,1,2,v0.2.0
addon-interscroller,1.0.6,19,F,UNVERIFIED_PUBLISH_PATH|DORMANT|SINGLE_MAINTAINER,1,2,v0.2.0
advanced-ellipsis,0.2.3,19,F,UNVERIFIED_PUBLISH_PATH|DORMANT|SINGLE_MAINTAINER,1,2,v0.2.0
bootstrap-hardskilled-extend-select,1.2.2,19,F,UNVERIFIED_PUBLISH_PATH|DORMANT|SINGLE_MAINTAINER,1,2,v0.2.0
c-zoolab-w-data,1.0.11,25,F,UNVERIFIED_PUBLISH_PATH|SINGLE_MAINTAINER,1,2,v0.2.0
chiron-sans-hk-pro-webfont,1.11.1,14,F,UNVERIFIED_PUBLISH_PATH|DORMANT|SINGLE_MAINTAINER|DEPRECATED,1,2,v0.2.0
codalyn-loadout,1.1.4,73,B,SINGLE_MAINTAINER,1,2,v0.2.0
datatables-loadmore,1.0.1,10,F,UNVERIFIED_PUBLISH_PATH|DORMANT|SINGLE_MAINTAINER,1,2,v0.2.0
depends-on-js,1.5.1,14,F,UNVERIFIED_PUBLISH_PATH|DORMANT|SINGLE_MAINTAINER,1,2,v0.2.0
freemarker-web-editor,1.0.0,15,F,UNVERIFIED_PUBLISH_PATH|DORMANT|SINGLE_MAINTAINER,1,2,v0.2.0
honeyjs,1.1.3,14,F,UNVERIFIED_PUBLISH_PATH|DORMANT|SINGLE_MAINTAINER|PUBLISHER_NOT_MAINTAINER|DEPRECATED,1,2,v0.2.0
natural-gallery-js,2.8.0,19,F,UNVERIFIED_PUBLISH_PATH|DORMANT|SINGLE_MAINTAINER|DEPRECATED,1,2,v0.2.0
osi4kjb-embed-checkout-form,1.0.0,10,F,UNVERIFIED_PUBLISH_PATH|DORMANT|SINGLE_MAINTAINER,1,2,v0.2.0
scrollsnap-controls,1.0.7,15,F,UNVERIFIED_PUBLISH_PATH|DORMANT|SINGLE_MAINTAINER,1,2,v0.2.0
'@appility/scrolltracker,1.0.3,15,F,UNVERIFIED_PUBLISH_PATH|DORMANT|SINGLE_MAINTAINER,1,1,v0.2.0
'@kirick/man,2.0.0-beta.7,19,F,UNVERIFIED_PUBLISH_PATH|DORMANT|SINGLE_MAINTAINER,1,1,v0.2.0
'@mig8447/lodash-debounce-throttle,4.17.5,19,F,UNVERIFIED_PUBLISH_PATH|DORMANT|SINGLE_MAINTAINER,1,1,v0.2.0
'@noonnu/jeju-gothic,0.1.0,14,F,UNVERIFIED_PUBLISH_PATH|DORMANT|SINGLE_MAINTAINER,1,1,v0.2.0
'@pitched/pitched-widget-standard,1.0.26,15,F,UNVERIFIED_PUBLISH_PATH|DORMANT|SINGLE_MAINTAINER,1,1,v0.2.0
'@quotalab/color,2.5.12,15,F,UNVERIFIED_PUBLISH_PATH|DORMANT|SINGLE_MAINTAINER|DEPRECATED,1,1,v0.2.0
adsense,0.0.1,10,F,UNVERIFIED_PUBLISH_PATH|DORMANT|SINGLE_MAINTAINER,1,1,v0.2.0
cmzydzsff2024926,1.0.2,10,F,UNVERIFIED_PUBLISH_PATH|DORMANT|SINGLE_MAINTAINER,1,1,v0.2.0
icons_ms728,1.0.0,10,F,UNVERIFIED_PUBLISH_PATH|DORMANT|SINGLE_MAINTAINER,1,1,v0.2.0
jquery-mask-number,1.0.1,19,F,UNVERIFIED_PUBLISH_PATH|DORMANT|SINGLE_MAINTAINER,1,1,v0.2.0
responsive-youtube.js,0.2.1,19,F,UNVERIFIED_PUBLISH_PATH|DORMANT|SINGLE_MAINTAINER,1,1,v0.2.0
routie-2,1.0.0,19,F,UNVERIFIED_PUBLISH_PATH|DORMANT|SINGLE_MAINTAINER,1,1,v0.2.0
tiptip,0.2.4,19,F,UNVERIFIED_PUBLISH_PATH|DORMANT|SINGLE_MAINTAINER,1,1,v0.2.0
web3fonts,1.0.0,10,F,UNVERIFIED_PUBLISH_PATH|DORMANT|SINGLE_MAINTAINER,1,1,v0.2.0
'@fancyapps/ui,6.1.14,25,F,UNVERIFIED_PUBLISH_PATH|SINGLE_MAINTAINER,1,0,v0.2.0
'@finsweet/attributes,2.7.1,82,B,BRANCH_REQUIRES_PR,2,0,v0.2.0
'@floating-ui/core,1.8.0,82,B,,2,0,v0.2.0
'@floating-ui/dom,1.8.0,82,B,,2,0,v0.2.0
'@fontsource-variable/noto-serif-jp,5.2.9,71,B,,2,0,v0.2.0
'@guzzj/clappr-level-selector-plugin,0.2.3,19,F,UNVERIFIED_PUBLISH_PATH|DORMANT|SINGLE_MAINTAINER,1,0,v0.2.0
'@intelight/geolib,2.0.22,14,F,UNVERIFIED_PUBLISH_PATH|DORMANT|SINGLE_MAINTAINER|PUBLISHER_NOT_MAINTAINER,1,0,v0.2.0
'@popperjs/core,2.11.8,28,F,UNVERIFIED_PUBLISH_PATH|DORMANT,2,0,v0.2.0
'@shoelace-style/shoelace,2.20.1,39,D,UNVERIFIED_PUBLISH_PATH,2,0,v0.2.0
'@splidejs/splide,4.1.4,19,F,UNVERIFIED_PUBLISH_PATH|DORMANT|SINGLE_MAINTAINER,1,0,v0.2.0
'@youon/videojs-abloop,1.0.2,29,F,UNVERIFIED_PUBLISH_PATH|DORMANT,3,0,v0.2.0
a11y-slider,0.4.22,19,F,UNVERIFIED_PUBLISH_PATH|DORMANT|SINGLE_MAINTAINER,1,0,v0.2.0
admin-iframe-compatibility,1.0.116,34,F,UNVERIFIED_PUBLISH_PATH,58,0,v0.2.0
aframe-look-at-component,1.0.0,28,F,UNVERIFIED_PUBLISH_PATH|DORMANT,2,0,v0.2.0
aframe-troika-text,0.14.0,21,F,UNVERIFIED_PUBLISH_PATH|SINGLE_MAINTAINER,1,0,v0.2.0
ag-grid-charts-enterprise,32.3.5,31,F,UNVERIFIED_PUBLISH_PATH|SINGLE_MAINTAINER,1,0,v0.2.0
ag-studio,2.0.1,21,F,UNVERIFIED_PUBLISH_PATH|SINGLE_MAINTAINER,1,0,v0.2.0
ajaxchimp,1.3.0,14,F,UNVERIFIED_PUBLISH_PATH|DORMANT|SINGLE_MAINTAINER,1,0,v0.2.0
ajmanpck,0.0.30,10,F,UNVERIFIED_PUBLISH_PATH|DORMANT|SINGLE_MAINTAINER,1,0,v0.2.0
alertify-js,0.3.12,15,F,UNVERIFIED_PUBLISH_PATH|DORMANT|SINGLE_MAINTAINER,1,0,v0.2.0
alertify.js,1.0.12,19,F,UNVERIFIED_PUBLISH_PATH|DORMANT|SINGLE_MAINTAINER,1,0,v0.2.0
alpinejs-jsz,1.0.7,19,F,UNVERIFIED_PUBLISH_PATH|DORMANT|SINGLE_MAINTAINER,1,0,v0.2.0
angular-bootstrap-slider,None,5,F,UNVERIFIED_PUBLISH_PATH,0,0,v0.2.0
angular-spinner,1.0.1,19,F,UNVERIFIED_PUBLISH_PATH|DORMANT|SINGLE_MAINTAINER,1,0,v0.2.0
antd-mobile-icons,0.3.0,19,F,UNVERIFIED_PUBLISH_PATH|DORMANT|SINGLE_MAINTAINER,1,0,v0.2.0
apollo-client,2.6.10,35,D,UNVERIFIED_PUBLISH_PATH|DORMANT,8,0,v0.2.0
apollo-client-browser,1.9.0,19,F,UNVERIFIED_PUBLISH_PATH|DORMANT|SINGLE_MAINTAINER,1,0,v0.2.0
arakawa,0.4.2,73,B,SINGLE_MAINTAINER,1,0,v0.2.0
artplayer-plugin-dash-quality,2.0.0,19,F,UNVERIFIED_PUBLISH_PATH|DORMANT|SINGLE_MAINTAINER|DEPRECATED,1,0,v0.2.0
assertion-error,2.0.1,19,F,UNVERIFIED_PUBLISH_PATH|DORMANT|SINGLE_MAINTAINER,1,0,v0.2.0
astrobench,0.1.2,19,F,UNVERIFIED_PUBLISH_PATH|DORMANT|SINGLE_MAINTAINER,1,0,v0.2.0
async-wait-until,2.0.31,32,F,UNVERIFIED_PUBLISH_PATH|SINGLE_MAINTAINER,1,0,v0.2.0
aws-icons,3.3.0,25,F,UNVERIFIED_PUBLISH_PATH|SINGLE_MAINTAINER,1,0,v0.2.0
baseline-browser-mapping,2.10.43,63,C,INCONSISTENT_PUBLISH_PATH|SINGLE_MAINTAINER,1,0,v0.2.0
bidi-js,1.0.3,19,F,UNVERIFIED_PUBLISH_PATH|DORMANT|SINGLE_MAINTAINER,1,0,v0.2.0
bootstrap-honoka,4.4.0,19,F,UNVERIFIED_PUBLISH_PATH|DORMANT|SINGLE_MAINTAINER,1,0,v0.2.0
bootstrap-tokenfield,0.12.0,14,F,UNVERIFIED_PUBLISH_PATH|DORMANT|SINGLE_MAINTAINER,1,0,v0.2.0
bootstrap-tourist,0.3.2,19,F,UNVERIFIED_PUBLISH_PATH|DORMANT|SINGLE_MAINTAINER,1,0,v0.2.0
bootstrap-validator,0.11.9,19,F,UNVERIFIED_PUBLISH_PATH|DORMANT|SINGLE_MAINTAINER,1,0,v0.2.0
bootstrap4c-custom-switch,1.1.2,19,F,UNVERIFIED_PUBLISH_PATH|DORMANT|SINGLE_MAINTAINER,1,0,v0.2.0
breakpoints-js,1.0.6,19,F,UNVERIFIED_PUBLISH_PATH|DORMANT|SINGLE_MAINTAINER,1,0,v0.2.0
broadcast-channel,7.3.0,25,F,UNVERIFIED_PUBLISH_PATH|SINGLE_MAINTAINER,1,0,v0.2.0
browser-or-node,3.0.0,19,F,UNVERIFIED_PUBLISH_PATH|DORMANT|SINGLE_MAINTAINER,1,0,v0.2.0
browser-query-utils,2.0.1,25,F,UNVERIFIED_PUBLISH_PATH|SINGLE_MAINTAINER,1,0,v0.2.0
buffer-xor,2.0.2,33,F,UNVERIFIED_PUBLISH_PATH|DORMANT,2,0,v0.2.0
bulma-checkradio,2.1.3,33,F,UNVERIFIED_PUBLISH_PATH|DORMANT|DEPRECATED,2,0,v0.2.0
bulma-switch-control,1.2.2,19,F,UNVERIFIED_PUBLISH_PATH|DORMANT|SINGLE_MAINTAINER,1,0,v0.2.0
calenstyle,2.0.8,24,F,UNVERIFIED_PUBLISH_PATH|DORMANT,2,0,v0.2.0
centricminds-ui,2.8.4,21,F,UNVERIFIED_PUBLISH_PATH|SINGLE_MAINTAINER,1,0,v0.2.0
chartjs-plugin-datasource,0.1.0,19,F,UNVERIFIED_PUBLISH_PATH|DORMANT|SINGLE_MAINTAINER,1,0,v0.2.0
cldr-core,48.2.0,39,D,UNVERIFIED_PUBLISH_PATH,4,0,v0.2.0
click-outside-vue3,4.0.1,19,F,UNVERIFIED_PUBLISH_PATH|DORMANT|SINGLE_MAINTAINER,1,0,v0.2.0
cn-fontsource-yozai,1.0.6,19,F,UNVERIFIED_PUBLISH_PATH|DORMANT|SINGLE_MAINTAINER,1,0,v0.2.0
commander,15.0.0,45,D,UNVERIFIED_PUBLISH_PATH,2,0,v0.2.0
component-emitter,2.0.0,19,F,UNVERIFIED_PUBLISH_PATH|DORMANT|SINGLE_MAINTAINER,1,0,v0.2.0
convertapi-js,1.0.8,19,F,UNVERIFIED_PUBLISH_PATH|DORMANT|SINGLE_MAINTAINER,1,0,v0.2.0
core-util-is,1.0.3,19,F,UNVERIFIED_PUBLISH_PATH|DORMANT|SINGLE_MAINTAINER,1,0,v0.2.0
cornerstone-math,0.1.10,33,F,UNVERIFIED_PUBLISH_PATH|DORMANT,10,0,v0.2.0
crds-core,1.17.2-rc.0,23,F,UNVERIFIED_PUBLISH_PATH|DORMANT|PUBLISHER_NOT_MAINTAINER,7,0,v0.2.0
d3-tile,1.0.0,33,F,UNVERIFIED_PUBLISH_PATH|DORMANT,2,0,v0.2.0
deat-mui-icons,3.0.2,14,F,UNVERIFIED_PUBLISH_PATH|DORMANT|SINGLE_MAINTAINER,1,0,v0.2.0
defuddle,0.19.1,25,F,UNVERIFIED_PUBLISH_PATH|SINGLE_MAINTAINER,1,0,v0.2.0
docsify-count,1.1.0,19,F,UNVERIFIED_PUBLISH_PATH|DORMANT|SINGLE_MAINTAINER,1,0,v0.2.0
docsify-plugin-carbon,1.0.7,19,F,UNVERIFIED_PUBLISH_PATH|DORMANT|SINGLE_MAINTAINER,1,0,v0.2.0
docsify-top-banner-plugin,0.4.0,19,F,UNVERIFIED_PUBLISH_PATH|DORMANT|SINGLE_MAINTAINER,1,0,v0.2.0
dom-i18n,1.2.0,19,F,UNVERIFIED_PUBLISH_PATH|DORMANT|SINGLE_MAINTAINER,1,0,v0.2.0
easyzoom-mp,2.2.2,19,F,UNVERIFIED_PUBLISH_PATH|DORMANT|SINGLE_MAINTAINER,1,0,v0.2.0
editorjs-simple-image-updated,1.3.8,19,F,UNVERIFIED_PUBLISH_PATH|DORMANT|SINGLE_MAINTAINER,1,0,v0.2.0
editorjs-style,3.0.3,14,F,UNVERIFIED_PUBLISH_PATH|DORMANT|SINGLE_MAINTAINER,1,0,v0.2.0
editorjs-youtube-embed-extended,1.0.3,19,F,UNVERIFIED_PUBLISH_PATH|DORMANT|SINGLE_MAINTAINER,1,0,v0.2.0
egoroof-blowfish,4.0.2,63,C,SINGLE_MAINTAINER,1,0,v0.2.0
electron,43.1.1,47,D,UNVERIFIED_PUBLISH_PATH,2,0,v0.2.0
encoding-sniffer,1.0.2,73,B,SINGLE_MAINTAINER,1,0,v0.2.0
encrypt-storage,2.16.2,31,F,UNVERIFIED_PUBLISH_PATH|SINGLE_MAINTAINER,1,0,v0.2.0
es-abstract,1.24.2,25,F,UNVERIFIED_PUBLISH_PATH|SINGLE_MAINTAINER,1,0,v0.2.0
esptool-js,0.6.0,87,A,,2,0,v0.2.0
exam-guard,10.0.4,39,D,UNVERIFIED_PUBLISH_PATH,5,0,v0.2.0
fast-json-patch,3.1.1,33,F,UNVERIFIED_PUBLISH_PATH|DORMANT,4,0,v0.2.0
fast-levenshtein,3.0.0,19,F,UNVERIFIED_PUBLISH_PATH|DORMANT|SINGLE_MAINTAINER,1,0,v0.2.0
fbmessenger,5.0.3,19,F,UNVERIFIED_PUBLISH_PATH|DORMANT|SINGLE_MAINTAINER,1,0,v0.2.0
filesaver.js,1.3.4,33,F,UNVERIFIED_PUBLISH_PATH|DORMANT|DEPRECATED,2,0,v0.2.0
fingerprintjs2sync,1.5.9,19,F,UNVERIFIED_PUBLISH_PATH|DORMANT|SINGLE_MAINTAINER,1,0,v0.2.0
flowbite-svelte-icons,3.1.0,20,F,UNVERIFIED_PUBLISH_PATH|SINGLE_MAINTAINER,1,0,v0.2.0
flutter_sound_core,9.30.0,20,F,UNVERIFIED_PUBLISH_PATH|SINGLE_MAINTAINER,1,0,v0.2.0
fontawesome-6-pro,None,5,F,UNVERIFIED_PUBLISH_PATH,0,0,v0.2.0
fontawesome-free-6.2.1,None,5,F,UNVERIFIED_PUBLISH_PATH,0,0,v0.2.0
fsevents,2.3.3,33,F,UNVERIFIED_PUBLISH_PATH|DORMANT,2,0,v0.2.0
fuse-js-latest,3.1.0,19,F,UNVERIFIED_PUBLISH_PATH|DORMANT|SINGLE_MAINTAINER|DEPRECATED,1,0,v0.2.0
fxpmzkxstt,None,5,F,UNVERIFIED_PUBLISH_PATH,0,0,v0.2.0
fz-search,1.0.0,19,F,UNVERIFIED_PUBLISH_PATH|DORMANT|SINGLE_MAINTAINER,1,0,v0.2.0
gl-vec3,1.2.0,39,D,UNVERIFIED_PUBLISH_PATH,11,0,v0.2.0
globalthis-polyfill,1.0.0,15,F,UNVERIFIED_PUBLISH_PATH|DORMANT|SINGLE_MAINTAINER,1,0,v0.2.0
granim,2.0.0,33,F,UNVERIFIED_PUBLISH_PATH|DORMANT,2,0,v0.2.0
graphhopper-js-api-client,7.6.5,39,D,UNVERIFIED_PUBLISH_PATH|DEPRECATED,2,0,v0.2.0
graphology-utils,2.5.2,19,F,UNVERIFIED_PUBLISH_PATH|DORMANT|SINGLE_MAINTAINER,1,0,v0.2.0
handy-work,3.1.13,39,D,UNVERIFIED_PUBLISH_PATH,2,0,v0.2.0
hexo-shiki-plugin,1.0.32,73,B,SINGLE_MAINTAINER,1,0,v0.2.0
highlight.run,10.5.0,94,A,,2,0,v0.2.0
highlightjs-cshtml-razor,2.2.0,25,F,UNVERIFIED_PUBLISH_PATH|SINGLE_MAINTAINER,1,0,v0.2.0
hummingbird-treeview,3.0.5,19,F,UNVERIFIED_PUBLISH_PATH|DORMANT|SINGLE_MAINTAINER,1,0,v0.2.0
hyperclayjs,1.34.0,25,F,UNVERIFIED_PUBLISH_PATH|SINGLE_MAINTAINER,1,0,v0.2.0
i8-icon,0.9.4,19,F,UNVERIFIED_PUBLISH_PATH|DORMANT|SINGLE_MAINTAINER,1,0,v0.2.0
ideal-postcodes-autocomplete,0.2.1,19,F,UNVERIFIED_PUBLISH_PATH|DORMANT|SINGLE_MAINTAINER,1,0,v0.2.0
image-blob-reduce,5.0.1,25,F,UNVERIFIED_PUBLISH_PATH|SINGLE_MAINTAINER,1,0,v0.2.0
is-emoji-supported,0.0.5,28,F,UNVERIFIED_PUBLISH_PATH|DORMANT|PUBLISHER_NOT_MAINTAINER,2,0,v0.2.0
jolty,0.6.2,19,F,UNVERIFIED_PUBLISH_PATH|DORMANT|SINGLE_MAINTAINER,1,0,v0.2.0
jquery-backstretch,2.1.18,33,F,UNVERIFIED_PUBLISH_PATH|DORMANT,2,0,v0.2.0
jquery-binarytransport,1.0.0,19,F,UNVERIFIED_PUBLISH_PATH|DORMANT|SINGLE_MAINTAINER,1,0,v0.2.0
jquery-cookiebar,1.0.5,19,F,UNVERIFIED_PUBLISH_PATH|DORMANT|SINGLE_MAINTAINER,1,0,v0.2.0
jquery-file-upload,4.0.11,19,F,UNVERIFIED_PUBLISH_PATH|DORMANT|SINGLE_MAINTAINER,1,0,v0.2.0
jquery-particles,None,5,F,UNVERIFIED_PUBLISH_PATH,0,0,v0.2.0
jquery-pincode-autotab,2.2.3,19,F,UNVERIFIED_PUBLISH_PATH|DORMANT|SINGLE_MAINTAINER,1,0,v0.2.0
jquery.calculator,2.0.1,19,F,UNVERIFIED_PUBLISH_PATH|DORMANT|SINGLE_MAINTAINER,1,0,v0.2.0
jquery.marker-animation,1.5.21,26,F,UNVERIFIED_PUBLISH_PATH|DORMANT|SINGLE_MAINTAINER,1,0,v0.2.0
js-storage,1.1.0,19,F,UNVERIFIED_PUBLISH_PATH|DORMANT|SINGLE_MAINTAINER,1,0,v0.2.0
jsep,1.4.0,33,F,UNVERIFIED_PUBLISH_PATH|DORMANT,3,0,v0.2.0
jupyter-leaflet,0.20.0,39,D,UNVERIFIED_PUBLISH_PATH,6,0,v0.2.0
jzz-synth-tiny,1.4.4,25,F,UNVERIFIED_PUBLISH_PATH|SINGLE_MAINTAINER,1,0,v0.2.0
kchop-plugin,None,5,F,UNVERIFIED_PUBLISH_PATH,0,0,v0.2.0
kelvin-js,0.0.8,21,F,UNVERIFIED_PUBLISH_PATH|SINGLE_MAINTAINER,1,0,v0.2.0
kfgqpc-uthmanic-script-hafs-regular,1.0.0,15,F,UNVERIFIED_PUBLISH_PATH|DORMANT|SINGLE_MAINTAINER,1,0,v0.2.0
koombiwebfont,2.1.1,19,F,UNVERIFIED_PUBLISH_PATH|DORMANT|SINGLE_MAINTAINER,1,0,v0.2.0
leaflet-sidebar-v2,3.2.3,33,F,UNVERIFIED_PUBLISH_PATH|DORMANT,2,0,v0.2.0
leaflet.icon.glyph,0.3.0,14,F,UNVERIFIED_PUBLISH_PATH|DORMANT|SINGLE_MAINTAINER,1,0,v0.2.0
leaflet.markercluster.freezable,1.0.0,19,F,UNVERIFIED_PUBLISH_PATH|DORMANT|SINGLE_MAINTAINER,1,0,v0.2.0
leaflet.snogylop,0.4.0,19,F,UNVERIFIED_PUBLISH_PATH|DORMANT|SINGLE_MAINTAINER,1,0,v0.2.0
libsodium-sumo,0.8.4,25,F,UNVERIFIED_PUBLISH_PATH|SINGLE_MAINTAINER,1,0,v0.2.0
linkify-jquery,4.3.3,79,B,SINGLE_MAINTAINER,1,0,v0.2.0
live2d-widget-model-haru,1.0.5,14,F,UNVERIFIED_PUBLISH_PATH|DORMANT|SINGLE_MAINTAINER,1,0,v0.2.0
lml-main,1.0.0,19,F,UNVERIFIED_PUBLISH_PATH|DORMANT|SINGLE_MAINTAINER,1,0,v0.2.0
magic.css,1.4.8,19,F,UNVERIFIED_PUBLISH_PATH|DORMANT|SINGLE_MAINTAINER,1,0,v0.2.0
manrope,2.0.0,14,F,UNVERIFIED_PUBLISH_PATH|DORMANT|SINGLE_MAINTAINER,1,0,v0.2.0
mapbox-gl-animated-popup,0.4.0,19,F,UNVERIFIED_PUBLISH_PATH|DORMANT|SINGLE_MAINTAINER,1,0,v0.2.0
maptalks-gl,0.124.4,20,F,UNVERIFIED_PUBLISH_PATH|SINGLE_MAINTAINER,1,0,v0.2.0
markdown-it-abbr,2.0.0,19,F,UNVERIFIED_PUBLISH_PATH|DORMANT|SINGLE_MAINTAINER,1,0,v0.2.0
markdown-it-br,1.0.0,33,F,UNVERIFIED_PUBLISH_PATH|DORMANT,5,0,v0.2.0
markdown-it-deflist,3.0.1,25,F,UNVERIFIED_PUBLISH_PATH|SINGLE_MAINTAINER,1,0,v0.2.0
markdown-it-div,1.1.0,19,F,UNVERIFIED_PUBLISH_PATH|DORMANT|SINGLE_MAINTAINER,1,0,v0.2.0
markdown-it-mathjax,2.0.0,19,F,UNVERIFIED_PUBLISH_PATH|DORMANT|SINGLE_MAINTAINER,1,0,v0.2.0
mdi-react,9.4.0,14,F,UNVERIFIED_PUBLISH_PATH|DORMANT|SINGLE_MAINTAINER,1,0,v0.2.0
mgrs,2.2.0,39,D,UNVERIFIED_PUBLISH_PATH,3,0,v0.2.0
miller-rabin,4.0.1,33,F,UNVERIFIED_PUBLISH_PATH|DORMANT,2,0,v0.2.0
mind-elixir,5.14.0,63,C,INCONSISTENT_PUBLISH_PATH|SINGLE_MAINTAINER,1,0,v0.2.0
minizinc,4.4.6,82,B,,3,0,v0.2.0
mlwgycqisx,None,5,F,UNVERIFIED_PUBLISH_PATH,0,0,v0.2.0
moveto,1.8.2,19,F,UNVERIFIED_PUBLISH_PATH|DORMANT|SINGLE_MAINTAINER,1,0,v0.2.0
mtr-pixel,2.0.0,25,F,UNVERIFIED_PUBLISH_PATH|SINGLE_MAINTAINER,1,0,v0.2.0
multiselect,0.9.12,10,F,UNVERIFIED_PUBLISH_PATH|DORMANT|SINGLE_MAINTAINER,1,0,v0.2.0
musubii,9.4.0,25,F,UNVERIFIED_PUBLISH_PATH|SINGLE_MAINTAINER,1,0,v0.2.0
n8n-workflow,2.16.0,95,A,,4,0,v0.2.0
native-material-icons,0.1.4,34,F,UNVERIFIED_PUBLISH_PATH,4,0,v0.2.0
nestable2,1.6.0,19,F,UNVERIFIED_PUBLISH_PATH|DORMANT|SINGLE_MAINTAINER,1,0,v0.2.0
neue-template,1.4.17,25,F,UNVERIFIED_PUBLISH_PATH|SINGLE_MAINTAINER,1,0,v0.2.0
nonblockjs,1.0.8,19,F,UNVERIFIED_PUBLISH_PATH|DORMANT|SINGLE_MAINTAINER,1,0,v0.2.0
noto-sans-tc,36.0.0,19,F,UNVERIFIED_PUBLISH_PATH|DORMANT|SINGLE_MAINTAINER,1,0,v0.2.0
noto-serif-sc,31.0.0,19,F,UNVERIFIED_PUBLISH_PATH|DORMANT|SINGLE_MAINTAINER,1,0,v0.2.0
nucleo-ui-fill-12,1.5.0,16,F,UNVERIFIED_PUBLISH_PATH|SINGLE_MAINTAINER,1,0,v0.2.0
nyc,18.0.0,39,D,UNVERIFIED_PUBLISH_PATH,3,0,v0.2.0
object-fit-videos,1.0.4,19,F,UNVERIFIED_PUBLISH_PATH|DORMANT|SINGLE_MAINTAINER,1,0,v0.2.0
object-path,0.11.8,25,F,UNVERIFIED_PUBLISH_PATH|DORMANT|SINGLE_MAINTAINER,1,0,v0.2.0
obug,2.1.3,68,C,SINGLE_MAINTAINER,1,0,v0.2.0
oembed-component,1.1.5,15,F,UNVERIFIED_PUBLISH_PATH|DORMANT|SINGLE_MAINTAINER,1,0,v0.2.0
offcanvas-bootstrap,2.5.2,19,F,UNVERIFIED_PUBLISH_PATH|DORMANT|SINGLE_MAINTAINER,1,0,v0.2.0
ooni-run,0.1.7,24,F,UNVERIFIED_PUBLISH_PATH|DORMANT,2,0,v0.2.0
openseadragon-opacity-slider,1.0.0,14,F,UNVERIFIED_PUBLISH_PATH|DORMANT|SINGLE_MAINTAINER,1,0,v0.2.0
ovenlivekit,1.5.8,25,F,UNVERIFIED_PUBLISH_PATH|SINGLE_MAINTAINER,1,0,v0.2.0
owl-carousel-2,0.0.3,10,F,UNVERIFIED_PUBLISH_PATH|DORMANT|SINGLE_MAINTAINER,1,0,v0.2.0
p-timeout,7.0.1,25,F,UNVERIFIED_PUBLISH_PATH|SINGLE_MAINTAINER,1,0,v0.2.0
p5.sound,0.3.0,35,D,UNVERIFIED_PUBLISH_PATH,5,0,v0.2.0
powergrid-viewer,1.11.14,68,C,SINGLE_MAINTAINER,1,0,v0.2.0
preferred-locale,2.0.2,19,F,UNVERIFIED_PUBLISH_PATH|DORMANT|SINGLE_MAINTAINER,1,0,v0.2.0
process-nextick-args,2.0.1,19,F,UNVERIFIED_PUBLISH_PATH|DORMANT|SINGLE_MAINTAINER,1,0,v0.2.0
prosemirror-tables,1.8.5,72,B,,6,0,v0.2.0
protomaps-leaflet,5.1.0,25,F,UNVERIFIED_PUBLISH_PATH|SINGLE_MAINTAINER,1,0,v0.2.0
pubnub,12.0.0,46,D,UNVERIFIED_PUBLISH_PATH,5,0,v0.2.0
q,1.5.1,33,F,UNVERIFIED_PUBLISH_PATH|DORMANT|DEPRECATED,2,0,v0.2.0
querystringify,2.2.0,33,F,UNVERIFIED_PUBLISH_PATH|DORMANT,4,0,v0.2.0
quizdown,0.6.0,19,F,UNVERIFIED_PUBLISH_PATH|DORMANT|SINGLE_MAINTAINER,1,0,v0.2.0
rad_share,1.4.1,15,F,UNVERIFIED_PUBLISH_PATH|DORMANT|SINGLE_MAINTAINER,1,0,v0.2.0
rc-animate,3.1.1,33,F,UNVERIFIED_PUBLISH_PATH|DORMANT,5,0,v0.2.0
react-date-range,2.0.1,35,D,UNVERIFIED_PUBLISH_PATH|DORMANT,4,0,v0.2.0
react-grid-layout,2.2.3,25,F,UNVERIFIED_PUBLISH_PATH|SINGLE_MAINTAINER,1,0,v0.2.0
react-native-iap,15.5.0,73,B,SINGLE_MAINTAINER,1,0,v0.2.0
react-native-vector-icons,10.3.0,25,F,UNVERIFIED_PUBLISH_PATH|SINGLE_MAINTAINER|DEPRECATED,1,0,v0.2.0
react-native-vision-camera,5.1.0,25,F,UNVERIFIED_PUBLISH_PATH|SINGLE_MAINTAINER,1,0,v0.2.0
react-responsive-datepicker,1.0.7,19,F,UNVERIFIED_PUBLISH_PATH|DORMANT|SINGLE_MAINTAINER,1,0,v0.2.0
react-to-print,3.3.0,39,D,UNVERIFIED_PUBLISH_PATH,2,0,v0.2.0
react-tooltip,6.0.8,39,D,UNVERIFIED_PUBLISH_PATH,6,0,v0.2.0
reaviz,16.2.1,25,F,UNVERIFIED_PUBLISH_PATH|SINGLE_MAINTAINER,1,0,v0.2.0
regression,2.0.1,19,F,UNVERIFIED_PUBLISH_PATH|DORMANT|SINGLE_MAINTAINER,1,0,v0.2.0
requestanimationframe,0.0.23,19,F,UNVERIFIED_PUBLISH_PATH|DORMANT|SINGLE_MAINTAINER,1,0,v0.2.0
requires-port,1.0.0,33,F,UNVERIFIED_PUBLISH_PATH|DORMANT,2,0,v0.2.0
responsive-sketchpad,1.3.1,25,F,UNVERIFIED_PUBLISH_PATH|SINGLE_MAINTAINER,1,0,v0.2.0
rffchggias,None,5,F,UNVERIFIED_PUBLISH_PATH,0,0,v0.2.0
rocket-loader,2.4.0,19,F,UNVERIFIED_PUBLISH_PATH|DORMANT|SINGLE_MAINTAINER|DEPRECATED,1,0,v0.2.0
samarthya-bot,2.3.2,31,F,UNVERIFIED_PUBLISH_PATH|SINGLE_MAINTAINER,1,0,v0.2.0
schema-utils,4.3.3,39,D,UNVERIFIED_PUBLISH_PATH,6,0,v0.2.0
scriptxprint-html,1.16.4,25,F,UNVERIFIED_PUBLISH_PATH|SINGLE_MAINTAINER,1,0,v0.2.0
semantic-ui-dropdown,2.5.0,19,F,UNVERIFIED_PUBLISH_PATH|DORMANT|SINGLE_MAINTAINER,1,0,v0.2.0
semantic-ui-transition,2.5.0,19,F,UNVERIFIED_PUBLISH_PATH|DORMANT|SINGLE_MAINTAINER,1,0,v0.2.0
shapefile,0.6.6,19,F,UNVERIFIED_PUBLISH_PATH|DORMANT|SINGLE_MAINTAINER,1,0,v0.2.0
sharepointplus,6.2.0,19,F,UNVERIFIED_PUBLISH_PATH|DORMANT|SINGLE_MAINTAINER,1,0,v0.2.0
sigy,0.0.11,25,F,UNVERIFIED_PUBLISH_PATH|SINGLE_MAINTAINER,1,0,v0.2.0
simple-keyboard-input-mask,3.0.526,19,F,UNVERIFIED_PUBLISH_PATH|DORMANT|SINGLE_MAINTAINER,1,0,v0.2.0
smartcrop,2.0.5,19,F,UNVERIFIED_PUBLISH_PATH|DORMANT|SINGLE_MAINTAINER,1,0,v0.2.0
sn-ui-kit-icons,0.4.0,15,F,UNVERIFIED_PUBLISH_PATH|DORMANT|SINGLE_MAINTAINER,1,0,v0.2.0
startbootstrap-sb-admin,7.0.7,19,F,UNVERIFIED_PUBLISH_PATH|DORMANT|SINGLE_MAINTAINER,1,0,v0.2.0
stimulus-photoswipe,5.1.1,14,F,UNVERIFIED_PUBLISH_PATH|DORMANT|SINGLE_MAINTAINER,1,0,v0.2.0
style-object-to-css-string,1.1.3,19,F,UNVERIFIED_PUBLISH_PATH|DORMANT|SINGLE_MAINTAINER,1,0,v0.2.0
super-slide,2.1.4,19,F,UNVERIFIED_PUBLISH_PATH|DORMANT|SINGLE_MAINTAINER,1,0,v0.2.0
super-three,0.185.0,31,F,UNVERIFIED_PUBLISH_PATH|SINGLE_MAINTAINER,1,0,v0.2.0
svelte-icons,2.1.0,15,F,UNVERIFIED_PUBLISH_PATH|DORMANT|SINGLE_MAINTAINER,1,0,v0.2.0
syzoj-public-cdn,1.2.0,19,F,UNVERIFIED_PUBLISH_PATH|DORMANT|SINGLE_MAINTAINER,1,0,v0.2.0
table-dragger,2.0.5,19,F,UNVERIFIED_PUBLISH_PATH|DORMANT|SINGLE_MAINTAINER,1,0,v0.2.0
tablefilter,0.7.2,19,F,UNVERIFIED_PUBLISH_PATH|DORMANT|SINGLE_MAINTAINER,1,0,v0.2.0
tabularjs,1.0.1,25,F,UNVERIFIED_PUBLISH_PATH|SINGLE_MAINTAINER,1,0,v0.2.0
threesixty-slider,2.0.6,19,F,UNVERIFIED_PUBLISH_PATH|DORMANT|SINGLE_MAINTAINER,1,0,v0.2.0
timestamp-witch-js,1.0.0,25,F,UNVERIFIED_PUBLISH_PATH|SINGLE_MAINTAINER,1,0,v0.2.0
togeojson,0.16.0,21,F,UNVERIFIED_PUBLISH_PATH|DORMANT|SINGLE_MAINTAINER|PUBLISHER_NOT_MAINTAINER|DEPRECATED,1,0,v0.2.0
translate-js,1.3.0,19,F,UNVERIFIED_PUBLISH_PATH|DORMANT|SINGLE_MAINTAINER,1,0,v0.2.0
tsparticles-move-base,2.12.0,39,D,UNVERIFIED_PUBLISH_PATH|DORMANT|DEPRECATED,2,0,v0.2.0
tsparticles-preset-snow,None,5,F,UNVERIFIED_PUBLISH_PATH,0,0,v0.2.0
tsparticles-updater-opacity,2.12.0,39,D,UNVERIFIED_PUBLISH_PATH|DORMANT|DEPRECATED,2,0,v0.2.0
tsparticles-updater-size,2.12.0,39,D,UNVERIFIED_PUBLISH_PATH|DORMANT|DEPRECATED,2,0,v0.2.0
tt-chat-n8n,0.7.4,25,F,UNVERIFIED_PUBLISH_PATH|SINGLE_MAINTAINER,1,0,v0.2.0
tw-animate-css,1.4.0,62,C,SINGLE_MAINTAINER,1,0,v0.2.0
two.js,0.8.23,76,B,SINGLE_MAINTAINER,1,0,v0.2.0
typeface-dm-sans,1.1.13,14,F,UNVERIFIED_PUBLISH_PATH|DORMANT|SINGLE_MAINTAINER,1,0,v0.2.0
typeface-exo,1.1.13,14,F,UNVERIFIED_PUBLISH_PATH|DORMANT|SINGLE_MAINTAINER,1,0,v0.2.0
uint8array-extras,1.5.0,25,F,UNVERIFIED_PUBLISH_PATH|SINGLE_MAINTAINER,1,0,v0.2.0
uniqode-card-templates,1.0.5,25,F,UNVERIFIED_PUBLISH_PATH|SINGLE_MAINTAINER,1,0,v0.2.0
unist,0.0.1,19,F,UNVERIFIED_PUBLISH_PATH|DORMANT|PUBLISHER_NOT_MAINTAINER|DEPRECATED,2,0,v0.2.0
v-money-customized,0.0.1,10,F,UNVERIFIED_PUBLISH_PATH|DORMANT|SINGLE_MAINTAINER,1,0,v0.2.0
vanilla-js-wheel-zoom,9.0.4,19,F,UNVERIFIED_PUBLISH_PATH|DORMANT|SINGLE_MAINTAINER,1,0,v0.2.0
vega-tooltip,1.1.0,39,D,UNVERIFIED_PUBLISH_PATH,6,0,v0.2.0
vega-util,2.1.1,52,C,UNVERIFIED_PUBLISH_PATH,5,0,v0.2.0
velocity-ui-pack,1.2.2,14,F,UNVERIFIED_PUBLISH_PATH|DORMANT|SINGLE_MAINTAINER,1,0,v0.2.0
vest,6.3.2,73,B,SINGLE_MAINTAINER,1,0,v0.2.0
vh-check,2.0.5,19,F,UNVERIFIED_PUBLISH_PATH|DORMANT|SINGLE_MAINTAINER,1,0,v0.2.0
vue-apollo,3.1.2,19,F,UNVERIFIED_PUBLISH_PATH|DORMANT|SINGLE_MAINTAINER,1,0,v0.2.0
vue-file-agent,1.7.3,19,F,UNVERIFIED_PUBLISH_PATH|DORMANT|SINGLE_MAINTAINER,1,0,v0.2.0
vue-hotel-datepicker,5.0.1,39,D,UNVERIFIED_PUBLISH_PATH,2,0,v0.2.0
vue-konva,3.4.0,39,D,UNVERIFIED_PUBLISH_PATH,2,0,v0.2.0
vue-sticky-directive,0.0.10,19,F,UNVERIFIED_PUBLISH_PATH|DORMANT|SINGLE_MAINTAINER,1,0,v0.2.0
vue-toastr,2.1.2,19,F,UNVERIFIED_PUBLISH_PATH|DORMANT|SINGLE_MAINTAINER,1,0,v0.2.0
vue3-lazyload,0.4.2,20,F,UNVERIFIED_PUBLISH_PATH|SINGLE_MAINTAINER,1,0,v0.2.0
vxe-pc-ui,4.16.13,25,F,UNVERIFIED_PUBLISH_PATH|SINGLE_MAINTAINER,1,0,v0.2.0
web-ifc,0.0.77,87,A,,2,0,v0.2.0
webmetric,None,5,F,UNVERIFIED_PUBLISH_PATH,0,0,v0.2.0
webvr-polyfill,0.10.12,33,F,UNVERIFIED_PUBLISH_PATH|DORMANT,3,0,v0.2.0
wechat-emojis,1.0.2,25,F,UNVERIFIED_PUBLISH_PATH|SINGLE_MAINTAINER,1,0,v0.2.0
well-waterfall,1.2.10,21,F,UNVERIFIED_PUBLISH_PATH|SINGLE_MAINTAINER,1,0,v0.2.0
wix-rich-content-common,10.102.0,24,F,UNVERIFIED_PUBLISH_PATH|DORMANT,7,0,v0.2.0
x-editable-bs5,1.5.8,19,F,UNVERIFIED_PUBLISH_PATH|DORMANT|SINGLE_MAINTAINER,1,0,v0.2.0
xeicon,None,5,F,UNVERIFIED_PUBLISH_PATH,0,0,v0.2.0
xml-formatter,3.7.0,25,F,UNVERIFIED_PUBLISH_PATH|SINGLE_MAINTAINER,1,0,v0.2.0
xrblocks,0.17.0,87,A,,2,0,v0.2.0
xterm-addon-canvas,0.5.0,19,F,UNVERIFIED_PUBLISH_PATH|DORMANT|SINGLE_MAINTAINER|DEPRECATED,1,0,v0.2.0
yasgui-yasr,2.12.19,19,F,UNVERIFIED_PUBLISH_PATH|DORMANT|SINGLE_MAINTAINER|DEPRECATED,1,0,v0.2.0
yt-player,3.6.1,19,F,UNVERIFIED_PUBLISH_PATH|DORMANT|SINGLE_MAINTAINER,1,0,v0.2.0
zendesk-js,1.0.3,19,F,UNVERIFIED_PUBLISH_PATH|DORMANT|SINGLE_MAINTAINER,1,0,v0.2.0
zpl-image,0.3.0,25,F,UNVERIFIED_PUBLISH_PATH|SINGLE_MAINTAINER,1,0,v0.2.0
