name,version,score,grade,flags,maintainer_count,weekly_downloads,methodology_version
semver,7.8.5,100,A,,3,746792328,v0.2.0
minimatch,10.2.5,25,F,UNVERIFIED_PUBLISH_PATH|SINGLE_MAINTAINER,1,623458487,v0.2.0
debug,4.4.3,39,D,UNVERIFIED_PUBLISH_PATH,2,611800389,v0.2.0
lru-cache,11.5.2,25,F,UNVERIFIED_PUBLISH_PATH|SINGLE_MAINTAINER,1,475721703,v0.2.0
ms,2.1.3,28,F,UNVERIFIED_PUBLISH_PATH|DORMANT|PUBLISHER_NOT_MAINTAINER,6,468870307,v0.2.0
emoji-regex,10.6.0,77,B,,2,409136658,v0.2.0
tslib,2.8.1,39,D,UNVERIFIED_PUBLISH_PATH|DORMANT|BRANCH_REQUIRES_PR,7,377101145,v0.2.0
'@types/node,26.1.1,33,F,UNVERIFIED_PUBLISH_PATH|SINGLE_MAINTAINER,1,349977748,v0.2.0
type-fest,5.8.0,25,F,UNVERIFIED_PUBLISH_PATH|SINGLE_MAINTAINER,1,322637351,v0.2.0
ajv,8.20.0,46,D,UNVERIFIED_PUBLISH_PATH,2,314143587,v0.2.0
source-map,0.7.6,45,D,UNVERIFIED_PUBLISH_PATH,25,311472017,v0.2.0
react-is,19.2.7,83,B,INCONSISTENT_PUBLISH_PATH|BRANCH_REQUIRES_PR,2,309159799,v0.2.0
escape-string-regexp,5.0.0,19,F,UNVERIFIED_PUBLISH_PATH|DORMANT|SINGLE_MAINTAINER,1,300757669,v0.2.0
readable-stream,4.7.0,33,F,UNVERIFIED_PUBLISH_PATH|DORMANT,3,296579381,v0.2.0
json-schema-traverse,1.0.0,19,F,UNVERIFIED_PUBLISH_PATH|DORMANT|SINGLE_MAINTAINER,1,267512963,v0.2.0
safe-buffer,5.2.1,33,F,UNVERIFIED_PUBLISH_PATH|DORMANT,2,259644898,v0.2.0
undici-types,8.7.0,93,A,,2,257142424,v0.2.0
postcss,8.5.19,63,C,INCONSISTENT_PUBLISH_PATH|SINGLE_MAINTAINER|BRANCH_REQUIRES_PR,1,249605184,v0.2.0
uuid,14.0.1,77,B,INCONSISTENT_PUBLISH_PATH,2,246676683,v0.2.0
js-yaml,5.2.1,25,F,UNVERIFIED_PUBLISH_PATH|SINGLE_MAINTAINER,1,246126285,v0.2.0
entities,8.0.0,69,C,INCONSISTENT_PUBLISH_PATH|SINGLE_MAINTAINER,1,236152893,v0.2.0
esbuild,0.28.1,73,B,SINGLE_MAINTAINER,1,232131236,v0.2.0
typescript,7.0.2,45,D,UNVERIFIED_PUBLISH_PATH|BRANCH_REQUIRES_PR,7,218061988,v0.2.0
isarray,2.0.5,25,F,UNVERIFIED_PUBLISH_PATH|DORMANT|SINGLE_MAINTAINER,1,216395179,v0.2.0
string_decoder,1.3.0,33,F,UNVERIFIED_PUBLISH_PATH|DORMANT,4,215571031,v0.2.0
mime-types,3.0.2,39,D,UNVERIFIED_PUBLISH_PATH,5,214657278,v0.2.0
acorn,8.17.0,39,D,UNVERIFIED_PUBLISH_PATH,3,213325665,v0.2.0
ws,8.21.1,45,D,UNVERIFIED_PUBLISH_PATH,4,213248081,v0.2.0
zod,4.4.3,79,B,SINGLE_MAINTAINER,1,212232594,v0.2.0
nanoid,6.0.0,69,C,INCONSISTENT_PUBLISH_PATH|SINGLE_MAINTAINER,1,210630417,v0.2.0
'@jridgewell/trace-mapping,0.3.31,25,F,UNVERIFIED_PUBLISH_PATH|SINGLE_MAINTAINER,1,206566474,v0.2.0
hasown,2.0.4,39,D,UNVERIFIED_PUBLISH_PATH,2,196657489,v0.2.0
'@babel/types,8.0.4,78,B,INCONSISTENT_PUBLISH_PATH,4,193231094,v0.2.0
json5,2.2.3,39,D,UNVERIFIED_PUBLISH_PATH|DORMANT,2,191892805,v0.2.0
'@babel/parser,8.0.4,78,B,INCONSISTENT_PUBLISH_PATH,4,190206142,v0.2.0
'@radix-ui/react-slot,1.3.0,89,A,,4,185001681,v0.2.0
pretty-format,30.4.1,45,D,UNVERIFIED_PUBLISH_PATH,5,184913705,v0.2.0
punycode,2.3.1,33,F,UNVERIFIED_PUBLISH_PATH|DORMANT,2,183843679,v0.2.0
convert-source-map,2.0.0,33,F,UNVERIFIED_PUBLISH_PATH|DORMANT,2,182530658,v0.2.0
path-to-regexp,8.4.2,39,D,UNVERIFIED_PUBLISH_PATH,6,176491663,v0.2.0
function-bind,1.1.2,33,F,UNVERIFIED_PUBLISH_PATH|DORMANT,2,174159780,v0.2.0
'@radix-ui/react-primitive,2.1.7,89,A,,4,173405819,v0.2.0
'@jridgewell/sourcemap-codec,1.5.5,25,F,UNVERIFIED_PUBLISH_PATH|SINGLE_MAINTAINER,1,172482501,v0.2.0
fast-deep-equal,3.1.3,19,F,UNVERIFIED_PUBLISH_PATH|DORMANT|SINGLE_MAINTAINER,1,168241954,v0.2.0
caniuse-lite,1.0.30001806,73,B,SINGLE_MAINTAINER,1,168230509,v0.2.0
inherits,2.0.4,19,F,UNVERIFIED_PUBLISH_PATH|DORMANT|SINGLE_MAINTAINER,1,167996304,v0.2.0
'@babel/generator,8.0.0,78,B,INCONSISTENT_PUBLISH_PATH,4,166725287,v0.2.0
cookie,2.0.1,87,A,,3,164789031,v0.2.0
yaml,2.9.0,25,F,UNVERIFIED_PUBLISH_PATH|SINGLE_MAINTAINER,1,161080064,v0.2.0
'@babel/traverse,8.0.4,78,B,INCONSISTENT_PUBLISH_PATH,4,160282354,v0.2.0
es-errors,1.3.0,19,F,UNVERIFIED_PUBLISH_PATH|DORMANT|SINGLE_MAINTAINER,1,159301135,v0.2.0
qs,6.15.3,39,D,UNVERIFIED_PUBLISH_PATH,2,156670964,v0.2.0
'@jridgewell/gen-mapping,0.3.13,25,F,UNVERIFIED_PUBLISH_PATH|SINGLE_MAINTAINER,1,156321878,v0.2.0
es-object-atoms,1.1.2,25,F,UNVERIFIED_PUBLISH_PATH|SINGLE_MAINTAINER,1,156140345,v0.2.0
get-intrinsic,1.3.0,25,F,UNVERIFIED_PUBLISH_PATH|SINGLE_MAINTAINER,1,155868533,v0.2.0
'@babel/template,8.0.0,78,B,INCONSISTENT_PUBLISH_PATH,4,155450964,v0.2.0
form-data,4.0.6,39,D,UNVERIFIED_PUBLISH_PATH,6,155420540,v0.2.0
node-fetch,3.3.2,39,D,UNVERIFIED_PUBLISH_PATH|DORMANT,5,154370349,v0.2.0
'@jridgewell/resolve-uri,3.1.2,19,F,UNVERIFIED_PUBLISH_PATH|DORMANT|SINGLE_MAINTAINER,1,154148221,v0.2.0
magic-string,1.0.0,82,B,,4,153351535,v0.2.0
'@babel/runtime,8.0.0,78,B,INCONSISTENT_PUBLISH_PATH,4,153042538,v0.2.0
has-symbols,1.1.0,19,F,UNVERIFIED_PUBLISH_PATH|DORMANT|SINGLE_MAINTAINER,1,152565283,v0.2.0
'@babel/core,8.0.1,78,B,INCONSISTENT_PUBLISH_PATH,4,151448142,v0.2.0
jsesc,3.1.0,19,F,UNVERIFIED_PUBLISH_PATH|DORMANT|SINGLE_MAINTAINER,1,150396806,v0.2.0
'@typescript-eslint/typescript-estree,8.64.0,89,A,,2,150286967,v0.2.0
source-map-js,1.2.1,19,F,UNVERIFIED_PUBLISH_PATH|DORMANT|SINGLE_MAINTAINER,1,148999694,v0.2.0
lodash,4.18.1,31,F,UNVERIFIED_PUBLISH_PATH|SINGLE_MAINTAINER,1,148858110,v0.2.0
gopd,1.2.0,19,F,UNVERIFIED_PUBLISH_PATH|DORMANT|SINGLE_MAINTAINER,1,147791627,v0.2.0
scheduler,0.27.0,45,D,UNVERIFIED_PUBLISH_PATH|BRANCH_REQUIRES_PR,2,147018348,v0.2.0
react,19.2.7,83,B,INCONSISTENT_PUBLISH_PATH|BRANCH_REQUIRES_PR,2,145362748,v0.2.0
es-define-property,1.0.1,19,F,UNVERIFIED_PUBLISH_PATH|DORMANT|SINGLE_MAINTAINER,1,145130650,v0.2.0
'@typescript-eslint/scope-manager,8.64.0,89,A,,2,143924022,v0.2.0
dotenv,17.4.2,45,D,UNVERIFIED_PUBLISH_PATH,3,143515549,v0.2.0
vite,8.1.5,82,B,,2,142792201,v0.2.0
object-assign,4.1.1,33,F,UNVERIFIED_PUBLISH_PATH|DORMANT,3,142694037,v0.2.0
buffer,6.0.3,19,F,UNVERIFIED_PUBLISH_PATH|DORMANT|SINGLE_MAINTAINER,1,141124835,v0.2.0
'@babel/helper-compilation-targets,8.0.0,78,B,INCONSISTENT_PUBLISH_PATH,4,140656539,v0.2.0
http-errors,2.0.1,39,D,UNVERIFIED_PUBLISH_PATH,4,140509178,v0.2.0
call-bind-apply-helpers,1.0.2,25,F,UNVERIFIED_PUBLISH_PATH|SINGLE_MAINTAINER,1,140055760,v0.2.0
dunder-proto,1.0.1,19,F,UNVERIFIED_PUBLISH_PATH|DORMANT|SINGLE_MAINTAINER,1,138838934,v0.2.0
math-intrinsics,1.1.0,19,F,UNVERIFIED_PUBLISH_PATH|DORMANT|SINGLE_MAINTAINER,1,138610789,v0.2.0
util-deprecate,1.0.2,19,F,UNVERIFIED_PUBLISH_PATH|DORMANT|SINGLE_MAINTAINER,1,138587996,v0.2.0
get-proto,1.0.1,19,F,UNVERIFIED_PUBLISH_PATH|DORMANT|SINGLE_MAINTAINER,1,138205150,v0.2.0
react-dom,19.2.7,83,B,INCONSISTENT_PUBLISH_PATH|BRANCH_REQUIRES_PR,2,137308383,v0.2.0
side-channel,1.1.1,25,F,UNVERIFIED_PUBLISH_PATH|SINGLE_MAINTAINER,1,136166224,v0.2.0
'@typescript-eslint/utils,8.64.0,89,A,,2,135569767,v0.2.0
eslint,10.7.0,46,D,UNVERIFIED_PUBLISH_PATH,2,134344329,v0.2.0
eventemitter3,5.0.4,39,D,UNVERIFIED_PUBLISH_PATH,3,134278859,v0.2.0
csstype,3.2.3,39,D,UNVERIFIED_PUBLISH_PATH,2,134097533,v0.2.0
object-inspect,1.13.4,39,D,UNVERIFIED_PUBLISH_PATH,2,132460171,v0.2.0
flatted,3.4.2,31,F,UNVERIFIED_PUBLISH_PATH|SINGLE_MAINTAINER,1,129116414,v0.2.0
'@types/react,19.2.17,33,F,UNVERIFIED_PUBLISH_PATH|SINGLE_MAINTAINER,1,128616138,v0.2.0
'@rolldown/pluginutils,1.0.1,82,B,,4,127292592,v0.2.0
mime,4.1.0,25,F,UNVERIFIED_PUBLISH_PATH|SINGLE_MAINTAINER,1,126877660,v0.2.0
pnpm,11.14.0,85,A,INCONSISTENT_PUBLISH_PATH,2,125047658,v0.2.0
parse5,8.0.1,45,D,UNVERIFIED_PUBLISH_PATH,5,123039270,v0.2.0
side-channel-list,1.0.1,25,F,UNVERIFIED_PUBLISH_PATH|SINGLE_MAINTAINER,1,122342596,v0.2.0
undici,8.7.0,93,A,,3,120391264,v0.2.0
call-bound,1.0.4,25,F,UNVERIFIED_PUBLISH_PATH|SINGLE_MAINTAINER,1,119833824,v0.2.0
'@jest/types,30.4.1,45,D,UNVERIFIED_PUBLISH_PATH,5,119172635,v0.2.0
diff,9.0.0,39,D,UNVERIFIED_PUBLISH_PATH,2,118888417,v0.2.0
gensync,1.0.0-beta.2,19,F,UNVERIFIED_PUBLISH_PATH|DORMANT|SINGLE_MAINTAINER,1,117724071,v0.2.0
'@typescript-eslint/eslint-plugin,8.64.0,89,A,,2,116880903,v0.2.0
body-parser,2.3.0,39,D,UNVERIFIED_PUBLISH_PATH,4,116821287,v0.2.0
rollup,4.62.2,83,B,INCONSISTENT_PUBLISH_PATH,5,116471367,v0.2.0
lines-and-columns,2.0.4,19,F,UNVERIFIED_PUBLISH_PATH|DORMANT|SINGLE_MAINTAINER,1,116418911,v0.2.0
source-map-support,0.5.21,33,F,UNVERIFIED_PUBLISH_PATH|DORMANT,3,115230823,v0.2.0
side-channel-weakmap,1.0.2,19,F,UNVERIFIED_PUBLISH_PATH|DORMANT|SINGLE_MAINTAINER,1,113753490,v0.2.0
side-channel-map,1.0.1,19,F,UNVERIFIED_PUBLISH_PATH|DORMANT|SINGLE_MAINTAINER,1,113748697,v0.2.0
tailwindcss,4.3.3,89,A,,3,113738133,v0.2.0
'@radix-ui/react-context,1.2.0,89,A,,4,112670480,v0.2.0
prettier,3.9.5,39,D,UNVERIFIED_PUBLISH_PATH,11,112336187,v0.2.0
serve-static,2.2.1,39,D,UNVERIFIED_PUBLISH_PATH,3,112224170,v0.2.0
base64-js,1.5.1,33,F,UNVERIFIED_PUBLISH_PATH|DORMANT,2,112020107,v0.2.0
'@opentelemetry/core,2.9.0,94,A,BRANCH_REQUIRES_PR,6,111264521,v0.2.0
express,5.2.1,39,D,UNVERIFIED_PUBLISH_PATH,5,108517424,v0.2.0
lodash.merge,4.6.2,34,F,UNVERIFIED_PUBLISH_PATH|DORMANT,2,108276586,v0.2.0
axios,1.18.1,76,B,INCONSISTENT_PUBLISH_PATH|SINGLE_MAINTAINER,1,105186218,v0.2.0
'@types/react-dom,19.2.3,33,F,UNVERIFIED_PUBLISH_PATH|SINGLE_MAINTAINER,1,105085184,v0.2.0
tough-cookie,6.0.2,100,A,,2,104203321,v0.2.0
is-plain-obj,4.1.0,19,F,UNVERIFIED_PUBLISH_PATH|DORMANT|SINGLE_MAINTAINER,1,104194001,v0.2.0
clsx,2.1.1,19,F,UNVERIFIED_PUBLISH_PATH|DORMANT|SINGLE_MAINTAINER,1,104150767,v0.2.0
'@oxc-project/types,0.140.0,75,B,SINGLE_MAINTAINER,1,103586277,v0.2.0
'@smithy/types,4.16.1,84,B,INCONSISTENT_PUBLISH_PATH,2,102688082,v0.2.0
retry,0.13.1,19,F,UNVERIFIED_PUBLISH_PATH|DORMANT|SINGLE_MAINTAINER,1,102113483,v0.2.0
'@aws-sdk/types,3.974.2,41,D,UNVERIFIED_PUBLISH_PATH,2,100932280,v0.2.0
'@opentelemetry/api-logs,0.220.0,94,A,,6,100823211,v0.2.0
'@smithy/util-utf8,4.4.10,84,B,INCONSISTENT_PUBLISH_PATH,2,98999100,v0.2.0
call-bind,1.0.9,25,F,UNVERIFIED_PUBLISH_PATH|SINGLE_MAINTAINER,1,98463151,v0.2.0
fast-uri,4.1.0,39,D,UNVERIFIED_PUBLISH_PATH,11,97903995,v0.2.0
'@sinclair/typebox,0.34.52,68,C,SINGLE_MAINTAINER,1,97827341,v0.2.0
'@vitest/utils,4.1.10,88,A,,5,95891567,v0.2.0
esprima,4.0.1,19,F,UNVERIFIED_PUBLISH_PATH|DORMANT|SINGLE_MAINTAINER,1,95757486,v0.2.0
'@vitest/pretty-format,4.1.10,88,A,,5,95069527,v0.2.0
ieee754,1.2.1,19,F,UNVERIFIED_PUBLISH_PATH|DORMANT|SINGLE_MAINTAINER,1,94590875,v0.2.0
prop-types,15.8.1,33,F,UNVERIFIED_PUBLISH_PATH|DORMANT,3,92833489,v0.2.0
core-util-is,1.0.3,19,F,UNVERIFIED_PUBLISH_PATH|DORMANT|SINGLE_MAINTAINER,1,92196471,v0.2.0
has-property-descriptors,1.0.2,19,F,UNVERIFIED_PUBLISH_PATH|DORMANT|SINGLE_MAINTAINER,1,92144527,v0.2.0
lightningcss,1.32.0,25,F,UNVERIFIED_PUBLISH_PATH|SINGLE_MAINTAINER,1,91532141,v0.2.0
async,3.2.6,33,F,UNVERIFIED_PUBLISH_PATH|DORMANT,5,90615230,v0.2.0
pako,3.0.1,25,F,UNVERIFIED_PUBLISH_PATH|SINGLE_MAINTAINER,1,90339314,v0.2.0
'@types/unist,3.0.3,27,F,UNVERIFIED_PUBLISH_PATH|DORMANT|SINGLE_MAINTAINER,1,90320374,v0.2.0
domutils,4.0.2,73,B,SINGLE_MAINTAINER,1,89728367,v0.2.0
'@vitest/spy,4.1.10,88,A,,5,89622294,v0.2.0
'@opentelemetry/semantic-conventions,1.43.0,94,A,,6,89526023,v0.2.0
jose,6.2.3,79,B,SINGLE_MAINTAINER,1,89488723,v0.2.0
define-data-property,1.1.4,19,F,UNVERIFIED_PUBLISH_PATH|DORMANT|SINGLE_MAINTAINER,1,89069021,v0.2.0
rxjs,7.8.2,45,D,UNVERIFIED_PUBLISH_PATH,3,88592380,v0.2.0
'@opentelemetry/resources,2.9.0,94,A,,6,88245326,v0.2.0
use-sync-external-store,1.6.0,31,F,UNVERIFIED_PUBLISH_PATH|SINGLE_MAINTAINER|BRANCH_REQUIRES_PR,1,88066722,v0.2.0
domhandler,6.0.1,73,B,SINGLE_MAINTAINER,1,88022936,v0.2.0
sprintf-js,1.1.3,19,F,UNVERIFIED_PUBLISH_PATH|DORMANT|SINGLE_MAINTAINER,1,87726509,v0.2.0
dom-serializer,3.1.1,79,B,SINGLE_MAINTAINER,1,87335250,v0.2.0
'@vitest/expect,4.1.10,88,A,,5,87282437,v0.2.0
chai,6.2.2,70,B,SINGLE_MAINTAINER,1,86742387,v0.2.0
tsconfig-paths,4.2.0,33,F,UNVERIFIED_PUBLISH_PATH|DORMANT,17,86703427,v0.2.0
date-fns,4.4.0,26,F,UNVERIFIED_PUBLISH_PATH|SINGLE_MAINTAINER,1,86438250,v0.2.0
'@radix-ui/react-compose-refs,1.1.3,89,A,,4,86339066,v0.2.0
set-function-length,1.2.2,19,F,UNVERIFIED_PUBLISH_PATH|DORMANT|SINGLE_MAINTAINER,1,85464768,v0.2.0
lucide-react,1.25.0,68,C,SINGLE_MAINTAINER,1,84918335,v0.2.0
tinyrainbow,3.1.0,25,F,UNVERIFIED_PUBLISH_PATH|SINGLE_MAINTAINER,1,83073719,v0.2.0
'@smithy/is-array-buffer,4.4.10,84,B,INCONSISTENT_PUBLISH_PATH,2,82711868,v0.2.0
'@floating-ui/dom,1.8.0,82,B,,2,81973293,v0.2.0
'@types/yargs,17.0.35,33,F,UNVERIFIED_PUBLISH_PATH|SINGLE_MAINTAINER,1,81972852,v0.2.0
'@radix-ui/primitive,1.1.5,89,A,,4,81890803,v0.2.0
'@standard-schema/spec,1.1.0,66,C,,2,80838352,v0.2.0
es-abstract,1.24.2,25,F,UNVERIFIED_PUBLISH_PATH|SINGLE_MAINTAINER,1,80800040,v0.2.0
'@floating-ui/core,1.8.0,82,B,,2,80673865,v0.2.0
'@floating-ui/utils,0.2.12,82,B,,2,79773541,v0.2.0
'@radix-ui/react-use-layout-effect,1.1.2,89,A,,4,79531385,v0.2.0
deepmerge,4.3.1,19,F,UNVERIFIED_PUBLISH_PATH|DORMANT|SINGLE_MAINTAINER,1,79023505,v0.2.0
d3-array,3.2.4,33,F,UNVERIFIED_PUBLISH_PATH|DORMANT,2,78958559,v0.2.0
htmlparser2,12.0.0,69,C,INCONSISTENT_PUBLISH_PATH|SINGLE_MAINTAINER,1,78834442,v0.2.0
'@opentelemetry/instrumentation,0.220.0,94,A,,6,78403090,v0.2.0
domelementtype,3.0.0,79,B,SINGLE_MAINTAINER,1,76921585,v0.2.0
'@radix-ui/react-use-controllable-state,1.2.3,89,A,,4,76286789,v0.2.0
process-nextick-args,2.0.1,19,F,UNVERIFIED_PUBLISH_PATH|DORMANT|SINGLE_MAINTAINER,1,76188468,v0.2.0
jsdom,29.1.1,77,B,INCONSISTENT_PUBLISH_PATH,6,76085528,v0.2.0
jest-message-util,30.4.1,45,D,UNVERIFIED_PUBLISH_PATH,5,75711647,v0.2.0
d3-shape,3.2.0,33,F,UNVERIFIED_PUBLISH_PATH|DORMANT,2,74123707,v0.2.0
extend,3.0.2,33,F,UNVERIFIED_PUBLISH_PATH|DORMANT,2,74019489,v0.2.0
'@vitest/snapshot,4.1.10,88,A,,5,73987574,v0.2.0
d3-path,3.1.0,33,F,UNVERIFIED_PUBLISH_PATH|DORMANT,2,73849414,v0.2.0
fast-xml-parser,5.10.1,63,C,INCONSISTENT_PUBLISH_PATH|SINGLE_MAINTAINER,1,73646663,v0.2.0
vitest,4.1.10,88,A,BRANCH_REQUIRES_PR,5,72990145,v0.2.0
'@vitest/runner,4.1.10,88,A,,5,72667892,v0.2.0
rolldown,1.2.0,89,A,BRANCH_REQUIRES_PR,4,72450015,v0.2.0
internmap,2.0.3,19,F,UNVERIFIED_PUBLISH_PATH|DORMANT|SINGLE_MAINTAINER,1,72170842,v0.2.0
'@radix-ui/react-presence,1.1.7,89,A,,4,72087785,v0.2.0
'@vitest/mocker,4.1.10,88,A,,5,71797080,v0.2.0
gaxios,7.2.0,38,D,UNVERIFIED_PUBLISH_PATH|SINGLE_MAINTAINER|BRANCH_REQUIRES_PR,1,71334647,v0.2.0
has-proto,1.2.0,19,F,UNVERIFIED_PUBLISH_PATH|DORMANT|SINGLE_MAINTAINER,1,71268794,v0.2.0
'@aws-sdk/core,3.975.3,41,D,UNVERIFIED_PUBLISH_PATH|BRANCH_REQUIRES_PR,2,71141869,v0.2.0
'@radix-ui/react-use-callback-ref,1.1.2,89,A,,4,70999378,v0.2.0
'@floating-ui/react-dom,2.1.9,82,B,,2,70635215,v0.2.0
'@radix-ui/react-dismissable-layer,1.1.15,89,A,,4,70421498,v0.2.0
'@radix-ui/react-id,1.1.2,89,A,,4,70336570,v0.2.0
tailwind-merge,3.6.0,63,C,INCONSISTENT_PUBLISH_PATH|SINGLE_MAINTAINER,1,70044995,v0.2.0
long,5.3.2,25,F,UNVERIFIED_PUBLISH_PATH|SINGLE_MAINTAINER,1,69964894,v0.2.0
'@radix-ui/react-portal,1.1.13,89,A,,4,69647150,v0.2.0
'@swc/helpers,0.5.23,71,B,INCONSISTENT_PUBLISH_PATH|SINGLE_MAINTAINER,1,69423467,v0.2.0
playwright-core,1.61.1,93,A,,4,69249789,v0.2.0
object-hash,3.0.0,33,F,UNVERIFIED_PUBLISH_PATH|DORMANT,2,69107710,v0.2.0
css-select,7.0.0,73,B,SINGLE_MAINTAINER,1,68686714,v0.2.0
'@aws-sdk/credential-provider-node,3.972.70,41,D,UNVERIFIED_PUBLISH_PATH,2,68259892,v0.2.0
'@vitejs/plugin-react,6.0.3,87,A,,2,67875554,v0.2.0
'@aws-sdk/credential-provider-web-identity,3.972.65,41,D,UNVERIFIED_PUBLISH_PATH,2,67747757,v0.2.0
clone,2.1.2,19,F,UNVERIFIED_PUBLISH_PATH|DORMANT|SINGLE_MAINTAINER,1,67609884,v0.2.0
'@aws-sdk/credential-provider-process,3.972.59,41,D,UNVERIFIED_PUBLISH_PATH,2,67453032,v0.2.0
'@ungap/structured-clone,1.3.3,25,F,UNVERIFIED_PUBLISH_PATH|SINGLE_MAINTAINER,1,67424319,v0.2.0
'@aws-sdk/credential-provider-sso,3.973.3,41,D,UNVERIFIED_PUBLISH_PATH,2,67342332,v0.2.0
'@aws-sdk/credential-provider-ini,3.973.4,41,D,UNVERIFIED_PUBLISH_PATH,2,67240731,v0.2.0
protobufjs,8.7.1,83,B,INCONSISTENT_PUBLISH_PATH,3,66672510,v0.2.0
'@radix-ui/react-focus-scope,1.1.12,89,A,,4,66575073,v0.2.0
terser,5.49.0,31,F,UNVERIFIED_PUBLISH_PATH|SINGLE_MAINTAINER,1,66570044,v0.2.0
d3-interpolate,3.0.1,33,F,UNVERIFIED_PUBLISH_PATH|DORMANT,2,66495174,v0.2.0
decimal.js,10.6.0,25,F,UNVERIFIED_PUBLISH_PATH|SINGLE_MAINTAINER,1,66434744,v0.2.0
'@smithy/node-http-handler,4.9.7,84,B,INCONSISTENT_PUBLISH_PATH,2,66033600,v0.2.0
d3-color,3.1.0,33,F,UNVERIFIED_PUBLISH_PATH|DORMANT,2,65845729,v0.2.0
'@radix-ui/react-focus-guards,1.1.4,89,A,,4,65798613,v0.2.0
'@opentelemetry/sdk-trace-base,2.9.0,94,A,,6,65676124,v0.2.0
d3-format,3.1.2,77,B,,2,65486423,v0.2.0
d3-time,3.1.0,33,F,UNVERIFIED_PUBLISH_PATH|DORMANT,2,65110958,v0.2.0
react-remove-scroll,2.7.2,25,F,UNVERIFIED_PUBLISH_PATH|SINGLE_MAINTAINER,1,65065603,v0.2.0
d3-timer,3.0.1,33,F,UNVERIFIED_PUBLISH_PATH|DORMANT,2,64945382,v0.2.0
playwright,1.61.1,93,A,,4,64580988,v0.2.0
'@radix-ui/react-collection,1.1.12,89,A,,4,63686186,v0.2.0
d3-time-format,4.1.0,33,F,UNVERIFIED_PUBLISH_PATH|DORMANT,2,63527717,v0.2.0
google-auth-library,10.9.0,38,D,UNVERIFIED_PUBLISH_PATH|SINGLE_MAINTAINER|BRANCH_REQUIRES_PR,1,63517605,v0.2.0
d3-ease,3.0.1,33,F,UNVERIFIED_PUBLISH_PATH|DORMANT,2,63073731,v0.2.0
'@types/chai,5.2.3,33,F,UNVERIFIED_PUBLISH_PATH|SINGLE_MAINTAINER,1,63002257,v0.2.0
tinybench,6.0.2,66,C,,3,62984749,v0.2.0
'@aws-sdk/credential-provider-http,3.972.61,41,D,UNVERIFIED_PUBLISH_PATH,2,62745728,v0.2.0
'@opentelemetry/api,1.9.1,94,A,BRANCH_REQUIRES_PR,6,62700585,v0.2.0
aria-hidden,1.2.6,25,F,UNVERIFIED_PUBLISH_PATH|SINGLE_MAINTAINER,1,62581387,v0.2.0
'@smithy/signature-v4,5.6.6,84,B,INCONSISTENT_PUBLISH_PATH,2,62274387,v0.2.0
'@smithy/fetch-http-handler,5.6.7,84,B,INCONSISTENT_PUBLISH_PATH,2,62213266,v0.2.0
'@types/d3-shape,3.1.8,33,F,UNVERIFIED_PUBLISH_PATH|SINGLE_MAINTAINER,1,62198235,v0.2.0
d3-scale,4.0.2,33,F,UNVERIFIED_PUBLISH_PATH|DORMANT,2,62174587,v0.2.0
'@radix-ui/react-direction,1.1.2,89,A,,4,62051762,v0.2.0
expect-type,1.4.0,26,F,UNVERIFIED_PUBLISH_PATH|SINGLE_MAINTAINER,1,61990663,v0.2.0
'@sinonjs/fake-timers,15.4.0,39,D,UNVERIFIED_PUBLISH_PATH,6,61841683,v0.2.0
'@types/d3-color,3.1.3,27,F,UNVERIFIED_PUBLISH_PATH|DORMANT|SINGLE_MAINTAINER,1,61684136,v0.2.0
strnum,2.4.1,25,F,UNVERIFIED_PUBLISH_PATH|SINGLE_MAINTAINER,1,61615958,v0.2.0
'@types/d3-interpolate,3.0.4,27,F,UNVERIFIED_PUBLISH_PATH|DORMANT|SINGLE_MAINTAINER,1,61577631,v0.2.0
jest-mock,30.4.1,45,D,UNVERIFIED_PUBLISH_PATH,5,61466542,v0.2.0
css-what,8.0.0,73,B,SINGLE_MAINTAINER,1,61443957,v0.2.0
'@radix-ui/react-popper,1.3.3,89,A,,4,60887746,v0.2.0
use-callback-ref,1.3.3,19,F,UNVERIFIED_PUBLISH_PATH|DORMANT|SINGLE_MAINTAINER,1,60850803,v0.2.0
'@types/d3-time,3.0.4,27,F,UNVERIFIED_PUBLISH_PATH|DORMANT|SINGLE_MAINTAINER,1,60819505,v0.2.0
use-sidecar,1.1.3,19,F,UNVERIFIED_PUBLISH_PATH|DORMANT|SINGLE_MAINTAINER,1,60798651,v0.2.0
'@radix-ui/react-use-escape-keydown,1.1.3,89,A,,4,60636424,v0.2.0
'@types/d3-path,3.1.1,33,F,UNVERIFIED_PUBLISH_PATH|SINGLE_MAINTAINER,1,60552350,v0.2.0
regenerator-runtime,0.14.1,19,F,UNVERIFIED_PUBLISH_PATH|DORMANT|SINGLE_MAINTAINER,1,60452472,v0.2.0
detect-node-es,1.1.0,19,F,UNVERIFIED_PUBLISH_PATH|DORMANT|SINGLE_MAINTAINER,1,60198488,v0.2.0
'@types/d3-scale,4.0.9,33,F,UNVERIFIED_PUBLISH_PATH|SINGLE_MAINTAINER,1,60163320,v0.2.0
react-remove-scroll-bar,2.3.8,19,F,UNVERIFIED_PUBLISH_PATH|DORMANT|SINGLE_MAINTAINER,1,60041023,v0.2.0
'@smithy/core,3.29.5,84,B,INCONSISTENT_PUBLISH_PATH|BRANCH_REQUIRES_PR,2,60020052,v0.2.0
react-style-singleton,2.2.3,19,F,UNVERIFIED_PUBLISH_PATH|DORMANT|SINGLE_MAINTAINER,1,59987526,v0.2.0
'@aws-sdk/nested-clients,3.997.33,41,D,UNVERIFIED_PUBLISH_PATH,2,59865349,v0.2.0
'@radix-ui/react-roving-focus,1.1.15,89,A,,4,59839921,v0.2.0
'@radix-ui/react-use-size,1.1.2,89,A,,4,59780356,v0.2.0
'@radix-ui/react-arrow,1.1.11,89,A,,4,59622717,v0.2.0
bn.js,5.2.5,39,D,UNVERIFIED_PUBLISH_PATH,4,59612412,v0.2.0
tldts,7.4.9,73,B,SINGLE_MAINTAINER,1,59500057,v0.2.0
get-nonce,1.0.1,19,F,UNVERIFIED_PUBLISH_PATH|DORMANT|SINGLE_MAINTAINER,1,59366372,v0.2.0
nth-check,3.0.1,73,B,SINGLE_MAINTAINER,1,59308743,v0.2.0
'@noble/hashes,2.2.0,79,B,SINGLE_MAINTAINER,1,59127998,v0.2.0
'@tanstack/query-core,5.101.2,89,A,BRANCH_REQUIRES_PR,3,58888372,v0.2.0
core-js,3.49.0,31,F,UNVERIFIED_PUBLISH_PATH|SINGLE_MAINTAINER,1,58556221,v0.2.0
'@types/d3-array,3.2.2,33,F,UNVERIFIED_PUBLISH_PATH|SINGLE_MAINTAINER,1,58554037,v0.2.0
web-streams-polyfill,4.3.0,87,A,,3,58211979,v0.2.0
'@types/ws,8.18.1,33,F,UNVERIFIED_PUBLISH_PATH|SINGLE_MAINTAINER,1,57793712,v0.2.0
'@smithy/credential-provider-imds,4.4.10,84,B,INCONSISTENT_PUBLISH_PATH,2,56596617,v0.2.0
'@types/d3-timer,3.0.2,27,F,UNVERIFIED_PUBLISH_PATH|DORMANT|SINGLE_MAINTAINER,1,56583712,v0.2.0
ast-types,0.14.2,19,F,UNVERIFIED_PUBLISH_PATH|DORMANT|SINGLE_MAINTAINER,1,56423455,v0.2.0
'@types/express,5.0.6,33,F,UNVERIFIED_PUBLISH_PATH|SINGLE_MAINTAINER,1,56201867,v0.2.0
'@types/d3-ease,3.0.2,27,F,UNVERIFIED_PUBLISH_PATH|DORMANT|SINGLE_MAINTAINER,1,56182484,v0.2.0
dayjs,1.11.21,73,B,SINGLE_MAINTAINER,1,56077449,v0.2.0
'@tanstack/react-query,5.101.2,89,A,,3,55918474,v0.2.0
pure-rand,8.4.2,68,C,SINGLE_MAINTAINER,1,55545492,v0.2.0
'@types/connect,3.4.38,27,F,UNVERIFIED_PUBLISH_PATH|DORMANT|SINGLE_MAINTAINER,1,55019289,v0.2.0
jest-haste-map,30.4.1,45,D,UNVERIFIED_PUBLISH_PATH,5,54942528,v0.2.0
class-variance-authority,0.7.1,14,F,UNVERIFIED_PUBLISH_PATH|DORMANT|SINGLE_MAINTAINER,1,54761807,v0.2.0
boolbase,2.0.0,79,B,SINGLE_MAINTAINER,1,54384748,v0.2.0
'@testing-library/dom,10.4.1,39,D,UNVERIFIED_PUBLISH_PATH,17,54199051,v0.2.0
'@jridgewell/source-map,0.3.11,25,F,UNVERIFIED_PUBLISH_PATH|SINGLE_MAINTAINER,1,53743693,v0.2.0
'@grpc/proto-loader,0.8.1,45,D,UNVERIFIED_PUBLISH_PATH,3,53563295,v0.2.0
fflate,0.8.3,20,F,UNVERIFIED_PUBLISH_PATH|SINGLE_MAINTAINER,1,53416937,v0.2.0
react-hook-form,7.82.0,31,F,UNVERIFIED_PUBLISH_PATH|SINGLE_MAINTAINER,1,52881582,v0.2.0
axe-core,4.12.1,100,A,,4,52873129,v0.2.0
'@jest/transform,30.4.1,45,D,UNVERIFIED_PUBLISH_PATH,5,52855895,v0.2.0
'@aws-sdk/util-endpoints,3.996.32,41,D,UNVERIFIED_PUBLISH_PATH,2,52446379,v0.2.0
'@protobufjs/utf8,1.1.2,45,D,UNVERIFIED_PUBLISH_PATH,3,52408745,v0.2.0
sucrase,3.35.1,25,F,UNVERIFIED_PUBLISH_PATH|SINGLE_MAINTAINER,1,52376974,v0.2.0
dom-helpers,6.0.1,39,D,UNVERIFIED_PUBLISH_PATH,3,52285134,v0.2.0
'@jest/fake-timers,30.4.1,45,D,UNVERIFIED_PUBLISH_PATH,5,52083135,v0.2.0
fraction.js,5.3.4,25,F,UNVERIFIED_PUBLISH_PATH|SINGLE_MAINTAINER,1,52029564,v0.2.0
'@jest/environment,30.4.1,45,D,UNVERIFIED_PUBLISH_PATH,5,51825430,v0.2.0
'@types/serve-static,2.2.0,33,F,UNVERIFIED_PUBLISH_PATH|SINGLE_MAINTAINER,1,51796907,v0.2.0
marked,18.0.6,93,A,,4,51736199,v0.2.0
'@smithy/protocol-http,5.5.10,84,B,INCONSISTENT_PUBLISH_PATH,2,51594918,v0.2.0
react-transition-group,4.4.5,28,F,UNVERIFIED_PUBLISH_PATH|DORMANT,3,51425607,v0.2.0
google-logging-utils,1.1.4,32,F,UNVERIFIED_PUBLISH_PATH|SINGLE_MAINTAINER,1,51248217,v0.2.0
'@radix-ui/react-menu,2.1.20,89,A,,4,51094708,v0.2.0
unist-util-is,6.0.1,39,D,UNVERIFIED_PUBLISH_PATH,2,50441322,v0.2.0
'@radix-ui/react-dropdown-menu,2.1.20,89,A,,4,50289453,v0.2.0
immer,11.1.15,83,B,INCONSISTENT_PUBLISH_PATH,2,50268421,v0.2.0
'@protobufjs/eventemitter,1.1.1,45,D,UNVERIFIED_PUBLISH_PATH,3,50086144,v0.2.0
unist-util-visit-parents,6.0.2,39,D,UNVERIFIED_PUBLISH_PATH,2,50084746,v0.2.0
ts-interface-checker,1.0.2,33,F,UNVERIFIED_PUBLISH_PATH|DORMANT,2,49991782,v0.2.0
micromark-util-character,2.1.1,19,F,UNVERIFIED_PUBLISH_PATH|DORMANT|SINGLE_MAINTAINER,1,49894062,v0.2.0
'@testing-library/jest-dom,6.9.1,39,D,UNVERIFIED_PUBLISH_PATH,17,49875185,v0.2.0
recharts,3.9.2,77,B,INCONSISTENT_PUBLISH_PATH|BRANCH_REQUIRES_PR,3,49868754,v0.2.0
unist-util-visit,5.1.0,39,D,UNVERIFIED_PUBLISH_PATH,2,49854420,v0.2.0
unist-util-stringify-position,4.0.0,33,F,UNVERIFIED_PUBLISH_PATH|DORMANT,2,49112696,v0.2.0
eventsource-parser,3.1.0,73,B,SINGLE_MAINTAINER,1,49098310,v0.2.0
victory-vendor,37.3.6,60,C,DORMANT,10,49090909,v0.2.0
decimal.js-light,2.5.1,19,F,UNVERIFIED_PUBLISH_PATH|DORMANT|SINGLE_MAINTAINER,1,49025497,v0.2.0
'@aws-sdk/signature-v4-multi-region,3.996.41,41,D,UNVERIFIED_PUBLISH_PATH,2,48864945,v0.2.0
'@jest/test-result,30.4.1,45,D,UNVERIFIED_PUBLISH_PATH,5,48546578,v0.2.0
'@jest/console,30.4.1,45,D,UNVERIFIED_PUBLISH_PATH,5,48459234,v0.2.0
lz-string,1.5.0,25,F,UNVERIFIED_PUBLISH_PATH|DORMANT|SINGLE_MAINTAINER,1,48411708,v0.2.0
webpack,5.108.4,87,A,,8,48370114,v0.2.0
'@aws-sdk/middleware-user-agent,3.972.63,41,D,UNVERIFIED_PUBLISH_PATH,2,48095608,v0.2.0
dompurify,3.4.12,38,D,UNVERIFIED_PUBLISH_PATH|SINGLE_MAINTAINER|BRANCH_REQUIRES_SIGNATURES|BRANCH_REQUIRES_PR,1,48008332,v0.2.0
'@sindresorhus/is,8.1.0,25,F,UNVERIFIED_PUBLISH_PATH|SINGLE_MAINTAINER,1,47922110,v0.2.0
file-type,22.0.1,25,F,UNVERIFIED_PUBLISH_PATH|SINGLE_MAINTAINER,1,47868405,v0.2.0
jsonwebtoken,9.0.3,27,F,UNVERIFIED_PUBLISH_PATH|SINGLE_MAINTAINER|PUBLISHER_NOT_MAINTAINER,1,47693149,v0.2.0
bluebird,3.7.2,19,F,UNVERIFIED_PUBLISH_PATH|DORMANT|SINGLE_MAINTAINER,1,47207680,v0.2.0
fast-equals,6.0.2,25,F,UNVERIFIED_PUBLISH_PATH|SINGLE_MAINTAINER,1,46978509,v0.2.0
property-information,7.2.0,25,F,UNVERIFIED_PUBLISH_PATH|SINGLE_MAINTAINER,1,46875071,v0.2.0
dlv,1.1.3,19,F,UNVERIFIED_PUBLISH_PATH|DORMANT|SINGLE_MAINTAINER,1,46841676,v0.2.0
react-router,8.2.0,88,A,,2,46687031,v0.2.0
'@protobufjs/pool,1.1.0,34,F,UNVERIFIED_PUBLISH_PATH|DORMANT,2,46480248,v0.2.0
'@protobufjs/float,1.0.2,34,F,UNVERIFIED_PUBLISH_PATH|DORMANT,2,46480104,v0.2.0
'@protobufjs/aspromise,1.1.2,34,F,UNVERIFIED_PUBLISH_PATH|DORMANT,2,46477232,v0.2.0
'@protobufjs/base64,1.1.2,34,F,UNVERIFIED_PUBLISH_PATH|DORMANT,2,46455559,v0.2.0
pg-protocol,1.15.0,32,F,UNVERIFIED_PUBLISH_PATH|SINGLE_MAINTAINER,1,46239609,v0.2.0
vfile-message,4.0.3,25,F,UNVERIFIED_PUBLISH_PATH|SINGLE_MAINTAINER,1,46183251,v0.2.0
'@aws-sdk/util-user-agent-browser,3.972.34,41,D,UNVERIFIED_PUBLISH_PATH,2,46153219,v0.2.0
'@aws-sdk/middleware-host-header,3.972.34,41,D,UNVERIFIED_PUBLISH_PATH,2,46152775,v0.2.0
hono,4.12.30,63,C,INCONSISTENT_PUBLISH_PATH|SINGLE_MAINTAINER,1,46104407,v0.2.0
'@aws-sdk/middleware-logger,3.972.33,41,D,UNVERIFIED_PUBLISH_PATH,2,46041679,v0.2.0
'@types/body-parser,1.19.6,33,F,UNVERIFIED_PUBLISH_PATH|SINGLE_MAINTAINER,1,45947276,v0.2.0
'@sentry/core,10.66.0,27,F,UNVERIFIED_PUBLISH_PATH|SINGLE_MAINTAINER|BRANCH_REQUIRES_PR,1,45946949,v0.2.0
'@aws-sdk/credential-provider-login,3.972.66,41,D,UNVERIFIED_PUBLISH_PATH,2,45810072,v0.2.0
vfile,6.0.3,19,F,UNVERIFIED_PUBLISH_PATH|DORMANT|SINGLE_MAINTAINER,1,45793137,v0.2.0
zod-to-json-schema,3.25.2,25,F,UNVERIFIED_PUBLISH_PATH|SINGLE_MAINTAINER,1,45541545,v0.2.0
'@aws-sdk/middleware-recursion-detection,3.972.35,41,D,UNVERIFIED_PUBLISH_PATH,2,45541045,v0.2.0
char-regex,2.0.2,19,F,UNVERIFIED_PUBLISH_PATH|DORMANT|SINGLE_MAINTAINER,1,45387269,v0.2.0
bignumber.js,11.1.5,25,F,UNVERIFIED_PUBLISH_PATH|SINGLE_MAINTAINER,1,45342109,v0.2.0
is-buffer,2.0.5,19,F,UNVERIFIED_PUBLISH_PATH|DORMANT|SINGLE_MAINTAINER,1,45284937,v0.2.0
check-error,2.1.3,63,C,SINGLE_MAINTAINER,1,45143419,v0.2.0
jest-resolve,30.4.1,45,D,UNVERIFIED_PUBLISH_PATH,5,45136909,v0.2.0
'@types/stack-utils,2.0.3,27,F,UNVERIFIED_PUBLISH_PATH|DORMANT|SINGLE_MAINTAINER,1,44947264,v0.2.0
'@types/prop-types,15.7.15,33,F,UNVERIFIED_PUBLISH_PATH|SINGLE_MAINTAINER,1,44795640,v0.2.0
jest-watcher,30.4.1,45,D,UNVERIFIED_PUBLISH_PATH,5,44790313,v0.2.0
ufo,1.6.4,31,F,UNVERIFIED_PUBLISH_PATH|SINGLE_MAINTAINER,1,44688081,v0.2.0
'@hookform/resolvers,5.4.0,45,D,UNVERIFIED_PUBLISH_PATH,3,44649230,v0.2.0
sonner,2.0.7,25,F,UNVERIFIED_PUBLISH_PATH|SINGLE_MAINTAINER,1,44627559,v0.2.0
mdast-util-to-string,4.0.0,33,F,UNVERIFIED_PUBLISH_PATH|DORMANT,2,44621957,v0.2.0
character-entities-legacy,3.0.0,19,F,UNVERIFIED_PUBLISH_PATH|DORMANT|SINGLE_MAINTAINER,1,44524858,v0.2.0
'@testing-library/react,16.3.2,87,A,,17,44389549,v0.2.0
express-rate-limit,8.6.0,77,B,INCONSISTENT_PUBLISH_PATH,2,44370395,v0.2.0
fast-diff,1.3.0,33,F,UNVERIFIED_PUBLISH_PATH|DORMANT,2,44328219,v0.2.0
css.escape,1.5.1,19,F,UNVERIFIED_PUBLISH_PATH|DORMANT|SINGLE_MAINTAINER,1,44177678,v0.2.0
'@aws-crypto/util,5.2.0,40,D,UNVERIFIED_PUBLISH_PATH|DORMANT,2,44001363,v0.2.0
micromark-factory-space,2.0.1,19,F,UNVERIFIED_PUBLISH_PATH|DORMANT|SINGLE_MAINTAINER,1,43962593,v0.2.0
micromark,4.0.2,25,F,UNVERIFIED_PUBLISH_PATH|SINGLE_MAINTAINER,1,43833769,v0.2.0
cssom,0.5.0,33,F,UNVERIFIED_PUBLISH_PATH|DORMANT,2,43782166,v0.2.0
'@aws-sdk/region-config-resolver,3.972.37,41,D,UNVERIFIED_PUBLISH_PATH,2,43480812,v0.2.0
'@types/http-errors,2.0.5,33,F,UNVERIFIED_PUBLISH_PATH|SINGLE_MAINTAINER,1,43379901,v0.2.0
bowser,2.14.1,68,C,SINGLE_MAINTAINER,1,43253281,v0.2.0
'@opentelemetry/sdk-metrics,2.9.0,94,A,,6,43024017,v0.2.0
jest-runtime,30.4.2,45,D,UNVERIFIED_PUBLISH_PATH,5,43013818,v0.2.0
'@standard-schema/utils,0.3.0,60,C,DORMANT,2,43010328,v0.2.0
unified,11.0.5,33,F,UNVERIFIED_PUBLISH_PATH|DORMANT,2,42770348,v0.2.0
next,16.2.10,89,A,,4,42755895,v0.2.0
mdast-util-from-markdown,2.0.3,39,D,UNVERIFIED_PUBLISH_PATH,2,42675030,v0.2.0
'@smithy/property-provider,4.4.10,84,B,INCONSISTENT_PUBLISH_PATH,2,42673264,v0.2.0
zustand,5.0.14,82,B,,3,42547761,v0.2.0
formdata-polyfill,4.0.10,19,F,UNVERIFIED_PUBLISH_PATH|DORMANT|SINGLE_MAINTAINER,1,42501106,v0.2.0
'@grpc/grpc-js,1.14.4,45,D,UNVERIFIED_PUBLISH_PATH,3,42359583,v0.2.0
micromark-util-sanitize-uri,2.0.1,19,F,UNVERIFIED_PUBLISH_PATH|DORMANT|SINGLE_MAINTAINER,1,42305945,v0.2.0
micromark-util-encode,2.0.1,19,F,UNVERIFIED_PUBLISH_PATH|DORMANT|SINGLE_MAINTAINER,1,42296179,v0.2.0
jest-runner,30.4.2,45,D,UNVERIFIED_PUBLISH_PATH,5,42291426,v0.2.0
lodash.debounce,4.0.8,34,F,UNVERIFIED_PUBLISH_PATH|DORMANT,2,42259839,v0.2.0
'@aws-crypto/sha256-js,5.2.0,40,D,UNVERIFIED_PUBLISH_PATH|DORMANT,2,42217743,v0.2.0
'@smithy/util-middleware,4.4.10,84,B,INCONSISTENT_PUBLISH_PATH,2,42163378,v0.2.0
'@jest/source-map,30.0.1,45,D,UNVERIFIED_PUBLISH_PATH,5,41962725,v0.2.0
'@jest/reporters,30.4.1,45,D,UNVERIFIED_PUBLISH_PATH,5,41943828,v0.2.0
eventsource,4.1.0,77,B,,2,41877445,v0.2.0
stylis,4.4.0,39,D,UNVERIFIED_PUBLISH_PATH,2,41340938,v0.2.0
'@types/pg,8.20.0,33,F,UNVERIFIED_PUBLISH_PATH|SINGLE_MAINTAINER,1,41247643,v0.2.0
space-separated-tokens,2.0.2,19,F,UNVERIFIED_PUBLISH_PATH|DORMANT|SINGLE_MAINTAINER,1,41234645,v0.2.0
jest,30.4.2,45,D,UNVERIFIED_PUBLISH_PATH,5,41086247,v0.2.0
react-router-dom,7.18.1,88,A,,2,40824936,v0.2.0
jest-changed-files,30.4.1,45,D,UNVERIFIED_PUBLISH_PATH,5,40577242,v0.2.0
comma-separated-tokens,2.0.3,19,F,UNVERIFIED_PUBLISH_PATH|DORMANT|SINGLE_MAINTAINER,1,40574358,v0.2.0
graphql,17.0.2,84,B,INCONSISTENT_PUBLISH_PATH,6,40571937,v0.2.0
jest-cli,30.4.2,45,D,UNVERIFIED_PUBLISH_PATH,5,40527257,v0.2.0
'@types/lodash,4.17.24,33,F,UNVERIFIED_PUBLISH_PATH|SINGLE_MAINTAINER,1,40370091,v0.2.0
'@smithy/smithy-client,4.14.10,84,B,INCONSISTENT_PUBLISH_PATH,2,40297376,v0.2.0
'@jest/core,30.4.2,45,D,UNVERIFIED_PUBLISH_PATH,5,40248496,v0.2.0
zwitch,2.0.4,19,F,UNVERIFIED_PUBLISH_PATH|DORMANT|SINGLE_MAINTAINER,1,40177473,v0.2.0
micromark-util-chunked,2.0.1,19,F,UNVERIFIED_PUBLISH_PATH|DORMANT|SINGLE_MAINTAINER,1,40052572,v0.2.0
micromark-util-classify-character,2.0.1,19,F,UNVERIFIED_PUBLISH_PATH|DORMANT|SINGLE_MAINTAINER,1,40019136,v0.2.0
micromark-util-resolve-all,2.0.1,19,F,UNVERIFIED_PUBLISH_PATH|DORMANT|SINGLE_MAINTAINER,1,39924422,v0.2.0
micromark-util-decode-numeric-character-reference,2.0.2,19,F,UNVERIFIED_PUBLISH_PATH|DORMANT|SINGLE_MAINTAINER,1,39913726,v0.2.0
micromark-core-commonmark,2.0.3,25,F,UNVERIFIED_PUBLISH_PATH|SINGLE_MAINTAINER,1,39910678,v0.2.0
remark-parse,11.0.0,33,F,UNVERIFIED_PUBLISH_PATH|DORMANT,3,39845634,v0.2.0
micromark-util-normalize-identifier,2.0.1,19,F,UNVERIFIED_PUBLISH_PATH|DORMANT|SINGLE_MAINTAINER,1,39845354,v0.2.0
micromark-util-subtokenize,2.1.0,25,F,UNVERIFIED_PUBLISH_PATH|SINGLE_MAINTAINER,1,39835680,v0.2.0
micromark-factory-whitespace,2.0.1,19,F,UNVERIFIED_PUBLISH_PATH|DORMANT|SINGLE_MAINTAINER,1,39816563,v0.2.0
react-day-picker,10.0.1,86,A,SINGLE_MAINTAINER,1,39799969,v0.2.0
micromark-factory-destination,2.0.1,19,F,UNVERIFIED_PUBLISH_PATH|DORMANT|SINGLE_MAINTAINER,1,39793155,v0.2.0
micromark-factory-label,2.0.1,19,F,UNVERIFIED_PUBLISH_PATH|DORMANT|SINGLE_MAINTAINER,1,39789312,v0.2.0
micromark-factory-title,2.0.1,19,F,UNVERIFIED_PUBLISH_PATH|DORMANT|SINGLE_MAINTAINER,1,39787136,v0.2.0
micromark-util-html-tag-name,2.0.1,19,F,UNVERIFIED_PUBLISH_PATH|DORMANT|SINGLE_MAINTAINER,1,39787084,v0.2.0
micromark-util-combine-extensions,2.0.1,19,F,UNVERIFIED_PUBLISH_PATH|DORMANT|SINGLE_MAINTAINER,1,39785082,v0.2.0
'@smithy/util-base64,4.5.10,84,B,INCONSISTENT_PUBLISH_PATH,2,39537434,v0.2.0
'@modelcontextprotocol/sdk,1.29.0,89,A,BRANCH_REQUIRES_PR,6,39354895,v0.2.0
ccount,2.0.1,19,F,UNVERIFIED_PUBLISH_PATH|DORMANT|SINGLE_MAINTAINER,1,39309586,v0.2.0
immutable,5.1.9,93,A,,2,39268930,v0.2.0
'@smithy/middleware-endpoint,4.6.10,84,B,INCONSISTENT_PUBLISH_PATH,2,39192897,v0.2.0
mdast-util-to-markdown,2.1.2,33,F,UNVERIFIED_PUBLISH_PATH|DORMANT,2,39189154,v0.2.0
minimalistic-assert,1.0.1,33,F,UNVERIFIED_PUBLISH_PATH|DORMANT,2,39077908,v0.2.0
psl,1.15.0,25,F,UNVERIFIED_PUBLISH_PATH|DORMANT|SINGLE_MAINTAINER,1,38890351,v0.2.0
bail,2.0.2,19,F,UNVERIFIED_PUBLISH_PATH|DORMANT|SINGLE_MAINTAINER,1,38725015,v0.2.0
trough,2.2.0,19,F,UNVERIFIED_PUBLISH_PATH|DORMANT|SINGLE_MAINTAINER,1,38716064,v0.2.0
p-retry,8.0.0,25,F,UNVERIFIED_PUBLISH_PATH|SINGLE_MAINTAINER,1,38705031,v0.2.0
'@smithy/util-stream,4.7.10,84,B,INCONSISTENT_PUBLISH_PATH,2,38669861,v0.2.0
'@testing-library/user-event,14.6.1,33,F,UNVERIFIED_PUBLISH_PATH|DORMANT,17,38633344,v0.2.0
'@opentelemetry/sdk-logs,0.220.0,94,A,,6,38606017,v0.2.0
micromark-util-decode-string,2.0.1,19,F,UNVERIFIED_PUBLISH_PATH|DORMANT|SINGLE_MAINTAINER,1,38581499,v0.2.0
'@smithy/middleware-serde,4.4.10,84,B,INCONSISTENT_PUBLISH_PATH,2,38400196,v0.2.0
decode-named-character-reference,1.3.0,25,F,UNVERIFIED_PUBLISH_PATH|SINGLE_MAINTAINER,1,38391981,v0.2.0
mdast-util-to-hast,13.2.1,39,D,UNVERIFIED_PUBLISH_PATH,2,38118906,v0.2.0
'@smithy/url-parser,4.4.10,84,B,INCONSISTENT_PUBLISH_PATH,2,38089535,v0.2.0
unist-util-position,5.0.0,33,F,UNVERIFIED_PUBLISH_PATH|DORMANT,2,37984619,v0.2.0
lodash-es,4.18.1,45,D,UNVERIFIED_PUBLISH_PATH,3,37978587,v0.2.0
'@smithy/middleware-stack,4.4.10,84,B,INCONSISTENT_PUBLISH_PATH,2,37969880,v0.2.0
'@tailwindcss/vite,4.3.3,89,A,,3,37939420,v0.2.0
'@smithy/util-retry,4.5.10,84,B,INCONSISTENT_PUBLISH_PATH,2,37869864,v0.2.0
longest-streak,3.1.0,19,F,UNVERIFIED_PUBLISH_PATH|DORMANT|SINGLE_MAINTAINER,1,37823077,v0.2.0
devlop,1.1.0,19,F,UNVERIFIED_PUBLISH_PATH|DORMANT|SINGLE_MAINTAINER,1,37454021,v0.2.0
he,1.2.0,33,F,UNVERIFIED_PUBLISH_PATH|DORMANT,2,37009136,v0.2.0
crc-32,1.2.2,19,F,UNVERIFIED_PUBLISH_PATH|DORMANT|SINGLE_MAINTAINER,1,36962391,v0.2.0
'@smithy/util-hex-encoding,4.4.10,84,B,INCONSISTENT_PUBLISH_PATH,2,36938016,v0.2.0
reselect,5.2.0,87,A,,6,36929530,v0.2.0
'@aws-crypto/sha256-browser,5.2.0,40,D,UNVERIFIED_PUBLISH_PATH|DORMANT,2,36761457,v0.2.0
'@smithy/querystring-builder,4.4.10,84,B,INCONSISTENT_PUBLISH_PATH,2,36705633,v0.2.0
'@smithy/middleware-retry,4.7.10,84,B,INCONSISTENT_PUBLISH_PATH,2,36701711,v0.2.0
'@aws-crypto/supports-web-crypto,5.2.0,40,D,UNVERIFIED_PUBLISH_PATH|DORMANT,2,36648220,v0.2.0
framer-motion,12.42.2,39,D,UNVERIFIED_PUBLISH_PATH,2,36617495,v0.2.0
handlebars,4.7.9,45,D,UNVERIFIED_PUBLISH_PATH,6,36587434,v0.2.0
'@opentelemetry/otlp-transformer,0.220.0,94,A,,6,36522380,v0.2.0
hast-util-whitespace,3.0.0,33,F,UNVERIFIED_PUBLISH_PATH|DORMANT,2,36366763,v0.2.0
mdast-util-phrasing,4.1.0,33,F,UNVERIFIED_PUBLISH_PATH|DORMANT,2,36129755,v0.2.0
'@smithy/config-resolver,4.6.10,84,B,INCONSISTENT_PUBLISH_PATH,2,36116576,v0.2.0
jszip,3.10.1,19,F,UNVERIFIED_PUBLISH_PATH|DORMANT|SINGLE_MAINTAINER|BRANCH_REQUIRES_PR,1,36056098,v0.2.0
'@aws-sdk/middleware-sdk-s3,3.972.64,41,D,UNVERIFIED_PUBLISH_PATH,2,36031486,v0.2.0
style-to-object,2.0.2,76,B,INCONSISTENT_PUBLISH_PATH|SINGLE_MAINTAINER,1,36026744,v0.2.0
'@opentelemetry/otlp-exporter-base,0.220.0,94,A,,6,35987400,v0.2.0
url-parse,1.5.10,39,D,UNVERIFIED_PUBLISH_PATH|DORMANT,4,35982190,v0.2.0
'@xmldom/xmldom,0.9.10,31,F,UNVERIFIED_PUBLISH_PATH|SINGLE_MAINTAINER,1,35969114,v0.2.0
'@smithy/util-uri-escape,4.4.10,84,B,INCONSISTENT_PUBLISH_PATH,2,35891349,v0.2.0
'@smithy/util-defaults-mode-browser,4.5.10,84,B,INCONSISTENT_PUBLISH_PATH,2,35844137,v0.2.0
stringify-entities,4.0.4,19,F,UNVERIFIED_PUBLISH_PATH|DORMANT|SINGLE_MAINTAINER,1,35625281,v0.2.0
json-schema-typed,8.0.2,25,F,UNVERIFIED_PUBLISH_PATH|SINGLE_MAINTAINER,1,35601460,v0.2.0
redux,5.0.1,60,C,DORMANT,6,35515891,v0.2.0
character-entities-html4,2.1.0,19,F,UNVERIFIED_PUBLISH_PATH|DORMANT|SINGLE_MAINTAINER,1,35475205,v0.2.0
'@smithy/invalid-dependency,4.4.10,84,B,INCONSISTENT_PUBLISH_PATH,2,35445197,v0.2.0
inline-style-parser,0.2.9,80,B,SINGLE_MAINTAINER,1,35430736,v0.2.0
node-forge,1.4.0,45,D,UNVERIFIED_PUBLISH_PATH,3,34859804,v0.2.0
'@smithy/middleware-content-length,4.4.10,84,B,INCONSISTENT_PUBLISH_PATH,2,34806228,v0.2.0
hoist-non-react-statics,3.3.2,19,F,UNVERIFIED_PUBLISH_PATH|DORMANT|SINGLE_MAINTAINER,1,34546070,v0.2.0
'@protobufjs/inquire,1.1.2,45,D,UNVERIFIED_PUBLISH_PATH,3,34535149,v0.2.0
reflect-metadata,0.2.2,19,F,UNVERIFIED_PUBLISH_PATH|DORMANT|SINGLE_MAINTAINER,1,34098888,v0.2.0
'@smithy/util-endpoints,3.6.10,84,B,INCONSISTENT_PUBLISH_PATH,2,34096246,v0.2.0
trim-lines,3.0.1,19,F,UNVERIFIED_PUBLISH_PATH|DORMANT|SINGLE_MAINTAINER,1,33938096,v0.2.0
'@smithy/util-body-length-browser,4.4.10,84,B,INCONSISTENT_PUBLISH_PATH,2,33920016,v0.2.0
'@emotion/memoize,0.9.0,34,F,UNVERIFIED_PUBLISH_PATH|DORMANT|PUBLISHER_NOT_MAINTAINER,2,33878091,v0.2.0
embla-carousel,8.6.0,25,F,UNVERIFIED_PUBLISH_PATH|SINGLE_MAINTAINER,1,33830519,v0.2.0
html-entities,2.6.0,25,F,UNVERIFIED_PUBLISH_PATH|SINGLE_MAINTAINER,1,33817950,v0.2.0
remark-rehype,11.1.2,39,D,UNVERIFIED_PUBLISH_PATH,3,33581134,v0.2.0
ejs,6.0.1,26,F,UNVERIFIED_PUBLISH_PATH|SINGLE_MAINTAINER,1,33528162,v0.2.0
'@aws-sdk/util-locate-window,3.965.8,41,D,UNVERIFIED_PUBLISH_PATH,2,33471814,v0.2.0
vite-node,6.0.0,82,B,,5,33380618,v0.2.0
react-smooth,4.0.4,33,F,UNVERIFIED_PUBLISH_PATH|DORMANT,4,33266841,v0.2.0
randombytes,2.1.0,33,F,UNVERIFIED_PUBLISH_PATH|DORMANT,5,33212034,v0.2.0
'@smithy/querystring-parser,4.4.10,84,B,INCONSISTENT_PUBLISH_PATH,2,33195180,v0.2.0
recharts-scale,0.4.5,33,F,UNVERIFIED_PUBLISH_PATH|DORMANT,2,33136649,v0.2.0
es-toolkit,1.49.0,95,A,BRANCH_REQUIRES_PR,3,32897634,v0.2.0
cross-fetch,4.1.0,25,F,UNVERIFIED_PUBLISH_PATH|DORMANT|SINGLE_MAINTAINER,1,32880930,v0.2.0
markdown-table,3.0.4,19,F,UNVERIFIED_PUBLISH_PATH|DORMANT|SINGLE_MAINTAINER,1,32852829,v0.2.0
svgo,4.0.2,39,D,UNVERIFIED_PUBLISH_PATH,4,32631817,v0.2.0
'@smithy/service-error-classification,4.5.10,84,B,INCONSISTENT_PUBLISH_PATH,2,32622450,v0.2.0
'@aws-sdk/client-s3,3.1090.0,41,D,UNVERIFIED_PUBLISH_PATH,2,32542160,v0.2.0
moment,2.30.1,28,F,UNVERIFIED_PUBLISH_PATH|DORMANT,5,32524564,v0.2.0
luxon,3.7.2,39,D,UNVERIFIED_PUBLISH_PATH,2,32048637,v0.2.0
'@octokit/request,10.0.11,79,B,SINGLE_MAINTAINER,1,31951463,v0.2.0
'@octokit/request-error,7.1.0,63,C,SINGLE_MAINTAINER,1,31905964,v0.2.0
motion-dom,12.42.2,25,F,UNVERIFIED_PUBLISH_PATH|SINGLE_MAINTAINER,1,31799035,v0.2.0
micromark-extension-gfm-table,2.1.1,19,F,UNVERIFIED_PUBLISH_PATH|DORMANT|SINGLE_MAINTAINER,1,31636619,v0.2.0
'@types/semver,7.7.1,33,F,UNVERIFIED_PUBLISH_PATH|SINGLE_MAINTAINER,1,31488230,v0.2.0
cookie-es,3.1.1,25,F,UNVERIFIED_PUBLISH_PATH|SINGLE_MAINTAINER,1,31274984,v0.2.0
micromark-extension-gfm-autolink-literal,2.1.0,19,F,UNVERIFIED_PUBLISH_PATH|DORMANT|SINGLE_MAINTAINER,1,31053016,v0.2.0
recast,0.23.12,39,D,UNVERIFIED_PUBLISH_PATH,2,30938706,v0.2.0
big.js,7.0.1,25,F,UNVERIFIED_PUBLISH_PATH|SINGLE_MAINTAINER,1,30864847,v0.2.0
pluralize,8.0.0,25,F,UNVERIFIED_PUBLISH_PATH|DORMANT|SINGLE_MAINTAINER,1,30581443,v0.2.0
'@octokit/endpoint,11.0.3,79,B,SINGLE_MAINTAINER,1,30500773,v0.2.0
mdast-util-gfm-table,2.0.0,33,F,UNVERIFIED_PUBLISH_PATH|DORMANT,2,30411399,v0.2.0
micromark-extension-gfm-strikethrough,2.1.0,19,F,UNVERIFIED_PUBLISH_PATH|DORMANT|SINGLE_MAINTAINER,1,30331894,v0.2.0
mdast-util-gfm-strikethrough,2.0.0,33,F,UNVERIFIED_PUBLISH_PATH|DORMANT,2,30314766,v0.2.0
micromark-extension-gfm-task-list-item,2.1.0,19,F,UNVERIFIED_PUBLISH_PATH|DORMANT|SINGLE_MAINTAINER,1,30290842,v0.2.0
mdast-util-gfm-task-list-item,2.0.0,33,F,UNVERIFIED_PUBLISH_PATH|DORMANT,2,30276185,v0.2.0
'@smithy/util-config-provider,4.4.10,84,B,INCONSISTENT_PUBLISH_PATH,2,30208095,v0.2.0
tweetnacl,1.0.3,19,F,UNVERIFIED_PUBLISH_PATH|DORMANT|SINGLE_MAINTAINER,1,30169051,v0.2.0
mdast-util-gfm,3.1.0,39,D,UNVERIFIED_PUBLISH_PATH,2,30114670,v0.2.0
mdast-util-find-and-replace,3.0.2,33,F,UNVERIFIED_PUBLISH_PATH|DORMANT,2,30102323,v0.2.0
micromark-extension-gfm,3.0.0,19,F,UNVERIFIED_PUBLISH_PATH|DORMANT|SINGLE_MAINTAINER,1,29853398,v0.2.0
mdast-util-gfm-autolink-literal,2.0.1,33,F,UNVERIFIED_PUBLISH_PATH|DORMANT,2,29818958,v0.2.0
micromark-extension-gfm-tagfilter,2.0.0,19,F,UNVERIFIED_PUBLISH_PATH|DORMANT|SINGLE_MAINTAINER,1,29805201,v0.2.0
motion-utils,12.39.0,25,F,UNVERIFIED_PUBLISH_PATH|SINGLE_MAINTAINER,1,29800419,v0.2.0
'@js-sdsl/ordered-map,4.4.2,28,F,UNVERIFIED_PUBLISH_PATH|DORMANT,2,29493851,v0.2.0
remark-gfm,4.0.1,39,D,UNVERIFIED_PUBLISH_PATH,3,29467012,v0.2.0
'@emotion/unitless,0.10.0,34,F,UNVERIFIED_PUBLISH_PATH|DORMANT|PUBLISHER_NOT_MAINTAINER,2,29334642,v0.2.0
micromark-extension-gfm-footnote,2.1.0,19,F,UNVERIFIED_PUBLISH_PATH|DORMANT|SINGLE_MAINTAINER,1,29285580,v0.2.0
lodash.uniq,4.5.0,34,F,UNVERIFIED_PUBLISH_PATH|DORMANT,2,28760109,v0.2.0
react-redux,9.3.0,87,A,,5,28746524,v0.2.0
'@octokit/plugin-paginate-rest,14.0.0,63,C,SINGLE_MAINTAINER,1,28721279,v0.2.0
promise,8.3.0,33,F,UNVERIFIED_PUBLISH_PATH|DORMANT,2,28188075,v0.2.0
sass,1.101.0,87,A,,2,28138470,v0.2.0
mdast-util-gfm-footnote,2.1.0,39,D,UNVERIFIED_PUBLISH_PATH,2,28052093,v0.2.0
linkify-it,6.0.0,25,F,UNVERIFIED_PUBLISH_PATH|SINGLE_MAINTAINER,1,28044645,v0.2.0
p-queue,9.3.1,25,F,UNVERIFIED_PUBLISH_PATH|SINGLE_MAINTAINER,1,27773951,v0.2.0
'@aws-sdk/client-sso,3.1090.0,41,D,UNVERIFIED_PUBLISH_PATH,2,27651111,v0.2.0
hast-util-to-jsx-runtime,2.3.6,39,D,UNVERIFIED_PUBLISH_PATH,2,27468215,v0.2.0
web-vitals,5.3.0,39,D,UNVERIFIED_PUBLISH_PATH,3,27277381,v0.2.0
ua-parser-js,2.0.10,73,B,SINGLE_MAINTAINER,1,27210846,v0.2.0
classnames,2.5.1,65,C,DORMANT,2,26885679,v0.2.0
big-integer,1.6.52,19,F,UNVERIFIED_PUBLISH_PATH|DORMANT|SINGLE_MAINTAINER,1,26806586,v0.2.0
openai,6.48.0,90,A,INCONSISTENT_PUBLISH_PATH,18,26804853,v0.2.0
'@sentry/node,10.66.0,27,F,UNVERIFIED_PUBLISH_PATH|SINGLE_MAINTAINER,1,26454580,v0.2.0
uc.micro,2.1.0,19,F,UNVERIFIED_PUBLISH_PATH|DORMANT|SINGLE_MAINTAINER,1,26451173,v0.2.0
strtok3,10.3.5,25,F,UNVERIFIED_PUBLISH_PATH|SINGLE_MAINTAINER,1,26303943,v0.2.0
'@emotion/hash,0.9.2,34,F,UNVERIFIED_PUBLISH_PATH|DORMANT|PUBLISHER_NOT_MAINTAINER,2,26269374,v0.2.0
dateformat,5.0.3,33,F,UNVERIFIED_PUBLISH_PATH|DORMANT,6,26239828,v0.2.0
mitt,3.0.1,19,F,UNVERIFIED_PUBLISH_PATH|DORMANT|SINGLE_MAINTAINER,1,26034795,v0.2.0
'@aws-sdk/middleware-flexible-checksums,3.974.43,41,D,UNVERIFIED_PUBLISH_PATH,2,25954010,v0.2.0
ts-dedent,2.3.0,68,C,SINGLE_MAINTAINER,1,25793587,v0.2.0
token-types,6.1.2,25,F,UNVERIFIED_PUBLISH_PATH|SINGLE_MAINTAINER,1,25767991,v0.2.0
highlight.js,11.11.1,39,D,UNVERIFIED_PUBLISH_PATH|DORMANT,4,25629699,v0.2.0
teeny-request,10.1.3,46,D,UNVERIFIED_PUBLISH_PATH,4,25594238,v0.2.0
d3-dispatch,3.0.1,33,F,UNVERIFIED_PUBLISH_PATH|DORMANT,2,25539584,v0.2.0
js-cookie,3.0.8,93,A,,2,25482343,v0.2.0
react-markdown,10.1.0,39,D,UNVERIFIED_PUBLISH_PATH,3,25459098,v0.2.0
cheerio,1.2.0,40,D,UNVERIFIED_PUBLISH_PATH|PUBLISHER_NOT_MAINTAINER,2,25386522,v0.2.0
'@emotion/is-prop-valid,1.4.0,40,D,UNVERIFIED_PUBLISH_PATH|PUBLISHER_NOT_MAINTAINER,2,25359641,v0.2.0
'@sentry/browser,10.66.0,27,F,UNVERIFIED_PUBLISH_PATH|SINGLE_MAINTAINER|BRANCH_REQUIRES_PR,1,25236579,v0.2.0
'@jridgewell/set-array,1.2.1,19,F,UNVERIFIED_PUBLISH_PATH|DORMANT|SINGLE_MAINTAINER,1,25214365,v0.2.0
hookable,6.1.1,39,D,UNVERIFIED_PUBLISH_PATH,2,25064379,v0.2.0
'@azure/abort-controller,2.2.0,47,D,UNVERIFIED_PUBLISH_PATH,3,25052739,v0.2.0
date-fns-jalali,4.4.0-0,26,F,UNVERIFIED_PUBLISH_PATH|SINGLE_MAINTAINER,1,25007137,v0.2.0
async-retry,1.3.3,28,F,UNVERIFIED_PUBLISH_PATH|DORMANT|PUBLISHER_NOT_MAINTAINER,2,24957775,v0.2.0
mdurl,2.0.0,19,F,UNVERIFIED_PUBLISH_PATH|DORMANT|SINGLE_MAINTAINER,1,24809204,v0.2.0
fast-check,4.9.0,81,B,SINGLE_MAINTAINER,1,24494919,v0.2.0
d3-selection,3.0.0,33,F,UNVERIFIED_PUBLISH_PATH|DORMANT,2,24427544,v0.2.0
redux-thunk,3.1.0,33,F,UNVERIFIED_PUBLISH_PATH|DORMANT,5,24392965,v0.2.0
http-proxy-middleware,4.2.0,73,B,SINGLE_MAINTAINER,1,24336990,v0.2.0
'@anthropic-ai/sdk,0.112.3,90,A,INCONSISTENT_PUBLISH_PATH,13,24299851,v0.2.0
decode-uri-component,0.5.0,25,F,UNVERIFIED_PUBLISH_PATH|SINGLE_MAINTAINER,1,24194478,v0.2.0
tagged-tag,1.0.0,25,F,UNVERIFIED_PUBLISH_PATH|SINGLE_MAINTAINER,1,24175202,v0.2.0
prismjs,1.30.0,45,D,UNVERIFIED_PUBLISH_PATH,8,23968714,v0.2.0
markdown-it,14.3.0,25,F,UNVERIFIED_PUBLISH_PATH|SINGLE_MAINTAINER,1,23908303,v0.2.0
lodash.clonedeep,4.5.0,34,F,UNVERIFIED_PUBLISH_PATH|DORMANT,2,23807140,v0.2.0
devtools-protocol,0.0.1663043,87,A,,3,23715620,v0.2.0
stackframe,1.3.4,33,F,UNVERIFIED_PUBLISH_PATH|DORMANT,4,23702442,v0.2.0
preact,10.29.7,79,B,INCONSISTENT_PUBLISH_PATH,6,23699141,v0.2.0
error-stack-parser,2.1.4,33,F,UNVERIFIED_PUBLISH_PATH|DORMANT,5,23635635,v0.2.0
underscore,1.13.8,45,D,UNVERIFIED_PUBLISH_PATH,2,23616548,v0.2.0
isbot,5.2.1,45,D,UNVERIFIED_PUBLISH_PATH,2,23481531,v0.2.0
html-url-attributes,3.0.1,33,F,UNVERIFIED_PUBLISH_PATH|DORMANT,3,23474040,v0.2.0
lodash.isequal,4.5.0,34,F,UNVERIFIED_PUBLISH_PATH|DORMANT|DEPRECATED,2,23440188,v0.2.0
d3-drag,3.0.0,33,F,UNVERIFIED_PUBLISH_PATH|DORMANT,2,23321899,v0.2.0
d3-transition,3.0.1,33,F,UNVERIFIED_PUBLISH_PATH|DORMANT,2,23289663,v0.2.0
validator,13.15.35,93,A,,3,23089122,v0.2.0
'@vue/shared,3.5.40,64,C,INCONSISTENT_PUBLISH_PATH|SINGLE_MAINTAINER,1,23052015,v0.2.0
'@angular-devkit/core,22.0.7,45,D,UNVERIFIED_PUBLISH_PATH,2,22859275,v0.2.0
'@noble/curves,2.2.0,79,B,SINGLE_MAINTAINER,1,22781810,v0.2.0
'@remix-run/router,1.23.3,74,B,SINGLE_MAINTAINER,1,22758572,v0.2.0
perfect-debounce,2.1.0,25,F,UNVERIFIED_PUBLISH_PATH|SINGLE_MAINTAINER,1,22752655,v0.2.0
'@reduxjs/toolkit,2.12.0,87,A,,6,22584553,v0.2.0
seroval,1.5.5,34,F,UNVERIFIED_PUBLISH_PATH,2,22580996,v0.2.0
d3-zoom,3.0.0,33,F,UNVERIFIED_PUBLISH_PATH|DORMANT,2,22513103,v0.2.0
whatwg-fetch,3.6.20,20,F,UNVERIFIED_PUBLISH_PATH|DORMANT|SINGLE_MAINTAINER|PUBLISHER_NOT_MAINTAINER,1,22503596,v0.2.0
msgpackr,2.0.4,31,F,UNVERIFIED_PUBLISH_PATH|SINGLE_MAINTAINER,1,22443308,v0.2.0
'@opentelemetry/exporter-trace-otlp-http,0.220.0,94,A,,6,22396304,v0.2.0
json-schema-to-ts,3.1.1,19,F,UNVERIFIED_PUBLISH_PATH|DORMANT|SINGLE_MAINTAINER,1,22220976,v0.2.0
ioredis,5.11.1,39,D,UNVERIFIED_PUBLISH_PATH,2,22197336,v0.2.0
socket.io-parser,4.2.7,93,A,,2,22128936,v0.2.0
crossws,0.4.10,20,F,UNVERIFIED_PUBLISH_PATH|SINGLE_MAINTAINER,1,22115538,v0.2.0
fecha,4.2.3,19,F,UNVERIFIED_PUBLISH_PATH|DORMANT|SINGLE_MAINTAINER,1,22004695,v0.2.0
tabbable,6.5.0,93,A,,2,21772667,v0.2.0
effect,3.22.0,82,B,BRANCH_REQUIRES_PR,2,21721602,v0.2.0
'@popperjs/core,2.11.8,28,F,UNVERIFIED_PUBLISH_PATH|DORMANT,2,21655893,v0.2.0
uint8array-extras,1.5.0,25,F,UNVERIFIED_PUBLISH_PATH|SINGLE_MAINTAINER,1,21369407,v0.2.0
'@emotion/cache,11.14.0,34,F,UNVERIFIED_PUBLISH_PATH|DORMANT|PUBLISHER_NOT_MAINTAINER,2,21333733,v0.2.0
punycode.js,2.3.1,33,F,UNVERIFIED_PUBLISH_PATH|DORMANT,2,21182483,v0.2.0
unstorage,1.17.5,27,F,UNVERIFIED_PUBLISH_PATH|SINGLE_MAINTAINER,1,21070468,v0.2.0
destr,2.0.5,25,F,UNVERIFIED_PUBLISH_PATH|SINGLE_MAINTAINER,1,21021834,v0.2.0
'@vue/compiler-core,3.5.40,74,B,SINGLE_MAINTAINER,1,21004672,v0.2.0
html-void-elements,3.0.0,19,F,UNVERIFIED_PUBLISH_PATH|DORMANT|SINGLE_MAINTAINER,1,20993454,v0.2.0
joi,18.2.3,39,D,UNVERIFIED_PUBLISH_PATH,6,20943973,v0.2.0
cheerio-select,2.1.0,14,F,UNVERIFIED_PUBLISH_PATH|DORMANT|SINGLE_MAINTAINER|PUBLISHER_NOT_MAINTAINER,1,20917009,v0.2.0
'@vue/compiler-dom,3.5.40,74,B,SINGLE_MAINTAINER,1,20901550,v0.2.0
debounce,3.0.0,25,F,UNVERIFIED_PUBLISH_PATH|SINGLE_MAINTAINER,1,20882247,v0.2.0
'@tanstack/router-core,1.171.15,89,A,,3,20638609,v0.2.0
proto3-json-serializer,3.0.5,32,F,UNVERIFIED_PUBLISH_PATH|SINGLE_MAINTAINER,1,20511815,v0.2.0
superagent,10.3.0,45,D,UNVERIFIED_PUBLISH_PATH,7,20462287,v0.2.0
asn1.js,5.4.1,33,F,UNVERIFIED_PUBLISH_PATH|DORMANT,2,20339944,v0.2.0
hash-base,3.1.2,39,D,UNVERIFIED_PUBLISH_PATH,4,20329362,v0.2.0
'@noble/ciphers,2.2.0,79,B,SINGLE_MAINTAINER,1,20324744,v0.2.0
idb,8.0.3,20,F,UNVERIFIED_PUBLISH_PATH|SINGLE_MAINTAINER,1,20240414,v0.2.0
'@mswjs/interceptors,0.41.9,68,C,SINGLE_MAINTAINER,1,20200309,v0.2.0
'@tanstack/react-router,1.170.18,89,A,,3,20027684,v0.2.0
robust-predicates,3.0.3,25,F,UNVERIFIED_PUBLISH_PATH|SINGLE_MAINTAINER,1,20024178,v0.2.0
d3-geo,3.1.1,33,F,UNVERIFIED_PUBLISH_PATH|DORMANT,2,19905510,v0.2.0
sha.js,2.4.12,39,D,UNVERIFIED_PUBLISH_PATH,3,19788001,v0.2.0
'@sentry/opentelemetry,10.66.0,27,F,UNVERIFIED_PUBLISH_PATH|SINGLE_MAINTAINER,1,19755803,v0.2.0
w3c-keyname,2.2.8,19,F,UNVERIFIED_PUBLISH_PATH|DORMANT|SINGLE_MAINTAINER,1,19618009,v0.2.0
libphonenumber-js,1.13.9,36,D,INCONSISTENT_PUBLISH_PATH|SINGLE_MAINTAINER|PUBLISHER_NOT_MAINTAINER,1,19545384,v0.2.0
hash.js,1.1.7,19,F,UNVERIFIED_PUBLISH_PATH|DORMANT|SINGLE_MAINTAINER,1,19462140,v0.2.0
'@tailwindcss/typography,0.5.20,87,A,,3,19401936,v0.2.0
google-gax,5.0.7,46,D,UNVERIFIED_PUBLISH_PATH,3,19375834,v0.2.0
xmlbuilder2,4.0.3,39,D,UNVERIFIED_PUBLISH_PATH,2,19371183,v0.2.0
'@supabase/postgrest-js,2.110.7,89,A,BRANCH_REQUIRES_PR,2,19328226,v0.2.0
'@angular-devkit/schematics,22.0.7,45,D,UNVERIFIED_PUBLISH_PATH,2,19321358,v0.2.0
'@supabase/storage-js,2.110.7,89,A,BRANCH_REQUIRES_PR,2,19271808,v0.2.0
'@supabase/realtime-js,2.110.7,89,A,BRANCH_REQUIRES_PR,2,19271647,v0.2.0
'@supabase/auth-js,2.110.7,89,A,BRANCH_REQUIRES_PR,2,19228779,v0.2.0
'@supabase/functions-js,2.110.7,89,A,BRANCH_REQUIRES_PR,2,19189283,v0.2.0
'@dnd-kit/core,6.3.1,14,F,UNVERIFIED_PUBLISH_PATH|DORMANT|SINGLE_MAINTAINER,1,19147399,v0.2.0
'@dnd-kit/utilities,3.2.2,14,F,UNVERIFIED_PUBLISH_PATH|DORMANT|SINGLE_MAINTAINER,1,19090163,v0.2.0
ts-algebra,2.0.0,19,F,UNVERIFIED_PUBLISH_PATH|DORMANT|SINGLE_MAINTAINER,1,19080288,v0.2.0
'@supabase/supabase-js,2.110.7,89,A,BRANCH_REQUIRES_PR,2,19062045,v0.2.0
engine.io-parser,5.2.3,71,B,DORMANT,2,18968815,v0.2.0
'@vue/compiler-sfc,3.5.40,74,B,SINGLE_MAINTAINER,1,18954277,v0.2.0
layout-base,2.0.1,33,F,UNVERIFIED_PUBLISH_PATH|DORMANT,6,18944720,v0.2.0
cose-base,2.2.0,19,F,UNVERIFIED_PUBLISH_PATH|DORMANT|SINGLE_MAINTAINER,1,18931966,v0.2.0
loglevel,1.9.2,19,F,UNVERIFIED_PUBLISH_PATH|DORMANT|SINGLE_MAINTAINER,1,18869743,v0.2.0
'@dnd-kit/sortable,10.0.0,14,F,UNVERIFIED_PUBLISH_PATH|DORMANT|SINGLE_MAINTAINER,1,18809297,v0.2.0
'@sentry-internal/feedback,10.57.0,27,F,UNVERIFIED_PUBLISH_PATH|SINGLE_MAINTAINER|BRANCH_REQUIRES_PR,1,18768159,v0.2.0
'@sentry-internal/replay-canvas,10.57.0,27,F,UNVERIFIED_PUBLISH_PATH|SINGLE_MAINTAINER|BRANCH_REQUIRES_PR,1,18707582,v0.2.0
'@azure/msal-common,16.11.2,47,D,UNVERIFIED_PUBLISH_PATH,3,18642668,v0.2.0
'@shikijs/types,4.3.1,82,B,,3,18630640,v0.2.0
i18next,26.3.6,39,D,UNVERIFIED_PUBLISH_PATH,2,18534412,v0.2.0
'@formatjs/intl-localematcher,0.8.13,66,C,,3,18480505,v0.2.0
'@types/aws-lambda,8.10.162,33,F,UNVERIFIED_PUBLISH_PATH|SINGLE_MAINTAINER,1,18463538,v0.2.0
pdfjs-dist,6.1.200,94,A,,5,18279299,v0.2.0
'@emotion/react,11.14.0,34,F,UNVERIFIED_PUBLISH_PATH|DORMANT|PUBLISHER_NOT_MAINTAINER,2,18203697,v0.2.0
msw,2.15.0,68,C,SINGLE_MAINTAINER,1,18162005,v0.2.0
storybook,10.5.2,90,A,INCONSISTENT_PUBLISH_PATH,8,17927202,v0.2.0
puppeteer-core,25.3.0,93,A,,2,17902201,v0.2.0
'@azure/core-tracing,1.4.0,47,D,UNVERIFIED_PUBLISH_PATH,3,17689326,v0.2.0
d3-hierarchy,3.1.2,33,F,UNVERIFIED_PUBLISH_PATH|DORMANT,2,17639193,v0.2.0
'@puppeteer/browsers,3.0.6,93,A,,2,17628833,v0.2.0
'@shikijs/engine-oniguruma,4.3.1,82,B,,3,17598399,v0.2.0
filter-obj,6.1.0,19,F,UNVERIFIED_PUBLISH_PATH|DORMANT|SINGLE_MAINTAINER,1,17572975,v0.2.0
'@aws-sdk/client-sts,3.1090.0,41,D,UNVERIFIED_PUBLISH_PATH,2,17485991,v0.2.0
isomorphic-ws,5.0.0,19,F,UNVERIFIED_PUBLISH_PATH|DORMANT|SINGLE_MAINTAINER,1,17371900,v0.2.0
'@sentry-internal/browser-utils,10.57.0,27,F,UNVERIFIED_PUBLISH_PATH|SINGLE_MAINTAINER|BRANCH_REQUIRES_PR,1,17236002,v0.2.0
'@shikijs/langs,4.3.1,82,B,,3,17203584,v0.2.0
'@sentry-internal/replay,10.57.0,27,F,UNVERIFIED_PUBLISH_PATH|SINGLE_MAINTAINER|BRANCH_REQUIRES_PR,1,17201244,v0.2.0
'@socket.io/component-emitter,3.1.2,19,F,UNVERIFIED_PUBLISH_PATH|DORMANT|SINGLE_MAINTAINER,1,17008191,v0.2.0
crypto-js,4.2.0,19,F,UNVERIFIED_PUBLISH_PATH|DORMANT|SINGLE_MAINTAINER,1,16992246,v0.2.0
'@sentry/node-core,10.66.0,27,F,UNVERIFIED_PUBLISH_PATH|SINGLE_MAINTAINER,1,16890787,v0.2.0
'@bufbuild/protobuf,2.12.1,77,B,INCONSISTENT_PUBLISH_PATH,5,16858141,v0.2.0
delaunator,5.1.0,46,D,UNVERIFIED_PUBLISH_PATH|BRANCH_REQUIRES_PR,29,16832856,v0.2.0
qrcode,1.5.4,33,F,UNVERIFIED_PUBLISH_PATH|DORMANT,2,16818783,v0.2.0
d3-quadtree,3.0.1,33,F,UNVERIFIED_PUBLISH_PATH|DORMANT,2,16784510,v0.2.0
jwt-decode,4.0.0,40,D,UNVERIFIED_PUBLISH_PATH|DORMANT|BRANCH_REQUIRES_SIGNATURES|BRANCH_REQUIRES_PR,21,16674476,v0.2.0
katex,0.18.0,39,D,UNVERIFIED_PUBLISH_PATH,7,16628324,v0.2.0
encoding-sniffer,1.0.2,73,B,SINGLE_MAINTAINER,1,16623698,v0.2.0
d3-delaunay,6.0.4,33,F,UNVERIFIED_PUBLISH_PATH|DORMANT,3,16581311,v0.2.0
moment-timezone,0.6.2,39,D,UNVERIFIED_PUBLISH_PATH,7,16576809,v0.2.0
'@tanstack/table-core,8.21.3,78,B,,3,16487429,v0.2.0
d3-scale-chromatic,3.1.0,33,F,UNVERIFIED_PUBLISH_PATH|DORMANT,2,16478243,v0.2.0
d3-force,3.0.0,33,F,UNVERIFIED_PUBLISH_PATH|DORMANT,2,16410059,v0.2.0
'@azure/core-rest-pipeline,1.25.0,47,D,UNVERIFIED_PUBLISH_PATH,3,16389111,v0.2.0
'@storybook/react,10.5.2,90,A,INCONSISTENT_PUBLISH_PATH,12,16348182,v0.2.0
'@faker-js/faker,10.5.0,89,A,,3,16320319,v0.2.0
'@formatjs/icu-messageformat-parser,3.5.15,82,B,BRANCH_REQUIRES_PR,3,16196986,v0.2.0
'@formatjs/icu-skeleton-parser,2.1.11,82,B,BRANCH_REQUIRES_PR,3,16126127,v0.2.0
es6-promise,4.2.8,33,F,UNVERIFIED_PUBLISH_PATH|DORMANT,2,16124342,v0.2.0
dijkstrajs,1.0.3,19,F,UNVERIFIED_PUBLISH_PATH|DORMANT|SINGLE_MAINTAINER,1,16002617,v0.2.0
chromium-bidi,17.0.2,93,A,,2,15937289,v0.2.0
'@formatjs/fast-memoize,3.1.7,66,C,,3,15882637,v0.2.0
'@tanstack/react-start,1.168.30,79,B,INCONSISTENT_PUBLISH_PATH,3,15862523,v0.2.0
'@tanstack/start-plugin-core,1.171.22,79,B,INCONSISTENT_PUBLISH_PATH,3,15847379,v0.2.0
'@azure/core-auth,1.11.0,47,D,UNVERIFIED_PUBLISH_PATH,3,15843028,v0.2.0
hast-util-to-html,9.0.5,39,D,UNVERIFIED_PUBLISH_PATH,2,15834885,v0.2.0
shallowequal,1.1.0,19,F,UNVERIFIED_PUBLISH_PATH|DORMANT|SINGLE_MAINTAINER,1,15727175,v0.2.0
jquery,4.0.0,45,D,UNVERIFIED_PUBLISH_PATH,5,15706873,v0.2.0
'@firebase/util,1.15.1,46,D,UNVERIFIED_PUBLISH_PATH,4,15657741,v0.2.0
shiki,4.3.1,82,B,,4,15588250,v0.2.0
connect,3.7.0,25,F,UNVERIFIED_PUBLISH_PATH|DORMANT|SINGLE_MAINTAINER,1,15493308,v0.2.0
node-emoji,2.2.0,65,C,DORMANT,2,15464735,v0.2.0
core-js-pure,3.49.0,31,F,UNVERIFIED_PUBLISH_PATH|SINGLE_MAINTAINER,1,15458365,v0.2.0
'@tanstack/react-table,8.21.3,78,B,,3,15443655,v0.2.0
'@shikijs/core,4.3.1,82,B,,3,15431615,v0.2.0
'@azure/core-util,1.14.0,47,D,UNVERIFIED_PUBLISH_PATH,3,15422027,v0.2.0
d3-dsv,3.0.1,33,F,UNVERIFIED_PUBLISH_PATH|DORMANT,2,15330013,v0.2.0
'@sentry/types,10.66.0,27,F,UNVERIFIED_PUBLISH_PATH|SINGLE_MAINTAINER,1,15248917,v0.2.0
'@types/markdown-it,14.1.2,27,F,UNVERIFIED_PUBLISH_PATH|DORMANT|SINGLE_MAINTAINER,1,15246648,v0.2.0
intl-messageformat,11.2.12,82,B,BRANCH_REQUIRES_PR,3,15214606,v0.2.0
'@firebase/component,0.7.3,46,D,UNVERIFIED_PUBLISH_PATH,4,15148181,v0.2.0
csv-parse,7.0.1,73,B,SINGLE_MAINTAINER,1,15064234,v0.2.0
socket.io,4.8.3,83,B,,2,15033857,v0.2.0
eventemitter2,6.4.9,33,F,UNVERIFIED_PUBLISH_PATH|DORMANT,2,15001717,v0.2.0
mustache,4.2.0,33,F,UNVERIFIED_PUBLISH_PATH|DORMANT,3,14941795,v0.2.0
'@shikijs/engine-javascript,4.3.1,82,B,,3,14891479,v0.2.0
motion,12.42.2,39,D,UNVERIFIED_PUBLISH_PATH,2,14859307,v0.2.0
engine.io,6.6.9,93,A,,2,14845299,v0.2.0
filesize,11.0.22,25,F,UNVERIFIED_PUBLISH_PATH|SINGLE_MAINTAINER,1,14821335,v0.2.0
js-base64,3.9.1,31,F,UNVERIFIED_PUBLISH_PATH|SINGLE_MAINTAINER,1,14813948,v0.2.0
d3-axis,3.0.0,33,F,UNVERIFIED_PUBLISH_PATH|DORMANT,2,14780976,v0.2.0
'@shikijs/vscode-textmate,10.0.2,40,D,UNVERIFIED_PUBLISH_PATH,3,14776070,v0.2.0
'@azure/logger,1.4.0,47,D,UNVERIFIED_PUBLISH_PATH,3,14775533,v0.2.0
d3-polygon,3.0.1,33,F,UNVERIFIED_PUBLISH_PATH|DORMANT,2,14741776,v0.2.0
d3,7.9.0,33,F,UNVERIFIED_PUBLISH_PATH|DORMANT,2,14711171,v0.2.0
iceberg-js,1.0.0,80,B,SINGLE_MAINTAINER|BRANCH_REQUIRES_PR,1,14693355,v0.2.0
split-on-first,4.0.0,25,F,UNVERIFIED_PUBLISH_PATH|SINGLE_MAINTAINER,1,14662216,v0.2.0
engine.io-client,6.6.6,93,A,,2,14640659,v0.2.0
d3-random,3.0.1,33,F,UNVERIFIED_PUBLISH_PATH|DORMANT,2,14632241,v0.2.0
d3-brush,3.0.0,33,F,UNVERIFIED_PUBLISH_PATH|DORMANT,2,14623760,v0.2.0
'@formatjs/ecma402-abstract,3.2.0,87,A,BRANCH_REQUIRES_PR,3,14579544,v0.2.0
stripe,22.3.2,80,B,SINGLE_MAINTAINER,1,14577075,v0.2.0
crelt,1.0.7,21,F,UNVERIFIED_PUBLISH_PATH|SINGLE_MAINTAINER,1,14521565,v0.2.0
prosemirror-view,1.42.1,21,F,UNVERIFIED_PUBLISH_PATH|SINGLE_MAINTAINER,1,14496346,v0.2.0
prosemirror-model,1.25.11,21,F,UNVERIFIED_PUBLISH_PATH|SINGLE_MAINTAINER,1,14494183,v0.2.0
compare-versions,6.1.1,19,F,UNVERIFIED_PUBLISH_PATH|DORMANT|SINGLE_MAINTAINER,1,14451667,v0.2.0
has,1.0.4,19,F,UNVERIFIED_PUBLISH_PATH|DORMANT|SINGLE_MAINTAINER,1,14406816,v0.2.0
charenc,0.0.2,19,F,UNVERIFIED_PUBLISH_PATH|DORMANT|SINGLE_MAINTAINER,1,14366456,v0.2.0
crypt,0.0.2,19,F,UNVERIFIED_PUBLISH_PATH|DORMANT|SINGLE_MAINTAINER,1,14364302,v0.2.0
md5,2.3.0,33,F,UNVERIFIED_PUBLISH_PATH|DORMANT,2,14350868,v0.2.0
prosemirror-transform,1.12.0,25,F,UNVERIFIED_PUBLISH_PATH|SINGLE_MAINTAINER,1,14319985,v0.2.0
'@types/validator,13.15.10,33,F,UNVERIFIED_PUBLISH_PATH|SINGLE_MAINTAINER,1,14269146,v0.2.0
lodash.throttle,4.1.1,34,F,UNVERIFIED_PUBLISH_PATH|DORMANT,2,14259764,v0.2.0
d3-chord,3.0.1,33,F,UNVERIFIED_PUBLISH_PATH|DORMANT,2,14219269,v0.2.0
'@google/genai,2.12.0,34,F,UNVERIFIED_PUBLISH_PATH,3,14211624,v0.2.0
d3-fetch,3.0.1,33,F,UNVERIFIED_PUBLISH_PATH|DORMANT,2,14125560,v0.2.0
'@mui/utils,9.2.0,88,A,,10,14096630,v0.2.0
d3-contour,4.0.2,33,F,UNVERIFIED_PUBLISH_PATH|DORMANT,2,14086719,v0.2.0
'@azure/msal-browser,5.17.1,47,D,UNVERIFIED_PUBLISH_PATH|BRANCH_REQUIRES_PR,3,14080398,v0.2.0
html2canvas,1.4.1,14,F,UNVERIFIED_PUBLISH_PATH|DORMANT|SINGLE_MAINTAINER,1,14039061,v0.2.0
'@firebase/logger,0.5.1,46,D,UNVERIFIED_PUBLISH_PATH,4,13954607,v0.2.0
prosemirror-state,1.4.4,25,F,UNVERIFIED_PUBLISH_PATH|SINGLE_MAINTAINER,1,13935736,v0.2.0
'@typespec/ts-http-runtime,0.3.7,47,D,UNVERIFIED_PUBLISH_PATH,2,13881307,v0.2.0
prosemirror-keymap,1.2.3,25,F,UNVERIFIED_PUBLISH_PATH|SINGLE_MAINTAINER,1,13862172,v0.2.0
orderedmap,2.1.1,19,F,UNVERIFIED_PUBLISH_PATH|DORMANT|SINGLE_MAINTAINER,1,13816015,v0.2.0
prosemirror-commands,1.7.1,25,F,UNVERIFIED_PUBLISH_PATH|SINGLE_MAINTAINER,1,13811519,v0.2.0
prosemirror-history,1.5.0,25,F,UNVERIFIED_PUBLISH_PATH|SINGLE_MAINTAINER,1,13782841,v0.2.0
'@azure/core-client,1.11.0,47,D,UNVERIFIED_PUBLISH_PATH,3,13757092,v0.2.0
valibot,1.4.2,79,B,SINGLE_MAINTAINER,1,13746176,v0.2.0
ripemd160,2.0.3,39,D,UNVERIFIED_PUBLISH_PATH,7,13636662,v0.2.0
'@prisma/client,7.8.0,89,A,,4,13578689,v0.2.0
bson,7.3.1,94,A,,2,13571096,v0.2.0
drizzle-orm,0.45.2,83,B,,4,13567946,v0.2.0
rope-sequence,1.3.4,19,F,UNVERIFIED_PUBLISH_PATH|DORMANT|SINGLE_MAINTAINER,1,13491781,v0.2.0
des.js,1.1.0,19,F,UNVERIFIED_PUBLISH_PATH|DORMANT|SINGLE_MAINTAINER,1,13467403,v0.2.0
'@tiptap/core,3.28.0,95,A,,6,13462693,v0.2.0
elliptic,6.6.1,19,F,UNVERIFIED_PUBLISH_PATH|DORMANT|SINGLE_MAINTAINER,1,13404093,v0.2.0
'@google-cloud/storage,7.21.0,38,D,UNVERIFIED_PUBLISH_PATH|SINGLE_MAINTAINER,1,13381634,v0.2.0
'@tiptap/pm,3.28.0,95,A,,6,13376452,v0.2.0
nitro,3.0.260610-beta,70,B,INCONSISTENT_PUBLISH_PATH|SINGLE_MAINTAINER,1,13314691,v0.2.0
prosemirror-schema-list,1.5.1,25,F,UNVERIFIED_PUBLISH_PATH|SINGLE_MAINTAINER,1,13165136,v0.2.0
prosemirror-gapcursor,1.4.1,25,F,UNVERIFIED_PUBLISH_PATH|SINGLE_MAINTAINER,1,13099135,v0.2.0
slugify,1.6.9,39,D,UNVERIFIED_PUBLISH_PATH,3,13076086,v0.2.0
react-i18next,17.0.10,39,D,UNVERIFIED_PUBLISH_PATH,2,13058476,v0.2.0
rettime,0.11.11,68,C,SINGLE_MAINTAINER,1,12982663,v0.2.0
'@firebase/database-types,1.0.20,46,D,UNVERIFIED_PUBLISH_PATH,4,12969623,v0.2.0
resize-observer-polyfill,1.5.1,19,F,UNVERIFIED_PUBLISH_PATH|DORMANT|SINGLE_MAINTAINER,1,12962547,v0.2.0
swr,2.4.2,94,A,,3,12944657,v0.2.0
npm,12.0.1,52,C,UNVERIFIED_PUBLISH_PATH,3,12915714,v0.2.0
linkifyjs,4.3.3,79,B,SINGLE_MAINTAINER,1,12866747,v0.2.0
chart.js,4.5.1,39,D,UNVERIFIED_PUBLISH_PATH,5,12831498,v0.2.0
ramda,0.32.0,45,D,UNVERIFIED_PUBLISH_PATH,8,12819660,v0.2.0
mocha,11.7.6,77,B,INCONSISTENT_PUBLISH_PATH,2,12767218,v0.2.0
create-hash,1.2.0,33,F,UNVERIFIED_PUBLISH_PATH|DORMANT,5,12719227,v0.2.0
'@firebase/database,1.1.3,46,D,UNVERIFIED_PUBLISH_PATH,4,12702987,v0.2.0
klona,2.0.6,19,F,UNVERIFIED_PUBLISH_PATH|DORMANT|SINGLE_MAINTAINER,1,12697767,v0.2.0
brorand,1.1.0,19,F,UNVERIFIED_PUBLISH_PATH|DORMANT|SINGLE_MAINTAINER,1,12691495,v0.2.0
vue,3.5.40,78,B,INCONSISTENT_PUBLISH_PATH,2,12683382,v0.2.0
googleapis-common,8.0.2,32,F,UNVERIFIED_PUBLISH_PATH|SINGLE_MAINTAINER,1,12617613,v0.2.0
oniguruma-to-es,4.3.6,20,F,UNVERIFIED_PUBLISH_PATH|SINGLE_MAINTAINER,1,12581369,v0.2.0
'@firebase/app-types,0.9.5,46,D,UNVERIFIED_PUBLISH_PATH,4,12569761,v0.2.0
hmac-drbg,1.0.1,19,F,UNVERIFIED_PUBLISH_PATH|DORMANT|SINGLE_MAINTAINER,1,12552035,v0.2.0
minimalistic-crypto-utils,1.0.1,19,F,UNVERIFIED_PUBLISH_PATH|DORMANT|SINGLE_MAINTAINER,1,12550208,v0.2.0
'@aws-sdk/credential-provider-cognito-identity,3.972.58,41,D,UNVERIFIED_PUBLISH_PATH,2,12520976,v0.2.0
'@types/luxon,3.7.2,33,F,UNVERIFIED_PUBLISH_PATH|SINGLE_MAINTAINER,1,12484749,v0.2.0
'@firebase/database-compat,2.1.4,46,D,UNVERIFIED_PUBLISH_PATH,4,12459059,v0.2.0
regex,6.1.0,20,F,UNVERIFIED_PUBLISH_PATH|SINGLE_MAINTAINER,1,12366407,v0.2.0
mysql2,3.23.0,79,B,SINGLE_MAINTAINER,1,12340571,v0.2.0
'@firebase/auth-interop-types,0.2.5,46,D,UNVERIFIED_PUBLISH_PATH,4,12234890,v0.2.0
tinycolor2,1.6.0,19,F,UNVERIFIED_PUBLISH_PATH|DORMANT|SINGLE_MAINTAINER,1,12206297,v0.2.0
regex-recursion,6.0.2,20,F,UNVERIFIED_PUBLISH_PATH|SINGLE_MAINTAINER,1,12205557,v0.2.0
papaparse,5.5.4,39,D,UNVERIFIED_PUBLISH_PATH,2,12178901,v0.2.0
'@emotion/styled,11.14.1,40,D,UNVERIFIED_PUBLISH_PATH|PUBLISHER_NOT_MAINTAINER,2,12153869,v0.2.0
'@aws-sdk/client-cognito-identity,3.1090.0,41,D,UNVERIFIED_PUBLISH_PATH,2,12122217,v0.2.0
'@nestjs/common,11.1.28,31,F,UNVERIFIED_PUBLISH_PATH|SINGLE_MAINTAINER,1,11995373,v0.2.0
regex-utilities,2.3.0,19,F,UNVERIFIED_PUBLISH_PATH|DORMANT|SINGLE_MAINTAINER,1,11947503,v0.2.0
'@aws-sdk/checksums,3.1000.18,41,D,UNVERIFIED_PUBLISH_PATH,2,11927111,v0.2.0
'@react-types/shared,3.36.0,39,D,UNVERIFIED_PUBLISH_PATH,2,11862883,v0.2.0
es5-ext,0.10.64,19,F,UNVERIFIED_PUBLISH_PATH|DORMANT|SINGLE_MAINTAINER,1,11854696,v0.2.0
'@vue/reactivity,3.5.40,74,B,SINGLE_MAINTAINER,1,11819981,v0.2.0
'@azure/identity,4.13.1,47,D,UNVERIFIED_PUBLISH_PATH,3,11787451,v0.2.0
jspdf,4.2.1,31,F,UNVERIFIED_PUBLISH_PATH|SINGLE_MAINTAINER,1,11764501,v0.2.0
'@braintree/sanitize-url,7.1.2,38,D,UNVERIFIED_PUBLISH_PATH|SINGLE_MAINTAINER,1,11753834,v0.2.0
compute-scroll-into-view,3.1.1,19,F,UNVERIFIED_PUBLISH_PATH|DORMANT|SINGLE_MAINTAINER,1,11715325,v0.2.0
cipher-base,1.0.7,39,D,UNVERIFIED_PUBLISH_PATH,3,11681239,v0.2.0
github-slugger,2.0.0,33,F,UNVERIFIED_PUBLISH_PATH|DORMANT,5,11634460,v0.2.0
brotli,1.3.3,19,F,UNVERIFIED_PUBLISH_PATH|DORMANT|SINGLE_MAINTAINER,1,11633680,v0.2.0
pbkdf2,3.1.6,39,D,UNVERIFIED_PUBLISH_PATH,6,11619240,v0.2.0
'@firebase/app-check-interop-types,0.3.4,46,D,UNVERIFIED_PUBLISH_PATH,4,11613691,v0.2.0
'@nestjs/core,11.1.28,31,F,UNVERIFIED_PUBLISH_PATH|SINGLE_MAINTAINER,1,11563448,v0.2.0
'@sentry/utils,8.55.2,27,F,UNVERIFIED_PUBLISH_PATH|SINGLE_MAINTAINER|BRANCH_REQUIRES_PR,1,11547400,v0.2.0
yup,1.7.1,25,F,UNVERIFIED_PUBLISH_PATH|SINGLE_MAINTAINER,1,11543945,v0.2.0
'@internationalized/date,3.12.2,39,D,UNVERIFIED_PUBLISH_PATH,2,11541790,v0.2.0
prosemirror-inputrules,1.5.1,25,F,UNVERIFIED_PUBLISH_PATH|SINGLE_MAINTAINER,1,11537448,v0.2.0
socket.io-client,4.8.3,83,B,,2,11504048,v0.2.0
'@azure/core-lro,3.4.0,47,D,UNVERIFIED_PUBLISH_PATH,3,11466706,v0.2.0
three,0.185.1,45,D,UNVERIFIED_PUBLISH_PATH,2,11459833,v0.2.0
metro,0.87.0,77,B,INCONSISTENT_PUBLISH_PATH,2,11443907,v0.2.0
toposort,2.0.2,19,F,UNVERIFIED_PUBLISH_PATH|DORMANT|SINGLE_MAINTAINER,1,11337341,v0.2.0
escape-goat,4.0.0,19,F,UNVERIFIED_PUBLISH_PATH|DORMANT|SINGLE_MAINTAINER,1,11282046,v0.2.0
'@lezer/common,1.5.2,25,F,UNVERIFIED_PUBLISH_PATH|SINGLE_MAINTAINER,1,11277832,v0.2.0
md5.js,1.3.5,33,F,UNVERIFIED_PUBLISH_PATH|DORMANT,5,11260333,v0.2.0
'@supabase/phoenix,0.4.5,69,C,INCONSISTENT_PUBLISH_PATH|BRANCH_REQUIRES_PR,0,11122903,v0.2.0
ssf,0.11.2,19,F,UNVERIFIED_PUBLISH_PATH|DORMANT|SINGLE_MAINTAINER,1,11114455,v0.2.0
'@turf/helpers,7.3.5,87,A,,8,11098310,v0.2.0
create-hmac,1.1.7,33,F,UNVERIFIED_PUBLISH_PATH|DORMANT,5,11064775,v0.2.0
'@iconify/utils,3.1.4,20,F,UNVERIFIED_PUBLISH_PATH|SINGLE_MAINTAINER,1,11045024,v0.2.0
babel-plugin-react-compiler,1.0.0,45,D,UNVERIFIED_PUBLISH_PATH,2,11022128,v0.2.0
happy-dom,20.10.6,76,B,INCONSISTENT_PUBLISH_PATH|SINGLE_MAINTAINER,1,10990440,v0.2.0
browserify-aes,1.2.0,33,F,UNVERIFIED_PUBLISH_PATH|DORMANT,5,10979957,v0.2.0
bcryptjs,3.0.3,25,F,UNVERIFIED_PUBLISH_PATH|SINGLE_MAINTAINER,1,10933424,v0.2.0
'@lezer/lr,1.4.10,21,F,UNVERIFIED_PUBLISH_PATH|SINGLE_MAINTAINER,1,10929516,v0.2.0
'@vue/runtime-core,3.5.40,74,B,SINGLE_MAINTAINER,1,10927448,v0.2.0
'@vue/runtime-dom,3.5.40,74,B,SINGLE_MAINTAINER,1,10904947,v0.2.0
d3-sankey,0.12.3,33,F,UNVERIFIED_PUBLISH_PATH|DORMANT,2,10862733,v0.2.0
sinon,22.0.0,39,D,UNVERIFIED_PUBLISH_PATH,4,10848875,v0.2.0
browserify-sign,4.2.6,39,D,UNVERIFIED_PUBLISH_PATH,5,10831640,v0.2.0
parse-asn1,5.1.9,39,D,UNVERIFIED_PUBLISH_PATH,5,10817902,v0.2.0
evp_bytestokey,1.0.3,33,F,UNVERIFIED_PUBLISH_PATH|DORMANT,3,10785979,v0.2.0
'@vue/devtools-api,8.1.5,82,B,,5,10774984,v0.2.0
'@electric-sql/pglite,0.5.4,82,B,,4,10761596,v0.2.0
fuse.js,7.5.0,25,F,UNVERIFIED_PUBLISH_PATH|SINGLE_MAINTAINER,1,10758752,v0.2.0
'@kurkle/color,0.4.0,25,F,UNVERIFIED_PUBLISH_PATH|SINGLE_MAINTAINER,1,10705752,v0.2.0
oniguruma-parser,0.12.2,20,F,UNVERIFIED_PUBLISH_PATH|SINGLE_MAINTAINER,1,10701000,v0.2.0
'@redis/client,6.1.0,45,D,UNVERIFIED_PUBLISH_PATH,2,10698355,v0.2.0
xlsx,0.18.5,14,F,UNVERIFIED_PUBLISH_PATH|DORMANT|SINGLE_MAINTAINER|PUBLISHER_NOT_MAINTAINER,1,10679868,v0.2.0
stackblur-canvas,3.0.1,34,F,UNVERIFIED_PUBLISH_PATH,2,10646573,v0.2.0
canvg,4.0.3,34,F,UNVERIFIED_PUBLISH_PATH,2,10621161,v0.2.0
crypto-browserify,3.12.1,33,F,UNVERIFIED_PUBLISH_PATH|DORMANT,5,10620462,v0.2.0
cytoscape,3.34.0,77,B,INCONSISTENT_PUBLISH_PATH,4,10491714,v0.2.0
quickselect,3.0.0,19,F,UNVERIFIED_PUBLISH_PATH|DORMANT|SINGLE_MAINTAINER,1,10479523,v0.2.0
browserify-rsa,4.1.1,33,F,UNVERIFIED_PUBLISH_PATH|DORMANT,5,10446714,v0.2.0
bottleneck,2.19.5,19,F,UNVERIFIED_PUBLISH_PATH|DORMANT|SINGLE_MAINTAINER,1,10420239,v0.2.0
class-transformer,0.5.1,28,F,UNVERIFIED_PUBLISH_PATH|DORMANT,2,10403235,v0.2.0
copy-to-clipboard,4.0.2,25,F,UNVERIFIED_PUBLISH_PATH|SINGLE_MAINTAINER,1,10370538,v0.2.0
puppeteer,25.3.0,93,A,,2,10342216,v0.2.0
history,5.3.0,19,F,UNVERIFIED_PUBLISH_PATH|DORMANT|SINGLE_MAINTAINER,1,10326648,v0.2.0
kysely,0.29.4,88,A,,2,10267285,v0.2.0
swagger-ui-dist,5.32.9,45,D,UNVERIFIED_PUBLISH_PATH,4,10258405,v0.2.0
exceljs,4.4.0,33,F,UNVERIFIED_PUBLISH_PATH|DORMANT,2,10254674,v0.2.0
styled-components,6.4.3,72,B,INCONSISTENT_PUBLISH_PATH,3,10224246,v0.2.0
property-expr,2.0.6,19,F,UNVERIFIED_PUBLISH_PATH|DORMANT|SINGLE_MAINTAINER,1,10209416,v0.2.0
less,4.6.7,77,B,INCONSISTENT_PUBLISH_PATH,5,10198961,v0.2.0
create-ecdh,4.0.4,33,F,UNVERIFIED_PUBLISH_PATH|DORMANT,5,10180380,v0.2.0
'@mui/system,9.2.0,88,A,,10,10130877,v0.2.0
diffie-hellman,5.0.3,33,F,UNVERIFIED_PUBLISH_PATH|DORMANT,5,10128131,v0.2.0
public-encrypt,4.0.3,33,F,UNVERIFIED_PUBLISH_PATH|DORMANT,5,10112864,v0.2.0
browserify-des,1.0.2,33,F,UNVERIFIED_PUBLISH_PATH|DORMANT,3,10101012,v0.2.0
browserify-cipher,1.0.1,19,F,UNVERIFIED_PUBLISH_PATH|DORMANT|SINGLE_MAINTAINER,1,10092895,v0.2.0
mermaid,11.16.0,82,B,,5,10084813,v0.2.0
'@mui/private-theming,9.2.0,88,A,,10,10059066,v0.2.0
toggle-selection,2.1.0,25,F,UNVERIFIED_PUBLISH_PATH|SINGLE_MAINTAINER,1,10032385,v0.2.0
randomfill,1.0.4,33,F,UNVERIFIED_PUBLISH_PATH|DORMANT,3,10001785,v0.2.0
'@expo/config-plugins,57.0.5,45,D,UNVERIFIED_PUBLISH_PATH,11,9881826,v0.2.0
'@mui/styled-engine,9.1.1,88,A,,10,9848228,v0.2.0
dagre-d3-es,7.0.14,25,F,UNVERIFIED_PUBLISH_PATH|SINGLE_MAINTAINER,1,9801680,v0.2.0
xml-js,1.6.11,19,F,UNVERIFIED_PUBLISH_PATH|DORMANT|SINGLE_MAINTAINER,1,9796168,v0.2.0
'@codemirror/view,6.43.6,21,F,UNVERIFIED_PUBLISH_PATH|SINGLE_MAINTAINER,1,9772696,v0.2.0
isomorphic-fetch,3.0.0,33,F,UNVERIFIED_PUBLISH_PATH|DORMANT,2,9712455,v0.2.0
https-browserify,1.0.0,33,F,UNVERIFIED_PUBLISH_PATH|DORMANT,2,9684237,v0.2.0
class-validator,0.15.1,39,D,UNVERIFIED_PUBLISH_PATH,2,9663233,v0.2.0
'@lezer/highlight,1.2.3,25,F,UNVERIFIED_PUBLISH_PATH|SINGLE_MAINTAINER,1,9627968,v0.2.0
'@slack/web-api,8.0.0,90,A,INCONSISTENT_PUBLISH_PATH,12,9598974,v0.2.0
console-browserify,1.2.0,33,F,UNVERIFIED_PUBLISH_PATH|DORMANT,39,9588431,v0.2.0
'@codemirror/state,6.7.1,21,F,UNVERIFIED_PUBLISH_PATH|SINGLE_MAINTAINER,1,9581132,v0.2.0
roughjs,4.6.6,19,F,UNVERIFIED_PUBLISH_PATH|DORMANT|SINGLE_MAINTAINER,1,9547873,v0.2.0
date-fns-tz,3.2.0,19,F,UNVERIFIED_PUBLISH_PATH|DORMANT|SINGLE_MAINTAINER,1,9525746,v0.2.0
khroma,2.1.0,19,F,UNVERIFIED_PUBLISH_PATH|DORMANT|SINGLE_MAINTAINER,1,9522615,v0.2.0
spark-md5,3.0.2,19,F,UNVERIFIED_PUBLISH_PATH|DORMANT|SINGLE_MAINTAINER,1,9466213,v0.2.0
birpc,4.0.0,72,B,,2,9436530,v0.2.0
earcut,3.2.3,46,D,UNVERIFIED_PUBLISH_PATH|BRANCH_REQUIRES_PR,29,9401426,v0.2.0
'@codemirror/language,6.12.4,21,F,UNVERIFIED_PUBLISH_PATH|SINGLE_MAINTAINER,1,9397671,v0.2.0
cytoscape-fcose,2.2.0,19,F,UNVERIFIED_PUBLISH_PATH|DORMANT|SINGLE_MAINTAINER,1,9384437,v0.2.0
'@azure/core-http-compat,2.5.0,47,D,UNVERIFIED_PUBLISH_PATH,3,9373935,v0.2.0
'@mui/material,9.2.0,88,A,BRANCH_REQUIRES_PR,10,9367750,v0.2.0
react-native,0.86.0,39,D,UNVERIFIED_PUBLISH_PATH|BRANCH_REQUIRES_PR,6,9367076,v0.2.0
'@azure/storage-blob,12.33.0,47,D,UNVERIFIED_PUBLISH_PATH,6,9360933,v0.2.0
bun-types,1.3.14,52,C,UNVERIFIED_PUBLISH_PATH,3,9328420,v0.2.0
throttle-debounce,5.0.2,19,F,UNVERIFIED_PUBLISH_PATH|DORMANT|SINGLE_MAINTAINER,1,9308739,v0.2.0
kdbush,4.1.0,25,F,UNVERIFIED_PUBLISH_PATH|SINGLE_MAINTAINER,1,9284169,v0.2.0
'@react-native/virtualized-lists,0.86.0,39,D,UNVERIFIED_PUBLISH_PATH,2,9242521,v0.2.0
'@stripe/stripe-js,9.10.0,34,F,UNVERIFIED_PUBLISH_PATH,10,9183296,v0.2.0
'@redis/search,6.1.0,45,D,UNVERIFIED_PUBLISH_PATH,2,9112836,v0.2.0
'@redis/json,6.1.0,45,D,UNVERIFIED_PUBLISH_PATH,2,9112298,v0.2.0
'@redis/time-series,6.1.0,45,D,UNVERIFIED_PUBLISH_PATH,2,9110648,v0.2.0
'@redis/bloom,6.1.0,45,D,UNVERIFIED_PUBLISH_PATH,2,9058596,v0.2.0
'@codemirror/commands,6.10.4,21,F,UNVERIFIED_PUBLISH_PATH|SINGLE_MAINTAINER,1,9018433,v0.2.0
'@expo/config,57.0.5,45,D,UNVERIFIED_PUBLISH_PATH,11,8986264,v0.2.0
style-mod,4.1.3,25,F,UNVERIFIED_PUBLISH_PATH|SINGLE_MAINTAINER,1,8978543,v0.2.0
tinyqueue,3.0.0,19,F,UNVERIFIED_PUBLISH_PATH|DORMANT|SINGLE_MAINTAINER,1,8977676,v0.2.0
'@codemirror/autocomplete,6.20.3,21,F,UNVERIFIED_PUBLISH_PATH|SINGLE_MAINTAINER,1,8921844,v0.2.0
jmespath,0.16.0,19,F,UNVERIFIED_PUBLISH_PATH|DORMANT|SINGLE_MAINTAINER,1,8907592,v0.2.0
webdriver-bidi-protocol,0.4.2,39,D,UNVERIFIED_PUBLISH_PATH,2,8879175,v0.2.0
'@pdf-lib/upng,1.0.1,14,F,UNVERIFIED_PUBLISH_PATH|DORMANT|SINGLE_MAINTAINER,1,8847496,v0.2.0
'@pdf-lib/standard-fonts,1.0.0,14,F,UNVERIFIED_PUBLISH_PATH|DORMANT|SINGLE_MAINTAINER,1,8841821,v0.2.0
posthog-js,1.404.1,89,A,BRANCH_REQUIRES_SIGNATURES|BRANCH_REQUIRES_PR,22,8824154,v0.2.0
refractor,5.0.0,25,F,UNVERIFIED_PUBLISH_PATH|SINGLE_MAINTAINER,1,8744975,v0.2.0
collapse-white-space,2.1.0,19,F,UNVERIFIED_PUBLISH_PATH|DORMANT|SINGLE_MAINTAINER,1,8738837,v0.2.0
pupa,3.3.0,25,F,UNVERIFIED_PUBLISH_PATH|SINGLE_MAINTAINER,1,8728661,v0.2.0
utility-types,3.11.0,25,F,UNVERIFIED_PUBLISH_PATH|DORMANT|SINGLE_MAINTAINER,1,8690322,v0.2.0
'@firebase/auth,1.13.3,46,D,UNVERIFIED_PUBLISH_PATH,4,8648786,v0.2.0
sanitize-html,2.17.6,34,F,UNVERIFIED_PUBLISH_PATH,4,8608104,v0.2.0
js-beautify,2.0.3,87,A,,2,8549335,v0.2.0
'@vue/language-core,3.3.7,77,B,INCONSISTENT_PUBLISH_PATH,2,8547190,v0.2.0
pdf-lib,1.17.1,14,F,UNVERIFIED_PUBLISH_PATH|DORMANT|SINGLE_MAINTAINER,1,8544606,v0.2.0
codemirror,6.0.2,25,F,UNVERIFIED_PUBLISH_PATH|SINGLE_MAINTAINER,1,8541468,v0.2.0
'@aws-sdk/client-lambda,3.1090.0,41,D,UNVERIFIED_PUBLISH_PATH,2,8534937,v0.2.0
'@marijn/find-cluster-break,1.0.3,21,F,UNVERIFIED_PUBLISH_PATH|SINGLE_MAINTAINER,1,8445331,v0.2.0
googleapis,173.0.0,33,F,UNVERIFIED_PUBLISH_PATH|SINGLE_MAINTAINER,1,8423177,v0.2.0
'@vueuse/shared,14.3.0,68,C,SINGLE_MAINTAINER,1,8411924,v0.2.0
graphql-request,7.4.0,39,D,UNVERIFIED_PUBLISH_PATH,5,8375902,v0.2.0
'@xyflow/system,0.0.79,78,B,INCONSISTENT_PUBLISH_PATH,2,8357130,v0.2.0
'@aws-sdk/client-dynamodb,3.1090.0,41,D,UNVERIFIED_PUBLISH_PATH,2,8355172,v0.2.0
aws-sdk,2.1693.0,46,D,UNVERIFIED_PUBLISH_PATH|DEPRECATED,2,8311654,v0.2.0
'@scure/base,2.2.0,79,B,SINGLE_MAINTAINER,1,8302901,v0.2.0
'@vueuse/core,14.3.0,68,C,SINGLE_MAINTAINER,1,8292883,v0.2.0
react-select,5.10.2,39,D,UNVERIFIED_PUBLISH_PATH,5,8291121,v0.2.0
chevrotain,12.0.0,73,B,SINGLE_MAINTAINER,1,8277132,v0.2.0
yarn,1.22.22,25,F,UNVERIFIED_PUBLISH_PATH|DORMANT|SINGLE_MAINTAINER,1,8260496,v0.2.0
babel-runtime,6.26.0,34,F,UNVERIFIED_PUBLISH_PATH|DORMANT,3,8247133,v0.2.0
workbox-core,7.4.1,39,D,UNVERIFIED_PUBLISH_PATH,9,8240537,v0.2.0
zen-observable,0.10.0,19,F,UNVERIFIED_PUBLISH_PATH|DORMANT|SINGLE_MAINTAINER,1,8235699,v0.2.0
react-icons,5.7.0,77,B,INCONSISTENT_PUBLISH_PATH,5,8226363,v0.2.0
'@types/nodemailer,8.0.1,33,F,UNVERIFIED_PUBLISH_PATH|SINGLE_MAINTAINER,1,8146041,v0.2.0
supercluster,8.0.1,40,D,UNVERIFIED_PUBLISH_PATH|DORMANT,29,8118472,v0.2.0
unfetch,5.0.0,19,F,UNVERIFIED_PUBLISH_PATH|DORMANT|SINGLE_MAINTAINER,1,8103090,v0.2.0
'@xyflow/react,12.11.2,78,B,INCONSISTENT_PUBLISH_PATH,2,8078576,v0.2.0
'@firebase/app,0.15.1,46,D,UNVERIFIED_PUBLISH_PATH,4,8013630,v0.2.0
scroll-into-view-if-needed,3.1.0,19,F,UNVERIFIED_PUBLISH_PATH|DORMANT|SINGLE_MAINTAINER,1,7955873,v0.2.0
firebase,12.16.0,46,D,UNVERIFIED_PUBLISH_PATH,4,7954400,v0.2.0
'@firebase/firestore,4.16.0,46,D,UNVERIFIED_PUBLISH_PATH,4,7884559,v0.2.0
remeda,2.39.0,100,A,,3,7882361,v0.2.0
'@base-ui/utils,0.3.1,95,A,,8,7864018,v0.2.0
'@firebase/remote-config,0.9.0,46,D,UNVERIFIED_PUBLISH_PATH,4,7841117,v0.2.0
'@firebase/installations,0.6.22,46,D,UNVERIFIED_PUBLISH_PATH,4,7816242,v0.2.0
'@firebase/messaging,0.13.0,46,D,UNVERIFIED_PUBLISH_PATH,4,7788919,v0.2.0
'@firebase/functions,0.13.5,46,D,UNVERIFIED_PUBLISH_PATH,4,7787243,v0.2.0
pbf,5.1.2,84,B,INCONSISTENT_PUBLISH_PATH,28,7768071,v0.2.0
'@firebase/storage,0.14.3,46,D,UNVERIFIED_PUBLISH_PATH,4,7767363,v0.2.0
'@firebase/analytics,0.10.22,46,D,UNVERIFIED_PUBLISH_PATH,4,7764479,v0.2.0
'@firebase/performance,0.7.12,46,D,UNVERIFIED_PUBLISH_PATH,4,7759013,v0.2.0
hast-util-sanitize,5.0.2,33,F,UNVERIFIED_PUBLISH_PATH|DORMANT,2,7758261,v0.2.0
'@firebase/app-compat,0.5.15,46,D,UNVERIFIED_PUBLISH_PATH,4,7724910,v0.2.0
'@firebase/app-check,0.12.0,46,D,UNVERIFIED_PUBLISH_PATH,4,7713560,v0.2.0
'@firebase/webchannel-wrapper,1.0.6,46,D,UNVERIFIED_PUBLISH_PATH,4,7686634,v0.2.0
workbox-window,7.4.1,39,D,UNVERIFIED_PUBLISH_PATH,9,7662751,v0.2.0
peek-readable,7.0.0,25,F,UNVERIFIED_PUBLISH_PATH|SINGLE_MAINTAINER,1,7661155,v0.2.0
workbox-build,7.4.1,39,D,UNVERIFIED_PUBLISH_PATH,10,7654367,v0.2.0
'@firebase/remote-config-compat,0.2.27,46,D,UNVERIFIED_PUBLISH_PATH,4,7647097,v0.2.0
'@firebase/firestore-compat,0.4.11,46,D,UNVERIFIED_PUBLISH_PATH,4,7628103,v0.2.0
'@firebase/auth-compat,0.6.8,46,D,UNVERIFIED_PUBLISH_PATH,4,7624318,v0.2.0
'@firebase/remote-config-types,0.5.1,46,D,UNVERIFIED_PUBLISH_PATH,4,7618069,v0.2.0
'@firebase/app-check-compat,0.4.5,46,D,UNVERIFIED_PUBLISH_PATH,4,7600794,v0.2.0
'@firebase/functions-compat,0.4.5,46,D,UNVERIFIED_PUBLISH_PATH,4,7579183,v0.2.0
'@firebase/messaging-compat,0.2.27,46,D,UNVERIFIED_PUBLISH_PATH,4,7575022,v0.2.0
'@firebase/storage-compat,0.4.3,46,D,UNVERIFIED_PUBLISH_PATH,4,7560173,v0.2.0
'@firebase/analytics-compat,0.2.28,46,D,UNVERIFIED_PUBLISH_PATH,4,7559494,v0.2.0
'@firebase/performance-compat,0.2.25,46,D,UNVERIFIED_PUBLISH_PATH,4,7558902,v0.2.0
'@google-cloud/firestore,8.6.0,33,F,UNVERIFIED_PUBLISH_PATH|SINGLE_MAINTAINER,1,7547014,v0.2.0
'@firebase/installations-compat,0.2.22,46,D,UNVERIFIED_PUBLISH_PATH,4,7515666,v0.2.0
'@firebase/firestore-types,3.0.4,46,D,UNVERIFIED_PUBLISH_PATH,4,7507950,v0.2.0
workbox-sw,7.4.1,39,D,UNVERIFIED_PUBLISH_PATH,9,7503104,v0.2.0
'@firebase/auth-types,0.13.1,46,D,UNVERIFIED_PUBLISH_PATH,4,7475931,v0.2.0
'@sentry/replay,10.66.0,27,F,UNVERIFIED_PUBLISH_PATH|SINGLE_MAINTAINER|BRANCH_REQUIRES_PR,1,7450541,v0.2.0
'@firebase/storage-types,0.8.4,46,D,UNVERIFIED_PUBLISH_PATH,4,7449405,v0.2.0
'@firebase/functions-types,0.6.4,46,D,UNVERIFIED_PUBLISH_PATH,4,7449041,v0.2.0
'@scure/bip39,2.2.0,79,B,SINGLE_MAINTAINER,1,7442608,v0.2.0
'@firebase/performance-types,0.2.4,46,D,UNVERIFIED_PUBLISH_PATH,4,7442026,v0.2.0
'@firebase/analytics-types,0.8.4,46,D,UNVERIFIED_PUBLISH_PATH,4,7438514,v0.2.0
'@firebase/installations-types,0.5.4,46,D,UNVERIFIED_PUBLISH_PATH,4,7406320,v0.2.0
localforage,1.10.0,19,F,UNVERIFIED_PUBLISH_PATH|DORMANT|SINGLE_MAINTAINER,1,7405982,v0.2.0
'@tweenjs/tween.js,25.0.0,33,F,UNVERIFIED_PUBLISH_PATH|DORMANT,4,7384828,v0.2.0
'@algolia/client-common,5.56.0,77,B,INCONSISTENT_PUBLISH_PATH,7,7382575,v0.2.0
'@vitest/browser,4.1.10,88,A,,5,7375665,v0.2.0
'@firebase/app-check-types,0.5.4,46,D,UNVERIFIED_PUBLISH_PATH,4,7339175,v0.2.0
'@firebase/messaging-interop-types,0.2.5,46,D,UNVERIFIED_PUBLISH_PATH,4,7296829,v0.2.0
just-extend,6.2.0,25,F,UNVERIFIED_PUBLISH_PATH|DORMANT|SINGLE_MAINTAINER,1,7295931,v0.2.0
'@types/sinon,22.0.0,33,F,UNVERIFIED_PUBLISH_PATH|SINGLE_MAINTAINER,1,7291748,v0.2.0
'@scure/bip32,2.2.0,79,B,SINGLE_MAINTAINER,1,7276443,v0.2.0
'@base-ui/react,1.6.0,95,A,,8,7251560,v0.2.0
'@algolia/requester-browser-xhr,5.56.0,77,B,INCONSISTENT_PUBLISH_PATH,7,7223966,v0.2.0
vue-demi,0.14.10,33,F,UNVERIFIED_PUBLISH_PATH|DORMANT,2,7199404,v0.2.0
prosemirror-menu,1.3.2,21,F,UNVERIFIED_PUBLISH_PATH|SINGLE_MAINTAINER,1,7145762,v0.2.0
canvas,3.2.3,39,D,UNVERIFIED_PUBLISH_PATH,8,7137098,v0.2.0
'@types/three,0.185.1,33,F,UNVERIFIED_PUBLISH_PATH|SINGLE_MAINTAINER,1,7120212,v0.2.0
'@rspack/core,2.1.4,95,A,,2,7116103,v0.2.0
seedrandom,3.0.5,19,F,UNVERIFIED_PUBLISH_PATH|DORMANT|SINGLE_MAINTAINER,1,7095146,v0.2.0
gl-matrix,3.4.4,39,D,UNVERIFIED_PUBLISH_PATH,3,7064167,v0.2.0
rehype-sanitize,6.0.0,33,F,UNVERIFIED_PUBLISH_PATH|DORMANT,3,7049637,v0.2.0
'@algolia/client-search,5.56.0,77,B,INCONSISTENT_PUBLISH_PATH,7,7047737,v0.2.0
'@opentelemetry/sdk-trace,2.9.0,46,D,UNVERIFIED_PUBLISH_PATH,6,7026137,v0.2.0
'@turf/invariant,7.3.5,87,A,,8,7011060,v0.2.0
firebase-admin,14.2.0,34,F,UNVERIFIED_PUBLISH_PATH,4,6998753,v0.2.0
monaco-editor,0.55.1,40,D,UNVERIFIED_PUBLISH_PATH|BRANCH_REQUIRES_PR,7,6988027,v0.2.0
'@turf/meta,7.3.5,87,A,,8,6947614,v0.2.0
fuzzysort,3.1.0,19,F,UNVERIFIED_PUBLISH_PATH|DORMANT|SINGLE_MAINTAINER,1,6922841,v0.2.0
'@firebase/data-connect,0.7.1,46,D,UNVERIFIED_PUBLISH_PATH,4,6909088,v0.2.0
css-has-pseudo,8.0.0,45,D,UNVERIFIED_PUBLISH_PATH,3,6901685,v0.2.0
ox,1.0.2,30,F,UNVERIFIED_PUBLISH_PATH,2,6857852,v0.2.0
react-aria,3.50.0,39,D,UNVERIFIED_PUBLISH_PATH,2,6845371,v0.2.0
algoliasearch,5.56.0,77,B,INCONSISTENT_PUBLISH_PATH,19,6823656,v0.2.0
vue-router,5.2.0,88,A,,2,6795766,v0.2.0
'@mui/icons-material,9.2.0,88,A,BRANCH_REQUIRES_PR,10,6777140,v0.2.0
react-syntax-highlighter,16.1.1,39,D,UNVERIFIED_PUBLISH_PATH,3,6773420,v0.2.0
'@algolia/client-analytics,5.56.0,77,B,INCONSISTENT_PUBLISH_PATH,12,6741756,v0.2.0
react-stately,3.48.0,39,D,UNVERIFIED_PUBLISH_PATH,2,6729725,v0.2.0
file-saver,2.0.5,33,F,UNVERIFIED_PUBLISH_PATH|DORMANT,2,6725396,v0.2.0
'@types/lodash-es,4.17.12,27,F,UNVERIFIED_PUBLISH_PATH|DORMANT|SINGLE_MAINTAINER,1,6723647,v0.2.0
tiny-emitter,2.1.0,19,F,UNVERIFIED_PUBLISH_PATH|DORMANT|SINGLE_MAINTAINER,1,6718763,v0.2.0
idb-keyval,6.3.0,25,F,UNVERIFIED_PUBLISH_PATH|SINGLE_MAINTAINER,1,6705492,v0.2.0
bullmq,5.80.8,73,B,SINGLE_MAINTAINER,1,6677024,v0.2.0
expo-constants,57.0.6,45,D,UNVERIFIED_PUBLISH_PATH,16,6653404,v0.2.0
'@azure-rest/core-client,2.8.0,47,D,UNVERIFIED_PUBLISH_PATH,2,6643354,v0.2.0
meshoptimizer,1.2.0,20,F,UNVERIFIED_PUBLISH_PATH|SINGLE_MAINTAINER,1,6637925,v0.2.0
tiny-case,1.0.3,19,F,UNVERIFIED_PUBLISH_PATH|DORMANT|SINGLE_MAINTAINER,1,6617160,v0.2.0
react-native-safe-area-context,5.8.0,39,D,UNVERIFIED_PUBLISH_PATH,2,6612880,v0.2.0
'@expo/metro-config,57.0.6,45,D,UNVERIFIED_PUBLISH_PATH,11,6611090,v0.2.0
flatbuffers,25.9.23,52,C,UNVERIFIED_PUBLISH_PATH,2,6600897,v0.2.0
'@vue/devtools-kit,8.1.5,68,C,SINGLE_MAINTAINER,1,6572662,v0.2.0
'@algolia/client-personalization,5.56.0,77,B,INCONSISTENT_PUBLISH_PATH,19,6559977,v0.2.0
canvas-confetti,1.9.4,63,C,SINGLE_MAINTAINER,1,6532346,v0.2.0
hls.js,1.6.16,93,A,,4,6510451,v0.2.0
babel-preset-expo,57.0.3,45,D,UNVERIFIED_PUBLISH_PATH,11,6509752,v0.2.0
'@vue/devtools-shared,8.1.5,68,C,SINGLE_MAINTAINER,1,6501543,v0.2.0
expo-modules-autolinking,57.0.8,45,D,UNVERIFIED_PUBLISH_PATH,11,6476484,v0.2.0
global,4.4.0,33,F,UNVERIFIED_PUBLISH_PATH|DORMANT,3,6473975,v0.2.0
'@types/mocha,10.0.10,27,F,UNVERIFIED_PUBLISH_PATH|DORMANT|SINGLE_MAINTAINER,1,6469520,v0.2.0
'@sentry/conventions,0.17.0,27,F,UNVERIFIED_PUBLISH_PATH|SINGLE_MAINTAINER,1,6463756,v0.2.0
'@sentry-internal/tracing,7.114.0,21,F,UNVERIFIED_PUBLISH_PATH|DORMANT|SINGLE_MAINTAINER|BRANCH_REQUIRES_PR,1,6460596,v0.2.0
'@datadog/browser-core,7.5.0,32,F,UNVERIFIED_PUBLISH_PATH|SINGLE_MAINTAINER|BRANCH_REQUIRES_SIGNATURES,1,6455361,v0.2.0
emojilib,4.0.3,39,D,UNVERIFIED_PUBLISH_PATH,2,6449933,v0.2.0
qrcode.react,4.2.0,19,F,UNVERIFIED_PUBLISH_PATH|DORMANT|SINGLE_MAINTAINER,1,6416561,v0.2.0
'@apollo/client,4.2.7,94,A,,4,6389209,v0.2.0
expo-modules-core,57.0.6,45,D,UNVERIFIED_PUBLISH_PATH,11,6335515,v0.2.0
'@algolia/recommend,5.56.0,77,B,INCONSISTENT_PUBLISH_PATH,9,6322267,v0.2.0
expo,57.0.7,45,D,UNVERIFIED_PUBLISH_PATH,11,6299153,v0.2.0
lib0,0.2.117,31,F,UNVERIFIED_PUBLISH_PATH|SINGLE_MAINTAINER,1,6294728,v0.2.0
lottie-web,5.13.0,39,D,UNVERIFIED_PUBLISH_PATH,4,6293237,v0.2.0
babel-core,6.26.3,34,F,UNVERIFIED_PUBLISH_PATH|DORMANT,3,6289836,v0.2.0
skin-tone,4.0.0,19,F,UNVERIFIED_PUBLISH_PATH|DORMANT|SINGLE_MAINTAINER,1,6277152,v0.2.0
unicode-emoji-modifier-base,1.0.0,19,F,UNVERIFIED_PUBLISH_PATH|DORMANT|SINGLE_MAINTAINER,1,6264032,v0.2.0
lunr,2.3.9,19,F,UNVERIFIED_PUBLISH_PATH|DORMANT|SINGLE_MAINTAINER,1,6205824,v0.2.0
'@juggle/resize-observer,3.4.0,19,F,UNVERIFIED_PUBLISH_PATH|DORMANT|SINGLE_MAINTAINER,1,6197836,v0.2.0
react-draggable,4.7.0,39,D,UNVERIFIED_PUBLISH_PATH,2,6169852,v0.2.0
quill-delta,5.1.0,33,F,UNVERIFIED_PUBLISH_PATH|DORMANT,2,6166719,v0.2.0
grapheme-splitter,1.0.4,19,F,UNVERIFIED_PUBLISH_PATH|DORMANT|SINGLE_MAINTAINER,1,6158718,v0.2.0
tarn,3.1.2,39,D,UNVERIFIED_PUBLISH_PATH,4,6156713,v0.2.0
'@expo/fingerprint,0.20.5,45,D,UNVERIFIED_PUBLISH_PATH,11,6153226,v0.2.0
lit,3.3.3,100,A,,8,6125093,v0.2.0
'@codemirror/lang-javascript,6.2.5,25,F,UNVERIFIED_PUBLISH_PATH|SINGLE_MAINTAINER,1,6123005,v0.2.0
expo-asset,57.0.6,45,D,UNVERIFIED_PUBLISH_PATH,16,6118690,v0.2.0
ky,2.0.2,25,F,UNVERIFIED_PUBLISH_PATH|SINGLE_MAINTAINER,1,6113658,v0.2.0
esm-env,1.2.2,46,D,DORMANT|SINGLE_MAINTAINER,1,6113366,v0.2.0
yjs,13.6.31,31,F,UNVERIFIED_PUBLISH_PATH|SINGLE_MAINTAINER,1,6107352,v0.2.0
'@sentry/server-utils,10.66.0,27,F,UNVERIFIED_PUBLISH_PATH|SINGLE_MAINTAINER,1,6063091,v0.2.0
'@opentelemetry/sdk-trace-web,2.9.0,94,A,,6,6062071,v0.2.0
'@schematics/angular,22.0.7,45,D,UNVERIFIED_PUBLISH_PATH,2,6041595,v0.2.0
lit-html,3.3.3,100,A,,13,6012153,v0.2.0
'@lezer/javascript,1.5.4,25,F,UNVERIFIED_PUBLISH_PATH|SINGLE_MAINTAINER,1,6001875,v0.2.0
stacktrace-js,2.0.2,33,F,UNVERIFIED_PUBLISH_PATH|DORMANT,4,5946636,v0.2.0
pdf-parse,2.4.5,57,C,SINGLE_MAINTAINER|BRANCH_REQUIRES_PR,1,5901026,v0.2.0
turndown,7.2.4,45,D,UNVERIFIED_PUBLISH_PATH,2,5866464,v0.2.0
react-native-screens,4.26.2,72,B,INCONSISTENT_PUBLISH_PATH,2,5800342,v0.2.0
fontfaceobserver,2.3.0,19,F,UNVERIFIED_PUBLISH_PATH|DORMANT|SINGLE_MAINTAINER,1,5798348,v0.2.0
bootstrap,5.3.8,52,C,UNVERIFIED_PUBLISH_PATH,3,5786641,v0.2.0
lit-element,4.2.2,90,A,,13,5775118,v0.2.0
parchment,3.0.0,33,F,UNVERIFIED_PUBLISH_PATH|DORMANT,2,5752311,v0.2.0
mongoose,9.7.4,83,B,INCONSISTENT_PUBLISH_PATH,3,5743093,v0.2.0
'@firebase/ai,2.13.1,46,D,UNVERIFIED_PUBLISH_PATH,4,5730130,v0.2.0
abitype,1.3.0,82,B,,2,5692363,v0.2.0
tippy.js,6.3.7,19,F,UNVERIFIED_PUBLISH_PATH|DORMANT|SINGLE_MAINTAINER,1,5665953,v0.2.0
rc-util,5.44.4,39,D,UNVERIFIED_PUBLISH_PATH,9,5635543,v0.2.0
urijs,1.19.11,25,F,UNVERIFIED_PUBLISH_PATH|DORMANT|SINGLE_MAINTAINER,1,5630593,v0.2.0
'@lit/reactive-element,2.1.2,90,A,,8,5592080,v0.2.0
'@preact/signals-core,1.14.4,89,A,,6,5589341,v0.2.0
mammoth,1.12.0,25,F,UNVERIFIED_PUBLISH_PATH|SINGLE_MAINTAINER,1,5568546,v0.2.0
zone.js,0.16.2,45,D,UNVERIFIED_PUBLISH_PATH,2,5560897,v0.2.0
fast-text-encoding,1.0.6,19,F,UNVERIFIED_PUBLISH_PATH|DORMANT|SINGLE_MAINTAINER,1,5555859,v0.2.0
docx,9.7.1,69,C,INCONSISTENT_PUBLISH_PATH|SINGLE_MAINTAINER,1,5541704,v0.2.0
'@datadog/browser-rum-core,7.5.0,32,F,UNVERIFIED_PUBLISH_PATH|SINGLE_MAINTAINER|BRANCH_REQUIRES_SIGNATURES,1,5541233,v0.2.0
'@monaco-editor/loader,1.7.0,25,F,UNVERIFIED_PUBLISH_PATH|SINGLE_MAINTAINER,1,5538603,v0.2.0
'@algolia/client-abtesting,5.56.0,87,A,,22,5534054,v0.2.0
platform,1.3.6,28,F,UNVERIFIED_PUBLISH_PATH|DORMANT|PUBLISHER_NOT_MAINTAINER,3,5494944,v0.2.0
javascript-natural-sort,0.7.1,28,F,UNVERIFIED_PUBLISH_PATH|DORMANT,2,5491402,v0.2.0
'@algolia/client-insights,5.56.0,87,A,,7,5491079,v0.2.0
'@react-navigation/native,7.3.11,39,D,UNVERIFIED_PUBLISH_PATH,6,5480233,v0.2.0
'@angular/core,22.0.7,45,D,UNVERIFIED_PUBLISH_PATH,2,5472250,v0.2.0
'@react-spring/shared,10.1.2,68,C,SINGLE_MAINTAINER,1,5465764,v0.2.0
'@datadog/browser-rum,7.5.0,32,F,UNVERIFIED_PUBLISH_PATH|SINGLE_MAINTAINER,1,5458646,v0.2.0
'@sentry/browser-utils,10.66.0,27,F,UNVERIFIED_PUBLISH_PATH|SINGLE_MAINTAINER,1,5454263,v0.2.0
'@sentry/feedback,10.66.0,27,F,UNVERIFIED_PUBLISH_PATH|SINGLE_MAINTAINER,1,5446915,v0.2.0
'@sentry/replay-canvas,10.66.0,27,F,UNVERIFIED_PUBLISH_PATH|SINGLE_MAINTAINER,1,5446639,v0.2.0
i18next-browser-languagedetector,8.2.1,39,D,UNVERIFIED_PUBLISH_PATH,2,5446634,v0.2.0
'@algolia/ingestion,1.56.0,87,A,,17,5429580,v0.2.0
'@algolia/client-query-suggestions,5.56.0,87,A,,17,5428493,v0.2.0
'@algolia/monitoring,1.56.0,87,A,,17,5428452,v0.2.0
'@expo/metro,55.1.1,39,D,UNVERIFIED_PUBLISH_PATH,11,5409362,v0.2.0
langsmith,0.8.3,77,B,INCONSISTENT_PUBLISH_PATH,5,5398429,v0.2.0
react-popper,2.3.0,28,F,UNVERIFIED_PUBLISH_PATH|DORMANT,2,5373304,v0.2.0
rsvp,4.8.5,33,F,UNVERIFIED_PUBLISH_PATH|DORMANT,6,5364163,v0.2.0
react-native-reanimated,4.5.2,79,B,INCONSISTENT_PUBLISH_PATH,3,5306884,v0.2.0
quill,2.0.3,33,F,UNVERIFIED_PUBLISH_PATH|DORMANT,2,5303502,v0.2.0
'@angular/compiler,22.0.7,45,D,UNVERIFIED_PUBLISH_PATH,2,5277440,v0.2.0
'@dimforge/rapier3d-compat,0.19.3,25,F,UNVERIFIED_PUBLISH_PATH|SINGLE_MAINTAINER,1,5261217,v0.2.0
leaflet,1.9.4,39,D,UNVERIFIED_PUBLISH_PATH|DORMANT,6,5252947,v0.2.0
'@expo/devtools,57.0.1,45,D,UNVERIFIED_PUBLISH_PATH,11,5232645,v0.2.0
react-native-gesture-handler,3.1.0,82,B,,2,5229879,v0.2.0
'@egjs/hammerjs,2.0.17,33,F,UNVERIFIED_PUBLISH_PATH|DORMANT,12,5210055,v0.2.0
'@angular/common,22.0.7,45,D,UNVERIFIED_PUBLISH_PATH,2,5189784,v0.2.0
react-native-svg,15.15.5,72,B,INCONSISTENT_PUBLISH_PATH,2,5187676,v0.2.0
'@expo/vector-icons,15.1.1,87,A,,11,5180974,v0.2.0
safe-json-stringify,1.2.0,33,F,UNVERIFIED_PUBLISH_PATH|DORMANT,8,5180884,v0.2.0
'@react-navigation/elements,2.9.33,39,D,UNVERIFIED_PUBLISH_PATH,6,5168973,v0.2.0
onnxruntime-common,1.27.0,47,D,UNVERIFIED_PUBLISH_PATH,6,5161654,v0.2.0
svix,1.98.0,100,A,,2,5159818,v0.2.0
sass-embedded,1.100.0,73,B,SINGLE_MAINTAINER,1,5159026,v0.2.0
react-pdf,10.4.1,73,B,SINGLE_MAINTAINER,1,5148487,v0.2.0
'@use-gesture/core,10.3.1,14,F,UNVERIFIED_PUBLISH_PATH|DORMANT|SINGLE_MAINTAINER,1,5131391,v0.2.0
'@sentry/integrations,7.114.0,21,F,UNVERIFIED_PUBLISH_PATH|DORMANT|SINGLE_MAINTAINER|BRANCH_REQUIRES_PR,1,5130536,v0.2.0
'@use-gesture/react,10.3.1,14,F,UNVERIFIED_PUBLISH_PATH|DORMANT|SINGLE_MAINTAINER,1,5114362,v0.2.0
js-md5,0.8.3,19,F,UNVERIFIED_PUBLISH_PATH|DORMANT|SINGLE_MAINTAINER,1,5110505,v0.2.0
twilio,6.0.2,87,A,,4,5097611,v0.2.0
popper.js,1.16.1,14,F,UNVERIFIED_PUBLISH_PATH|DORMANT|SINGLE_MAINTAINER|DEPRECATED,1,5078430,v0.2.0
web-tree-sitter,0.26.11,87,A,,8,5062294,v0.2.0
dnd-core,16.0.1,40,D,UNVERIFIED_PUBLISH_PATH|DORMANT,5,5043332,v0.2.0
'@lezer/css,1.3.4,21,F,UNVERIFIED_PUBLISH_PATH|SINGLE_MAINTAINER,1,5009970,v0.2.0
xss,1.0.15,25,F,UNVERIFIED_PUBLISH_PATH|DORMANT|SINGLE_MAINTAINER,1,4987425,v0.2.0
eta,4.6.0,87,A,,2,4963592,v0.2.0
jotai,2.20.2,82,B,,2,4958277,v0.2.0
'@azure/storage-common,12.4.1,47,D,UNVERIFIED_PUBLISH_PATH,3,4956073,v0.2.0
'@angular/platform-browser,22.0.7,45,D,UNVERIFIED_PUBLISH_PATH,2,4916967,v0.2.0
'@codemirror/lang-css,6.3.1,19,F,UNVERIFIED_PUBLISH_PATH|DORMANT|SINGLE_MAINTAINER,1,4900707,v0.2.0
react-dnd,16.0.1,40,D,UNVERIFIED_PUBLISH_PATH|DORMANT,5,4867008,v0.2.0
'@lezer/html,1.3.13,25,F,UNVERIFIED_PUBLISH_PATH|SINGLE_MAINTAINER,1,4863669,v0.2.0
focus-trap,8.2.2,93,A,,2,4831593,v0.2.0
'@codemirror/lang-html,6.4.11,25,F,UNVERIFIED_PUBLISH_PATH|SINGLE_MAINTAINER,1,4822767,v0.2.0
'@mui/x-date-pickers,9.10.0,95,A,,16,4808946,v0.2.0
promise-polyfill,8.3.0,25,F,UNVERIFIED_PUBLISH_PATH|DORMANT|SINGLE_MAINTAINER,1,4808705,v0.2.0
'@googlemaps/js-api-loader,2.1.1,52,C,UNVERIFIED_PUBLISH_PATH,6,4795024,v0.2.0
'@emotion/stylis,0.8.5,29,F,UNVERIFIED_PUBLISH_PATH|DORMANT|PUBLISHER_NOT_MAINTAINER,2,4794684,v0.2.0
'@types/jsesc,3.0.3,27,F,UNVERIFIED_PUBLISH_PATH|DORMANT|SINGLE_MAINTAINER,1,4777574,v0.2.0
'@storybook/core,8.6.14,52,C,UNVERIFIED_PUBLISH_PATH,12,4760158,v0.2.0
'@angular/compiler-cli,22.0.7,45,D,UNVERIFIED_PUBLISH_PATH,2,4759319,v0.2.0
'@angular/forms,22.0.7,45,D,UNVERIFIED_PUBLISH_PATH,2,4753593,v0.2.0
pdfkit,0.19.1,39,D,UNVERIFIED_PUBLISH_PATH,4,4737331,v0.2.0
esbuild-wasm,0.28.1,73,B,SINGLE_MAINTAINER,1,4729523,v0.2.0
next-auth,4.24.14,41,D,UNVERIFIED_PUBLISH_PATH,3,4726606,v0.2.0
'@langchain/core,1.2.3,82,B,,2,4694239,v0.2.0
rbush,4.0.1,19,F,UNVERIFIED_PUBLISH_PATH|DORMANT|SINGLE_MAINTAINER,1,4693979,v0.2.0
screenfull,6.0.2,19,F,UNVERIFIED_PUBLISH_PATH|DORMANT|SINGLE_MAINTAINER,1,4682411,v0.2.0
'@angular/router,22.0.7,45,D,UNVERIFIED_PUBLISH_PATH,2,4674405,v0.2.0
svelte,5.56.6,82,B,,3,4670829,v0.2.0
'@lukeed/uuid,2.0.1,19,F,UNVERIFIED_PUBLISH_PATH|DORMANT|SINGLE_MAINTAINER,1,4636244,v0.2.0
viem,2.55.2,89,A,,2,4633716,v0.2.0
xstate,5.32.5,82,B,,3,4623859,v0.2.0
typebox,1.3.6,68,C,SINGLE_MAINTAINER,1,4606647,v0.2.0
html-to-image,1.11.13,25,F,UNVERIFIED_PUBLISH_PATH|SINGLE_MAINTAINER,1,4585459,v0.2.0
react-datepicker,9.1.0,45,D,UNVERIFIED_PUBLISH_PATH,2,4518513,v0.2.0
typeorm,1.1.0,78,B,INCONSISTENT_PUBLISH_PATH,2,4505320,v0.2.0
'@emotion/css,11.13.5,34,F,UNVERIFIED_PUBLISH_PATH|DORMANT|PUBLISHER_NOT_MAINTAINER,2,4497223,v0.2.0
'@ant-design/colors,8.0.1,39,D,UNVERIFIED_PUBLISH_PATH,5,4486259,v0.2.0
topojson-client,3.1.0,19,F,UNVERIFIED_PUBLISH_PATH|DORMANT|SINGLE_MAINTAINER,1,4477859,v0.2.0
react-native-worklets,0.11.1,79,B,INCONSISTENT_PUBLISH_PATH,2,4467084,v0.2.0
'@react-navigation/native-stack,7.18.3,39,D,UNVERIFIED_PUBLISH_PATH,6,4410617,v0.2.0
json2mq,0.2.0,19,F,UNVERIFIED_PUBLISH_PATH|DORMANT|SINGLE_MAINTAINER,1,4403866,v0.2.0
string-convert,0.2.1,19,F,UNVERIFIED_PUBLISH_PATH|DORMANT|SINGLE_MAINTAINER,1,4402556,v0.2.0
'@expo/metro-runtime,57.0.6,45,D,UNVERIFIED_PUBLISH_PATH,11,4398399,v0.2.0
'@clerk/shared,4.25.5,82,B,,6,4389019,v0.2.0
'@react-navigation/bottom-tabs,7.18.11,39,D,UNVERIFIED_PUBLISH_PATH,6,4381467,v0.2.0
js-sha3,0.12.0,25,F,UNVERIFIED_PUBLISH_PATH|SINGLE_MAINTAINER,1,4335069,v0.2.0
'@vercel/analytics,2.0.1,34,F,UNVERIFIED_PUBLISH_PATH,4,4303169,v0.2.0
'@radix-ui/react-icons,1.3.2,29,F,UNVERIFIED_PUBLISH_PATH|DORMANT,4,4280358,v0.2.0
js-sha256,0.11.1,25,F,UNVERIFIED_PUBLISH_PATH|SINGLE_MAINTAINER,1,4278570,v0.2.0
is-function,1.0.2,19,F,UNVERIFIED_PUBLISH_PATH|DORMANT|SINGLE_MAINTAINER,1,4239087,v0.2.0
'@adraffy/ens-normalize,1.11.1,25,F,UNVERIFIED_PUBLISH_PATH|SINGLE_MAINTAINER,1,4233223,v0.2.0
'@ant-design/icons,6.3.2,39,D,UNVERIFIED_PUBLISH_PATH,5,4224061,v0.2.0
'@prisma/client-runtime-utils,7.8.0,89,A,,4,4151382,v0.2.0
encoding-japanese,2.2.0,14,F,UNVERIFIED_PUBLISH_PATH|DORMANT|SINGLE_MAINTAINER,1,4142717,v0.2.0
markdown-to-jsx,9.8.2,63,C,INCONSISTENT_PUBLISH_PATH|SINGLE_MAINTAINER,1,4124166,v0.2.0
'@types/crypto-js,4.2.2,27,F,UNVERIFIED_PUBLISH_PATH|DORMANT|SINGLE_MAINTAINER,1,4116509,v0.2.0
omggif,1.0.10,19,F,UNVERIFIED_PUBLISH_PATH|DORMANT|SINGLE_MAINTAINER,1,4087087,v0.2.0
typedoc,0.28.20,82,B,,5,4079052,v0.2.0
'@aws-sdk/client-cloudwatch-logs,3.1090.0,41,D,UNVERIFIED_PUBLISH_PATH,2,4049646,v0.2.0
'@angular/animations,22.0.7,45,D,UNVERIFIED_PUBLISH_PATH|DEPRECATED,2,4036581,v0.2.0
'@msgpack/msgpack,3.1.3,25,F,UNVERIFIED_PUBLISH_PATH|SINGLE_MAINTAINER,1,4016598,v0.2.0
'@react-three/fiber,9.6.1,39,D,UNVERIFIED_PUBLISH_PATH,23,4007496,v0.2.0
swiper,14.0.5,25,F,UNVERIFIED_PUBLISH_PATH|SINGLE_MAINTAINER,1,4007205,v0.2.0
pinia,4.0.2,74,B,SINGLE_MAINTAINER,1,4006295,v0.2.0
hyphen,1.14.1,25,F,UNVERIFIED_PUBLISH_PATH|SINGLE_MAINTAINER,1,4004988,v0.2.0
'@zip.js/zip.js,2.8.31,87,A,,2,4001495,v0.2.0
pptxgenjs,4.0.1,25,F,UNVERIFIED_PUBLISH_PATH|SINGLE_MAINTAINER,1,3977924,v0.2.0
fp-ts,2.16.11,25,F,UNVERIFIED_PUBLISH_PATH|SINGLE_MAINTAINER,1,3948212,v0.2.0
echarts,6.1.0,39,D,UNVERIFIED_PUBLISH_PATH,9,3933002,v0.2.0
'@rc-component/portal,2.2.1,39,D,UNVERIFIED_PUBLISH_PATH,5,3927175,v0.2.0
'@jimp/core,1.6.1,39,D,UNVERIFIED_PUBLISH_PATH,2,3910419,v0.2.0
expo-router,57.0.7,45,D,UNVERIFIED_PUBLISH_PATH,12,3907286,v0.2.0
'@ctrl/tinycolor,4.2.0,52,C,SINGLE_MAINTAINER,1,3906177,v0.2.0
'@lexical/utils,0.48.0,79,B,INCONSISTENT_PUBLISH_PATH,6,3906073,v0.2.0
apache-arrow,21.1.0,39,D,UNVERIFIED_PUBLISH_PATH,9,3885970,v0.2.0
lexical,0.48.0,79,B,INCONSISTENT_PUBLISH_PATH,6,3883918,v0.2.0
'@jimp/types,1.6.1,39,D,UNVERIFIED_PUBLISH_PATH,2,3872437,v0.2.0
'@mui/base,5.0.0-beta.70,40,D,UNVERIFIED_PUBLISH_PATH|DEPRECATED,10,3852613,v0.2.0
'@amplitude/analytics-core,2.53.1,89,A,,6,3847735,v0.2.0
'@lexical/selection,0.48.0,79,B,INCONSISTENT_PUBLISH_PATH,6,3846078,v0.2.0
sortablejs,1.15.7,39,D,UNVERIFIED_PUBLISH_PATH,2,3827113,v0.2.0
aws-cdk-lib,2.261.0,27,F,UNVERIFIED_PUBLISH_PATH|SINGLE_MAINTAINER,1,3820317,v0.2.0
'@lexical/html,0.48.0,79,B,INCONSISTENT_PUBLISH_PATH,6,3820272,v0.2.0
zrender,6.1.0,39,D,UNVERIFIED_PUBLISH_PATH,20,3812617,v0.2.0
'@lexical/list,0.48.0,79,B,INCONSISTENT_PUBLISH_PATH,6,3807381,v0.2.0
react-toastify,11.1.0,20,F,UNVERIFIED_PUBLISH_PATH|SINGLE_MAINTAINER|BRANCH_REQUIRES_SIGNATURES,1,3791154,v0.2.0
'@lexical/clipboard,0.48.0,79,B,INCONSISTENT_PUBLISH_PATH,6,3788008,v0.2.0
'@angular/cdk,22.0.5,45,D,UNVERIFIED_PUBLISH_PATH,2,3772827,v0.2.0
'@lexical/table,0.48.0,79,B,INCONSISTENT_PUBLISH_PATH,6,3768854,v0.2.0
'@lexical/rich-text,0.48.0,79,B,INCONSISTENT_PUBLISH_PATH,6,3763960,v0.2.0
tedious,20.0.0,81,B,,8,3756592,v0.2.0
'@lexical/link,0.48.0,79,B,INCONSISTENT_PUBLISH_PATH,6,3747244,v0.2.0
react-resizable,4.0.2,25,F,UNVERIFIED_PUBLISH_PATH|SINGLE_MAINTAINER,1,3743456,v0.2.0
requirejs,2.3.8,31,F,UNVERIFIED_PUBLISH_PATH|SINGLE_MAINTAINER,1,3721381,v0.2.0
react-chartjs-2,5.3.1,34,F,UNVERIFIED_PUBLISH_PATH,4,3721109,v0.2.0
'@lexical/history,0.48.0,79,B,INCONSISTENT_PUBLISH_PATH,6,3710149,v0.2.0
'@rc-component/trigger,3.10.1,39,D,UNVERIFIED_PUBLISH_PATH,5,3698901,v0.2.0
gsap,3.15.0,26,F,UNVERIFIED_PUBLISH_PATH|SINGLE_MAINTAINER,1,3696603,v0.2.0
'@upstash/redis,1.38.0,77,B,INCONSISTENT_PUBLISH_PATH,8,3693094,v0.2.0
aes-js,3.1.2,19,F,UNVERIFIED_PUBLISH_PATH|DORMANT|SINGLE_MAINTAINER,1,3685657,v0.2.0
'@lexical/markdown,0.48.0,79,B,INCONSISTENT_PUBLISH_PATH,6,3675430,v0.2.0
astro,7.1.1,88,A,,2,3666234,v0.2.0
'@wdio/types,9.29.1,94,A,,3,3645894,v0.2.0
'@shikijs/transformers,4.3.1,82,B,,3,3640693,v0.2.0
'@lexical/mark,0.48.0,79,B,INCONSISTENT_PUBLISH_PATH,6,3635745,v0.2.0
intersection-observer,0.12.2,19,F,UNVERIFIED_PUBLISH_PATH|DORMANT|SINGLE_MAINTAINER|DEPRECATED,1,3614639,v0.2.0
'@scalar/openapi-types,0.9.3,89,A,,8,3530687,v0.2.0
remark-breaks,4.0.0,33,F,UNVERIFIED_PUBLISH_PATH|DORMANT,3,3519835,v0.2.0
react-use,17.6.1,31,F,UNVERIFIED_PUBLISH_PATH|SINGLE_MAINTAINER,1,3516531,v0.2.0
'@aws-sdk/client-iam,3.1090.0,41,D,UNVERIFIED_PUBLISH_PATH,2,3501011,v0.2.0
ethers,6.17.0,31,F,UNVERIFIED_PUBLISH_PATH|SINGLE_MAINTAINER,1,3499435,v0.2.0
'@mediapipe/tasks-vision,0.10.35,30,F,UNVERIFIED_PUBLISH_PATH,8,3494069,v0.2.0
'@google/generative-ai,0.24.1,39,D,UNVERIFIED_PUBLISH_PATH,3,3489313,v0.2.0
mapbox-gl,3.26.0,46,D,UNVERIFIED_PUBLISH_PATH|BRANCH_REQUIRES_PR,28,3481496,v0.2.0
'@auth/core,0.34.3,51,C,UNVERIFIED_PUBLISH_PATH|PUBLISHER_NOT_MAINTAINER,2,3480665,v0.2.0
maath,0.10.8,10,F,UNVERIFIED_PUBLISH_PATH|DORMANT|SINGLE_MAINTAINER,1,3471427,v0.2.0
focus-lock,1.3.6,19,F,UNVERIFIED_PUBLISH_PATH|DORMANT|SINGLE_MAINTAINER,1,3462530,v0.2.0
jsonpath,1.3.0,25,F,UNVERIFIED_PUBLISH_PATH|SINGLE_MAINTAINER,1,3460609,v0.2.0
'@segment/analytics-generic-utils,1.2.0,40,D,UNVERIFIED_PUBLISH_PATH|DORMANT,3,3456624,v0.2.0
lighthouse,13.4.0,46,D,UNVERIFIED_PUBLISH_PATH,3,3441406,v0.2.0
'@lezer/markdown,1.7.2,21,F,UNVERIFIED_PUBLISH_PATH|SINGLE_MAINTAINER,1,3439186,v0.2.0
antd,6.5.1,45,D,UNVERIFIED_PUBLISH_PATH,7,3420243,v0.2.0
sql-formatter,15.8.2,34,F,UNVERIFIED_PUBLISH_PATH,2,3383750,v0.2.0
mobx,6.16.1,93,A,,6,3369393,v0.2.0
'@codemirror/lang-markdown,6.5.1,21,F,UNVERIFIED_PUBLISH_PATH|SINGLE_MAINTAINER,1,3362022,v0.2.0
mdast-util-newline-to-break,2.0.0,33,F,UNVERIFIED_PUBLISH_PATH|DORMANT,2,3361933,v0.2.0
webrtc-adapter,9.0.6,39,D,UNVERIFIED_PUBLISH_PATH,4,3359256,v0.2.0
'@heroicons/react,2.2.0,75,B,DORMANT,3,3345829,v0.2.0
linkedom,0.18.13,25,F,UNVERIFIED_PUBLISH_PATH|SINGLE_MAINTAINER,1,3323407,v0.2.0
'@formatjs/intl,4.1.17,82,B,BRANCH_REQUIRES_PR,3,3318516,v0.2.0
'@walletconnect/sign-client,2.23.10,81,B,,2,3318485,v0.2.0
'@turf/bbox,7.3.5,87,A,,8,3288279,v0.2.0
'@ant-design/icons-svg,4.5.0,39,D,UNVERIFIED_PUBLISH_PATH,5,3263742,v0.2.0
xregexp,5.1.2,39,D,UNVERIFIED_PUBLISH_PATH,2,3257102,v0.2.0
three-mesh-bvh,0.9.11,25,F,UNVERIFIED_PUBLISH_PATH|SINGLE_MAINTAINER,1,3256022,v0.2.0
'@ant-design/fast-color,3.0.1,39,D,UNVERIFIED_PUBLISH_PATH,5,3255519,v0.2.0
rc-motion,2.9.5,33,F,UNVERIFIED_PUBLISH_PATH|DORMANT,4,3241266,v0.2.0
'@clerk/backend,3.11.7,82,B,,6,3237563,v0.2.0
media-chrome,4.19.2,94,A,,4,3236949,v0.2.0
mobx-react-lite,4.1.1,45,D,UNVERIFIED_PUBLISH_PATH,2,3232071,v0.2.0
nunjucks,3.2.4,33,F,UNVERIFIED_PUBLISH_PATH|DORMANT,5,3223900,v0.2.0
uhyphen,0.2.0,19,F,UNVERIFIED_PUBLISH_PATH|DORMANT|SINGLE_MAINTAINER,1,3219871,v0.2.0
jspdf-autotable,5.0.8,79,B,SINGLE_MAINTAINER,1,3218395,v0.2.0
hey-listen,1.0.8,14,F,UNVERIFIED_PUBLISH_PATH|DORMANT|SINGLE_MAINTAINER,1,3213299,v0.2.0
react-focus-lock,2.13.7,25,F,UNVERIFIED_PUBLISH_PATH|SINGLE_MAINTAINER,1,3211743,v0.2.0
rc-resize-observer,1.4.3,33,F,UNVERIFIED_PUBLISH_PATH|DORMANT,2,3206112,v0.2.0
'@dagrejs/dagre,3.0.0,39,D,UNVERIFIED_PUBLISH_PATH,3,3192912,v0.2.0
'@codemirror/lang-sql,6.10.0,25,F,UNVERIFIED_PUBLISH_PATH|SINGLE_MAINTAINER,1,3192820,v0.2.0
framesync,6.1.2,14,F,UNVERIFIED_PUBLISH_PATH|DORMANT|SINGLE_MAINTAINER,1,3186103,v0.2.0
'@aws-sdk/client-ses,3.1090.0,41,D,UNVERIFIED_PUBLISH_PATH,2,3185574,v0.2.0
'@scalar/helpers,0.9.2,89,A,,8,3181312,v0.2.0
'@amplitude/analytics-types,2.11.1,89,A,,6,3179336,v0.2.0
react-intl,10.1.18,72,B,INCONSISTENT_PUBLISH_PATH|BRANCH_REQUIRES_PR,3,3159475,v0.2.0
'@lexical/code,0.48.0,79,B,INCONSISTENT_PUBLISH_PATH,6,3156094,v0.2.0
stats.js,0.17.0,19,F,UNVERIFIED_PUBLISH_PATH|DORMANT|SINGLE_MAINTAINER,1,3153368,v0.2.0
react-aria-components,1.19.0,39,D,UNVERIFIED_PUBLISH_PATH,2,3148886,v0.2.0
rc-slider,11.1.9,39,D,UNVERIFIED_PUBLISH_PATH,9,3144723,v0.2.0
vue-i18n,11.4.6,74,B,SINGLE_MAINTAINER,1,3137589,v0.2.0
nprogress,0.2.0,19,F,UNVERIFIED_PUBLISH_PATH|DORMANT|SINGLE_MAINTAINER,1,3129118,v0.2.0
'@restart/hooks,0.6.2,33,F,UNVERIFIED_PUBLISH_PATH|DORMANT,3,3125461,v0.2.0
'@ant-design/react-slick,2.0.0,39,D,UNVERIFIED_PUBLISH_PATH,5,3113412,v0.2.0
loglevel-plugin-prefix,0.8.4,19,F,UNVERIFIED_PUBLISH_PATH|DORMANT|SINGLE_MAINTAINER,1,3110960,v0.2.0
country-flag-icons,1.6.20,21,F,UNVERIFIED_PUBLISH_PATH|SINGLE_MAINTAINER,1,3110896,v0.2.0
maplibre-gl,5.24.0,93,A,,4,3105229,v0.2.0
camera-controls,3.1.2,39,D,UNVERIFIED_PUBLISH_PATH,3,3096864,v0.2.0
ts-deepmerge,8.0.0,20,F,UNVERIFIED_PUBLISH_PATH|SINGLE_MAINTAINER,1,3089436,v0.2.0
three-stdlib,2.36.1,34,F,UNVERIFIED_PUBLISH_PATH,3,3074190,v0.2.0
'@expo/dom-webview,57.0.1,45,D,UNVERIFIED_PUBLISH_PATH,11,3064959,v0.2.0
deep-diff,1.0.2,14,F,UNVERIFIED_PUBLISH_PATH|DORMANT|SINGLE_MAINTAINER|PUBLISHER_NOT_MAINTAINER|DEPRECATED,1,3026433,v0.2.0
'@react-three/drei,10.7.7,39,D,UNVERIFIED_PUBLISH_PATH,7,3019004,v0.2.0
expo-notifications,57.0.6,45,D,UNVERIFIED_PUBLISH_PATH,12,3017427,v0.2.0
detect-gpu,5.0.70,20,F,UNVERIFIED_PUBLISH_PATH|SINGLE_MAINTAINER|PUBLISHER_NOT_MAINTAINER,1,3003400,v0.2.0
react-native-webview,14.0.1,94,A,,4,2997026,v0.2.0
'@ant-design/cssinjs,2.1.2,39,D,UNVERIFIED_PUBLISH_PATH,5,2995747,v0.2.0
'@capacitor/core,8.4.2,81,B,,18,2987331,v0.2.0
mathjs,15.2.0,31,F,UNVERIFIED_PUBLISH_PATH|SINGLE_MAINTAINER,1,2984118,v0.2.0
rc-tooltip,6.4.0,33,F,UNVERIFIED_PUBLISH_PATH|DORMANT,8,2980866,v0.2.0
sanitize.css,13.0.0,39,D,UNVERIFIED_PUBLISH_PATH|DORMANT,3,2978885,v0.2.0
cronstrue,3.24.0,63,C,INCONSISTENT_PUBLISH_PATH|SINGLE_MAINTAINER,1,2968994,v0.2.0
broadcast-channel,7.3.0,25,F,UNVERIFIED_PUBLISH_PATH|SINGLE_MAINTAINER,1,2961337,v0.2.0
'@turf/clone,7.3.5,87,A,,8,2954981,v0.2.0
stats-gl,4.2.3,25,F,UNVERIFIED_PUBLISH_PATH|SINGLE_MAINTAINER,1,2952857,v0.2.0
'@xterm/xterm,6.0.0,25,F,UNVERIFIED_PUBLISH_PATH|SINGLE_MAINTAINER,1,2934318,v0.2.0
'@turf/distance,7.3.5,87,A,,8,2922459,v0.2.0
react-leaflet,5.0.0,14,F,UNVERIFIED_PUBLISH_PATH|DORMANT|SINGLE_MAINTAINER,1,2890755,v0.2.0
'@codemirror/legacy-modes,6.5.3,21,F,UNVERIFIED_PUBLISH_PATH|SINGLE_MAINTAINER,1,2850737,v0.2.0
solid-js,1.9.14,20,F,UNVERIFIED_PUBLISH_PATH|SINGLE_MAINTAINER,1,2839441,v0.2.0
'@fortawesome/fontawesome-svg-core,7.3.1,34,F,UNVERIFIED_PUBLISH_PATH,8,2837948,v0.2.0
libsodium,0.8.4,25,F,UNVERIFIED_PUBLISH_PATH|SINGLE_MAINTAINER,1,2835600,v0.2.0
'@turf/boolean-point-in-polygon,7.3.5,87,A,,8,2828382,v0.2.0
typed-function,4.2.2,25,F,UNVERIFIED_PUBLISH_PATH|SINGLE_MAINTAINER,1,2823838,v0.2.0
elkjs,0.12.0,77,B,INCONSISTENT_PUBLISH_PATH,5,2821579,v0.2.0
store2,2.14.4,19,F,UNVERIFIED_PUBLISH_PATH|DORMANT|SINGLE_MAINTAINER,1,2818928,v0.2.0
'@vercel/speed-insights,2.0.0,34,F,UNVERIFIED_PUBLISH_PATH,4,2816528,v0.2.0
'@googlemaps/markerclusterer,2.6.2,52,C,UNVERIFIED_PUBLISH_PATH,6,2816444,v0.2.0
libsodium-wrappers,0.8.4,25,F,UNVERIFIED_PUBLISH_PATH|SINGLE_MAINTAINER,1,2813218,v0.2.0
ag-charts-types,14.0.1,86,A,SINGLE_MAINTAINER,1,2807406,v0.2.0
ag-grid-community,36.0.1,93,A,BRANCH_REQUIRES_PR,4,2806077,v0.2.0
complex.js,2.4.3,25,F,UNVERIFIED_PUBLISH_PATH|SINGLE_MAINTAINER,1,2804306,v0.2.0
'@mui/x-data-grid,9.10.0,85,A,INCONSISTENT_PUBLISH_PATH,16,2801282,v0.2.0
'@wdio/protocols,9.29.1,94,A,,3,2795292,v0.2.0
webdriver,9.29.1,94,A,,3,2794994,v0.2.0
launchdarkly-js-client-sdk,3.9.3,86,A,SINGLE_MAINTAINER,1,2790708,v0.2.0
onnxruntime-web,1.27.0,47,D,UNVERIFIED_PUBLISH_PATH|BRANCH_REQUIRES_PR,6,2784815,v0.2.0
'@tabler/icons,3.45.0,20,F,UNVERIFIED_PUBLISH_PATH|SINGLE_MAINTAINER,1,2778530,v0.2.0
'@simplewebauthn/browser,13.3.0,73,B,SINGLE_MAINTAINER,1,2756619,v0.2.0
escape-latex,1.2.0,19,F,UNVERIFIED_PUBLISH_PATH|DORMANT|SINGLE_MAINTAINER,1,2752779,v0.2.0
rc-menu,9.16.1,39,D,UNVERIFIED_PUBLISH_PATH,10,2750794,v0.2.0
d3-voronoi,1.1.4,33,F,UNVERIFIED_PUBLISH_PATH|DORMANT,2,2739644,v0.2.0
humanize-duration,3.34.0,25,F,UNVERIFIED_PUBLISH_PATH|SINGLE_MAINTAINER,1,2724062,v0.2.0
webdriverio,9.29.1,94,A,,3,2718631,v0.2.0
'@supabase/node-fetch,2.6.13,14,F,UNVERIFIED_PUBLISH_PATH|DORMANT,0,2711709,v0.2.0
'@rc-component/context,2.0.2,39,D,UNVERIFIED_PUBLISH_PATH,5,2684831,v0.2.0
'@rc-component/tour,2.4.0,39,D,UNVERIFIED_PUBLISH_PATH,5,2683552,v0.2.0
'@rc-component/mini-decimal,1.1.4,39,D,UNVERIFIED_PUBLISH_PATH,5,2669715,v0.2.0
'@rc-component/color-picker,3.1.1,39,D,UNVERIFIED_PUBLISH_PATH,5,2666034,v0.2.0
chroma-js,3.2.0,41,D,UNVERIFIED_PUBLISH_PATH|BRANCH_REQUIRES_PR,4,2665674,v0.2.0
'@amplitude/analytics-connector,1.6.5,87,A,,6,2663768,v0.2.0
'@testing-library/react-native,14.0.1,39,D,UNVERIFIED_PUBLISH_PATH,17,2662114,v0.2.0
unhead,3.1.8,74,B,SINGLE_MAINTAINER,1,2660745,v0.2.0
'@lit/react,1.0.8,84,B,,8,2648007,v0.2.0
stylus,0.64.0,39,D,UNVERIFIED_PUBLISH_PATH|DORMANT,5,2642046,v0.2.0
'@microsoft/fetch-event-source,2.0.1,39,D,UNVERIFIED_PUBLISH_PATH|DORMANT,6,2638062,v0.2.0
encode-utf8,2.0.0,19,F,UNVERIFIED_PUBLISH_PATH|DORMANT|SINGLE_MAINTAINER,1,2630156,v0.2.0
jsonrepair,3.15.0,25,F,UNVERIFIED_PUBLISH_PATH|SINGLE_MAINTAINER,1,2629777,v0.2.0
'@fortawesome/free-solid-svg-icons,7.3.1,34,F,UNVERIFIED_PUBLISH_PATH,8,2626776,v0.2.0
'@rc-component/mutate-observer,2.0.1,39,D,UNVERIFIED_PUBLISH_PATH,5,2621613,v0.2.0
rc-virtual-list,3.19.2,39,D,UNVERIFIED_PUBLISH_PATH,3,2620798,v0.2.0
rc-overflow,1.5.0,39,D,UNVERIFIED_PUBLISH_PATH,3,2602925,v0.2.0
abortcontroller-polyfill,1.7.8,19,F,UNVERIFIED_PUBLISH_PATH|DORMANT|SINGLE_MAINTAINER,1,2598780,v0.2.0
rc-tree,5.13.1,39,D,UNVERIFIED_PUBLISH_PATH,11,2597238,v0.2.0
react-quill,2.0.0,28,F,UNVERIFIED_PUBLISH_PATH|DORMANT,2,2588936,v0.2.0
re2,1.26.0,25,F,UNVERIFIED_PUBLISH_PATH|SINGLE_MAINTAINER,1,2581448,v0.2.0
'@rc-component/async-validator,6.0.0,39,D,UNVERIFIED_PUBLISH_PATH,5,2580982,v0.2.0
sockjs-client,1.6.1,33,F,UNVERIFIED_PUBLISH_PATH|DORMANT,2,2554450,v0.2.0
i18next-http-backend,4.0.0,39,D,UNVERIFIED_PUBLISH_PATH,2,2554428,v0.2.0
rc-collapse,4.0.0,33,F,UNVERIFIED_PUBLISH_PATH|DORMANT,6,2554233,v0.2.0
slate,0.126.0,87,A,,6,2554134,v0.2.0
rc-input-number,9.5.0,39,D,UNVERIFIED_PUBLISH_PATH,8,2541671,v0.2.0
'@mozilla/readability,0.6.0,45,D,UNVERIFIED_PUBLISH_PATH,3,2537957,v0.2.0
rc-dialog,10.0.0,33,F,UNVERIFIED_PUBLISH_PATH|DORMANT,11,2524919,v0.2.0
comlink,4.4.2,40,D,UNVERIFIED_PUBLISH_PATH|DORMANT,3,2523875,v0.2.0
langchain,1.5.3,82,B,,2,2523679,v0.2.0
jsondiffpatch,0.7.6,73,B,SINGLE_MAINTAINER,1,2522914,v0.2.0
faker,6.6.6,19,F,UNVERIFIED_PUBLISH_PATH|DORMANT|SINGLE_MAINTAINER,1,2515872,v0.2.0
'@rc-component/qrcode,2.0.0,39,D,UNVERIFIED_PUBLISH_PATH,5,2514703,v0.2.0
'@aws-sdk/client-ec2,3.1090.0,41,D,UNVERIFIED_PUBLISH_PATH,2,2511574,v0.2.0
mark.js,8.11.1,19,F,UNVERIFIED_PUBLISH_PATH|DORMANT|SINGLE_MAINTAINER,1,2509117,v0.2.0
multiformats,14.0.4,87,A,,2,2505308,v0.2.0
'@aws-sdk/client-firehose,3.1090.0,41,D,UNVERIFIED_PUBLISH_PATH,2,2486174,v0.2.0
rc-select,14.16.8,39,D,UNVERIFIED_PUBLISH_PATH,9,2479755,v0.2.0
dagre,0.8.5,33,F,UNVERIFIED_PUBLISH_PATH|DORMANT,2,2477591,v0.2.0
embla-carousel-autoplay,8.6.0,25,F,UNVERIFIED_PUBLISH_PATH|SINGLE_MAINTAINER,1,2471365,v0.2.0
'@unhead/vue,3.1.8,74,B,SINGLE_MAINTAINER,1,2469653,v0.2.0
discord-api-types,0.38.50,94,A,,3,2460043,v0.2.0
'@ant-design/cssinjs-utils,2.1.2,39,D,UNVERIFIED_PUBLISH_PATH,10,2450749,v0.2.0
chance,1.1.13,25,F,UNVERIFIED_PUBLISH_PATH|SINGLE_MAINTAINER,1,2438443,v0.2.0
rc-dropdown,4.2.1,33,F,UNVERIFIED_PUBLISH_PATH|DORMANT,6,2436649,v0.2.0
rc-progress,4.0.0,33,F,UNVERIFIED_PUBLISH_PATH|DORMANT,7,2435641,v0.2.0
openclaw,2026.7.1-2,47,D,UNVERIFIED_PUBLISH_PATH,2,2431173,v0.2.0
'@algolia/autocomplete-shared,1.19.9,29,F,UNVERIFIED_PUBLISH_PATH|PUBLISHER_NOT_MAINTAINER,14,2419290,v0.2.0
io-ts,2.2.22,19,F,UNVERIFIED_PUBLISH_PATH|DORMANT|SINGLE_MAINTAINER,1,2414298,v0.2.0
'@algolia/autocomplete-core,1.19.9,29,F,UNVERIFIED_PUBLISH_PATH|PUBLISHER_NOT_MAINTAINER,14,2407110,v0.2.0
rc-tabs,15.7.0,39,D,UNVERIFIED_PUBLISH_PATH,7,2402755,v0.2.0
oidc-client-ts,3.5.0,87,A,,2,2393540,v0.2.0
rc-image,7.12.0,39,D,UNVERIFIED_PUBLISH_PATH,5,2390034,v0.2.0
rc-pagination,5.1.0,39,D,UNVERIFIED_PUBLISH_PATH,10,2387075,v0.2.0
detect-browser,5.3.0,33,F,UNVERIFIED_PUBLISH_PATH|DORMANT,3,2378500,v0.2.0
rc-picker,4.11.3,39,D,UNVERIFIED_PUBLISH_PATH,6,2376723,v0.2.0
rc-table,7.55.1,39,D,UNVERIFIED_PUBLISH_PATH,9,2376293,v0.2.0
splaytree,3.2.3,63,C,SINGLE_MAINTAINER,1,2367713,v0.2.0
'@radix-ui/colors,3.0.0,24,F,UNVERIFIED_PUBLISH_PATH|DORMANT|PUBLISHER_NOT_MAINTAINER,4,2367317,v0.2.0
'@angular/material,22.0.5,45,D,UNVERIFIED_PUBLISH_PATH,2,2362978,v0.2.0
rc-input,1.8.0,39,D,UNVERIFIED_PUBLISH_PATH,3,2362033,v0.2.0
rc-field-form,2.7.1,39,D,UNVERIFIED_PUBLISH_PATH,5,2357930,v0.2.0
rc-tree-select,5.27.0,33,F,UNVERIFIED_PUBLISH_PATH|DORMANT,7,2346419,v0.2.0
jssha,3.3.2,31,F,UNVERIFIED_PUBLISH_PATH|SINGLE_MAINTAINER,1,2344267,v0.2.0
'@algolia/autocomplete-plugin-algolia-insights,1.19.9,29,F,UNVERIFIED_PUBLISH_PATH|PUBLISHER_NOT_MAINTAINER,14,2338009,v0.2.0
rc-cascader,3.34.0,39,D,UNVERIFIED_PUBLISH_PATH,5,2337806,v0.2.0
rc-drawer,7.3.0,39,D,UNVERIFIED_PUBLISH_PATH,5,2329725,v0.2.0
mixpanel-browser,2.81.0,39,D,UNVERIFIED_PUBLISH_PATH|BRANCH_REQUIRES_PR,10,2322562,v0.2.0
style-value-types,5.1.2,14,F,UNVERIFIED_PUBLISH_PATH|DORMANT|SINGLE_MAINTAINER,1,2322353,v0.2.0
react-phone-number-input,3.4.17,21,F,UNVERIFIED_PUBLISH_PATH|SINGLE_MAINTAINER,1,2320981,v0.2.0
'@turf/area,7.3.5,87,A,,8,2318259,v0.2.0
'@phosphor-icons/react,2.1.10,20,F,UNVERIFIED_PUBLISH_PATH|SINGLE_MAINTAINER,1,2315259,v0.2.0
popmotion,11.0.5,14,F,UNVERIFIED_PUBLISH_PATH|DORMANT|SINGLE_MAINTAINER,1,2300817,v0.2.0
highcharts,13.0.0,45,D,UNVERIFIED_PUBLISH_PATH,10,2294315,v0.2.0
rc-mentions,2.20.0,39,D,UNVERIFIED_PUBLISH_PATH,3,2293914,v0.2.0
'@xterm/addon-fit,0.11.0,25,F,UNVERIFIED_PUBLISH_PATH|SINGLE_MAINTAINER,1,2291238,v0.2.0
rc-checkbox,3.5.0,33,F,UNVERIFIED_PUBLISH_PATH|DORMANT,5,2287094,v0.2.0
rc-notification,5.6.4,39,D,UNVERIFIED_PUBLISH_PATH,8,2285015,v0.2.0
mobx-react,9.2.2,93,A,,4,2279359,v0.2.0
rc-upload,4.11.0,39,D,UNVERIFIED_PUBLISH_PATH,6,2274234,v0.2.0
mqtt,5.15.2,87,A,,4,2274089,v0.2.0
'@statsig/js-client,3.33.3,77,B,INCONSISTENT_PUBLISH_PATH,2,2270593,v0.2.0
'@mantine/hooks,9.4.1,25,F,UNVERIFIED_PUBLISH_PATH|SINGLE_MAINTAINER,1,2243695,v0.2.0
rc-steps,6.0.1,33,F,UNVERIFIED_PUBLISH_PATH|DORMANT,10,2241608,v0.2.0
rc-rate,2.13.1,39,D,UNVERIFIED_PUBLISH_PATH,8,2238522,v0.2.0
rc-switch,4.1.0,33,F,UNVERIFIED_PUBLISH_PATH|DORMANT,7,2233018,v0.2.0
mux-embed,5.18.1,35,D,UNVERIFIED_PUBLISH_PATH,4,2232804,v0.2.0
'@tanstack/query-persist-client-core,5.101.2,89,A,,3,2231953,v0.2.0
temporal-polyfill,1.0.1,20,F,UNVERIFIED_PUBLISH_PATH|SINGLE_MAINTAINER,1,2228963,v0.2.0
universal-cookie,8.1.2,63,C,INCONSISTENT_PUBLISH_PATH|SINGLE_MAINTAINER,1,2221977,v0.2.0
'@petamoriken/float16,3.9.3,70,B,SINGLE_MAINTAINER,1,2219681,v0.2.0
point-in-polygon,1.1.0,14,F,UNVERIFIED_PUBLISH_PATH|DORMANT|SINGLE_MAINTAINER|PUBLISHER_NOT_MAINTAINER,1,2217330,v0.2.0
rc-textarea,1.10.2,39,D,UNVERIFIED_PUBLISH_PATH,4,2215397,v0.2.0
livekit-client,2.20.1,65,C,INCONSISTENT_PUBLISH_PATH|SINGLE_MAINTAINER|BRANCH_REQUIRES_PR,1,2214604,v0.2.0
wasm-feature-detect,1.8.0,40,D,UNVERIFIED_PUBLISH_PATH|DORMANT,3,2211806,v0.2.0
rrule,2.8.1,28,F,UNVERIFIED_PUBLISH_PATH|DORMANT,2,2209727,v0.2.0
'@turf/centroid,7.3.5,87,A,,8,2208473,v0.2.0
lowdb,7.0.1,19,F,UNVERIFIED_PUBLISH_PATH|DORMANT|SINGLE_MAINTAINER,1,2208113,v0.2.0
chrono-node,2.10.0,25,F,UNVERIFIED_PUBLISH_PATH|SINGLE_MAINTAINER,1,2189369,v0.2.0
blueimp-md5,2.19.0,19,F,UNVERIFIED_PUBLISH_PATH|DORMANT|SINGLE_MAINTAINER,1,2182581,v0.2.0
'@auth0/auth0-spa-js,2.23.0,94,A,,21,2177882,v0.2.0
react-onclickoutside,6.13.2,39,D,UNVERIFIED_PUBLISH_PATH,2,2165945,v0.2.0
player.style,0.3.4,73,B,SINGLE_MAINTAINER,1,2157770,v0.2.0
rrweb-snapshot,2.1.0,83,B,INCONSISTENT_PUBLISH_PATH,2,2153581,v0.2.0
rrweb,2.1.0,83,B,INCONSISTENT_PUBLISH_PATH|BRANCH_REQUIRES_PR,2,2147488,v0.2.0
signature_pad,5.1.3,39,D,UNVERIFIED_PUBLISH_PATH,2,2129507,v0.2.0
'@simplewebauthn/server,13.3.2,73,B,SINGLE_MAINTAINER,1,2126683,v0.2.0
rc-segmented,2.7.1,39,D,UNVERIFIED_PUBLISH_PATH,3,2126121,v0.2.0
text-encoding,0.7.0,19,F,UNVERIFIED_PUBLISH_PATH|DORMANT|SINGLE_MAINTAINER|DEPRECATED,1,2089059,v0.2.0
'@fontsource-variable/inter,5.2.8,71,B,,2,2087939,v0.2.0
'@statsig/client-core,3.33.3,77,B,INCONSISTENT_PUBLISH_PATH,2,2079477,v0.2.0
'@rolldown/plugin-babel,0.2.3,72,B,INCONSISTENT_PUBLISH_PATH,4,2073259,v0.2.0
'@turf/bearing,7.3.5,87,A,,8,2070058,v0.2.0
zlibjs,0.3.1,19,F,UNVERIFIED_PUBLISH_PATH|DORMANT|SINGLE_MAINTAINER,1,2066499,v0.2.0
'@fortawesome/fontawesome-free,7.3.1,34,F,UNVERIFIED_PUBLISH_PATH,8,2058795,v0.2.0
'@fullcalendar/core,6.1.21,20,F,UNVERIFIED_PUBLISH_PATH|SINGLE_MAINTAINER,1,2057276,v0.2.0
numeral,2.0.6,19,F,UNVERIFIED_PUBLISH_PATH|DORMANT|SINGLE_MAINTAINER,1,2053841,v0.2.0
'@motionone/types,10.17.1,29,F,UNVERIFIED_PUBLISH_PATH|DORMANT,2,2051594,v0.2.0
'@motionone/utils,10.18.0,29,F,UNVERIFIED_PUBLISH_PATH|DORMANT,2,2051457,v0.2.0
'@motionone/dom,10.18.0,29,F,UNVERIFIED_PUBLISH_PATH|DORMANT,2,2050950,v0.2.0
'@fullcalendar/daygrid,6.1.21,20,F,UNVERIFIED_PUBLISH_PATH|SINGLE_MAINTAINER,1,2047767,v0.2.0
react-beautiful-dnd,13.1.1,33,F,UNVERIFIED_PUBLISH_PATH|DORMANT|DEPRECATED,2,2045401,v0.2.0
'@azure/keyvault-secrets,4.11.2,47,D,UNVERIFIED_PUBLISH_PATH,3,2043264,v0.2.0
'@motionone/generators,10.18.0,29,F,UNVERIFIED_PUBLISH_PATH|DORMANT,2,2041152,v0.2.0
'@motionone/animation,10.18.0,29,F,UNVERIFIED_PUBLISH_PATH|DORMANT,2,2040935,v0.2.0
'@amplitude/analytics-browser,2.45.2,89,A,,6,2037651,v0.2.0
react-player,3.4.0,57,C,SINGLE_MAINTAINER,1,2037394,v0.2.0
i18n-iso-countries,7.14.0,39,D,UNVERIFIED_PUBLISH_PATH,2,2034406,v0.2.0
'@motionone/easing,10.18.0,29,F,UNVERIFIED_PUBLISH_PATH|DORMANT,2,2032881,v0.2.0
make-plural,8.1.0,31,F,UNVERIFIED_PUBLISH_PATH|SINGLE_MAINTAINER,1,2022976,v0.2.0
markdown-it-task-lists,2.1.1,19,F,UNVERIFIED_PUBLISH_PATH|DORMANT|SINGLE_MAINTAINER,1,2020921,v0.2.0
string-similarity,4.0.4,19,F,UNVERIFIED_PUBLISH_PATH|DORMANT|SINGLE_MAINTAINER|DEPRECATED,1,2012933,v0.2.0
'@turf/boolean-clockwise,7.3.5,87,A,,8,2011511,v0.2.0
'@reactflow/core,11.11.4,20,F,UNVERIFIED_PUBLISH_PATH|DORMANT|SINGLE_MAINTAINER,1,2008839,v0.2.0
emoji-mart,5.6.0,33,F,UNVERIFIED_PUBLISH_PATH|DORMANT,2,2005556,v0.2.0
reactflow,11.11.4,20,F,UNVERIFIED_PUBLISH_PATH|DORMANT|SINGLE_MAINTAINER,1,2000411,v0.2.0
stream,0.0.3,25,F,UNVERIFIED_PUBLISH_PATH|DORMANT|SINGLE_MAINTAINER,1,1989969,v0.2.0
pusher-js,8.5.0,39,D,UNVERIFIED_PUBLISH_PATH,2,1989210,v0.2.0
pdfmake,0.3.11,77,B,INCONSISTENT_PUBLISH_PATH,4,1982235,v0.2.0
ag-grid-react,36.0.1,93,A,,4,1978150,v0.2.0
'@mantine/core,9.4.1,25,F,UNVERIFIED_PUBLISH_PATH|SINGLE_MAINTAINER,1,1977948,v0.2.0
konva,10.3.0,25,F,UNVERIFIED_PUBLISH_PATH|SINGLE_MAINTAINER,1,1977482,v0.2.0
'@turf/line-intersect,7.3.5,87,A,,8,1977201,v0.2.0
'@amplitude/plugin-page-view-tracking-browser,2.11.9,89,A,,6,1975363,v0.2.0
figlet,1.11.2,25,F,UNVERIFIED_PUBLISH_PATH|SINGLE_MAINTAINER,1,1959524,v0.2.0
perfect-scrollbar,1.5.6,33,F,UNVERIFIED_PUBLISH_PATH|DORMANT,17,1959276,v0.2.0
d3-geo-projection,4.0.0,33,F,UNVERIFIED_PUBLISH_PATH|DORMANT,2,1954513,v0.2.0
'@turf/destination,7.3.5,87,A,,8,1950826,v0.2.0
'@turf/projection,7.3.5,87,A,,8,1948952,v0.2.0
cloudflare,7.0.0,93,A,,4,1932887,v0.2.0
'@microsoft/microsoft-graph-client,3.0.7,35,D,UNVERIFIED_PUBLISH_PATH|DORMANT|BRANCH_REQUIRES_PR,4,1931173,v0.2.0
async-validator,4.2.5,33,F,UNVERIFIED_PUBLISH_PATH|DORMANT,2,1924828,v0.2.0
clipboard,2.0.11,33,F,UNVERIFIED_PUBLISH_PATH|DORMANT,3,1924469,v0.2.0
sqids,0.3.0,33,F,UNVERIFIED_PUBLISH_PATH|DORMANT,2,1919703,v0.2.0
'@solana/web3.js,1.98.4,41,D,UNVERIFIED_PUBLISH_PATH|SINGLE_MAINTAINER,1,1902105,v0.2.0
rx,4.1.0,33,F,UNVERIFIED_PUBLISH_PATH|DORMANT,2,1884978,v0.2.0
firebase-functions,7.3.0,46,D,UNVERIFIED_PUBLISH_PATH,4,1883686,v0.2.0
'@docsearch/css,4.6.3,46,D,UNVERIFIED_PUBLISH_PATH,5,1882227,v0.2.0
tesseract.js,7.0.0,39,D,UNVERIFIED_PUBLISH_PATH,4,1877048,v0.2.0
custom-media-element,1.4.6,81,B,,2,1873616,v0.2.0
search-insights,2.17.3,40,D,UNVERIFIED_PUBLISH_PATH|DORMANT,12,1863097,v0.2.0
partysocket,1.3.0,73,B,SINGLE_MAINTAINER,1,1861530,v0.2.0
es6-object-assign,1.1.0,19,F,UNVERIFIED_PUBLISH_PATH|DORMANT|SINGLE_MAINTAINER,1,1858358,v0.2.0
'@atlaskit/tokens,16.0.0,16,F,UNVERIFIED_PUBLISH_PATH|SINGLE_MAINTAINER,1,1856868,v0.2.0
tesseract.js-core,6.1.2,39,D,UNVERIFIED_PUBLISH_PATH,4,1852545,v0.2.0
point-in-polygon-hao,1.2.4,19,F,UNVERIFIED_PUBLISH_PATH|DORMANT|SINGLE_MAINTAINER,1,1850169,v0.2.0
algoliasearch-helper,3.29.2,39,D,UNVERIFIED_PUBLISH_PATH,12,1842927,v0.2.0
dexie,4.4.4,78,B,INCONSISTENT_PUBLISH_PATH,2,1838558,v0.2.0
apexcharts,6.0.0,77,B,INCONSISTENT_PUBLISH_PATH,2,1831312,v0.2.0
yamljs,0.3.0,19,F,UNVERIFIED_PUBLISH_PATH|DORMANT|SINGLE_MAINTAINER,1,1830976,v0.2.0
'@resvg/resvg-wasm,2.6.2,33,F,UNVERIFIED_PUBLISH_PATH|DORMANT,3,1830577,v0.2.0
'@microsoft/applicationinsights-core-js,3.4.3,47,D,UNVERIFIED_PUBLISH_PATH,3,1830112,v0.2.0
'@amplitude/plugin-autocapture-browser,1.28.7,89,A,,6,1827276,v0.2.0
'@turf/nearest-point-on-line,7.3.5,87,A,,8,1822166,v0.2.0
'@pierre/diffs,1.2.12,30,F,UNVERIFIED_PUBLISH_PATH,6,1813148,v0.2.0
sql.js,1.14.1,39,D,UNVERIFIED_PUBLISH_PATH,2,1808121,v0.2.0
json2csv,6.0.0-alpha.2,33,F,UNVERIFIED_PUBLISH_PATH|DORMANT,4,1804460,v0.2.0
'@amplitude/experiment-core,0.13.3,87,A,,6,1803878,v0.2.0
'@fullcalendar/interaction,6.1.21,20,F,UNVERIFIED_PUBLISH_PATH|SINGLE_MAINTAINER,1,1796931,v0.2.0
'@segment/analytics-next,1.84.0,46,D,UNVERIFIED_PUBLISH_PATH|BRANCH_REQUIRES_PR,3,1782482,v0.2.0
perfect-freehand,1.2.3,25,F,UNVERIFIED_PUBLISH_PATH|SINGLE_MAINTAINER,1,1779667,v0.2.0
hammerjs,2.0.8,33,F,UNVERIFIED_PUBLISH_PATH|DORMANT,2,1771152,v0.2.0
'@mux/playback-core,0.35.0,88,A,,4,1769850,v0.2.0
media-tracks,0.3.5,81,B,,2,1747792,v0.2.0
liquidjs,10.27.2,79,B,SINGLE_MAINTAINER,1,1747083,v0.2.0
'@turf/line-segment,7.3.5,87,A,,8,1745251,v0.2.0
'@emoji-mart/data,1.2.1,19,F,UNVERIFIED_PUBLISH_PATH|DORMANT|SINGLE_MAINTAINER,1,1745008,v0.2.0
bezier-easing,3.0.1,25,F,UNVERIFIED_PUBLISH_PATH|SINGLE_MAINTAINER,1,1742091,v0.2.0
'@capacitor/app,8.1.1,69,C,REPO_LINKAGE_MISMATCH,18,1741397,v0.2.0
'@aws-amplify/core,6.16.4,46,D,UNVERIFIED_PUBLISH_PATH,6,1737727,v0.2.0
'@babel/polyfill,7.12.1,34,F,UNVERIFIED_PUBLISH_PATH|DORMANT|DEPRECATED,4,1735220,v0.2.0
'@jimp/js-png,1.6.1,39,D,UNVERIFIED_PUBLISH_PATH,2,1723680,v0.2.0
react-table,7.8.0,21,F,UNVERIFIED_PUBLISH_PATH|DORMANT|SINGLE_MAINTAINER,1,1721406,v0.2.0
'@turf/rewind,7.3.5,87,A,,8,1718284,v0.2.0
'@pierre/theme,1.1.0,34,F,UNVERIFIED_PUBLISH_PATH,6,1717806,v0.2.0
autolinker,4.1.5,39,D,UNVERIFIED_PUBLISH_PATH,2,1716045,v0.2.0
selenium-webdriver,4.46.0,39,D,UNVERIFIED_PUBLISH_PATH,6,1714788,v0.2.0
'@mux/mux-video,0.31.0,88,A,,4,1714693,v0.2.0
on-change,6.0.2,25,F,UNVERIFIED_PUBLISH_PATH|SINGLE_MAINTAINER,1,1706045,v0.2.0
'@libsql/core,0.17.4,73,B,SINGLE_MAINTAINER,1,1704057,v0.2.0
'@turf/boolean-point-on-line,7.3.5,87,A,,8,1701388,v0.2.0
google-libphonenumber,3.2.44,25,F,UNVERIFIED_PUBLISH_PATH|SINGLE_MAINTAINER,1,1700679,v0.2.0
simple-xml-to-json,1.2.7,25,F,UNVERIFIED_PUBLISH_PATH|SINGLE_MAINTAINER,1,1696131,v0.2.0
jsqr,1.4.0,33,F,UNVERIFIED_PUBLISH_PATH|DORMANT,2,1695952,v0.2.0
react-virtualized,9.22.6,33,F,UNVERIFIED_PUBLISH_PATH|DORMANT,3,1695575,v0.2.0
castable-video,1.1.16,81,B,,4,1693286,v0.2.0
'@algolia/events,4.0.1,33,F,UNVERIFIED_PUBLISH_PATH|DORMANT,9,1688924,v0.2.0
chai-as-promised,8.0.2,71,B,,2,1684845,v0.2.0
'@rails/actioncable,8.1.300,94,A,,8,1684316,v0.2.0
nitropack,2.13.4,32,F,UNVERIFIED_PUBLISH_PATH|SINGLE_MAINTAINER,1,1682426,v0.2.0
'@mux/mux-player,3.13.0,88,A,,4,1680148,v0.2.0
qrcode-generator,2.0.4,25,F,UNVERIFIED_PUBLISH_PATH|SINGLE_MAINTAINER,1,1675424,v0.2.0
otpauth,9.5.1,79,B,SINGLE_MAINTAINER,1,1670854,v0.2.0
'@libsql/client,0.17.4,73,B,SINGLE_MAINTAINER,1,1668849,v0.2.0
'@libsql/hrana-client,0.10.0,25,F,UNVERIFIED_PUBLISH_PATH|SINGLE_MAINTAINER,1,1668579,v0.2.0
'@aws-amplify/auth,6.20.0,46,D,UNVERIFIED_PUBLISH_PATH,6,1660679,v0.2.0
'@amplitude/analytics-client-common,2.4.56,89,A,,6,1659563,v0.2.0
ts-custom-error,3.3.1,25,F,UNVERIFIED_PUBLISH_PATH|DORMANT|SINGLE_MAINTAINER,1,1657465,v0.2.0
'@ethersproject/providers,5.8.0,31,F,UNVERIFIED_PUBLISH_PATH|SINGLE_MAINTAINER,1,1657018,v0.2.0
'@microsoft/dynamicproto-js,2.0.5,40,D,UNVERIFIED_PUBLISH_PATH,4,1655798,v0.2.0
redux-persist,6.0.0,33,F,UNVERIFIED_PUBLISH_PATH|DORMANT,2,1651060,v0.2.0
'@turf/rhumb-bearing,7.3.5,87,A,,8,1646232,v0.2.0
'@fullcalendar/timegrid,6.1.21,20,F,UNVERIFIED_PUBLISH_PATH|SINGLE_MAINTAINER,1,1645685,v0.2.0
flatpickr,4.6.13,33,F,UNVERIFIED_PUBLISH_PATH|DORMANT,2,1643116,v0.2.0
minisearch,7.2.0,20,F,UNVERIFIED_PUBLISH_PATH|SINGLE_MAINTAINER,1,1638459,v0.2.0
'@turf/point-to-line-distance,7.3.5,87,A,,8,1637247,v0.2.0
'@turf/rhumb-distance,7.3.5,87,A,,8,1636267,v0.2.0
'@microsoft/applicationinsights-shims,3.0.1,41,D,UNVERIFIED_PUBLISH_PATH|DORMANT,4,1632430,v0.2.0
'@turf/polygon-to-line,7.3.5,87,A,,8,1629105,v0.2.0
babel-polyfill,6.26.0,34,F,UNVERIFIED_PUBLISH_PATH|DORMANT,3,1627783,v0.2.0
'@turf/length,7.3.5,87,A,,8,1622836,v0.2.0
'@preact/signals,2.9.4,89,A,,6,1612292,v0.2.0
'@chakra-ui/react,3.36.0,40,D,UNVERIFIED_PUBLISH_PATH,2,1612231,v0.2.0
event-source-polyfill,1.0.31,33,F,UNVERIFIED_PUBLISH_PATH|DORMANT,2,1603620,v0.2.0
readline,1.3.0,33,F,UNVERIFIED_PUBLISH_PATH|DORMANT,2,1603199,v0.2.0
event-target-polyfill,0.0.4,19,F,UNVERIFIED_PUBLISH_PATH|DORMANT|SINGLE_MAINTAINER,1,1592986,v0.2.0
'@amplitude/plugin-network-capture-browser,1.10.9,79,B,INCONSISTENT_PUBLISH_PATH,6,1587321,v0.2.0
react-query,3.39.3,40,D,UNVERIFIED_PUBLISH_PATH|DORMANT|BRANCH_REQUIRES_PR,2,1582145,v0.2.0
nuxt,4.4.8,81,B,SINGLE_MAINTAINER,1,1577920,v0.2.0
geist,1.7.2,72,B,INCONSISTENT_PUBLISH_PATH|BRANCH_REQUIRES_SIGNATURES|BRANCH_REQUIRES_PR,2,1573715,v0.2.0
aws-amplify,6.18.0,46,D,UNVERIFIED_PUBLISH_PATH,6,1571792,v0.2.0
'@huggingface/transformers,4.2.0,34,F,UNVERIFIED_PUBLISH_PATH,5,1569687,v0.2.0
'@turf/circle,7.3.5,87,A,,8,1569123,v0.2.0
react-loading-skeleton,3.5.0,19,F,UNVERIFIED_PUBLISH_PATH|DORMANT|SINGLE_MAINTAINER,1,1566960,v0.2.0
'@solid-primitives/utils,6.4.1,40,D,UNVERIFIED_PUBLISH_PATH,3,1563930,v0.2.0
unorm,1.6.0,19,F,UNVERIFIED_PUBLISH_PATH|DORMANT|SINGLE_MAINTAINER,1,1561481,v0.2.0
'@turf/center,7.3.5,87,A,,8,1561310,v0.2.0
'@rc-component/util,1.12.0,39,D,UNVERIFIED_PUBLISH_PATH,5,1556520,v0.2.0
'@js-temporal/polyfill,0.5.1,39,D,UNVERIFIED_PUBLISH_PATH,3,1551951,v0.2.0
martinez-polygon-clipping,0.8.1,63,C,SINGLE_MAINTAINER,1,1540025,v0.2.0
vuex,4.1.0,28,F,UNVERIFIED_PUBLISH_PATH|DORMANT,4,1523195,v0.2.0
rc-trigger,5.3.4,33,F,UNVERIFIED_PUBLISH_PATH|DORMANT,5,1521533,v0.2.0
'@turf/bbox-polygon,7.3.5,87,A,,8,1519770,v0.2.0
body-scroll-lock,4.0.0-beta.0,14,F,UNVERIFIED_PUBLISH_PATH|DORMANT|SINGLE_MAINTAINER,1,1511472,v0.2.0
'@amplitude/plugin-web-vitals-browser,1.1.41,89,A,,6,1505978,v0.2.0
opentype.js,2.0.0,87,A,,2,1504792,v0.2.0
'@turf/union,7.3.5,87,A,,8,1491014,v0.2.0
modern-screenshot,4.7.0,63,C,INCONSISTENT_PUBLISH_PATH|SINGLE_MAINTAINER,1,1489390,v0.2.0
ndarray,1.0.19,33,F,UNVERIFIED_PUBLISH_PATH|DORMANT,5,1485087,v0.2.0
ag-charts-community,14.0.1,86,A,SINGLE_MAINTAINER,1,1483033,v0.2.0
iota-array,1.0.0,19,F,UNVERIFIED_PUBLISH_PATH|DORMANT|SINGLE_MAINTAINER,1,1482973,v0.2.0
isomorphic-git,1.38.7,39,D,UNVERIFIED_PUBLISH_PATH,3,1480617,v0.2.0
'@turf/intersect,7.3.5,87,A,,8,1479062,v0.2.0
'@turf/along,7.3.5,87,A,,8,1478170,v0.2.0
'@pulumi/aws,7.37.0,39,D,UNVERIFIED_PUBLISH_PATH,2,1477789,v0.2.0
cropperjs,2.1.1,73,B,SINGLE_MAINTAINER,1,1476623,v0.2.0
'@amplitude/rrweb-types,2.1.2,82,B,,6,1463371,v0.2.0
'@rsbuild/core,2.1.6,88,A,,2,1462006,v0.2.0
react-bootstrap,2.10.10,39,D,UNVERIFIED_PUBLISH_PATH,3,1459473,v0.2.0
'@turf/clean-coords,7.3.5,87,A,,8,1458961,v0.2.0
'@microsoft/applicationinsights-channel-js,3.4.3,47,D,UNVERIFIED_PUBLISH_PATH,3,1453666,v0.2.0
'@turf/boolean-disjoint,7.3.5,87,A,,8,1446616,v0.2.0
'@fingerprintjs/fingerprintjs,5.2.0,87,A,BRANCH_REQUIRES_PR,2,1442585,v0.2.0
jsonata,2.2.2,69,C,INCONSISTENT_PUBLISH_PATH|SINGLE_MAINTAINER,1,1435615,v0.2.0
normalize.css,8.0.1,19,F,UNVERIFIED_PUBLISH_PATH|DORMANT|SINGLE_MAINTAINER,1,1435324,v0.2.0
ml-matrix,6.14.0,39,D,UNVERIFIED_PUBLISH_PATH,7,1430100,v0.2.0
tldjs,2.3.2,25,F,UNVERIFIED_PUBLISH_PATH|SINGLE_MAINTAINER,1,1426171,v0.2.0
'@base-org/account,2.5.7,94,A,,4,1420864,v0.2.0
canvaskit-wasm,0.41.1,35,D,UNVERIFIED_PUBLISH_PATH,9,1404684,v0.2.0
imask,7.6.1,19,F,UNVERIFIED_PUBLISH_PATH|DORMANT|SINGLE_MAINTAINER,1,1402912,v0.2.0
'@turf/boolean-contains,7.3.5,87,A,,8,1401810,v0.2.0
'@openai/agents-core,0.13.5,88,A,,17,1398281,v0.2.0
'@microsoft/signalr,10.0.0,47,D,UNVERIFIED_PUBLISH_PATH|BRANCH_REQUIRES_PR,4,1396801,v0.2.0
'@turf/buffer,7.3.5,87,A,,8,1394614,v0.2.0
credit-card-type,10.3.0,38,D,UNVERIFIED_PUBLISH_PATH|SINGLE_MAINTAINER,1,1390121,v0.2.0
lucide-react-native,1.25.0,68,C,SINGLE_MAINTAINER,1,1389638,v0.2.0
slug,11.0.1,25,F,UNVERIFIED_PUBLISH_PATH|SINGLE_MAINTAINER,1,1389033,v0.2.0
xmldom,0.6.0,34,F,UNVERIFIED_PUBLISH_PATH|DORMANT|PUBLISHER_NOT_MAINTAINER,2,1381719,v0.2.0
'@turf/kinks,7.3.5,87,A,,8,1381224,v0.2.0
'@turf/truncate,7.3.5,87,A,,8,1376502,v0.2.0
graphology,0.26.0,25,F,UNVERIFIED_PUBLISH_PATH|SINGLE_MAINTAINER,1,1371187,v0.2.0
'@lottiefiles/dotlottie-web,0.78.0,89,A,,2,1355371,v0.2.0
exifr,7.1.3,19,F,UNVERIFIED_PUBLISH_PATH|DORMANT|SINGLE_MAINTAINER,1,1354962,v0.2.0
'@turf/difference,7.3.5,87,A,,8,1353124,v0.2.0
'@reown/appkit-ui,1.8.22,76,B,,2,1349221,v0.2.0
'@ckeditor/ckeditor5-core,48.3.1,38,D,UNVERIFIED_PUBLISH_PATH|SINGLE_MAINTAINER,1,1347066,v0.2.0
'@ckeditor/ckeditor5-engine,48.3.1,38,D,UNVERIFIED_PUBLISH_PATH|SINGLE_MAINTAINER,1,1346718,v0.2.0
'@ckeditor/ckeditor5-utils,48.3.1,38,D,UNVERIFIED_PUBLISH_PATH|SINGLE_MAINTAINER,1,1346651,v0.2.0
'@turf/line-split,7.3.5,87,A,,8,1346089,v0.2.0
'@amplitude/plugin-page-url-enrichment-browser,0.7.19,89,A,,6,1343962,v0.2.0
'@turf/boolean-within,7.3.5,87,A,,8,1343490,v0.2.0
'@reown/appkit-scaffold-ui,1.8.22,76,B,,2,1342972,v0.2.0
ag-grid-enterprise,36.0.1,93,A,BRANCH_REQUIRES_PR,4,1342702,v0.2.0
'@types/gensync,1.0.5,33,F,UNVERIFIED_PUBLISH_PATH|SINGLE_MAINTAINER,1,1331760,v0.2.0
'@turf/simplify,7.3.5,87,A,,8,1322413,v0.2.0
'@effect/platform,0.97.0,82,B,,3,1321484,v0.2.0
concaveman,2.0.0,46,D,UNVERIFIED_PUBLISH_PATH,28,1311170,v0.2.0
'@turf/rhumb-destination,7.3.5,87,A,,8,1311054,v0.2.0
vuedraggable,2.24.3,19,F,UNVERIFIED_PUBLISH_PATH|DORMANT|SINGLE_MAINTAINER,1,1306003,v0.2.0
redoc,2.5.3,80,B,SINGLE_MAINTAINER,1,1305305,v0.2.0
'@vercel/og,0.11.1,35,D,UNVERIFIED_PUBLISH_PATH,4,1300577,v0.2.0
'@turf/convex,7.3.5,87,A,,8,1298909,v0.2.0
'@ckeditor/ckeditor5-ui,48.3.1,38,D,UNVERIFIED_PUBLISH_PATH|SINGLE_MAINTAINER,1,1298122,v0.2.0
short-unique-id,5.3.2,25,F,UNVERIFIED_PUBLISH_PATH|SINGLE_MAINTAINER,1,1295853,v0.2.0
'@turf/nearest-point-to-line,7.3.5,87,A,,8,1294867,v0.2.0
ace-builds,1.44.0,87,A,,3,1293725,v0.2.0
'@sentry/vue,10.66.0,27,F,UNVERIFIED_PUBLISH_PATH|SINGLE_MAINTAINER|BRANCH_REQUIRES_PR,1,1290070,v0.2.0
react-responsive,10.0.1,39,D,UNVERIFIED_PUBLISH_PATH,2,1285358,v0.2.0
'@nevware21/ts-utils,0.15.0,47,D,UNVERIFIED_PUBLISH_PATH,2,1285076,v0.2.0
'@turf/boolean-equal,7.3.5,87,A,,8,1284419,v0.2.0
'@inversifyjs/core,14.0.0,27,F,UNVERIFIED_PUBLISH_PATH|SINGLE_MAINTAINER,1,1282856,v0.2.0
es6-shim,0.35.8,33,F,UNVERIFIED_PUBLISH_PATH|DORMANT,2,1281528,v0.2.0
'@stencil/core,4.43.5,84,B,INCONSISTENT_PUBLISH_PATH,6,1271882,v0.2.0
hotkeys-js,4.0.4,73,B,SINGLE_MAINTAINER,1,1270735,v0.2.0
htm,3.1.1,19,F,UNVERIFIED_PUBLISH_PATH|DORMANT|SINGLE_MAINTAINER,1,1270640,v0.2.0
'@turf/transform-translate,7.3.5,87,A,,8,1268487,v0.2.0
'@turf/center-of-mass,7.3.5,87,A,,8,1264805,v0.2.0
contentful,11.12.7,80,B,SINGLE_MAINTAINER|BRANCH_REQUIRES_PR,1,1257528,v0.2.0
date-now,1.0.1,19,F,UNVERIFIED_PUBLISH_PATH|DORMANT|SINGLE_MAINTAINER,1,1256604,v0.2.0
chartjs-plugin-datalabels,2.2.0,33,F,UNVERIFIED_PUBLISH_PATH|DORMANT,2,1253683,v0.2.0
'@turf/transform-rotate,7.3.5,87,A,,8,1249965,v0.2.0
'@turf/flatten,7.3.5,87,A,,8,1249744,v0.2.0
'@chakra-ui/utils,2.2.2,34,F,UNVERIFIED_PUBLISH_PATH|DORMANT,2,1249274,v0.2.0
'@microsoft/applicationinsights-common,3.4.3,47,D,UNVERIFIED_PUBLISH_PATH,3,1248859,v0.2.0
showdown,2.1.0,39,D,UNVERIFIED_PUBLISH_PATH|DORMANT,2,1246610,v0.2.0
'@turf/bbox-clip,7.3.5,87,A,,8,1245805,v0.2.0
'@turf/midpoint,7.3.5,87,A,,8,1241393,v0.2.0
'@videojs/vhs-utils,4.1.2,39,D,UNVERIFIED_PUBLISH_PATH,17,1240973,v0.2.0
'@primeuix/utils,0.8.0,30,F,UNVERIFIED_PUBLISH_PATH,2,1239907,v0.2.0
'@hubspot/api-client,14.0.1,39,D,UNVERIFIED_PUBLISH_PATH,47,1239067,v0.2.0
'@turf/transform-scale,7.3.5,87,A,,8,1235310,v0.2.0
'@nevware21/ts-async,0.6.1,47,D,UNVERIFIED_PUBLISH_PATH,2,1234177,v0.2.0
'@turf/nearest-point,7.3.5,87,A,,8,1232955,v0.2.0
'@turf/points-within-polygon,7.3.5,87,A,,8,1232191,v0.2.0
'@turf/ellipse,7.3.5,87,A,,8,1229525,v0.2.0
'@turf/line-overlap,7.3.5,87,A,,8,1227216,v0.2.0
'@turf/combine,7.3.5,87,A,,8,1224634,v0.2.0
'@turf/boolean-overlap,7.3.5,87,A,,8,1224388,v0.2.0
'@xterm/addon-web-links,0.12.0,25,F,UNVERIFIED_PUBLISH_PATH|SINGLE_MAINTAINER,1,1224149,v0.2.0
'@turf/explode,7.3.5,87,A,,8,1222158,v0.2.0
globalize,1.7.1,45,D,UNVERIFIED_PUBLISH_PATH,3,1220679,v0.2.0
remotion,4.0.490,20,F,UNVERIFIED_PUBLISH_PATH|SINGLE_MAINTAINER,1,1217818,v0.2.0
jsbarcode,3.12.3,25,F,UNVERIFIED_PUBLISH_PATH|SINGLE_MAINTAINER,1,1217642,v0.2.0
'@zxing/library,0.23.0,82,B,,2,1216370,v0.2.0
'@fontsource-variable/geist,5.2.9,81,B,,2,1216311,v0.2.0
remarkable,2.0.1,28,F,UNVERIFIED_PUBLISH_PATH|DORMANT,8,1215248,v0.2.0
zxcvbn,4.4.2,19,F,UNVERIFIED_PUBLISH_PATH|DORMANT|SINGLE_MAINTAINER,1,1212326,v0.2.0
gel,2.2.0,39,D,UNVERIFIED_PUBLISH_PATH,2,1211537,v0.2.0
binary-search-bounds,2.0.5,19,F,UNVERIFIED_PUBLISH_PATH|DORMANT|SINGLE_MAINTAINER,1,1210358,v0.2.0
convex,1.42.3,34,F,UNVERIFIED_PUBLISH_PATH,13,1210194,v0.2.0
'@solana/spl-token,0.4.15,74,B,SINGLE_MAINTAINER,1,1209612,v0.2.0
'@turf/boolean-intersects,7.3.5,87,A,,8,1204670,v0.2.0
'@turf/square,7.3.5,87,A,,8,1204513,v0.2.0
videojs-vtt.js,0.15.5,28,F,UNVERIFIED_PUBLISH_PATH|DORMANT|PUBLISHER_NOT_MAINTAINER,17,1204151,v0.2.0
'@turf/unkink-polygon,7.3.5,87,A,,8,1203919,v0.2.0
'@turf/line-arc,7.3.5,87,A,,8,1202145,v0.2.0
'@turf/envelope,7.3.5,87,A,,8,1201854,v0.2.0
'@turf/boolean-crosses,7.3.5,87,A,,8,1201692,v0.2.0
topojson-server,3.0.1,19,F,UNVERIFIED_PUBLISH_PATH|DORMANT|SINGLE_MAINTAINER,1,1201623,v0.2.0
'@material-ui/core,4.12.4,15,F,UNVERIFIED_PUBLISH_PATH|DORMANT|SINGLE_MAINTAINER|PUBLISHER_NOT_MAINTAINER|DEPRECATED,1,1196590,v0.2.0
'@turf/line-slice,7.3.5,87,A,,8,1194070,v0.2.0
'@turf/line-to-polygon,7.3.5,87,A,,8,1193691,v0.2.0
slick-carousel,1.8.1,19,F,UNVERIFIED_PUBLISH_PATH|DORMANT|SINGLE_MAINTAINER,1,1189701,v0.2.0
'@turf/sector,7.3.5,87,A,,8,1188584,v0.2.0
'@turf/point-on-feature,7.3.5,87,A,,8,1188468,v0.2.0
'@vimeo/player,2.30.4,39,D,UNVERIFIED_PUBLISH_PATH,3,1187825,v0.2.0
'@turf/line-offset,7.3.5,87,A,,8,1187640,v0.2.0
'@turf/clusters-dbscan,7.3.5,87,A,,8,1186392,v0.2.0
browser-image-compression,2.0.2,19,F,UNVERIFIED_PUBLISH_PATH|DORMANT|SINGLE_MAINTAINER,1,1186187,v0.2.0
'@turf/bezier-spline,7.3.5,87,A,,8,1185017,v0.2.0
'@turf/square-grid,7.3.5,87,A,,8,1182595,v0.2.0
'@turf/great-circle,7.3.5,87,A,,8,1181554,v0.2.0
'@turf/dissolve,7.3.5,87,A,,8,1179808,v0.2.0
'@turf/line-slice-along,7.3.5,87,A,,8,1179163,v0.2.0
'@turf/random,7.3.5,87,A,,8,1178026,v0.2.0
weakmap-polyfill,2.0.4,14,F,UNVERIFIED_PUBLISH_PATH|DORMANT|SINGLE_MAINTAINER,1,1177457,v0.2.0
'@turf/clusters-kmeans,7.3.5,87,A,,8,1177391,v0.2.0
zxing-wasm,3.1.1,68,C,SINGLE_MAINTAINER,1,1176104,v0.2.0
'@turf/mask,7.3.5,87,A,,8,1175017,v0.2.0
'@turf/point-grid,7.3.5,87,A,,8,1174856,v0.2.0
striptags,3.2.0,25,F,UNVERIFIED_PUBLISH_PATH|DORMANT|SINGLE_MAINTAINER,1,1174553,v0.2.0
'@turf/tin,7.3.5,87,A,,8,1170617,v0.2.0
'@turf/hex-grid,7.3.5,87,A,,8,1170114,v0.2.0
'@turf/voronoi,7.3.5,87,A,,8,1168811,v0.2.0
'@turf/polygonize,7.3.5,87,A,,8,1168549,v0.2.0
'@turf/line-chunk,7.3.5,87,A,,8,1168371,v0.2.0
'@turf/concave,7.3.5,87,A,,8,1168023,v0.2.0
'@turf/triangle-grid,7.3.5,87,A,,8,1166987,v0.2.0
'@turf/flip,7.3.5,87,A,,8,1166223,v0.2.0
'@turf/interpolate,7.3.5,87,A,,8,1165904,v0.2.0
'@turf/collect,7.3.5,87,A,,8,1164169,v0.2.0
'@turf/clusters,7.3.5,87,A,,8,1164141,v0.2.0
ag-charts-core,14.0.1,86,A,SINGLE_MAINTAINER,1,1163340,v0.2.0
'@turf/planepoint,7.3.5,87,A,,8,1163316,v0.2.0
'@turf/sample,7.3.5,87,A,,8,1162928,v0.2.0
'@turf/tag,7.3.5,87,A,,8,1162843,v0.2.0
'@turf/tesselate,7.3.5,87,A,,8,1162730,v0.2.0
'@turf/center-mean,7.3.5,87,A,,8,1162411,v0.2.0
'@turf/isolines,7.3.5,87,A,,8,1162378,v0.2.0
'@turf/isobands,7.3.5,87,A,,8,1162116,v0.2.0
'@turf/polygon-tangents,7.3.5,87,A,,8,1161716,v0.2.0
'@turf/shortest-path,7.3.5,87,A,,8,1161343,v0.2.0
'@turf/center-median,7.3.5,87,A,,8,1161191,v0.2.0
'@turf/boolean-parallel,7.3.5,87,A,,8,1161141,v0.2.0
'@line/bot-sdk,11.2.0,87,A,,5,1160675,v0.2.0
'@turf/standard-deviational-ellipse,7.3.5,87,A,,8,1160424,v0.2.0
react-calendar,6.0.1,87,A,,3,1160311,v0.2.0
'@turf/turf,7.3.5,87,A,,8,1159199,v0.2.0
'@pdf-lib/fontkit,1.1.1,14,F,UNVERIFIED_PUBLISH_PATH|DORMANT|SINGLE_MAINTAINER,1,1133923,v0.2.0
'@azure/msal-react,5.5.3,47,D,UNVERIFIED_PUBLISH_PATH,3,1132928,v0.2.0
'@chakra-ui/styled-system,2.12.0,34,F,UNVERIFIED_PUBLISH_PATH|DORMANT,2,1132690,v0.2.0
sweepline-intersections,2.0.1,19,F,UNVERIFIED_PUBLISH_PATH|DORMANT|SINGLE_MAINTAINER,1,1131729,v0.2.0
enquire.js,2.1.6,19,F,UNVERIFIED_PUBLISH_PATH|DORMANT|SINGLE_MAINTAINER,1,1131619,v0.2.0
skmeans,0.11.3,19,F,UNVERIFIED_PUBLISH_PATH|DORMANT|SINGLE_MAINTAINER,1,1127090,v0.2.0
polyclip-ts,0.16.8,19,F,UNVERIFIED_PUBLISH_PATH|DORMANT|SINGLE_MAINTAINER,1,1125930,v0.2.0
splaytree-ts,1.0.2,19,F,UNVERIFIED_PUBLISH_PATH|DORMANT|SINGLE_MAINTAINER,1,1125511,v0.2.0
html2pdf.js,0.14.0,25,F,UNVERIFIED_PUBLISH_PATH|SINGLE_MAINTAINER,1,1123224,v0.2.0
amazon-cognito-identity-js,6.3.20,46,D,UNVERIFIED_PUBLISH_PATH,11,1120920,v0.2.0
'@fontsource/roboto,5.2.10,81,B,,2,1118753,v0.2.0
ag-charts-enterprise,14.0.1,86,A,SINGLE_MAINTAINER,1,1116701,v0.2.0
'@algolia/autocomplete-preset-algolia,1.19.9,29,F,UNVERIFIED_PUBLISH_PATH|PUBLISHER_NOT_MAINTAINER,14,1113267,v0.2.0
driver.js,1.8.0,20,F,UNVERIFIED_PUBLISH_PATH|SINGLE_MAINTAINER,1,1112143,v0.2.0
mux.js,6.3.0,33,F,UNVERIFIED_PUBLISH_PATH|DORMANT,20,1110990,v0.2.0
primeicons,8.0.0,30,F,UNVERIFIED_PUBLISH_PATH,2,1110202,v0.2.0
'@codesandbox/sandpack-client,2.19.8,35,D,UNVERIFIED_PUBLISH_PATH|DORMANT|PUBLISHER_NOT_MAINTAINER|BRANCH_REQUIRES_PR,3,1109255,v0.2.0
'@lit/context,1.1.6,84,B,,8,1104566,v0.2.0
'@shopify/react-native-skia,2.9.0,82,B,,6,1102350,v0.2.0
card-validator,10.0.4,38,D,UNVERIFIED_PUBLISH_PATH|SINGLE_MAINTAINER,1,1099237,v0.2.0
'@walletconnect/ethereum-provider,2.23.10,81,B,,2,1097755,v0.2.0
'@rc-component/motion,1.3.3,39,D,UNVERIFIED_PUBLISH_PATH,5,1093881,v0.2.0
tus-js-client,4.3.1,33,F,UNVERIFIED_PUBLISH_PATH|DORMANT|BRANCH_REQUIRES_SIGNATURES,2,1093375,v0.2.0
static-browser-server,1.1.0,39,D,UNVERIFIED_PUBLISH_PATH|BRANCH_REQUIRES_PR,2,1088598,v0.2.0
wavesurfer.js,7.12.11,25,F,UNVERIFIED_PUBLISH_PATH|SINGLE_MAINTAINER,1,1085345,v0.2.0
html5-qrcode,2.3.8,19,F,UNVERIFIED_PUBLISH_PATH|DORMANT|SINGLE_MAINTAINER,1,1084680,v0.2.0
redux-logger,3.0.6,14,F,UNVERIFIED_PUBLISH_PATH|DORMANT|SINGLE_MAINTAINER|PUBLISHER_NOT_MAINTAINER,1,1084003,v0.2.0
'@amplitude/ua-parser-js,0.7.33,28,F,UNVERIFIED_PUBLISH_PATH|DORMANT|PUBLISHER_NOT_MAINTAINER,6,1083662,v0.2.0
vscode-oniguruma,2.0.1,34,F,UNVERIFIED_PUBLISH_PATH|DORMANT,6,1082228,v0.2.0
es5-shim,4.6.7,33,F,UNVERIFIED_PUBLISH_PATH|DORMANT,3,1081976,v0.2.0
barcode-detector,3.2.1,68,C,SINGLE_MAINTAINER,1,1081578,v0.2.0
turndown-plugin-gfm,1.0.2,19,F,UNVERIFIED_PUBLISH_PATH|DORMANT|SINGLE_MAINTAINER,1,1081564,v0.2.0
js-sha512,0.9.0,19,F,UNVERIFIED_PUBLISH_PATH|DORMANT|SINGLE_MAINTAINER,1,1078270,v0.2.0
m3u8-parser,7.2.0,28,F,UNVERIFIED_PUBLISH_PATH|DORMANT|PUBLISHER_NOT_MAINTAINER,20,1071694,v0.2.0
backbone,1.6.1,45,D,UNVERIFIED_PUBLISH_PATH,4,1070410,v0.2.0
jsts,2.12.1,19,F,UNVERIFIED_PUBLISH_PATH|DORMANT|SINGLE_MAINTAINER,1,1066798,v0.2.0
'@rc-component/resize-observer,1.1.2,39,D,UNVERIFIED_PUBLISH_PATH,5,1060169,v0.2.0
number-flow,0.6.1,20,F,UNVERIFIED_PUBLISH_PATH|SINGLE_MAINTAINER,1,1058648,v0.2.0
ckeditor5,48.3.1,38,D,UNVERIFIED_PUBLISH_PATH|SINGLE_MAINTAINER,1,1055981,v0.2.0
react-big-calendar,1.20.0,39,D,UNVERIFIED_PUBLISH_PATH,3,1052474,v0.2.0
systemjs,6.15.1,33,F,UNVERIFIED_PUBLISH_PATH|DORMANT,2,1049588,v0.2.0
video.js,8.23.9,39,D,UNVERIFIED_PUBLISH_PATH,19,1047656,v0.2.0
brotli-wasm,3.0.1,19,F,UNVERIFIED_PUBLISH_PATH|DORMANT|SINGLE_MAINTAINER,1,1046974,v0.2.0
'@capacitor/push-notifications,8.1.2,69,C,REPO_LINKAGE_MISMATCH,18,1041313,v0.2.0
chartjs-plugin-annotation,3.1.0,33,F,UNVERIFIED_PUBLISH_PATH|DORMANT,2,1036418,v0.2.0
flexsearch,0.8.212,31,F,UNVERIFIED_PUBLISH_PATH|SINGLE_MAINTAINER,1,1036354,v0.2.0
openpgp,6.3.1,45,D,UNVERIFIED_PUBLISH_PATH,5,1034345,v0.2.0
graphiql,5.2.4,93,A,,12,1033550,v0.2.0
'@formkit/auto-animate,0.10.0,87,A,,4,1031071,v0.2.0
'@rc-component/select,1.10.0,39,D,UNVERIFIED_PUBLISH_PATH,5,1030382,v0.2.0
'@rc-component/virtual-list,1.4.0,39,D,UNVERIFIED_PUBLISH_PATH,5,1028532,v0.2.0
'@rc-component/tree,1.3.2,39,D,UNVERIFIED_PUBLISH_PATH,5,1026300,v0.2.0
proj4,2.20.9,83,B,INCONSISTENT_PUBLISH_PATH,2,1024980,v0.2.0
'@rc-component/slider,1.1.1,39,D,UNVERIFIED_PUBLISH_PATH,5,1023714,v0.2.0
'@types/selenium-webdriver,4.35.6,33,F,UNVERIFIED_PUBLISH_PATH|SINGLE_MAINTAINER,1,1023187,v0.2.0
'@rc-component/cascader,1.21.0,39,D,UNVERIFIED_PUBLISH_PATH,5,1023011,v0.2.0
phoenix,1.8.9,83,B,INCONSISTENT_PUBLISH_PATH,3,1018709,v0.2.0
lenis,1.3.25,46,D,UNVERIFIED_PUBLISH_PATH,2,1017336,v0.2.0
'@microsoft/applicationinsights-properties-js,3.4.3,47,D,UNVERIFIED_PUBLISH_PATH,3,1017207,v0.2.0
webfontloader,1.6.28,33,F,UNVERIFIED_PUBLISH_PATH|DORMANT,2,1016300,v0.2.0
msgpack-lite,0.1.26,19,F,UNVERIFIED_PUBLISH_PATH|DORMANT|SINGLE_MAINTAINER,1,1014804,v0.2.0
'@microsoft/applicationinsights-web,3.4.3,47,D,UNVERIFIED_PUBLISH_PATH,3,1013928,v0.2.0
'@rc-component/tooltip,1.5.0,39,D,UNVERIFIED_PUBLISH_PATH,5,1012183,v0.2.0
'@microsoft/applicationinsights-analytics-js,3.4.3,47,D,UNVERIFIED_PUBLISH_PATH,3,1011058,v0.2.0
'@microsoft/applicationinsights-dependencies-js,3.4.3,47,D,UNVERIFIED_PUBLISH_PATH,3,1008689,v0.2.0
'@rc-component/drawer,1.4.2,39,D,UNVERIFIED_PUBLISH_PATH,5,1007915,v0.2.0
'@fortawesome/free-brands-svg-icons,7.3.1,34,F,UNVERIFIED_PUBLISH_PATH,8,1007746,v0.2.0
'@rc-component/picker,1.11.0,39,D,UNVERIFIED_PUBLISH_PATH,5,1007356,v0.2.0
tinymce,8.8.0,47,D,UNVERIFIED_PUBLISH_PATH,3,1002575,v0.2.0
'@ckeditor/ckeditor5-widget,48.3.1,38,D,UNVERIFIED_PUBLISH_PATH|SINGLE_MAINTAINER,1,1002292,v0.2.0
'@chakra-ui/theme,3.4.6,34,F,UNVERIFIED_PUBLISH_PATH|DORMANT,2,1000424,v0.2.0
'@react-navigation/stack,7.10.14,39,D,UNVERIFIED_PUBLISH_PATH,6,999550,v0.2.0
'@ckeditor/ckeditor5-enter,48.3.1,38,D,UNVERIFIED_PUBLISH_PATH|SINGLE_MAINTAINER,1,997736,v0.2.0
'@rc-component/menu,1.4.1,39,D,UNVERIFIED_PUBLISH_PATH,5,997417,v0.2.0
jsrsasign,11.1.3,31,F,UNVERIFIED_PUBLISH_PATH|SINGLE_MAINTAINER,1,996913,v0.2.0
'@rc-component/overflow,1.0.1,39,D,UNVERIFIED_PUBLISH_PATH,5,996457,v0.2.0
'@browserbasehq/stagehand,3.7.0,72,B,INCONSISTENT_PUBLISH_PATH,8,993516,v0.2.0
'@rc-component/tabs,1.12.0,39,D,UNVERIFIED_PUBLISH_PATH,5,993250,v0.2.0
'@rc-component/dropdown,1.0.3,39,D,UNVERIFIED_PUBLISH_PATH,5,993174,v0.2.0
'@rc-component/table,1.10.4,39,D,UNVERIFIED_PUBLISH_PATH,5,993004,v0.2.0
'@amplitude/session-replay-browser,1.47.4,89,A,,6,992189,v0.2.0
'@uppy/core,5.2.0,45,D,UNVERIFIED_PUBLISH_PATH,4,990873,v0.2.0
react-native-maps,1.29.0,100,A,,16,990746,v0.2.0
'@rc-component/form,1.8.5,39,D,UNVERIFIED_PUBLISH_PATH,5,987792,v0.2.0
mpd-parser,1.4.0,39,D,UNVERIFIED_PUBLISH_PATH,18,985562,v0.2.0
'@turf/polygon-smooth,7.3.5,87,A,,8,984389,v0.2.0
'@ckeditor/ckeditor5-clipboard,48.3.1,38,D,UNVERIFIED_PUBLISH_PATH|SINGLE_MAINTAINER,1,982528,v0.2.0
'@rc-component/dialog,1.10.0,39,D,UNVERIFIED_PUBLISH_PATH,5,981923,v0.2.0
'@rc-component/tree-select,1.15.0,39,D,UNVERIFIED_PUBLISH_PATH,5,980769,v0.2.0
'@rc-component/mentions,1.11.0,39,D,UNVERIFIED_PUBLISH_PATH,5,980023,v0.2.0
'@hotwired/stimulus,3.2.2,39,D,UNVERIFIED_PUBLISH_PATH|DORMANT,6,979462,v0.2.0
'@turf/rectangle-grid,7.3.5,87,A,,8,978956,v0.2.0
'@videojs/http-streaming,3.17.5,39,D,UNVERIFIED_PUBLISH_PATH,97,978696,v0.2.0
utif,3.1.0,33,F,UNVERIFIED_PUBLISH_PATH|DORMANT,2,978164,v0.2.0
font-awesome,4.7.0,19,F,UNVERIFIED_PUBLISH_PATH|DORMANT|SINGLE_MAINTAINER,1,977509,v0.2.0
'@restart/ui,1.9.4,39,D,UNVERIFIED_PUBLISH_PATH,3,976606,v0.2.0
'@rc-component/pagination,1.5.0,39,D,UNVERIFIED_PUBLISH_PATH,5,976512,v0.2.0
'@amplitude/rrweb,2.1.3,82,B,,6,976394,v0.2.0
'@chenglou/pretext,0.0.8,31,F,UNVERIFIED_PUBLISH_PATH|SINGLE_MAINTAINER,1,976177,v0.2.0
'@rc-component/input,1.3.1,39,D,UNVERIFIED_PUBLISH_PATH,5,976070,v0.2.0
gpt-tokenizer,3.4.0,25,F,UNVERIFIED_PUBLISH_PATH|SINGLE_MAINTAINER,1,974532,v0.2.0
'@amplitude/rrweb-snapshot,2.1.2,82,B,,6,974424,v0.2.0
'@zxcvbn-ts/core,4.1.2,31,F,UNVERIFIED_PUBLISH_PATH|SINGLE_MAINTAINER,1,974222,v0.2.0
vee-validate,4.15.1,62,C,SINGLE_MAINTAINER,1,972577,v0.2.0
'@rc-component/notification,2.0.7,39,D,UNVERIFIED_PUBLISH_PATH,5,971856,v0.2.0
docx-preview,0.4.0,25,F,UNVERIFIED_PUBLISH_PATH|SINGLE_MAINTAINER,1,970530,v0.2.0
'@rc-component/image,1.10.0,39,D,UNVERIFIED_PUBLISH_PATH,5,969665,v0.2.0
'@rc-component/upload,1.1.1,39,D,UNVERIFIED_PUBLISH_PATH,5,968697,v0.2.0
url-search-params-polyfill,8.2.5,19,F,UNVERIFIED_PUBLISH_PATH|DORMANT|SINGLE_MAINTAINER,1,968154,v0.2.0
'@turf/angle,7.3.5,87,A,,8,967140,v0.2.0
html2canvas-pro,2.2.4,58,C,INCONSISTENT_PUBLISH_PATH|SINGLE_MAINTAINER,1,963197,v0.2.0
'@turf/geojson-rbush,7.3.5,87,A,,8,962512,v0.2.0
'@rc-component/collapse,1.2.0,39,D,UNVERIFIED_PUBLISH_PATH,5,962368,v0.2.0
vega-util,2.1.1,52,C,UNVERIFIED_PUBLISH_PATH,5,962063,v0.2.0
'@turf/distance-weight,7.3.5,87,A,,8,962044,v0.2.0
'@turf/moran-index,7.3.5,87,A,,8,961542,v0.2.0
'@ckeditor/ckeditor5-upload,48.3.1,38,D,UNVERIFIED_PUBLISH_PATH|SINGLE_MAINTAINER,1,960977,v0.2.0
libheif-js,1.19.8,25,F,UNVERIFIED_PUBLISH_PATH|SINGLE_MAINTAINER,1,960393,v0.2.0
simple-statistics,7.9.3,68,C,SINGLE_MAINTAINER,1,960292,v0.2.0
'@amplitude/rrweb-packer,2.1.2,82,B,,6,959334,v0.2.0
'@rc-component/progress,1.0.2,39,D,UNVERIFIED_PUBLISH_PATH,5,958264,v0.2.0
'@rc-component/input-number,1.6.2,39,D,UNVERIFIED_PUBLISH_PATH,5,957592,v0.2.0
'@ckeditor/ckeditor5-undo,48.3.1,38,D,UNVERIFIED_PUBLISH_PATH|SINGLE_MAINTAINER,1,957343,v0.2.0
'@rc-component/rate,1.0.1,39,D,UNVERIFIED_PUBLISH_PATH,5,956507,v0.2.0
'@rc-component/steps,1.2.2,39,D,UNVERIFIED_PUBLISH_PATH,5,956306,v0.2.0
hash-wasm,4.12.0,33,F,UNVERIFIED_PUBLISH_PATH|DORMANT,2,955178,v0.2.0
ismobilejs,1.1.1,19,F,UNVERIFIED_PUBLISH_PATH|DORMANT|SINGLE_MAINTAINER,1,949558,v0.2.0
transliteration,2.6.1,73,B,SINGLE_MAINTAINER,1,948522,v0.2.0
keycloak-js,26.2.4,34,F,UNVERIFIED_PUBLISH_PATH,4,948386,v0.2.0
'@hotwired/turbo,8.0.23,34,F,UNVERIFIED_PUBLISH_PATH,6,946273,v0.2.0
requestidlecallback,0.3.0,19,F,UNVERIFIED_PUBLISH_PATH|DORMANT|SINGLE_MAINTAINER,1,944821,v0.2.0
'@ckeditor/ckeditor5-select-all,48.3.1,38,D,UNVERIFIED_PUBLISH_PATH|SINGLE_MAINTAINER,1,943828,v0.2.0
'@xterm/addon-webgl,0.19.0,25,F,UNVERIFIED_PUBLISH_PATH|SINGLE_MAINTAINER,1,941927,v0.2.0
js-binary-schema-parser,2.0.3,19,F,UNVERIFIED_PUBLISH_PATH|DORMANT|SINGLE_MAINTAINER,1,939902,v0.2.0
ably,2.25.0,39,D,UNVERIFIED_PUBLISH_PATH,9,939523,v0.2.0
h3-js,4.5.0,39,D,UNVERIFIED_PUBLISH_PATH,2,934023,v0.2.0
react-apexcharts,2.1.1,77,B,INCONSISTENT_PUBLISH_PATH,2,933258,v0.2.0
geotiff,3.0.5,39,D,UNVERIFIED_PUBLISH_PATH,3,928428,v0.2.0
tocbot,4.36.8,25,F,UNVERIFIED_PUBLISH_PATH|SINGLE_MAINTAINER,1,926231,v0.2.0
sweetalert2,11.26.25,79,B,SINGLE_MAINTAINER,1,923052,v0.2.0
'@turf/jsts,2.7.2,28,F,UNVERIFIED_PUBLISH_PATH|DORMANT|PUBLISHER_NOT_MAINTAINER,8,919624,v0.2.0
animejs,4.5.0,25,F,UNVERIFIED_PUBLISH_PATH|SINGLE_MAINTAINER,1,910251,v0.2.0
heic2any,0.0.4,19,F,UNVERIFIED_PUBLISH_PATH|DORMANT|SINGLE_MAINTAINER,1,909823,v0.2.0
hogan.js,3.0.2,33,F,UNVERIFIED_PUBLISH_PATH|DORMANT,2,909631,v0.2.0
vue-chartjs,5.3.4,20,F,UNVERIFIED_PUBLISH_PATH|SINGLE_MAINTAINER,1,906184,v0.2.0
node,26.5.0,73,B,SINGLE_MAINTAINER,1,903402,v0.2.0
'@amplitude/rrweb-plugin-console-record,2.1.3,82,B,,6,902335,v0.2.0
'@zxcvbn-ts/language-common,4.1.3,31,F,UNVERIFIED_PUBLISH_PATH|SINGLE_MAINTAINER,1,902012,v0.2.0
'@remotion/renderer,4.0.490,20,F,UNVERIFIED_PUBLISH_PATH|SINGLE_MAINTAINER,1,901929,v0.2.0
vuetify,4.1.5,93,A,,4,894999,v0.2.0
smoothscroll-polyfill,0.4.4,33,F,UNVERIFIED_PUBLISH_PATH|DORMANT,3,887100,v0.2.0
'@remotion/media-parser,4.0.490,20,F,UNVERIFIED_PUBLISH_PATH|SINGLE_MAINTAINER,1,886184,v0.2.0
'@antv/util,3.3.11,39,D,UNVERIFIED_PUBLISH_PATH,19,885435,v0.2.0
'@material/base,14.0.0,33,F,UNVERIFIED_PUBLISH_PATH|DORMANT,14,885099,v0.2.0
'@rails/activestorage,8.1.300,94,A,,8,882960,v0.2.0
'@mui/x-charts,9.10.0,95,A,,16,881813,v0.2.0
promise.prototype.finally,3.1.8,33,F,UNVERIFIED_PUBLISH_PATH|DORMANT,2,881635,v0.2.0
mousetrap,1.6.5,33,F,UNVERIFIED_PUBLISH_PATH|DORMANT,2,879821,v0.2.0
'@wagmi/core,3.6.3,89,A,,2,878870,v0.2.0
color-space,2.3.2,39,D,UNVERIFIED_PUBLISH_PATH,6,871898,v0.2.0
oauth-1.0a,2.2.6,19,F,UNVERIFIED_PUBLISH_PATH|DORMANT|SINGLE_MAINTAINER,1,871880,v0.2.0
'@chakra-ui/hooks,2.4.2,34,F,UNVERIFIED_PUBLISH_PATH|DORMANT,2,870903,v0.2.0
embla-carousel-fade,8.6.0,25,F,UNVERIFIED_PUBLISH_PATH|SINGLE_MAINTAINER,1,867695,v0.2.0
'@amplitude/targeting,0.3.6,89,A,,6,866526,v0.2.0
node-uuid,1.4.8,33,F,UNVERIFIED_PUBLISH_PATH|DORMANT|DEPRECATED,2,866229,v0.2.0
intl-tel-input,29.1.2,63,C,INCONSISTENT_PUBLISH_PATH|SINGLE_MAINTAINER,1,865913,v0.2.0
bezier-js,6.1.4,19,F,UNVERIFIED_PUBLISH_PATH|DORMANT|SINGLE_MAINTAINER,1,863318,v0.2.0
'@babel/standalone,8.0.4,78,B,INCONSISTENT_PUBLISH_PATH,4,862140,v0.2.0
wheel-gestures,2.2.48,19,F,UNVERIFIED_PUBLISH_PATH|DORMANT|SINGLE_MAINTAINER,1,859602,v0.2.0
'@ark-ui/react,5.37.2,77,B,INCONSISTENT_PUBLISH_PATH,2,859442,v0.2.0
geojson-equality-ts,1.0.2,51,C,DORMANT|SINGLE_MAINTAINER,1,858381,v0.2.0
'@fullcalendar/list,6.1.21,20,F,UNVERIFIED_PUBLISH_PATH|SINGLE_MAINTAINER,1,854151,v0.2.0
'@material/animation,14.0.0,33,F,UNVERIFIED_PUBLISH_PATH|DORMANT,14,853076,v0.2.0
'@growthbook/growthbook,1.6.5,45,D,UNVERIFIED_PUBLISH_PATH,2,851540,v0.2.0
'@hotwired/turbo-rails,8.0.23,34,F,UNVERIFIED_PUBLISH_PATH,6,851285,v0.2.0
embla-carousel-wheel-gestures,8.1.0,20,F,UNVERIFIED_PUBLISH_PATH|SINGLE_MAINTAINER,1,850778,v0.2.0
chartjs-adapter-date-fns,3.0.0,19,F,UNVERIFIED_PUBLISH_PATH|DORMANT|SINGLE_MAINTAINER,1,850097,v0.2.0
'@adobe/react-spectrum,3.47.2,39,D,UNVERIFIED_PUBLISH_PATH,2,848047,v0.2.0
'@huggingface/tokenizers,0.1.3,87,A,,5,847930,v0.2.0
ev-emitter,2.1.2,19,F,UNVERIFIED_PUBLISH_PATH|DORMANT|SINGLE_MAINTAINER,1,847448,v0.2.0
'@ckeditor/ckeditor5-font,48.3.1,38,D,UNVERIFIED_PUBLISH_PATH|SINGLE_MAINTAINER,1,844955,v0.2.0
'@ckeditor/ckeditor5-alignment,48.3.1,38,D,UNVERIFIED_PUBLISH_PATH|SINGLE_MAINTAINER,1,843442,v0.2.0
'@material/ripple,14.0.0,33,F,UNVERIFIED_PUBLISH_PATH|DORMANT,14,843440,v0.2.0
'@amplitude/plugin-custom-enrichment-browser,0.1.17,79,B,INCONSISTENT_PUBLISH_PATH,6,842652,v0.2.0
'@ckeditor/ckeditor5-remove-format,48.3.1,38,D,UNVERIFIED_PUBLISH_PATH|SINGLE_MAINTAINER,1,842351,v0.2.0
'@opentelemetry/context-zone-peer-dep,2.9.0,94,A,,6,839353,v0.2.0
'@okta/okta-auth-js,8.0.1,20,F,UNVERIFIED_PUBLISH_PATH|SINGLE_MAINTAINER,1,838666,v0.2.0
'@rive-app/canvas,2.38.5,87,A,BRANCH_REQUIRES_PR,5,836690,v0.2.0
ahooks,3.9.7,45,D,UNVERIFIED_PUBLISH_PATH,5,835986,v0.2.0
jquery-ui,1.14.2,45,D,UNVERIFIED_PUBLISH_PATH,5,833414,v0.2.0
'@iconify-json/simple-icons,1.2.90,21,F,UNVERIFIED_PUBLISH_PATH|SINGLE_MAINTAINER,1,832792,v0.2.0
'@tanstack/query-sync-storage-persister,5.101.2,89,A,,3,832238,v0.2.0
'@material-ui/icons,4.11.3,15,F,UNVERIFIED_PUBLISH_PATH|DORMANT|SINGLE_MAINTAINER|PUBLISHER_NOT_MAINTAINER,1,831611,v0.2.0
howler,2.2.4,19,F,UNVERIFIED_PUBLISH_PATH|DORMANT|SINGLE_MAINTAINER,1,828598,v0.2.0
validate.js,0.13.1,19,F,UNVERIFIED_PUBLISH_PATH|DORMANT|SINGLE_MAINTAINER,1,826913,v0.2.0
'@material/dom,14.0.0,33,F,UNVERIFIED_PUBLISH_PATH|DORMANT,14,826300,v0.2.0
currency.js,2.0.4,19,F,UNVERIFIED_PUBLISH_PATH|DORMANT|SINGLE_MAINTAINER,1,823644,v0.2.0
react-scan,0.5.7,27,F,UNVERIFIED_PUBLISH_PATH|SINGLE_MAINTAINER,1,823491,v0.2.0
'@ckeditor/ckeditor5-autosave,48.3.1,38,D,UNVERIFIED_PUBLISH_PATH|SINGLE_MAINTAINER,1,823048,v0.2.0
'@ckeditor/ckeditor5-code-block,48.3.1,38,D,UNVERIFIED_PUBLISH_PATH|SINGLE_MAINTAINER,1,823026,v0.2.0
groq-sdk,1.3.0,90,A,INCONSISTENT_PUBLISH_PATH,5,819593,v0.2.0
'@ckeditor/ckeditor5-html-embed,48.3.1,38,D,UNVERIFIED_PUBLISH_PATH|SINGLE_MAINTAINER,1,819225,v0.2.0
'@ckeditor/ckeditor5-horizontal-line,48.3.1,38,D,UNVERIFIED_PUBLISH_PATH|SINGLE_MAINTAINER,1,818586,v0.2.0
url-polyfill,1.1.14,25,F,UNVERIFIED_PUBLISH_PATH|SINGLE_MAINTAINER,1,817961,v0.2.0
'@openzeppelin/contracts,5.6.1,95,A,,7,817318,v0.2.0
'@ckeditor/ckeditor5-page-break,48.3.1,38,D,UNVERIFIED_PUBLISH_PATH|SINGLE_MAINTAINER,1,816037,v0.2.0
pizzip,3.2.0,25,F,UNVERIFIED_PUBLISH_PATH|SINGLE_MAINTAINER,1,815347,v0.2.0
'@flatten-js/interval-tree,2.0.3,57,C,SINGLE_MAINTAINER,1,813788,v0.2.0
'@primeuix/styles,3.0.0,30,F,UNVERIFIED_PUBLISH_PATH,2,813039,v0.2.0
'@ckeditor/ckeditor5-restricted-editing,48.3.1,38,D,UNVERIFIED_PUBLISH_PATH|SINGLE_MAINTAINER,1,811634,v0.2.0
'@ckeditor/ckeditor5-source-editing,48.3.1,38,D,UNVERIFIED_PUBLISH_PATH|SINGLE_MAINTAINER,1,811143,v0.2.0
'@ckeditor/ckeditor5-word-count,48.3.1,38,D,UNVERIFIED_PUBLISH_PATH|SINGLE_MAINTAINER,1,811025,v0.2.0
svg.js,2.7.1,33,F,UNVERIFIED_PUBLISH_PATH|DORMANT,3,809159,v0.2.0
reconnecting-websocket,4.4.0,19,F,UNVERIFIED_PUBLISH_PATH|DORMANT|SINGLE_MAINTAINER,1,808905,v0.2.0
'@turf/boolean-valid,7.3.5,87,A,,8,807617,v0.2.0
'@ckeditor/ckeditor5-special-characters,48.3.1,38,D,UNVERIFIED_PUBLISH_PATH|SINGLE_MAINTAINER,1,807272,v0.2.0
fabric,7.4.0,83,B,INCONSISTENT_PUBLISH_PATH,2,805491,v0.2.0
pixi.js,8.19.0,94,A,,4,805323,v0.2.0
dom-mutator,0.7.0,29,F,UNVERIFIED_PUBLISH_PATH|DORMANT,2,805076,v0.2.0
'@ckeditor/ckeditor5-html-support,48.3.1,38,D,UNVERIFIED_PUBLISH_PATH|SINGLE_MAINTAINER,1,804977,v0.2.0
'@ckeditor/ckeditor5-highlight,48.3.1,38,D,UNVERIFIED_PUBLISH_PATH|SINGLE_MAINTAINER,1,804261,v0.2.0
'@ckeditor/ckeditor5-language,48.3.1,38,D,UNVERIFIED_PUBLISH_PATH|SINGLE_MAINTAINER,1,803723,v0.2.0
'@ckeditor/ckeditor5-style,48.3.1,38,D,UNVERIFIED_PUBLISH_PATH|SINGLE_MAINTAINER,1,803604,v0.2.0
javascript-obfuscator,5.4.7,25,F,UNVERIFIED_PUBLISH_PATH|SINGLE_MAINTAINER,1,802104,v0.2.0
daisyui,5.6.18,25,F,UNVERIFIED_PUBLISH_PATH|SINGLE_MAINTAINER,1,799152,v0.2.0
'@opentelemetry/context-zone,2.9.0,94,A,,6,798273,v0.2.0
'@ckeditor/ckeditor5-find-and-replace,48.3.1,38,D,UNVERIFIED_PUBLISH_PATH|SINGLE_MAINTAINER,1,796140,v0.2.0
'@ckeditor/ckeditor5-show-blocks,48.3.1,38,D,UNVERIFIED_PUBLISH_PATH|SINGLE_MAINTAINER,1,796104,v0.2.0
'@tensorflow/tfjs-core,4.22.0,33,F,UNVERIFIED_PUBLISH_PATH|DORMANT,10,793543,v0.2.0
'@radix-ui/themes,3.3.0,82,B,,4,792868,v0.2.0
'@amplitude/plugin-session-replay-browser,1.33.4,89,A,,6,790446,v0.2.0
'@ckeditor/ckeditor5-list,48.3.1,38,D,UNVERIFIED_PUBLISH_PATH|SINGLE_MAINTAINER,1,788114,v0.2.0
'@capacitor/synapse,1.0.4,35,D,UNVERIFIED_PUBLISH_PATH,18,786155,v0.2.0
'@ckeditor/ckeditor5-image,48.3.1,38,D,UNVERIFIED_PUBLISH_PATH|SINGLE_MAINTAINER,1,783282,v0.2.0
'@turf/boolean-touches,7.3.5,87,A,,8,782477,v0.2.0
'@ckeditor/ckeditor5-table,48.3.1,38,D,UNVERIFIED_PUBLISH_PATH|SINGLE_MAINTAINER,1,782116,v0.2.0
jshint,2.13.6,33,F,UNVERIFIED_PUBLISH_PATH|DORMANT,3,781498,v0.2.0
ssr-window,5.0.1,25,F,UNVERIFIED_PUBLISH_PATH|SINGLE_MAINTAINER,1,779069,v0.2.0
emotion,11.0.0,29,F,UNVERIFIED_PUBLISH_PATH|DORMANT|PUBLISHER_NOT_MAINTAINER,3,778872,v0.2.0
'@turf/boolean-concave,7.3.5,87,A,,8,778359,v0.2.0
compromise,14.16.0,77,B,INCONSISTENT_PUBLISH_PATH,3,777546,v0.2.0
'@langchain/community,1.1.29,82,B,DEPRECATED,2,777338,v0.2.0
'@turf/nearest-neighbor-analysis,7.3.5,87,A,,8,777246,v0.2.0
'@turf/quadrat-analysis,7.3.5,87,A,,8,777056,v0.2.0
'@icons-pack/react-simple-icons,13.13.0,68,C,SINGLE_MAINTAINER,1,775674,v0.2.0
lightweight-charts,5.2.0,39,D,UNVERIFIED_PUBLISH_PATH,5,773247,v0.2.0
'@ckeditor/ckeditor5-heading,48.3.1,38,D,UNVERIFIED_PUBLISH_PATH|SINGLE_MAINTAINER,1,773204,v0.2.0
'@ckeditor/ckeditor5-link,48.3.1,38,D,UNVERIFIED_PUBLISH_PATH|SINGLE_MAINTAINER,1,772561,v0.2.0
'@grafana/faro-web-sdk,2.8.2,94,A,BRANCH_REQUIRES_SIGNATURES|BRANCH_REQUIRES_PR,2,770609,v0.2.0
nostics,1.2.0,72,B,INCONSISTENT_PUBLISH_PATH,3,770286,v0.2.0
flag-icons,7.5.0,25,F,UNVERIFIED_PUBLISH_PATH|SINGLE_MAINTAINER,1,767152,v0.2.0
lucide,1.25.0,68,C,SINGLE_MAINTAINER,1,762367,v0.2.0
'@ckeditor/ckeditor5-basic-styles,48.3.1,38,D,UNVERIFIED_PUBLISH_PATH|SINGLE_MAINTAINER,1,760611,v0.2.0
'@grafana/faro-core,2.8.2,94,A,BRANCH_REQUIRES_SIGNATURES|BRANCH_REQUIRES_PR,2,759448,v0.2.0
dashjs,5.2.0,39,D,UNVERIFIED_PUBLISH_PATH,4,758197,v0.2.0
braintree-web,3.143.0,25,F,UNVERIFIED_PUBLISH_PATH|SINGLE_MAINTAINER,1,756183,v0.2.0
fzstd,0.1.1,19,F,UNVERIFIED_PUBLISH_PATH|DORMANT|SINGLE_MAINTAINER,1,755615,v0.2.0
'@capacitor/preferences,8.0.1,69,C,REPO_LINKAGE_MISMATCH,18,754675,v0.2.0
nostr-tools,2.23.12,25,F,UNVERIFIED_PUBLISH_PATH|SINGLE_MAINTAINER,1,753750,v0.2.0
leaflet.markercluster,1.5.3,33,F,UNVERIFIED_PUBLISH_PATH|DORMANT,2,753256,v0.2.0
'@ckeditor/ckeditor5-media-embed,48.3.1,38,D,UNVERIFIED_PUBLISH_PATH|SINGLE_MAINTAINER,1,752938,v0.2.0
autosize,6.0.1,19,F,UNVERIFIED_PUBLISH_PATH|DORMANT|SINGLE_MAINTAINER,1,751443,v0.2.0
bootstrap-icons,1.13.1,39,D,UNVERIFIED_PUBLISH_PATH,3,750249,v0.2.0
'@twilio/voice-sdk,2.18.3,34,F,UNVERIFIED_PUBLISH_PATH|PUBLISHER_NOT_MAINTAINER,3,750073,v0.2.0
'@ckeditor/ckeditor5-autoformat,48.3.1,38,D,UNVERIFIED_PUBLISH_PATH|SINGLE_MAINTAINER,1,748398,v0.2.0
'@ckeditor/ckeditor5-indent,48.3.1,38,D,UNVERIFIED_PUBLISH_PATH|SINGLE_MAINTAINER,1,748231,v0.2.0
'@ckeditor/ckeditor5-block-quote,48.3.1,38,D,UNVERIFIED_PUBLISH_PATH|SINGLE_MAINTAINER,1,746493,v0.2.0
vanilla-colorful,0.7.2,19,F,UNVERIFIED_PUBLISH_PATH|DORMANT|SINGLE_MAINTAINER,1,746144,v0.2.0
docxtemplater,3.69.0,31,F,UNVERIFIED_PUBLISH_PATH|SINGLE_MAINTAINER,1,745919,v0.2.0
rss-parser,3.13.0,19,F,UNVERIFIED_PUBLISH_PATH|DORMANT|SINGLE_MAINTAINER,1,743518,v0.2.0
aws-crt,1.32.2,34,F,UNVERIFIED_PUBLISH_PATH,2,741114,v0.2.0
'@primeuix/themes,3.0.0,30,F,UNVERIFIED_PUBLISH_PATH,2,740031,v0.2.0
'@amplitude/plugin-event-property-attribution-browser,0.2.9,79,B,INCONSISTENT_PUBLISH_PATH,6,739888,v0.2.0
'@aws-sdk/client-rds-data,3.1090.0,41,D,UNVERIFIED_PUBLISH_PATH,2,739790,v0.2.0
countup.js,2.10.1,25,F,UNVERIFIED_PUBLISH_PATH|SINGLE_MAINTAINER,1,739566,v0.2.0
regl,2.1.1,33,F,UNVERIFIED_PUBLISH_PATH|DORMANT,5,736775,v0.2.0
'@aws-sdk/util-utf8,3.374.0,35,D,UNVERIFIED_PUBLISH_PATH|DORMANT|DEPRECATED|BRANCH_REQUIRES_PR,2,736113,v0.2.0
primeng,22.0.0,30,F,UNVERIFIED_PUBLISH_PATH,4,732347,v0.2.0
'@aws-sdk/md5-js,3.374.0,35,D,UNVERIFIED_PUBLISH_PATH|DORMANT|DEPRECATED|BRANCH_REQUIRES_PR,2,731292,v0.2.0
'@rails/ujs,7.1.3-4,40,D,UNVERIFIED_PUBLISH_PATH|DORMANT,8,730397,v0.2.0
'@ckeditor/ckeditor5-ckfinder,48.3.1,38,D,UNVERIFIED_PUBLISH_PATH|SINGLE_MAINTAINER,1,727882,v0.2.0
countries-list,3.4.1,80,B,SINGLE_MAINTAINER,1,726587,v0.2.0
bson-objectid,2.0.4,33,F,UNVERIFIED_PUBLISH_PATH|DORMANT,3,723314,v0.2.0
'@expo-google-fonts/inter,0.4.2,39,D,UNVERIFIED_PUBLISH_PATH,4,721333,v0.2.0
countries-and-timezones,3.9.0,25,F,UNVERIFIED_PUBLISH_PATH|SINGLE_MAINTAINER|BRANCH_REQUIRES_PR,1,720204,v0.2.0
'@zxing/browser,0.2.1,82,B,,2,716792,v0.2.0
react-responsive-carousel,3.2.23,19,F,UNVERIFIED_PUBLISH_PATH|DORMANT|SINGLE_MAINTAINER,1,714960,v0.2.0
date-holidays,3.33.0,20,F,UNVERIFIED_PUBLISH_PATH|SINGLE_MAINTAINER,1,713899,v0.2.0
'@coinbase/cdp-sdk,1.53.0,78,B,INCONSISTENT_PUBLISH_PATH,2,713151,v0.2.0
jalaali-js,2.0.0,25,F,UNVERIFIED_PUBLISH_PATH|SINGLE_MAINTAINER,1,712458,v0.2.0
bwip-js,4.11.2,39,D,UNVERIFIED_PUBLISH_PATH,2,711914,v0.2.0
postprocessing,6.39.2,73,B,SINGLE_MAINTAINER,1,710060,v0.2.0
n-gram,2.0.2,33,F,UNVERIFIED_PUBLISH_PATH|DORMANT,2,708041,v0.2.0
'@microsoft/applicationinsights-cfgsync-js,3.4.3,47,D,UNVERIFIED_PUBLISH_PATH,3,704649,v0.2.0
select2,4.1.0,73,B,SINGLE_MAINTAINER|BRANCH_REQUIRES_PR,1,703397,v0.2.0
'@deck.gl/core,9.3.7,39,D,UNVERIFIED_PUBLISH_PATH,5,699875,v0.2.0
astronomia,4.2.0,20,F,UNVERIFIED_PUBLISH_PATH|SINGLE_MAINTAINER,1,698579,v0.2.0
dot,1.1.3,33,F,UNVERIFIED_PUBLISH_PATH|DORMANT,2,695822,v0.2.0
speech-rule-engine,5.0.0-rc.4,20,F,UNVERIFIED_PUBLISH_PATH|SINGLE_MAINTAINER,1,695701,v0.2.0
'@pinecone-database/pinecone,8.0.0,73,B,SINGLE_MAINTAINER,1,694461,v0.2.0
ol,10.9.0,77,B,INCONSISTENT_PUBLISH_PATH,3,693705,v0.2.0
'@ckeditor/ckeditor5-ckbox,48.3.1,38,D,UNVERIFIED_PUBLISH_PATH|SINGLE_MAINTAINER,1,693376,v0.2.0
'@docsearch/js,4.6.3,46,D,UNVERIFIED_PUBLISH_PATH,5,687571,v0.2.0
morphdom,2.7.8,39,D,UNVERIFIED_PUBLISH_PATH,6,683777,v0.2.0
'@amplitude/analytics-remote-config,0.6.3,46,D,UNVERIFIED_PUBLISH_PATH,6,681965,v0.2.0
numbro,2.5.0,33,F,UNVERIFIED_PUBLISH_PATH|DORMANT,2,681170,v0.2.0
hi-base32,0.5.1,19,F,UNVERIFIED_PUBLISH_PATH|DORMANT|SINGLE_MAINTAINER,1,679416,v0.2.0
react-ace,14.0.1,25,F,UNVERIFIED_PUBLISH_PATH|SINGLE_MAINTAINER,1,679219,v0.2.0
'@svgdotjs/svg.js,3.2.6,39,D,UNVERIFIED_PUBLISH_PATH,2,678735,v0.2.0
react-phone-input-2,2.15.1,19,F,UNVERIFIED_PUBLISH_PATH|DORMANT|SINGLE_MAINTAINER,1,677599,v0.2.0
'@medv/finder,4.0.2,19,F,UNVERIFIED_PUBLISH_PATH|DORMANT|SINGLE_MAINTAINER,1,676410,v0.2.0
emojibase-data,17.0.0,25,F,UNVERIFIED_PUBLISH_PATH|SINGLE_MAINTAINER,1,670986,v0.2.0
'@inversifyjs/container,3.1.1,27,F,UNVERIFIED_PUBLISH_PATH|SINGLE_MAINTAINER,1,670353,v0.2.0
vega,6.2.0,52,C,UNVERIFIED_PUBLISH_PATH,5,669886,v0.2.0
web3,4.16.0,27,F,UNVERIFIED_PUBLISH_PATH|DORMANT|SINGLE_MAINTAINER|PUBLISHER_NOT_MAINTAINER,1,668411,v0.2.0
get-size,3.0.0,19,F,UNVERIFIED_PUBLISH_PATH|DORMANT|SINGLE_MAINTAINER,1,667616,v0.2.0
plotly.js,3.7.0,45,D,UNVERIFIED_PUBLISH_PATH,14,667221,v0.2.0
markdown-it-emoji,3.0.0,19,F,UNVERIFIED_PUBLISH_PATH|DORMANT|SINGLE_MAINTAINER,1,666427,v0.2.0
'@fontsource/jetbrains-mono,5.2.8,71,B,,2,666380,v0.2.0
typesense,3.0.6,39,D,UNVERIFIED_PUBLISH_PATH,4,662806,v0.2.0
trigram-utils,2.0.1,19,F,UNVERIFIED_PUBLISH_PATH|DORMANT|SINGLE_MAINTAINER,1,660733,v0.2.0
'@microsoft/teams-js,2.54.0,47,D,UNVERIFIED_PUBLISH_PATH,4,658837,v0.2.0
wicked-good-xpath,1.3.0,19,F,UNVERIFIED_PUBLISH_PATH|DORMANT|SINGLE_MAINTAINER,1,658632,v0.2.0
embla-carousel-auto-scroll,8.6.0,25,F,UNVERIFIED_PUBLISH_PATH|SINGLE_MAINTAINER,1,656120,v0.2.0
force-graph,1.51.4,25,F,UNVERIFIED_PUBLISH_PATH|SINGLE_MAINTAINER,1,655649,v0.2.0
vega-lite,6.4.3,46,D,UNVERIFIED_PUBLISH_PATH,6,655468,v0.2.0
'@azure/cosmos,4.9.3,47,D,UNVERIFIED_PUBLISH_PATH,3,655442,v0.2.0
ionicons,8.0.13,76,B,,4,654783,v0.2.0
'@scalar/snippetz,0.9.23,89,A,,8,654758,v0.2.0
'@phosphor-icons/core,2.1.1,14,F,UNVERIFIED_PUBLISH_PATH|DORMANT|SINGLE_MAINTAINER,1,654282,v0.2.0
datatables.net,2.3.8,25,F,UNVERIFIED_PUBLISH_PATH|SINGLE_MAINTAINER,1,653971,v0.2.0
'@revenuecat/purchases-js,1.47.3,46,D,UNVERIFIED_PUBLISH_PATH,12,647330,v0.2.0
'@tensorflow/tfjs-backend-cpu,4.22.0,33,F,UNVERIFIED_PUBLISH_PATH|DORMANT,10,645309,v0.2.0
svg-pan-zoom,3.6.2,33,F,UNVERIFIED_PUBLISH_PATH|DORMANT,3,644237,v0.2.0
hls-video-element,1.5.11,81,B,,4,644131,v0.2.0
expo-sqlite,57.0.1,45,D,UNVERIFIED_PUBLISH_PATH,11,642571,v0.2.0
'@elevenlabs/client,1.15.1,82,B,,5,639981,v0.2.0
'@mdi/font,7.4.47,33,F,UNVERIFIED_PUBLISH_PATH|DORMANT,6,639934,v0.2.0
'@elevenlabs/elevenlabs-js,2.58.0,87,A,,5,637743,v0.2.0
'@vuepic/vue-datepicker,14.0.0,26,F,UNVERIFIED_PUBLISH_PATH|SINGLE_MAINTAINER,1,632981,v0.2.0
'@grafana/faro-web-tracing,2.8.2,94,A,,2,630488,v0.2.0
moment-duration-format,2.3.2,19,F,UNVERIFIED_PUBLISH_PATH|DORMANT|SINGLE_MAINTAINER,1,629984,v0.2.0
store,2.0.12,19,F,UNVERIFIED_PUBLISH_PATH|DORMANT|SINGLE_MAINTAINER,1,627486,v0.2.0
hyparquet,1.26.2,39,D,UNVERIFIED_PUBLISH_PATH,2,626478,v0.2.0
overlayscrollbars,2.16.0,25,F,UNVERIFIED_PUBLISH_PATH|SINGLE_MAINTAINER,1,625539,v0.2.0
jsonp,0.2.1,33,F,UNVERIFIED_PUBLISH_PATH|DORMANT,3,624345,v0.2.0
binaryen,131.0.0,87,A,,2,622035,v0.2.0
laravel-echo,2.4.0,68,C,SINGLE_MAINTAINER,1,620267,v0.2.0
primevue,5.0.0,30,F,UNVERIFIED_PUBLISH_PATH,3,620192,v0.2.0
intl,1.2.5,33,F,UNVERIFIED_PUBLISH_PATH|DORMANT,2,619447,v0.2.0
videojs-contrib-quality-levels,4.1.0,33,F,UNVERIFIED_PUBLISH_PATH|DORMANT,21,618670,v0.2.0
'@whiskeysockets/baileys,7.0.0-rc13,83,B,INCONSISTENT_PUBLISH_PATH,3,617450,v0.2.0
'@scalar/workspace-store,0.55.6,89,A,,8,616617,v0.2.0
vis-network,10.1.0,39,D,UNVERIFIED_PUBLISH_PATH,4,615834,v0.2.0
element-plus,2.14.3,94,A,,2,615315,v0.2.0
mathjax-full,3.2.2,19,F,UNVERIFIED_PUBLISH_PATH|DORMANT|SINGLE_MAINTAINER|DEPRECATED,1,613392,v0.2.0
'@scalar/components,0.27.9,89,A,,8,612763,v0.2.0
number-to-words,1.2.4,19,F,UNVERIFIED_PUBLISH_PATH|DORMANT|SINGLE_MAINTAINER,1,612132,v0.2.0
'@scalar/icons,0.7.5,89,A,,8,607896,v0.2.0
animate.css,4.1.1,39,D,UNVERIFIED_PUBLISH_PATH|DORMANT,2,607655,v0.2.0
'@material/menu-surface,14.0.0,33,F,UNVERIFIED_PUBLISH_PATH|DORMANT,14,605221,v0.2.0
'@types/less,3.0.8,33,F,UNVERIFIED_PUBLISH_PATH|SINGLE_MAINTAINER,1,603197,v0.2.0
dropzone,6.0.0-beta.2,19,F,UNVERIFIED_PUBLISH_PATH|DORMANT|SINGLE_MAINTAINER,1,602932,v0.2.0
dom7,4.0.6,19,F,UNVERIFIED_PUBLISH_PATH|DORMANT|SINGLE_MAINTAINER,1,600669,v0.2.0
'@sqlite.org/sqlite-wasm,3.53.0-build1,39,D,UNVERIFIED_PUBLISH_PATH,2,597273,v0.2.0
'@mapbox/polyline,1.2.1,33,F,UNVERIFIED_PUBLISH_PATH|DORMANT,28,596501,v0.2.0
'@webcomponents/custom-elements,1.6.0,41,D,UNVERIFIED_PUBLISH_PATH|DORMANT,6,596436,v0.2.0
'@fontsource/ibm-plex-mono,5.2.7,71,B,,2,595512,v0.2.0
blueimp-canvas-to-blob,3.29.0,19,F,UNVERIFIED_PUBLISH_PATH|DORMANT|SINGLE_MAINTAINER,1,586382,v0.2.0
instantsearch.js,4.106.0,39,D,UNVERIFIED_PUBLISH_PATH,7,584062,v0.2.0
iframe-resizer,5.5.9,31,F,UNVERIFIED_PUBLISH_PATH|SINGLE_MAINTAINER,1,583953,v0.2.0
'@pagefind/default-ui,1.5.2,81,B,SINGLE_MAINTAINER,1,583233,v0.2.0
'@tensorflow/tfjs-converter,4.22.0,33,F,UNVERIFIED_PUBLISH_PATH|DORMANT,10,581430,v0.2.0
'@fontsource-variable/jetbrains-mono,5.2.8,71,B,,2,581155,v0.2.0
'@deepgram/sdk,5.6.0,46,D,UNVERIFIED_PUBLISH_PATH,4,581046,v0.2.0
'@hugeicons/core-free-icons,4.2.2,16,F,UNVERIFIED_PUBLISH_PATH|SINGLE_MAINTAINER,1,580289,v0.2.0
'@uppy/dashboard,5.1.1,45,D,UNVERIFIED_PUBLISH_PATH,4,580132,v0.2.0
i18n-js,4.5.3,32,F,UNVERIFIED_PUBLISH_PATH|SINGLE_MAINTAINER,1,577126,v0.2.0
'@scalar/typebox,0.1.3,34,F,UNVERIFIED_PUBLISH_PATH,8,575045,v0.2.0
adaptivecards,3.0.6,38,D,UNVERIFIED_PUBLISH_PATH|SINGLE_MAINTAINER|BRANCH_REQUIRES_PR,1,574746,v0.2.0
interactjs,1.10.27,19,F,UNVERIFIED_PUBLISH_PATH|DORMANT|SINGLE_MAINTAINER,1,573273,v0.2.0
polygon-clipping,0.15.7,19,F,UNVERIFIED_PUBLISH_PATH|DORMANT|SINGLE_MAINTAINER,1,573022,v0.2.0
custom-event-polyfill,1.0.7,33,F,UNVERIFIED_PUBLISH_PATH|DORMANT,2,568233,v0.2.0
'@revenuecat/purchases-js-hybrid-mappings,18.22.2,46,D,UNVERIFIED_PUBLISH_PATH,12,568028,v0.2.0
pica,10.0.2,25,F,UNVERIFIED_PUBLISH_PATH|SINGLE_MAINTAINER,1,567614,v0.2.0
'@vscode/codicons,0.0.45,40,D,UNVERIFIED_PUBLISH_PATH,6,566442,v0.2.0
ngx-toastr,20.0.5,73,B,SINGLE_MAINTAINER,1,563959,v0.2.0
vanilla-picker,2.12.3,19,F,UNVERIFIED_PUBLISH_PATH|DORMANT|SINGLE_MAINTAINER,1,563654,v0.2.0
'@shopify/graphql-client,1.4.2,89,A,,6,561787,v0.2.0
'@amplitude/experiment-js-client,1.21.3,87,A,,6,560931,v0.2.0
youtube-video-element,1.9.0,81,B,,4,560135,v0.2.0
'@fontsource/open-sans,5.2.7,71,B,,2,559919,v0.2.0
flowbite,4.0.2,25,F,UNVERIFIED_PUBLISH_PATH|SINGLE_MAINTAINER,1,559772,v0.2.0
jsencrypt,3.5.4,25,F,UNVERIFIED_PUBLISH_PATH|SINGLE_MAINTAINER,1,558653,v0.2.0
alpinejs,3.15.12,63,C,INCONSISTENT_PUBLISH_PATH|SINGLE_MAINTAINER,1,554225,v0.2.0
angular,1.8.3,25,F,UNVERIFIED_PUBLISH_PATH|DORMANT|SINGLE_MAINTAINER|DEPRECATED,1,553408,v0.2.0
xlsx-js-style,1.2.0,19,F,UNVERIFIED_PUBLISH_PATH|DORMANT|SINGLE_MAINTAINER,1,552779,v0.2.0
vimeo-video-element,1.7.2,81,B,,2,552494,v0.2.0
trix,2.1.19,39,D,UNVERIFIED_PUBLISH_PATH,5,548924,v0.2.0
tablesort,5.7.1,25,F,UNVERIFIED_PUBLISH_PATH|SINGLE_MAINTAINER,1,548823,v0.2.0
cloudflare-video-element,1.3.5,71,B,,2,548446,v0.2.0
super-media-element,1.4.2,65,C,DORMANT,2,546962,v0.2.0
simple-icons,16.26.0,87,A,,4,546819,v0.2.0
interval-tree-1d,1.0.4,19,F,UNVERIFIED_PUBLISH_PATH|DORMANT|SINGLE_MAINTAINER,1,545987,v0.2.0
'@cspell/dict-en-gb,5.0.30,73,B,SINGLE_MAINTAINER,1,545228,v0.2.0
'@fingerprintjs/fingerprintjs-pro,3.12.12,35,D,UNVERIFIED_PUBLISH_PATH,2,545226,v0.2.0
'@fontsource/poppins,5.2.7,71,B,,2,543343,v0.2.0
react-dates,21.8.0,33,F,UNVERIFIED_PUBLISH_PATH|DORMANT,7,540296,v0.2.0
'@mapbox/mapbox-gl-draw,1.5.1,46,D,UNVERIFIED_PUBLISH_PATH,28,538709,v0.2.0
google-proto-files,5.0.2,32,F,UNVERIFIED_PUBLISH_PATH|SINGLE_MAINTAINER,1,538493,v0.2.0
'@react-three/postprocessing,3.0.4,34,F,UNVERIFIED_PUBLISH_PATH,5,537864,v0.2.0
'@atlaskit/primitives,22.0.0,16,F,UNVERIFIED_PUBLISH_PATH|SINGLE_MAINTAINER,1,537621,v0.2.0
twig,3.0.0,39,D,UNVERIFIED_PUBLISH_PATH,7,537558,v0.2.0
'@xenova/transformers,2.17.2,19,F,UNVERIFIED_PUBLISH_PATH|DORMANT|SINGLE_MAINTAINER,1,534947,v0.2.0
qr-code-styling,1.9.2,25,F,UNVERIFIED_PUBLISH_PATH|SINGLE_MAINTAINER,1,534140,v0.2.0
'@fluentui/react-icons,2.0.333,52,C,UNVERIFIED_PUBLISH_PATH,10,533338,v0.2.0
'@ffmpeg/ffmpeg,0.12.15,28,F,UNVERIFIED_PUBLISH_PATH|DORMANT,3,532795,v0.2.0
scriptjs,2.5.9,33,F,UNVERIFIED_PUBLISH_PATH|DORMANT,2,532136,v0.2.0
isoformat,0.2.1,19,F,UNVERIFIED_PUBLISH_PATH|DORMANT|SINGLE_MAINTAINER,1,531773,v0.2.0
node-vibrant,4.0.4,39,D,UNVERIFIED_PUBLISH_PATH,2,528415,v0.2.0
arc,1.0.0,39,D,UNVERIFIED_PUBLISH_PATH,3,527103,v0.2.0
'@blueprintjs/icons,6.13.0,15,F,UNVERIFIED_PUBLISH_PATH|SINGLE_MAINTAINER|PUBLISHER_NOT_MAINTAINER,1,526991,v0.2.0
'@observablehq/plot,0.6.17,39,D,UNVERIFIED_PUBLISH_PATH,4,526328,v0.2.0
geolib,3.3.14,73,B,SINGLE_MAINTAINER,1,525162,v0.2.0
'@typeform/embed,6.0.0,94,A,,2,524813,v0.2.0
payload,3.86.0,47,D,UNVERIFIED_PUBLISH_PATH,11,521798,v0.2.0
markdown-it-sup,2.0.0,19,F,UNVERIFIED_PUBLISH_PATH|DORMANT|SINGLE_MAINTAINER,1,521641,v0.2.0
focus-visible,5.2.1,33,F,UNVERIFIED_PUBLISH_PATH|DORMANT,2,517224,v0.2.0
'@ckeditor/ckeditor5-emoji,48.3.1,38,D,UNVERIFIED_PUBLISH_PATH|SINGLE_MAINTAINER,1,516637,v0.2.0
'@scalar/api-client,3.13.7,89,A,,8,516215,v0.2.0
automation-events,8.0.1,25,F,UNVERIFIED_PUBLISH_PATH|SINGLE_MAINTAINER,1,514579,v0.2.0
'@ng-select/ng-select,23.2.0,77,B,INCONSISTENT_PUBLISH_PATH,2,514517,v0.2.0
'@element-plus/icons-vue,2.3.2,72,B,,3,513613,v0.2.0
unique-names-generator,4.7.1,14,F,UNVERIFIED_PUBLISH_PATH|DORMANT|SINGLE_MAINTAINER,1,513236,v0.2.0
'@phosphor-icons/webcomponents,2.1.5,28,F,UNVERIFIED_PUBLISH_PATH|DORMANT,2,512706,v0.2.0
vue-virtual-scroller,3.0.4,20,F,UNVERIFIED_PUBLISH_PATH|SINGLE_MAINTAINER,1,510219,v0.2.0
ogl,1.0.11,25,F,UNVERIFIED_PUBLISH_PATH|SINGLE_MAINTAINER,1,509851,v0.2.0
hashids,2.3.0,33,F,UNVERIFIED_PUBLISH_PATH|DORMANT,2,508747,v0.2.0
'@formatjs/intl-relativetimeformat,12.3.13,82,B,,3,508010,v0.2.0
'@rrweb/record,2.1.0,83,B,INCONSISTENT_PUBLISH_PATH,2,507006,v0.2.0
cldrjs,0.5.5,19,F,UNVERIFIED_PUBLISH_PATH|DORMANT|SINGLE_MAINTAINER,1,506807,v0.2.0
gridstack,12.6.0,39,D,UNVERIFIED_PUBLISH_PATH,3,506643,v0.2.0
'@openrouter/sdk,0.13.65,77,B,INCONSISTENT_PUBLISH_PATH,7,504482,v0.2.0
markdown-it-footnote,4.0.0,19,F,UNVERIFIED_PUBLISH_PATH|DORMANT|SINGLE_MAINTAINER,1,504075,v0.2.0
'@daily-co/daily-js,0.91.0,35,D,UNVERIFIED_PUBLISH_PATH,15,503087,v0.2.0
downloadjs,1.4.7,19,F,UNVERIFIED_PUBLISH_PATH|DORMANT|SINGLE_MAINTAINER,1,501843,v0.2.0
'@mdi/js,7.4.47,33,F,UNVERIFIED_PUBLISH_PATH|DORMANT,6,501133,v0.2.0
xterm,5.3.0,33,F,UNVERIFIED_PUBLISH_PATH|DORMANT|DEPRECATED,2,500534,v0.2.0
vega-embed,7.1.0,39,D,UNVERIFIED_PUBLISH_PATH,6,499747,v0.2.0
humanize,0.0.9,14,F,UNVERIFIED_PUBLISH_PATH|DORMANT|SINGLE_MAINTAINER,1,497650,v0.2.0
instantsearch-ui-components,0.33.1,39,D,UNVERIFIED_PUBLISH_PATH,6,496248,v0.2.0
standardized-audio-context,25.3.77,19,F,UNVERIFIED_PUBLISH_PATH|DORMANT|SINGLE_MAINTAINER,1,492850,v0.2.0
'@iconify-json/lucide,1.2.118,21,F,UNVERIFIED_PUBLISH_PATH|SINGLE_MAINTAINER,1,490993,v0.2.0
'@tensorflow/tfjs-backend-webgl,4.22.0,33,F,UNVERIFIED_PUBLISH_PATH|DORMANT,10,490040,v0.2.0
floating-vue,5.2.2,28,F,UNVERIFIED_PUBLISH_PATH|DORMANT,2,489981,v0.2.0
web-haptics,0.0.6,20,F,UNVERIFIED_PUBLISH_PATH|SINGLE_MAINTAINER,1,489119,v0.2.0
bootstrap.native,5.1.10,62,C,SINGLE_MAINTAINER,1,488378,v0.2.0
colorthief,3.4.0,25,F,UNVERIFIED_PUBLISH_PATH|SINGLE_MAINTAINER,1,486986,v0.2.0
split.js,1.6.5,19,F,UNVERIFIED_PUBLISH_PATH|DORMANT|SINGLE_MAINTAINER,1,485422,v0.2.0
'@cfcs/core,0.1.0,19,F,UNVERIFIED_PUBLISH_PATH|DORMANT|SINGLE_MAINTAINER,1,485113,v0.2.0
moment-range,4.0.2,28,F,UNVERIFIED_PUBLISH_PATH|DORMANT,4,484502,v0.2.0
react-list,0.8.19,25,F,UNVERIFIED_PUBLISH_PATH|SINGLE_MAINTAINER,1,483682,v0.2.0
rollbar,3.1.0,45,D,UNVERIFIED_PUBLISH_PATH,4,482417,v0.2.0
'@xterm/addon-search,0.16.0,25,F,UNVERIFIED_PUBLISH_PATH|SINGLE_MAINTAINER,1,481954,v0.2.0
'@mermaid-js/layout-elk,0.2.2,82,B,,6,481690,v0.2.0
'@egjs/list-differ,1.0.1,33,F,UNVERIFIED_PUBLISH_PATH|DORMANT,12,481347,v0.2.0
'@vuelidate/core,2.0.3,39,D,UNVERIFIED_PUBLISH_PATH|DORMANT,3,480568,v0.2.0
mutationobserver-shim,0.3.7,19,F,UNVERIFIED_PUBLISH_PATH|DORMANT|SINGLE_MAINTAINER,1,480111,v0.2.0
'@vuelidate/validators,2.0.4,39,D,UNVERIFIED_PUBLISH_PATH|DORMANT,3,478168,v0.2.0
markdown-it-container,4.0.0,19,F,UNVERIFIED_PUBLISH_PATH|DORMANT|SINGLE_MAINTAINER,1,477942,v0.2.0
simplebar,6.3.3,25,F,UNVERIFIED_PUBLISH_PATH|SINGLE_MAINTAINER,1,477909,v0.2.0
diff2html,3.4.56,31,F,UNVERIFIED_PUBLISH_PATH|SINGLE_MAINTAINER,1,477121,v0.2.0
tronweb,6.4.0,39,D,UNVERIFIED_PUBLISH_PATH,2,475907,v0.2.0
'@contentful/live-preview,4.10.12,46,D,UNVERIFIED_PUBLISH_PATH,4,475205,v0.2.0
'@ckeditor/ckeditor5-bookmark,48.3.1,38,D,UNVERIFIED_PUBLISH_PATH|SINGLE_MAINTAINER,1,473384,v0.2.0
pmtiles,4.4.1,21,F,UNVERIFIED_PUBLISH_PATH|SINGLE_MAINTAINER,1,472635,v0.2.0
'@blueprintjs/core,6.17.2,15,F,UNVERIFIED_PUBLISH_PATH|SINGLE_MAINTAINER|PUBLISHER_NOT_MAINTAINER,1,472434,v0.2.0
qunit,2.26.0,45,D,UNVERIFIED_PUBLISH_PATH,5,469644,v0.2.0
unleash-proxy-client,3.8.0,39,D,UNVERIFIED_PUBLISH_PATH,3,469153,v0.2.0
'@scalar/api-reference,1.62.9,89,A,,8,468706,v0.2.0
loadjs,4.3.0,19,F,UNVERIFIED_PUBLISH_PATH|DORMANT|SINGLE_MAINTAINER,1,467737,v0.2.0
'@unhead/dom,3.1.8,74,B,SINGLE_MAINTAINER,1,467685,v0.2.0
photoswipe,5.4.4,19,F,UNVERIFIED_PUBLISH_PATH|DORMANT|SINGLE_MAINTAINER,1,466404,v0.2.0
embla-carousel-auto-height,8.6.0,25,F,UNVERIFIED_PUBLISH_PATH|SINGLE_MAINTAINER,1,463599,v0.2.0
'@fullcalendar/premium-common,6.1.21,20,F,UNVERIFIED_PUBLISH_PATH|SINGLE_MAINTAINER,1,462592,v0.2.0
'@capacitor/network,8.0.1,69,C,REPO_LINKAGE_MISMATCH,18,461716,v0.2.0
markdown-it-sub,2.0.0,19,F,UNVERIFIED_PUBLISH_PATH|DORMANT|SINGLE_MAINTAINER,1,461657,v0.2.0
choices.js,11.2.3,87,A,,2,460838,v0.2.0
cohere-ai,8.0.0,87,A,,5,460817,v0.2.0
expr-eval,2.0.2,19,F,UNVERIFIED_PUBLISH_PATH|DORMANT|SINGLE_MAINTAINER,1,456929,v0.2.0
write-excel-file,4.1.1,21,F,UNVERIFIED_PUBLISH_PATH|SINGLE_MAINTAINER,1,456389,v0.2.0
'@egjs/component,3.0.5,33,F,UNVERIFIED_PUBLISH_PATH|DORMANT,12,455338,v0.2.0
'@egjs/children-differ,1.0.1,33,F,UNVERIFIED_PUBLISH_PATH|DORMANT,12,454597,v0.2.0
yet-another-react-lightbox,3.32.1,79,B,SINGLE_MAINTAINER,1,453933,v0.2.0
'@unhead/shared,3.1.8,74,B,SINGLE_MAINTAINER,1,453068,v0.2.0
airtable,0.12.2,33,F,UNVERIFIED_PUBLISH_PATH|DORMANT,14,453023,v0.2.0
'@zxcvbn-ts/language-en,4.1.1,31,F,UNVERIFIED_PUBLISH_PATH|SINGLE_MAINTAINER,1,451704,v0.2.0
'@amplitude/engagement-browser,1.0.11,35,D,UNVERIFIED_PUBLISH_PATH,6,450710,v0.2.0
'@pulumi/kubernetes,4.33.0,39,D,UNVERIFIED_PUBLISH_PATH,2,450107,v0.2.0
'@shopify/storefront-api-client,1.0.10,89,A,,6,447496,v0.2.0
nouislider,15.8.1,19,F,UNVERIFIED_PUBLISH_PATH|DORMANT|SINGLE_MAINTAINER,1,445983,v0.2.0
fizzy-ui-utils,3.0.0,19,F,UNVERIFIED_PUBLISH_PATH|DORMANT|SINGLE_MAINTAINER,1,445659,v0.2.0
'@stomp/stompjs,7.3.0,87,A,,2,444322,v0.2.0
'@clerk/clerk-js,6.25.5,82,B,BRANCH_REQUIRES_PR,6,444112,v0.2.0
'@fontsource-variable/geist-mono,5.2.8,81,B,,2,442834,v0.2.0
recoil,0.7.7,33,F,UNVERIFIED_PUBLISH_PATH|DORMANT,3,441916,v0.2.0
'@ag-grid-community/core,32.3.9,45,D,UNVERIFIED_PUBLISH_PATH,3,441813,v0.2.0
'@splinetool/runtime,1.12.98,39,D,UNVERIFIED_PUBLISH_PATH,3,441630,v0.2.0
'@excalidraw/excalidraw,0.18.1,34,F,UNVERIFIED_PUBLISH_PATH,2,441256,v0.2.0
material-symbols,0.45.8,73,B,SINGLE_MAINTAINER,1,440955,v0.2.0
'@duckdb/duckdb-wasm,1.33.1-dev57.0,87,A,,2,432857,v0.2.0
'@paper-design/shaders,0.0.77,35,D,UNVERIFIED_PUBLISH_PATH,4,432789,v0.2.0
markdown-it-mark,4.0.0,19,F,UNVERIFIED_PUBLISH_PATH|DORMANT|SINGLE_MAINTAINER,1,431963,v0.2.0
hardhat,3.10.0,68,C,SINGLE_MAINTAINER,1,431072,v0.2.0
selecto,1.26.3,19,F,UNVERIFIED_PUBLISH_PATH|DORMANT|SINGLE_MAINTAINER,1,429959,v0.2.0
'@adyen/adyen-web,6.41.0,84,B,INCONSISTENT_PUBLISH_PATH|BRANCH_REQUIRES_PR,6,429126,v0.2.0
'@ffmpeg/util,0.12.2,28,F,UNVERIFIED_PUBLISH_PATH|DORMANT,3,428456,v0.2.0
chartjs-plugin-zoom,2.2.0,33,F,UNVERIFIED_PUBLISH_PATH|DORMANT,3,428098,v0.2.0
lunr-languages,1.20.0,32,F,UNVERIFIED_PUBLISH_PATH|SINGLE_MAINTAINER,1,424580,v0.2.0
react-native-paper,5.15.3,39,D,UNVERIFIED_PUBLISH_PATH,8,424260,v0.2.0
'@pulumi/gcp,9.30.0,39,D,UNVERIFIED_PUBLISH_PATH,2,423929,v0.2.0
modern-normalize,3.0.1,19,F,UNVERIFIED_PUBLISH_PATH|DORMANT|SINGLE_MAINTAINER,1,423552,v0.2.0
desandro-matches-selector,2.0.2,19,F,UNVERIFIED_PUBLISH_PATH|DORMANT|SINGLE_MAINTAINER,1,417424,v0.2.0
uplot,1.6.32,25,F,UNVERIFIED_PUBLISH_PATH|SINGLE_MAINTAINER,1,415610,v0.2.0
d3-cloud,1.2.9,25,F,UNVERIFIED_PUBLISH_PATH|SINGLE_MAINTAINER,1,414659,v0.2.0
'@tensorflow/tfjs-layers,4.22.0,33,F,UNVERIFIED_PUBLISH_PATH|DORMANT,10,412779,v0.2.0
'@tensorflow/tfjs,4.22.0,33,F,UNVERIFIED_PUBLISH_PATH|DORMANT,10,412776,v0.2.0
react-date-picker,12.0.2,73,B,SINGLE_MAINTAINER,1,411246,v0.2.0
meilisearch,0.59.0,82,B,,3,410180,v0.2.0
'@vue-flow/core,1.48.2,27,F,UNVERIFIED_PUBLISH_PATH|SINGLE_MAINTAINER,1,408952,v0.2.0
safevalues,1.2.0,27,F,UNVERIFIED_PUBLISH_PATH|SINGLE_MAINTAINER,1,408752,v0.2.0
'@nozbe/microfuzz,1.0.0,33,F,UNVERIFIED_PUBLISH_PATH|DORMANT,7,408747,v0.2.0
antd-style,4.1.0,25,F,UNVERIFIED_PUBLISH_PATH|SINGLE_MAINTAINER,1,408526,v0.2.0
'@rails/actiontext,8.1.300,94,A,,8,407581,v0.2.0
date-and-time,4.5.1,25,F,UNVERIFIED_PUBLISH_PATH|SINGLE_MAINTAINER,1,407349,v0.2.0
'@base-ui-components/react,1.0.0-rc.0,85,A,DEPRECATED,7,407284,v0.2.0
msal,1.4.18,32,F,UNVERIFIED_PUBLISH_PATH|DORMANT|SINGLE_MAINTAINER|DEPRECATED,1,406640,v0.2.0
country-state-city,3.2.1,19,F,UNVERIFIED_PUBLISH_PATH|DORMANT|SINGLE_MAINTAINER,1,406294,v0.2.0
inputmask,5.0.9,19,F,UNVERIFIED_PUBLISH_PATH|DORMANT|SINGLE_MAINTAINER,1,405221,v0.2.0
'@capacitor/geolocation,8.2.0,77,B,INCONSISTENT_PUBLISH_PATH,18,401297,v0.2.0
markdown-it-ins,4.0.0,19,F,UNVERIFIED_PUBLISH_PATH|DORMANT|SINGLE_MAINTAINER,1,401214,v0.2.0
dinero.js,2.0.2,80,B,SINGLE_MAINTAINER,1,400388,v0.2.0
single-spa,6.0.3,9,F,UNVERIFIED_PUBLISH_PATH|DORMANT|SINGLE_MAINTAINER|PUBLISHER_NOT_MAINTAINER,1,396907,v0.2.0
portal-vue,3.0.0,19,F,UNVERIFIED_PUBLISH_PATH|DORMANT|SINGLE_MAINTAINER,1,396421,v0.2.0
stream-chat,9.50.2,100,A,,9,394508,v0.2.0
'@mermaid-js/mermaid-zenuml,0.2.3,82,B,,6,392693,v0.2.0
franc-min,6.2.0,19,F,UNVERIFIED_PUBLISH_PATH|DORMANT|SINGLE_MAINTAINER,1,391998,v0.2.0
'@wordpress/components,37.0.0,52,C,UNVERIFIED_PUBLISH_PATH,24,391473,v0.2.0
accounting,0.4.1,14,F,UNVERIFIED_PUBLISH_PATH|DORMANT|SINGLE_MAINTAINER|PUBLISHER_NOT_MAINTAINER,1,391423,v0.2.0
react-instantsearch,7.39.1,39,D,UNVERIFIED_PUBLISH_PATH,7,385371,v0.2.0
'@livekit/components-styles,1.2.0,41,D,UNVERIFIED_PUBLISH_PATH,20,381077,v0.2.0
blueimp-load-image,5.16.0,19,F,UNVERIFIED_PUBLISH_PATH|DORMANT|SINGLE_MAINTAINER,1,380775,v0.2.0
bulma,1.0.4,25,F,UNVERIFIED_PUBLISH_PATH|SINGLE_MAINTAINER,1,379865,v0.2.0
compressorjs,1.3.0,73,B,SINGLE_MAINTAINER,1,378549,v0.2.0
pwacompat,2.0.17,28,F,UNVERIFIED_PUBLISH_PATH|DORMANT,2,376150,v0.2.0
vue-observe-visibility,1.0.0,14,F,UNVERIFIED_PUBLISH_PATH|DORMANT|SINGLE_MAINTAINER,1,374939,v0.2.0
'@ionic/core,8.8.14,94,A,,2,372325,v0.2.0
media-played-ranges-mixin,0.1.0,25,F,UNVERIFIED_PUBLISH_PATH|SINGLE_MAINTAINER,1,369785,v0.2.0
heic-to,1.5.2,25,F,UNVERIFIED_PUBLISH_PATH|SINGLE_MAINTAINER,1,368236,v0.2.0
'@optimizely/optimizely-sdk,6.5.0,46,D,UNVERIFIED_PUBLISH_PATH,4,365990,v0.2.0
'@rive-app/webgl2,2.38.5,87,A,BRANCH_REQUIRES_PR,5,365768,v0.2.0
'@vaadin/component-base,25.2.5,39,D,UNVERIFIED_PUBLISH_PATH,12,360353,v0.2.0
'@vaadin/vaadin-themable-mixin,25.2.5,39,D,UNVERIFIED_PUBLISH_PATH,12,359693,v0.2.0
markdown-it-deflist,3.0.1,25,F,UNVERIFIED_PUBLISH_PATH|SINGLE_MAINTAINER,1,358582,v0.2.0
tz-lookup,6.1.25,33,F,UNVERIFIED_PUBLISH_PATH|DORMANT,2,357614,v0.2.0
'@ckeditor/ckeditor5-fullscreen,48.3.1,38,D,UNVERIFIED_PUBLISH_PATH|SINGLE_MAINTAINER,1,357111,v0.2.0
imagesloaded,5.0.0,19,F,UNVERIFIED_PUBLISH_PATH|DORMANT|SINGLE_MAINTAINER,1,356723,v0.2.0
centrifuge,5.7.0,25,F,UNVERIFIED_PUBLISH_PATH|SINGLE_MAINTAINER,1,356679,v0.2.0
mp4box,2.4.1,87,A,,2,356229,v0.2.0
plyr,3.8.4,25,F,UNVERIFIED_PUBLISH_PATH|SINGLE_MAINTAINER,1,356208,v0.2.0
fetch-jsonp,1.4.0,25,F,UNVERIFIED_PUBLISH_PATH|SINGLE_MAINTAINER,1,356056,v0.2.0
string-strip-html,13.5.3,63,C,SINGLE_MAINTAINER,1,355722,v0.2.0
powerbi-client,2.24.1,40,D,UNVERIFIED_PUBLISH_PATH|BRANCH_REQUIRES_PR,3,355232,v0.2.0
bootstrap-sass,3.4.3,33,F,UNVERIFIED_PUBLISH_PATH|DORMANT,4,354648,v0.2.0
'@tsparticles/engine,4.3.2,69,C,INCONSISTENT_PUBLISH_PATH|SINGLE_MAINTAINER,1,354542,v0.2.0
i18next-chained-backend,5.0.5,39,D,UNVERIFIED_PUBLISH_PATH,2,354342,v0.2.0
'@statsig/web-analytics,3.33.3,77,B,INCONSISTENT_PUBLISH_PATH,2,351415,v0.2.0
world-atlas,2.0.2,19,F,UNVERIFIED_PUBLISH_PATH|DORMANT|SINGLE_MAINTAINER,1,349502,v0.2.0
lucide-static,1.25.0,58,C,INCONSISTENT_PUBLISH_PATH|SINGLE_MAINTAINER,1,347016,v0.2.0
rangetouch,2.0.1,14,F,UNVERIFIED_PUBLISH_PATH|DORMANT|SINGLE_MAINTAINER|PUBLISHER_NOT_MAINTAINER,1,346652,v0.2.0
masonry-layout,4.2.2,19,F,UNVERIFIED_PUBLISH_PATH|DORMANT|SINGLE_MAINTAINER,1,346500,v0.2.0
typo-js,1.3.2,31,F,UNVERIFIED_PUBLISH_PATH|SINGLE_MAINTAINER,1,346308,v0.2.0
ical.js,2.2.1,25,F,UNVERIFIED_PUBLISH_PATH|SINGLE_MAINTAINER,1,343001,v0.2.0
fix-webm-duration,1.0.6,19,F,UNVERIFIED_PUBLISH_PATH|DORMANT|SINGLE_MAINTAINER,1,341395,v0.2.0
'@analytics/cookie-utils,0.2.14,25,F,UNVERIFIED_PUBLISH_PATH|SINGLE_MAINTAINER,1,340007,v0.2.0
vue-multiselect,3.5.0,39,D,UNVERIFIED_PUBLISH_PATH,2,339765,v0.2.0
material-icons,1.13.14,25,F,UNVERIFIED_PUBLISH_PATH|SINGLE_MAINTAINER,1,337749,v0.2.0
'@shoelace-style/localize,3.2.2,39,D,UNVERIFIED_PUBLISH_PATH,2,337468,v0.2.0
dom-to-image,2.6.0,19,F,UNVERIFIED_PUBLISH_PATH|DORMANT|SINGLE_MAINTAINER,1,337435,v0.2.0
uuid-random,1.3.2,19,F,UNVERIFIED_PUBLISH_PATH|DORMANT|SINGLE_MAINTAINER,1,337227,v0.2.0
'@mapbox/mapbox-sdk,0.16.2,46,D,UNVERIFIED_PUBLISH_PATH,28,336483,v0.2.0
primereact,11.0.0,30,F,UNVERIFIED_PUBLISH_PATH,3,334336,v0.2.0
hyperformula,3.3.0,39,D,UNVERIFIED_PUBLISH_PATH,5,334210,v0.2.0
'@progress/kendo-svg-icons,5.3.0,70,B,INCONSISTENT_PUBLISH_PATH|SINGLE_MAINTAINER,1,334086,v0.2.0
plotly.js-dist-min,3.7.0,45,D,UNVERIFIED_PUBLISH_PATH,15,333535,v0.2.0
'@wordpress/icons,15.2.0,52,C,UNVERIFIED_PUBLISH_PATH,24,333378,v0.2.0
'@antv/g2,5.4.8,39,D,UNVERIFIED_PUBLISH_PATH,19,333055,v0.2.0
'@pdftron/webviewer,12.0.0,21,F,UNVERIFIED_PUBLISH_PATH|SINGLE_MAINTAINER,1,333010,v0.2.0
cytoscape-dagre,4.0.0,39,D,UNVERIFIED_PUBLISH_PATH,4,331955,v0.2.0
pikaday,1.8.2,19,F,UNVERIFIED_PUBLISH_PATH|DORMANT|SINGLE_MAINTAINER,1,331872,v0.2.0
'@thumbmarkjs/thumbmarkjs,1.10.1,35,D,UNVERIFIED_PUBLISH_PATH,2,331125,v0.2.0
'@syncfusion/ej2-base,34.1.30,39,D,UNVERIFIED_PUBLISH_PATH,3,331006,v0.2.0
'@material/linear-progress,14.0.0,33,F,UNVERIFIED_PUBLISH_PATH|DORMANT,14,330407,v0.2.0
ngx-bootstrap,21.2.1,39,D,UNVERIFIED_PUBLISH_PATH,3,329155,v0.2.0
'@fullcalendar/timeline,6.1.21,20,F,UNVERIFIED_PUBLISH_PATH|SINGLE_MAINTAINER,1,328528,v0.2.0
geo-tz,8.1.8,25,F,UNVERIFIED_PUBLISH_PATH|SINGLE_MAINTAINER,1,328371,v0.2.0
markerjs2,2.32.7,25,F,UNVERIFIED_PUBLISH_PATH|SINGLE_MAINTAINER,1,328061,v0.2.0
tether,3.0.2,72,B,,2,327696,v0.2.0
'@tsparticles/basic,4.3.2,69,C,INCONSISTENT_PUBLISH_PATH|SINGLE_MAINTAINER,1,327422,v0.2.0
'@tsparticles/updater-size,4.3.2,69,C,INCONSISTENT_PUBLISH_PATH|SINGLE_MAINTAINER,1,327331,v0.2.0
'@tsparticles/updater-out-modes,4.3.2,69,C,INCONSISTENT_PUBLISH_PATH|SINGLE_MAINTAINER,1,327295,v0.2.0
'@tsparticles/shape-circle,4.3.2,69,C,INCONSISTENT_PUBLISH_PATH|SINGLE_MAINTAINER,1,327252,v0.2.0
media-captions,0.0.18,19,F,UNVERIFIED_PUBLISH_PATH|DORMANT|SINGLE_MAINTAINER,1,327241,v0.2.0
'@tsparticles/updater-opacity,4.3.2,69,C,INCONSISTENT_PUBLISH_PATH|SINGLE_MAINTAINER,1,327226,v0.2.0
xterm-addon-fit,0.8.0,19,F,UNVERIFIED_PUBLISH_PATH|DORMANT|SINGLE_MAINTAINER|DEPRECATED,1,325961,v0.2.0
'@fontsource/ibm-plex-sans,5.2.8,71,B,,2,325651,v0.2.0
'@aws-sdk/client-service-quotas,3.1090.0,41,D,UNVERIFIED_PUBLISH_PATH,2,325206,v0.2.0
'@material/switch,14.0.0,33,F,UNVERIFIED_PUBLISH_PATH|DORMANT,14,325008,v0.2.0
'@novnc/novnc,1.7.0,87,A,,5,324732,v0.2.0
d3-tip,0.9.1,33,F,UNVERIFIED_PUBLISH_PATH|DORMANT,2,324319,v0.2.0
vue-echarts,8.0.1,89,A,,2,324285,v0.2.0
nanopop,2.4.2,19,F,UNVERIFIED_PUBLISH_PATH|DORMANT|SINGLE_MAINTAINER,1,323529,v0.2.0
'@unocss/reset,66.7.5,89,A,,3,322201,v0.2.0
ally.js,1.4.1,14,F,UNVERIFIED_PUBLISH_PATH|DORMANT|SINGLE_MAINTAINER,1,322192,v0.2.0
'@deck.gl/google-maps,9.3.7,39,D,UNVERIFIED_PUBLISH_PATH,5,322021,v0.2.0
flowbite-datepicker,2.0.0,25,F,UNVERIFIED_PUBLISH_PATH|SINGLE_MAINTAINER,1,321370,v0.2.0
js-sha1,0.7.0,19,F,UNVERIFIED_PUBLISH_PATH|DORMANT|SINGLE_MAINTAINER,1,320273,v0.2.0
'@castleio/castle-js,2.8.5,30,F,UNVERIFIED_PUBLISH_PATH,7,320206,v0.2.0
'@simonwep/pickr,1.9.1,19,F,UNVERIFIED_PUBLISH_PATH|DORMANT|SINGLE_MAINTAINER,1,319693,v0.2.0
messageformat,4.0.0,45,D,UNVERIFIED_PUBLISH_PATH,2,319367,v0.2.0
dragula,3.7.3,33,F,UNVERIFIED_PUBLISH_PATH|DORMANT,2,318621,v0.2.0
unidragger,3.0.1,19,F,UNVERIFIED_PUBLISH_PATH|DORMANT|SINGLE_MAINTAINER,1,317431,v0.2.0
'@material/tab-indicator,14.0.0,33,F,UNVERIFIED_PUBLISH_PATH|DORMANT,14,317279,v0.2.0
'@tsparticles/updater-life,4.3.2,69,C,INCONSISTENT_PUBLISH_PATH|SINGLE_MAINTAINER,1,317242,v0.2.0
'@tsparticles/updater-rotate,4.3.2,69,C,INCONSISTENT_PUBLISH_PATH|SINGLE_MAINTAINER,1,317084,v0.2.0
'@tsparticles/shape-square,4.3.2,69,C,INCONSISTENT_PUBLISH_PATH|SINGLE_MAINTAINER,1,316733,v0.2.0
'@vaadin/vaadin-lumo-styles,25.2.5,39,D,UNVERIFIED_PUBLISH_PATH,12,316607,v0.2.0
'@material/tab-scroller,14.0.0,33,F,UNVERIFIED_PUBLISH_PATH|DORMANT,14,316207,v0.2.0
'@types/convert-source-map,2.0.3,27,F,UNVERIFIED_PUBLISH_PATH|DORMANT|SINGLE_MAINTAINER,1,315059,v0.2.0
'@tsparticles/shape-star,4.3.2,69,C,INCONSISTENT_PUBLISH_PATH|SINGLE_MAINTAINER,1,314309,v0.2.0
mergician,2.0.2,19,F,UNVERIFIED_PUBLISH_PATH|DORMANT|SINGLE_MAINTAINER,1,314213,v0.2.0
'@vaadin/vaadin-development-mode-detector,2.0.7,33,F,UNVERIFIED_PUBLISH_PATH|DORMANT,12,314140,v0.2.0
maska,3.2.0,25,F,UNVERIFIED_PUBLISH_PATH|SINGLE_MAINTAINER,1,314126,v0.2.0
'@tsparticles/shape-image,4.3.2,69,C,INCONSISTENT_PUBLISH_PATH|SINGLE_MAINTAINER,1,314089,v0.2.0
'@vaadin/vaadin-usage-statistics,2.1.3,33,F,UNVERIFIED_PUBLISH_PATH|DORMANT,12,313926,v0.2.0
'@tsparticles/shape-emoji,4.3.2,69,C,INCONSISTENT_PUBLISH_PATH|SINGLE_MAINTAINER,1,313646,v0.2.0
'@tsparticles/shape-polygon,4.3.2,69,C,INCONSISTENT_PUBLISH_PATH|SINGLE_MAINTAINER,1,313585,v0.2.0
nosleep.js,0.12.0,25,F,UNVERIFIED_PUBLISH_PATH|DORMANT|SINGLE_MAINTAINER,1,312934,v0.2.0
'@material/slider,14.0.0,33,F,UNVERIFIED_PUBLISH_PATH|DORMANT,14,312138,v0.2.0
'@amcharts/amcharts5,5.19.1,34,F,UNVERIFIED_PUBLISH_PATH,4,311679,v0.2.0
semantic-ui-react,2.1.5,33,F,UNVERIFIED_PUBLISH_PATH|DORMANT,2,310898,v0.2.0
medium-zoom,1.1.0,19,F,UNVERIFIED_PUBLISH_PATH|DORMANT|SINGLE_MAINTAINER,1,310650,v0.2.0
'@solid-primitives/trigger,1.2.4,40,D,UNVERIFIED_PUBLISH_PATH,3,308857,v0.2.0
'@vaadin/vaadin-material-styles,24.9.17,39,D,UNVERIFIED_PUBLISH_PATH,12,308515,v0.2.0
leaflet-draw,1.0.4,33,F,UNVERIFIED_PUBLISH_PATH|DORMANT,2,306992,v0.2.0
domready,1.0.8,33,F,UNVERIFIED_PUBLISH_PATH|DORMANT,2,306736,v0.2.0
emoji-toolkit,10.0.0,25,F,UNVERIFIED_PUBLISH_PATH|SINGLE_MAINTAINER,1,306013,v0.2.0
'@material/layout-grid,14.0.0,33,F,UNVERIFIED_PUBLISH_PATH|DORMANT,14,306011,v0.2.0
videojs-ie8,1.1.2,33,F,UNVERIFIED_PUBLISH_PATH|DORMANT,2,305646,v0.2.0
primeflex,4.0.0,39,D,UNVERIFIED_PUBLISH_PATH,2,304216,v0.2.0
rrweb-player,2.1.0,83,B,INCONSISTENT_PUBLISH_PATH|BRANCH_REQUIRES_PR,2,304175,v0.2.0
chartjs-plugin-crosshair,2.0.0,33,F,UNVERIFIED_PUBLISH_PATH|DORMANT,2,304173,v0.2.0
react-image-gallery,2.1.2,63,C,INCONSISTENT_PUBLISH_PATH|SINGLE_MAINTAINER,1,303992,v0.2.0
'@vaadin/field-base,25.2.5,39,D,UNVERIFIED_PUBLISH_PATH,12,303652,v0.2.0
'@vaadin/input-container,25.2.5,39,D,UNVERIFIED_PUBLISH_PATH,12,303594,v0.2.0
shepherd.js,15.2.2,79,B,INCONSISTENT_PUBLISH_PATH,2,303551,v0.2.0
'@material/circular-progress,14.0.0,33,F,UNVERIFIED_PUBLISH_PATH|DORMANT,14,302787,v0.2.0
'@syncfusion/ej2-buttons,34.1.30,39,D,UNVERIFIED_PUBLISH_PATH,3,302503,v0.2.0
'@vaadin/lit-renderer,25.2.5,39,D,UNVERIFIED_PUBLISH_PATH,12,302320,v0.2.0
froala-editor,5.3.1,25,F,UNVERIFIED_PUBLISH_PATH|SINGLE_MAINTAINER,1,300220,v0.2.0
svg-to-pdfkit,0.1.8,14,F,UNVERIFIED_PUBLISH_PATH|DORMANT|SINGLE_MAINTAINER,1,300098,v0.2.0
3d-force-graph,1.80.0,25,F,UNVERIFIED_PUBLISH_PATH|SINGLE_MAINTAINER,1,299423,v0.2.0
penpal,7.0.6,25,F,UNVERIFIED_PUBLISH_PATH|SINGLE_MAINTAINER,1,297617,v0.2.0
'@glideapps/glide-data-grid,6.0.3,33,F,UNVERIFIED_PUBLISH_PATH|DORMANT,30,297203,v0.2.0
recordrtc,5.6.2,25,F,UNVERIFIED_PUBLISH_PATH|DORMANT|SINGLE_MAINTAINER,1,295912,v0.2.0
cleave.js,1.6.0,19,F,UNVERIFIED_PUBLISH_PATH|DORMANT|SINGLE_MAINTAINER,1,295091,v0.2.0
'@webcomponents/webcomponentsjs,2.8.0,41,D,UNVERIFIED_PUBLISH_PATH|DORMANT,7,294403,v0.2.0
'@amplitude/element-selector,0.2.1,79,B,INCONSISTENT_PUBLISH_PATH,6,293965,v0.2.0
codemirror-spell-checker,1.1.2,14,F,UNVERIFIED_PUBLISH_PATH|DORMANT|SINGLE_MAINTAINER|PUBLISHER_NOT_MAINTAINER,1,293386,v0.2.0
'@fullcalendar/resource,6.1.21,20,F,UNVERIFIED_PUBLISH_PATH|SINGLE_MAINTAINER,1,291982,v0.2.0
simple-peer,9.11.1,33,F,UNVERIFIED_PUBLISH_PATH|DORMANT,6,291230,v0.2.0
jsoneditor,10.4.3,31,F,UNVERIFIED_PUBLISH_PATH|SINGLE_MAINTAINER,1,291041,v0.2.0
'@vaadin/a11y-base,25.2.5,39,D,UNVERIFIED_PUBLISH_PATH,12,290751,v0.2.0
'@primer/octicons,19.29.2,80,B,SINGLE_MAINTAINER,1,290634,v0.2.0
'@polymer/polymer,3.5.2,40,D,UNVERIFIED_PUBLISH_PATH|DORMANT,10,290382,v0.2.0
tom-select,2.6.2,87,A,,2,290293,v0.2.0
v-calendar,2.4.2,14,F,UNVERIFIED_PUBLISH_PATH|DORMANT|SINGLE_MAINTAINER,1,290287,v0.2.0
amplitude-js,8.21.10,87,A,,8,290038,v0.2.0
diagram-js,15.22.0,39,D,UNVERIFIED_PUBLISH_PATH,11,289207,v0.2.0
cobe,2.0.1,39,D,UNVERIFIED_PUBLISH_PATH,2,287477,v0.2.0
tweakpane,4.0.5,14,F,UNVERIFIED_PUBLISH_PATH|DORMANT|SINGLE_MAINTAINER,1,286990,v0.2.0
survey-core,2.5.34,39,D,UNVERIFIED_PUBLISH_PATH,4,286342,v0.2.0
fscreen,1.2.0,19,F,UNVERIFIED_PUBLISH_PATH|DORMANT|SINGLE_MAINTAINER,1,285904,v0.2.0
disposable-email-domains,1.0.62,33,F,UNVERIFIED_PUBLISH_PATH|DORMANT,2,284400,v0.2.0
sigma,3.0.3,39,D,UNVERIFIED_PUBLISH_PATH,2,283941,v0.2.0
spacetime,7.13.0,87,A,,3,283122,v0.2.0
'@orchidjs/sifter,1.1.0,33,F,UNVERIFIED_PUBLISH_PATH|DORMANT,2,283074,v0.2.0
'@syncfusion/ej2-popups,34.1.29,39,D,UNVERIFIED_PUBLISH_PATH,3,282577,v0.2.0
'@types/stylus,0.48.43,27,F,UNVERIFIED_PUBLISH_PATH|DORMANT|SINGLE_MAINTAINER,1,282412,v0.2.0
sa-sdk-javascript,1.27.13,20,F,UNVERIFIED_PUBLISH_PATH|SINGLE_MAINTAINER,1,281603,v0.2.0
'@syncfusion/ej2-inputs,34.1.30,39,D,UNVERIFIED_PUBLISH_PATH,3,280786,v0.2.0
raphael,2.3.0,33,F,UNVERIFIED_PUBLISH_PATH|DORMANT,3,280636,v0.2.0
'@zumer/snapdom,2.16.0,25,F,UNVERIFIED_PUBLISH_PATH|SINGLE_MAINTAINER,1,280107,v0.2.0
'@tsparticles/updater-color,3.9.1,26,F,UNVERIFIED_PUBLISH_PATH|SINGLE_MAINTAINER|DEPRECATED,1,279906,v0.2.0
'@tsparticles/move-base,3.9.1,26,F,UNVERIFIED_PUBLISH_PATH|SINGLE_MAINTAINER|DEPRECATED,1,279798,v0.2.0
microsoft-cognitiveservices-speech-sdk,1.50.0,40,D,UNVERIFIED_PUBLISH_PATH|BRANCH_REQUIRES_PR,5,279775,v0.2.0
'@syncfusion/ej2-navigations,34.1.31,39,D,UNVERIFIED_PUBLISH_PATH,3,279706,v0.2.0
handsontable,18.0.0,82,B,,6,279407,v0.2.0
dom4,2.1.6,19,F,UNVERIFIED_PUBLISH_PATH|DORMANT|SINGLE_MAINTAINER,1,279399,v0.2.0
'@fluentui/react,8.125.7,52,C,UNVERIFIED_PUBLISH_PATH,10,279247,v0.2.0
'@embedpdf/pdfium,2.14.4,26,F,UNVERIFIED_PUBLISH_PATH|SINGLE_MAINTAINER,1,277959,v0.2.0
'@snowplow/browser-plugin-enhanced-consent,4.8.4,39,D,UNVERIFIED_PUBLISH_PATH,3,277321,v0.2.0
vanilla-cookieconsent,3.1.0,39,D,UNVERIFIED_PUBLISH_PATH,2,276555,v0.2.0
tcplayer.js,5.3.4,35,D,UNVERIFIED_PUBLISH_PATH,2,276437,v0.2.0
'@vinejs/vine,4.4.0,87,A,,2,276176,v0.2.0
simplex-noise,4.0.3,19,F,UNVERIFIED_PUBLISH_PATH|DORMANT|SINGLE_MAINTAINER,1,275801,v0.2.0
'@fontsource/lato,5.2.7,71,B,,2,275643,v0.2.0
'@orchidjs/unicode-variants,1.1.2,33,F,UNVERIFIED_PUBLISH_PATH|DORMANT,2,275470,v0.2.0
'@vinejs/compiler,4.1.3,87,A,,2,275307,v0.2.0
storyblok-js-client,7.7.1,89,A,,7,274723,v0.2.0
kuromoji,0.1.2,19,F,UNVERIFIED_PUBLISH_PATH|DORMANT|SINGLE_MAINTAINER,1,274061,v0.2.0
draftjs-to-html,0.9.1,19,F,UNVERIFIED_PUBLISH_PATH|DORMANT|SINGLE_MAINTAINER,1,273061,v0.2.0
'@rails/request.js,0.0.13,39,D,UNVERIFIED_PUBLISH_PATH,9,271980,v0.2.0
'@editorjs/editorjs,2.31.6,27,F,UNVERIFIED_PUBLISH_PATH|SINGLE_MAINTAINER,1,271590,v0.2.0
rxjs-compat,6.6.7,10,F,UNVERIFIED_PUBLISH_PATH|DORMANT|SINGLE_MAINTAINER,1,271463,v0.2.0
'@cloudinary/url-gen,1.22.0,29,F,UNVERIFIED_PUBLISH_PATH|PUBLISHER_NOT_MAINTAINER,2,270890,v0.2.0
'@shoelace-style/animations,1.2.0,33,F,UNVERIFIED_PUBLISH_PATH|DORMANT,2,270492,v0.2.0
keen-slider,6.8.6,19,F,UNVERIFIED_PUBLISH_PATH|DORMANT|SINGLE_MAINTAINER,1,270221,v0.2.0
vanilla-jsoneditor,3.12.0,31,F,UNVERIFIED_PUBLISH_PATH|SINGLE_MAINTAINER,1,270026,v0.2.0
marked-highlight,2.2.4,73,B,SINGLE_MAINTAINER,1,268800,v0.2.0
'@progress/kendo-react-common,15.1.0,25,F,UNVERIFIED_PUBLISH_PATH|SINGLE_MAINTAINER,1,268510,v0.2.0
react-draft-wysiwyg,1.15.0,19,F,UNVERIFIED_PUBLISH_PATH|DORMANT|SINGLE_MAINTAINER,1,268184,v0.2.0
'@google/model-viewer,4.3.1,39,D,UNVERIFIED_PUBLISH_PATH,4,268097,v0.2.0
'@formulajs/formulajs,4.6.0,73,B,SINGLE_MAINTAINER,1,267660,v0.2.0
'@fullcalendar/resource-timeline,6.1.21,20,F,UNVERIFIED_PUBLISH_PATH|SINGLE_MAINTAINER,1,267069,v0.2.0
'@capsizecss/metrics,4.1.0,89,A,,2,266622,v0.2.0
quill-mention,6.1.1,57,C,SINGLE_MAINTAINER,1,266514,v0.2.0
angular-sanitize,1.8.3,25,F,UNVERIFIED_PUBLISH_PATH|DORMANT|SINGLE_MAINTAINER|DEPRECATED,1,266184,v0.2.0
merkletreejs,0.6.0,57,C,SINGLE_MAINTAINER,1,265931,v0.2.0
'@pixi/utils,7.4.3,46,D,UNVERIFIED_PUBLISH_PATH,2,265854,v0.2.0
'@pixi/core,7.4.3,46,D,UNVERIFIED_PUBLISH_PATH,2,265432,v0.2.0
'@ant-design/pro-layout,7.22.7,39,D,UNVERIFIED_PUBLISH_PATH,5,265354,v0.2.0
'@sentry/fullstory,5.0.0,20,F,UNVERIFIED_PUBLISH_PATH|SINGLE_MAINTAINER,1,264738,v0.2.0
mupdf,1.28.0,21,F,UNVERIFIED_PUBLISH_PATH|SINGLE_MAINTAINER,1,264589,v0.2.0
jquery-ujs,1.2.3,33,F,UNVERIFIED_PUBLISH_PATH|DORMANT,2,264375,v0.2.0
quasar,2.21.4,40,D,UNVERIFIED_PUBLISH_PATH,3,263157,v0.2.0
react-use-gesture,9.1.3,33,F,UNVERIFIED_PUBLISH_PATH|DORMANT|DEPRECATED,2,263106,v0.2.0
'@elastic/eui,117.0.0,89,A,,3,261386,v0.2.0
'@syncfusion/ej2-splitbuttons,34.1.31,39,D,UNVERIFIED_PUBLISH_PATH,3,260057,v0.2.0
css-vars-ponyfill,2.4.9,19,F,UNVERIFIED_PUBLISH_PATH|DORMANT|SINGLE_MAINTAINER,1,259692,v0.2.0
'@progress/kendo-drawing,1.25.3,25,F,UNVERIFIED_PUBLISH_PATH|SINGLE_MAINTAINER,1,259109,v0.2.0
grapesjs,0.23.2,25,F,UNVERIFIED_PUBLISH_PATH|SINGLE_MAINTAINER,1,257396,v0.2.0
'@iabtcf/core,1.5.6,28,F,UNVERIFIED_PUBLISH_PATH|DORMANT,2,257115,v0.2.0
htmlhint,1.9.2,46,D,UNVERIFIED_PUBLISH_PATH,2,255554,v0.2.0
lil-uuid,0.1.1,19,F,UNVERIFIED_PUBLISH_PATH|DORMANT|SINGLE_MAINTAINER,1,255014,v0.2.0
linkify-html,4.3.3,79,B,SINGLE_MAINTAINER,1,254833,v0.2.0
'@lobehub/ui,5.22.3,81,B,,9,253785,v0.2.0
'@syncfusion/ej2-lists,34.1.30,39,D,UNVERIFIED_PUBLISH_PATH,3,253207,v0.2.0
client-zip,2.5.0,25,F,UNVERIFIED_PUBLISH_PATH|SINGLE_MAINTAINER,1,253088,v0.2.0
mobile-detect,1.4.5,19,F,UNVERIFIED_PUBLISH_PATH|DORMANT|SINGLE_MAINTAINER,1,252477,v0.2.0
easymde,2.21.0,73,B,SINGLE_MAINTAINER,1,252044,v0.2.0
vue-advanced-cropper,2.8.9,19,F,UNVERIFIED_PUBLISH_PATH|DORMANT|SINGLE_MAINTAINER,1,251897,v0.2.0
filepond,4.32.12,25,F,UNVERIFIED_PUBLISH_PATH|SINGLE_MAINTAINER,1,250117,v0.2.0
xlsx-populate,1.21.0,19,F,UNVERIFIED_PUBLISH_PATH|DORMANT|SINGLE_MAINTAINER,1,250078,v0.2.0
'@shopify/polaris-icons,9.3.1,78,B,,6,249894,v0.2.0
bpmn-js,18.21.0,39,D,UNVERIFIED_PUBLISH_PATH,11,249730,v0.2.0
jquery-mousewheel,3.2.2,39,D,UNVERIFIED_PUBLISH_PATH,5,249004,v0.2.0
ol-mapbox-style,13.4.1,39,D,UNVERIFIED_PUBLISH_PATH,4,248734,v0.2.0
timeago.js,4.0.2,33,F,UNVERIFIED_PUBLISH_PATH|DORMANT,2,248266,v0.2.0
'@rrweb/packer,2.1.0,83,B,INCONSISTENT_PUBLISH_PATH,2,247686,v0.2.0
vue-select,3.20.4,39,D,UNVERIFIED_PUBLISH_PATH,8,246726,v0.2.0
wretch,3.0.9,73,B,SINGLE_MAINTAINER,1,246225,v0.2.0
react-time-picker,8.0.3,73,B,SINGLE_MAINTAINER,1,245837,v0.2.0
'@vite-pwa/assets-generator,1.0.2,72,B,,2,245571,v0.2.0
phaser,4.2.1,25,F,UNVERIFIED_PUBLISH_PATH|SINGLE_MAINTAINER,1,245023,v0.2.0
'@contentful/rich-text-html-renderer,17.2.2,39,D,UNVERIFIED_PUBLISH_PATH,4,244644,v0.2.0
shaka-player,5.2.1,83,B,INCONSISTENT_PUBLISH_PATH,3,244409,v0.2.0
single-spa-react,6.0.2,9,F,UNVERIFIED_PUBLISH_PATH|DORMANT|SINGLE_MAINTAINER|PUBLISHER_NOT_MAINTAINER,1,244028,v0.2.0
'@types/sql.js,1.4.11,33,F,UNVERIFIED_PUBLISH_PATH|SINGLE_MAINTAINER,1,243809,v0.2.0
'@xterm/addon-clipboard,0.2.0,25,F,UNVERIFIED_PUBLISH_PATH|SINGLE_MAINTAINER,1,243381,v0.2.0
'@builder.io/partytown,0.10.3,33,F,UNVERIFIED_PUBLISH_PATH|DORMANT|DEPRECATED,26,242965,v0.2.0
device-detector-js,3.0.3,19,F,UNVERIFIED_PUBLISH_PATH|DORMANT|SINGLE_MAINTAINER,1,242566,v0.2.0
devextreme,26.1.3,47,D,UNVERIFIED_PUBLISH_PATH|BRANCH_REQUIRES_PR,3,242224,v0.2.0
'@antv/g6,5.1.1,40,D,UNVERIFIED_PUBLISH_PATH,18,242028,v0.2.0
'@vercel/postgres,0.10.0,28,F,UNVERIFIED_PUBLISH_PATH|DORMANT|DEPRECATED,4,241179,v0.2.0
'@iconify-json/ph,1.2.2,15,F,UNVERIFIED_PUBLISH_PATH|DORMANT|SINGLE_MAINTAINER,1,240545,v0.2.0
square,45.0.1,87,A,,22,240485,v0.2.0
'@vue-flow/controls,1.1.3,27,F,UNVERIFIED_PUBLISH_PATH|SINGLE_MAINTAINER,1,240254,v0.2.0
'@iconify-json/mdi,1.2.3,15,F,UNVERIFIED_PUBLISH_PATH|DORMANT|SINGLE_MAINTAINER,1,240107,v0.2.0
alasql,4.17.3,45,D,UNVERIFIED_PUBLISH_PATH,2,239610,v0.2.0
roboto-fontface,0.10.0,19,F,UNVERIFIED_PUBLISH_PATH|DORMANT|SINGLE_MAINTAINER,1,239531,v0.2.0
github-markdown-css,5.9.0,25,F,UNVERIFIED_PUBLISH_PATH|SINGLE_MAINTAINER,1,239295,v0.2.0
lzutf8,0.6.3,19,F,UNVERIFIED_PUBLISH_PATH|DORMANT|SINGLE_MAINTAINER,1,239094,v0.2.0
twemoji,14.0.2,28,F,UNVERIFIED_PUBLISH_PATH|DORMANT,3,238808,v0.2.0
matter-js,0.20.0,19,F,UNVERIFIED_PUBLISH_PATH|DORMANT|SINGLE_MAINTAINER,1,238558,v0.2.0
'@adyen/api-library,32.0.0,84,B,INCONSISTENT_PUBLISH_PATH,6,236255,v0.2.0
'@syncfusion/ej2-dropdowns,34.1.30,35,D,UNVERIFIED_PUBLISH_PATH,3,236086,v0.2.0
print-js,1.6.0,19,F,UNVERIFIED_PUBLISH_PATH|DORMANT|SINGLE_MAINTAINER,1,235789,v0.2.0
'@ant-design/icons-vue,7.0.1,33,F,UNVERIFIED_PUBLISH_PATH|DORMANT,6,235551,v0.2.0
auth0-js,10.2.0,94,A,,21,235460,v0.2.0
'@iconify-json/logos,1.2.11,21,F,UNVERIFIED_PUBLISH_PATH|SINGLE_MAINTAINER,1,234837,v0.2.0
'@quasar/extras,2.0.2,40,D,UNVERIFIED_PUBLISH_PATH,5,234410,v0.2.0
aos,2.3.4,19,F,UNVERIFIED_PUBLISH_PATH|DORMANT|SINGLE_MAINTAINER,1,234028,v0.2.0
fullcalendar,6.1.21,20,F,UNVERIFIED_PUBLISH_PATH|SINGLE_MAINTAINER,1,232899,v0.2.0
'@tsparticles/interaction-particles-links,4.3.2,69,C,INCONSISTENT_PUBLISH_PATH|SINGLE_MAINTAINER,1,232254,v0.2.0
datatables.net-dt,2.3.8,25,F,UNVERIFIED_PUBLISH_PATH|SINGLE_MAINTAINER,1,231914,v0.2.0
'@shopify/polaris,13.9.5,73,B,,6,231865,v0.2.0
'@tsparticles/slim,4.3.2,69,C,INCONSISTENT_PUBLISH_PATH|SINGLE_MAINTAINER,1,231601,v0.2.0
'@bprogress/core,1.3.4,20,F,UNVERIFIED_PUBLISH_PATH|SINGLE_MAINTAINER,1,231564,v0.2.0
prism-themes,1.9.0,39,D,UNVERIFIED_PUBLISH_PATH|DORMANT,4,231312,v0.2.0
material-design-icons-iconfont,6.7.0,19,F,UNVERIFIED_PUBLISH_PATH|DORMANT|SINGLE_MAINTAINER,1,231255,v0.2.0
'@tsparticles/interaction-external-push,4.3.2,69,C,INCONSISTENT_PUBLISH_PATH|SINGLE_MAINTAINER,1,230980,v0.2.0
'@tsparticles/shape-line,4.3.2,69,C,INCONSISTENT_PUBLISH_PATH|SINGLE_MAINTAINER,1,230918,v0.2.0
'@tsparticles/interaction-particles-collisions,4.3.2,69,C,INCONSISTENT_PUBLISH_PATH|SINGLE_MAINTAINER,1,230723,v0.2.0
'@tsparticles/interaction-external-attract,4.3.2,69,C,INCONSISTENT_PUBLISH_PATH|SINGLE_MAINTAINER,1,230637,v0.2.0
'@tsparticles/interaction-external-repulse,4.3.2,69,C,INCONSISTENT_PUBLISH_PATH|SINGLE_MAINTAINER,1,230580,v0.2.0
'@tsparticles/interaction-external-bounce,4.3.2,69,C,INCONSISTENT_PUBLISH_PATH|SINGLE_MAINTAINER,1,230579,v0.2.0
'@tsparticles/plugin-easing-quad,4.3.2,69,C,INCONSISTENT_PUBLISH_PATH|SINGLE_MAINTAINER,1,230563,v0.2.0
'@tsparticles/interaction-external-grab,4.3.2,69,C,INCONSISTENT_PUBLISH_PATH|SINGLE_MAINTAINER,1,230523,v0.2.0
'@tsparticles/interaction-external-bubble,4.3.2,69,C,INCONSISTENT_PUBLISH_PATH|SINGLE_MAINTAINER,1,230517,v0.2.0
'@tsparticles/interaction-external-slow,4.3.2,69,C,INCONSISTENT_PUBLISH_PATH|SINGLE_MAINTAINER,1,230509,v0.2.0
'@tsparticles/interaction-particles-attract,4.3.2,69,C,INCONSISTENT_PUBLISH_PATH|SINGLE_MAINTAINER,1,230503,v0.2.0
'@tsparticles/interaction-external-remove,4.3.2,69,C,INCONSISTENT_PUBLISH_PATH|SINGLE_MAINTAINER,1,230491,v0.2.0
'@tsparticles/interaction-external-connect,4.3.2,69,C,INCONSISTENT_PUBLISH_PATH|SINGLE_MAINTAINER,1,230489,v0.2.0
'@tsparticles/interaction-external-pause,4.3.2,69,C,INCONSISTENT_PUBLISH_PATH|SINGLE_MAINTAINER,1,230486,v0.2.0
cesium,1.143.0,39,D,UNVERIFIED_PUBLISH_PATH|BRANCH_REQUIRES_PR,16,229851,v0.2.0
cloudinary-core,2.14.1,29,F,UNVERIFIED_PUBLISH_PATH|PUBLISHER_NOT_MAINTAINER,2,229603,v0.2.0
'@mermaid-js/layout-tidy-tree,0.2.2,82,B,,6,227785,v0.2.0
tone,15.1.22,25,F,UNVERIFIED_PUBLISH_PATH|SINGLE_MAINTAINER,1,226084,v0.2.0
'@cloudinary/transformation-builder-sdk,1.21.2,25,F,UNVERIFIED_PUBLISH_PATH|PUBLISHER_NOT_MAINTAINER,2,225733,v0.2.0
qrcode.vue,3.10.0,63,C,INCONSISTENT_PUBLISH_PATH|SINGLE_MAINTAINER,1,225602,v0.2.0
'@syncfusion/ej2-calendars,34.1.29,39,D,UNVERIFIED_PUBLISH_PATH,3,225380,v0.2.0
lazysizes,5.3.2,33,F,UNVERIFIED_PUBLISH_PATH|DORMANT,2,224892,v0.2.0
spin.js,4.1.2,33,F,UNVERIFIED_PUBLISH_PATH|DORMANT,3,224834,v0.2.0
'@microsoft/fast-element,3.0.1,47,D,UNVERIFIED_PUBLISH_PATH,8,222750,v0.2.0
'@pulumi/aws-native,1.71.0,39,D,UNVERIFIED_PUBLISH_PATH,2,221452,v0.2.0
vue-meta,2.4.0,33,F,UNVERIFIED_PUBLISH_PATH|DORMANT,5,221370,v0.2.0
deck.gl,9.3.7,39,D,UNVERIFIED_PUBLISH_PATH,10,221203,v0.2.0
jquery-ui-dist,1.13.3,25,F,UNVERIFIED_PUBLISH_PATH|DORMANT|SINGLE_MAINTAINER,1,220890,v0.2.0
'@elastic/apm-rum,5.17.5,87,A,BRANCH_REQUIRES_PR,3,219980,v0.2.0
'@tmcw/togeojson,7.1.2,20,F,UNVERIFIED_PUBLISH_PATH|SINGLE_MAINTAINER,1,219165,v0.2.0
jstz,2.1.1,14,F,UNVERIFIED_PUBLISH_PATH|DORMANT|SINGLE_MAINTAINER|PUBLISHER_NOT_MAINTAINER,1,219097,v0.2.0
'@polar-sh/sdk,0.48.1,87,A,,5,218784,v0.2.0
angular-animate,1.8.3,25,F,UNVERIFIED_PUBLISH_PATH|DORMANT|SINGLE_MAINTAINER|DEPRECATED,1,218372,v0.2.0
jquery-validation,1.22.1,45,D,UNVERIFIED_PUBLISH_PATH,3,217360,v0.2.0
'@esri/calcite-components,5.1.2,94,A,,37,217335,v0.2.0
upng-js,2.1.0,33,F,UNVERIFIED_PUBLISH_PATH|DORMANT,2,216725,v0.2.0
'@babylonjs/core,9.17.0,25,F,UNVERIFIED_PUBLISH_PATH|SINGLE_MAINTAINER,1,216288,v0.2.0
'@fontsource/space-grotesk,5.2.10,71,B,,2,215938,v0.2.0
'@arcgis/core,5.1.12,35,D,UNVERIFIED_PUBLISH_PATH,5,215776,v0.2.0
suncalc,2.0.1,25,F,UNVERIFIED_PUBLISH_PATH|SINGLE_MAINTAINER,1,215167,v0.2.0
array-flat-polyfill,1.0.1,19,F,UNVERIFIED_PUBLISH_PATH|DORMANT|SINGLE_MAINTAINER,1,214084,v0.2.0
vis-timeline,8.5.2,39,D,UNVERIFIED_PUBLISH_PATH,3,213738,v0.2.0
marchingsquares,1.3.3,19,F,UNVERIFIED_PUBLISH_PATH|DORMANT|SINGLE_MAINTAINER,1,213022,v0.2.0
'@azure/data-tables,13.3.2,47,D,UNVERIFIED_PUBLISH_PATH,3,212959,v0.2.0
'@fontsource/geist-mono,5.2.8,81,B,,2,212809,v0.2.0
'@microsoft/fast-foundation,2.50.0,46,D,UNVERIFIED_PUBLISH_PATH|DORMANT,8,212255,v0.2.0
smartystreets-javascript-sdk,12.1.0,77,B,INCONSISTENT_PUBLISH_PATH,12,211855,v0.2.0
'@microsoft/agents-activity,1.6.1,47,D,UNVERIFIED_PUBLISH_PATH,2,211825,v0.2.0
'@ibm/plex,6.4.1,33,F,UNVERIFIED_PUBLISH_PATH|DORMANT,5,210495,v0.2.0
jstimezonedetect,1.0.7,33,F,UNVERIFIED_PUBLISH_PATH|DORMANT,2,210351,v0.2.0
ant-design-vue,4.2.6,25,F,UNVERIFIED_PUBLISH_PATH|DORMANT|SINGLE_MAINTAINER,1,210256,v0.2.0
mailcheck,1.1.1,33,F,UNVERIFIED_PUBLISH_PATH|DORMANT,3,210051,v0.2.0
exif-js,2.3.0,33,F,UNVERIFIED_PUBLISH_PATH|DORMANT,3,210047,v0.2.0
'@ag-grid-community/styles,32.3.9,45,D,UNVERIFIED_PUBLISH_PATH|BRANCH_REQUIRES_PR,3,208942,v0.2.0
'@progress/kendo-date-math,1.5.17,25,F,UNVERIFIED_PUBLISH_PATH|SINGLE_MAINTAINER,1,208611,v0.2.0
elevenlabs,1.59.0,39,D,UNVERIFIED_PUBLISH_PATH|DEPRECATED,3,208220,v0.2.0
clipboard-polyfill,4.1.1,19,F,UNVERIFIED_PUBLISH_PATH|DORMANT|SINGLE_MAINTAINER,1,208014,v0.2.0
'@syncfusion/ej2-notifications,34.1.29,39,D,UNVERIFIED_PUBLISH_PATH,3,207859,v0.2.0
toastr,2.1.4,19,F,UNVERIFIED_PUBLISH_PATH|DORMANT|SINGLE_MAINTAINER,1,207440,v0.2.0
chartkick,5.0.1,19,F,UNVERIFIED_PUBLISH_PATH|DORMANT|SINGLE_MAINTAINER,1,207340,v0.2.0
three-globe,2.45.2,25,F,UNVERIFIED_PUBLISH_PATH|SINGLE_MAINTAINER,1,207022,v0.2.0
stream-chat-react,14.9.0,100,A,,8,206649,v0.2.0
dom-to-image-more,3.10.2,25,F,UNVERIFIED_PUBLISH_PATH|SINGLE_MAINTAINER,1,206450,v0.2.0
dayjs-plugin-utc,0.1.2,19,F,UNVERIFIED_PUBLISH_PATH|DORMANT|SINGLE_MAINTAINER,1,206284,v0.2.0
exifreader,4.41.0,69,C,INCONSISTENT_PUBLISH_PATH|SINGLE_MAINTAINER,1,205448,v0.2.0
devexpress-diagram,2.2.29,34,F,UNVERIFIED_PUBLISH_PATH,3,205443,v0.2.0
qr-scanner,1.4.2,14,F,UNVERIFIED_PUBLISH_PATH|DORMANT|SINGLE_MAINTAINER,1,204361,v0.2.0
paper,0.12.18,33,F,UNVERIFIED_PUBLISH_PATH|DORMANT,2,203908,v0.2.0
dialog-polyfill,0.5.6,33,F,UNVERIFIED_PUBLISH_PATH|DORMANT,2,203668,v0.2.0
'@fingerprintjs/botd,2.0.0,34,F,UNVERIFIED_PUBLISH_PATH|BRANCH_REQUIRES_PR,2,202550,v0.2.0
fast-average-color,9.5.2,25,F,UNVERIFIED_PUBLISH_PATH|SINGLE_MAINTAINER,1,201965,v0.2.0
devextreme-quill,1.7.10,85,A,INCONSISTENT_PUBLISH_PATH,9,200815,v0.2.0
'@solid-primitives/scheduled,1.5.3,40,D,UNVERIFIED_PUBLISH_PATH,3,200509,v0.2.0
'@descope/web-component,3.70.3,34,F,UNVERIFIED_PUBLISH_PATH,5,200363,v0.2.0
'@milkdown/crepe,7.21.3,74,B,SINGLE_MAINTAINER,1,200151,v0.2.0
gojs,4.0.3,39,D,UNVERIFIED_PUBLISH_PATH,2,199536,v0.2.0
html-to-pdfmake,2.5.33,25,F,UNVERIFIED_PUBLISH_PATH|SINGLE_MAINTAINER,1,199066,v0.2.0
pinyin-pro,3.28.1,25,F,UNVERIFIED_PUBLISH_PATH|SINGLE_MAINTAINER,1,198703,v0.2.0
'@esri/calcite-ui-icons,4.5.0,94,A,,37,197670,v0.2.0
'@breezystack/lamejs,1.2.7,19,F,UNVERIFIED_PUBLISH_PATH|DORMANT|SINGLE_MAINTAINER,1,197570,v0.2.0
vue-dompurify-html,5.3.0,58,C,SINGLE_MAINTAINER,1,197500,v0.2.0
'@fullcalendar/resource-daygrid,6.1.21,20,F,UNVERIFIED_PUBLISH_PATH|SINGLE_MAINTAINER,1,196155,v0.2.0
'@fontsource/noto-sans-sc,5.2.9,71,B,,2,196154,v0.2.0
ngx-extended-pdf-viewer,28.1.0,79,B,SINGLE_MAINTAINER,1,196005,v0.2.0
'@fontsource/dm-sans,5.2.8,71,B,,2,195905,v0.2.0
'@oddbird/popover-polyfill,0.7.1,52,C,UNVERIFIED_PUBLISH_PATH,5,195094,v0.2.0
jquery-migrate,4.0.2,39,D,UNVERIFIED_PUBLISH_PATH,5,194735,v0.2.0
'@getbrevo/brevo,6.0.2,77,B,INCONSISTENT_PUBLISH_PATH,4,193303,v0.2.0
js-video-url-parser,0.5.1,19,F,UNVERIFIED_PUBLISH_PATH|DORMANT|SINGLE_MAINTAINER,1,192815,v0.2.0
'@fullcalendar/resource-timegrid,6.1.21,20,F,UNVERIFIED_PUBLISH_PATH|SINGLE_MAINTAINER,1,192671,v0.2.0
'@fontsource-variable/dm-sans,5.2.8,71,B,,2,192634,v0.2.0
'@planetscale/database,1.20.1,84,B,INCONSISTENT_PUBLISH_PATH,7,192377,v0.2.0
'@tsparticles/updater-stroke-color,3.9.1,26,F,UNVERIFIED_PUBLISH_PATH|SINGLE_MAINTAINER|DEPRECATED,1,191975,v0.2.0
eventsource-client,1.2.0,25,F,UNVERIFIED_PUBLISH_PATH|SINGLE_MAINTAINER,1,191729,v0.2.0
'@fontsource-variable/space-grotesk,5.2.10,71,B,,2,191649,v0.2.0
'@ckeditor/ckeditor5-collaboration-core,48.3.1,21,F,UNVERIFIED_PUBLISH_PATH|SINGLE_MAINTAINER,1,191440,v0.2.0
react-multi-carousel,2.8.6,25,F,UNVERIFIED_PUBLISH_PATH|SINGLE_MAINTAINER,1,191375,v0.2.0
chartjs-adapter-moment,1.0.1,33,F,UNVERIFIED_PUBLISH_PATH|DORMANT,2,190848,v0.2.0
'@cortex-js/compute-engine,0.84.1,25,F,UNVERIFIED_PUBLISH_PATH|SINGLE_MAINTAINER,1,190828,v0.2.0
'@tsparticles/move-parallax,3.9.1,26,F,UNVERIFIED_PUBLISH_PATH|SINGLE_MAINTAINER|DEPRECATED,1,190772,v0.2.0
'@fullcalendar/vue3,6.1.21,20,F,UNVERIFIED_PUBLISH_PATH|SINGLE_MAINTAINER,1,190440,v0.2.0
'@statsig/session-replay,3.33.3,77,B,INCONSISTENT_PUBLISH_PATH,2,190339,v0.2.0
world-countries,5.1.0,25,F,UNVERIFIED_PUBLISH_PATH|SINGLE_MAINTAINER,1,190177,v0.2.0
'@ckeditor/ckeditor5-comments,48.3.1,21,F,UNVERIFIED_PUBLISH_PATH|SINGLE_MAINTAINER,1,189957,v0.2.0
bootstrap-vue,2.23.1,39,D,UNVERIFIED_PUBLISH_PATH|DORMANT,4,187962,v0.2.0
csslint,1.0.5,33,F,UNVERIFIED_PUBLISH_PATH|DORMANT,5,187898,v0.2.0
moment-business-days,1.2.0,33,F,UNVERIFIED_PUBLISH_PATH|DORMANT,4,187527,v0.2.0
'@material/material-color-utilities,0.4.0,25,F,UNVERIFIED_PUBLISH_PATH|SINGLE_MAINTAINER,1,187187,v0.2.0
velocity-animate,1.5.2,33,F,UNVERIFIED_PUBLISH_PATH|DORMANT,3,186576,v0.2.0
mathlive,0.110.0,31,F,UNVERIFIED_PUBLISH_PATH|SINGLE_MAINTAINER,1,186004,v0.2.0
d3-flextree,2.1.2,33,F,UNVERIFIED_PUBLISH_PATH|DORMANT,2,185779,v0.2.0
'@progress/kendo-theme-default,14.3.0,80,B,SINGLE_MAINTAINER,1,185492,v0.2.0
bootstrap-datepicker,1.10.1,39,D,UNVERIFIED_PUBLISH_PATH,2,185444,v0.2.0
mobius1-selectr,2.4.13,19,F,UNVERIFIED_PUBLISH_PATH|DORMANT|SINGLE_MAINTAINER,1,184846,v0.2.0
get-video-id,4.2.0,25,F,UNVERIFIED_PUBLISH_PATH|SINGLE_MAINTAINER,1,184756,v0.2.0
leaflet.heat,0.2.0,19,F,UNVERIFIED_PUBLISH_PATH|DORMANT|SINGLE_MAINTAINER,1,184443,v0.2.0
smartbanner.js,1.29.0,86,A,SINGLE_MAINTAINER,1,184267,v0.2.0
typed.js,3.0.0,25,F,UNVERIFIED_PUBLISH_PATH|SINGLE_MAINTAINER,1,184122,v0.2.0
'@iconify-json/carbon,1.2.24,21,F,UNVERIFIED_PUBLISH_PATH|SINGLE_MAINTAINER,1,183900,v0.2.0
'@syncfusion/ej2-pdf-export,34.1.31,35,D,UNVERIFIED_PUBLISH_PATH,3,183751,v0.2.0
'@fontsource-variable/fraunces,5.2.9,71,B,,2,183506,v0.2.0
'@mapbox/mapbox-gl-geocoder,5.1.2,46,D,UNVERIFIED_PUBLISH_PATH|BRANCH_REQUIRES_PR,28,182955,v0.2.0
air-datepicker,3.6.0,25,F,UNVERIFIED_PUBLISH_PATH|SINGLE_MAINTAINER,1,182946,v0.2.0
'@fontsource/playfair-display,5.2.8,71,B,,2,182892,v0.2.0
iban,0.0.14,19,F,UNVERIFIED_PUBLISH_PATH|DORMANT|SINGLE_MAINTAINER,1,182578,v0.2.0
bootstrap-daterangepicker,3.1.0,33,F,UNVERIFIED_PUBLISH_PATH|DORMANT,3,182121,v0.2.0
url-search-params,1.1.0,19,F,UNVERIFIED_PUBLISH_PATH|DORMANT|SINGLE_MAINTAINER|DEPRECATED,1,181941,v0.2.0
es-module-shims,2.8.2,25,F,UNVERIFIED_PUBLISH_PATH|SINGLE_MAINTAINER,1,181448,v0.2.0
'@uploadcare/file-uploader,1.32.0,39,D,UNVERIFIED_PUBLISH_PATH,4,180974,v0.2.0
htmx.org,2.0.10,31,F,UNVERIFIED_PUBLISH_PATH|SINGLE_MAINTAINER,1,180771,v0.2.0
'@types/facebook-nodejs-business-sdk,24.0.0,33,F,UNVERIFIED_PUBLISH_PATH|SINGLE_MAINTAINER,1,180614,v0.2.0
qr-creator,1.0.0,19,F,UNVERIFIED_PUBLISH_PATH|DORMANT|SINGLE_MAINTAINER,1,179923,v0.2.0
datatables.net-buttons,3.2.6,25,F,UNVERIFIED_PUBLISH_PATH|SINGLE_MAINTAINER,1,179580,v0.2.0
feather-icons,4.29.2,26,F,UNVERIFIED_PUBLISH_PATH|DORMANT|SINGLE_MAINTAINER,1,179351,v0.2.0
'@pdfme/pdf-lib,6.1.11,73,B,SINGLE_MAINTAINER,1,178912,v0.2.0
'@vee-validate/rules,4.15.1,62,C,SINGLE_MAINTAINER,1,178904,v0.2.0
'@progress/kendo-theme-core,14.3.0,80,B,SINGLE_MAINTAINER,1,177730,v0.2.0
'@novu/js,3.18.0,95,A,,4,176696,v0.2.0
dockview-core,7.0.2,86,A,SINGLE_MAINTAINER,1,176370,v0.2.0
'@rive-app/canvas-lite,2.38.5,87,A,BRANCH_REQUIRES_PR,5,176290,v0.2.0
mercadopago,3.2.0,39,D,UNVERIFIED_PUBLISH_PATH,11,175851,v0.2.0
ethereumjs-tx,2.1.2,33,F,UNVERIFIED_PUBLISH_PATH|DORMANT|DEPRECATED,5,175285,v0.2.0
'@algolia/autocomplete-js,1.19.9,29,F,UNVERIFIED_PUBLISH_PATH|PUBLISHER_NOT_MAINTAINER,14,174819,v0.2.0
'@okta/okta-signin-widget,7.47.2,27,F,UNVERIFIED_PUBLISH_PATH|SINGLE_MAINTAINER,1,174779,v0.2.0
'@ckeditor/ckeditor5-track-changes,48.3.1,21,F,UNVERIFIED_PUBLISH_PATH|SINGLE_MAINTAINER,1,174394,v0.2.0
'@progress/kendo-theme-utils,14.3.0,80,B,SINGLE_MAINTAINER,1,173760,v0.2.0
'@ricky0123/vad-web,0.0.30,21,F,UNVERIFIED_PUBLISH_PATH|SINGLE_MAINTAINER,1,173727,v0.2.0
'@superset-ui/embedded-sdk,0.4.0,100,A,,21,173069,v0.2.0
'@github/webauthn-json,2.1.1,48,D,REPO_LINKAGE_MISMATCH|DORMANT|PUBLISHER_NOT_MAINTAINER|DEPRECATED,20,172989,v0.2.0
govuk-frontend,6.4.0,80,B,SINGLE_MAINTAINER,1,172772,v0.2.0
tua-body-scroll-lock,1.6.3,39,D,UNVERIFIED_PUBLISH_PATH,2,172568,v0.2.0
'@ckeditor/ckeditor-cloud-services-collaboration,53.0.7,21,F,UNVERIFIED_PUBLISH_PATH|SINGLE_MAINTAINER,1,172531,v0.2.0
telnyx,7.8.0,78,B,INCONSISTENT_PUBLISH_PATH,6,172059,v0.2.0
lil-gui,0.21.0,25,F,UNVERIFIED_PUBLISH_PATH|SINGLE_MAINTAINER,1,171877,v0.2.0
'@ckeditor/ckeditor5-revision-history,48.3.1,21,F,UNVERIFIED_PUBLISH_PATH|SINGLE_MAINTAINER,1,171743,v0.2.0
'@ckeditor/ckeditor5-format-painter,48.3.1,21,F,UNVERIFIED_PUBLISH_PATH|SINGLE_MAINTAINER,1,171656,v0.2.0
'@ckeditor/ckeditor5-real-time-collaboration,48.3.1,21,F,UNVERIFIED_PUBLISH_PATH|SINGLE_MAINTAINER,1,171373,v0.2.0
what-input,5.2.12,19,F,UNVERIFIED_PUBLISH_PATH|DORMANT|SINGLE_MAINTAINER,1,171246,v0.2.0
marked-gfm-heading-id,4.1.4,73,B,SINGLE_MAINTAINER,1,171207,v0.2.0
'@iconify-json/material-symbols,1.2.85,21,F,UNVERIFIED_PUBLISH_PATH|SINGLE_MAINTAINER,1,170853,v0.2.0
'@vue-flow/minimap,1.5.4,27,F,UNVERIFIED_PUBLISH_PATH|SINGLE_MAINTAINER,1,170850,v0.2.0
pocketbase,0.27.0,25,F,UNVERIFIED_PUBLISH_PATH|SINGLE_MAINTAINER,1,170315,v0.2.0
us-atlas,3.0.1,19,F,UNVERIFIED_PUBLISH_PATH|DORMANT|SINGLE_MAINTAINER,1,170214,v0.2.0
simplify-js,1.2.4,19,F,UNVERIFIED_PUBLISH_PATH|DORMANT|SINGLE_MAINTAINER,1,169977,v0.2.0
country-region-data,4.1.0,25,F,UNVERIFIED_PUBLISH_PATH|SINGLE_MAINTAINER,1,169750,v0.2.0
raven-js,3.27.2,35,D,UNVERIFIED_PUBLISH_PATH|DORMANT|DEPRECATED,5,169710,v0.2.0
daterangepicker,3.1.0,19,F,UNVERIFIED_PUBLISH_PATH|DORMANT|SINGLE_MAINTAINER,1,169426,v0.2.0
'@medplum/fhirtypes,5.1.26,90,A,INCONSISTENT_PUBLISH_PATH,3,169207,v0.2.0
'@ckeditor/ckeditor5-pagination,48.3.1,21,F,UNVERIFIED_PUBLISH_PATH|SINGLE_MAINTAINER,1,168861,v0.2.0
'@ckeditor/ckeditor5-build-classic,44.3.0,38,D,UNVERIFIED_PUBLISH_PATH|SINGLE_MAINTAINER|DEPRECATED,1,168769,v0.2.0
intro.js,8.3.2,25,F,UNVERIFIED_PUBLISH_PATH|SINGLE_MAINTAINER,1,168637,v0.2.0
'@fontsource/noto-sans-jp,5.2.9,71,B,,2,168539,v0.2.0
inter-ui,4.1.1,25,F,UNVERIFIED_PUBLISH_PATH|SINGLE_MAINTAINER,1,168158,v0.2.0
flowbite-react,0.12.17,39,D,UNVERIFIED_PUBLISH_PATH,4,168000,v0.2.0
'@rrweb/replay,2.1.0,83,B,INCONSISTENT_PUBLISH_PATH,2,167880,v0.2.0
'@ckeditor/ckeditor5-document-outline,48.3.1,21,F,UNVERIFIED_PUBLISH_PATH|SINGLE_MAINTAINER,1,167386,v0.2.0
angular-ui-bootstrap,2.5.6,33,F,UNVERIFIED_PUBLISH_PATH|DORMANT,4,166820,v0.2.0
construct-style-sheets-polyfill,3.1.0,19,F,UNVERIFIED_PUBLISH_PATH|DORMANT|SINGLE_MAINTAINER,1,166585,v0.2.0
'@ckeditor/ckeditor5-merge-fields,48.3.1,21,F,UNVERIFIED_PUBLISH_PATH|SINGLE_MAINTAINER,1,166581,v0.2.0
chess.js,1.4.0,25,F,UNVERIFIED_PUBLISH_PATH|SINGLE_MAINTAINER,1,165936,v0.2.0
'@fullcalendar/multimonth,6.1.21,20,F,UNVERIFIED_PUBLISH_PATH|SINGLE_MAINTAINER,1,165201,v0.2.0
vue-toastification,1.7.14,14,F,UNVERIFIED_PUBLISH_PATH|DORMANT|SINGLE_MAINTAINER,1,165174,v0.2.0
a11y-dialog,8.1.5,25,F,UNVERIFIED_PUBLISH_PATH|SINGLE_MAINTAINER,1,164259,v0.2.0
d3-tile,1.0.0,33,F,UNVERIFIED_PUBLISH_PATH|DORMANT,2,164028,v0.2.0
rc-calendar,9.15.11,33,F,UNVERIFIED_PUBLISH_PATH|DORMANT,6,163991,v0.2.0
ali-oss,6.23.0,45,D,UNVERIFIED_PUBLISH_PATH,8,163752,v0.2.0
wicg-inert,3.1.3,33,F,UNVERIFIED_PUBLISH_PATH|DORMANT,2,163458,v0.2.0
'@syncfusion/ej2-grids,34.1.31,39,D,UNVERIFIED_PUBLISH_PATH,3,162588,v0.2.0
panzoom,9.4.4,25,F,UNVERIFIED_PUBLISH_PATH|SINGLE_MAINTAINER,1,162574,v0.2.0
rsuite,6.2.2,93,A,,6,162397,v0.2.0
exiftool-vendored.pl,13.59.0,73,B,SINGLE_MAINTAINER,1,161586,v0.2.0
element-ui,2.15.14,33,F,UNVERIFIED_PUBLISH_PATH|DORMANT,11,161445,v0.2.0
globe.gl,2.46.1,25,F,UNVERIFIED_PUBLISH_PATH|SINGLE_MAINTAINER,1,161438,v0.2.0
css-element-queries,1.2.3,19,F,UNVERIFIED_PUBLISH_PATH|DORMANT|SINGLE_MAINTAINER,1,161076,v0.2.0
'@coreui/coreui,5.8.0,31,F,UNVERIFIED_PUBLISH_PATH|SINGLE_MAINTAINER,1,161027,v0.2.0
filepond-plugin-file-validate-type,1.2.9,19,F,UNVERIFIED_PUBLISH_PATH|DORMANT|SINGLE_MAINTAINER,1,160662,v0.2.0
ng-zorro-antd,21.3.2,41,D,UNVERIFIED_PUBLISH_PATH,8,160593,v0.2.0
'@fontsource/outfit,5.2.8,71,B,,2,160528,v0.2.0
'@vue/compat,3.5.40,64,C,INCONSISTENT_PUBLISH_PATH|SINGLE_MAINTAINER,1,160083,v0.2.0
markdown,0.5.0,28,F,UNVERIFIED_PUBLISH_PATH|DORMANT,2,160020,v0.2.0
web-animations-js,2.3.2,33,F,UNVERIFIED_PUBLISH_PATH|DORMANT,3,159953,v0.2.0
terra-draw,1.32.0,63,C,INCONSISTENT_PUBLISH_PATH|SINGLE_MAINTAINER,1,159857,v0.2.0
'@ckeditor/ckeditor5-export-pdf,48.3.1,21,F,UNVERIFIED_PUBLISH_PATH|SINGLE_MAINTAINER,1,159783,v0.2.0
reakit,1.3.11,19,F,UNVERIFIED_PUBLISH_PATH|DORMANT|SINGLE_MAINTAINER,1,159755,v0.2.0
yahoo-finance2,4.0.0,77,B,INCONSISTENT_PUBLISH_PATH,2,159498,v0.2.0
stimulus-use,0.53.0,87,A,,2,159312,v0.2.0
oidc-client,1.11.5,19,F,UNVERIFIED_PUBLISH_PATH|DORMANT|SINGLE_MAINTAINER,1,159275,v0.2.0
'@ckeditor/ckeditor5-export-word,48.3.1,21,F,UNVERIFIED_PUBLISH_PATH|SINGLE_MAINTAINER,1,158918,v0.2.0
expo-three,8.0.0,33,F,UNVERIFIED_PUBLISH_PATH|DORMANT,11,158186,v0.2.0
'@editorjs/header,2.8.9,20,F,UNVERIFIED_PUBLISH_PATH|SINGLE_MAINTAINER,1,158111,v0.2.0
tabulator-tables,6.5.2,77,B,INCONSISTENT_PUBLISH_PATH,3,157610,v0.2.0
'@fontsource/manrope,5.2.8,71,B,,2,157415,v0.2.0
'@mux/upchunk,3.5.0,41,D,UNVERIFIED_PUBLISH_PATH,4,157217,v0.2.0
'@fontsource/space-mono,5.2.9,71,B,,2,156865,v0.2.0
sourcemapped-stacktrace,1.1.11,19,F,UNVERIFIED_PUBLISH_PATH|DORMANT|SINGLE_MAINTAINER,1,156800,v0.2.0
ckeditor5-premium-features,48.3.1,21,F,UNVERIFIED_PUBLISH_PATH|SINGLE_MAINTAINER,1,156358,v0.2.0
canvas-size,2.0.0,19,F,UNVERIFIED_PUBLISH_PATH|DORMANT|SINGLE_MAINTAINER,1,156223,v0.2.0
'@ckeditor/ckeditor5-ai,48.3.1,21,F,UNVERIFIED_PUBLISH_PATH|SINGLE_MAINTAINER,1,156189,v0.2.0
'@ckeditor/ckeditor5-import-word,48.3.1,21,F,UNVERIFIED_PUBLISH_PATH|SINGLE_MAINTAINER,1,155897,v0.2.0
'@ckeditor/ckeditor5-template,48.3.1,21,F,UNVERIFIED_PUBLISH_PATH|SINGLE_MAINTAINER,1,155517,v0.2.0
'@ckeditor/ckeditor5-case-change,48.3.1,21,F,UNVERIFIED_PUBLISH_PATH|SINGLE_MAINTAINER,1,155384,v0.2.0
'@ckeditor/ckeditor5-slash-command,48.3.1,21,F,UNVERIFIED_PUBLISH_PATH|SINGLE_MAINTAINER,1,155346,v0.2.0
'@ckeditor/ckeditor5-list-multi-level,48.3.1,21,F,UNVERIFIED_PUBLISH_PATH|SINGLE_MAINTAINER,1,154361,v0.2.0
'@fontsource/plus-jakarta-sans,5.2.8,71,B,,2,154142,v0.2.0
autocomplete.js,0.38.1,33,F,UNVERIFIED_PUBLISH_PATH|DORMANT,21,154018,v0.2.0
emoji-picker-element,1.29.1,25,F,UNVERIFIED_PUBLISH_PATH|SINGLE_MAINTAINER,1,153652,v0.2.0
vue-tippy,6.7.1,16,F,UNVERIFIED_PUBLISH_PATH|SINGLE_MAINTAINER,1,152914,v0.2.0
'@tsparticles/plugin-emitters,4.3.2,69,C,INCONSISTENT_PUBLISH_PATH|SINGLE_MAINTAINER,1,152019,v0.2.0
'@tsparticles/updater-wobble,4.3.2,69,C,INCONSISTENT_PUBLISH_PATH|SINGLE_MAINTAINER,1,151465,v0.2.0
'@fontsource/nunito,5.2.7,71,B,,2,151223,v0.2.0
'@ffmpeg/core,0.12.10,28,F,UNVERIFIED_PUBLISH_PATH|DORMANT,3,151143,v0.2.0
pdfobject,2.3.1,25,F,UNVERIFIED_PUBLISH_PATH|SINGLE_MAINTAINER,1,150782,v0.2.0
bootstrap-select,1.13.18,19,F,UNVERIFIED_PUBLISH_PATH|DORMANT|SINGLE_MAINTAINER,1,150358,v0.2.0
'@coreui/icons,3.1.0,25,F,UNVERIFIED_PUBLISH_PATH|SINGLE_MAINTAINER,1,148705,v0.2.0
'@fontsource/geist-sans,5.2.5,71,B,,2,148559,v0.2.0
'@tsparticles/updater-tilt,4.3.2,69,C,INCONSISTENT_PUBLISH_PATH|SINGLE_MAINTAINER,1,148276,v0.2.0
'@tsparticles/updater-roll,4.3.2,69,C,INCONSISTENT_PUBLISH_PATH|SINGLE_MAINTAINER,1,148227,v0.2.0
shpjs,6.2.0,25,F,UNVERIFIED_PUBLISH_PATH|SINGLE_MAINTAINER,1,147544,v0.2.0
'@emailjs/browser,4.4.1,19,F,UNVERIFIED_PUBLISH_PATH|DORMANT|SINGLE_MAINTAINER,1,147508,v0.2.0
cssbeautify,0.3.1,14,F,UNVERIFIED_PUBLISH_PATH|DORMANT|SINGLE_MAINTAINER,1,147321,v0.2.0
plantuml-encoder,1.4.0,19,F,UNVERIFIED_PUBLISH_PATH|DORMANT|SINGLE_MAINTAINER,1,147234,v0.2.0
'@ckeditor/ckeditor5-source-editing-enhanced,48.3.1,21,F,UNVERIFIED_PUBLISH_PATH|SINGLE_MAINTAINER,1,147185,v0.2.0
'@ckeditor/ckeditor5-uploadcare,48.3.1,21,F,UNVERIFIED_PUBLISH_PATH|SINGLE_MAINTAINER,1,147178,v0.2.0
'@amplitude/plugin-experiment-browser,1.0.0-beta.36,79,B,INCONSISTENT_PUBLISH_PATH,6,146906,v0.2.0
jodit,4.13.5,69,C,INCONSISTENT_PUBLISH_PATH|SINGLE_MAINTAINER,1,146906,v0.2.0
survey-creator-core,2.5.34,39,D,UNVERIFIED_PUBLISH_PATH,5,146856,v0.2.0
svg2pdf.js,2.7.0,45,D,UNVERIFIED_PUBLISH_PATH,4,146790,v0.2.0
'@iconify-json/tabler,1.2.36,21,F,UNVERIFIED_PUBLISH_PATH|SINGLE_MAINTAINER,1,146788,v0.2.0
vue-tel-input,9.8.0,25,F,UNVERIFIED_PUBLISH_PATH|SINGLE_MAINTAINER,1,146714,v0.2.0
croppie,2.6.5,19,F,UNVERIFIED_PUBLISH_PATH|DORMANT|SINGLE_MAINTAINER,1,146083,v0.2.0
'@azure/app-configuration,1.12.1,47,D,UNVERIFIED_PUBLISH_PATH,3,144549,v0.2.0
'@wordpress/block-editor,16.0.0,52,C,UNVERIFIED_PUBLISH_PATH,24,144441,v0.2.0
'@ua-parser-js/pro-business,2.0.10,73,B,SINGLE_MAINTAINER,1,144308,v0.2.0
'@rsuite/icons,1.4.1,87,A,,6,143897,v0.2.0
'@fontsource-variable/plus-jakarta-sans,5.2.8,71,B,,2,143472,v0.2.0
chartjs-adapter-luxon,1.3.1,19,F,UNVERIFIED_PUBLISH_PATH|DORMANT|SINGLE_MAINTAINER,1,143418,v0.2.0
'@iconify-json/heroicons,1.2.3,21,F,UNVERIFIED_PUBLISH_PATH|SINGLE_MAINTAINER,1,143226,v0.2.0
stimulus,3.2.2,15,F,UNVERIFIED_PUBLISH_PATH|DORMANT|SINGLE_MAINTAINER,1,142295,v0.2.0
'@fontsource-variable/manrope,5.2.8,71,B,,2,141930,v0.2.0
tributejs,5.1.3,19,F,UNVERIFIED_PUBLISH_PATH|DORMANT|SINGLE_MAINTAINER,1,141846,v0.2.0
angular-cookies,1.8.3,25,F,UNVERIFIED_PUBLISH_PATH|DORMANT|SINGLE_MAINTAINER|DEPRECATED,1,141563,v0.2.0
'@amplitude/unified,1.1.25,89,A,,6,141273,v0.2.0
'@clerk/ui,1.25.5,82,B,BRANCH_REQUIRES_PR,6,141108,v0.2.0
'@frontegg/js,7.118.0,35,D,UNVERIFIED_PUBLISH_PATH,3,140474,v0.2.0
datatables.net-responsive,3.0.8,25,F,UNVERIFIED_PUBLISH_PATH|SINGLE_MAINTAINER,1,140064,v0.2.0
'@fullcalendar/moment-timezone,6.1.21,20,F,UNVERIFIED_PUBLISH_PATH|SINGLE_MAINTAINER,1,140033,v0.2.0
'@react-icons/all-files,4.1.0,14,F,UNVERIFIED_PUBLISH_PATH|DORMANT|SINGLE_MAINTAINER,1,139988,v0.2.0
vue-slider-component,3.2.24,19,F,UNVERIFIED_PUBLISH_PATH|DORMANT|SINGLE_MAINTAINER,1,139610,v0.2.0
filepond-plugin-image-preview,4.6.12,19,F,UNVERIFIED_PUBLISH_PATH|DORMANT|SINGLE_MAINTAINER,1,139062,v0.2.0
tinyld,1.3.4,28,F,UNVERIFIED_PUBLISH_PATH|DORMANT,2,138701,v0.2.0
'@carbon/icons,11.84.0,100,A,,7,138451,v0.2.0
'@holiday-jp/holiday_jp,2.5.1,39,D,UNVERIFIED_PUBLISH_PATH,2,138294,v0.2.0
'@vapi-ai/web,2.6.1,82,B,,7,138033,v0.2.0
datatables.net-select,3.1.3,25,F,UNVERIFIED_PUBLISH_PATH|SINGLE_MAINTAINER,1,138000,v0.2.0
'@editorjs/paragraph,3.0.0,21,F,UNVERIFIED_PUBLISH_PATH|SINGLE_MAINTAINER,1,137932,v0.2.0
'@ant-design/charts,2.6.7,34,F,UNVERIFIED_PUBLISH_PATH,8,137673,v0.2.0
uuid4,2.0.3,19,F,UNVERIFIED_PUBLISH_PATH|DORMANT|SINGLE_MAINTAINER,1,137526,v0.2.0
agora-rtc-sdk-ng,4.24.6,39,D,UNVERIFIED_PUBLISH_PATH,2,137411,v0.2.0
quill-delta-to-html,0.12.1,33,F,UNVERIFIED_PUBLISH_PATH|DORMANT,2,137225,v0.2.0
knockout,3.5.3,39,D,UNVERIFIED_PUBLISH_PATH,2,136824,v0.2.0
jdenticon,3.3.0,14,F,UNVERIFIED_PUBLISH_PATH|DORMANT|SINGLE_MAINTAINER,1,136617,v0.2.0
wavefile,11.0.0,19,F,UNVERIFIED_PUBLISH_PATH|DORMANT|SINGLE_MAINTAINER,1,136597,v0.2.0
'@wix/sdk-runtime,1.0.15,30,F,UNVERIFIED_PUBLISH_PATH,12,135772,v0.2.0
'@shoelace-style/shoelace,2.20.1,39,D,UNVERIFIED_PUBLISH_PATH,2,135723,v0.2.0
'@geoman-io/leaflet-geoman-free,2.20.0,68,C,SINGLE_MAINTAINER,1,135449,v0.2.0
remixicon,4.9.1,73,B,SINGLE_MAINTAINER,1,135406,v0.2.0
flagsmith,10.0.0,84,B,DEPRECATED|BRANCH_REQUIRES_PR,3,134955,v0.2.0
'@lit-labs/virtualizer,2.1.1,84,B,,11,134564,v0.2.0
holderjs,2.9.9,19,F,UNVERIFIED_PUBLISH_PATH|DORMANT|SINGLE_MAINTAINER,1,134497,v0.2.0
vuelidate,0.7.7,39,D,UNVERIFIED_PUBLISH_PATH|DORMANT,2,133785,v0.2.0
three-spritetext,1.10.0,25,F,UNVERIFIED_PUBLISH_PATH|SINGLE_MAINTAINER,1,133725,v0.2.0
paho-mqtt,1.1.0,20,F,UNVERIFIED_PUBLISH_PATH|DORMANT|SINGLE_MAINTAINER,1,133720,v0.2.0
'@awesome.me/webawesome,3.10.0,39,D,UNVERIFIED_PUBLISH_PATH|BRANCH_REQUIRES_PR,4,133671,v0.2.0
'@fontsource/roboto-mono,5.2.9,81,B,,2,133668,v0.2.0
'@capacitor/app-launcher,8.0.1,69,C,REPO_LINKAGE_MISMATCH,18,133334,v0.2.0
3dmol,2.5.5,39,D,UNVERIFIED_PUBLISH_PATH,2,133121,v0.2.0
naive-ui,2.44.1,20,F,UNVERIFIED_PUBLISH_PATH|SINGLE_MAINTAINER,1,132985,v0.2.0
vue-currency-input,3.2.2,58,C,SINGLE_MAINTAINER,1,132401,v0.2.0
youtubei.js,17.2.0,73,B,SINGLE_MAINTAINER,1,131381,v0.2.0
'@capgo/capacitor-social-login,8.3.37,67,C,SINGLE_MAINTAINER,1,131366,v0.2.0
'@panzoom/panzoom,4.6.2,31,F,UNVERIFIED_PUBLISH_PATH|SINGLE_MAINTAINER|BRANCH_REQUIRES_PR,1,131320,v0.2.0
datatables.net-bs4,2.3.8,25,F,UNVERIFIED_PUBLISH_PATH|SINGLE_MAINTAINER,1,131289,v0.2.0
'@iconify-json/ri,1.2.10,21,F,UNVERIFIED_PUBLISH_PATH|SINGLE_MAINTAINER,1,131146,v0.2.0
piexifjs,1.0.6,19,F,UNVERIFIED_PUBLISH_PATH|DORMANT|SINGLE_MAINTAINER,1,130754,v0.2.0
'@fontsource/material-icons,5.2.7,71,B,,2,130626,v0.2.0
'@fontsource-variable/figtree,5.2.10,71,B,,2,130449,v0.2.0
amazon-connect-streams,2.27.1,39,D,UNVERIFIED_PUBLISH_PATH,12,130057,v0.2.0
vue-cookies,1.8.6,19,F,UNVERIFIED_PUBLISH_PATH|DORMANT|SINGLE_MAINTAINER,1,129988,v0.2.0
pagedjs,0.4.3,15,F,UNVERIFIED_PUBLISH_PATH|DORMANT|SINGLE_MAINTAINER,1,129738,v0.2.0
turbolinks,5.2.0,33,F,UNVERIFIED_PUBLISH_PATH|DORMANT,3,129548,v0.2.0
'@lottiefiles/lottie-player,2.0.12,65,C,DORMANT,2,129488,v0.2.0
'@qwik.dev/partytown,0.14.0,82,B,,7,129242,v0.2.0
'@glidejs/glide,3.7.1,19,F,UNVERIFIED_PUBLISH_PATH|DORMANT|SINGLE_MAINTAINER,1,129226,v0.2.0
'@material-symbols/svg-400,0.45.8,73,B,SINGLE_MAINTAINER,1,128808,v0.2.0
'@editorjs/list,2.0.9,20,F,UNVERIFIED_PUBLISH_PATH|SINGLE_MAINTAINER,1,128646,v0.2.0
'@highcharts/map-collection,2.3.3,39,D,UNVERIFIED_PUBLISH_PATH,10,128639,v0.2.0
ansi_up,6.0.6,25,F,UNVERIFIED_PUBLISH_PATH|SINGLE_MAINTAINER,1,128108,v0.2.0
xss-filters,1.2.7,33,F,UNVERIFIED_PUBLISH_PATH|DORMANT,4,128097,v0.2.0
angular-messages,1.8.3,25,F,UNVERIFIED_PUBLISH_PATH|DORMANT|SINGLE_MAINTAINER,1,127363,v0.2.0
fireworks-js,2.10.8,14,F,UNVERIFIED_PUBLISH_PATH|DORMANT|SINGLE_MAINTAINER,1,126969,v0.2.0
'@tanstack/solid-query,5.101.2,89,A,,3,126919,v0.2.0
snarkdown,2.0.0,19,F,UNVERIFIED_PUBLISH_PATH|DORMANT|SINGLE_MAINTAINER,1,125266,v0.2.0
phosphor-react-native,3.0.6,39,D,UNVERIFIED_PUBLISH_PATH,4,124847,v0.2.0
ag-stack,36.0.1,69,C,INCONSISTENT_PUBLISH_PATH|SINGLE_MAINTAINER,1,124548,v0.2.0
'@pixi/assets,7.4.3,46,D,UNVERIFIED_PUBLISH_PATH,2,124272,v0.2.0
react-native-iap,15.5.2,73,B,SINGLE_MAINTAINER,1,124266,v0.2.0
topojson,3.0.2,33,F,UNVERIFIED_PUBLISH_PATH|DORMANT|DEPRECATED,2,124060,v0.2.0
'@babylonjs/loaders,9.17.0,25,F,UNVERIFIED_PUBLISH_PATH|SINGLE_MAINTAINER,1,123845,v0.2.0
'@telnyx/webrtc,2.27.5,84,B,INCONSISTENT_PUBLISH_PATH,6,123838,v0.2.0
'@supabase/gotrue-js,2.108.2,75,B,,0,123180,v0.2.0
'@lit/task,1.0.3,84,B,,8,122842,v0.2.0
typewriter-effect,2.22.0,25,F,UNVERIFIED_PUBLISH_PATH|SINGLE_MAINTAINER,1,122347,v0.2.0
flag-icon-css,4.1.7,19,F,UNVERIFIED_PUBLISH_PATH|DORMANT|SINGLE_MAINTAINER|DEPRECATED,1,122150,v0.2.0
body-scroll-lock-upgrade,1.1.0,19,F,UNVERIFIED_PUBLISH_PATH|DORMANT|SINGLE_MAINTAINER,1,121712,v0.2.0
qz-tray,2.2.6,25,F,UNVERIFIED_PUBLISH_PATH|SINGLE_MAINTAINER,1,121419,v0.2.0
'@yaireo/tagify,4.38.0,20,F,UNVERIFIED_PUBLISH_PATH|SINGLE_MAINTAINER,1,121320,v0.2.0
accessible-autocomplete,3.0.1,40,D,UNVERIFIED_PUBLISH_PATH|DORMANT,2,120949,v0.2.0
angular-route,1.8.3,25,F,UNVERIFIED_PUBLISH_PATH|DORMANT|SINGLE_MAINTAINER|DEPRECATED,1,120582,v0.2.0
'@syncfusion/ej2-layouts,34.1.29,39,D,UNVERIFIED_PUBLISH_PATH,3,120528,v0.2.0
'@stackblitz/sdk,1.11.1,39,D,UNVERIFIED_PUBLISH_PATH,4,120230,v0.2.0
phenomenon,1.6.0,19,F,UNVERIFIED_PUBLISH_PATH|DORMANT|SINGLE_MAINTAINER,1,120214,v0.2.0
blueimp-tmpl,3.20.0,19,F,UNVERIFIED_PUBLISH_PATH|DORMANT|SINGLE_MAINTAINER,1,120151,v0.2.0
lucide-solid,1.25.0,68,C,SINGLE_MAINTAINER,1,119980,v0.2.0
'@lucide/lab,0.1.2,14,F,UNVERIFIED_PUBLISH_PATH|DORMANT|SINGLE_MAINTAINER,1,119858,v0.2.0
mathjax,4.1.3,68,C,SINGLE_MAINTAINER,1,119784,v0.2.0
frappe-gantt,1.2.2,73,B,SINGLE_MAINTAINER,1,119130,v0.2.0
opencc-js,1.4.1,77,B,INCONSISTENT_PUBLISH_PATH,3,118980,v0.2.0
highcharts-vue,2.0.1,29,F,UNVERIFIED_PUBLISH_PATH|DORMANT,10,118775,v0.2.0
'@graphiql/plugin-explorer,5.1.3,93,A,,5,118698,v0.2.0
'@tensorflow/tfjs-backend-wasm,4.22.0,33,F,UNVERIFIED_PUBLISH_PATH|DORMANT,10,118698,v0.2.0
svg-country-flags,1.2.10,19,F,UNVERIFIED_PUBLISH_PATH|DORMANT|SINGLE_MAINTAINER,1,118679,v0.2.0
heatmap.js,2.0.5,15,F,UNVERIFIED_PUBLISH_PATH|DORMANT|SINGLE_MAINTAINER,1,118658,v0.2.0
vue-scrollto,2.20.0,19,F,UNVERIFIED_PUBLISH_PATH|DORMANT|SINGLE_MAINTAINER,1,118141,v0.2.0
parse,8.6.0,39,D,UNVERIFIED_PUBLISH_PATH,10,117801,v0.2.0
autocompleter,9.3.2,19,F,UNVERIFIED_PUBLISH_PATH|DORMANT|SINGLE_MAINTAINER,1,117672,v0.2.0
'@formkit/themes,2.1.0,72,B,INCONSISTENT_PUBLISH_PATH,4,117130,v0.2.0
'@iconify-json/svg-spinners,1.2.4,21,F,UNVERIFIED_PUBLISH_PATH|SINGLE_MAINTAINER,1,116479,v0.2.0
p5,2.3.0,45,D,UNVERIFIED_PUBLISH_PATH,8,116401,v0.2.0
mp4-muxer,5.2.2,57,C,SINGLE_MAINTAINER|DEPRECATED,1,116339,v0.2.0
openseadragon,6.0.2,25,F,UNVERIFIED_PUBLISH_PATH|SINGLE_MAINTAINER,1,116106,v0.2.0
'@snowplow/browser-plugin-link-click-tracking,4.8.4,39,D,UNVERIFIED_PUBLISH_PATH,3,116012,v0.2.0
'@vueform/multiselect,2.6.11,19,F,UNVERIFIED_PUBLISH_PATH|DORMANT|SINGLE_MAINTAINER,1,115458,v0.2.0
'@fontsource/eb-garamond,5.2.7,71,B,,2,115162,v0.2.0
lamejs,1.2.1,19,F,UNVERIFIED_PUBLISH_PATH|DORMANT|SINGLE_MAINTAINER,1,114887,v0.2.0
'@ant-design/icons-angular,22.0.0,39,D,UNVERIFIED_PUBLISH_PATH,8,114620,v0.2.0
summernote,0.9.1,28,F,UNVERIFIED_PUBLISH_PATH|DORMANT,3,114511,v0.2.0
'@schedule-x/calendar,4.6.1,25,F,UNVERIFIED_PUBLISH_PATH|SINGLE_MAINTAINER,1,114061,v0.2.0
angular-resource,1.8.3,25,F,UNVERIFIED_PUBLISH_PATH|DORMANT|SINGLE_MAINTAINER|DEPRECATED,1,113838,v0.2.0
'@fullcalendar/rrule,6.1.21,20,F,UNVERIFIED_PUBLISH_PATH|SINGLE_MAINTAINER,1,113728,v0.2.0
'@tsparticles/plugin-motion,4.3.2,69,C,INCONSISTENT_PUBLISH_PATH|SINGLE_MAINTAINER,1,113691,v0.2.0
'@mui/joy,5.0.0-beta.52,40,D,UNVERIFIED_PUBLISH_PATH,10,113658,v0.2.0
i18next-localstorage-backend,4.3.1,39,D,UNVERIFIED_PUBLISH_PATH,2,113046,v0.2.0
just-compare,2.3.0,25,F,UNVERIFIED_PUBLISH_PATH|DORMANT|SINGLE_MAINTAINER,1,112996,v0.2.0
monday-sdk-js,0.5.9,39,D,UNVERIFIED_PUBLISH_PATH,11,112642,v0.2.0
onfido-sdk-ui,14.78.0,25,F,UNVERIFIED_PUBLISH_PATH|SINGLE_MAINTAINER,1,112597,v0.2.0
vue-flatpickr-component,12.0.0,25,F,UNVERIFIED_PUBLISH_PATH|SINGLE_MAINTAINER,1,112332,v0.2.0
vue3-carousel,0.17.0,39,D,UNVERIFIED_PUBLISH_PATH,2,112265,v0.2.0
'@material/web,2.5.0,45,D,UNVERIFIED_PUBLISH_PATH,4,112022,v0.2.0
toastify-js,1.12.0,19,F,UNVERIFIED_PUBLISH_PATH|DORMANT|SINGLE_MAINTAINER,1,111996,v0.2.0
jquery-form,4.3.0,33,F,UNVERIFIED_PUBLISH_PATH|DORMANT,3,111981,v0.2.0
'@techstark/opencv-js,5.0.0-release.1,73,B,SINGLE_MAINTAINER,1,111951,v0.2.0
'@viz-js/viz,3.28.0,73,B,SINGLE_MAINTAINER,1,111860,v0.2.0
'@tolgee/web,7.1.2,73,B,SINGLE_MAINTAINER,1,111654,v0.2.0
occt-import-js,0.0.23,19,F,UNVERIFIED_PUBLISH_PATH|DORMANT|SINGLE_MAINTAINER,1,111606,v0.2.0
'@stytch/vanilla-js,6.0.11,52,C,UNVERIFIED_PUBLISH_PATH,15,111539,v0.2.0
'@algolia/autocomplete-theme-classic,1.19.9,29,F,UNVERIFIED_PUBLISH_PATH|PUBLISHER_NOT_MAINTAINER,14,111435,v0.2.0
datamaps,0.5.10,39,D,UNVERIFIED_PUBLISH_PATH,2,111343,v0.2.0
filepond-plugin-file-validate-size,2.2.8,19,F,UNVERIFIED_PUBLISH_PATH|DORMANT|SINGLE_MAINTAINER,1,111127,v0.2.0
'@fontsource/oswald,5.2.8,71,B,,2,111095,v0.2.0
'@vaadin/overlay,25.2.5,39,D,UNVERIFIED_PUBLISH_PATH,12,110990,v0.2.0
'@fontsource-variable/source-serif-4,5.2.9,71,B,,2,110422,v0.2.0
'@livekit/track-processors,0.7.2,68,C,,0,110156,v0.2.0
js-confetti,0.13.1,25,F,UNVERIFIED_PUBLISH_PATH|SINGLE_MAINTAINER,1,109880,v0.2.0
'@ungap/global-this,0.4.4,19,F,UNVERIFIED_PUBLISH_PATH|DORMANT|SINGLE_MAINTAINER,1,109022,v0.2.0
react-image-lightbox,5.1.4,33,F,UNVERIFIED_PUBLISH_PATH|DORMANT|DEPRECATED,2,108999,v0.2.0
jsuites,6.4.2,25,F,UNVERIFIED_PUBLISH_PATH|SINGLE_MAINTAINER,1,108724,v0.2.0
bootstrap-slider,11.0.2,33,F,UNVERIFIED_PUBLISH_PATH|DORMANT,2,108696,v0.2.0
sweetalert,2.1.2,19,F,UNVERIFIED_PUBLISH_PATH|DORMANT|SINGLE_MAINTAINER,1,108524,v0.2.0
'@tsparticles/shape-heart,4.3.2,69,C,INCONSISTENT_PUBLISH_PATH|SINGLE_MAINTAINER,1,108470,v0.2.0
'@sap-theming/theming-base-content,11.36.4,34,F,UNVERIFIED_PUBLISH_PATH|BRANCH_REQUIRES_PR,4,108413,v0.2.0
'@tsparticles/shape-cards,4.3.2,69,C,INCONSISTENT_PUBLISH_PATH|SINGLE_MAINTAINER,1,108371,v0.2.0
blueimp-file-upload,10.32.0,25,F,UNVERIFIED_PUBLISH_PATH|DORMANT|SINGLE_MAINTAINER,1,108060,v0.2.0
ng-file-upload,12.2.13,19,F,UNVERIFIED_PUBLISH_PATH|DORMANT|SINGLE_MAINTAINER,1,107327,v0.2.0
dxf-parser,1.1.2,19,F,UNVERIFIED_PUBLISH_PATH|DORMANT|SINGLE_MAINTAINER,1,107270,v0.2.0
'@interactjs/core,1.10.27,33,F,UNVERIFIED_PUBLISH_PATH|DORMANT,2,107194,v0.2.0
'@syncfusion/ej2-charts,34.1.29,39,D,UNVERIFIED_PUBLISH_PATH,3,107023,v0.2.0
vue-color,3.3.3,39,D,UNVERIFIED_PUBLISH_PATH,2,106830,v0.2.0
'@fontsource-variable/public-sans,5.2.7,71,B,,2,106804,v0.2.0
'@antv/g2plot,2.4.35,34,F,UNVERIFIED_PUBLISH_PATH|PUBLISHER_NOT_MAINTAINER,19,106654,v0.2.0
fingerprintjs2,2.1.4,28,F,UNVERIFIED_PUBLISH_PATH|DORMANT|DEPRECATED|BRANCH_REQUIRES_PR,2,106217,v0.2.0
semantic-ui-css,2.5.0,19,F,UNVERIFIED_PUBLISH_PATH|DORMANT|SINGLE_MAINTAINER,1,106034,v0.2.0
face-api.js,0.22.2,15,F,UNVERIFIED_PUBLISH_PATH|DORMANT|SINGLE_MAINTAINER,1,105913,v0.2.0
'@fontsource-variable/roboto,5.2.10,81,B,,2,105889,v0.2.0
datatables.net-bs5,2.3.8,25,F,UNVERIFIED_PUBLISH_PATH|SINGLE_MAINTAINER,1,105812,v0.2.0
'@honeybadger-io/js,6.15.0,39,D,UNVERIFIED_PUBLISH_PATH,5,104957,v0.2.0
viewerjs,1.11.7,19,F,UNVERIFIED_PUBLISH_PATH|DORMANT|SINGLE_MAINTAINER,1,104914,v0.2.0
angular-ui-router,1.1.2,39,D,UNVERIFIED_PUBLISH_PATH,2,104360,v0.2.0
'@swimlane/ngx-datatable,24.0.1,45,D,UNVERIFIED_PUBLISH_PATH,24,104226,v0.2.0
'@fontsource/fraunces,5.2.9,71,B,,2,103535,v0.2.0
'@schedule-x/theme-default,4.6.1,25,F,UNVERIFIED_PUBLISH_PATH|SINGLE_MAINTAINER,1,103397,v0.2.0
'@zootools/email-spell-checker,1.12.0,19,F,UNVERIFIED_PUBLISH_PATH|DORMANT|SINGLE_MAINTAINER,1,103006,v0.2.0
nightwatch,3.16.0,39,D,UNVERIFIED_PUBLISH_PATH,4,102941,v0.2.0
typesense-instantsearch-adapter,3.0.2,39,D,UNVERIFIED_PUBLISH_PATH,4,102853,v0.2.0
pretendard,1.3.9,33,F,UNVERIFIED_PUBLISH_PATH|DORMANT,2,102725,v0.2.0
chartjs-chart-matrix,3.0.5,73,B,SINGLE_MAINTAINER,1,102716,v0.2.0
'@imgly/background-removal,1.7.0,34,F,UNVERIFIED_PUBLISH_PATH,12,102594,v0.2.0
'@nathanvda/cocoon,1.2.14,14,F,UNVERIFIED_PUBLISH_PATH|DORMANT|SINGLE_MAINTAINER,1,102354,v0.2.0
'@keystar/ui,0.7.22,89,A,,2,102296,v0.2.0
eonasdan-bootstrap-datetimepicker,4.17.49,14,F,UNVERIFIED_PUBLISH_PATH|DORMANT|SINGLE_MAINTAINER|PUBLISHER_NOT_MAINTAINER,1,102149,v0.2.0
qrious,4.0.2,14,F,UNVERIFIED_PUBLISH_PATH|DORMANT|SINGLE_MAINTAINER|PUBLISHER_NOT_MAINTAINER,1,101788,v0.2.0
'@fontsource/noto-sans,5.2.10,71,B,,2,101728,v0.2.0
vue-axios,3.5.2,25,F,UNVERIFIED_PUBLISH_PATH|DORMANT|SINGLE_MAINTAINER,1,101644,v0.2.0
js-search,2.0.1,28,F,UNVERIFIED_PUBLISH_PATH|DORMANT,2,101621,v0.2.0
'@vaadin/button,25.2.5,39,D,UNVERIFIED_PUBLISH_PATH,12,101490,v0.2.0
streamsaver,2.0.6,19,F,UNVERIFIED_PUBLISH_PATH|DORMANT|SINGLE_MAINTAINER,1,101388,v0.2.0
opus-recorder,8.0.5,19,F,UNVERIFIED_PUBLISH_PATH|DORMANT|SINGLE_MAINTAINER,1,101357,v0.2.0
vidstack,0.6.15,14,F,UNVERIFIED_PUBLISH_PATH|DORMANT|SINGLE_MAINTAINER,1,101131,v0.2.0
'@embedpdf/snippet,2.14.4,16,F,UNVERIFIED_PUBLISH_PATH|SINGLE_MAINTAINER,1,100753,v0.2.0
datatables.net-bs,2.3.8,25,F,UNVERIFIED_PUBLISH_PATH|SINGLE_MAINTAINER,1,100618,v0.2.0
v-tooltip,2.1.3,19,F,UNVERIFIED_PUBLISH_PATH|DORMANT|SINGLE_MAINTAINER,1,100579,v0.2.0
'@alpinejs/collapse,3.15.12,63,C,INCONSISTENT_PUBLISH_PATH|SINGLE_MAINTAINER,1,100545,v0.2.0
'@iconify-json/vscode-icons,1.2.67,21,F,UNVERIFIED_PUBLISH_PATH|SINGLE_MAINTAINER,1,100474,v0.2.0
'@ministryofjustice/frontend,10.0.0,94,A,,4,99906,v0.2.0
typeface-roboto,1.1.13,14,F,UNVERIFIED_PUBLISH_PATH|DORMANT|SINGLE_MAINTAINER,1,99768,v0.2.0
'@launchdarkly/observability,1.1.17,81,B,SINGLE_MAINTAINER,1,99550,v0.2.0
'@vee-validate/i18n,4.15.1,62,C,SINGLE_MAINTAINER,1,99460,v0.2.0
'@fullcalendar/luxon3,6.1.21,20,F,UNVERIFIED_PUBLISH_PATH|SINGLE_MAINTAINER,1,99417,v0.2.0
geodesy,2.4.0,14,F,UNVERIFIED_PUBLISH_PATH|DORMANT|SINGLE_MAINTAINER,1,99403,v0.2.0
rc-editor-mention,1.1.13,33,F,UNVERIFIED_PUBLISH_PATH|DORMANT,3,99349,v0.2.0
'@shopify/draggable,1.2.1,77,B,,6,99151,v0.2.0
phosphor-react,1.4.1,14,F,UNVERIFIED_PUBLISH_PATH|DORMANT|SINGLE_MAINTAINER,1,98671,v0.2.0
'@interactjs/modifiers,1.10.27,33,F,UNVERIFIED_PUBLISH_PATH|DORMANT,2,98647,v0.2.0
'@amcharts/amcharts4,4.10.40,34,F,UNVERIFIED_PUBLISH_PATH,4,98516,v0.2.0
post-robot,8.0.32,46,D,UNVERIFIED_PUBLISH_PATH|DORMANT,5,98170,v0.2.0
chartist,1.5.0,20,F,UNVERIFIED_PUBLISH_PATH|SINGLE_MAINTAINER,1,98146,v0.2.0
marked-katex-extension,5.1.10,73,B,SINGLE_MAINTAINER,1,97801,v0.2.0
heroicons,2.2.0,75,B,DORMANT,3,97159,v0.2.0
loaders.css,0.1.2,19,F,UNVERIFIED_PUBLISH_PATH|DORMANT|SINGLE_MAINTAINER,1,96969,v0.2.0
'@wooorm/starry-night,3.10.0,25,F,UNVERIFIED_PUBLISH_PATH|SINGLE_MAINTAINER,1,96946,v0.2.0
'@fontsource/dm-mono,5.2.7,71,B,,2,96906,v0.2.0
focus-outline-manager,1.0.2,19,F,UNVERIFIED_PUBLISH_PATH|DORMANT|SINGLE_MAINTAINER,1,96761,v0.2.0
flagpack-core,2.1.0,39,D,UNVERIFIED_PUBLISH_PATH|BRANCH_REQUIRES_SIGNATURES|BRANCH_REQUIRES_PR,4,96522,v0.2.0
'@ag-grid-community/locale,36.0.1,93,A,,3,96208,v0.2.0
'@vue/composition-api,1.7.2,33,F,UNVERIFIED_PUBLISH_PATH|DORMANT,5,96076,v0.2.0
'@launchdarkly/session-replay,1.1.17,81,B,SINGLE_MAINTAINER,1,95911,v0.2.0
eme-encryption-scheme-polyfill,2.2.4,45,D,UNVERIFIED_PUBLISH_PATH|DEPRECATED,4,95683,v0.2.0
foundation-sites,6.9.0,39,D,UNVERIFIED_PUBLISH_PATH|DORMANT,4,95607,v0.2.0
jeep-sqlite,2.8.0,19,F,UNVERIFIED_PUBLISH_PATH|DORMANT|SINGLE_MAINTAINER,1,95596,v0.2.0
ccxt,4.5.66,84,B,INCONSISTENT_PUBLISH_PATH,2,94698,v0.2.0
vue-recaptcha,3.0.0-alpha.6,19,F,UNVERIFIED_PUBLISH_PATH|DORMANT|SINGLE_MAINTAINER,1,94670,v0.2.0
'@fontsource/cormorant-garamond,5.2.11,71,B,,2,94592,v0.2.0
rough-notation,0.5.1,19,F,UNVERIFIED_PUBLISH_PATH|DORMANT|SINGLE_MAINTAINER,1,94555,v0.2.0
plotly.js-dist,3.7.0,45,D,UNVERIFIED_PUBLISH_PATH,15,94473,v0.2.0
'@mediapipe/face_detection,0.4.1646425229,24,F,UNVERIFIED_PUBLISH_PATH|DORMANT,8,94285,v0.2.0
ol-ext,4.0.38,73,B,SINGLE_MAINTAINER,1,94178,v0.2.0
'@uppy/locales,5.1.1,45,D,UNVERIFIED_PUBLISH_PATH,4,94011,v0.2.0
emoji-datasource-apple,16.0.0,25,F,UNVERIFIED_PUBLISH_PATH|SINGLE_MAINTAINER,1,93951,v0.2.0
lucide-angular,1.0.0,68,C,SINGLE_MAINTAINER|DEPRECATED,1,93944,v0.2.0
'@photo-sphere-viewer/core,5.14.3,73,B,SINGLE_MAINTAINER,1,93907,v0.2.0
'@wix/sdk-types,1.17.9,30,F,UNVERIFIED_PUBLISH_PATH,12,93689,v0.2.0
'@fontsource/instrument-serif,5.2.8,71,B,,2,93406,v0.2.0
'@tsparticles/confetti,4.3.2,69,C,INCONSISTENT_PUBLISH_PATH|SINGLE_MAINTAINER,1,93153,v0.2.0
simple-keyboard,3.8.164,73,B,SINGLE_MAINTAINER,1,93079,v0.2.0
'@fontsource-variable/montserrat,5.2.8,71,B,,2,93048,v0.2.0
'@github/relative-time-element,5.3.0,94,A,,20,92687,v0.2.0
c3,0.7.20,33,F,UNVERIFIED_PUBLISH_PATH|DORMANT,2,92464,v0.2.0
classlist.js,1.1.20150312,19,F,UNVERIFIED_PUBLISH_PATH|DORMANT|SINGLE_MAINTAINER,1,92264,v0.2.0
'@ui5/webcomponents-base,2.24.0,87,A,,2,92155,v0.2.0
vazirmatn,33.0.3,19,F,UNVERIFIED_PUBLISH_PATH|DORMANT|SINGLE_MAINTAINER,1,92129,v0.2.0
'@getzep/zep-cloud,3.25.0,87,A,,2,91913,v0.2.0
react-tippy,1.4.0,19,F,UNVERIFIED_PUBLISH_PATH|DORMANT|SINGLE_MAINTAINER,1,91798,v0.2.0
altcha-lib,2.2.0,79,B,SINGLE_MAINTAINER,1,91591,v0.2.0
tsparticles,4.3.2,69,C,INCONSISTENT_PUBLISH_PATH|SINGLE_MAINTAINER,1,91385,v0.2.0
vant,4.10.0,26,F,UNVERIFIED_PUBLISH_PATH|SINGLE_MAINTAINER,1,91360,v0.2.0
'@lit-labs/observers,2.1.0,90,A,,11,91358,v0.2.0
'@syncfusion/ej2-richtexteditor,34.1.30,39,D,UNVERIFIED_PUBLISH_PATH,3,91319,v0.2.0
'@progress/kendo-angular-grid,24.2.2,21,F,UNVERIFIED_PUBLISH_PATH|SINGLE_MAINTAINER,1,91289,v0.2.0
'@progress/kendo-charts,2.13.0,25,F,UNVERIFIED_PUBLISH_PATH|SINGLE_MAINTAINER,1,91184,v0.2.0
reset-css,5.0.2,19,F,UNVERIFIED_PUBLISH_PATH|DORMANT|SINGLE_MAINTAINER,1,90936,v0.2.0
epubjs,0.3.93,33,F,UNVERIFIED_PUBLISH_PATH|DORMANT,2,90789,v0.2.0
add-to-calendar-button,2.15.0,87,A,,2,90698,v0.2.0
'@fontsource/barlow,5.2.8,71,B,,2,90441,v0.2.0
hark,1.2.3,33,F,UNVERIFIED_PUBLISH_PATH|DORMANT,3,90306,v0.2.0
'@fullcalendar/moment,6.1.21,20,F,UNVERIFIED_PUBLISH_PATH|SINGLE_MAINTAINER,1,90167,v0.2.0
tachyons,4.12.0,33,F,UNVERIFIED_PUBLISH_PATH|DORMANT,3,90138,v0.2.0
flickity,3.0.0,19,F,UNVERIFIED_PUBLISH_PATH|DORMANT|SINGLE_MAINTAINER,1,89874,v0.2.0
'@fontsource-variable/outfit,5.2.8,71,B,,2,89798,v0.2.0
'@expo-google-fonts/poppins,0.4.1,39,D,UNVERIFIED_PUBLISH_PATH,4,89549,v0.2.0
'@fe6/water-pro,3.58.1,14,F,UNVERIFIED_PUBLISH_PATH|DORMANT|SINGLE_MAINTAINER,1,89351,v0.2.0
'@hpcc-js/wasm,2.34.8,25,F,UNVERIFIED_PUBLISH_PATH|SINGLE_MAINTAINER,1,89274,v0.2.0
google-maps-infobox,2.0.0,19,F,UNVERIFIED_PUBLISH_PATH|DORMANT|SINGLE_MAINTAINER,1,89190,v0.2.0
'@editorjs/image,2.10.3,20,F,UNVERIFIED_PUBLISH_PATH|SINGLE_MAINTAINER,1,89091,v0.2.0
'@editorjs/table,2.4.5,20,F,UNVERIFIED_PUBLISH_PATH|SINGLE_MAINTAINER,1,88949,v0.2.0
hoverintent,2.2.1,33,F,UNVERIFIED_PUBLISH_PATH|DORMANT,2,88939,v0.2.0
lightgallery,2.9.0,20,F,UNVERIFIED_PUBLISH_PATH|SINGLE_MAINTAINER,1,88904,v0.2.0
'@ttskch/select2-bootstrap4-theme,1.5.2,19,F,UNVERIFIED_PUBLISH_PATH|DORMANT|SINGLE_MAINTAINER,1,88758,v0.2.0
country-flag-emoji-polyfill,0.1.8,19,F,UNVERIFIED_PUBLISH_PATH|DORMANT|SINGLE_MAINTAINER,1,88728,v0.2.0
material-design-icons,3.0.1,33,F,UNVERIFIED_PUBLISH_PATH|DORMANT,6,88726,v0.2.0
linkify-string,4.3.3,79,B,SINGLE_MAINTAINER,1,88470,v0.2.0
'@formkit/tempo,1.1.0,87,A,,4,88329,v0.2.0
'@protomaps/basemaps,5.7.2,25,F,UNVERIFIED_PUBLISH_PATH|SINGLE_MAINTAINER,1,88005,v0.2.0
eruda,3.4.3,25,F,UNVERIFIED_PUBLISH_PATH|SINGLE_MAINTAINER,1,87927,v0.2.0
'@ctrl/ngx-emoji-mart,9.3.0,57,C,SINGLE_MAINTAINER,1,87464,v0.2.0
d3-org-chart,3.1.1,19,F,UNVERIFIED_PUBLISH_PATH|DORMANT|SINGLE_MAINTAINER,1,87386,v0.2.0
'@snowplow/browser-plugin-timezone,4.8.4,39,D,UNVERIFIED_PUBLISH_PATH,3,87343,v0.2.0
wanakana,5.3.1,33,F,UNVERIFIED_PUBLISH_PATH|DORMANT,4,87073,v0.2.0
cookies-js,1.2.3,19,F,UNVERIFIED_PUBLISH_PATH|DORMANT|SINGLE_MAINTAINER,1,87062,v0.2.0
lite-youtube-embed,0.3.4,25,F,UNVERIFIED_PUBLISH_PATH|SINGLE_MAINTAINER,1,86841,v0.2.0
jquery-mask-plugin,1.14.16,19,F,UNVERIFIED_PUBLISH_PATH|DORMANT|SINGLE_MAINTAINER,1,86299,v0.2.0
snapsvg,0.5.1,19,F,UNVERIFIED_PUBLISH_PATH|DORMANT|SINGLE_MAINTAINER,1,86121,v0.2.0
devicon,2.17.0,39,D,UNVERIFIED_PUBLISH_PATH,3,86048,v0.2.0
'@fontsource/geist,5.2.9,81,B,,2,86022,v0.2.0
datatables.net-colreorder,2.1.2,25,F,UNVERIFIED_PUBLISH_PATH|SINGLE_MAINTAINER,1,85978,v0.2.0
'@fontsource/source-code-pro,5.2.7,71,B,,2,85668,v0.2.0
'@docsearch/sidepanel-js,4.6.3,46,D,UNVERIFIED_PUBLISH_PATH,5,85582,v0.2.0
'@fontsource-variable/hanken-grotesk,5.2.8,71,B,,2,85434,v0.2.0
unipointer,2.4.0,19,F,UNVERIFIED_PUBLISH_PATH|DORMANT|SINGLE_MAINTAINER,1,85214,v0.2.0
devextreme-angular,26.1.3,47,D,UNVERIFIED_PUBLISH_PATH,3,85125,v0.2.0
bootstrap-colorpicker,3.4.0,19,F,UNVERIFIED_PUBLISH_PATH|DORMANT|SINGLE_MAINTAINER|DEPRECATED,1,85085,v0.2.0
'@fontsource/source-serif-4,5.2.9,71,B,,2,84611,v0.2.0
typeahead.js,0.11.1,19,F,UNVERIFIED_PUBLISH_PATH|DORMANT|SINGLE_MAINTAINER,1,84504,v0.2.0
'@coveo/headless,3.53.1,75,B,SINGLE_MAINTAINER,1,84418,v0.2.0
navigator.sendbeacon,0.0.20,19,F,UNVERIFIED_PUBLISH_PATH|DORMANT|SINGLE_MAINTAINER,1,84266,v0.2.0
'@ui5/webcomponents,2.24.0,87,A,,2,84040,v0.2.0
'@atlaskit/top-layer,1.8.1,16,F,UNVERIFIED_PUBLISH_PATH|SINGLE_MAINTAINER,1,83809,v0.2.0
ag-psd,31.0.2,25,F,UNVERIFIED_PUBLISH_PATH|SINGLE_MAINTAINER,1,83759,v0.2.0
'@fancyapps/ui,6.1.14,25,F,UNVERIFIED_PUBLISH_PATH|SINGLE_MAINTAINER,1,83744,v0.2.0
ladda,2.0.3,33,F,UNVERIFIED_PUBLISH_PATH|DORMANT,2,83603,v0.2.0
jstree,3.3.17,19,F,UNVERIFIED_PUBLISH_PATH|DORMANT|SINGLE_MAINTAINER,1,83469,v0.2.0
vconsole,3.15.1,19,F,UNVERIFIED_PUBLISH_PATH|DORMANT|SINGLE_MAINTAINER,1,82960,v0.2.0
'@lottiefiles/dotlottie-wc,0.9.22,89,A,,2,82775,v0.2.0
svg4everybody,2.1.9,33,F,UNVERIFIED_PUBLISH_PATH|DORMANT,4,82746,v0.2.0
datatables.net-fixedcolumns,5.0.5,25,F,UNVERIFIED_PUBLISH_PATH|SINGLE_MAINTAINER,1,82482,v0.2.0
rangy,1.3.2,19,F,UNVERIFIED_PUBLISH_PATH|DORMANT|SINGLE_MAINTAINER,1,82424,v0.2.0
'@sitecore/byoc,0.3.4,39,D,UNVERIFIED_PUBLISH_PATH,3,82408,v0.2.0
qrcode-reader,1.0.4,19,F,UNVERIFIED_PUBLISH_PATH|DORMANT|SINGLE_MAINTAINER,1,82408,v0.2.0
'@esotericsoftware/spine-core,4.3.10,77,B,INCONSISTENT_PUBLISH_PATH,3,82155,v0.2.0
tui-code-snippet,2.3.3,19,F,UNVERIFIED_PUBLISH_PATH|DORMANT|SINGLE_MAINTAINER,1,82011,v0.2.0
magnific-popup,1.2.0,19,F,UNVERIFIED_PUBLISH_PATH|DORMANT|SINGLE_MAINTAINER,1,81976,v0.2.0
'@ui5/webcomponents-icons,2.24.0,87,A,,2,81831,v0.2.0
sip.js,0.21.2,39,D,UNVERIFIED_PUBLISH_PATH|DORMANT,4,81801,v0.2.0
cannon-es,0.20.0,28,F,UNVERIFIED_PUBLISH_PATH|DORMANT,5,81759,v0.2.0
'@vaadin/date-picker,25.2.5,39,D,UNVERIFIED_PUBLISH_PATH,12,81424,v0.2.0
iconify-icon,3.0.2,20,F,UNVERIFIED_PUBLISH_PATH|SINGLE_MAINTAINER,1,81307,v0.2.0
'@alpinejs/focus,3.15.12,63,C,INCONSISTENT_PUBLISH_PATH|SINGLE_MAINTAINER,1,81156,v0.2.0
vue-the-mask,0.11.1,15,F,UNVERIFIED_PUBLISH_PATH|DORMANT|SINGLE_MAINTAINER,1,81073,v0.2.0
'@fontsource/source-sans-pro,5.2.5,71,B,,2,80945,v0.2.0
'@tesseract.js-data/eng,1.0.0,19,F,UNVERIFIED_PUBLISH_PATH|DORMANT|SINGLE_MAINTAINER,1,80806,v0.2.0
'@fontsource/public-sans,5.2.7,71,B,,2,80555,v0.2.0
'@studio-freight/lenis,1.0.42,40,D,UNVERIFIED_PUBLISH_PATH|DORMANT|DEPRECATED,4,80252,v0.2.0
proxy-polyfill,0.3.2,28,F,UNVERIFIED_PUBLISH_PATH|DORMANT,2,79973,v0.2.0
'@fontsource/archivo-black,5.2.8,71,B,,2,79899,v0.2.0
media-icons,0.10.0,19,F,UNVERIFIED_PUBLISH_PATH|DORMANT|SINGLE_MAINTAINER,1,79813,v0.2.0
'@ui5/webcomponents-localization,2.24.0,87,A,,2,79811,v0.2.0
cash-dom,8.1.5,19,F,UNVERIFIED_PUBLISH_PATH|DORMANT|SINGLE_MAINTAINER,1,79804,v0.2.0
vue-upload-component,2.8.23,19,F,UNVERIFIED_PUBLISH_PATH|DORMANT|SINGLE_MAINTAINER,1,79649,v0.2.0
object-fit-images,3.2.4,9,F,UNVERIFIED_PUBLISH_PATH|DORMANT|SINGLE_MAINTAINER|PUBLISHER_NOT_MAINTAINER,1,79598,v0.2.0
'@svgmoji/openmoji,3.2.0,14,F,UNVERIFIED_PUBLISH_PATH|DORMANT|SINGLE_MAINTAINER,1,79467,v0.2.0
'@svgmoji/blob,3.2.0,14,F,UNVERIFIED_PUBLISH_PATH|DORMANT|SINGLE_MAINTAINER,1,79352,v0.2.0
progressbar.js,1.1.1,19,F,UNVERIFIED_PUBLISH_PATH|DORMANT|SINGLE_MAINTAINER,1,79311,v0.2.0
blockly,13.1.1,84,B,INCONSISTENT_PUBLISH_PATH,5,79167,v0.2.0
'@fontsource-variable/ibm-plex-sans,5.2.8,71,B,,2,79115,v0.2.0
'@svgmoji/twemoji,3.2.0,14,F,UNVERIFIED_PUBLISH_PATH|DORMANT|SINGLE_MAINTAINER,1,79010,v0.2.0
github-buttons,2.33.0,73,B,SINGLE_MAINTAINER,1,78985,v0.2.0
instantsearch.css,8.18.0,39,D,UNVERIFIED_PUBLISH_PATH,17,78951,v0.2.0
qrcode-svg,1.1.0,19,F,UNVERIFIED_PUBLISH_PATH|DORMANT|SINGLE_MAINTAINER,1,78904,v0.2.0
'@dnb/eufemia,11.8.2,70,B,INCONSISTENT_PUBLISH_PATH|SINGLE_MAINTAINER,1,78792,v0.2.0
'@sitecore-feaas/clientside,0.6.4,35,D,UNVERIFIED_PUBLISH_PATH,5,78732,v0.2.0
filepond-plugin-image-exif-orientation,1.0.11,19,F,UNVERIFIED_PUBLISH_PATH|DORMANT|SINGLE_MAINTAINER,1,78521,v0.2.0
document-register-element,1.14.10,19,F,UNVERIFIED_PUBLISH_PATH|DORMANT|SINGLE_MAINTAINER|DEPRECATED,1,78331,v0.2.0
'@activeadmin/activeadmin,3.5.2,39,D,UNVERIFIED_PUBLISH_PATH,4,78327,v0.2.0
emoji-mart-vue-fast,15.0.5,25,F,UNVERIFIED_PUBLISH_PATH|SINGLE_MAINTAINER,1,78286,v0.2.0
i18next-locize-backend,10.0.1,39,D,UNVERIFIED_PUBLISH_PATH,2,78272,v0.2.0
wnumb,1.2.0,19,F,UNVERIFIED_PUBLISH_PATH|DORMANT|SINGLE_MAINTAINER,1,78203,v0.2.0
vanilla-calendar-pro,3.1.0,25,F,UNVERIFIED_PUBLISH_PATH|SINGLE_MAINTAINER,1,78154,v0.2.0
'@fontsource/fira-code,5.2.7,71,B,,2,78082,v0.2.0
amazon-connect-chatjs,5.1.1,46,D,UNVERIFIED_PUBLISH_PATH,8,77762,v0.2.0
'@wix/monitoring-types,1.0.0,30,F,UNVERIFIED_PUBLISH_PATH,12,77558,v0.2.0
'@mathjax/mathjax-newcm-font,4.1.3,39,D,UNVERIFIED_PUBLISH_PATH,3,77476,v0.2.0
insert-text-at-cursor,0.3.0,19,F,UNVERIFIED_PUBLISH_PATH|DORMANT|SINGLE_MAINTAINER,1,77444,v0.2.0
'@nomicfoundation/hardhat-utils,4.1.5,68,C,,0,77359,v0.2.0
moveable,0.53.0,19,F,UNVERIFIED_PUBLISH_PATH|DORMANT|SINGLE_MAINTAINER,1,77302,v0.2.0
fg-loadcss,3.1.0,33,F,UNVERIFIED_PUBLISH_PATH|DORMANT,6,77003,v0.2.0
tooltip.js,1.3.3,14,F,UNVERIFIED_PUBLISH_PATH|DORMANT|SINGLE_MAINTAINER|DEPRECATED,1,76964,v0.2.0
'@inlang/plugin-message-format,4.4.0,82,B,,2,76876,v0.2.0
'@opentok/client,2.34.2,35,D,UNVERIFIED_PUBLISH_PATH,4,76860,v0.2.0
peerjs,1.5.5,39,D,UNVERIFIED_PUBLISH_PATH,3,76820,v0.2.0
seamless-scroll-polyfill,2.3.4,19,F,UNVERIFIED_PUBLISH_PATH|DORMANT|SINGLE_MAINTAINER,1,76807,v0.2.0
string,3.3.3,33,F,UNVERIFIED_PUBLISH_PATH|DORMANT,2,76696,v0.2.0
ui-select,0.19.8,33,F,UNVERIFIED_PUBLISH_PATH|DORMANT,3,76676,v0.2.0
tablesorter,2.32.0,25,F,UNVERIFIED_PUBLISH_PATH|DORMANT|SINGLE_MAINTAINER,1,76625,v0.2.0
container-query-polyfill,1.0.2,33,F,UNVERIFIED_PUBLISH_PATH|DORMANT,5,76557,v0.2.0
'@solid-primitives/storage,4.4.0,40,D,UNVERIFIED_PUBLISH_PATH,3,76534,v0.2.0
pixi-filters,6.1.5,39,D,UNVERIFIED_PUBLISH_PATH,3,76366,v0.2.0
getstream,8.14.0,100,A,,8,76297,v0.2.0
bootstrap-touchspin,5.1.0,31,F,UNVERIFIED_PUBLISH_PATH|SINGLE_MAINTAINER,1,76184,v0.2.0
vue2-datepicker,3.11.1,19,F,UNVERIFIED_PUBLISH_PATH|DORMANT|SINGLE_MAINTAINER,1,76179,v0.2.0
'@fluentui/svg-icons,1.1.333,52,C,UNVERIFIED_PUBLISH_PATH,10,75881,v0.2.0
page-flip,2.0.7,19,F,UNVERIFIED_PUBLISH_PATH|DORMANT|SINGLE_MAINTAINER,1,75807,v0.2.0
'@fontsource-variable/nunito-sans,5.2.7,71,B,,2,75779,v0.2.0
slim-select,4.0.6,25,F,UNVERIFIED_PUBLISH_PATH|SINGLE_MAINTAINER,1,75665,v0.2.0
'@snowplow/browser-plugin-form-tracking,4.8.4,39,D,UNVERIFIED_PUBLISH_PATH,3,75429,v0.2.0
jquery-hoverintent,1.10.2,19,F,UNVERIFIED_PUBLISH_PATH|DORMANT|SINGLE_MAINTAINER,1,75328,v0.2.0
ldrs,1.1.9,25,F,UNVERIFIED_PUBLISH_PATH|SINGLE_MAINTAINER,1,75287,v0.2.0
jquery.browser,0.1.0,19,F,UNVERIFIED_PUBLISH_PATH|DORMANT|SINGLE_MAINTAINER,1,75239,v0.2.0
'@configcat/sdk,1.1.0,94,A,,4,75184,v0.2.0
jquery.cookie,1.4.1,19,F,UNVERIFIED_PUBLISH_PATH|DORMANT|SINGLE_MAINTAINER,1,75135,v0.2.0
jspreadsheet-ce,5.0.4,25,F,UNVERIFIED_PUBLISH_PATH|SINGLE_MAINTAINER,1,75072,v0.2.0
'@fontsource-variable/bricolage-grotesque,5.2.10,71,B,,2,74983,v0.2.0
backbone.marionette,4.1.3,33,F,UNVERIFIED_PUBLISH_PATH|DORMANT,7,74885,v0.2.0
admin-lte,4.1.0,45,D,UNVERIFIED_PUBLISH_PATH,3,74854,v0.2.0
datatables.net-fixedheader,4.0.6,25,F,UNVERIFIED_PUBLISH_PATH|SINGLE_MAINTAINER,1,74662,v0.2.0
'@farcaster/miniapp-sdk,0.3.0,72,B,INCONSISTENT_PUBLISH_PATH|BRANCH_REQUIRES_PR,11,74507,v0.2.0
angular-aria,1.8.3,25,F,UNVERIFIED_PUBLISH_PATH|DORMANT|SINGLE_MAINTAINER|DEPRECATED,1,74497,v0.2.0
altcha,3.2.1,79,B,SINGLE_MAINTAINER,1,74459,v0.2.0
file-saver-es,2.0.5,19,F,UNVERIFIED_PUBLISH_PATH|DORMANT|SINGLE_MAINTAINER,1,74369,v0.2.0
'@ckeditor/ckeditor5-line-height,48.3.1,21,F,UNVERIFIED_PUBLISH_PATH|SINGLE_MAINTAINER,1,74331,v0.2.0
zoid,9.0.86,46,D,UNVERIFIED_PUBLISH_PATH|DORMANT,8,74230,v0.2.0
viz.js,2.1.2,19,F,UNVERIFIED_PUBLISH_PATH|DORMANT|SINGLE_MAINTAINER|DEPRECATED,1,74226,v0.2.0
'@fontsource/source-sans-3,5.2.9,71,B,,2,74218,v0.2.0
'@fontsource/lora,5.2.8,71,B,,2,74207,v0.2.0
vue-apexcharts,1.7.0,33,F,UNVERIFIED_PUBLISH_PATH|DORMANT,2,74206,v0.2.0
autonumeric,4.10.10,39,D,UNVERIFIED_PUBLISH_PATH,2,74201,v0.2.0
local-time,3.0.3,39,D,UNVERIFIED_PUBLISH_PATH,3,74190,v0.2.0
b-validate,1.5.3,33,F,UNVERIFIED_PUBLISH_PATH|DORMANT,2,74166,v0.2.0
'@marp-team/marpit-svg-polyfill,2.1.0,19,F,UNVERIFIED_PUBLISH_PATH|DORMANT|SINGLE_MAINTAINER,1,74126,v0.2.0
dictionary-en,4.0.0,19,F,UNVERIFIED_PUBLISH_PATH|DORMANT|SINGLE_MAINTAINER,1,73438,v0.2.0
'@fontsource-variable/noto-sans,5.2.10,71,B,,2,73316,v0.2.0
'@iconify-json/fluent,1.2.53,21,F,UNVERIFIED_PUBLISH_PATH|SINGLE_MAINTAINER,1,73287,v0.2.0
actioncable,5.2.8-1,40,D,UNVERIFIED_PUBLISH_PATH|DORMANT,7,73283,v0.2.0
'@dotlottie/dotlottie-js,1.7.0,82,B,,2,73133,v0.2.0
topbar,3.0.1,25,F,UNVERIFIED_PUBLISH_PATH|SINGLE_MAINTAINER,1,73112,v0.2.0
vue3-toastify,0.2.9,25,F,UNVERIFIED_PUBLISH_PATH|SINGLE_MAINTAINER,1,73035,v0.2.0
pouchdb,9.0.0,33,F,UNVERIFIED_PUBLISH_PATH|DORMANT,12,73028,v0.2.0
wasm-imagemagick,1.2.8,19,F,UNVERIFIED_PUBLISH_PATH|DORMANT|SINGLE_MAINTAINER,1,72948,v0.2.0
shiki-es,0.14.0,33,F,UNVERIFIED_PUBLISH_PATH|DORMANT|DEPRECATED,2,72867,v0.2.0
local-storage-fallback,5.0.0,19,F,UNVERIFIED_PUBLISH_PATH|DORMANT|SINGLE_MAINTAINER,1,72854,v0.2.0
'@cloudscape-design/components,3.0.1330,27,F,UNVERIFIED_PUBLISH_PATH|SINGLE_MAINTAINER,1,72748,v0.2.0
retell-client-js-sdk,2.0.8,35,D,UNVERIFIED_PUBLISH_PATH,3,72711,v0.2.0
'@microsoft/signalr-protocol-msgpack,10.0.0,47,D,UNVERIFIED_PUBLISH_PATH,4,72624,v0.2.0
react-native-elements,3.4.3,33,F,UNVERIFIED_PUBLISH_PATH|DORMANT,4,72554,v0.2.0
ress,5.0.2,19,F,UNVERIFIED_PUBLISH_PATH|DORMANT|SINGLE_MAINTAINER,1,72513,v0.2.0
'@kount/kount-web-client-sdk,2.2.3,34,F,UNVERIFIED_PUBLISH_PATH,4,72201,v0.2.0
jquery-datetimepicker,2.5.21,19,F,UNVERIFIED_PUBLISH_PATH|DORMANT|SINGLE_MAINTAINER,1,72167,v0.2.0
flexlayout-react,0.10.0,25,F,UNVERIFIED_PUBLISH_PATH|SINGLE_MAINTAINER,1,72105,v0.2.0
gridjs,6.2.0,19,F,UNVERIFIED_PUBLISH_PATH|DORMANT|SINGLE_MAINTAINER,1,71951,v0.2.0
'@editorjs/quote,2.7.6,14,F,UNVERIFIED_PUBLISH_PATH|DORMANT|SINGLE_MAINTAINER,1,71944,v0.2.0
'@stomp/rx-stomp,2.4.0,39,D,UNVERIFIED_PUBLISH_PATH,2,71933,v0.2.0
'@material-design-icons/svg,0.14.15,25,F,UNVERIFIED_PUBLISH_PATH|SINGLE_MAINTAINER,1,71710,v0.2.0
'@ui5/webcomponents-fiori,2.24.0,87,A,,2,71707,v0.2.0
'@ckeditor/ckeditor5-footnotes,48.3.1,21,F,UNVERIFIED_PUBLISH_PATH|SINGLE_MAINTAINER,1,71375,v0.2.0
chosen-js,1.8.7,19,F,UNVERIFIED_PUBLISH_PATH|DORMANT|SINGLE_MAINTAINER|BRANCH_REQUIRES_PR,1,71319,v0.2.0
windmill-client,1.762.2,32,F,UNVERIFIED_PUBLISH_PATH|SINGLE_MAINTAINER,1,71259,v0.2.0
videojs-wavesurfer,3.10.0,19,F,UNVERIFIED_PUBLISH_PATH|DORMANT|SINGLE_MAINTAINER,1,70900,v0.2.0
zepto,1.2.0,14,F,UNVERIFIED_PUBLISH_PATH|DORMANT|SINGLE_MAINTAINER|PUBLISHER_NOT_MAINTAINER,1,70877,v0.2.0
'@visactor/vchart,2.1.4,87,A,,16,70467,v0.2.0
json-joy,18.28.0,20,F,UNVERIFIED_PUBLISH_PATH|SINGLE_MAINTAINER,1,70386,v0.2.0
'@vue-flow/node-resizer,1.5.1,27,F,UNVERIFIED_PUBLISH_PATH|SINGLE_MAINTAINER,1,70333,v0.2.0
'@fontsource/league-gothic,5.2.8,71,B,,2,69804,v0.2.0
ng-infinite-scroll,1.3.0,33,F,UNVERIFIED_PUBLISH_PATH|DORMANT,3,69498,v0.2.0
tiny-slider,2.9.4,19,F,UNVERIFIED_PUBLISH_PATH|DORMANT|SINGLE_MAINTAINER,1,69470,v0.2.0
reveal.js,6.0.1,25,F,UNVERIFIED_PUBLISH_PATH|SINGLE_MAINTAINER,1,69431,v0.2.0
delegate-it,6.4.0,25,F,UNVERIFIED_PUBLISH_PATH|SINGLE_MAINTAINER,1,69377,v0.2.0
'@redocly/realm-asyncapi-sdk,0.13.0,30,F,UNVERIFIED_PUBLISH_PATH,6,69106,v0.2.0
'@fontsource-variable/noto-sans-jp,5.2.10,71,B,,2,69089,v0.2.0
'@progress/kendo-font-icons,5.3.0,70,B,INCONSISTENT_PUBLISH_PATH|SINGLE_MAINTAINER,1,69085,v0.2.0
vuejs-datepicker,1.6.2,19,F,UNVERIFIED_PUBLISH_PATH|DORMANT|SINGLE_MAINTAINER,1,69028,v0.2.0
picmo,5.8.5,19,F,UNVERIFIED_PUBLISH_PATH|DORMANT|SINGLE_MAINTAINER|DEPRECATED,1,68902,v0.2.0
videojs-record,4.8.0,19,F,UNVERIFIED_PUBLISH_PATH|DORMANT|SINGLE_MAINTAINER,1,68872,v0.2.0
'@rutter/rutter-link,1.2.8,35,D,UNVERIFIED_PUBLISH_PATH,6,68842,v0.2.0
'@tscircuit/math-utils,0.0.36,21,F,UNVERIFIED_PUBLISH_PATH|SINGLE_MAINTAINER,1,68726,v0.2.0
'@expo-google-fonts/playfair-display,0.4.2,39,D,UNVERIFIED_PUBLISH_PATH,4,68657,v0.2.0
'@highlightjs/cdn-assets,11.11.1,39,D,UNVERIFIED_PUBLISH_PATH|DORMANT,4,68624,v0.2.0
'@vladmandic/face-api,1.7.15,26,F,UNVERIFIED_PUBLISH_PATH|SINGLE_MAINTAINER,1,68442,v0.2.0
jquery-touchswipe,1.6.19,19,F,UNVERIFIED_PUBLISH_PATH|DORMANT|SINGLE_MAINTAINER,1,68422,v0.2.0
react-leaflet-markercluster,5.0.0-rc.0,33,F,UNVERIFIED_PUBLISH_PATH|DORMANT,2,67996,v0.2.0
echarts-wordcloud,2.1.0,33,F,UNVERIFIED_PUBLISH_PATH|DORMANT,4,67984,v0.2.0
kiwi-schema,0.5.0,19,F,UNVERIFIED_PUBLISH_PATH|DORMANT|SINGLE_MAINTAINER,1,67917,v0.2.0
vue-moment,4.1.0,33,F,UNVERIFIED_PUBLISH_PATH|DORMANT,2,67746,v0.2.0
deepdash,5.3.9,19,F,UNVERIFIED_PUBLISH_PATH|DORMANT|SINGLE_MAINTAINER,1,67722,v0.2.0
'@aws/amazon-location-utilities-auth-helper,1.3.3,94,A,,4,67709,v0.2.0
'@imagemagick/magick-wasm,0.0.41,73,B,SINGLE_MAINTAINER,1,67695,v0.2.0
three-bvh-csg,0.0.18,25,F,UNVERIFIED_PUBLISH_PATH|SINGLE_MAINTAINER,1,67452,v0.2.0
'@snowplow/browser-plugin-performance-timing,4.8.4,39,D,UNVERIFIED_PUBLISH_PATH,3,67345,v0.2.0
'@fontsource-variable/roboto-mono,5.2.9,81,B,,2,67314,v0.2.0
antd-mobile,5.42.3,39,D,UNVERIFIED_PUBLISH_PATH,3,67277,v0.2.0
'@fontsource-variable/noto-sans-sc,5.2.10,71,B,,2,67235,v0.2.0
'@thoughtspot/visual-embed-sdk,1.50.1,84,B,INCONSISTENT_PUBLISH_PATH,13,67203,v0.2.0
awesomplete,1.1.7,19,F,UNVERIFIED_PUBLISH_PATH|DORMANT|SINGLE_MAINTAINER,1,66972,v0.2.0
can-autoplay,3.0.2,24,F,UNVERIFIED_PUBLISH_PATH|DORMANT,3,66964,v0.2.0
modernizr,3.13.1,33,F,UNVERIFIED_PUBLISH_PATH|DORMANT,7,66887,v0.2.0
'@github/combobox-nav,3.0.2,94,A,,20,66841,v0.2.0
cookieconsent,3.1.1,33,F,UNVERIFIED_PUBLISH_PATH|DORMANT,4,66835,v0.2.0
astronomy-engine,2.1.19,19,F,UNVERIFIED_PUBLISH_PATH|DORMANT|SINGLE_MAINTAINER,1,66647,v0.2.0
grapesjs-preset-webpage,1.0.3,19,F,UNVERIFIED_PUBLISH_PATH|DORMANT|SINGLE_MAINTAINER,1,66418,v0.2.0
material-icon-theme,5.36.1,31,F,UNVERIFIED_PUBLISH_PATH|SINGLE_MAINTAINER,1,66399,v0.2.0
navigator.locks,0.8.8,25,F,UNVERIFIED_PUBLISH_PATH|SINGLE_MAINTAINER,1,66338,v0.2.0
'@redocly/theme,0.67.0,30,F,UNVERIFIED_PUBLISH_PATH,6,66328,v0.2.0
'@editorjs/delimiter,1.4.2,14,F,UNVERIFIED_PUBLISH_PATH|DORMANT|SINGLE_MAINTAINER,1,66205,v0.2.0
'@pixiv/three-vrm,3.5.5,87,A,,6,66167,v0.2.0
vue-lazyload,3.0.0,33,F,UNVERIFIED_PUBLISH_PATH|DORMANT,2,65757,v0.2.0
vue-easy-lightbox,1.19.0,19,F,UNVERIFIED_PUBLISH_PATH|DORMANT|SINGLE_MAINTAINER,1,65608,v0.2.0
micromodal,0.7.0,34,F,UNVERIFIED_PUBLISH_PATH,2,65342,v0.2.0
'@algolia/autocomplete-plugin-recent-searches,1.19.9,29,F,UNVERIFIED_PUBLISH_PATH|PUBLISHER_NOT_MAINTAINER,14,65318,v0.2.0
cleave-zen,0.0.17,19,F,UNVERIFIED_PUBLISH_PATH|DORMANT|SINGLE_MAINTAINER,1,65233,v0.2.0
echarts-gl,2.1.0,39,D,UNVERIFIED_PUBLISH_PATH,4,65172,v0.2.0
'@fontsource/merriweather,5.2.11,71,B,,2,65092,v0.2.0
vue-resource,1.5.3,33,F,UNVERIFIED_PUBLISH_PATH|DORMANT,2,64836,v0.2.0
fastclick,1.0.6,40,D,UNVERIFIED_PUBLISH_PATH|DORMANT,3,64809,v0.2.0
'@picmo/popup-picker,5.8.5,19,F,UNVERIFIED_PUBLISH_PATH|DORMANT|SINGLE_MAINTAINER|DEPRECATED,1,64796,v0.2.0
pptx-preview,1.0.7,21,F,UNVERIFIED_PUBLISH_PATH|SINGLE_MAINTAINER,1,64717,v0.2.0
'@open-wc/lit-helpers,0.7.0,33,F,UNVERIFIED_PUBLISH_PATH|DORMANT,4,64454,v0.2.0
shaders,3.0.440,21,F,UNVERIFIED_PUBLISH_PATH|SINGLE_MAINTAINER,1,64438,v0.2.0
'@hyperdx/browser,0.25.1,87,A,,2,64093,v0.2.0
'@zoom/meetingsdk,6.2.0,39,D,UNVERIFIED_PUBLISH_PATH,5,64092,v0.2.0
owl.carousel,2.3.4,33,F,UNVERIFIED_PUBLISH_PATH|DORMANT,2,63958,v0.2.0
'@fontsource-variable/playfair-display,5.2.8,71,B,,2,63938,v0.2.0
core-js-bundle,3.49.0,31,F,UNVERIFIED_PUBLISH_PATH|SINGLE_MAINTAINER,1,63874,v0.2.0
asciinema-player,3.17.0,73,B,SINGLE_MAINTAINER,1,63832,v0.2.0
'@polar-sh/checkout,0.4.0,85,A,INCONSISTENT_PUBLISH_PATH,5,63756,v0.2.0
component-register,0.8.8,25,F,UNVERIFIED_PUBLISH_PATH|SINGLE_MAINTAINER,1,63624,v0.2.0
pangu,7.2.1,73,B,SINGLE_MAINTAINER,1,63550,v0.2.0
timemachine,0.3.2,33,F,UNVERIFIED_PUBLISH_PATH|DORMANT,2,63302,v0.2.0
'@fontsource-variable/inter-tight,5.2.7,71,B,,2,63167,v0.2.0
'@mlc-ai/web-llm,0.2.84,45,D,UNVERIFIED_PUBLISH_PATH,7,63101,v0.2.0
'@fontsource-variable/open-sans,5.2.7,71,B,,2,63091,v0.2.0
ahoy.js,0.4.5,25,F,UNVERIFIED_PUBLISH_PATH|SINGLE_MAINTAINER,1,63085,v0.2.0
'@vueform/slider,2.1.10,19,F,UNVERIFIED_PUBLISH_PATH|DORMANT|SINGLE_MAINTAINER,1,63083,v0.2.0
jquery.growl,1.3.5,14,F,UNVERIFIED_PUBLISH_PATH|DORMANT|SINGLE_MAINTAINER,1,62969,v0.2.0
'@progress/kendo-theme-material,14.3.0,80,B,SINGLE_MAINTAINER,1,62916,v0.2.0
'@fontsource/noto-sans-kr,5.2.9,71,B,,2,62758,v0.2.0
odometer,0.4.8,29,F,UNVERIFIED_PUBLISH_PATH|DORMANT,10,62728,v0.2.0
luxon-business-days,3.0.1,19,F,UNVERIFIED_PUBLISH_PATH|DORMANT|SINGLE_MAINTAINER,1,62561,v0.2.0
material-design-lite,1.3.0,33,F,UNVERIFIED_PUBLISH_PATH|DORMANT,3,62521,v0.2.0
bootswatch,5.3.8,39,D,UNVERIFIED_PUBLISH_PATH,2,62390,v0.2.0
boxicons,2.1.4,19,F,UNVERIFIED_PUBLISH_PATH|DORMANT|SINGLE_MAINTAINER,1,62273,v0.2.0
string.prototype.startswith,1.0.1,33,F,UNVERIFIED_PUBLISH_PATH|DORMANT,2,62216,v0.2.0
nipplejs,1.0.4,73,B,SINGLE_MAINTAINER,1,62159,v0.2.0
'@fluent/bundle,0.19.1,39,D,UNVERIFIED_PUBLISH_PATH,4,62072,v0.2.0
'@wordpress/block-library,10.2.0,52,C,UNVERIFIED_PUBLISH_PATH,24,61942,v0.2.0
'@arco-design/web-react,2.66.16,39,D,UNVERIFIED_PUBLISH_PATH,11,61779,v0.2.0
'@mediapipe/selfie_segmentation,0.1.1675465747,24,F,UNVERIFIED_PUBLISH_PATH|DORMANT,8,61763,v0.2.0
office-ui-fabric-react,7.204.1,47,D,UNVERIFIED_PUBLISH_PATH,5,61750,v0.2.0
glightbox,3.3.1,19,F,UNVERIFIED_PUBLISH_PATH|DORMANT|SINGLE_MAINTAINER,1,61727,v0.2.0
'@fontsource/sora,5.2.8,71,B,,2,61624,v0.2.0
jquery-ui-touch-punch,0.2.3,14,F,UNVERIFIED_PUBLISH_PATH|DORMANT|SINGLE_MAINTAINER,1,61450,v0.2.0
editorjs-undo,2.0.28,39,D,UNVERIFIED_PUBLISH_PATH|DORMANT,2,61445,v0.2.0
country-list-with-dial-code-and-flag,5.1.1,25,F,UNVERIFIED_PUBLISH_PATH|SINGLE_MAINTAINER,1,61163,v0.2.0
superdoc,1.45.0,47,D,UNVERIFIED_PUBLISH_PATH,3,61158,v0.2.0
mediainfo.js,0.3.7,20,F,UNVERIFIED_PUBLISH_PATH|SINGLE_MAINTAINER,1,61148,v0.2.0
satellite.js,7.0.1,39,D,UNVERIFIED_PUBLISH_PATH,3,61129,v0.2.0
'@antv/x6,3.1.7,40,D,UNVERIFIED_PUBLISH_PATH,18,61111,v0.2.0
hyperlist,1.0.0,33,F,UNVERIFIED_PUBLISH_PATH|DORMANT,2,61096,v0.2.0
'@algolia/autocomplete-plugin-query-suggestions,1.19.9,29,F,UNVERIFIED_PUBLISH_PATH|PUBLISHER_NOT_MAINTAINER,14,61095,v0.2.0
fhirclient,2.6.3,39,D,UNVERIFIED_PUBLISH_PATH,2,61040,v0.2.0
diff-dom,5.2.1,25,F,UNVERIFIED_PUBLISH_PATH|SINGLE_MAINTAINER,1,60996,v0.2.0
antd-mobile-icons,0.3.0,19,F,UNVERIFIED_PUBLISH_PATH|DORMANT|SINGLE_MAINTAINER,1,60881,v0.2.0
3d-tiles-renderer,0.5.0,39,D,UNVERIFIED_PUBLISH_PATH,2,60828,v0.2.0
'@fontsource/carlito,5.2.8,71,B,,2,60604,v0.2.0
text-security,3.2.1,19,F,UNVERIFIED_PUBLISH_PATH|DORMANT|SINGLE_MAINTAINER,1,60564,v0.2.0
'@snowplow/browser-plugin-client-hints,4.8.4,39,D,UNVERIFIED_PUBLISH_PATH,3,60217,v0.2.0
sniffr,1.4.0,25,F,UNVERIFIED_PUBLISH_PATH|SINGLE_MAINTAINER,1,60172,v0.2.0
office-ui-fabric-core,11.1.0,33,F,UNVERIFIED_PUBLISH_PATH|DORMANT,2,60163,v0.2.0
'@11labs/client,0.2.0,34,F,UNVERIFIED_PUBLISH_PATH|DEPRECATED,4,60143,v0.2.0
friendly-challenge,0.9.20,39,D,UNVERIFIED_PUBLISH_PATH,2,59948,v0.2.0
react-modern-drawer,1.4.0,19,F,UNVERIFIED_PUBLISH_PATH|DORMANT|SINGLE_MAINTAINER,1,59887,v0.2.0
validatorjs,3.22.1,33,F,UNVERIFIED_PUBLISH_PATH|DORMANT,4,59849,v0.2.0
'@shopify/app-bridge,3.7.11,39,D,UNVERIFIED_PUBLISH_PATH,6,59846,v0.2.0
'@brightcove/player-loader,1.8.1,35,D,UNVERIFIED_PUBLISH_PATH,80,59625,v0.2.0
'@fontsource-variable/nunito,5.2.7,71,B,,2,59408,v0.2.0
flot,4.2.6,33,F,UNVERIFIED_PUBLISH_PATH|DORMANT,3,59138,v0.2.0
es6-promise-polyfill,1.2.0,19,F,UNVERIFIED_PUBLISH_PATH|DORMANT|SINGLE_MAINTAINER,1,59089,v0.2.0
'@editorjs/inline-code,1.5.2,20,F,UNVERIFIED_PUBLISH_PATH|SINGLE_MAINTAINER,1,59080,v0.2.0
vue-infinite-loading,2.4.5,19,F,UNVERIFIED_PUBLISH_PATH|DORMANT|SINGLE_MAINTAINER,1,59035,v0.2.0
'@jaames/iro,5.5.2,19,F,UNVERIFIED_PUBLISH_PATH|DORMANT|SINGLE_MAINTAINER,1,58872,v0.2.0
'@redocly/realm,0.135.0,30,F,UNVERIFIED_PUBLISH_PATH,6,58573,v0.2.0
object-assign-polyfill,0.1.0,19,F,UNVERIFIED_PUBLISH_PATH|DORMANT|SINGLE_MAINTAINER,1,58431,v0.2.0
azure-maps-control,3.7.4,21,F,UNVERIFIED_PUBLISH_PATH|SINGLE_MAINTAINER,1,58422,v0.2.0
'@tonconnect/ui,3.0.0,41,D,UNVERIFIED_PUBLISH_PATH,2,58420,v0.2.0
ion-rangeslider,2.3.1,19,F,UNVERIFIED_PUBLISH_PATH|DORMANT|SINGLE_MAINTAINER,1,58395,v0.2.0
'@editorjs/code,2.9.4,20,F,UNVERIFIED_PUBLISH_PATH|SINGLE_MAINTAINER,1,58352,v0.2.0
'@hebcal/core,6.7.0,63,C,INCONSISTENT_PUBLISH_PATH|SINGLE_MAINTAINER,1,58101,v0.2.0
vue-clickaway,2.2.2,19,F,UNVERIFIED_PUBLISH_PATH|DORMANT|SINGLE_MAINTAINER,1,57811,v0.2.0
'@fontsource-variable/lora,5.2.8,71,B,,2,57805,v0.2.0
angular-material,1.2.5,20,F,UNVERIFIED_PUBLISH_PATH|DORMANT|SINGLE_MAINTAINER|DEPRECATED,1,57805,v0.2.0
vue2-dropzone,3.6.0,33,F,UNVERIFIED_PUBLISH_PATH|DORMANT,2,57557,v0.2.0
statsig-js,5.1.0,28,F,UNVERIFIED_PUBLISH_PATH|DORMANT|PUBLISHER_NOT_MAINTAINER|DEPRECATED,2,57223,v0.2.0
vanilla-lazyload,19.1.3,19,F,UNVERIFIED_PUBLISH_PATH|DORMANT|SINGLE_MAINTAINER,1,57185,v0.2.0
'@editorjs/embed,2.8.0,20,F,UNVERIFIED_PUBLISH_PATH|SINGLE_MAINTAINER,1,57143,v0.2.0
'@fontsource-variable/newsreader,5.2.10,71,B,,2,57071,v0.2.0
'@snowplow/browser-plugin-ga-cookies,4.8.4,39,D,UNVERIFIED_PUBLISH_PATH,3,56963,v0.2.0
'@khmyznikov/pwa-install,0.6.4,25,F,UNVERIFIED_PUBLISH_PATH|SINGLE_MAINTAINER,1,56926,v0.2.0
'@uswds/uswds,3.13.0,47,D,UNVERIFIED_PUBLISH_PATH|PUBLISHER_NOT_MAINTAINER|BRANCH_REQUIRES_PR,6,56770,v0.2.0
tsparticles-engine,2.12.0,39,D,UNVERIFIED_PUBLISH_PATH|DORMANT|DEPRECATED,2,56711,v0.2.0
'@airbrake/browser,2.1.9,20,F,UNVERIFIED_PUBLISH_PATH|SINGLE_MAINTAINER,1,56638,v0.2.0
angular-touch,1.8.3,25,F,UNVERIFIED_PUBLISH_PATH|DORMANT|SINGLE_MAINTAINER|DEPRECATED,1,56609,v0.2.0
frappe-charts,1.6.2,33,F,UNVERIFIED_PUBLISH_PATH|DORMANT,6,56492,v0.2.0
'@tensorflow-models/face-detection,1.0.3,33,F,UNVERIFIED_PUBLISH_PATH|DORMANT,8,56407,v0.2.0
stompjs,2.3.3,14,F,UNVERIFIED_PUBLISH_PATH|DORMANT|SINGLE_MAINTAINER,1,56380,v0.2.0
datejs,1.0.0-rc3,19,F,UNVERIFIED_PUBLISH_PATH|DORMANT|SINGLE_MAINTAINER,1,56301,v0.2.0
bootbox,6.0.4,39,D,UNVERIFIED_PUBLISH_PATH,3,56141,v0.2.0
'@openui5/sap.ui.core,1.150.0,34,F,UNVERIFIED_PUBLISH_PATH|BRANCH_REQUIRES_PR,2,55988,v0.2.0
docsify,4.13.1,39,D,UNVERIFIED_PUBLISH_PATH|DORMANT,6,55957,v0.2.0
suneditor,3.2.2,69,C,INCONSISTENT_PUBLISH_PATH|SINGLE_MAINTAINER,1,55846,v0.2.0
'@tarekraafat/autocomplete.js,10.2.10,25,F,UNVERIFIED_PUBLISH_PATH|SINGLE_MAINTAINER,1,55595,v0.2.0
highlightjs-line-numbers.js,2.9.1,25,F,UNVERIFIED_PUBLISH_PATH|SINGLE_MAINTAINER,1,55500,v0.2.0
idiomorph,0.7.4,39,D,UNVERIFIED_PUBLISH_PATH,2,55483,v0.2.0
pixi.js-legacy,7.4.3,32,F,UNVERIFIED_PUBLISH_PATH|SINGLE_MAINTAINER,1,55467,v0.2.0
jsvectormap,1.7.0,25,F,UNVERIFIED_PUBLISH_PATH|SINGLE_MAINTAINER,1,55243,v0.2.0
terra-draw-google-maps-adapter,1.6.1,63,C,INCONSISTENT_PUBLISH_PATH|SINGLE_MAINTAINER,1,55095,v0.2.0
amazon-ivs-web-broadcast,1.37.0,35,D,UNVERIFIED_PUBLISH_PATH,3,55083,v0.2.0
idle-js,1.2.0,33,F,UNVERIFIED_PUBLISH_PATH|DORMANT,3,54857,v0.2.0
'@syncfusion/ej2-treegrid,34.1.31,39,D,UNVERIFIED_PUBLISH_PATH,3,54680,v0.2.0
'@syncfusion/ej2-schedule,34.1.29,39,D,UNVERIFIED_PUBLISH_PATH,3,54643,v0.2.0
'@fontsource/caveat,5.2.8,71,B,,2,54628,v0.2.0
'@fullcalendar/bootstrap,6.1.21,20,F,UNVERIFIED_PUBLISH_PATH|SINGLE_MAINTAINER,1,54493,v0.2.0
gif.js,0.2.0,19,F,UNVERIFIED_PUBLISH_PATH|DORMANT|SINGLE_MAINTAINER,1,54395,v0.2.0
'@wangeditor/editor,5.1.23,19,F,UNVERIFIED_PUBLISH_PATH|DORMANT|SINGLE_MAINTAINER,1,54014,v0.2.0
sha-1,1.0.0,19,F,UNVERIFIED_PUBLISH_PATH|DORMANT|SINGLE_MAINTAINER,1,53930,v0.2.0
leaflet-rotatedmarker,0.2.0,19,F,UNVERIFIED_PUBLISH_PATH|DORMANT|SINGLE_MAINTAINER,1,53859,v0.2.0
topojson-simplify,3.0.3,19,F,UNVERIFIED_PUBLISH_PATH|DORMANT|SINGLE_MAINTAINER,1,53817,v0.2.0
'@joint/core,4.3.0,45,D,UNVERIFIED_PUBLISH_PATH,2,53800,v0.2.0
jszip-utils,0.1.0,33,F,UNVERIFIED_PUBLISH_PATH|DORMANT,2,53675,v0.2.0
'@tsparticles/shape-text,4.3.2,69,C,INCONSISTENT_PUBLISH_PATH|SINGLE_MAINTAINER,1,53617,v0.2.0
'@tsparticles/updater-destroy,4.3.2,69,C,INCONSISTENT_PUBLISH_PATH|SINGLE_MAINTAINER,1,53485,v0.2.0
'@tsparticles/plugin-emitters-shape-square,4.3.2,69,C,INCONSISTENT_PUBLISH_PATH|SINGLE_MAINTAINER,1,53451,v0.2.0
vue-konva,3.4.0,39,D,UNVERIFIED_PUBLISH_PATH,2,53372,v0.2.0
imagetracerjs,1.2.6,19,F,UNVERIFIED_PUBLISH_PATH|DORMANT|SINGLE_MAINTAINER,1,53273,v0.2.0
pspdfkit,2024.8.2,35,D,UNVERIFIED_PUBLISH_PATH|DEPRECATED,4,53272,v0.2.0
xterm-addon-web-links,0.9.0,19,F,UNVERIFIED_PUBLISH_PATH|DORMANT|SINGLE_MAINTAINER|DEPRECATED,1,53255,v0.2.0
mobx-persist-store,1.1.8,25,F,UNVERIFIED_PUBLISH_PATH|SINGLE_MAINTAINER,1,53175,v0.2.0
'@flatfile/adapter,2.9.6,28,F,UNVERIFIED_PUBLISH_PATH|DORMANT|PUBLISHER_NOT_MAINTAINER,12,52981,v0.2.0
matchmedia-polyfill,0.3.2,33,F,UNVERIFIED_PUBLISH_PATH|DORMANT,2,52957,v0.2.0
spectrum-colorpicker,1.8.1,15,F,UNVERIFIED_PUBLISH_PATH|DORMANT|SINGLE_MAINTAINER,1,52949,v0.2.0
baseui,18.2.0,74,B,SINGLE_MAINTAINER,1,52896,v0.2.0
'@tsparticles/plugin-absorbers,4.3.2,69,C,INCONSISTENT_PUBLISH_PATH|SINGLE_MAINTAINER,1,52778,v0.2.0
'@fontsource-variable/archivo,5.2.8,71,B,,2,52736,v0.2.0
abcjs,6.6.4,31,F,UNVERIFIED_PUBLISH_PATH|SINGLE_MAINTAINER,1,52645,v0.2.0
'@googlemaps/markerclustererplus,1.2.10,46,D,UNVERIFIED_PUBLISH_PATH|DORMANT|DEPRECATED,6,52635,v0.2.0
'@alpinejs/intersect,3.15.12,63,C,INCONSISTENT_PUBLISH_PATH|SINGLE_MAINTAINER,1,52583,v0.2.0
dat.gui,0.7.9,33,F,UNVERIFIED_PUBLISH_PATH|DORMANT,3,52495,v0.2.0
leaflet-geosearch,4.4.0,73,B,SINGLE_MAINTAINER,1,52286,v0.2.0
'@tsparticles/interaction-external-trail,4.3.2,69,C,INCONSISTENT_PUBLISH_PATH|SINGLE_MAINTAINER,1,52222,v0.2.0
react-range-slider-input,3.3.5,25,F,UNVERIFIED_PUBLISH_PATH|SINGLE_MAINTAINER,1,52102,v0.2.0
devexpress-reporting,26.1.3,16,F,UNVERIFIED_PUBLISH_PATH|SINGLE_MAINTAINER,1,52036,v0.2.0
'@fontsource/work-sans,5.2.8,71,B,,2,52004,v0.2.0
split-type,0.3.4,19,F,UNVERIFIED_PUBLISH_PATH|DORMANT|SINGLE_MAINTAINER,1,51980,v0.2.0
'@tsparticles/updater-twinkle,4.3.2,69,C,INCONSISTENT_PUBLISH_PATH|SINGLE_MAINTAINER,1,51967,v0.2.0
'@tsparticles/plugin-emitters-shape-circle,4.3.2,69,C,INCONSISTENT_PUBLISH_PATH|SINGLE_MAINTAINER,1,51962,v0.2.0
'@iframe-resizer/child,5.5.9,31,F,UNVERIFIED_PUBLISH_PATH|SINGLE_MAINTAINER,1,51912,v0.2.0
clipper-lib,6.4.2,19,F,UNVERIFIED_PUBLISH_PATH|DORMANT|SINGLE_MAINTAINER,1,51901,v0.2.0
'@pipecat-ai/client-js,1.13.0,77,B,INCONSISTENT_PUBLISH_PATH,7,51708,v0.2.0
'@coreui/coreui-pro,5.26.0,31,F,UNVERIFIED_PUBLISH_PATH|SINGLE_MAINTAINER,1,51584,v0.2.0
pepjs,0.5.3,33,F,UNVERIFIED_PUBLISH_PATH|DORMANT,4,51459,v0.2.0
carbon-components,10.58.15,46,D,UNVERIFIED_PUBLISH_PATH|DORMANT|DEPRECATED,6,51426,v0.2.0
preline,4.2.0,25,F,UNVERIFIED_PUBLISH_PATH|SINGLE_MAINTAINER,1,51367,v0.2.0
values.js,2.1.1,19,F,UNVERIFIED_PUBLISH_PATH|DORMANT|SINGLE_MAINTAINER,1,51363,v0.2.0
'@alpinejs/persist,3.15.12,63,C,INCONSISTENT_PUBLISH_PATH|SINGLE_MAINTAINER,1,51313,v0.2.0
configcat-js,9.6.1,84,B,BRANCH_REQUIRES_PR,4,51279,v0.2.0
'@fontsource-variable/instrument-sans,5.2.8,71,B,,2,51255,v0.2.0
'@iconify-json/solar,1.2.5,21,F,UNVERIFIED_PUBLISH_PATH|SINGLE_MAINTAINER,1,51092,v0.2.0
datatables.net-buttons-dt,3.2.6,25,F,UNVERIFIED_PUBLISH_PATH|SINGLE_MAINTAINER,1,51001,v0.2.0
'@fontsource/figtree,5.2.10,71,B,,2,50987,v0.2.0
microcms-js-sdk,3.4.0,87,A,,4,50983,v0.2.0
bootstrap-switch,3.4.0,14,F,UNVERIFIED_PUBLISH_PATH|DORMANT|SINGLE_MAINTAINER,1,50975,v0.2.0
chartjs-chart-sankey,0.15.0,73,B,SINGLE_MAINTAINER,1,50906,v0.2.0
jquery-validation-unobtrusive,4.0.0,20,F,UNVERIFIED_PUBLISH_PATH|DORMANT|SINGLE_MAINTAINER|BRANCH_REQUIRES_PR,1,50781,v0.2.0
'@tabler/icons-react-native,3.45.0,20,F,UNVERIFIED_PUBLISH_PATH|SINGLE_MAINTAINER,1,50698,v0.2.0
'@phosphor-icons/web,2.1.2,20,F,UNVERIFIED_PUBLISH_PATH|SINGLE_MAINTAINER,1,50608,v0.2.0
'@fontsource/newsreader,5.2.10,71,B,,2,50487,v0.2.0
muuri,0.9.5,19,F,UNVERIFIED_PUBLISH_PATH|DORMANT|SINGLE_MAINTAINER,1,50409,v0.2.0
'@fontsource/nunito-sans,5.2.7,71,B,,2,50237,v0.2.0
'@walletconnect/client,1.8.0,28,F,UNVERIFIED_PUBLISH_PATH|DORMANT|PUBLISHER_NOT_MAINTAINER|DEPRECATED,2,50197,v0.2.0
'@primer/css,22.3.0,80,B,SINGLE_MAINTAINER,1,50116,v0.2.0
vue-star-rating,1.7.0,19,F,UNVERIFIED_PUBLISH_PATH|DORMANT|SINGLE_MAINTAINER,1,50079,v0.2.0
'@rapideditor/country-coder,5.6.1,34,F,UNVERIFIED_PUBLISH_PATH,4,50065,v0.2.0
v-mask,2.3.0,19,F,UNVERIFIED_PUBLISH_PATH|DORMANT|SINGLE_MAINTAINER,1,50063,v0.2.0
'@fontsource/barlow-condensed,5.2.8,71,B,,2,50034,v0.2.0
'@ungap/custom-elements,1.3.0,19,F,UNVERIFIED_PUBLISH_PATH|DORMANT|SINGLE_MAINTAINER,1,49857,v0.2.0
'@progress/kendo-theme-bootstrap,14.3.0,80,B,SINGLE_MAINTAINER,1,49845,v0.2.0
'@fontsource/rubik,5.2.8,71,B,,2,49841,v0.2.0
'@ericblade/quagga2,1.12.1,25,F,UNVERIFIED_PUBLISH_PATH|SINGLE_MAINTAINER,1,49804,v0.2.0
lscache,1.3.2,19,F,UNVERIFIED_PUBLISH_PATH|DORMANT|SINGLE_MAINTAINER,1,49780,v0.2.0
altair-static,8.5.7,68,C,SINGLE_MAINTAINER,1,49750,v0.2.0
vxe-table,4.20.3,25,F,UNVERIFIED_PUBLISH_PATH|SINGLE_MAINTAINER,1,49743,v0.2.0
'@tailwindplus/elements,1.0.22,25,F,UNVERIFIED_PUBLISH_PATH|PUBLISHER_NOT_MAINTAINER,3,49639,v0.2.0
vue3-touch-events,5.0.15,20,F,UNVERIFIED_PUBLISH_PATH|SINGLE_MAINTAINER,1,49478,v0.2.0
'@swup/plugin,4.0.0,33,F,UNVERIFIED_PUBLISH_PATH|DORMANT,3,49470,v0.2.0
'@lobehub/icons-static-svg,1.94.0,39,D,UNVERIFIED_PUBLISH_PATH,9,49426,v0.2.0
'@fontsource-variable/source-sans-3,5.2.9,71,B,,2,49369,v0.2.0
graphics-debug,0.0.96,21,F,UNVERIFIED_PUBLISH_PATH|SINGLE_MAINTAINER,1,49359,v0.2.0
'@fontsource/mulish,5.2.8,71,B,,2,49264,v0.2.0
'@alpinejs/mask,3.15.12,63,C,INCONSISTENT_PUBLISH_PATH|SINGLE_MAINTAINER,1,49059,v0.2.0
'@mdi/svg,7.4.47,33,F,UNVERIFIED_PUBLISH_PATH|DORMANT,6,48888,v0.2.0
capacitor-plugin-app-tracking-transparency,3.0.0,25,F,UNVERIFIED_PUBLISH_PATH|SINGLE_MAINTAINER,1,48788,v0.2.0
'@expo-google-fonts/montserrat,0.4.2,39,D,UNVERIFIED_PUBLISH_PATH,4,48773,v0.2.0
grapesjs-blocks-basic,1.0.2,19,F,UNVERIFIED_PUBLISH_PATH|DORMANT|SINGLE_MAINTAINER,1,48763,v0.2.0
chartjs-chart-geo,4.3.6,25,F,UNVERIFIED_PUBLISH_PATH|SINGLE_MAINTAINER,1,48688,v0.2.0
vest,6.3.2,73,B,SINGLE_MAINTAINER,1,48649,v0.2.0
'@cf-wasm/photon,0.3.7,75,B,SINGLE_MAINTAINER,1,48599,v0.2.0
'@syncfusion/ej2-pdfviewer,34.1.31,39,D,UNVERIFIED_PUBLISH_PATH,3,48479,v0.2.0
'@webcomponents/scoped-custom-element-registry,0.0.10,52,C,UNVERIFIED_PUBLISH_PATH,6,48387,v0.2.0
'@fontsource/kanit,5.2.8,71,B,,2,48381,v0.2.0
tempusdominus-bootstrap-4,5.39.2,33,F,UNVERIFIED_PUBLISH_PATH|DORMANT,2,48166,v0.2.0
select2-bootstrap-theme,0.1.0-beta.10,19,F,UNVERIFIED_PUBLISH_PATH|DORMANT|SINGLE_MAINTAINER,1,48100,v0.2.0
jsxgraph,1.12.2,39,D,UNVERIFIED_PUBLISH_PATH,2,47975,v0.2.0
'@fontsource/archivo,5.2.8,71,B,,2,47968,v0.2.0
'@iconify-json/fa6-solid,1.2.4,21,F,UNVERIFIED_PUBLISH_PATH|SINGLE_MAINTAINER,1,47909,v0.2.0
list.js,2.3.1,19,F,UNVERIFIED_PUBLISH_PATH|DORMANT|SINGLE_MAINTAINER,1,47876,v0.2.0
ckeditor4,4.25.2,45,D,UNVERIFIED_PUBLISH_PATH,2,47844,v0.2.0
'@segment/analytics-consent-tools,2.0.3,46,D,UNVERIFIED_PUBLISH_PATH,3,47839,v0.2.0
jquery-serializejson,3.2.1,19,F,UNVERIFIED_PUBLISH_PATH|DORMANT|SINGLE_MAINTAINER,1,47723,v0.2.0
timepicker,1.14.1,19,F,UNVERIFIED_PUBLISH_PATH|DORMANT|SINGLE_MAINTAINER,1,47561,v0.2.0
emoji-datasource-google,16.0.0,25,F,UNVERIFIED_PUBLISH_PATH|SINGLE_MAINTAINER,1,47520,v0.2.0
highlightjs,9.16.2,29,F,UNVERIFIED_PUBLISH_PATH|DORMANT|DEPRECATED,5,47500,v0.2.0
echarts-stat,1.2.0,33,F,UNVERIFIED_PUBLISH_PATH|DORMANT,2,47354,v0.2.0
manifold-3d,3.5.1,77,B,INCONSISTENT_PUBLISH_PATH,2,47324,v0.2.0
'@progress/kendo-ui,2026.2.520,21,F,UNVERIFIED_PUBLISH_PATH|SINGLE_MAINTAINER,1,47319,v0.2.0
'@pixi/filter-motion-blur,5.1.1,33,F,UNVERIFIED_PUBLISH_PATH|DORMANT,2,47192,v0.2.0
vanillajs-datepicker,1.3.4,19,F,UNVERIFIED_PUBLISH_PATH|DORMANT|SINGLE_MAINTAINER,1,47182,v0.2.0
vue-js-modal,2.0.1,19,F,UNVERIFIED_PUBLISH_PATH|DORMANT|SINGLE_MAINTAINER,1,47108,v0.2.0
'@iconify/iconify,3.1.1,14,F,UNVERIFIED_PUBLISH_PATH|DORMANT|SINGLE_MAINTAINER|DEPRECATED,1,47010,v0.2.0
react-confirm-alert,3.0.6,14,F,UNVERIFIED_PUBLISH_PATH|DORMANT|SINGLE_MAINTAINER,1,46562,v0.2.0
keymaster,1.6.2,28,F,UNVERIFIED_PUBLISH_PATH|DORMANT,2,46511,v0.2.0
selectize,0.12.6,39,D,UNVERIFIED_PUBLISH_PATH|DORMANT,2,46486,v0.2.0
browser-update,3.3.63,25,F,UNVERIFIED_PUBLISH_PATH|SINGLE_MAINTAINER,1,46396,v0.2.0
'@tensorflow-models/coco-ssd,2.2.3,33,F,UNVERIFIED_PUBLISH_PATH|DORMANT,10,46310,v0.2.0
'@mux/mux-uploader,1.5.0,88,A,,4,46258,v0.2.0
'@editorjs/checklist,1.6.0,14,F,UNVERIFIED_PUBLISH_PATH|DORMANT|SINGLE_MAINTAINER,1,45876,v0.2.0
vue3-emoji-picker,1.1.8,33,F,UNVERIFIED_PUBLISH_PATH|DORMANT,2,45875,v0.2.0
'@egjs/imready,1.4.2,39,D,UNVERIFIED_PUBLISH_PATH,12,45855,v0.2.0
'@fontsource/hanken-grotesk,5.2.8,71,B,,2,45802,v0.2.0
'@wix/error-handler-types,1.20.0,30,F,UNVERIFIED_PUBLISH_PATH,12,45779,v0.2.0
'@iconify-json/ic,1.2.4,21,F,UNVERIFIED_PUBLISH_PATH|SINGLE_MAINTAINER,1,45746,v0.2.0
leaflet.gridlayer.googlemutant,0.16.0,21,F,UNVERIFIED_PUBLISH_PATH|SINGLE_MAINTAINER,1,45691,v0.2.0
billboard.js,4.0.3,25,F,UNVERIFIED_PUBLISH_PATH|SINGLE_MAINTAINER,1,45686,v0.2.0
'@aspnet/signalr,1.0.27,28,F,UNVERIFIED_PUBLISH_PATH|DORMANT|DEPRECATED,4,45656,v0.2.0
vue-loading-overlay,6.0.6,19,F,UNVERIFIED_PUBLISH_PATH|DORMANT|SINGLE_MAINTAINER,1,45613,v0.2.0
arquero,8.0.3,25,F,UNVERIFIED_PUBLISH_PATH|SINGLE_MAINTAINER,1,45512,v0.2.0
'@iabtechlabtcf/core,1.5.21,34,F,UNVERIFIED_PUBLISH_PATH,2,45344,v0.2.0
'@fontsource/bebas-neue,5.2.7,71,B,,2,45216,v0.2.0
fitty,2.4.2,33,F,UNVERIFIED_PUBLISH_PATH|DORMANT,2,45090,v0.2.0
vue-awesome-swiper,5.0.1,19,F,UNVERIFIED_PUBLISH_PATH|DORMANT|SINGLE_MAINTAINER,1,45001,v0.2.0
rapidoc,9.3.8,19,F,UNVERIFIED_PUBLISH_PATH|DORMANT|SINGLE_MAINTAINER,1,44832,v0.2.0
'@fxts/core,1.26.0,46,D,UNVERIFIED_PUBLISH_PATH,2,44764,v0.2.0
angular-moment,1.3.0,19,F,UNVERIFIED_PUBLISH_PATH|DORMANT|SINGLE_MAINTAINER,1,44644,v0.2.0
function.name-polyfill,1.0.6,19,F,UNVERIFIED_PUBLISH_PATH|DORMANT|SINGLE_MAINTAINER,1,44614,v0.2.0
quill-blot-formatter,1.0.5,14,F,UNVERIFIED_PUBLISH_PATH|DORMANT|SINGLE_MAINTAINER,1,44583,v0.2.0
'@mapbox/corslite,0.0.7,40,D,UNVERIFIED_PUBLISH_PATH|DORMANT,28,44509,v0.2.0
nvd3,1.8.6,19,F,UNVERIFIED_PUBLISH_PATH|DORMANT|SINGLE_MAINTAINER,1,44492,v0.2.0
'@editorjs/marker,1.4.0,14,F,UNVERIFIED_PUBLISH_PATH|DORMANT|SINGLE_MAINTAINER,1,44490,v0.2.0
angular-ui-grid,4.12.7,34,F,UNVERIFIED_PUBLISH_PATH|DORMANT,6,44430,v0.2.0
'@tabler/icons-webfont,3.45.0,20,F,UNVERIFIED_PUBLISH_PATH|SINGLE_MAINTAINER,1,44422,v0.2.0
docsearch.js,2.6.3,35,D,UNVERIFIED_PUBLISH_PATH|DORMANT|PUBLISHER_NOT_MAINTAINER|DEPRECATED,71,44332,v0.2.0
'@iframe-resizer/parent,5.5.9,31,F,UNVERIFIED_PUBLISH_PATH|SINGLE_MAINTAINER,1,44313,v0.2.0
'@pixi/unsafe-eval,7.4.3,46,D,UNVERIFIED_PUBLISH_PATH,2,44304,v0.2.0
'@fontsource-variable/fira-code,5.2.7,71,B,,2,44261,v0.2.0
simple-line-icons,2.5.5,19,F,UNVERIFIED_PUBLISH_PATH|DORMANT|SINGLE_MAINTAINER,1,44235,v0.2.0
balance-text,3.3.1,33,F,UNVERIFIED_PUBLISH_PATH|DORMANT,2,44063,v0.2.0
dmn-js,17.9.0,39,D,UNVERIFIED_PUBLISH_PATH,12,43996,v0.2.0
'@fontsource/dm-serif-display,5.2.8,71,B,,2,43826,v0.2.0
'@iconify-json/teenyicons,1.2.2,15,F,UNVERIFIED_PUBLISH_PATH|DORMANT|SINGLE_MAINTAINER,1,43796,v0.2.0
'@hyperframes/core,0.7.62,78,B,INCONSISTENT_PUBLISH_PATH,3,43724,v0.2.0
'@spectrum-web-components/icons-ui,1.12.2,84,B,INCONSISTENT_PUBLISH_PATH,9,43616,v0.2.0
'@maptiler/sdk,4.0.2,39,D,UNVERIFIED_PUBLISH_PATH,11,43568,v0.2.0
pinyin,4.0.0,25,F,UNVERIFIED_PUBLISH_PATH|SINGLE_MAINTAINER,1,43434,v0.2.0
leaflet-gesture-handling,1.2.2,19,F,UNVERIFIED_PUBLISH_PATH|DORMANT|SINGLE_MAINTAINER,1,43296,v0.2.0
angular-file-upload,2.6.1,14,F,UNVERIFIED_PUBLISH_PATH|DORMANT|SINGLE_MAINTAINER|PUBLISHER_NOT_MAINTAINER,1,43280,v0.2.0
esri-leaflet,3.0.19,39,D,UNVERIFIED_PUBLISH_PATH,6,43094,v0.2.0
chartjs-chart-treemap,4.2.0,73,B,SINGLE_MAINTAINER,1,42936,v0.2.0
'@eppo/js-client-sdk,3.18.0,39,D,UNVERIFIED_PUBLISH_PATH,10,42917,v0.2.0
vue-grid-layout,2.4.0,14,F,UNVERIFIED_PUBLISH_PATH|DORMANT|SINGLE_MAINTAINER,1,42760,v0.2.0
bootstrap-table,1.27.3,25,F,UNVERIFIED_PUBLISH_PATH|SINGLE_MAINTAINER,1,42725,v0.2.0
react-testing-library,8.0.1,10,F,UNVERIFIED_PUBLISH_PATH|DORMANT|SINGLE_MAINTAINER|DEPRECATED,1,42655,v0.2.0
perfume.js,9.4.0,19,F,UNVERIFIED_PUBLISH_PATH|DORMANT|SINGLE_MAINTAINER,1,42544,v0.2.0
signalr,2.4.3,34,F,UNVERIFIED_PUBLISH_PATH|DORMANT,4,42521,v0.2.0
formiojs,4.21.7,34,F,UNVERIFIED_PUBLISH_PATH,3,42439,v0.2.0
'@expo-google-fonts/roboto,0.4.3,39,D,UNVERIFIED_PUBLISH_PATH,4,42437,v0.2.0
datatables.net-buttons-bs4,3.2.6,25,F,UNVERIFIED_PUBLISH_PATH|SINGLE_MAINTAINER,1,42433,v0.2.0
modern-css-reset,1.4.0,19,F,UNVERIFIED_PUBLISH_PATH|DORMANT|SINGLE_MAINTAINER,1,42426,v0.2.0
vue-cal,4.10.2,19,F,UNVERIFIED_PUBLISH_PATH|DORMANT|SINGLE_MAINTAINER,1,42351,v0.2.0
'@joeattardi/emoji-button,4.6.4,19,F,UNVERIFIED_PUBLISH_PATH|DORMANT|SINGLE_MAINTAINER|DEPRECATED,1,42342,v0.2.0
filepond-plugin-image-resize,2.0.10,19,F,UNVERIFIED_PUBLISH_PATH|DORMANT|SINGLE_MAINTAINER,1,42284,v0.2.0
gun,0.2020.1241,26,F,UNVERIFIED_PUBLISH_PATH|SINGLE_MAINTAINER,1,42245,v0.2.0
'@tabler/core,1.4.0,26,F,UNVERIFIED_PUBLISH_PATH|SINGLE_MAINTAINER,1,42240,v0.2.0
videojs-contrib-ads,7.5.2,33,F,UNVERIFIED_PUBLISH_PATH|DORMANT,26,42196,v0.2.0
marked-base-url,1.1.10,73,B,SINGLE_MAINTAINER,1,42175,v0.2.0
markmap-view,0.18.12,25,F,UNVERIFIED_PUBLISH_PATH|SINGLE_MAINTAINER,1,42151,v0.2.0
bitmovin-player,8.267.0,30,F,UNVERIFIED_PUBLISH_PATH,2,42130,v0.2.0
scorm-again,3.1.1,58,C,INCONSISTENT_PUBLISH_PATH|SINGLE_MAINTAINER,1,42123,v0.2.0
spinkit,2.0.1,33,F,UNVERIFIED_PUBLISH_PATH|DORMANT,2,42072,v0.2.0
vue-cropper,0.6.5,19,F,UNVERIFIED_PUBLISH_PATH|DORMANT|SINGLE_MAINTAINER,1,42031,v0.2.0
line-awesome,1.3.0,33,F,UNVERIFIED_PUBLISH_PATH|DORMANT,2,42015,v0.2.0
molstar,5.10.1,39,D,UNVERIFIED_PUBLISH_PATH,2,41966,v0.2.0
'@salesforce-ux/design-system,2.30.7,16,F,UNVERIFIED_PUBLISH_PATH|SINGLE_MAINTAINER,1,41891,v0.2.0
universal-router,10.0.3,39,D,UNVERIFIED_PUBLISH_PATH,2,41884,v0.2.0
mobile-drag-drop,3.0.0-rc.0,19,F,UNVERIFIED_PUBLISH_PATH|DORMANT|SINGLE_MAINTAINER,1,41761,v0.2.0
xlsx-style,0.8.13,19,F,UNVERIFIED_PUBLISH_PATH|DORMANT|SINGLE_MAINTAINER,1,41700,v0.2.0
vue-instantsearch,4.27.1,39,D,UNVERIFIED_PUBLISH_PATH,6,41680,v0.2.0
simplemde,1.11.2,14,F,UNVERIFIED_PUBLISH_PATH|DORMANT,0,41652,v0.2.0
scroll-lock,2.1.5,19,F,UNVERIFIED_PUBLISH_PATH|DORMANT|SINGLE_MAINTAINER|DEPRECATED,1,41605,v0.2.0
'@undecaf/zbar-wasm,0.11.0,19,F,UNVERIFIED_PUBLISH_PATH|DORMANT|SINGLE_MAINTAINER,1,41596,v0.2.0
accounting-js,2.0.3,25,F,UNVERIFIED_PUBLISH_PATH|SINGLE_MAINTAINER,1,41592,v0.2.0
tailwindcss-stimulus-components,6.1.4,25,F,UNVERIFIED_PUBLISH_PATH|SINGLE_MAINTAINER,1,41562,v0.2.0
'@json-editor/json-editor,2.17.1,39,D,UNVERIFIED_PUBLISH_PATH,4,41535,v0.2.0
'@bjorn3/browser_wasi_shim,0.4.2,25,F,UNVERIFIED_PUBLISH_PATH|SINGLE_MAINTAINER,1,41423,v0.2.0
'@fontsource/raleway,5.2.8,71,B,,2,41378,v0.2.0
markmap-lib,0.18.12,25,F,UNVERIFIED_PUBLISH_PATH|SINGLE_MAINTAINER,1,41236,v0.2.0
datatables.net-responsive-dt,3.0.8,25,F,UNVERIFIED_PUBLISH_PATH|SINGLE_MAINTAINER,1,41210,v0.2.0
tonweb,0.0.66,33,F,UNVERIFIED_PUBLISH_PATH|DORMANT,2,41184,v0.2.0
react-step-wizard,5.3.11,19,F,UNVERIFIED_PUBLISH_PATH|DORMANT|SINGLE_MAINTAINER,1,40984,v0.2.0
jquery-pjax,2.0.1,19,F,UNVERIFIED_PUBLISH_PATH|DORMANT|SINGLE_MAINTAINER,1,40962,v0.2.0
commons-validator-js,1.0.1669,34,F,UNVERIFIED_PUBLISH_PATH|PUBLISHER_NOT_MAINTAINER,6,40900,v0.2.0
'@atlaskit/css-reset,8.1.1,16,F,UNVERIFIED_PUBLISH_PATH|SINGLE_MAINTAINER,1,40870,v0.2.0
clientjs,0.2.1,33,F,UNVERIFIED_PUBLISH_PATH|DORMANT,2,40860,v0.2.0
'@fontsource/ibm-plex-serif,5.2.7,71,B,,2,40800,v0.2.0
bs-custom-file-input,1.3.4,19,F,UNVERIFIED_PUBLISH_PATH|DORMANT|SINGLE_MAINTAINER,1,40788,v0.2.0
'@worldcoin/idkit-core,4.2.2,94,A,,3,40706,v0.2.0
datatables.net-select-dt,3.1.3,25,F,UNVERIFIED_PUBLISH_PATH|SINGLE_MAINTAINER,1,40636,v0.2.0
'@dailymotion/vast-client,6.4.5,39,D,UNVERIFIED_PUBLISH_PATH,5,40614,v0.2.0
'@editorjs/underline,1.2.1,14,F,UNVERIFIED_PUBLISH_PATH|DORMANT|SINGLE_MAINTAINER,1,40578,v0.2.0
tti-polyfill,0.2.2,19,F,UNVERIFIED_PUBLISH_PATH|DORMANT|SINGLE_MAINTAINER,1,40554,v0.2.0
isotope-layout,3.0.6,19,F,UNVERIFIED_PUBLISH_PATH|DORMANT|SINGLE_MAINTAINER,1,40550,v0.2.0
'@github/auto-complete-element,3.8.0,46,D,UNVERIFIED_PUBLISH_PATH,20,40395,v0.2.0
vanilla-masker,1.2.0,33,F,UNVERIFIED_PUBLISH_PATH|DORMANT,2,40265,v0.2.0
'@sgratzl/chartjs-chart-boxplot,4.4.5,25,F,UNVERIFIED_PUBLISH_PATH|SINGLE_MAINTAINER,1,40198,v0.2.0
'@nylas/web-elements,2.5.13,34,F,UNVERIFIED_PUBLISH_PATH,5,40159,v0.2.0
sourcebuster,1.1.0,19,F,UNVERIFIED_PUBLISH_PATH|DORMANT|SINGLE_MAINTAINER,1,40148,v0.2.0
uppy,5.2.4,45,D,UNVERIFIED_PUBLISH_PATH,5,40069,v0.2.0
'@walletconnect/qrcode-modal,1.8.0,28,F,UNVERIFIED_PUBLISH_PATH|DORMANT|PUBLISHER_NOT_MAINTAINER|DEPRECATED,2,40002,v0.2.0
linq,4.0.3,19,F,UNVERIFIED_PUBLISH_PATH|DORMANT|SINGLE_MAINTAINER,1,39905,v0.2.0
nats.ws,1.30.3,71,B,DEPRECATED,2,39883,v0.2.0
'@wix/wix-ui-icons-common,3.181.0,30,F,UNVERIFIED_PUBLISH_PATH,12,39854,v0.2.0
'@viselect/vanilla,3.9.0,19,F,UNVERIFIED_PUBLISH_PATH|DORMANT|SINGLE_MAINTAINER,1,39732,v0.2.0
noty,3.2.0-beta-deprecated,28,F,UNVERIFIED_PUBLISH_PATH|DORMANT|PUBLISHER_NOT_MAINTAINER|DEPRECATED,2,39698,v0.2.0
'@editorjs/raw,2.5.1,14,F,UNVERIFIED_PUBLISH_PATH|DORMANT|SINGLE_MAINTAINER,1,39670,v0.2.0
'@tonejs/midi,2.0.28,33,F,UNVERIFIED_PUBLISH_PATH|DORMANT,2,39646,v0.2.0
'@mediapipe/face_mesh,0.4.1633559619,24,F,UNVERIFIED_PUBLISH_PATH|DORMANT,8,39643,v0.2.0
resumablejs,1.1.0,14,F,UNVERIFIED_PUBLISH_PATH|DORMANT|SINGLE_MAINTAINER|PUBLISHER_NOT_MAINTAINER,1,39619,v0.2.0
vue-toast-notification,3.1.3,19,F,UNVERIFIED_PUBLISH_PATH|DORMANT|SINGLE_MAINTAINER,1,39485,v0.2.0
nsfwjs,4.3.0,39,D,UNVERIFIED_PUBLISH_PATH,3,39455,v0.2.0
datatables.net-keytable,2.12.2,25,F,UNVERIFIED_PUBLISH_PATH|SINGLE_MAINTAINER,1,39085,v0.2.0
'@formily/core,2.3.7,39,D,UNVERIFIED_PUBLISH_PATH,2,39071,v0.2.0
npm2url,0.2.4,14,F,UNVERIFIED_PUBLISH_PATH|DORMANT|SINGLE_MAINTAINER,1,39014,v0.2.0
angular-ui-sortable,0.19.0,33,F,UNVERIFIED_PUBLISH_PATH|DORMANT,2,38920,v0.2.0
hamburgers,1.2.1,19,F,UNVERIFIED_PUBLISH_PATH|DORMANT|SINGLE_MAINTAINER,1,38919,v0.2.0
'@fontsource-variable/literata,5.2.8,71,B,,2,38900,v0.2.0
'@fontsource/anton,5.2.7,71,B,,2,38865,v0.2.0
'@fluentui/web-components,3.0.2,52,C,UNVERIFIED_PUBLISH_PATH,10,38835,v0.2.0
'@arco-design/web-vue,2.58.0,39,D,UNVERIFIED_PUBLISH_PATH,11,38817,v0.2.0
notyf,3.10.0,14,F,UNVERIFIED_PUBLISH_PATH|DORMANT|SINGLE_MAINTAINER,1,38783,v0.2.0
scroll-behavior-polyfill,2.0.13,19,F,UNVERIFIED_PUBLISH_PATH|DORMANT|SINGLE_MAINTAINER,1,38773,v0.2.0
emoji-js,3.9.0,25,F,UNVERIFIED_PUBLISH_PATH|SINGLE_MAINTAINER,1,38587,v0.2.0
lozad,1.16.0,19,F,UNVERIFIED_PUBLISH_PATH|DORMANT|SINGLE_MAINTAINER,1,38212,v0.2.0
vexflow,5.0.0,39,D,UNVERIFIED_PUBLISH_PATH,4,38184,v0.2.0
cookiejs,2.1.4,73,B,SINGLE_MAINTAINER,1,38121,v0.2.0
react-native-navigation,8.8.10,39,D,UNVERIFIED_PUBLISH_PATH,7,38053,v0.2.0
datatables.net-responsive-bs4,3.0.8,25,F,UNVERIFIED_PUBLISH_PATH|SINGLE_MAINTAINER,1,38035,v0.2.0
filepond-plugin-image-crop,2.0.6,19,F,UNVERIFIED_PUBLISH_PATH|DORMANT|SINGLE_MAINTAINER,1,37959,v0.2.0
rails-ujs,5.2.8-1,40,D,UNVERIFIED_PUBLISH_PATH|DORMANT,8,37923,v0.2.0
thirdweb,5.120.1,41,D,UNVERIFIED_PUBLISH_PATH,5,37904,v0.2.0
img-comparison-slider,8.0.7,25,F,UNVERIFIED_PUBLISH_PATH|SINGLE_MAINTAINER,1,37784,v0.2.0
'@fontsource/libre-baskerville,5.2.10,71,B,,2,37758,v0.2.0
'@selectize/selectize,0.15.2,25,F,UNVERIFIED_PUBLISH_PATH|DORMANT|SINGLE_MAINTAINER,1,37758,v0.2.0
datatables.net-responsive-bs5,3.0.8,25,F,UNVERIFIED_PUBLISH_PATH|SINGLE_MAINTAINER,1,37650,v0.2.0
datatables.net-buttons-bs5,3.2.6,25,F,UNVERIFIED_PUBLISH_PATH|SINGLE_MAINTAINER,1,37578,v0.2.0
proj4leaflet,1.0.2,33,F,UNVERIFIED_PUBLISH_PATH|DORMANT,3,37560,v0.2.0
json-formatter-js,2.5.23,20,F,UNVERIFIED_PUBLISH_PATH|SINGLE_MAINTAINER|PUBLISHER_NOT_MAINTAINER,1,37373,v0.2.0
appwrite,26.2.0,87,A,,3,37338,v0.2.0
vue-quill-editor,3.0.6,19,F,UNVERIFIED_PUBLISH_PATH|DORMANT|SINGLE_MAINTAINER,1,37237,v0.2.0
localstorage-slim,2.7.1,19,F,UNVERIFIED_PUBLISH_PATH|DORMANT|SINGLE_MAINTAINER,1,37231,v0.2.0
'@fontsource/bricolage-grotesque,5.2.10,71,B,,2,37187,v0.2.0
email-misspelled,4.4.0,32,F,UNVERIFIED_PUBLISH_PATH|SINGLE_MAINTAINER,1,36992,v0.2.0
'@fontsource/atkinson-hyperlegible,5.2.8,71,B,,2,36990,v0.2.0
open-location-code,1.0.3,10,F,UNVERIFIED_PUBLISH_PATH|DORMANT|SINGLE_MAINTAINER,1,36942,v0.2.0
'@cloudflare/realtimekit-ui,2.0.1,84,B,INCONSISTENT_PUBLISH_PATH,5,36894,v0.2.0
markdown-it-texmath,1.0.0,19,F,UNVERIFIED_PUBLISH_PATH|DORMANT|SINGLE_MAINTAINER,1,36835,v0.2.0
squirrelly,9.1.1,34,F,UNVERIFIED_PUBLISH_PATH,2,36787,v0.2.0
pretty-checkbox,3.0.3,19,F,UNVERIFIED_PUBLISH_PATH|DORMANT|SINGLE_MAINTAINER,1,36630,v0.2.0
detectrtc,1.4.1,19,F,UNVERIFIED_PUBLISH_PATH|DORMANT|SINGLE_MAINTAINER,1,36612,v0.2.0
signals,1.0.0,9,F,UNVERIFIED_PUBLISH_PATH|DORMANT|SINGLE_MAINTAINER,1,36592,v0.2.0
videojs-hls-quality-selector,2.0.0,15,F,UNVERIFIED_PUBLISH_PATH|DORMANT|SINGLE_MAINTAINER,1,36577,v0.2.0
chartjs-chart-funnel,4.2.5,25,F,UNVERIFIED_PUBLISH_PATH|SINGLE_MAINTAINER,1,36520,v0.2.0
'@zapier/zapier-sdk,0.86.0,11,F,UNVERIFIED_PUBLISH_PATH|SINGLE_MAINTAINER|PUBLISHER_NOT_MAINTAINER,1,36432,v0.2.0
'@esotericsoftware/spine-pixi-v8,4.3.10,77,B,INCONSISTENT_PUBLISH_PATH,3,36429,v0.2.0
vue2-daterange-picker,0.6.8,19,F,UNVERIFIED_PUBLISH_PATH|DORMANT|SINGLE_MAINTAINER,1,36380,v0.2.0
lightbox2,2.12.0,25,F,UNVERIFIED_PUBLISH_PATH|SINGLE_MAINTAINER|DEPRECATED,1,36364,v0.2.0
emoji-datasource-twitter,16.0.0,25,F,UNVERIFIED_PUBLISH_PATH|SINGLE_MAINTAINER,1,36352,v0.2.0
motion-ui,2.0.8,33,F,UNVERIFIED_PUBLISH_PATH|DORMANT,3,36338,v0.2.0
'@picocss/pico,2.1.1,25,F,UNVERIFIED_PUBLISH_PATH|SINGLE_MAINTAINER,1,36299,v0.2.0
'@elastic/app-search-javascript,8.13.0,28,F,UNVERIFIED_PUBLISH_PATH|DORMANT|PUBLISHER_NOT_MAINTAINER,3,36171,v0.2.0
tui-time-picker,2.1.6,19,F,UNVERIFIED_PUBLISH_PATH|DORMANT|SINGLE_MAINTAINER,1,35969,v0.2.0
'@tensorflow-models/blazeface,0.1.0,33,F,UNVERIFIED_PUBLISH_PATH|DORMANT,8,35891,v0.2.0
'@fontsource/noto-serif-sc,5.2.9,71,B,,2,35887,v0.2.0
'@iconify-json/mingcute,1.2.7,21,F,UNVERIFIED_PUBLISH_PATH|SINGLE_MAINTAINER,1,35877,v0.2.0
tui-image-editor,3.15.3,14,F,UNVERIFIED_PUBLISH_PATH|DORMANT|SINGLE_MAINTAINER,1,35683,v0.2.0
'@fontsource/cinzel,5.2.8,71,B,,2,35548,v0.2.0
'@riophae/vue-treeselect,0.4.0,19,F,UNVERIFIED_PUBLISH_PATH|DORMANT|SINGLE_MAINTAINER,1,35534,v0.2.0
mg-api-js,3.0.3,87,A,,11,35392,v0.2.0
'@tailwindcss/browser,4.3.3,89,A,,3,35366,v0.2.0
stickyfilljs,2.1.0,19,F,UNVERIFIED_PUBLISH_PATH|DORMANT|SINGLE_MAINTAINER,1,35313,v0.2.0
dejavu-fonts-ttf,2.37.3,19,F,UNVERIFIED_PUBLISH_PATH|DORMANT|SINGLE_MAINTAINER,1,35301,v0.2.0
videojs-hotkeys,0.2.30,19,F,UNVERIFIED_PUBLISH_PATH|DORMANT|SINGLE_MAINTAINER,1,35278,v0.2.0
'@mediapipe/camera_utils,0.3.1675466862,24,F,UNVERIFIED_PUBLISH_PATH|DORMANT,8,35151,v0.2.0
flexibility,2.0.1,19,F,UNVERIFIED_PUBLISH_PATH|DORMANT|SINGLE_MAINTAINER,1,35143,v0.2.0
datatables.net-select-bs5,3.1.3,25,F,UNVERIFIED_PUBLISH_PATH|SINGLE_MAINTAINER,1,35026,v0.2.0
'@iconfu/svg-inject,2.0.1,25,F,UNVERIFIED_PUBLISH_PATH|SINGLE_MAINTAINER,1,35005,v0.2.0
'@styled-icons/fa-solid,10.47.0,28,F,UNVERIFIED_PUBLISH_PATH|DORMANT,2,35003,v0.2.0
'@fontsource/roboto-condensed,5.2.8,71,B,,2,34966,v0.2.0
'@devexpress/analytics-core,26.1.3,16,F,UNVERIFIED_PUBLISH_PATH|SINGLE_MAINTAINER,1,34916,v0.2.0
'@fontsource-variable/rubik,5.2.8,71,B,,2,34913,v0.2.0
'@editorjs/link,2.6.2,14,F,UNVERIFIED_PUBLISH_PATH|DORMANT|SINGLE_MAINTAINER,1,34868,v0.2.0
'@vaadin/router,2.0.1,39,D,UNVERIFIED_PUBLISH_PATH,12,34829,v0.2.0
swup,4.9.2,87,A,,3,34819,v0.2.0
'@twemoji/api,17.0.3,39,D,UNVERIFIED_PUBLISH_PATH,2,34776,v0.2.0
bs-stepper,1.7.0,19,F,UNVERIFIED_PUBLISH_PATH|DORMANT|SINGLE_MAINTAINER,1,34697,v0.2.0
quill-emoji,0.2.0,19,F,UNVERIFIED_PUBLISH_PATH|DORMANT|SINGLE_MAINTAINER,1,34648,v0.2.0
'@fontsource/spectral,5.2.8,71,B,,2,34566,v0.2.0
'@fontsource/noto-sans-tc,5.2.9,71,B,,2,34474,v0.2.0
'@fontsource/ubuntu,5.2.8,71,B,,2,34466,v0.2.0
leaflet-routing-machine,3.2.12,19,F,UNVERIFIED_PUBLISH_PATH|DORMANT|SINGLE_MAINTAINER,1,34459,v0.2.0
litepicker,2.0.12,19,F,UNVERIFIED_PUBLISH_PATH|DORMANT|SINGLE_MAINTAINER,1,34412,v0.2.0
patternomaly,1.3.2,19,F,UNVERIFIED_PUBLISH_PATH|DORMANT|SINGLE_MAINTAINER,1,34402,v0.2.0
multi-clamp,2.0.2,19,F,UNVERIFIED_PUBLISH_PATH|DORMANT|SINGLE_MAINTAINER,1,34391,v0.2.0
babel-standalone,6.26.0,28,F,UNVERIFIED_PUBLISH_PATH|DORMANT|PUBLISHER_NOT_MAINTAINER,3,34387,v0.2.0
pulltorefreshjs,0.1.22,15,F,UNVERIFIED_PUBLISH_PATH|DORMANT|SINGLE_MAINTAINER,1,34385,v0.2.0
golden-layout,2.6.0,19,F,UNVERIFIED_PUBLISH_PATH|DORMANT|SINGLE_MAINTAINER,1,34377,v0.2.0
'@fontsource/caladea,5.2.8,71,B,,2,34372,v0.2.0
'@fontsource/cousine,5.2.7,71,B,,2,34371,v0.2.0
japanese-holidays,1.0.10,19,F,UNVERIFIED_PUBLISH_PATH|DORMANT|SINGLE_MAINTAINER,1,34337,v0.2.0
jquery-sparkline,2.4.0,19,F,UNVERIFIED_PUBLISH_PATH|DORMANT|SINGLE_MAINTAINER,1,34258,v0.2.0
'@formkit/icons,2.1.0,72,B,INCONSISTENT_PUBLISH_PATH,4,34256,v0.2.0
'@claviska/jquery-minicolors,2.3.6,19,F,UNVERIFIED_PUBLISH_PATH|DORMANT|SINGLE_MAINTAINER,1,34238,v0.2.0
agora-rtm-sdk,2.2.4,30,F,UNVERIFIED_PUBLISH_PATH,3,34232,v0.2.0
datatables,1.10.18,19,F,UNVERIFIED_PUBLISH_PATH|DORMANT|SINGLE_MAINTAINER,1,34213,v0.2.0
datatables.net-colreorder-dt,2.1.2,25,F,UNVERIFIED_PUBLISH_PATH|SINGLE_MAINTAINER,1,34212,v0.2.0
medium-editor,5.23.3,33,F,UNVERIFIED_PUBLISH_PATH|DORMANT,6,34189,v0.2.0
playcanvas,2.20.6,73,B,SINGLE_MAINTAINER,1,34180,v0.2.0
'@fontsource-variable/sora,5.2.8,71,B,,2,34162,v0.2.0
party-js,2.2.0,14,F,UNVERIFIED_PUBLISH_PATH|DORMANT|SINGLE_MAINTAINER,1,34117,v0.2.0
'@syncfusion/ej2-gantt,34.1.30,39,D,UNVERIFIED_PUBLISH_PATH,3,34099,v0.2.0
'@adobe/adobe-client-data-layer,3.0.1,39,D,UNVERIFIED_PUBLISH_PATH,31,33988,v0.2.0
'@iconify-json/fa6-brands,1.2.6,21,F,UNVERIFIED_PUBLISH_PATH|SINGLE_MAINTAINER,1,33971,v0.2.0
d3-composite-projections,2.0.0,25,F,UNVERIFIED_PUBLISH_PATH|SINGLE_MAINTAINER,1,33957,v0.2.0
videojs-ima,2.6.0,39,D,UNVERIFIED_PUBLISH_PATH,2,33880,v0.2.0
jquery-slimscroll,1.3.8,19,F,UNVERIFIED_PUBLISH_PATH|DORMANT|SINGLE_MAINTAINER,1,33740,v0.2.0
ckeditor,4.12.1,39,D,UNVERIFIED_PUBLISH_PATH|DORMANT|DEPRECATED,2,33679,v0.2.0
'@fontsource/roboto-slab,5.2.8,71,B,,2,33533,v0.2.0
metismenu,3.1.0,25,F,UNVERIFIED_PUBLISH_PATH|SINGLE_MAINTAINER,1,33495,v0.2.0
moment-hijri,3.0.0,19,F,UNVERIFIED_PUBLISH_PATH|DORMANT|SINGLE_MAINTAINER,1,33477,v0.2.0
scrollmagic,2.0.9,25,F,UNVERIFIED_PUBLISH_PATH|SINGLE_MAINTAINER,1,33460,v0.2.0
leaflet-polylinedecorator,1.6.0,19,F,UNVERIFIED_PUBLISH_PATH|DORMANT|SINGLE_MAINTAINER,1,33457,v0.2.0
'@material-symbols/svg-500,0.45.8,73,B,SINGLE_MAINTAINER,1,33451,v0.2.0
single-spa-vue,3.0.1,23,F,UNVERIFIED_PUBLISH_PATH|DORMANT|PUBLISHER_NOT_MAINTAINER,2,33420,v0.2.0
inapp-spy,5.0.10,20,F,UNVERIFIED_PUBLISH_PATH|SINGLE_MAINTAINER,1,33343,v0.2.0
'@duetds/date-picker,1.4.0,28,F,UNVERIFIED_PUBLISH_PATH|DORMANT|PUBLISHER_NOT_MAINTAINER,5,33258,v0.2.0
'@fontsource/inconsolata,5.2.8,71,B,,2,33255,v0.2.0
'@myriaddreamin/typst.ts,0.7.0,73,B,SINGLE_MAINTAINER,1,33251,v0.2.0
pace-js,1.2.4,19,F,UNVERIFIED_PUBLISH_PATH|DORMANT|SINGLE_MAINTAINER,1,33242,v0.2.0
'@porsche-design-system/components-js,4.4.0,84,B,INCONSISTENT_PUBLISH_PATH,2,33192,v0.2.0
html-docx-js,0.3.1,19,F,UNVERIFIED_PUBLISH_PATH|DORMANT|SINGLE_MAINTAINER|BRANCH_REQUIRES_PR,1,33169,v0.2.0
'@tensorflow-models/body-pix,2.2.1,33,F,UNVERIFIED_PUBLISH_PATH|DORMANT,10,33153,v0.2.0
filepond-plugin-image-edit,1.6.3,19,F,UNVERIFIED_PUBLISH_PATH|DORMANT|SINGLE_MAINTAINER,1,33077,v0.2.0
datatables.net-select-bs4,3.1.3,25,F,UNVERIFIED_PUBLISH_PATH|SINGLE_MAINTAINER,1,33073,v0.2.0
fusioncharts,4.2.2,39,D,UNVERIFIED_PUBLISH_PATH,2,33066,v0.2.0
'@alexanderolsen/libsamplerate-js,2.1.2,19,F,UNVERIFIED_PUBLISH_PATH|DORMANT|SINGLE_MAINTAINER,1,33061,v0.2.0
'@meilisearch/instant-meilisearch,0.31.2,82,B,BRANCH_REQUIRES_PR,5,32899,v0.2.0
tw-elements,2.0.0,33,F,UNVERIFIED_PUBLISH_PATH|DORMANT,17,32895,v0.2.0
'@zxcvbn-ts/language-fr,4.1.1,25,F,UNVERIFIED_PUBLISH_PATH|SINGLE_MAINTAINER,1,32842,v0.2.0
raygun4js,3.1.4,34,F,UNVERIFIED_PUBLISH_PATH|PUBLISHER_NOT_MAINTAINER,2,32810,v0.2.0
leaflet.fullscreen,5.3.3,25,F,UNVERIFIED_PUBLISH_PATH|SINGLE_MAINTAINER,1,32796,v0.2.0
flexboxgrid,6.3.1,19,F,UNVERIFIED_PUBLISH_PATH|DORMANT|SINGLE_MAINTAINER,1,32764,v0.2.0
jsplumb,2.15.6,19,F,UNVERIFIED_PUBLISH_PATH|DORMANT|SINGLE_MAINTAINER,1,32721,v0.2.0
v-viewer,3.0.23,25,F,UNVERIFIED_PUBLISH_PATH|SINGLE_MAINTAINER,1,32718,v0.2.0
socicon,3.0.5,15,F,UNVERIFIED_PUBLISH_PATH|DORMANT|SINGLE_MAINTAINER,1,32687,v0.2.0
tdesign-vue-next,1.20.3,75,B,SINGLE_MAINTAINER,1,32546,v0.2.0
tsparticles-slim,2.12.0,39,D,UNVERIFIED_PUBLISH_PATH|DORMANT|DEPRECATED,2,32525,v0.2.0
'@mediapipe/pose,0.5.1675469404,24,F,UNVERIFIED_PUBLISH_PATH|DORMANT,8,32517,v0.2.0
'@expo-google-fonts/lora,0.4.2,39,D,UNVERIFIED_PUBLISH_PATH,4,32501,v0.2.0
'@jetbrains/logos,3.0.14,39,D,UNVERIFIED_PUBLISH_PATH,3,32494,v0.2.0
vue-toasted,1.1.28,19,F,UNVERIFIED_PUBLISH_PATH|DORMANT|SINGLE_MAINTAINER,1,32482,v0.2.0
buefy,3.0.8,39,D,UNVERIFIED_PUBLISH_PATH,2,32475,v0.2.0
carbon-react,161.2.0,52,C,UNVERIFIED_PUBLISH_PATH,5,32410,v0.2.0
'@egjs/flicking,4.16.3,30,F,UNVERIFIED_PUBLISH_PATH,12,32345,v0.2.0
'@maplibre/maplibre-gl-leaflet,0.1.3,39,D,UNVERIFIED_PUBLISH_PATH,5,32304,v0.2.0
lunar-javascript,1.7.7,25,F,UNVERIFIED_PUBLISH_PATH|SINGLE_MAINTAINER,1,32303,v0.2.0
'@mapbox/geojsonhint,3.3.0,33,F,UNVERIFIED_PUBLISH_PATH|DORMANT,28,32293,v0.2.0
chartjs-plugin-gradient,0.6.1,19,F,UNVERIFIED_PUBLISH_PATH|DORMANT|SINGLE_MAINTAINER,1,32293,v0.2.0
tablednd,1.0.5,19,F,UNVERIFIED_PUBLISH_PATH|DORMANT|SINGLE_MAINTAINER,1,32288,v0.2.0
'@alpinejs/csp,3.15.12,63,C,INCONSISTENT_PUBLISH_PATH|SINGLE_MAINTAINER,1,32221,v0.2.0
waveform-data,4.5.2,39,D,UNVERIFIED_PUBLISH_PATH,2,32181,v0.2.0
leaflet.locatecontrol,0.90.0,39,D,UNVERIFIED_PUBLISH_PATH,2,32177,v0.2.0
'@fancyapps/fancybox,3.5.7,19,F,UNVERIFIED_PUBLISH_PATH|DORMANT|SINGLE_MAINTAINER,1,32163,v0.2.0
v-money,0.8.1,15,F,UNVERIFIED_PUBLISH_PATH|DORMANT|SINGLE_MAINTAINER,1,32151,v0.2.0
smiles-drawer,2.4.1,87,A,,3,32117,v0.2.0
angular-drag-and-drop-lists,2.1.0,19,F,UNVERIFIED_PUBLISH_PATH|DORMANT|SINGLE_MAINTAINER,1,32106,v0.2.0
tinymce-i18n,26.7.13,73,B,SINGLE_MAINTAINER,1,32084,v0.2.0
'@fullcalendar/bootstrap5,6.1.21,20,F,UNVERIFIED_PUBLISH_PATH|SINGLE_MAINTAINER,1,32075,v0.2.0
chartjs-plugin-stacked100,1.7.1,25,F,UNVERIFIED_PUBLISH_PATH|SINGLE_MAINTAINER,1,32052,v0.2.0
current-device,2.0.2,73,B,SINGLE_MAINTAINER,1,31889,v0.2.0
'@spectrum-web-components/icons-workflow,1.12.2,84,B,INCONSISTENT_PUBLISH_PATH,9,31887,v0.2.0
filepond-plugin-image-transform,3.8.8,25,F,UNVERIFIED_PUBLISH_PATH|SINGLE_MAINTAINER,1,31871,v0.2.0
'@fontsource/fira-sans,5.2.7,71,B,,2,31827,v0.2.0
datatables.net-fixedcolumns-bs4,5.0.5,25,F,UNVERIFIED_PUBLISH_PATH|SINGLE_MAINTAINER,1,31801,v0.2.0
'@fontsource/instrument-sans,5.2.8,71,B,,2,31798,v0.2.0
'@iconify-json/twemoji,1.2.5,21,F,UNVERIFIED_PUBLISH_PATH|SINGLE_MAINTAINER,1,31794,v0.2.0
favico.js,0.3.10,19,F,UNVERIFIED_PUBLISH_PATH|DORMANT|SINGLE_MAINTAINER,1,31789,v0.2.0
filepond-plugin-file-encode,2.1.14,19,F,UNVERIFIED_PUBLISH_PATH|DORMANT|SINGLE_MAINTAINER,1,31704,v0.2.0
tempusdominus-core,5.19.3,33,F,UNVERIFIED_PUBLISH_PATH|DORMANT,2,31664,v0.2.0
manrope,2.0.0,14,F,UNVERIFIED_PUBLISH_PATH|DORMANT|SINGLE_MAINTAINER,1,31646,v0.2.0
klinecharts,10.0.0,25,F,UNVERIFIED_PUBLISH_PATH|SINGLE_MAINTAINER,1,31634,v0.2.0
'@tarojs/components,4.2.1,40,D,UNVERIFIED_PUBLISH_PATH,12,31622,v0.2.0
postmate,1.5.2,40,D,UNVERIFIED_PUBLISH_PATH|DORMANT,3,31582,v0.2.0
budoux,0.8.4,20,F,UNVERIFIED_PUBLISH_PATH|SINGLE_MAINTAINER,1,31576,v0.2.0
lethargy,1.0.9,19,F,UNVERIFIED_PUBLISH_PATH|DORMANT|SINGLE_MAINTAINER,1,31549,v0.2.0
'@openui5/sap.m,1.150.0,34,F,UNVERIFIED_PUBLISH_PATH,2,31528,v0.2.0
waypoints,4.0.1,19,F,UNVERIFIED_PUBLISH_PATH|DORMANT|SINGLE_MAINTAINER,1,31423,v0.2.0
'@photo-sphere-viewer/markers-plugin,5.14.3,73,B,SINGLE_MAINTAINER,1,31400,v0.2.0
jets,0.15.0,19,F,UNVERIFIED_PUBLISH_PATH|DORMANT|SINGLE_MAINTAINER,1,31385,v0.2.0
'@formio/js,5.4.2,34,F,UNVERIFIED_PUBLISH_PATH,7,31383,v0.2.0
'@iconify/icons-mdi,1.2.48,15,F,UNVERIFIED_PUBLISH_PATH|DORMANT|SINGLE_MAINTAINER,1,31381,v0.2.0
jquery-ui-bundle,1.12.1-migrate,19,F,UNVERIFIED_PUBLISH_PATH|DORMANT|SINGLE_MAINTAINER,1,31377,v0.2.0
flv.js,1.6.2,19,F,UNVERIFIED_PUBLISH_PATH|DORMANT|SINGLE_MAINTAINER,1,31300,v0.2.0
mrz,5.0.2,39,D,UNVERIFIED_PUBLISH_PATH,4,31241,v0.2.0
'@snowplow/browser-plugin-web-vitals,4.8.4,39,D,UNVERIFIED_PUBLISH_PATH,3,31217,v0.2.0
'@maplibre/maplibre-gl-geocoder,1.9.4,77,B,,5,31174,v0.2.0
'@editorjs/nested-list,1.4.3,14,F,UNVERIFIED_PUBLISH_PATH|DORMANT|SINGLE_MAINTAINER,1,31152,v0.2.0
save-svg-as-png,1.4.17,19,F,UNVERIFIED_PUBLISH_PATH|DORMANT|SINGLE_MAINTAINER,1,31102,v0.2.0
simmerjs,0.5.6,19,F,UNVERIFIED_PUBLISH_PATH|DORMANT|SINGLE_MAINTAINER,1,31065,v0.2.0
ngl,2.4.0,33,F,UNVERIFIED_PUBLISH_PATH|DORMANT,4,31052,v0.2.0
leaflet-fullscreen,1.0.2,33,F,UNVERIFIED_PUBLISH_PATH|DORMANT,8,31051,v0.2.0
'@vladmandic/human,3.3.6,31,F,UNVERIFIED_PUBLISH_PATH|SINGLE_MAINTAINER,1,31043,v0.2.0
'@snowplow/browser-plugin-error-tracking,4.8.4,39,D,UNVERIFIED_PUBLISH_PATH,3,31041,v0.2.0
simple-parallax-js,7.0.0,73,B,SINGLE_MAINTAINER,1,30952,v0.2.0
cropper,4.1.0,19,F,UNVERIFIED_PUBLISH_PATH|DORMANT|SINGLE_MAINTAINER,1,30856,v0.2.0
mpegts.js,1.8.0,19,F,UNVERIFIED_PUBLISH_PATH|DORMANT|SINGLE_MAINTAINER,1,30779,v0.2.0
simpleheat,0.4.0,19,F,UNVERIFIED_PUBLISH_PATH|DORMANT|SINGLE_MAINTAINER,1,30741,v0.2.0
uploadcare-widget,3.24.0,39,D,UNVERIFIED_PUBLISH_PATH,4,30722,v0.2.0
'@fullcalendar/adaptive,6.1.21,20,F,UNVERIFIED_PUBLISH_PATH|SINGLE_MAINTAINER,1,30701,v0.2.0
react-rte,0.16.5,33,F,UNVERIFIED_PUBLISH_PATH|DORMANT,6,30673,v0.2.0
vue-carousel,0.18.0,28,F,UNVERIFIED_PUBLISH_PATH|DORMANT,4,30534,v0.2.0
dxf-viewer,1.0.48,25,F,UNVERIFIED_PUBLISH_PATH|SINGLE_MAINTAINER,1,30481,v0.2.0
'@tensorflow-models/body-segmentation,1.0.2,33,F,UNVERIFIED_PUBLISH_PATH|DORMANT,8,30462,v0.2.0
'@builder.io/qwik,1.20.0,85,A,INCONSISTENT_PUBLISH_PATH,26,30399,v0.2.0
react-flagkit,2.0.4,10,F,UNVERIFIED_PUBLISH_PATH|DORMANT|SINGLE_MAINTAINER,1,30395,v0.2.0
bootstrap-multiselect,2.0.0,34,F,UNVERIFIED_PUBLISH_PATH,2,30355,v0.2.0
'@irys/query,0.0.13,34,F,UNVERIFIED_PUBLISH_PATH,2,30284,v0.2.0
ng-tags-input,3.2.0,28,F,UNVERIFIED_PUBLISH_PATH|DORMANT,2,30269,v0.2.0
videojs-youtube,3.0.1,33,F,UNVERIFIED_PUBLISH_PATH|DORMANT,19,30251,v0.2.0
stickybits,3.7.11,32,F,UNVERIFIED_PUBLISH_PATH|DORMANT|SINGLE_MAINTAINER,1,30056,v0.2.0
mdn-polyfills,5.20.0,19,F,UNVERIFIED_PUBLISH_PATH|DORMANT|SINGLE_MAINTAINER,1,30026,v0.2.0
'@antv/data-set,0.11.8,33,F,UNVERIFIED_PUBLISH_PATH|DORMANT,18,30019,v0.2.0
'@google/markerclusterer,2.0.9,14,F,UNVERIFIED_PUBLISH_PATH|DORMANT|SINGLE_MAINTAINER|DEPRECATED,1,29937,v0.2.0
sheetjs-style,0.15.8,19,F,UNVERIFIED_PUBLISH_PATH|DORMANT|SINGLE_MAINTAINER,1,29807,v0.2.0
ohmyfetch,0.4.21,14,F,UNVERIFIED_PUBLISH_PATH|DORMANT|SINGLE_MAINTAINER|DEPRECATED,1,29756,v0.2.0
'@snowplow/browser-plugin-button-click-tracking,4.8.4,39,D,UNVERIFIED_PUBLISH_PATH,3,29551,v0.2.0
'@revolist/revogrid,4.23.22,73,B,SINGLE_MAINTAINER,1,29534,v0.2.0
vue-spinner,3.0.2,67,C,SINGLE_MAINTAINER,1,29485,v0.2.0
single-spa-layout,3.0.0,9,F,UNVERIFIED_PUBLISH_PATH|DORMANT|SINGLE_MAINTAINER|PUBLISHER_NOT_MAINTAINER,1,29446,v0.2.0
datebook,8.0.1,19,F,UNVERIFIED_PUBLISH_PATH|DORMANT|SINGLE_MAINTAINER,1,29441,v0.2.0
cos-js-sdk-v5,1.10.1,39,D,UNVERIFIED_PUBLISH_PATH,5,29404,v0.2.0
fine-uploader,5.16.2,14,F,UNVERIFIED_PUBLISH_PATH|DORMANT|SINGLE_MAINTAINER,1,29372,v0.2.0
'@zerodevx/svelte-toast,0.9.6,19,F,UNVERIFIED_PUBLISH_PATH|DORMANT|SINGLE_MAINTAINER,1,29278,v0.2.0
chartjs-plugin-trendline,3.2.4,73,B,SINGLE_MAINTAINER,1,29217,v0.2.0
'@fontsource/inter-tight,5.2.7,71,B,,2,28821,v0.2.0
'@iconify-json/octicon,1.2.29,21,F,UNVERIFIED_PUBLISH_PATH|SINGLE_MAINTAINER,1,28778,v0.2.0
'@chenfengyuan/vue-countdown,2.1.3,25,F,UNVERIFIED_PUBLISH_PATH|SINGLE_MAINTAINER,1,28735,v0.2.0
'@fontsource/noto-sans-arabic,5.2.10,71,B,,2,28630,v0.2.0
vanilla-tilt,1.8.1,19,F,UNVERIFIED_PUBLISH_PATH|DORMANT|SINGLE_MAINTAINER,1,28568,v0.2.0
jquery.scrollto,2.1.3,19,F,UNVERIFIED_PUBLISH_PATH|DORMANT|SINGLE_MAINTAINER,1,28549,v0.2.0
workbox-cdn,5.1.4,14,F,UNVERIFIED_PUBLISH_PATH|DORMANT|SINGLE_MAINTAINER|PUBLISHER_NOT_MAINTAINER,1,28470,v0.2.0
ravelinjs,2.2.0,39,D,UNVERIFIED_PUBLISH_PATH,3,28444,v0.2.0
'@fontsource/jost,5.2.8,71,B,,2,28402,v0.2.0
ng-idle,1.3.2,19,F,UNVERIFIED_PUBLISH_PATH|DORMANT|SINGLE_MAINTAINER,1,28389,v0.2.0
'@splidejs/splide-extension-auto-scroll,0.5.3,19,F,UNVERIFIED_PUBLISH_PATH|DORMANT|SINGLE_MAINTAINER,1,28351,v0.2.0
html-truncate,1.2.2,19,F,UNVERIFIED_PUBLISH_PATH|DORMANT|SINGLE_MAINTAINER,1,28280,v0.2.0
smooth-scrollbar,8.8.4,19,F,UNVERIFIED_PUBLISH_PATH|DORMANT|SINGLE_MAINTAINER,1,28183,v0.2.0
quicklink,3.0.1,25,F,UNVERIFIED_PUBLISH_PATH|SINGLE_MAINTAINER,1,28180,v0.2.0
quagga,0.12.1,19,F,UNVERIFIED_PUBLISH_PATH|DORMANT|SINGLE_MAINTAINER,1,28164,v0.2.0
datatables.net-plugins,2.3.6,25,F,UNVERIFIED_PUBLISH_PATH|SINGLE_MAINTAINER,1,28153,v0.2.0
art-template,4.13.4,15,F,UNVERIFIED_PUBLISH_PATH|SINGLE_MAINTAINER|PUBLISHER_NOT_MAINTAINER,1,28148,v0.2.0
clevertap-web-sdk,2.7.4,94,A,,6,28142,v0.2.0
jquery-autosize,1.18.18,19,F,UNVERIFIED_PUBLISH_PATH|DORMANT|SINGLE_MAINTAINER,1,28140,v0.2.0
bootstrap-notify,3.1.3,33,F,UNVERIFIED_PUBLISH_PATH|DORMANT,3,28124,v0.2.0
'@fontsource/orbitron,5.2.8,71,B,,2,28022,v0.2.0
balloon-css,1.2.0,19,F,UNVERIFIED_PUBLISH_PATH|DORMANT|SINGLE_MAINTAINER,1,27958,v0.2.0
'@revolut/checkout,1.1.25,39,D,UNVERIFIED_PUBLISH_PATH,5,27954,v0.2.0
uikit,3.25.20,77,B,INCONSISTENT_PUBLISH_PATH,2,27952,v0.2.0
jquery.easing,1.4.1,33,F,UNVERIFIED_PUBLISH_PATH|DORMANT,2,27891,v0.2.0
player.js,0.1.0,33,F,UNVERIFIED_PUBLISH_PATH|DORMANT,2,27850,v0.2.0
jspdf-html2canvas,1.7.0,25,F,UNVERIFIED_PUBLISH_PATH|SINGLE_MAINTAINER,1,27810,v0.2.0
browser-dtector,4.1.1,63,C,SINGLE_MAINTAINER,1,27797,v0.2.0
'@wix/headless-utils,0.0.12,30,F,UNVERIFIED_PUBLISH_PATH,6,27780,v0.2.0
'@alfalab/core-components,50.23.0,35,D,UNVERIFIED_PUBLISH_PATH,15,27748,v0.2.0
'@fontsource/great-vibes,5.2.8,71,B,,2,27737,v0.2.0
'@fontsource/ubuntu-mono,5.2.8,71,B,,2,27731,v0.2.0
the-new-css-reset,1.11.3,19,F,UNVERIFIED_PUBLISH_PATH|DORMANT|SINGLE_MAINTAINER,1,27711,v0.2.0
datatables.net-fixedheader-bs4,4.0.6,25,F,UNVERIFIED_PUBLISH_PATH|SINGLE_MAINTAINER,1,27666,v0.2.0
headroom.js,0.12.0,33,F,UNVERIFIED_PUBLISH_PATH|DORMANT,2,27640,v0.2.0
'@pyscript/core,0.7.31,25,F,UNVERIFIED_PUBLISH_PATH|SINGLE_MAINTAINER,1,27620,v0.2.0
'@tensorflow/tfjs-backend-webgpu,4.22.0,33,F,UNVERIFIED_PUBLISH_PATH|DORMANT,10,27600,v0.2.0
quilljs-markdown,1.2.0,19,F,UNVERIFIED_PUBLISH_PATH|DORMANT|SINGLE_MAINTAINER,1,27514,v0.2.0
smooth-scroll,16.1.3,19,F,UNVERIFIED_PUBLISH_PATH|DORMANT|SINGLE_MAINTAINER,1,27499,v0.2.0
editorjs-html,4.0.5,15,F,UNVERIFIED_PUBLISH_PATH|DORMANT|SINGLE_MAINTAINER,1,27494,v0.2.0
'@fontsource/dancing-script,5.2.8,71,B,,2,27491,v0.2.0
'@fontsource-variable/source-code-pro,5.2.7,71,B,,2,27442,v0.2.0
'@zendeskgarden/css-bedrock,10.0.1,26,F,UNVERIFIED_PUBLISH_PATH|DORMANT|SINGLE_MAINTAINER,1,27432,v0.2.0
icheck,1.0.2,19,F,UNVERIFIED_PUBLISH_PATH|DORMANT|SINGLE_MAINTAINER,1,27420,v0.2.0
'@friendlycaptcha/sdk,1.0.2,73,B,SINGLE_MAINTAINER,1,27375,v0.2.0
'@fontsource/opendyslexic,5.2.5,71,B,,2,27343,v0.2.0
'@fontsource-variable/roboto-flex,5.2.8,71,B,,2,27318,v0.2.0
parsleyjs,2.9.2,39,D,UNVERIFIED_PUBLISH_PATH|DORMANT,2,27220,v0.2.0
ts-ebml,3.0.2,25,F,UNVERIFIED_PUBLISH_PATH|SINGLE_MAINTAINER,1,27169,v0.2.0
'@sweetalert2/theme-bootstrap-4,5.0.27,25,F,UNVERIFIED_PUBLISH_PATH|SINGLE_MAINTAINER|DEPRECATED,1,27146,v0.2.0
'@fontsource/quicksand,5.2.10,71,B,,2,27094,v0.2.0
html-to-md,0.8.8,25,F,UNVERIFIED_PUBLISH_PATH|SINGLE_MAINTAINER,1,27035,v0.2.0
'@zendeskgarden/css-variables,7.0.0,26,F,UNVERIFIED_PUBLISH_PATH|DORMANT|SINGLE_MAINTAINER,1,26992,v0.2.0
bootstrap-toggle,2.2.2,19,F,UNVERIFIED_PUBLISH_PATH|DORMANT|SINGLE_MAINTAINER,1,26977,v0.2.0
'@melloware/coloris,0.25.0,39,D,UNVERIFIED_PUBLISH_PATH,2,26943,v0.2.0
malihu-custom-scrollbar-plugin,3.1.5,19,F,UNVERIFIED_PUBLISH_PATH|DORMANT|SINGLE_MAINTAINER,1,26873,v0.2.0
react-slideshow-image,4.4.0,25,F,UNVERIFIED_PUBLISH_PATH|SINGLE_MAINTAINER,1,26860,v0.2.0
scichart,5.2.55,39,D,UNVERIFIED_PUBLISH_PATH,2,26833,v0.2.0
'@fontsource/arimo,5.2.8,71,B,,2,26818,v0.2.0
'@wix/design-system,1.299.0,30,F,UNVERIFIED_PUBLISH_PATH,12,26755,v0.2.0
moment-parseformat,4.0.0,33,F,UNVERIFIED_PUBLISH_PATH|DORMANT,2,26744,v0.2.0
match-media,0.2.0,19,F,UNVERIFIED_PUBLISH_PATH|DORMANT|SINGLE_MAINTAINER,1,26706,v0.2.0
vanta,0.5.24,19,F,UNVERIFIED_PUBLISH_PATH|DORMANT|SINGLE_MAINTAINER,1,26688,v0.2.0
'@open-iframe-resizer/core,2.4.0,63,C,INCONSISTENT_PUBLISH_PATH|SINGLE_MAINTAINER,1,26664,v0.2.0
'@iconify-json/hugeicons,1.2.31,21,F,UNVERIFIED_PUBLISH_PATH|SINGLE_MAINTAINER,1,26544,v0.2.0
'@taiga-ui/cdk,5.15.0,46,D,UNVERIFIED_PUBLISH_PATH,7,26493,v0.2.0
secure-ls,2.0.0,19,F,UNVERIFIED_PUBLISH_PATH|DORMANT|SINGLE_MAINTAINER,1,26459,v0.2.0
picturefill,3.0.3,33,F,UNVERIFIED_PUBLISH_PATH|DORMANT|DEPRECATED,2,26371,v0.2.0
grapesjs-plugin-forms,2.0.6,19,F,UNVERIFIED_PUBLISH_PATH|DORMANT|SINGLE_MAINTAINER,1,26340,v0.2.0
iscroll,5.2.0,14,F,UNVERIFIED_PUBLISH_PATH|DORMANT|SINGLE_MAINTAINER|PUBLISHER_NOT_MAINTAINER|DEPRECATED,1,26291,v0.2.0
vue-content-loader,2.0.1,19,F,UNVERIFIED_PUBLISH_PATH|DORMANT|SINGLE_MAINTAINER,1,26153,v0.2.0
vditor,3.11.2,25,F,UNVERIFIED_PUBLISH_PATH|SINGLE_MAINTAINER,1,26146,v0.2.0
emailjs-com,3.2.0,14,F,UNVERIFIED_PUBLISH_PATH|DORMANT|SINGLE_MAINTAINER|PUBLISHER_NOT_MAINTAINER|DEPRECATED,1,26106,v0.2.0
'@qlik/api,2.13.0,46,D,UNVERIFIED_PUBLISH_PATH,2,26040,v0.2.0
'@tensorflow-models/face-landmarks-detection,1.0.6,33,F,UNVERIFIED_PUBLISH_PATH|DORMANT,8,26032,v0.2.0
'@material/mwc-base,0.27.0,39,D,UNVERIFIED_PUBLISH_PATH|DORMANT|DEPRECATED,14,25896,v0.2.0
'@fontsource-variable/work-sans,5.2.8,71,B,,2,25883,v0.2.0
'@realsee/dnalogel,3.81.2,39,D,UNVERIFIED_PUBLISH_PATH,7,25824,v0.2.0
'@snowplow/browser-plugin-media,4.8.4,39,D,UNVERIFIED_PUBLISH_PATH,3,25810,v0.2.0
pnotify,5.2.0,19,F,UNVERIFIED_PUBLISH_PATH|DORMANT|SINGLE_MAINTAINER,1,25793,v0.2.0
react-virtualized-select,3.1.3,19,F,UNVERIFIED_PUBLISH_PATH|DORMANT|SINGLE_MAINTAINER,1,25755,v0.2.0
obs-websocket-js,5.0.8,87,A,,3,25699,v0.2.0
'@taiga-ui/core,5.15.0,46,D,UNVERIFIED_PUBLISH_PATH,7,25603,v0.2.0
vue-infinite-scroll,2.0.2,33,F,UNVERIFIED_PUBLISH_PATH|DORMANT,3,25601,v0.2.0
cep-promise,4.4.1,33,F,UNVERIFIED_PUBLISH_PATH|DORMANT,2,25586,v0.2.0
'@editorjs/simple-image,1.6.0,14,F,UNVERIFIED_PUBLISH_PATH|DORMANT|SINGLE_MAINTAINER,1,25568,v0.2.0
materialize-css,1.0.0,19,F,UNVERIFIED_PUBLISH_PATH|DORMANT|SINGLE_MAINTAINER,1,25523,v0.2.0
wordcloud,1.2.3,19,F,UNVERIFIED_PUBLISH_PATH|DORMANT|SINGLE_MAINTAINER,1,25510,v0.2.0
'@kiwicom/orbit-components,27.7.1-alpha.0,39,D,UNVERIFIED_PUBLISH_PATH,3,25463,v0.2.0
reaviz,16.2.1,25,F,UNVERIFIED_PUBLISH_PATH|SINGLE_MAINTAINER,1,25415,v0.2.0
packery,3.0.0,25,F,UNVERIFIED_PUBLISH_PATH|SINGLE_MAINTAINER,1,25323,v0.2.0
destyle.css,4.0.1,19,F,UNVERIFIED_PUBLISH_PATH|DORMANT|SINGLE_MAINTAINER,1,25266,v0.2.0
quill-better-table,1.2.10,19,F,UNVERIFIED_PUBLISH_PATH|DORMANT|SINGLE_MAINTAINER,1,25218,v0.2.0
timeago,1.6.7,29,F,UNVERIFIED_PUBLISH_PATH|DORMANT,2,25166,v0.2.0
'@snowplow/browser-plugin-performance-navigation-timing,4.8.4,39,D,UNVERIFIED_PUBLISH_PATH,3,25121,v0.2.0
bitmovin-player-ui,4.17.0,25,F,UNVERIFIED_PUBLISH_PATH|SINGLE_MAINTAINER,1,25116,v0.2.0
'@gouvfr/dsfr,1.15.0,45,D,UNVERIFIED_PUBLISH_PATH,5,25044,v0.2.0
'@taiga-ui/kit,5.15.0,46,D,UNVERIFIED_PUBLISH_PATH,7,25032,v0.2.0
maz-ui,4.9.3,20,F,UNVERIFIED_PUBLISH_PATH|SINGLE_MAINTAINER,1,25027,v0.2.0
material-components-web,14.0.0,33,F,UNVERIFIED_PUBLISH_PATH|DORMANT,14,24984,v0.2.0
corejs-typeahead,1.3.4,19,F,UNVERIFIED_PUBLISH_PATH|DORMANT|SINGLE_MAINTAINER,1,24916,v0.2.0
emoji-picker-element-data,1.8.0,25,F,UNVERIFIED_PUBLISH_PATH|SINGLE_MAINTAINER,1,24886,v0.2.0
datatables.net-colreorder-bs4,2.1.2,25,F,UNVERIFIED_PUBLISH_PATH|SINGLE_MAINTAINER,1,24869,v0.2.0
'@adobe/magento-storefront-events-sdk,1.17.0,34,F,UNVERIFIED_PUBLISH_PATH,31,24835,v0.2.0
'@fontsource-variable/schibsted-grotesk,5.2.8,71,B,,2,24806,v0.2.0
filepond-plugin-file-poster,2.5.2,25,F,UNVERIFIED_PUBLISH_PATH|SINGLE_MAINTAINER,1,24730,v0.2.0
bootstrap-tagsinput,0.7.1,19,F,UNVERIFIED_PUBLISH_PATH|DORMANT|SINGLE_MAINTAINER,1,24725,v0.2.0
luaparse,0.3.1,33,F,UNVERIFIED_PUBLISH_PATH|DORMANT,2,24608,v0.2.0
quill-paste-smart,2.0.0,19,F,UNVERIFIED_PUBLISH_PATH|DORMANT|SINGLE_MAINTAINER,1,24574,v0.2.0
metismenujs,1.4.0,19,F,UNVERIFIED_PUBLISH_PATH|DORMANT|SINGLE_MAINTAINER,1,24466,v0.2.0
magic-sdk,33.9.0,76,B,REPO_LINKAGE_MISMATCH,13,24462,v0.2.0
places.js,1.19.0,23,F,UNVERIFIED_PUBLISH_PATH|DORMANT|PUBLISHER_NOT_MAINTAINER|DEPRECATED,77,24456,v0.2.0
select2-bootstrap-5-theme,1.3.0,19,F,UNVERIFIED_PUBLISH_PATH|DORMANT|SINGLE_MAINTAINER,1,24375,v0.2.0
sm-crypto,0.4.0,31,F,UNVERIFIED_PUBLISH_PATH|SINGLE_MAINTAINER,1,24355,v0.2.0
postscribe,2.0.8,46,D,UNVERIFIED_PUBLISH_PATH|DORMANT,5,24324,v0.2.0
'@fontsource-variable/lexend,5.2.11,71,B,,2,24323,v0.2.0
'@nebular/theme,17.0.0,25,F,UNVERIFIED_PUBLISH_PATH|SINGLE_MAINTAINER,1,24285,v0.2.0
'@swup/head-plugin,2.3.1,33,F,UNVERIFIED_PUBLISH_PATH|DORMANT,3,24277,v0.2.0
number-format.js,2.0.9,19,F,UNVERIFIED_PUBLISH_PATH|DORMANT|SINGLE_MAINTAINER,1,24238,v0.2.0
'@lit-labs/motion,1.1.0,90,A,,11,24196,v0.2.0
minimasonry,1.3.2,19,F,UNVERIFIED_PUBLISH_PATH|DORMANT|SINGLE_MAINTAINER,1,24185,v0.2.0
datatables.net-keytable-bs4,2.12.2,25,F,UNVERIFIED_PUBLISH_PATH|SINGLE_MAINTAINER,1,24177,v0.2.0
codice-fiscale-js,2.3.23,25,F,UNVERIFIED_PUBLISH_PATH|SINGLE_MAINTAINER,1,24161,v0.2.0
universal-parallax,1.3.2,19,F,UNVERIFIED_PUBLISH_PATH|DORMANT|SINGLE_MAINTAINER,1,24120,v0.2.0
'@wix/identity,1.0.211,30,F,UNVERIFIED_PUBLISH_PATH,12,24114,v0.2.0
dwt,19.4.1,34,F,UNVERIFIED_PUBLISH_PATH,6,23992,v0.2.0
'@worldcoin/minikit-js,2.0.3,72,B,INCONSISTENT_PUBLISH_PATH,2,23976,v0.2.0
'@discordapp/twemoji,16.0.1,39,D,UNVERIFIED_PUBLISH_PATH,5,23934,v0.2.0
appcenter-cli,3.0.4,52,C,UNVERIFIED_PUBLISH_PATH,2,23925,v0.2.0
'@fontsource/tinos,5.2.7,71,B,,2,23924,v0.2.0
ekko-lightbox,5.3.0,19,F,UNVERIFIED_PUBLISH_PATH|DORMANT|SINGLE_MAINTAINER,1,23911,v0.2.0
leaflet-control-geocoder,3.3.1,39,D,UNVERIFIED_PUBLISH_PATH,2,23896,v0.2.0
vuejs-paginate,2.1.0,19,F,UNVERIFIED_PUBLISH_PATH|DORMANT|SINGLE_MAINTAINER,1,23869,v0.2.0
compress.js,2.1.2,19,F,UNVERIFIED_PUBLISH_PATH|DORMANT|SINGLE_MAINTAINER,1,23859,v0.2.0
ng-primitives,0.127.0,73,B,SINGLE_MAINTAINER,1,23770,v0.2.0
'@swup/scripts-plugin,2.1.0,33,F,UNVERIFIED_PUBLISH_PATH|DORMANT,3,23745,v0.2.0
devexpress-richedit,26.1.3,30,F,UNVERIFIED_PUBLISH_PATH,3,23697,v0.2.0
simple-datatables,10.2.0,25,F,UNVERIFIED_PUBLISH_PATH|SINGLE_MAINTAINER,1,23604,v0.2.0
phaser3-rex-plugins,1.80.20,25,F,UNVERIFIED_PUBLISH_PATH|SINGLE_MAINTAINER,1,23567,v0.2.0
'@vicons/ionicons5,0.13.0,15,F,UNVERIFIED_PUBLISH_PATH|DORMANT|SINGLE_MAINTAINER,1,23560,v0.2.0
'@pipecat-ai/daily-transport,1.6.8,77,B,INCONSISTENT_PUBLISH_PATH,7,23551,v0.2.0
xgplayer,3.0.26,77,B,INCONSISTENT_PUBLISH_PATH,10,23550,v0.2.0
markerclustererplus,2.1.4,19,F,UNVERIFIED_PUBLISH_PATH|DORMANT|SINGLE_MAINTAINER,1,23521,v0.2.0
'@react-spectrum/icon,3.9.1,39,D,UNVERIFIED_PUBLISH_PATH,2,23500,v0.2.0
'@cap.js/widget,0.1.56,20,F,UNVERIFIED_PUBLISH_PATH|SINGLE_MAINTAINER|BRANCH_REQUIRES_SIGNATURES|BRANCH_REQUIRES_PR,1,23411,v0.2.0
jsrender,1.2.0,34,F,UNVERIFIED_PUBLISH_PATH,2,23402,v0.2.0
'@eonasdan/tempus-dominus,6.10.4,25,F,UNVERIFIED_PUBLISH_PATH|SINGLE_MAINTAINER,1,23329,v0.2.0
styled-icons,10.47.1,28,F,UNVERIFIED_PUBLISH_PATH|DORMANT,2,23327,v0.2.0
'@fontsource/libre-franklin,5.2.8,71,B,,2,23303,v0.2.0
'@inlang/plugin-m-function-matcher,2.2.9,82,B,,2,23282,v0.2.0
moment-jalaali,0.10.4,33,F,UNVERIFIED_PUBLISH_PATH|DORMANT,2,23236,v0.2.0
'@iconify-json/bi,1.2.7,21,F,UNVERIFIED_PUBLISH_PATH|SINGLE_MAINTAINER,1,23151,v0.2.0
multiple-select-vanilla,5.2.1,73,B,SINGLE_MAINTAINER,1,23099,v0.2.0
deep-chat,2.4.2,25,F,UNVERIFIED_PUBLISH_PATH|SINGLE_MAINTAINER,1,23091,v0.2.0
simple-crypto-js,3.0.1,25,F,UNVERIFIED_PUBLISH_PATH|DORMANT|SINGLE_MAINTAINER,1,23058,v0.2.0
darkreader,4.9.128,31,F,UNVERIFIED_PUBLISH_PATH|SINGLE_MAINTAINER,1,23054,v0.2.0
'@material/mwc-ripple,0.27.0,39,D,UNVERIFIED_PUBLISH_PATH|DORMANT|DEPRECATED,14,22944,v0.2.0
n2words,5.1.2,100,A,,2,22870,v0.2.0
pretty-print-json,3.0.8,25,F,UNVERIFIED_PUBLISH_PATH|SINGLE_MAINTAINER,1,22861,v0.2.0
'@iconify-json/uil,1.2.3,15,F,UNVERIFIED_PUBLISH_PATH|DORMANT|SINGLE_MAINTAINER,1,22828,v0.2.0
'@wix/image-kit,1.124.0,30,F,UNVERIFIED_PUBLISH_PATH,12,22813,v0.2.0
egoroof-blowfish,4.0.3,73,B,SINGLE_MAINTAINER,1,22801,v0.2.0
'@jitsu/js,1.11.0,72,B,INCONSISTENT_PUBLISH_PATH|BRANCH_REQUIRES_PR,4,22762,v0.2.0
zoomist,2.2.0,25,F,UNVERIFIED_PUBLISH_PATH|SINGLE_MAINTAINER,1,22743,v0.2.0
'@tailwindcss/custom-forms,0.2.1,33,F,UNVERIFIED_PUBLISH_PATH|DORMANT,3,22726,v0.2.0
'@iconify-json/fa6-regular,1.2.4,21,F,UNVERIFIED_PUBLISH_PATH|SINGLE_MAINTAINER,1,22719,v0.2.0
'@rive-app/canvas-advanced,2.38.5,87,A,,5,22680,v0.2.0
angular-smart-table,2.1.11,19,F,UNVERIFIED_PUBLISH_PATH|DORMANT|SINGLE_MAINTAINER,1,22677,v0.2.0
leaflet-editable,1.3.2,25,F,UNVERIFIED_PUBLISH_PATH|SINGLE_MAINTAINER,1,22654,v0.2.0
angular-dynamic-locale,0.1.38,19,F,UNVERIFIED_PUBLISH_PATH|DORMANT|SINGLE_MAINTAINER,1,22634,v0.2.0
survey-analytics,2.5.34,39,D,UNVERIFIED_PUBLISH_PATH,5,22569,v0.2.0
handlebars-intl,1.1.2,33,F,UNVERIFIED_PUBLISH_PATH|DORMANT,4,22553,v0.2.0
'@fontsource/vt323,5.2.7,71,B,,2,22457,v0.2.0
trumbowyg,2.31.0,25,F,UNVERIFIED_PUBLISH_PATH|SINGLE_MAINTAINER,1,22440,v0.2.0
'@fontsource-variable/noto-sans-arabic,5.2.10,71,B,,2,22415,v0.2.0
jquery-extendext,1.0.0,19,F,UNVERIFIED_PUBLISH_PATH|DORMANT|SINGLE_MAINTAINER,1,22393,v0.2.0
stackdriver-errors-js,0.12.0,19,F,UNVERIFIED_PUBLISH_PATH|DORMANT|SINGLE_MAINTAINER,1,22378,v0.2.0
'@wix/auto_sdk_identity_oauth,1.0.48,30,F,UNVERIFIED_PUBLISH_PATH,12,22372,v0.2.0
google-maps-utility-library-v3-infobox,1.1.14,19,F,UNVERIFIED_PUBLISH_PATH|DORMANT|SINGLE_MAINTAINER,1,22370,v0.2.0
vue-social-sharing,3.0.9,19,F,UNVERIFIED_PUBLISH_PATH|DORMANT|SINGLE_MAINTAINER,1,22302,v0.2.0
leaflet-geometryutil,0.10.3,33,F,UNVERIFIED_PUBLISH_PATH|DORMANT,6,22269,v0.2.0
'@alpinejs/sort,3.15.12,63,C,INCONSISTENT_PUBLISH_PATH|SINGLE_MAINTAINER,1,22223,v0.2.0
pickadate,5.0.0-alpha.3,14,F,UNVERIFIED_PUBLISH_PATH|DORMANT|SINGLE_MAINTAINER,1,22211,v0.2.0
'@zoom-image/core,0.42.0,20,F,UNVERIFIED_PUBLISH_PATH|SINGLE_MAINTAINER,1,22190,v0.2.0
'@dotlottie/player-component,2.7.12,28,F,UNVERIFIED_PUBLISH_PATH|DORMANT|DEPRECATED,2,22187,v0.2.0
windmill-cli,1.762.2,32,F,UNVERIFIED_PUBLISH_PATH|SINGLE_MAINTAINER,1,22182,v0.2.0
quill-image-resize-module,3.0.0,19,F,UNVERIFIED_PUBLISH_PATH|DORMANT|SINGLE_MAINTAINER,1,22176,v0.2.0
dojo,1.17.3,33,F,UNVERIFIED_PUBLISH_PATH|DORMANT,3,22110,v0.2.0
monaco-editor-core,0.55.1,47,D,UNVERIFIED_PUBLISH_PATH,6,22073,v0.2.0
'@fontsource/ibm-plex-sans-arabic,5.2.9,81,B,,2,22019,v0.2.0
polotno,4.4.0,21,F,UNVERIFIED_PUBLISH_PATH|SINGLE_MAINTAINER,1,21996,v0.2.0
'@google/markerclustererplus,5.1.3,14,F,UNVERIFIED_PUBLISH_PATH|DORMANT|SINGLE_MAINTAINER|DEPRECATED,1,21992,v0.2.0
vue-fragment,1.6.0,19,F,UNVERIFIED_PUBLISH_PATH|DORMANT|SINGLE_MAINTAINER,1,21982,v0.2.0
'@wix/auto_sdk_identity_authentication,1.0.49,30,F,UNVERIFIED_PUBLISH_PATH,12,21939,v0.2.0
htl,1.0.0,73,B,SINGLE_MAINTAINER,1,21900,v0.2.0
eva-icons,1.1.3,9,F,UNVERIFIED_PUBLISH_PATH|DORMANT,0,21893,v0.2.0
esptool-js,0.6.0,87,A,,2,21847,v0.2.0
icheck-bootstrap,3.0.1,19,F,UNVERIFIED_PUBLISH_PATH|DORMANT|SINGLE_MAINTAINER,1,21815,v0.2.0
jquery-mapael,2.2.0,19,F,UNVERIFIED_PUBLISH_PATH|DORMANT|SINGLE_MAINTAINER,1,21707,v0.2.0
'@gradio/client,2.3.1,74,B,SINGLE_MAINTAINER,1,21689,v0.2.0
'@namnode/store,0.1.0,14,F,UNVERIFIED_PUBLISH_PATH|DORMANT|SINGLE_MAINTAINER,1,21674,v0.2.0
jsgrid,1.5.3,19,F,UNVERIFIED_PUBLISH_PATH|DORMANT|SINGLE_MAINTAINER,1,21654,v0.2.0
angular-chart.js,2.1.1,25,F,UNVERIFIED_PUBLISH_PATH|SINGLE_MAINTAINER,1,21652,v0.2.0
baron,3.0.3,19,F,UNVERIFIED_PUBLISH_PATH|DORMANT|SINGLE_MAINTAINER,1,21550,v0.2.0
devextreme-dist,26.1.3,33,F,UNVERIFIED_PUBLISH_PATH|SINGLE_MAINTAINER,1,21537,v0.2.0
vue-js-toggle-button,1.3.3,19,F,UNVERIFIED_PUBLISH_PATH|DORMANT|SINGLE_MAINTAINER,1,21524,v0.2.0
simple-keyboard-layouts,3.4.236,73,B,SINGLE_MAINTAINER,1,21457,v0.2.0
'@editorjs/warning,1.4.1,14,F,UNVERIFIED_PUBLISH_PATH|DORMANT|SINGLE_MAINTAINER,1,21431,v0.2.0
opensheetmusicdisplay,2.0.0,39,D,UNVERIFIED_PUBLISH_PATH,2,21407,v0.2.0
computer-modern,0.1.3,19,F,UNVERIFIED_PUBLISH_PATH|DORMANT|SINGLE_MAINTAINER,1,21400,v0.2.0
pannellum,2.5.7,20,F,UNVERIFIED_PUBLISH_PATH|SINGLE_MAINTAINER,1,21380,v0.2.0
nhsuk-frontend,10.5.2,87,A,,4,21372,v0.2.0
scrollbooster,3.0.2,19,F,UNVERIFIED_PUBLISH_PATH|DORMANT|SINGLE_MAINTAINER,1,21362,v0.2.0
stimulus-sortable,4.1.1,14,F,UNVERIFIED_PUBLISH_PATH|DORMANT|SINGLE_MAINTAINER|DEPRECATED,1,21352,v0.2.0
'@pmndrs/uikit,1.0.74,82,B,,8,21338,v0.2.0
vanilla-text-mask,5.1.1,28,F,UNVERIFIED_PUBLISH_PATH|DORMANT,3,21164,v0.2.0
ngstorage,0.3.11,19,F,UNVERIFIED_PUBLISH_PATH|DORMANT|SINGLE_MAINTAINER,1,21112,v0.2.0
'@iconify-json/fa7-solid,1.2.5,21,F,UNVERIFIED_PUBLISH_PATH|SINGLE_MAINTAINER,1,21105,v0.2.0
tdesign-icons-vue-next,0.4.6,20,F,UNVERIFIED_PUBLISH_PATH|SINGLE_MAINTAINER,1,21103,v0.2.0
vue-slick-carousel,1.0.6,19,F,UNVERIFIED_PUBLISH_PATH|DORMANT|SINGLE_MAINTAINER,1,21095,v0.2.0
bootstrap-timepicker,0.5.2,19,F,UNVERIFIED_PUBLISH_PATH|DORMANT|SINGLE_MAINTAINER,1,21093,v0.2.0
'@joyfill/components,4.0.0-rc24,35,D,UNVERIFIED_PUBLISH_PATH,3,21056,v0.2.0
hugerte,1.0.12,31,F,UNVERIFIED_PUBLISH_PATH|SINGLE_MAINTAINER,1,21039,v0.2.0
chartjs-plugin-dragdata,2.3.1,33,F,UNVERIFIED_PUBLISH_PATH|DORMANT,2,21037,v0.2.0
'@fontsource/noto-sans-thai,5.2.8,71,B,,2,21008,v0.2.0
react-base-table,2.1.0,34,F,UNVERIFIED_PUBLISH_PATH,2,20998,v0.2.0
angularjs-slider,7.1.0,19,F,UNVERIFIED_PUBLISH_PATH|DORMANT|SINGLE_MAINTAINER,1,20921,v0.2.0
'@fontsource/pt-sans,5.2.8,71,B,,2,20790,v0.2.0
'@shopify/app-bridge-utils,3.5.1,33,F,UNVERIFIED_PUBLISH_PATH|DORMANT|DEPRECATED,6,20774,v0.2.0
cobrowse-sdk-js,3.25.2,39,D,UNVERIFIED_PUBLISH_PATH,2,20738,v0.2.0
bootstrap4-duallistbox,4.0.2,19,F,UNVERIFIED_PUBLISH_PATH|DORMANT|SINGLE_MAINTAINER,1,20696,v0.2.0
grapesjs-parser-postcss,1.0.3,19,F,UNVERIFIED_PUBLISH_PATH|DORMANT|SINGLE_MAINTAINER,1,20675,v0.2.0
'@wix/headless-media,0.0.25,30,F,UNVERIFIED_PUBLISH_PATH,12,20664,v0.2.0
editorjs-drag-drop,1.1.16,39,D,UNVERIFIED_PUBLISH_PATH|DORMANT,2,20659,v0.2.0
shave,5.1.0,32,F,UNVERIFIED_PUBLISH_PATH|SINGLE_MAINTAINER,1,20589,v0.2.0
glider-js,1.7.10,25,F,UNVERIFIED_PUBLISH_PATH|SINGLE_MAINTAINER,1,20579,v0.2.0
basecoat-css,1.0.2,25,F,UNVERIFIED_PUBLISH_PATH|SINGLE_MAINTAINER,1,20576,v0.2.0
jquery-knob,1.2.11,19,F,UNVERIFIED_PUBLISH_PATH|DORMANT|SINGLE_MAINTAINER,1,20541,v0.2.0
'@fontsource/cairo,5.2.7,71,B,,2,20456,v0.2.0
'@fontsource-variable/mulish,5.2.8,71,B,,2,20446,v0.2.0
quill-table-better,1.2.3,25,F,UNVERIFIED_PUBLISH_PATH|SINGLE_MAINTAINER,1,20407,v0.2.0
poly-decomp,0.3.0,19,F,UNVERIFIED_PUBLISH_PATH|DORMANT|SINGLE_MAINTAINER,1,20368,v0.2.0
elasticlunr,0.9.5,19,F,UNVERIFIED_PUBLISH_PATH|DORMANT|SINGLE_MAINTAINER,1,20317,v0.2.0
webstomp-client,1.2.6,19,F,UNVERIFIED_PUBLISH_PATH|DORMANT|SINGLE_MAINTAINER,1,20314,v0.2.0
node-waves,0.7.6,19,F,UNVERIFIED_PUBLISH_PATH|DORMANT|SINGLE_MAINTAINER,1,20311,v0.2.0
jmuxer,2.1.1,39,D,UNVERIFIED_PUBLISH_PATH,2,20272,v0.2.0
'@videojs/themes,1.0.1,24,F,UNVERIFIED_PUBLISH_PATH|DORMANT,17,20233,v0.2.0
'@wix/sdk,1.21.13,30,F,UNVERIFIED_PUBLISH_PATH,12,20207,v0.2.0
money,0.2.0,14,F,UNVERIFIED_PUBLISH_PATH|DORMANT|SINGLE_MAINTAINER|PUBLISHER_NOT_MAINTAINER,1,20194,v0.2.0
'@alpinejs/anchor,3.15.12,63,C,INCONSISTENT_PUBLISH_PATH|SINGLE_MAINTAINER,1,20189,v0.2.0
'@mediapipe/hands,0.4.1675469240,24,F,UNVERIFIED_PUBLISH_PATH|DORMANT,8,20161,v0.2.0
detect-autofill,1.1.4,19,F,UNVERIFIED_PUBLISH_PATH|DORMANT|SINGLE_MAINTAINER,1,20133,v0.2.0
'@fontsource/titillium-web,5.2.8,71,B,,2,20077,v0.2.0
'@astral-sh/ruff-wasm-web,0.15.22,89,A,,3,20065,v0.2.0
'@itwin/core-frontend,5.11.3,47,D,UNVERIFIED_PUBLISH_PATH,5,20038,v0.2.0
jvectormap-next,3.2.0,25,F,UNVERIFIED_PUBLISH_PATH|SINGLE_MAINTAINER,1,20029,v0.2.0
'@iconify-json/circle-flags,1.2.10,21,F,UNVERIFIED_PUBLISH_PATH|SINGLE_MAINTAINER,1,20013,v0.2.0
'@flatfile/javascript,1.5.7,35,D,UNVERIFIED_PUBLISH_PATH,12,20002,v0.2.0
'@fontsource/be-vietnam-pro,5.2.8,71,B,,2,19950,v0.2.0
'@fullcalendar/icalendar,6.1.21,20,F,UNVERIFIED_PUBLISH_PATH|SINGLE_MAINTAINER,1,19940,v0.2.0
kuroshiro,1.2.0,19,F,UNVERIFIED_PUBLISH_PATH|DORMANT|SINGLE_MAINTAINER,1,19923,v0.2.0
purecss,3.0.0,33,F,UNVERIFIED_PUBLISH_PATH|DORMANT,3,19804,v0.2.0
gpu.js,2.16.0,19,F,UNVERIFIED_PUBLISH_PATH|DORMANT|SINGLE_MAINTAINER,1,19783,v0.2.0
quill-image-uploader,1.3.0,19,F,UNVERIFIED_PUBLISH_PATH|DORMANT|SINGLE_MAINTAINER,1,19686,v0.2.0
'@iconify-json/bx,1.2.3,21,F,UNVERIFIED_PUBLISH_PATH|SINGLE_MAINTAINER,1,19655,v0.2.0
videojs-contrib-hls,5.15.0,33,F,UNVERIFIED_PUBLISH_PATH|DORMANT,21,19615,v0.2.0
express-serve-static-core,0.1.1,10,F,UNVERIFIED_PUBLISH_PATH|DORMANT|SINGLE_MAINTAINER,1,19571,v0.2.0
kuroshiro-analyzer-kuromoji,1.1.0,19,F,UNVERIFIED_PUBLISH_PATH|DORMANT|SINGLE_MAINTAINER,1,19556,v0.2.0
epic-spinners,2.0.0,19,F,UNVERIFIED_PUBLISH_PATH|DORMANT|SINGLE_MAINTAINER,1,19550,v0.2.0
videojs-playlist,5.2.0,28,F,UNVERIFIED_PUBLISH_PATH|DORMANT|PUBLISHER_NOT_MAINTAINER,101,19546,v0.2.0
js-datepicker,5.18.4,20,F,UNVERIFIED_PUBLISH_PATH|SINGLE_MAINTAINER,1,19529,v0.2.0
'@37signals/lexxy,0.9.25,34,F,UNVERIFIED_PUBLISH_PATH,7,19494,v0.2.0
'@tensorflow-models/mobilenet,2.1.1,33,F,UNVERIFIED_PUBLISH_PATH|DORMANT,10,19443,v0.2.0
circle-flags,2.8.3,25,F,UNVERIFIED_PUBLISH_PATH|SINGLE_MAINTAINER,1,19438,v0.2.0
'@fontsource/onest,5.2.11,71,B,,2,19426,v0.2.0
dynamsoft-camera-enhancer,4.1.1,10,F,UNVERIFIED_PUBLISH_PATH|DORMANT|SINGLE_MAINTAINER|DEPRECATED,1,19412,v0.2.0
'@carbon/web-components,2.59.0,100,A,,7,19385,v0.2.0
'@iconify-json/heroicons-solid,1.2.1,15,F,UNVERIFIED_PUBLISH_PATH|DORMANT|SINGLE_MAINTAINER,1,19378,v0.2.0
rellax,1.12.1,19,F,UNVERIFIED_PUBLISH_PATH|DORMANT|SINGLE_MAINTAINER,1,19354,v0.2.0
'@hotwired/hotwire-native-bridge,1.2.2,39,D,UNVERIFIED_PUBLISH_PATH,6,19282,v0.2.0
flickity-imagesloaded,2.0.0,19,F,UNVERIFIED_PUBLISH_PATH|DORMANT|SINGLE_MAINTAINER,1,19255,v0.2.0
'@subframe/core,1.155.0,35,D,UNVERIFIED_PUBLISH_PATH,2,19224,v0.2.0
'@fontsource/press-start-2p,5.2.7,71,B,,2,19219,v0.2.0
'@easepick/datetime,1.2.1,19,F,UNVERIFIED_PUBLISH_PATH|DORMANT|SINGLE_MAINTAINER,1,19176,v0.2.0
shortcut-buttons-flatpickr,0.4.0,19,F,UNVERIFIED_PUBLISH_PATH|DORMANT|SINGLE_MAINTAINER,1,19135,v0.2.0
page-agent,1.12.2,73,B,SINGLE_MAINTAINER,1,19122,v0.2.0
'@yume-chan/adb,2.6.0,68,C,SINGLE_MAINTAINER,1,19116,v0.2.0
easyqrcodejs,4.6.2,25,F,UNVERIFIED_PUBLISH_PATH|SINGLE_MAINTAINER,1,19107,v0.2.0
marked-alert,2.1.2,19,F,UNVERIFIED_PUBLISH_PATH|DORMANT|SINGLE_MAINTAINER,1,19090,v0.2.0
'@openobserve/browser-rum,0.3.4,41,D,UNVERIFIED_PUBLISH_PATH,4,19029,v0.2.0
vue-async-computed,4.0.1,33,F,UNVERIFIED_PUBLISH_PATH|DORMANT,2,18972,v0.2.0
'@fontsource/noto-color-emoji,5.2.12,81,B,,2,18945,v0.2.0
leaflet.vectorgrid,1.3.0,33,F,UNVERIFIED_PUBLISH_PATH|DORMANT,3,18885,v0.2.0
placeholder-loading,0.7.0,19,F,UNVERIFIED_PUBLISH_PATH|DORMANT|SINGLE_MAINTAINER,1,18844,v0.2.0
echarts-liquidfill,3.1.0,33,F,UNVERIFIED_PUBLISH_PATH|DORMANT,2,18842,v0.2.0
webmidi,3.1.16,31,F,UNVERIFIED_PUBLISH_PATH|SINGLE_MAINTAINER,1,18830,v0.2.0
datatables.net-fixedcolumns-dt,5.0.5,25,F,UNVERIFIED_PUBLISH_PATH|SINGLE_MAINTAINER,1,18825,v0.2.0
videojs-mux,4.21.28,35,D,UNVERIFIED_PUBLISH_PATH,4,18810,v0.2.0
hint,7.1.13,40,D,UNVERIFIED_PUBLISH_PATH|DORMANT,5,18738,v0.2.0
jzz,1.9.6,25,F,UNVERIFIED_PUBLISH_PATH|SINGLE_MAINTAINER,1,18738,v0.2.0
klaro,0.7.21,19,F,UNVERIFIED_PUBLISH_PATH|DORMANT|SINGLE_MAINTAINER,1,18721,v0.2.0
'@fontsource-variable/noto-sans-kr,5.2.10,71,B,,2,18717,v0.2.0
particles.js,2.0.0,19,F,UNVERIFIED_PUBLISH_PATH|DORMANT|SINGLE_MAINTAINER,1,18695,v0.2.0
'@aurodesignsystem/design-tokens,9.1.0,46,D,UNVERIFIED_PUBLISH_PATH,8,18693,v0.2.0
powerbi-report-authoring,3.0.0,40,D,UNVERIFIED_PUBLISH_PATH,3,18681,v0.2.0
scanbot-web-sdk,9.0.0,21,F,UNVERIFIED_PUBLISH_PATH|SINGLE_MAINTAINER,1,18622,v0.2.0
webtorrent,3.0.16,87,A,,10,18610,v0.2.0
easy-pie-chart,2.1.7,19,F,UNVERIFIED_PUBLISH_PATH|DORMANT|SINGLE_MAINTAINER,1,18579,v0.2.0
jsprintmanager,9.0.1,20,F,UNVERIFIED_PUBLISH_PATH|SINGLE_MAINTAINER,1,18544,v0.2.0
'@observablehq/runtime,6.0.0,33,F,UNVERIFIED_PUBLISH_PATH|DORMANT,4,18539,v0.2.0
vanilla-autokana,1.3.0,10,F,UNVERIFIED_PUBLISH_PATH|DORMANT|SINGLE_MAINTAINER,1,18536,v0.2.0
emojione,4.5.0,14,F,UNVERIFIED_PUBLISH_PATH|DORMANT|SINGLE_MAINTAINER|PUBLISHER_NOT_MAINTAINER,1,18509,v0.2.0
'@iframe-resizer/jquery,5.5.9,31,F,UNVERIFIED_PUBLISH_PATH|SINGLE_MAINTAINER,1,18466,v0.2.0
disable-devtool,0.3.9,25,F,UNVERIFIED_PUBLISH_PATH|SINGLE_MAINTAINER,1,18444,v0.2.0
tooltipster,4.2.8,9,F,UNVERIFIED_PUBLISH_PATH|DORMANT|SINGLE_MAINTAINER|PUBLISHER_NOT_MAINTAINER,1,18443,v0.2.0
'@fontsource/noto-serif,5.2.9,71,B,,2,18384,v0.2.0
'@fullcalendar/google-calendar,6.1.21,20,F,UNVERIFIED_PUBLISH_PATH|SINGLE_MAINTAINER,1,18275,v0.2.0
browser-interaction-time,3.0.0,14,F,UNVERIFIED_PUBLISH_PATH|DORMANT|SINGLE_MAINTAINER|PUBLISHER_NOT_MAINTAINER|DEPRECATED,1,18274,v0.2.0
fullcalendar-scheduler,6.1.21,20,F,UNVERIFIED_PUBLISH_PATH|SINGLE_MAINTAINER,1,18257,v0.2.0
'@wix/auto_sdk_identity_verification,1.0.45,30,F,UNVERIFIED_PUBLISH_PATH,12,18253,v0.2.0
jquery-colorbox,1.6.4,19,F,UNVERIFIED_PUBLISH_PATH|DORMANT|SINGLE_MAINTAINER,1,18253,v0.2.0
reframe.js,4.0.2,32,F,UNVERIFIED_PUBLISH_PATH|DORMANT|SINGLE_MAINTAINER,1,18230,v0.2.0
alertifyjs,1.14.0,19,F,UNVERIFIED_PUBLISH_PATH|DORMANT|SINGLE_MAINTAINER,1,18217,v0.2.0
wangeditor,4.7.15,19,F,UNVERIFIED_PUBLISH_PATH|DORMANT|SINGLE_MAINTAINER,1,18198,v0.2.0
'@finos/perspective,3.8.0,40,D,UNVERIFIED_PUBLISH_PATH,4,18180,v0.2.0
'@tensorflow-models/pose-detection,2.1.3,33,F,UNVERIFIED_PUBLISH_PATH|DORMANT,8,18173,v0.2.0
'@fontsource/lexend,5.2.11,71,B,,2,18172,v0.2.0
jquery-mockjax,3.0.1,25,F,UNVERIFIED_PUBLISH_PATH|SINGLE_MAINTAINER,1,18134,v0.2.0
'@dimforge/rapier2d-compat,0.19.3,25,F,UNVERIFIED_PUBLISH_PATH|SINGLE_MAINTAINER,1,18087,v0.2.0
vue-bootstrap-datetimepicker,5.0.1,19,F,UNVERIFIED_PUBLISH_PATH|DORMANT|SINGLE_MAINTAINER,1,18076,v0.2.0
open-props,1.7.23,25,F,UNVERIFIED_PUBLISH_PATH|SINGLE_MAINTAINER,1,18059,v0.2.0
moment-precise-range-plugin,1.3.0,19,F,UNVERIFIED_PUBLISH_PATH|DORMANT|SINGLE_MAINTAINER,1,18042,v0.2.0
jquery-countdown,2.2.0,33,F,UNVERIFIED_PUBLISH_PATH|DORMANT,2,18021,v0.2.0
inner-image-zoom,1.0.1,25,F,UNVERIFIED_PUBLISH_PATH|SINGLE_MAINTAINER,1,18015,v0.2.0
jquery.fancytree,2.38.5,32,F,UNVERIFIED_PUBLISH_PATH|SINGLE_MAINTAINER,1,17934,v0.2.0
'@fontsource/rajdhani,5.2.7,71,B,,2,17868,v0.2.0
'@fontsource/fredoka,5.2.10,71,B,,2,17867,v0.2.0
typeit,8.8.7,19,F,UNVERIFIED_PUBLISH_PATH|DORMANT|SINGLE_MAINTAINER,1,17867,v0.2.0
'@deno/kv,0.14.0,76,B,,4,17865,v0.2.0
'@enzedonline/quill-blot-formatter2,3.2.0,25,F,UNVERIFIED_PUBLISH_PATH|SINGLE_MAINTAINER,1,17864,v0.2.0
cometd,9.0.1,25,F,UNVERIFIED_PUBLISH_PATH|SINGLE_MAINTAINER,1,17860,v0.2.0
dynamsoft-javascript-barcode,9.6.42,28,F,UNVERIFIED_PUBLISH_PATH|DORMANT|DEPRECATED,5,17840,v0.2.0
mediaelement,7.1.0,39,D,UNVERIFIED_PUBLISH_PATH,4,17834,v0.2.0
'@iconify-json/fa7-brands,1.2.4,21,F,UNVERIFIED_PUBLISH_PATH|SINGLE_MAINTAINER,1,17825,v0.2.0
scrollama,3.2.0,14,F,UNVERIFIED_PUBLISH_PATH|DORMANT|SINGLE_MAINTAINER|PUBLISHER_NOT_MAINTAINER,1,17800,v0.2.0
latlon-geohash,2.0.0,14,F,UNVERIFIED_PUBLISH_PATH|DORMANT|SINGLE_MAINTAINER,1,17776,v0.2.0
'@iconify-json/heroicons-outline,1.2.1,15,F,UNVERIFIED_PUBLISH_PATH|DORMANT|SINGLE_MAINTAINER,1,17733,v0.2.0
drawflow,0.0.60,19,F,UNVERIFIED_PUBLISH_PATH|DORMANT|SINGLE_MAINTAINER,1,17682,v0.2.0
iztro,2.5.8,26,F,UNVERIFIED_PUBLISH_PATH|SINGLE_MAINTAINER,1,17673,v0.2.0
'@wix/auto_sdk_identity_recovery,1.0.43,30,F,UNVERIFIED_PUBLISH_PATH,12,17632,v0.2.0
offline-js,0.7.19,33,F,UNVERIFIED_PUBLISH_PATH|DORMANT,10,17624,v0.2.0
'@userlike/messenger,2.0.3,71,B,,4,17616,v0.2.0
'@easepick/core,1.2.1,19,F,UNVERIFIED_PUBLISH_PATH|DORMANT|SINGLE_MAINTAINER,1,17612,v0.2.0
artplayer,5.4.0,25,F,UNVERIFIED_PUBLISH_PATH|SINGLE_MAINTAINER,1,17590,v0.2.0
'@easepick/base-plugin,1.2.1,19,F,UNVERIFIED_PUBLISH_PATH|DORMANT|SINGLE_MAINTAINER,1,17548,v0.2.0
jquery-match-height,0.7.2,19,F,UNVERIFIED_PUBLISH_PATH|DORMANT|SINGLE_MAINTAINER,1,17508,v0.2.0
'@vonage/client-sdk,2.6.0,35,D,UNVERIFIED_PUBLISH_PATH,69,17486,v0.2.0
drag-drop-touch,1.3.1,10,F,UNVERIFIED_PUBLISH_PATH|DORMANT|SINGLE_MAINTAINER|PUBLISHER_NOT_MAINTAINER,1,17485,v0.2.0
'@flaticon/flaticon-uicons,3.3.1,19,F,UNVERIFIED_PUBLISH_PATH|DORMANT|SINGLE_MAINTAINER|BRANCH_REQUIRES_PR,1,17444,v0.2.0
react-flagpack,2.0.6,28,F,UNVERIFIED_PUBLISH_PATH|DORMANT|PUBLISHER_NOT_MAINTAINER,4,17428,v0.2.0
jasny-bootstrap,4.0.0,19,F,UNVERIFIED_PUBLISH_PATH|DORMANT|SINGLE_MAINTAINER,1,17370,v0.2.0
babylonjs,9.17.0,25,F,UNVERIFIED_PUBLISH_PATH|SINGLE_MAINTAINER,1,17358,v0.2.0
argon2-browser,1.18.0,19,F,UNVERIFIED_PUBLISH_PATH|DORMANT|SINGLE_MAINTAINER,1,17336,v0.2.0
'@easepick/range-plugin,1.2.1,19,F,UNVERIFIED_PUBLISH_PATH|DORMANT|SINGLE_MAINTAINER,1,17332,v0.2.0
'@fontsource-variable/eb-garamond,5.2.7,71,B,,2,17316,v0.2.0
adhan,4.4.4,87,A,,2,17256,v0.2.0
'@clr/icons,13.0.2,23,F,UNVERIFIED_PUBLISH_PATH|DORMANT|PUBLISHER_NOT_MAINTAINER,4,17193,v0.2.0
diffusion,6.12.2,21,F,UNVERIFIED_PUBLISH_PATH|SINGLE_MAINTAINER,1,17193,v0.2.0
filepond-plugin-image-validate-size,1.2.7,19,F,UNVERIFIED_PUBLISH_PATH|DORMANT|SINGLE_MAINTAINER,1,17160,v0.2.0
'@finos/perspective-viewer,3.8.0,40,D,UNVERIFIED_PUBLISH_PATH,4,17105,v0.2.0
uuidjs,5.1.0,19,F,UNVERIFIED_PUBLISH_PATH|DORMANT|SINGLE_MAINTAINER,1,17095,v0.2.0
'@observablehq/inspector,5.0.1,33,F,UNVERIFIED_PUBLISH_PATH|DORMANT,4,17092,v0.2.0
zipson,0.2.12,19,F,UNVERIFIED_PUBLISH_PATH|DORMANT|SINGLE_MAINTAINER,1,17075,v0.2.0
pixi-live2d-display,0.4.0,14,F,UNVERIFIED_PUBLISH_PATH|DORMANT|SINGLE_MAINTAINER,1,17074,v0.2.0
jquery.maskedinput,1.4.1,14,F,UNVERIFIED_PUBLISH_PATH|DORMANT|SINGLE_MAINTAINER|PUBLISHER_NOT_MAINTAINER,1,17058,v0.2.0
'@adobe/lit-mobx,2.2.2,33,F,UNVERIFIED_PUBLISH_PATH|DORMANT,31,17056,v0.2.0
three-gpu-pathtracer,0.0.24,25,F,UNVERIFIED_PUBLISH_PATH|SINGLE_MAINTAINER,1,16995,v0.2.0
theoplayer,11.7.0,30,F,UNVERIFIED_PUBLISH_PATH|PUBLISHER_NOT_MAINTAINER,2,16982,v0.2.0
featurebase-js,1.0.3,39,D,UNVERIFIED_PUBLISH_PATH,2,16963,v0.2.0
qrcodejs2,0.0.2,14,F,UNVERIFIED_PUBLISH_PATH|DORMANT|SINGLE_MAINTAINER|PUBLISHER_NOT_MAINTAINER,1,16953,v0.2.0
phpunserialize,1.3.0,19,F,UNVERIFIED_PUBLISH_PATH|DORMANT|SINGLE_MAINTAINER,1,16951,v0.2.0
block-ui,2.70.1,19,F,UNVERIFIED_PUBLISH_PATH|DORMANT|SINGLE_MAINTAINER,1,16842,v0.2.0
pinch-zoom-js,2.3.5,19,F,UNVERIFIED_PUBLISH_PATH|DORMANT|SINGLE_MAINTAINER,1,16827,v0.2.0
gmaps,0.4.25,33,F,UNVERIFIED_PUBLISH_PATH|DORMANT,2,16819,v0.2.0
observe-element-in-viewport,0.0.15,19,F,UNVERIFIED_PUBLISH_PATH|DORMANT|SINGLE_MAINTAINER,1,16799,v0.2.0
izitoast,1.4.0,19,F,UNVERIFIED_PUBLISH_PATH|DORMANT|SINGLE_MAINTAINER,1,16793,v0.2.0
cal-heatmap,4.2.4,19,F,UNVERIFIED_PUBLISH_PATH|DORMANT|SINGLE_MAINTAINER,1,16754,v0.2.0
lemonadejs,5.3.6,25,F,UNVERIFIED_PUBLISH_PATH|SINGLE_MAINTAINER,1,16728,v0.2.0
vue-autosuggest,2.2.0,19,F,UNVERIFIED_PUBLISH_PATH|DORMANT|SINGLE_MAINTAINER,1,16715,v0.2.0
sticky-js,1.3.0,19,F,UNVERIFIED_PUBLISH_PATH|DORMANT|SINGLE_MAINTAINER,1,16697,v0.2.0
framework7,9.1.1,25,F,UNVERIFIED_PUBLISH_PATH|SINGLE_MAINTAINER,1,16676,v0.2.0
cryptocurrency-icons,0.18.1,33,F,UNVERIFIED_PUBLISH_PATH|DORMANT,3,16654,v0.2.0
vue-good-table,2.21.11,19,F,UNVERIFIED_PUBLISH_PATH|DORMANT|SINGLE_MAINTAINER,1,16648,v0.2.0
videojs-flash,2.2.1,33,F,UNVERIFIED_PUBLISH_PATH|DORMANT,4,16647,v0.2.0
'@fontsource-variable/syne,5.2.7,71,B,,2,16645,v0.2.0
'@iconify-json/iconoir,1.2.11,21,F,UNVERIFIED_PUBLISH_PATH|SINGLE_MAINTAINER,1,16636,v0.2.0
'@observablehq/inputs,0.12.0,33,F,UNVERIFIED_PUBLISH_PATH|DORMANT,4,16616,v0.2.0
shufflejs,7.0.0,25,F,UNVERIFIED_PUBLISH_PATH|SINGLE_MAINTAINER,1,16606,v0.2.0
'@fontsource/pt-serif,5.2.8,71,B,,2,16565,v0.2.0
grapesjs-plugin-export,1.0.12,19,F,UNVERIFIED_PUBLISH_PATH|DORMANT|SINGLE_MAINTAINER,1,16539,v0.2.0
jqueryui,1.11.1,19,F,UNVERIFIED_PUBLISH_PATH|DORMANT|SINGLE_MAINTAINER,1,16530,v0.2.0
fslightbox,3.7.5,25,F,UNVERIFIED_PUBLISH_PATH|SINGLE_MAINTAINER,1,16498,v0.2.0
extenso,2.1.0,19,F,UNVERIFIED_PUBLISH_PATH|DORMANT|SINGLE_MAINTAINER,1,16410,v0.2.0
vue2-perfect-scrollbar,1.5.56,19,F,UNVERIFIED_PUBLISH_PATH|DORMANT|SINGLE_MAINTAINER,1,16403,v0.2.0
'@editorjs/attaches,1.3.2,20,F,UNVERIFIED_PUBLISH_PATH|SINGLE_MAINTAINER,1,16396,v0.2.0
'@fontsource-variable/noto-sans-thai,5.2.8,71,B,,2,16386,v0.2.0
linkify-element,4.3.3,79,B,SINGLE_MAINTAINER,1,16302,v0.2.0
'@loaders.gl/i3s,4.4.3,39,D,UNVERIFIED_PUBLISH_PATH,8,16275,v0.2.0
'@pisell/private-materials,6.12.70,30,F,UNVERIFIED_PUBLISH_PATH,8,16268,v0.2.0
jquery-contextmenu,2.10.1,39,D,UNVERIFIED_PUBLISH_PATH,2,16258,v0.2.0
tdesign-react,1.18.1,65,C,INCONSISTENT_PUBLISH_PATH|SINGLE_MAINTAINER,1,16250,v0.2.0
pixi-spine,4.0.6,39,D,UNVERIFIED_PUBLISH_PATH,2,16245,v0.2.0
flexboxgrid2,7.2.1,19,F,UNVERIFIED_PUBLISH_PATH|DORMANT|SINGLE_MAINTAINER,1,16143,v0.2.0
'@segment/analytics-signals,2.4.4,30,F,UNVERIFIED_PUBLISH_PATH|PUBLISHER_NOT_MAINTAINER,3,16076,v0.2.0
vue-pagination-2,3.1.0,19,F,UNVERIFIED_PUBLISH_PATH|DORMANT|SINGLE_MAINTAINER,1,16066,v0.2.0
angular-strap,2.3.12,33,F,UNVERIFIED_PUBLISH_PATH|DORMANT,2,16058,v0.2.0
chartjs-plugin-labels,1.1.0,19,F,UNVERIFIED_PUBLISH_PATH|DORMANT|SINGLE_MAINTAINER,1,16056,v0.2.0
sass.js,0.11.1,19,F,UNVERIFIED_PUBLISH_PATH|DORMANT|SINGLE_MAINTAINER,1,16053,v0.2.0
'@coreui/icons-pro,3.1.0,25,F,UNVERIFIED_PUBLISH_PATH|SINGLE_MAINTAINER,1,16009,v0.2.0
'@tsparticles/preset-confetti,4.3.2,69,C,INCONSISTENT_PUBLISH_PATH|SINGLE_MAINTAINER,1,15981,v0.2.0
'@fontsource-variable/noto-sans-mono,5.2.10,71,B,,2,15980,v0.2.0
quill-image-compress,2.0.3,19,F,UNVERIFIED_PUBLISH_PATH|DORMANT|SINGLE_MAINTAINER,1,15952,v0.2.0
sendbird,3.1.33,19,F,UNVERIFIED_PUBLISH_PATH|DORMANT|SINGLE_MAINTAINER,1,15875,v0.2.0
'@easepick/lock-plugin,1.2.1,19,F,UNVERIFIED_PUBLISH_PATH|DORMANT|SINGLE_MAINTAINER,1,15870,v0.2.0
'@videojs/html,10.0.0-beta.25,82,B,BRANCH_REQUIRES_PR,22,15869,v0.2.0
prism-code-editor,5.2.0,25,F,UNVERIFIED_PUBLISH_PATH|SINGLE_MAINTAINER,1,15866,v0.2.0
'@ryangjchandler/alpine-tooltip,2.0.1,19,F,UNVERIFIED_PUBLISH_PATH|DORMANT|SINGLE_MAINTAINER,1,15858,v0.2.0
'@fontsource-variable/merriweather,5.2.6,71,B,,2,15789,v0.2.0
'@alpinejs/morph,3.15.12,63,C,INCONSISTENT_PUBLISH_PATH|SINGLE_MAINTAINER,1,15764,v0.2.0
'@easepick/preset-plugin,1.2.1,19,F,UNVERIFIED_PUBLISH_PATH|DORMANT|SINGLE_MAINTAINER,1,15707,v0.2.0
'@iconify-json/radix-icons,1.2.6,21,F,UNVERIFIED_PUBLISH_PATH|SINGLE_MAINTAINER,1,15676,v0.2.0
vue2-filters,0.14.0,19,F,UNVERIFIED_PUBLISH_PATH|DORMANT|SINGLE_MAINTAINER,1,15624,v0.2.0
'@ip-location-db/geolite2-geo-whois-asn-country,2.3.2026061719,58,C,INCONSISTENT_PUBLISH_PATH|SINGLE_MAINTAINER,1,15603,v0.2.0
'@fontsource-variable/quicksand,5.2.10,71,B,,2,15539,v0.2.0
'@iconify-json/line-md,1.2.16,21,F,UNVERIFIED_PUBLISH_PATH|SINGLE_MAINTAINER,1,15472,v0.2.0
'@fontsource-variable/noto-sans-tc,5.2.10,71,B,,2,15406,v0.2.0
'@fontsource/heebo,5.2.8,71,B,,2,15403,v0.2.0
graphlib-dot,0.6.4,33,F,UNVERIFIED_PUBLISH_PATH|DORMANT,2,15345,v0.2.0
'@esotericsoftware/spine-player,4.3.10,77,B,INCONSISTENT_PUBLISH_PATH,3,15344,v0.2.0
carbon-web-components,1.21.0,40,D,UNVERIFIED_PUBLISH_PATH|DORMANT|DEPRECATED,5,15341,v0.2.0
'@wix/services-definitions,1.0.5,30,F,UNVERIFIED_PUBLISH_PATH,12,15338,v0.2.0
onmount,2.0.0,20,F,UNVERIFIED_PUBLISH_PATH|SINGLE_MAINTAINER,1,15324,v0.2.0
'@algolia/autocomplete-plugin-redirect-url,1.19.9,29,F,UNVERIFIED_PUBLISH_PATH|PUBLISHER_NOT_MAINTAINER,14,15305,v0.2.0
wix-style-react,10.173.4,30,F,UNVERIFIED_PUBLISH_PATH,6,15294,v0.2.0
react-native-ui-lib,9.1.0,39,D,UNVERIFIED_PUBLISH_PATH,6,15289,v0.2.0
moment-timezone-all,0.5.5,19,F,UNVERIFIED_PUBLISH_PATH|DORMANT|SINGLE_MAINTAINER,1,15272,v0.2.0
jarallax,3.0.1,73,B,SINGLE_MAINTAINER,1,15236,v0.2.0
'@fontsource-variable/noto-serif,5.2.9,71,B,,2,15233,v0.2.0
bootstrap-maxlength,2.0.0,19,F,UNVERIFIED_PUBLISH_PATH|DORMANT|SINGLE_MAINTAINER,1,15210,v0.2.0
'@embedpdf/default-stamps,0.0.1,26,F,UNVERIFIED_PUBLISH_PATH|SINGLE_MAINTAINER,1,15148,v0.2.0
vue-phone-number-input,1.12.13,19,F,UNVERIFIED_PUBLISH_PATH|DORMANT|SINGLE_MAINTAINER,1,15138,v0.2.0
botframework-webchat,4.19.1,41,D,UNVERIFIED_PUBLISH_PATH,7,15069,v0.2.0
'@easepick/amp-plugin,1.2.1,19,F,UNVERIFIED_PUBLISH_PATH|DORMANT|SINGLE_MAINTAINER,1,15036,v0.2.0
'@iconify-json/material-symbols-light,1.2.85,21,F,UNVERIFIED_PUBLISH_PATH|SINGLE_MAINTAINER,1,15034,v0.2.0
angular-recaptcha,4.2.0,33,F,UNVERIFIED_PUBLISH_PATH|DORMANT,2,14994,v0.2.0
'@n8n/chat,1.29.1,95,A,BRANCH_REQUIRES_PR,5,14977,v0.2.0
vue-form-wizard,0.8.4,19,F,UNVERIFIED_PUBLISH_PATH|DORMANT|SINGLE_MAINTAINER,1,14973,v0.2.0
stimulsoft-reports-js,2026.3.1,25,F,UNVERIFIED_PUBLISH_PATH|SINGLE_MAINTAINER,1,14938,v0.2.0
bootstrap-css-only,4.4.1,19,F,UNVERIFIED_PUBLISH_PATH|DORMANT|SINGLE_MAINTAINER,1,14935,v0.2.0
'@siemens/ix,5.1.0,78,B,INCONSISTENT_PUBLISH_PATH,3,14928,v0.2.0
file-icon-vectors,1.0.0,19,F,UNVERIFIED_PUBLISH_PATH|DORMANT|SINGLE_MAINTAINER,1,14912,v0.2.0
accessibility-checker-engine,4.0.29,63,C,INCONSISTENT_PUBLISH_PATH|SINGLE_MAINTAINER,1,14868,v0.2.0
vue-video-player,6.0.0,19,F,UNVERIFIED_PUBLISH_PATH|DORMANT|SINGLE_MAINTAINER,1,14849,v0.2.0
js-polyfills,0.1.43,19,F,UNVERIFIED_PUBLISH_PATH|DORMANT|SINGLE_MAINTAINER|DEPRECATED,1,14828,v0.2.0
'@fontsource/chakra-petch,5.2.7,71,B,,2,14802,v0.2.0
textangular,1.5.16,33,F,UNVERIFIED_PUBLISH_PATH|DORMANT,4,14801,v0.2.0
world-flags-sprite,0.0.2,19,F,UNVERIFIED_PUBLISH_PATH|DORMANT|SINGLE_MAINTAINER,1,14796,v0.2.0
igv,3.8.4,25,F,UNVERIFIED_PUBLISH_PATH|SINGLE_MAINTAINER,1,14760,v0.2.0
jvectormap,2.0.4,15,F,UNVERIFIED_PUBLISH_PATH|DORMANT|SINGLE_MAINTAINER|DEPRECATED,1,14760,v0.2.0
'@fontsource-variable/raleway,5.2.8,71,B,,2,14753,v0.2.0
'@tailwindcss/ui,0.7.2,24,F,UNVERIFIED_PUBLISH_PATH|DORMANT,3,14720,v0.2.0
'@fontsource/tajawal,5.2.7,71,B,,2,14708,v0.2.0
'@fontsource/josefin-sans,5.2.8,71,B,,2,14698,v0.2.0
svgxuse,1.2.6,19,F,UNVERIFIED_PUBLISH_PATH|DORMANT|SINGLE_MAINTAINER,1,14686,v0.2.0
'@easepick/kbd-plugin,1.2.1,19,F,UNVERIFIED_PUBLISH_PATH|DORMANT|SINGLE_MAINTAINER,1,14663,v0.2.0
'@contentauth/c2pa-web,0.12.3,72,B,INCONSISTENT_PUBLISH_PATH|BRANCH_REQUIRES_PR,5,14657,v0.2.0
vue-cleave-component,3.0.2,19,F,UNVERIFIED_PUBLISH_PATH|DORMANT|SINGLE_MAINTAINER,1,14648,v0.2.0
chartjs-chart-error-bars,4.4.5,25,F,UNVERIFIED_PUBLISH_PATH|SINGLE_MAINTAINER,1,14626,v0.2.0
html5shiv,3.7.3,19,F,UNVERIFIED_PUBLISH_PATH|DORMANT|SINGLE_MAINTAINER,1,14589,v0.2.0
typesense-docsearch-css,0.4.1,35,D,UNVERIFIED_PUBLISH_PATH|DORMANT,4,14546,v0.2.0
drift-zoom,1.5.1,40,D,UNVERIFIED_PUBLISH_PATH|DORMANT,10,14531,v0.2.0
wc-datepicker,0.13.0,25,F,UNVERIFIED_PUBLISH_PATH|SINGLE_MAINTAINER,1,14518,v0.2.0
opus-media-recorder,0.8.0,19,F,UNVERIFIED_PUBLISH_PATH|DORMANT|SINGLE_MAINTAINER,1,14512,v0.2.0
svelecte,5.3.0,25,F,UNVERIFIED_PUBLISH_PATH|SINGLE_MAINTAINER,1,14509,v0.2.0
'@alifd/next,1.27.34,39,D,UNVERIFIED_PUBLISH_PATH,8,14492,v0.2.0
'@iconify-json/ion,1.2.7,21,F,UNVERIFIED_PUBLISH_PATH|SINGLE_MAINTAINER,1,14491,v0.2.0
'@wllama/wllama,3.5.1,25,F,UNVERIFIED_PUBLISH_PATH|SINGLE_MAINTAINER,1,14491,v0.2.0
'@expo-google-fonts/rubik,0.4.2,39,D,UNVERIFIED_PUBLISH_PATH,4,14485,v0.2.0
'@easepick/bundle,1.2.1,19,F,UNVERIFIED_PUBLISH_PATH|DORMANT|SINGLE_MAINTAINER,1,14464,v0.2.0
print-this,2.0.0,33,F,UNVERIFIED_PUBLISH_PATH|DORMANT,2,14450,v0.2.0
'@wix/auto_sdk_members_members,1.0.128,30,F,UNVERIFIED_PUBLISH_PATH,12,14429,v0.2.0
restangular,1.6.1,33,F,UNVERIFIED_PUBLISH_PATH|DORMANT,3,14410,v0.2.0
'@visactor/vtable,1.26.5,77,B,INCONSISTENT_PUBLISH_PATH,16,14401,v0.2.0
pixelarticons,2.2.0,25,F,UNVERIFIED_PUBLISH_PATH|SINGLE_MAINTAINER,1,14399,v0.2.0
'@drupal/once,1.0.1,24,F,UNVERIFIED_PUBLISH_PATH|DORMANT,2,14390,v0.2.0
prebid.js,11.24.0,39,D,UNVERIFIED_PUBLISH_PATH,2,14373,v0.2.0
'@wix/headless-ecom,0.0.45,30,F,UNVERIFIED_PUBLISH_PATH,12,14350,v0.2.0
'@ryangjchandler/alpine-clipboard,2.3.0,19,F,UNVERIFIED_PUBLISH_PATH|DORMANT|SINGLE_MAINTAINER,1,14333,v0.2.0
parallax-js,3.1.0,33,F,UNVERIFIED_PUBLISH_PATH|DORMANT,2,14328,v0.2.0
'@logicflow/core,2.2.4,34,F,UNVERIFIED_PUBLISH_PATH,8,14320,v0.2.0
'@elastic/apm-rum-vue,2.1.15,87,A,,3,14319,v0.2.0
quill-resize-module,2.1.3,25,F,UNVERIFIED_PUBLISH_PATH|SINGLE_MAINTAINER,1,14305,v0.2.0
'@fontsource/syne,5.2.7,71,B,,2,14304,v0.2.0
countdown,2.6.0,19,F,UNVERIFIED_PUBLISH_PATH|DORMANT|SINGLE_MAINTAINER,1,14288,v0.2.0
'@wix/auto_sdk_ecom_checkout,1.0.162,30,F,UNVERIFIED_PUBLISH_PATH,12,14267,v0.2.0
jspreadsheet,12.8.7,21,F,UNVERIFIED_PUBLISH_PATH|SINGLE_MAINTAINER,1,14241,v0.2.0
'@justinribeiro/lite-youtube,1.9.0,25,F,UNVERIFIED_PUBLISH_PATH|SINGLE_MAINTAINER,1,14221,v0.2.0
dromo-uploader-js,2.13.0,35,D,UNVERIFIED_PUBLISH_PATH,2,14208,v0.2.0
'@wix/auto_sdk_members_user-member,1.0.53,30,F,UNVERIFIED_PUBLISH_PATH,12,14206,v0.2.0
clabe-validator,3.2.2,25,F,UNVERIFIED_PUBLISH_PATH|SINGLE_MAINTAINER,1,14164,v0.2.0
'@wix/auto_sdk_members_custom-fields,1.0.55,30,F,UNVERIFIED_PUBLISH_PATH,12,14154,v0.2.0
'@wix/auto_sdk_members_member-privacy-settings,1.0.56,30,F,UNVERIFIED_PUBLISH_PATH,12,14150,v0.2.0
'@siemens/ix-icons,3.4.0,78,B,INCONSISTENT_PUBLISH_PATH,3,14147,v0.2.0
easy-autocomplete,1.3.5,19,F,UNVERIFIED_PUBLISH_PATH|DORMANT|SINGLE_MAINTAINER,1,14146,v0.2.0
svgaplayerweb,2.3.2,33,F,UNVERIFIED_PUBLISH_PATH|DORMANT,2,14131,v0.2.0
'@fontsource/pacifico,5.2.7,71,B,,2,14123,v0.2.0
typograf,7.7.0,25,F,UNVERIFIED_PUBLISH_PATH|SINGLE_MAINTAINER,1,14094,v0.2.0
'@scandit/web-datacapture-core,8.5.0,35,D,UNVERIFIED_PUBLISH_PATH,5,14047,v0.2.0
countly-sdk-web,26.1.3,45,D,UNVERIFIED_PUBLISH_PATH,3,14034,v0.2.0
just-validate,4.3.0,19,F,UNVERIFIED_PUBLISH_PATH|DORMANT|SINGLE_MAINTAINER,1,14034,v0.2.0
vue-ctk-date-time-picker,2.6.1,39,D,UNVERIFIED_PUBLISH_PATH,4,14029,v0.2.0
'@wix/auto_sdk_members_custom-field-suggestions,1.0.39,30,F,UNVERIFIED_PUBLISH_PATH,12,14008,v0.2.0
'@wix/auto_sdk_members_member-role-definition,1.0.45,30,F,UNVERIFIED_PUBLISH_PATH,12,14003,v0.2.0
'@wix/auto_sdk_members_authentication,1.0.44,30,F,UNVERIFIED_PUBLISH_PATH,12,13993,v0.2.0
'@wix/auto_sdk_members_badges,1.0.52,30,F,UNVERIFIED_PUBLISH_PATH,12,13992,v0.2.0
'@wix/auto_sdk_members_member-report,1.0.48,30,F,UNVERIFIED_PUBLISH_PATH,12,13991,v0.2.0
'@wix/auto_sdk_members_members-about,1.0.71,30,F,UNVERIFIED_PUBLISH_PATH,12,13991,v0.2.0
'@wix/auto_sdk_members_authorization,1.0.35,30,F,UNVERIFIED_PUBLISH_PATH,12,13982,v0.2.0
'@wix/auto_sdk_members_custom-field-applications,1.0.40,30,F,UNVERIFIED_PUBLISH_PATH,12,13973,v0.2.0
clipboard-js,0.3.6,14,F,UNVERIFIED_PUBLISH_PATH|DORMANT|SINGLE_MAINTAINER|DEPRECATED,1,13970,v0.2.0
'@wix/auto_sdk_members_member-to-member-block,1.0.34,30,F,UNVERIFIED_PUBLISH_PATH,12,13947,v0.2.0
'@wix/auto_sdk_members_default-privacy,1.0.33,30,F,UNVERIFIED_PUBLISH_PATH,12,13921,v0.2.0
'@wix/auto_sdk_members_badge-assignments,1.0.29,30,F,UNVERIFIED_PUBLISH_PATH,12,13918,v0.2.0
'@wix/auto_sdk_members_member-followers,1.0.43,30,F,UNVERIFIED_PUBLISH_PATH,12,13915,v0.2.0
video-worker,3.0.1,73,B,SINGLE_MAINTAINER,1,13911,v0.2.0
'@wix/auto_sdk_members_badges-v-2,1.0.36,30,F,UNVERIFIED_PUBLISH_PATH,12,13904,v0.2.0
'@wix/ricos,11.6.3,30,F,UNVERIFIED_PUBLISH_PATH,12,13896,v0.2.0
'@wix/essentials,1.0.11,30,F,UNVERIFIED_PUBLISH_PATH,12,13887,v0.2.0
ie-array-find-polyfill,1.1.0,19,F,UNVERIFIED_PUBLISH_PATH|DORMANT|SINGLE_MAINTAINER,1,13869,v0.2.0
spin,0.0.1,9,F,UNVERIFIED_PUBLISH_PATH|DORMANT|SINGLE_MAINTAINER,1,13847,v0.2.0
dygraphs,2.2.1,33,F,UNVERIFIED_PUBLISH_PATH|DORMANT,5,13832,v0.2.0
esri-leaflet-vector,4.3.2,39,D,UNVERIFIED_PUBLISH_PATH,5,13831,v0.2.0
navigo,8.11.1,19,F,UNVERIFIED_PUBLISH_PATH|DORMANT|SINGLE_MAINTAINER,1,13818,v0.2.0
locomotive-scroll,5.0.1,39,D,UNVERIFIED_PUBLISH_PATH,3,13791,v0.2.0
vue-custom-element,3.3.0,19,F,UNVERIFIED_PUBLISH_PATH|DORMANT|SINGLE_MAINTAINER,1,13777,v0.2.0
clamp-js,0.7.0,19,F,UNVERIFIED_PUBLISH_PATH|DORMANT|SINGLE_MAINTAINER,1,13763,v0.2.0
jquery-timepicker,1.3.3,19,F,UNVERIFIED_PUBLISH_PATH|DORMANT|SINGLE_MAINTAINER,1,13730,v0.2.0
'@lemonadejs/modal,5.8.3,21,F,UNVERIFIED_PUBLISH_PATH|SINGLE_MAINTAINER,1,13710,v0.2.0
'@fawazahmed0/currency-api,2026.7.18,63,C,SINGLE_MAINTAINER,1,13691,v0.2.0
scroll-hint,1.2.9,15,F,UNVERIFIED_PUBLISH_PATH|DORMANT|SINGLE_MAINTAINER,1,13670,v0.2.0
photoswipe-dynamic-caption-plugin,1.2.7,19,F,UNVERIFIED_PUBLISH_PATH|DORMANT|SINGLE_MAINTAINER,1,13658,v0.2.0
'@pdftron/pdfjs-express-viewer,8.7.5,15,F,UNVERIFIED_PUBLISH_PATH|DORMANT|SINGLE_MAINTAINER,1,13650,v0.2.0
gmap-vue,3.5.4,25,F,UNVERIFIED_PUBLISH_PATH|DORMANT|SINGLE_MAINTAINER,1,13646,v0.2.0
typeface-montserrat,1.1.13,14,F,UNVERIFIED_PUBLISH_PATH|DORMANT|SINGLE_MAINTAINER,1,13617,v0.2.0
'@aurodesignsystem/webcorestylesheets,11.1.3,46,D,UNVERIFIED_PUBLISH_PATH,8,13598,v0.2.0
intersection-observer-polyfill,0.1.0,19,F,UNVERIFIED_PUBLISH_PATH|DORMANT|SINGLE_MAINTAINER,1,13586,v0.2.0
scandit-web-datacapture-core,6.28.11,35,D,UNVERIFIED_PUBLISH_PATH,4,13481,v0.2.0
'@checkr/web-sdk,0.0.59,29,F,UNVERIFIED_PUBLISH_PATH|DORMANT,4,13463,v0.2.0
skinview3d,3.4.2,39,D,UNVERIFIED_PUBLISH_PATH,4,13446,v0.2.0
vue-mq,1.0.1,19,F,UNVERIFIED_PUBLISH_PATH|DORMANT|SINGLE_MAINTAINER,1,13419,v0.2.0
'@scandit/web-datacapture-barcode,8.5.0,35,D,UNVERIFIED_PUBLISH_PATH,5,13417,v0.2.0
'@skyway-sdk/room,2.5.1,34,F,UNVERIFIED_PUBLISH_PATH,10,13406,v0.2.0
'@fontsource/karla,5.2.8,71,B,,2,13394,v0.2.0
'@stimulus-components/password-visibility,3.0.0,14,F,UNVERIFIED_PUBLISH_PATH|DORMANT|SINGLE_MAINTAINER,1,13367,v0.2.0
load-script2,2.0.6,19,F,UNVERIFIED_PUBLISH_PATH|DORMANT|SINGLE_MAINTAINER,1,13358,v0.2.0
'@toast-ui/calendar,2.1.3,33,F,UNVERIFIED_PUBLISH_PATH|DORMANT,2,13325,v0.2.0
fomantic-ui,2.9.4,50,C,UNVERIFIED_PUBLISH_PATH,3,13322,v0.2.0
tweetnacl-sealedbox-js,1.2.0,15,F,UNVERIFIED_PUBLISH_PATH|DORMANT|SINGLE_MAINTAINER,1,13321,v0.2.0
babel-regenerator-runtime,6.5.0,24,F,UNVERIFIED_PUBLISH_PATH|DORMANT,2,13319,v0.2.0
chartjs-chart-financial,0.2.1,19,F,UNVERIFIED_PUBLISH_PATH|DORMANT|SINGLE_MAINTAINER,1,13297,v0.2.0
scandit-web-datacapture-barcode,6.28.11,35,D,UNVERIFIED_PUBLISH_PATH,4,13289,v0.2.0
'@grapecity/spread-sheets,18.2.5,30,F,UNVERIFIED_PUBLISH_PATH,2,13240,v0.2.0
cloudinary-video-player,4.0.3,94,A,,5,13208,v0.2.0
custom-protocol-check,1.4.0,19,F,UNVERIFIED_PUBLISH_PATH|DORMANT|SINGLE_MAINTAINER,1,13121,v0.2.0
jquery-ui-timepicker-addon,1.6.3,19,F,UNVERIFIED_PUBLISH_PATH|DORMANT|SINGLE_MAINTAINER,1,13120,v0.2.0
external-svg-loader,1.7.1,14,F,UNVERIFIED_PUBLISH_PATH|DORMANT|SINGLE_MAINTAINER,1,13118,v0.2.0
requirejs-text,2.0.16,19,F,UNVERIFIED_PUBLISH_PATH|DORMANT|SINGLE_MAINTAINER,1,13081,v0.2.0
payment-icons,1.2.1,19,F,UNVERIFIED_PUBLISH_PATH|DORMANT|SINGLE_MAINTAINER|DEPRECATED,1,13074,v0.2.0
framework7-icons,5.0.5,14,F,UNVERIFIED_PUBLISH_PATH|DORMANT|SINGLE_MAINTAINER,1,13065,v0.2.0
dynamsoft-core,3.4.31,10,F,UNVERIFIED_PUBLISH_PATH|DORMANT|SINGLE_MAINTAINER,1,13038,v0.2.0
'@yandex/ymaps3-default-ui-theme,0.0.25,87,A,BRANCH_REQUIRES_PR,2,13025,v0.2.0
'@mappedin/mappedin-js,6.22.0,21,F,UNVERIFIED_PUBLISH_PATH|SINGLE_MAINTAINER,1,13024,v0.2.0
essentia.js,0.1.3,33,F,UNVERIFIED_PUBLISH_PATH|DORMANT,2,13023,v0.2.0
scrollmonitor,1.2.11,19,F,UNVERIFIED_PUBLISH_PATH|DORMANT|SINGLE_MAINTAINER,1,12929,v0.2.0
outdated-browser-rework,3.0.1,19,F,UNVERIFIED_PUBLISH_PATH|DORMANT|SINGLE_MAINTAINER,1,12926,v0.2.0
'@waline/emojis,1.4.0,34,F,UNVERIFIED_PUBLISH_PATH,2,12876,v0.2.0
'@wix/auto_sdk_ecom_current-cart,1.0.179,30,F,UNVERIFIED_PUBLISH_PATH,12,12854,v0.2.0
'@iconscout/unicons,4.2.0,33,F,UNVERIFIED_PUBLISH_PATH|DORMANT,2,12836,v0.2.0
nanoscroller,0.8.7,19,F,UNVERIFIED_PUBLISH_PATH|DORMANT|SINGLE_MAINTAINER,1,12835,v0.2.0
'@fontsource-variable/rethink-sans,5.2.8,71,B,,2,12792,v0.2.0
'@fontsource/permanent-marker,5.2.7,71,B,,2,12773,v0.2.0
'@mediapipe/drawing_utils,0.3.1675466124,24,F,UNVERIFIED_PUBLISH_PATH|DORMANT,8,12734,v0.2.0
vue-radial-progress,0.3.2,14,F,UNVERIFIED_PUBLISH_PATH|DORMANT|SINGLE_MAINTAINER|PUBLISHER_NOT_MAINTAINER|DEPRECATED,1,12723,v0.2.0
videojs-contrib-eme,5.5.2,35,D,UNVERIFIED_PUBLISH_PATH,22,12720,v0.2.0
'@vkid/sdk,2.6.6,41,D,UNVERIFIED_PUBLISH_PATH,6,12710,v0.2.0
chartjs-plugin-autocolors,0.3.1,19,F,UNVERIFIED_PUBLISH_PATH|DORMANT|SINGLE_MAINTAINER,1,12659,v0.2.0
universalviewer,4.4.2,39,D,UNVERIFIED_PUBLISH_PATH,3,12650,v0.2.0
leaflet-rotate,0.2.8,19,F,UNVERIFIED_PUBLISH_PATH|DORMANT|SINGLE_MAINTAINER,1,12617,v0.2.0
confetti-js,0.0.18,19,F,UNVERIFIED_PUBLISH_PATH|DORMANT|SINGLE_MAINTAINER,1,12592,v0.2.0
clarity-js,0.8.67,45,D,UNVERIFIED_PUBLISH_PATH,5,12585,v0.2.0
'@fontsource/courier-prime,5.2.8,71,B,,2,12584,v0.2.0
'@fontsource-variable/roboto-slab,5.2.8,71,B,,2,12560,v0.2.0
'@fontsource-variable/oswald,5.2.8,71,B,,2,12539,v0.2.0
'@microsoft/fast-components,2.30.6,46,D,UNVERIFIED_PUBLISH_PATH|DORMANT|DEPRECATED,8,12533,v0.2.0
'@fontsource/noto-serif-jp,5.2.8,71,B,,2,12497,v0.2.0
hanzi-writer-data,2.0.1,19,F,UNVERIFIED_PUBLISH_PATH|DORMANT|SINGLE_MAINTAINER,1,12495,v0.2.0
react-highcharts,16.1.0,33,F,UNVERIFIED_PUBLISH_PATH|DORMANT,2,12495,v0.2.0
'@ffmpeg/core-mt,0.12.10,39,D,UNVERIFIED_PUBLISH_PATH,3,12469,v0.2.0
qtip2,3.0.3,19,F,UNVERIFIED_PUBLISH_PATH|DORMANT|SINGLE_MAINTAINER,1,12469,v0.2.0
v-lazy-image,2.1.1,15,F,UNVERIFIED_PUBLISH_PATH|DORMANT|SINGLE_MAINTAINER,1,12467,v0.2.0
compression-streams-polyfill,0.1.7,19,F,UNVERIFIED_PUBLISH_PATH|DORMANT|SINGLE_MAINTAINER,1,12462,v0.2.0
mxgraph,4.2.2,14,F,UNVERIFIED_PUBLISH_PATH|DORMANT|SINGLE_MAINTAINER|PUBLISHER_NOT_MAINTAINER|DEPRECATED,1,12454,v0.2.0
angular-cache,4.6.0,19,F,UNVERIFIED_PUBLISH_PATH|DORMANT|SINGLE_MAINTAINER,1,12452,v0.2.0
rdflib,2.4.0,82,B,,15,12447,v0.2.0
'@tryghost/portal,2.69.161,95,A,,33,12443,v0.2.0
'@fontsource-variable/noto-sans-bengali,5.2.11,81,B,,2,12439,v0.2.0
'@nativescript/core,9.0.20,77,B,INCONSISTENT_PUBLISH_PATH,2,12435,v0.2.0
'@walletconnect/web3-provider,1.8.0,28,F,UNVERIFIED_PUBLISH_PATH|DORMANT|PUBLISHER_NOT_MAINTAINER|DEPRECATED,2,12399,v0.2.0
'@react-spectrum/s2,1.5.1,39,D,UNVERIFIED_PUBLISH_PATH,2,12395,v0.2.0
'@iconify-json/game-icons,1.2.4,21,F,UNVERIFIED_PUBLISH_PATH|SINGLE_MAINTAINER,1,12383,v0.2.0
'@fontsource/literata,5.2.8,71,B,,2,12379,v0.2.0
ids-enterprise-wc,1.16.23,35,D,UNVERIFIED_PUBLISH_PATH,9,12368,v0.2.0
'@openedx/paragon,23.22.2,87,A,,3,12367,v0.2.0
'@fontsource-variable/onest,5.2.11,71,B,,2,12355,v0.2.0
alpine-turbo-drive-adapter,2.2.0,21,F,UNVERIFIED_PUBLISH_PATH|SINGLE_MAINTAINER,1,12353,v0.2.0
'@fontsource-variable/mona-sans,5.2.8,71,B,,2,12300,v0.2.0
'@fontsource/urbanist,5.2.7,71,B,,2,12299,v0.2.0
angular-inview,3.1.0,19,F,UNVERIFIED_PUBLISH_PATH|DORMANT|SINGLE_MAINTAINER,1,12244,v0.2.0
'@cspell/dict-redis,1.0.7,63,C,SINGLE_MAINTAINER,1,12233,v0.2.0
grapesjs-navbar,1.0.2,19,F,UNVERIFIED_PUBLISH_PATH|DORMANT|SINGLE_MAINTAINER,1,12230,v0.2.0
survey-js-ui,2.5.34,39,D,UNVERIFIED_PUBLISH_PATH,2,12217,v0.2.0
jquery-bar-rating,1.2.2,33,F,UNVERIFIED_PUBLISH_PATH|DORMANT,2,12185,v0.2.0
ol-contextmenu,6.0.1,79,B,SINGLE_MAINTAINER,1,12165,v0.2.0
jquery-placeholder,2.3.1,33,F,UNVERIFIED_PUBLISH_PATH|DORMANT,2,12134,v0.2.0
htmx-ext-response-targets,2.0.4,25,F,UNVERIFIED_PUBLISH_PATH|SINGLE_MAINTAINER,1,12129,v0.2.0
autotrack,2.4.1,19,F,UNVERIFIED_PUBLISH_PATH|DORMANT|SINGLE_MAINTAINER,1,12109,v0.2.0
vue-datetime,1.0.0-beta.14,14,F,UNVERIFIED_PUBLISH_PATH|DORMANT|SINGLE_MAINTAINER,1,12096,v0.2.0
world_countries_lists,3.3.0,25,F,UNVERIFIED_PUBLISH_PATH|SINGLE_MAINTAINER,1,12023,v0.2.0
devextreme-exceljs-fork,4.4.11,94,A,,3,12017,v0.2.0
'@saasquatch/squatch-js,2.8.4,45,D,UNVERIFIED_PUBLISH_PATH,10,12016,v0.2.0
'@fontsource/sarabun,5.2.8,71,B,,2,12001,v0.2.0
videojs-contrib-dash,5.1.1,33,F,UNVERIFIED_PUBLISH_PATH|DORMANT,20,11953,v0.2.0
classie,1.0.0,19,F,UNVERIFIED_PUBLISH_PATH|DORMANT|SINGLE_MAINTAINER,1,11912,v0.2.0
esri-leaflet-geocoder,3.1.7,39,D,UNVERIFIED_PUBLISH_PATH,6,11911,v0.2.0
knockout.validation,2.0.4,33,F,UNVERIFIED_PUBLISH_PATH|DORMANT,2,11896,v0.2.0
htmx-ext-ws,2.0.4,39,D,UNVERIFIED_PUBLISH_PATH,2,11876,v0.2.0
'@fontsource/crimson-pro,5.2.8,71,B,,2,11849,v0.2.0
leader-line-new,1.1.9,19,F,UNVERIFIED_PUBLISH_PATH|DORMANT|SINGLE_MAINTAINER,1,11830,v0.2.0
textfit,2.4.0,19,F,UNVERIFIED_PUBLISH_PATH|DORMANT|SINGLE_MAINTAINER,1,11815,v0.2.0
bootstrap-material-design,4.1.3,23,F,UNVERIFIED_PUBLISH_PATH|DORMANT|PUBLISHER_NOT_MAINTAINER,17,11811,v0.2.0
sticky-sidebar,3.3.1,19,F,UNVERIFIED_PUBLISH_PATH|DORMANT|SINGLE_MAINTAINER,1,11809,v0.2.0
jquery-cropper,1.0.2,25,F,UNVERIFIED_PUBLISH_PATH|SINGLE_MAINTAINER,1,11805,v0.2.0
'@sjmc11/tourguidejs,0.0.27,25,F,UNVERIFIED_PUBLISH_PATH|SINGLE_MAINTAINER,1,11800,v0.2.0
devexpress-dashboard,26.1.3,30,F,UNVERIFIED_PUBLISH_PATH,2,11789,v0.2.0
'@ebay/skin,19.28.0,77,B,INCONSISTENT_PUBLISH_PATH,7,11778,v0.2.0
siema,1.5.1,14,F,UNVERIFIED_PUBLISH_PATH|DORMANT|SINGLE_MAINTAINER,1,11728,v0.2.0
arrive,2.5.3,39,D,UNVERIFIED_PUBLISH_PATH,2,11711,v0.2.0
'@babylonjs/viewer,9.17.0,25,F,UNVERIFIED_PUBLISH_PATH|SINGLE_MAINTAINER,1,11706,v0.2.0
'@ivanv/vue-collapse-transition,1.0.2,19,F,UNVERIFIED_PUBLISH_PATH|DORMANT|SINGLE_MAINTAINER,1,11705,v0.2.0
'@fontsource/cormorant,5.2.8,71,B,,2,11680,v0.2.0
angular-toastr,2.1.1,19,F,UNVERIFIED_PUBLISH_PATH|DORMANT|SINGLE_MAINTAINER,1,11664,v0.2.0
smoothscroll,0.4.0,19,F,UNVERIFIED_PUBLISH_PATH|DORMANT|SINGLE_MAINTAINER,1,11652,v0.2.0
'@logicflow/extension,2.3.0,34,F,UNVERIFIED_PUBLISH_PATH,8,11647,v0.2.0
open-iconic,1.1.1,19,F,UNVERIFIED_PUBLISH_PATH|DORMANT|SINGLE_MAINTAINER,1,11622,v0.2.0
polyline-encoded,0.0.9,19,F,UNVERIFIED_PUBLISH_PATH|DORMANT|SINGLE_MAINTAINER,1,11613,v0.2.0
jquery-i18next,1.3.0,39,D,UNVERIFIED_PUBLISH_PATH,2,11606,v0.2.0
import-map-overrides,6.1.0,20,F,UNVERIFIED_PUBLISH_PATH|SINGLE_MAINTAINER,1,11539,v0.2.0
ng-table,3.0.1,33,F,UNVERIFIED_PUBLISH_PATH|DORMANT,6,11525,v0.2.0
'@multiavatar/multiavatar,1.0.7,19,F,UNVERIFIED_PUBLISH_PATH|DORMANT|SINGLE_MAINTAINER,1,11513,v0.2.0
vue-rx,6.2.0,19,F,UNVERIFIED_PUBLISH_PATH|DORMANT|SINGLE_MAINTAINER,1,11503,v0.2.0
angularjs-toaster,3.0.0,33,F,UNVERIFIED_PUBLISH_PATH|DORMANT,2,11418,v0.2.0
translate,3.0.1,19,F,UNVERIFIED_PUBLISH_PATH|DORMANT|SINGLE_MAINTAINER,1,11385,v0.2.0
'@fontsource/schibsted-grotesk,5.2.8,71,B,,2,11361,v0.2.0
jupyter-matplotlib,0.12.0,39,D,UNVERIFIED_PUBLISH_PATH,5,11348,v0.2.0
'@deltablot/dropzone,7.4.3,79,B,SINGLE_MAINTAINER,1,11343,v0.2.0
leader-line,1.0.8,25,F,UNVERIFIED_PUBLISH_PATH|SINGLE_MAINTAINER,1,11341,v0.2.0
'@relewise/client,2.24.0,87,A,,3,11337,v0.2.0
'@fontsource-variable/cormorant-garamond,5.2.6,71,B,,2,11324,v0.2.0
mapboxgl-spiderifier,1.0.10,33,F,UNVERIFIED_PUBLISH_PATH|DORMANT,5,11312,v0.2.0
citation-js,0.8.2,25,F,UNVERIFIED_PUBLISH_PATH|SINGLE_MAINTAINER,1,11294,v0.2.0
pc-bootstrap4-datetimepicker,4.17.51,19,F,UNVERIFIED_PUBLISH_PATH|DORMANT|SINGLE_MAINTAINER,1,11292,v0.2.0
leaflet-providers,3.0.0,39,D,UNVERIFIED_PUBLISH_PATH,3,11291,v0.2.0
searchkit,4.16.0,45,D,UNVERIFIED_PUBLISH_PATH,2,11282,v0.2.0
'@watergis/maplibre-gl-terradraw,1.14.4,64,C,INCONSISTENT_PUBLISH_PATH|SINGLE_MAINTAINER,1,11274,v0.2.0
scrollreveal,4.0.9,19,F,UNVERIFIED_PUBLISH_PATH|DORMANT|SINGLE_MAINTAINER,1,11267,v0.2.0
'@govtechsg/sgds-web-component,3.24.0,34,F,UNVERIFIED_PUBLISH_PATH,14,11230,v0.2.0
'@material/mwc-circular-progress,0.27.0,39,D,UNVERIFIED_PUBLISH_PATH|DORMANT|DEPRECATED,14,11207,v0.2.0
'@photo-sphere-viewer/virtual-tour-plugin,5.14.3,73,B,SINGLE_MAINTAINER,1,11207,v0.2.0
'@notabene/javascript-sdk,2.19.1,50,C,INCONSISTENT_PUBLISH_PATH|PUBLISHER_NOT_MAINTAINER,5,11206,v0.2.0
'@lobehub/icons-static-png,1.94.0,39,D,UNVERIFIED_PUBLISH_PATH,9,11198,v0.2.0
tiff.js,1.0.0,19,F,UNVERIFIED_PUBLISH_PATH|DORMANT|SINGLE_MAINTAINER,1,11194,v0.2.0
tokml,0.4.0,21,F,UNVERIFIED_PUBLISH_PATH|DORMANT|SINGLE_MAINTAINER|PUBLISHER_NOT_MAINTAINER,1,11191,v0.2.0
'@fontsource-variable/caveat,5.2.8,71,B,,2,11171,v0.2.0
jquery-ajax-unobtrusive,3.2.6,34,F,UNVERIFIED_PUBLISH_PATH|DORMANT|BRANCH_REQUIRES_PR,2,11110,v0.2.0
'@marcreichel/alpine-autosize,1.3.3,19,F,UNVERIFIED_PUBLISH_PATH|DORMANT|SINGLE_MAINTAINER,1,11092,v0.2.0
'@waline/client,3.15.2,82,B,,2,11084,v0.2.0
flickity-fullscreen,2.0.0,19,F,UNVERIFIED_PUBLISH_PATH|DORMANT|SINGLE_MAINTAINER,1,11074,v0.2.0
angular-gettext,2.4.2,19,F,UNVERIFIED_PUBLISH_PATH|DORMANT|SINGLE_MAINTAINER,1,11015,v0.2.0
bootstrap-fileinput,5.5.4,19,F,UNVERIFIED_PUBLISH_PATH|DORMANT|SINGLE_MAINTAINER,1,11009,v0.2.0
emoji-mart-vue,2.6.6,19,F,UNVERIFIED_PUBLISH_PATH|DORMANT|SINGLE_MAINTAINER,1,10999,v0.2.0
polyline,0.2.0,14,F,UNVERIFIED_PUBLISH_PATH|DORMANT|SINGLE_MAINTAINER|PUBLISHER_NOT_MAINTAINER|DEPRECATED,1,10966,v0.2.0
'@wix/headless-components,0.0.46,30,F,UNVERIFIED_PUBLISH_PATH,6,10937,v0.2.0
datatables.net-datetime,1.6.3,25,F,UNVERIFIED_PUBLISH_PATH|SINGLE_MAINTAINER,1,10931,v0.2.0
spotlight.js,0.7.8,19,F,UNVERIFIED_PUBLISH_PATH|DORMANT|SINGLE_MAINTAINER,1,10930,v0.2.0
invokers-polyfill,1.0.3,73,B,SINGLE_MAINTAINER,1,10929,v0.2.0
knockout-mapping,2.6.0,19,F,UNVERIFIED_PUBLISH_PATH|DORMANT|SINGLE_MAINTAINER,1,10889,v0.2.0
orejime,3.2.0,83,B,INCONSISTENT_PUBLISH_PATH,2,10886,v0.2.0
'@fontsource/kalam,5.2.8,71,B,,2,10883,v0.2.0
qrcodejs,1.0.0,19,F,UNVERIFIED_PUBLISH_PATH|DORMANT|SINGLE_MAINTAINER,1,10842,v0.2.0
beercss,4.0.23,87,A,,2,10837,v0.2.0
'@expo-google-fonts/barlow,0.4.1,39,D,UNVERIFIED_PUBLISH_PATH,4,10808,v0.2.0
'@fontsource/overpass,5.2.8,71,B,,2,10782,v0.2.0
jquery-modal,0.9.2,19,F,UNVERIFIED_PUBLISH_PATH|DORMANT|SINGLE_MAINTAINER,1,10753,v0.2.0
leaflet-path-drag,1.9.5,19,F,UNVERIFIED_PUBLISH_PATH|DORMANT|SINGLE_MAINTAINER,1,10744,v0.2.0
theme-change,3.0.4,20,F,UNVERIFIED_PUBLISH_PATH|SINGLE_MAINTAINER,1,10735,v0.2.0
time-input-polyfill,1.0.11,19,F,UNVERIFIED_PUBLISH_PATH|DORMANT|SINGLE_MAINTAINER,1,10729,v0.2.0
'@fontsource/commit-mono,5.2.5,71,B,,2,10726,v0.2.0
jsnlog,2.30.0,19,F,UNVERIFIED_PUBLISH_PATH|DORMANT|SINGLE_MAINTAINER,1,10722,v0.2.0
'@iconify-json/eos-icons,1.2.4,21,F,UNVERIFIED_PUBLISH_PATH|SINGLE_MAINTAINER,1,10695,v0.2.0
blueimp-gallery,3.4.0,19,F,UNVERIFIED_PUBLISH_PATH|DORMANT|SINGLE_MAINTAINER,1,10679,v0.2.0
'@justifi/webcomponents,6.14.3,73,B,SINGLE_MAINTAINER|BRANCH_REQUIRES_PR,1,10678,v0.2.0
'@rajesh896/broprint.js,3.0.0,38,D,UNVERIFIED_PUBLISH_PATH|SINGLE_MAINTAINER,1,10678,v0.2.0
devbridge-autocomplete,2.0.4,79,B,SINGLE_MAINTAINER,1,10668,v0.2.0
'@astrouxds/astro-web-components,8.0.0,39,D,UNVERIFIED_PUBLISH_PATH,4,10643,v0.2.0
jquery-deparam,0.5.3,33,F,UNVERIFIED_PUBLISH_PATH|DORMANT,2,10608,v0.2.0
'@wix/ecom,1.0.2271,30,F,UNVERIFIED_PUBLISH_PATH,12,10597,v0.2.0
markmap-toolbar,0.18.12,25,F,UNVERIFIED_PUBLISH_PATH|SINGLE_MAINTAINER,1,10588,v0.2.0
focus-within-polyfill,5.2.1,19,F,UNVERIFIED_PUBLISH_PATH|DORMANT|SINGLE_MAINTAINER,1,10587,v0.2.0
single-spa-css,4.0.1,15,F,UNVERIFIED_PUBLISH_PATH|SINGLE_MAINTAINER|PUBLISHER_NOT_MAINTAINER,1,10586,v0.2.0
streaming-markdown,0.2.15,25,F,UNVERIFIED_PUBLISH_PATH|SINGLE_MAINTAINER,1,10549,v0.2.0
plupload,2.3.9,39,D,UNVERIFIED_PUBLISH_PATH|DORMANT,2,10544,v0.2.0
'@iconify-json/icon-park-outline,1.2.4,21,F,UNVERIFIED_PUBLISH_PATH|SINGLE_MAINTAINER,1,10536,v0.2.0
ngmap,1.18.5,19,F,UNVERIFIED_PUBLISH_PATH|DORMANT|SINGLE_MAINTAINER,1,10517,v0.2.0
'@fontsource-variable/vazirmatn,5.2.8,71,B,,2,10489,v0.2.0
jquery-ui-sortable,1.0.0,10,F,UNVERIFIED_PUBLISH_PATH|DORMANT|SINGLE_MAINTAINER,1,10489,v0.2.0
'@mcp-b/global,4.0.0,71,B,INCONSISTENT_PUBLISH_PATH|SINGLE_MAINTAINER,1,10488,v0.2.0
fontmetrics,1.0.0,19,F,UNVERIFIED_PUBLISH_PATH|DORMANT|SINGLE_MAINTAINER,1,10486,v0.2.0
vosk-browser,0.0.8,19,F,UNVERIFIED_PUBLISH_PATH|DORMANT|SINGLE_MAINTAINER,1,10458,v0.2.0
leaflet-easybutton,2.4.0,19,F,UNVERIFIED_PUBLISH_PATH|DORMANT|SINGLE_MAINTAINER,1,10453,v0.2.0
mdb-ui-kit,9.3.0,39,D,UNVERIFIED_PUBLISH_PATH,17,10427,v0.2.0
weathericons,2.1.0,29,F,UNVERIFIED_PUBLISH_PATH|DORMANT,4,10417,v0.2.0
'@microsoft/mgt,4.6.1,52,C,UNVERIFIED_PUBLISH_PATH,3,10396,v0.2.0
wowjs,1.1.3,19,F,UNVERIFIED_PUBLISH_PATH|DORMANT|SINGLE_MAINTAINER,1,10396,v0.2.0
detect-incognito,1.0.0,19,F,UNVERIFIED_PUBLISH_PATH|DORMANT|SINGLE_MAINTAINER,1,10390,v0.2.0
jquery.payment,3.0.0,33,F,UNVERIFIED_PUBLISH_PATH|DORMANT,5,10375,v0.2.0
xml-beautify,1.2.3,19,F,UNVERIFIED_PUBLISH_PATH|DORMANT|SINGLE_MAINTAINER,1,10362,v0.2.0
jquery.repeater,1.2.1,19,F,UNVERIFIED_PUBLISH_PATH|DORMANT|SINGLE_MAINTAINER,1,10359,v0.2.0
'@fontsource/bitter,5.2.10,71,B,,2,10336,v0.2.0
charts.css,1.2.0,25,F,UNVERIFIED_PUBLISH_PATH|SINGLE_MAINTAINER,1,10325,v0.2.0
blg-akaun-ts-lib,0.2.910046280301,35,D,UNVERIFIED_PUBLISH_PATH,2,10314,v0.2.0
components-font-awesome,5.9.0,33,F,UNVERIFIED_PUBLISH_PATH|DORMANT,2,10280,v0.2.0
'@fontsource/cascadia-code,5.2.3,71,B,,2,10268,v0.2.0
openmoji,17.0.0,25,F,UNVERIFIED_PUBLISH_PATH|SINGLE_MAINTAINER,1,10249,v0.2.0
alova,3.5.2,26,F,UNVERIFIED_PUBLISH_PATH|SINGLE_MAINTAINER,1,10246,v0.2.0
uswds,2.14.0,46,D,UNVERIFIED_PUBLISH_PATH|DORMANT|BRANCH_REQUIRES_PR,4,10175,v0.2.0
nerdamer,1.1.13,33,F,UNVERIFIED_PUBLISH_PATH|DORMANT,2,10171,v0.2.0
iconoir,7.11.1,76,B,,2,10169,v0.2.0
'@mediapipe/tasks-genai,0.10.29,30,F,UNVERIFIED_PUBLISH_PATH,8,10168,v0.2.0
'@fontsource-variable/crimson-pro,5.2.8,71,B,,2,10143,v0.2.0
recombee-js-api-client,6.2.1,39,D,UNVERIFIED_PUBLISH_PATH,5,10130,v0.2.0
'@forevolve/bootstrap-dark,4.0.2,19,F,UNVERIFIED_PUBLISH_PATH|DORMANT|SINGLE_MAINTAINER,1,10119,v0.2.0
first-input-delay,0.1.3,19,F,UNVERIFIED_PUBLISH_PATH|DORMANT|SINGLE_MAINTAINER,1,10113,v0.2.0
withinviewport,3.0.1,19,F,UNVERIFIED_PUBLISH_PATH|DORMANT|SINGLE_MAINTAINER,1,10101,v0.2.0
'@fontsource/vazirmatn,5.2.8,71,B,,2,10100,v0.2.0
polyfill-array-includes,2.0.0,19,F,UNVERIFIED_PUBLISH_PATH|DORMANT|SINGLE_MAINTAINER,1,10097,v0.2.0
js-marker-clusterer,1.0.0,19,F,UNVERIFIED_PUBLISH_PATH|DORMANT|SINGLE_MAINTAINER,1,10079,v0.2.0
ogv,1.9.0,19,F,UNVERIFIED_PUBLISH_PATH|DORMANT|SINGLE_MAINTAINER,1,10064,v0.2.0
vivus,0.4.6,19,F,UNVERIFIED_PUBLISH_PATH|DORMANT|SINGLE_MAINTAINER,1,10061,v0.2.0
abp-web-resources,6.1.0,39,D,UNVERIFIED_PUBLISH_PATH,2,10052,v0.2.0
'@mux/videojs-kit,0.12.3,35,D,UNVERIFIED_PUBLISH_PATH,4,10026,v0.2.0
gumshoejs,5.1.2,19,F,UNVERIFIED_PUBLISH_PATH|DORMANT|SINGLE_MAINTAINER,1,10004,v0.2.0
pro-gallery-lib,5.0.115,39,D,UNVERIFIED_PUBLISH_PATH,2,9931,v0.2.0
ajax-bootstrap-select,1.4.5,19,F,UNVERIFIED_PUBLISH_PATH|DORMANT|SINGLE_MAINTAINER,1,9911,v0.2.0
'@fontsource/metropolis,5.2.5,71,B,,2,9898,v0.2.0
anthropic,0.0.0,19,F,UNVERIFIED_PUBLISH_PATH|DORMANT|PUBLISHER_NOT_MAINTAINER,14,9896,v0.2.0
copy-image-clipboard,2.1.2,15,F,UNVERIFIED_PUBLISH_PATH|DORMANT|SINGLE_MAINTAINER,1,9864,v0.2.0
moment-holiday,1.5.1,19,F,UNVERIFIED_PUBLISH_PATH|DORMANT|SINGLE_MAINTAINER|DEPRECATED,1,9853,v0.2.0
'@marimo-team/frontend,0.23.14,95,A,,2,9832,v0.2.0
easytimer.js,4.6.0,19,F,UNVERIFIED_PUBLISH_PATH|DORMANT|SINGLE_MAINTAINER,1,9828,v0.2.0
bloodhound-js,1.2.3,19,F,UNVERIFIED_PUBLISH_PATH|DORMANT|SINGLE_MAINTAINER,1,9823,v0.2.0
'@expo-google-fonts/oswald,0.4.2,39,D,UNVERIFIED_PUBLISH_PATH,4,9807,v0.2.0
element-qsa-scope,1.1.0,19,F,UNVERIFIED_PUBLISH_PATH|DORMANT|SINGLE_MAINTAINER,1,9801,v0.2.0
material-dynamic-colors,1.1.4,63,C,INCONSISTENT_PUBLISH_PATH|SINGLE_MAINTAINER,1,9779,v0.2.0
ng-dialog,1.4.0,33,F,UNVERIFIED_PUBLISH_PATH|DORMANT,3,9754,v0.2.0
react-owl-carousel,2.3.3,19,F,UNVERIFIED_PUBLISH_PATH|DORMANT|SINGLE_MAINTAINER,1,9754,v0.2.0
'@fontsource-variable/urbanist,5.2.7,71,B,,2,9751,v0.2.0
'@fontsource/amiri,5.2.8,71,B,,2,9734,v0.2.0
smartwizard,7.0.2,25,F,UNVERIFIED_PUBLISH_PATH|SINGLE_MAINTAINER,1,9715,v0.2.0
axios-jsonp,1.0.4,19,F,UNVERIFIED_PUBLISH_PATH|DORMANT|SINGLE_MAINTAINER,1,9707,v0.2.0
pro-gallery,5.0.119,39,D,UNVERIFIED_PUBLISH_PATH,2,9677,v0.2.0
devextreme-cldr-data,1.0.3,19,F,UNVERIFIED_PUBLISH_PATH|DORMANT|PUBLISHER_NOT_MAINTAINER,4,9676,v0.2.0
bootstrap-social,5.1.1,19,F,UNVERIFIED_PUBLISH_PATH|DORMANT|SINGLE_MAINTAINER,1,9641,v0.2.0
devtools-detector,2.0.25,20,F,UNVERIFIED_PUBLISH_PATH|SINGLE_MAINTAINER,1,9637,v0.2.0
angular-jwt,0.1.11,35,D,UNVERIFIED_PUBLISH_PATH|DORMANT|PUBLISHER_NOT_MAINTAINER,21,9622,v0.2.0
hint.css,3.0.0,19,F,UNVERIFIED_PUBLISH_PATH|DORMANT|SINGLE_MAINTAINER,1,9609,v0.2.0
a-color-picker,1.2.1,19,F,UNVERIFIED_PUBLISH_PATH|DORMANT|SINGLE_MAINTAINER,1,9608,v0.2.0
'@stimulus-components/dialog,1.0.1,14,F,UNVERIFIED_PUBLISH_PATH|DORMANT|SINGLE_MAINTAINER,1,9596,v0.2.0
'@microsoft/agents-copilotstudio-client,1.6.1,47,D,UNVERIFIED_PUBLISH_PATH,2,9594,v0.2.0
jquery.ui.widget,1.10.3,20,F,UNVERIFIED_PUBLISH_PATH|DORMANT|SINGLE_MAINTAINER,1,9574,v0.2.0
'@wix/auto_sdk_ecom_discounts,1.0.33,30,F,UNVERIFIED_PUBLISH_PATH,12,9573,v0.2.0
'@pixelverse/strichjs-sdk,1.16.2,30,F,UNVERIFIED_PUBLISH_PATH|PUBLISHER_NOT_MAINTAINER,2,9556,v0.2.0
'@iabtechlabtcf/cmpapi,1.5.21,34,F,UNVERIFIED_PUBLISH_PATH,2,9551,v0.2.0
'@fontsource/cabin,5.2.8,71,B,,2,9548,v0.2.0
'@farmfe/core,1.7.11,34,F,UNVERIFIED_PUBLISH_PATH,3,9496,v0.2.0
dodopayments-checkout,1.9.5,21,F,UNVERIFIED_PUBLISH_PATH|SINGLE_MAINTAINER,1,9491,v0.2.0
leaflet-spin,1.1.2,33,F,UNVERIFIED_PUBLISH_PATH|DORMANT,6,9482,v0.2.0
visionscarto-world-atlas,1.0.0,19,F,UNVERIFIED_PUBLISH_PATH|DORMANT|SINGLE_MAINTAINER,1,9482,v0.2.0
'@canva/app-ui-kit,5.13.0,21,F,UNVERIFIED_PUBLISH_PATH|SINGLE_MAINTAINER,1,9472,v0.2.0
'@fontsource/exo-2,5.2.8,71,B,,2,9466,v0.2.0
'@snowplow/browser-plugin-media-tracking,4.8.4,39,D,UNVERIFIED_PUBLISH_PATH,3,9447,v0.2.0
svgmap,2.21.0,25,F,UNVERIFIED_PUBLISH_PATH|SINGLE_MAINTAINER,1,9439,v0.2.0
jquery-bridget,3.0.1,19,F,UNVERIFIED_PUBLISH_PATH|DORMANT|SINGLE_MAINTAINER,1,9438,v0.2.0
uevent,3.0.0,25,F,UNVERIFIED_PUBLISH_PATH|SINGLE_MAINTAINER,1,9385,v0.2.0
'@fontsource/prompt,5.2.8,71,B,,2,9382,v0.2.0
lightpick,1.6.2,14,F,UNVERIFIED_PUBLISH_PATH|DORMANT|SINGLE_MAINTAINER|PUBLISHER_NOT_MAINTAINER|DEPRECATED,1,9371,v0.2.0
material-design-iconic-font,2.2.0,19,F,UNVERIFIED_PUBLISH_PATH|DORMANT|SINGLE_MAINTAINER,1,9363,v0.2.0
fetch-polyfill,0.8.2,19,F,UNVERIFIED_PUBLISH_PATH|DORMANT|SINGLE_MAINTAINER,1,9346,v0.2.0
'@bryntum/schedulerpro-trial,7.3.3,35,D,UNVERIFIED_PUBLISH_PATH,2,9342,v0.2.0
'@splidejs/splide-extension-grid,0.4.1,19,F,UNVERIFIED_PUBLISH_PATH|DORMANT|SINGLE_MAINTAINER,1,9342,v0.2.0
vue-timeago,5.1.3,33,F,UNVERIFIED_PUBLISH_PATH|DORMANT,3,9330,v0.2.0
'@yandex/ymaps3-clusterer,0.0.12,35,D,UNVERIFIED_PUBLISH_PATH,2,9324,v0.2.0
jqwidgets-scripts,26.0.0,34,F,UNVERIFIED_PUBLISH_PATH,2,9321,v0.2.0
cal-sans,1.0.1,33,F,UNVERIFIED_PUBLISH_PATH|DORMANT,10,9320,v0.2.0
pathseg,1.2.1,19,F,UNVERIFIED_PUBLISH_PATH|DORMANT|SINGLE_MAINTAINER,1,9313,v0.2.0
code-prettify,0.1.0,19,F,UNVERIFIED_PUBLISH_PATH|DORMANT|SINGLE_MAINTAINER,1,9308,v0.2.0
fp-ts-esm,2.16.10,25,F,UNVERIFIED_PUBLISH_PATH|SINGLE_MAINTAINER,1,9291,v0.2.0
'@grapecity/spread-excelio,18.2.5,30,F,UNVERIFIED_PUBLISH_PATH,2,9289,v0.2.0
'@fontsource/bodoni-moda,5.2.7,71,B,,2,9267,v0.2.0
resize-sensor,0.0.6,19,F,UNVERIFIED_PUBLISH_PATH|DORMANT|SINGLE_MAINTAINER,1,9189,v0.2.0
'@tensorflow/tfjs-vis,1.5.1,28,F,UNVERIFIED_PUBLISH_PATH|DORMANT,10,9168,v0.2.0
ol-layerswitcher,4.1.2,33,F,UNVERIFIED_PUBLISH_PATH|DORMANT,2,9159,v0.2.0
esri-leaflet-cluster,3.0.1,33,F,UNVERIFIED_PUBLISH_PATH|DORMANT,4,9149,v0.2.0
typeface-poppins,1.1.13,14,F,UNVERIFIED_PUBLISH_PATH|DORMANT|SINGLE_MAINTAINER,1,9128,v0.2.0
'@fontsource-variable/bitter,5.2.10,71,B,,2,9127,v0.2.0
'@corva/ui,3.67.0,35,D,UNVERIFIED_PUBLISH_PATH,16,9109,v0.2.0
'@fontsource/crimson-text,5.2.7,71,B,,2,9109,v0.2.0
rater-js,1.0.1,19,F,UNVERIFIED_PUBLISH_PATH|DORMANT|SINGLE_MAINTAINER,1,9108,v0.2.0
dijit,1.17.3,33,F,UNVERIFIED_PUBLISH_PATH|DORMANT,2,9099,v0.2.0
quill-image-drop-module,1.0.3,19,F,UNVERIFIED_PUBLISH_PATH|DORMANT|SINGLE_MAINTAINER,1,9097,v0.2.0
xterm-addon-canvas,0.5.0,19,F,UNVERIFIED_PUBLISH_PATH|DORMANT|SINGLE_MAINTAINER|DEPRECATED,1,9068,v0.2.0
'@fontsource/barlow-semi-condensed,5.2.7,71,B,,2,9065,v0.2.0
js-image-zoom,0.7.0,14,F,UNVERIFIED_PUBLISH_PATH|DORMANT|SINGLE_MAINTAINER,1,9058,v0.2.0
'@fontsource-variable/spline-sans-mono,5.2.8,71,B,,2,9054,v0.2.0
audiomotion-analyzer,4.5.4,25,F,UNVERIFIED_PUBLISH_PATH|SINGLE_MAINTAINER,1,9050,v0.2.0
mdi,2.2.43,19,F,UNVERIFIED_PUBLISH_PATH|DORMANT|SINGLE_MAINTAINER|DEPRECATED,1,9037,v0.2.0
loggly-jslogger,2.2.4,33,F,UNVERIFIED_PUBLISH_PATH|DORMANT,3,9029,v0.2.0
'@carbon/pictograms,12.80.0,100,A,,7,9020,v0.2.0
php-unserialize,0.0.1,14,F,UNVERIFIED_PUBLISH_PATH|DORMANT|SINGLE_MAINTAINER,1,9013,v0.2.0
versor,0.2.0,19,F,UNVERIFIED_PUBLISH_PATH|DORMANT|SINGLE_MAINTAINER,1,9008,v0.2.0
editorjs-text-color-plugin,2.0.4,19,F,UNVERIFIED_PUBLISH_PATH|DORMANT|SINGLE_MAINTAINER,1,9005,v0.2.0
'@marimo-team/islands,0.23.14,95,A,,2,8988,v0.2.0
'@lucca-front/scss,21.4.0,84,B,INCONSISTENT_PUBLISH_PATH,3,8980,v0.2.0
inkjs,2.4.0,35,D,UNVERIFIED_PUBLISH_PATH,2,8973,v0.2.0
'@tryghost/sodo-search,1.8.175,95,A,,33,8962,v0.2.0
'@salutejs/plasma-new-hope,0.368.0,46,D,UNVERIFIED_PUBLISH_PATH,4,8940,v0.2.0
leaflet-measure,3.1.0,19,F,UNVERIFIED_PUBLISH_PATH|DORMANT|SINGLE_MAINTAINER,1,8923,v0.2.0
photo-sphere-viewer,4.8.1,14,F,UNVERIFIED_PUBLISH_PATH|DORMANT|SINGLE_MAINTAINER|DEPRECATED,1,8913,v0.2.0
jquery-toast-plugin,1.3.2,19,F,UNVERIFIED_PUBLISH_PATH|DORMANT|SINGLE_MAINTAINER,1,8906,v0.2.0
famfamfam-flags,1.0.0,19,F,UNVERIFIED_PUBLISH_PATH|DORMANT|SINGLE_MAINTAINER,1,8905,v0.2.0
'@jupyter-widgets/html-manager,1.0.14,39,D,UNVERIFIED_PUBLISH_PATH,8,8890,v0.2.0
jquery-csv,1.0.40,46,D,DORMANT|SINGLE_MAINTAINER,1,8859,v0.2.0
'@fontsource/geologica,5.2.8,71,B,,2,8858,v0.2.0
nepali-date-converter,3.4.0,25,F,UNVERIFIED_PUBLISH_PATH|SINGLE_MAINTAINER,1,8857,v0.2.0
x-editable,1.5.1,19,F,UNVERIFIED_PUBLISH_PATH|DORMANT|SINGLE_MAINTAINER,1,8847,v0.2.0
'@iconify-json/fa-solid,1.2.2,21,F,UNVERIFIED_PUBLISH_PATH|SINGLE_MAINTAINER,1,8824,v0.2.0
fullpage.js,4.0.41,31,F,UNVERIFIED_PUBLISH_PATH|SINGLE_MAINTAINER,1,8819,v0.2.0
videojs-overlay,4.0.0,28,F,UNVERIFIED_PUBLISH_PATH|DORMANT|PUBLISHER_NOT_MAINTAINER,84,8814,v0.2.0
backbone-validation,0.11.5,33,F,UNVERIFIED_PUBLISH_PATH|DORMANT,2,8812,v0.2.0
'@feedmepos/merge-css,1.0.1,29,F,UNVERIFIED_PUBLISH_PATH|DORMANT,3,8808,v0.2.0
bootstrap-italia,2.18.2,39,D,UNVERIFIED_PUBLISH_PATH,3,8800,v0.2.0
file-system-access,1.0.4,19,F,UNVERIFIED_PUBLISH_PATH|DORMANT|SINGLE_MAINTAINER,1,8793,v0.2.0
'@lucide/icons,1.25.0,58,C,INCONSISTENT_PUBLISH_PATH|SINGLE_MAINTAINER,1,8792,v0.2.0
tween.js,16.6.0,33,F,UNVERIFIED_PUBLISH_PATH|DORMANT|DEPRECATED,2,8792,v0.2.0
sunrise-sunset-js,3.3.0,63,C,INCONSISTENT_PUBLISH_PATH|SINGLE_MAINTAINER,1,8763,v0.2.0
toastedjs,0.0.2,19,F,UNVERIFIED_PUBLISH_PATH|DORMANT|SINGLE_MAINTAINER,1,8762,v0.2.0
jquery-inview,1.1.2,19,F,UNVERIFIED_PUBLISH_PATH|DORMANT|SINGLE_MAINTAINER,1,8761,v0.2.0
videojs-contrib-quality-menu,1.0.4,35,D,UNVERIFIED_PUBLISH_PATH,18,8735,v0.2.0
'@trimble-oss/modus-icons,1.21.0,46,D,UNVERIFIED_PUBLISH_PATH,8,8711,v0.2.0
nodelist-foreach-polyfill,1.2.0,19,F,UNVERIFIED_PUBLISH_PATH|DORMANT|SINGLE_MAINTAINER,1,8711,v0.2.0
ngx-scanner-qrcode,1.8.1,20,F,UNVERIFIED_PUBLISH_PATH|SINGLE_MAINTAINER,1,8708,v0.2.0
'@vkontakte/vk-bridge,3.0.2,89,A,,3,8707,v0.2.0
raty-js,4.3.0,19,F,UNVERIFIED_PUBLISH_PATH|DORMANT|SINGLE_MAINTAINER,1,8689,v0.2.0
jquery-datepicker,1.12.3,15,F,UNVERIFIED_PUBLISH_PATH|DORMANT|SINGLE_MAINTAINER,1,8678,v0.2.0
'@sweetalert2/theme-dark,5.0.27,25,F,UNVERIFIED_PUBLISH_PATH|SINGLE_MAINTAINER|DEPRECATED,1,8631,v0.2.0
public-google-sheets-parser,1.5.4,26,F,UNVERIFIED_PUBLISH_PATH|DORMANT|SINGLE_MAINTAINER,1,8629,v0.2.0
'@central-icons-react-native/round-outlined-radius-3-stroke-2,1.1.296,21,F,UNVERIFIED_PUBLISH_PATH|SINGLE_MAINTAINER,1,8627,v0.2.0
'@antv/s2,2.7.2,77,B,INCONSISTENT_PUBLISH_PATH,18,8619,v0.2.0
'@alova/shared,1.3.3,26,F,UNVERIFIED_PUBLISH_PATH|SINGLE_MAINTAINER,1,8616,v0.2.0
'@wix/error-handler,1.68.0,30,F,UNVERIFIED_PUBLISH_PATH,12,8614,v0.2.0
satellizer,0.15.5,19,F,UNVERIFIED_PUBLISH_PATH|DORMANT|SINGLE_MAINTAINER,1,8613,v0.2.0
blazy,1.8.2,19,F,UNVERIFIED_PUBLISH_PATH|DORMANT|SINGLE_MAINTAINER,1,8610,v0.2.0
'@expo-google-fonts/raleway,0.4.2,39,D,UNVERIFIED_PUBLISH_PATH,4,8609,v0.2.0
plotly.js-gl3d-dist-min,3.7.0,45,D,UNVERIFIED_PUBLISH_PATH,15,8586,v0.2.0
vwo-fme-node-sdk,1.60.0,25,F,UNVERIFIED_PUBLISH_PATH|SINGLE_MAINTAINER,1,8574,v0.2.0
'@lottiefiles/lottie-interactivity,1.6.2,33,F,UNVERIFIED_PUBLISH_PATH|DORMANT,2,8573,v0.2.0
view-design,4.7.0,33,F,UNVERIFIED_PUBLISH_PATH|DORMANT,3,8545,v0.2.0
'@egjs/grid,1.18.0,39,D,UNVERIFIED_PUBLISH_PATH,12,8536,v0.2.0
leaflet-ant-path,1.3.0,14,F,UNVERIFIED_PUBLISH_PATH|DORMANT|SINGLE_MAINTAINER,1,8525,v0.2.0
hopscotch,0.3.1,33,F,UNVERIFIED_PUBLISH_PATH|DORMANT,2,8523,v0.2.0
leaflet-extra-markers,2.0.1,25,F,UNVERIFIED_PUBLISH_PATH|SINGLE_MAINTAINER,1,8521,v0.2.0
'@material-icons/svg,1.0.33,19,F,UNVERIFIED_PUBLISH_PATH|DORMANT|SINGLE_MAINTAINER,1,8517,v0.2.0
hanzi-writer,3.7.3,25,F,UNVERIFIED_PUBLISH_PATH|SINGLE_MAINTAINER,1,8498,v0.2.0
'@fontsource-variable/noto-serif-sc,5.2.10,71,B,,2,8497,v0.2.0
'@rive-app/webgl2-advanced,2.38.5,87,A,,5,8484,v0.2.0
panolens,0.12.1,33,F,UNVERIFIED_PUBLISH_PATH|DORMANT,2,8470,v0.2.0
'@withfig/autocomplete,2.692.3,46,D,UNVERIFIED_PUBLISH_PATH,7,8464,v0.2.0
scandit-sdk,5.15.0,24,F,UNVERIFIED_PUBLISH_PATH|DORMANT|DEPRECATED,4,8453,v0.2.0
'@litertjs/core,2.5.3,40,D,UNVERIFIED_PUBLISH_PATH,4,8444,v0.2.0
'@fontsource/pt-mono,5.2.8,71,B,,2,8427,v0.2.0
videojs-http-source-selector,1.1.6,19,F,UNVERIFIED_PUBLISH_PATH|DORMANT|SINGLE_MAINTAINER,1,8423,v0.2.0
multiple-select,2.4.0,25,F,UNVERIFIED_PUBLISH_PATH|SINGLE_MAINTAINER,1,8411,v0.2.0
'@mojs/core,1.7.1,19,F,UNVERIFIED_PUBLISH_PATH|DORMANT|SINGLE_MAINTAINER,1,8407,v0.2.0
leaflet-minimap,3.6.1,19,F,UNVERIFIED_PUBLISH_PATH|DORMANT|SINGLE_MAINTAINER,1,8405,v0.2.0
luckyexcel,1.0.1,19,F,UNVERIFIED_PUBLISH_PATH|DORMANT|SINGLE_MAINTAINER,1,8402,v0.2.0
'@wix/wix-data-items-common,1.0.318,30,F,UNVERIFIED_PUBLISH_PATH,12,8392,v0.2.0
editorjs-toggle-block,0.3.16,39,D,UNVERIFIED_PUBLISH_PATH|DORMANT,2,8362,v0.2.0
'@wix/wix-data-items-sdk,1.0.536,30,F,UNVERIFIED_PUBLISH_PATH,12,8351,v0.2.0
ouibounce,0.0.12,33,F,UNVERIFIED_PUBLISH_PATH|DORMANT,2,8331,v0.2.0
'@c8y/ngx-components,1024.1.8,16,F,UNVERIFIED_PUBLISH_PATH|SINGLE_MAINTAINER,1,8303,v0.2.0
'@perspective-dev/viewer,4.5.2,40,D,UNVERIFIED_PUBLISH_PATH,2,8298,v0.2.0
device-uuid,3.0.4,63,C,INCONSISTENT_PUBLISH_PATH|SINGLE_MAINTAINER,1,8283,v0.2.0
'@alpinejs/resize,3.15.12,63,C,INCONSISTENT_PUBLISH_PATH|SINGLE_MAINTAINER,1,8279,v0.2.0
'@fontsource/saira-condensed,5.2.8,71,B,,2,8268,v0.2.0
'@salutejs/plasma-icons,1.242.0,46,D,UNVERIFIED_PUBLISH_PATH,4,8262,v0.2.0
editorjs-text-alignment-blocktune,1.0.3,19,F,UNVERIFIED_PUBLISH_PATH|DORMANT|SINGLE_MAINTAINER,1,8254,v0.2.0
'@fontsource/share-tech-mono,5.2.7,71,B,,2,8239,v0.2.0
pace-progress,1.0.2,33,F,UNVERIFIED_PUBLISH_PATH|DORMANT|DEPRECATED,2,8217,v0.2.0
splitting,1.1.0,19,F,UNVERIFIED_PUBLISH_PATH|DORMANT|SINGLE_MAINTAINER,1,8206,v0.2.0
shopar-plugin,1.2.2,21,F,UNVERIFIED_PUBLISH_PATH|SINGLE_MAINTAINER,1,8205,v0.2.0
jkanban,1.3.1,19,F,UNVERIFIED_PUBLISH_PATH|DORMANT|SINGLE_MAINTAINER,1,8197,v0.2.0
'@yandex/ymaps3-context-menu,0.0.2,35,D,UNVERIFIED_PUBLISH_PATH,2,8192,v0.2.0
winbox,0.2.82,19,F,UNVERIFIED_PUBLISH_PATH|DORMANT|SINGLE_MAINTAINER,1,8187,v0.2.0
'@fontsource/noto-sans-devanagari,5.2.8,71,B,,2,8180,v0.2.0
bootstrap-filestyle,1.2.1,19,F,UNVERIFIED_PUBLISH_PATH|DORMANT|SINGLE_MAINTAINER|DEPRECATED,1,8160,v0.2.0
'@material-symbols/svg-200,0.45.8,73,B,SINGLE_MAINTAINER,1,8145,v0.2.0
bootstrap-markdown,2.10.0,19,F,UNVERIFIED_PUBLISH_PATH|DORMANT|SINGLE_MAINTAINER,1,8145,v0.2.0
jquery.hotkeys,0.1.0,33,F,UNVERIFIED_PUBLISH_PATH|DORMANT,2,8122,v0.2.0
macy,2.5.1,33,F,UNVERIFIED_PUBLISH_PATH|DORMANT,2,8120,v0.2.0
just-detect-adblock,1.1.0,19,F,UNVERIFIED_PUBLISH_PATH|DORMANT|SINGLE_MAINTAINER,1,8119,v0.2.0
tether-drop,1.4.2,28,F,UNVERIFIED_PUBLISH_PATH|DORMANT|PUBLISHER_NOT_MAINTAINER,10,8119,v0.2.0
'@fluid-topics/public-api,1.0.129,35,D,UNVERIFIED_PUBLISH_PATH,3,8115,v0.2.0
dsbridge,3.1.4,10,F,UNVERIFIED_PUBLISH_PATH|DORMANT|SINGLE_MAINTAINER,1,8107,v0.2.0
'@fontsource-variable/noto-sans-hebrew,5.2.8,71,B,,2,8097,v0.2.0
'@iconify-json/flag,1.2.12,21,F,UNVERIFIED_PUBLISH_PATH|SINGLE_MAINTAINER,1,8095,v0.2.0
jquery-confirm,3.3.4,19,F,UNVERIFIED_PUBLISH_PATH|DORMANT|SINGLE_MAINTAINER,1,8075,v0.2.0
jsface,2.4.9,19,F,UNVERIFIED_PUBLISH_PATH|DORMANT|SINGLE_MAINTAINER,1,8074,v0.2.0
'@jspreadsheet/formula-pro,6.0.8,25,F,UNVERIFIED_PUBLISH_PATH|SINGLE_MAINTAINER,1,8072,v0.2.0
'@snowplow/browser-plugin-ecommerce,3.24.6,33,F,UNVERIFIED_PUBLISH_PATH|DORMANT,3,8046,v0.2.0
'@wix/filter-builder,1.0.244,30,F,UNVERIFIED_PUBLISH_PATH,12,8041,v0.2.0
'@fontsource/unbounded,5.2.8,71,B,,2,8036,v0.2.0
slickgrid,5.18.6,87,A,,2,8032,v0.2.0
css.gg,2.1.4,19,F,UNVERIFIED_PUBLISH_PATH|DORMANT|SINGLE_MAINTAINER|BRANCH_REQUIRES_SIGNATURES|BRANCH_REQUIRES_PR,1,8029,v0.2.0
sticky-kit,1.1.3,19,F,UNVERIFIED_PUBLISH_PATH|DORMANT|SINGLE_MAINTAINER,1,8012,v0.2.0
'@millicast/sdk,0.6.1,34,F,UNVERIFIED_PUBLISH_PATH|PUBLISHER_NOT_MAINTAINER|BRANCH_REQUIRES_PR,5,8009,v0.2.0
'@fontsource/comfortaa,5.2.8,71,B,,2,7995,v0.2.0
notiflix,3.2.8,39,D,UNVERIFIED_PUBLISH_PATH|DORMANT,2,7990,v0.2.0
virtual-scroll,2.2.1,19,F,UNVERIFIED_PUBLISH_PATH|DORMANT|SINGLE_MAINTAINER,1,7981,v0.2.0
photoswipe-video-plugin,1.0.2,19,F,UNVERIFIED_PUBLISH_PATH|DORMANT|SINGLE_MAINTAINER,1,7974,v0.2.0
'@atomic-reactor/reactium-ui,0.3.6,28,F,UNVERIFIED_PUBLISH_PATH|DORMANT,2,7965,v0.2.0
source-sans-pro,3.6.0,19,F,UNVERIFIED_PUBLISH_PATH|DORMANT|SINGLE_MAINTAINER|DEPRECATED,1,7959,v0.2.0
currency-flags,4.0.7,33,F,UNVERIFIED_PUBLISH_PATH|DORMANT|DEPRECATED,4,7942,v0.2.0
iview,3.5.4,33,F,UNVERIFIED_PUBLISH_PATH|DORMANT,8,7937,v0.2.0
videojs-seek-buttons,3.0.1,19,F,UNVERIFIED_PUBLISH_PATH|DORMANT|SINGLE_MAINTAINER,1,7937,v0.2.0
leaflet-image,0.4.0,14,F,UNVERIFIED_PUBLISH_PATH|DORMANT|SINGLE_MAINTAINER|PUBLISHER_NOT_MAINTAINER,1,7933,v0.2.0
moment-recur,1.0.7,19,F,UNVERIFIED_PUBLISH_PATH|DORMANT|SINGLE_MAINTAINER,1,7908,v0.2.0
'@fontsource-variable/karla,5.2.8,71,B,,2,7906,v0.2.0
babylonjs-loaders,9.17.0,25,F,UNVERIFIED_PUBLISH_PATH|SINGLE_MAINTAINER,1,7903,v0.2.0
'@photo-sphere-viewer/autorotate-plugin,5.14.3,73,B,SINGLE_MAINTAINER,1,7884,v0.2.0
'@wix/auto_sdk_ecom_additional-fees,1.0.48,30,F,UNVERIFIED_PUBLISH_PATH,12,7873,v0.2.0
mdbootstrap,4.20.0,33,F,UNVERIFIED_PUBLISH_PATH|DORMANT,17,7870,v0.2.0
bitmovin-analytics,2.58.0,21,F,UNVERIFIED_PUBLISH_PATH|SINGLE_MAINTAINER,1,7864,v0.2.0
'@coderline/alphatab,1.8.4,25,F,UNVERIFIED_PUBLISH_PATH|SINGLE_MAINTAINER,1,7847,v0.2.0
flowise-embed,3.1.6,35,D,UNVERIFIED_PUBLISH_PATH,10,7844,v0.2.0
'@fontsource-variable/noto-serif-jp,5.2.9,71,B,,2,7826,v0.2.0
'@twemoji/svg,15.0.0,33,F,UNVERIFIED_PUBLISH_PATH|DORMANT,2,7813,v0.2.0
'@fontsource-variable/unbounded,5.2.8,71,B,,2,7808,v0.2.0
'@vant/touch-emulator,1.5.0,26,F,UNVERIFIED_PUBLISH_PATH|SINGLE_MAINTAINER,1,7799,v0.2.0
'@snowplow/browser-plugin-optimizely-x,4.8.4,39,D,UNVERIFIED_PUBLISH_PATH,3,7782,v0.2.0
'@mskcc/fundamentals,2.7.3,30,F,UNVERIFIED_PUBLISH_PATH,6,7774,v0.2.0
htmx-ext-sse,2.2.4,39,D,UNVERIFIED_PUBLISH_PATH,2,7766,v0.2.0
card,2.5.4,33,F,UNVERIFIED_PUBLISH_PATH|DORMANT,2,7757,v0.2.0
'@flagship.io/js-sdk,5.2.0,87,A,,4,7756,v0.2.0
'@wix/data,1.0.487,30,F,UNVERIFIED_PUBLISH_PATH,12,7755,v0.2.0
lightgallery.js,1.4.0,19,F,UNVERIFIED_PUBLISH_PATH|DORMANT|SINGLE_MAINTAINER,1,7755,v0.2.0
svg-injector,1.1.3,19,F,UNVERIFIED_PUBLISH_PATH|DORMANT|SINGLE_MAINTAINER,1,7755,v0.2.0
'@wix/site,1.64.0,30,F,UNVERIFIED_PUBLISH_PATH,12,7751,v0.2.0
jquery-datatables-checkboxes,1.3.0,19,F,UNVERIFIED_PUBLISH_PATH|DORMANT|SINGLE_MAINTAINER,1,7749,v0.2.0
gifsicle-wasm-browser,1.5.19,25,F,UNVERIFIED_PUBLISH_PATH|SINGLE_MAINTAINER,1,7746,v0.2.0
filepond-plugin-image-filter,1.0.1,19,F,UNVERIFIED_PUBLISH_PATH|DORMANT|SINGLE_MAINTAINER,1,7739,v0.2.0
vega-datasets,3.2.1,39,D,UNVERIFIED_PUBLISH_PATH,6,7738,v0.2.0
hyphenopoly,6.1.0,25,F,UNVERIFIED_PUBLISH_PATH|SINGLE_MAINTAINER,1,7720,v0.2.0
idpay-b2b-sdk,2.2.2,25,F,UNVERIFIED_PUBLISH_PATH|SINGLE_MAINTAINER,1,7717,v0.2.0
'@wix/authentication,1.16.0,30,F,UNVERIFIED_PUBLISH_PATH,12,7713,v0.2.0
'@thi.ng/vectors,8.6.37,21,F,UNVERIFIED_PUBLISH_PATH|SINGLE_MAINTAINER,1,7705,v0.2.0
'@dragdroptouch/drag-drop-touch,2.0.3,39,D,UNVERIFIED_PUBLISH_PATH,2,7698,v0.2.0
'@bigbinary/neeto-molecules,5.2.22,39,D,UNVERIFIED_PUBLISH_PATH,3,7692,v0.2.0
mathquill,0.10.1-a,28,F,UNVERIFIED_PUBLISH_PATH|DORMANT|PUBLISHER_NOT_MAINTAINER,2,7666,v0.2.0
'@fontsource/roboto-flex,5.2.8,71,B,,2,7659,v0.2.0
'@fontsource/m-plus-rounded-1c,5.2.10,71,B,,2,7654,v0.2.0
'@fontsource/zen-kaku-gothic-new,5.2.7,71,B,,2,7644,v0.2.0
phosphor-icons,1.4.2,14,F,UNVERIFIED_PUBLISH_PATH|DORMANT|SINGLE_MAINTAINER,1,7604,v0.2.0
highgain,0.1.0,16,F,UNVERIFIED_PUBLISH_PATH|SINGLE_MAINTAINER,1,7603,v0.2.0
hooper,0.3.4,24,F,UNVERIFIED_PUBLISH_PATH|DORMANT,2,7582,v0.2.0
flickity-sync,3.0.0,19,F,UNVERIFIED_PUBLISH_PATH|DORMANT|SINGLE_MAINTAINER,1,7549,v0.2.0
clippyjs,0.1.0,25,F,UNVERIFIED_PUBLISH_PATH|SINGLE_MAINTAINER,1,7544,v0.2.0
ractive,1.4.4,33,F,UNVERIFIED_PUBLISH_PATH|DORMANT,4,7538,v0.2.0
angular-bootstrap-calendar,1.0.0,19,F,UNVERIFIED_PUBLISH_PATH|DORMANT|SINGLE_MAINTAINER,1,7536,v0.2.0
'@fontsource/ibm-plex-sans-thai,5.2.8,71,B,,2,7532,v0.2.0
'@alaskaairux/icons,5.24.0,32,F,UNVERIFIED_PUBLISH_PATH|SINGLE_MAINTAINER,1,7505,v0.2.0
rhino3dm,8.17.0,34,F,UNVERIFIED_PUBLISH_PATH,3,7500,v0.2.0
webui-popover,1.2.18,19,F,UNVERIFIED_PUBLISH_PATH|DORMANT|SINGLE_MAINTAINER,1,7483,v0.2.0
'@openui5/themelib_sap_belize,1.150.0,34,F,UNVERIFIED_PUBLISH_PATH,2,7476,v0.2.0
js-brasil,2.8.0,25,F,UNVERIFIED_PUBLISH_PATH|SINGLE_MAINTAINER,1,7465,v0.2.0
fitvids,2.1.1,19,F,UNVERIFIED_PUBLISH_PATH|DORMANT|SINGLE_MAINTAINER,1,7455,v0.2.0
systemjs-plugin-babel,0.0.25,19,F,UNVERIFIED_PUBLISH_PATH|DORMANT|SINGLE_MAINTAINER,1,7430,v0.2.0
dohjs,0.3.3,19,F,UNVERIFIED_PUBLISH_PATH|DORMANT|SINGLE_MAINTAINER,1,7429,v0.2.0
'@silvermine/videojs-quality-selector,1.3.1,33,F,UNVERIFIED_PUBLISH_PATH|DORMANT,5,7417,v0.2.0
'@wix/auto_sdk_data_tasks,1.0.40,30,F,UNVERIFIED_PUBLISH_PATH,12,7414,v0.2.0
'@fontsource/alegreya,5.2.8,71,B,,2,7397,v0.2.0
'@hyperlane-xyz/registry,25.3.0,82,B,,4,7397,v0.2.0
'@wix/auto_sdk_data_collections,1.0.88,30,F,UNVERIFIED_PUBLISH_PATH,12,7395,v0.2.0
bootstrap-datetime-picker,2.4.4,19,F,UNVERIFIED_PUBLISH_PATH|DORMANT|SINGLE_MAINTAINER,1,7387,v0.2.0
lato-font,3.0.0,19,F,UNVERIFIED_PUBLISH_PATH|DORMANT|SINGLE_MAINTAINER,1,7383,v0.2.0
'@fontsource-variable/google-sans-flex,5.2.3,81,B,,2,7372,v0.2.0
svg-gauge,1.0.7,19,F,UNVERIFIED_PUBLISH_PATH|DORMANT|SINGLE_MAINTAINER,1,7367,v0.2.0
leaflet.awesome-markers,2.0.5,14,F,UNVERIFIED_PUBLISH_PATH|DORMANT|SINGLE_MAINTAINER|PUBLISHER_NOT_MAINTAINER,1,7352,v0.2.0
vue-numeric,2.5.1,19,F,UNVERIFIED_PUBLISH_PATH|DORMANT|SINGLE_MAINTAINER,1,7332,v0.2.0
riot,10.1.4,25,F,UNVERIFIED_PUBLISH_PATH|SINGLE_MAINTAINER,1,7327,v0.2.0
'@wix/auto_sdk_data_backups,1.0.66,30,F,UNVERIFIED_PUBLISH_PATH,12,7318,v0.2.0
'@pmndrs/uikit-lucide,1.0.74,82,B,,8,7313,v0.2.0
'@wix/auto_sdk_data_permissions,1.0.50,30,F,UNVERIFIED_PUBLISH_PATH,12,7312,v0.2.0
'@wix/auto_sdk_data_indexes,1.0.53,30,F,UNVERIFIED_PUBLISH_PATH,12,7305,v0.2.0
'@wix/auto_sdk_data_external-database-connections,1.0.49,30,F,UNVERIFIED_PUBLISH_PATH,12,7293,v0.2.0
'@wix/auto_sdk_data_movement-jobs,1.0.56,30,F,UNVERIFIED_PUBLISH_PATH,12,7291,v0.2.0
typeface-lato,1.1.13,14,F,UNVERIFIED_PUBLISH_PATH|DORMANT|SINGLE_MAINTAINER,1,7289,v0.2.0
'@wix/auto_sdk_ecom_cart-v-2,1.0.168,30,F,UNVERIFIED_PUBLISH_PATH,12,7285,v0.2.0
gif.js.optimized,1.0.1,19,F,UNVERIFIED_PUBLISH_PATH|DORMANT|SINGLE_MAINTAINER,1,7282,v0.2.0
'@wix/auto_sdk_ecom_payment-settings,1.0.136,30,F,UNVERIFIED_PUBLISH_PATH,12,7278,v0.2.0
'@wix/auto_sdk_data_external-database,1.0.30,30,F,UNVERIFIED_PUBLISH_PATH,12,7268,v0.2.0
benz-amr-recorder,1.1.5,19,F,UNVERIFIED_PUBLISH_PATH|DORMANT|SINGLE_MAINTAINER,1,7260,v0.2.0
bxslider,4.2.17,19,F,UNVERIFIED_PUBLISH_PATH|DORMANT|SINGLE_MAINTAINER,1,7242,v0.2.0
'@snowplow/browser-plugin-enhanced-ecommerce,4.8.4,39,D,UNVERIFIED_PUBLISH_PATH,3,7226,v0.2.0
kjua,0.10.0,19,F,UNVERIFIED_PUBLISH_PATH|DORMANT|SINGLE_MAINTAINER,1,7216,v0.2.0
'@fontsource/pretendard,5.2.5,71,B,,2,7215,v0.2.0
'@wix/auto_sdk_data_sharing,1.0.21,30,F,UNVERIFIED_PUBLISH_PATH,12,7214,v0.2.0
'@wix/metro-runtime,1.2121.0,30,F,UNVERIFIED_PUBLISH_PATH,12,7208,v0.2.0
'@fontsource/architects-daughter,5.2.7,71,B,,2,7202,v0.2.0
'@wix/auto_sdk_ecom_order-transactions,1.0.100,30,F,UNVERIFIED_PUBLISH_PATH,12,7184,v0.2.0
'@wix/auto_sdk_ecom_order-billing,1.0.95,30,F,UNVERIFIED_PUBLISH_PATH,12,7175,v0.2.0
spectrum-colorpicker2,2.0.10,15,F,UNVERIFIED_PUBLISH_PATH|DORMANT|SINGLE_MAINTAINER,1,7175,v0.2.0
'@pipedrive/app-extensions-sdk,0.16.0,84,B,INCONSISTENT_PUBLISH_PATH,3,7174,v0.2.0
marked-linkify-it,4.0.0,73,B,SINGLE_MAINTAINER,1,7170,v0.2.0
leaflet-textpath,1.3.0,39,D,UNVERIFIED_PUBLISH_PATH,7,7169,v0.2.0
simple-notify,1.0.6,19,F,UNVERIFIED_PUBLISH_PATH|DORMANT|SINGLE_MAINTAINER,1,7160,v0.2.0
'@fontsource/albert-sans,5.2.8,71,B,,2,7156,v0.2.0
'@wix/auto_sdk_ecom_tip-settings,1.0.53,30,F,UNVERIFIED_PUBLISH_PATH,12,7152,v0.2.0
jsmediatags,3.9.7,19,F,UNVERIFIED_PUBLISH_PATH|DORMANT|SINGLE_MAINTAINER,1,7151,v0.2.0
flickity-fade,2.0.0,19,F,UNVERIFIED_PUBLISH_PATH|DORMANT|SINGLE_MAINTAINER,1,7149,v0.2.0
'@hmcts/ccd-case-ui-toolkit,7.3.75,94,A,,6,7129,v0.2.0
'@wix/auto_sdk_ecom_totals-calculator,1.0.108,30,F,UNVERIFIED_PUBLISH_PATH,12,7109,v0.2.0
orgchart,5.0.0,19,F,UNVERIFIED_PUBLISH_PATH|DORMANT|SINGLE_MAINTAINER,1,7098,v0.2.0
next-csrf,0.2.1,19,F,UNVERIFIED_PUBLISH_PATH|DORMANT|SINGLE_MAINTAINER,1,7097,v0.2.0
zoom-vanilla.js,2.0.6,19,F,UNVERIFIED_PUBLISH_PATH|DORMANT|SINGLE_MAINTAINER,1,7096,v0.2.0
snazzy-info-window,1.1.1,19,F,UNVERIFIED_PUBLISH_PATH|DORMANT|SINGLE_MAINTAINER,1,7077,v0.2.0
blaze-slider,1.9.3,15,F,UNVERIFIED_PUBLISH_PATH|DORMANT|SINGLE_MAINTAINER,1,7072,v0.2.0
breeze-client,2.2.2,39,D,UNVERIFIED_PUBLISH_PATH,5,7070,v0.2.0
'@tsparticles/plugin-sounds,4.3.2,69,C,INCONSISTENT_PUBLISH_PATH|SINGLE_MAINTAINER,1,7056,v0.2.0
readmore-js,2.2.1,19,F,UNVERIFIED_PUBLISH_PATH|DORMANT|SINGLE_MAINTAINER,1,7055,v0.2.0
'@genpact/genome.mfe.solidify-app,3.15.0,21,F,UNVERIFIED_PUBLISH_PATH|SINGLE_MAINTAINER,1,7034,v0.2.0
'@wix/wix-ui-test-utils,1.3.5,30,F,UNVERIFIED_PUBLISH_PATH,6,7024,v0.2.0
anychart,8.14.1,25,F,UNVERIFIED_PUBLISH_PATH|SINGLE_MAINTAINER,1,7023,v0.2.0
jquery-typeahead,2.11.1,19,F,UNVERIFIED_PUBLISH_PATH|DORMANT|SINGLE_MAINTAINER,1,7019,v0.2.0
linkify-plugin-mention,4.3.3,79,B,SINGLE_MAINTAINER,1,7017,v0.2.0
bulma-extensions,6.2.7,28,F,UNVERIFIED_PUBLISH_PATH|DORMANT|PUBLISHER_NOT_MAINTAINER|DEPRECATED,2,7013,v0.2.0
'@wix/auto_sdk_ecom_catalog,1.0.59,30,F,UNVERIFIED_PUBLISH_PATH,12,7007,v0.2.0
devextreme-aspnet-data,5.1.0,47,D,UNVERIFIED_PUBLISH_PATH,3,6999,v0.2.0
mapbox-gl-leaflet,0.0.16,33,F,UNVERIFIED_PUBLISH_PATH|DORMANT,5,6997,v0.2.0
angular-nvd3,1.0.9,19,F,UNVERIFIED_PUBLISH_PATH|DORMANT|SINGLE_MAINTAINER,1,6989,v0.2.0
'@sun-typeface/suit,2.0.5,33,F,UNVERIFIED_PUBLISH_PATH|DORMANT,2,6987,v0.2.0
'@wix/auto_sdk_ecom_delivery-profile,1.0.423,30,F,UNVERIFIED_PUBLISH_PATH,12,6986,v0.2.0
'@3d-dice/dice-box,1.1.4,19,F,UNVERIFIED_PUBLISH_PATH|DORMANT|SINGLE_MAINTAINER,1,6975,v0.2.0
'@wix/unidriver-core,1.5.5,30,F,UNVERIFIED_PUBLISH_PATH,12,6964,v0.2.0
chartjs-plugin-colorschemes,0.4.0,19,F,UNVERIFIED_PUBLISH_PATH|DORMANT|SINGLE_MAINTAINER,1,6961,v0.2.0
'@wix/auto_sdk_ecom_cart,1.0.169,30,F,UNVERIFIED_PUBLISH_PATH,12,6953,v0.2.0
'@wix/auto_sdk_ecom_shipping-options,1.0.187,30,F,UNVERIFIED_PUBLISH_PATH,12,6948,v0.2.0
'@iconify-json/majesticons,1.2.5,21,F,UNVERIFIED_PUBLISH_PATH|SINGLE_MAINTAINER,1,6939,v0.2.0
'@deriv-com/quill-tokens,2.0.31,32,F,UNVERIFIED_PUBLISH_PATH|SINGLE_MAINTAINER,1,6935,v0.2.0
cross-storage,1.0.0,26,F,UNVERIFIED_PUBLISH_PATH|DORMANT|SINGLE_MAINTAINER,1,6929,v0.2.0
microtip,0.2.2,19,F,UNVERIFIED_PUBLISH_PATH|DORMANT|SINGLE_MAINTAINER,1,6925,v0.2.0
'@wix/auto_sdk_ecom_subscription-contracts,1.0.119,30,F,UNVERIFIED_PUBLISH_PATH,12,6918,v0.2.0
'@wix/auto_sdk_ecom_checkout-templates,1.0.145,30,F,UNVERIFIED_PUBLISH_PATH,12,6916,v0.2.0
polyfill,0.1.0,28,F,UNVERIFIED_PUBLISH_PATH|DORMANT,2,6912,v0.2.0
ng-material-datetimepicker,1.20.0,19,F,UNVERIFIED_PUBLISH_PATH|DORMANT|SINGLE_MAINTAINER,1,6906,v0.2.0
'@wix/auto_sdk_ecom_current-cart-v-2,1.0.169,30,F,UNVERIFIED_PUBLISH_PATH,12,6891,v0.2.0
videojs-mobile-ui,1.2.6,25,F,UNVERIFIED_PUBLISH_PATH|SINGLE_MAINTAINER,1,6863,v0.2.0
ppu-ocv,4.0.0,76,B,INCONSISTENT_PUBLISH_PATH|SINGLE_MAINTAINER,1,6853,v0.2.0
'@wix/auto_sdk_ecom_orders,1.0.273,30,F,UNVERIFIED_PUBLISH_PATH,12,6829,v0.2.0
'@fontsource/ibm-plex-sans-jp,5.2.8,71,B,,2,6828,v0.2.0
'@wix/auto_sdk_ecom_draft-orders,1.0.163,30,F,UNVERIFIED_PUBLISH_PATH,12,6817,v0.2.0
htmx-ext-preload,2.1.2,25,F,UNVERIFIED_PUBLISH_PATH|SINGLE_MAINTAINER,1,6806,v0.2.0
'@wix/ecom_app-extensions,1.0.106,30,F,UNVERIFIED_PUBLISH_PATH,12,6802,v0.2.0
justgage,2.0.1,39,D,UNVERIFIED_PUBLISH_PATH,2,6794,v0.2.0
'@fontsource-variable/libre-franklin,5.2.8,71,B,,2,6793,v0.2.0
verovio,6.2.0,25,F,UNVERIFIED_PUBLISH_PATH|SINGLE_MAINTAINER,1,6781,v0.2.0
'@iconify-json/mynaui,1.2.19,21,F,UNVERIFIED_PUBLISH_PATH|SINGLE_MAINTAINER,1,6771,v0.2.0
'@sum.cumo/vue-datepicker,5.0.0,33,F,UNVERIFIED_PUBLISH_PATH|DORMANT,6,6766,v0.2.0
numeraljs,1.5.6,33,F,UNVERIFIED_PUBLISH_PATH|DORMANT,2,6760,v0.2.0
'@wix/auto_sdk_ecom_memberships,1.0.60,30,F,UNVERIFIED_PUBLISH_PATH,12,6749,v0.2.0
vimeo-froogaloop2,0.1.1,19,F,UNVERIFIED_PUBLISH_PATH|DORMANT|SINGLE_MAINTAINER,1,6746,v0.2.0
vue-snotify,3.2.1,14,F,UNVERIFIED_PUBLISH_PATH|DORMANT|SINGLE_MAINTAINER,1,6733,v0.2.0
ngx-select-dropdown,3.3.2,19,F,UNVERIFIED_PUBLISH_PATH|DORMANT|SINGLE_MAINTAINER,1,6730,v0.2.0
mo-js,0.288.2,19,F,UNVERIFIED_PUBLISH_PATH|DORMANT|SINGLE_MAINTAINER,1,6725,v0.2.0
gettext.js,2.0.3,15,F,UNVERIFIED_PUBLISH_PATH|DORMANT|SINGLE_MAINTAINER,1,6719,v0.2.0
'@splidejs/splide-extension-video,0.8.0,19,F,UNVERIFIED_PUBLISH_PATH|DORMANT|SINGLE_MAINTAINER,1,6718,v0.2.0
jsoniq,0.0.8,19,F,UNVERIFIED_PUBLISH_PATH|DORMANT|SINGLE_MAINTAINER,1,6714,v0.2.0
stimulus-dropdown,2.1.0,14,F,UNVERIFIED_PUBLISH_PATH|DORMANT|SINGLE_MAINTAINER|DEPRECATED,1,6713,v0.2.0
'@wix/auto_sdk_ecom_abandoned-checkouts,1.0.76,30,F,UNVERIFIED_PUBLISH_PATH,12,6711,v0.2.0
'@fontsource/alfa-slab-one,5.2.8,71,B,,2,6703,v0.2.0
'@opentiny/vue-icon,3.30.0,20,F,UNVERIFIED_PUBLISH_PATH|SINGLE_MAINTAINER,1,6703,v0.2.0
'@wix/auto_sdk_ecom_discount-rules,1.0.110,30,F,UNVERIFIED_PUBLISH_PATH,12,6700,v0.2.0
'@wix/auto_sdk_ecom_order-payment-requests,1.0.61,30,F,UNVERIFIED_PUBLISH_PATH,12,6700,v0.2.0
'@wix/auto_sdk_ecom_checkout-settings,1.0.66,30,F,UNVERIFIED_PUBLISH_PATH,12,6696,v0.2.0
'@wix/auto_sdk_ecom_validations,1.0.54,30,F,UNVERIFIED_PUBLISH_PATH,12,6696,v0.2.0
'@wix/headless-blog,0.0.34,30,F,UNVERIFIED_PUBLISH_PATH,12,6689,v0.2.0
'@wix/auto_sdk_ecom_delivery-solutions,1.0.60,30,F,UNVERIFIED_PUBLISH_PATH,12,6688,v0.2.0
'@fontsource-variable/jost,5.2.8,71,B,,2,6680,v0.2.0
'@wix/auto_sdk_ecom_pickup-locations,1.0.49,30,F,UNVERIFIED_PUBLISH_PATH,12,6675,v0.2.0
dragscroll,0.0.8,14,F,UNVERIFIED_PUBLISH_PATH|DORMANT|SINGLE_MAINTAINER,1,6675,v0.2.0
'@wix/auto_sdk_ecom_local-delivery-options,1.0.51,30,F,UNVERIFIED_PUBLISH_PATH,12,6674,v0.2.0
'@wix/auto_sdk_ecom_tips,1.0.61,30,F,UNVERIFIED_PUBLISH_PATH,12,6673,v0.2.0
'@wix/auto_sdk_ecom_shippo-configurations,1.0.68,30,F,UNVERIFIED_PUBLISH_PATH,12,6668,v0.2.0
'@wix/auto_sdk_ecom_order-fulfillments,1.0.60,30,F,UNVERIFIED_PUBLISH_PATH,12,6667,v0.2.0
zuck.js,2.1.1,25,F,UNVERIFIED_PUBLISH_PATH|SINGLE_MAINTAINER,1,6664,v0.2.0
'@wix/auto_sdk_ecom_back-in-stock-notifications,1.0.61,30,F,UNVERIFIED_PUBLISH_PATH,12,6658,v0.2.0
'@wix/auto_sdk_ecom_order-invoices,1.0.51,30,F,UNVERIFIED_PUBLISH_PATH,12,6657,v0.2.0
'@wix/auto_sdk_ecom_orders-settings,1.0.53,30,F,UNVERIFIED_PUBLISH_PATH,12,6655,v0.2.0
'@wix/auto_sdk_ecom_gift-vouchers-provider,1.0.34,30,F,UNVERIFIED_PUBLISH_PATH,12,6644,v0.2.0
'@fontsource/dosis,5.2.8,71,B,,2,6641,v0.2.0
pivottable,2.23.0,19,F,UNVERIFIED_PUBLISH_PATH|DORMANT|SINGLE_MAINTAINER,1,6639,v0.2.0
lucky-canvas,1.7.27,28,F,UNVERIFIED_PUBLISH_PATH|DORMANT,2,6617,v0.2.0
'@feathersjs/client,5.0.46,39,D,UNVERIFIED_PUBLISH_PATH,2,6604,v0.2.0
'@barba/core,2.10.3,33,F,UNVERIFIED_PUBLISH_PATH|DORMANT,3,6597,v0.2.0
wow.js,1.2.2,19,F,UNVERIFIED_PUBLISH_PATH|DORMANT|SINGLE_MAINTAINER|DEPRECATED,1,6597,v0.2.0
boosted,5.3.8,52,C,UNVERIFIED_PUBLISH_PATH,5,6592,v0.2.0
tarteaucitronjs,1.34.0,31,F,UNVERIFIED_PUBLISH_PATH|SINGLE_MAINTAINER,1,6590,v0.2.0
'@wix/form-public,0.321.0,30,F,UNVERIFIED_PUBLISH_PATH,12,6583,v0.2.0
'@crystaldesign/diva-web-planner-react,26.7.7,21,F,UNVERIFIED_PUBLISH_PATH|SINGLE_MAINTAINER,1,6573,v0.2.0
'@fontsource/saira,5.2.11,71,B,,2,6557,v0.2.0
'@wix/auto_sdk_ecom_tax-groups,1.0.60,30,F,UNVERIFIED_PUBLISH_PATH,12,6537,v0.2.0
infinite-scroll,5.0.0,25,F,UNVERIFIED_PUBLISH_PATH|SINGLE_MAINTAINER,1,6535,v0.2.0
'@hackler/javascript-sdk,11.56.0,30,F,UNVERIFIED_PUBLISH_PATH,2,6531,v0.2.0
'@wix/auto_sdk_ecom_tax-calculation-provider,1.0.29,30,F,UNVERIFIED_PUBLISH_PATH,12,6526,v0.2.0
'@eid-easy/eideasy-widget,3.17.0,39,D,UNVERIFIED_PUBLISH_PATH,2,6515,v0.2.0
'@wix/auto_sdk_ecom_tax-regions,1.0.57,30,F,UNVERIFIED_PUBLISH_PATH,12,6515,v0.2.0
'@derockdev/discord-components-core,3.6.1,26,F,UNVERIFIED_PUBLISH_PATH|DORMANT|SINGLE_MAINTAINER,1,6509,v0.2.0
'@calumk/editorjs-columns,0.4.0,73,B,SINGLE_MAINTAINER,1,6504,v0.2.0
ng-zorro-antd-mobile,10.0.0,33,F,UNVERIFIED_PUBLISH_PATH|DORMANT,3,6501,v0.2.0
'@aurodesignsystem/auro-icon,9.2.0,89,A,BRANCH_REQUIRES_PR,8,6481,v0.2.0
jgrowl,1.5.1,19,F,UNVERIFIED_PUBLISH_PATH|DORMANT|SINGLE_MAINTAINER,1,6480,v0.2.0
'@alpinejs/ui,3.15.12,63,C,INCONSISTENT_PUBLISH_PATH|SINGLE_MAINTAINER,1,6456,v0.2.0
'@primer-io/primer-js,1.6.3,35,D,UNVERIFIED_PUBLISH_PATH,2,6441,v0.2.0
jquery-circle-progress,1.2.2,19,F,UNVERIFIED_PUBLISH_PATH|DORMANT|SINGLE_MAINTAINER,1,6441,v0.2.0
jquery-ui-multiselect-widget,3.0.1,19,F,UNVERIFIED_PUBLISH_PATH|DORMANT|SINGLE_MAINTAINER,1,6440,v0.2.0
'@svgdotjs/svg.panzoom.js,2.1.2,33,F,UNVERIFIED_PUBLISH_PATH|DORMANT,2,6434,v0.2.0
jquery.json-viewer,1.5.0,19,F,UNVERIFIED_PUBLISH_PATH|DORMANT|SINGLE_MAINTAINER,1,6432,v0.2.0
'@feathery/react,2.54.1,94,A,BRANCH_REQUIRES_PR,4,6426,v0.2.0
'@iconify-json/devicon,1.2.62,21,F,UNVERIFIED_PUBLISH_PATH|SINGLE_MAINTAINER,1,6422,v0.2.0
lvovich,2.1.0,25,F,UNVERIFIED_PUBLISH_PATH|SINGLE_MAINTAINER,1,6421,v0.2.0
naja,3.3.3,63,C,SINGLE_MAINTAINER,1,6418,v0.2.0
'@wix/auto_sdk_ecom_recommendations-provider,1.0.32,30,F,UNVERIFIED_PUBLISH_PATH,12,6417,v0.2.0
'@wix/headless-cms,0.0.50,30,F,UNVERIFIED_PUBLISH_PATH,12,6416,v0.2.0
vue-simple-spinner,1.2.10,19,F,UNVERIFIED_PUBLISH_PATH|DORMANT|SINGLE_MAINTAINER,1,6401,v0.2.0
'@mediapipe/tasks-text,0.10.35,30,F,UNVERIFIED_PUBLISH_PATH,8,6380,v0.2.0
beautifymarker,1.0.9,19,F,UNVERIFIED_PUBLISH_PATH|DORMANT|SINGLE_MAINTAINER,1,6378,v0.2.0
'@aurodesignsystem/auro-library,5.13.1,46,D,UNVERIFIED_PUBLISH_PATH,8,6356,v0.2.0
bootstrap4-toggle,3.6.1,19,F,UNVERIFIED_PUBLISH_PATH|DORMANT|SINGLE_MAINTAINER,1,6343,v0.2.0
'@snowplow/browser-plugin-debugger,4.8.4,39,D,UNVERIFIED_PUBLISH_PATH,3,6342,v0.2.0
jquery.ripples,0.6.3,19,F,UNVERIFIED_PUBLISH_PATH|DORMANT|SINGLE_MAINTAINER,1,6340,v0.2.0
jquery.inputmask,3.3.4,19,F,UNVERIFIED_PUBLISH_PATH|DORMANT|SINGLE_MAINTAINER|DEPRECATED,1,6339,v0.2.0
photoeditorsdk,5.20.0,39,D,UNVERIFIED_PUBLISH_PATH,12,6339,v0.2.0
'@wix/auto_sdk_ecom_manual-tax-mappings,1.0.37,30,F,UNVERIFIED_PUBLISH_PATH,12,6327,v0.2.0
cnchar-data,1.1.0,19,F,UNVERIFIED_PUBLISH_PATH|DORMANT|SINGLE_MAINTAINER,1,6321,v0.2.0
'@fontsource/allura,5.2.8,71,B,,2,6320,v0.2.0
'@accessible360/accessible-slick,1.0.1,28,F,UNVERIFIED_PUBLISH_PATH|DORMANT|PUBLISHER_NOT_MAINTAINER,2,6315,v0.2.0
mp3-parser,0.3.0,19,F,UNVERIFIED_PUBLISH_PATH|DORMANT|SINGLE_MAINTAINER,1,6305,v0.2.0
date-input-polyfill,2.14.0,19,F,UNVERIFIED_PUBLISH_PATH|DORMANT|SINGLE_MAINTAINER,1,6299,v0.2.0
'@pnotify/core,5.2.0,19,F,UNVERIFIED_PUBLISH_PATH|DORMANT|SINGLE_MAINTAINER,1,6293,v0.2.0
'@fontsource-variable/comfortaa,5.2.8,71,B,,2,6285,v0.2.0
'@wix/auto_sdk_ecom_gift-vouchers,1.0.42,30,F,UNVERIFIED_PUBLISH_PATH,12,6276,v0.2.0
'@wix/auto_sdk_ecom_currencies,1.0.34,30,F,UNVERIFIED_PUBLISH_PATH,12,6273,v0.2.0
'@wix/auto_sdk_ecom_recommendations,1.0.45,30,F,UNVERIFIED_PUBLISH_PATH,12,6273,v0.2.0
'@wix/auto_sdk_ecom_tippable-staff,1.0.39,30,F,UNVERIFIED_PUBLISH_PATH,12,6270,v0.2.0
igniteui-angular,22.0.3,69,C,INCONSISTENT_PUBLISH_PATH|SINGLE_MAINTAINER,1,6269,v0.2.0
'@wix/auto_sdk_ecom_back-in-stock-settings,1.0.40,30,F,UNVERIFIED_PUBLISH_PATH,12,6268,v0.2.0
'@wix/auto_sdk_ecom_custom-triggers,1.0.37,30,F,UNVERIFIED_PUBLISH_PATH,12,6268,v0.2.0
'@wix/auto_sdk_ecom_discounts-custom-trigger,1.0.43,30,F,UNVERIFIED_PUBLISH_PATH,12,6268,v0.2.0
jquery.flot,0.8.3,10,F,UNVERIFIED_PUBLISH_PATH|DORMANT|SINGLE_MAINTAINER,1,6266,v0.2.0
'@wix/auto_sdk_ecom_checkout-content,1.0.35,30,F,UNVERIFIED_PUBLISH_PATH,12,6263,v0.2.0
'@searchkit/instantsearch-client,4.15.0,45,D,UNVERIFIED_PUBLISH_PATH,2,6260,v0.2.0
'@wix/auto_sdk_ecom_shipping-rates,1.0.38,30,F,UNVERIFIED_PUBLISH_PATH,12,6259,v0.2.0
rangeslider.js,2.3.3,19,F,UNVERIFIED_PUBLISH_PATH|DORMANT|SINGLE_MAINTAINER,1,6256,v0.2.0
lg-thumbnail,1.2.1,19,F,UNVERIFIED_PUBLISH_PATH|DORMANT|SINGLE_MAINTAINER,1,6253,v0.2.0
'@fontsource/luckiest-guy,5.2.8,71,B,,2,6250,v0.2.0
bootstrap-validator,0.11.9,19,F,UNVERIFIED_PUBLISH_PATH|DORMANT|SINGLE_MAINTAINER,1,6239,v0.2.0
'@trimble-oss/modus-web-components,1.8.2,39,D,UNVERIFIED_PUBLISH_PATH,8,6235,v0.2.0
'@fontsource/patrick-hand,5.2.8,71,B,,2,6228,v0.2.0
'@tsparticles/path-zig-zag,4.3.2,69,C,INCONSISTENT_PUBLISH_PATH|SINGLE_MAINTAINER,1,6213,v0.2.0
leaflet-toolbar,0.4.0-alpha.2,19,F,UNVERIFIED_PUBLISH_PATH|DORMANT|SINGLE_MAINTAINER,1,6200,v0.2.0
angucomplete-alt,3.0.0,19,F,UNVERIFIED_PUBLISH_PATH|DORMANT|SINGLE_MAINTAINER,1,6195,v0.2.0
'@fontsource-variable/noto-sans-devanagari,5.2.8,71,B,,2,6183,v0.2.0
wsemi,1.8.65,31,F,UNVERIFIED_PUBLISH_PATH|SINGLE_MAINTAINER,1,6178,v0.2.0
'@fontsource/comic-neue,5.2.7,71,B,,2,6172,v0.2.0
natively,2.28.5,39,D,UNVERIFIED_PUBLISH_PATH,2,6158,v0.2.0
jquery-visible,1.2.0,19,F,UNVERIFIED_PUBLISH_PATH|DORMANT|SINGLE_MAINTAINER,1,6154,v0.2.0
vue-masonry-css,1.0.3,19,F,UNVERIFIED_PUBLISH_PATH|DORMANT|SINGLE_MAINTAINER,1,6152,v0.2.0
webex,3.12.0,46,D,UNVERIFIED_PUBLISH_PATH,2,6144,v0.2.0
'@wix/auto_sdk_ecom_tax-calculation,1.0.50,30,F,UNVERIFIED_PUBLISH_PATH,12,6128,v0.2.0
'@fontsource-variable/cairo,5.2.7,71,B,,2,6126,v0.2.0
'@meteocons/svg,0.1.0,25,F,UNVERIFIED_PUBLISH_PATH|SINGLE_MAINTAINER,1,6118,v0.2.0
smart-app-banner,2.0.0,33,F,UNVERIFIED_PUBLISH_PATH|DORMANT,6,6067,v0.2.0
'@snowplow/browser-plugin-element-tracking,4.8.4,39,D,UNVERIFIED_PUBLISH_PATH,3,6063,v0.2.0
'@loopback/docs,8.0.16,52,C,UNVERIFIED_PUBLISH_PATH,7,6061,v0.2.0
'@kontent-ai/smart-link,5.1.0,89,A,,4,6060,v0.2.0
'@unocss/runtime,66.7.5,89,A,,3,6052,v0.2.0
webcrypto,0.1.1,19,F,UNVERIFIED_PUBLISH_PATH|DORMANT|SINGLE_MAINTAINER,1,6046,v0.2.0
leaflet-easyprint,2.1.9,19,F,UNVERIFIED_PUBLISH_PATH|DORMANT|SINGLE_MAINTAINER,1,6035,v0.2.0
'@fontsource/varela-round,5.2.8,71,B,,2,6015,v0.2.0
'@fontsource/sacramento,5.2.8,71,B,,2,6007,v0.2.0
node-ray,3.0.0,20,F,UNVERIFIED_PUBLISH_PATH|SINGLE_MAINTAINER,1,5990,v0.2.0
jquery-zoom,1.7.22,25,F,UNVERIFIED_PUBLISH_PATH|SINGLE_MAINTAINER,1,5983,v0.2.0
jquery-highlight,3.5.0,19,F,UNVERIFIED_PUBLISH_PATH|DORMANT|SINGLE_MAINTAINER,1,5982,v0.2.0
watermarkjs,2.1.1,19,F,UNVERIFIED_PUBLISH_PATH|DORMANT|SINGLE_MAINTAINER,1,5978,v0.2.0
'@fontsource/lobster,5.2.8,71,B,,2,5975,v0.2.0
handy-scroll,2.0.6,25,F,UNVERIFIED_PUBLISH_PATH|SINGLE_MAINTAINER,1,5970,v0.2.0
'@wix/unidriver-jsdom-react-legacy,1.5.5,30,F,UNVERIFIED_PUBLISH_PATH,12,5967,v0.2.0
'@fontsource/bangers,5.2.8,71,B,,2,5962,v0.2.0
'@silvermine/videojs-chromecast,1.5.0,33,F,UNVERIFIED_PUBLISH_PATH|DORMANT,5,5958,v0.2.0
'@fontsource-variable/fredoka,5.2.10,71,B,,2,5949,v0.2.0
'@wix/auto_sdk_ecom_inventory,1.0.23,30,F,UNVERIFIED_PUBLISH_PATH,12,5944,v0.2.0
'@elevenlabs/convai-widget-embed,0.14.11,82,B,,5,5941,v0.2.0
'@talkjs/core,1.11.1,35,D,UNVERIFIED_PUBLISH_PATH,9,5928,v0.2.0
normalize-css,2.3.1,14,F,UNVERIFIED_PUBLISH_PATH|DORMANT|SINGLE_MAINTAINER|DEPRECATED,1,5918,v0.2.0
'@wix/forms,1.0.463,30,F,UNVERIFIED_PUBLISH_PATH,12,5913,v0.2.0
'@fontsource/mona-sans,5.2.8,71,B,,2,5912,v0.2.0
misans,4.1.0,25,F,UNVERIFIED_PUBLISH_PATH|SINGLE_MAINTAINER,1,5902,v0.2.0
danfojs,1.2.0,39,D,UNVERIFIED_PUBLISH_PATH,3,5899,v0.2.0
accordion-js,3.4.1,25,F,UNVERIFIED_PUBLISH_PATH|SINGLE_MAINTAINER,1,5898,v0.2.0
dplayer,1.27.1,19,F,UNVERIFIED_PUBLISH_PATH|DORMANT|SINGLE_MAINTAINER,1,5896,v0.2.0
'@mediapipe/holistic,0.5.1675471629,24,F,UNVERIFIED_PUBLISH_PATH|DORMANT,8,5888,v0.2.0
amplitudejs,5.3.2,33,F,UNVERIFIED_PUBLISH_PATH|DORMANT,3,5878,v0.2.0
typesaurus,10.7.0,19,F,UNVERIFIED_PUBLISH_PATH|DORMANT|SINGLE_MAINTAINER,1,5875,v0.2.0
vuejs-dialog,1.4.2,19,F,UNVERIFIED_PUBLISH_PATH|DORMANT|SINGLE_MAINTAINER,1,5875,v0.2.0
'@dynatrace/openkit-js,4.2.0,34,F,UNVERIFIED_PUBLISH_PATH,4,5863,v0.2.0
flagpack,1.0.5,19,F,UNVERIFIED_PUBLISH_PATH|DORMANT|SINGLE_MAINTAINER,1,5853,v0.2.0
excellentexport,3.9.15,25,F,UNVERIFIED_PUBLISH_PATH|SINGLE_MAINTAINER,1,5848,v0.2.0
scratchcard-js,1.5.5,19,F,UNVERIFIED_PUBLISH_PATH|DORMANT|SINGLE_MAINTAINER,1,5848,v0.2.0
bootstrap-duallistbox,3.0.9,14,F,UNVERIFIED_PUBLISH_PATH|DORMANT|SINGLE_MAINTAINER|PUBLISHER_NOT_MAINTAINER,1,5842,v0.2.0
basiclightbox,5.0.4,19,F,UNVERIFIED_PUBLISH_PATH|DORMANT|SINGLE_MAINTAINER,1,5823,v0.2.0
'@freeday-ai/webchat,2025.6.0-4.10.34.8523,30,F,UNVERIFIED_PUBLISH_PATH,3,5820,v0.2.0
bootstrap-less,3.3.8,19,F,UNVERIFIED_PUBLISH_PATH|DORMANT|SINGLE_MAINTAINER,1,5811,v0.2.0
lazyload,2.0.0-rc.2,19,F,UNVERIFIED_PUBLISH_PATH|DORMANT|SINGLE_MAINTAINER,1,5811,v0.2.0
jquery-sticky,1.0.4,19,F,UNVERIFIED_PUBLISH_PATH|DORMANT|SINGLE_MAINTAINER,1,5802,v0.2.0
basicscroll,3.0.4,19,F,UNVERIFIED_PUBLISH_PATH|DORMANT|SINGLE_MAINTAINER,1,5792,v0.2.0
lg-zoom,1.3.0,19,F,UNVERIFIED_PUBLISH_PATH|DORMANT|SINGLE_MAINTAINER,1,5789,v0.2.0
'@ryangjchandler/spruce,2.7.1,19,F,UNVERIFIED_PUBLISH_PATH|DORMANT|SINGLE_MAINTAINER,1,5780,v0.2.0
'@snowplow/browser-plugin-webview,4.8.4,39,D,UNVERIFIED_PUBLISH_PATH,3,5769,v0.2.0
'@chenfengyuan/datepicker,1.0.10,19,F,UNVERIFIED_PUBLISH_PATH|DORMANT|SINGLE_MAINTAINER,1,5764,v0.2.0
typeahead-standalone,5.4.0,20,F,UNVERIFIED_PUBLISH_PATH|DORMANT|SINGLE_MAINTAINER,1,5757,v0.2.0
emmet-monaco-es,5.7.0,25,F,UNVERIFIED_PUBLISH_PATH|SINGLE_MAINTAINER,1,5755,v0.2.0
'@clayui/css,3.165.0,34,F,UNVERIFIED_PUBLISH_PATH,9,5753,v0.2.0
'@iconify-json/streamline,1.2.5,21,F,UNVERIFIED_PUBLISH_PATH|SINGLE_MAINTAINER,1,5719,v0.2.0
jqvmap,1.5.1,33,F,UNVERIFIED_PUBLISH_PATH|DORMANT,2,5702,v0.2.0
fancybox,3.0.1,19,F,UNVERIFIED_PUBLISH_PATH|DORMANT|SINGLE_MAINTAINER,1,5684,v0.2.0
nice-select2,2.4.1,39,D,UNVERIFIED_PUBLISH_PATH,2,5672,v0.2.0
anchor-js,5.0.0,19,F,UNVERIFIED_PUBLISH_PATH|DORMANT|SINGLE_MAINTAINER,1,5671,v0.2.0
'@fontsource/league-spartan,5.2.8,71,B,,2,5670,v0.2.0
jquery.qrcode,1.0.3,19,F,UNVERIFIED_PUBLISH_PATH|DORMANT|SINGLE_MAINTAINER,1,5663,v0.2.0
'@wix/auto_sdk_categories_categories,1.0.126,30,F,UNVERIFIED_PUBLISH_PATH,12,5662,v0.2.0
jquery.dirtyforms,2.0.0,14,F,UNVERIFIED_PUBLISH_PATH|DORMANT|SINGLE_MAINTAINER,1,5661,v0.2.0
'@fontsource/libre-caslon-text,5.2.7,71,B,,2,5656,v0.2.0
notosans-fontface,1.3.0,19,F,UNVERIFIED_PUBLISH_PATH|DORMANT|SINGLE_MAINTAINER,1,5651,v0.2.0
'@wix/auto_sdk_forms_submissions,1.0.139,30,F,UNVERIFIED_PUBLISH_PATH,12,5639,v0.2.0
bulma-calendar,7.1.1,14,F,UNVERIFIED_PUBLISH_PATH|DORMANT|SINGLE_MAINTAINER|PUBLISHER_NOT_MAINTAINER|DEPRECATED,1,5639,v0.2.0
context-filter-polyfill,0.3.23,25,F,UNVERIFIED_PUBLISH_PATH|SINGLE_MAINTAINER,1,5639,v0.2.0
angular-utils-pagination,0.11.1,19,F,UNVERIFIED_PUBLISH_PATH|DORMANT|SINGLE_MAINTAINER,1,5636,v0.2.0
'@telekom/scale-components,3.0.0-beta.161,46,D,UNVERIFIED_PUBLISH_PATH,4,5624,v0.2.0
soundfont-player,0.12.0,19,F,UNVERIFIED_PUBLISH_PATH|DORMANT|SINGLE_MAINTAINER,1,5623,v0.2.0
'@wix/auto_sdk_ecom_ecommerce-settings,1.0.26,30,F,UNVERIFIED_PUBLISH_PATH,12,5617,v0.2.0
'@wix/headless-forms,0.0.45,30,F,UNVERIFIED_PUBLISH_PATH,6,5610,v0.2.0
'@preline/dropdown,4.2.0,39,D,UNVERIFIED_PUBLISH_PATH,3,5604,v0.2.0
videojs-vr,2.0.0,28,F,UNVERIFIED_PUBLISH_PATH|DORMANT|PUBLISHER_NOT_MAINTAINER,18,5588,v0.2.0
'@snowplow/browser-plugin-youtube-tracking,4.8.4,39,D,UNVERIFIED_PUBLISH_PATH,3,5583,v0.2.0
'@inlang/message-lint-rule-missing-translation,1.4.8,24,F,UNVERIFIED_PUBLISH_PATH|DORMANT,2,5580,v0.2.0
lity,2.4.1,19,F,UNVERIFIED_PUBLISH_PATH|DORMANT|SINGLE_MAINTAINER,1,5579,v0.2.0
respond.js,1.4.2,14,F,UNVERIFIED_PUBLISH_PATH|DORMANT|SINGLE_MAINTAINER,1,5557,v0.2.0
layui,2.13.8,45,D,UNVERIFIED_PUBLISH_PATH,2,5556,v0.2.0
multiselect-two-sides,2.5.7,19,F,UNVERIFIED_PUBLISH_PATH|DORMANT|SINGLE_MAINTAINER,1,5531,v0.2.0
'@wix/auto_sdk_forms_interactive-form-sessions,1.0.66,30,F,UNVERIFIED_PUBLISH_PATH,12,5525,v0.2.0
'@fontsource-variable/sofia-sans,5.2.8,71,B,,2,5521,v0.2.0
accordion,3.0.2,19,F,UNVERIFIED_PUBLISH_PATH|DORMANT|SINGLE_MAINTAINER,1,5510,v0.2.0
'@wix/auto_sdk_forms_form-submissions,1.0.22,30,F,UNVERIFIED_PUBLISH_PATH,12,5501,v0.2.0
'@creativebulma/bulma-divider,1.1.0,33,F,UNVERIFIED_PUBLISH_PATH|DORMANT,2,5489,v0.2.0
'@vap/shiki,0.10.5,19,F,UNVERIFIED_PUBLISH_PATH|DORMANT|SINGLE_MAINTAINER,1,5489,v0.2.0
'@silvermine/videojs-airplay,1.3.0,33,F,UNVERIFIED_PUBLISH_PATH|DORMANT,5,5484,v0.2.0
d3plus-text,1.2.5,19,F,UNVERIFIED_PUBLISH_PATH|DORMANT|SINGLE_MAINTAINER|DEPRECATED,1,5482,v0.2.0
'@fontsource/noto-serif-kr,5.2.9,71,B,,2,5481,v0.2.0
'@wix/auto_sdk_forms_chat-settings,1.0.25,30,F,UNVERIFIED_PUBLISH_PATH,12,5474,v0.2.0
'@wix/auto_sdk_forms_form-spam-submission-reports,1.0.37,30,F,UNVERIFIED_PUBLISH_PATH,12,5471,v0.2.0
'@fontsource-variable/bodoni-moda,5.2.7,71,B,,2,5470,v0.2.0
'@tesseract.js-data/chi_sim,1.0.0,19,F,UNVERIFIED_PUBLISH_PATH|DORMANT|SINGLE_MAINTAINER,1,5469,v0.2.0
'@fullcalendar/web-component,6.1.21,20,F,UNVERIFIED_PUBLISH_PATH|SINGLE_MAINTAINER,1,5468,v0.2.0
venobox,2.2.0,25,F,UNVERIFIED_PUBLISH_PATH|SINGLE_MAINTAINER,1,5465,v0.2.0
form_to_object,3.2.0,25,F,UNVERIFIED_PUBLISH_PATH|SINGLE_MAINTAINER,1,5458,v0.2.0
h5p-standalone,3.8.2,87,A,,2,5454,v0.2.0
keen-tracking,5.0.1,33,F,UNVERIFIED_PUBLISH_PATH|DORMANT,3,5454,v0.2.0
a11y-dialog-component,5.5.1,19,F,UNVERIFIED_PUBLISH_PATH|DORMANT|SINGLE_MAINTAINER,1,5447,v0.2.0
tdesign-icons-vue,0.4.6,20,F,UNVERIFIED_PUBLISH_PATH|SINGLE_MAINTAINER,1,5446,v0.2.0
'@trendyol/baklava,3.5.0,76,B,INCONSISTENT_PUBLISH_PATH|SINGLE_MAINTAINER,1,5445,v0.2.0
agora-rtm,2.2.4,30,F,UNVERIFIED_PUBLISH_PATH,2,5443,v0.2.0
'@geoman-io/maplibre-geoman-free,0.8.4,79,B,SINGLE_MAINTAINER,1,5438,v0.2.0
'@fontsource/red-hat-text,5.2.8,71,B,,2,5435,v0.2.0
'@fontsource-variable/roboto-condensed,5.2.8,71,B,,2,5434,v0.2.0
pe7-icon,1.0.4,19,F,UNVERIFIED_PUBLISH_PATH|DORMANT|SINGLE_MAINTAINER,1,5422,v0.2.0
chartjs-plugin-streaming,2.0.0,19,F,UNVERIFIED_PUBLISH_PATH|DORMANT|SINGLE_MAINTAINER,1,5421,v0.2.0
nette-forms,3.5.3,19,F,UNVERIFIED_PUBLISH_PATH|DORMANT|SINGLE_MAINTAINER,1,5417,v0.2.0
'@fontsource/zilla-slab,5.2.8,71,B,,2,5410,v0.2.0
'@fontsource-variable/noto-sans-armenian,5.2.8,71,B,,2,5405,v0.2.0
angular-material-icons,0.7.1,19,F,UNVERIFIED_PUBLISH_PATH|DORMANT|SINGLE_MAINTAINER,1,5404,v0.2.0
'@crystaldesign/diva-core,26.7.7,21,F,UNVERIFIED_PUBLISH_PATH|SINGLE_MAINTAINER,1,5402,v0.2.0
in-view,0.6.1,19,F,UNVERIFIED_PUBLISH_PATH|DORMANT|SINGLE_MAINTAINER,1,5399,v0.2.0
'@fontsource-variable/noto-sans-georgian,5.2.8,71,B,,2,5380,v0.2.0
buttplug,5.0.1,25,F,UNVERIFIED_PUBLISH_PATH|SINGLE_MAINTAINER,1,5376,v0.2.0
vex-js,4.1.0,33,F,UNVERIFIED_PUBLISH_PATH|DORMANT,3,5373,v0.2.0
'@fontsource-variable/orbitron,5.2.8,71,B,,2,5363,v0.2.0
'@wix/auto_sdk_bookings_availability-calendar,1.0.193,30,F,UNVERIFIED_PUBLISH_PATH,12,5348,v0.2.0
bigger-picture,1.1.20,25,F,UNVERIFIED_PUBLISH_PATH|SINGLE_MAINTAINER,1,5343,v0.2.0
prettydiff,101.2.6,19,F,UNVERIFIED_PUBLISH_PATH|DORMANT|SINGLE_MAINTAINER,1,5336,v0.2.0
jscrollpane,2.2.3-rc.2,19,F,UNVERIFIED_PUBLISH_PATH|DORMANT|SINGLE_MAINTAINER,1,5331,v0.2.0
chessground,9.2.1,39,D,UNVERIFIED_PUBLISH_PATH|DEPRECATED,2,5330,v0.2.0
htmx-ext-head-support,2.0.5,25,F,UNVERIFIED_PUBLISH_PATH|SINGLE_MAINTAINER,1,5328,v0.2.0
node-tikzjax,1.0.5,21,F,UNVERIFIED_PUBLISH_PATH|SINGLE_MAINTAINER,1,5326,v0.2.0
lzwcompress,1.1.0,19,F,UNVERIFIED_PUBLISH_PATH|DORMANT|SINGLE_MAINTAINER,1,5324,v0.2.0
'@fontsource-variable/noto-sans-tamil,5.2.7,71,B,,2,5321,v0.2.0
'@fontsource/iosevka,5.2.5,71,B,,2,5307,v0.2.0
hexo-generator-searchdb,1.5.0,39,D,UNVERIFIED_PUBLISH_PATH,2,5306,v0.2.0
survey-jquery,1.12.63,34,F,UNVERIFIED_PUBLISH_PATH,5,5299,v0.2.0
roboto-font,0.1.0,14,F,UNVERIFIED_PUBLISH_PATH|DORMANT|SINGLE_MAINTAINER|PUBLISHER_NOT_MAINTAINER|DEPRECATED,1,5297,v0.2.0
bulma-tooltip,3.0.2,28,F,UNVERIFIED_PUBLISH_PATH|DORMANT|PUBLISHER_NOT_MAINTAINER|DEPRECATED,2,5287,v0.2.0
highlight-within-textarea,2.0.5,19,F,UNVERIFIED_PUBLISH_PATH|DORMANT|SINGLE_MAINTAINER,1,5268,v0.2.0
gasparesganga-jquery-loading-overlay,2.1.7,19,F,UNVERIFIED_PUBLISH_PATH|DORMANT|SINGLE_MAINTAINER,1,5267,v0.2.0
'@tsparticles/plugin-polygon-mask,4.3.2,69,C,INCONSISTENT_PUBLISH_PATH|SINGLE_MAINTAINER,1,5260,v0.2.0
hack-font,3.3.0,33,F,UNVERIFIED_PUBLISH_PATH|DORMANT,3,5244,v0.2.0
jquery-blockui,2.7.0,19,F,UNVERIFIED_PUBLISH_PATH|DORMANT|SINGLE_MAINTAINER,1,5244,v0.2.0
onsenui,2.12.9,39,D,UNVERIFIED_PUBLISH_PATH,9,5241,v0.2.0
gentle-pi,1.0.6,58,C,INCONSISTENT_PUBLISH_PATH|SINGLE_MAINTAINER,1,5229,v0.2.0
firacode,6.2.0,33,F,UNVERIFIED_PUBLISH_PATH|DORMANT,2,5227,v0.2.0
'@fontsource/pinyon-script,5.2.8,71,B,,2,5224,v0.2.0
'@grapecity/spread-sheets-charts,18.2.5,30,F,UNVERIFIED_PUBLISH_PATH,2,5222,v0.2.0
'@fontsource/marcellus,5.2.8,71,B,,2,5220,v0.2.0
upscaler,1.0.0,20,F,UNVERIFIED_PUBLISH_PATH|SINGLE_MAINTAINER,1,5217,v0.2.0
'@aurodesignsystem/auro-button,12.3.2,89,A,BRANCH_REQUIRES_PR,8,5211,v0.2.0
chii,1.15.5,25,F,UNVERIFIED_PUBLISH_PATH|SINGLE_MAINTAINER,1,5209,v0.2.0
'@fontsource/alex-brush,5.2.8,71,B,,2,5202,v0.2.0
'@fluid-topics/ft-tooltip,2.1.12,35,D,UNVERIFIED_PUBLISH_PATH,3,5195,v0.2.0
'@fontsource-variable/inconsolata,5.2.8,71,B,,2,5195,v0.2.0
'@iabtcf/stub,1.5.6,28,F,UNVERIFIED_PUBLISH_PATH|DORMANT,3,5195,v0.2.0
maptalks,1.12.1,30,F,UNVERIFIED_PUBLISH_PATH,2,5178,v0.2.0
jose-browser-runtime,5.10.0,63,C,SINGLE_MAINTAINER,1,5177,v0.2.0
bootstrap3-dialog,1.35.4,19,F,UNVERIFIED_PUBLISH_PATH|DORMANT|SINGLE_MAINTAINER,1,5169,v0.2.0
ui-cropper,1.0.9,14,F,UNVERIFIED_PUBLISH_PATH|DORMANT|SINGLE_MAINTAINER,1,5162,v0.2.0
mand-mobile,2.7.0,33,F,UNVERIFIED_PUBLISH_PATH|DORMANT,7,5159,v0.2.0
hellojs,1.21.4,25,F,UNVERIFIED_PUBLISH_PATH|SINGLE_MAINTAINER,1,5147,v0.2.0
'@grapecity/spread-sheets-shapes,18.2.5,30,F,UNVERIFIED_PUBLISH_PATH,2,5145,v0.2.0
'@upscalerjs/default-model,1.0.0,20,F,UNVERIFIED_PUBLISH_PATH|SINGLE_MAINTAINER,1,5135,v0.2.0
clockpicker,0.0.7,19,F,UNVERIFIED_PUBLISH_PATH|DORMANT|SINGLE_MAINTAINER,1,5134,v0.2.0
'@stylable/runtime,6.1.1,33,F,UNVERIFIED_PUBLISH_PATH|DORMANT,5,5132,v0.2.0
'@tsparticles/path-curves,4.3.2,69,C,INCONSISTENT_PUBLISH_PATH|SINGLE_MAINTAINER,1,5127,v0.2.0
vue-shadow-dom,4.2.0,19,F,UNVERIFIED_PUBLISH_PATH|DORMANT|SINGLE_MAINTAINER,1,5120,v0.2.0
leancloud-storage,4.15.2,28,F,UNVERIFIED_PUBLISH_PATH|DORMANT|PUBLISHER_NOT_MAINTAINER,3,5117,v0.2.0
'@elbwalker/walker.js,3.4.2,32,F,UNVERIFIED_PUBLISH_PATH|SINGLE_MAINTAINER,1,5106,v0.2.0
'@ruffle-rs/ruffle,0.3.0,87,A,BRANCH_REQUIRES_PR,4,5104,v0.2.0
chartjs-plugin-doughnutlabel-rebourne,3.0.0-beta.4,19,F,UNVERIFIED_PUBLISH_PATH|DORMANT|SINGLE_MAINTAINER,1,5103,v0.2.0
'@fontsource-variable/lexend-deca,5.2.10,71,B,,2,5099,v0.2.0
'@grapecity/spread-sheets-print,18.2.5,30,F,UNVERIFIED_PUBLISH_PATH,2,5097,v0.2.0
leaflet-gpx,2.2.0,25,F,UNVERIFIED_PUBLISH_PATH|SINGLE_MAINTAINER,1,5086,v0.2.0
luckysheet,2.1.13,15,F,UNVERIFIED_PUBLISH_PATH|DORMANT|SINGLE_MAINTAINER,1,5078,v0.2.0
'@snapshot-labs/snapshot.js,0.14.26,39,D,UNVERIFIED_PUBLISH_PATH,2,5075,v0.2.0
'@fontsource/assistant,5.2.9,71,B,,2,5071,v0.2.0
'@fontsource/source-serif-pro,5.2.5,71,B,,2,5070,v0.2.0
'@tsparticles/all,4.3.2,69,C,INCONSISTENT_PUBLISH_PATH|SINGLE_MAINTAINER,1,5061,v0.2.0
'@fontsource/noto-naskh-arabic,5.2.11,81,B,,2,5060,v0.2.0
dropify,0.2.2,19,F,UNVERIFIED_PUBLISH_PATH|DORMANT|SINGLE_MAINTAINER,1,5056,v0.2.0
'@iconify-json/la,1.2.1,15,F,UNVERIFIED_PUBLISH_PATH|DORMANT|SINGLE_MAINTAINER,1,5049,v0.2.0
brain.js,2.0.0-beta.24,33,F,UNVERIFIED_PUBLISH_PATH|DORMANT,3,5043,v0.2.0
stats-js,1.0.1,19,F,UNVERIFIED_PUBLISH_PATH|DORMANT|SINGLE_MAINTAINER,1,5033,v0.2.0
'@fontsource/gabarito,5.2.8,71,B,,2,5029,v0.2.0
'@iconify-json/flagpack,1.2.8,21,F,UNVERIFIED_PUBLISH_PATH|SINGLE_MAINTAINER,1,5007,v0.2.0
'@fontsource/abril-fatface,5.2.7,71,B,,2,5000,v0.2.0
jquery-lazyload,1.9.7,19,F,UNVERIFIED_PUBLISH_PATH|DORMANT|SINGLE_MAINTAINER,1,4998,v0.2.0
'@ip-location-db/geolite2-country,2.3.2026061719,58,C,INCONSISTENT_PUBLISH_PATH|SINGLE_MAINTAINER,1,4990,v0.2.0
'@undecaf/barcode-detector-polyfill,0.9.23,25,F,UNVERIFIED_PUBLISH_PATH|SINGLE_MAINTAINER,1,4989,v0.2.0
'@fontsource/dm-serif-text,5.2.8,71,B,,2,4977,v0.2.0
filepond-plugin-file-rename,1.1.8,19,F,UNVERIFIED_PUBLISH_PATH|DORMANT|SINGLE_MAINTAINER,1,4974,v0.2.0
'@egjs/infinitegrid,4.13.0,39,D,UNVERIFIED_PUBLISH_PATH,12,4973,v0.2.0
dynamsoft-barcode-reader-bundle,11.4.3000,20,F,UNVERIFIED_PUBLISH_PATH|SINGLE_MAINTAINER,1,4962,v0.2.0
'@dropins/tools,1.9.0,35,D,UNVERIFIED_PUBLISH_PATH,10,4960,v0.2.0
'@fontsource-variable/cormorant,5.2.8,71,B,,2,4955,v0.2.0
simple-mind-map,0.14.0-fix.3,20,F,UNVERIFIED_PUBLISH_PATH|SINGLE_MAINTAINER,1,4947,v0.2.0
jquery-textcomplete,1.8.5,19,F,UNVERIFIED_PUBLISH_PATH|DORMANT|SINGLE_MAINTAINER,1,4927,v0.2.0
artplayer-plugin-hls-control,1.1.0,25,F,UNVERIFIED_PUBLISH_PATH|SINGLE_MAINTAINER,1,4924,v0.2.0
'@fontsource/alegreya-sans,5.2.8,71,B,,2,4921,v0.2.0
'@splidejs/splide-extension-intersection,0.2.0,19,F,UNVERIFIED_PUBLISH_PATH|DORMANT|SINGLE_MAINTAINER,1,4913,v0.2.0
canvas-gauges,2.1.7,14,F,UNVERIFIED_PUBLISH_PATH|DORMANT|SINGLE_MAINTAINER,1,4907,v0.2.0
es2015,0.0.0,19,F,UNVERIFIED_PUBLISH_PATH|DORMANT|SINGLE_MAINTAINER,1,4905,v0.2.0
chartist-plugin-tooltips,0.0.17,33,F,UNVERIFIED_PUBLISH_PATH|DORMANT,2,4903,v0.2.0
'@tsparticles/effect-trail,4.3.2,69,C,INCONSISTENT_PUBLISH_PATH|SINGLE_MAINTAINER,1,4895,v0.2.0
mirador,4.1.0,39,D,UNVERIFIED_PUBLISH_PATH,10,4887,v0.2.0
swiped-events,1.2.0,19,F,UNVERIFIED_PUBLISH_PATH|DORMANT|SINGLE_MAINTAINER,1,4882,v0.2.0
'@ntohq/buefy-next,0.2.0,19,F,UNVERIFIED_PUBLISH_PATH|DORMANT|SINGLE_MAINTAINER,1,4878,v0.2.0
leaflet-search,4.0.0,19,F,UNVERIFIED_PUBLISH_PATH|DORMANT|SINGLE_MAINTAINER,1,4871,v0.2.0
isotope-packery,2.0.1,19,F,UNVERIFIED_PUBLISH_PATH|DORMANT|SINGLE_MAINTAINER,1,4869,v0.2.0
instant.page,5.2.0,19,F,UNVERIFIED_PUBLISH_PATH|DORMANT|SINGLE_MAINTAINER,1,4867,v0.2.0
js-xlsx,0.8.22,19,F,UNVERIFIED_PUBLISH_PATH|DORMANT|SINGLE_MAINTAINER,1,4865,v0.2.0
'@fontsource-variable/noto-serif-kr,5.2.10,71,B,,2,4864,v0.2.0
'@fontsource/balsamiq-sans,5.2.8,71,B,,2,4863,v0.2.0
ovenplayer,0.10.52,25,F,UNVERIFIED_PUBLISH_PATH|SINGLE_MAINTAINER,1,4852,v0.2.0
'@inlang/message-lint-rule-empty-pattern,1.4.8,24,F,UNVERIFIED_PUBLISH_PATH|DORMANT,2,4850,v0.2.0
babylonjs-gui,9.17.0,25,F,UNVERIFIED_PUBLISH_PATH|SINGLE_MAINTAINER,1,4845,v0.2.0
'@fontsource/besley,5.2.8,71,B,,2,4844,v0.2.0
measuretool-googlemaps-v3,1.0.2,19,F,UNVERIFIED_PUBLISH_PATH|DORMANT|SINGLE_MAINTAINER,1,4837,v0.2.0
selectric,1.13.0,19,F,UNVERIFIED_PUBLISH_PATH|DORMANT|SINGLE_MAINTAINER,1,4836,v0.2.0
vue-scrollactive,0.9.3,19,F,UNVERIFIED_PUBLISH_PATH|DORMANT|SINGLE_MAINTAINER,1,4835,v0.2.0
'@adobe/magento-storefront-event-collector,1.17.0,34,F,UNVERIFIED_PUBLISH_PATH,31,4834,v0.2.0
calendar-base,2.0.1,14,F,UNVERIFIED_PUBLISH_PATH|DORMANT|SINGLE_MAINTAINER,1,4831,v0.2.0
'@mediakind/mkplayer,1.41.0,35,D,UNVERIFIED_PUBLISH_PATH,8,4821,v0.2.0
'@bybas/weather-icons,2.0.0,26,F,UNVERIFIED_PUBLISH_PATH|DORMANT|SINGLE_MAINTAINER,1,4816,v0.2.0
'@fontsource/averia-libre,5.2.7,71,B,,2,4810,v0.2.0
janus-gateway,1.4.1,45,D,UNVERIFIED_PUBLISH_PATH,2,4799,v0.2.0
fontawesome-free,1.0.4,15,F,UNVERIFIED_PUBLISH_PATH|DORMANT|SINGLE_MAINTAINER,1,4794,v0.2.0
elm-pep,1.0.6,19,F,UNVERIFIED_PUBLISH_PATH|DORMANT|SINGLE_MAINTAINER,1,4793,v0.2.0
yakuhanjp,4.1.1,19,F,UNVERIFIED_PUBLISH_PATH|DORMANT|SINGLE_MAINTAINER,1,4788,v0.2.0
'@iconify-json/tdesign,1.2.16,21,F,UNVERIFIED_PUBLISH_PATH|SINGLE_MAINTAINER,1,4785,v0.2.0
'@fontsource/kiwi-maru,5.2.8,71,B,,2,4771,v0.2.0
jquery-once,2.3.0,33,F,UNVERIFIED_PUBLISH_PATH|DORMANT,5,4770,v0.2.0
'@fontsource/atkinson-hyperlegible-next,5.2.7,71,B,,2,4768,v0.2.0
c2pa,0.30.17,45,D,UNVERIFIED_PUBLISH_PATH|DEPRECATED,3,4760,v0.2.0
semantic-ui-calendar,0.0.8,19,F,UNVERIFIED_PUBLISH_PATH|DORMANT|SINGLE_MAINTAINER,1,4739,v0.2.0
select2-theme-bootstrap4,1.0.2,19,F,UNVERIFIED_PUBLISH_PATH|DORMANT|SINGLE_MAINTAINER,1,4738,v0.2.0
'@photo-sphere-viewer/gallery-plugin,5.14.3,73,B,SINGLE_MAINTAINER,1,4737,v0.2.0
'@fontsource/vollkorn,5.2.10,71,B,,2,4732,v0.2.0
'@fontsource-variable/alegreya,5.2.8,71,B,,2,4730,v0.2.0
'@tsparticles/updater-gradient,4.3.2,69,C,INCONSISTENT_PUBLISH_PATH|SINGLE_MAINTAINER,1,4730,v0.2.0
'@govbr-ds/core,3.7.0,35,D,UNVERIFIED_PUBLISH_PATH,4,4726,v0.2.0
quill2-image-uploader,1.0.4,19,F,UNVERIFIED_PUBLISH_PATH|DORMANT|SINGLE_MAINTAINER,1,4723,v0.2.0
dialog-closedby-polyfill,1.3.0,25,F,UNVERIFIED_PUBLISH_PATH|SINGLE_MAINTAINER,1,4720,v0.2.0
hexo-theme-next,8.28.0,73,B,SINGLE_MAINTAINER,1,4716,v0.2.0
'@fontsource-variable/geologica,5.2.8,71,B,,2,4710,v0.2.0
'@tsparticles/shape-rounded-polygon,4.3.2,69,C,INCONSISTENT_PUBLISH_PATH|SINGLE_MAINTAINER,1,4704,v0.2.0
'@grapecity/spread-sheets-pdf,18.2.5,30,F,UNVERIFIED_PUBLISH_PATH,2,4700,v0.2.0
'@recogito/annotorious,2.7.14,39,D,UNVERIFIED_PUBLISH_PATH,3,4699,v0.2.0
'@tsparticles/perlin-noise,4.3.2,69,C,INCONSISTENT_PUBLISH_PATH|SINGLE_MAINTAINER,1,4699,v0.2.0
'@vime/core,5.4.1,14,F,UNVERIFIED_PUBLISH_PATH|DORMANT|SINGLE_MAINTAINER,1,4693,v0.2.0
'@iconify-json/mdi-light,1.2.2,15,F,UNVERIFIED_PUBLISH_PATH|DORMANT|SINGLE_MAINTAINER,1,4686,v0.2.0
components-jqueryui,1.12.1,19,F,UNVERIFIED_PUBLISH_PATH|DORMANT|SINGLE_MAINTAINER,1,4684,v0.2.0
spectorjs,0.9.30,19,F,UNVERIFIED_PUBLISH_PATH|DORMANT|SINGLE_MAINTAINER,1,4681,v0.2.0
liquor-tree,0.2.70,19,F,UNVERIFIED_PUBLISH_PATH|DORMANT|SINGLE_MAINTAINER,1,4675,v0.2.0
marzipano,0.10.2,33,F,UNVERIFIED_PUBLISH_PATH|DORMANT,2,4672,v0.2.0
videojs-vtt-thumbnails,0.0.13,19,F,UNVERIFIED_PUBLISH_PATH|DORMANT|SINGLE_MAINTAINER,1,4663,v0.2.0
'@vindral/web-sdk,4.4.0,30,F,UNVERIFIED_PUBLISH_PATH,4,4644,v0.2.0
'@tsparticles/path-perlin-noise,4.3.2,69,C,INCONSISTENT_PUBLISH_PATH|SINGLE_MAINTAINER,1,4642,v0.2.0
'@crystaldesign/real-time-viewer,26.7.7,21,F,UNVERIFIED_PUBLISH_PATH|SINGLE_MAINTAINER,1,4639,v0.2.0
gijgo,1.9.14,10,F,UNVERIFIED_PUBLISH_PATH|DORMANT|SINGLE_MAINTAINER,1,4632,v0.2.0
'@fontsource/lexend-deca,5.2.10,71,B,,2,4612,v0.2.0
'@solid-primitives/set,0.7.4,40,D,UNVERIFIED_PUBLISH_PATH,3,4599,v0.2.0
'@edtr-io/mathquill,0.11.0,33,F,UNVERIFIED_PUBLISH_PATH|DORMANT,3,4590,v0.2.0
bootstrap-4-grid,3.4.0,19,F,UNVERIFIED_PUBLISH_PATH|DORMANT|SINGLE_MAINTAINER|DEPRECATED,1,4589,v0.2.0
'@fontsource/google-sans,5.2.1,71,B,,2,4584,v0.2.0
editorjs-paragraph-with-alignment,3.0.0,19,F,UNVERIFIED_PUBLISH_PATH|DORMANT|SINGLE_MAINTAINER,1,4584,v0.2.0
'@fontsource/zen-maru-gothic,5.2.8,71,B,,2,4579,v0.2.0
lg-thumbnail.js,1.2.0,19,F,UNVERIFIED_PUBLISH_PATH|DORMANT|SINGLE_MAINTAINER,1,4579,v0.2.0
chart.js-plugin-labels-dv,5.0.1-beta,19,F,UNVERIFIED_PUBLISH_PATH|DORMANT|SINGLE_MAINTAINER,1,4569,v0.2.0
'@tsparticles/updater-orbit,4.3.2,69,C,INCONSISTENT_PUBLISH_PATH|SINGLE_MAINTAINER,1,4568,v0.2.0
'@tsparticles/plugin-hsv-color,4.3.2,69,C,INCONSISTENT_PUBLISH_PATH|SINGLE_MAINTAINER,1,4564,v0.2.0
'@lobehub/fluent-emoji-3d,1.1.0,33,F,UNVERIFIED_PUBLISH_PATH|DORMANT,9,4562,v0.2.0
impetus,0.8.8,19,F,UNVERIFIED_PUBLISH_PATH|DORMANT|SINGLE_MAINTAINER,1,4560,v0.2.0
'@tsparticles/plugin-emitters-shape-polygon,4.3.2,69,C,INCONSISTENT_PUBLISH_PATH|SINGLE_MAINTAINER,1,4549,v0.2.0
'@tsparticles/simplex-noise,4.3.2,69,C,INCONSISTENT_PUBLISH_PATH|SINGLE_MAINTAINER,1,4546,v0.2.0
'@fontsource-variable/albert-sans,5.2.8,71,B,,2,4540,v0.2.0
jquery.counterup,2.1.0,19,F,UNVERIFIED_PUBLISH_PATH|DORMANT|SINGLE_MAINTAINER,1,4538,v0.2.0
'@photo-sphere-viewer/gyroscope-plugin,5.14.3,73,B,SINGLE_MAINTAINER,1,4537,v0.2.0
jquery.terminal,2.46.1,25,F,UNVERIFIED_PUBLISH_PATH|SINGLE_MAINTAINER,1,4536,v0.2.0
'@fullcalendar/luxon2,6.1.21,20,F,UNVERIFIED_PUBLISH_PATH|SINGLE_MAINTAINER,1,4533,v0.2.0
virtual-select-plugin,1.1.0,21,F,UNVERIFIED_PUBLISH_PATH|SINGLE_MAINTAINER,1,4531,v0.2.0
artplayer-plugin-chapter,1.1.0,25,F,UNVERIFIED_PUBLISH_PATH|SINGLE_MAINTAINER,1,4525,v0.2.0
share-api-polyfill,1.1.1,25,F,UNVERIFIED_PUBLISH_PATH|DORMANT|SINGLE_MAINTAINER,1,4524,v0.2.0
jquery-chained,2.0.0-beta.2,14,F,UNVERIFIED_PUBLISH_PATH|DORMANT|SINGLE_MAINTAINER,1,4519,v0.2.0
'@inlang/message-lint-rule-without-source,1.4.8,24,F,UNVERIFIED_PUBLISH_PATH|DORMANT,2,4517,v0.2.0
'@raruto/leaflet-elevation,2.5.2,25,F,UNVERIFIED_PUBLISH_PATH|SINGLE_MAINTAINER,1,4516,v0.2.0
clusterize.js,1.0.0,19,F,UNVERIFIED_PUBLISH_PATH|DORMANT|SINGLE_MAINTAINER,1,4516,v0.2.0
javascript-detect-element-resize,0.5.3,14,F,UNVERIFIED_PUBLISH_PATH|DORMANT|SINGLE_MAINTAINER,1,4505,v0.2.0
'@tsparticles/shape-cog,4.3.2,69,C,INCONSISTENT_PUBLISH_PATH|SINGLE_MAINTAINER,1,4499,v0.2.0
jquery-lazy,1.7.11,19,F,UNVERIFIED_PUBLISH_PATH|DORMANT|SINGLE_MAINTAINER,1,4477,v0.2.0
vue3-sfc-loader,0.9.5,19,F,UNVERIFIED_PUBLISH_PATH|DORMANT|SINGLE_MAINTAINER,1,4477,v0.2.0
magic-grid,3.4.7,19,F,UNVERIFIED_PUBLISH_PATH|DORMANT|SINGLE_MAINTAINER,1,4473,v0.2.0
tableexport.jquery.plugin,1.33.0,31,F,UNVERIFIED_PUBLISH_PATH|SINGLE_MAINTAINER,1,4466,v0.2.0
hyperscript.org,0.9.93,39,D,UNVERIFIED_PUBLISH_PATH,2,4464,v0.2.0
'@fontsource-variable/frank-ruhl-libre,5.2.8,71,B,,2,4458,v0.2.0
'@tsparticles/interaction-light,4.3.2,69,C,INCONSISTENT_PUBLISH_PATH|SINGLE_MAINTAINER,1,4441,v0.2.0
share-this,1.3.1,19,F,UNVERIFIED_PUBLISH_PATH|DORMANT|SINGLE_MAINTAINER,1,4436,v0.2.0
'@fontsource/ibm-plex-sans-condensed,5.2.8,71,B,,2,4435,v0.2.0
lg-fullscreen.js,1.2.0,19,F,UNVERIFIED_PUBLISH_PATH|DORMANT|SINGLE_MAINTAINER,1,4435,v0.2.0
'@fontsource-variable/noto-serif-tc,5.2.11,81,B,,2,4431,v0.2.0
openlayers,4.6.5,33,F,UNVERIFIED_PUBLISH_PATH|DORMANT|DEPRECATED,6,4429,v0.2.0
jplayer,2.9.2,19,F,UNVERIFIED_PUBLISH_PATH|DORMANT|SINGLE_MAINTAINER,1,4428,v0.2.0
'@uploadcare/blocks,0.50.4,33,F,UNVERIFIED_PUBLISH_PATH|DORMANT|DEPRECATED,4,4424,v0.2.0
'@tsparticles/preset-snow,4.3.2,69,C,INCONSISTENT_PUBLISH_PATH|SINGLE_MAINTAINER,1,4419,v0.2.0
'@tsparticles/plugin-infection,4.3.2,69,C,INCONSISTENT_PUBLISH_PATH|SINGLE_MAINTAINER,1,4416,v0.2.0
single-spa-angularjs,4.3.1,14,F,UNVERIFIED_PUBLISH_PATH|DORMANT|SINGLE_MAINTAINER|PUBLISHER_NOT_MAINTAINER,1,4414,v0.2.0
'@tsparticles/plugin-emitters-shape-path,4.3.2,69,C,INCONSISTENT_PUBLISH_PATH|SINGLE_MAINTAINER,1,4409,v0.2.0
'@iconify-json/mi,1.2.2,15,F,UNVERIFIED_PUBLISH_PATH|DORMANT|SINGLE_MAINTAINER,1,4407,v0.2.0
'@tsparticles/path-curl-noise,4.3.2,69,C,INCONSISTENT_PUBLISH_PATH|SINGLE_MAINTAINER,1,4407,v0.2.0
'@fontsource/frank-ruhl-libre,5.2.8,71,B,,2,4405,v0.2.0
'@pqina/flip,1.8.4,19,F,UNVERIFIED_PUBLISH_PATH|DORMANT|SINGLE_MAINTAINER,1,4405,v0.2.0
'@jspreadsheet/parser,6.0.6,25,F,UNVERIFIED_PUBLISH_PATH|SINGLE_MAINTAINER,1,4402,v0.2.0
'@fontsource/red-hat-display,5.2.8,71,B,,2,4400,v0.2.0
simplelightbox,2.14.3,19,F,UNVERIFIED_PUBLISH_PATH|DORMANT|SINGLE_MAINTAINER,1,4394,v0.2.0
'@tsparticles/path-polygon,4.3.2,69,C,INCONSISTENT_PUBLISH_PATH|SINGLE_MAINTAINER,1,4387,v0.2.0
'@fontsource/shippori-mincho,5.2.8,71,B,,2,4379,v0.2.0
ui-router-extras,0.1.3,15,F,UNVERIFIED_PUBLISH_PATH|DORMANT|SINGLE_MAINTAINER,1,4375,v0.2.0
pi-hermes-memory,0.8.1,25,F,UNVERIFIED_PUBLISH_PATH|SINGLE_MAINTAINER,1,4370,v0.2.0
'@tsparticles/plugin-canvas-mask,4.3.2,69,C,INCONSISTENT_PUBLISH_PATH|SINGLE_MAINTAINER,1,4368,v0.2.0
'@tsparticles/shape-rounded-rect,4.3.2,69,C,INCONSISTENT_PUBLISH_PATH|SINGLE_MAINTAINER,1,4364,v0.2.0
'@tsparticles/plugin-poisson-disc,4.3.2,69,C,INCONSISTENT_PUBLISH_PATH|SINGLE_MAINTAINER,1,4361,v0.2.0
'@tsparticles/path-svg,4.3.2,69,C,INCONSISTENT_PUBLISH_PATH|SINGLE_MAINTAINER,1,4355,v0.2.0
'@tsparticles/effect-bubble,4.3.2,69,C,INCONSISTENT_PUBLISH_PATH|SINGLE_MAINTAINER,1,4351,v0.2.0
'@n8n_io/n8n-demo-component,1.0.20,34,F,UNVERIFIED_PUBLISH_PATH|PUBLISHER_NOT_MAINTAINER,3,4349,v0.2.0
'@tsparticles/shape-arrow,4.3.2,69,C,INCONSISTENT_PUBLISH_PATH|SINGLE_MAINTAINER,1,4337,v0.2.0
'@tsparticles/plugin-easing-cubic,4.3.2,69,C,INCONSISTENT_PUBLISH_PATH|SINGLE_MAINTAINER,1,4335,v0.2.0
'@tsparticles/plugin-easing-expo,4.3.2,69,C,INCONSISTENT_PUBLISH_PATH|SINGLE_MAINTAINER,1,4335,v0.2.0
'@tsparticles/interaction-external-pop,4.3.2,69,C,INCONSISTENT_PUBLISH_PATH|SINGLE_MAINTAINER,1,4334,v0.2.0
'@tsparticles/plugin-emitters-shape-canvas,4.3.2,69,C,INCONSISTENT_PUBLISH_PATH|SINGLE_MAINTAINER,1,4333,v0.2.0
'@tsparticles/plugin-easing-circ,4.3.2,69,C,INCONSISTENT_PUBLISH_PATH|SINGLE_MAINTAINER,1,4332,v0.2.0
'@tsparticles/shape-spiral,4.3.2,69,C,INCONSISTENT_PUBLISH_PATH|SINGLE_MAINTAINER,1,4331,v0.2.0
'@tsparticles/plugin-easing-quart,4.3.2,69,C,INCONSISTENT_PUBLISH_PATH|SINGLE_MAINTAINER,1,4330,v0.2.0
tooltip-plugin,1.0.16,15,F,UNVERIFIED_PUBLISH_PATH|DORMANT|SINGLE_MAINTAINER,1,4328,v0.2.0
'@tsparticles/plugin-easing-back,4.3.2,69,C,INCONSISTENT_PUBLISH_PATH|SINGLE_MAINTAINER,1,4324,v0.2.0
'@tsparticles/interaction-particles-repulse,4.3.2,69,C,INCONSISTENT_PUBLISH_PATH|SINGLE_MAINTAINER,1,4323,v0.2.0
nucleo-ui-fill-12,1.5.0,16,F,UNVERIFIED_PUBLISH_PATH|SINGLE_MAINTAINER,1,4323,v0.2.0
'@tsparticles/plugin-easing-linear,4.3.2,69,C,INCONSISTENT_PUBLISH_PATH|SINGLE_MAINTAINER,1,4322,v0.2.0
'@tsparticles/plugin-easing-sine,4.3.2,69,C,INCONSISTENT_PUBLISH_PATH|SINGLE_MAINTAINER,1,4322,v0.2.0
'@tsparticles/plugin-easing-quint,4.3.2,69,C,INCONSISTENT_PUBLISH_PATH|SINGLE_MAINTAINER,1,4321,v0.2.0
'@tsparticles/plugin-export-video,4.3.2,69,C,INCONSISTENT_PUBLISH_PATH|SINGLE_MAINTAINER,1,4320,v0.2.0
rx-player,4.5.0,87,A,,2,4320,v0.2.0
'@tsparticles/plugin-export-image,4.3.2,69,C,INCONSISTENT_PUBLISH_PATH|SINGLE_MAINTAINER,1,4319,v0.2.0
'@tsparticles/plugin-export-json,4.3.2,69,C,INCONSISTENT_PUBLISH_PATH|SINGLE_MAINTAINER,1,4315,v0.2.0
'@tsparticles/path-simplex-noise,4.3.2,69,C,INCONSISTENT_PUBLISH_PATH|SINGLE_MAINTAINER,1,4311,v0.2.0
'@tsparticles/shape-path,4.3.2,69,C,INCONSISTENT_PUBLISH_PATH|SINGLE_MAINTAINER,1,4311,v0.2.0
devtools-detect,4.0.2,19,F,UNVERIFIED_PUBLISH_PATH|DORMANT|SINGLE_MAINTAINER,1,4308,v0.2.0
'@yandex/ymaps3-hint,0.1.2,35,D,UNVERIFIED_PUBLISH_PATH,2,4298,v0.2.0
igniteui-angular-core,22.0.1,16,F,UNVERIFIED_PUBLISH_PATH|SINGLE_MAINTAINER,1,4298,v0.2.0
chartist-plugin-legend,0.6.2,33,F,UNVERIFIED_PUBLISH_PATH|DORMANT,3,4297,v0.2.0
'@tylertech/tyler-icons,2.2.0,46,D,UNVERIFIED_PUBLISH_PATH,6,4288,v0.2.0
anywidget,0.11.0,68,C,SINGLE_MAINTAINER,1,4270,v0.2.0
lg-zoom.js,1.3.0,19,F,UNVERIFIED_PUBLISH_PATH|DORMANT|SINGLE_MAINTAINER,1,4269,v0.2.0
leaflet.path.drag,0.0.6,19,F,UNVERIFIED_PUBLISH_PATH|DORMANT|SINGLE_MAINTAINER,1,4267,v0.2.0
mmenu-js,9.3.0,19,F,UNVERIFIED_PUBLISH_PATH|DORMANT|SINGLE_MAINTAINER,1,4267,v0.2.0
chartjs-plugin-piechart-outlabels,0.1.4,19,F,UNVERIFIED_PUBLISH_PATH|DORMANT|SINGLE_MAINTAINER,1,4265,v0.2.0
jsstore,4.9.0,19,F,UNVERIFIED_PUBLISH_PATH|DORMANT|SINGLE_MAINTAINER,1,4255,v0.2.0
'@fontsource/biz-udpgothic,5.2.9,71,B,,2,4251,v0.2.0
'@iconify-json/skill-icons,1.2.4,21,F,UNVERIFIED_PUBLISH_PATH|SINGLE_MAINTAINER,1,4247,v0.2.0
'@descope/web-components-ui,3.17.0,30,F,UNVERIFIED_PUBLISH_PATH,5,4244,v0.2.0
sal.js,0.8.5,19,F,UNVERIFIED_PUBLISH_PATH|DORMANT|SINGLE_MAINTAINER,1,4240,v0.2.0
bootstrap3,3.3.5,32,F,UNVERIFIED_PUBLISH_PATH|DORMANT|SINGLE_MAINTAINER,1,4235,v0.2.0
'@1money/react-ui,1.17.3,52,C,INCONSISTENT_PUBLISH_PATH|SINGLE_MAINTAINER,1,4231,v0.2.0
accessible-menu,4.4.0,25,F,UNVERIFIED_PUBLISH_PATH|SINGLE_MAINTAINER,1,4222,v0.2.0
'@fontsource/bad-script,5.2.8,71,B,,2,4221,v0.2.0
'@fontsource-variable/vollkorn,5.2.10,71,B,,2,4219,v0.2.0
'@fontsource-variable/noto-sans-display,5.2.10,71,B,,2,4200,v0.2.0
zooming,2.1.1,19,F,UNVERIFIED_PUBLISH_PATH|DORMANT|SINGLE_MAINTAINER,1,4197,v0.2.0
antdv-next,1.4.3,34,F,UNVERIFIED_PUBLISH_PATH,3,4189,v0.2.0
skulpt,1.2.0,19,F,UNVERIFIED_PUBLISH_PATH|DORMANT|SINGLE_MAINTAINER,1,4188,v0.2.0
fiori-fundamentals,1.7.10,19,F,UNVERIFIED_PUBLISH_PATH|DORMANT|SINGLE_MAINTAINER|DEPRECATED,1,4184,v0.2.0
'@lskjs/dashboard,2.9.0,33,F,UNVERIFIED_PUBLISH_PATH|DORMANT,12,4182,v0.2.0
filepond-plugin-file-metadata,1.0.8,19,F,UNVERIFIED_PUBLISH_PATH|DORMANT|SINGLE_MAINTAINER,1,4174,v0.2.0
is-in-viewport,3.0.4,19,F,UNVERIFIED_PUBLISH_PATH|DORMANT|SINGLE_MAINTAINER,1,4174,v0.2.0
rateyo,3.0.0-alpha.2,19,F,UNVERIFIED_PUBLISH_PATH|DORMANT|SINGLE_MAINTAINER,1,4170,v0.2.0
skeleton-screen-css,1.1.0,19,F,UNVERIFIED_PUBLISH_PATH|DORMANT|SINGLE_MAINTAINER,1,4163,v0.2.0
jquery-bootstrap-scrolling-tabs,2.6.1,19,F,UNVERIFIED_PUBLISH_PATH|DORMANT|SINGLE_MAINTAINER,1,4157,v0.2.0
'@sheerid/jslib,2.257.0,35,D,UNVERIFIED_PUBLISH_PATH,4,4153,v0.2.0
editorjs-parser,1.5.3,14,F,UNVERIFIED_PUBLISH_PATH|DORMANT|SINGLE_MAINTAINER|PUBLISHER_NOT_MAINTAINER,1,4152,v0.2.0
'@infineon/infineon-design-system-stencil,39.36.0,45,D,UNVERIFIED_PUBLISH_PATH,5,4149,v0.2.0
'@telnyx/video,1.0.2,24,F,UNVERIFIED_PUBLISH_PATH|DORMANT,6,4144,v0.2.0
'@iconify-json/cil,1.2.3,21,F,UNVERIFIED_PUBLISH_PATH|SINGLE_MAINTAINER,1,4125,v0.2.0
'@genpact/genome.mfe.v6-app,1.0.317,21,F,UNVERIFIED_PUBLISH_PATH|SINGLE_MAINTAINER,1,4122,v0.2.0
academicons,1.9.5,77,B,,2,4122,v0.2.0
'@fontsource/krona-one,5.2.8,71,B,,2,4118,v0.2.0
'@fontsource-variable/gelasio,5.2.8,71,B,,2,4117,v0.2.0
'@chinese-fonts/maple-mono-cn,2.0.0,20,F,UNVERIFIED_PUBLISH_PATH|SINGLE_MAINTAINER,1,4115,v0.2.0
'@fontsource-variable/oxanium,5.2.8,71,B,,2,4099,v0.2.0
counterup2,2.0.2,19,F,UNVERIFIED_PUBLISH_PATH|DORMANT|SINGLE_MAINTAINER,1,4095,v0.2.0
ricos-content,10.102.0,24,F,UNVERIFIED_PUBLISH_PATH|DORMANT,8,4094,v0.2.0
'@swisspost/design-system-icons,10.0.1,95,A,,4,4089,v0.2.0
'@icon/themify-icons,1.0.1-alpha.3,33,F,UNVERIFIED_PUBLISH_PATH|DORMANT,2,4068,v0.2.0
jquery.scrollbar,0.2.11,33,F,UNVERIFIED_PUBLISH_PATH|DORMANT,2,4067,v0.2.0
slideout,1.0.1,19,F,UNVERIFIED_PUBLISH_PATH|DORMANT|SINGLE_MAINTAINER,1,4067,v0.2.0
'@fontsource/special-elite,5.2.8,71,B,,2,4057,v0.2.0
font-awesome-animation,1.1.1,33,F,UNVERIFIED_PUBLISH_PATH|DORMANT,2,4047,v0.2.0
vue-plugin-hiprint,0.0.60,25,F,UNVERIFIED_PUBLISH_PATH|SINGLE_MAINTAINER,1,4040,v0.2.0
'@snowplow/browser-plugin-vimeo-tracking,4.8.4,39,D,UNVERIFIED_PUBLISH_PATH,3,4036,v0.2.0
colorjoe,4.2.0,19,F,UNVERIFIED_PUBLISH_PATH|DORMANT|SINGLE_MAINTAINER,1,4033,v0.2.0
'@iconify-json/fluent-mdl2,1.2.1,15,F,UNVERIFIED_PUBLISH_PATH|DORMANT|SINGLE_MAINTAINER,1,4031,v0.2.0
'@material-tailwind/html,3.0.0-beta.7,39,D,UNVERIFIED_PUBLISH_PATH,4,4025,v0.2.0
jquery-jpostal-ja,2.14.82,25,F,UNVERIFIED_PUBLISH_PATH|SINGLE_MAINTAINER,1,4021,v0.2.0
tingle.js,0.16.0,33,F,UNVERIFIED_PUBLISH_PATH|DORMANT,2,4017,v0.2.0
'@embrace-io/web-sdk,2.23.1,94,A,,9,4010,v0.2.0
jquery-tooltipster,3.3.0,15,F,UNVERIFIED_PUBLISH_PATH|DORMANT|SINGLE_MAINTAINER,1,4009,v0.2.0
tablesaw,3.1.2,33,F,UNVERIFIED_PUBLISH_PATH|DORMANT,6,4008,v0.2.0
mdui,2.1.5,20,F,UNVERIFIED_PUBLISH_PATH|SINGLE_MAINTAINER,1,4006,v0.2.0
'@aurodesignsystem/auro-hyperlink,8.0.3,89,A,,8,4005,v0.2.0
ricos-schema,10.102.0,24,F,UNVERIFIED_PUBLISH_PATH|DORMANT,8,4000,v0.2.0
angular-bootstrap-toggle,0.4.2,19,F,UNVERIFIED_PUBLISH_PATH|DORMANT|SINGLE_MAINTAINER,1,3986,v0.2.0
luminous-lightbox,2.4.0,40,D,UNVERIFIED_PUBLISH_PATH|DORMANT,10,3981,v0.2.0
dayjs-with-plugins,1.0.4,33,F,UNVERIFIED_PUBLISH_PATH|DORMANT,2,3980,v0.2.0
'@dropins/storefront-cart,3.3.0,35,D,UNVERIFIED_PUBLISH_PATH,10,3978,v0.2.0
'@fontsource-variable/domine,5.2.8,71,B,,2,3978,v0.2.0
hover.css,2.3.2,19,F,UNVERIFIED_PUBLISH_PATH|DORMANT|SINGLE_MAINTAINER,1,3974,v0.2.0
'@tesseract.js-data/jpn,1.0.0,19,F,UNVERIFIED_PUBLISH_PATH|DORMANT|SINGLE_MAINTAINER,1,3970,v0.2.0
'@fontsource-variable/golos-text,5.2.8,71,B,,2,3956,v0.2.0
baguettebox.js,1.13.0,25,F,UNVERIFIED_PUBLISH_PATH|SINGLE_MAINTAINER,1,3951,v0.2.0
'@fontsource/prata,5.2.7,71,B,,2,3950,v0.2.0
'@fontsource/noto-sans-hebrew,5.2.8,71,B,,2,3945,v0.2.0
vwo-node-sdk,1.73.0,39,D,UNVERIFIED_PUBLISH_PATH,2,3943,v0.2.0
'@iconify-json/healthicons,1.2.12,21,F,UNVERIFIED_PUBLISH_PATH|SINGLE_MAINTAINER,1,3933,v0.2.0
'@tsparticles/pjs,4.3.2,69,C,INCONSISTENT_PUBLISH_PATH|SINGLE_MAINTAINER,1,3926,v0.2.0
'@fontsource/open-sauce-one,5.2.5,71,B,,2,3925,v0.2.0
flag-icons-svg,0.0.3,19,F,UNVERIFIED_PUBLISH_PATH|DORMANT|SINGLE_MAINTAINER,1,3921,v0.2.0
jquery-smooth-scroll,2.2.0,19,F,UNVERIFIED_PUBLISH_PATH|DORMANT|SINGLE_MAINTAINER,1,3921,v0.2.0
'@wix/stores,1.0.830,30,F,UNVERIFIED_PUBLISH_PATH,12,3920,v0.2.0
'@brainfish-ai/web-widget,1.24.1,30,F,UNVERIFIED_PUBLISH_PATH,4,3914,v0.2.0
zent,10.0.18,34,F,UNVERIFIED_PUBLISH_PATH,3,3908,v0.2.0
japanese-string-utils,0.5.0,19,F,UNVERIFIED_PUBLISH_PATH|DORMANT|SINGLE_MAINTAINER,1,3906,v0.2.0
pdf-lib-with-encrypt,1.2.1,14,F,UNVERIFIED_PUBLISH_PATH|DORMANT|SINGLE_MAINTAINER,1,3906,v0.2.0
'@fontsource/roboto-serif,5.2.9,81,B,,2,3900,v0.2.0
'@creativebulma/bulma-tooltip,1.2.0,33,F,UNVERIFIED_PUBLISH_PATH|DORMANT,2,3894,v0.2.0
'@fontsource-variable/noto-sans-ethiopic,5.2.7,71,B,,2,3888,v0.2.0
noto-sans-sc,37.0.0,19,F,UNVERIFIED_PUBLISH_PATH|DORMANT|SINGLE_MAINTAINER,1,3887,v0.2.0
'@snowplow/browser-plugin-snowplow-ecommerce,4.8.4,39,D,UNVERIFIED_PUBLISH_PATH,3,3884,v0.2.0
rich-filemanager,2.7.6,19,F,UNVERIFIED_PUBLISH_PATH|DORMANT|SINGLE_MAINTAINER,1,3882,v0.2.0
solar-icon-set,2.0.1,34,F,UNVERIFIED_PUBLISH_PATH,3,3873,v0.2.0
bootstrap-tour,0.12.0,33,F,UNVERIFIED_PUBLISH_PATH|DORMANT,2,3862,v0.2.0
remodal,1.1.1,19,F,UNVERIFIED_PUBLISH_PATH|DORMANT|SINGLE_MAINTAINER,1,3861,v0.2.0
validate-polish,2.1.40,15,F,UNVERIFIED_PUBLISH_PATH|DORMANT|SINGLE_MAINTAINER,1,3861,v0.2.0
jquery.nicescroll,3.7.6,28,F,UNVERIFIED_PUBLISH_PATH|DORMANT,2,3859,v0.2.0
lg-video,1.4.0,19,F,UNVERIFIED_PUBLISH_PATH|DORMANT|SINGLE_MAINTAINER,1,3859,v0.2.0
js-storage,1.1.0,19,F,UNVERIFIED_PUBLISH_PATH|DORMANT|SINGLE_MAINTAINER,1,3857,v0.2.0
'@tensorflow/tfjs-tflite,0.0.1-alpha.10,28,F,UNVERIFIED_PUBLISH_PATH|DORMANT|PUBLISHER_NOT_MAINTAINER,10,3847,v0.2.0
jquery.marquee,1.6.1,33,F,UNVERIFIED_PUBLISH_PATH|DORMANT,2,3847,v0.2.0
isotope-masonry-horizontal,2.0.1,19,F,UNVERIFIED_PUBLISH_PATH|DORMANT|SINGLE_MAINTAINER,1,3836,v0.2.0
wavesurfer,1.3.4,14,F,UNVERIFIED_PUBLISH_PATH|DORMANT|SINGLE_MAINTAINER|DEPRECATED,1,3834,v0.2.0
featherlight,1.7.14,19,F,UNVERIFIED_PUBLISH_PATH|DORMANT|SINGLE_MAINTAINER,1,3829,v0.2.0
bootstrap-autocomplete,2.3.7,14,F,UNVERIFIED_PUBLISH_PATH|DORMANT|SINGLE_MAINTAINER,1,3821,v0.2.0
startbootstrap-sb-admin-2,4.1.4,19,F,UNVERIFIED_PUBLISH_PATH|DORMANT|SINGLE_MAINTAINER,1,3815,v0.2.0
webp-hero,0.0.2,19,F,UNVERIFIED_PUBLISH_PATH|DORMANT|SINGLE_MAINTAINER,1,3815,v0.2.0
'@scandit/web-datacapture-parser,8.5.0,35,D,UNVERIFIED_PUBLISH_PATH,5,3811,v0.2.0
'@iconify-json/iconamoon,1.2.2,15,F,UNVERIFIED_PUBLISH_PATH|DORMANT|SINGLE_MAINTAINER,1,3808,v0.2.0
mixitup,3.3.2,19,F,UNVERIFIED_PUBLISH_PATH|DORMANT|SINGLE_MAINTAINER,1,3794,v0.2.0
'@fontsource/gelasio,5.2.8,71,B,,2,3792,v0.2.0
'@wix/auto_sdk_crm_contacts,1.0.1335,30,F,UNVERIFIED_PUBLISH_PATH,12,3790,v0.2.0
'@fontsource/noto-serif-tc,5.2.10,81,B,,2,3774,v0.2.0
bs5-lightbox,1.8.5,25,F,UNVERIFIED_PUBLISH_PATH|SINGLE_MAINTAINER,1,3765,v0.2.0
'@iconify-json/pajamas,1.2.15,21,F,UNVERIFIED_PUBLISH_PATH|SINGLE_MAINTAINER,1,3761,v0.2.0
'@fontsource/satisfy,5.2.7,71,B,,2,3758,v0.2.0
'@mediapipe/tasks-audio,0.10.35,30,F,UNVERIFIED_PUBLISH_PATH,8,3757,v0.2.0
details-polyfill,1.2.0,14,F,UNVERIFIED_PUBLISH_PATH|DORMANT|SINGLE_MAINTAINER,1,3757,v0.2.0
js-loading-overlay,1.2.0,19,F,UNVERIFIED_PUBLISH_PATH|DORMANT|SINGLE_MAINTAINER,1,3755,v0.2.0
highlightjs-copy,1.0.6,15,F,UNVERIFIED_PUBLISH_PATH|DORMANT|SINGLE_MAINTAINER,1,3754,v0.2.0
openplayerjs,2.14.12,25,F,UNVERIFIED_PUBLISH_PATH|SINGLE_MAINTAINER,1,3754,v0.2.0
'@hiseb/confetti,2.1.0,25,F,UNVERIFIED_PUBLISH_PATH|SINGLE_MAINTAINER,1,3753,v0.2.0
bulma-slider,2.0.5,14,F,UNVERIFIED_PUBLISH_PATH|DORMANT|SINGLE_MAINTAINER|PUBLISHER_NOT_MAINTAINER,1,3753,v0.2.0
desandro-classie,1.0.1,14,F,UNVERIFIED_PUBLISH_PATH|DORMANT|SINGLE_MAINTAINER,1,3753,v0.2.0
scroll-timeline-polyfill,1.1.0,19,F,UNVERIFIED_PUBLISH_PATH|DORMANT|SINGLE_MAINTAINER,1,3753,v0.2.0
vast-client,3.2.0,33,F,UNVERIFIED_PUBLISH_PATH|DORMANT|DEPRECATED,5,3750,v0.2.0
ie11-custom-properties,4.1.0,19,F,UNVERIFIED_PUBLISH_PATH|DORMANT|SINGLE_MAINTAINER,1,3737,v0.2.0
mathpix-markdown-it,3.0.1,39,D,UNVERIFIED_PUBLISH_PATH,3,3736,v0.2.0
webxr-polyfill,2.0.3,33,F,UNVERIFIED_PUBLISH_PATH|DORMANT,2,3733,v0.2.0
'@iconify-json/flowbite,1.2.7,21,F,UNVERIFIED_PUBLISH_PATH|SINGLE_MAINTAINER,1,3731,v0.2.0
'@fontsource/bungee,5.2.7,71,B,,2,3725,v0.2.0
'@snowplow/javascript-tracker,4.8.4,39,D,UNVERIFIED_PUBLISH_PATH,3,3725,v0.2.0
lg-video.js,1.3.0,19,F,UNVERIFIED_PUBLISH_PATH|DORMANT|SINGLE_MAINTAINER,1,3711,v0.2.0
'@fontsource/parisienne,5.2.8,71,B,,2,3707,v0.2.0
jexcel,4.6.1,19,F,UNVERIFIED_PUBLISH_PATH|DORMANT|SINGLE_MAINTAINER,1,3702,v0.2.0
ui-bootstrap4,3.0.7,19,F,UNVERIFIED_PUBLISH_PATH|DORMANT|SINGLE_MAINTAINER,1,3699,v0.2.0
round-slider,1.6.1,19,F,UNVERIFIED_PUBLISH_PATH|DORMANT|SINGLE_MAINTAINER,1,3685,v0.2.0
css-toggle-switch,4.1.0,19,F,UNVERIFIED_PUBLISH_PATH|DORMANT|SINGLE_MAINTAINER,1,3681,v0.2.0
gsplat,1.2.9,25,F,UNVERIFIED_PUBLISH_PATH|SINGLE_MAINTAINER,1,3672,v0.2.0
chartjs-plugin-watermark,2.0.2,19,F,UNVERIFIED_PUBLISH_PATH|DORMANT|SINGLE_MAINTAINER,1,3665,v0.2.0
sequential-workflow-designer,0.40.0,25,F,UNVERIFIED_PUBLISH_PATH|SINGLE_MAINTAINER,1,3662,v0.2.0
jquery-drawer,3.2.2,19,F,UNVERIFIED_PUBLISH_PATH|DORMANT|SINGLE_MAINTAINER,1,3659,v0.2.0
'@fontsource/lilita-one,5.2.8,71,B,,2,3658,v0.2.0
agent-relay-server,0.129.11,20,F,UNVERIFIED_PUBLISH_PATH|SINGLE_MAINTAINER,1,3652,v0.2.0
babylonjs-materials,9.17.0,25,F,UNVERIFIED_PUBLISH_PATH|SINGLE_MAINTAINER,1,3651,v0.2.0
'@tylertech/forge-core,3.3.1,47,D,UNVERIFIED_PUBLISH_PATH,6,3650,v0.2.0
jquery-textfill,0.6.0,19,F,UNVERIFIED_PUBLISH_PATH|DORMANT|SINGLE_MAINTAINER,1,3648,v0.2.0
'@fontsource/rokkitt,5.2.8,71,B,,2,3645,v0.2.0
xgplayer-hls,3.0.26,77,B,INCONSISTENT_PUBLISH_PATH,9,3644,v0.2.0
'@wix/auto_sdk_media_enterprise-media-items,1.0.38,30,F,UNVERIFIED_PUBLISH_PATH,12,3641,v0.2.0
lib-flexible,0.3.2,10,F,UNVERIFIED_PUBLISH_PATH|DORMANT|SINGLE_MAINTAINER,1,3638,v0.2.0
enter-view,2.0.1,10,F,UNVERIFIED_PUBLISH_PATH|DORMANT|SINGLE_MAINTAINER|PUBLISHER_NOT_MAINTAINER,1,3637,v0.2.0
oembed-parser,3.1.6-rc1,34,F,UNVERIFIED_PUBLISH_PATH|DORMANT,3,3634,v0.2.0
videojs-quality-selector-hls,1.1.1,19,F,UNVERIFIED_PUBLISH_PATH|DORMANT|SINGLE_MAINTAINER,1,3633,v0.2.0
chart2music,1.20.0,25,F,UNVERIFIED_PUBLISH_PATH|SINGLE_MAINTAINER,1,3630,v0.2.0
cap-widget,0.1.56,20,F,UNVERIFIED_PUBLISH_PATH|SINGLE_MAINTAINER,1,3626,v0.2.0
'@webxr-input-profiles/motion-controllers,1.0.0,24,F,UNVERIFIED_PUBLISH_PATH|DORMANT,2,3622,v0.2.0
paginationjs,2.6.0,19,F,UNVERIFIED_PUBLISH_PATH|DORMANT|SINGLE_MAINTAINER,1,3617,v0.2.0
accessibility,6.1.0,21,F,UNVERIFIED_PUBLISH_PATH|SINGLE_MAINTAINER,1,3613,v0.2.0
libpag,4.5.76,32,F,UNVERIFIED_PUBLISH_PATH|SINGLE_MAINTAINER|BRANCH_REQUIRES_PR,1,3609,v0.2.0
unpoly,3.14.3,25,F,UNVERIFIED_PUBLISH_PATH|SINGLE_MAINTAINER,1,3599,v0.2.0
'@wix/auto_sdk_stores_products-v-3,1.0.197,30,F,UNVERIFIED_PUBLISH_PATH,12,3598,v0.2.0
image-compare-viewer,1.6.2,19,F,UNVERIFIED_PUBLISH_PATH|DORMANT|SINGLE_MAINTAINER,1,3597,v0.2.0
twikoo,1.7.14,63,C,INCONSISTENT_PUBLISH_PATH|SINGLE_MAINTAINER,1,3582,v0.2.0
jquery-resizable-dom,0.35.0,19,F,UNVERIFIED_PUBLISH_PATH|DORMANT|SINGLE_MAINTAINER,1,3580,v0.2.0
jqcloud2,2.0.3,19,F,UNVERIFIED_PUBLISH_PATH|DORMANT|SINGLE_MAINTAINER,1,3578,v0.2.0
'@iconify-json/prime,1.2.5,21,F,UNVERIFIED_PUBLISH_PATH|SINGLE_MAINTAINER,1,3569,v0.2.0
'@imacrayon/alpine-ajax,0.12.7,73,B,SINGLE_MAINTAINER,1,3567,v0.2.0
blob.js,1.0.1,19,F,UNVERIFIED_PUBLISH_PATH|DORMANT|SINGLE_MAINTAINER,1,3562,v0.2.0
'@pnotify/glyphicon,5.2.0,19,F,UNVERIFIED_PUBLISH_PATH|DORMANT|SINGLE_MAINTAINER,1,3554,v0.2.0
'@fontsource/archivo-narrow,5.2.8,71,B,,2,3552,v0.2.0
tocca,2.0.9,19,F,UNVERIFIED_PUBLISH_PATH|DORMANT|SINGLE_MAINTAINER,1,3546,v0.2.0
'@shakebugs/browser,3.3.2,25,F,UNVERIFIED_PUBLISH_PATH|SINGLE_MAINTAINER,1,3543,v0.2.0
'@fontsource/questrial,5.2.8,71,B,,2,3538,v0.2.0
'@suprsend/web-sdk,4.4.0,39,D,UNVERIFIED_PUBLISH_PATH,3,3528,v0.2.0
quasar-framework,0.17.20,25,F,UNVERIFIED_PUBLISH_PATH|DORMANT|SINGLE_MAINTAINER,1,3526,v0.2.0
'@emran-alhaddad/saudi-riyal-font,1.1.0,25,F,UNVERIFIED_PUBLISH_PATH|SINGLE_MAINTAINER,1,3522,v0.2.0
'@fontsource-variable/heebo,5.2.8,71,B,,2,3512,v0.2.0
'@trevoreyre/autocomplete-js,3.0.3,19,F,UNVERIFIED_PUBLISH_PATH|DORMANT|SINGLE_MAINTAINER,1,3512,v0.2.0
jquery.panzoom,3.2.3,25,F,UNVERIFIED_PUBLISH_PATH|DORMANT|SINGLE_MAINTAINER,1,3503,v0.2.0
'@iconify-json/gravity-ui,1.2.13,21,F,UNVERIFIED_PUBLISH_PATH|SINGLE_MAINTAINER,1,3502,v0.2.0
leaflet-heatmap,1.0.0,10,F,UNVERIFIED_PUBLISH_PATH|DORMANT|SINGLE_MAINTAINER,1,3495,v0.2.0
'@fontsource/ibm-plex-sans-kr,5.2.8,71,B,,2,3491,v0.2.0
aspnet-client-validation,0.11.1,19,F,UNVERIFIED_PUBLISH_PATH|DORMANT|SINGLE_MAINTAINER,1,3490,v0.2.0
angular-socialshare,2.3.11,19,F,UNVERIFIED_PUBLISH_PATH|DORMANT|SINGLE_MAINTAINER,1,3486,v0.2.0
footable,2.0.6,19,F,UNVERIFIED_PUBLISH_PATH|DORMANT|SINGLE_MAINTAINER,1,3478,v0.2.0
flexslider,2.7.2,19,F,UNVERIFIED_PUBLISH_PATH|DORMANT|SINGLE_MAINTAINER,1,3472,v0.2.0
'@tylertech/forge,3.14.4,47,D,UNVERIFIED_PUBLISH_PATH,6,3469,v0.2.0
loading-attribute-polyfill,2.1.1,19,F,UNVERIFIED_PUBLISH_PATH|DORMANT|SINGLE_MAINTAINER,1,3467,v0.2.0
'@mathjax/mathjax-tex-font,4.1.3,39,D,UNVERIFIED_PUBLISH_PATH,3,3466,v0.2.0
'@iconify-json/bxs,1.2.3,21,F,UNVERIFIED_PUBLISH_PATH|SINGLE_MAINTAINER,1,3463,v0.2.0
spin-wheel,5.0.2,19,F,UNVERIFIED_PUBLISH_PATH|DORMANT|SINGLE_MAINTAINER,1,3460,v0.2.0
jquery-slim,3.0.0,19,F,UNVERIFIED_PUBLISH_PATH|DORMANT|SINGLE_MAINTAINER,1,3457,v0.2.0
promise-js,0.0.7,19,F,UNVERIFIED_PUBLISH_PATH|DORMANT|SINGLE_MAINTAINER,1,3449,v0.2.0
'@fontsource-variable/cinzel,5.2.8,71,B,,2,3426,v0.2.0
'@pnotify/bootstrap3,5.2.0,19,F,UNVERIFIED_PUBLISH_PATH|DORMANT|SINGLE_MAINTAINER,1,3426,v0.2.0
'@dynatrace/strato-components,3.9.0,30,F,UNVERIFIED_PUBLISH_PATH,4,3424,v0.2.0
hacktimer,1.1.3,19,F,UNVERIFIED_PUBLISH_PATH|DORMANT|SINGLE_MAINTAINER,1,3420,v0.2.0
'@materializecss/materialize,2.3.3,39,D,UNVERIFIED_PUBLISH_PATH,2,3415,v0.2.0
'@wix/auto_sdk_crm_labels,1.0.67,30,F,UNVERIFIED_PUBLISH_PATH,12,3413,v0.2.0
node-snackbar,0.1.16,19,F,UNVERIFIED_PUBLISH_PATH|DORMANT|SINGLE_MAINTAINER,1,3413,v0.2.0
pristinejs,1.1.0,19,F,UNVERIFIED_PUBLISH_PATH|DORMANT|SINGLE_MAINTAINER,1,3412,v0.2.0
semantic-ui,2.5.0,33,F,UNVERIFIED_PUBLISH_PATH|DORMANT,2,3403,v0.2.0
'@lobehub/icons-static-webp,1.93.0,39,D,UNVERIFIED_PUBLISH_PATH,9,3401,v0.2.0
'@microblink/blinkcard-in-browser-sdk,2.12.0,39,D,UNVERIFIED_PUBLISH_PATH|DEPRECATED,5,3398,v0.2.0
'@fontsource/cinzel-decorative,5.2.8,71,B,,2,3397,v0.2.0
audio-context-polyfill,1.0.0,14,F,UNVERIFIED_PUBLISH_PATH|DORMANT|SINGLE_MAINTAINER|PUBLISHER_NOT_MAINTAINER|DEPRECATED,1,3389,v0.2.0
'@crystaldesign/product-detail-page,26.7.7,21,F,UNVERIFIED_PUBLISH_PATH|SINGLE_MAINTAINER,1,3382,v0.2.0
glyphicons-only-bootstrap,1.0.1,14,F,UNVERIFIED_PUBLISH_PATH|DORMANT|SINGLE_MAINTAINER,1,3380,v0.2.0
sharer.js,0.5.4,32,F,UNVERIFIED_PUBLISH_PATH|SINGLE_MAINTAINER,1,3378,v0.2.0
'@vonage/media-processor,3.0.4,35,D,UNVERIFIED_PUBLISH_PATH,66,3377,v0.2.0
aplayer,1.10.1,19,F,UNVERIFIED_PUBLISH_PATH|DORMANT|SINGLE_MAINTAINER,1,3377,v0.2.0
canvas-5-polyfill,0.1.5,15,F,UNVERIFIED_PUBLISH_PATH|DORMANT|SINGLE_MAINTAINER,1,3375,v0.2.0
image-map-resizer,1.0.10,25,F,UNVERIFIED_PUBLISH_PATH|DORMANT|SINGLE_MAINTAINER,1,3371,v0.2.0
davidshimjs-qrcodejs,0.0.2,19,F,UNVERIFIED_PUBLISH_PATH|DORMANT|SINGLE_MAINTAINER,1,3365,v0.2.0
'@banuba/webar,1.18.4,30,F,UNVERIFIED_PUBLISH_PATH,6,3359,v0.2.0
'@reachfive/identity-core,1.41.0,39,D,UNVERIFIED_PUBLISH_PATH,3,3359,v0.2.0
'@fontsource/hind,5.2.8,71,B,,2,3356,v0.2.0
v-charts,1.19.0,19,F,UNVERIFIED_PUBLISH_PATH|DORMANT|SINGLE_MAINTAINER,1,3356,v0.2.0
'@razorpay/blade,12.110.0,94,A,,4,3350,v0.2.0
'@webpixels/css,3.0.5,25,F,UNVERIFIED_PUBLISH_PATH|SINGLE_MAINTAINER,1,3349,v0.2.0
mind-ar,1.2.5,19,F,UNVERIFIED_PUBLISH_PATH|DORMANT|SINGLE_MAINTAINER,1,3347,v0.2.0
fittext.js,1.2.0,19,F,UNVERIFIED_PUBLISH_PATH|DORMANT|SINGLE_MAINTAINER,1,3346,v0.2.0
'@fontsource/oxygen,5.2.8,71,B,,2,3339,v0.2.0
hexo-theme-butterfly,5.6.0,57,C,INCONSISTENT_PUBLISH_PATH|SINGLE_MAINTAINER,1,3338,v0.2.0
slide-anim,1.6.0,25,F,UNVERIFIED_PUBLISH_PATH|SINGLE_MAINTAINER,1,3329,v0.2.0
granim,2.0.0,33,F,UNVERIFIED_PUBLISH_PATH|DORMANT,2,3328,v0.2.0
jscroll,2.4.1,19,F,UNVERIFIED_PUBLISH_PATH|DORMANT|SINGLE_MAINTAINER,1,3300,v0.2.0
'@fontsource/arvo,5.2.7,71,B,,2,3293,v0.2.0
cannon,0.6.2,14,F,UNVERIFIED_PUBLISH_PATH|DORMANT|SINGLE_MAINTAINER,1,3291,v0.2.0
'@shined/react-use,1.14.0,82,B,,4,3287,v0.2.0
'@iconify-json/akar-icons,1.2.7,21,F,UNVERIFIED_PUBLISH_PATH|SINGLE_MAINTAINER,1,3286,v0.2.0
docusaurus-plugin-drawio,0.4.0,19,F,UNVERIFIED_PUBLISH_PATH|DORMANT|SINGLE_MAINTAINER,1,3281,v0.2.0
'@aurodesignsystem/auro-loader,6.2.0,89,A,BRANCH_REQUIRES_PR,8,3271,v0.2.0
fontawesome-4.7,4.7.0,19,F,UNVERIFIED_PUBLISH_PATH|DORMANT|SINGLE_MAINTAINER,1,3263,v0.2.0
'@fontsource-variable/reddit-sans,5.2.7,71,B,,2,3261,v0.2.0
leaflet-velocity,2.1.4,19,F,UNVERIFIED_PUBLISH_PATH|DORMANT|SINGLE_MAINTAINER,1,3261,v0.2.0
select2-bootstrap4-theme,1.0.0,19,F,UNVERIFIED_PUBLISH_PATH|DORMANT|SINGLE_MAINTAINER,1,3259,v0.2.0
alpaca,1.5.27,14,F,UNVERIFIED_PUBLISH_PATH|DORMANT|SINGLE_MAINTAINER,1,3250,v0.2.0
'@fontsource-variable/assistant,5.2.9,71,B,,2,3248,v0.2.0
'@fontsource/dela-gothic-one,5.2.7,71,B,,2,3247,v0.2.0
formbouncerjs,1.4.6,19,F,UNVERIFIED_PUBLISH_PATH|DORMANT|SINGLE_MAINTAINER,1,3245,v0.2.0
retinajs,2.1.3,33,F,UNVERIFIED_PUBLISH_PATH|DORMANT,2,3243,v0.2.0
'@kingshott/iodine,8.3.0,19,F,UNVERIFIED_PUBLISH_PATH|DORMANT|SINGLE_MAINTAINER|DEPRECATED,1,3230,v0.2.0
'@alma/widgets,4.4.0,87,A,,6,3229,v0.2.0
'@fontsource-variable/cabin,5.2.8,71,B,,2,3228,v0.2.0
'@pnotify/bootstrap4,5.2.0,19,F,UNVERIFIED_PUBLISH_PATH|DORMANT|SINGLE_MAINTAINER,1,3226,v0.2.0
bootstrap-progressbar,0.9.0,19,F,UNVERIFIED_PUBLISH_PATH|DORMANT|SINGLE_MAINTAINER,1,3221,v0.2.0
jquery-hammerjs,2.0.0,33,F,UNVERIFIED_PUBLISH_PATH|DORMANT,2,3206,v0.2.0
zd-h5-check-json,1.0.121,21,F,UNVERIFIED_PUBLISH_PATH|SINGLE_MAINTAINER,1,3206,v0.2.0
itemsjs,2.4.4,25,F,UNVERIFIED_PUBLISH_PATH|SINGLE_MAINTAINER,1,3203,v0.2.0
'@digital-realty/ui-service-management,12.6.4,30,F,UNVERIFIED_PUBLISH_PATH,4,3201,v0.2.0
'@fontsource-variable/host-grotesk,5.2.8,71,B,,2,3200,v0.2.0
vlitejs,8.1.1,73,B,SINGLE_MAINTAINER,1,3198,v0.2.0
'@fontsource-variable/josefin-sans,5.2.8,71,B,,2,3196,v0.2.0
'@shiguredo/virtual-background,2023.2.0,33,F,UNVERIFIED_PUBLISH_PATH|DORMANT,2,3195,v0.2.0
file-upload-with-preview,6.1.2,33,F,UNVERIFIED_PUBLISH_PATH|DORMANT,2,3183,v0.2.0
shariff,3.3.0,33,F,UNVERIFIED_PUBLISH_PATH|DORMANT,5,3183,v0.2.0
'@tensorflow-models/posenet,2.2.2,28,F,UNVERIFIED_PUBLISH_PATH|DORMANT,10,3177,v0.2.0
'@oracle/oraclejet,20.1.3,30,F,UNVERIFIED_PUBLISH_PATH,7,3176,v0.2.0
'@fontsource/nanum-gothic,5.2.7,71,B,,2,3175,v0.2.0
vue-json-to-csv,1.1.8,19,F,UNVERIFIED_PUBLISH_PATH|DORMANT|SINGLE_MAINTAINER,1,3175,v0.2.0
'@fontsource-variable/roboto-serif,5.2.9,81,B,,2,3173,v0.2.0
ajaxinate,3.0.1,19,F,UNVERIFIED_PUBLISH_PATH|DORMANT|SINGLE_MAINTAINER,1,3170,v0.2.0
notifly-js-sdk,2.19.0,77,B,INCONSISTENT_PUBLISH_PATH,2,3169,v0.2.0
'@proximus/lavender-common,1.4.13-alpha.6,21,F,UNVERIFIED_PUBLISH_PATH|SINGLE_MAINTAINER,1,3162,v0.2.0
'@wix/auto_sdk_stores_catalog-versioning,1.0.72,30,F,UNVERIFIED_PUBLISH_PATH,12,3161,v0.2.0
jquery-autocomplete,1.2.8,19,F,UNVERIFIED_PUBLISH_PATH|DORMANT|SINGLE_MAINTAINER,1,3161,v0.2.0
'@fontsource/russo-one,5.2.7,71,B,,2,3159,v0.2.0
shake.js,1.2.2,19,F,UNVERIFIED_PUBLISH_PATH|DORMANT|SINGLE_MAINTAINER,1,3159,v0.2.0
'@meteocons/svg-static,0.1.0,32,F,UNVERIFIED_PUBLISH_PATH|SINGLE_MAINTAINER,1,3146,v0.2.0
'@fontsource-variable/epilogue,5.2.8,71,B,,2,3144,v0.2.0
vuesax,3.12.2,19,F,UNVERIFIED_PUBLISH_PATH|DORMANT|SINGLE_MAINTAINER,1,3143,v0.2.0
'@wix/auto_sdk_crm_extended-fields,1.0.66,30,F,UNVERIFIED_PUBLISH_PATH,12,3141,v0.2.0
bulma-toast,2.4.4,19,F,UNVERIFIED_PUBLISH_PATH|DORMANT|SINGLE_MAINTAINER,1,3139,v0.2.0
'@aws/amazon-location-for-maplibre-gl-geocoder,2.0.8,94,A,,4,3136,v0.2.0
'@wix/auto_sdk_stores_products,1.0.98,30,F,UNVERIFIED_PUBLISH_PATH,12,3134,v0.2.0
'@wix/auto_sdk_crm_tasks,1.0.80,30,F,UNVERIFIED_PUBLISH_PATH,12,3121,v0.2.0
bromcom-ui,2.12.3,35,D,UNVERIFIED_PUBLISH_PATH,3,3121,v0.2.0
'@contentstack/personalize-edge-sdk,1.0.23,39,D,UNVERIFIED_PUBLISH_PATH,2,3120,v0.2.0
'@fontsource/titan-one,5.2.8,71,B,,2,3120,v0.2.0
jquery.rut,1.1.2,33,F,UNVERIFIED_PUBLISH_PATH|DORMANT,2,3117,v0.2.0
leaflet-pegman,0.1.7,25,F,UNVERIFIED_PUBLISH_PATH|SINGLE_MAINTAINER,1,3111,v0.2.0
'@fastwork/turbine,2.5.5,29,F,UNVERIFIED_PUBLISH_PATH|DORMANT,2,3104,v0.2.0
swetrix,4.4.0,73,B,SINGLE_MAINTAINER,1,3103,v0.2.0
'@fontsource/noto-sans-hk,5.2.9,71,B,,2,3102,v0.2.0
rich-markdown-editor,11.21.3,19,F,UNVERIFIED_PUBLISH_PATH|DORMANT|SINGLE_MAINTAINER,1,3102,v0.2.0
reinvented-color-wheel,0.4.0,19,F,UNVERIFIED_PUBLISH_PATH|DORMANT|SINGLE_MAINTAINER,1,3101,v0.2.0
require-css,0.1.10,29,F,UNVERIFIED_PUBLISH_PATH|DORMANT,2,3100,v0.2.0
'@fontsource/michroma,5.2.8,71,B,,2,3099,v0.2.0
'@globalpayments/vega,2.94.0,35,D,UNVERIFIED_PUBLISH_PATH,12,3083,v0.2.0
riot-route,3.1.4,33,F,UNVERIFIED_PUBLISH_PATH|DORMANT,2,3076,v0.2.0
'@pnotify/font-awesome5,5.2.0,19,F,UNVERIFIED_PUBLISH_PATH|DORMANT|SINGLE_MAINTAINER,1,3071,v0.2.0
'@qlik/embed-web-components,1.7.2,30,F,UNVERIFIED_PUBLISH_PATH,2,3070,v0.2.0
animated-number-vue,1.0.0,14,F,UNVERIFIED_PUBLISH_PATH|DORMANT|SINGLE_MAINTAINER,1,3069,v0.2.0
angular-carousel,1.1.0,19,F,UNVERIFIED_PUBLISH_PATH|DORMANT|SINGLE_MAINTAINER,1,3068,v0.2.0
jsignature,2.1.3,19,F,UNVERIFIED_PUBLISH_PATH|DORMANT|SINGLE_MAINTAINER,1,3064,v0.2.0
bootstrap-hover-dropdown,2.2.1,19,F,UNVERIFIED_PUBLISH_PATH|DORMANT|SINGLE_MAINTAINER,1,3062,v0.2.0
mediaelement-plugins,5.2.0,39,D,UNVERIFIED_PUBLISH_PATH,4,3061,v0.2.0
'@zendeskgarden/css-callouts,3.3.21,26,F,UNVERIFIED_PUBLISH_PATH|DORMANT|SINGLE_MAINTAINER|DEPRECATED,1,3057,v0.2.0
'@zonos/elements,1.3.281,25,F,UNVERIFIED_PUBLISH_PATH|SINGLE_MAINTAINER|BRANCH_REQUIRES_PR,1,3053,v0.2.0
observable-slim,0.2.2,25,F,UNVERIFIED_PUBLISH_PATH|SINGLE_MAINTAINER,1,3050,v0.2.0
'@fontsource-variable/zalando-sans,5.2.2,81,B,,2,3046,v0.2.0
jam-icons,2.0.0,14,F,UNVERIFIED_PUBLISH_PATH|DORMANT|SINGLE_MAINTAINER,1,3044,v0.2.0
'@voerro/vue-tagsinput,2.7.1,19,F,UNVERIFIED_PUBLISH_PATH|DORMANT|SINGLE_MAINTAINER,1,3043,v0.2.0
'@wix/auto_sdk_stores_catalog-imports-v-3,1.0.70,30,F,UNVERIFIED_PUBLISH_PATH,12,3042,v0.2.0
'@botom/quill-resize-module,2.2.0,25,F,UNVERIFIED_PUBLISH_PATH|SINGLE_MAINTAINER,1,3039,v0.2.0
bootstrap-confirmation2,4.2.1,19,F,UNVERIFIED_PUBLISH_PATH|DORMANT|SINGLE_MAINTAINER,1,3024,v0.2.0
mana-font,1.18.0,19,F,UNVERIFIED_PUBLISH_PATH|DORMANT|SINGLE_MAINTAINER,1,3019,v0.2.0
atropos,2.0.2,19,F,UNVERIFIED_PUBLISH_PATH|DORMANT|SINGLE_MAINTAINER,1,3015,v0.2.0
emoji-datasource-facebook,16.0.0,25,F,UNVERIFIED_PUBLISH_PATH|SINGLE_MAINTAINER,1,3015,v0.2.0
'@fontsource-variable/arimo,5.2.8,71,B,,2,3014,v0.2.0
'@fontsource/caprasimo,5.2.7,71,B,,2,3006,v0.2.0
'@tesseract.js-data/deu,1.0.0,19,F,UNVERIFIED_PUBLISH_PATH|DORMANT|SINGLE_MAINTAINER,1,2999,v0.2.0
'@wix/auto_sdk_stores_inventory-items-v-3,1.0.89,30,F,UNVERIFIED_PUBLISH_PATH,12,2997,v0.2.0
'@master/css,1.37.8,43,D,UNVERIFIED_PUBLISH_PATH|DORMANT,2,2993,v0.2.0
'@wix/auto_sdk_stores_read-only-variants-v-3,1.0.132,30,F,UNVERIFIED_PUBLISH_PATH,12,2991,v0.2.0
98.css,0.1.21,25,F,UNVERIFIED_PUBLISH_PATH|SINGLE_MAINTAINER,1,2988,v0.2.0
dotdotdot,1.7.0,10,F,UNVERIFIED_PUBLISH_PATH|DORMANT|SINGLE_MAINTAINER,1,2983,v0.2.0
'@typebot.io/js,0.10.7,16,F,UNVERIFIED_PUBLISH_PATH|SINGLE_MAINTAINER,1,2981,v0.2.0
'@wix/auto_sdk_stores_customizations-v-3,1.0.87,30,F,UNVERIFIED_PUBLISH_PATH,12,2980,v0.2.0
stimulus-content-loader,4.2.0,14,F,UNVERIFIED_PUBLISH_PATH|DORMANT|SINGLE_MAINTAINER|DEPRECATED,1,2979,v0.2.0
leaflet.geodesic,2.7.2,25,F,UNVERIFIED_PUBLISH_PATH|SINGLE_MAINTAINER,1,2978,v0.2.0
'@wix/auto_sdk_stores_brands-v-3,1.0.78,30,F,UNVERIFIED_PUBLISH_PATH,12,2977,v0.2.0
'@wix/auto_sdk_stores_info-sections-v-3,1.0.98,30,F,UNVERIFIED_PUBLISH_PATH,12,2977,v0.2.0
'@fontsource/homemade-apple,5.2.8,71,B,,2,2974,v0.2.0
jquery.waitforimages,2.4.0,19,F,UNVERIFIED_PUBLISH_PATH|DORMANT|SINGLE_MAINTAINER,1,2970,v0.2.0
vue-image-lightbox,7.2.0,33,F,UNVERIFIED_PUBLISH_PATH|DORMANT,2,2965,v0.2.0
'@highcharts/grid-lite,3.0.0,39,D,UNVERIFIED_PUBLISH_PATH,10,2963,v0.2.0
'@fontsource-variable/funnel-display,5.2.8,71,B,,2,2962,v0.2.0
jquery.typewatch,3.0.2,33,F,UNVERIFIED_PUBLISH_PATH|DORMANT,2,2961,v0.2.0
notie,4.3.1,19,F,UNVERIFIED_PUBLISH_PATH|DORMANT|SINGLE_MAINTAINER,1,2961,v0.2.0
'@wix/auto_sdk_stores_stores-locations-v-3,1.0.53,30,F,UNVERIFIED_PUBLISH_PATH,12,2955,v0.2.0
'@fontsource/big-shoulders-display,5.2.5,71,B,,2,2952,v0.2.0
'@wix/auto_sdk_stores_ribbons-v-3,1.0.57,30,F,UNVERIFIED_PUBLISH_PATH,12,2944,v0.2.0
'@upscalerjs/esrgan-slim,1.0.0,20,F,UNVERIFIED_PUBLISH_PATH|SINGLE_MAINTAINER,1,2942,v0.2.0
'@xano/js-sdk,3.0.1,39,D,UNVERIFIED_PUBLISH_PATH,5,2935,v0.2.0
chartjs-plugin-deferred,2.0.0,33,F,UNVERIFIED_PUBLISH_PATH|DORMANT,2,2933,v0.2.0
'@iconify-json/icon-park-solid,1.2.4,21,F,UNVERIFIED_PUBLISH_PATH|SINGLE_MAINTAINER,1,2928,v0.2.0
apextree,1.14.0,63,C,INCONSISTENT_PUBLISH_PATH|SINGLE_MAINTAINER,1,2920,v0.2.0
'@fontsource/cardo,5.2.8,71,B,,2,2919,v0.2.0
harmonyos-sans-sc-webfont-splitted,1.1.0,25,F,UNVERIFIED_PUBLISH_PATH|SINGLE_MAINTAINER,1,2918,v0.2.0
'@fontsource/noto-sans-bengali,5.2.11,81,B,,2,2917,v0.2.0
'@tesseract.js-data/spa,1.0.0,19,F,UNVERIFIED_PUBLISH_PATH|DORMANT|SINGLE_MAINTAINER,1,2914,v0.2.0
webcamjs,1.0.26,19,F,UNVERIFIED_PUBLISH_PATH|DORMANT|SINGLE_MAINTAINER,1,2905,v0.2.0
easy-speech,2.4.0,25,F,UNVERIFIED_PUBLISH_PATH|DORMANT|SINGLE_MAINTAINER,1,2898,v0.2.0
'@tinymce/tinymce-webcomponent,2.4.0,52,C,UNVERIFIED_PUBLISH_PATH,2,2890,v0.2.0
jquery-sortablejs,1.0.1,33,F,UNVERIFIED_PUBLISH_PATH|DORMANT,2,2882,v0.2.0
'@flarehr/apollo-customer-workplace-link,1.4.21520,35,D,UNVERIFIED_PUBLISH_PATH,8,2881,v0.2.0
dynamic-marquee,2.6.5,19,F,UNVERIFIED_PUBLISH_PATH|DORMANT|SINGLE_MAINTAINER,1,2880,v0.2.0
'@wix/auto_sdk_crm_attachments,1.0.54,30,F,UNVERIFIED_PUBLISH_PATH,12,2876,v0.2.0
'@antdv-next/icons,1.1.1,34,F,UNVERIFIED_PUBLISH_PATH,5,2874,v0.2.0
bulma-timeline,3.0.5,33,F,UNVERIFIED_PUBLISH_PATH|DORMANT|DEPRECATED,2,2867,v0.2.0
bulma-switch-control,1.2.2,19,F,UNVERIFIED_PUBLISH_PATH|DORMANT|SINGLE_MAINTAINER,1,2866,v0.2.0
'@joemasilotti/bridge-components,0.13.2,25,F,UNVERIFIED_PUBLISH_PATH|SINGLE_MAINTAINER,1,2863,v0.2.0
'@zephr/browser,1.9.1,29,F,UNVERIFIED_PUBLISH_PATH|DORMANT,5,2859,v0.2.0
smartmenus,2.0.0-alpha.1,19,F,UNVERIFIED_PUBLISH_PATH|DORMANT|SINGLE_MAINTAINER,1,2844,v0.2.0
material-icons-font,2.1.0,19,F,UNVERIFIED_PUBLISH_PATH|DORMANT|SINGLE_MAINTAINER,1,2839,v0.2.0
bulma-divider,0.2.0,14,F,UNVERIFIED_PUBLISH_PATH|DORMANT|SINGLE_MAINTAINER|PUBLISHER_NOT_MAINTAINER,1,2837,v0.2.0
'@fontsource/oxanium,5.2.8,71,B,,2,2835,v0.2.0
'@fontsource/kumbh-sans,5.2.7,71,B,,2,2834,v0.2.0
'@iconify-json/mage,1.2.4,21,F,UNVERIFIED_PUBLISH_PATH|SINGLE_MAINTAINER,1,2825,v0.2.0
petite-vue,0.4.1,14,F,UNVERIFIED_PUBLISH_PATH|DORMANT|SINGLE_MAINTAINER,1,2825,v0.2.0
'@fontsource/blinker,5.2.8,71,B,,2,2821,v0.2.0
latex.js,0.12.6,19,F,UNVERIFIED_PUBLISH_PATH|DORMANT|SINGLE_MAINTAINER,1,2814,v0.2.0
svelte-material-ui,9.0.1,25,F,UNVERIFIED_PUBLISH_PATH|SINGLE_MAINTAINER,1,2811,v0.2.0
computed-types,1.11.2,19,F,UNVERIFIED_PUBLISH_PATH|DORMANT|SINGLE_MAINTAINER,1,2809,v0.2.0
'@fontsource/redacted-script,5.2.8,71,B,,2,2808,v0.2.0
blockadblock,3.2.1,19,F,UNVERIFIED_PUBLISH_PATH|DORMANT|SINGLE_MAINTAINER,1,2808,v0.2.0
'@fontsource/chivo,5.2.8,71,B,,2,2806,v0.2.0
'@fontsource/almarai,5.2.8,71,B,,2,2799,v0.2.0
'@fontsource/zcool-kuaile,5.2.8,81,B,,2,2789,v0.2.0
leaflet.featuregroup.subgroup,1.0.2,19,F,UNVERIFIED_PUBLISH_PATH|DORMANT|SINGLE_MAINTAINER,1,2788,v0.2.0
snowball-stemmer.jsx,0.2.3,19,F,UNVERIFIED_PUBLISH_PATH|DORMANT|SINGLE_MAINTAINER,1,2787,v0.2.0
'@wix/bookings,1.0.1537,30,F,UNVERIFIED_PUBLISH_PATH,12,2786,v0.2.0
'@trutoo/event-bus,3.0.0,39,D,UNVERIFIED_PUBLISH_PATH,2,2784,v0.2.0
dynamsoft-license,3.4.31,10,F,UNVERIFIED_PUBLISH_PATH|DORMANT|SINGLE_MAINTAINER|DEPRECATED,1,2779,v0.2.0
'@aurodesignsystem/auro-header,5.0.1,89,A,,8,2777,v0.2.0
'@fontsource/tenor-sans,5.2.8,71,B,,2,2772,v0.2.0
'@fontsource/teko,5.2.7,71,B,,2,2763,v0.2.0
inline-svg,2.2.3,33,F,UNVERIFIED_PUBLISH_PATH|DORMANT,2,2756,v0.2.0
'@fontsource/maven-pro,5.2.10,71,B,,2,2755,v0.2.0
'@sweetalert2/themes,5.0.27,25,F,UNVERIFIED_PUBLISH_PATH|SINGLE_MAINTAINER|DEPRECATED,1,2755,v0.2.0
'@fontsource/righteous,5.2.7,71,B,,2,2752,v0.2.0
lax.js,2.0.3,19,F,UNVERIFIED_PUBLISH_PATH|DORMANT|SINGLE_MAINTAINER,1,2750,v0.2.0
qrcanvas,3.1.2,19,F,UNVERIFIED_PUBLISH_PATH|DORMANT|SINGLE_MAINTAINER,1,2750,v0.2.0
spoqa-han-sans,3.3.0,28,F,UNVERIFIED_PUBLISH_PATH|DORMANT|PUBLISHER_NOT_MAINTAINER,5,2750,v0.2.0
volantis-static,0.0.1761982841160,63,C,SINGLE_MAINTAINER,1,2749,v0.2.0
async-alpine,2.0.3,25,F,UNVERIFIED_PUBLISH_PATH|SINGLE_MAINTAINER,1,2745,v0.2.0
xgplayer-flv,3.0.26,77,B,INCONSISTENT_PUBLISH_PATH,11,2745,v0.2.0
'@flowjs/ng-flow,2.7.8,28,F,UNVERIFIED_PUBLISH_PATH|DORMANT|PUBLISHER_NOT_MAINTAINER,3,2742,v0.2.0
'@fontsource/saira-semi-condensed,5.2.7,71,B,,2,2741,v0.2.0
'@wix/auto_sdk_crm_submitted-contact,1.0.44,30,F,UNVERIFIED_PUBLISH_PATH,12,2740,v0.2.0
bootstrap5-toggle,5.4.1,31,F,UNVERIFIED_PUBLISH_PATH|SINGLE_MAINTAINER,1,2740,v0.2.0
'@anyline/anyline-js,56.1.1,39,D,UNVERIFIED_PUBLISH_PATH,9,2736,v0.2.0
'@wix/auto_sdk_stores_subscription-options,1.0.68,30,F,UNVERIFIED_PUBLISH_PATH,12,2736,v0.2.0
jspanel4,4.16.1,19,F,UNVERIFIED_PUBLISH_PATH|DORMANT|SINGLE_MAINTAINER,1,2735,v0.2.0
'@wix/auto_sdk_stores_abandoned-carts,1.0.41,30,F,UNVERIFIED_PUBLISH_PATH,12,2734,v0.2.0
'@wix/auto_sdk_stores_inventory,1.0.73,30,F,UNVERIFIED_PUBLISH_PATH,12,2731,v0.2.0
editorjs-alert,1.1.4,14,F,UNVERIFIED_PUBLISH_PATH|DORMANT|SINGLE_MAINTAINER,1,2731,v0.2.0
html-screen-capture-js,2.0.9,39,D,UNVERIFIED_PUBLISH_PATH,2,2731,v0.2.0
'@iconify-json/gridicons,1.2.5,21,F,UNVERIFIED_PUBLISH_PATH|SINGLE_MAINTAINER,1,2729,v0.2.0
'@fontsource/asap,5.2.9,71,B,,2,2728,v0.2.0
verifalia-widget,1.14.1,21,F,UNVERIFIED_PUBLISH_PATH|SINGLE_MAINTAINER,1,2723,v0.2.0
'@wix/auto_sdk_stores_collections,1.0.41,30,F,UNVERIFIED_PUBLISH_PATH,12,2719,v0.2.0
'@wix/auto_sdk_stores_wishlist,1.0.37,30,F,UNVERIFIED_PUBLISH_PATH,12,2719,v0.2.0
'@wix/headless-stores,0.0.119,30,F,UNVERIFIED_PUBLISH_PATH,12,2719,v0.2.0
chartjs-gauge,0.3.0,19,F,UNVERIFIED_PUBLISH_PATH|DORMANT|SINGLE_MAINTAINER,1,2718,v0.2.0
'@fontsource-variable/funnel-sans,5.2.8,71,B,,2,2716,v0.2.0
cm-chessboard,8.12.12,25,F,UNVERIFIED_PUBLISH_PATH|SINGLE_MAINTAINER,1,2715,v0.2.0
'@fontsource-variable/gabarito,5.2.8,71,B,,2,2714,v0.2.0
'@formcrafts/embed,1.0.38,25,F,UNVERIFIED_PUBLISH_PATH|SINGLE_MAINTAINER,1,2711,v0.2.0
'@bigcommerce/stencil-utils,6.23.0,94,A,,8,2707,v0.2.0
'@fontsource-variable/google-sans,5.2.1,81,B,,2,2706,v0.2.0
'@fontsource/epilogue,5.2.8,71,B,,2,2703,v0.2.0
nsw-design-system,3.24.16,73,B,SINGLE_MAINTAINER,1,2693,v0.2.0
'@feedmepos/mf-report,5.27.35,30,F,UNVERIFIED_PUBLISH_PATH,3,2692,v0.2.0
vara,1.4.1,19,F,UNVERIFIED_PUBLISH_PATH|DORMANT|SINGLE_MAINTAINER,1,2684,v0.2.0
pushfeedback,0.1.84,25,F,UNVERIFIED_PUBLISH_PATH|SINGLE_MAINTAINER,1,2674,v0.2.0
'@mercuryworkshop/bare-mux,2.1.9,30,F,UNVERIFIED_PUBLISH_PATH,6,2664,v0.2.0
'@apollographql/graphql-playground-react,1.7.42,15,F,UNVERIFIED_PUBLISH_PATH|DORMANT|SINGLE_MAINTAINER|PUBLISHER_NOT_MAINTAINER,1,2663,v0.2.0
keyrune,3.19.0,25,F,UNVERIFIED_PUBLISH_PATH|SINGLE_MAINTAINER,1,2656,v0.2.0
'@iconify-json/noto,1.2.7,21,F,UNVERIFIED_PUBLISH_PATH|SINGLE_MAINTAINER,1,2653,v0.2.0
tsparticles-preset-confetti,2.12.0,33,F,UNVERIFIED_PUBLISH_PATH|DORMANT|DEPRECATED,2,2651,v0.2.0
videojs-errors,6.2.0,33,F,UNVERIFIED_PUBLISH_PATH|DORMANT,105,2643,v0.2.0
'@fontsource/pt-sans-narrow,5.2.8,71,B,,2,2642,v0.2.0
'@fontsource/karma,5.2.8,71,B,,2,2638,v0.2.0
pjax,0.2.8,33,F,UNVERIFIED_PUBLISH_PATH|DORMANT,3,2637,v0.2.0
'@fontsource/zen-old-mincho,5.2.8,71,B,,2,2635,v0.2.0
'@hackernoon/pixel-icon-library,1.1.0,39,D,UNVERIFIED_PUBLISH_PATH,4,2633,v0.2.0
range-slider-input,2.4.5,25,F,UNVERIFIED_PUBLISH_PATH|SINGLE_MAINTAINER,1,2631,v0.2.0
phpjs,1.3.2,14,F,UNVERIFIED_PUBLISH_PATH|DORMANT|SINGLE_MAINTAINER|DEPRECATED,1,2629,v0.2.0
treeselectjs,0.14.2,20,F,UNVERIFIED_PUBLISH_PATH|SINGLE_MAINTAINER,1,2627,v0.2.0
videojs-sprite-thumbnails,2.2.5,25,F,UNVERIFIED_PUBLISH_PATH|SINGLE_MAINTAINER,1,2627,v0.2.0
pretty-checkbox-vue,1.1.9,14,F,UNVERIFIED_PUBLISH_PATH|DORMANT|SINGLE_MAINTAINER,1,2615,v0.2.0
'@dropins/storefront-order,4.0.0,35,D,UNVERIFIED_PUBLISH_PATH,10,2610,v0.2.0
libgif,0.0.3,19,F,UNVERIFIED_PUBLISH_PATH|DORMANT|SINGLE_MAINTAINER,1,2608,v0.2.0
'@fontsource-variable/commissioner,5.2.10,71,B,,2,2607,v0.2.0
'@lskjs/ui,2.8.0,33,F,UNVERIFIED_PUBLISH_PATH|DORMANT,12,2605,v0.2.0
huebee,2.1.1,19,F,UNVERIFIED_PUBLISH_PATH|DORMANT|SINGLE_MAINTAINER,1,2591,v0.2.0
'@fontsource/cal-sans,5.2.3,71,B,,2,2589,v0.2.0
tableexport,5.2.0,14,F,UNVERIFIED_PUBLISH_PATH|DORMANT|SINGLE_MAINTAINER,1,2583,v0.2.0
'@iconify-json/ci,1.2.2,15,F,UNVERIFIED_PUBLISH_PATH|DORMANT|SINGLE_MAINTAINER,1,2582,v0.2.0
cnchar,3.2.6,19,F,UNVERIFIED_PUBLISH_PATH|DORMANT|SINGLE_MAINTAINER,1,2581,v0.2.0
'@betorigami/games,2.8.3,35,D,UNVERIFIED_PUBLISH_PATH,8,2577,v0.2.0
clappr,0.3.13,33,F,UNVERIFIED_PUBLISH_PATH|DORMANT|DEPRECATED,11,2577,v0.2.0
rmodal,1.1.0,19,F,UNVERIFIED_PUBLISH_PATH|DORMANT|SINGLE_MAINTAINER,1,2575,v0.2.0
leaflet-pixi-overlay,1.9.5,25,F,UNVERIFIED_PUBLISH_PATH|SINGLE_MAINTAINER,1,2569,v0.2.0
dynamsoft-capture-vision-router,2.4.33,10,F,UNVERIFIED_PUBLISH_PATH|DORMANT|SINGLE_MAINTAINER|DEPRECATED,1,2568,v0.2.0
'@fontsource-variable/noto-serif-hk,5.2.10,71,B,,2,2565,v0.2.0
'@fontsource/line-seed-jp,5.2.2,81,B,,2,2564,v0.2.0
'@fontsource-variable/red-hat-display,5.2.8,71,B,,2,2559,v0.2.0
ad-rotator,5.8.1,20,F,UNVERIFIED_PUBLISH_PATH|DORMANT|SINGLE_MAINTAINER,1,2559,v0.2.0
jquery.event.move,1.3.6,15,F,UNVERIFIED_PUBLISH_PATH|DORMANT|SINGLE_MAINTAINER,1,2559,v0.2.0
star-rating.js,4.3.1,19,F,UNVERIFIED_PUBLISH_PATH|DORMANT|SINGLE_MAINTAINER,1,2556,v0.2.0
awesome-notifications,3.1.3,33,F,UNVERIFIED_PUBLISH_PATH|DORMANT,2,2553,v0.2.0
opencv.js,1.2.1,20,F,UNVERIFIED_PUBLISH_PATH|DORMANT|SINGLE_MAINTAINER,1,2553,v0.2.0
'@near-wallet-selector/modal-ui-js,10.1.4,40,D,UNVERIFIED_PUBLISH_PATH,3,2545,v0.2.0
'@highcharts/grid-pro,3.0.0,39,D,UNVERIFIED_PUBLISH_PATH,10,2543,v0.2.0
mmenu-light,3.2.2,19,F,UNVERIFIED_PUBLISH_PATH|DORMANT|SINGLE_MAINTAINER,1,2534,v0.2.0
'@fontsource/noto-kufi-arabic,5.2.9,71,B,,2,2528,v0.2.0
'@fontsource-variable/besley,5.2.8,71,B,,2,2516,v0.2.0
'@fontsource/montserrat-alternates,5.2.8,71,B,,2,2511,v0.2.0
'@blackbaud/sky-addin-client,1.7.3,25,F,UNVERIFIED_PUBLISH_PATH|SINGLE_MAINTAINER,1,2502,v0.2.0
'@animxyz/core,0.6.7,39,D,UNVERIFIED_PUBLISH_PATH,2,2500,v0.2.0
'@algolia/ui-components-horizontal-slider-theme,1.2.3,23,F,UNVERIFIED_PUBLISH_PATH|DORMANT|PUBLISHER_NOT_MAINTAINER,14,2496,v0.2.0
noto-serif-jp,28.0.0,19,F,UNVERIFIED_PUBLISH_PATH|DORMANT|SINGLE_MAINTAINER,1,2478,v0.2.0
'@fontsource/anonymous-pro,5.2.8,71,B,,2,2475,v0.2.0
'@iconify-json/fa-brands,1.2.2,21,F,UNVERIFIED_PUBLISH_PATH|SINGLE_MAINTAINER,1,2475,v0.2.0
jquery-scroll-lock,3.1.3,19,F,UNVERIFIED_PUBLISH_PATH|DORMANT|SINGLE_MAINTAINER,1,2475,v0.2.0
jsmind,0.9.1,63,C,SINGLE_MAINTAINER,1,2471,v0.2.0
fontawesome-iconpicker,3.2.0,19,F,UNVERIFIED_PUBLISH_PATH|DORMANT|SINGLE_MAINTAINER|DEPRECATED,1,2470,v0.2.0
lightslider,1.1.6,19,F,UNVERIFIED_PUBLISH_PATH|DORMANT|SINGLE_MAINTAINER,1,2465,v0.2.0
solarlunar,3.1.0,26,F,UNVERIFIED_PUBLISH_PATH|SINGLE_MAINTAINER|PUBLISHER_NOT_MAINTAINER,1,2464,v0.2.0
vue-mapbox,0.4.1,19,F,UNVERIFIED_PUBLISH_PATH|DORMANT|SINGLE_MAINTAINER,1,2460,v0.2.0
artplayer-plugin-auto-thumbnail,1.1.0,25,F,UNVERIFIED_PUBLISH_PATH|SINGLE_MAINTAINER,1,2457,v0.2.0
addsearch-js-client,1.2.5,39,D,UNVERIFIED_PUBLISH_PATH,3,2454,v0.2.0
dragdealer,0.10.0,19,F,UNVERIFIED_PUBLISH_PATH|DORMANT|SINGLE_MAINTAINER,1,2451,v0.2.0
'@fontsource/didact-gothic,5.2.7,71,B,,2,2448,v0.2.0
'@fontsource/staatliches,5.2.8,71,B,,2,2446,v0.2.0
leaflet-mouse-position,1.2.0,19,F,UNVERIFIED_PUBLISH_PATH|DORMANT|SINGLE_MAINTAINER,1,2441,v0.2.0
'@onescience/onecode-web,1.14.50-202607171841,16,F,UNVERIFIED_PUBLISH_PATH|SINGLE_MAINTAINER,1,2436,v0.2.0
emojify.js,1.1.0,33,F,UNVERIFIED_PUBLISH_PATH|DORMANT,2,2436,v0.2.0
'@fontsource/amatic-sc,5.2.7,71,B,,2,2435,v0.2.0
bulma-steps,2.2.1,23,F,UNVERIFIED_PUBLISH_PATH|DORMANT|PUBLISHER_NOT_MAINTAINER|DEPRECATED,2,2433,v0.2.0
gameanalytics,5.0.0,25,F,UNVERIFIED_PUBLISH_PATH|SINGLE_MAINTAINER,1,2433,v0.2.0
custom-select,1.1.15,33,F,UNVERIFIED_PUBLISH_PATH|DORMANT,2,2432,v0.2.0
lg-hash.js,1.0.0,19,F,UNVERIFIED_PUBLISH_PATH|DORMANT|SINGLE_MAINTAINER,1,2432,v0.2.0
'@babylonjs/lite,1.11.0,25,F,UNVERIFIED_PUBLISH_PATH|SINGLE_MAINTAINER,1,2423,v0.2.0
'@aurodesignsystem/auro-formkit,6.0.1,79,B,INCONSISTENT_PUBLISH_PATH,8,2422,v0.2.0
'@fontsource/young-serif,5.2.7,71,B,,2,2419,v0.2.0
request-animation-frame-polyfill,1.1.2,14,F,UNVERIFIED_PUBLISH_PATH|DORMANT|SINGLE_MAINTAINER,1,2419,v0.2.0
angular-elastic-input,2.4.0,19,F,UNVERIFIED_PUBLISH_PATH|DORMANT|SINGLE_MAINTAINER,1,2415,v0.2.0
'@laragear/webpass,2.1.2,73,B,SINGLE_MAINTAINER|DEPRECATED,1,2403,v0.2.0
'@aurodesignsystem/auro-skeleton,5.0.1,89,A,,8,2402,v0.2.0
'@ongov/ontario-design-system-global-styles,8.1.0,77,B,INCONSISTENT_PUBLISH_PATH,5,2402,v0.2.0
osm-community-index,6.0.0,30,F,UNVERIFIED_PUBLISH_PATH,2,2402,v0.2.0
'@artaio/arta-browser,2.21.0,87,A,,4,2397,v0.2.0
yall-js,4.0.2,19,F,UNVERIFIED_PUBLISH_PATH|DORMANT|SINGLE_MAINTAINER,1,2387,v0.2.0
sweetalert2-neutral,11.22.2-neutral,31,F,UNVERIFIED_PUBLISH_PATH|SINGLE_MAINTAINER,1,2383,v0.2.0
'@microblink/blinkid,8000.0.1,75,B,SINGLE_MAINTAINER,1,2381,v0.2.0
'@neo4j-ndl/base,4.16.4,30,F,UNVERIFIED_PUBLISH_PATH,3,2376,v0.2.0
'@proximus/lavender,1.4.13-alpha.6,21,F,UNVERIFIED_PUBLISH_PATH|SINGLE_MAINTAINER,1,2376,v0.2.0
'@fontsource/noto-serif-display,5.2.9,71,B,,2,2374,v0.2.0
'@recogito/annotorious-openseadragon,2.7.19,39,D,UNVERIFIED_PUBLISH_PATH,3,2374,v0.2.0
'@simonwep/selection-js,2.1.2,19,F,UNVERIFIED_PUBLISH_PATH|DORMANT|SINGLE_MAINTAINER|DEPRECATED,1,2374,v0.2.0
easyzoom,2.6.0,19,F,UNVERIFIED_PUBLISH_PATH|DORMANT|SINGLE_MAINTAINER,1,2370,v0.2.0
lxgw-wenkai-webfont,1.7.0,19,F,UNVERIFIED_PUBLISH_PATH|DORMANT|SINGLE_MAINTAINER,1,2365,v0.2.0
sticky-sidebar-v2,1.1.1,19,F,UNVERIFIED_PUBLISH_PATH|DORMANT|SINGLE_MAINTAINER,1,2364,v0.2.0
clamp-js-main,0.11.6,19,F,UNVERIFIED_PUBLISH_PATH|DORMANT|SINGLE_MAINTAINER,1,2357,v0.2.0
'@flarehr/apollo-benefits-onboarding,0.1.3746,35,D,UNVERIFIED_PUBLISH_PATH,8,2351,v0.2.0
bootstrap-v4-rtl,4.6.2-4,31,F,UNVERIFIED_PUBLISH_PATH|SINGLE_MAINTAINER,1,2343,v0.2.0
'@sweetalert2/theme-bulma,5.0.27,25,F,UNVERIFIED_PUBLISH_PATH|SINGLE_MAINTAINER|DEPRECATED,1,2336,v0.2.0
chartist-plugin-pointlabels,0.0.6,19,F,UNVERIFIED_PUBLISH_PATH|DORMANT|SINGLE_MAINTAINER,1,2325,v0.2.0
'@iconify-json/formkit,1.2.2,15,F,UNVERIFIED_PUBLISH_PATH|DORMANT|SINGLE_MAINTAINER,1,2324,v0.2.0
medium-draft,0.5.18,19,F,UNVERIFIED_PUBLISH_PATH|DORMANT|SINGLE_MAINTAINER,1,2322,v0.2.0
'@openstreetmap/id-tagging-schema,7.0.1,39,D,UNVERIFIED_PUBLISH_PATH,3,2321,v0.2.0
leaflet-distortableimage,0.21.9,33,F,UNVERIFIED_PUBLISH_PATH|DORMANT,2,2319,v0.2.0
'@govtechsg/sgds,2.3.6,33,F,UNVERIFIED_PUBLISH_PATH|DORMANT,14,2315,v0.2.0
'@iconify-json/cib,1.2.3,21,F,UNVERIFIED_PUBLISH_PATH|SINGLE_MAINTAINER,1,2309,v0.2.0
espeak-ng,1.0.2,19,F,UNVERIFIED_PUBLISH_PATH|DORMANT|SINGLE_MAINTAINER,1,2303,v0.2.0
taucharts,2.8.0,33,F,UNVERIFIED_PUBLISH_PATH|DORMANT,3,2300,v0.2.0
ricos-types,10.102.0,24,F,UNVERIFIED_PUBLISH_PATH|DORMANT,8,2295,v0.2.0
'@seniorsistemas/angular-components,19.7.3,35,D,UNVERIFIED_PUBLISH_PATH,2,2294,v0.2.0
ideogram,1.53.0,25,F,UNVERIFIED_PUBLISH_PATH|SINGLE_MAINTAINER,1,2294,v0.2.0
'@countrystatecity/countries-browser,1.0.2,20,F,UNVERIFIED_PUBLISH_PATH|SINGLE_MAINTAINER,1,2290,v0.2.0
name-suggestion-index,7.2.20260530,34,F,UNVERIFIED_PUBLISH_PATH,5,2288,v0.2.0
lory.js,2.5.3,19,F,UNVERIFIED_PUBLISH_PATH|DORMANT|SINGLE_MAINTAINER,1,2282,v0.2.0
'@single-spa-community/angular,21.0.1,25,F,UNVERIFIED_PUBLISH_PATH|SINGLE_MAINTAINER,1,2278,v0.2.0
'@tesseract.js-data/ara,1.0.0,19,F,UNVERIFIED_PUBLISH_PATH|DORMANT|SINGLE_MAINTAINER,1,2276,v0.2.0
notifyjs-browser,0.4.2,15,F,UNVERIFIED_PUBLISH_PATH|DORMANT|SINGLE_MAINTAINER,1,2276,v0.2.0
'@wix/auto_sdk_ecom_wishlists,1.0.1,30,F,UNVERIFIED_PUBLISH_PATH,12,2274,v0.2.0
knockout-switch-case,2.1.0,10,F,UNVERIFIED_PUBLISH_PATH|DORMANT|SINGLE_MAINTAINER,1,2274,v0.2.0
leaflet.control.layers.tree,1.2.0,25,F,UNVERIFIED_PUBLISH_PATH|SINGLE_MAINTAINER,1,2273,v0.2.0
leaflet-measure-path,1.5.0,19,F,UNVERIFIED_PUBLISH_PATH|DORMANT|SINGLE_MAINTAINER,1,2271,v0.2.0
foundation-icons,2.0.0,19,F,UNVERIFIED_PUBLISH_PATH|DORMANT|SINGLE_MAINTAINER,1,2270,v0.2.0
'@webxr-input-profiles/assets,1.0.20,35,D,UNVERIFIED_PUBLISH_PATH,2,2266,v0.2.0
'@tesseract.js-data/por,1.0.0,19,F,UNVERIFIED_PUBLISH_PATH|DORMANT|SINGLE_MAINTAINER,1,2261,v0.2.0
sysend,1.17.5,19,F,UNVERIFIED_PUBLISH_PATH|DORMANT|SINGLE_MAINTAINER,1,2259,v0.2.0
'@fontsource-variable/red-hat-text,5.2.8,71,B,,2,2258,v0.2.0
suggestions-jquery,22.6.0,33,F,UNVERIFIED_PUBLISH_PATH|DORMANT,2,2256,v0.2.0
npm-modernizr,2.8.3,14,F,UNVERIFIED_PUBLISH_PATH|DORMANT|SINGLE_MAINTAINER,1,2248,v0.2.0
'@fontsource-variable/chivo,5.2.8,71,B,,2,2247,v0.2.0
'@fontsource/audiowide,5.2.7,71,B,,2,2247,v0.2.0
data-layer-helper,0.1.0,15,F,UNVERIFIED_PUBLISH_PATH|DORMANT|SINGLE_MAINTAINER,1,2246,v0.2.0
videojs-playlist-ui,5.0.0,33,F,UNVERIFIED_PUBLISH_PATH|DORMANT,84,2242,v0.2.0
mk-sdk-git,1.1.119,21,F,UNVERIFIED_PUBLISH_PATH|SINGLE_MAINTAINER,1,2239,v0.2.0
'@neodrag/vanilla,2.3.1,20,F,UNVERIFIED_PUBLISH_PATH|SINGLE_MAINTAINER,1,2231,v0.2.0
dynamsoft-barcode-reader,10.4.31,10,F,UNVERIFIED_PUBLISH_PATH|DORMANT|SINGLE_MAINTAINER|DEPRECATED,1,2227,v0.2.0
ol-geocoder,4.3.3,33,F,UNVERIFIED_PUBLISH_PATH|DORMANT,2,2219,v0.2.0
'@fontsource-variable/ubuntu-sans,5.2.10,71,B,,2,2217,v0.2.0
'@tsparticles/preset-links,4.3.2,69,C,INCONSISTENT_PUBLISH_PATH|SINGLE_MAINTAINER,1,2216,v0.2.0
'@fontsource-variable/saira,5.2.11,71,B,,2,2213,v0.2.0
'@iconify-json/f7,1.2.2,15,F,UNVERIFIED_PUBLISH_PATH|DORMANT|SINGLE_MAINTAINER,1,2206,v0.2.0
'@sweetalert2/theme-material-ui,5.0.27,25,F,UNVERIFIED_PUBLISH_PATH|SINGLE_MAINTAINER|DEPRECATED,1,2205,v0.2.0
r7insight_js,1.1.2,33,F,UNVERIFIED_PUBLISH_PATH|DORMANT,4,2205,v0.2.0
instagram.css,0.1.4,19,F,UNVERIFIED_PUBLISH_PATH|DORMANT|SINGLE_MAINTAINER,1,2197,v0.2.0
dual-listbox,2.0.0,33,F,UNVERIFIED_PUBLISH_PATH|DORMANT,2,2193,v0.2.0
tabler-icons,1.35.0,19,F,UNVERIFIED_PUBLISH_PATH|DORMANT|SINGLE_MAINTAINER|DEPRECATED,1,2191,v0.2.0
'@teachablemachine/image,0.8.5,28,F,UNVERIFIED_PUBLISH_PATH|DORMANT,3,2189,v0.2.0
jquery.transit,0.9.12,33,F,UNVERIFIED_PUBLISH_PATH|DORMANT,2,2187,v0.2.0
onscreen,1.4.0,19,F,UNVERIFIED_PUBLISH_PATH|DORMANT|SINGLE_MAINTAINER|DEPRECATED,1,2187,v0.2.0
'@proximus/lavender-theming-proximus,1.4.13-alpha.6,16,F,UNVERIFIED_PUBLISH_PATH|SINGLE_MAINTAINER,1,2181,v0.2.0
zero-md,3.1.8,25,F,UNVERIFIED_PUBLISH_PATH|SINGLE_MAINTAINER,1,2174,v0.2.0
nette.ajax.js,2.3.0,33,F,UNVERIFIED_PUBLISH_PATH|DORMANT,2,2171,v0.2.0
angular-slick-carousel,3.1.7,19,F,UNVERIFIED_PUBLISH_PATH|DORMANT|SINGLE_MAINTAINER,1,2167,v0.2.0
counterup,1.0.2,14,F,UNVERIFIED_PUBLISH_PATH|DORMANT|SINGLE_MAINTAINER,1,2166,v0.2.0
stimulus-scroll-reveal,3.2.0,14,F,UNVERIFIED_PUBLISH_PATH|DORMANT|SINGLE_MAINTAINER,1,2166,v0.2.0
'@fontsource/itim,5.2.7,71,B,,2,2164,v0.2.0
vue-chat-scroll,1.4.0,19,F,UNVERIFIED_PUBLISH_PATH|DORMANT|SINGLE_MAINTAINER,1,2164,v0.2.0
'@algolia/autocomplete-plugin-tags,1.19.9,29,F,UNVERIFIED_PUBLISH_PATH|PUBLISHER_NOT_MAINTAINER,14,2159,v0.2.0
'@fontsource/turret-road,5.2.7,71,B,,2,2159,v0.2.0
'@creativebulma/bulma-badge,1.0.1,33,F,UNVERIFIED_PUBLISH_PATH|DORMANT,2,2152,v0.2.0
lazyframe,2.2.7,33,F,UNVERIFIED_PUBLISH_PATH|DORMANT,3,2149,v0.2.0
'@zendeskgarden/css-buttons,9.0.1,32,F,UNVERIFIED_PUBLISH_PATH|SINGLE_MAINTAINER,1,2139,v0.2.0
ui-contextmenu,1.18.1,19,F,UNVERIFIED_PUBLISH_PATH|DORMANT|SINGLE_MAINTAINER,1,2139,v0.2.0
tail.select.js,1.1.0,25,F,UNVERIFIED_PUBLISH_PATH|SINGLE_MAINTAINER,1,2136,v0.2.0
'@proximus/lavender-eda-button,1.4.13-alpha.6,16,F,UNVERIFIED_PUBLISH_PATH|SINGLE_MAINTAINER,1,2134,v0.2.0
cropit,0.5.1,19,F,UNVERIFIED_PUBLISH_PATH|DORMANT|SINGLE_MAINTAINER,1,2134,v0.2.0
jsonstat-toolkit,2.2.2,25,F,UNVERIFIED_PUBLISH_PATH|SINGLE_MAINTAINER,1,2134,v0.2.0
meilisearch-docsearch,0.8.0,16,F,UNVERIFIED_PUBLISH_PATH|SINGLE_MAINTAINER,1,2133,v0.2.0
'@constructor-io/constructorio-ui-autocomplete,1.30.1,79,B,INCONSISTENT_PUBLISH_PATH,8,2131,v0.2.0
strophejs-plugin-disco,0.0.2,33,F,UNVERIFIED_PUBLISH_PATH|DORMANT,4,2130,v0.2.0
froala-pages,1.2.0,14,F,UNVERIFIED_PUBLISH_PATH|DORMANT|SINGLE_MAINTAINER,1,2128,v0.2.0
lxgw-wenkai-screen-webfont,1.7.0,19,F,UNVERIFIED_PUBLISH_PATH|DORMANT|SINGLE_MAINTAINER,1,2126,v0.2.0
'@fynd-design-engineering/fynd-one-v2,3.4.66,34,F,UNVERIFIED_PUBLISH_PATH,4,2123,v0.2.0
'@fontsource/yeseva-one,5.2.7,71,B,,2,2122,v0.2.0
jquery-easy-loading,2.0.0-rc.2,19,F,UNVERIFIED_PUBLISH_PATH|DORMANT|SINGLE_MAINTAINER,1,2121,v0.2.0
createjs,1.0.1,33,F,UNVERIFIED_PUBLISH_PATH|DORMANT,3,2119,v0.2.0
docsify-pagination,2.10.1,14,F,UNVERIFIED_PUBLISH_PATH|DORMANT|SINGLE_MAINTAINER,1,2118,v0.2.0
'@fontsource/play,5.2.8,71,B,,2,2113,v0.2.0
language-icons,0.3.0,19,F,UNVERIFIED_PUBLISH_PATH|DORMANT|SINGLE_MAINTAINER,1,2113,v0.2.0
valine,1.5.3,19,F,UNVERIFIED_PUBLISH_PATH|DORMANT|SINGLE_MAINTAINER,1,2111,v0.2.0
pickerjs,1.2.1,19,F,UNVERIFIED_PUBLISH_PATH|DORMANT|SINGLE_MAINTAINER,1,2110,v0.2.0
'@fontsource/aleo,5.2.7,71,B,,2,2108,v0.2.0
'@tinymce/tinymce-jquery,2.3.0,38,D,UNVERIFIED_PUBLISH_PATH|SINGLE_MAINTAINER,1,2104,v0.2.0
'@fontsource/ma-shan-zheng,5.2.9,81,B,,2,2103,v0.2.0
'@wikimedia/jquery.i18n,1.0.9,33,F,UNVERIFIED_PUBLISH_PATH|DORMANT,29,2101,v0.2.0
lil-http,0.1.17,19,F,UNVERIFIED_PUBLISH_PATH|DORMANT|SINGLE_MAINTAINER,1,2097,v0.2.0
mint-ui,2.2.13,33,F,UNVERIFIED_PUBLISH_PATH|DORMANT,3,2095,v0.2.0
'@fontsource/merriweather-sans,5.2.7,71,B,,2,2088,v0.2.0
'@fontsource/gloria-hallelujah,5.2.8,71,B,,2,2087,v0.2.0
'@grapecity/spread-sheets-barcode,18.2.5,30,F,UNVERIFIED_PUBLISH_PATH,2,2087,v0.2.0
'@teipublisher/pb-components,3.6.5,77,B,INCONSISTENT_PUBLISH_PATH,3,2080,v0.2.0
'@fontsource/old-standard-tt,5.2.8,71,B,,2,2077,v0.2.0
fannypack,4.21.38,40,D,UNVERIFIED_PUBLISH_PATH|DORMANT,2,2077,v0.2.0
tsparticles-confetti,2.12.0,25,F,UNVERIFIED_PUBLISH_PATH|DORMANT|SINGLE_MAINTAINER|DEPRECATED,1,2075,v0.2.0
'@fontsource-variable/dancing-script,5.2.8,71,B,,2,2072,v0.2.0
'@fontsource/commissioner,5.2.10,71,B,,2,2066,v0.2.0
'@cap.js/wasm,0.0.7,20,F,UNVERIFIED_PUBLISH_PATH|SINGLE_MAINTAINER|BRANCH_REQUIRES_SIGNATURES|BRANCH_REQUIRES_PR,1,2064,v0.2.0
'@list-kr/filterslists,2026.20650.1,70,B,INCONSISTENT_PUBLISH_PATH|SINGLE_MAINTAINER,1,2062,v0.2.0
'@meltingspot/meltingspot-js,0.11.0,25,F,UNVERIFIED_PUBLISH_PATH|PUBLISHER_NOT_MAINTAINER,2,2057,v0.2.0
'@themesberg/flowbite,1.3.0,19,F,UNVERIFIED_PUBLISH_PATH|DORMANT|SINGLE_MAINTAINER|DEPRECATED,1,2055,v0.2.0
'@fontsource/dotgothic16,5.2.8,71,B,,2,2054,v0.2.0
'@fontsource/poiret-one,5.2.8,71,B,,2,2051,v0.2.0
jetbrains-mono,1.0.6,19,F,UNVERIFIED_PUBLISH_PATH|DORMANT|SINGLE_MAINTAINER,1,2050,v0.2.0
'@mathjax/mathjax-mhchem-font-extension,4.1.3,39,D,UNVERIFIED_PUBLISH_PATH,3,2042,v0.2.0
password-strength-meter,2.1.0,19,F,UNVERIFIED_PUBLISH_PATH|DORMANT|SINGLE_MAINTAINER,1,2042,v0.2.0
slick-slider,1.8.2,33,F,UNVERIFIED_PUBLISH_PATH|DORMANT,3,2033,v0.2.0
countup,1.8.2,19,F,UNVERIFIED_PUBLISH_PATH|DORMANT|SINGLE_MAINTAINER,1,2032,v0.2.0
ga-lite,2.1.6,15,F,UNVERIFIED_PUBLISH_PATH|DORMANT|SINGLE_MAINTAINER,1,2029,v0.2.0
jquery-treegrid,0.3.0,19,F,UNVERIFIED_PUBLISH_PATH|DORMANT|SINGLE_MAINTAINER,1,2029,v0.2.0
doc-cookies,1.1.0,19,F,UNVERIFIED_PUBLISH_PATH|DORMANT|SINGLE_MAINTAINER,1,2026,v0.2.0
pdbe-molstar,3.12.0,77,B,INCONSISTENT_PUBLISH_PATH,4,2026,v0.2.0
quill-toggle-fullscreen-button,0.1.4,25,F,UNVERIFIED_PUBLISH_PATH|SINGLE_MAINTAINER,1,2025,v0.2.0
tlite,0.1.9,19,F,UNVERIFIED_PUBLISH_PATH|DORMANT|SINGLE_MAINTAINER,1,2012,v0.2.0
'@fontsource/mochiy-pop-one,5.2.8,71,B,,2,2011,v0.2.0
'@wiris/mathtype-froala3,7.31.1,26,F,UNVERIFIED_PUBLISH_PATH|DORMANT|SINGLE_MAINTAINER|DEPRECATED,1,2011,v0.2.0
'@engie-group/fluid-design-system,6.2.0,34,F,UNVERIFIED_PUBLISH_PATH,2,2010,v0.2.0
'@fontsource-variable/alexandria,5.2.8,71,B,,2,2008,v0.2.0
pdfjs-viewer-element,3.2.2,20,F,UNVERIFIED_PUBLISH_PATH|SINGLE_MAINTAINER,1,2008,v0.2.0
'@fontsource-variable/zalando-sans-expanded,5.2.2,81,B,,2,2007,v0.2.0
jquery-nice-select,1.1.0,19,F,UNVERIFIED_PUBLISH_PATH|DORMANT|SINGLE_MAINTAINER,1,2006,v0.2.0
kekule,1.0.4,21,F,UNVERIFIED_PUBLISH_PATH|SINGLE_MAINTAINER,1,2005,v0.2.0
'@scandit/web-datacapture-id,8.5.0,35,D,UNVERIFIED_PUBLISH_PATH,5,2003,v0.2.0
'@fontsource/gloock,5.2.8,71,B,,2,1999,v0.2.0
'@infineon/design-system-tokens,7.0.0,45,D,UNVERIFIED_PUBLISH_PATH,5,1996,v0.2.0
survey-vue,1.12.63,34,F,UNVERIFIED_PUBLISH_PATH,5,1996,v0.2.0
jquery.redirect,1.2.0,15,F,UNVERIFIED_PUBLISH_PATH|DORMANT|SINGLE_MAINTAINER,1,1994,v0.2.0
apexsankey,1.9.0,63,C,INCONSISTENT_PUBLISH_PATH|SINGLE_MAINTAINER,1,1991,v0.2.0
'@magenta/music,1.23.1,28,F,UNVERIFIED_PUBLISH_PATH|DORMANT,6,1980,v0.2.0
'@fontsource/david-libre,5.2.8,71,B,,2,1976,v0.2.0
web-demuxer,4.0.0,25,F,UNVERIFIED_PUBLISH_PATH|SINGLE_MAINTAINER,1,1975,v0.2.0
clay,2.24.1,28,F,UNVERIFIED_PUBLISH_PATH|DORMANT|PUBLISHER_NOT_MAINTAINER,12,1972,v0.2.0
'@festo-ui/web-essentials,11.1.0,35,D,UNVERIFIED_PUBLISH_PATH,2,1969,v0.2.0
kute.js,2.2.6,62,C,SINGLE_MAINTAINER,1,1969,v0.2.0
'@hawk.so/javascript,3.3.5,25,F,UNVERIFIED_PUBLISH_PATH|SINGLE_MAINTAINER,1,1965,v0.2.0
pickr-widget,0.3.6,19,F,UNVERIFIED_PUBLISH_PATH|DORMANT|SINGLE_MAINTAINER|DEPRECATED,1,1965,v0.2.0
pdfmake-unicode,0.0.1,19,F,UNVERIFIED_PUBLISH_PATH|DORMANT|SINGLE_MAINTAINER,1,1963,v0.2.0
'@covalent/components,11.20.0,45,D,UNVERIFIED_PUBLISH_PATH,4,1961,v0.2.0
jbox,1.3.3,33,F,UNVERIFIED_PUBLISH_PATH|DORMANT|DEPRECATED,2,1959,v0.2.0
vue2-smooth-scroll,1.6.0,19,F,UNVERIFIED_PUBLISH_PATH|DORMANT|SINGLE_MAINTAINER,1,1946,v0.2.0
'@nutui/touch-emulator,1.0.0,33,F,UNVERIFIED_PUBLISH_PATH|DORMANT,2,1945,v0.2.0
flipclock,1.0.1,20,F,UNVERIFIED_PUBLISH_PATH|SINGLE_MAINTAINER,1,1943,v0.2.0
'@eka-care/medassist-widget,0.1.98,39,D,UNVERIFIED_PUBLISH_PATH,12,1942,v0.2.0
'@grapecity/spread-sheets-languagepackages,18.2.5,30,F,UNVERIFIED_PUBLISH_PATH,2,1940,v0.2.0
jquery-ui-themes,1.12.0,10,F,UNVERIFIED_PUBLISH_PATH|DORMANT|SINGLE_MAINTAINER,1,1940,v0.2.0
'@wix/auto_sdk_bookings_booking-policies,1.0.139,30,F,UNVERIFIED_PUBLISH_PATH,12,1938,v0.2.0
frenchkiss,0.4.0,33,F,UNVERIFIED_PUBLISH_PATH|DORMANT,2,1933,v0.2.0
'@fontsource/amiri-quran,5.2.10,71,B,,2,1928,v0.2.0
bootstrap-sweetalert,1.0.1,19,F,UNVERIFIED_PUBLISH_PATH|DORMANT|SINGLE_MAINTAINER,1,1928,v0.2.0
moment-countdown,0.0.3,19,F,UNVERIFIED_PUBLISH_PATH|DORMANT|SINGLE_MAINTAINER,1,1925,v0.2.0
'@fontsource/jockey-one,5.2.7,71,B,,2,1921,v0.2.0
nbtify,2.2.0,19,F,UNVERIFIED_PUBLISH_PATH|DORMANT|SINGLE_MAINTAINER,1,1921,v0.2.0
'@tabler/icons-png,3.45.0,20,F,UNVERIFIED_PUBLISH_PATH|SINGLE_MAINTAINER,1,1916,v0.2.0
gitalk,1.8.0,15,F,UNVERIFIED_PUBLISH_PATH|DORMANT|SINGLE_MAINTAINER,1,1916,v0.2.0
replaywebpage,2.4.6,73,B,SINGLE_MAINTAINER,1,1916,v0.2.0
'@webcomponents/url,0.7.9,41,D,UNVERIFIED_PUBLISH_PATH|DORMANT,6,1913,v0.2.0
bootstrap-rtl,3.3.4,19,F,UNVERIFIED_PUBLISH_PATH|DORMANT|SINGLE_MAINTAINER,1,1907,v0.2.0
'@wix/auto_sdk_bookings_staff-members,1.0.114,30,F,UNVERIFIED_PUBLISH_PATH,12,1906,v0.2.0
rtsp-relay,1.9.0,51,C,DORMANT|SINGLE_MAINTAINER,1,1906,v0.2.0
'@fontsource-variable/hubot-sans,5.2.8,71,B,,2,1904,v0.2.0
tracking,1.1.3,33,F,UNVERIFIED_PUBLISH_PATH|DORMANT,2,1900,v0.2.0
'@fontsource/apfel-grotezk,5.2.5,71,B,,2,1895,v0.2.0
'@vismaux/vud,1.8.4,33,F,UNVERIFIED_PUBLISH_PATH|DORMANT,10,1893,v0.2.0
typeroo,0.16.0,14,F,UNVERIFIED_PUBLISH_PATH|DORMANT|SINGLE_MAINTAINER,1,1893,v0.2.0
'@wix/auto_sdk_bookings_availability-time-slots,1.0.255,30,F,UNVERIFIED_PUBLISH_PATH,12,1891,v0.2.0
ez-plus,1.2.1,19,F,UNVERIFIED_PUBLISH_PATH|DORMANT|SINGLE_MAINTAINER,1,1888,v0.2.0
preact-material-components,1.6.1,33,F,UNVERIFIED_PUBLISH_PATH|DORMANT,3,1888,v0.2.0
'@fontsource/readex-pro,5.2.11,71,B,,2,1887,v0.2.0
payment-token-efi,3.4.1,67,C,SINGLE_MAINTAINER,1,1886,v0.2.0
'@fontsource/domine,5.2.8,71,B,,2,1884,v0.2.0
'@wix/auto_sdk_bookings_bookings,1.0.215,30,F,UNVERIFIED_PUBLISH_PATH,12,1880,v0.2.0
'@fontsource-variable/overpass,5.2.8,71,B,,2,1879,v0.2.0
'@fontsource/spicy-rice,5.2.8,71,B,,2,1877,v0.2.0
'@fontsource/creepster,5.2.7,71,B,,2,1872,v0.2.0
'@wix/auto_sdk_bookings_service-options-and-variants,1.0.82,30,F,UNVERIFIED_PUBLISH_PATH,12,1872,v0.2.0
'@aurodesignsystem/auro-dialog,4.2.0,89,A,BRANCH_REQUIRES_PR,8,1869,v0.2.0
'@fontsource/indie-flower,5.2.7,71,B,,2,1867,v0.2.0
cd-themify-icons,0.0.1,15,F,UNVERIFIED_PUBLISH_PATH|DORMANT|SINGLE_MAINTAINER,1,1866,v0.2.0
'@fluid-topics/ft-toggle,2.1.12,35,D,UNVERIFIED_PUBLISH_PATH,3,1861,v0.2.0
umbrellajs,3.3.3,19,F,UNVERIFIED_PUBLISH_PATH|DORMANT|SINGLE_MAINTAINER,1,1859,v0.2.0
'@fontsource/quattrocento,5.2.8,71,B,,2,1853,v0.2.0
galleria,1.6.1,19,F,UNVERIFIED_PUBLISH_PATH|DORMANT|SINGLE_MAINTAINER,1,1848,v0.2.0
'@iplookup/country-extra,1.0.20260717,73,B,SINGLE_MAINTAINER,1,1847,v0.2.0
'@wix/auto_sdk_bookings_services,1.0.259,30,F,UNVERIFIED_PUBLISH_PATH,12,1847,v0.2.0
'@fluid-topics/ft-search-bar,2.1.12,35,D,UNVERIFIED_PUBLISH_PATH,3,1845,v0.2.0
dequanto,0.2.35,73,B,SINGLE_MAINTAINER,1,1842,v0.2.0
programming-languages-logos,0.0.3,19,F,UNVERIFIED_PUBLISH_PATH|DORMANT|SINGLE_MAINTAINER,1,1842,v0.2.0
'@panoramax/web-viewer,5.1.2,21,F,UNVERIFIED_PUBLISH_PATH|SINGLE_MAINTAINER,1,1839,v0.2.0
dap-design-system,0.57.11,21,F,UNVERIFIED_PUBLISH_PATH|SINGLE_MAINTAINER,1,1839,v0.2.0
typeface-noto-sans,1.1.13,14,F,UNVERIFIED_PUBLISH_PATH|DORMANT|SINGLE_MAINTAINER,1,1838,v0.2.0
xhook,1.6.2,33,F,UNVERIFIED_PUBLISH_PATH|DORMANT,2,1836,v0.2.0
pixeden-stroke-7-icon,1.2.3,19,F,UNVERIFIED_PUBLISH_PATH|DORMANT|SINGLE_MAINTAINER,1,1834,v0.2.0
'@ibm/plex-sans-sc,1.1.0,33,F,UNVERIFIED_PUBLISH_PATH|DORMANT,5,1832,v0.2.0
leaflet-curve,1.0.0,19,F,UNVERIFIED_PUBLISH_PATH|DORMANT|SINGLE_MAINTAINER,1,1832,v0.2.0
'@wc1font/source-han-serif-sc-vf,1.0.6,19,F,UNVERIFIED_PUBLISH_PATH|DORMANT|SINGLE_MAINTAINER,1,1831,v0.2.0
'@jspreadsheet/charts,7.5.1,25,F,UNVERIFIED_PUBLISH_PATH|SINGLE_MAINTAINER,1,1828,v0.2.0
'@aurodesignsystem/auro-alert,5.0.2,89,A,,8,1825,v0.2.0
isfastnet,2.0.2,15,F,UNVERIFIED_PUBLISH_PATH|DORMANT|SINGLE_MAINTAINER,1,1825,v0.2.0
get-google-fonts,1.2.2,19,F,UNVERIFIED_PUBLISH_PATH|DORMANT|SINGLE_MAINTAINER,1,1822,v0.2.0
'@fontsource/calistoga,5.2.7,71,B,,2,1818,v0.2.0
'@vicons/ionicons4,0.13.0,15,F,UNVERIFIED_PUBLISH_PATH|DORMANT|SINGLE_MAINTAINER,1,1817,v0.2.0
'@exampledev/new.css,1.1.3,19,F,UNVERIFIED_PUBLISH_PATH|DORMANT|SINGLE_MAINTAINER,1,1812,v0.2.0
'@fontsource-variable/noto-naskh-arabic,5.2.11,81,B,,2,1809,v0.2.0
'@iconify/icons-tabler,1.2.95,15,F,UNVERIFIED_PUBLISH_PATH|DORMANT|SINGLE_MAINTAINER,1,1807,v0.2.0
mutf-8,1.2.3,73,B,SINGLE_MAINTAINER,1,1799,v0.2.0
geolite2-city,1.0.82,73,B,SINGLE_MAINTAINER,1,1798,v0.2.0
'@fontsource/asap-condensed,5.2.8,71,B,,2,1797,v0.2.0
history.js,1.8.0,14,F,UNVERIFIED_PUBLISH_PATH|DORMANT|SINGLE_MAINTAINER,1,1797,v0.2.0
vue-awesome-countdown,2.0.2,25,F,UNVERIFIED_PUBLISH_PATH|SINGLE_MAINTAINER,1,1797,v0.2.0
ifvisible,1.1.0,19,F,UNVERIFIED_PUBLISH_PATH|DORMANT|SINGLE_MAINTAINER,1,1796,v0.2.0
react-time-input-polyfill,1.0.11,19,F,UNVERIFIED_PUBLISH_PATH|DORMANT|SINGLE_MAINTAINER|DEPRECATED,1,1796,v0.2.0
'@fontsource/abeezee,5.2.8,71,B,,2,1794,v0.2.0
'@fontsource/shadows-into-light,5.2.8,71,B,,2,1794,v0.2.0
leaflet-kmz,1.0.9,19,F,UNVERIFIED_PUBLISH_PATH|DORMANT|SINGLE_MAINTAINER,1,1791,v0.2.0
leaflet-semicircle,2.0.4,19,F,UNVERIFIED_PUBLISH_PATH|DORMANT|SINGLE_MAINTAINER,1,1791,v0.2.0
vanilla-marquee,1.1.2,19,F,UNVERIFIED_PUBLISH_PATH|DORMANT|SINGLE_MAINTAINER,1,1785,v0.2.0
js-autocomplete,1.0.4,14,F,UNVERIFIED_PUBLISH_PATH|DORMANT|SINGLE_MAINTAINER,1,1782,v0.2.0
jstree-bootstrap-theme,1.0.1,9,F,UNVERIFIED_PUBLISH_PATH|DORMANT|SINGLE_MAINTAINER|PUBLISHER_NOT_MAINTAINER,1,1782,v0.2.0
lr-chatbot,0.48.5,16,F,UNVERIFIED_PUBLISH_PATH|SINGLE_MAINTAINER,1,1780,v0.2.0
fork-awesome,1.2.0,33,F,UNVERIFIED_PUBLISH_PATH|DORMANT|DEPRECATED,2,1772,v0.2.0
'@date-fns/docs,0.38.0,14,F,UNVERIFIED_PUBLISH_PATH|DORMANT|SINGLE_MAINTAINER,1,1771,v0.2.0
'@wix/auto_sdk_bookings_event-time-slots,1.0.122,30,F,UNVERIFIED_PUBLISH_PATH,12,1771,v0.2.0
angular-motion,0.4.4,19,F,UNVERIFIED_PUBLISH_PATH|DORMANT|SINGLE_MAINTAINER,1,1769,v0.2.0
'@wix/bookings_app-extensions,1.0.105,30,F,UNVERIFIED_PUBLISH_PATH,12,1764,v0.2.0
lg-fullscreen,1.2.1,19,F,UNVERIFIED_PUBLISH_PATH|DORMANT|SINGLE_MAINTAINER,1,1763,v0.2.0
'@fontsource/gentium-book-plus,5.2.7,71,B,,2,1760,v0.2.0
'@wix/auto_sdk_bookings_booking-policy-snapshots,1.0.51,30,F,UNVERIFIED_PUBLISH_PATH,12,1757,v0.2.0
ol-popup,5.1.1,19,F,UNVERIFIED_PUBLISH_PATH|DORMANT|SINGLE_MAINTAINER,1,1754,v0.2.0
hexo-theme-redefine,2.9.0,25,F,UNVERIFIED_PUBLISH_PATH|SINGLE_MAINTAINER,1,1749,v0.2.0
'@mathjax/mathjax-fira-font,4.1.3,39,D,UNVERIFIED_PUBLISH_PATH,3,1748,v0.2.0
'@wix/auto_sdk_bookings_multi-service-availability-time-slots,1.0.248,30,F,UNVERIFIED_PUBLISH_PATH,12,1742,v0.2.0
'@probo/cookie-banner,0.10.0,83,B,INCONSISTENT_PUBLISH_PATH,2,1741,v0.2.0
vue-carousel-3d,1.0.1,19,F,UNVERIFIED_PUBLISH_PATH|DORMANT|SINGLE_MAINTAINER,1,1737,v0.2.0
jquery.stellar,0.6.2,33,F,UNVERIFIED_PUBLISH_PATH|DORMANT,2,1735,v0.2.0
'@betterbugs/web-sdk,0.0.43,25,F,UNVERIFIED_PUBLISH_PATH|SINGLE_MAINTAINER,1,1733,v0.2.0
'@chainlink/cre-sdk,1.16.0,94,A,,8,1732,v0.2.0
'@swishapp/sdk,0.140.0,16,F,UNVERIFIED_PUBLISH_PATH|SINGLE_MAINTAINER,1,1732,v0.2.0
'@mathjax/mathjax-stix2-font,4.1.3,39,D,UNVERIFIED_PUBLISH_PATH,3,1730,v0.2.0
'@fontsource/handlee,5.2.7,71,B,,2,1728,v0.2.0
'@wix/auto_sdk_bookings_extended-bookings,1.0.120,30,F,UNVERIFIED_PUBLISH_PATH,12,1728,v0.2.0
'@wix/auto_sdk_bookings_pricing,1.0.96,30,F,UNVERIFIED_PUBLISH_PATH,12,1728,v0.2.0
'@naturacosmeticos/natds-web,4.7.4,46,D,UNVERIFIED_PUBLISH_PATH,10,1727,v0.2.0
'@jack-henry/banno-plugin-framework-bridge,1.0.3,84,B,,4,1726,v0.2.0
jquery-countto,1.2.0,19,F,UNVERIFIED_PUBLISH_PATH|DORMANT|SINGLE_MAINTAINER,1,1723,v0.2.0
'@fontsource/jura,5.2.7,71,B,,2,1720,v0.2.0
circletype,2.3.0,19,F,UNVERIFIED_PUBLISH_PATH|DORMANT|SINGLE_MAINTAINER,1,1718,v0.2.0
'@wix/auto_sdk_bookings_resources,1.0.86,30,F,UNVERIFIED_PUBLISH_PATH,12,1717,v0.2.0
'@hackler/javascript-devtools,1.0.3,19,F,UNVERIFIED_PUBLISH_PATH|DORMANT|SINGLE_MAINTAINER,1,1716,v0.2.0
'@adobe/helix-rum-js,2.15.3,87,A,,31,1715,v0.2.0
floating-scroll,3.2.0,19,F,UNVERIFIED_PUBLISH_PATH|DORMANT|SINGLE_MAINTAINER|DEPRECATED,1,1713,v0.2.0
jquery.mmenu,7.3.3,19,F,UNVERIFIED_PUBLISH_PATH|DORMANT|SINGLE_MAINTAINER|DEPRECATED,1,1713,v0.2.0
'@fontsource/fjalla-one,5.2.7,71,B,,2,1712,v0.2.0
'@lizardbyte/shared-web,2026.314.32913,73,B,SINGLE_MAINTAINER,1,1712,v0.2.0
'@foxy.io/elements,1.53.3,45,D,UNVERIFIED_PUBLISH_PATH,4,1711,v0.2.0
'@wix/auto_sdk_bookings_attendance,1.0.66,30,F,UNVERIFIED_PUBLISH_PATH,12,1710,v0.2.0
'@yaireo/dragsort,1.3.2,14,F,UNVERIFIED_PUBLISH_PATH|DORMANT|SINGLE_MAINTAINER,1,1710,v0.2.0
'@wix/auto_sdk_bookings_external-calendars,1.0.56,30,F,UNVERIFIED_PUBLISH_PATH,12,1708,v0.2.0
'@wix/auto_sdk_bookings_resource-types,1.0.79,30,F,UNVERIFIED_PUBLISH_PATH,12,1705,v0.2.0
sumoselect,3.4.9,26,F,UNVERIFIED_PUBLISH_PATH|DORMANT|SINGLE_MAINTAINER,1,1704,v0.2.0
'@fontsource-variable/asap,5.2.9,71,B,,2,1698,v0.2.0
'@wix/auto_sdk_bookings_categories-v-2,1.0.55,30,F,UNVERIFIED_PUBLISH_PATH,12,1698,v0.2.0
js-url,2.3.0,19,F,UNVERIFIED_PUBLISH_PATH|DORMANT|SINGLE_MAINTAINER,1,1697,v0.2.0
simple-lightbox,2.1.0,19,F,UNVERIFIED_PUBLISH_PATH|DORMANT|SINGLE_MAINTAINER,1,1697,v0.2.0
'@wix/auto_sdk_bookings_categories,1.0.57,30,F,UNVERIFIED_PUBLISH_PATH,12,1696,v0.2.0
'@wix/auto_sdk_bookings_booking-fees,1.0.56,30,F,UNVERIFIED_PUBLISH_PATH,12,1695,v0.2.0
iphone-inline-video,2.2.2,14,F,UNVERIFIED_PUBLISH_PATH|DORMANT|SINGLE_MAINTAINER|PUBLISHER_NOT_MAINTAINER,1,1694,v0.2.0
'@govbr-ds/webcomponents,2.0.0-next.66,30,F,UNVERIFIED_PUBLISH_PATH,4,1690,v0.2.0
videojs-landscape-fullscreen,12.3.0,19,F,UNVERIFIED_PUBLISH_PATH|DORMANT|SINGLE_MAINTAINER,1,1689,v0.2.0
luna-data-grid,2.0.2,25,F,UNVERIFIED_PUBLISH_PATH|SINGLE_MAINTAINER,1,1687,v0.2.0
outdatedbrowser,1.1.5,19,F,UNVERIFIED_PUBLISH_PATH|DORMANT|SINGLE_MAINTAINER,1,1686,v0.2.0
jstorage,0.4.8,19,F,UNVERIFIED_PUBLISH_PATH|DORMANT|SINGLE_MAINTAINER,1,1684,v0.2.0
'@engie-group/fluid-design-tokens,6.2.0,34,F,UNVERIFIED_PUBLISH_PATH,2,1681,v0.2.0
'@feedmepos/mf-order-setting,0.0.74-prod,30,F,UNVERIFIED_PUBLISH_PATH,3,1679,v0.2.0
'@flarehr/benefits-plan-assessment,1.0.974,35,D,UNVERIFIED_PUBLISH_PATH,8,1670,v0.2.0
'@fontsource/basic,5.2.8,71,B,,2,1661,v0.2.0
es6-polyfills,2.0.0,14,F,UNVERIFIED_PUBLISH_PATH|DORMANT|DEPRECATED,0,1659,v0.2.0
'@letscooee/web-sdk,14.8.13,39,D,UNVERIFIED_PUBLISH_PATH,3,1656,v0.2.0
deepar,5.6.22,21,F,UNVERIFIED_PUBLISH_PATH|SINGLE_MAINTAINER,1,1656,v0.2.0
'@jspreadsheet/render,6.2.1,25,F,UNVERIFIED_PUBLISH_PATH|SINGLE_MAINTAINER,1,1646,v0.2.0
playable,2.15.4,28,F,UNVERIFIED_PUBLISH_PATH|DORMANT|PUBLISHER_NOT_MAINTAINER,6,1645,v0.2.0
'@diffusionstudio/vits-web,1.0.3,19,F,UNVERIFIED_PUBLISH_PATH|DORMANT|SINGLE_MAINTAINER,1,1642,v0.2.0
'@fontsource-variable/libre-baskerville,5.2.1,81,B,,2,1642,v0.2.0
'@fontsource-variable/readex-pro,5.2.11,71,B,,2,1642,v0.2.0
'@fontsource/abel,5.2.7,71,B,,2,1638,v0.2.0
'@fontsource/fredoka-one,5.2.5,71,B,,2,1635,v0.2.0
'@aurodesignsystem/auro-accordion,6.1.3,89,A,,8,1634,v0.2.0
'@tesseract.js-data/kor,1.0.0,19,F,UNVERIFIED_PUBLISH_PATH|DORMANT|SINGLE_MAINTAINER,1,1632,v0.2.0
bootstrap4-datetimepicker,5.2.3,19,F,UNVERIFIED_PUBLISH_PATH|DORMANT|SINGLE_MAINTAINER,1,1624,v0.2.0
threejs-components,0.0.30,21,F,UNVERIFIED_PUBLISH_PATH|SINGLE_MAINTAINER,1,1621,v0.2.0
showdown-katex,0.8.0,19,F,UNVERIFIED_PUBLISH_PATH|DORMANT|SINGLE_MAINTAINER,1,1615,v0.2.0
swiffy-slider,2.1.1,45,D,UNVERIFIED_PUBLISH_PATH,3,1609,v0.2.0
plugin-typescript,8.0.0,19,F,UNVERIFIED_PUBLISH_PATH|DORMANT|SINGLE_MAINTAINER,1,1606,v0.2.0
'@fontsource/italiana,5.2.8,71,B,,2,1599,v0.2.0
pixi-ease,3.0.7,14,F,UNVERIFIED_PUBLISH_PATH|DORMANT|SINGLE_MAINTAINER,1,1595,v0.2.0
aiware-js,0.0.0,24,F,UNVERIFIED_PUBLISH_PATH|DORMANT,13,1592,v0.2.0
'@uvarov.frontend/vanilla-calendar,2.8.6,19,F,UNVERIFIED_PUBLISH_PATH|DORMANT|SINGLE_MAINTAINER|DEPRECATED,1,1588,v0.2.0
'@sbb-esta/lyne-elements,5.3.0,94,A,,4,1587,v0.2.0
scrolly-video,0.0.24,25,F,UNVERIFIED_PUBLISH_PATH|SINGLE_MAINTAINER,1,1585,v0.2.0
'@zendeskgarden/css-utilities,4.5.5,26,F,UNVERIFIED_PUBLISH_PATH|DORMANT|SINGLE_MAINTAINER|DEPRECATED,1,1583,v0.2.0
'@fontsource-variable/sofia-sans-condensed,5.2.8,71,B,,2,1581,v0.2.0
emojionearea,3.4.2,19,F,UNVERIFIED_PUBLISH_PATH|DORMANT|SINGLE_MAINTAINER,1,1578,v0.2.0
'@promptbook/anthropic-claude,0.113.0-11,63,C,INCONSISTENT_PUBLISH_PATH|SINGLE_MAINTAINER,1,1575,v0.2.0
roddeh-i18n,1.2.1,19,F,UNVERIFIED_PUBLISH_PATH|DORMANT|SINGLE_MAINTAINER,1,1575,v0.2.0
dropkickjs,2.2.4,19,F,UNVERIFIED_PUBLISH_PATH|DORMANT|SINGLE_MAINTAINER,1,1573,v0.2.0
webgl-fluid,0.4.0,25,F,UNVERIFIED_PUBLISH_PATH|SINGLE_MAINTAINER,1,1570,v0.2.0
'@fontsource/anek-latin,5.2.7,71,B,,2,1569,v0.2.0
bigpicture,2.6.4,25,F,UNVERIFIED_PUBLISH_PATH|SINGLE_MAINTAINER,1,1566,v0.2.0
'@inlang/message-lint-rule-identical-pattern,1.5.9,24,F,UNVERIFIED_PUBLISH_PATH|DORMANT,2,1565,v0.2.0
'@fontsource/mukta,5.2.8,71,B,,2,1564,v0.2.0
'@iplookup/country,1.0.20260717,73,B,SINGLE_MAINTAINER,1,1562,v0.2.0
font-logos,1.3.0,33,F,UNVERIFIED_PUBLISH_PATH|DORMANT,2,1560,v0.2.0
jquery-date-range-picker,1.0.4,14,F,UNVERIFIED_PUBLISH_PATH|DORMANT|SINGLE_MAINTAINER|PUBLISHER_NOT_MAINTAINER,1,1560,v0.2.0
'@inlang/message-lint-rule-valid-js-identifier,1.0.8,24,F,UNVERIFIED_PUBLISH_PATH|DORMANT,2,1558,v0.2.0
greensock,1.20.2,19,F,UNVERIFIED_PUBLISH_PATH|DORMANT|SINGLE_MAINTAINER,1,1555,v0.2.0
'@appnest/masonry-layout,2.2.3,33,F,UNVERIFIED_PUBLISH_PATH|DORMANT,2,1554,v0.2.0
modaal,0.4.4,14,F,UNVERIFIED_PUBLISH_PATH|DORMANT|SINGLE_MAINTAINER|PUBLISHER_NOT_MAINTAINER,1,1553,v0.2.0
layzr.js,2.2.2,19,F,UNVERIFIED_PUBLISH_PATH|DORMANT|SINGLE_MAINTAINER,1,1552,v0.2.0
wix-ui-core,3.0.252,24,F,UNVERIFIED_PUBLISH_PATH|DORMANT,6,1550,v0.2.0
handorgel,1.0.0,19,F,UNVERIFIED_PUBLISH_PATH|DORMANT|SINGLE_MAINTAINER,1,1545,v0.2.0
owl.carousel2,2.2.2,10,F,UNVERIFIED_PUBLISH_PATH|DORMANT|SINGLE_MAINTAINER|PUBLISHER_NOT_MAINTAINER|DEPRECATED,1,1543,v0.2.0
'@fontsource/bai-jamjuree,5.2.8,71,B,,2,1540,v0.2.0
'@fontsource/kaushan-script,5.2.8,71,B,,2,1540,v0.2.0
inert-polyfill,0.2.5,33,F,UNVERIFIED_PUBLISH_PATH|DORMANT,2,1540,v0.2.0
'@scania/tegel,1.59.1,46,D,UNVERIFIED_PUBLISH_PATH,12,1539,v0.2.0
'@fontsource/fira-sans-extra-condensed,5.2.7,71,B,,2,1533,v0.2.0
'@creativebulma/bulma-collapsible,1.0.4,29,F,UNVERIFIED_PUBLISH_PATH|DORMANT,2,1526,v0.2.0
typeface-source-code-pro,1.1.13,14,F,UNVERIFIED_PUBLISH_PATH|DORMANT|SINGLE_MAINTAINER,1,1525,v0.2.0
heatmapjs,2.0.2,10,F,UNVERIFIED_PUBLISH_PATH|DORMANT|SINGLE_MAINTAINER,1,1522,v0.2.0
'@fontsource/alice,5.2.8,71,B,,2,1521,v0.2.0
'@fontsource/mali,5.2.8,71,B,,2,1519,v0.2.0
'@chinese-fonts/lxgwwenkai,3.0.0,20,F,UNVERIFIED_PUBLISH_PATH|SINGLE_MAINTAINER,1,1517,v0.2.0
greenlet,1.1.0,19,F,UNVERIFIED_PUBLISH_PATH|DORMANT|SINGLE_MAINTAINER,1,1516,v0.2.0
quran-json,3.1.2,19,F,UNVERIFIED_PUBLISH_PATH|DORMANT|SINGLE_MAINTAINER,1,1515,v0.2.0
'@ticketevolution/seatmaps-client,5.0.0,27,F,UNVERIFIED_PUBLISH_PATH|SINGLE_MAINTAINER,1,1513,v0.2.0
noto-sans-cjk-jp,1.0.1,10,F,UNVERIFIED_PUBLISH_PATH|DORMANT|SINGLE_MAINTAINER,1,1512,v0.2.0
'@iconify-json/gg,1.2.2,15,F,UNVERIFIED_PUBLISH_PATH|DORMANT|SINGLE_MAINTAINER,1,1511,v0.2.0
'@iconify-json/simple-line-icons,1.2.1,15,F,UNVERIFIED_PUBLISH_PATH|DORMANT|SINGLE_MAINTAINER,1,1511,v0.2.0
detect-touch-device,1.1.6,19,F,UNVERIFIED_PUBLISH_PATH|DORMANT|SINGLE_MAINTAINER,1,1510,v0.2.0
'@nutui/nutui,4.3.15-beta.1,39,D,UNVERIFIED_PUBLISH_PATH,3,1505,v0.2.0
webp-converter-browser,1.0.4,19,F,UNVERIFIED_PUBLISH_PATH|DORMANT|SINGLE_MAINTAINER,1,1504,v0.2.0
'@nobleclem/jquery-multiselect,2.4.26,25,F,UNVERIFIED_PUBLISH_PATH|SINGLE_MAINTAINER,1,1503,v0.2.0
crds-core,1.17.2-rc.0,23,F,UNVERIFIED_PUBLISH_PATH|DORMANT|PUBLISHER_NOT_MAINTAINER,7,1502,v0.2.0
'@tensorflow-models/toxicity,1.2.2,28,F,UNVERIFIED_PUBLISH_PATH|DORMANT,8,1500,v0.2.0
bootstrap5-autocomplete,1.1.42,25,F,UNVERIFIED_PUBLISH_PATH|SINGLE_MAINTAINER,1,1498,v0.2.0
'@roadtrip/components,3.54.1,21,F,UNVERIFIED_PUBLISH_PATH|SINGLE_MAINTAINER,1,1494,v0.2.0
arv-extends,5.0.3-status-track-1.71,28,F,UNVERIFIED_PUBLISH_PATH|DORMANT,4,1493,v0.2.0
emoji-datasource-messenger,4.1.0,14,F,UNVERIFIED_PUBLISH_PATH|DORMANT|SINGLE_MAINTAINER,1,1493,v0.2.0
gifler,0.1.0,15,F,UNVERIFIED_PUBLISH_PATH|DORMANT|SINGLE_MAINTAINER,1,1491,v0.2.0
'@fontsource/tangerine,5.2.8,71,B,,2,1489,v0.2.0
'@fontsource/schoolbell,5.2.7,71,B,,2,1488,v0.2.0
chobitsu,1.8.6,25,F,UNVERIFIED_PUBLISH_PATH|SINGLE_MAINTAINER,1,1488,v0.2.0
jquery-xml2json,0.0.8,14,F,UNVERIFIED_PUBLISH_PATH|DORMANT|SINGLE_MAINTAINER,1,1488,v0.2.0
hbjs,0.22.10,33,F,UNVERIFIED_PUBLISH_PATH|DORMANT|DEPRECATED,2,1484,v0.2.0
'@fontsource-variable/big-shoulders-display,5.2.5,71,B,,2,1482,v0.2.0
'@fontsource/gaegu,5.2.8,71,B,,2,1481,v0.2.0
'@fontsource-variable/dosis,5.2.8,71,B,,2,1478,v0.2.0
blowfish,1.0.1,14,F,UNVERIFIED_PUBLISH_PATH|DORMANT|SINGLE_MAINTAINER,1,1475,v0.2.0
jquery-expander,2.0.3,25,F,UNVERIFIED_PUBLISH_PATH|SINGLE_MAINTAINER,1,1473,v0.2.0
jquery-waypoints,2.0.5,28,F,UNVERIFIED_PUBLISH_PATH|DORMANT|PUBLISHER_NOT_MAINTAINER,2,1473,v0.2.0
whatmore-react-assets,1.0.1832,25,F,UNVERIFIED_PUBLISH_PATH|SINGLE_MAINTAINER,1,1470,v0.2.0
'@fontsource/pt-sans-caption,5.2.8,71,B,,2,1469,v0.2.0
'@fontsource/hind-siliguri,5.2.7,71,B,,2,1467,v0.2.0
badger-accordion,1.2.4,19,F,UNVERIFIED_PUBLISH_PATH|DORMANT|SINGLE_MAINTAINER,1,1465,v0.2.0
template7,1.4.2,19,F,UNVERIFIED_PUBLISH_PATH|DORMANT|SINGLE_MAINTAINER,1,1465,v0.2.0
'@arborium/arborium,2.18.1,73,B,SINGLE_MAINTAINER,1,1460,v0.2.0
'@azzas/azzas-tracker-web,2.0.1,35,D,UNVERIFIED_PUBLISH_PATH,2,1460,v0.2.0
angular-ui-carousel,0.1.10,19,F,UNVERIFIED_PUBLISH_PATH|DORMANT|SINGLE_MAINTAINER,1,1459,v0.2.0
minilazyload,2.3.4,15,F,UNVERIFIED_PUBLISH_PATH|DORMANT|SINGLE_MAINTAINER,1,1457,v0.2.0
thinkingdata-browser,2.5.0,21,F,UNVERIFIED_PUBLISH_PATH|SINGLE_MAINTAINER,1,1456,v0.2.0
youverify-web-sdk,2.2.1,21,F,UNVERIFIED_PUBLISH_PATH|SINGLE_MAINTAINER,1,1453,v0.2.0
'@fontsource/kosugi-maru,5.2.8,71,B,,2,1451,v0.2.0
'@fontsource-variable/noto-kufi-arabic,5.2.9,71,B,,2,1450,v0.2.0
leaflet.icon.glyph,0.3.0,14,F,UNVERIFIED_PUBLISH_PATH|DORMANT|SINGLE_MAINTAINER,1,1447,v0.2.0
'@kapowaz/square-flags,1.5.3,25,F,UNVERIFIED_PUBLISH_PATH|SINGLE_MAINTAINER,1,1446,v0.2.0
simple-audio-recorder,1.3.0,25,F,UNVERIFIED_PUBLISH_PATH|SINGLE_MAINTAINER,1,1443,v0.2.0
'@fontsource/esteban,5.2.7,71,B,,2,1442,v0.2.0
'@recombee/quick-search-widget-js,0.2.15,30,F,UNVERIFIED_PUBLISH_PATH,5,1441,v0.2.0
twbs-pagination,1.4.2,33,F,UNVERIFIED_PUBLISH_PATH|DORMANT,3,1441,v0.2.0
color-calendar,3.0.0,20,F,UNVERIFIED_PUBLISH_PATH|SINGLE_MAINTAINER,1,1440,v0.2.0
scroll-out,2.2.12,15,F,UNVERIFIED_PUBLISH_PATH|DORMANT|SINGLE_MAINTAINER,1,1440,v0.2.0
'@feedmepos/mf-payment,1.8.1,30,F,UNVERIFIED_PUBLISH_PATH,3,1439,v0.2.0
'@iconify-json/fe,1.2.4,21,F,UNVERIFIED_PUBLISH_PATH|SINGLE_MAINTAINER,1,1439,v0.2.0
'@flarehr/salpac-cars-calculator,1.0.1605,35,D,UNVERIFIED_PUBLISH_PATH,8,1438,v0.2.0
hc-sticky,2.3.0,25,F,UNVERIFIED_PUBLISH_PATH|SINGLE_MAINTAINER,1,1437,v0.2.0
'@fontsource/open-sauce-two,5.2.5,71,B,,2,1435,v0.2.0
'@watergis/maplibre-gl-export,4.1.2,20,F,UNVERIFIED_PUBLISH_PATH|SINGLE_MAINTAINER,1,1434,v0.2.0
'@vkontakte/superappkit,1.62.0,35,D,UNVERIFIED_PUBLISH_PATH|DEPRECATED,3,1431,v0.2.0
vscode-codicons,0.0.17,25,F,UNVERIFIED_PUBLISH_PATH|DORMANT|SINGLE_MAINTAINER|DEPRECATED,1,1431,v0.2.0
flickity-bg-lazyload,2.0.0,19,F,UNVERIFIED_PUBLISH_PATH|DORMANT|SINGLE_MAINTAINER,1,1429,v0.2.0
'@fontsource/alexandria,5.2.8,71,B,,2,1428,v0.2.0
'@zendeskgarden/css-forms,8.0.1,32,F,UNVERIFIED_PUBLISH_PATH|SINGLE_MAINTAINER,1,1428,v0.2.0
wix-ui-icons-common,2.0.409,33,F,UNVERIFIED_PUBLISH_PATH|DORMANT,6,1427,v0.2.0
'@baloise/ds-core,19.10.2,84,B,INCONSISTENT_PUBLISH_PATH,8,1426,v0.2.0
'@vismaux/vud-icons,1.8.4,33,F,UNVERIFIED_PUBLISH_PATH|DORMANT,10,1426,v0.2.0
bootstrap5-tags,1.7.17,25,F,UNVERIFIED_PUBLISH_PATH|SINGLE_MAINTAINER,1,1425,v0.2.0
'@fontsource/arsenal,5.2.7,71,B,,2,1424,v0.2.0
scroll-depth,1.2.0,19,F,UNVERIFIED_PUBLISH_PATH|DORMANT|SINGLE_MAINTAINER,1,1420,v0.2.0
'@fontsource/finger-paint,5.2.8,71,B,,2,1419,v0.2.0
'@pinyin-pro/data,1.3.1,25,F,UNVERIFIED_PUBLISH_PATH|SINGLE_MAINTAINER,1,1416,v0.2.0
magic.css,1.4.8,19,F,UNVERIFIED_PUBLISH_PATH|DORMANT|SINGLE_MAINTAINER,1,1416,v0.2.0
headjs,1.0.3,19,F,UNVERIFIED_PUBLISH_PATH|DORMANT|SINGLE_MAINTAINER,1,1415,v0.2.0
leaflet-sidebar,0.2.4,33,F,UNVERIFIED_PUBLISH_PATH|DORMANT,2,1413,v0.2.0
php-wasm,0.1.0,25,F,UNVERIFIED_PUBLISH_PATH|SINGLE_MAINTAINER,1,1412,v0.2.0
'@beyonk/gdpr-cookie-consent-banner,16.0.2,30,F,UNVERIFIED_PUBLISH_PATH,7,1409,v0.2.0
'@wix/auto_sdk_bookings_staff-member-settings,1.0.21,30,F,UNVERIFIED_PUBLISH_PATH,12,1409,v0.2.0
'@chatui/core,3.8.0,25,F,UNVERIFIED_PUBLISH_PATH|SINGLE_MAINTAINER,1,1408,v0.2.0
brython,3.14.3,25,F,UNVERIFIED_PUBLISH_PATH|SINGLE_MAINTAINER,1,1407,v0.2.0
notification-polyfill,1.0.0,19,F,UNVERIFIED_PUBLISH_PATH|DORMANT|SINGLE_MAINTAINER,1,1406,v0.2.0
alwan,2.3.1,25,F,UNVERIFIED_PUBLISH_PATH|SINGLE_MAINTAINER,1,1405,v0.2.0
'@wix/auto_sdk_bookings_add-ons,1.0.31,30,F,UNVERIFIED_PUBLISH_PATH,12,1403,v0.2.0
'@ffmpeg/core-st,0.11.1,33,F,UNVERIFIED_PUBLISH_PATH|DORMANT,3,1401,v0.2.0
loc-i18next,0.1.6,19,F,UNVERIFIED_PUBLISH_PATH|DORMANT|SINGLE_MAINTAINER,1,1398,v0.2.0
'@fontsource/fira-sans-condensed,5.2.7,71,B,,2,1397,v0.2.0
'@wix/headless-bookings,1.0.17,30,F,UNVERIFIED_PUBLISH_PATH,12,1394,v0.2.0
stimulus-read-more,4.1.0,14,F,UNVERIFIED_PUBLISH_PATH|DORMANT|SINGLE_MAINTAINER|DEPRECATED,1,1394,v0.2.0
'@tesseract.js-data/fra,1.0.0,19,F,UNVERIFIED_PUBLISH_PATH|DORMANT|SINGLE_MAINTAINER,1,1392,v0.2.0
ibp-cdn,3.0.49,16,F,UNVERIFIED_PUBLISH_PATH|SINGLE_MAINTAINER,1,1390,v0.2.0
hebcal,2.3.2,19,F,UNVERIFIED_PUBLISH_PATH|DORMANT|SINGLE_MAINTAINER,1,1388,v0.2.0
prefixfree,1.0.0,19,F,UNVERIFIED_PUBLISH_PATH|DORMANT|SINGLE_MAINTAINER,1,1388,v0.2.0
'@blotoutio/providers-facebook-sdk,1.63.3,25,F,UNVERIFIED_PUBLISH_PATH|SINGLE_MAINTAINER,1,1387,v0.2.0
'@wix/auto_sdk_bookings_pricing-provider,1.0.26,30,F,UNVERIFIED_PUBLISH_PATH,12,1386,v0.2.0
star-rating-svg,3.5.0,19,F,UNVERIFIED_PUBLISH_PATH|DORMANT|SINGLE_MAINTAINER,1,1386,v0.2.0
'@openfonts/noto-sans-kr_korean,1.44.1,19,F,UNVERIFIED_PUBLISH_PATH|DORMANT|SINGLE_MAINTAINER,1,1385,v0.2.0
'@tesseract.js-data/rus,1.0.0,19,F,UNVERIFIED_PUBLISH_PATH|DORMANT|SINGLE_MAINTAINER,1,1384,v0.2.0
'@joergdietrich/leaflet.terminator,1.3.0,25,F,UNVERIFIED_PUBLISH_PATH|SINGLE_MAINTAINER,1,1383,v0.2.0
dealpos,26.27.4,21,F,UNVERIFIED_PUBLISH_PATH|SINGLE_MAINTAINER,1,1383,v0.2.0
toolcool-range-slider,4.0.28,19,F,UNVERIFIED_PUBLISH_PATH|DORMANT|SINGLE_MAINTAINER,1,1382,v0.2.0
'@iconify-json/basil,1.2.4,21,F,UNVERIFIED_PUBLISH_PATH|SINGLE_MAINTAINER,1,1381,v0.2.0
'@wix/auto_sdk_bookings_staff-sorting,1.0.7,30,F,UNVERIFIED_PUBLISH_PATH,12,1380,v0.2.0
'@grapecity/spread-sheets-resources-ja,18.2.5,30,F,UNVERIFIED_PUBLISH_PATH,2,1377,v0.2.0
kiso.css,1.2.4,25,F,UNVERIFIED_PUBLISH_PATH|SINGLE_MAINTAINER,1,1377,v0.2.0
'@fontsource/google-sans-code,5.2.4,81,B,,2,1376,v0.2.0
blockui,1.0.0,10,F,UNVERIFIED_PUBLISH_PATH|DORMANT|SINGLE_MAINTAINER,1,1374,v0.2.0
mingcute_icon,2.9.72,20,F,UNVERIFIED_PUBLISH_PATH|SINGLE_MAINTAINER,1,1374,v0.2.0
'@shopify/theme-hot-reload,0.0.22,30,F,UNVERIFIED_PUBLISH_PATH,6,1372,v0.2.0
js-circle-progress,1.0.0,25,F,UNVERIFIED_PUBLISH_PATH|SINGLE_MAINTAINER,1,1372,v0.2.0
'@fontsource/open-sauce-sans,5.2.5,71,B,,2,1367,v0.2.0
'@fontsource/cormorant-sc,5.2.8,71,B,,2,1365,v0.2.0
noto-sans-kr,0.1.1,19,F,UNVERIFIED_PUBLISH_PATH|DORMANT|SINGLE_MAINTAINER,1,1360,v0.2.0
innersvg-polyfill,0.0.5,19,F,UNVERIFIED_PUBLISH_PATH|DORMANT|SINGLE_MAINTAINER,1,1359,v0.2.0
bootstrap-input-spinner,5.1.0,25,F,UNVERIFIED_PUBLISH_PATH|SINGLE_MAINTAINER,1,1355,v0.2.0
silvermine-videojs-quality-selector,1.1.2,19,F,UNVERIFIED_PUBLISH_PATH|DORMANT|SINGLE_MAINTAINER,1,1353,v0.2.0
lit-i18n,4.1.0,19,F,UNVERIFIED_PUBLISH_PATH|DORMANT|SINGLE_MAINTAINER,1,1352,v0.2.0
'@fontsource/yanone-kaffeesatz,5.2.7,71,B,,2,1351,v0.2.0
free-jqgrid,4.15.5,19,F,UNVERIFIED_PUBLISH_PATH|DORMANT|SINGLE_MAINTAINER,1,1349,v0.2.0
webshim,1.16.0,19,F,UNVERIFIED_PUBLISH_PATH|DORMANT|SINGLE_MAINTAINER,1,1348,v0.2.0
bootpag,5.0.1,73,B,SINGLE_MAINTAINER,1,1341,v0.2.0
angular-wizard,1.1.1,33,F,UNVERIFIED_PUBLISH_PATH|DORMANT,2,1336,v0.2.0
glyphicons-halflings,1.9.1,10,F,UNVERIFIED_PUBLISH_PATH|DORMANT|SINGLE_MAINTAINER,1,1333,v0.2.0
overlapping-marker-spiderfier-leaflet,0.2.7,19,F,UNVERIFIED_PUBLISH_PATH|DORMANT|SINGLE_MAINTAINER,1,1332,v0.2.0
'@fontsource/nanum-pen-script,5.2.7,71,B,,2,1330,v0.2.0
flipdown,0.3.2,19,F,UNVERIFIED_PUBLISH_PATH|DORMANT|SINGLE_MAINTAINER,1,1328,v0.2.0
'@bamirorg/core-assets-271a22f75,1.27.0,16,F,UNVERIFIED_PUBLISH_PATH|SINGLE_MAINTAINER,1,1326,v0.2.0
'@openlayers/pepjs,0.5.4,33,F,UNVERIFIED_PUBLISH_PATH|DORMANT,2,1324,v0.2.0
smartphoto,1.6.5,33,F,UNVERIFIED_PUBLISH_PATH|DORMANT,2,1324,v0.2.0
stimulus-store,0.0.3,19,F,UNVERIFIED_PUBLISH_PATH|DORMANT|SINGLE_MAINTAINER,1,1324,v0.2.0
misans-vf,1.0.0,19,F,UNVERIFIED_PUBLISH_PATH|DORMANT|SINGLE_MAINTAINER,1,1322,v0.2.0
'@iconify-json/emojione,1.2.3,21,F,UNVERIFIED_PUBLISH_PATH|SINGLE_MAINTAINER,1,1321,v0.2.0
store-js,2.0.4,19,F,UNVERIFIED_PUBLISH_PATH|DORMANT|SINGLE_MAINTAINER,1,1320,v0.2.0
typeface-nunito-sans,1.1.13,14,F,UNVERIFIED_PUBLISH_PATH|DORMANT|SINGLE_MAINTAINER,1,1315,v0.2.0
swipebox,1.4.6,19,F,UNVERIFIED_PUBLISH_PATH|DORMANT|SINGLE_MAINTAINER,1,1313,v0.2.0
jquery.numeric,1.0.0,15,F,UNVERIFIED_PUBLISH_PATH|DORMANT|SINGLE_MAINTAINER,1,1312,v0.2.0
'@fontsource-variable/league-spartan,5.2.8,71,B,,2,1309,v0.2.0
'@dubai-design-system/components-js,3.12.16,35,D,UNVERIFIED_PUBLISH_PATH,3,1306,v0.2.0
slider-pro,1.6.2,19,F,UNVERIFIED_PUBLISH_PATH|DORMANT|SINGLE_MAINTAINER,1,1306,v0.2.0
editorjs-button,3.0.3,19,F,UNVERIFIED_PUBLISH_PATH|DORMANT|SINGLE_MAINTAINER,1,1304,v0.2.0
'@fontsource/caveat-brush,5.2.8,71,B,,2,1300,v0.2.0
'@breadstone/mosaik-elements-foundation,0.1.54,25,F,UNVERIFIED_PUBLISH_PATH|SINGLE_MAINTAINER,1,1299,v0.2.0
jquery-treetable,3.2.0-1,14,F,UNVERIFIED_PUBLISH_PATH|DORMANT|SINGLE_MAINTAINER|PUBLISHER_NOT_MAINTAINER,1,1299,v0.2.0
slick-lightbox,0.2.12,15,F,UNVERIFIED_PUBLISH_PATH|DORMANT|SINGLE_MAINTAINER,1,1299,v0.2.0
'@fontsource/actor,5.2.8,71,B,,2,1298,v0.2.0
immortal-db,1.1.0,19,F,UNVERIFIED_PUBLISH_PATH|DORMANT|SINGLE_MAINTAINER,1,1295,v0.2.0
bootstrap-chosen,1.4.2,19,F,UNVERIFIED_PUBLISH_PATH|DORMANT|SINGLE_MAINTAINER,1,1289,v0.2.0
'@mux/mux-background-video,0.2.3,87,A,,4,1288,v0.2.0
'@barba/prefetch,2.2.0,33,F,UNVERIFIED_PUBLISH_PATH|DORMANT,3,1287,v0.2.0
'@khipu/design-system,0.2.0-alpha.124,67,C,SINGLE_MAINTAINER,1,1287,v0.2.0
helvatica-neue-lt,1.0.1,19,F,UNVERIFIED_PUBLISH_PATH|DORMANT|SINGLE_MAINTAINER,1,1284,v0.2.0
inko,1.1.1,19,F,UNVERIFIED_PUBLISH_PATH|DORMANT|SINGLE_MAINTAINER,1,1284,v0.2.0
addsearch-search-ui,0.10.7,39,D,UNVERIFIED_PUBLISH_PATH,3,1282,v0.2.0
'@fontsource/nanum-gothic-coding,5.2.8,71,B,,2,1281,v0.2.0
'@wix/auto_sdk_bookings_booking-policy,1.0.2,30,F,UNVERIFIED_PUBLISH_PATH,12,1281,v0.2.0
'@wix/auto_sdk_stores_product-groups-v-3,1.0.3,30,F,UNVERIFIED_PUBLISH_PATH,12,1281,v0.2.0
galmuri,2.40.3,25,F,UNVERIFIED_PUBLISH_PATH|SINGLE_MAINTAINER,1,1281,v0.2.0
jquery-form-validator,2.3.79,19,F,UNVERIFIED_PUBLISH_PATH|DORMANT|SINGLE_MAINTAINER,1,1281,v0.2.0
'@voxeet/voxeet-web-sdk,3.11.1,28,F,UNVERIFIED_PUBLISH_PATH|DORMANT,6,1279,v0.2.0
pusher-angular,1.0.0,28,F,UNVERIFIED_PUBLISH_PATH|DORMANT|PUBLISHER_NOT_MAINTAINER,2,1279,v0.2.0
themify-icons,1.0.0,14,F,UNVERIFIED_PUBLISH_PATH|DORMANT|SINGLE_MAINTAINER|PUBLISHER_NOT_MAINTAINER,1,1276,v0.2.0
docsify-copy-code,3.0.2,39,D,UNVERIFIED_PUBLISH_PATH,2,1271,v0.2.0
'@iconify-json/token-branded,1.2.42,21,F,UNVERIFIED_PUBLISH_PATH|SINGLE_MAINTAINER,1,1270,v0.2.0
'@file-viewer/web-full,2.2.2,20,F,UNVERIFIED_PUBLISH_PATH|SINGLE_MAINTAINER,1,1268,v0.2.0
echo-js,1.7.3,15,F,UNVERIFIED_PUBLISH_PATH|DORMANT|SINGLE_MAINTAINER,1,1265,v0.2.0
'@meilisearch/autocomplete-client,0.9.0,82,B,,5,1263,v0.2.0
'@fontsource/cabin-sketch,5.2.8,71,B,,2,1260,v0.2.0
paymentfont,1.2.5,19,F,UNVERIFIED_PUBLISH_PATH|DORMANT|SINGLE_MAINTAINER,1,1260,v0.2.0
'@fontsource/adamina,5.2.7,71,B,,2,1258,v0.2.0
'@studyportals/modal-dll,4.0.1,30,F,UNVERIFIED_PUBLISH_PATH|PUBLISHER_NOT_MAINTAINER,21,1258,v0.2.0
pluspagos-aes-encryption,1.0.0,15,F,UNVERIFIED_PUBLISH_PATH|DORMANT|SINGLE_MAINTAINER,1,1258,v0.2.0
'@consta/icons,1.7.1,35,D,UNVERIFIED_PUBLISH_PATH,4,1256,v0.2.0
v-img,0.2.0,19,F,UNVERIFIED_PUBLISH_PATH|DORMANT|SINGLE_MAINTAINER,1,1254,v0.2.0
'@fontsource/acme,5.2.7,71,B,,2,1253,v0.2.0
graphql-playground-react,1.7.28,39,D,UNVERIFIED_PUBLISH_PATH|DORMANT,6,1249,v0.2.0
'@postenbring/hedwig-css,4.2.1,41,D,UNVERIFIED_PUBLISH_PATH,6,1247,v0.2.0
'@iconify-json/humbleicons,1.2.20,21,F,UNVERIFIED_PUBLISH_PATH|SINGLE_MAINTAINER,1,1245,v0.2.0
'@iconify-json/charm,1.2.3,21,F,UNVERIFIED_PUBLISH_PATH|SINGLE_MAINTAINER,1,1244,v0.2.0
pure-md5,1.0.0,25,F,UNVERIFIED_PUBLISH_PATH|SINGLE_MAINTAINER,1,1242,v0.2.0
'@vidstack/player,0.13.3,14,F,UNVERIFIED_PUBLISH_PATH|DORMANT|SINGLE_MAINTAINER|DEPRECATED,1,1240,v0.2.0
jquery-number,2.1.6,15,F,UNVERIFIED_PUBLISH_PATH|DORMANT|SINGLE_MAINTAINER,1,1240,v0.2.0
jquery.appear,1.0.1,19,F,UNVERIFIED_PUBLISH_PATH|DORMANT|SINGLE_MAINTAINER,1,1239,v0.2.0
v-autocomplete,1.8.2,28,F,UNVERIFIED_PUBLISH_PATH|DORMANT|PUBLISHER_NOT_MAINTAINER,5,1238,v0.2.0
'@freshworks/crayons,2.13.4,33,F,UNVERIFIED_PUBLISH_PATH|DORMANT,21,1236,v0.2.0
'@zanichelli/albe-web-components,20.0.0,35,D,UNVERIFIED_PUBLISH_PATH,27,1233,v0.2.0
modal-video,2.4.8,10,F,UNVERIFIED_PUBLISH_PATH|DORMANT|SINGLE_MAINTAINER,1,1233,v0.2.0
cookies-eu-banner,2.0.1,19,F,UNVERIFIED_PUBLISH_PATH|DORMANT|SINGLE_MAINTAINER,1,1231,v0.2.0
'@progress/kendo-theme-meridian,14.3.0,70,B,INCONSISTENT_PUBLISH_PATH|SINGLE_MAINTAINER,1,1230,v0.2.0
'@iconify-json/cryptocurrency-color,1.2.4,21,F,UNVERIFIED_PUBLISH_PATH|SINGLE_MAINTAINER,1,1226,v0.2.0
'@jspreadsheet/importer,6.4.0,25,F,UNVERIFIED_PUBLISH_PATH|SINGLE_MAINTAINER,1,1226,v0.2.0
'@rxdi/schematics,0.7.250,35,D,UNVERIFIED_PUBLISH_PATH,2,1225,v0.2.0
'@fontsource/damion,5.2.7,71,B,,2,1222,v0.2.0
'@wix/events,1.0.809,30,F,UNVERIFIED_PUBLISH_PATH,12,1222,v0.2.0
'@volcengine/tls-js-sdk,0.0.3,29,F,UNVERIFIED_PUBLISH_PATH|DORMANT,46,1221,v0.2.0
'@playpilot/tpi,8.26.1,35,D,UNVERIFIED_PUBLISH_PATH,2,1218,v0.2.0
pdf.js-viewer,0.2.8,14,F,UNVERIFIED_PUBLISH_PATH|DORMANT|SINGLE_MAINTAINER|PUBLISHER_NOT_MAINTAINER,1,1215,v0.2.0
vue-cool-select,3.5.2,19,F,UNVERIFIED_PUBLISH_PATH|DORMANT|SINGLE_MAINTAINER,1,1214,v0.2.0
'@fontsource-variable/antonio,5.2.8,71,B,,2,1210,v0.2.0
'@tsparticles/preset-stars,4.3.2,69,C,INCONSISTENT_PUBLISH_PATH|SINGLE_MAINTAINER,1,1210,v0.2.0
'@fontsource/exo,5.2.8,71,B,,2,1206,v0.2.0
handsontable-pro,6.2.3,33,F,UNVERIFIED_PUBLISH_PATH|DORMANT|DEPRECATED,2,1203,v0.2.0
'@caneara/iodine,8.5.0,19,F,UNVERIFIED_PUBLISH_PATH|DORMANT|SINGLE_MAINTAINER,1,1202,v0.2.0
lobibox,1.2.7,19,F,UNVERIFIED_PUBLISH_PATH|DORMANT|SINGLE_MAINTAINER,1,1202,v0.2.0
graphql.js,0.6.8,19,F,UNVERIFIED_PUBLISH_PATH|DORMANT|SINGLE_MAINTAINER,1,1201,v0.2.0
open-dyslexic,1.0.3,19,F,UNVERIFIED_PUBLISH_PATH|DORMANT|SINGLE_MAINTAINER,1,1201,v0.2.0
'@fontsource/sunflower,5.2.7,71,B,,2,1200,v0.2.0
brackets-viewer,1.9.1,73,B,SINGLE_MAINTAINER,1,1200,v0.2.0
'@fontsource/familjen-grotesk,5.2.8,71,B,,2,1198,v0.2.0
spritespin,4.1.0,19,F,UNVERIFIED_PUBLISH_PATH|DORMANT|SINGLE_MAINTAINER,1,1198,v0.2.0
'@social-mail/social-mail-client,1.11.38,21,F,UNVERIFIED_PUBLISH_PATH|SINGLE_MAINTAINER,1,1197,v0.2.0
'@fontsource/klee-one,5.2.8,71,B,,2,1194,v0.2.0
dseg,0.46.0,19,F,UNVERIFIED_PUBLISH_PATH|DORMANT|SINGLE_MAINTAINER,1,1191,v0.2.0
'@comscore/analytics,7.14.0,30,F,UNVERIFIED_PUBLISH_PATH,5,1189,v0.2.0
gritter,1.7.4,19,F,UNVERIFIED_PUBLISH_PATH|DORMANT|SINGLE_MAINTAINER,1,1189,v0.2.0
'@fontsource/pirata-one,5.2.8,71,B,,2,1188,v0.2.0
'@mui-symbols-material/w400,0.4.1,14,F,UNVERIFIED_PUBLISH_PATH|DORMANT|SINGLE_MAINTAINER,1,1186,v0.2.0
'@fontsource-variable/noto-sans-lao,5.2.8,71,B,,2,1183,v0.2.0
angular-gantt,2.0.0-rc.1,33,F,UNVERIFIED_PUBLISH_PATH|DORMANT,2,1183,v0.2.0
iso8601-js-period,0.2.1,19,F,UNVERIFIED_PUBLISH_PATH|DORMANT|SINGLE_MAINTAINER,1,1183,v0.2.0
p2p-media-loader-core,3.0.1,74,B,SINGLE_MAINTAINER,1,1182,v0.2.0
noto-sans-japanese,1.0.0,10,F,UNVERIFIED_PUBLISH_PATH|DORMANT|SINGLE_MAINTAINER,1,1181,v0.2.0
'@fontsource/zen-kaku-gothic-antique,5.2.8,71,B,,2,1180,v0.2.0
datetimepicker,0.1.39,33,F,UNVERIFIED_PUBLISH_PATH|DORMANT,3,1180,v0.2.0
fotorama,4.6.4,10,F,UNVERIFIED_PUBLISH_PATH|DORMANT|SINGLE_MAINTAINER,1,1176,v0.2.0
'@3dsource/angular-unreal-module,0.0.151,35,D,UNVERIFIED_PUBLISH_PATH,4,1174,v0.2.0
'@openfonts/open-sans_all,1.44.2,14,F,UNVERIFIED_PUBLISH_PATH|DORMANT|SINGLE_MAINTAINER,1,1173,v0.2.0
'@keeex/qrcodejs-kx,1.0.2,33,F,UNVERIFIED_PUBLISH_PATH|DORMANT,3,1170,v0.2.0
'@fontsource/alata,5.2.8,71,B,,2,1168,v0.2.0
indexeddb-export-import,2.2.0,25,F,UNVERIFIED_PUBLISH_PATH|SINGLE_MAINTAINER,1,1168,v0.2.0
artemis-code,0.2.79,21,F,UNVERIFIED_PUBLISH_PATH|SINGLE_MAINTAINER,1,1167,v0.2.0
p2p-media-loader-hlsjs,3.0.1,74,B,SINGLE_MAINTAINER,1,1167,v0.2.0
jquery-menu-aim,1.1.0,19,F,UNVERIFIED_PUBLISH_PATH|DORMANT|SINGLE_MAINTAINER,1,1165,v0.2.0
'@digital-realty/app-shell,13.0.13,30,F,UNVERIFIED_PUBLISH_PATH,4,1161,v0.2.0
cn-fontsource-xiaolai-sc-regular,1.0.2,19,F,UNVERIFIED_PUBLISH_PATH|DORMANT|SINGLE_MAINTAINER,1,1160,v0.2.0
'@iconify-json/dashicons,1.2.1,15,F,UNVERIFIED_PUBLISH_PATH|DORMANT|SINGLE_MAINTAINER,1,1157,v0.2.0
cas-ds-web-components,1.3.29,35,D,UNVERIFIED_PUBLISH_PATH,2,1154,v0.2.0
kore-web-sdk,11.26.1,39,D,UNVERIFIED_PUBLISH_PATH,2,1152,v0.2.0
pdfh5,3.0.0,25,F,UNVERIFIED_PUBLISH_PATH|SINGLE_MAINTAINER,1,1152,v0.2.0
'@fontsource/maple-mono,5.2.6,71,B,,2,1148,v0.2.0
'@fontsource/hanuman,5.2.8,71,B,,2,1147,v0.2.0
rangeslider-pure,0.5.0,73,B,SINGLE_MAINTAINER,1,1147,v0.2.0
'@talkjs/web-components,0.3.3,35,D,UNVERIFIED_PUBLISH_PATH,9,1143,v0.2.0
gen-interface-jp,0.8.0,25,F,UNVERIFIED_PUBLISH_PATH|SINGLE_MAINTAINER,1,1141,v0.2.0
persian-date,1.1.0,19,F,UNVERIFIED_PUBLISH_PATH|DORMANT|SINGLE_MAINTAINER,1,1141,v0.2.0
'@fontsource/nanum-myeongjo,5.2.11,71,B,,2,1140,v0.2.0
darkmode-js,1.5.7,19,F,UNVERIFIED_PUBLISH_PATH|DORMANT|SINGLE_MAINTAINER,1,1138,v0.2.0
'@aha-app/shadcn-ui-built,2.5.0-build.1,35,D,UNVERIFIED_PUBLISH_PATH,48,1136,v0.2.0
'@fontsource/sniglet,5.2.8,71,B,,2,1135,v0.2.0
'@wix/auto_sdk_automations_storage-item,1.0.21,30,F,UNVERIFIED_PUBLISH_PATH,12,1135,v0.2.0
sudoku-gen,1.0.2,19,F,UNVERIFIED_PUBLISH_PATH|DORMANT|SINGLE_MAINTAINER,1,1135,v0.2.0
'@fontsource/courgette,5.2.7,71,B,,2,1134,v0.2.0
optiscroll,3.2.1,19,F,UNVERIFIED_PUBLISH_PATH|DORMANT|SINGLE_MAINTAINER,1,1134,v0.2.0
'@mapsindoors/map-template,1.99.12,35,D,UNVERIFIED_PUBLISH_PATH,5,1130,v0.2.0
'@fontsource-variable/afacad,5.2.10,71,B,,2,1129,v0.2.0
webaudiofont,3.0.4,19,F,UNVERIFIED_PUBLISH_PATH|DORMANT|SINGLE_MAINTAINER,1,1129,v0.2.0
'@magica11y/prefers-reduced-motion,1.0.11,19,F,UNVERIFIED_PUBLISH_PATH|DORMANT|SINGLE_MAINTAINER,1,1127,v0.2.0
'@peculiar/certificates-viewer,4.9.2,93,A,,7,1127,v0.2.0
'@liip/liipgpt,3.7.0,30,F,UNVERIFIED_PUBLISH_PATH,2,1126,v0.2.0
jquery-throttle-debounce,1.0.0,19,F,UNVERIFIED_PUBLISH_PATH|DORMANT|SINGLE_MAINTAINER,1,1126,v0.2.0
viewport-extra,3.0.0,69,C,SINGLE_MAINTAINER|BRANCH_REQUIRES_PR,1,1126,v0.2.0
'@tensorflow-models/facemesh,0.0.5,28,F,UNVERIFIED_PUBLISH_PATH|DORMANT|DEPRECATED,8,1124,v0.2.0
js-html2pdf,1.1.4,19,F,UNVERIFIED_PUBLISH_PATH|DORMANT|SINGLE_MAINTAINER,1,1124,v0.2.0
tui-editor-plugin-font-size,1.0.4,19,F,UNVERIFIED_PUBLISH_PATH|DORMANT|SINGLE_MAINTAINER,1,1123,v0.2.0
quail-js,0.3.28,20,F,UNVERIFIED_PUBLISH_PATH|SINGLE_MAINTAINER,1,1120,v0.2.0
'@fontsource-variable/noto-sans-gujarati,5.2.7,71,B,,2,1115,v0.2.0
'@bevacqua/rome,3.0.4,19,F,UNVERIFIED_PUBLISH_PATH|DORMANT|SINGLE_MAINTAINER,1,1114,v0.2.0
'@upscalerjs/esrgan-thick,1.0.0,20,F,UNVERIFIED_PUBLISH_PATH|SINGLE_MAINTAINER,1,1114,v0.2.0
clockwork-browser,1.1.2,19,F,UNVERIFIED_PUBLISH_PATH|DORMANT|SINGLE_MAINTAINER,1,1112,v0.2.0
'@wix/auto_sdk_bookings_attribute-definition,1.0.6,30,F,UNVERIFIED_PUBLISH_PATH,12,1111,v0.2.0
dynamsoft-document-viewer,4.0.0,34,F,UNVERIFIED_PUBLISH_PATH,2,1111,v0.2.0
'@reown/appkit-cdn,1.8.22,76,B,,2,1109,v0.2.0
bootstrap-star-rating,4.1.2,14,F,UNVERIFIED_PUBLISH_PATH|DORMANT|SINGLE_MAINTAINER,1,1109,v0.2.0
datatables.mark.js,2.1.0,19,F,UNVERIFIED_PUBLISH_PATH|DORMANT|SINGLE_MAINTAINER,1,1109,v0.2.0
tail.select,0.5.15,19,F,UNVERIFIED_PUBLISH_PATH|DORMANT|SINGLE_MAINTAINER|DEPRECATED,1,1109,v0.2.0
'@fontsource/black-ops-one,5.2.8,71,B,,2,1106,v0.2.0
'@fontsource/tomorrow,5.2.8,71,B,,2,1106,v0.2.0
'@wix/auto_sdk_bookings_attribute-value,1.0.7,30,F,UNVERIFIED_PUBLISH_PATH,12,1104,v0.2.0
superfish,1.7.10,19,F,UNVERIFIED_PUBLISH_PATH|DORMANT|SINGLE_MAINTAINER,1,1104,v0.2.0
dom-slider,2.2.1,25,F,UNVERIFIED_PUBLISH_PATH|SINGLE_MAINTAINER,1,1102,v0.2.0
angular-trix,1.0.2,19,F,UNVERIFIED_PUBLISH_PATH|DORMANT|SINGLE_MAINTAINER,1,1101,v0.2.0
'@nifty_ai/browser-image-compression,2.0.4,34,F,UNVERIFIED_PUBLISH_PATH,2,1093,v0.2.0
vue-smooth-scroll,1.0.13,19,F,UNVERIFIED_PUBLISH_PATH|DORMANT|SINGLE_MAINTAINER,1,1092,v0.2.0
'@blotoutio/providers-criteo-sdk,1.63.3,25,F,UNVERIFIED_PUBLISH_PATH|SINGLE_MAINTAINER,1,1091,v0.2.0
'@dinazor/core,1.1.113,15,F,UNVERIFIED_PUBLISH_PATH|DORMANT|SINGLE_MAINTAINER,1,1091,v0.2.0
dcraw,1.0.3,19,F,UNVERIFIED_PUBLISH_PATH|DORMANT|SINGLE_MAINTAINER,1,1090,v0.2.0
http-vue-loader,1.4.2,19,F,UNVERIFIED_PUBLISH_PATH|DORMANT|SINGLE_MAINTAINER,1,1090,v0.2.0
'@bandwidth/shared-components,6.2.2,40,D,UNVERIFIED_PUBLISH_PATH|DORMANT,8,1089,v0.2.0
'@fontsource/gowun-batang,5.2.8,71,B,,2,1089,v0.2.0
'@bookolosystem/engine,4.4.43,21,F,UNVERIFIED_PUBLISH_PATH|SINGLE_MAINTAINER,1,1087,v0.2.0
sticker-heo,2022.7.5,19,F,UNVERIFIED_PUBLISH_PATH|DORMANT|SINGLE_MAINTAINER,1,1086,v0.2.0
'@wix/auto_sdk_bookings_bookings-validation,1.0.11,30,F,UNVERIFIED_PUBLISH_PATH,12,1085,v0.2.0
olamaps-web-sdk,1.4.0,25,F,UNVERIFIED_PUBLISH_PATH|SINGLE_MAINTAINER,1,1084,v0.2.0
bootstrap-print-css,1.0.1,26,F,UNVERIFIED_PUBLISH_PATH|DORMANT|SINGLE_MAINTAINER,1,1083,v0.2.0
jquery-unveil,1.3.2,19,F,UNVERIFIED_PUBLISH_PATH|DORMANT|SINGLE_MAINTAINER,1,1082,v0.2.0
onnxjs,0.1.8,19,F,UNVERIFIED_PUBLISH_PATH|DORMANT|SINGLE_MAINTAINER,1,1081,v0.2.0
'@fontsource-variable/sen,5.2.8,71,B,,2,1080,v0.2.0
bootstrap-ie11,5.3.7,32,F,UNVERIFIED_PUBLISH_PATH|SINGLE_MAINTAINER,1,1079,v0.2.0
simple-scrollspy,2.5.3,19,F,UNVERIFIED_PUBLISH_PATH|DORMANT|SINGLE_MAINTAINER,1,1077,v0.2.0
'@fontsource/zcool-xiaowei,5.2.8,71,B,,2,1075,v0.2.0
formstone,2.2.2,25,F,UNVERIFIED_PUBLISH_PATH|SINGLE_MAINTAINER,1,1075,v0.2.0
'@fontsource/k2d,5.2.8,71,B,,2,1074,v0.2.0
'@goodgamestudios/cxf-runtime,0.3.2,24,F,UNVERIFIED_PUBLISH_PATH|DORMANT|PUBLISHER_NOT_MAINTAINER,27,1074,v0.2.0
'@gumlet/player.js,3.0.8,87,A,,2,1073,v0.2.0
'@fontsource/aref-ruqaa,5.2.8,71,B,,2,1072,v0.2.0
jquery-ui-multidatespicker,1.6.6,19,F,UNVERIFIED_PUBLISH_PATH|DORMANT|SINGLE_MAINTAINER,1,1072,v0.2.0
'@feedmepos/mf-inventory-portal,1.7.1,30,F,UNVERIFIED_PUBLISH_PATH,3,1070,v0.2.0
'@fontsource/black-han-sans,5.2.8,71,B,,2,1067,v0.2.0
h8k-components,2.2.0,39,D,UNVERIFIED_PUBLISH_PATH,5,1067,v0.2.0
jquery-resizable-columns,0.2.3,19,F,UNVERIFIED_PUBLISH_PATH|DORMANT|SINGLE_MAINTAINER,1,1066,v0.2.0
'@feedmepos/mf-connect,0.1.98-beta.3,30,F,UNVERIFIED_PUBLISH_PATH,3,1064,v0.2.0
simple-scrollbar,0.4.0,19,F,UNVERIFIED_PUBLISH_PATH|DORMANT|SINGLE_MAINTAINER,1,1063,v0.2.0
jquery-editable-select,2.2.5,19,F,UNVERIFIED_PUBLISH_PATH|DORMANT|SINGLE_MAINTAINER,1,1061,v0.2.0
'@goodgamestudios/cxf-events,1.24.0,29,F,UNVERIFIED_PUBLISH_PATH|DORMANT,27,1057,v0.2.0
moyasar-payment-form,2.2.10,21,F,UNVERIFIED_PUBLISH_PATH|SINGLE_MAINTAINER,1,1057,v0.2.0
'@fontsource-variable/wix-madefor-display,5.2.8,71,B,,2,1056,v0.2.0
leaflet-timedimension,1.1.1,19,F,UNVERIFIED_PUBLISH_PATH|DORMANT|SINGLE_MAINTAINER,1,1056,v0.2.0
vikinginvest-prices,1.0.1779225699,25,F,UNVERIFIED_PUBLISH_PATH|SINGLE_MAINTAINER,1,1056,v0.2.0
'@omni-door/cli,3.2.2,25,F,UNVERIFIED_PUBLISH_PATH|SINGLE_MAINTAINER,1,1055,v0.2.0
fengari-web,0.1.4,33,F,UNVERIFIED_PUBLISH_PATH|DORMANT,2,1055,v0.2.0
'@zendeskgarden/css-tags,6.0.0,26,F,UNVERIFIED_PUBLISH_PATH|DORMANT|SINGLE_MAINTAINER,1,1054,v0.2.0
'@fontsource/gothic-a1,5.2.8,71,B,,2,1052,v0.2.0
lg-pager,1.0.2,19,F,UNVERIFIED_PUBLISH_PATH|DORMANT|SINGLE_MAINTAINER,1,1048,v0.2.0
'@fontsource/jua,5.2.8,71,B,,2,1044,v0.2.0
'@mediapipe/control_utils,0.6.1675466023,24,F,UNVERIFIED_PUBLISH_PATH|DORMANT,8,1044,v0.2.0
before-after-slider,1.0.1,19,F,UNVERIFIED_PUBLISH_PATH|DORMANT|SINGLE_MAINTAINER,1,1043,v0.2.0
comfy.js,1.1.29,25,F,UNVERIFIED_PUBLISH_PATH|SINGLE_MAINTAINER,1,1035,v0.2.0
instafeed.js,2.1.0,25,F,UNVERIFIED_PUBLISH_PATH|SINGLE_MAINTAINER,1,1035,v0.2.0
'@wix/auto_sdk_bookings_catalog-search,1.0.18,30,F,UNVERIFIED_PUBLISH_PATH,12,1032,v0.2.0
vanillajs-scrollspy,3.0.8,19,F,UNVERIFIED_PUBLISH_PATH|DORMANT|SINGLE_MAINTAINER,1,1032,v0.2.0
'@fontsource/baskervville,5.2.9,71,B,,2,1026,v0.2.0
'@fontsource-variable/el-messiri,5.2.8,71,B,,2,1024,v0.2.0
'@fontsource-variable/noto-sans-hk,5.2.10,71,B,,2,1024,v0.2.0
nanogallery2,3.0.5,19,F,UNVERIFIED_PUBLISH_PATH|DORMANT|SINGLE_MAINTAINER,1,1023,v0.2.0
'@master/normal.css,3.3.1,81,B,,2,1021,v0.2.0
bootstrap4-tagsinput,4.1.3,14,F,UNVERIFIED_PUBLISH_PATH|DORMANT|SINGLE_MAINTAINER,1,1021,v0.2.0
jquery-filepond,1.0.0,10,F,UNVERIFIED_PUBLISH_PATH|DORMANT|SINGLE_MAINTAINER,1,1020,v0.2.0
priority-nav,1.0.14,25,F,UNVERIFIED_PUBLISH_PATH|SINGLE_MAINTAINER,1,1020,v0.2.0
'@vonage/ml-transformers,7.0.4,39,D,UNVERIFIED_PUBLISH_PATH,66,1018,v0.2.0
'@fontsource/lxgw-wenkai-tc,5.2.9,81,B,,2,1017,v0.2.0
'@68publishers/cookie-consent,1.4.1,39,D,UNVERIFIED_PUBLISH_PATH,2,1016,v0.2.0
'@fontsource/abhaya-libre,5.2.7,71,B,,2,1016,v0.2.0
hexo-theme-keep,4.3.0,25,F,UNVERIFIED_PUBLISH_PATH|SINGLE_MAINTAINER,1,1013,v0.2.0
jquery-storage-api,1.9.4,19,F,UNVERIFIED_PUBLISH_PATH|DORMANT|SINGLE_MAINTAINER|DEPRECATED,1,1013,v0.2.0
react-render-tracker,0.7.8,25,F,UNVERIFIED_PUBLISH_PATH|SINGLE_MAINTAINER,1,1013,v0.2.0
'@8thwall/engine-binary,1.0.0,39,D,UNVERIFIED_PUBLISH_PATH,2,1008,v0.2.0
'@fontsource/noto-sans-georgian,5.2.8,71,B,,2,1003,v0.2.0
leaflet-label,0.2.1-0,9,F,UNVERIFIED_PUBLISH_PATH|DORMANT|SINGLE_MAINTAINER|PUBLISHER_NOT_MAINTAINER,1,1000,v0.2.0
simple-icons-font,16.26.0,87,A,,4,1000,v0.2.0
'@blotoutio/providers-snapchat-sdk,1.63.3,25,F,UNVERIFIED_PUBLISH_PATH|SINGLE_MAINTAINER,1,999,v0.2.0
mutation-events,1.0.8,26,F,UNVERIFIED_PUBLISH_PATH|DORMANT|SINGLE_MAINTAINER,1,995,v0.2.0
'@placekit/autocomplete-js,2.2.1,33,F,UNVERIFIED_PUBLISH_PATH|DORMANT,2,992,v0.2.0
'@searchstax-inc/searchstudio-ux-js,4.2.19,35,D,UNVERIFIED_PUBLISH_PATH,4,991,v0.2.0
jquery-ui-slider,1.12.1,20,F,UNVERIFIED_PUBLISH_PATH|DORMANT|SINGLE_MAINTAINER,1,990,v0.2.0
'@feedmepos/mf-menu,0.32.60,30,F,UNVERIFIED_PUBLISH_PATH,3,987,v0.2.0
'@ongov/ontario-design-system-component-library,8.1.0,77,B,INCONSISTENT_PUBLISH_PATH,5,985,v0.2.0
aitu-app,1.0.3,21,F,UNVERIFIED_PUBLISH_PATH|SINGLE_MAINTAINER,1,983,v0.2.0
svelte-remixicon,2.10.0,25,F,UNVERIFIED_PUBLISH_PATH|SINGLE_MAINTAINER,1,983,v0.2.0
'@blotoutio/providers-reddit-sdk,1.63.3,25,F,UNVERIFIED_PUBLISH_PATH|SINGLE_MAINTAINER,1,982,v0.2.0
'@topvisor/ui,1.5.6,35,D,UNVERIFIED_PUBLISH_PATH,2,981,v0.2.0
'@wazo/sdk,0.49.2,72,B,INCONSISTENT_PUBLISH_PATH,4,981,v0.2.0
skrollr,0.6.26,9,F,UNVERIFIED_PUBLISH_PATH|DORMANT,0,981,v0.2.0
tailwind-scrollbar-daisyui,1.0.3,19,F,UNVERIFIED_PUBLISH_PATH|DORMANT|SINGLE_MAINTAINER,1,980,v0.2.0
'@cognigy/webchat,3.46.0,77,B,INCONSISTENT_PUBLISH_PATH|BRANCH_REQUIRES_PR,14,979,v0.2.0
'@fontsource/marck-script,5.2.8,71,B,,2,979,v0.2.0
'@fontsource-variable/exo,5.2.8,71,B,,2,978,v0.2.0
'@fontsource-variable/victor-mono,5.2.8,71,B,,2,976,v0.2.0
'@inlang/plugin-json,5.1.57,82,B,,2,973,v0.2.0
'@wix/auto_sdk_bookings_display-settings,1.0.8,30,F,UNVERIFIED_PUBLISH_PATH,12,973,v0.2.0
angularfire,2.3.0,28,F,UNVERIFIED_PUBLISH_PATH|DORMANT|PUBLISHER_NOT_MAINTAINER,4,970,v0.2.0
botui,1.1.3,19,F,UNVERIFIED_PUBLISH_PATH|DORMANT|SINGLE_MAINTAINER,1,970,v0.2.0
'@blotoutio/providers-bing-sdk,1.63.3,25,F,UNVERIFIED_PUBLISH_PATH|SINGLE_MAINTAINER,1,969,v0.2.0
flot-charts,0.8.3,19,F,UNVERIFIED_PUBLISH_PATH|DORMANT|SINGLE_MAINTAINER,1,969,v0.2.0
files.photo.gallery,0.15.3,25,F,UNVERIFIED_PUBLISH_PATH|SINGLE_MAINTAINER,1,968,v0.2.0
'@fontsource/quantico,5.2.7,71,B,,2,963,v0.2.0
eligrey-classlist-js-polyfill,1.2.20180112,19,F,UNVERIFIED_PUBLISH_PATH|DORMANT|SINGLE_MAINTAINER,1,961,v0.2.0
angular-debounce,1.1.1,19,F,UNVERIFIED_PUBLISH_PATH|DORMANT|SINGLE_MAINTAINER,1,956,v0.2.0
'@wix/auto_sdk_bookings_time-slots-configuration,1.0.3,30,F,UNVERIFIED_PUBLISH_PATH,12,955,v0.2.0
marketplacepos,6.29.1,21,F,UNVERIFIED_PUBLISH_PATH|SINGLE_MAINTAINER,1,954,v0.2.0
'@tripetto/runner-fabric,8.0.16,29,F,UNVERIFIED_PUBLISH_PATH|DORMANT,3,951,v0.2.0
'@digigov/css,2.4.2,30,F,UNVERIFIED_PUBLISH_PATH,5,950,v0.2.0
'@calumk/editorjs-codeflask,1.0.10,19,F,UNVERIFIED_PUBLISH_PATH|DORMANT|SINGLE_MAINTAINER|DEPRECATED,1,949,v0.2.0
lg-hash,1.0.4,19,F,UNVERIFIED_PUBLISH_PATH|DORMANT|SINGLE_MAINTAINER,1,948,v0.2.0
linearicons,1.0.2,19,F,UNVERIFIED_PUBLISH_PATH|DORMANT|SINGLE_MAINTAINER,1,948,v0.2.0
viewability,1.3.4,19,F,UNVERIFIED_PUBLISH_PATH|DORMANT|SINGLE_MAINTAINER,1,948,v0.2.0
markmap-autoloader,0.18.12,25,F,UNVERIFIED_PUBLISH_PATH|SINGLE_MAINTAINER,1,944,v0.2.0
vue3-flag-icons,0.1.5,25,F,UNVERIFIED_PUBLISH_PATH|SINGLE_MAINTAINER,1,944,v0.2.0
stomp-websocket,2.3.4-next,19,F,UNVERIFIED_PUBLISH_PATH|DORMANT|SINGLE_MAINTAINER,1,943,v0.2.0
formvalidation,0.6.2-dev,33,F,UNVERIFIED_PUBLISH_PATH|DORMANT,2,942,v0.2.0
vue-swal,1.0.0,14,F,UNVERIFIED_PUBLISH_PATH|DORMANT|SINGLE_MAINTAINER,1,942,v0.2.0
'@fontsource/cookie,5.2.7,71,B,,2,940,v0.2.0
'@goplayerzero/sdk-web,0.3.0,25,F,UNVERIFIED_PUBLISH_PATH|SINGLE_MAINTAINER,1,940,v0.2.0
'@wix/auto_sdk_bookings_related-products,1.0.1,30,F,UNVERIFIED_PUBLISH_PATH,12,940,v0.2.0
react-big-scheduler,0.2.7,19,F,UNVERIFIED_PUBLISH_PATH|DORMANT|SINGLE_MAINTAINER,1,940,v0.2.0
'@fontsource-variable/maven-pro,5.2.10,71,B,,2,938,v0.2.0
'@upscalerjs/esrgan-medium,1.0.0,20,F,UNVERIFIED_PUBLISH_PATH|SINGLE_MAINTAINER,1,936,v0.2.0
cordova-plugin-qrscanner,3.0.1,33,F,UNVERIFIED_PUBLISH_PATH|DORMANT,3,936,v0.2.0
'@ideal-postcodes/address-finder-bundled,5.0.8,40,D,UNVERIFIED_PUBLISH_PATH,2,935,v0.2.0
'@iconify-json/meteor-icons,1.2.2,21,F,UNVERIFIED_PUBLISH_PATH|SINGLE_MAINTAINER,1,934,v0.2.0
'@tripetto/runner,8.2.0,29,F,UNVERIFIED_PUBLISH_PATH|DORMANT,3,934,v0.2.0
ublaboo-datagrid,6.9.1,29,F,UNVERIFIED_PUBLISH_PATH|DORMANT|DEPRECATED,2,934,v0.2.0
'@getopenpay/openpay-js,0.5.25,35,D,UNVERIFIED_PUBLISH_PATH,3,933,v0.2.0
'@blotoutio/providers-google-ads-clicks-sdk,1.63.3,25,F,UNVERIFIED_PUBLISH_PATH|SINGLE_MAINTAINER,1,932,v0.2.0
'@mappedin/viewer,0.59.4,30,F,UNVERIFIED_PUBLISH_PATH,2,930,v0.2.0
'@capacitor-community/photoviewer,8.0.1,46,D,UNVERIFIED_PUBLISH_PATH,52,929,v0.2.0
qweather-icons,1.8.0,25,F,UNVERIFIED_PUBLISH_PATH|SINGLE_MAINTAINER,1,927,v0.2.0
'@webcreate/infinite-ajax-scroll,3.1.0,19,F,UNVERIFIED_PUBLISH_PATH|DORMANT|SINGLE_MAINTAINER,1,926,v0.2.0
ace,1.3.0,29,F,UNVERIFIED_PUBLISH_PATH|DORMANT,3,926,v0.2.0
scrollable-component,2.0.3,25,F,UNVERIFIED_PUBLISH_PATH|SINGLE_MAINTAINER,1,924,v0.2.0
'@tripetto/runner-autoscroll,9.0.2,35,D,UNVERIFIED_PUBLISH_PATH,3,920,v0.2.0
chinese-days,1.5.9,73,B,SINGLE_MAINTAINER,1,919,v0.2.0
sienna-accessibility,2.2.333,25,F,UNVERIFIED_PUBLISH_PATH|SINGLE_MAINTAINER,1,918,v0.2.0
'@wix/auto_sdk_bookings_bookings-settings,1.0.1,30,F,UNVERIFIED_PUBLISH_PATH,10,915,v0.2.0
vue-tinybox,1.3.0,9,F,UNVERIFIED_PUBLISH_PATH|DORMANT|SINGLE_MAINTAINER|PUBLISHER_NOT_MAINTAINER,1,914,v0.2.0
'@fontsource/catamaran,5.2.8,71,B,,2,913,v0.2.0
alpinejs-component,2.0.2,25,F,UNVERIFIED_PUBLISH_PATH|SINGLE_MAINTAINER,1,911,v0.2.0
'@fontsource/khand,5.2.8,71,B,,2,909,v0.2.0
'@hcaptcha/vanilla-hcaptcha,1.1.4,34,F,UNVERIFIED_PUBLISH_PATH,2,909,v0.2.0
neffos.js,0.1.34,19,F,UNVERIFIED_PUBLISH_PATH|DORMANT|SINGLE_MAINTAINER,1,909,v0.2.0
detect-external-link,2.0.1,19,F,UNVERIFIED_PUBLISH_PATH|DORMANT|SINGLE_MAINTAINER,1,908,v0.2.0
'@fontsource/noto-serif-georgian,5.2.9,71,B,,2,906,v0.2.0
css-skeletons,1.0.7,19,F,UNVERIFIED_PUBLISH_PATH|DORMANT|SINGLE_MAINTAINER,1,906,v0.2.0
'@fontsource/playpen-sans,5.2.8,71,B,,2,904,v0.2.0
'@streamroot/videojs-hlsjs-plugin,1.0.16,14,F,UNVERIFIED_PUBLISH_PATH|DORMANT|SINGLE_MAINTAINER|DEPRECATED,1,904,v0.2.0
bootstrap4-notify,4.0.3,19,F,UNVERIFIED_PUBLISH_PATH|DORMANT|SINGLE_MAINTAINER,1,903,v0.2.0
dynamsoft-capture-vision-std,1.4.21,10,F,UNVERIFIED_PUBLISH_PATH|DORMANT|SINGLE_MAINTAINER|DEPRECATED,1,903,v0.2.0
dynamsoft-image-processing,2.4.31,10,F,UNVERIFIED_PUBLISH_PATH|DORMANT|SINGLE_MAINTAINER|DEPRECATED,1,903,v0.2.0
'@fontsource/noto-sans-display,5.2.10,71,B,,2,899,v0.2.0
select-picker,0.3.2,19,F,UNVERIFIED_PUBLISH_PATH|DORMANT|SINGLE_MAINTAINER,1,899,v0.2.0
leaflet-iconlayers,0.2.0,19,F,UNVERIFIED_PUBLISH_PATH|DORMANT|SINGLE_MAINTAINER,1,898,v0.2.0
'@ip-location-db/geolite2-city-mmdb,2.3.2026061719,68,C,SINGLE_MAINTAINER,1,897,v0.2.0
bootstrap-utilities,4.1.3,14,F,UNVERIFIED_PUBLISH_PATH|DORMANT|SINGLE_MAINTAINER|DEPRECATED,1,896,v0.2.0
zebra_datepicker,2.2.0,19,F,UNVERIFIED_PUBLISH_PATH|DORMANT|SINGLE_MAINTAINER,1,895,v0.2.0
cooltipz-css,2.5.1,25,F,UNVERIFIED_PUBLISH_PATH|SINGLE_MAINTAINER,1,894,v0.2.0
kanbanniang,0.2.12,19,F,UNVERIFIED_PUBLISH_PATH|DORMANT|SINGLE_MAINTAINER,1,893,v0.2.0
statsig-sidecar,2.0.12,34,F,UNVERIFIED_PUBLISH_PATH|PUBLISHER_NOT_MAINTAINER,2,893,v0.2.0
fluid-player,3.59.0,39,D,UNVERIFIED_PUBLISH_PATH,4,892,v0.2.0
sceditor,3.2.1,31,F,UNVERIFIED_PUBLISH_PATH|SINGLE_MAINTAINER,1,891,v0.2.0
'@wavoip/wavoip-webphone,1.7.2,77,B,INCONSISTENT_PUBLISH_PATH,3,884,v0.2.0
'@iconify-json/wi,1.2.1,15,F,UNVERIFIED_PUBLISH_PATH|DORMANT|SINGLE_MAINTAINER,1,880,v0.2.0
alpinejs-i18n,2.5.3,20,F,UNVERIFIED_PUBLISH_PATH|SINGLE_MAINTAINER,1,877,v0.2.0
'@srexi/purecounterjs,1.5.0,25,F,UNVERIFIED_PUBLISH_PATH|DORMANT|SINGLE_MAINTAINER,1,875,v0.2.0
nw-style-guide,21.2.11,72,B,INCONSISTENT_PUBLISH_PATH,7,874,v0.2.0
table-sort-js,1.22.3,25,F,UNVERIFIED_PUBLISH_PATH|SINGLE_MAINTAINER,1,873,v0.2.0
'@fontsource-variable/shantell-sans,5.2.7,71,B,,2,872,v0.2.0
'@web-atoms/core,2.6.52,58,C,INCONSISTENT_PUBLISH_PATH|SINGLE_MAINTAINER,1,872,v0.2.0
lg-autoplay,1.2.1,19,F,UNVERIFIED_PUBLISH_PATH|DORMANT|SINGLE_MAINTAINER,1,872,v0.2.0
'@blotoutio/providers-google-analytics-4-sdk,1.63.3,25,F,UNVERIFIED_PUBLISH_PATH|SINGLE_MAINTAINER,1,870,v0.2.0
'@fontsource-variable/wix-madefor-text,5.2.8,71,B,,2,870,v0.2.0
strophejs-plugin-muc,1.1.0,33,F,UNVERIFIED_PUBLISH_PATH|DORMANT,4,870,v0.2.0
'@blotoutio/providers-tiktok-sdk,1.63.3,25,F,UNVERIFIED_PUBLISH_PATH|SINGLE_MAINTAINER,1,869,v0.2.0
geocomplete,1.7.0,33,F,UNVERIFIED_PUBLISH_PATH|DORMANT,6,869,v0.2.0
jssocials,1.5.0,19,F,UNVERIFIED_PUBLISH_PATH|DORMANT|SINGLE_MAINTAINER,1,869,v0.2.0
gridlex,2.7.1,19,F,UNVERIFIED_PUBLISH_PATH|DORMANT|SINGLE_MAINTAINER,1,868,v0.2.0
super-tiny-icons,0.6.0,19,F,UNVERIFIED_PUBLISH_PATH|DORMANT|SINGLE_MAINTAINER,1,865,v0.2.0
'@blotoutio/providers-twitter-sdk,1.63.3,25,F,UNVERIFIED_PUBLISH_PATH|SINGLE_MAINTAINER,1,862,v0.2.0
mailtoui,1.0.3,19,F,UNVERIFIED_PUBLISH_PATH|DORMANT|SINGLE_MAINTAINER,1,862,v0.2.0
'@grapecity/gcpdfviewer,7.2.3,24,F,UNVERIFIED_PUBLISH_PATH|DORMANT,2,861,v0.2.0
'@gouvfr/dsfr-chart,2.1.1,39,D,UNVERIFIED_PUBLISH_PATH,5,860,v0.2.0
'@orestbida/iframemanager,1.3.0,26,F,UNVERIFIED_PUBLISH_PATH|DORMANT|SINGLE_MAINTAINER,1,859,v0.2.0
youtube-background,1.1.8,19,F,UNVERIFIED_PUBLISH_PATH|DORMANT|SINGLE_MAINTAINER,1,858,v0.2.0
'@goongmaps/goong-js,1.0.9,33,F,UNVERIFIED_PUBLISH_PATH|DORMANT,2,855,v0.2.0
'@wiris/mathtype-tinymce6,8.15.2,27,F,UNVERIFIED_PUBLISH_PATH|SINGLE_MAINTAINER,1,855,v0.2.0
intercooler,1.2.4,19,F,UNVERIFIED_PUBLISH_PATH|DORMANT|SINGLE_MAINTAINER,1,854,v0.2.0
'@xiee/utils,1.14.69,73,B,SINGLE_MAINTAINER,1,852,v0.2.0
'@single-spa/import-map-injector,3.0.1,20,F,UNVERIFIED_PUBLISH_PATH|SINGLE_MAINTAINER,1,851,v0.2.0
'@magic-ext/auth,4.3.2,40,D,UNVERIFIED_PUBLISH_PATH|DORMANT|DEPRECATED,11,850,v0.2.0
'@hellotext/hellotext,2.4.53,39,D,UNVERIFIED_PUBLISH_PATH,2,847,v0.2.0
'@marcreichel/alpine-timeago,2.0.3,73,B,SINGLE_MAINTAINER,1,843,v0.2.0
vegas,3.0.0,25,F,UNVERIFIED_PUBLISH_PATH|SINGLE_MAINTAINER,1,843,v0.2.0
'@google/model-viewer-effects,1.5.0,39,D,UNVERIFIED_PUBLISH_PATH,3,842,v0.2.0
'@naturacosmeticos/natds-icons,1.34.1,46,D,UNVERIFIED_PUBLISH_PATH|BRANCH_REQUIRES_PR,10,838,v0.2.0
dynamsoft-label-recognizer,3.4.32,24,F,UNVERIFIED_PUBLISH_PATH|DORMANT|DEPRECATED,4,837,v0.2.0
materialize-stepper,3.1.0,19,F,UNVERIFIED_PUBLISH_PATH|DORMANT|SINGLE_MAINTAINER,1,837,v0.2.0
scrolltofixed,1.0.6,19,F,UNVERIFIED_PUBLISH_PATH|DORMANT|SINGLE_MAINTAINER,1,837,v0.2.0
bootstrap4-dialog,4.4.4,19,F,UNVERIFIED_PUBLISH_PATH|DORMANT|SINGLE_MAINTAINER,1,834,v0.2.0
franken-ui,2.1.2,25,F,UNVERIFIED_PUBLISH_PATH|SINGLE_MAINTAINER,1,834,v0.2.0
'@fontsource/m-plus-1p,5.2.9,71,B,,2,833,v0.2.0
jquery-resizable,1.0.6,19,F,UNVERIFIED_PUBLISH_PATH|DORMANT|SINGLE_MAINTAINER,1,832,v0.2.0
flowbite-icons,1.5.0,25,F,UNVERIFIED_PUBLISH_PATH|SINGLE_MAINTAINER,1,830,v0.2.0
jquery-creditcardvalidator,1.2.0,33,F,UNVERIFIED_PUBLISH_PATH|DORMANT,2,829,v0.2.0
jquery.autokana,1.0.0,19,F,UNVERIFIED_PUBLISH_PATH|DORMANT|SINGLE_MAINTAINER,1,829,v0.2.0
messenger-hubspot,1.5.0-b2,19,F,UNVERIFIED_PUBLISH_PATH|DORMANT|SINGLE_MAINTAINER,1,828,v0.2.0
videojs-logo,3.0.0,19,F,UNVERIFIED_PUBLISH_PATH|DORMANT|SINGLE_MAINTAINER,1,828,v0.2.0
'@arborium/rust,2.18.1,73,B,SINGLE_MAINTAINER,1,825,v0.2.0
'@cantinc/ui,0.3.16,39,D,UNVERIFIED_PUBLISH_PATH,2,823,v0.2.0
'@marcreichel/alpine-auto-animate,1.1.0,19,F,UNVERIFIED_PUBLISH_PATH|DORMANT|SINGLE_MAINTAINER,1,821,v0.2.0
smoothscroll-for-websites,1.5.1,19,F,UNVERIFIED_PUBLISH_PATH|DORMANT|SINGLE_MAINTAINER,1,821,v0.2.0
bulma-checkbox,1.2.1,19,F,UNVERIFIED_PUBLISH_PATH|DORMANT|SINGLE_MAINTAINER,1,816,v0.2.0
cocoen,3.2.0,19,F,UNVERIFIED_PUBLISH_PATH|DORMANT|SINGLE_MAINTAINER,1,813,v0.2.0
'@zendeskgarden/css-grid,0.1.39,26,F,UNVERIFIED_PUBLISH_PATH|DORMANT|SINGLE_MAINTAINER|DEPRECATED,1,810,v0.2.0
'@adrop/ads-web-sdk,1.2.5,35,D,UNVERIFIED_PUBLISH_PATH,4,808,v0.2.0
'@cybersource/flex-sdk-web,0.3.1,33,F,UNVERIFIED_PUBLISH_PATH|DORMANT,4,808,v0.2.0
'@mynaui/icons,0.4.11,73,B,SINGLE_MAINTAINER,1,806,v0.2.0
jquery-balloon-js,1.1.2,19,F,UNVERIFIED_PUBLISH_PATH|DORMANT|SINGLE_MAINTAINER,1,806,v0.2.0
'@ds-autonomie/assets,1.4.13,34,F,UNVERIFIED_PUBLISH_PATH,4,805,v0.2.0
chocolat,1.1.3,19,F,UNVERIFIED_PUBLISH_PATH|DORMANT|SINGLE_MAINTAINER,1,805,v0.2.0
'@fontsource/scheherazade-new,5.2.9,81,B,,2,802,v0.2.0
charter-webfont,4.1.0,33,F,UNVERIFIED_PUBLISH_PATH|DORMANT,2,802,v0.2.0
hideseek,0.8.0,19,F,UNVERIFIED_PUBLISH_PATH|DORMANT|SINGLE_MAINTAINER,1,801,v0.2.0
ldcover,3.5.6,25,F,UNVERIFIED_PUBLISH_PATH|SINGLE_MAINTAINER,1,801,v0.2.0
'@fontsource-variable/noto-nastaliq-urdu,5.2.8,71,B,,2,798,v0.2.0
'@fontsource/stix-two-math,5.2.1,81,B,,2,796,v0.2.0
xzoom,1.0.15,19,F,UNVERIFIED_PUBLISH_PATH|DORMANT|SINGLE_MAINTAINER,1,796,v0.2.0
'@exceptionless/browser,3.2.1,87,A,,2,794,v0.2.0
'@goongmaps/goong-geocoder,1.1.1,29,F,UNVERIFIED_PUBLISH_PATH|DORMANT,2,793,v0.2.0
'@fontsource/lobster-two,5.2.8,71,B,,2,792,v0.2.0
'@fontsource/biryani,5.2.8,71,B,,2,791,v0.2.0
'@jspreadsheet/bar,7.0.2,25,F,UNVERIFIED_PUBLISH_PATH|SINGLE_MAINTAINER,1,791,v0.2.0
form-data-json-convert,3.0.1,20,F,UNVERIFIED_PUBLISH_PATH|SINGLE_MAINTAINER,1,787,v0.2.0
'@fontsource/coming-soon,5.2.8,71,B,,2,786,v0.2.0
deep-chat-dev,9.0.371,25,F,UNVERIFIED_PUBLISH_PATH|SINGLE_MAINTAINER,1,786,v0.2.0
docsify-themeable,0.9.0,19,F,UNVERIFIED_PUBLISH_PATH|DORMANT|SINGLE_MAINTAINER,1,783,v0.2.0
jquery.event.swipe,0.5.4,15,F,UNVERIFIED_PUBLISH_PATH|DORMANT|SINGLE_MAINTAINER,1,783,v0.2.0
'@fontsource/amaranth,5.2.8,71,B,,2,782,v0.2.0
'@central-icons-react-native/square-outlined-radius-0-stroke-1,1.1.296,21,F,UNVERIFIED_PUBLISH_PATH|SINGLE_MAINTAINER,1,781,v0.2.0
ityped,1.0.3,15,F,UNVERIFIED_PUBLISH_PATH|DORMANT|SINGLE_MAINTAINER,1,781,v0.2.0
aubiojs,0.2.1,15,F,UNVERIFIED_PUBLISH_PATH|DORMANT|SINGLE_MAINTAINER,1,780,v0.2.0
jvectormap-content,0.2.0,25,F,UNVERIFIED_PUBLISH_PATH|SINGLE_MAINTAINER,1,780,v0.2.0
'@fontsource/shippori-mincho-b1,5.2.8,71,B,,2,779,v0.2.0
izimodal,1.6.1,19,F,UNVERIFIED_PUBLISH_PATH|DORMANT|SINGLE_MAINTAINER,1,778,v0.2.0
timecircles,1.5.3,15,F,UNVERIFIED_PUBLISH_PATH|DORMANT|SINGLE_MAINTAINER,1,776,v0.2.0
'@fengyuanchen/datepicker,0.6.5,19,F,UNVERIFIED_PUBLISH_PATH|DORMANT|SINGLE_MAINTAINER|DEPRECATED,1,775,v0.2.0
survey-vue-ui,1.12.63,34,F,UNVERIFIED_PUBLISH_PATH,2,774,v0.2.0
jquery-templates,1.0.0,19,F,UNVERIFIED_PUBLISH_PATH|DORMANT|SINGLE_MAINTAINER,1,772,v0.2.0
highcharts-annotations,1.3.3,19,F,UNVERIFIED_PUBLISH_PATH|DORMANT|SINGLE_MAINTAINER,1,769,v0.2.0
igniteui-angular-spreadsheet,22.0.1,16,F,UNVERIFIED_PUBLISH_PATH|SINGLE_MAINTAINER,1,769,v0.2.0
hotel-datepicker,4.13.0,25,F,UNVERIFIED_PUBLISH_PATH|SINGLE_MAINTAINER,1,766,v0.2.0
'@fontsource/philosopher,5.2.8,71,B,,2,765,v0.2.0
'@expo-google-fonts/teko,0.4.1,39,D,UNVERIFIED_PUBLISH_PATH,4,763,v0.2.0
lite-vimeo-embed,0.3.0,51,C,DORMANT|SINGLE_MAINTAINER,1,763,v0.2.0
'@flowjs/fusty-flow.js,1.2.0,28,F,UNVERIFIED_PUBLISH_PATH|DORMANT|PUBLISHER_NOT_MAINTAINER,3,760,v0.2.0
'@fontsource-variable/playfair,5.2.8,71,B,,2,760,v0.2.0
flexmasonry,0.2.3,15,F,UNVERIFIED_PUBLISH_PATH|DORMANT|SINGLE_MAINTAINER,1,758,v0.2.0
ab-datepicker,2.1.19,19,F,UNVERIFIED_PUBLISH_PATH|DORMANT|SINGLE_MAINTAINER,1,757,v0.2.0
bulma-carousel,4.0.24,28,F,UNVERIFIED_PUBLISH_PATH|DORMANT|PUBLISHER_NOT_MAINTAINER|DEPRECATED,2,755,v0.2.0
cn-fontsource-lxgw-wen-kai-gb-screen,1.0.6,19,F,UNVERIFIED_PUBLISH_PATH|DORMANT|SINGLE_MAINTAINER,1,752,v0.2.0
imjoy-rpc,0.5.59,14,F,UNVERIFIED_PUBLISH_PATH|DORMANT|SINGLE_MAINTAINER,1,751,v0.2.0
'@fontsource/lustria,5.2.8,71,B,,2,749,v0.2.0
'@shopify/buy-button-js,3.0.6,78,B,,6,748,v0.2.0
trunk8,0.0.1,33,F,UNVERIFIED_PUBLISH_PATH|DORMANT,2,747,v0.2.0
'@fontsource-variable/anybody,5.2.7,71,B,,2,746,v0.2.0
'@fontsource/biz-udgothic,5.2.7,71,B,,2,746,v0.2.0
scandit-web-datacapture-id,6.28.11,35,D,UNVERIFIED_PUBLISH_PATH,4,746,v0.2.0
'@adobe/helix-rum-enhancer,2.49.0,87,A,,31,745,v0.2.0
'@fontsource/forum,5.2.8,71,B,,2,744,v0.2.0
'@jitbit/htmlsanitizer,2.0.4,25,F,UNVERIFIED_PUBLISH_PATH|SINGLE_MAINTAINER,1,744,v0.2.0
fancygrid,1.7.180,19,F,UNVERIFIED_PUBLISH_PATH|DORMANT|SINGLE_MAINTAINER,1,742,v0.2.0
pseudocode,2.4.1,19,F,UNVERIFIED_PUBLISH_PATH|DORMANT|SINGLE_MAINTAINER,1,742,v0.2.0
'@fontsource/delicious-handrawn,5.2.8,71,B,,2,740,v0.2.0
curtainsjs,8.1.6,19,F,UNVERIFIED_PUBLISH_PATH|DORMANT|SINGLE_MAINTAINER,1,740,v0.2.0
noto-sans-jp,52.0.0,19,F,UNVERIFIED_PUBLISH_PATH|DORMANT|SINGLE_MAINTAINER,1,738,v0.2.0
'@liner-fe/design-token,4.0.1,30,F,UNVERIFIED_PUBLISH_PATH,2,736,v0.2.0
tify,0.35.0,39,D,UNVERIFIED_PUBLISH_PATH,2,734,v0.2.0
'@central-icons-react-native/square-filled-radius-0-stroke-2,1.1.296,21,F,UNVERIFIED_PUBLISH_PATH|SINGLE_MAINTAINER,1,733,v0.2.0
'@linways/table-to-excel,1.0.4,19,F,UNVERIFIED_PUBLISH_PATH|DORMANT|SINGLE_MAINTAINER,1,728,v0.2.0
persian-datepicker,1.2.0,19,F,UNVERIFIED_PUBLISH_PATH|DORMANT|SINGLE_MAINTAINER,1,728,v0.2.0
'@fontsource-variable/hepta-slab,5.2.8,71,B,,2,727,v0.2.0
ti-icons,0.1.2,19,F,UNVERIFIED_PUBLISH_PATH|DORMANT|SINGLE_MAINTAINER,1,726,v0.2.0
'@algolia/recommend-js,1.16.0,28,F,UNVERIFIED_PUBLISH_PATH|DORMANT,16,725,v0.2.0
'@ukho/admiralty-core,5.7.0,94,A,,3,723,v0.2.0
'@fontsource/unifrakturmaguntia,5.2.8,71,B,,2,722,v0.2.0
'@dynamic-framework/ui-react,2.7.0,70,B,INCONSISTENT_PUBLISH_PATH|SINGLE_MAINTAINER,1,721,v0.2.0
vazir-font,30.1.0,19,F,UNVERIFIED_PUBLISH_PATH|DORMANT|SINGLE_MAINTAINER|DEPRECATED,1,721,v0.2.0
dynamsoft-capture-vision-bundle,3.4.3000,16,F,UNVERIFIED_PUBLISH_PATH|SINGLE_MAINTAINER,1,719,v0.2.0
theia-sticky-sidebar,2.0.0,25,F,UNVERIFIED_PUBLISH_PATH|SINGLE_MAINTAINER,1,716,v0.2.0
tilt.js,1.2.1,19,F,UNVERIFIED_PUBLISH_PATH|DORMANT|SINGLE_MAINTAINER,1,716,v0.2.0
'@plainsheet/core,1.0.1,16,F,UNVERIFIED_PUBLISH_PATH|SINGLE_MAINTAINER,1,715,v0.2.0
'@webitel/api-services,0.1.53,77,B,INCONSISTENT_PUBLISH_PATH,3,715,v0.2.0
jquery-powertip,1.3.2,19,F,UNVERIFIED_PUBLISH_PATH|DORMANT|SINGLE_MAINTAINER,1,714,v0.2.0
'@slightlyoff/lite-vimeo,0.1.4,25,F,UNVERIFIED_PUBLISH_PATH|SINGLE_MAINTAINER,1,713,v0.2.0
'@fontsource/graduate,5.2.7,71,B,,2,711,v0.2.0
exit-intent-js,1.2.0,25,F,UNVERIFIED_PUBLISH_PATH|SINGLE_MAINTAINER,1,710,v0.2.0
'@fontsource/corinthia,5.2.8,71,B,,2,709,v0.2.0
'@fontsource/syncopate,5.2.8,71,B,,2,708,v0.2.0
'@veltdev/sdk,6.0.0-beta.12,35,D,UNVERIFIED_PUBLISH_PATH,6,708,v0.2.0
shareon,2.8.1,58,C,INCONSISTENT_PUBLISH_PATH|SINGLE_MAINTAINER,1,707,v0.2.0
'@trimbleinc/modus-bootstrap,1.6.4,29,F,UNVERIFIED_PUBLISH_PATH|DORMANT,3,702,v0.2.0
c2pa-wc,0.14.17,45,D,UNVERIFIED_PUBLISH_PATH,3,702,v0.2.0
connectycube,6.3.0,35,D,UNVERIFIED_PUBLISH_PATH,2,702,v0.2.0
lg-share,1.2.1,19,F,UNVERIFIED_PUBLISH_PATH|DORMANT|SINGLE_MAINTAINER,1,701,v0.2.0
artalk,2.9.1,20,F,UNVERIFIED_PUBLISH_PATH|DORMANT|SINGLE_MAINTAINER,1,700,v0.2.0
'@db-ui/core,3.3.7,89,A,,4,699,v0.2.0
'@fontsource/gantari,5.2.8,71,B,,2,699,v0.2.0
wordgard,0.3.1,21,F,UNVERIFIED_PUBLISH_PATH|SINGLE_MAINTAINER,1,699,v0.2.0
taos,2.0.1,25,F,UNVERIFIED_PUBLISH_PATH|SINGLE_MAINTAINER,1,696,v0.2.0
'@fontsource/cactus-classical-serif,5.2.14,81,B,,2,695,v0.2.0
'@fontsource/cooper-hewitt,5.2.5,71,B,,2,694,v0.2.0
colresizable,1.6.0,15,F,UNVERIFIED_PUBLISH_PATH|DORMANT|SINGLE_MAINTAINER,1,693,v0.2.0
'@fontsource/sn-pro,5.2.6,81,B,,2,691,v0.2.0
'@recogito/annotorious-better-polygon,0.2.0,33,F,UNVERIFIED_PUBLISH_PATH|DORMANT,3,691,v0.2.0
'@ungap/has-own,0.1.1,19,F,UNVERIFIED_PUBLISH_PATH|DORMANT|SINGLE_MAINTAINER,1,690,v0.2.0
'@micropython/micropython-webassembly-pyscript,1.28.0-6,20,F,UNVERIFIED_PUBLISH_PATH|SINGLE_MAINTAINER,1,689,v0.2.0
'@algolia/advanced-personalization,0.0.1-alpha.45,87,A,,16,688,v0.2.0
'@dynamic-mockups/mockup-editor-sdk,1.1.52,39,D,UNVERIFIED_PUBLISH_PATH,2,686,v0.2.0
'@fontsource/averia-serif-libre,5.2.7,71,B,,2,686,v0.2.0
twemoji-colr-font,15.0.3,19,F,UNVERIFIED_PUBLISH_PATH|DORMANT|SINGLE_MAINTAINER|DEPRECATED,1,686,v0.2.0
dynamsoft-capture-vision-data,1.2.1,16,F,UNVERIFIED_PUBLISH_PATH|SINGLE_MAINTAINER,1,685,v0.2.0
load-awesome,1.1.0,19,F,UNVERIFIED_PUBLISH_PATH|DORMANT|SINGLE_MAINTAINER,1,682,v0.2.0
browselucide,1.0.3,21,F,UNVERIFIED_PUBLISH_PATH|SINGLE_MAINTAINER,1,681,v0.2.0
farbstastic,1.3.0,15,F,UNVERIFIED_PUBLISH_PATH|DORMANT|SINGLE_MAINTAINER,1,681,v0.2.0
bulma-accordion,2.0.1,14,F,UNVERIFIED_PUBLISH_PATH|DORMANT|SINGLE_MAINTAINER|PUBLISHER_NOT_MAINTAINER|DEPRECATED,1,677,v0.2.0
red5pro-webrtc-sdk,15.5.0,63,C,INCONSISTENT_PUBLISH_PATH|SINGLE_MAINTAINER,1,677,v0.2.0
jquery.finger,0.1.6,19,F,UNVERIFIED_PUBLISH_PATH|DORMANT|SINGLE_MAINTAINER,1,670,v0.2.0
social-likes-next,1.1.0,19,F,UNVERIFIED_PUBLISH_PATH|DORMANT|SINGLE_MAINTAINER,1,670,v0.2.0
'@event-calendar/build,5.10.0,25,F,UNVERIFIED_PUBLISH_PATH|SINGLE_MAINTAINER,1,669,v0.2.0
'@fontsource-variable/archivo-narrow,5.2.8,71,B,,2,669,v0.2.0
'@bamirorg/core-assets-0fadfa228,1.13.0,16,F,UNVERIFIED_PUBLISH_PATH|SINGLE_MAINTAINER,1,668,v0.2.0
'@qratilabs/qrati-connect,2.27.2,25,F,UNVERIFIED_PUBLISH_PATH|SINGLE_MAINTAINER,1,668,v0.2.0
bootstrap4c-chosen,1.1.1,19,F,UNVERIFIED_PUBLISH_PATH|DORMANT|SINGLE_MAINTAINER,1,667,v0.2.0
jquery-ui-iconfont,2.3.2,19,F,UNVERIFIED_PUBLISH_PATH|DORMANT|SINGLE_MAINTAINER,1,667,v0.2.0
'@fontsource-variable/teko,5.2.7,71,B,,2,666,v0.2.0
'@iconify-json/jam,1.2.3,21,F,UNVERIFIED_PUBLISH_PATH|SINGLE_MAINTAINER,1,665,v0.2.0
bootstrap-additions,0.3.1,19,F,UNVERIFIED_PUBLISH_PATH|DORMANT|SINGLE_MAINTAINER,1,664,v0.2.0
tobii,2.0.0-alpha,33,F,UNVERIFIED_PUBLISH_PATH|DORMANT,2,664,v0.2.0
'@fontsource/reddit-sans,5.2.7,71,B,,2,662,v0.2.0
'@fontsource/volkhov,5.2.8,71,B,,2,662,v0.2.0
rpg-awesome,0.2.0,19,F,UNVERIFIED_PUBLISH_PATH|DORMANT|SINGLE_MAINTAINER,1,662,v0.2.0
seamless,1.4.1,15,F,UNVERIFIED_PUBLISH_PATH|DORMANT|SINGLE_MAINTAINER,1,662,v0.2.0
powered-ad-config,0.1.107,35,D,UNVERIFIED_PUBLISH_PATH,2,660,v0.2.0
simplycountdown.js,3.0.1,19,F,UNVERIFIED_PUBLISH_PATH|DORMANT|SINGLE_MAINTAINER,1,660,v0.2.0
'@svgdotjs/svg.topath.js,2.0.3,33,F,UNVERIFIED_PUBLISH_PATH|DORMANT,2,658,v0.2.0
classroomduck,1.0.77,16,F,UNVERIFIED_PUBLISH_PATH|SINGLE_MAINTAINER,1,658,v0.2.0
'@fontsource-variable/noto-serif-display,5.2.9,71,B,,2,657,v0.2.0
'@maveio/components,0.0.182,79,B,SINGLE_MAINTAINER,1,657,v0.2.0
'@fontsource/signika,5.2.8,71,B,,2,656,v0.2.0
'@fontsource/unifrakturcook,5.2.8,71,B,,2,656,v0.2.0
browser-tool,1.3.4,25,F,UNVERIFIED_PUBLISH_PATH|SINGLE_MAINTAINER,1,655,v0.2.0
'@fontsource/gfs-didot,5.2.8,71,B,,2,653,v0.2.0
angular-libphonenumber,1.1.0,19,F,UNVERIFIED_PUBLISH_PATH|DORMANT|SINGLE_MAINTAINER,1,653,v0.2.0
'@fontsource/special-gothic-expanded-one,5.2.3,71,B,,2,652,v0.2.0
'@fontsource-variable/anek-latin,5.2.7,71,B,,2,650,v0.2.0
'@justeattakeaway/pie-icons,5.29.1,46,D,UNVERIFIED_PUBLISH_PATH,10,650,v0.2.0
timezone-picker,2.0.0-1,19,F,UNVERIFIED_PUBLISH_PATH|DORMANT|SINGLE_MAINTAINER,1,650,v0.2.0
'@meetelise/chat,1.49.1,39,D,UNVERIFIED_PUBLISH_PATH,7,648,v0.2.0
'@fontsource/chewy,5.2.7,71,B,,2,647,v0.2.0
'@usesuperflow/toolbar,1.0.178,35,D,UNVERIFIED_PUBLISH_PATH,7,647,v0.2.0
'@b9g/crank,0.7.9,63,C,INCONSISTENT_PUBLISH_PATH|SINGLE_MAINTAINER,1,646,v0.2.0
'@flussonic/flussonic-webrtc-player,24.7.1-10-g016867a,16,F,UNVERIFIED_PUBLISH_PATH|SINGLE_MAINTAINER,1,646,v0.2.0
'@cumul.io/cumulio-dashboard,4.0.1,5,F,UNVERIFIED_PUBLISH_PATH|DORMANT|SINGLE_MAINTAINER|PUBLISHER_NOT_MAINTAINER|DEPRECATED,1,645,v0.2.0
'@eox/ui,1.1.0,87,A,,5,645,v0.2.0
luna-object-viewer,0.3.2,25,F,UNVERIFIED_PUBLISH_PATH|SINGLE_MAINTAINER,1,644,v0.2.0
preloadjs,1.0.1,33,F,UNVERIFIED_PUBLISH_PATH|DORMANT,2,644,v0.2.0
'@fontsource/lalezar,5.2.7,71,B,,2,643,v0.2.0
ibp-max,3.1.36,16,F,UNVERIFIED_PUBLISH_PATH|SINGLE_MAINTAINER,1,643,v0.2.0
'@wix/auto_sdk_events_ticket-definitions-v-2,1.0.120,30,F,UNVERIFIED_PUBLISH_PATH,12,642,v0.2.0
flot-spline,0.0.1,14,F,UNVERIFIED_PUBLISH_PATH|DORMANT|SINGLE_MAINTAINER,1,642,v0.2.0
mergn-webapp-sdk,1.0.280,35,D,UNVERIFIED_PUBLISH_PATH,4,642,v0.2.0
'@fontsource/changa-one,5.2.8,71,B,,2,640,v0.2.0
lt-themify-icons,1.1.0,14,F,UNVERIFIED_PUBLISH_PATH|DORMANT|SINGLE_MAINTAINER|PUBLISHER_NOT_MAINTAINER,1,639,v0.2.0
'@ds-autonomie/web-components,2.22.2,30,F,UNVERIFIED_PUBLISH_PATH,4,638,v0.2.0
'@fontsource-variable/kumbh-sans,5.2.7,71,B,,2,638,v0.2.0
particlesjs,2.2.3,19,F,UNVERIFIED_PUBLISH_PATH|DORMANT|SINGLE_MAINTAINER,1,638,v0.2.0
'@blotoutio/providers-smblead-sdk,1.63.3,25,F,UNVERIFIED_PUBLISH_PATH|SINGLE_MAINTAINER,1,636,v0.2.0
'@fontsource/istok-web,5.2.8,71,B,,2,635,v0.2.0
'@moveo-ai/web-client,0.107.0,39,D,UNVERIFIED_PUBLISH_PATH,3,634,v0.2.0
'@fontsource/oooh-baby,5.2.7,71,B,,2,631,v0.2.0
'@blotoutio/providers-app-lovin-sdk,1.63.3,25,F,UNVERIFIED_PUBLISH_PATH|SINGLE_MAINTAINER,1,630,v0.2.0
tb-skeleton,0.3.6,19,F,UNVERIFIED_PUBLISH_PATH|DORMANT|SINGLE_MAINTAINER,1,630,v0.2.0
'@mekari/pixel-reset,0.2.1,24,F,UNVERIFIED_PUBLISH_PATH|DORMANT,8,629,v0.2.0
'@snippyly/plugin,1.0.246,35,D,UNVERIFIED_PUBLISH_PATH,2,629,v0.2.0
'@blotoutio/providers-customers-ai-sdk,1.63.3,25,F,UNVERIFIED_PUBLISH_PATH|SINGLE_MAINTAINER,1,626,v0.2.0
pagedone,3.0.0,25,F,UNVERIFIED_PUBLISH_PATH|SINGLE_MAINTAINER,1,625,v0.2.0
easydropdown,4.2.0,19,F,UNVERIFIED_PUBLISH_PATH|DORMANT|SINGLE_MAINTAINER,1,623,v0.2.0
'@alpine-collective/toolkit-scroll,1.0.2,15,F,UNVERIFIED_PUBLISH_PATH|DORMANT|SINGLE_MAINTAINER,1,621,v0.2.0
'@biopassid/face-sdk,1.3.46,39,D,UNVERIFIED_PUBLISH_PATH,6,621,v0.2.0
'@wix/auto_sdk_events_forms,1.0.99,30,F,UNVERIFIED_PUBLISH_PATH,12,621,v0.2.0
jquery.idle,1.3.0,19,F,UNVERIFIED_PUBLISH_PATH|DORMANT|SINGLE_MAINTAINER,1,621,v0.2.0
'@finsweet/attributes-cmsfilter,1.16.3,28,F,UNVERIFIED_PUBLISH_PATH|DORMANT|BRANCH_REQUIRES_PR,2,620,v0.2.0
'@peculiar/fortify-webcomponents,4.2.0,39,D,UNVERIFIED_PUBLISH_PATH,7,620,v0.2.0
miam-injector,1.47.14,30,F,UNVERIFIED_PUBLISH_PATH,3,620,v0.2.0
'@fontsource/ibm-plex-sans-thai-looped,5.2.8,71,B,,2,619,v0.2.0
'@minimal-analytics/ga4,1.8.7,19,F,UNVERIFIED_PUBLISH_PATH|DORMANT|SINGLE_MAINTAINER,1,618,v0.2.0
analytics-client,3.2.0,58,C,INCONSISTENT_PUBLISH_PATH|SINGLE_MAINTAINER,1,618,v0.2.0
'@sfpy/atoms,0.3.7,16,F,UNVERIFIED_PUBLISH_PATH|SINGLE_MAINTAINER,1,617,v0.2.0
sas-ui,0.8.277,21,F,UNVERIFIED_PUBLISH_PATH|SINGLE_MAINTAINER,1,617,v0.2.0
simple-jscalendar,1.4.5,19,F,UNVERIFIED_PUBLISH_PATH|DORMANT|SINGLE_MAINTAINER,1,617,v0.2.0
videojs-resolution-switcher,0.4.2,19,F,UNVERIFIED_PUBLISH_PATH|DORMANT|SINGLE_MAINTAINER,1,617,v0.2.0
lightbox3,1.2.1,25,F,UNVERIFIED_PUBLISH_PATH|SINGLE_MAINTAINER,1,616,v0.2.0
'@fontsource/afacad,5.2.10,71,B,,2,615,v0.2.0
live2d-widget,3.1.4,33,F,UNVERIFIED_PUBLISH_PATH|DORMANT,2,615,v0.2.0
'@inkeep/cxkit-js,0.5.119,34,F,UNVERIFIED_PUBLISH_PATH,7,614,v0.2.0
'@vouchfor/uikit,7.5.0,33,F,UNVERIFIED_PUBLISH_PATH|DORMANT,5,614,v0.2.0
winwheel,1.0.1,19,F,UNVERIFIED_PUBLISH_PATH|DORMANT|SINGLE_MAINTAINER,1,614,v0.2.0
icofont,1.0.0,19,F,UNVERIFIED_PUBLISH_PATH|DORMANT|SINGLE_MAINTAINER,1,611,v0.2.0
lazyloadxt,1.1.0,19,F,UNVERIFIED_PUBLISH_PATH|DORMANT|SINGLE_MAINTAINER,1,611,v0.2.0
'@wix/auto_sdk_events_guests,1.0.60,30,F,UNVERIFIED_PUBLISH_PATH,12,610,v0.2.0
'@d-i-t-a/reader,2.5.3,38,D,UNVERIFIED_PUBLISH_PATH|SINGLE_MAINTAINER,1,609,v0.2.0
respimage,1.4.2,19,F,UNVERIFIED_PUBLISH_PATH|DORMANT|SINGLE_MAINTAINER,1,609,v0.2.0
'@fontsource-variable/museomoderno,5.2.9,71,B,,2,608,v0.2.0
videojs-contrib-hls.js,3.2.0,19,F,UNVERIFIED_PUBLISH_PATH|DORMANT|SINGLE_MAINTAINER,1,608,v0.2.0
d3-celestial,0.7.35,19,F,UNVERIFIED_PUBLISH_PATH|DORMANT|SINGLE_MAINTAINER,1,605,v0.2.0
hexo-math,5.0.0,33,F,UNVERIFIED_PUBLISH_PATH|DORMANT,4,605,v0.2.0
cropme,1.4.3,33,F,UNVERIFIED_PUBLISH_PATH|DORMANT,2,604,v0.2.0
stacktable.js,1.0.3,19,F,UNVERIFIED_PUBLISH_PATH|DORMANT|SINGLE_MAINTAINER,1,604,v0.2.0
'@fontsource-variable/sn-pro,5.2.1,81,B,,2,603,v0.2.0
evil-icons,1.10.1,19,F,UNVERIFIED_PUBLISH_PATH|DORMANT|SINGLE_MAINTAINER,1,603,v0.2.0
bootstrap-tabcollapse,0.2.6,19,F,UNVERIFIED_PUBLISH_PATH|DORMANT|SINGLE_MAINTAINER,1,602,v0.2.0
jquery.tabbable,1.0.1,19,F,UNVERIFIED_PUBLISH_PATH|DORMANT|SINGLE_MAINTAINER,1,601,v0.2.0
'@fontsource/gilda-display,5.2.8,71,B,,2,600,v0.2.0
'@fontsource-variable/grenze-gotisch,5.2.8,71,B,,2,599,v0.2.0
'@wisdomgarden/mobile-assets,0.0.79,87,A,,7,599,v0.2.0
cn-fontsource-source-han-serif-sc-vf,1.0.9,19,F,UNVERIFIED_PUBLISH_PATH|DORMANT|SINGLE_MAINTAINER,1,599,v0.2.0
jquery-parallax.js,1.5.0,33,F,UNVERIFIED_PUBLISH_PATH|DORMANT,2,597,v0.2.0
fluentui-emoji,1.3.0,25,F,UNVERIFIED_PUBLISH_PATH|SINGLE_MAINTAINER,1,596,v0.2.0
font-kopub,1.0.2,19,F,UNVERIFIED_PUBLISH_PATH|DORMANT|SINGLE_MAINTAINER,1,596,v0.2.0
html5-boilerplate,9.0.1,19,F,UNVERIFIED_PUBLISH_PATH|DORMANT|SINGLE_MAINTAINER,1,596,v0.2.0
lume,0.3.0-alpha.46,25,F,UNVERIFIED_PUBLISH_PATH|SINGLE_MAINTAINER,1,596,v0.2.0
'@fontsource/bree-serif,5.2.8,71,B,,2,595,v0.2.0
'@wix/auto_sdk_events_wix-events-v-2,1.0.103,30,F,UNVERIFIED_PUBLISH_PATH,12,595,v0.2.0
usal,2.0.0,25,F,UNVERIFIED_PUBLISH_PATH|SINGLE_MAINTAINER,1,594,v0.2.0
'@hasna/connectors,1.3.42,26,F,UNVERIFIED_PUBLISH_PATH|SINGLE_MAINTAINER,1,593,v0.2.0
jcarousel,0.3.9,19,F,UNVERIFIED_PUBLISH_PATH|DORMANT|SINGLE_MAINTAINER,1,593,v0.2.0
jqdoublescroll,1.0.0,19,F,UNVERIFIED_PUBLISH_PATH|DORMANT|SINGLE_MAINTAINER,1,592,v0.2.0
'@fortawesome/fa-icon-chooser,0.11.0,87,A,,8,591,v0.2.0
'@tannerhodges/match-height,1.1.3,19,F,UNVERIFIED_PUBLISH_PATH|DORMANT|SINGLE_MAINTAINER,1,591,v0.2.0
reseter.css,2.0.0,14,F,UNVERIFIED_PUBLISH_PATH|DORMANT|SINGLE_MAINTAINER|PUBLISHER_NOT_MAINTAINER,1,591,v0.2.0
'@fontsource/rock-salt,5.2.8,71,B,,2,590,v0.2.0
datatables.net-colresize-unofficial,2.0.0,25,F,UNVERIFIED_PUBLISH_PATH|SINGLE_MAINTAINER,1,590,v0.2.0
'@bullhorn/bullhorn-icons,3.2.0,39,D,UNVERIFIED_PUBLISH_PATH,10,589,v0.2.0
'@epigraph/solutions,1.12.1,35,D,UNVERIFIED_PUBLISH_PATH,4,589,v0.2.0
'@esm-bundle/rxjs,7.8.1,33,F,UNVERIFIED_PUBLISH_PATH|DORMANT,6,589,v0.2.0
'@fontsource/kaisei-opti,5.2.8,71,B,,2,589,v0.2.0
'@dashboardcode/bsmultiselect,1.1.18,19,F,UNVERIFIED_PUBLISH_PATH|DORMANT|SINGLE_MAINTAINER,1,588,v0.2.0
priority-plus,1.5.1,19,F,UNVERIFIED_PUBLISH_PATH|DORMANT|SINGLE_MAINTAINER,1,588,v0.2.0
flickr-justified-gallery,2.2.0,19,F,UNVERIFIED_PUBLISH_PATH|DORMANT|SINGLE_MAINTAINER,1,587,v0.2.0
'@luminai-platform/rrweb-plugin-console-record,2.0.16,45,D,UNVERIFIED_PUBLISH_PATH,2,586,v0.2.0
'@miso.ai/client-sdk,1.13.1,87,A,,2,586,v0.2.0
'@fontsource/mitr,5.2.8,71,B,,2,585,v0.2.0
'@fontsource/zain,5.2.8,71,B,,2,585,v0.2.0
jquery-scrollify,1.0.21,19,F,UNVERIFIED_PUBLISH_PATH|DORMANT|SINGLE_MAINTAINER,1,584,v0.2.0
lightcase,2.5.0,19,F,UNVERIFIED_PUBLISH_PATH|DORMANT|SINGLE_MAINTAINER,1,584,v0.2.0
'@myparcel/sdk,4.4.2,46,D,UNVERIFIED_PUBLISH_PATH|DEPRECATED,3,583,v0.2.0
turn.js,1.0.5,19,F,UNVERIFIED_PUBLISH_PATH|DORMANT|SINGLE_MAINTAINER,1,583,v0.2.0
'@fontsource-variable/encode-sans,5.2.8,71,B,,2,582,v0.2.0
vue-pop-colorpicker,1.0.2,19,F,UNVERIFIED_PUBLISH_PATH|DORMANT|SINGLE_MAINTAINER,1,582,v0.2.0
'@blotoutio/providers-live-intent-sdk,1.63.3,25,F,UNVERIFIED_PUBLISH_PATH|SINGLE_MAINTAINER,1,580,v0.2.0
loadcss,0.0.2,19,F,UNVERIFIED_PUBLISH_PATH|DORMANT|SINGLE_MAINTAINER,1,579,v0.2.0
'@digital-realty/ui-launchpad,12.0.12,30,F,UNVERIFIED_PUBLISH_PATH,4,578,v0.2.0
country-select-js,2.1.0,19,F,UNVERIFIED_PUBLISH_PATH|DORMANT|SINGLE_MAINTAINER,1,577,v0.2.0
gmap3,7.2.0,19,F,UNVERIFIED_PUBLISH_PATH|DORMANT|SINGLE_MAINTAINER,1,577,v0.2.0
live2d-widget-model-shizuku,1.0.5,28,F,UNVERIFIED_PUBLISH_PATH|DORMANT,2,577,v0.2.0
'@blotoutio/edgetag-sdk-browser,1.63.3,25,F,UNVERIFIED_PUBLISH_PATH|SINGLE_MAINTAINER,1,576,v0.2.0
butterfly-extsrc,1.1.6,25,F,UNVERIFIED_PUBLISH_PATH|SINGLE_MAINTAINER,1,575,v0.2.0
'@blotoutio/providers-listrak-sdk,1.63.3,25,F,UNVERIFIED_PUBLISH_PATH|SINGLE_MAINTAINER,1,574,v0.2.0
segoe-fonts,1.0.1,14,F,UNVERIFIED_PUBLISH_PATH|DORMANT|SINGLE_MAINTAINER|PUBLISHER_NOT_MAINTAINER|DEPRECATED,1,574,v0.2.0
'@raruto/leaflet-gesture-handling,1.4.4,19,F,UNVERIFIED_PUBLISH_PATH|DORMANT|SINGLE_MAINTAINER,1,572,v0.2.0
'@blotoutio/providers-vibe-co-sdk,1.63.3,25,F,UNVERIFIED_PUBLISH_PATH|SINGLE_MAINTAINER,1,571,v0.2.0
jquery.mousewheel,3.1.9,14,F,UNVERIFIED_PUBLISH_PATH|DORMANT|SINGLE_MAINTAINER,1,570,v0.2.0
water.css,2.1.1,14,F,UNVERIFIED_PUBLISH_PATH|DORMANT|SINGLE_MAINTAINER,1,570,v0.2.0
jquery-ellipsis,0.1.6,15,F,UNVERIFIED_PUBLISH_PATH|DORMANT|SINGLE_MAINTAINER,1,569,v0.2.0
'@splidejs/splide-extension-url-hash,0.3.0,19,F,UNVERIFIED_PUBLISH_PATH|DORMANT|SINGLE_MAINTAINER,1,568,v0.2.0
baseline-status,1.1.1,25,F,UNVERIFIED_PUBLISH_PATH|SINGLE_MAINTAINER,1,567,v0.2.0
mailgo,0.12.2,25,F,UNVERIFIED_PUBLISH_PATH|DORMANT|SINGLE_MAINTAINER|DEPRECATED,1,567,v0.2.0
webc-miam,9.3.22,30,F,UNVERIFIED_PUBLISH_PATH,3,566,v0.2.0
zebra_dialog,3.1.0,19,F,UNVERIFIED_PUBLISH_PATH|DORMANT|SINGLE_MAINTAINER,1,566,v0.2.0
dynamsoft-mrz-scanner,4.0.0,25,F,UNVERIFIED_PUBLISH_PATH|SINGLE_MAINTAINER,1,565,v0.2.0
bootstrap-block-grid,1.1.7,19,F,UNVERIFIED_PUBLISH_PATH|DORMANT|SINGLE_MAINTAINER,1,564,v0.2.0
vue-markup,0.0.56,19,F,UNVERIFIED_PUBLISH_PATH|DORMANT|SINGLE_MAINTAINER,1,564,v0.2.0
'@fontsource/cormorant-infant,5.2.11,71,B,,2,563,v0.2.0
'@fontsource/sanchez,5.2.8,71,B,,2,562,v0.2.0
'@fontsource/m-plus-1,5.2.9,81,B,,2,561,v0.2.0
'@iconify-json/fluent-emoji-high-contrast,1.2.5,21,F,UNVERIFIED_PUBLISH_PATH|SINGLE_MAINTAINER,1,559,v0.2.0
'@midzer/tobii,3.2.0,25,F,UNVERIFIED_PUBLISH_PATH|SINGLE_MAINTAINER,1,559,v0.2.0
elastic-apm-js-base,3.0.0,19,F,UNVERIFIED_PUBLISH_PATH|DORMANT|SINGLE_MAINTAINER|DEPRECATED,1,557,v0.2.0
'@blotoutio/providers-tatari-sdk,1.63.3,25,F,UNVERIFIED_PUBLISH_PATH|SINGLE_MAINTAINER,1,556,v0.2.0
'@myparcel/delivery-options,6.22.0,46,D,UNVERIFIED_PUBLISH_PATH,3,556,v0.2.0
'@oiz/stzh-components,4.14.0,35,D,UNVERIFIED_PUBLISH_PATH,3,556,v0.2.0
docsify-tabs,1.6.3,19,F,UNVERIFIED_PUBLISH_PATH|DORMANT|SINGLE_MAINTAINER,1,555,v0.2.0
'@fontsource-variable/rokkitt,5.2.8,71,B,,2,554,v0.2.0
htmx-ext-include-vals,2.0.2,25,F,UNVERIFIED_PUBLISH_PATH|SINGLE_MAINTAINER,1,554,v0.2.0
scrollwatch,2.0.1,19,F,UNVERIFIED_PUBLISH_PATH|DORMANT|SINGLE_MAINTAINER,1,553,v0.2.0
bootstrap-reboot,4.5.6,19,F,UNVERIFIED_PUBLISH_PATH|DORMANT|SINGLE_MAINTAINER,1,552,v0.2.0
'@blotoutio/providers-stack-adapt-sdk,1.63.3,25,F,UNVERIFIED_PUBLISH_PATH|SINGLE_MAINTAINER,1,551,v0.2.0
'@fontsource/monda,5.2.10,71,B,,2,551,v0.2.0
mouse-follower,1.1.2,19,F,UNVERIFIED_PUBLISH_PATH|DORMANT|SINGLE_MAINTAINER,1,551,v0.2.0
'@blotoutio/providers-visitor-edge-sdk,1.63.3,25,F,UNVERIFIED_PUBLISH_PATH|SINGLE_MAINTAINER,1,550,v0.2.0
'@blotoutio/providers-google-tag-manager-sdk,1.63.3,25,F,UNVERIFIED_PUBLISH_PATH|SINGLE_MAINTAINER,1,549,v0.2.0
'@fontsource/sorts-mill-goudy,5.2.8,71,B,,2,548,v0.2.0
'@blotoutio/providers-open-ai-ads-sdk,1.63.3,25,F,UNVERIFIED_PUBLISH_PATH|SINGLE_MAINTAINER,1,547,v0.2.0
'@meysam213/iconsax-react,1.0.4,19,F,UNVERIFIED_PUBLISH_PATH|DORMANT|SINGLE_MAINTAINER,1,545,v0.2.0
'@postnord/pn-marketweb-components,4.5.0,35,D,UNVERIFIED_PUBLISH_PATH,4,544,v0.2.0
country-flag-emoji-json,2.0.0,19,F,UNVERIFIED_PUBLISH_PATH|DORMANT|SINGLE_MAINTAINER,1,544,v0.2.0
shikwasa,2.2.1,19,F,UNVERIFIED_PUBLISH_PATH|DORMANT|SINGLE_MAINTAINER,1,544,v0.2.0
tripetto-runner-foundation,6.3.1,29,F,UNVERIFIED_PUBLISH_PATH|DORMANT|DEPRECATED,3,544,v0.2.0
'@blotoutio/providers-trybe-sdk,1.63.3,25,F,UNVERIFIED_PUBLISH_PATH|SINGLE_MAINTAINER,1,543,v0.2.0
'@covet-pics/covet-pics-widget,0.178.0,25,F,UNVERIFIED_PUBLISH_PATH|SINGLE_MAINTAINER,1,543,v0.2.0
'@digital-realty/ix-icon-button,1.3.4,35,D,UNVERIFIED_PUBLISH_PATH,4,543,v0.2.0
'@soywod/pin-field,0.2.2,19,F,UNVERIFIED_PUBLISH_PATH|DORMANT|SINGLE_MAINTAINER|DEPRECATED,1,543,v0.2.0
webc-miam-uat,9.3.22,30,F,UNVERIFIED_PUBLISH_PATH,3,542,v0.2.0
'@fontsource/bellefair,5.2.8,71,B,,2,541,v0.2.0
paroller.js,1.5.0,25,F,UNVERIFIED_PUBLISH_PATH|SINGLE_MAINTAINER,1,541,v0.2.0
kioskboard,2.3.0,25,F,UNVERIFIED_PUBLISH_PATH|DORMANT|SINGLE_MAINTAINER,1,540,v0.2.0
'@blotoutio/providers-spotify-sdk,1.63.3,25,F,UNVERIFIED_PUBLISH_PATH|SINGLE_MAINTAINER,1,539,v0.2.0
jquery-query-object,2.2.3,19,F,UNVERIFIED_PUBLISH_PATH|DORMANT|SINGLE_MAINTAINER,1,536,v0.2.0
luna-console,1.3.6,25,F,UNVERIFIED_PUBLISH_PATH|SINGLE_MAINTAINER,1,536,v0.2.0
'@fontsource-variable/josefin-slab,5.2.7,71,B,,2,535,v0.2.0
'@chainlink/cl-search-frontend,0.13.2,35,D,UNVERIFIED_PUBLISH_PATH,8,534,v0.2.0
'@fontsource-variable/pathway-extreme,5.2.8,71,B,,2,534,v0.2.0
workbook,1.1.3,19,F,UNVERIFIED_PUBLISH_PATH|DORMANT|SINGLE_MAINTAINER,1,534,v0.2.0
'@desivocal/agents-cdn,1.0.21,35,D,UNVERIFIED_PUBLISH_PATH,2,533,v0.2.0
'@fontsource/encode-sans,5.2.8,71,B,,2,533,v0.2.0
'@fontsource/paytone-one,5.2.8,71,B,,2,533,v0.2.0
slick-carousel-browserify,1.6.12,19,F,UNVERIFIED_PUBLISH_PATH|DORMANT|SINGLE_MAINTAINER,1,533,v0.2.0
lightense-images,1.0.17,19,F,UNVERIFIED_PUBLISH_PATH|DORMANT|SINGLE_MAINTAINER,1,532,v0.2.0
'@blotoutio/providers-omnisend-sdk,1.63.3,25,F,UNVERIFIED_PUBLISH_PATH|SINGLE_MAINTAINER,1,531,v0.2.0
'@wix/image,1.452.0,30,F,UNVERIFIED_PUBLISH_PATH,12,530,v0.2.0
css-tooltip,0.3.4,19,F,UNVERIFIED_PUBLISH_PATH|DORMANT|SINGLE_MAINTAINER,1,529,v0.2.0
cssuseragent,2.1.31,19,F,UNVERIFIED_PUBLISH_PATH|DORMANT|SINGLE_MAINTAINER,1,528,v0.2.0
typeface-quicksand,1.1.13,14,F,UNVERIFIED_PUBLISH_PATH|DORMANT|SINGLE_MAINTAINER,1,528,v0.2.0
byterover-cli,3.16.1,41,D,UNVERIFIED_PUBLISH_PATH|PUBLISHER_NOT_MAINTAINER,3,527,v0.2.0
'@feedmepos/ui-library,1.10.10,34,F,UNVERIFIED_PUBLISH_PATH,3,526,v0.2.0
'@fontsource/rozha-one,5.2.7,71,B,,2,526,v0.2.0
'@bamirorg/core-assets-3458b2eea,1.20.0,16,F,UNVERIFIED_PUBLISH_PATH|SINGLE_MAINTAINER,1,525,v0.2.0
'@fontsource-variable/tiktok-sans,5.2.3,71,B,,2,524,v0.2.0
animsition,4.0.2,19,F,UNVERIFIED_PUBLISH_PATH|DORMANT|SINGLE_MAINTAINER,1,524,v0.2.0
'@social-mail/web-components,1.1.19,21,F,UNVERIFIED_PUBLISH_PATH|SINGLE_MAINTAINER,1,522,v0.2.0
eligrey-classlist.js,1.2.20180112,14,F,UNVERIFIED_PUBLISH_PATH|DORMANT|SINGLE_MAINTAINER,1,522,v0.2.0
moment-timer,1.3.0,19,F,UNVERIFIED_PUBLISH_PATH|DORMANT|SINGLE_MAINTAINER,1,521,v0.2.0
'@diffusionstudio/piper-wasm,1.0.0,19,F,UNVERIFIED_PUBLISH_PATH|DORMANT|SINGLE_MAINTAINER,1,520,v0.2.0
videojs-max-quality-selector,1.0.0,15,F,UNVERIFIED_PUBLISH_PATH|DORMANT|SINGLE_MAINTAINER,1,520,v0.2.0
'@iconify-json/ooui,1.2.20,21,F,UNVERIFIED_PUBLISH_PATH|SINGLE_MAINTAINER,1,519,v0.2.0
'@fontsource/gowun-dodum,5.2.8,71,B,,2,518,v0.2.0
docsify-katex,2.0.2,19,F,UNVERIFIED_PUBLISH_PATH|DORMANT|SINGLE_MAINTAINER,1,518,v0.2.0
'@fontsource-variable/noto-serif-devanagari,5.2.10,71,B,,2,517,v0.2.0
'@loophq/onstore-sdk,1.5.16,35,D,UNVERIFIED_PUBLISH_PATH,17,517,v0.2.0
roaarrr-browser,1.0.8,25,F,UNVERIFIED_PUBLISH_PATH|SINGLE_MAINTAINER,1,517,v0.2.0
'@adalong/widget,7.14.5,21,F,UNVERIFIED_PUBLISH_PATH|SINGLE_MAINTAINER,1,516,v0.2.0
'@wix/auto_sdk_automations_automations-v-2,1.0.139,30,F,UNVERIFIED_PUBLISH_PATH,12,515,v0.2.0
'@fontsource-variable/signika,5.2.8,71,B,,2,513,v0.2.0
'@fontsource-variable/markazi-text,5.2.9,71,B,,2,512,v0.2.0
'@fontsource-variable/faustina,5.2.8,71,B,,2,509,v0.2.0
videojs-flvjs,0.3.1,19,F,UNVERIFIED_PUBLISH_PATH|DORMANT|SINGLE_MAINTAINER,1,509,v0.2.0
'@churchsuite/embed,5.2.9,25,F,UNVERIFIED_PUBLISH_PATH|SINGLE_MAINTAINER,1,507,v0.2.0
'@fontsource/hachi-maru-pop,5.2.8,71,B,,2,506,v0.2.0
'@fontsource/noto-serif-bengali,5.2.10,71,B,,2,506,v0.2.0
react-client-captcha,1.0.3,19,F,UNVERIFIED_PUBLISH_PATH|DORMANT|SINGLE_MAINTAINER,1,506,v0.2.0
luna-dom-viewer,1.8.4,63,C,SINGLE_MAINTAINER,1,505,v0.2.0
symbol-es6,0.1.2,19,F,UNVERIFIED_PUBLISH_PATH|DORMANT|SINGLE_MAINTAINER,1,504,v0.2.0
'@wix/auto_sdk_events_events-settings,1.0.47,30,F,UNVERIFIED_PUBLISH_PATH,12,503,v0.2.0
'@fontsource/days-one,5.2.7,71,B,,2,502,v0.2.0
'@tsocial/tvweb-sdk,5.38.4,35,D,UNVERIFIED_PUBLISH_PATH,3,502,v0.2.0
leanplum-sdk,1.14.0,25,F,UNVERIFIED_PUBLISH_PATH|SINGLE_MAINTAINER,1,501,v0.2.0
'@glassesusa/dsm,4.6.2,25,F,UNVERIFIED_PUBLISH_PATH|SINGLE_MAINTAINER,1,499,v0.2.0
eq.js,1.9.0,19,F,UNVERIFIED_PUBLISH_PATH|DORMANT|SINGLE_MAINTAINER,1,498,v0.2.0
magnify,2.3.3,19,F,UNVERIFIED_PUBLISH_PATH|DORMANT|SINGLE_MAINTAINER,1,498,v0.2.0
number-to-arabic-words,1.5.3,15,F,UNVERIFIED_PUBLISH_PATH|DORMANT|SINGLE_MAINTAINER,1,498,v0.2.0
'@srgssr/pillarbox-web,1.36.3,77,B,INCONSISTENT_PUBLISH_PATH,5,497,v0.2.0
'@zanichelli/idp-login-topbar,5.1.0,30,F,UNVERIFIED_PUBLISH_PATH,27,496,v0.2.0
cirrus-ui,0.8.0,25,F,UNVERIFIED_PUBLISH_PATH|SINGLE_MAINTAINER,1,496,v0.2.0
entreprise7pro-bootstrap,3.4.8,25,F,UNVERIFIED_PUBLISH_PATH|SINGLE_MAINTAINER,1,495,v0.2.0
jquery-shinybox,5.1.0,28,F,UNVERIFIED_PUBLISH_PATH|DORMANT|PUBLISHER_NOT_MAINTAINER,7,495,v0.2.0
'@chinese-fonts/xiaolai,3.0.0,20,F,UNVERIFIED_PUBLISH_PATH|SINGLE_MAINTAINER,1,494,v0.2.0
'@frak-labs/components,1.0.12,34,F,UNVERIFIED_PUBLISH_PATH,2,494,v0.2.0
'@hawk.so/browser,3.4.0,25,F,UNVERIFIED_PUBLISH_PATH|SINGLE_MAINTAINER,1,493,v0.2.0
'@mcp-b/webmcp-local-relay,4.0.0,71,B,INCONSISTENT_PUBLISH_PATH|SINGLE_MAINTAINER,1,493,v0.2.0
chat-engine,0.9.21,33,F,UNVERIFIED_PUBLISH_PATH|DORMANT,9,493,v0.2.0
'@fontsource-variable/grandstander,5.2.7,71,B,,2,492,v0.2.0
fuckadblock,3.2.1,19,F,UNVERIFIED_PUBLISH_PATH|DORMANT|SINGLE_MAINTAINER,1,491,v0.2.0
'@konnectio/core,4.7.1,21,F,UNVERIFIED_PUBLISH_PATH|SINGLE_MAINTAINER,1,490,v0.2.0
tw-city-selector,2.1.2,25,F,UNVERIFIED_PUBLISH_PATH|SINGLE_MAINTAINER,1,490,v0.2.0
ukiyojs,4.2.0,19,F,UNVERIFIED_PUBLISH_PATH|DORMANT|SINGLE_MAINTAINER,1,490,v0.2.0
'@cookbookdev/docsbot,4.25.15,21,F,UNVERIFIED_PUBLISH_PATH|SINGLE_MAINTAINER,1,489,v0.2.0
canvas-nest.js,2.0.4,19,F,UNVERIFIED_PUBLISH_PATH|DORMANT|SINGLE_MAINTAINER,1,489,v0.2.0
marquee3000,1.1.1,19,F,UNVERIFIED_PUBLISH_PATH|DORMANT|SINGLE_MAINTAINER,1,489,v0.2.0
slicknav,1.0.8,19,F,UNVERIFIED_PUBLISH_PATH|DORMANT|SINGLE_MAINTAINER,1,489,v0.2.0
'@fontsource-variable/aleo,5.2.7,71,B,,2,487,v0.2.0
'@fontsource/annie-use-your-telescope,5.2.8,71,B,,2,487,v0.2.0
'@mangopay/vault-sdk,1.5.1,35,D,UNVERIFIED_PUBLISH_PATH,3,487,v0.2.0
paymob-pixel,1.2.7,21,F,UNVERIFIED_PUBLISH_PATH|SINGLE_MAINTAINER,1,486,v0.2.0
'@fontsource-variable/mada,5.2.8,71,B,,2,485,v0.2.0
jquery-uniform,2.2.2,19,F,UNVERIFIED_PUBLISH_PATH|DORMANT|SINGLE_MAINTAINER,1,485,v0.2.0
sf-font,1.0.0,10,F,UNVERIFIED_PUBLISH_PATH|DORMANT|SINGLE_MAINTAINER,1,485,v0.2.0
svg-loaders,0.2.0,15,F,UNVERIFIED_PUBLISH_PATH|DORMANT|SINGLE_MAINTAINER,1,485,v0.2.0
'@story-telling-reporter/react-embed-code-generator,2.2.20,25,F,UNVERIFIED_PUBLISH_PATH|SINGLE_MAINTAINER,1,484,v0.2.0
jquery.fancybox,2.1.5,14,F,UNVERIFIED_PUBLISH_PATH|DORMANT|SINGLE_MAINTAINER,1,484,v0.2.0
'@analytics-debugger/ga4mp,0.0.8,19,F,UNVERIFIED_PUBLISH_PATH|DORMANT|SINGLE_MAINTAINER,1,483,v0.2.0
'@fontsource-variable/gantari,5.2.8,71,B,,2,483,v0.2.0
'@kentico/kontent-smart-link,2.3.1,35,D,UNVERIFIED_PUBLISH_PATH|DORMANT|PUBLISHER_NOT_MAINTAINER|DEPRECATED,3,483,v0.2.0
jquery-bez,1.0.11,19,F,UNVERIFIED_PUBLISH_PATH|DORMANT|SINGLE_MAINTAINER,1,483,v0.2.0
vanilla-datatables,1.6.16,19,F,UNVERIFIED_PUBLISH_PATH|DORMANT|SINGLE_MAINTAINER,1,483,v0.2.0
van11y-accessible-accordion-aria,3.1.0,21,F,UNVERIFIED_PUBLISH_PATH|SINGLE_MAINTAINER,1,482,v0.2.0
'@dannymichel/proxima-nova,4.5.2,19,F,UNVERIFIED_PUBLISH_PATH|DORMANT|SINGLE_MAINTAINER,1,481,v0.2.0
geolite2-country,1.0.69,73,B,SINGLE_MAINTAINER,1,481,v0.2.0
'@emdgroup-liquid/liquid,5.15.0,45,D,UNVERIFIED_PUBLISH_PATH,2,480,v0.2.0
jquery.kinetic,2.2.4,15,F,UNVERIFIED_PUBLISH_PATH|DORMANT|SINGLE_MAINTAINER,1,480,v0.2.0
'@novastar/native,2.2.1,25,F,UNVERIFIED_PUBLISH_PATH|SINGLE_MAINTAINER,1,479,v0.2.0
'@clappr/player,0.11.16,39,D,UNVERIFIED_PUBLISH_PATH,9,477,v0.2.0
'@digital-realty/theme,3.1.4,35,D,UNVERIFIED_PUBLISH_PATH,4,477,v0.2.0
'@beeq/core,1.13.0,65,C,INCONSISTENT_PUBLISH_PATH|SINGLE_MAINTAINER,1,476,v0.2.0
bootstrap-grid,3.0.1,19,F,UNVERIFIED_PUBLISH_PATH|DORMANT|SINGLE_MAINTAINER,1,476,v0.2.0
vanilla-back-to-top,7.2.1,19,F,UNVERIFIED_PUBLISH_PATH|DORMANT|SINGLE_MAINTAINER,1,476,v0.2.0
blip-tokens,1.103.0,25,F,UNVERIFIED_PUBLISH_PATH|SINGLE_MAINTAINER|BRANCH_REQUIRES_PR,1,475,v0.2.0
'@trimble-oss/modus-bootstrap,2.3.2,46,D,UNVERIFIED_PUBLISH_PATH,8,473,v0.2.0
apple-mapkit-js,6.1.0,19,F,UNVERIFIED_PUBLISH_PATH|DORMANT|SINGLE_MAINTAINER,1,473,v0.2.0
'@fontsource/passion-one,5.2.8,71,B,,2,472,v0.2.0
'@icon/icofont,1.0.1-alpha.1,28,F,UNVERIFIED_PUBLISH_PATH|DORMANT,2,470,v0.2.0
'@safepassage/sdk,3.5.3,39,D,UNVERIFIED_PUBLISH_PATH,2,470,v0.2.0
'@nanoporetech-digital/components,8.23.10,35,D,UNVERIFIED_PUBLISH_PATH,4,468,v0.2.0
'@wix/auto_sdk_events_rsvp-v-2,1.0.101,30,F,UNVERIFIED_PUBLISH_PATH,12,468,v0.2.0
keen-js,6.0.1,28,F,UNVERIFIED_PUBLISH_PATH|DORMANT|PUBLISHER_NOT_MAINTAINER|DEPRECATED,2,468,v0.2.0
'@fontsource/sen,5.2.8,71,B,,2,467,v0.2.0
dynamsoft-document-scanner,1.5.0,58,C,INCONSISTENT_PUBLISH_PATH|SINGLE_MAINTAINER,1,467,v0.2.0
countdowntimer,2.0.1,19,F,UNVERIFIED_PUBLISH_PATH|DORMANT|SINGLE_MAINTAINER,1,466,v0.2.0
'@digital-realty/ix-app-logic,2.1.7,35,D,UNVERIFIED_PUBLISH_PATH,4,465,v0.2.0
'@fontsource/rufina,5.2.7,71,B,,2,464,v0.2.0
leaflet-styleeditor,0.1.21,19,F,UNVERIFIED_PUBLISH_PATH|DORMANT|SINGLE_MAINTAINER,1,464,v0.2.0
'@fontsource-variable/libre-bodoni,5.2.7,71,B,,2,463,v0.2.0
ccapture.js,1.1.0,19,F,UNVERIFIED_PUBLISH_PATH|DORMANT|SINGLE_MAINTAINER,1,462,v0.2.0
'@wix/auto_sdk_events_notifications,1.0.78,30,F,UNVERIFIED_PUBLISH_PATH,12,461,v0.2.0
'@wix/auto_sdk_events_orders,1.0.68,30,F,UNVERIFIED_PUBLISH_PATH,12,461,v0.2.0
'@wix/auto_sdk_events_schedule,1.0.45,30,F,UNVERIFIED_PUBLISH_PATH,12,461,v0.2.0
jquery-simple-upload,1.1.0,19,F,UNVERIFIED_PUBLISH_PATH|DORMANT|SINGLE_MAINTAINER,1,461,v0.2.0
kernelsu,3.0.2,31,F,UNVERIFIED_PUBLISH_PATH|SINGLE_MAINTAINER,1,460,v0.2.0
'@cdklabs/cdk-construct-connect-datalake,0.0.18,72,B,INCONSISTENT_PUBLISH_PATH,3,458,v0.2.0
imagemapster,1.9.2,19,F,UNVERIFIED_PUBLISH_PATH|DORMANT|SINGLE_MAINTAINER,1,458,v0.2.0
'@tesseract.js-data/vie,1.0.0,19,F,UNVERIFIED_PUBLISH_PATH|DORMANT|SINGLE_MAINTAINER,1,457,v0.2.0
'@wix/auto_sdk_events_schedule-bookmarks,1.0.37,30,F,UNVERIFIED_PUBLISH_PATH,12,457,v0.2.0
'@fontsource-variable/eczar,5.2.8,71,B,,2,456,v0.2.0
'@fontsource/taviraj,5.2.8,71,B,,2,456,v0.2.0
bootoast,1.1.4,14,F,UNVERIFIED_PUBLISH_PATH|DORMANT|SINGLE_MAINTAINER,1,456,v0.2.0
canvas2image,1.0.5,19,F,UNVERIFIED_PUBLISH_PATH|DORMANT|SINGLE_MAINTAINER,1,456,v0.2.0
disqusjs,3.2.1,58,C,SINGLE_MAINTAINER,1,456,v0.2.0
'@blotoutio/providers-pinterest-sdk,1.63.3,25,F,UNVERIFIED_PUBLISH_PATH|SINGLE_MAINTAINER,1,455,v0.2.0
'@naturacosmeticos/natds-themes,0.84.9,34,F,UNVERIFIED_PUBLISH_PATH,10,455,v0.2.0
vanilla-ripplejs,1.0.6,19,F,UNVERIFIED_PUBLISH_PATH|DORMANT|SINGLE_MAINTAINER,1,455,v0.2.0
'@fontsource-variable/catamaran,5.2.8,71,B,,2,454,v0.2.0
'@fontsource/sofia-sans,5.2.8,71,B,,2,454,v0.2.0
'@wix/auto_sdk_events_staff-members,1.0.52,30,F,UNVERIFIED_PUBLISH_PATH,12,454,v0.2.0
formbuilder-languages,1.2.1,25,F,UNVERIFIED_PUBLISH_PATH|SINGLE_MAINTAINER,1,454,v0.2.0
'@easydarwin/easyplayer,5.1.6,21,F,UNVERIFIED_PUBLISH_PATH|SINGLE_MAINTAINER,1,453,v0.2.0
'@wix/auto_sdk_events_policies,1.0.49,30,F,UNVERIFIED_PUBLISH_PATH,12,451,v0.2.0
'@fastwork/turbine-theme,2.0.3,35,D,UNVERIFIED_PUBLISH_PATH,2,449,v0.2.0
'@fontsource/la-belle-aurore,5.2.8,71,B,,2,449,v0.2.0
'@blotoutio/providers-evo-search-sdk,1.63.3,25,F,UNVERIFIED_PUBLISH_PATH|SINGLE_MAINTAINER,1,448,v0.2.0
'@tesseract.js-data/tha,1.0.0,19,F,UNVERIFIED_PUBLISH_PATH|DORMANT|SINGLE_MAINTAINER,1,448,v0.2.0
imagelightbox,3.1.1,70,B,SINGLE_MAINTAINER,1,448,v0.2.0
web-pingjs,1.0.1,19,F,UNVERIFIED_PUBLISH_PATH|DORMANT|SINGLE_MAINTAINER,1,448,v0.2.0
'@fontsource/sawarabi-gothic,5.2.9,71,B,,2,447,v0.2.0
'@uh-design-system/component-library,1.7.0,35,D,UNVERIFIED_PUBLISH_PATH,3,447,v0.2.0
angular-cron-gen,1.0.1,19,F,UNVERIFIED_PUBLISH_PATH|DORMANT|SINGLE_MAINTAINER,1,447,v0.2.0
accordionjs,2.1.2,19,F,UNVERIFIED_PUBLISH_PATH|DORMANT|SINGLE_MAINTAINER,1,445,v0.2.0
jscolor-picker,2.0.4,19,F,UNVERIFIED_PUBLISH_PATH|DORMANT|SINGLE_MAINTAINER,1,445,v0.2.0
meting,2.0.2,25,F,UNVERIFIED_PUBLISH_PATH|SINGLE_MAINTAINER,1,445,v0.2.0
read-smore,2.5.1,19,F,UNVERIFIED_PUBLISH_PATH|DORMANT|SINGLE_MAINTAINER,1,445,v0.2.0
'@nysds/components,1.19.3,39,D,UNVERIFIED_PUBLISH_PATH,3,444,v0.2.0
jquery.localscroll,2.0.0,19,F,UNVERIFIED_PUBLISH_PATH|DORMANT|SINGLE_MAINTAINER,1,444,v0.2.0
'@fontsource/do-hyeon,5.2.8,71,B,,2,443,v0.2.0
'@sezzle/sezzle-static-widget,3.2.6,35,D,UNVERIFIED_PUBLISH_PATH,5,442,v0.2.0
'@wix/auto_sdk_events_categories,1.0.57,30,F,UNVERIFIED_PUBLISH_PATH,12,442,v0.2.0
'@wix/auto_sdk_events_tickets,1.0.50,30,F,UNVERIFIED_PUBLISH_PATH,12,442,v0.2.0
'@fontsource/aldrich,5.2.7,71,B,,2,441,v0.2.0
'@fontsource/marcellus-sc,5.2.8,71,B,,2,441,v0.2.0
'@frak-labs/nexus-sdk,0.0.55,34,F,UNVERIFIED_PUBLISH_PATH,2,441,v0.2.0
'@ibm/plex-sans-jp,3.0.0,39,D,UNVERIFIED_PUBLISH_PATH,23,441,v0.2.0
'@wix/auto_sdk_events_ticket-definitions,1.0.53,30,F,UNVERIFIED_PUBLISH_PATH,12,441,v0.2.0
'@fontsource/huninn,5.2.4,81,B,,2,440,v0.2.0
mealz-components,3.0.0,30,F,UNVERIFIED_PUBLISH_PATH|PUBLISHER_NOT_MAINTAINER,3,440,v0.2.0
'@fontsource/changa,5.2.8,71,B,,2,437,v0.2.0
'@sneas/telephone,1.1.2,25,F,UNVERIFIED_PUBLISH_PATH|SINGLE_MAINTAINER,1,437,v0.2.0
editor.md,1.5.0,19,F,UNVERIFIED_PUBLISH_PATH|DORMANT|SINGLE_MAINTAINER,1,437,v0.2.0
'@wix/auto_sdk_events_rsvp,1.0.44,30,F,UNVERIFIED_PUBLISH_PATH,12,436,v0.2.0
x3.photo.gallery,3.34.2,14,F,UNVERIFIED_PUBLISH_PATH|DORMANT|SINGLE_MAINTAINER,1,436,v0.2.0
'@fontsource/zen-dots,5.2.8,71,B,,2,435,v0.2.0
kity,2.0.4,19,F,UNVERIFIED_PUBLISH_PATH|DORMANT|SINGLE_MAINTAINER,1,435,v0.2.0
stimulus-photoswipe,5.1.1,14,F,UNVERIFIED_PUBLISH_PATH|DORMANT|SINGLE_MAINTAINER,1,435,v0.2.0
'@fontsource/el-messiri,5.2.8,71,B,,2,434,v0.2.0
'@fungies/fungies-js,0.7.3,30,F,UNVERIFIED_PUBLISH_PATH,4,434,v0.2.0
'@jenkinsci/jenkins-io-components,1.41.1,35,D,UNVERIFIED_PUBLISH_PATH,2,434,v0.2.0
'@snowplow/browser-plugin-bot-detection,4.8.4,39,D,UNVERIFIED_PUBLISH_PATH,3,434,v0.2.0
'@fontsource-variable/biorhyme,5.2.9,71,B,,2,433,v0.2.0
'@fontsource-variable/merriweather-sans,5.2.7,71,B,,2,433,v0.2.0
'@pine-ds/core,3.26.4,74,B,SINGLE_MAINTAINER|BRANCH_REQUIRES_PR,1,433,v0.2.0
jquery-selectric,0.2.0,10,F,UNVERIFIED_PUBLISH_PATH|DORMANT|SINGLE_MAINTAINER,1,433,v0.2.0
'@fontsource-variable/georama,5.2.8,71,B,,2,431,v0.2.0
jquery.flipster,1.1.6,33,F,UNVERIFIED_PUBLISH_PATH|DORMANT,2,431,v0.2.0
'@fontsource-variable/parkinsans,5.2.7,71,B,,2,430,v0.2.0
'@memori.ai/memori-react,8.41.4,39,D,UNVERIFIED_PUBLISH_PATH,3,430,v0.2.0
'@rededor/cura,2.0.0-alpha.16,35,D,UNVERIFIED_PUBLISH_PATH,15,430,v0.2.0
'@deck.gl/jupyter-widget,9.3.7,39,D,UNVERIFIED_PUBLISH_PATH,5,428,v0.2.0
'@digital-realty/ix-icon,1.3.4,35,D,UNVERIFIED_PUBLISH_PATH,4,428,v0.2.0
'@digital-realty/ix-button,3.5.6,35,D,UNVERIFIED_PUBLISH_PATH,4,427,v0.2.0
'@yababay67/svelte-meets-bootstrap-icons,0.0.9,19,F,UNVERIFIED_PUBLISH_PATH|DORMANT|SINGLE_MAINTAINER,1,427,v0.2.0
easytimer,1.1.3,15,F,UNVERIFIED_PUBLISH_PATH|DORMANT|SINGLE_MAINTAINER|DEPRECATED,1,426,v0.2.0
pure-web-bottom-sheet,1.0.0,73,B,SINGLE_MAINTAINER,1,426,v0.2.0
wysihtml,0.6.0-beta1,19,F,UNVERIFIED_PUBLISH_PATH|DORMANT|SINGLE_MAINTAINER,1,426,v0.2.0
'@inlang/plugin-icu1,1.1.0,82,B,,2,425,v0.2.0
leaflet-snap,0.0.4,19,F,UNVERIFIED_PUBLISH_PATH|DORMANT|SINGLE_MAINTAINER,1,425,v0.2.0
'@allmaps/openlayers,1.0.0-beta.86,25,F,UNVERIFIED_PUBLISH_PATH|SINGLE_MAINTAINER,1,424,v0.2.0
'@fontsource/uncial-antiqua,5.2.7,71,B,,2,424,v0.2.0
comlinkjs,3.2.0,21,F,UNVERIFIED_PUBLISH_PATH|DORMANT|SINGLE_MAINTAINER|DEPRECATED,1,424,v0.2.0
rrssb,1.14.0,19,F,UNVERIFIED_PUBLISH_PATH|DORMANT|SINGLE_MAINTAINER,1,424,v0.2.0
jtippy,1.7.2,19,F,UNVERIFIED_PUBLISH_PATH|DORMANT|SINGLE_MAINTAINER,1,423,v0.2.0
'@chordcommerce/analytics,1.23.0,35,D,UNVERIFIED_PUBLISH_PATH,2,422,v0.2.0
'@fontsource/dseg7-classic,5.2.5,71,B,,2,421,v0.2.0
'@fontsource/khula,5.2.8,71,B,,2,420,v0.2.0
'@ibm/plex-sans-tc,1.1.1,33,F,UNVERIFIED_PUBLISH_PATH|DORMANT,23,420,v0.2.0
'@lemonadejs/signature,5.0.0,21,F,UNVERIFIED_PUBLISH_PATH|SINGLE_MAINTAINER,1,420,v0.2.0
float-labels.js,3.3.9,19,F,UNVERIFIED_PUBLISH_PATH|DORMANT|SINGLE_MAINTAINER,1,420,v0.2.0
md5-js,0.0.3,19,F,UNVERIFIED_PUBLISH_PATH|DORMANT|SINGLE_MAINTAINER,1,420,v0.2.0
'@blotoutio/providers-shop-gpt-sdk,1.63.3,25,F,UNVERIFIED_PUBLISH_PATH|SINGLE_MAINTAINER,1,419,v0.2.0
'@fontsource/londrina-solid,5.2.7,71,B,,2,419,v0.2.0
menuspy,1.3.0,19,F,UNVERIFIED_PUBLISH_PATH|DORMANT|SINGLE_MAINTAINER,1,419,v0.2.0
'@digital-realty/ix-drawer,1.3.6,35,D,UNVERIFIED_PUBLISH_PATH,4,418,v0.2.0
spinjs,0.4.193,19,F,UNVERIFIED_PUBLISH_PATH|DORMANT|SINGLE_MAINTAINER,1,418,v0.2.0
'@recogito/annotorious-selector-pack,0.6.1,33,F,UNVERIFIED_PUBLISH_PATH|DORMANT,3,417,v0.2.0
'@cnamts/synapse,1.1.2,35,D,UNVERIFIED_PUBLISH_PATH,5,416,v0.2.0
'@digital-realty/ix-shared-fns,1.1.4,35,D,UNVERIFIED_PUBLISH_PATH,4,416,v0.2.0
bootstrap-iconpicker,1.8.2,19,F,UNVERIFIED_PUBLISH_PATH|DORMANT|SINGLE_MAINTAINER,1,416,v0.2.0
'@digital-realty/ix-date,1.3.4,35,D,UNVERIFIED_PUBLISH_PATH,4,414,v0.2.0
'@digital-realty/ix-progress,1.4.4,35,D,UNVERIFIED_PUBLISH_PATH,4,413,v0.2.0
ng-notify,0.7.1,19,F,UNVERIFIED_PUBLISH_PATH|DORMANT|SINGLE_MAINTAINER,1,413,v0.2.0
'@tacc/core-styles,2.57.3,39,D,UNVERIFIED_PUBLISH_PATH,2,412,v0.2.0
fontisto,3.0.4,14,F,UNVERIFIED_PUBLISH_PATH|DORMANT|SINGLE_MAINTAINER,1,412,v0.2.0
'@fontsource-variable/afacad-flux,5.2.8,71,B,,2,411,v0.2.0
'@fontsource-variable/changa,5.2.8,71,B,,2,411,v0.2.0
'@fontsource/concert-one,5.2.8,71,B,,2,410,v0.2.0
'@fontsource/hind-vadodara,5.2.8,71,B,,2,410,v0.2.0
'@malga/tokenization,2.3.0,27,F,UNVERIFIED_PUBLISH_PATH|SINGLE_MAINTAINER,1,410,v0.2.0
rangeslider-js,3.2.5,19,F,UNVERIFIED_PUBLISH_PATH|DORMANT|SINGLE_MAINTAINER,1,410,v0.2.0
'@coopdigital/foundations,1.9.1,39,D,UNVERIFIED_PUBLISH_PATH,4,409,v0.2.0
'@fontsource-variable/yanone-kaffeesatz,5.2.7,71,B,,2,409,v0.2.0
'@fontsource/ultra,5.2.7,71,B,,2,409,v0.2.0
jquery-bootstrap-wizard,1.4.2,14,F,UNVERIFIED_PUBLISH_PATH|DORMANT|SINGLE_MAINTAINER,1,409,v0.2.0
'@digital-realty/ix-field,1.3.4,35,D,UNVERIFIED_PUBLISH_PATH,4,408,v0.2.0
'@fontsource-variable/baskervville,5.2.3,71,B,,2,408,v0.2.0
'@fontsource-variable/merienda,5.2.7,71,B,,2,408,v0.2.0
'@tanay-wispr/webflow-package,6.6.20,20,F,UNVERIFIED_PUBLISH_PATH|SINGLE_MAINTAINER|BRANCH_REQUIRES_PR,1,408,v0.2.0
angular-ui-router-title,0.1.1,19,F,UNVERIFIED_PUBLISH_PATH|DORMANT|SINGLE_MAINTAINER,1,408,v0.2.0
misans-webfont,4.3.1,57,C,SINGLE_MAINTAINER,1,408,v0.2.0
'@fontsource/secular-one,5.2.8,71,B,,2,407,v0.2.0
'@snowplow/browser-plugin-focalmeter,4.8.4,39,D,UNVERIFIED_PUBLISH_PATH,3,407,v0.2.0
'@fontsource/fugaz-one,5.2.7,71,B,,2,406,v0.2.0
'@fontsource/yantramanav,5.2.7,71,B,,2,406,v0.2.0
buttplug-wasm,3.0.0,25,F,UNVERIFIED_PUBLISH_PATH|SINGLE_MAINTAINER,1,406,v0.2.0
'@toruslabs/openlogin-subkey,8.1.0,40,D,UNVERIFIED_PUBLISH_PATH|DORMANT,5,405,v0.2.0
'@digital-realty/ix-phone-input,2.4.5,35,D,UNVERIFIED_PUBLISH_PATH,4,404,v0.2.0
validate-js,2.0.1,19,F,UNVERIFIED_PUBLISH_PATH|DORMANT|SINGLE_MAINTAINER,1,403,v0.2.0
adp-web-components,0.3.6,25,F,UNVERIFIED_PUBLISH_PATH|SINGLE_MAINTAINER,1,402,v0.2.0
'@digital-realty/ix-date-next,1.2.4,35,D,UNVERIFIED_PUBLISH_PATH,4,401,v0.2.0
'@fontsource-variable/big-shoulders-text,5.2.5,71,B,,2,401,v0.2.0
'@fontsource-variable/noto-sans-thai-looped,5.2.3,71,B,,2,401,v0.2.0
timezz,9.0.2,19,F,UNVERIFIED_PUBLISH_PATH|DORMANT|SINGLE_MAINTAINER,1,401,v0.2.0
vueinview,1.0.7,19,F,UNVERIFIED_PUBLISH_PATH|DORMANT|SINGLE_MAINTAINER,1,401,v0.2.0
'@digital-realty/ix-switch,2.4.4,35,D,UNVERIFIED_PUBLISH_PATH,4,400,v0.2.0
leaflet-ajax,2.1.0,19,F,UNVERIFIED_PUBLISH_PATH|DORMANT|SINGLE_MAINTAINER,1,400,v0.2.0
cn-fontsource-source-han-sans-sc-vf,1.0.10,19,F,UNVERIFIED_PUBLISH_PATH|DORMANT|SINGLE_MAINTAINER,1,398,v0.2.0
country-region-selector,1.0.0,19,F,UNVERIFIED_PUBLISH_PATH|DORMANT|SINGLE_MAINTAINER,1,398,v0.2.0
'@digital-realty/grid,1.2.3,39,D,UNVERIFIED_PUBLISH_PATH,4,397,v0.2.0
oauthio-web,0.6.2,33,F,UNVERIFIED_PUBLISH_PATH|DORMANT,2,397,v0.2.0
scrollpos-styler,0.7.1,19,F,UNVERIFIED_PUBLISH_PATH|DORMANT|SINGLE_MAINTAINER,1,397,v0.2.0
'@dadata/suggestions,26.3.0,25,F,UNVERIFIED_PUBLISH_PATH|SINGLE_MAINTAINER,1,396,v0.2.0
'@snackbar/core,1.7.0,19,F,UNVERIFIED_PUBLISH_PATH|DORMANT|SINGLE_MAINTAINER,1,396,v0.2.0
'@digital-realty/ix-menu,1.3.4,35,D,UNVERIFIED_PUBLISH_PATH,4,395,v0.2.0
lxgw-wenkai-gb-web,1.522.0,73,B,SINGLE_MAINTAINER,1,395,v0.2.0
'@fontsource-variable/ibarra-real-nova,5.2.8,71,B,,2,394,v0.2.0
bootstrap-4-autocomplete,1.3.2,19,F,UNVERIFIED_PUBLISH_PATH|DORMANT|SINGLE_MAINTAINER,1,394,v0.2.0
'@fontsource/long-cang,5.2.8,71,B,,2,392,v0.2.0
sargam-icons,1.6.7,25,F,UNVERIFIED_PUBLISH_PATH|SINGLE_MAINTAINER,1,392,v0.2.0
'@digital-realty/ix-radio,1.3.4,35,D,UNVERIFIED_PUBLISH_PATH,4,391,v0.2.0
'@fontsource/berkshire-swash,5.2.8,71,B,,2,391,v0.2.0
vanilla-infinite-marquee,1.0.15,25,F,UNVERIFIED_PUBLISH_PATH|SINGLE_MAINTAINER,1,390,v0.2.0
'@digital-realty/ix-tooltip,1.3.4,35,D,UNVERIFIED_PUBLISH_PATH,4,389,v0.2.0
'@fontsource/racing-sans-one,5.2.7,71,B,,2,389,v0.2.0
locuszoom,0.14.0,33,F,UNVERIFIED_PUBLISH_PATH|DORMANT,3,389,v0.2.0
'@digital-realty/ix-grid,1.4.5,35,D,UNVERIFIED_PUBLISH_PATH,4,388,v0.2.0
'@digital-realty/ix-textbox,2.4.5,35,D,UNVERIFIED_PUBLISH_PATH,4,388,v0.2.0
'@spw-ds/spw-stencil-library,1.17.1,35,D,UNVERIFIED_PUBLISH_PATH,2,388,v0.2.0
'@clappr/core,0.13.2,39,D,UNVERIFIED_PUBLISH_PATH,9,387,v0.2.0
angularjs-toast,4.0.1,14,F,UNVERIFIED_PUBLISH_PATH|DORMANT|SINGLE_MAINTAINER,1,387,v0.2.0
'@fontsource-variable/advent-pro,5.2.7,71,B,,2,386,v0.2.0
'@govtechsg/sgds-masthead,0.0.20,28,F,UNVERIFIED_PUBLISH_PATH|DORMANT|DEPRECATED,14,386,v0.2.0
'@wix/auto_sdk_automations_action-catalog,1.0.56,30,F,UNVERIFIED_PUBLISH_PATH,12,386,v0.2.0
bootstrap-responsive-tabs,2.0.3,19,F,UNVERIFIED_PUBLISH_PATH|DORMANT|SINGLE_MAINTAINER,1,386,v0.2.0
layui-src,2.6.8,19,F,UNVERIFIED_PUBLISH_PATH|DORMANT|SINGLE_MAINTAINER|DEPRECATED,1,386,v0.2.0
x_ite,15.1.12,31,F,UNVERIFIED_PUBLISH_PATH|SINGLE_MAINTAINER,1,386,v0.2.0
'@alpine-collective/toolkit,1.0.2,15,F,UNVERIFIED_PUBLISH_PATH|DORMANT|SINGLE_MAINTAINER,1,385,v0.2.0
'@fontsource-variable/playpen-sans,5.2.9,71,B,,2,384,v0.2.0
'@fontsource-variable/ruda,5.2.8,71,B,,2,384,v0.2.0
'@fontsource/petit-formal-script,5.2.8,71,B,,2,384,v0.2.0
'@digital-realty/ix-dialog,1.3.4,35,D,UNVERIFIED_PUBLISH_PATH,4,382,v0.2.0
'@fontsource-variable/anek-bangla,5.2.7,71,B,,2,382,v0.2.0
vviinn-widgets,2.217.0,35,D,UNVERIFIED_PUBLISH_PATH,2,381,v0.2.0
jquery-storelocator-plugin,3.4.0,19,F,UNVERIFIED_PUBLISH_PATH|DORMANT|SINGLE_MAINTAINER,1,380,v0.2.0
jssor-slider,28.0.0,19,F,UNVERIFIED_PUBLISH_PATH|DORMANT|SINGLE_MAINTAINER,1,380,v0.2.0
'@fontsource/firago,5.2.5,71,B,,2,379,v0.2.0
scroll-padlock,3.1.0,25,F,UNVERIFIED_PUBLISH_PATH|SINGLE_MAINTAINER,1,379,v0.2.0
'@digital-realty/ix-select,1.3.4,35,D,UNVERIFIED_PUBLISH_PATH,4,377,v0.2.0
kityminder-core,1.4.50,19,F,UNVERIFIED_PUBLISH_PATH|DORMANT|SINGLE_MAINTAINER,1,377,v0.2.0
'@blotoutio/providers-blotout-wallet-sdk,1.63.3,25,F,UNVERIFIED_PUBLISH_PATH|SINGLE_MAINTAINER,1,376,v0.2.0
'@fontsource-variable/anek-devanagari,5.2.7,71,B,,2,376,v0.2.0
'@wix/auto_sdk_automations_activations,1.0.137,30,F,UNVERIFIED_PUBLISH_PATH,12,376,v0.2.0
'@digital-realty/ix-account-switcher,1.3.9,35,D,UNVERIFIED_PUBLISH_PATH,4,375,v0.2.0
'@fontsource-variable/signika-negative,5.2.8,71,B,,2,375,v0.2.0
hexo-theme-solitude,4.0.0,31,F,UNVERIFIED_PUBLISH_PATH|SINGLE_MAINTAINER,1,375,v0.2.0
'@fontsource-variable/noto-sans-lao-looped,5.2.7,71,B,,2,373,v0.2.0
'@tagadapay/plugin-sdk,4.1.0,34,F,UNVERIFIED_PUBLISH_PATH,4,373,v0.2.0
mescroll.js,1.4.2,14,F,UNVERIFIED_PUBLISH_PATH|DORMANT|SINGLE_MAINTAINER,1,372,v0.2.0
inputmask.phone,1.0.5,19,F,UNVERIFIED_PUBLISH_PATH|DORMANT|SINGLE_MAINTAINER,1,371,v0.2.0
'@digital-realty/ix-tree,3.4.8,35,D,UNVERIFIED_PUBLISH_PATH,4,370,v0.2.0
'@fontsource-variable/reddit-sans-condensed,5.2.7,71,B,,2,370,v0.2.0
'@uoguelph/web-components,2.1.2,39,D,UNVERIFIED_PUBLISH_PATH,5,369,v0.2.0
sidr,2.2.1,19,F,UNVERIFIED_PUBLISH_PATH|DORMANT|SINGLE_MAINTAINER,1,369,v0.2.0
'@calumk/editorjs-paragraph-linebreakable,1.0.0,15,F,UNVERIFIED_PUBLISH_PATH|DORMANT|SINGLE_MAINTAINER,1,368,v0.2.0
'@dearhive/dearflip-jquery-flipbook,1.7.3,19,F,UNVERIFIED_PUBLISH_PATH|DORMANT|SINGLE_MAINTAINER,1,368,v0.2.0
'@fontsource-variable/marhey,5.2.8,71,B,,2,368,v0.2.0
'@mdi/light-font,0.2.63,33,F,UNVERIFIED_PUBLISH_PATH|DORMANT,6,367,v0.2.0
live2d-widget-model-wanko,1.0.5,28,F,UNVERIFIED_PUBLISH_PATH|DORMANT,2,364,v0.2.0
'@fontsource/kaisei-decol,5.2.7,71,B,,2,363,v0.2.0
jquery-drilldown,1.1.2,14,F,UNVERIFIED_PUBLISH_PATH|DORMANT|SINGLE_MAINTAINER|PUBLISHER_NOT_MAINTAINER,1,363,v0.2.0
visitdata,1.3.2,19,F,UNVERIFIED_PUBLISH_PATH|DORMANT|SINGLE_MAINTAINER,1,363,v0.2.0
'@almacareer/cookie-consent-manager,3.1.0,34,F,UNVERIFIED_PUBLISH_PATH|DEPRECATED,2,362,v0.2.0
'@fontsource-variable/anek-malayalam,5.2.7,71,B,,2,362,v0.2.0
'@fontsource-variable/noto-serif-bengali,5.2.10,71,B,,2,362,v0.2.0
'@live-codes/browser-compilers,0.22.10,25,F,UNVERIFIED_PUBLISH_PATH|SINGLE_MAINTAINER,1,361,v0.2.0
'@wix/auto_sdk_automations_trigger-catalog,1.0.60,30,F,UNVERIFIED_PUBLISH_PATH,12,361,v0.2.0
chartist-plugin-accessibility,0.0.5,19,F,UNVERIFIED_PUBLISH_PATH|DORMANT|SINGLE_MAINTAINER,1,360,v0.2.0
editorjs-layout,1.2.5,19,F,UNVERIFIED_PUBLISH_PATH|DORMANT|SINGLE_MAINTAINER,1,360,v0.2.0
jquery.reel,1.3.1,19,F,UNVERIFIED_PUBLISH_PATH|DORMANT|SINGLE_MAINTAINER,1,360,v0.2.0
'@fontsource/francois-one,5.2.7,71,B,,2,359,v0.2.0
'@shinsenter/defer.js,3.9.0,25,F,UNVERIFIED_PUBLISH_PATH|SINGLE_MAINTAINER,1,359,v0.2.0
marx-css,4.1.4,63,C,SINGLE_MAINTAINER,1,359,v0.2.0
'@digital-realty/ix-checkbox,1.4.5,35,D,UNVERIFIED_PUBLISH_PATH,4,358,v0.2.0
'@wix/auto_sdk_automations_automations-service,1.0.64,30,F,UNVERIFIED_PUBLISH_PATH,12,358,v0.2.0
ckeditor-full,4.7.3,20,F,UNVERIFIED_PUBLISH_PATH|DORMANT|SINGLE_MAINTAINER,1,358,v0.2.0
jquery-ui-datepicker-with-i18n,1.10.4,25,F,UNVERIFIED_PUBLISH_PATH|DORMANT|SINGLE_MAINTAINER,1,358,v0.2.0
snapdom,0.1.2,19,F,UNVERIFIED_PUBLISH_PATH|DORMANT|SINGLE_MAINTAINER,1,358,v0.2.0
happy-inputs,2.1.0,19,F,UNVERIFIED_PUBLISH_PATH|DORMANT|SINGLE_MAINTAINER,1,357,v0.2.0
social-share.js,1.0.16,14,F,UNVERIFIED_PUBLISH_PATH|DORMANT|SINGLE_MAINTAINER|PUBLISHER_NOT_MAINTAINER,1,357,v0.2.0
wanted-sans,1.0.3,19,F,UNVERIFIED_PUBLISH_PATH|DORMANT|SINGLE_MAINTAINER,1,357,v0.2.0
'@fontsource-variable/kufam,5.2.8,71,B,,2,356,v0.2.0
'@wix/auto_sdk_automations_activation-action-log,1.0.32,30,F,UNVERIFIED_PUBLISH_PATH,12,356,v0.2.0
basictable,2.0.5,19,F,UNVERIFIED_PUBLISH_PATH|DORMANT|SINGLE_MAINTAINER,1,356,v0.2.0
hw-chartjs-plugin-colorschemes,0.6.5,19,F,UNVERIFIED_PUBLISH_PATH|DORMANT|SINGLE_MAINTAINER,1,356,v0.2.0
'@fontsource-variable/lemonada,5.2.8,71,B,,2,355,v0.2.0
'@fontsource-variable/lexend-exa,5.2.11,71,B,,2,355,v0.2.0
'@fontsource/yuji-syuku,5.2.7,71,B,,2,355,v0.2.0
'@wix/auto_sdk_automations_custom-trigger,1.0.29,30,F,UNVERIFIED_PUBLISH_PATH,12,355,v0.2.0
biel-search,0.1.83,25,F,UNVERIFIED_PUBLISH_PATH|SINGLE_MAINTAINER,1,355,v0.2.0
reveal.js-menu,2.1.0,19,F,UNVERIFIED_PUBLISH_PATH|DORMANT|SINGLE_MAINTAINER,1,355,v0.2.0
videojs-contextmenu-ui,7.0.0,24,F,UNVERIFIED_PUBLISH_PATH|DORMANT|PUBLISHER_NOT_MAINTAINER,84,355,v0.2.0
mw-fonts,0.0.2,10,F,UNVERIFIED_PUBLISH_PATH|DORMANT|SINGLE_MAINTAINER,1,354,v0.2.0
'@blotoutio/providers-blotout-consent-sdk,1.63.3,25,F,UNVERIFIED_PUBLISH_PATH|SINGLE_MAINTAINER,1,353,v0.2.0
'@wix/auto_sdk_automations_activation-action-summary,1.0.21,30,F,UNVERIFIED_PUBLISH_PATH,12,353,v0.2.0
'@fontsource/rasa,5.2.9,71,B,,2,352,v0.2.0
'@wix/auto_sdk_automations_activation-log,1.0.53,30,F,UNVERIFIED_PUBLISH_PATH,12,352,v0.2.0
jquery-wheelcolorpicker,3.0.9,19,F,UNVERIFIED_PUBLISH_PATH|DORMANT|SINGLE_MAINTAINER,1,352,v0.2.0
mc-datepicker,0.6.5,19,F,UNVERIFIED_PUBLISH_PATH|DORMANT|SINGLE_MAINTAINER,1,352,v0.2.0
'@lookscanned/web-dist,2.41.0-git-cec1dd8e94cbc1b09bd7627441650144f7b8458b,21,F,UNVERIFIED_PUBLISH_PATH|SINGLE_MAINTAINER,1,351,v0.2.0
'@managed-api/commons-core,0.3.16,30,F,UNVERIFIED_PUBLISH_PATH,9,351,v0.2.0
anypicker,2.0.9,33,F,UNVERIFIED_PUBLISH_PATH|DORMANT,2,351,v0.2.0
kfgqpc-uthmanic-script-hafs-regular,1.0.0,15,F,UNVERIFIED_PUBLISH_PATH|DORMANT|SINGLE_MAINTAINER,1,351,v0.2.0
baffle,0.3.6,19,F,UNVERIFIED_PUBLISH_PATH|DORMANT|SINGLE_MAINTAINER,1,350,v0.2.0
'@8thwall/xrextras,1.0.0,39,D,UNVERIFIED_PUBLISH_PATH,2,349,v0.2.0
jquery-emoji-picker,0.2.2,19,F,UNVERIFIED_PUBLISH_PATH|DORMANT|SINGLE_MAINTAINER,1,349,v0.2.0
juxtaposejs,1.1.6,19,F,UNVERIFIED_PUBLISH_PATH|DORMANT|SINGLE_MAINTAINER,1,349,v0.2.0
'@digital-realty/ix-label-tag,2.4.4,35,D,UNVERIFIED_PUBLISH_PATH,4,348,v0.2.0
'@fontsource-variable/wittgenstein,5.2.8,71,B,,2,348,v0.2.0
'@digital-realty/ix-divider,1.3.4,35,D,UNVERIFIED_PUBLISH_PATH,4,347,v0.2.0
tooltipster-follower,0.1.5,19,F,UNVERIFIED_PUBLISH_PATH|DORMANT|SINGLE_MAINTAINER,1,347,v0.2.0
'@fontsource/cuprum,5.2.8,71,B,,2,346,v0.2.0
'@opuu/inview,2.3.1,25,F,UNVERIFIED_PUBLISH_PATH|SINGLE_MAINTAINER,1,346,v0.2.0
docsify-sidebar-collapse,1.3.5,19,F,UNVERIFIED_PUBLISH_PATH|DORMANT|SINGLE_MAINTAINER,1,346,v0.2.0
'@aurodesignsystem/auro-nav,4.1.1,89,A,,8,345,v0.2.0
'@fontsource-variable/comme,5.2.8,71,B,,2,345,v0.2.0
'@fontsource-variable/nokora,5.2.2,71,B,,2,345,v0.2.0
'@ideal-postcodes/postcode-lookup-bundled,3.0.7,40,D,UNVERIFIED_PUBLISH_PATH,2,345,v0.2.0
'@pardnchiu/quickui,0.6.18,25,F,UNVERIFIED_PUBLISH_PATH|SINGLE_MAINTAINER,1,345,v0.2.0
'@feedmepos/mf-common,1.29.23,30,F,UNVERIFIED_PUBLISH_PATH,3,344,v0.2.0
'@inpageedit/core,0.18.0,68,C,SINGLE_MAINTAINER,1,343,v0.2.0
halfmoon,2.0.2,19,F,UNVERIFIED_PUBLISH_PATH|DORMANT|SINGLE_MAINTAINER,1,343,v0.2.0
inview,0.0.15,19,F,UNVERIFIED_PUBLISH_PATH|DORMANT|SINGLE_MAINTAINER,1,343,v0.2.0
prebid-universal-creative,1.18.0,25,F,UNVERIFIED_PUBLISH_PATH|SINGLE_MAINTAINER,1,343,v0.2.0
'@inlang/plugin-i18next,6.2.3,82,B,,2,342,v0.2.0
svg-pan-zoom-container,0.6.1,19,F,UNVERIFIED_PUBLISH_PATH|DORMANT|SINGLE_MAINTAINER,1,342,v0.2.0
maximize-select2-height,1.0.4,19,F,UNVERIFIED_PUBLISH_PATH|DORMANT|SINGLE_MAINTAINER,1,341,v0.2.0
typecho-joe-next,7.3.6,15,F,UNVERIFIED_PUBLISH_PATH|DORMANT|SINGLE_MAINTAINER,1,341,v0.2.0
v-resizable,0.0.14,19,F,UNVERIFIED_PUBLISH_PATH|DORMANT|SINGLE_MAINTAINER,1,341,v0.2.0
'@juo/blocks,1.14.0,30,F,UNVERIFIED_PUBLISH_PATH,2,340,v0.2.0
iconista,3.0.0,25,F,UNVERIFIED_PUBLISH_PATH|SINGLE_MAINTAINER,1,340,v0.2.0
semantic-ui-dimmer,2.5.0,19,F,UNVERIFIED_PUBLISH_PATH|DORMANT|SINGLE_MAINTAINER,1,340,v0.2.0
'@banuba/agora-extension,2.0.0,24,F,UNVERIFIED_PUBLISH_PATH|DORMANT|PUBLISHER_NOT_MAINTAINER,6,339,v0.2.0
truelayer-web-sdk,0.11.0,30,F,UNVERIFIED_PUBLISH_PATH,2,339,v0.2.0
'@truex/ad-renderer,1.12.7,21,F,UNVERIFIED_PUBLISH_PATH|SINGLE_MAINTAINER,1,338,v0.2.0
kutty,0.6.0,19,F,UNVERIFIED_PUBLISH_PATH|DORMANT|SINGLE_MAINTAINER,1,338,v0.2.0
ngbootbox,0.2.0,19,F,UNVERIFIED_PUBLISH_PATH|DORMANT|SINGLE_MAINTAINER,1,338,v0.2.0
'@master/css-runtime,2.0.0-rc.67,76,B,,2,337,v0.2.0
'@optionfactory/ful,7.0.5,25,F,UNVERIFIED_PUBLISH_PATH|SINGLE_MAINTAINER,1,337,v0.2.0
'@plattar/plattar-ar-adapter,2.7.2,82,B,,2,337,v0.2.0
a11y-toggle,2.1.0,14,F,UNVERIFIED_PUBLISH_PATH|DORMANT|SINGLE_MAINTAINER|PUBLISHER_NOT_MAINTAINER,1,337,v0.2.0
bulma-tagsinput,2.0.0,9,F,UNVERIFIED_PUBLISH_PATH|DORMANT|SINGLE_MAINTAINER|PUBLISHER_NOT_MAINTAINER,1,337,v0.2.0
'@seth0x41/csharp-wasm,1.0.3,25,F,UNVERIFIED_PUBLISH_PATH|SINGLE_MAINTAINER,1,336,v0.2.0
'@fontsource/noto-serif-hk,5.2.9,71,B,,2,335,v0.2.0
noto-sans-tc,36.0.0,19,F,UNVERIFIED_PUBLISH_PATH|DORMANT|SINGLE_MAINTAINER,1,335,v0.2.0
x-mega-menu,1.4.1,33,F,UNVERIFIED_PUBLISH_PATH|DORMANT,2,335,v0.2.0
'@iconify-json/fontisto,1.2.1,15,F,UNVERIFIED_PUBLISH_PATH|DORMANT|SINGLE_MAINTAINER,1,333,v0.2.0
'@pine-ds/icons,10.0.0,32,F,UNVERIFIED_PUBLISH_PATH|SINGLE_MAINTAINER,1,333,v0.2.0
scrollcue,2.0.0,19,F,UNVERIFIED_PUBLISH_PATH|DORMANT|SINGLE_MAINTAINER,1,333,v0.2.0
umd-react,19.2.7,73,B,SINGLE_MAINTAINER,1,333,v0.2.0
wmf-sitematrix,0.2.0,33,F,UNVERIFIED_PUBLISH_PATH|DORMANT,2,332,v0.2.0
'@digital-realty/ix-toast,1.3.5,35,D,UNVERIFIED_PUBLISH_PATH,4,331,v0.2.0
bootstrap-dark-5,1.1.3,14,F,UNVERIFIED_PUBLISH_PATH|DORMANT|SINGLE_MAINTAINER|PUBLISHER_NOT_MAINTAINER|DEPRECATED,1,331,v0.2.0
bot18,0.4.31,19,F,UNVERIFIED_PUBLISH_PATH|DORMANT|SINGLE_MAINTAINER,1,330,v0.2.0
'@froomle/frontend-sdk,0.6.4,16,F,UNVERIFIED_PUBLISH_PATH|SINGLE_MAINTAINER|PUBLISHER_NOT_MAINTAINER,1,329,v0.2.0
'@hackmd/emojify.js,3.0.2,39,D,UNVERIFIED_PUBLISH_PATH,3,328,v0.2.0
'@wix/auto_sdk_events_ticket-reservations,1.0.50,30,F,UNVERIFIED_PUBLISH_PATH,12,328,v0.2.0
round-flag-icons,1.3.0,19,F,UNVERIFIED_PUBLISH_PATH|DORMANT|SINGLE_MAINTAINER,1,328,v0.2.0
guidechimp,5.0.5,79,B,SINGLE_MAINTAINER,1,326,v0.2.0
jquery-viewer,1.0.1,19,F,UNVERIFIED_PUBLISH_PATH|DORMANT|SINGLE_MAINTAINER,1,326,v0.2.0
sakura.css,1.5.1,25,F,UNVERIFIED_PUBLISH_PATH|SINGLE_MAINTAINER,1,326,v0.2.0
tailwindcss-cdn,3.4.10,19,F,UNVERIFIED_PUBLISH_PATH|DORMANT|SINGLE_MAINTAINER,1,326,v0.2.0
elegant-icons,0.0.1,19,F,UNVERIFIED_PUBLISH_PATH|DORMANT|SINGLE_MAINTAINER,1,325,v0.2.0
'@unidy.io/sdk,1.9.0,77,B,INCONSISTENT_PUBLISH_PATH,6,322,v0.2.0
card-js,1.0.13,19,F,UNVERIFIED_PUBLISH_PATH|DORMANT|SINGLE_MAINTAINER,1,322,v0.2.0
leaflet-pip,1.1.0,21,F,UNVERIFIED_PUBLISH_PATH|DORMANT|SINGLE_MAINTAINER|PUBLISHER_NOT_MAINTAINER|DEPRECATED,1,322,v0.2.0
jquery-dateformat,1.0.4,15,F,UNVERIFIED_PUBLISH_PATH|DORMANT|SINGLE_MAINTAINER,1,321,v0.2.0
'@mui-symbols-material/w500,0.4.1,14,F,UNVERIFIED_PUBLISH_PATH|DORMANT|SINGLE_MAINTAINER,1,320,v0.2.0
dynamsoft-document-normalizer,2.6.11,10,F,UNVERIFIED_PUBLISH_PATH|DORMANT|SINGLE_MAINTAINER|DEPRECATED,1,320,v0.2.0
jquery.steps,1.1.4,19,F,UNVERIFIED_PUBLISH_PATH|DORMANT|SINGLE_MAINTAINER,1,320,v0.2.0
'@fontsource/fusion-pixel-12px-proportional-sc,5.2.5,71,B,,2,319,v0.2.0
gifffer,1.5.4,19,F,UNVERIFIED_PUBLISH_PATH|DORMANT|SINGLE_MAINTAINER,1,319,v0.2.0
quick-email-editor-v2,0.4.9,29,F,UNVERIFIED_PUBLISH_PATH|DORMANT,2,319,v0.2.0
vue-snack,0.1.4,19,F,UNVERIFIED_PUBLISH_PATH|DORMANT|SINGLE_MAINTAINER,1,319,v0.2.0
'@grubersjoe/slide-menu,1.2.3,19,F,UNVERIFIED_PUBLISH_PATH|DORMANT|SINGLE_MAINTAINER|DEPRECATED,1,318,v0.2.0
froala-editor-paragraph-format-extended-plugin,0.2.0,19,F,UNVERIFIED_PUBLISH_PATH|DORMANT|SINGLE_MAINTAINER,1,318,v0.2.0
van11y-accessible-modal-window-aria,2.5.1,21,F,UNVERIFIED_PUBLISH_PATH|SINGLE_MAINTAINER,1,318,v0.2.0
jquery-gray,1.7.0,19,F,UNVERIFIED_PUBLISH_PATH|DORMANT|SINGLE_MAINTAINER,1,317,v0.2.0
'@creativecommons/vocabulary,2020.11.3,30,F,UNVERIFIED_PUBLISH_PATH|DORMANT|PUBLISHER_NOT_MAINTAINER,4,316,v0.2.0
'@imtbl/checkout-widgets,2.21.0,95,A,,3,316,v0.2.0
et-line,1.0.1,19,F,UNVERIFIED_PUBLISH_PATH|DORMANT|SINGLE_MAINTAINER,1,316,v0.2.0
jquery-ui-monthpicker,1.0.3,19,F,UNVERIFIED_PUBLISH_PATH|DORMANT|SINGLE_MAINTAINER,1,315,v0.2.0
'@orbitellabs/chatbot-sdk,2.0.4,21,F,UNVERIFIED_PUBLISH_PATH|SINGLE_MAINTAINER,1,314,v0.2.0
'@wewear/web-components,1.0.107,21,F,UNVERIFIED_PUBLISH_PATH|SINGLE_MAINTAINER,1,314,v0.2.0
'@iconify-json/cryptocurrency,1.2.3,21,F,UNVERIFIED_PUBLISH_PATH|SINGLE_MAINTAINER,1,313,v0.2.0
alpinejs-masonry,1.0.16,15,F,UNVERIFIED_PUBLISH_PATH|DORMANT|SINGLE_MAINTAINER,1,312,v0.2.0
'@ekyc_qoobiss/qbs-ect-cmp,5.7.0,35,D,UNVERIFIED_PUBLISH_PATH,3,311,v0.2.0
jquery-1.10.2,1.10.2,10,F,UNVERIFIED_PUBLISH_PATH|DORMANT|SINGLE_MAINTAINER,1,311,v0.2.0
ddslick,1.0.3,14,F,UNVERIFIED_PUBLISH_PATH|DORMANT|SINGLE_MAINTAINER|PUBLISHER_NOT_MAINTAINER,1,310,v0.2.0
'@fontsource/markazi-text,5.2.9,71,B,,2,309,v0.2.0
'@tesseract.js-data/heb,1.0.0,19,F,UNVERIFIED_PUBLISH_PATH|DORMANT|SINGLE_MAINTAINER,1,309,v0.2.0
siimple,4.4.0,25,F,UNVERIFIED_PUBLISH_PATH|SINGLE_MAINTAINER,1,309,v0.2.0
protip,1.4.21,14,F,UNVERIFIED_PUBLISH_PATH|DORMANT|SINGLE_MAINTAINER|PUBLISHER_NOT_MAINTAINER,1,308,v0.2.0
'@fontsource-variable/chiron-goround-tc,5.2.5,81,B,,2,307,v0.2.0
range-slider-element,2.2.0,25,F,UNVERIFIED_PUBLISH_PATH|SINGLE_MAINTAINER,1,305,v0.2.0
single-spa-canopy,3.2.0,39,D,UNVERIFIED_PUBLISH_PATH,12,305,v0.2.0
lxgw-wenkai-screen-web,1.522.0,73,B,SINGLE_MAINTAINER,1,304,v0.2.0
yandex-metrica-watch,1.449.0,16,F,UNVERIFIED_PUBLISH_PATH|SINGLE_MAINTAINER,1,304,v0.2.0
'@fontsource/patua-one,5.2.8,71,B,,2,302,v0.2.0
'@fontsource/neuton,5.2.7,71,B,,2,301,v0.2.0
dealposbooks,6.29.0,21,F,UNVERIFIED_PUBLISH_PATH|SINGLE_MAINTAINER,1,301,v0.2.0
'@fontsource/cherry-bomb-one,5.2.7,71,B,,2,300,v0.2.0
'@fontsource/playwrite-us-trad,5.2.7,71,B,,2,300,v0.2.0
'@pwabuilder/pwaupdate,0.2.1,29,F,UNVERIFIED_PUBLISH_PATH|DORMANT,3,300,v0.2.0
selectivizr,1.0.3,19,F,UNVERIFIED_PUBLISH_PATH|DORMANT|SINGLE_MAINTAINER,1,300,v0.2.0
'@coopdigital/foundations-buttons,2.7.14,39,D,UNVERIFIED_PUBLISH_PATH,4,299,v0.2.0
litepicker-module-ranges,0.0.4,19,F,UNVERIFIED_PUBLISH_PATH|DORMANT|SINGLE_MAINTAINER|DEPRECATED,1,299,v0.2.0
'@coopdigital/foundations-forms,5.6.10,39,D,UNVERIFIED_PUBLISH_PATH,4,298,v0.2.0
'@fontsource/goldman,5.2.8,71,B,,2,297,v0.2.0
'@picmo/renderer-twemoji,5.8.5,19,F,UNVERIFIED_PUBLISH_PATH|DORMANT|SINGLE_MAINTAINER|DEPRECATED,1,297,v0.2.0
jquery-cron,1.0.0,14,F,UNVERIFIED_PUBLISH_PATH|DORMANT|SINGLE_MAINTAINER,1,297,v0.2.0
slidebars,2.0.2,15,F,UNVERIFIED_PUBLISH_PATH|DORMANT|SINGLE_MAINTAINER,1,297,v0.2.0
ai-taxonomist,0.7.0,33,F,UNVERIFIED_PUBLISH_PATH|DORMANT,4,296,v0.2.0
'@ip-location-db/geo-whois-asn-country,2.3.2026061719,58,C,INCONSISTENT_PUBLISH_PATH|SINGLE_MAINTAINER,1,295,v0.2.0
marvinj,1.0.0,19,F,UNVERIFIED_PUBLISH_PATH|DORMANT|SINGLE_MAINTAINER,1,295,v0.2.0
'@fontsource/cantarell,5.2.8,71,B,,2,294,v0.2.0
'@johanaarstein/dotlottie-player,1.5.23,19,F,UNVERIFIED_PUBLISH_PATH|DORMANT|SINGLE_MAINTAINER|DEPRECATED,1,294,v0.2.0
treeviz,3.0.1,19,F,UNVERIFIED_PUBLISH_PATH|DORMANT|SINGLE_MAINTAINER,1,294,v0.2.0
cn-fontsource-alimama-dong-fang-da-kai-regular,1.0.3,19,F,UNVERIFIED_PUBLISH_PATH|DORMANT|SINGLE_MAINTAINER,1,293,v0.2.0
select-woo,1.0.1,14,F,UNVERIFIED_PUBLISH_PATH|DORMANT|SINGLE_MAINTAINER,1,293,v0.2.0
'@fontsource/sansation,5.2.2,71,B,,2,292,v0.2.0
'@fontsource/sansita,5.2.8,71,B,,2,292,v0.2.0
'@kissflow/lowcode-client-sdk,1.0.49,41,D,UNVERIFIED_PUBLISH_PATH,2,292,v0.2.0
hc-offcanvas-nav,6.2.5,25,F,UNVERIFIED_PUBLISH_PATH|SINGLE_MAINTAINER,1,292,v0.2.0
'@fontsource/palanquin,5.2.8,71,B,,2,290,v0.2.0
'@mate-academy/sourcebuster,1.5.2,16,F,UNVERIFIED_PUBLISH_PATH|SINGLE_MAINTAINER,1,290,v0.2.0
'@stlite/browser,1.8.1,68,C,SINGLE_MAINTAINER,1,290,v0.2.0
v-google-translate,1.0.1,19,F,UNVERIFIED_PUBLISH_PATH|DORMANT|SINGLE_MAINTAINER,1,289,v0.2.0
'@depict-ai/utilishared,2.6.6,35,D,UNVERIFIED_PUBLISH_PATH,2,288,v0.2.0
docs-searchbar.js,2.5.0,33,F,UNVERIFIED_PUBLISH_PATH|DORMANT,4,287,v0.2.0
leaflet-control-custom,1.0.0,19,F,UNVERIFIED_PUBLISH_PATH|DORMANT|SINGLE_MAINTAINER,1,287,v0.2.0
leaflet-panel-layers,1.3.1,19,F,UNVERIFIED_PUBLISH_PATH|DORMANT|SINGLE_MAINTAINER,1,287,v0.2.0
ractive-transitions-fly,0.3.0,19,F,UNVERIFIED_PUBLISH_PATH|DORMANT|SINGLE_MAINTAINER,1,287,v0.2.0
'@fontsource/charis-sil,5.2.7,71,B,,2,286,v0.2.0
'@8wave/ai-elements,0.93.0,21,F,UNVERIFIED_PUBLISH_PATH|SINGLE_MAINTAINER,1,285,v0.2.0
'@hellouxpavel/cssanimation,6.11.7,31,F,UNVERIFIED_PUBLISH_PATH|SINGLE_MAINTAINER,1,285,v0.2.0
'@digital-realty/ix-accordion,1.2.4,35,D,UNVERIFIED_PUBLISH_PATH,4,284,v0.2.0
gidx-js,0.6.3,25,F,UNVERIFIED_PUBLISH_PATH|SINGLE_MAINTAINER,1,284,v0.2.0
map-gl-style-switcher,0.10.1,63,C,INCONSISTENT_PUBLISH_PATH|SINGLE_MAINTAINER,1,284,v0.2.0
'@fontsource/lateef,5.2.8,71,B,,2,283,v0.2.0
'@fontsource/livvic,5.2.7,71,B,,2,283,v0.2.0
dejavu-sans,1.0.0,19,F,UNVERIFIED_PUBLISH_PATH|DORMANT|SINGLE_MAINTAINER,1,283,v0.2.0
'@tannerhodges/snap-slider,2.0.3,19,F,UNVERIFIED_PUBLISH_PATH|DORMANT|SINGLE_MAINTAINER,1,282,v0.2.0
hexo-butterfly-tag-plugins-plus,1.0.18,19,F,UNVERIFIED_PUBLISH_PATH|DORMANT|SINGLE_MAINTAINER,1,282,v0.2.0
slick-animation,0.3.3,19,F,UNVERIFIED_PUBLISH_PATH|DORMANT|SINGLE_MAINTAINER,1,282,v0.2.0
wot-design,2.4.1,33,F,UNVERIFIED_PUBLISH_PATH|DORMANT,8,282,v0.2.0
jqgrid,4.6.4,10,F,UNVERIFIED_PUBLISH_PATH|DORMANT|SINGLE_MAINTAINER,1,281,v0.2.0
'@fontsource/ruda,5.2.8,71,B,,2,280,v0.2.0
html-midi-player,1.6.0,25,F,UNVERIFIED_PUBLISH_PATH|SINGLE_MAINTAINER,1,279,v0.2.0
beerslider,1.0.3,19,F,UNVERIFIED_PUBLISH_PATH|DORMANT|SINGLE_MAINTAINER,1,278,v0.2.0
layuicdns,1.6.4,25,F,UNVERIFIED_PUBLISH_PATH|SINGLE_MAINTAINER,1,278,v0.2.0
material-scrolltop,2.0.1,19,F,UNVERIFIED_PUBLISH_PATH|DORMANT|SINGLE_MAINTAINER,1,278,v0.2.0
'@fontsource/trirong,5.2.8,71,B,,2,277,v0.2.0
'@vidstack/cdn,1.15.4,25,F,UNVERIFIED_PUBLISH_PATH|SINGLE_MAINTAINER,1,277,v0.2.0
gotham-fonts,1.0.3,10,F,UNVERIFIED_PUBLISH_PATH|DORMANT|SINGLE_MAINTAINER,1,277,v0.2.0
'@dmuy/timepicker,2.0.2,19,F,UNVERIFIED_PUBLISH_PATH|DORMANT|SINGLE_MAINTAINER,1,276,v0.2.0
bootstrap-colorselector,0.1.0,19,F,UNVERIFIED_PUBLISH_PATH|DORMANT|SINGLE_MAINTAINER,1,276,v0.2.0
three-js,79.0.0,19,F,UNVERIFIED_PUBLISH_PATH|DORMANT|SINGLE_MAINTAINER|DEPRECATED,1,276,v0.2.0
'@foxreis/tizentube,1.14.6,25,F,UNVERIFIED_PUBLISH_PATH|SINGLE_MAINTAINER,1,275,v0.2.0
futura-font,1.0.0,19,F,UNVERIFIED_PUBLISH_PATH|DORMANT|SINGLE_MAINTAINER,1,275,v0.2.0
'@depict-ai/dpc,2.6.10,35,D,UNVERIFIED_PUBLISH_PATH,2,274,v0.2.0
'@fontsource/fredericka-the-great,5.2.7,71,B,,2,274,v0.2.0
artplayer-plugin-chromecast,1.1.0,25,F,UNVERIFIED_PUBLISH_PATH|SINGLE_MAINTAINER,1,274,v0.2.0
echarts-map,3.0.1,14,F,UNVERIFIED_PUBLISH_PATH|DORMANT|SINGLE_MAINTAINER,1,274,v0.2.0
'@fontsource/delius,5.2.7,71,B,,2,273,v0.2.0
artyom.js,1.0.6,19,F,UNVERIFIED_PUBLISH_PATH|DORMANT|SINGLE_MAINTAINER,1,273,v0.2.0
goodshare.js,6.3.0,19,F,UNVERIFIED_PUBLISH_PATH|DORMANT|SINGLE_MAINTAINER,1,272,v0.2.0
'@commercelayer/drop-in.js,2.27.0,82,B,,2,271,v0.2.0
'@tripetto/studio,4.0.1,29,F,UNVERIFIED_PUBLISH_PATH|DORMANT,3,271,v0.2.0
'@telegram.ts/types,1.29.2,20,F,UNVERIFIED_PUBLISH_PATH|SINGLE_MAINTAINER,1,270,v0.2.0
jquery.initialize,1.3.2,33,F,UNVERIFIED_PUBLISH_PATH|DORMANT,2,270,v0.2.0
jquery.toc,0.4.0,19,F,UNVERIFIED_PUBLISH_PATH|DORMANT|SINGLE_MAINTAINER,1,270,v0.2.0
'@fontsource/vidaloka,5.2.7,71,B,,2,269,v0.2.0
'@fontsource/encode-sans-expanded,5.2.7,71,B,,2,267,v0.2.0
'@watergis/mapbox-gl-export,3.6.1,20,F,UNVERIFIED_PUBLISH_PATH|SINGLE_MAINTAINER,1,267,v0.2.0
'@wix/headless-events,0.0.66,30,F,UNVERIFIED_PUBLISH_PATH,6,266,v0.2.0
rasa-webchat,1.0.1,33,F,UNVERIFIED_PUBLISH_PATH|DORMANT,2,266,v0.2.0
'@fontsource/sawarabi-mincho,5.2.8,71,B,,2,265,v0.2.0
sgds-govtech,1.3.23,33,F,UNVERIFIED_PUBLISH_PATH|DORMANT,4,264,v0.2.0
hemfixarna-web-components,1.8.23,35,D,UNVERIFIED_PUBLISH_PATH,3,263,v0.2.0
jquery_lazyload,1.9.3,19,F,UNVERIFIED_PUBLISH_PATH|DORMANT|SINGLE_MAINTAINER,1,263,v0.2.0
noto-sans-kr-font,0.0.6,19,F,UNVERIFIED_PUBLISH_PATH|DORMANT|SINGLE_MAINTAINER,1,263,v0.2.0
lxgw-wenkai-lite-webfont,1.7.0,19,F,UNVERIFIED_PUBLISH_PATH|DORMANT|SINGLE_MAINTAINER,1,261,v0.2.0
sticksy,0.2.0,19,F,UNVERIFIED_PUBLISH_PATH|DORMANT|SINGLE_MAINTAINER,1,261,v0.2.0
vast-player,0.2.10,19,F,UNVERIFIED_PUBLISH_PATH|DORMANT|SINGLE_MAINTAINER,1,260,v0.2.0
bulib-wc,0.1.59,33,F,UNVERIFIED_PUBLISH_PATH|DORMANT,4,259,v0.2.0
simple-jekyll-search,1.10.0,19,F,UNVERIFIED_PUBLISH_PATH|DORMANT|SINGLE_MAINTAINER,1,259,v0.2.0
'@flussonic/flussonic-mse-player,26.4.0-2-ga9c7672,20,F,UNVERIFIED_PUBLISH_PATH|SINGLE_MAINTAINER,1,258,v0.2.0
'@nasa-terra/components,0.0.194,39,D,UNVERIFIED_PUBLISH_PATH,3,258,v0.2.0
'@bikematrix/web-components,1.3.16,39,D,UNVERIFIED_PUBLISH_PATH,3,256,v0.2.0
'@sableclient/twemoji-font,1.0.4,87,A,,3,256,v0.2.0
mona-sans,1.0.0,14,F,UNVERIFIED_PUBLISH_PATH|DORMANT|SINGLE_MAINTAINER,1,256,v0.2.0
'@tracelog/lib,3.3.2,38,D,UNVERIFIED_PUBLISH_PATH|SINGLE_MAINTAINER,1,255,v0.2.0
ibm-appconfiguration-js-client-sdk,0.3.0,25,F,UNVERIFIED_PUBLISH_PATH|SINGLE_MAINTAINER,1,255,v0.2.0
open-sans-all,0.1.3,19,F,UNVERIFIED_PUBLISH_PATH|DORMANT|SINGLE_MAINTAINER,1,255,v0.2.0
'@algolia/algoliasearch-netlify-frontend,1.0.15,28,F,UNVERIFIED_PUBLISH_PATH|DORMANT|PUBLISHER_NOT_MAINTAINER,11,253,v0.2.0
'@fontsource/uncut-sans,5.2.5,71,B,,2,253,v0.2.0
'@wp-pay/logos,2.3.2,39,D,UNVERIFIED_PUBLISH_PATH,2,252,v0.2.0
barba.js,1.0.0,19,F,UNVERIFIED_PUBLISH_PATH|DORMANT|SINGLE_MAINTAINER,1,252,v0.2.0
bytebrew-web-sdk,1.0.1,15,F,UNVERIFIED_PUBLISH_PATH|DORMANT|SINGLE_MAINTAINER,1,252,v0.2.0
'@digital-realty/ix-filter-select,1.3.5,35,D,UNVERIFIED_PUBLISH_PATH,4,251,v0.2.0
owlcarousel,1.3.3,19,F,UNVERIFIED_PUBLISH_PATH|DORMANT|SINGLE_MAINTAINER,1,251,v0.2.0
use-bootstrap-select,2.2.1,14,F,UNVERIFIED_PUBLISH_PATH|DORMANT|SINGLE_MAINTAINER,1,251,v0.2.0
van11y-accessible-tab-panel-aria,2.1.0,21,F,UNVERIFIED_PUBLISH_PATH|SINGLE_MAINTAINER,1,251,v0.2.0
videojs-watermark,2.0.0,33,F,UNVERIFIED_PUBLISH_PATH|DORMANT,3,250,v0.2.0
'@digital-realty/ix-chip,1.3.4,35,D,UNVERIFIED_PUBLISH_PATH,4,249,v0.2.0
'@digital-realty/ix-email-list,1.4.4,35,D,UNVERIFIED_PUBLISH_PATH,4,249,v0.2.0
live2d-widgets,1.0.1,25,F,UNVERIFIED_PUBLISH_PATH|SINGLE_MAINTAINER,1,249,v0.2.0
tempusdominus-bootstrap,5.37.0,19,F,UNVERIFIED_PUBLISH_PATH|DORMANT|SINGLE_MAINTAINER,1,249,v0.2.0
'@clappr/hlsjs-playback,1.9.4,39,D,UNVERIFIED_PUBLISH_PATH,9,248,v0.2.0
'@fontsource/patrick-hand-sc,5.2.8,71,B,,2,248,v0.2.0
'@digital-realty/ix-time,1.3.4,35,D,UNVERIFIED_PUBLISH_PATH,4,247,v0.2.0
lxgw-wenkai-tc-webfont,1.2.0,19,F,UNVERIFIED_PUBLISH_PATH|DORMANT|SINGLE_MAINTAINER,1,247,v0.2.0
'@fontsource/reggae-one,5.2.8,71,B,,2,246,v0.2.0
'@kvass/widgets,1.10.3,39,D,UNVERIFIED_PUBLISH_PATH,2,246,v0.2.0
'@material-symbols-react-native/outlined-400,1.0.0,19,F,UNVERIFIED_PUBLISH_PATH|DORMANT|SINGLE_MAINTAINER,1,245,v0.2.0
radial-progress-chart,0.0.4,19,F,UNVERIFIED_PUBLISH_PATH|DORMANT|SINGLE_MAINTAINER,1,245,v0.2.0
rozmova-analytics,1.1.56,16,F,UNVERIFIED_PUBLISH_PATH|SINGLE_MAINTAINER,1,245,v0.2.0
'@digital-realty/ix-wizard,1.3.6,35,D,UNVERIFIED_PUBLISH_PATH,4,244,v0.2.0
'@fontsource/koho,5.2.8,71,B,,2,244,v0.2.0
'@tesseract.js-data/nld,1.0.0,19,F,UNVERIFIED_PUBLISH_PATH|DORMANT|SINGLE_MAINTAINER,1,244,v0.2.0
share-buttons,1.10.0,25,F,UNVERIFIED_PUBLISH_PATH|SINGLE_MAINTAINER,1,244,v0.2.0
shuffle-text,0.6.0,25,F,UNVERIFIED_PUBLISH_PATH|SINGLE_MAINTAINER,1,244,v0.2.0
litepicker-polyfills-ie11,0.0.1,19,F,UNVERIFIED_PUBLISH_PATH|DORMANT|SINGLE_MAINTAINER,1,243,v0.2.0
revslider,5.4.201-8.6,19,F,UNVERIFIED_PUBLISH_PATH|DORMANT|SINGLE_MAINTAINER,1,242,v0.2.0
'@fontsource/solway,5.2.8,71,B,,2,241,v0.2.0
'@ip-location-db/asn,2.3.2026061719,58,C,INCONSISTENT_PUBLISH_PATH|SINGLE_MAINTAINER,1,241,v0.2.0
findindex_polyfill_mdn,1.0.0,15,F,UNVERIFIED_PUBLISH_PATH|DORMANT|SINGLE_MAINTAINER,1,241,v0.2.0
js-info-bubble,0.8.0,19,F,UNVERIFIED_PUBLISH_PATH|DORMANT|SINGLE_MAINTAINER,1,241,v0.2.0
'@digital-realty/ix-multi-select,1.3.5,35,D,UNVERIFIED_PUBLISH_PATH,4,240,v0.2.0
'@fontsource/economica,5.2.8,71,B,,2,240,v0.2.0
datatables-buttons-excel-styles,1.2.0,19,F,UNVERIFIED_PUBLISH_PATH|DORMANT|SINGLE_MAINTAINER,1,240,v0.2.0
polipop,1.0.0,19,F,UNVERIFIED_PUBLISH_PATH|DORMANT|SINGLE_MAINTAINER,1,240,v0.2.0
'@fontsource/pattaya,5.2.8,71,B,,2,239,v0.2.0
'@fontsource/sriracha,5.2.8,71,B,,2,239,v0.2.0
jquery.mb.ytplayer,3.4.6,25,F,UNVERIFIED_PUBLISH_PATH|SINGLE_MAINTAINER,1,239,v0.2.0
'@fontsource/inria-serif,5.2.8,71,B,,2,237,v0.2.0
'@fontsource/saira-extra-condensed,5.2.7,71,B,,2,237,v0.2.0
disableautofill,4.0.0,19,F,UNVERIFIED_PUBLISH_PATH|DORMANT|SINGLE_MAINTAINER,1,237,v0.2.0
file-drop-element,1.0.1,19,F,UNVERIFIED_PUBLISH_PATH|DORMANT|SINGLE_MAINTAINER,1,237,v0.2.0
jqplot,1.0.9,10,F,UNVERIFIED_PUBLISH_PATH|DORMANT|SINGLE_MAINTAINER,1,237,v0.2.0
minigrid,3.1.1,19,F,UNVERIFIED_PUBLISH_PATH|DORMANT|SINGLE_MAINTAINER,1,237,v0.2.0
'@recogito/annotorious-toolbar,1.2.1,29,F,UNVERIFIED_PUBLISH_PATH|DORMANT,3,236,v0.2.0
'@digital-realty/ix-timer,3.5.4,35,D,UNVERIFIED_PUBLISH_PATH,4,235,v0.2.0
'@fontsource/belleza,5.2.8,71,B,,2,235,v0.2.0
'@gcba/obelisco-v2,1.15.0,25,F,UNVERIFIED_PUBLISH_PATH|SINGLE_MAINTAINER,1,235,v0.2.0
'@ip-location-db/geo-whois-asn-country-mmdb,2.3.2026061719,68,C,SINGLE_MAINTAINER,1,235,v0.2.0
'@reachfive/identity-ui,1.43.1,71,B,INCONSISTENT_PUBLISH_PATH,3,235,v0.2.0
devicons,2.0.1,63,C,INCONSISTENT_PUBLISH_PATH|SINGLE_MAINTAINER,1,235,v0.2.0
sakana-widget,3.0.1,25,F,UNVERIFIED_PUBLISH_PATH|SINGLE_MAINTAINER,1,235,v0.2.0
'@cdek-it/widget,3.11.1,39,D,UNVERIFIED_PUBLISH_PATH|DORMANT|BRANCH_REQUIRES_SIGNATURES|BRANCH_REQUIRES_PR,3,234,v0.2.0
simptip,1.0.4,19,F,UNVERIFIED_PUBLISH_PATH|DORMANT|SINGLE_MAINTAINER,1,234,v0.2.0
'@list-kr/tinyshield,1.8.1,63,C,SINGLE_MAINTAINER,1,232,v0.2.0
eldarion-ajax,0.16.0,19,F,UNVERIFIED_PUBLISH_PATH|DORMANT|SINGLE_MAINTAINER,1,232,v0.2.0
leaflet.pancontrol,1.0.0,33,F,UNVERIFIED_PUBLISH_PATH|DORMANT,3,232,v0.2.0
layui-layer,1.0.9,14,F,UNVERIFIED_PUBLISH_PATH|DORMANT|SINGLE_MAINTAINER,1,231,v0.2.0
'@digital-realty/ix-tabs,1.3.4,35,D,UNVERIFIED_PUBLISH_PATH,4,230,v0.2.0
'@lobehub/fluent-emoji-flat,1.1.0,33,F,UNVERIFIED_PUBLISH_PATH|DORMANT,9,230,v0.2.0
'@wf-financing/ui,5.5.1,16,F,UNVERIFIED_PUBLISH_PATH|SINGLE_MAINTAINER,1,230,v0.2.0
responsive-tabs,1.6.3,19,F,UNVERIFIED_PUBLISH_PATH|DORMANT|SINGLE_MAINTAINER,1,230,v0.2.0
'@feedmepos/mf-remy-panel,0.16.0,30,F,UNVERIFIED_PUBLISH_PATH,3,229,v0.2.0
bry-biometric-collector,3.3.6,21,F,UNVERIFIED_PUBLISH_PATH|SINGLE_MAINTAINER,1,229,v0.2.0
'@aws/amazon-location-client,1.3.2,94,A,,4,228,v0.2.0
'@commversion/libs,0.18.12,21,F,UNVERIFIED_PUBLISH_PATH|SINGLE_MAINTAINER,1,228,v0.2.0
hi-base64,0.5.0,25,F,UNVERIFIED_PUBLISH_PATH|SINGLE_MAINTAINER,1,228,v0.2.0
vue-custom-range-slider,0.2.3,19,F,UNVERIFIED_PUBLISH_PATH|DORMANT|SINGLE_MAINTAINER,1,228,v0.2.0
'@fontsource/gentium-plus,5.2.7,71,B,,2,227,v0.2.0
theme-toggles,4.10.1,14,F,UNVERIFIED_PUBLISH_PATH|DORMANT|SINGLE_MAINTAINER|DEPRECATED,1,227,v0.2.0
'@fontsource/arima,5.2.8,71,B,,2,226,v0.2.0
rolldate-full,3.2.3,19,F,UNVERIFIED_PUBLISH_PATH|DORMANT|SINGLE_MAINTAINER,1,226,v0.2.0
vanilla-hcaptcha,1.0.3,15,F,UNVERIFIED_PUBLISH_PATH|DORMANT|SINGLE_MAINTAINER,1,226,v0.2.0
wheelzoom,4.0.1,19,F,UNVERIFIED_PUBLISH_PATH|DORMANT|SINGLE_MAINTAINER,1,226,v0.2.0
jquery-sticky-kit,1.1.3,19,F,UNVERIFIED_PUBLISH_PATH|DORMANT|SINGLE_MAINTAINER,1,225,v0.2.0
'@aurodesignsystem/auro-background,5.0.1,89,A,,8,224,v0.2.0
'@digital-realty/ix-file-uploader,1.3.5,35,D,UNVERIFIED_PUBLISH_PATH,4,224,v0.2.0
'@formbird/angular-elements,8.5.7,35,D,UNVERIFIED_PUBLISH_PATH,17,224,v0.2.0
htmx-ext-morphdom-swap,2.0.2,25,F,UNVERIFIED_PUBLISH_PATH|SINGLE_MAINTAINER,1,224,v0.2.0
mediabox,1.1.3,19,F,UNVERIFIED_PUBLISH_PATH|DORMANT|SINGLE_MAINTAINER,1,224,v0.2.0
rolldate,3.1.3,19,F,UNVERIFIED_PUBLISH_PATH|DORMANT|SINGLE_MAINTAINER,1,224,v0.2.0
thedatepicker,3.1.0,25,F,UNVERIFIED_PUBLISH_PATH|SINGLE_MAINTAINER,1,224,v0.2.0
'@fontsource/murecho,5.2.8,71,B,,2,223,v0.2.0
'@lmc-eu/cookie-consent-manager,2.6.0,14,F,UNVERIFIED_PUBLISH_PATH|DORMANT|SINGLE_MAINTAINER,1,223,v0.2.0
css-browser-selector,0.6.5,19,F,UNVERIFIED_PUBLISH_PATH|DORMANT|SINGLE_MAINTAINER,1,223,v0.2.0
'@fontsource/athiti,5.2.8,71,B,,2,222,v0.2.0
jquery.dfp,2.4.2,19,F,UNVERIFIED_PUBLISH_PATH|DORMANT|SINGLE_MAINTAINER,1,222,v0.2.0
'@fontsource/prosto-one,5.2.8,71,B,,2,221,v0.2.0
'@fontsource/dongle,5.2.7,71,B,,2,220,v0.2.0
'@fontsource/unna,5.2.8,71,B,,2,220,v0.2.0
'@lobehub/webfont-harmony-sans-sc,1.0.0,33,F,UNVERIFIED_PUBLISH_PATH|DORMANT,9,220,v0.2.0
jquery.serialscroll,1.3.2,19,F,UNVERIFIED_PUBLISH_PATH|DORMANT|SINGLE_MAINTAINER,1,220,v0.2.0
'@fastwork/xosmoz-theme,1.1.7,35,D,UNVERIFIED_PUBLISH_PATH,2,219,v0.2.0
mapbox-gl-rain-layer,0.9.1,25,F,UNVERIFIED_PUBLISH_PATH|SINGLE_MAINTAINER,1,216,v0.2.0
siimple-icons,4.4.0,25,F,UNVERIFIED_PUBLISH_PATH|SINGLE_MAINTAINER,1,216,v0.2.0
'@memori.ai/memori-webcomponent,8.2.16,39,D,UNVERIFIED_PUBLISH_PATH,3,215,v0.2.0
jquery.equalheights,1.5.3,19,F,UNVERIFIED_PUBLISH_PATH|DORMANT|SINGLE_MAINTAINER,1,215,v0.2.0
'@deriv-com/webflow-plugins,1.1.3,21,F,UNVERIFIED_PUBLISH_PATH|SINGLE_MAINTAINER,1,214,v0.2.0
bootstrap-select-country,4.2.0,19,F,UNVERIFIED_PUBLISH_PATH|DORMANT|SINGLE_MAINTAINER,1,214,v0.2.0
font-awesome-5-css,5.4.1,10,F,UNVERIFIED_PUBLISH_PATH|DORMANT|SINGLE_MAINTAINER,1,214,v0.2.0
'@fontsource/alegreya-sc,5.2.8,71,B,,2,213,v0.2.0
live2d-widget-model-hibiki,1.0.5,28,F,UNVERIFIED_PUBLISH_PATH|DORMANT,2,213,v0.2.0
sticky-scroller,0.4.0,33,F,UNVERIFIED_PUBLISH_PATH|DORMANT,2,213,v0.2.0
jquery-connections,1.0.1,19,F,UNVERIFIED_PUBLISH_PATH|DORMANT|SINGLE_MAINTAINER,1,212,v0.2.0
knockout-fast-foreach,0.6.0,19,F,UNVERIFIED_PUBLISH_PATH|DORMANT|SINGLE_MAINTAINER,1,212,v0.2.0
opencc-data,1.4.1,77,B,INCONSISTENT_PUBLISH_PATH,3,212,v0.2.0
styletron,3.0.4,14,F,UNVERIFIED_PUBLISH_PATH|DORMANT|SINGLE_MAINTAINER,1,212,v0.2.0
'@fontsource/allerta-stencil,5.2.8,71,B,,2,211,v0.2.0
'@fontsource/martel,5.2.8,71,B,,2,211,v0.2.0
'@fontsource/martel-sans,5.2.8,71,B,,2,211,v0.2.0
'@tesseract.js-data/osd,1.0.0,19,F,UNVERIFIED_PUBLISH_PATH|DORMANT|SINGLE_MAINTAINER,1,211,v0.2.0
'@thasmo/external-svg-polyfill,3.1.2,19,F,UNVERIFIED_PUBLISH_PATH|DORMANT|SINGLE_MAINTAINER,1,211,v0.2.0
jquery-clock-timepicker,2.6.6,25,F,UNVERIFIED_PUBLISH_PATH|SINGLE_MAINTAINER,1,211,v0.2.0
jsmart,4.0.0,19,F,UNVERIFIED_PUBLISH_PATH|DORMANT|SINGLE_MAINTAINER,1,211,v0.2.0
tinymce-all-in-one,4.9.5,15,F,UNVERIFIED_PUBLISH_PATH|DORMANT|SINGLE_MAINTAINER,1,211,v0.2.0
'@fontsource/gudea,5.2.8,71,B,,2,210,v0.2.0
toaster-ui,1.1.5,19,F,UNVERIFIED_PUBLISH_PATH|DORMANT|SINGLE_MAINTAINER,1,210,v0.2.0
'@fontsource/kodchasan,5.2.8,71,B,,2,209,v0.2.0
'@ip-location-db/asn-mmdb,2.3.2026061719,68,C,SINGLE_MAINTAINER,1,209,v0.2.0
'@typehaus/metropolis,12.0.0-next.7,28,F,UNVERIFIED_PUBLISH_PATH|DORMANT,2,209,v0.2.0
'@fontsource/aboreto,5.2.7,71,B,,2,207,v0.2.0
'@fontsource/song-myung,5.2.8,71,B,,2,207,v0.2.0
'@observablehq/highlight.js,2.0.0,34,F,UNVERIFIED_PUBLISH_PATH|DORMANT|PUBLISHER_NOT_MAINTAINER,4,207,v0.2.0
'@ricky0123/vad,0.2.4,15,F,UNVERIFIED_PUBLISH_PATH|DORMANT|SINGLE_MAINTAINER|DEPRECATED,1,207,v0.2.0
'@zanichelli/zanichelli-footer,1.1.1,30,F,UNVERIFIED_PUBLISH_PATH,27,207,v0.2.0
credit-card-logos,1.0.5,19,F,UNVERIFIED_PUBLISH_PATH|DORMANT|SINGLE_MAINTAINER,1,207,v0.2.0
tempusdominus-bootstrap-3,5.0.0-alpha10,33,F,UNVERIFIED_PUBLISH_PATH|DORMANT,2,207,v0.2.0
doofinder,7.0.3,25,F,UNVERIFIED_PUBLISH_PATH|SINGLE_MAINTAINER,1,206,v0.2.0
mt-boost,1.0.46,10,F,UNVERIFIED_PUBLISH_PATH|DORMANT|SINGLE_MAINTAINER,1,206,v0.2.0
'@icon/dashicons,0.9.0-alpha.4,33,F,UNVERIFIED_PUBLISH_PATH|DORMANT,2,205,v0.2.0
cdnbye,1.22.1,19,F,UNVERIFIED_PUBLISH_PATH|DORMANT|SINGLE_MAINTAINER,1,205,v0.2.0
wonder-image,2.1.1-alpha.3,21,F,UNVERIFIED_PUBLISH_PATH|SINGLE_MAINTAINER,1,205,v0.2.0
'@blendvision/player,2.27.1,16,F,UNVERIFIED_PUBLISH_PATH|SINGLE_MAINTAINER,1,204,v0.2.0
'@feedmepos/mf-brand-app-builder,0.5.41-prod,30,F,UNVERIFIED_PUBLISH_PATH,3,204,v0.2.0
'@icon/stroke-7,1.2.0-alpha.3,33,F,UNVERIFIED_PUBLISH_PATH|DORMANT,2,204,v0.2.0
caroufredsel,6.2.1,19,F,UNVERIFIED_PUBLISH_PATH|DORMANT|SINGLE_MAINTAINER,1,204,v0.2.0
'@fontsource/julius-sans-one,5.2.7,71,B,,2,203,v0.2.0
'@mladenilic/threesixty.js,1.3.0,19,F,UNVERIFIED_PUBLISH_PATH|DORMANT|SINGLE_MAINTAINER,1,203,v0.2.0
iframe-lightbox,0.2.12,25,F,UNVERIFIED_PUBLISH_PATH|SINGLE_MAINTAINER,1,203,v0.2.0
jquery-ui-1-11-4,1.11.4,20,F,UNVERIFIED_PUBLISH_PATH|DORMANT|SINGLE_MAINTAINER|DEPRECATED,1,203,v0.2.0
'@cycjimmy/swiper-animation,6.0.3,19,F,UNVERIFIED_PUBLISH_PATH|DORMANT|SINGLE_MAINTAINER,1,202,v0.2.0
fansunited-widgets-cdn,0.0.105,35,D,UNVERIFIED_PUBLISH_PATH,3,202,v0.2.0
table2excel,1.0.4,19,F,UNVERIFIED_PUBLISH_PATH|DORMANT|SINGLE_MAINTAINER,1,202,v0.2.0
'@twind/cdn,1.0.8,21,F,UNVERIFIED_PUBLISH_PATH|DORMANT|SINGLE_MAINTAINER,1,201,v0.2.0
chiron-sung-hk-webfont,1.0.24,68,C,SINGLE_MAINTAINER,1,201,v0.2.0
dripicons,2.0.0,14,F,UNVERIFIED_PUBLISH_PATH|DORMANT|SINGLE_MAINTAINER|PUBLISHER_NOT_MAINTAINER|DEPRECATED,1,201,v0.2.0
ripplet.js,1.1.0,19,F,UNVERIFIED_PUBLISH_PATH|DORMANT|SINGLE_MAINTAINER,1,201,v0.2.0
'@fontsource/carter-one,5.2.8,71,B,,2,200,v0.2.0
algoliasearch.zendesk-hc,3.0.0,39,D,UNVERIFIED_PUBLISH_PATH,65,200,v0.2.0
'@contactlab/ds-tokens,3.6.0,39,D,UNVERIFIED_PUBLISH_PATH,6,199,v0.2.0
'@materials-elements/core,1.0.2,19,F,UNVERIFIED_PUBLISH_PATH|DORMANT|SINGLE_MAINTAINER,1,199,v0.2.0
'@pie-api/pie-api-components,5.16.1,39,D,UNVERIFIED_PUBLISH_PATH,5,199,v0.2.0
'@whitesev/utils,2.12.2,16,F,UNVERIFIED_PUBLISH_PATH|SINGLE_MAINTAINER,1,199,v0.2.0
blacklight-hierarchy,6.9.0,39,D,UNVERIFIED_PUBLISH_PATH,3,199,v0.2.0
textillate,0.4.1,10,F,UNVERIFIED_PUBLISH_PATH|DORMANT|SINGLE_MAINTAINER|PUBLISHER_NOT_MAINTAINER,1,198,v0.2.0
'@fontsource/battambang,5.2.8,71,B,,2,197,v0.2.0
emoji-button,2.2.2,19,F,UNVERIFIED_PUBLISH_PATH|DORMANT|SINGLE_MAINTAINER|DEPRECATED,1,197,v0.2.0
'@data-fair/frame,0.18.6,35,D,UNVERIFIED_PUBLISH_PATH,3,196,v0.2.0
'@fontsource/encode-sans-condensed,5.2.8,71,B,,2,196,v0.2.0
'@zendeskgarden/css-tables,4.0.19,26,F,UNVERIFIED_PUBLISH_PATH|DORMANT|SINGLE_MAINTAINER|DEPRECATED,1,196,v0.2.0
ios-pwa-splash,1.0.0,19,F,UNVERIFIED_PUBLISH_PATH|DORMANT|SINGLE_MAINTAINER,1,196,v0.2.0
krds-uiux,1.1.0,21,F,UNVERIFIED_PUBLISH_PATH|SINGLE_MAINTAINER,1,196,v0.2.0
'@fontsource/dseg7-classic-mini,5.2.5,71,B,,2,195,v0.2.0
webstorage-polyfill,1.0.1,14,F,UNVERIFIED_PUBLISH_PATH|DORMANT|SINGLE_MAINTAINER|PUBLISHER_NOT_MAINTAINER,1,195,v0.2.0
'@beyonk/embedded,4.1.0,30,F,UNVERIFIED_PUBLISH_PATH,7,194,v0.2.0
'@fontsource/proza-libre,5.2.7,71,B,,2,194,v0.2.0
'@newrelic/video-shaka,4.1.3,68,C,SINGLE_MAINTAINER,1,194,v0.2.0
jquery-bgiframe,3.0.1,14,F,UNVERIFIED_PUBLISH_PATH|DORMANT|SINGLE_MAINTAINER,1,194,v0.2.0
'@denali-design/icons,1.2.1,33,F,UNVERIFIED_PUBLISH_PATH|DORMANT,4,193,v0.2.0
'@fontsource/boogaloo,5.2.8,71,B,,2,193,v0.2.0
'@fontsource/iceland,5.2.8,71,B,,2,193,v0.2.0
'@workco/pannellum-react,1.2.5,33,F,UNVERIFIED_PUBLISH_PATH|DORMANT,5,193,v0.2.0
holidoit,1.0.162,25,F,UNVERIFIED_PUBLISH_PATH|SINGLE_MAINTAINER,1,193,v0.2.0
playerx,1.0.6,19,F,UNVERIFIED_PUBLISH_PATH|DORMANT|SINGLE_MAINTAINER,1,193,v0.2.0
waitme,1.19.0,14,F,UNVERIFIED_PUBLISH_PATH|DORMANT|SINGLE_MAINTAINER,1,193,v0.2.0
'@3dweb/360javascriptviewer,1.8.58,25,F,UNVERIFIED_PUBLISH_PATH|SINGLE_MAINTAINER,1,192,v0.2.0
table2csv,1.1.6,19,F,UNVERIFIED_PUBLISH_PATH|DORMANT|SINGLE_MAINTAINER,1,192,v0.2.0
'@addresszen/address-lookup,2.3.5,26,F,UNVERIFIED_PUBLISH_PATH|SINGLE_MAINTAINER,1,191,v0.2.0
'@feedmepos/mf-hrm-portal,2.0.25,30,F,UNVERIFIED_PUBLISH_PATH,3,191,v0.2.0
'@fontsource/alegreya-sans-sc,5.2.7,71,B,,2,191,v0.2.0
jquery-table2excel,1.1.1,19,F,UNVERIFIED_PUBLISH_PATH|DORMANT|SINGLE_MAINTAINER,1,191,v0.2.0
'@a1rth/css-normalize,1.2.4,25,F,UNVERIFIED_PUBLISH_PATH|SINGLE_MAINTAINER,1,189,v0.2.0
'@tesseract.js-data/hin,1.0.0,19,F,UNVERIFIED_PUBLISH_PATH|DORMANT|SINGLE_MAINTAINER,1,189,v0.2.0
'@xiaoyexiang/videojs-resolution-switcher-v7,1.1.9,19,F,UNVERIFIED_PUBLISH_PATH|DORMANT|SINGLE_MAINTAINER,1,189,v0.2.0
'@fontsource/hahmlet,5.2.8,71,B,,2,188,v0.2.0
smooth-zoom,1.5.0,14,F,UNVERIFIED_PUBLISH_PATH|DORMANT|SINGLE_MAINTAINER,1,188,v0.2.0
'@fontsource/caudex,5.2.8,71,B,,2,187,v0.2.0
'@fontsource/pridi,5.2.8,71,B,,2,187,v0.2.0
'@fontsource/viga,5.2.7,71,B,,2,187,v0.2.0
'@fractaledmind/dialog-closedby-polyfill,1.2.5,25,F,UNVERIFIED_PUBLISH_PATH|SINGLE_MAINTAINER,1,187,v0.2.0
'@politiet/sheriff-icons,2.1.0,35,D,UNVERIFIED_PUBLISH_PATH,2,187,v0.2.0
currency-code-symbol-map,1.0.1,19,F,UNVERIFIED_PUBLISH_PATH|DORMANT|SINGLE_MAINTAINER,1,187,v0.2.0
summernote-next,1.0.3,25,F,UNVERIFIED_PUBLISH_PATH|SINGLE_MAINTAINER,1,187,v0.2.0
'@fontsource/electrolize,5.2.8,71,B,,2,186,v0.2.0
angular-joyride,1.0.10,33,F,UNVERIFIED_PUBLISH_PATH|DORMANT,2,186,v0.2.0
console-ban,5.0.0,19,F,UNVERIFIED_PUBLISH_PATH|DORMANT|SINGLE_MAINTAINER|DEPRECATED,1,186,v0.2.0
interactiveimagejs,2.7.1,19,F,UNVERIFIED_PUBLISH_PATH|DORMANT|SINGLE_MAINTAINER,1,186,v0.2.0
'@fontsource/cabin-condensed,5.2.8,71,B,,2,185,v0.2.0
jquery-slinky,4.2.1,19,F,UNVERIFIED_PUBLISH_PATH|DORMANT|SINGLE_MAINTAINER,1,185,v0.2.0
tc-string-parse,1.3.0,19,F,UNVERIFIED_PUBLISH_PATH|DORMANT|SINGLE_MAINTAINER,1,185,v0.2.0
'@digital-realty/ui-inventory,11.0.7,30,F,UNVERIFIED_PUBLISH_PATH,4,184,v0.2.0
'@fontsource/hind-madurai,5.2.8,71,B,,2,184,v0.2.0
'@rededor/nice-chat-component-lib,0.5.14-alpha.0,35,D,UNVERIFIED_PUBLISH_PATH,15,184,v0.2.0
akar-icons-fonts,1.1.22,19,F,UNVERIFIED_PUBLISH_PATH|DORMANT|SINGLE_MAINTAINER,1,184,v0.2.0
glidejs,2.1.0,19,F,UNVERIFIED_PUBLISH_PATH|DORMANT|SINGLE_MAINTAINER|DEPRECATED,1,184,v0.2.0
htmx-ext-path-params,2.0.2,25,F,UNVERIFIED_PUBLISH_PATH|SINGLE_MAINTAINER,1,184,v0.2.0
inclusive-dates,0.1.10,19,F,UNVERIFIED_PUBLISH_PATH|DORMANT|SINGLE_MAINTAINER,1,184,v0.2.0
luxy.js,0.1.0,19,F,UNVERIFIED_PUBLISH_PATH|DORMANT|SINGLE_MAINTAINER,1,184,v0.2.0
'@stlite/mountable,0.75.0,14,F,UNVERIFIED_PUBLISH_PATH|DORMANT|SINGLE_MAINTAINER|DEPRECATED,1,183,v0.2.0
emoogle-emoji-search-engine,1.0.2,19,F,UNVERIFIED_PUBLISH_PATH|DORMANT|SINGLE_MAINTAINER,1,183,v0.2.0
tripetto-runner-autoscroll,6.1.9,15,F,UNVERIFIED_PUBLISH_PATH|DORMANT|SINGLE_MAINTAINER|DEPRECATED,1,183,v0.2.0
'@cgtic-cps/web,1.8.3,20,F,UNVERIFIED_PUBLISH_PATH|SINGLE_MAINTAINER,1,182,v0.2.0
'@fontsource-variable/noto-emoji,5.2.12,71,B,,2,182,v0.2.0
scroll-watcher,2.2.0,19,F,UNVERIFIED_PUBLISH_PATH|DORMANT|SINGLE_MAINTAINER,1,182,v0.2.0
lightbox,0.5.0,19,F,UNVERIFIED_PUBLISH_PATH|DORMANT|SINGLE_MAINTAINER,1,181,v0.2.0
'@fontsource/crete-round,5.2.8,71,B,,2,180,v0.2.0
'@genpact/genome.mfe.mgtwin-app,1.1.98,21,F,UNVERIFIED_PUBLISH_PATH|SINGLE_MAINTAINER,1,179,v0.2.0
'@rtstic.dev/pulse,0.0.104,16,F,UNVERIFIED_PUBLISH_PATH|SINGLE_MAINTAINER,1,179,v0.2.0
accessibility-widgets,2.0.14,25,F,UNVERIFIED_PUBLISH_PATH|SINGLE_MAINTAINER,1,179,v0.2.0
drawsvg,1.1.0,19,F,UNVERIFIED_PUBLISH_PATH|DORMANT|SINGLE_MAINTAINER,1,179,v0.2.0
'@gentour/dedge-support-agent,1.3.0,21,F,UNVERIFIED_PUBLISH_PATH|SINGLE_MAINTAINER,1,178,v0.2.0
'@openfonts/noto-sans-sc_chinese-simplified,1.44.9,14,F,UNVERIFIED_PUBLISH_PATH|DORMANT|SINGLE_MAINTAINER,1,178,v0.2.0
'@teddy-digital/frontend,2.2.13,39,D,UNVERIFIED_PUBLISH_PATH,3,178,v0.2.0
simple-pagination.js,1.6.0,19,F,UNVERIFIED_PUBLISH_PATH|DORMANT|SINGLE_MAINTAINER,1,178,v0.2.0
textfilljs,1.0.3-a,19,F,UNVERIFIED_PUBLISH_PATH|DORMANT|SINGLE_MAINTAINER,1,178,v0.2.0
'@europeana/feedback-widget,0.5.5,34,F,UNVERIFIED_PUBLISH_PATH,4,177,v0.2.0
'@flittpayments/js-sdk,2.0.11-alpha.0,35,D,UNVERIFIED_PUBLISH_PATH,5,177,v0.2.0
'@fontsource/tiro-devanagari-hindi,5.2.7,71,B,,2,177,v0.2.0
leaflet-graticule,0.0.1,19,F,UNVERIFIED_PUBLISH_PATH|DORMANT|SINGLE_MAINTAINER,1,177,v0.2.0
reveal.js-plugins,4.6.0,25,F,UNVERIFIED_PUBLISH_PATH|SINGLE_MAINTAINER,1,177,v0.2.0
'@doctorassistant/daai-component,2.5.2,77,B,,2,176,v0.2.0
'@perceptimagery/dita-configurator,1.3.24,30,F,UNVERIFIED_PUBLISH_PATH,2,176,v0.2.0
dubai-font,1.1.1,19,F,UNVERIFIED_PUBLISH_PATH|DORMANT|SINGLE_MAINTAINER|DEPRECATED,1,176,v0.2.0
lodash3,3.10.2,39,D,UNVERIFIED_PUBLISH_PATH|DORMANT,3,176,v0.2.0
'@fontsource/fahkwang,5.2.7,71,B,,2,175,v0.2.0
'@fontsource/krub,5.2.7,71,B,,2,175,v0.2.0
anzhiyu-theme-static,1.1.10,10,F,UNVERIFIED_PUBLISH_PATH|DORMANT|SINGLE_MAINTAINER,1,175,v0.2.0
bvi,1.0.2,14,F,UNVERIFIED_PUBLISH_PATH|DORMANT|SINGLE_MAINTAINER,1,175,v0.2.0
dbip-city-lite,1.0.15,73,B,SINGLE_MAINTAINER,1,175,v0.2.0
use-bootstrap-tag,2.2.2,14,F,UNVERIFIED_PUBLISH_PATH|DORMANT|SINGLE_MAINTAINER,1,175,v0.2.0
'@fontsource/anek-bangla,5.2.7,71,B,,2,174,v0.2.0
'@fontsource/new-rocker,5.2.7,71,B,,2,174,v0.2.0
'@fontsource/the-nautigal,5.2.7,71,B,,2,174,v0.2.0
jquery-multiselect-checkbox,3.13.0,19,F,UNVERIFIED_PUBLISH_PATH|DORMANT|SINGLE_MAINTAINER,1,174,v0.2.0
'@fontsource/alumni-sans,5.2.8,71,B,,2,173,v0.2.0
'@myparcel-dev/delivery-options,7.4.2,46,D,UNVERIFIED_PUBLISH_PATH,3,173,v0.2.0
leaflet-overpass-layer,2.9.0,19,F,UNVERIFIED_PUBLISH_PATH|DORMANT|SINGLE_MAINTAINER,1,173,v0.2.0
40phaser,1.1.1,14,F,UNVERIFIED_PUBLISH_PATH|DORMANT|SINGLE_MAINTAINER|PUBLISHER_NOT_MAINTAINER,1,172,v0.2.0
'@digital-realty/ix-widget,2.3.7,35,D,UNVERIFIED_PUBLISH_PATH,4,172,v0.2.0
jquery-bonsai,2.1.3,19,F,UNVERIFIED_PUBLISH_PATH|DORMANT|SINGLE_MAINTAINER,1,172,v0.2.0
native-toast,2.0.0,33,F,UNVERIFIED_PUBLISH_PATH|DORMANT,2,172,v0.2.0
videojs-resolution-switcher-vjs7,1.0.0,10,F,UNVERIFIED_PUBLISH_PATH|DORMANT|SINGLE_MAINTAINER,1,172,v0.2.0
'@flasher/flasher,2.2.0,21,F,UNVERIFIED_PUBLISH_PATH|SINGLE_MAINTAINER,1,171,v0.2.0
'@magicpatterns/html-to-figma,1.0.5,35,D,UNVERIFIED_PUBLISH_PATH,3,171,v0.2.0
desvg,1.0.2,19,F,UNVERIFIED_PUBLISH_PATH|DORMANT|SINGLE_MAINTAINER,1,171,v0.2.0
jquery-select-areas,0.1.0,19,F,UNVERIFIED_PUBLISH_PATH|DORMANT|SINGLE_MAINTAINER,1,171,v0.2.0
'@axa-ch/patterns-library-polyfill,3.0.1,28,F,UNVERIFIED_PUBLISH_PATH|DORMANT|PUBLISHER_NOT_MAINTAINER|DEPRECATED,5,170,v0.2.0
'@tinybirdco/flock.js,1.7.1,25,F,UNVERIFIED_PUBLISH_PATH|SINGLE_MAINTAINER,1,170,v0.2.0
swiftype-autocomplete-jquery,1.2.0,14,F,UNVERIFIED_PUBLISH_PATH|DORMANT|SINGLE_MAINTAINER,1,170,v0.2.0
'@digital-realty/ix-intraportal-nav,1.3.4,35,D,UNVERIFIED_PUBLISH_PATH,4,169,v0.2.0
'@fontpkg/alibaba-pu-hui-ti-3-0,3.1.2,20,F,UNVERIFIED_PUBLISH_PATH|SINGLE_MAINTAINER,1,169,v0.2.0
'@fontsource/quattrocento-sans,5.2.8,71,B,,2,168,v0.2.0
mixpanel-lite,1.6.0,19,F,UNVERIFIED_PUBLISH_PATH|DORMANT|SINGLE_MAINTAINER,1,168,v0.2.0
'@lemonadejs/studio,5.7.14,25,F,UNVERIFIED_PUBLISH_PATH|SINGLE_MAINTAINER,1,167,v0.2.0
'@synqro/tab-cycler,1.7.0,21,F,UNVERIFIED_PUBLISH_PATH|SINGLE_MAINTAINER,1,167,v0.2.0
webcrypto-jwt,0.2.2,19,F,UNVERIFIED_PUBLISH_PATH|DORMANT|SINGLE_MAINTAINER,1,167,v0.2.0
'@fontsource/noticia-text,5.2.8,71,B,,2,166,v0.2.0
'@fontsource/playfair,5.2.8,71,B,,2,166,v0.2.0
vue-lazyload-next,0.0.2,19,F,UNVERIFIED_PUBLISH_PATH|DORMANT|SINGLE_MAINTAINER|DEPRECATED,1,166,v0.2.0
'@mycujoo/videojs-hls-quality-selector,1.1.5-rc.4,33,F,UNVERIFIED_PUBLISH_PATH|DORMANT,16,165,v0.2.0
'@supersoniks/concorde,4.9.3,35,D,UNVERIFIED_PUBLISH_PATH,5,165,v0.2.0
cq-prolyfill,0.4.0,19,F,UNVERIFIED_PUBLISH_PATH|DORMANT|SINGLE_MAINTAINER,1,165,v0.2.0
owl.carousel2.thumbs,0.1.8,19,F,UNVERIFIED_PUBLISH_PATH|DORMANT|SINGLE_MAINTAINER,1,165,v0.2.0
'@cometchat/chat-embed,1.0.35,35,D,UNVERIFIED_PUBLISH_PATH,14,164,v0.2.0
input-autogrow,1.1.1,19,F,UNVERIFIED_PUBLISH_PATH|DORMANT|SINGLE_MAINTAINER,1,164,v0.2.0
sofya.transcription,0.0.20,21,F,UNVERIFIED_PUBLISH_PATH|SINGLE_MAINTAINER,1,163,v0.2.0
'@googledrive/index,2.5.9,21,F,UNVERIFIED_PUBLISH_PATH|SINGLE_MAINTAINER,1,162,v0.2.0
'@noonnu/nanum-square-neo-variable,0.1.0,14,F,UNVERIFIED_PUBLISH_PATH|DORMANT|SINGLE_MAINTAINER,1,162,v0.2.0
'@zendeskgarden/css-arrows,3.1.4,26,F,UNVERIFIED_PUBLISH_PATH|DORMANT|SINGLE_MAINTAINER|DEPRECATED,1,162,v0.2.0
mathjax-modern-font,4.0.0-beta.7,19,F,UNVERIFIED_PUBLISH_PATH|DORMANT|SINGLE_MAINTAINER,1,162,v0.2.0
md5-js-tools,1.0.2,19,F,UNVERIFIED_PUBLISH_PATH|DORMANT|SINGLE_MAINTAINER,1,162,v0.2.0
moment-transform,1.0.1,19,F,UNVERIFIED_PUBLISH_PATH|DORMANT|SINGLE_MAINTAINER|DEPRECATED,1,162,v0.2.0
astm-ux-design-system,2.1.0,21,F,UNVERIFIED_PUBLISH_PATH|SINGLE_MAINTAINER,1,161,v0.2.0
'@adahealth/web-sdk,2.58.4,39,D,UNVERIFIED_PUBLISH_PATH,10,160,v0.2.0
'@cscfi/csc-ui,3.0.19,39,D,UNVERIFIED_PUBLISH_PATH,4,160,v0.2.0
busy-load,0.1.2,19,F,UNVERIFIED_PUBLISH_PATH|DORMANT|SINGLE_MAINTAINER,1,159,v0.2.0
'@fontsource/charm,5.2.7,71,B,,2,158,v0.2.0
isotope-fit-columns,1.1.4,19,F,UNVERIFIED_PUBLISH_PATH|DORMANT|SINGLE_MAINTAINER,1,158,v0.2.0
multirange,2.0.0,19,F,UNVERIFIED_PUBLISH_PATH|DORMANT|SINGLE_MAINTAINER,1,158,v0.2.0
'@fontsource/playfair-display-sc,5.2.8,71,B,,2,157,v0.2.0
xchange-rates,2026.5.19,25,F,UNVERIFIED_PUBLISH_PATH|SINGLE_MAINTAINER,1,157,v0.2.0
'@feedmepos/mf-mdm,1.9.1,30,F,UNVERIFIED_PUBLISH_PATH,3,156,v0.2.0
'@micro-lc/bk-web-components,1.5.28,35,D,UNVERIFIED_PUBLISH_PATH,4,156,v0.2.0
'@strongdm/glyphicon,0.0.5,28,F,UNVERIFIED_PUBLISH_PATH|DORMANT|PUBLISHER_NOT_MAINTAINER|DEPRECATED,4,156,v0.2.0
'@positioner/psk-gallery,1.1.0-15,39,D,UNVERIFIED_PUBLISH_PATH,4,155,v0.2.0
'@fontsource/pathway-gothic-one,5.2.7,71,B,,2,154,v0.2.0
'@fontsource/unica-one,5.2.8,71,B,,2,154,v0.2.0
'@mezereon/ui-shopify,2.0.9,21,F,UNVERIFIED_PUBLISH_PATH|SINGLE_MAINTAINER,1,154,v0.2.0
yasgui-yasqe,2.11.22,19,F,UNVERIFIED_PUBLISH_PATH|DORMANT|SINGLE_MAINTAINER|DEPRECATED,1,154,v0.2.0
'@animuz/embed,0.2.5-rc4.2,35,D,UNVERIFIED_PUBLISH_PATH,3,153,v0.2.0
'@trendyol/baklava-icons,1.3.0,73,B,SINGLE_MAINTAINER,1,153,v0.2.0
eruda-dom,2.0.0,19,F,UNVERIFIED_PUBLISH_PATH|DORMANT|SINGLE_MAINTAINER,1,153,v0.2.0
jquery.skeleton.loader,1.2.0,19,F,UNVERIFIED_PUBLISH_PATH|DORMANT|SINGLE_MAINTAINER,1,153,v0.2.0
knockout-amd-helpers,1.0.0,19,F,UNVERIFIED_PUBLISH_PATH|DORMANT|SINGLE_MAINTAINER,1,153,v0.2.0
reefjs,13.0.6,19,F,UNVERIFIED_PUBLISH_PATH|DORMANT|SINGLE_MAINTAINER,1,153,v0.2.0
rich-marker,0.0.1,14,F,UNVERIFIED_PUBLISH_PATH|DORMANT|SINGLE_MAINTAINER,1,153,v0.2.0
user-experior-web,0.3.28,21,F,UNVERIFIED_PUBLISH_PATH|SINGLE_MAINTAINER,1,153,v0.2.0
'@fontsource/chocolate-classical-sans,5.2.13,81,B,,2,152,v0.2.0
imgviewer2,1.1.0,19,F,UNVERIFIED_PUBLISH_PATH|DORMANT|SINGLE_MAINTAINER,1,152,v0.2.0
'@fontsource/tiro-bangla,5.2.7,71,B,,2,151,v0.2.0
'@algolia/utm-attribution,3.2.0,39,D,UNVERIFIED_PUBLISH_PATH,21,150,v0.2.0
'@fontsource/radley,5.2.8,71,B,,2,150,v0.2.0
cn-fontsource-source-han-serif-sc-vf-regular,1.0.1,19,F,UNVERIFIED_PUBLISH_PATH|DORMANT|SINGLE_MAINTAINER,1,150,v0.2.0
jwplayer,1.0.3,29,F,UNVERIFIED_PUBLISH_PATH|DORMANT,2,150,v0.2.0
'@fontsource/faustina,5.2.8,71,B,,2,149,v0.2.0
'@websolutespa/llm-farmaciacarli,1.0.22,39,D,UNVERIFIED_PUBLISH_PATH,8,149,v0.2.0
textify.js,3.0.1,25,F,UNVERIFIED_PUBLISH_PATH|DORMANT|SINGLE_MAINTAINER,1,149,v0.2.0
'@fontsource/playball,5.2.8,71,B,,2,148,v0.2.0
'@materialstyle/materialstyle,3.1.1,19,F,UNVERIFIED_PUBLISH_PATH|DORMANT|SINGLE_MAINTAINER,1,148,v0.2.0
dflip,1.0.0,10,F,UNVERIFIED_PUBLISH_PATH|DORMANT|SINGLE_MAINTAINER,1,148,v0.2.0
postalcodes-india,1.1.4,73,B,SINGLE_MAINTAINER,1,148,v0.2.0
readmore.js,2.0.4,19,F,UNVERIFIED_PUBLISH_PATH|DORMANT|SINGLE_MAINTAINER,1,148,v0.2.0
simpleweather,3.1.0,19,F,UNVERIFIED_PUBLISH_PATH|DORMANT|SINGLE_MAINTAINER,1,148,v0.2.0
'@zendeskgarden/css-avatars,7.0.0,26,F,UNVERIFIED_PUBLISH_PATH|DORMANT|SINGLE_MAINTAINER,1,147,v0.2.0
kifu-for-js,5.5.0,25,F,UNVERIFIED_PUBLISH_PATH|SINGLE_MAINTAINER,1,147,v0.2.0
'@fontsource/iansui,5.2.8,81,B,,2,146,v0.2.0
'@zendeskgarden/css-menus,9.0.20,26,F,UNVERIFIED_PUBLISH_PATH|DORMANT|SINGLE_MAINTAINER|DEPRECATED,1,146,v0.2.0
evo-calendar,1.1.3,19,F,UNVERIFIED_PUBLISH_PATH|DORMANT|SINGLE_MAINTAINER,1,146,v0.2.0
'@epigraph/configurator-lite,1.23.7,35,D,UNVERIFIED_PUBLISH_PATH,4,145,v0.2.0
'@inkeep/cxkit-mintlify,0.5.119,34,F,UNVERIFIED_PUBLISH_PATH,7,145,v0.2.0
'@kajabi-ui/styles,1.4.0,74,B,SINGLE_MAINTAINER|BRANCH_REQUIRES_PR,1,145,v0.2.0
'@saasquatch/mint-components,2.2.0,77,B,INCONSISTENT_PUBLISH_PATH,10,145,v0.2.0
clappr-playback-rate-plugin,0.7.0,19,F,UNVERIFIED_PUBLISH_PATH|DORMANT|SINGLE_MAINTAINER,1,145,v0.2.0
jquery.sticky,0.2.1,19,F,UNVERIFIED_PUBLISH_PATH|DORMANT|SINGLE_MAINTAINER,1,145,v0.2.0
'@flowbase-co/boosters-carousel-ticker,1.3.3,34,F,UNVERIFIED_PUBLISH_PATH,2,144,v0.2.0
'@jumpgroup/jump-design-system,1.0.25,39,D,UNVERIFIED_PUBLISH_PATH,8,144,v0.2.0
'@penn-libraries/web,1.4.0,21,F,UNVERIFIED_PUBLISH_PATH|SINGLE_MAINTAINER,1,144,v0.2.0
bsky-embed,0.2.7,25,F,UNVERIFIED_PUBLISH_PATH|SINGLE_MAINTAINER,1,144,v0.2.0
overhang,1.0.8,19,F,UNVERIFIED_PUBLISH_PATH|DORMANT|SINGLE_MAINTAINER,1,144,v0.2.0
'@undp/design-system-assets,2.0.1,87,A,,5,143,v0.2.0
bootstrap-toaster,5.2.0-beta1.1,19,F,UNVERIFIED_PUBLISH_PATH|DORMANT|SINGLE_MAINTAINER,1,143,v0.2.0
cn-fontsource-lxgw-wen-kai-screen,1.0.6,19,F,UNVERIFIED_PUBLISH_PATH|DORMANT|SINGLE_MAINTAINER,1,143,v0.2.0
sheryjs,1.0.0-beta.0.1.8,29,F,UNVERIFIED_PUBLISH_PATH|DORMANT,2,143,v0.2.0
social-likes,3.1.3,19,F,UNVERIFIED_PUBLISH_PATH|DORMANT|SINGLE_MAINTAINER,1,143,v0.2.0
sp-supermarquee,3.1.2,25,F,UNVERIFIED_PUBLISH_PATH|SINGLE_MAINTAINER,1,143,v0.2.0
'@brightcove/videojs-flashls-source-handler,1.4.8,24,F,UNVERIFIED_PUBLISH_PATH|DORMANT|PUBLISHER_NOT_MAINTAINER,80,142,v0.2.0
'@fontsource/advent-pro,5.2.7,71,B,,2,142,v0.2.0
'@vertical-insure/embedded-offer,0.16.0,39,D,UNVERIFIED_PUBLISH_PATH,2,142,v0.2.0
ableplayer,5.0.0,25,F,UNVERIFIED_PUBLISH_PATH|SINGLE_MAINTAINER,1,142,v0.2.0
pinch-zoom-element-js,1.1.2,19,F,UNVERIFIED_PUBLISH_PATH|DORMANT|SINGLE_MAINTAINER,1,142,v0.2.0
'@bostonuniversity/bulib-wc,0.1.75,33,F,UNVERIFIED_PUBLISH_PATH|DORMANT,8,141,v0.2.0
'@chinese-fonts/syst,3.0.0,20,F,UNVERIFIED_PUBLISH_PATH|SINGLE_MAINTAINER,1,141,v0.2.0
'@fontsource/news-cycle,5.2.7,71,B,,2,141,v0.2.0
'@inkeep/agents-ui-js-cloud,0.17.6,34,F,UNVERIFIED_PUBLISH_PATH,7,141,v0.2.0
bootstrap-grid-only,1.0.0,19,F,UNVERIFIED_PUBLISH_PATH|DORMANT|SINGLE_MAINTAINER,1,141,v0.2.0
player-venom,0.3.4,21,F,UNVERIFIED_PUBLISH_PATH|SINGLE_MAINTAINER,1,141,v0.2.0
'@bentopdf/pymupdf-wasm,0.11.16,67,C,SINGLE_MAINTAINER,1,140,v0.2.0
'@nent/core,0.10.8,33,F,UNVERIFIED_PUBLISH_PATH|DORMANT,2,140,v0.2.0
'@nswdoe/app-icons,3.0.20,35,D,UNVERIFIED_PUBLISH_PATH,2,140,v0.2.0
commonjs-require,1.4.6,19,F,UNVERIFIED_PUBLISH_PATH|DORMANT|SINGLE_MAINTAINER,1,140,v0.2.0
kursor,0.1.6,19,F,UNVERIFIED_PUBLISH_PATH|DORMANT|SINGLE_MAINTAINER,1,140,v0.2.0
'@fontsource/coda,5.2.8,71,B,,2,139,v0.2.0
'@fontsource/rocknroll-one,5.2.8,71,B,,2,139,v0.2.0
'@goodgamestudios/cxf-plugins,0.105.1,35,D,UNVERIFIED_PUBLISH_PATH,27,139,v0.2.0
'@itcenteratunihelsinki/huds-lib,0.12.2,35,D,UNVERIFIED_PUBLISH_PATH,4,139,v0.2.0
'@openfonts/montserrat_all,1.44.2,14,F,UNVERIFIED_PUBLISH_PATH|DORMANT|SINGLE_MAINTAINER,1,139,v0.2.0
'@vetixy/circular-std,1.0.0,19,F,UNVERIFIED_PUBLISH_PATH|DORMANT|SINGLE_MAINTAINER,1,139,v0.2.0
'@jsuites/template,1.1.0,25,F,UNVERIFIED_PUBLISH_PATH|SINGLE_MAINTAINER,1,138,v0.2.0
'@microlink/vanilla,5.5.25,25,F,UNVERIFIED_PUBLISH_PATH|SINGLE_MAINTAINER,1,138,v0.2.0
'@superpoweredsdk/web,2.8.1,25,F,UNVERIFIED_PUBLISH_PATH|SINGLE_MAINTAINER,1,138,v0.2.0
'@zendeskgarden/css-tabs,6.0.19,26,F,UNVERIFIED_PUBLISH_PATH|DORMANT|SINGLE_MAINTAINER|DEPRECATED,1,138,v0.2.0
footable-v3,1.0.0,19,F,UNVERIFIED_PUBLISH_PATH|DORMANT|SINGLE_MAINTAINER,1,138,v0.2.0
'@noli42/chosen,3.1.3,25,F,UNVERIFIED_PUBLISH_PATH|SINGLE_MAINTAINER,1,137,v0.2.0
zebra-browser-print-min,3.0.216,10,F,UNVERIFIED_PUBLISH_PATH|DORMANT|SINGLE_MAINTAINER,1,136,v0.2.0
'@fontsource/kaisei-tokumin,5.2.8,71,B,,2,135,v0.2.0
'@prefecthq/prefab-ui,0.20.2,77,B,INCONSISTENT_PUBLISH_PATH,3,135,v0.2.0
'@zendeskgarden/css-pagination,4.0.19,26,F,UNVERIFIED_PUBLISH_PATH|DORMANT|SINGLE_MAINTAINER|DEPRECATED,1,135,v0.2.0
gumlet.js,3.0.5,21,F,UNVERIFIED_PUBLISH_PATH|SINGLE_MAINTAINER,1,135,v0.2.0
printthis,0.1.5,19,F,UNVERIFIED_PUBLISH_PATH|DORMANT|SINGLE_MAINTAINER,1,135,v0.2.0
salvattore,1.0.9,19,F,UNVERIFIED_PUBLISH_PATH|DORMANT|SINGLE_MAINTAINER|DEPRECATED,1,135,v0.2.0
'@aarhus-university/au-designsystem-delphinus,1.14.0,35,D,UNVERIFIED_PUBLISH_PATH,8,134,v0.2.0
'@fontsource/alef,5.2.8,71,B,,2,134,v0.2.0
'@fontsource/short-stack,5.2.8,71,B,,2,134,v0.2.0
affiliate,5.0.0,19,F,UNVERIFIED_PUBLISH_PATH|DORMANT|SINGLE_MAINTAINER,1,134,v0.2.0
harmonyos-sans-webfont-splitted,1.2.1,25,F,UNVERIFIED_PUBLISH_PATH|SINGLE_MAINTAINER,1,134,v0.2.0
tonejs-instrument-guitar-acoustic-mp3,1.1.2,14,F,UNVERIFIED_PUBLISH_PATH|DORMANT|SINGLE_MAINTAINER,1,134,v0.2.0
'@codidact/co-design,0.12.9,33,F,UNVERIFIED_PUBLISH_PATH|DORMANT,4,133,v0.2.0
'@zendeskgarden/css-modals,6.4.21,26,F,UNVERIFIED_PUBLISH_PATH|DORMANT|SINGLE_MAINTAINER|DEPRECATED,1,133,v0.2.0
accessible-menu-bootstrap-5,2.1.0,19,F,UNVERIFIED_PUBLISH_PATH|DORMANT|SINGLE_MAINTAINER,1,132,v0.2.0
es2020,1.1.9,33,F,UNVERIFIED_PUBLISH_PATH|DORMANT,3,132,v0.2.0
ken-burns-carousel,0.2.5,19,F,UNVERIFIED_PUBLISH_PATH|DORMANT|SINGLE_MAINTAINER,1,132,v0.2.0
persist-js,0.3.1,19,F,UNVERIFIED_PUBLISH_PATH|DORMANT|SINGLE_MAINTAINER,1,132,v0.2.0
'@blux.ai/web-sdk,2.2.29,25,F,UNVERIFIED_PUBLISH_PATH|SINGLE_MAINTAINER,1,131,v0.2.0
artplayer-plugin-ads,1.0.6,19,F,UNVERIFIED_PUBLISH_PATH|DORMANT|SINGLE_MAINTAINER,1,131,v0.2.0
machinelearn,2.1.5,14,F,UNVERIFIED_PUBLISH_PATH|DORMANT|SINGLE_MAINTAINER,1,131,v0.2.0
'@fontsource/lusitana,5.2.8,71,B,,2,130,v0.2.0
fastbootstrap,2.2.0,19,F,UNVERIFIED_PUBLISH_PATH|DORMANT|SINGLE_MAINTAINER,1,130,v0.2.0
device-detector,1.0.2,14,F,UNVERIFIED_PUBLISH_PATH|DORMANT|SINGLE_MAINTAINER|PUBLISHER_NOT_MAINTAINER|DEPRECATED,1,129,v0.2.0
jquery-color-animation,1.5.1,19,F,UNVERIFIED_PUBLISH_PATH|DORMANT|SINGLE_MAINTAINER,1,129,v0.2.0
jwplayer-video-element,1.3.5,71,B,,2,129,v0.2.0
nonblockjs,1.0.8,19,F,UNVERIFIED_PUBLISH_PATH|DORMANT|SINGLE_MAINTAINER,1,129,v0.2.0
p2p-media-loader-shaka,3.0.1,74,B,SINGLE_MAINTAINER,1,129,v0.2.0
slick-carousel-latest,1.9.0,19,F,UNVERIFIED_PUBLISH_PATH|DORMANT|SINGLE_MAINTAINER,1,129,v0.2.0
'@fontsource-variable/hahmlet,5.2.9,71,B,,2,128,v0.2.0
bootstrap-avatar,1.3.1,19,F,UNVERIFIED_PUBLISH_PATH|DORMANT|SINGLE_MAINTAINER,1,128,v0.2.0
jquerykeyframes,2.0.0,25,F,UNVERIFIED_PUBLISH_PATH|SINGLE_MAINTAINER,1,128,v0.2.0
'@algolia/ui-components-js-horizontal-slider,1.0.0-experimental.0,23,F,UNVERIFIED_PUBLISH_PATH|DORMANT|PUBLISHER_NOT_MAINTAINER,14,127,v0.2.0
'@typopro/web-open-sans,3.7.5,14,F,UNVERIFIED_PUBLISH_PATH|DORMANT|SINGLE_MAINTAINER,1,127,v0.2.0
scroll-carousel,1.2.7,25,F,UNVERIFIED_PUBLISH_PATH|DORMANT|SINGLE_MAINTAINER,1,127,v0.2.0
'@leadmetrics-ai/landing-sdk,1.0.49,25,F,UNVERIFIED_PUBLISH_PATH|SINGLE_MAINTAINER,1,126,v0.2.0
'@material-symbols-react-native/rounded-600,1.0.0,19,F,UNVERIFIED_PUBLISH_PATH|DORMANT|SINGLE_MAINTAINER,1,126,v0.2.0
bootstrap-typeahead,2.3.2,10,F,UNVERIFIED_PUBLISH_PATH|DORMANT|SINGLE_MAINTAINER,1,126,v0.2.0
docsify-darklight-theme,3.2.0,19,F,UNVERIFIED_PUBLISH_PATH|DORMANT|SINGLE_MAINTAINER,1,126,v0.2.0
fontsource-noto-sans-sc,4.0.0,19,F,UNVERIFIED_PUBLISH_PATH|DORMANT|SINGLE_MAINTAINER|DEPRECATED,1,126,v0.2.0
leaflet.layergroup.collision,0.3.1,19,F,UNVERIFIED_PUBLISH_PATH|DORMANT|SINGLE_MAINTAINER,1,126,v0.2.0
'@nosto/autocomplete,2.13.3,87,A,,6,125,v0.2.0
'@pardnchiu/nanojson,1.2.1,25,F,UNVERIFIED_PUBLISH_PATH|SINGLE_MAINTAINER,1,125,v0.2.0
'@raisenow/tamaro-core,2.19.1,30,F,UNVERIFIED_PUBLISH_PATH,5,125,v0.2.0
jquery-qrcode2,0.17.0,19,F,UNVERIFIED_PUBLISH_PATH|DORMANT|SINGLE_MAINTAINER,1,125,v0.2.0
twkb,0.2.2,29,F,UNVERIFIED_PUBLISH_PATH|DORMANT,2,125,v0.2.0
'@fontsource/chiron-goround-tc,5.2.4,81,B,,2,124,v0.2.0
jupyter-threejs,2.4.1,33,F,UNVERIFIED_PUBLISH_PATH|DORMANT,3,124,v0.2.0
venom-player,0.2.92,21,F,UNVERIFIED_PUBLISH_PATH|SINGLE_MAINTAINER,1,124,v0.2.0
react-weui,1.2.3,33,F,UNVERIFIED_PUBLISH_PATH|DORMANT,2,123,v0.2.0
unslider,2.0.3,19,F,UNVERIFIED_PUBLISH_PATH|DORMANT|SINGLE_MAINTAINER,1,123,v0.2.0
'@algolia/experiences,0.1.1,30,F,UNVERIFIED_PUBLISH_PATH|PUBLISHER_NOT_MAINTAINER,24,122,v0.2.0
'@dmester/sffjs,1.17.0,19,F,UNVERIFIED_PUBLISH_PATH|DORMANT|SINGLE_MAINTAINER,1,122,v0.2.0
'@vouchfor/embeds,8.1.0,35,D,UNVERIFIED_PUBLISH_PATH,5,122,v0.2.0
icomoon,1.0.0,10,F,UNVERIFIED_PUBLISH_PATH|DORMANT|SINGLE_MAINTAINER,1,122,v0.2.0
'@exawizards/exabase-design-system-icons,1.5.0,35,D,UNVERIFIED_PUBLISH_PATH,2,121,v0.2.0
'@fontsource/ubuntu-condensed,5.2.8,71,B,,2,121,v0.2.0
alpine-tailwind-lightbox,1.3.0,25,F,UNVERIFIED_PUBLISH_PATH|SINGLE_MAINTAINER,1,121,v0.2.0
jquery.fancytable,1.0.36,19,F,UNVERIFIED_PUBLISH_PATH|DORMANT|SINGLE_MAINTAINER,1,121,v0.2.0
keyshapejs,1.3.0,19,F,UNVERIFIED_PUBLISH_PATH|DORMANT|SINGLE_MAINTAINER,1,121,v0.2.0
mv-boost,0.0.8,10,F,UNVERIFIED_PUBLISH_PATH|DORMANT|SINGLE_MAINTAINER,1,121,v0.2.0
'@brainfish-ai/search-widget,0.21.4,30,F,UNVERIFIED_PUBLISH_PATH,4,120,v0.2.0
'@bridgeline-digital/hawksearch-handlebars-ui,7.0.1,35,D,UNVERIFIED_PUBLISH_PATH,6,120,v0.2.0
'@kfonts/nanum-square,0.2.0,19,F,UNVERIFIED_PUBLISH_PATH|DORMANT|SINGLE_MAINTAINER,1,120,v0.2.0
'@xz/fonts,1.0.2,19,F,UNVERIFIED_PUBLISH_PATH|DORMANT|SINGLE_MAINTAINER,1,120,v0.2.0
dynamsoft-code-parser,2.4.32,24,F,UNVERIFIED_PUBLISH_PATH|DORMANT|DEPRECATED,4,120,v0.2.0
jquery-accessible-tabpanel-aria,1.6.1,19,F,UNVERIFIED_PUBLISH_PATH|DORMANT|SINGLE_MAINTAINER,1,120,v0.2.0
jsframe.js,1.6.8,19,F,UNVERIFIED_PUBLISH_PATH|DORMANT|SINGLE_MAINTAINER,1,120,v0.2.0
uigg,3.1.1,16,F,UNVERIFIED_PUBLISH_PATH|SINGLE_MAINTAINER,1,120,v0.2.0
'@d8a-tech/wt,1.4.2,63,C,INCONSISTENT_PUBLISH_PATH|SINGLE_MAINTAINER,1,119,v0.2.0
dash-shaka-playback,3.6.3,39,D,UNVERIFIED_PUBLISH_PATH,10,118,v0.2.0
superplaceholder,1.0.0,19,F,UNVERIFIED_PUBLISH_PATH|DORMANT|SINGLE_MAINTAINER,1,118,v0.2.0
typeface-nanum-square-neo,0.0.6,19,F,UNVERIFIED_PUBLISH_PATH|DORMANT|SINGLE_MAINTAINER,1,118,v0.2.0
'@fontsource/harmattan,5.2.7,71,B,,2,117,v0.2.0
'@fontsource/inria-sans,5.2.8,71,B,,2,117,v0.2.0
'@qpokychuk/gilroy,1.0.2,10,F,UNVERIFIED_PUBLISH_PATH|DORMANT|SINGLE_MAINTAINER,1,117,v0.2.0
'@widgetbot/crate,3.9.1,71,B,INCONSISTENT_PUBLISH_PATH,5,117,v0.2.0
grained,0.0.2,14,F,UNVERIFIED_PUBLISH_PATH|DORMANT|SINGLE_MAINTAINER,1,117,v0.2.0
translation-widget,1.1.4,39,D,UNVERIFIED_PUBLISH_PATH,3,117,v0.2.0
'@fontsource/kosugi,5.2.8,71,B,,2,116,v0.2.0
'@promakeai/inspector,1.7.6,35,D,UNVERIFIED_PUBLISH_PATH,2,116,v0.2.0
jquery.mb.browser,1.0.0,19,F,UNVERIFIED_PUBLISH_PATH|DORMANT|SINGLE_MAINTAINER,1,116,v0.2.0
tail.datetime,0.4.13,19,F,UNVERIFIED_PUBLISH_PATH|DORMANT|SINGLE_MAINTAINER|DEPRECATED,1,116,v0.2.0
jquery-weui,1.2.1,19,F,UNVERIFIED_PUBLISH_PATH|DORMANT|SINGLE_MAINTAINER,1,115,v0.2.0
jquery.shorten,1.0.0,19,F,UNVERIFIED_PUBLISH_PATH|DORMANT|SINGLE_MAINTAINER,1,115,v0.2.0
'@bi-digital/icons,0.12.3,34,F,UNVERIFIED_PUBLISH_PATH,2,114,v0.2.0
'@filteringdev/tinyshield,4.0.2,73,B,SINGLE_MAINTAINER,1,114,v0.2.0
'@gstat/leaflet-gesture-handling,1.2.8,19,F,UNVERIFIED_PUBLISH_PATH|DORMANT|SINGLE_MAINTAINER,1,114,v0.2.0
'@marcreichel/alpine-typewriter,1.2.1,19,F,UNVERIFIED_PUBLISH_PATH|DORMANT|SINGLE_MAINTAINER,1,114,v0.2.0
ima-ad-player,0.5.7,19,F,UNVERIFIED_PUBLISH_PATH|DORMANT|SINGLE_MAINTAINER,1,114,v0.2.0
table-to-json,1.0.0,33,F,UNVERIFIED_PUBLISH_PATH|DORMANT,2,114,v0.2.0
'@pwabuilder/pwainstall,1.6.7,24,F,UNVERIFIED_PUBLISH_PATH|DORMANT|PUBLISHER_NOT_MAINTAINER,3,113,v0.2.0
frow,4.0.0,19,F,UNVERIFIED_PUBLISH_PATH|DORMANT|SINGLE_MAINTAINER,1,113,v0.2.0
hystmodal,1.0.1,19,F,UNVERIFIED_PUBLISH_PATH|DORMANT|SINGLE_MAINTAINER,1,113,v0.2.0
multi-select-dropdown-js,1.0.3,20,F,UNVERIFIED_PUBLISH_PATH|SINGLE_MAINTAINER,1,113,v0.2.0
qmsg,1.7.2,16,F,UNVERIFIED_PUBLISH_PATH|SINGLE_MAINTAINER,1,113,v0.2.0
videojs-hlsjs,1.4.8,28,F,UNVERIFIED_PUBLISH_PATH|DORMANT|PUBLISHER_NOT_MAINTAINER,5,113,v0.2.0
'@fontsource/petrona,5.2.8,71,B,,2,112,v0.2.0
'@kfonts/nanum-myeongjo,0.2.0,19,F,UNVERIFIED_PUBLISH_PATH|DORMANT|SINGLE_MAINTAINER,1,112,v0.2.0
'@vuesimple/vs-pagination,3.1.6,25,F,UNVERIFIED_PUBLISH_PATH|SINGLE_MAINTAINER,1,112,v0.2.0
'@jpeer/jquery.dotdotdot,1.8.3,19,F,UNVERIFIED_PUBLISH_PATH|DORMANT|SINGLE_MAINTAINER,1,111,v0.2.0
denali-icon-font,1.8.0,33,F,UNVERIFIED_PUBLISH_PATH|DORMANT,4,111,v0.2.0
hanzi-writer-data-jp,0.0.2,19,F,UNVERIFIED_PUBLISH_PATH|DORMANT|SINGLE_MAINTAINER,1,111,v0.2.0
iransans,1.0.0,15,F,UNVERIFIED_PUBLISH_PATH|DORMANT|SINGLE_MAINTAINER,1,111,v0.2.0
jquery-breakpoints,1.8.1,19,F,UNVERIFIED_PUBLISH_PATH|DORMANT|SINGLE_MAINTAINER,1,111,v0.2.0
'@azure/msal-angularjs,0.1.1,41,D,UNVERIFIED_PUBLISH_PATH|DORMANT|DEPRECATED,3,110,v0.2.0
'@digital-realty/ui-user-management,12.0.10,30,F,UNVERIFIED_PUBLISH_PATH,4,110,v0.2.0
'@managed-api/jira-cloud-v3-core,3.7.0,30,F,UNVERIFIED_PUBLISH_PATH,9,110,v0.2.0
'@optiaxiom/web-components,3.0.4,89,A,,2,109,v0.2.0
cn-fontsource-ding-talk-jin-bu-ti-regular,1.0.3,19,F,UNVERIFIED_PUBLISH_PATH|DORMANT|SINGLE_MAINTAINER,1,109,v0.2.0
'@3t-transform/threeteeui,1.11.0,35,D,UNVERIFIED_PUBLISH_PATH,7,108,v0.2.0
'@fontsource/signika-negative,5.2.8,71,B,,2,108,v0.2.0
'@nosto/web-components,11.6.0,87,A,BRANCH_REQUIRES_PR,6,108,v0.2.0
'@unlk/keymaster,1.6.5,21,F,UNVERIFIED_PUBLISH_PATH|SINGLE_MAINTAINER,1,108,v0.2.0
green-audio-player,1.1.2,19,F,UNVERIFIED_PUBLISH_PATH|DORMANT|SINGLE_MAINTAINER,1,108,v0.2.0
vue-jquery-mask,2.0.0,19,F,UNVERIFIED_PUBLISH_PATH|DORMANT|SINGLE_MAINTAINER|DEPRECATED,1,108,v0.2.0
'@apilium/mayros,0.3.2,31,F,UNVERIFIED_PUBLISH_PATH|SINGLE_MAINTAINER,1,107,v0.2.0
'@feedmepos/mf-financing,0.0.2,35,D,UNVERIFIED_PUBLISH_PATH,3,107,v0.2.0
'@fontsource/sarala,5.2.8,71,B,,2,107,v0.2.0
'@unicorn-fail/drupal-bootstrap-styles,0.0.2,14,F,UNVERIFIED_PUBLISH_PATH|DORMANT|SINGLE_MAINTAINER|PUBLISHER_NOT_MAINTAINER,1,107,v0.2.0
'@zendeskgarden/css-tooltips,4.1.27,26,F,UNVERIFIED_PUBLISH_PATH|DORMANT|SINGLE_MAINTAINER|DEPRECATED,1,107,v0.2.0
boomerangjs,1.815.1,39,D,UNVERIFIED_PUBLISH_PATH,6,107,v0.2.0
jquery-grid-navigation,1.0.1,19,F,UNVERIFIED_PUBLISH_PATH|DORMANT|SINGLE_MAINTAINER,1,107,v0.2.0
lumious-components,1.0.8,15,F,UNVERIFIED_PUBLISH_PATH|DORMANT|SINGLE_MAINTAINER,1,107,v0.2.0
urisanity,0.1.6,26,F,UNVERIFIED_PUBLISH_PATH|DORMANT|SINGLE_MAINTAINER|DEPRECATED,1,107,v0.2.0
'@8thwall/landing-page,1.0.0,35,D,UNVERIFIED_PUBLISH_PATH,2,106,v0.2.0
'@fontsource/hammersmith-one,5.2.8,71,B,,2,106,v0.2.0
'@fontsource/suranna,5.2.8,71,B,,2,106,v0.2.0
'@grigorov-it/mazer,2.2.0,19,F,UNVERIFIED_PUBLISH_PATH|DORMANT|SINGLE_MAINTAINER,1,106,v0.2.0
'@finsweet/cookie-consent,1.15.0,24,F,UNVERIFIED_PUBLISH_PATH|DORMANT,2,105,v0.2.0
'@mediadatafusion/pi-workflow-suite,0.0.25,31,F,UNVERIFIED_PUBLISH_PATH|SINGLE_MAINTAINER,1,105,v0.2.0
'@fontsource/ribeye,5.2.8,71,B,,2,104,v0.2.0
interlude-ui,1.2.2,25,F,UNVERIFIED_PUBLISH_PATH|SINGLE_MAINTAINER,1,104,v0.2.0
jquery-linear-navigation,1.0.2,19,F,UNVERIFIED_PUBLISH_PATH|DORMANT|SINGLE_MAINTAINER,1,104,v0.2.0
'@pairbo/ui-kit,0.4.23,21,F,UNVERIFIED_PUBLISH_PATH|SINGLE_MAINTAINER,1,103,v0.2.0
bootstrap-float-label,3.0.1,19,F,UNVERIFIED_PUBLISH_PATH|DORMANT|SINGLE_MAINTAINER,1,103,v0.2.0
jquery-smarttab,4.0.2,19,F,UNVERIFIED_PUBLISH_PATH|DORMANT|SINGLE_MAINTAINER,1,103,v0.2.0
'@freshworks/crayons-icon,1.3.1,33,F,UNVERIFIED_PUBLISH_PATH|DORMANT,21,102,v0.2.0
'@ionic-selectable/core,8.0.0-alpha.5,33,F,UNVERIFIED_PUBLISH_PATH|DORMANT,3,102,v0.2.0
'@tech-leads-club/skills-catalog,0.15.1,69,C,INCONSISTENT_PUBLISH_PATH|SINGLE_MAINTAINER,1,102,v0.2.0
'@tsparticles/jquery,4.3.2,69,C,INCONSISTENT_PUBLISH_PATH|SINGLE_MAINTAINER,1,102,v0.2.0
masky-js,1.0.4,80,B,SINGLE_MAINTAINER,1,102,v0.2.0
taipei-sans-tc,0.1.1,14,F,UNVERIFIED_PUBLISH_PATH|DORMANT|SINGLE_MAINTAINER,1,102,v0.2.0
clappr-chromecast-plugin,0.1.1,19,F,UNVERIFIED_PUBLISH_PATH|DORMANT|SINGLE_MAINTAINER,1,101,v0.2.0
jquery-postcodes,3.0.8,19,F,UNVERIFIED_PUBLISH_PATH|DORMANT|SINGLE_MAINTAINER,1,101,v0.2.0
print-area-js,1.0.2,19,F,UNVERIFIED_PUBLISH_PATH|DORMANT|SINGLE_MAINTAINER,1,101,v0.2.0
'@fontsource/glegoo,5.2.7,71,B,,2,100,v0.2.0
'@fontsource/lxgw-wenkai-mono-tc,5.2.9,81,B,,2,100,v0.2.0
'@orange-games/phaser-input,2.0.5,28,F,UNVERIFIED_PUBLISH_PATH|DORMANT|DEPRECATED,3,100,v0.2.0
fuse-js-latest,3.1.0,19,F,UNVERIFIED_PUBLISH_PATH|DORMANT|SINGLE_MAINTAINER|DEPRECATED,1,100,v0.2.0
'@engie-group/fluid-design-system-webcomponents,6.3.0,34,F,UNVERIFIED_PUBLISH_PATH,2,99,v0.2.0
'@myriaddreamin/typst-ts-parser,0.7.0,73,B,SINGLE_MAINTAINER,1,99,v0.2.0
dayschedule-widget,1.2.8,25,F,UNVERIFIED_PUBLISH_PATH|SINGLE_MAINTAINER,1,99,v0.2.0
jquery-prevent-scroll-keys,1.0.1,19,F,UNVERIFIED_PUBLISH_PATH|DORMANT|SINGLE_MAINTAINER,1,99,v0.2.0
'@activix/double-scroll,1.0.2,29,F,UNVERIFIED_PUBLISH_PATH|DORMANT,6,98,v0.2.0
'@next-theme/pjax,0.6.0,19,F,UNVERIFIED_PUBLISH_PATH|DORMANT|SINGLE_MAINTAINER,1,98,v0.2.0
dragtable,2.0.12,15,F,UNVERIFIED_PUBLISH_PATH|DORMANT|SINGLE_MAINTAINER,1,98,v0.2.0
font-kopubworld,1.0.3,19,F,UNVERIFIED_PUBLISH_PATH|DORMANT|SINGLE_MAINTAINER,1,98,v0.2.0
mammoth-plus,2.0.2,19,F,UNVERIFIED_PUBLISH_PATH|DORMANT|SINGLE_MAINTAINER,1,97,v0.2.0
onoffcanvas,3.0.1,25,F,UNVERIFIED_PUBLISH_PATH|SINGLE_MAINTAINER,1,97,v0.2.0
'@free-fonts/plangothic,1.0.0,25,F,UNVERIFIED_PUBLISH_PATH|SINGLE_MAINTAINER,1,96,v0.2.0
ajaxq,0.0.7,33,F,UNVERIFIED_PUBLISH_PATH|DORMANT,2,96,v0.2.0
react-responsive-datepicker,1.0.7,19,F,UNVERIFIED_PUBLISH_PATH|DORMANT|SINGLE_MAINTAINER,1,96,v0.2.0
'@fontsource/georama,5.2.8,71,B,,2,95,v0.2.0
'@wssto2/rv-nissan-header-footer,1.10.0,34,F,UNVERIFIED_PUBLISH_PATH,2,95,v0.2.0
angular-jk-carousel,0.5.0,19,F,UNVERIFIED_PUBLISH_PATH|DORMANT|SINGLE_MAINTAINER|DEPRECATED,1,95,v0.2.0
'@fontsource/licorice,5.2.8,71,B,,2,94,v0.2.0
'@staaky/fresco,2.3.2,19,F,UNVERIFIED_PUBLISH_PATH|DORMANT|SINGLE_MAINTAINER,1,94,v0.2.0
tapjs,1.0.9,33,F,UNVERIFIED_PUBLISH_PATH|DORMANT,2,94,v0.2.0
'@fontsource/poor-story,5.2.8,71,B,,2,93,v0.2.0
artplayer-plugin-document-pip,1.1.0,25,F,UNVERIFIED_PUBLISH_PATH|SINGLE_MAINTAINER,1,93,v0.2.0
bootstrap-compatibility-layer,1.1.2,25,F,UNVERIFIED_PUBLISH_PATH|SINGLE_MAINTAINER,1,93,v0.2.0
kiltel,3.0.0,25,F,UNVERIFIED_PUBLISH_PATH|SINGLE_MAINTAINER,1,93,v0.2.0
mutationobserver-polyfill,1.3.0,19,F,UNVERIFIED_PUBLISH_PATH|DORMANT|SINGLE_MAINTAINER,1,93,v0.2.0
node-marquee,3.0.6,19,F,UNVERIFIED_PUBLISH_PATH|DORMANT|SINGLE_MAINTAINER|DEPRECATED,1,93,v0.2.0
'@aws/amazon-location-migration-sdk,1.4.0,94,A,,4,92,v0.2.0
'@e-inscricao/widget,0.0.24,35,D,UNVERIFIED_PUBLISH_PATH,5,92,v0.2.0
fansunited-sdk-umd,1.128.0,35,D,UNVERIFIED_PUBLISH_PATH,3,92,v0.2.0
progressive-image.js,1.6.1,19,F,UNVERIFIED_PUBLISH_PATH|DORMANT|SINGLE_MAINTAINER,1,92,v0.2.0
'@mskcc/icons,2.7.3,30,F,UNVERIFIED_PUBLISH_PATH,5,91,v0.2.0
'@swarmcloud/media,1.3.2,25,F,UNVERIFIED_PUBLISH_PATH|SINGLE_MAINTAINER,1,91,v0.2.0
jquery-ui-bundle.1.12.1,1.12.1,20,F,UNVERIFIED_PUBLISH_PATH|DORMANT|SINGLE_MAINTAINER,1,91,v0.2.0
'@finsweet/attributes-richtext,1.10.3,34,F,UNVERIFIED_PUBLISH_PATH|BRANCH_REQUIRES_PR,2,90,v0.2.0
'@flowbase-co/boosters-tooltip,1.1.2,34,F,UNVERIFIED_PUBLISH_PATH,2,90,v0.2.0
'@fontsource/josefin-slab,5.2.7,71,B,,2,90,v0.2.0
'@gradio/lite,5.45.0,16,F,UNVERIFIED_PUBLISH_PATH|SINGLE_MAINTAINER,1,90,v0.2.0
'@wssto2/dacia-header-footer-2022,1.13.1,39,D,UNVERIFIED_PUBLISH_PATH,2,90,v0.2.0
jquery-countup,1.0.1,19,F,UNVERIFIED_PUBLISH_PATH|DORMANT|SINGLE_MAINTAINER,1,90,v0.2.0
jquery-dropdown-datepicker,1.3.0,14,F,UNVERIFIED_PUBLISH_PATH|DORMANT|SINGLE_MAINTAINER,1,90,v0.2.0
'@bmg.studio/form,1.5.2,15,F,UNVERIFIED_PUBLISH_PATH|DORMANT|SINGLE_MAINTAINER,1,89,v0.2.0
'@deriv-com/marketing-utils,2.2.1,25,F,UNVERIFIED_PUBLISH_PATH|SINGLE_MAINTAINER,1,89,v0.2.0
'@finsweet/attributes-rangeslider,1.8.0,28,F,UNVERIFIED_PUBLISH_PATH|DORMANT|BRANCH_REQUIRES_PR,2,89,v0.2.0
'@fontsource/capriola,5.2.7,71,B,,2,89,v0.2.0
'@swissfederalrailways/internet-tracking,16.0.16,35,D,UNVERIFIED_PUBLISH_PATH,2,89,v0.2.0
'@undp/design-system,2.0.1,73,B,SINGLE_MAINTAINER,1,89,v0.2.0
amwal-checkout-button,0.2.3,35,D,UNVERIFIED_PUBLISH_PATH,3,89,v0.2.0
jquery-tiny-pubsub,0.7.1,19,F,UNVERIFIED_PUBLISH_PATH|DORMANT|SINGLE_MAINTAINER,1,89,v0.2.0
now-ui-kit,1.3.0,24,F,UNVERIFIED_PUBLISH_PATH|DORMANT,8,89,v0.2.0
'@evlop/commons,1.0.388,35,D,UNVERIFIED_PUBLISH_PATH,2,88,v0.2.0
'@ryanmorr/ready,1.4.1,19,F,UNVERIFIED_PUBLISH_PATH|DORMANT|SINGLE_MAINTAINER,1,88,v0.2.0
'@thelevicole/youtube-to-html5-loader,5.0.0,19,F,UNVERIFIED_PUBLISH_PATH|DORMANT|SINGLE_MAINTAINER,1,88,v0.2.0
alpinejs-ray,2.1.1,14,F,UNVERIFIED_PUBLISH_PATH|DORMANT|SINGLE_MAINTAINER,1,88,v0.2.0
jquery-eu-cookie-law-popup,1.1.3,15,F,UNVERIFIED_PUBLISH_PATH|DORMANT|SINGLE_MAINTAINER,1,88,v0.2.0
'@axa-ch/button,8.2.5,28,F,UNVERIFIED_PUBLISH_PATH|DORMANT|PUBLISHER_NOT_MAINTAINER|DEPRECATED,5,87,v0.2.0
'@builder.io/webcomponents,2.0.2,52,C,UNVERIFIED_PUBLISH_PATH,22,87,v0.2.0
'@fontsource/bakbak-one,5.2.8,71,B,,2,87,v0.2.0
'@handsfree/aa-launcher,2.1.54,39,D,UNVERIFIED_PUBLISH_PATH,4,87,v0.2.0
'@headwai/chat-bubble,8.4.0,87,A,,2,87,v0.2.0
'@laserfiche/lf-ui-components,21.1.1,87,A,,5,87,v0.2.0
nimbbl_sonic,6.2.0,21,F,UNVERIFIED_PUBLISH_PATH|SINGLE_MAINTAINER,1,87,v0.2.0
njx-ui,1.1.4,25,F,UNVERIFIED_PUBLISH_PATH|SINGLE_MAINTAINER,1,87,v0.2.0
page-scroll-to-id,1.6.8,19,F,UNVERIFIED_PUBLISH_PATH|DORMANT|SINGLE_MAINTAINER,1,87,v0.2.0
responsive-auto-height,0.0.5,15,F,UNVERIFIED_PUBLISH_PATH|DORMANT|SINGLE_MAINTAINER,1,87,v0.2.0
'@eclipsefdn/solstice-components,0.9.1,35,D,UNVERIFIED_PUBLISH_PATH,7,86,v0.2.0
'@finsweet/attributes-autovideo,1.5.0,28,F,UNVERIFIED_PUBLISH_PATH|DORMANT|BRANCH_REQUIRES_PR,2,86,v0.2.0
'@flowbase-co/boosters-tab-rotation-webflow,1.2.2,34,F,UNVERIFIED_PUBLISH_PATH,2,86,v0.2.0
'@pydantic/ai-chat-ui,2.0.0,87,A,,4,86,v0.2.0
'@zkreations/tooltips,4.2.2,25,F,UNVERIFIED_PUBLISH_PATH|SINGLE_MAINTAINER,1,86,v0.2.0
layer-src,3.5.1,19,F,UNVERIFIED_PUBLISH_PATH|DORMANT|SINGLE_MAINTAINER,1,86,v0.2.0
leaflet.styledlayercontrol,1.0.0,14,F,UNVERIFIED_PUBLISH_PATH|DORMANT|SINGLE_MAINTAINER,1,86,v0.2.0
prometix,1.7.0,25,F,UNVERIFIED_PUBLISH_PATH|SINGLE_MAINTAINER,1,86,v0.2.0
stardew-valley-data,1.0.1,32,F,UNVERIFIED_PUBLISH_PATH|SINGLE_MAINTAINER,1,86,v0.2.0
'@esm-bundle/styled-components,5.2.1,33,F,UNVERIFIED_PUBLISH_PATH|DORMANT,6,85,v0.2.0
infinite-scroll-component,0.0.4,19,F,UNVERIFIED_PUBLISH_PATH|DORMANT|SINGLE_MAINTAINER,1,85,v0.2.0
jquery.resizeend,1.1.1,19,F,UNVERIFIED_PUBLISH_PATH|DORMANT|SINGLE_MAINTAINER,1,85,v0.2.0
statsig-sidecar-v2-beta,2.6.2,39,D,UNVERIFIED_PUBLISH_PATH,7,85,v0.2.0
'@feedmepos/mf-e-invoice,0.0.87-prod,35,D,UNVERIFIED_PUBLISH_PATH,3,84,v0.2.0
jquery-pincode-autotab,2.2.3,19,F,UNVERIFIED_PUBLISH_PATH|DORMANT|SINGLE_MAINTAINER,1,84,v0.2.0
lazy-line-painter,2.0.3,19,F,UNVERIFIED_PUBLISH_PATH|DORMANT|SINGLE_MAINTAINER,1,84,v0.2.0
ractive-transitions-slide,0.4.0,19,F,UNVERIFIED_PUBLISH_PATH|DORMANT|SINGLE_MAINTAINER,1,84,v0.2.0
'@elastic/behavioral-analytics-browser-tracker,2.1.4,24,F,UNVERIFIED_PUBLISH_PATH|DORMANT|PUBLISHER_NOT_MAINTAINER,3,83,v0.2.0
'@flowbase-co/boosters-countup,1.0.2,34,F,UNVERIFIED_PUBLISH_PATH,2,83,v0.2.0
'@wssto2/renault-header-footer-2022,1.16.2,39,D,UNVERIFIED_PUBLISH_PATH,2,83,v0.2.0
'@fontsource/henny-penny,5.2.8,71,B,,2,82,v0.2.0
'@ignf-geoportal/sdk-2d,3.5.6,34,F,UNVERIFIED_PUBLISH_PATH,3,82,v0.2.0
'@trustdevicejs/trustdevice-js,1.0.6,25,F,UNVERIFIED_PUBLISH_PATH|SINGLE_MAINTAINER,1,82,v0.2.0
greenbricks-cps-sdk,1.7.0,21,F,UNVERIFIED_PUBLISH_PATH|SINGLE_MAINTAINER,1,82,v0.2.0
js-captcha,1.2.2,25,F,UNVERIFIED_PUBLISH_PATH|SINGLE_MAINTAINER,1,82,v0.2.0
nprogress-esm,0.2.6,19,F,UNVERIFIED_PUBLISH_PATH|DORMANT|SINGLE_MAINTAINER,1,82,v0.2.0
progressively,1.2.5,19,F,UNVERIFIED_PUBLISH_PATH|DORMANT|SINGLE_MAINTAINER,1,82,v0.2.0
typeface-nanum-square,1.1.0,19,F,UNVERIFIED_PUBLISH_PATH|DORMANT|SINGLE_MAINTAINER,1,82,v0.2.0
videojs-airplay,1.1.1,19,F,UNVERIFIED_PUBLISH_PATH|DORMANT|SINGLE_MAINTAINER,1,82,v0.2.0
videojs-http-quality-selector,1.2.1,19,F,UNVERIFIED_PUBLISH_PATH|DORMANT|SINGLE_MAINTAINER,1,82,v0.2.0
'@digital-realty/ui-my-account,12.0.6,30,F,UNVERIFIED_PUBLISH_PATH,4,81,v0.2.0
'@feedmepos/mf-transaction,0.0.71,30,F,UNVERIFIED_PUBLISH_PATH,3,81,v0.2.0
'@frametrail/frametrail,1.2.7,63,C,INCONSISTENT_PUBLISH_PATH|SINGLE_MAINTAINER,1,81,v0.2.0
'@pluralsight/design-tokens,0.7.1,14,F,UNVERIFIED_PUBLISH_PATH|DORMANT|SINGLE_MAINTAINER,1,81,v0.2.0
country-code-flag-phone-extension-json,1.0.2,19,F,UNVERIFIED_PUBLISH_PATH|DORMANT|SINGLE_MAINTAINER,1,81,v0.2.0
font-applesdgothicneo,1.0.3,19,F,UNVERIFIED_PUBLISH_PATH|DORMANT|SINGLE_MAINTAINER,1,81,v0.2.0
profanity-cleaner,0.0.3,14,F,UNVERIFIED_PUBLISH_PATH|DORMANT|SINGLE_MAINTAINER,1,81,v0.2.0
videojs-chromecast,2.0.8,14,F,UNVERIFIED_PUBLISH_PATH|DORMANT|SINGLE_MAINTAINER|PUBLISHER_NOT_MAINTAINER,1,81,v0.2.0
'@feedmepos/mf-operation,0.0.30,30,F,UNVERIFIED_PUBLISH_PATH,3,80,v0.2.0
'@gumlet/insights-js-core,2.2.3,39,D,UNVERIFIED_PUBLISH_PATH,2,80,v0.2.0
'@mariusbongarts/previewbox,0.0.24,19,F,UNVERIFIED_PUBLISH_PATH|DORMANT|SINGLE_MAINTAINER,1,80,v0.2.0
brownies,4.0.1,25,F,UNVERIFIED_PUBLISH_PATH|SINGLE_MAINTAINER,1,80,v0.2.0
jquery-columnizer,1.6.3,19,F,UNVERIFIED_PUBLISH_PATH|DORMANT|SINGLE_MAINTAINER,1,80,v0.2.0
responsively-lazy,3.2.1,19,F,UNVERIFIED_PUBLISH_PATH|DORMANT|SINGLE_MAINTAINER,1,80,v0.2.0
tripetto-services,2.1.1,29,F,UNVERIFIED_PUBLISH_PATH|DORMANT|DEPRECATED,3,80,v0.2.0
'@feedmepos/mf-table,0.0.38,30,F,UNVERIFIED_PUBLISH_PATH,3,79,v0.2.0
'@fontsource/ibarra-real-nova,5.2.8,71,B,,2,79,v0.2.0
'@idotj/mastodon-embed-timeline,4.8.2,21,F,UNVERIFIED_PUBLISH_PATH|SINGLE_MAINTAINER,1,79,v0.2.0
'@jarstone/dselect,1.0.4,19,F,UNVERIFIED_PUBLISH_PATH|DORMANT|SINGLE_MAINTAINER,1,79,v0.2.0
'@vant/assets,1.0.8,15,F,UNVERIFIED_PUBLISH_PATH|DORMANT|SINGLE_MAINTAINER,1,79,v0.2.0
jquery-doubletaptogo,3.0.2,19,F,UNVERIFIED_PUBLISH_PATH|DORMANT|SINGLE_MAINTAINER,1,79,v0.2.0
jquery.session,1.0.0,19,F,UNVERIFIED_PUBLISH_PATH|DORMANT|SINGLE_MAINTAINER,1,79,v0.2.0
nanogram.js,3.2.0,19,F,UNVERIFIED_PUBLISH_PATH|DORMANT|SINGLE_MAINTAINER,1,79,v0.2.0
ping-widget,0.3.8,19,F,UNVERIFIED_PUBLISH_PATH|DORMANT|SINGLE_MAINTAINER,1,79,v0.2.0
typeface-nanum-barun-gothic,1.0.0,19,F,UNVERIFIED_PUBLISH_PATH|DORMANT|SINGLE_MAINTAINER,1,79,v0.2.0
'@fontsource/arizonia,5.2.8,71,B,,2,78,v0.2.0
'@jspreadsheet/pivot,1.1.0,25,F,UNVERIFIED_PUBLISH_PATH|SINGLE_MAINTAINER,1,78,v0.2.0
lml-main,1.0.0,19,F,UNVERIFIED_PUBLISH_PATH|DORMANT|SINGLE_MAINTAINER,1,78,v0.2.0
myriad-font,0.0.2,19,F,UNVERIFIED_PUBLISH_PATH|DORMANT|SINGLE_MAINTAINER,1,78,v0.2.0
t-datepicker,1.0.4,15,F,UNVERIFIED_PUBLISH_PATH|DORMANT|SINGLE_MAINTAINER,1,78,v0.2.0
'@fontsource/bilbo-swash-caps,5.2.8,71,B,,2,77,v0.2.0
'@fontsource/comforter,5.2.8,71,B,,2,77,v0.2.0
'@fontsource/noto-serif-kannada,5.2.8,71,B,,2,77,v0.2.0
'@rive-app/flutter-native-wasm,42.0.0,34,F,UNVERIFIED_PUBLISH_PATH|BRANCH_REQUIRES_PR,5,77,v0.2.0
fitie,1.0.0,19,F,UNVERIFIED_PUBLISH_PATH|DORMANT|SINGLE_MAINTAINER,1,77,v0.2.0
jquery-formatdatetime,1.1.6,19,F,UNVERIFIED_PUBLISH_PATH|DORMANT|SINGLE_MAINTAINER,1,77,v0.2.0
pikaday-responsive,0.7.0,15,F,UNVERIFIED_PUBLISH_PATH|DORMANT|SINGLE_MAINTAINER,1,77,v0.2.0
'@feedmepos/mf-settings,0.0.75-dev.1,30,F,UNVERIFIED_PUBLISH_PATH,3,76,v0.2.0
'@finsweet/attributes-sliderdots,1.8.0,28,F,UNVERIFIED_PUBLISH_PATH|DORMANT|BRANCH_REQUIRES_PR,2,76,v0.2.0
fetch-inject,3.3.1,15,F,UNVERIFIED_PUBLISH_PATH|DORMANT|SINGLE_MAINTAINER,1,76,v0.2.0
jquery-twzipcode,1.7.15-rc1,14,F,UNVERIFIED_PUBLISH_PATH|DORMANT|SINGLE_MAINTAINER,1,76,v0.2.0
'@alaskaairux/auro-interruption,1.4.5,19,F,UNVERIFIED_PUBLISH_PATH|DORMANT|SINGLE_MAINTAINER|DEPRECATED,1,75,v0.2.0
'@finsweet/attributes-cmsprevnext,1.6.0,28,F,UNVERIFIED_PUBLISH_PATH|DORMANT|BRANCH_REQUIRES_PR,2,75,v0.2.0
'@justinribeiro/lite-tiktok,0.1.0,19,F,UNVERIFIED_PUBLISH_PATH|DORMANT|SINGLE_MAINTAINER,1,75,v0.2.0
'@swarmcloud/shaka,0.8.5,25,F,UNVERIFIED_PUBLISH_PATH|SINGLE_MAINTAINER,1,75,v0.2.0
adzone,2.3.231,10,F,UNVERIFIED_PUBLISH_PATH|DORMANT|SINGLE_MAINTAINER,1,75,v0.2.0
javascript-debounce,1.0.1,19,F,UNVERIFIED_PUBLISH_PATH|DORMANT|SINGLE_MAINTAINER,1,75,v0.2.0
lc-lightbox-lite,2.2.0,25,F,UNVERIFIED_PUBLISH_PATH|SINGLE_MAINTAINER,1,75,v0.2.0
leaflet-tag-filter-button,0.0.5,19,F,UNVERIFIED_PUBLISH_PATH|DORMANT|SINGLE_MAINTAINER,1,75,v0.2.0
'@fontsource/arapey,5.2.8,71,B,,2,74,v0.2.0
'@getnexorai/sdk,0.1.7,35,D,UNVERIFIED_PUBLISH_PATH,2,74,v0.2.0
'@kfonts/line-seed-sans-kr,0.1.0,19,F,UNVERIFIED_PUBLISH_PATH|DORMANT|SINGLE_MAINTAINER,1,74,v0.2.0
add-to-calendar-buttons,1.0.0,19,F,UNVERIFIED_PUBLISH_PATH|DORMANT|SINGLE_MAINTAINER,1,74,v0.2.0
cdbootstrap,1.3.4,19,F,UNVERIFIED_PUBLISH_PATH|DORMANT|SINGLE_MAINTAINER,1,74,v0.2.0
frankenphp-hot-reload,1.0.1,73,B,SINGLE_MAINTAINER,1,74,v0.2.0
'@agent-embed/js,0.4.0,21,F,UNVERIFIED_PUBLISH_PATH|SINGLE_MAINTAINER,1,73,v0.2.0
'@feedmepos/mf-feedback,0.0.18,30,F,UNVERIFIED_PUBLISH_PATH,3,73,v0.2.0
'@feedmepos/mf-service-charge,0.0.9-alpha.0,30,F,UNVERIFIED_PUBLISH_PATH,3,73,v0.2.0
'@finsweet/cms-library,1.9.11,33,F,UNVERIFIED_PUBLISH_PATH|DORMANT,2,73,v0.2.0
'@get-advantage/advantage,0.11.2,25,F,UNVERIFIED_PUBLISH_PATH|SINGLE_MAINTAINER,1,73,v0.2.0
'@whitesev/pops,4.2.8,16,F,UNVERIFIED_PUBLISH_PATH|SINGLE_MAINTAINER,1,73,v0.2.0
beefup,1.5.0,19,F,UNVERIFIED_PUBLISH_PATH|DORMANT|SINGLE_MAINTAINER,1,73,v0.2.0
gcal-sync,2.1.3,20,F,UNVERIFIED_PUBLISH_PATH|SINGLE_MAINTAINER,1,73,v0.2.0
trig-js,4.2.1,25,F,UNVERIFIED_PUBLISH_PATH|SINGLE_MAINTAINER,1,73,v0.2.0
'@aurodesignsystem/auro-sidenav,5.1.1,89,A,,8,72,v0.2.0
'@bebranded/bb-contents,1.1.23,25,F,UNVERIFIED_PUBLISH_PATH|SINGLE_MAINTAINER,1,72,v0.2.0
'@findify/bundle,7.1.108,46,D,UNVERIFIED_PUBLISH_PATH,5,72,v0.2.0
'@finsweet/attributes-smartlightbox,1.7.0,28,F,UNVERIFIED_PUBLISH_PATH|DORMANT,2,72,v0.2.0
'@india-boundary-corrector/leaflet-layer,0.2.2,73,B,SINGLE_MAINTAINER,1,72,v0.2.0
'@metaxia/scriptures-source-openscriptures-ohb,2.0.0,25,F,UNVERIFIED_PUBLISH_PATH|SINGLE_MAINTAINER,1,72,v0.2.0
'@vntana/viewer,2.3.0,16,F,UNVERIFIED_PUBLISH_PATH,0,72,v0.2.0
jq-accordion,1.0.3,19,F,UNVERIFIED_PUBLISH_PATH|DORMANT|SINGLE_MAINTAINER,1,72,v0.2.0
ms-dropdown,4.0.3,19,F,UNVERIFIED_PUBLISH_PATH|DORMANT|SINGLE_MAINTAINER,1,72,v0.2.0
nanumsquareneo,0.0.5,19,F,UNVERIFIED_PUBLISH_PATH|DORMANT|SINGLE_MAINTAINER,1,72,v0.2.0
zurb-twentytwenty,0.1.1,19,F,UNVERIFIED_PUBLISH_PATH|DORMANT|SINGLE_MAINTAINER,1,72,v0.2.0
'@feedmepos/mf-admin,0.0.1-beta.2,35,D,UNVERIFIED_PUBLISH_PATH,3,71,v0.2.0
'@feedmepos/mf-discount-rule,0.0.9-alpha.0,30,F,UNVERIFIED_PUBLISH_PATH,3,71,v0.2.0
'@finsweet/attributes-cmsload,1.12.1,34,F,UNVERIFIED_PUBLISH_PATH|BRANCH_REQUIRES_PR,2,71,v0.2.0
'@finsweet/attributes-docs,2.0.16,34,F,UNVERIFIED_PUBLISH_PATH,2,71,v0.2.0
'@fontsource/mirza,5.2.8,71,B,,2,71,v0.2.0
'@progleasing/grit-universal,3.0.0,24,F,UNVERIFIED_PUBLISH_PATH|DORMANT|PUBLISHER_NOT_MAINTAINER,4,71,v0.2.0
'@pyscript/try-me,0.2.8,21,F,UNVERIFIED_PUBLISH_PATH|SINGLE_MAINTAINER,1,71,v0.2.0
chiron-go-round-tc-webfont,1.0.11,68,C,SINGLE_MAINTAINER,1,71,v0.2.0
cn-fontsource-smiley-sans-oblique-regular,1.0.1,19,F,UNVERIFIED_PUBLISH_PATH|DORMANT|SINGLE_MAINTAINER,1,71,v0.2.0
midnight.js,1.1.1,19,F,UNVERIFIED_PUBLISH_PATH|DORMANT|SINGLE_MAINTAINER,1,71,v0.2.0
quran-cloud,1.0.0,14,F,UNVERIFIED_PUBLISH_PATH|DORMANT|SINGLE_MAINTAINER,1,71,v0.2.0
sweet-modal,1.3.2,19,F,UNVERIFIED_PUBLISH_PATH|DORMANT|SINGLE_MAINTAINER,1,71,v0.2.0
'@finsweet/attributes-socialshare,1.3.2,28,F,UNVERIFIED_PUBLISH_PATH|DORMANT|BRANCH_REQUIRES_PR,2,70,v0.2.0
'@fontsource/aclonica,5.2.8,71,B,,2,70,v0.2.0
'@live-codes/monaco-editor,0.3.1,21,F,UNVERIFIED_PUBLISH_PATH|SINGLE_MAINTAINER,1,70,v0.2.0
'@nortic/icons,0.1.6,34,F,UNVERIFIED_PUBLISH_PATH,4,70,v0.2.0
'@tulipnpm/livechat,1.7.4,15,F,UNVERIFIED_PUBLISH_PATH|DORMANT|SINGLE_MAINTAINER,1,70,v0.2.0
'@uscreentv/video-player,1.4.0,34,F,UNVERIFIED_PUBLISH_PATH|PUBLISHER_NOT_MAINTAINER,2,70,v0.2.0
chiron-hei-hk-webfont,2.6.9,68,C,SINGLE_MAINTAINER,1,70,v0.2.0
docsify-pagination-keyboard-helper,1.0.5,19,F,UNVERIFIED_PUBLISH_PATH|DORMANT|SINGLE_MAINTAINER,1,70,v0.2.0
jgallery,2.2.0,15,F,UNVERIFIED_PUBLISH_PATH|DORMANT|SINGLE_MAINTAINER,1,70,v0.2.0
socks-ui,0.3.13,21,F,UNVERIFIED_PUBLISH_PATH|SINGLE_MAINTAINER,1,70,v0.2.0
timepicki,2.0.1,19,F,UNVERIFIED_PUBLISH_PATH|DORMANT|SINGLE_MAINTAINER|DEPRECATED,1,70,v0.2.0
typecho_joe_theme,4.4.5,5,F,UNVERIFIED_PUBLISH_PATH|DORMANT|SINGLE_MAINTAINER|PUBLISHER_NOT_MAINTAINER,1,70,v0.2.0
'@farcade/game-sdk,0.3.0,35,D,UNVERIFIED_PUBLISH_PATH,3,69,v0.2.0
'@filteringdev/namulink,20.6.0,73,B,SINGLE_MAINTAINER,1,69,v0.2.0
'@finsweet/attributes-scrolldisable,1.6.2,28,F,UNVERIFIED_PUBLISH_PATH|DORMANT|BRANCH_REQUIRES_PR,2,69,v0.2.0
'@widgetti/solara-vuetify-app,10.1.1,93,A,,3,69,v0.2.0
artplayer-plugin-hls-quality,2.0.1,19,F,UNVERIFIED_PUBLISH_PATH|DORMANT|SINGLE_MAINTAINER|DEPRECATED,1,69,v0.2.0
goo-motion-library,1.0.1,15,F,UNVERIFIED_PUBLISH_PATH|DORMANT|SINGLE_MAINTAINER,1,69,v0.2.0
jquery-images-compare,4.0.0,73,B,SINGLE_MAINTAINER,1,69,v0.2.0
jquery-range,1.0.0,19,F,UNVERIFIED_PUBLISH_PATH|DORMANT|SINGLE_MAINTAINER,1,69,v0.2.0
timepicker.js,4.1.0,51,C,DORMANT|SINGLE_MAINTAINER,1,69,v0.2.0
tomatov2-assets,1.0.2,16,F,UNVERIFIED_PUBLISH_PATH|SINGLE_MAINTAINER,1,69,v0.2.0
videojs-analytics,1.0.0,15,F,UNVERIFIED_PUBLISH_PATH|DORMANT|SINGLE_MAINTAINER,1,69,v0.2.0
'@apollosproject/apollos-embeds,0.2.42,77,B,INCONSISTENT_PUBLISH_PATH,7,68,v0.2.0
'@icon/elegant-icons,0.0.1-alpha.4,33,F,UNVERIFIED_PUBLISH_PATH|DORMANT,2,68,v0.2.0
game-icons-transparent,1.0.2,16,F,UNVERIFIED_PUBLISH_PATH|SINGLE_MAINTAINER,1,68,v0.2.0
getmdl-select,2.0.1,33,F,UNVERIFIED_PUBLISH_PATH|DORMANT,3,68,v0.2.0
joe-header,2.0.13,35,D,UNVERIFIED_PUBLISH_PATH,2,68,v0.2.0
jquery-form-styler,2.0.2,19,F,UNVERIFIED_PUBLISH_PATH|DORMANT|SINGLE_MAINTAINER,1,68,v0.2.0
material-icon-font,3.0.1,19,F,UNVERIFIED_PUBLISH_PATH|DORMANT|SINGLE_MAINTAINER,1,68,v0.2.0
toastmejs,1.2.7,19,F,UNVERIFIED_PUBLISH_PATH|DORMANT|SINGLE_MAINTAINER,1,68,v0.2.0
'@alaskaairux/auro-button,6.6.0,26,F,UNVERIFIED_PUBLISH_PATH|DORMANT|SINGLE_MAINTAINER,1,67,v0.2.0
'@digital-realty/ui-mfe-dcim,12.0.2,30,F,UNVERIFIED_PUBLISH_PATH,4,67,v0.2.0
'@fontsource/anek-gujarati,5.2.8,71,B,,2,67,v0.2.0
'@fontsource/big-shoulders-text,5.2.5,71,B,,2,67,v0.2.0
'@reform-digital/cookie-flow,2.3.1,16,F,UNVERIFIED_PUBLISH_PATH|SINGLE_MAINTAINER,1,67,v0.2.0
'@sendcloud/checkout-plugin-ui,2.4.4,35,D,UNVERIFIED_PUBLISH_PATH,4,67,v0.2.0
hyperclayjs,1.34.0,25,F,UNVERIFIED_PUBLISH_PATH|SINGLE_MAINTAINER,1,67,v0.2.0
knockout-viewmodel,2.1.0,19,F,UNVERIFIED_PUBLISH_PATH|DORMANT|SINGLE_MAINTAINER,1,67,v0.2.0
litlyx-js,1.4.0,21,F,UNVERIFIED_PUBLISH_PATH|SINGLE_MAINTAINER,1,67,v0.2.0
mori-chat-widget,2.0.49,16,F,UNVERIFIED_PUBLISH_PATH|SINGLE_MAINTAINER,1,67,v0.2.0
publicalbum,1.3.4,14,F,UNVERIFIED_PUBLISH_PATH|DORMANT|SINGLE_MAINTAINER,1,67,v0.2.0
typesense-docsearch.js,3.4.1,35,D,UNVERIFIED_PUBLISH_PATH|DORMANT,4,67,v0.2.0
'@esri/hub-components,5.420.1,39,D,UNVERIFIED_PUBLISH_PATH,18,66,v0.2.0
'@finsweet/attributes-toc,1.2.4,28,F,UNVERIFIED_PUBLISH_PATH|DORMANT|BRANCH_REQUIRES_PR,2,66,v0.2.0
'@litemetrics/tracker,0.4.0,20,F,UNVERIFIED_PUBLISH_PATH|SINGLE_MAINTAINER,1,66,v0.2.0
'@prefecthq/prefab-ui-docs,0.20.2,77,B,INCONSISTENT_PUBLISH_PATH,3,66,v0.2.0
'@privateav/sdk,3.5.3,25,F,UNVERIFIED_PUBLISH_PATH|SINGLE_MAINTAINER,1,66,v0.2.0
'@textback/notification-widget,2.0.23,21,F,UNVERIFIED_PUBLISH_PATH|SINGLE_MAINTAINER,1,66,v0.2.0
'@turingpaper/ui,0.0.16,21,F,UNVERIFIED_PUBLISH_PATH|SINGLE_MAINTAINER,1,66,v0.2.0
jquery-imagemapster,1.2.10,19,F,UNVERIFIED_PUBLISH_PATH|DORMANT|SINGLE_MAINTAINER|DEPRECATED,1,66,v0.2.0
ng-browser-detector,4.0.3,19,F,UNVERIFIED_PUBLISH_PATH|DORMANT|SINGLE_MAINTAINER,1,66,v0.2.0
popupable,1.10.0,25,F,UNVERIFIED_PUBLISH_PATH|SINGLE_MAINTAINER,1,66,v0.2.0
'@data-fair/app-charts,1.3.9,35,D,UNVERIFIED_PUBLISH_PATH,3,65,v0.2.0
'@fontsource/zen-antique,5.2.8,71,B,,2,65,v0.2.0
'@r3dz0n3/fontawesome-pro,6.3.0,19,F,UNVERIFIED_PUBLISH_PATH|DORMANT|SINGLE_MAINTAINER,1,65,v0.2.0
'@sr-connect/jira-cloud,1.5.0,30,F,UNVERIFIED_PUBLISH_PATH,8,65,v0.2.0
angular-validation-ghiscoding,1.5.28,19,F,UNVERIFIED_PUBLISH_PATH|DORMANT|SINGLE_MAINTAINER|DEPRECATED,1,65,v0.2.0
bootstrap-tree-view,1.9.13,10,F,UNVERIFIED_PUBLISH_PATH|DORMANT|SINGLE_MAINTAINER,1,65,v0.2.0
dealpos-font,7.0.21,16,F,UNVERIFIED_PUBLISH_PATH|SINGLE_MAINTAINER,1,65,v0.2.0
heroui-chat-script,0.0.3,35,D,UNVERIFIED_PUBLISH_PATH,3,65,v0.2.0
n8n-embedded-chat-interface,0.4.0,25,F,UNVERIFIED_PUBLISH_PATH|SINGLE_MAINTAINER,1,65,v0.2.0
swiper-animation,2.0.2,14,F,UNVERIFIED_PUBLISH_PATH|DORMANT|SINGLE_MAINTAINER|PUBLISHER_NOT_MAINTAINER|DEPRECATED,1,65,v0.2.0
'@axa-ch/button-link,7.0.3,28,F,UNVERIFIED_PUBLISH_PATH|DORMANT|PUBLISHER_NOT_MAINTAINER|DEPRECATED,5,64,v0.2.0
'@banksapitechnology/embeddable-finance-web-components,1.9.1,16,F,UNVERIFIED_PUBLISH_PATH|SINGLE_MAINTAINER,1,64,v0.2.0
'@blinkmobile/canvas-manipulation,1.0.1,28,F,UNVERIFIED_PUBLISH_PATH|DORMANT|PUBLISHER_NOT_MAINTAINER|DEPRECATED,5,64,v0.2.0
'@callmebill/lxgw-wenkai-web,1.522.0,73,B,SINGLE_MAINTAINER,1,64,v0.2.0
'@digital-realty/ix-generic-tree,2.2.6,35,D,UNVERIFIED_PUBLISH_PATH,4,64,v0.2.0
'@emretulek/jbvalidator,1.0.9,19,F,UNVERIFIED_PUBLISH_PATH|DORMANT|SINGLE_MAINTAINER,1,64,v0.2.0
'@fontsource/mukta-vaani,5.2.8,71,B,,2,64,v0.2.0
'@fontsource/pontano-sans,5.2.8,71,B,,2,64,v0.2.0
'@icon/entypo,1.0.0-alpha.3,33,F,UNVERIFIED_PUBLISH_PATH|DORMANT,2,64,v0.2.0
'@jspreadsheet/comments,6.3.3,25,F,UNVERIFIED_PUBLISH_PATH|SINGLE_MAINTAINER,1,64,v0.2.0
'@jspreadsheet/format,4.0.1,25,F,UNVERIFIED_PUBLISH_PATH|SINGLE_MAINTAINER,1,64,v0.2.0
'@mesh-interactive/mesh-sdk,0.4.1,35,D,UNVERIFIED_PUBLISH_PATH,3,64,v0.2.0
'@redvars/peacock,3.9.1,63,C,INCONSISTENT_PUBLISH_PATH|SINGLE_MAINTAINER,1,64,v0.2.0
'@teamepyc/webflow-toolkit,0.4.4,28,F,UNVERIFIED_PUBLISH_PATH|DORMANT,2,64,v0.2.0
jquery.iframetracker,2.1.0,19,F,UNVERIFIED_PUBLISH_PATH|DORMANT|SINGLE_MAINTAINER,1,64,v0.2.0
lcdp-vue3-components,1.0.57,16,F,UNVERIFIED_PUBLISH_PATH|SINGLE_MAINTAINER,1,64,v0.2.0
ng-youtube-embed,1.7.17,19,F,UNVERIFIED_PUBLISH_PATH|DORMANT|SINGLE_MAINTAINER,1,64,v0.2.0
pretendard-std,1.3.9,19,F,UNVERIFIED_PUBLISH_PATH|DORMANT|SINGLE_MAINTAINER,1,64,v0.2.0
'@bmlt-enabled/croutonjs,4.1.12,84,B,INCONSISTENT_PUBLISH_PATH,5,63,v0.2.0
'@finsweet/attributes-cmsnest,1.12.1,39,D,UNVERIFIED_PUBLISH_PATH|BRANCH_REQUIRES_PR,2,63,v0.2.0
'@fontsource/noto-serif-sinhala,5.2.8,71,B,,2,63,v0.2.0
fa6,2.0.1,15,F,UNVERIFIED_PUBLISH_PATH|DORMANT|SINGLE_MAINTAINER,1,63,v0.2.0
g1,0.18.1,15,F,UNVERIFIED_PUBLISH_PATH|DORMANT|SINGLE_MAINTAINER,1,63,v0.2.0
joshjs,1.0.8,19,F,UNVERIFIED_PUBLISH_PATH|DORMANT|SINGLE_MAINTAINER,1,63,v0.2.0
jsonlylightbox,0.5.5,19,F,UNVERIFIED_PUBLISH_PATH|DORMANT|SINGLE_MAINTAINER,1,63,v0.2.0
katex-copytex,1.0.2,19,F,UNVERIFIED_PUBLISH_PATH|DORMANT|SINGLE_MAINTAINER,1,63,v0.2.0
morphext,2.4.7,19,F,UNVERIFIED_PUBLISH_PATH|DORMANT|SINGLE_MAINTAINER,1,63,v0.2.0
story-show-gallery,3.3.13,25,F,UNVERIFIED_PUBLISH_PATH|SINGLE_MAINTAINER,1,63,v0.2.0
6vd-pub-shen,4.0.1764330165,16,F,UNVERIFIED_PUBLISH_PATH|SINGLE_MAINTAINER,1,62,v0.2.0
'@finsweet/attributes-readtime,1.2.3,28,F,UNVERIFIED_PUBLISH_PATH|DORMANT|BRANCH_REQUIRES_PR,2,62,v0.2.0
'@fontsource/alatsi,5.2.8,71,B,,2,62,v0.2.0
'@fontsource/voces,5.2.7,71,B,,2,62,v0.2.0
'@hanzi.pro/webfonts-lxgw-wenkai-tc,0.1.0,52,C,INCONSISTENT_PUBLISH_PATH|SINGLE_MAINTAINER,1,62,v0.2.0
'@justaa/scripts,1.6.7,16,F,UNVERIFIED_PUBLISH_PATH|SINGLE_MAINTAINER,1,62,v0.2.0
'@mailbiz/onsite-vtex-vendor,0.11.6,35,D,UNVERIFIED_PUBLISH_PATH,3,62,v0.2.0
'@widgetbot/html-embed,1.3.1,81,B,,5,62,v0.2.0
rubik-font,0.0.3,10,F,UNVERIFIED_PUBLISH_PATH|DORMANT|SINGLE_MAINTAINER,1,62,v0.2.0
strophe,1.2.4,19,F,UNVERIFIED_PUBLISH_PATH|DORMANT|SINGLE_MAINTAINER|DEPRECATED,1,62,v0.2.0
visualdx,1.1.15,21,F,UNVERIFIED_PUBLISH_PATH|SINGLE_MAINTAINER,1,62,v0.2.0
'@finsweet/attributes-cmstabs,1.7.0,28,F,UNVERIFIED_PUBLISH_PATH|DORMANT|BRANCH_REQUIRES_PR,2,61,v0.2.0
'@fontsource/cormorant-upright,5.2.7,71,B,,2,61,v0.2.0
'@jsuites/css,1.5.2,25,F,UNVERIFIED_PUBLISH_PATH|SINGLE_MAINTAINER,1,61,v0.2.0
bpg-arial,1.0.0,19,F,UNVERIFIED_PUBLISH_PATH|DORMANT|SINGLE_MAINTAINER,1,61,v0.2.0
cookie-bar,1.10.3,19,F,UNVERIFIED_PUBLISH_PATH|DORMANT|SINGLE_MAINTAINER,1,61,v0.2.0
iszolea-ui,1.2.91,35,D,UNVERIFIED_PUBLISH_PATH,9,61,v0.2.0
jquery-captcha,2.3.2,19,F,UNVERIFIED_PUBLISH_PATH|DORMANT|SINGLE_MAINTAINER,1,61,v0.2.0
jquery.appendgrid,2.1.1,19,F,UNVERIFIED_PUBLISH_PATH|DORMANT|SINGLE_MAINTAINER,1,61,v0.2.0
leaflet-control-boxzoom,1.5.0,19,F,UNVERIFIED_PUBLISH_PATH|DORMANT|SINGLE_MAINTAINER,1,61,v0.2.0
leaflet-tooltip,1.0.4,15,F,UNVERIFIED_PUBLISH_PATH|DORMANT|SINGLE_MAINTAINER,1,61,v0.2.0
'@adobe/commerce-events-collectors,0.0.0-b0e9ee788f86104fc458c6cba356cb515c3f1ba6,28,F,UNVERIFIED_PUBLISH_PATH|DORMANT,31,60,v0.2.0
'@finsweet/attributes-cmsstatic,1.3.0,28,F,UNVERIFIED_PUBLISH_PATH|DORMANT|BRANCH_REQUIRES_PR,2,60,v0.2.0
'@managed-api/slack-core,2.4.0,30,F,UNVERIFIED_PUBLISH_PATH,9,60,v0.2.0
'@theidentityselector/thiss-ds,3.0.3,39,D,UNVERIFIED_PUBLISH_PATH,3,60,v0.2.0
'@viewdo/dxp-nent,0.12.1,35,D,UNVERIFIED_PUBLISH_PATH,5,60,v0.2.0
'@vuesimple/vs-datepicker,3.1.6,25,F,UNVERIFIED_PUBLISH_PATH|SINGLE_MAINTAINER,1,60,v0.2.0
imaskjs,1.1.1,19,F,UNVERIFIED_PUBLISH_PATH|DORMANT|SINGLE_MAINTAINER|DEPRECATED,1,60,v0.2.0
lazy-load-video,1.0.0,10,F,UNVERIFIED_PUBLISH_PATH|DORMANT|SINGLE_MAINTAINER,1,60,v0.2.0
line-seed-jp,0.0.5,15,F,UNVERIFIED_PUBLISH_PATH|DORMANT|SINGLE_MAINTAINER,1,60,v0.2.0
map-fanbox-points,0.1.1,21,F,UNVERIFIED_PUBLISH_PATH|SINGLE_MAINTAINER,1,60,v0.2.0
searchinghost,1.6.2,19,F,UNVERIFIED_PUBLISH_PATH|DORMANT|SINGLE_MAINTAINER,1,60,v0.2.0
teddy-frontend,2.2.8,25,F,UNVERIFIED_PUBLISH_PATH|SINGLE_MAINTAINER,1,60,v0.2.0
timelinejs3,3.4.0,19,F,UNVERIFIED_PUBLISH_PATH|DORMANT|SINGLE_MAINTAINER,1,60,v0.2.0
'@finsweet/attributes-cmscore,1.13.1,34,F,UNVERIFIED_PUBLISH_PATH|BRANCH_REQUIRES_PR,2,59,v0.2.0
'@finsweet/attributes-copyclip,1.7.0,28,F,UNVERIFIED_PUBLISH_PATH|DORMANT|BRANCH_REQUIRES_PR,2,59,v0.2.0
'@fontsource/amita,5.2.8,71,B,,2,59,v0.2.0
'@fontsource/shippori-antique-b1,5.2.8,71,B,,2,59,v0.2.0
'@jobinsjp/vue3-datepicker,1.0.2-jobins-03,19,F,UNVERIFIED_PUBLISH_PATH|DORMANT|SINGLE_MAINTAINER,1,59,v0.2.0
'@page-speed/svg-loader,1.7.4,39,D,UNVERIFIED_PUBLISH_PATH,2,59,v0.2.0
'@sledge-app/js,2.0.114,35,D,UNVERIFIED_PUBLISH_PATH,4,59,v0.2.0
aksharamukha,2.3.0-32,63,C,INCONSISTENT_PUBLISH_PATH|SINGLE_MAINTAINER,1,59,v0.2.0
cdnhost,0.0.1-security.0,11,F,UNVERIFIED_PUBLISH_PATH,0,59,v0.2.0
cssdelivr,1.0.2,10,F,UNVERIFIED_PUBLISH_PATH|DORMANT|SINGLE_MAINTAINER,1,59,v0.2.0
hello-week,2.14.3,19,F,UNVERIFIED_PUBLISH_PATH|DORMANT|SINGLE_MAINTAINER,1,59,v0.2.0
outdated-browser,1.0.2,19,F,UNVERIFIED_PUBLISH_PATH|DORMANT|SINGLE_MAINTAINER,1,59,v0.2.0
sb-admin-2,3.3.8,19,F,UNVERIFIED_PUBLISH_PATH|DORMANT|SINGLE_MAINTAINER,1,59,v0.2.0
'@chatvolt/embeds,4.3.16,25,F,UNVERIFIED_PUBLISH_PATH|SINGLE_MAINTAINER,1,58,v0.2.0
'@digital-realty/ui-mfe-reports,12.0.2,30,F,UNVERIFIED_PUBLISH_PATH,4,58,v0.2.0
'@finsweet/attributes-cmscombine,1.8.0,28,F,UNVERIFIED_PUBLISH_PATH|DORMANT|BRANCH_REQUIRES_PR,2,58,v0.2.0
'@finsweet/attributes-linkblockedit,1.5.0,28,F,UNVERIFIED_PUBLISH_PATH|DORMANT|BRANCH_REQUIRES_PR,2,58,v0.2.0
'@hanzi.pro/webfonts-shanggu-sans,0.1.0,52,C,INCONSISTENT_PUBLISH_PATH|SINGLE_MAINTAINER,1,58,v0.2.0
'@hanzi.pro/webfonts-shanggu-serif,0.1.0,52,C,INCONSISTENT_PUBLISH_PATH|SINGLE_MAINTAINER,1,58,v0.2.0
'@ptkdev/webcomponent-instagram-widget,2.9.0,19,F,UNVERIFIED_PUBLISH_PATH|DORMANT|SINGLE_MAINTAINER,1,58,v0.2.0
'@svg-icons/fluentui-system-regular,1.87.0,28,F,UNVERIFIED_PUBLISH_PATH|DORMANT,2,58,v0.2.0
bootstrap-modbox,1.7.0,19,F,UNVERIFIED_PUBLISH_PATH|DORMANT|SINGLE_MAINTAINER,1,58,v0.2.0
detect_swipe,2.1.4,19,F,UNVERIFIED_PUBLISH_PATH|DORMANT|SINGLE_MAINTAINER,1,58,v0.2.0
extra-map-card,1.8.0,25,F,UNVERIFIED_PUBLISH_PATH|SINGLE_MAINTAINER,1,58,v0.2.0
hapi-video,1.2.2,24,F,UNVERIFIED_PUBLISH_PATH|DORMANT,2,58,v0.2.0
marqueee,1.4.8,19,F,UNVERIFIED_PUBLISH_PATH|DORMANT|SINGLE_MAINTAINER,1,58,v0.2.0
'@aarhus-university/au-lib-react-components,12.6.3,35,D,UNVERIFIED_PUBLISH_PATH,8,57,v0.2.0
'@banana-ui/banana,1.20.1,28,F,UNVERIFIED_PUBLISH_PATH|DORMANT,2,57,v0.2.0
'@finsweet/3dglobes,1.0.0,33,F,UNVERIFIED_PUBLISH_PATH|DORMANT,2,57,v0.2.0
'@finsweet/attributes-combobox,1.0.7,28,F,UNVERIFIED_PUBLISH_PATH|DORMANT,2,57,v0.2.0
'@finsweet/attributes-countitems,1.6.0,28,F,UNVERIFIED_PUBLISH_PATH|DORMANT|BRANCH_REQUIRES_PR,2,57,v0.2.0
'@finsweet/attributes-queryparam,1.2.1,28,F,UNVERIFIED_PUBLISH_PATH|DORMANT,2,57,v0.2.0
'@fontsource/ysabeau,5.2.8,71,B,,2,57,v0.2.0
'@gemeosagency/splide,3.6.0,30,F,UNVERIFIED_PUBLISH_PATH,2,57,v0.2.0
'@handsfree/accessangel,2.4.16,35,D,UNVERIFIED_PUBLISH_PATH,4,57,v0.2.0
'@lunarkid/react-data-grid,2.0.78,14,F,UNVERIFIED_PUBLISH_PATH|DORMANT|SINGLE_MAINTAINER,1,57,v0.2.0
'@rtirl/api,1.2.1,15,F,UNVERIFIED_PUBLISH_PATH|DORMANT|SINGLE_MAINTAINER,1,57,v0.2.0
evrythng,6.0.5,19,F,UNVERIFIED_PUBLISH_PATH|DORMANT|SINGLE_MAINTAINER,1,57,v0.2.0
flying-pages,2.0.6,19,F,UNVERIFIED_PUBLISH_PATH|DORMANT|SINGLE_MAINTAINER,1,57,v0.2.0
jquery-common-keydown,1.0.1,19,F,UNVERIFIED_PUBLISH_PATH|DORMANT|SINGLE_MAINTAINER,1,57,v0.2.0
summernote-ext-print,0.1.6,19,F,UNVERIFIED_PUBLISH_PATH|DORMANT|SINGLE_MAINTAINER,1,57,v0.2.0
'@fontsource/inika,5.2.8,71,B,,2,56,v0.2.0
'@fontsource/maitree,5.2.8,71,B,,2,56,v0.2.0
'@fontsource/rosario,5.2.8,71,B,,2,56,v0.2.0
'@goodgamestudios/cxf-webshop,7.1.10,35,D,UNVERIFIED_PUBLISH_PATH,27,56,v0.2.0
'@klaxit/cookie-consent,0.3.4,33,F,UNVERIFIED_PUBLISH_PATH|DORMANT,3,56,v0.2.0
dzxstatic,3.4.20211231,10,F,UNVERIFIED_PUBLISH_PATH|DORMANT|SINGLE_MAINTAINER,1,56,v0.2.0
jquery.cookie-consent,1.0.19,19,F,UNVERIFIED_PUBLISH_PATH|DORMANT|SINGLE_MAINTAINER,1,56,v0.2.0
jsonview,1.2.0,14,F,UNVERIFIED_PUBLISH_PATH|DORMANT|SINGLE_MAINTAINER,1,56,v0.2.0
soundfont-for-samplers,0.0.3,21,F,UNVERIFIED_PUBLISH_PATH|SINGLE_MAINTAINER,1,56,v0.2.0
videojs7-vimeo,2.0.3,19,F,UNVERIFIED_PUBLISH_PATH|DORMANT|SINGLE_MAINTAINER,1,56,v0.2.0
'@axa-ch/footer,6.0.12,28,F,UNVERIFIED_PUBLISH_PATH|DORMANT|PUBLISHER_NOT_MAINTAINER|DEPRECATED,5,55,v0.2.0
'@dmvs-apac/dm-custom-embed,1.5.29,25,F,UNVERIFIED_PUBLISH_PATH|DORMANT|SINGLE_MAINTAINER,1,55,v0.2.0
'@fontsource/akt,5.2.1,81,B,,2,55,v0.2.0
'@fontsource/benchnine,5.2.8,71,B,,2,55,v0.2.0
'@fontsource/train-one,5.2.8,71,B,,2,55,v0.2.0
'@imshaiksaif/webflow-marquee,3.0.1,10,F,UNVERIFIED_PUBLISH_PATH|DORMANT|SINGLE_MAINTAINER,1,55,v0.2.0
'@searchtap/search-client,1.3.0,33,F,UNVERIFIED_PUBLISH_PATH|DORMANT,3,55,v0.2.0
ant-design-icons,1.3.3,19,F,UNVERIFIED_PUBLISH_PATH|DORMANT|SINGLE_MAINTAINER,1,55,v0.2.0
ibp-app,1.2.10,16,F,UNVERIFIED_PUBLISH_PATH|SINGLE_MAINTAINER,1,55,v0.2.0
mixitup-multifilter,3.3.7,19,F,UNVERIFIED_PUBLISH_PATH|DORMANT|SINGLE_MAINTAINER,1,55,v0.2.0
statsig-js-local-eval,1.4.0,28,F,UNVERIFIED_PUBLISH_PATH|DORMANT|PUBLISHER_NOT_MAINTAINER|DEPRECATED,2,55,v0.2.0
udesly-instagram-feed,2.0.7,10,F,UNVERIFIED_PUBLISH_PATH|DORMANT|SINGLE_MAINTAINER,1,55,v0.2.0
videojs-qualityselector,0.0.4,15,F,UNVERIFIED_PUBLISH_PATH|DORMANT|SINGLE_MAINTAINER,1,55,v0.2.0
'@eppo/visual_editor_snippet,0.0.11,35,D,UNVERIFIED_PUBLISH_PATH,10,54,v0.2.0
'@fontsource/rambla,5.2.8,71,B,,2,54,v0.2.0
banks-in-india,0.3.2,25,F,UNVERIFIED_PUBLISH_PATH|SINGLE_MAINTAINER,1,54,v0.2.0
bulma-social,3.2.0,73,B,SINGLE_MAINTAINER,1,54,v0.2.0
datalist-css,1.0.0,19,F,UNVERIFIED_PUBLISH_PATH|DORMANT|SINGLE_MAINTAINER,1,54,v0.2.0
gather-vue,8.20.2,21,F,UNVERIFIED_PUBLISH_PATH|SINGLE_MAINTAINER,1,54,v0.2.0
jellyskin,12.5.1,19,F,UNVERIFIED_PUBLISH_PATH|DORMANT|SINGLE_MAINTAINER,1,54,v0.2.0
jquery-roving-tabindex,1.0.1,19,F,UNVERIFIED_PUBLISH_PATH|DORMANT|SINGLE_MAINTAINER,1,54,v0.2.0
jquery-shadow-animation,1.12.0,19,F,UNVERIFIED_PUBLISH_PATH|DORMANT|SINGLE_MAINTAINER,1,54,v0.2.0
'@coveops/abi,2.0.0,30,F,UNVERIFIED_PUBLISH_PATH|PUBLISHER_NOT_MAINTAINER,12,53,v0.2.0
'@finsweet/attributes-cmsattribute,1.3.0,28,F,UNVERIFIED_PUBLISH_PATH|DORMANT,2,53,v0.2.0
'@finsweet/attributes-codehighlight,1.5.2,28,F,UNVERIFIED_PUBLISH_PATH|DORMANT,2,53,v0.2.0
'@inboundlabs/booya-ui,0.2.91,29,F,UNVERIFIED_PUBLISH_PATH|DORMANT,2,53,v0.2.0
'@mailbiz/onsite-linxcommerce-vendor,0.10.0,35,D,UNVERIFIED_PUBLISH_PATH,3,53,v0.2.0
gw-customer-accounts,1.6.2,25,F,UNVERIFIED_PUBLISH_PATH|SINGLE_MAINTAINER,1,53,v0.2.0
iconsax-font-icon,1.1.0,19,F,UNVERIFIED_PUBLISH_PATH|DORMANT|SINGLE_MAINTAINER,1,53,v0.2.0
infiniteslidev2,2.0.1-1,19,F,UNVERIFIED_PUBLISH_PATH|DORMANT|SINGLE_MAINTAINER,1,53,v0.2.0
yandex-share2,3.1.0,10,F,UNVERIFIED_PUBLISH_PATH|DORMANT|SINGLE_MAINTAINER|PUBLISHER_NOT_MAINTAINER,1,53,v0.2.0
'@blinkmobile/angular-signature-pad,1.0.1,33,F,UNVERIFIED_PUBLISH_PATH|DORMANT|DEPRECATED,5,52,v0.2.0
'@finsweet/attributes-mirrorclick,1.5.0,28,F,UNVERIFIED_PUBLISH_PATH|DORMANT|BRANCH_REQUIRES_PR,2,52,v0.2.0
'@flowbase-co/boosters-before-after-slider,1.0.3,34,F,UNVERIFIED_PUBLISH_PATH,2,52,v0.2.0
'@flowbase-co/boosters-custom-slider-webflow,2.0.3,34,F,UNVERIFIED_PUBLISH_PATH,2,52,v0.2.0
'@fontsource/yeon-sung,5.2.8,71,B,,2,52,v0.2.0
'@oplayer/core,1.2.38-beta.2,10,F,UNVERIFIED_PUBLISH_PATH|DORMANT|SINGLE_MAINTAINER,1,52,v0.2.0
feather-icon,0.1.0,19,F,UNVERIFIED_PUBLISH_PATH|DORMANT|SINGLE_MAINTAINER,1,52,v0.2.0
ractive-decorators-sortable,0.2.1,33,F,UNVERIFIED_PUBLISH_PATH|DORMANT,2,52,v0.2.0
stackedboost-shopify-assets,0.2.0,33,F,UNVERIFIED_PUBLISH_PATH|DORMANT,2,52,v0.2.0
swiftype-app-search-javascript,2.4.0,33,F,UNVERIFIED_PUBLISH_PATH|DORMANT|DEPRECATED,10,52,v0.2.0
zebra_pin,3.0.1,19,F,UNVERIFIED_PUBLISH_PATH|DORMANT|SINGLE_MAINTAINER,1,52,v0.2.0
'@finsweet/attributes-formsubmit,1.4.1,28,F,UNVERIFIED_PUBLISH_PATH|DORMANT|BRANCH_REQUIRES_PR,2,51,v0.2.0
'@finsweet/attributes-mirrorinput,1.4.0,28,F,UNVERIFIED_PUBLISH_PATH|DORMANT,2,51,v0.2.0
'@fontsource/m-plus-u,5.2.1,81,B,,2,51,v0.2.0
'@lobehub/fluent-emoji-modern,1.0.0,33,F,UNVERIFIED_PUBLISH_PATH|DORMANT,9,51,v0.2.0
'@percy.ai/hvs-autocomplete,2.9.0,30,F,UNVERIFIED_PUBLISH_PATH,3,51,v0.2.0
'@tips-web/webchat,3.1.2,39,D,UNVERIFIED_PUBLISH_PATH,3,51,v0.2.0
data-metrics-badge,0.5.7,33,F,UNVERIFIED_PUBLISH_PATH|DORMANT,3,51,v0.2.0
minze,1.10.2,25,F,UNVERIFIED_PUBLISH_PATH|SINGLE_MAINTAINER,1,51,v0.2.0
pf-starter,2.1.3,25,F,UNVERIFIED_PUBLISH_PATH|SINGLE_MAINTAINER,1,51,v0.2.0
react-gallery-designer,1.4.5,19,F,UNVERIFIED_PUBLISH_PATH|DORMANT|SINGLE_MAINTAINER,1,51,v0.2.0
'@finsweet/attributes-inputactive,1.0.0,28,F,UNVERIFIED_PUBLISH_PATH|DORMANT|BRANCH_REQUIRES_PR,2,50,v0.2.0
arakawa,0.4.2,73,B,SINGLE_MAINTAINER,1,50,v0.2.0
cwru-components,0.0.44,35,D,UNVERIFIED_PUBLISH_PATH,2,50,v0.2.0
jquery-simple-mobilemenu,2.0.1,19,F,UNVERIFIED_PUBLISH_PATH|DORMANT|SINGLE_MAINTAINER,1,50,v0.2.0
level-selector,0.2.0,19,F,UNVERIFIED_PUBLISH_PATH|DORMANT|SINGLE_MAINTAINER,1,50,v0.2.0
livcounter,1.0.0,10,F,UNVERIFIED_PUBLISH_PATH|DORMANT|SINGLE_MAINTAINER,1,50,v0.2.0
mnemo-bot,2026.6.4,25,F,UNVERIFIED_PUBLISH_PATH|SINGLE_MAINTAINER,1,50,v0.2.0
wavify,1.0.0,19,F,UNVERIFIED_PUBLISH_PATH|DORMANT|SINGLE_MAINTAINER,1,50,v0.2.0
'@finsweet/attributes-accordion,1.1.2,28,F,UNVERIFIED_PUBLISH_PATH|DORMANT|BRANCH_REQUIRES_PR,2,49,v0.2.0
'@finsweet/attributes-cmsselect,1.7.0,28,F,UNVERIFIED_PUBLISH_PATH|DORMANT|BRANCH_REQUIRES_PR,2,49,v0.2.0
'@finsweet/attributes-inputcounter,1.2.5,28,F,UNVERIFIED_PUBLISH_PATH|DORMANT,2,49,v0.2.0
'@finsweet/fs-components,2.3.56,34,F,UNVERIFIED_PUBLISH_PATH,2,49,v0.2.0
'@glenlowland/jellyfin-tizen,0.1.51,19,F,UNVERIFIED_PUBLISH_PATH|DORMANT|SINGLE_MAINTAINER,1,49,v0.2.0
'@reform-digital/era-group-weglot,1.3.2,16,F,UNVERIFIED_PUBLISH_PATH|SINGLE_MAINTAINER,1,49,v0.2.0
'@simondmc/popup-js,1.4.4,25,F,UNVERIFIED_PUBLISH_PATH|SINGLE_MAINTAINER,1,49,v0.2.0
'@vuesimple/vs-modal,3.1.6,25,F,UNVERIFIED_PUBLISH_PATH|SINGLE_MAINTAINER,1,49,v0.2.0
'@xpressengine/xeicon,2.4.0,25,F,UNVERIFIED_PUBLISH_PATH|SINGLE_MAINTAINER,1,49,v0.2.0
browser-cookie-utils,2.0.1,25,F,UNVERIFIED_PUBLISH_PATH|SINGLE_MAINTAINER,1,49,v0.2.0
starry-rating,5.1.0,19,F,UNVERIFIED_PUBLISH_PATH|DORMANT|SINGLE_MAINTAINER,1,49,v0.2.0
vue-axios-plugin,1.3.0,19,F,UNVERIFIED_PUBLISH_PATH|DORMANT|SINGLE_MAINTAINER,1,49,v0.2.0
'@finsweet/attributes-starrating,1.0.2,28,F,UNVERIFIED_PUBLISH_PATH|DORMANT,2,48,v0.2.0
'@flowbase-co/boosters-gsap,3.12.7,34,F,UNVERIFIED_PUBLISH_PATH,2,48,v0.2.0
'@formconnector/form-utils,1.0.15,30,F,UNVERIFIED_PUBLISH_PATH,4,48,v0.2.0
'@intergrav/devins-badges,3.3.1,16,F,UNVERIFIED_PUBLISH_PATH|SINGLE_MAINTAINER,1,48,v0.2.0
'@lemonstand.org/config-goodgamestudios,0.47.0,35,D,UNVERIFIED_PUBLISH_PATH,7,48,v0.2.0
'@perfectgym/client-portal,1.13.3,39,D,UNVERIFIED_PUBLISH_PATH,3,48,v0.2.0
bootstrap4-select2-theme,1.0.3,19,F,UNVERIFIED_PUBLISH_PATH|DORMANT|SINGLE_MAINTAINER,1,48,v0.2.0
citizendev-bubble-utils,0.0.10,10,F,UNVERIFIED_PUBLISH_PATH|DORMANT|SINGLE_MAINTAINER,1,48,v0.2.0
roboto-fontface-woff,0.8.0,19,F,UNVERIFIED_PUBLISH_PATH|DORMANT|SINGLE_MAINTAINER,1,48,v0.2.0
simple-load-more,1.6.2,19,F,UNVERIFIED_PUBLISH_PATH|DORMANT|SINGLE_MAINTAINER,1,48,v0.2.0
'@fontsource/alike,5.2.8,71,B,,2,47,v0.2.0
'@fontsource/anek-kannada,5.2.8,71,B,,2,47,v0.2.0
'@fontsource/antic-didone,5.2.8,71,B,,2,47,v0.2.0
'@framerauth/sdk,2.1.7,21,F,UNVERIFIED_PUBLISH_PATH|SINGLE_MAINTAINER,1,47,v0.2.0
'@mailbiz/onsite-wapstore-vendor,0.8.0,35,D,UNVERIFIED_PUBLISH_PATH,3,47,v0.2.0
'@vuesimple/vs-alert,3.1.6,25,F,UNVERIFIED_PUBLISH_PATH|SINGLE_MAINTAINER,1,47,v0.2.0
'@zf-web-font/sourcehansanscn,0.2.0,10,F,UNVERIFIED_PUBLISH_PATH|DORMANT|SINGLE_MAINTAINER,1,47,v0.2.0
fansunited-react-widgets,0.8.30,21,F,UNVERIFIED_PUBLISH_PATH|SINGLE_MAINTAINER,1,47,v0.2.0
jose-jwe,0.2.2,14,F,UNVERIFIED_PUBLISH_PATH|DORMANT|SINGLE_MAINTAINER|PUBLISHER_NOT_MAINTAINER,1,47,v0.2.0
jquery-tagcanvas,2.9.0,19,F,UNVERIFIED_PUBLISH_PATH|DORMANT|SINGLE_MAINTAINER,1,47,v0.2.0
jquery.fullscreen,0.6.0,19,F,UNVERIFIED_PUBLISH_PATH|DORMANT|SINGLE_MAINTAINER,1,47,v0.2.0
js-lru-cache,0.1.10,19,F,UNVERIFIED_PUBLISH_PATH|DORMANT|SINGLE_MAINTAINER,1,47,v0.2.0
polyfill-object-assign,1.0.0,19,F,UNVERIFIED_PUBLISH_PATH|DORMANT|SINGLE_MAINTAINER,1,47,v0.2.0
'@epigraph/ar,2.11.6,35,D,UNVERIFIED_PUBLISH_PATH,4,46,v0.2.0
'@figmania/loader,3.3.10,15,F,UNVERIFIED_PUBLISH_PATH|DORMANT|SINGLE_MAINTAINER,1,46,v0.2.0
'@finsweet/attributes-selectcustom,1.7.2,28,F,UNVERIFIED_PUBLISH_PATH|DORMANT|BRANCH_REQUIRES_PR,2,46,v0.2.0
'@fontpkg/alibaba-pu-hui-ti-2-0,2.0.2,20,F,UNVERIFIED_PUBLISH_PATH|SINGLE_MAINTAINER,1,46,v0.2.0
'@fontsource/arbutus-slab,5.2.8,71,B,,2,46,v0.2.0
'@fontsource/gluten,5.2.8,71,B,,2,46,v0.2.0
'@scbd/sso-vue-plugin-scbd,1.0.5,28,F,UNVERIFIED_PUBLISH_PATH|DORMANT,4,46,v0.2.0
'@swisspost/internet-header,1.17.0,95,A,,4,46,v0.2.0
'@victoryoalli/yamm3,1.1.1,19,F,UNVERIFIED_PUBLISH_PATH|DORMANT|SINGLE_MAINTAINER,1,46,v0.2.0
alibabapuhuiti-3-55-regular,1.0.0,15,F,UNVERIFIED_PUBLISH_PATH|DORMANT|SINGLE_MAINTAINER,1,46,v0.2.0
animate.min.css,0.0.3,19,F,UNVERIFIED_PUBLISH_PATH|DORMANT|SINGLE_MAINTAINER,1,46,v0.2.0
botman-web-widget,0.0.20,15,F,UNVERIFIED_PUBLISH_PATH|DORMANT|SINGLE_MAINTAINER,1,46,v0.2.0
excanvas,2.0.0,14,F,UNVERIFIED_PUBLISH_PATH|DORMANT|SINGLE_MAINTAINER|PUBLISHER_NOT_MAINTAINER|DEPRECATED,1,46,v0.2.0
ixn2,1.0.0,19,F,UNVERIFIED_PUBLISH_PATH|DORMANT|SINGLE_MAINTAINER,1,46,v0.2.0
'@finsweet/attributes-a11y,1.1.3,28,F,UNVERIFIED_PUBLISH_PATH|DORMANT|BRANCH_REQUIRES_PR,2,45,v0.2.0
'@fontsource/salsa,5.2.7,71,B,,2,45,v0.2.0
'@revium/gpt-widget,0.0.7-dev.0,29,F,UNVERIFIED_PUBLISH_PATH|DORMANT,3,45,v0.2.0
autonotifier12,1.0.0,16,F,UNVERIFIED_PUBLISH_PATH|SINGLE_MAINTAINER,1,45,v0.2.0
font-pingfang-sc,1.0.5,15,F,UNVERIFIED_PUBLISH_PATH|DORMANT|SINGLE_MAINTAINER,1,45,v0.2.0
pstpn-webfont-montserrat,0.0.5,10,F,UNVERIFIED_PUBLISH_PATH|DORMANT|SINGLE_MAINTAINER,1,45,v0.2.0
'@flowbase-co/boosters-gsap-text-highlight,1.0.5,34,F,UNVERIFIED_PUBLISH_PATH,2,44,v0.2.0
'@fontsource/sintony,5.2.7,71,B,,2,44,v0.2.0
'@observablehq/katex,0.11.1,33,F,UNVERIFIED_PUBLISH_PATH|DORMANT,4,44,v0.2.0
'@undecaf/vue-barcode-scanner,0.9.3,19,F,UNVERIFIED_PUBLISH_PATH|DORMANT|SINGLE_MAINTAINER,1,44,v0.2.0
big-buck-bunny-1080p,0.0.6,15,F,UNVERIFIED_PUBLISH_PATH|DORMANT|SINGLE_MAINTAINER,1,44,v0.2.0
bootstrap-v4-grid-only,1.0.0,19,F,UNVERIFIED_PUBLISH_PATH|DORMANT|SINGLE_MAINTAINER,1,44,v0.2.0
videojs-schema,0.8.0,19,F,UNVERIFIED_PUBLISH_PATH|DORMANT|SINGLE_MAINTAINER|BRANCH_REQUIRES_PR,1,44,v0.2.0
'@alaskaairux/auro-icon,3.4.4,26,F,UNVERIFIED_PUBLISH_PATH|DORMANT|SINGLE_MAINTAINER|DEPRECATED,1,43,v0.2.0
'@aydee-app/icons,1.3.11,21,F,UNVERIFIED_PUBLISH_PATH|SINGLE_MAINTAINER,1,43,v0.2.0
'@bibleup/bibleup,1.1.0,19,F,UNVERIFIED_PUBLISH_PATH|DORMANT|SINGLE_MAINTAINER,1,43,v0.2.0
'@flowbase-co/boosters-cookie,1.0.3,34,F,UNVERIFIED_PUBLISH_PATH,2,43,v0.2.0
'@fontsource/niramit,5.2.8,71,B,,2,43,v0.2.0
'@jspreadsheet/shapes,6.6.0,25,F,UNVERIFIED_PUBLISH_PATH|SINGLE_MAINTAINER,1,43,v0.2.0
'@partslogic/ui,2.0.7,25,F,UNVERIFIED_PUBLISH_PATH|SINGLE_MAINTAINER,1,43,v0.2.0
'@pwabuilder/pwaauth,0.9.7,24,F,UNVERIFIED_PUBLISH_PATH|DORMANT|PUBLISHER_NOT_MAINTAINER,3,43,v0.2.0
alibabapuhuiti-3-65-medium,1.0.0,15,F,UNVERIFIED_PUBLISH_PATH|DORMANT|SINGLE_MAINTAINER,1,43,v0.2.0
busuanzi,2.3.0,19,F,UNVERIFIED_PUBLISH_PATH|DORMANT|SINGLE_MAINTAINER,1,43,v0.2.0
elaina-theme-data,4.5.1,25,F,UNVERIFIED_PUBLISH_PATH|SINGLE_MAINTAINER,1,43,v0.2.0
lisan,0.1.1,19,F,UNVERIFIED_PUBLISH_PATH|DORMANT|SINGLE_MAINTAINER,1,43,v0.2.0
long-story-library,0.0.23,14,F,UNVERIFIED_PUBLISH_PATH|DORMANT|SINGLE_MAINTAINER,1,43,v0.2.0
pg-calendar,1.4.31,19,F,UNVERIFIED_PUBLISH_PATH|DORMANT|SINGLE_MAINTAINER,1,43,v0.2.0
tecatecom,0.0.48,15,F,UNVERIFIED_PUBLISH_PATH|DORMANT|SINGLE_MAINTAINER,1,43,v0.2.0
unite-lib,1.12.1,21,F,UNVERIFIED_PUBLISH_PATH|SINGLE_MAINTAINER,1,43,v0.2.0
'@bspk/icons,1.1.1,73,B,SINGLE_MAINTAINER,1,42,v0.2.0
'@daivietpda/tizentube,1.0.18,25,F,UNVERIFIED_PUBLISH_PATH|SINGLE_MAINTAINER,1,42,v0.2.0
'@flowbase-co/boosters-social-share,1.0.2,34,F,UNVERIFIED_PUBLISH_PATH,2,42,v0.2.0
'@fontsource/adlam-display,5.2.7,71,B,,2,42,v0.2.0
'@fontsource/big-shoulders-inline-text,5.2.5,71,B,,2,42,v0.2.0
'@fontsource/palanquin-dark,5.2.8,71,B,,2,42,v0.2.0
'@fontsource/ropa-sans,5.2.8,71,B,,2,42,v0.2.0
'@jspreadsheet/editors,11.0.1,25,F,UNVERIFIED_PUBLISH_PATH|SINGLE_MAINTAINER,1,42,v0.2.0
'@oplayer/hls,1.2.28-beta.1,16,F,UNVERIFIED_PUBLISH_PATH|SINGLE_MAINTAINER,1,42,v0.2.0
'@redbeemedia/javascript-player,1.8.2,94,A,,4,42,v0.2.0
'@speechkit/speechkit-audio-player,3.18.30,28,F,UNVERIFIED_PUBLISH_PATH|DORMANT|PUBLISHER_NOT_MAINTAINER,2,42,v0.2.0
'@umich-lib/components,1.1.0,29,F,UNVERIFIED_PUBLISH_PATH|DORMANT,7,42,v0.2.0
alpheios-embedded,3.4.2-incr-3.4.x.20220429024,33,F,UNVERIFIED_PUBLISH_PATH|DORMANT,3,42,v0.2.0
clappr-pip,0.2.0,19,F,UNVERIFIED_PUBLISH_PATH|DORMANT|SINGLE_MAINTAINER,1,42,v0.2.0
jquery-background-video,1.1.0,19,F,UNVERIFIED_PUBLISH_PATH|DORMANT|SINGLE_MAINTAINER,1,42,v0.2.0
pjax-api,3.44.1,19,F,UNVERIFIED_PUBLISH_PATH|DORMANT|SINGLE_MAINTAINER,1,42,v0.2.0
rater-jquery,1.0.0,19,F,UNVERIFIED_PUBLISH_PATH|DORMANT|SINGLE_MAINTAINER,1,42,v0.2.0
'@bro-design/bro-marquee,1.0.1,25,F,UNVERIFIED_PUBLISH_PATH|SINGLE_MAINTAINER,1,41,v0.2.0
'@curiolabs/flowscan,1.0.9,25,F,UNVERIFIED_PUBLISH_PATH|SINGLE_MAINTAINER,1,41,v0.2.0
'@etchteam/recycling-locator,1.78.1,87,A,,4,41,v0.2.0
'@finsweet/attributes-numbercount,1.2.1,28,F,UNVERIFIED_PUBLISH_PATH|DORMANT|BRANCH_REQUIRES_PR,2,41,v0.2.0
'@flittpayments/checkout,1.16.9,39,D,UNVERIFIED_PUBLISH_PATH,5,41,v0.2.0
'@fontsource/averia-sans-libre,5.2.7,71,B,,2,41,v0.2.0
'@intermine/chromatin,0.0.27,28,F,UNVERIFIED_PUBLISH_PATH|DORMANT,5,41,v0.2.0
bootstrap-5-vertical-tabs,2.0.1,19,F,UNVERIFIED_PUBLISH_PATH|DORMANT|SINGLE_MAINTAINER,1,41,v0.2.0
cdnbye-shaka,0.6.0,19,F,UNVERIFIED_PUBLISH_PATH|DORMANT|SINGLE_MAINTAINER,1,41,v0.2.0
ez-consent,1.4.0,20,F,UNVERIFIED_PUBLISH_PATH|SINGLE_MAINTAINER,1,41,v0.2.0
next-popover,0.0.41,19,F,UNVERIFIED_PUBLISH_PATH|DORMANT|SINGLE_MAINTAINER,1,41,v0.2.0
'@bootcss/v3.bootcss.com,1.0.56,10,F,UNVERIFIED_PUBLISH_PATH|DORMANT|SINGLE_MAINTAINER,1,40,v0.2.0
'@fontsource/chiron-hei-hk,5.2.5,81,B,,2,40,v0.2.0
'@mailbiz/onsite-irroba-vendor,0.7.0,35,D,UNVERIFIED_PUBLISH_PATH,3,40,v0.2.0
'@pulpoar/plugin-sdk,0.0.5,15,F,UNVERIFIED_PUBLISH_PATH|DORMANT|SINGLE_MAINTAINER,1,40,v0.2.0
'@svg-icons/material-sharp,1.87.0,28,F,UNVERIFIED_PUBLISH_PATH|DORMANT,2,40,v0.2.0
'@vuesimple/vs-loader,3.1.6,25,F,UNVERIFIED_PUBLISH_PATH|SINGLE_MAINTAINER,1,40,v0.2.0
hockeystack,1.3.234,39,D,UNVERIFIED_PUBLISH_PATH,3,40,v0.2.0
jtsage-datebox-jqm,5.3.3,14,F,UNVERIFIED_PUBLISH_PATH|DORMANT|SINGLE_MAINTAINER,1,40,v0.2.0
swarmcloud-hls,2.18.0,25,F,UNVERIFIED_PUBLISH_PATH|SINGLE_MAINTAINER,1,40,v0.2.0
uikit-icons-extended,1.4.3,21,F,UNVERIFIED_PUBLISH_PATH|SINGLE_MAINTAINER,1,40,v0.2.0
'@finsweet/attributes-cmssort,1.13.3,28,F,UNVERIFIED_PUBLISH_PATH|DORMANT|BRANCH_REQUIRES_PR,2,39,v0.2.0
'@fontsource/mukta-malar,5.2.7,71,B,,2,39,v0.2.0
'@fontsource/rancho,5.2.7,71,B,,2,39,v0.2.0
'@oplayer/ui,1.3.4-beta.10,16,F,UNVERIFIED_PUBLISH_PATH|SINGLE_MAINTAINER,1,39,v0.2.0
'@vuesimple/vs-select,3.1.6,25,F,UNVERIFIED_PUBLISH_PATH|SINGLE_MAINTAINER,1,39,v0.2.0
alibabapuhuiti-3-85-bold,1.0.0,15,F,UNVERIFIED_PUBLISH_PATH|DORMANT|SINGLE_MAINTAINER,1,39,v0.2.0
animate.js,2.0.2,19,F,UNVERIFIED_PUBLISH_PATH|DORMANT|SINGLE_MAINTAINER,1,39,v0.2.0
clappr-stats,0.1.5,33,F,UNVERIFIED_PUBLISH_PATH|DORMANT,6,39,v0.2.0
jquery-ias,2.3.1,19,F,UNVERIFIED_PUBLISH_PATH|DORMANT|SINGLE_MAINTAINER,1,39,v0.2.0
lazyhtml,1.2.3,19,F,UNVERIFIED_PUBLISH_PATH|DORMANT|SINGLE_MAINTAINER,1,39,v0.2.0
mtr-facemesh,7.2.1,25,F,UNVERIFIED_PUBLISH_PATH|SINGLE_MAINTAINER,1,39,v0.2.0
smoothstate,0.7.2,19,F,UNVERIFIED_PUBLISH_PATH|DORMANT|SINGLE_MAINTAINER,1,39,v0.2.0
'@aiconomy/aico-components,0.0.202,29,F,UNVERIFIED_PUBLISH_PATH|DORMANT,4,38,v0.2.0
'@fontsource/akatab,5.2.8,71,B,,2,38,v0.2.0
'@fontsource/allerta,5.2.8,71,B,,2,38,v0.2.0
'@fontsource/nobile,5.2.8,71,B,,2,38,v0.2.0
'@geocodeearth/autocomplete-element,0.8.0,39,D,UNVERIFIED_PUBLISH_PATH,3,38,v0.2.0
'@ideal-postcodes/bigcommerce,3.2.0,39,D,UNVERIFIED_PUBLISH_PATH,2,38,v0.2.0
'@loomchild/webflow-alpinejs,2.2.0,19,F,UNVERIFIED_PUBLISH_PATH|DORMANT|SINGLE_MAINTAINER,1,38,v0.2.0
'@managed-api/confluence-cloud-core,3.2.0,30,F,UNVERIFIED_PUBLISH_PATH,9,38,v0.2.0
'@websolutespa/bom-llm,3.0.1,39,D,UNVERIFIED_PUBLISH_PATH,8,38,v0.2.0
anony-icons,1.0.5,30,F,UNVERIFIED_PUBLISH_PATH,2,38,v0.2.0
appblocks,2.1.1,25,F,UNVERIFIED_PUBLISH_PATH|SINGLE_MAINTAINER,1,38,v0.2.0
flatpickr-year-select-plugin,1.3.1,25,F,UNVERIFIED_PUBLISH_PATH|SINGLE_MAINTAINER,1,38,v0.2.0
iati-design-system,4.10.0,63,C,INCONSISTENT_PUBLISH_PATH|SINGLE_MAINTAINER,1,38,v0.2.0
isotope-horizontal,2.0.1,19,F,UNVERIFIED_PUBLISH_PATH|DORMANT|SINGLE_MAINTAINER,1,38,v0.2.0
jquery.searchable,1.1.0,33,F,UNVERIFIED_PUBLISH_PATH|DORMANT,2,38,v0.2.0
kenobi-js,0.1.47,35,D,UNVERIFIED_PUBLISH_PATH,2,38,v0.2.0
qrcode_js,1.0.0,19,F,UNVERIFIED_PUBLISH_PATH|DORMANT|SINGLE_MAINTAINER,1,38,v0.2.0
swarmcloud-jwplayer-hlsjs,0.1.3,15,F,UNVERIFIED_PUBLISH_PATH|DORMANT|SINGLE_MAINTAINER,1,38,v0.2.0
swipe-up,1.2.16,19,F,UNVERIFIED_PUBLISH_PATH|DORMANT|SINGLE_MAINTAINER,1,38,v0.2.0
zeynepjs,2.2.0,19,F,UNVERIFIED_PUBLISH_PATH|DORMANT|SINGLE_MAINTAINER,1,38,v0.2.0
'@d1g1tal/transportr,5.0.0,68,C,SINGLE_MAINTAINER,1,37,v0.2.0
'@fontsource/manjari,5.2.8,71,B,,2,37,v0.2.0
'@fontsource/mina,5.2.8,71,B,,2,37,v0.2.0
'@gaia-project/viewer,5.11.50,28,F,UNVERIFIED_PUBLISH_PATH|DORMANT,2,37,v0.2.0
'@posten/hedwig,11.13.4,33,F,UNVERIFIED_PUBLISH_PATH|DORMANT,6,37,v0.2.0
'@rive-app/flutter-wasm,41.0.0,33,F,UNVERIFIED_PUBLISH_PATH|DORMANT|BRANCH_REQUIRES_PR,5,37,v0.2.0
'@superleapai/flow-ui,2.6.25,25,F,UNVERIFIED_PUBLISH_PATH|SINGLE_MAINTAINER,1,37,v0.2.0
'@umich-lib/web,1.3.2,29,F,UNVERIFIED_PUBLISH_PATH|DORMANT,7,37,v0.2.0
apirocket,0.17.17,35,D,UNVERIFIED_PUBLISH_PATH,2,37,v0.2.0
docsify-edit-on-github,1.0.3,19,F,UNVERIFIED_PUBLISH_PATH|DORMANT|SINGLE_MAINTAINER,1,37,v0.2.0
jplist-es6,1.2.0,19,F,UNVERIFIED_PUBLISH_PATH|DORMANT|SINGLE_MAINTAINER,1,37,v0.2.0
jquery-multifile,2.2.2,19,F,UNVERIFIED_PUBLISH_PATH|DORMANT|SINGLE_MAINTAINER,1,37,v0.2.0
lap-core-js,1.3.22,15,F,UNVERIFIED_PUBLISH_PATH|DORMANT|SINGLE_MAINTAINER,1,37,v0.2.0
lxgw-wenkai-tc-web,1.522.0,73,B,SINGLE_MAINTAINER,1,37,v0.2.0
micro-slider,1.1.0,19,F,UNVERIFIED_PUBLISH_PATH|DORMANT|SINGLE_MAINTAINER,1,37,v0.2.0
mojocss,0.2.0,19,F,UNVERIFIED_PUBLISH_PATH|DORMANT|SINGLE_MAINTAINER,1,37,v0.2.0
videojs-persist,0.2.0,15,F,UNVERIFIED_PUBLISH_PATH|DORMANT|SINGLE_MAINTAINER,1,37,v0.2.0
'@finsweet/attributes-cmsslider,1.7.1,28,F,UNVERIFIED_PUBLISH_PATH|DORMANT|BRANCH_REQUIRES_PR,2,36,v0.2.0
'@finsweet/attributes-modal,1.1.3,28,F,UNVERIFIED_PUBLISH_PATH|DORMANT|BRANCH_REQUIRES_PR,2,36,v0.2.0
'@fontsource/khmer,5.2.9,71,B,,2,36,v0.2.0
'@keyurmaru/vad,0.0.1,25,F,UNVERIFIED_PUBLISH_PATH|SINGLE_MAINTAINER,1,36,v0.2.0
'@marqueefy/marqueefy,1.0.3,19,F,UNVERIFIED_PUBLISH_PATH|DORMANT|SINGLE_MAINTAINER,1,36,v0.2.0
simple-parallax-jquery,3.1.3,19,F,UNVERIFIED_PUBLISH_PATH|DORMANT|SINGLE_MAINTAINER|DEPRECATED,1,36,v0.2.0
udesly-audio-player,0.0.21,10,F,UNVERIFIED_PUBLISH_PATH|DORMANT|SINGLE_MAINTAINER,1,36,v0.2.0
'@alfatech/livechat,2026.6.1-2.1,35,D,UNVERIFIED_PUBLISH_PATH,2,35,v0.2.0
'@flowbase-co/boosters-countdown,2.0.2,34,F,UNVERIFIED_PUBLISH_PATH,2,35,v0.2.0
'@fontsource/libertinus-sans,5.2.2,71,B,,2,35,v0.2.0
'@ludens-reklame/cookie-dialog,1.2.0,29,F,UNVERIFIED_PUBLISH_PATH|DORMANT,5,35,v0.2.0
'@mailbiz/onsite-tray-vendor,0.6.2,30,F,UNVERIFIED_PUBLISH_PATH,3,35,v0.2.0
'@meetelise/hc-scheduler-widget,1.2.5,39,D,UNVERIFIED_PUBLISH_PATH,7,35,v0.2.0
'@saccerwin/antigravity-flow,1.1.3,21,F,UNVERIFIED_PUBLISH_PATH|SINGLE_MAINTAINER,1,35,v0.2.0
clappr-ga-events-plugin,2.2.0,19,F,UNVERIFIED_PUBLISH_PATH|DORMANT|SINGLE_MAINTAINER,1,35,v0.2.0
jmapserver-ng-core,2.13.0,35,D,UNVERIFIED_PUBLISH_PATH,7,35,v0.2.0
minicon1,0.0.3,16,F,UNVERIFIED_PUBLISH_PATH|SINGLE_MAINTAINER,1,35,v0.2.0
mithril-datepicker,0.9.3,19,F,UNVERIFIED_PUBLISH_PATH|DORMANT|SINGLE_MAINTAINER,1,35,v0.2.0
vipassana-design-standards,1.2.5,21,F,UNVERIFIED_PUBLISH_PATH|SINGLE_MAINTAINER,1,35,v0.2.0
'@chativa/ui,0.8.2,20,F,UNVERIFIED_PUBLISH_PATH|SINGLE_MAINTAINER,1,34,v0.2.0
'@deltaclan/splitter,1.0.9,15,F,UNVERIFIED_PUBLISH_PATH|DORMANT|SINGLE_MAINTAINER,1,34,v0.2.0
'@fontsource/antic-slab,5.2.8,71,B,,2,34,v0.2.0
'@mailbiz/onsite-shopify-vendor,0.4.2,35,D,UNVERIFIED_PUBLISH_PATH,3,34,v0.2.0
'@managed-api/bitbucket-cloud-v2-core,2.5.0,30,F,UNVERIFIED_PUBLISH_PATH,9,34,v0.2.0
'@modiphy/copyright,0.1.5,25,F,UNVERIFIED_PUBLISH_PATH|SINGLE_MAINTAINER,1,34,v0.2.0
'@rsltda/components,1.0.25,21,F,UNVERIFIED_PUBLISH_PATH|SINGLE_MAINTAINER,1,34,v0.2.0
'@umich-lib/css,1.0.9,29,F,UNVERIFIED_PUBLISH_PATH|DORMANT,7,34,v0.2.0
cloud9carousel,2.2.0,19,F,UNVERIFIED_PUBLISH_PATH|DORMANT|SINGLE_MAINTAINER,1,34,v0.2.0
cookie-consent-box,2.4.0,19,F,UNVERIFIED_PUBLISH_PATH|DORMANT|SINGLE_MAINTAINER,1,34,v0.2.0
jquery.md5,1.0.2,10,F,UNVERIFIED_PUBLISH_PATH|DORMANT|SINGLE_MAINTAINER,1,34,v0.2.0
raleigh-map-components,1.0.9,25,F,UNVERIFIED_PUBLISH_PATH|SINGLE_MAINTAINER,1,34,v0.2.0
'@azerion/phaser,2.6.16,28,F,UNVERIFIED_PUBLISH_PATH|DORMANT|PUBLISHER_NOT_MAINTAINER,4,33,v0.2.0
'@firstandthird/toc,2.1.0,33,F,UNVERIFIED_PUBLISH_PATH|DORMANT,6,33,v0.2.0
'@fontsource/ar-one-sans,5.2.7,71,B,,2,33,v0.2.0
'@fontsource/dangrek,5.2.8,71,B,,2,33,v0.2.0
'@fontsource/love-ya-like-a-sister,5.2.8,71,B,,2,33,v0.2.0
'@machi-pla/ai-chatbot,0.1.25,35,D,UNVERIFIED_PUBLISH_PATH,3,33,v0.2.0
'@pardnchiu/flexplyr,2.2.9,25,F,UNVERIFIED_PUBLISH_PATH|SINGLE_MAINTAINER,1,33,v0.2.0
'@smarttalks.ai/widget,0.23.0,30,F,UNVERIFIED_PUBLISH_PATH,2,33,v0.2.0
'@zf-web-font/youshebiaotihei,0.2.0,10,F,UNVERIFIED_PUBLISH_PATH|DORMANT|SINGLE_MAINTAINER,1,33,v0.2.0
flot-pie,1.0.0,19,F,UNVERIFIED_PUBLISH_PATH|DORMANT|SINGLE_MAINTAINER,1,33,v0.2.0
midi-instrument-patches,1.0.5,19,F,UNVERIFIED_PUBLISH_PATH|DORMANT|SINGLE_MAINTAINER,1,33,v0.2.0
scrollprogress,3.0.2,19,F,UNVERIFIED_PUBLISH_PATH|DORMANT|SINGLE_MAINTAINER,1,33,v0.2.0
yasgui-yasr,2.12.19,19,F,UNVERIFIED_PUBLISH_PATH|DORMANT|SINGLE_MAINTAINER|DEPRECATED,1,33,v0.2.0
'@epigraph/configurator,2.6.3,39,D,UNVERIFIED_PUBLISH_PATH,4,32,v0.2.0
'@figmania/webcomponent,3.3.10,15,F,UNVERIFIED_PUBLISH_PATH|DORMANT|SINGLE_MAINTAINER,1,32,v0.2.0
'@firebase/analytics-interop-types,0.3.5,46,D,UNVERIFIED_PUBLISH_PATH,4,32,v0.2.0
'@fontsource/stylish,5.2.8,71,B,,2,32,v0.2.0
'@mailbiz/javascript-tracker,0.1.13,28,F,UNVERIFIED_PUBLISH_PATH|DORMANT,3,32,v0.2.0
'@metalayer/widget,1.0.8,34,F,UNVERIFIED_PUBLISH_PATH,4,32,v0.2.0
'@moxiworks/project-vitruvius,0.0.38,24,F,UNVERIFIED_PUBLISH_PATH|DORMANT|PUBLISHER_NOT_MAINTAINER,6,32,v0.2.0
'@openscan/metadata,1.0.1,77,B,INCONSISTENT_PUBLISH_PATH,2,32,v0.2.0
'@swetrix/captcha,2.3.0,73,B,SINGLE_MAINTAINER,1,32,v0.2.0
'@yourasset/ya-finance-now,1.5.5,35,D,UNVERIFIED_PUBLISH_PATH,4,32,v0.2.0
bondage-club-mod-sdk,1.2.0,14,F,UNVERIFIED_PUBLISH_PATH|DORMANT|SINGLE_MAINTAINER,1,32,v0.2.0
easy-tooltips,3.0.3,25,F,UNVERIFIED_PUBLISH_PATH|SINGLE_MAINTAINER,1,32,v0.2.0
figuration,4.4.1,19,F,UNVERIFIED_PUBLISH_PATH|DORMANT|SINGLE_MAINTAINER,1,32,v0.2.0
fontsource-noto-sans-tc,4.0.0,19,F,UNVERIFIED_PUBLISH_PATH|DORMANT|SINGLE_MAINTAINER|DEPRECATED,1,32,v0.2.0
imagenarium,0.1.0,19,F,UNVERIFIED_PUBLISH_PATH|DORMANT|SINGLE_MAINTAINER,1,32,v0.2.0
jquery.datepicker-plus-css,1.0.0,19,F,UNVERIFIED_PUBLISH_PATH|DORMANT|SINGLE_MAINTAINER,1,32,v0.2.0
kclsu-components,0.1.13,15,F,UNVERIFIED_PUBLISH_PATH|DORMANT|SINGLE_MAINTAINER,1,32,v0.2.0
vanillajs,1.0.1,19,F,UNVERIFIED_PUBLISH_PATH|DORMANT|SINGLE_MAINTAINER,1,32,v0.2.0
'@denserai/embed-chat,1.0.33,35,D,UNVERIFIED_PUBLISH_PATH,3,31,v0.2.0
'@drustack/leaflet.resetview,1.9.2,19,F,UNVERIFIED_PUBLISH_PATH|DORMANT|SINGLE_MAINTAINER,1,31,v0.2.0
'@ecodev/natural-gallery-js,11.1.3,77,B,,3,31,v0.2.0
'@feedspring/framer-instagram,1.9.1,30,F,UNVERIFIED_PUBLISH_PATH,2,31,v0.2.0
'@flowbase-co/boosters-typewriter,1.0.3,34,F,UNVERIFIED_PUBLISH_PATH,2,31,v0.2.0
'@fontsource/bentham,5.2.7,71,B,,2,31,v0.2.0
'@gocharles/axeptio-then-segment,4.1.0,25,F,UNVERIFIED_PUBLISH_PATH|SINGLE_MAINTAINER,1,31,v0.2.0
'@mailbiz/onsite-nuvemshop-vendor,0.5.4,35,D,UNVERIFIED_PUBLISH_PATH,3,31,v0.2.0
'@managed-api/jira-service-management-cloud-core,2.4.0,30,F,UNVERIFIED_PUBLISH_PATH,9,31,v0.2.0
'@moxiworks/mds,0.25.1,29,F,UNVERIFIED_PUBLISH_PATH|DORMANT,6,31,v0.2.0
'@pimaonline/pimaonline-themepack,5.24.24,39,D,UNVERIFIED_PUBLISH_PATH,2,31,v0.2.0
'@rspitler-nudge/analytics,2.8.163,25,F,UNVERIFIED_PUBLISH_PATH|SINGLE_MAINTAINER,1,31,v0.2.0
'@svg-icons/material-outlined,1.87.0,28,F,UNVERIFIED_PUBLISH_PATH|DORMANT,2,31,v0.2.0
butterpop,1.0.4,20,F,UNVERIFIED_PUBLISH_PATH|SINGLE_MAINTAINER,1,31,v0.2.0
ckplayer,3.1.2,25,F,UNVERIFIED_PUBLISH_PATH|SINGLE_MAINTAINER,1,31,v0.2.0
es-promise,1.0.3,19,F,UNVERIFIED_PUBLISH_PATH|DORMANT|SINGLE_MAINTAINER,1,31,v0.2.0
hanamin,0.0.5,14,F,UNVERIFIED_PUBLISH_PATH|DORMANT|SINGLE_MAINTAINER,1,31,v0.2.0
jquery-todictionary,1.3.0,19,F,UNVERIFIED_PUBLISH_PATH|DORMANT|SINGLE_MAINTAINER,1,31,v0.2.0
marquee6k,1.3.4,31,F,UNVERIFIED_PUBLISH_PATH|SINGLE_MAINTAINER,1,31,v0.2.0
theme-lx,0.4.4,19,F,UNVERIFIED_PUBLISH_PATH|DORMANT|SINGLE_MAINTAINER,1,31,v0.2.0
ytpro,3.9.80,73,B,SINGLE_MAINTAINER,1,31,v0.2.0
'@activix/summernote-image-attributes,1.0.2,29,F,UNVERIFIED_PUBLISH_PATH|DORMANT,6,30,v0.2.0
'@eai/moji,1.2.0,19,F,UNVERIFIED_PUBLISH_PATH|DORMANT|SINGLE_MAINTAINER,1,30,v0.2.0
'@easyjur/design-system,1.0.8,21,F,UNVERIFIED_PUBLISH_PATH|SINGLE_MAINTAINER,1,30,v0.2.0
'@fewangsit/wangsvue-sales,1.0.40,39,D,UNVERIFIED_PUBLISH_PATH,5,30,v0.2.0
'@fontsource/milonga,5.2.8,71,B,,2,30,v0.2.0
'@justinribeiro/share-to-mastodon,2.0.2,19,F,UNVERIFIED_PUBLISH_PATH|DORMANT|SINGLE_MAINTAINER,1,30,v0.2.0
'@northeastern-web/global-elements,1.1.3,39,D,UNVERIFIED_PUBLISH_PATH,4,30,v0.2.0
'@opencage/geosearch-bundle,0.3.0,45,D,UNVERIFIED_PUBLISH_PATH,2,30,v0.2.0
'@oplayer/plugins,1.0.15-beta.4,16,F,UNVERIFIED_PUBLISH_PATH|SINGLE_MAINTAINER,1,30,v0.2.0
'@pardnchiu/renderjs,2.0.3,25,F,UNVERIFIED_PUBLISH_PATH|SINGLE_MAINTAINER,1,30,v0.2.0
'@raisenow/solution-embed,1.3.0,30,F,UNVERIFIED_PUBLISH_PATH,5,30,v0.2.0
'@wc1font/source-han-serif-cn-vf,1.0.11,19,F,UNVERIFIED_PUBLISH_PATH|DORMANT|SINGLE_MAINTAINER,1,30,v0.2.0
bubbly-bg,1.0.0,19,F,UNVERIFIED_PUBLISH_PATH|DORMANT|SINGLE_MAINTAINER,1,30,v0.2.0
jquery-keyboard-focus,0.0.4,15,F,UNVERIFIED_PUBLISH_PATH|DORMANT|SINGLE_MAINTAINER,1,30,v0.2.0
paymob-chatbot,1.0.5,21,F,UNVERIFIED_PUBLISH_PATH|SINGLE_MAINTAINER,1,30,v0.2.0
spirhal,4.5.0,35,D,UNVERIFIED_PUBLISH_PATH,3,30,v0.2.0
xtra-web-components,1.1.4,21,F,UNVERIFIED_PUBLISH_PATH|SINGLE_MAINTAINER,1,30,v0.2.0
'@alma/in-page,2.8.0,39,D,UNVERIFIED_PUBLISH_PATH,6,29,v0.2.0
'@digital-realty/ix-phone-number,1.2.4,35,D,UNVERIFIED_PUBLISH_PATH,4,29,v0.2.0
'@finsweet/attributes-favcustom,1.5.0,28,F,UNVERIFIED_PUBLISH_PATH|DORMANT,2,29,v0.2.0
'@hanzi.pro/diantenjeom,0.1.0,57,C,INCONSISTENT_PUBLISH_PATH|SINGLE_MAINTAINER,1,29,v0.2.0
'@managed-api/confluence-cloud-v2-core,2.4.0,30,F,UNVERIFIED_PUBLISH_PATH,9,29,v0.2.0
'@record-evolution/widget-sidenav,1.0.16,25,F,UNVERIFIED_PUBLISH_PATH|SINGLE_MAINTAINER,1,29,v0.2.0
'@reuters-graphics/graphics-atlas-client,0.5.2,23,F,UNVERIFIED_PUBLISH_PATH|DORMANT|PUBLISHER_NOT_MAINTAINER,5,29,v0.2.0
'@tuily/heic2any,0.0.6,19,F,UNVERIFIED_PUBLISH_PATH|DORMANT|SINGLE_MAINTAINER,1,29,v0.2.0
hero-parallax,2.1.1,15,F,UNVERIFIED_PUBLISH_PATH|DORMANT|SINGLE_MAINTAINER,1,29,v0.2.0
html5-simple-date-input-polyfill,1.1.0,19,F,UNVERIFIED_PUBLISH_PATH|DORMANT|SINGLE_MAINTAINER,1,29,v0.2.0
iro-transparency-plugin,1.0.2,19,F,UNVERIFIED_PUBLISH_PATH|DORMANT|SINGLE_MAINTAINER,1,29,v0.2.0
neuicons,1.9.0,19,F,UNVERIFIED_PUBLISH_PATH|DORMANT|SINGLE_MAINTAINER,1,29,v0.2.0
vanilla-match-height,2.1.0,25,F,UNVERIFIED_PUBLISH_PATH|SINGLE_MAINTAINER,1,29,v0.2.0
zebra_tooltips,2.4.1,25,F,UNVERIFIED_PUBLISH_PATH|SINGLE_MAINTAINER,1,29,v0.2.0
'@fontsource/mallanna,5.2.8,71,B,,2,28,v0.2.0
'@mailbiz/onsite-wakecommerce-vendor,0.4.2,35,D,UNVERIFIED_PUBLISH_PATH,3,28,v0.2.0
'@smartrep/web-widget,1.0.52,39,D,UNVERIFIED_PUBLISH_PATH,4,28,v0.2.0
'@staytuned-io/web-components,1.0.30,33,F,UNVERIFIED_PUBLISH_PATH|DORMANT,5,28,v0.2.0
'@svg-icons/material-rounded,1.87.0,28,F,UNVERIFIED_PUBLISH_PATH|DORMANT,2,28,v0.2.0
dealpos-tm,8.3.2,16,F,UNVERIFIED_PUBLISH_PATH|SINGLE_MAINTAINER,1,28,v0.2.0
minstyle.io,2.0.2,19,F,UNVERIFIED_PUBLISH_PATH|DORMANT|SINGLE_MAINTAINER,1,28,v0.2.0
pretty-dropdowns,4.17.0,19,F,UNVERIFIED_PUBLISH_PATH|DORMANT|SINGLE_MAINTAINER,1,28,v0.2.0
scrollax,1.0.0,19,F,UNVERIFIED_PUBLISH_PATH|DORMANT|SINGLE_MAINTAINER,1,28,v0.2.0
slick-carousel-jquery4,4.0.2,25,F,UNVERIFIED_PUBLISH_PATH|SINGLE_MAINTAINER,1,28,v0.2.0
snackbarlightjs,1.1.2,19,F,UNVERIFIED_PUBLISH_PATH|DORMANT|SINGLE_MAINTAINER,1,28,v0.2.0
unicode-emoji-data-windows,0.1.0,14,F,UNVERIFIED_PUBLISH_PATH|DORMANT|SINGLE_MAINTAINER,1,28,v0.2.0
'@flowbase-co/boosters-gsap-text-hover,1.0.5,34,F,UNVERIFIED_PUBLISH_PATH,2,27,v0.2.0
'@gamely/gly-engine,0.3.13,87,A,,2,27,v0.2.0
'@influence-society-web/yuna-frontend,2.0.6,39,D,UNVERIFIED_PUBLISH_PATH,3,27,v0.2.0
'@koumoul/v-iframe,2.4.5,39,D,UNVERIFIED_PUBLISH_PATH,3,27,v0.2.0
'@mailbiz/onsite-wbuy-vendor,0.1.10,35,D,UNVERIFIED_PUBLISH_PATH,3,27,v0.2.0
afterglowplayer,1.1.0,19,F,UNVERIFIED_PUBLISH_PATH|DORMANT|SINGLE_MAINTAINER,1,27,v0.2.0
apercu-font,1.0.0,10,F,UNVERIFIED_PUBLISH_PATH|DORMANT|SINGLE_MAINTAINER,1,27,v0.2.0
jquery-1.8,1.8.3,19,F,UNVERIFIED_PUBLISH_PATH|DORMANT|SINGLE_MAINTAINER,1,27,v0.2.0
js-heo,1.0.13,19,F,UNVERIFIED_PUBLISH_PATH|DORMANT|SINGLE_MAINTAINER,1,27,v0.2.0
monster-roco-appearance-assets,1.0.2,21,F,UNVERIFIED_PUBLISH_PATH|SINGLE_MAINTAINER,1,27,v0.2.0
ractive-route,0.3.13,25,F,UNVERIFIED_PUBLISH_PATH|SINGLE_MAINTAINER,1,27,v0.2.0
whatsapp-widget,1.2.0,19,F,UNVERIFIED_PUBLISH_PATH|DORMANT|SINGLE_MAINTAINER,1,27,v0.2.0
wickedpicker,0.4.3,19,F,UNVERIFIED_PUBLISH_PATH|DORMANT|SINGLE_MAINTAINER,1,27,v0.2.0
'@ceeblue/wrts-client,1.2.1,87,A,,4,26,v0.2.0
'@chilipiper/concierge,1.1.93,39,D,UNVERIFIED_PUBLISH_PATH,6,26,v0.2.0
'@chrisgdt/delbot-mouse,1.3.3,19,F,UNVERIFIED_PUBLISH_PATH|DORMANT|SINGLE_MAINTAINER,1,26,v0.2.0
'@fontsource/amarante,5.2.8,71,B,,2,26,v0.2.0
'@fontsource/koh-santepheap,5.2.8,71,B,,2,26,v0.2.0
'@synqro/infinite-logo,1.2.0,21,F,UNVERIFIED_PUBLISH_PATH|SINGLE_MAINTAINER,1,26,v0.2.0
'@vuesimple/vs-button,3.1.6,25,F,UNVERIFIED_PUBLISH_PATH|SINGLE_MAINTAINER,1,26,v0.2.0
bcswipe,2.0.5,19,F,UNVERIFIED_PUBLISH_PATH|DORMANT|SINGLE_MAINTAINER,1,26,v0.2.0
jmapserver-ng,2.13.0,35,D,UNVERIFIED_PUBLISH_PATH,7,26,v0.2.0
monitortool116,1.0.0,16,F,UNVERIFIED_PUBLISH_PATH|SINGLE_MAINTAINER,1,26,v0.2.0
opencv.js-webassembly,4.2.0,10,F,UNVERIFIED_PUBLISH_PATH|DORMANT|SINGLE_MAINTAINER,1,26,v0.2.0
typeface-nanum-square-round,1.0.2,19,F,UNVERIFIED_PUBLISH_PATH|DORMANT|SINGLE_MAINTAINER,1,26,v0.2.0
udesly-wf-countup,0.0.1,10,F,UNVERIFIED_PUBLISH_PATH|DORMANT|SINGLE_MAINTAINER,1,26,v0.2.0
vimeo-froogaloop,0.1.0,19,F,UNVERIFIED_PUBLISH_PATH|DORMANT|SINGLE_MAINTAINER,1,26,v0.2.0
'@chativa/connector-directline,0.8.2,20,F,UNVERIFIED_PUBLISH_PATH|SINGLE_MAINTAINER,1,25,v0.2.0
'@deltaclan/superform,2.1.13,15,F,UNVERIFIED_PUBLISH_PATH|DORMANT|SINGLE_MAINTAINER,1,25,v0.2.0
'@deox/blogger-feed,0.1.1,75,B,SINGLE_MAINTAINER|DEPRECATED,1,25,v0.2.0
'@digital-realty/ix-card,1.2.4,35,D,UNVERIFIED_PUBLISH_PATH,4,25,v0.2.0
'@fontsource/coustard,5.2.9,81,B,,2,25,v0.2.0
'@leadmetrics-ai/landing-controls,1.0.29,25,F,UNVERIFIED_PUBLISH_PATH|SINGLE_MAINTAINER,1,25,v0.2.0
'@mailbiz/onsite-bagy-vendor,0.5.1,35,D,UNVERIFIED_PUBLISH_PATH,3,25,v0.2.0
'@mailbiz/onsite-lojaintegrada-vendor,0.6.1,30,F,UNVERIFIED_PUBLISH_PATH,3,25,v0.2.0
'@managed-api/jira-service-management-cloud-assets-core,2.2.0,30,F,UNVERIFIED_PUBLISH_PATH,9,25,v0.2.0
'@openfonts/noto-sans-tc_chinese-traditional,1.44.8,14,F,UNVERIFIED_PUBLISH_PATH|DORMANT|SINGLE_MAINTAINER,1,25,v0.2.0
'@record-evolution/widget-linechart,1.6.34,25,F,UNVERIFIED_PUBLISH_PATH|SINGLE_MAINTAINER,1,25,v0.2.0
angularjs-social-login,2.6.1,19,F,UNVERIFIED_PUBLISH_PATH|DORMANT|SINGLE_MAINTAINER,1,25,v0.2.0
brain-sam-js,1.0.9,25,F,UNVERIFIED_PUBLISH_PATH|SINGLE_MAINTAINER,1,25,v0.2.0
careplix-web-algo,3.2.1,39,D,UNVERIFIED_PUBLISH_PATH,2,25,v0.2.0
cdn4script,2.2.0,16,F,UNVERIFIED_PUBLISH_PATH|SINGLE_MAINTAINER,1,25,v0.2.0
chiron-hei-hk-webfont-truetype,2.6.9,68,C,SINGLE_MAINTAINER,1,25,v0.2.0
ecocdn,2.13.8,19,F,UNVERIFIED_PUBLISH_PATH|DORMANT|SINGLE_MAINTAINER,1,25,v0.2.0
emoji-datasource-apple-split,1.0.6,19,F,UNVERIFIED_PUBLISH_PATH|DORMANT|SINGLE_MAINTAINER,1,25,v0.2.0
face-age,2.3.13,21,F,UNVERIFIED_PUBLISH_PATH|SINGLE_MAINTAINER,1,25,v0.2.0
ficons,1.1.54,33,F,UNVERIFIED_PUBLISH_PATH|DORMANT,3,25,v0.2.0
ghost-search,1.1.0,19,F,UNVERIFIED_PUBLISH_PATH|DORMANT|SINGLE_MAINTAINER,1,25,v0.2.0
jquery-date-dropdowns,1.1.1,10,F,UNVERIFIED_PUBLISH_PATH|DORMANT|SINGLE_MAINTAINER,1,25,v0.2.0
jquery.waituntilexists,1.0.0,15,F,UNVERIFIED_PUBLISH_PATH|DORMANT|SINGLE_MAINTAINER,1,25,v0.2.0
lightslider-min-page,1.1.7,19,F,UNVERIFIED_PUBLISH_PATH|DORMANT|SINGLE_MAINTAINER,1,25,v0.2.0
liuseroj-public-cdn,1.0.3,20,F,UNVERIFIED_PUBLISH_PATH|SINGLE_MAINTAINER,1,25,v0.2.0
metro-ui,3.0.15,19,F,UNVERIFIED_PUBLISH_PATH|DORMANT|SINGLE_MAINTAINER,1,25,v0.2.0
receive-auditor-10,1.0.0,16,F,UNVERIFIED_PUBLISH_PATH|SINGLE_MAINTAINER,1,25,v0.2.0
sv-hover-intent,1.0.1,19,F,UNVERIFIED_PUBLISH_PATH|DORMANT|SINGLE_MAINTAINER,1,25,v0.2.0
'@afosto/instant-search-client,1.0.9,33,F,UNVERIFIED_PUBLISH_PATH|DORMANT,3,24,v0.2.0
'@chaindesk/embeds,1.0.245,25,F,UNVERIFIED_PUBLISH_PATH|SINGLE_MAINTAINER,1,24,v0.2.0
'@flasher/flasher-toastr,2.2.0,21,F,UNVERIFIED_PUBLISH_PATH|SINGLE_MAINTAINER,1,24,v0.2.0
'@fontsource/trochut,5.2.8,71,B,,2,24,v0.2.0
'@forms.js/core,1.1.12,19,F,UNVERIFIED_PUBLISH_PATH|DORMANT|SINGLE_MAINTAINER,1,24,v0.2.0
'@genpact/genome.mfe.prework-app,1.26.9,21,F,UNVERIFIED_PUBLISH_PATH|SINGLE_MAINTAINER,1,24,v0.2.0
'@grabzit/js,3.5.5,21,F,UNVERIFIED_PUBLISH_PATH|SINGLE_MAINTAINER,1,24,v0.2.0
'@mailbiz/onsite-convertr-vendor,0.2.1,35,D,UNVERIFIED_PUBLISH_PATH,3,24,v0.2.0
'@mgdis/mg-components,6.24.0,30,F,UNVERIFIED_PUBLISH_PATH,7,24,v0.2.0
'@sugarologie/cakeculator,3.0.2,20,F,UNVERIFIED_PUBLISH_PATH|SINGLE_MAINTAINER,1,24,v0.2.0
'@whitesev/domutils,2.0.8,16,F,UNVERIFIED_PUBLISH_PATH|SINGLE_MAINTAINER,1,24,v0.2.0
cappen-sign,0.0.6,15,F,UNVERIFIED_PUBLISH_PATH|DORMANT|SINGLE_MAINTAINER,1,24,v0.2.0
feathericon,1.0.2,19,F,UNVERIFIED_PUBLISH_PATH|DORMANT|SINGLE_MAINTAINER,1,24,v0.2.0
frankenstyle,0.3.8,21,F,UNVERIFIED_PUBLISH_PATH|SINGLE_MAINTAINER,1,24,v0.2.0
ghost-theme-utils,1.7.0,19,F,UNVERIFIED_PUBLISH_PATH|DORMANT|SINGLE_MAINTAINER,1,24,v0.2.0
jquery-listnav,2.4.10,33,F,UNVERIFIED_PUBLISH_PATH|DORMANT,3,24,v0.2.0
jquery.scrolly,0.0.1,19,F,UNVERIFIED_PUBLISH_PATH|DORMANT|SINGLE_MAINTAINER,1,24,v0.2.0
lazysizes-umd,3.0.1,19,F,UNVERIFIED_PUBLISH_PATH|DORMANT|SINGLE_MAINTAINER,1,24,v0.2.0
noto-serif-kr,27.0.0,19,F,UNVERIFIED_PUBLISH_PATH|DORMANT|SINGLE_MAINTAINER,1,24,v0.2.0
siiimple-toast,3.1.7,19,F,UNVERIFIED_PUBLISH_PATH|DORMANT|SINGLE_MAINTAINER,1,24,v0.2.0
slide-and-swipe-menu,1.2.6,19,F,UNVERIFIED_PUBLISH_PATH|DORMANT|SINGLE_MAINTAINER,1,24,v0.2.0
sui.ski,5.0.0,63,C,INCONSISTENT_PUBLISH_PATH|SINGLE_MAINTAINER,1,24,v0.2.0
videojs-brand,0.0.4,19,F,UNVERIFIED_PUBLISH_PATH|DORMANT|SINGLE_MAINTAINER,1,24,v0.2.0
videojs-xr,0.1.0,19,F,UNVERIFIED_PUBLISH_PATH|DORMANT|SINGLE_MAINTAINER,1,24,v0.2.0
'@analytics-debugger/google-tag-linker,0.0.1,19,F,UNVERIFIED_PUBLISH_PATH|DORMANT|SINGLE_MAINTAINER,1,23,v0.2.0
'@brytdesigns/shopify-ajax-cart,1.1.8,30,F,UNVERIFIED_PUBLISH_PATH,5,23,v0.2.0
'@flowbase-co/boosters-gsap-text-reveal,1.0.4,34,F,UNVERIFIED_PUBLISH_PATH,2,23,v0.2.0
'@fontsource/kameron,5.2.8,71,B,,2,23,v0.2.0
'@fontsource/mandali,5.2.8,71,B,,2,23,v0.2.0
'@fontsource/peralta,5.2.8,71,B,,2,23,v0.2.0
'@fontsource/rubik-gemstones,5.2.7,71,B,,2,23,v0.2.0
'@mailbiz/onsite-moovin-vendor,0.1.1,35,D,UNVERIFIED_PUBLISH_PATH,3,23,v0.2.0
'@mobiloud/ml-qr-widget,1.2.0,25,F,UNVERIFIED_PUBLISH_PATH|SINGLE_MAINTAINER,1,23,v0.2.0
'@mobiloud/ml-smart-banner,1.4.0,25,F,UNVERIFIED_PUBLISH_PATH|SINGLE_MAINTAINER,1,23,v0.2.0
'@tax-justice-network/fsi-components,3.3.1,25,F,UNVERIFIED_PUBLISH_PATH|SINGLE_MAINTAINER,1,23,v0.2.0
bootstrap3-wysihtml5-npm,0.3.3-npm.12,19,F,UNVERIFIED_PUBLISH_PATH|DORMANT|SINGLE_MAINTAINER,1,23,v0.2.0
fakeloader,1.0.0,19,F,UNVERIFIED_PUBLISH_PATH|DORMANT|SINGLE_MAINTAINER,1,23,v0.2.0
focustype,0.1.2,19,F,UNVERIFIED_PUBLISH_PATH|DORMANT|SINGLE_MAINTAINER,1,23,v0.2.0
ict-shopify,2.2.1,25,F,UNVERIFIED_PUBLISH_PATH|SINGLE_MAINTAINER,1,23,v0.2.0
miam-ds,1.2.6,30,F,UNVERIFIED_PUBLISH_PATH,3,23,v0.2.0
mok-project,1.1.7,19,F,UNVERIFIED_PUBLISH_PATH|DORMANT|SINGLE_MAINTAINER,1,23,v0.2.0
morecontent-js,1.0.1,19,F,UNVERIFIED_PUBLISH_PATH|DORMANT|SINGLE_MAINTAINER,1,23,v0.2.0
robinclientjs,1.0.10,21,F,UNVERIFIED_PUBLISH_PATH|SINGLE_MAINTAINER,1,23,v0.2.0
tipr,2.0.2,19,F,UNVERIFIED_PUBLISH_PATH|DORMANT|SINGLE_MAINTAINER,1,23,v0.2.0
typeface-notosans-kor,1.0.2,19,F,UNVERIFIED_PUBLISH_PATH|DORMANT|SINGLE_MAINTAINER,1,23,v0.2.0
udesly-wf-cookie-bar,1.0.3,10,F,UNVERIFIED_PUBLISH_PATH|DORMANT|SINGLE_MAINTAINER,1,23,v0.2.0
videojsadx,4.1.2,39,D,UNVERIFIED_PUBLISH_PATH,2,23,v0.2.0
videojsx-vast-plugin,1.0.4,19,F,UNVERIFIED_PUBLISH_PATH|DORMANT|SINGLE_MAINTAINER,1,23,v0.2.0
'@accusoft/pdf-viewer,3.11.158639,15,F,UNVERIFIED_PUBLISH_PATH|DORMANT|SINGLE_MAINTAINER,1,22,v0.2.0
'@appmate/wishlist,5.29.0,21,F,UNVERIFIED_PUBLISH_PATH|SINGLE_MAINTAINER,1,22,v0.2.0
'@aurolabs/auro-back-to-top,1.1.0,40,D,UNVERIFIED_PUBLISH_PATH|DORMANT|DEPRECATED,2,22,v0.2.0
'@blackpurl/web-components,0.1.1-beta.30,35,D,UNVERIFIED_PUBLISH_PATH,3,22,v0.2.0
'@davland7/rplayer,3.0.2,25,F,UNVERIFIED_PUBLISH_PATH|SINGLE_MAINTAINER,1,22,v0.2.0
'@finsweet/attributes-animation,1.2.2,28,F,UNVERIFIED_PUBLISH_PATH|DORMANT|BRANCH_REQUIRES_PR,2,22,v0.2.0
'@fontsource/holtwood-one-sc,5.2.8,71,B,,2,22,v0.2.0
'@frontkom/g-hero-section,0.7.5,33,F,UNVERIFIED_PUBLISH_PATH|DORMANT,10,22,v0.2.0
'@list-kr/microshield,4.12.10,58,C,DORMANT|SINGLE_MAINTAINER,1,22,v0.2.0
'@tulipnpm/timekit_project_selector,2.1.4,21,F,UNVERIFIED_PUBLISH_PATH|SINGLE_MAINTAINER,1,22,v0.2.0
'@yes-chef/yes-chef-sliders,2.0.13,20,F,UNVERIFIED_PUBLISH_PATH|SINGLE_MAINTAINER,1,22,v0.2.0
ag-event,1.0.48,16,F,UNVERIFIED_PUBLISH_PATH|SINGLE_MAINTAINER,1,22,v0.2.0
amazon-fonts,1.0.1,19,F,UNVERIFIED_PUBLISH_PATH|DORMANT|SINGLE_MAINTAINER,1,22,v0.2.0
analyze-combiner-205,1.0.0,16,F,UNVERIFIED_PUBLISH_PATH|SINGLE_MAINTAINER,1,22,v0.2.0
country-detail,1.0.0,15,F,UNVERIFIED_PUBLISH_PATH|DORMANT|SINGLE_MAINTAINER,1,22,v0.2.0
hexabot-chat-widget,2.3.7,21,F,UNVERIFIED_PUBLISH_PATH|SINGLE_MAINTAINER,1,22,v0.2.0
ip-geolocation-api-jquery-sdk,1.1.4,19,F,UNVERIFIED_PUBLISH_PATH|DORMANT|SINGLE_MAINTAINER,1,22,v0.2.0
jquery.scrollup,2.4.1,19,F,UNVERIFIED_PUBLISH_PATH|DORMANT|SINGLE_MAINTAINER,1,22,v0.2.0
location-store-js,0.1.13,15,F,UNVERIFIED_PUBLISH_PATH|DORMANT|SINGLE_MAINTAINER,1,22,v0.2.0
open_sans,1.0.1,10,F,UNVERIFIED_PUBLISH_PATH|DORMANT|SINGLE_MAINTAINER,1,22,v0.2.0
responsive-image-map,1.0.6,19,F,UNVERIFIED_PUBLISH_PATH|DORMANT|SINGLE_MAINTAINER,1,22,v0.2.0
runhandler183,1.0.0,16,F,UNVERIFIED_PUBLISH_PATH|SINGLE_MAINTAINER,1,22,v0.2.0
simple-xgrid,1.2.5,19,F,UNVERIFIED_PUBLISH_PATH|DORMANT|SINGLE_MAINTAINER,1,22,v0.2.0
text-obfuscator,1.2.0,19,F,UNVERIFIED_PUBLISH_PATH|DORMANT|SINGLE_MAINTAINER,1,22,v0.2.0
'@bryt-designs/web-components,0.13.6,16,F,UNVERIFIED_PUBLISH_PATH|SINGLE_MAINTAINER,1,21,v0.2.0
'@contactlab/marketing-cloud-logo,6.0.0,39,D,UNVERIFIED_PUBLISH_PATH,6,21,v0.2.0
'@fontsource/cantata-one,5.2.8,71,B,,2,21,v0.2.0
'@fontsource/trocchi,5.2.8,71,B,,2,21,v0.2.0
'@goodgamestudios/cxf-styles,1.4.0,29,F,UNVERIFIED_PUBLISH_PATH|DORMANT,27,21,v0.2.0
'@lemonadejs/data-grid,2.0.0,21,F,UNVERIFIED_PUBLISH_PATH|SINGLE_MAINTAINER,1,21,v0.2.0
'@maray-ai/foodness-gracious,2.2.1,20,F,UNVERIFIED_PUBLISH_PATH|SINGLE_MAINTAINER,1,21,v0.2.0
'@orange-games/splash,3.6.0,24,F,UNVERIFIED_PUBLISH_PATH|DORMANT|DEPRECATED,3,21,v0.2.0
'@saasquatch/vanilla-components,1.4.1,39,D,UNVERIFIED_PUBLISH_PATH,10,21,v0.2.0
'@staytuned-io/sdk-v2,2.0.41,39,D,UNVERIFIED_PUBLISH_PATH,5,21,v0.2.0
'@tripetto/runner-chat,7.0.1,29,F,UNVERIFIED_PUBLISH_PATH|DORMANT,3,21,v0.2.0
avalynx-table,1.0.3,25,F,UNVERIFIED_PUBLISH_PATH|SINGLE_MAINTAINER,1,21,v0.2.0
css3-mediaqueries-js,1.0.0,19,F,UNVERIFIED_PUBLISH_PATH|DORMANT|SINGLE_MAINTAINER,1,21,v0.2.0
debugrunner186,1.0.0,16,F,UNVERIFIED_PUBLISH_PATH|SINGLE_MAINTAINER,1,21,v0.2.0
enocean-js,0.1.0,19,F,UNVERIFIED_PUBLISH_PATH|DORMANT|SINGLE_MAINTAINER,1,21,v0.2.0
hero-mega-menu,1.8.2,15,F,UNVERIFIED_PUBLISH_PATH|DORMANT|SINGLE_MAINTAINER,1,21,v0.2.0
icheck-material,1.0.1,19,F,UNVERIFIED_PUBLISH_PATH|DORMANT|SINGLE_MAINTAINER,1,21,v0.2.0
instantsearch-googlemaps,1.2.6,19,F,UNVERIFIED_PUBLISH_PATH|DORMANT|SINGLE_MAINTAINER,1,21,v0.2.0
movo-web,0.1.5,19,F,UNVERIFIED_PUBLISH_PATH|DORMANT|SINGLE_MAINTAINER,1,21,v0.2.0
nusantara-valid,0.4.2,33,F,UNVERIFIED_PUBLISH_PATH|DORMANT,2,21,v0.2.0
peachy-booking-flow,1.11.6,35,D,UNVERIFIED_PUBLISH_PATH,4,21,v0.2.0
pure,2.85.0,19,F,UNVERIFIED_PUBLISH_PATH|DORMANT|SINGLE_MAINTAINER,1,21,v0.2.0
'@fontsource/dorsa,5.2.8,71,B,,2,20,v0.2.0
'@leadsales/leadclick,1.12.0,29,F,UNVERIFIED_PUBLISH_PATH|DORMANT,4,20,v0.2.0
'@mailbiz/onsite-jet-vendor,0.5.1,30,F,UNVERIFIED_PUBLISH_PATH,3,20,v0.2.0
'@plurio/intake,2.2.0,25,F,UNVERIFIED_PUBLISH_PATH|SINGLE_MAINTAINER,1,20,v0.2.0
'@typopro/web-fantasque-sans-mono,3.7.5,14,F,UNVERIFIED_PUBLISH_PATH|DORMANT|SINGLE_MAINTAINER,1,20,v0.2.0
'@unbabel/ui,5.19.0,30,F,UNVERIFIED_PUBLISH_PATH|PUBLISHER_NOT_MAINTAINER,4,20,v0.2.0
'@vexia/gtm-analytics,1.0.0,34,F,UNVERIFIED_PUBLISH_PATH,3,20,v0.2.0
'@vuesimple/vs-tag,3.1.6,25,F,UNVERIFIED_PUBLISH_PATH|SINGLE_MAINTAINER,1,20,v0.2.0
jquery.facebox,1.4.1,14,F,UNVERIFIED_PUBLISH_PATH|DORMANT|SINGLE_MAINTAINER,1,20,v0.2.0
legrandav-ui-library,0.0.10,29,F,UNVERIFIED_PUBLISH_PATH|DORMANT,3,20,v0.2.0
plusplusjakartasans,1.0.1,19,F,UNVERIFIED_PUBLISH_PATH|DORMANT|SINGLE_MAINTAINER,1,20,v0.2.0
scalepackager249,1.0.0,16,F,UNVERIFIED_PUBLISH_PATH|SINGLE_MAINTAINER,1,20,v0.2.0
veris-storybook-beta,0.1.81-react-upgrade,39,D,UNVERIFIED_PUBLISH_PATH,3,20,v0.2.0
'@brytdesigns/web-component-utils,0.1.14,30,F,UNVERIFIED_PUBLISH_PATH|DEPRECATED,5,19,v0.2.0
'@cd2/fileboy-browser,0.15.4,35,D,UNVERIFIED_PUBLISH_PATH,3,19,v0.2.0
'@deltaclan/attributes-accordiontoggle,1.0.0,10,F,UNVERIFIED_PUBLISH_PATH|DORMANT|SINGLE_MAINTAINER,1,19,v0.2.0
'@fontpkg/tsanger-fei-bai,1.0.0,25,F,UNVERIFIED_PUBLISH_PATH|SINGLE_MAINTAINER,1,19,v0.2.0
'@fontsource/amethysta,5.2.8,71,B,,2,19,v0.2.0
'@hola.org/jwplayer-hlsjs,0.0.79,19,F,UNVERIFIED_PUBLISH_PATH|DORMANT|SINGLE_MAINTAINER,1,19,v0.2.0
'@oplayer/shaka,1.2.26-beta.6,16,F,UNVERIFIED_PUBLISH_PATH|SINGLE_MAINTAINER,1,19,v0.2.0
'@percy.ai/your-team,1.0.15,30,F,UNVERIFIED_PUBLISH_PATH,3,19,v0.2.0
'@reform-digital/tooltip-x,1.1.0,16,F,UNVERIFIED_PUBLISH_PATH|SINGLE_MAINTAINER,1,19,v0.2.0
'@swarmcloud/vhs,0.4.3,25,F,UNVERIFIED_PUBLISH_PATH|SINGLE_MAINTAINER,1,19,v0.2.0
'@tesseract.js-data/lao,1.0.0,19,F,UNVERIFIED_PUBLISH_PATH|DORMANT|SINGLE_MAINTAINER,1,19,v0.2.0
clappr-nerd-stats,2.0.2,19,F,UNVERIFIED_PUBLISH_PATH|DORMANT|SINGLE_MAINTAINER,1,19,v0.2.0
feather-icons-css,1.2.0,10,F,UNVERIFIED_PUBLISH_PATH|DORMANT|SINGLE_MAINTAINER,1,19,v0.2.0
flowbitz,2.4.5,25,F,UNVERIFIED_PUBLISH_PATH|SINGLE_MAINTAINER,1,19,v0.2.0
fluid-tabs,0.1.2,25,F,UNVERIFIED_PUBLISH_PATH|SINGLE_MAINTAINER,1,19,v0.2.0
gigz,3.0.0,21,F,UNVERIFIED_PUBLISH_PATH|SINGLE_MAINTAINER,1,19,v0.2.0
jquery-offcanvas,3.4.7,19,F,UNVERIFIED_PUBLISH_PATH|DORMANT|SINGLE_MAINTAINER,1,19,v0.2.0
knockout.merge,1.5.8,19,F,UNVERIFIED_PUBLISH_PATH|DORMANT|SINGLE_MAINTAINER,1,19,v0.2.0
perfecttense-editor,2.6.7,5,F,UNVERIFIED_PUBLISH_PATH|DORMANT|SINGLE_MAINTAINER|PUBLISHER_NOT_MAINTAINER,1,19,v0.2.0
quizdown,0.6.0,19,F,UNVERIFIED_PUBLISH_PATH|DORMANT|SINGLE_MAINTAINER,1,19,v0.2.0
reverie-stt-sdk,0.24.0,21,F,UNVERIFIED_PUBLISH_PATH|SINGLE_MAINTAINER,1,19,v0.2.0
udesly-slider-pro,1.0.6,10,F,UNVERIFIED_PUBLISH_PATH|DORMANT|SINGLE_MAINTAINER,1,19,v0.2.0
'@alertbox/docsify-footer,1.0.0-0,14,F,UNVERIFIED_PUBLISH_PATH|DORMANT|SINGLE_MAINTAINER,1,18,v0.2.0
'@daihaus/lxgw-bright-tc,2.0.0,73,B,SINGLE_MAINTAINER,1,18,v0.2.0
'@flowbase-co/boosters-age-gate,1.1.2,34,F,UNVERIFIED_PUBLISH_PATH,2,18,v0.2.0
'@flowbase-co/boosters-text-scramble,1.0.2,34,F,UNVERIFIED_PUBLISH_PATH,2,18,v0.2.0
'@fontsource/phudu,5.2.10,71,B,,2,18,v0.2.0
'@geoflow/geoflow,1.0.2,35,D,UNVERIFIED_PUBLISH_PATH,2,18,v0.2.0
'@linkitbe/sdk,1.0.12,21,F,UNVERIFIED_PUBLISH_PATH|SINGLE_MAINTAINER,1,18,v0.2.0
'@mailbiz/onsite-magazord-vendor,0.6.1,30,F,UNVERIFIED_PUBLISH_PATH,3,18,v0.2.0
'@numbersprotocol/capture-eye,1.11.1,77,B,INCONSISTENT_PUBLISH_PATH,2,18,v0.2.0
'@readysize/modal,1.0.6,21,F,UNVERIFIED_PUBLISH_PATH|SINGLE_MAINTAINER,1,18,v0.2.0
'@release0/js,1.2.0,16,F,UNVERIFIED_PUBLISH_PATH|SINGLE_MAINTAINER,1,18,v0.2.0
'@signalwire/address-widget,0.1.1,71,B,INCONSISTENT_PUBLISH_PATH,7,18,v0.2.0
'@typopro/web-monoid,3.7.5,14,F,UNVERIFIED_PUBLISH_PATH|DORMANT|SINGLE_MAINTAINER,1,18,v0.2.0
'@zendeskgarden/css-chrome,4.1.20,26,F,UNVERIFIED_PUBLISH_PATH|DORMANT|SINGLE_MAINTAINER|DEPRECATED,1,18,v0.2.0
affiliate-plugin-amazon,3.0.0,19,F,UNVERIFIED_PUBLISH_PATH|DORMANT|SINGLE_MAINTAINER,1,18,v0.2.0
apexstock,0.3.1,73,B,SINGLE_MAINTAINER,1,18,v0.2.0
chrome-devtools-frontend-prebuilt,1.0.975442,10,F,UNVERIFIED_PUBLISH_PATH|DORMANT|SINGLE_MAINTAINER,1,18,v0.2.0
forkadapter161,1.0.0,16,F,UNVERIFIED_PUBLISH_PATH|SINGLE_MAINTAINER,1,18,v0.2.0
ie-buster,2.0.2,19,F,UNVERIFIED_PUBLISH_PATH|DORMANT|SINGLE_MAINTAINER,1,18,v0.2.0
konnektive-core,0.4.91,35,D,UNVERIFIED_PUBLISH_PATH,2,18,v0.2.0
pushbar.js,1.0.0,19,F,UNVERIFIED_PUBLISH_PATH|DORMANT|SINGLE_MAINTAINER,1,18,v0.2.0
store-badge,1.3.0,19,F,UNVERIFIED_PUBLISH_PATH|DORMANT|SINGLE_MAINTAINER,1,18,v0.2.0
wikiplus-core,4.1.0,19,F,UNVERIFIED_PUBLISH_PATH|DORMANT|SINGLE_MAINTAINER,1,18,v0.2.0
'@debales/ai,1.2.6,30,F,UNVERIFIED_PUBLISH_PATH,2,17,v0.2.0
'@flowbase-co/boosters-real-time-clock,1.1.2,34,F,UNVERIFIED_PUBLISH_PATH,2,17,v0.2.0
'@illumio/landing,0.4.14,20,F,UNVERIFIED_PUBLISH_PATH|SINGLE_MAINTAINER,1,17,v0.2.0
'@noonnu/noto-sans-kr,0.1.0,14,F,UNVERIFIED_PUBLISH_PATH|DORMANT|SINGLE_MAINTAINER,1,17,v0.2.0
'@noonnu/s-core-dream-3-light,0.1.0,14,F,UNVERIFIED_PUBLISH_PATH|DORMANT|SINGLE_MAINTAINER,1,17,v0.2.0
'@orange-games/phaser-ads,2.3.0-alpha.1,33,F,UNVERIFIED_PUBLISH_PATH|DORMANT,3,17,v0.2.0
'@record-evolution/widget-table,1.1.20,25,F,UNVERIFIED_PUBLISH_PATH|SINGLE_MAINTAINER,1,17,v0.2.0
'@reform-digital/script-embed,1.1.0,16,F,UNVERIFIED_PUBLISH_PATH|SINGLE_MAINTAINER,1,17,v0.2.0
'@rutter/rutter-link-js,1.0.12,33,F,UNVERIFIED_PUBLISH_PATH|DORMANT,6,17,v0.2.0
'@teamepyc/sliders,0.9.5-alpha,28,F,UNVERIFIED_PUBLISH_PATH|DORMANT,2,17,v0.2.0
'@the-oz/app-sales,4.8.8,29,F,UNVERIFIED_PUBLISH_PATH|DORMANT,3,17,v0.2.0
bootstrap-sheet,0.2.0,31,F,UNVERIFIED_PUBLISH_PATH|SINGLE_MAINTAINER,1,17,v0.2.0
daliyuer-static,1.0.48,25,F,UNVERIFIED_PUBLISH_PATH|SINGLE_MAINTAINER,1,17,v0.2.0
enlighterjs,3.4.0,14,F,UNVERIFIED_PUBLISH_PATH|DORMANT|SINGLE_MAINTAINER,1,17,v0.2.0
fontawesome6pro,None,5,F,UNVERIFIED_PUBLISH_PATH,0,17,v0.2.0
labjs,0.0.0-pre1,14,F,UNVERIFIED_PUBLISH_PATH|DORMANT|SINGLE_MAINTAINER,1,17,v0.2.0
lawnchair,0.6.4,33,F,UNVERIFIED_PUBLISH_PATH|DORMANT,2,17,v0.2.0
mathjax-img,5.0.0,25,F,UNVERIFIED_PUBLISH_PATH|SINGLE_MAINTAINER,1,17,v0.2.0
param-tracker,5.0.1,73,B,SINGLE_MAINTAINER,1,17,v0.2.0
vidflow,1.0.7,21,F,UNVERIFIED_PUBLISH_PATH|SINGLE_MAINTAINER,1,17,v0.2.0
'@brytdesigns/shopify-ajax-cart-components,1.3.15,30,F,UNVERIFIED_PUBLISH_PATH,5,16,v0.2.0
'@codementor/tracker,3.15.1,35,D,UNVERIFIED_PUBLISH_PATH,8,16,v0.2.0
'@dettalant/laymic,2.2.2,10,F,UNVERIFIED_PUBLISH_PATH|DORMANT|SINGLE_MAINTAINER,1,16,v0.2.0
'@flowbase-co/boosters-password-visibility-control,1.0.2,34,F,UNVERIFIED_PUBLISH_PATH,2,16,v0.2.0
'@fontsource/belgrano,5.2.8,71,B,,2,16,v0.2.0
'@koreai/agentai-web-sdk,3.22.0,35,D,UNVERIFIED_PUBLISH_PATH,4,16,v0.2.0
'@machi-pla/cc-client-js-fukuoka-city,0.1.7,35,D,UNVERIFIED_PUBLISH_PATH,3,16,v0.2.0
'@mailbiz/lojaeletrica,1.0.2,35,D,UNVERIFIED_PUBLISH_PATH,3,16,v0.2.0
'@mailbiz/onsite-vnda-vendor,0.1.10,30,F,UNVERIFIED_PUBLISH_PATH,3,16,v0.2.0
'@nikches/vanilla-text-mask,3.2.2,14,F,UNVERIFIED_PUBLISH_PATH|DORMANT|SINGLE_MAINTAINER,1,16,v0.2.0
'@samhammer/jquery.zoomer,3.1.0,28,F,UNVERIFIED_PUBLISH_PATH|DORMANT|PUBLISHER_NOT_MAINTAINER,9,16,v0.2.0
'@zendeskgarden/css-breadcrumbs,0.2.23,26,F,UNVERIFIED_PUBLISH_PATH|DORMANT|SINGLE_MAINTAINER|DEPRECATED,1,16,v0.2.0
bootstrap5-treeview,1.3.4,19,F,UNVERIFIED_PUBLISH_PATH|DORMANT|SINGLE_MAINTAINER,1,16,v0.2.0
buildlistener220,1.0.0,16,F,UNVERIFIED_PUBLISH_PATH|SINGLE_MAINTAINER,1,16,v0.2.0
cbplayer,0.6.7,19,F,UNVERIFIED_PUBLISH_PATH|DORMANT|SINGLE_MAINTAINER,1,16,v0.2.0
clappr-markers-plugin,0.6.3,19,F,UNVERIFIED_PUBLISH_PATH|DORMANT|SINGLE_MAINTAINER,1,16,v0.2.0
fluid-marquee,1.2.0,25,F,UNVERIFIED_PUBLISH_PATH|SINGLE_MAINTAINER,1,16,v0.2.0
fluidbox,2.0.5,19,F,UNVERIFIED_PUBLISH_PATH|DORMANT|SINGLE_MAINTAINER,1,16,v0.2.0
gotham-pro-font,1.0.0,15,F,UNVERIFIED_PUBLISH_PATH|DORMANT|SINGLE_MAINTAINER,1,16,v0.2.0
icheck-2,2.0.0,14,F,UNVERIFIED_PUBLISH_PATH|DORMANT|SINGLE_MAINTAINER,1,16,v0.2.0
jquery-ui.autocomplete.match,1.0.2,19,F,UNVERIFIED_PUBLISH_PATH|DORMANT|SINGLE_MAINTAINER,1,16,v0.2.0
jquery.mb.vimeo_player,1.2.0,19,F,UNVERIFIED_PUBLISH_PATH|DORMANT|SINGLE_MAINTAINER,1,16,v0.2.0
latency-test,1.0.1,21,F,UNVERIFIED_PUBLISH_PATH|SINGLE_MAINTAINER,1,16,v0.2.0
morphemeicons,0.2.0,15,F,UNVERIFIED_PUBLISH_PATH|DORMANT|SINGLE_MAINTAINER,1,16,v0.2.0
sans-serif,1.0.0,19,F,UNVERIFIED_PUBLISH_PATH|DORMANT|SINGLE_MAINTAINER,1,16,v0.2.0
shadowbox-js,3.0.3,19,F,UNVERIFIED_PUBLISH_PATH|DORMANT|SINGLE_MAINTAINER,1,16,v0.2.0
shox,1.2.0,19,F,UNVERIFIED_PUBLISH_PATH|DORMANT|SINGLE_MAINTAINER,1,16,v0.2.0
wicked.components,1.3.0,16,F,UNVERIFIED_PUBLISH_PATH|SINGLE_MAINTAINER,1,16,v0.2.0
'@afosto/instant-search-widget,0.2.18,39,D,UNVERIFIED_PUBLISH_PATH,3,15,v0.2.0
'@cloud-canal/cloud-canal,3.27.3,25,F,UNVERIFIED_PUBLISH_PATH|SINGLE_MAINTAINER,1,15,v0.2.0
'@goodgamestudios/cxf-canvas,1.2.3,30,F,UNVERIFIED_PUBLISH_PATH,27,15,v0.2.0
'@hackler/js-client-sdk,3.5.0,19,F,UNVERIFIED_PUBLISH_PATH|DORMANT|SINGLE_MAINTAINER,1,15,v0.2.0
'@kartverket/geonorge-web-components,4.0.13,46,D,UNVERIFIED_PUBLISH_PATH,5,15,v0.2.0
'@mezereon/bigcommerce-stencil,1.0.30,21,F,UNVERIFIED_PUBLISH_PATH|SINGLE_MAINTAINER,1,15,v0.2.0
'@noonnu/cafe24-ssurround-air,0.1.0,14,F,UNVERIFIED_PUBLISH_PATH|DORMANT|SINGLE_MAINTAINER,1,15,v0.2.0
'@openfonts/sarabun_thai,1.44.3,14,F,UNVERIFIED_PUBLISH_PATH|DORMANT|SINGLE_MAINTAINER,1,15,v0.2.0
'@pagemaker.io/plugins,6.2.0,21,F,UNVERIFIED_PUBLISH_PATH|SINGLE_MAINTAINER,1,15,v0.2.0
'@ping-pub/widget,0.3.12,25,F,UNVERIFIED_PUBLISH_PATH|SINGLE_MAINTAINER,1,15,v0.2.0
'@record-evolution/widget-form,1.0.27,25,F,UNVERIFIED_PUBLISH_PATH|SINGLE_MAINTAINER,1,15,v0.2.0
'@reform-society/agera-webflow,0.5.9,25,F,UNVERIFIED_PUBLISH_PATH|SINGLE_MAINTAINER,1,15,v0.2.0
'@repalash/ffmpeg.js,4.2.9005,19,F,UNVERIFIED_PUBLISH_PATH|DORMANT|SINGLE_MAINTAINER,1,15,v0.2.0
'@shipnity/navbar,1.9.1,15,F,UNVERIFIED_PUBLISH_PATH|DORMANT|SINGLE_MAINTAINER,1,15,v0.2.0
'@sr-connect/record-storage,1.1.1,30,F,UNVERIFIED_PUBLISH_PATH,8,15,v0.2.0
'@waitwhile/waitwhile-embed,1.5.1,39,D,UNVERIFIED_PUBLISH_PATH,3,15,v0.2.0
artplayer-plugin-vast,1.0.0,19,F,UNVERIFIED_PUBLISH_PATH|DORMANT|SINGLE_MAINTAINER,1,15,v0.2.0
darkify-js,1.1.13,25,F,UNVERIFIED_PUBLISH_PATH|SINGLE_MAINTAINER|DEPRECATED,1,15,v0.2.0
filterbalancer238,1.0.0,16,F,UNVERIFIED_PUBLISH_PATH|SINGLE_MAINTAINER,1,15,v0.2.0
json-bigint-parser-browser,1.0.5,19,F,UNVERIFIED_PUBLISH_PATH|DORMANT|SINGLE_MAINTAINER,1,15,v0.2.0
knack-api-helper,3.1.1,25,F,UNVERIFIED_PUBLISH_PATH|SINGLE_MAINTAINER,1,15,v0.2.0
mapconnector54,1.0.0,16,F,UNVERIFIED_PUBLISH_PATH|SINGLE_MAINTAINER,1,15,v0.2.0
mason-it,1.0.1,25,F,UNVERIFIED_PUBLISH_PATH|SINGLE_MAINTAINER,1,15,v0.2.0
pselect.js,4.0.1,19,F,UNVERIFIED_PUBLISH_PATH|DORMANT|SINGLE_MAINTAINER,1,15,v0.2.0
pushreceiver1,1.0.0,16,F,UNVERIFIED_PUBLISH_PATH|SINGLE_MAINTAINER,1,15,v0.2.0
udesly-wf-typewriter,1.0.3,10,F,UNVERIFIED_PUBLISH_PATH|DORMANT|SINGLE_MAINTAINER,1,15,v0.2.0
vanillaselectbox,1.0.5,25,F,UNVERIFIED_PUBLISH_PATH|SINGLE_MAINTAINER,1,15,v0.2.0
walkway.js,0.0.9,19,F,UNVERIFIED_PUBLISH_PATH|DORMANT|SINGLE_MAINTAINER,1,15,v0.2.0
webln-v4v,1.0.0-beta.34,19,F,UNVERIFIED_PUBLISH_PATH|DORMANT|SINGLE_MAINTAINER,1,15,v0.2.0
'@amar-ui-web/core,2.0.0,15,F,UNVERIFIED_PUBLISH_PATH|DORMANT|SINGLE_MAINTAINER,1,14,v0.2.0
'@autosync/atx-bootstrap-datetimepicker,2.0.7,33,F,UNVERIFIED_PUBLISH_PATH|DORMANT,4,14,v0.2.0
'@bryt-designs/storefront-cart,2.2.44,16,F,UNVERIFIED_PUBLISH_PATH|SINGLE_MAINTAINER,1,14,v0.2.0
'@commerce-blocks/sdk,2.0.3,35,D,UNVERIFIED_PUBLISH_PATH,2,14,v0.2.0
'@d1g1tal/subscribr,4.2.1,68,C,SINGLE_MAINTAINER,1,14,v0.2.0
'@findify/analytics,3.6.15,40,D,UNVERIFIED_PUBLISH_PATH|DORMANT,5,14,v0.2.0
'@fontsource/cambo,5.2.7,71,B,,2,14,v0.2.0
'@genpact/genome.mfe.voc-app,1.1.102,21,F,UNVERIFIED_PUBLISH_PATH|SINGLE_MAINTAINER,1,14,v0.2.0
'@kfonts/nexon-lv1-gothic-low-otf,0.2.0,19,F,UNVERIFIED_PUBLISH_PATH|DORMANT|SINGLE_MAINTAINER,1,14,v0.2.0
'@kvass/pulse-widgets,1.3.2,39,D,UNVERIFIED_PUBLISH_PATH,2,14,v0.2.0
'@machi-pla/japan_concierge_2024,0.1.5,35,D,UNVERIFIED_PUBLISH_PATH,3,14,v0.2.0
'@mailbiz/onsite-universal-vendor,0.4.2,30,F,UNVERIFIED_PUBLISH_PATH,3,14,v0.2.0
'@noonnu/cafe24-classic-type-regular,0.1.0,14,F,UNVERIFIED_PUBLISH_PATH|DORMANT|SINGLE_MAINTAINER,1,14,v0.2.0
'@s3static/embeds,1.0.13,15,F,UNVERIFIED_PUBLISH_PATH|DORMANT|SINGLE_MAINTAINER,1,14,v0.2.0
'@shipnity/components,1.4.18,10,F,UNVERIFIED_PUBLISH_PATH|DORMANT|SINGLE_MAINTAINER|PUBLISHER_NOT_MAINTAINER,1,14,v0.2.0
'@sunsama/splash,1.7.6,35,D,UNVERIFIED_PUBLISH_PATH,6,14,v0.2.0
'@unidy.io/newsletter,0.2.10,34,F,UNVERIFIED_PUBLISH_PATH,6,14,v0.2.0
'@wf-financing/headless,5.1.1,16,F,UNVERIFIED_PUBLISH_PATH|SINGLE_MAINTAINER,1,14,v0.2.0
'@wolfmaps/sdk,0.1.7,21,F,UNVERIFIED_PUBLISH_PATH|SINGLE_MAINTAINER,1,14,v0.2.0
animatedmodal,1.0.0,10,F,UNVERIFIED_PUBLISH_PATH|DORMANT|SINGLE_MAINTAINER,1,14,v0.2.0
build-notifier-47,1.0.0,16,F,UNVERIFIED_PUBLISH_PATH|SINGLE_MAINTAINER,1,14,v0.2.0
flatpickr-hijri-calendar,1.0.0,19,F,UNVERIFIED_PUBLISH_PATH|DORMANT|SINGLE_MAINTAINER,1,14,v0.2.0
glitch-canvas,1.1.12,33,F,UNVERIFIED_PUBLISH_PATH|DORMANT,2,14,v0.2.0
goldvideo-player,1.0.2,19,F,UNVERIFIED_PUBLISH_PATH|DORMANT|SINGLE_MAINTAINER,1,14,v0.2.0
highlightjs-themes,1.0.0,15,F,UNVERIFIED_PUBLISH_PATH|DORMANT|SINGLE_MAINTAINER,1,14,v0.2.0
jquery-ticker,1.0.0,15,F,UNVERIFIED_PUBLISH_PATH|DORMANT|SINGLE_MAINTAINER,1,14,v0.2.0
jquery.bangla,1.3.2,19,F,UNVERIFIED_PUBLISH_PATH|DORMANT|SINGLE_MAINTAINER,1,14,v0.2.0
prism-theme-one-light-dark,1.0.4,19,F,UNVERIFIED_PUBLISH_PATH|DORMANT|SINGLE_MAINTAINER,1,14,v0.2.0
sdb-file-tree,2.0.15,21,F,UNVERIFIED_PUBLISH_PATH|SINGLE_MAINTAINER,1,14,v0.2.0
supafolio-sdk,1.4.1,10,F,UNVERIFIED_PUBLISH_PATH|DORMANT|SINGLE_MAINTAINER|PUBLISHER_NOT_MAINTAINER,1,14,v0.2.0
urdu-web-fonts,1.0.3,19,F,UNVERIFIED_PUBLISH_PATH|DORMANT|SINGLE_MAINTAINER,1,14,v0.2.0
wf-components,1.0.10,21,F,UNVERIFIED_PUBLISH_PATH|SINGLE_MAINTAINER,1,14,v0.2.0
'@3dish-org/3dish-viewer,1.1.23,21,F,UNVERIFIED_PUBLISH_PATH|SINGLE_MAINTAINER,1,13,v0.2.0
'@aiktb/kuromoji,1.0.2,19,F,UNVERIFIED_PUBLISH_PATH|DORMANT|SINGLE_MAINTAINER,1,13,v0.2.0
'@commonlit/commonlit-frontend,0.1.0,39,D,UNVERIFIED_PUBLISH_PATH,3,13,v0.2.0
'@engine-web/website,0.7.13,30,F,UNVERIFIED_PUBLISH_PATH,4,13,v0.2.0
'@everymatrix/prod-mm-verification-report,1.1.46,35,D,UNVERIFIED_PUBLISH_PATH,22,13,v0.2.0
'@fecp/mobile,1.1.59,21,F,UNVERIFIED_PUBLISH_PATH|SINGLE_MAINTAINER,1,13,v0.2.0
'@flarehr/role-management-app,1.0.1,19,F,UNVERIFIED_PUBLISH_PATH|DORMANT|PUBLISHER_NOT_MAINTAINER,8,13,v0.2.0
'@kfonts/bm-hanna-pro,0.2.0,19,F,UNVERIFIED_PUBLISH_PATH|DORMANT|SINGLE_MAINTAINER,1,13,v0.2.0
'@machi-pla/cc-client-js-gunma-pref,0.1.3,35,D,UNVERIFIED_PUBLISH_PATH,3,13,v0.2.0
'@mailbiz/onsite-woocommerce-vendor,0.3.2,30,F,UNVERIFIED_PUBLISH_PATH,3,13,v0.2.0
'@micro-lc/iconic,1.3.1,29,F,UNVERIFIED_PUBLISH_PATH|DORMANT,4,13,v0.2.0
'@percy.ai/hvs-funnel-overlay,0.5.0,30,F,UNVERIFIED_PUBLISH_PATH,3,13,v0.2.0
'@reform-digital/embed-script,1.0.3,16,F,UNVERIFIED_PUBLISH_PATH|SINGLE_MAINTAINER,1,13,v0.2.0
clappr-ima-plugin,0.5.3,19,F,UNVERIFIED_PUBLISH_PATH|DORMANT|SINGLE_MAINTAINER,1,13,v0.2.0
erralytics,1.0.0,25,F,UNVERIFIED_PUBLISH_PATH|SINGLE_MAINTAINER,1,13,v0.2.0
fontsource-jost,4.0.0,19,F,UNVERIFIED_PUBLISH_PATH|DORMANT|SINGLE_MAINTAINER|DEPRECATED,1,13,v0.2.0
google-maps-utility-library-v3-markerwithlabel,1.1.10,19,F,UNVERIFIED_PUBLISH_PATH|DORMANT|SINGLE_MAINTAINER,1,13,v0.2.0
itty-chroma,1.0.6,25,F,UNVERIFIED_PUBLISH_PATH|SINGLE_MAINTAINER,1,13,v0.2.0
jquery-base64-js,1.0.1,19,F,UNVERIFIED_PUBLISH_PATH|DORMANT|SINGLE_MAINTAINER,1,13,v0.2.0
nerdamer-41fb3b2,1.1.13-41fb3b2,19,F,UNVERIFIED_PUBLISH_PATH|DORMANT|SINGLE_MAINTAINER,1,13,v0.2.0
pdf.worker,1.0.0,10,F,UNVERIFIED_PUBLISH_PATH|DORMANT|SINGLE_MAINTAINER,1,13,v0.2.0
render_formatter_137,1.0.0,16,F,UNVERIFIED_PUBLISH_PATH|SINGLE_MAINTAINER,1,13,v0.2.0
tia-gpc-widget,3.1.1,21,F,UNVERIFIED_PUBLISH_PATH|SINGLE_MAINTAINER,1,13,v0.2.0
udesly-before-after,1.0.1,10,F,UNVERIFIED_PUBLISH_PATH|DORMANT|SINGLE_MAINTAINER,1,13,v0.2.0
when-in-viewport,2.0.4,19,F,UNVERIFIED_PUBLISH_PATH|DORMANT|SINGLE_MAINTAINER,1,13,v0.2.0
yet-another-medium-zoom,0.4.2,14,F,UNVERIFIED_PUBLISH_PATH|DORMANT|SINGLE_MAINTAINER,1,13,v0.2.0
'@animaj/pocoyo,0.2.34,20,F,UNVERIFIED_PUBLISH_PATH|SINGLE_MAINTAINER,1,12,v0.2.0
'@azerion/phaser-cachebuster,2.0.0,28,F,UNVERIFIED_PUBLISH_PATH|DORMANT|PUBLISHER_NOT_MAINTAINER,4,12,v0.2.0
'@brainfish-ai/web-tracker,0.0.33,30,F,UNVERIFIED_PUBLISH_PATH,4,12,v0.2.0
'@brytdesigns/shopify-ajax-cart-api,1.0.43,30,F,UNVERIFIED_PUBLISH_PATH,5,12,v0.2.0
'@cycjimmy/canvas-snow,3.0.3,19,F,UNVERIFIED_PUBLISH_PATH|DORMANT|SINGLE_MAINTAINER,1,12,v0.2.0
'@deriv-com/cs-utils,1.0.14,25,F,UNVERIFIED_PUBLISH_PATH|SINGLE_MAINTAINER,1,12,v0.2.0
'@evrythng/context-script,1.1.11,19,F,UNVERIFIED_PUBLISH_PATH|DORMANT|SINGLE_MAINTAINER,1,12,v0.2.0
'@frontkom/g-section,0.4.3,33,F,UNVERIFIED_PUBLISH_PATH|DORMANT,10,12,v0.2.0
'@goodgamestudios/cxf-tracking,1.1.9-qa.0,24,F,UNVERIFIED_PUBLISH_PATH|DORMANT|PUBLISHER_NOT_MAINTAINER,27,12,v0.2.0
'@initweb-fr/datacamp,1.0.0,20,F,UNVERIFIED_PUBLISH_PATH|SINGLE_MAINTAINER,1,12,v0.2.0
'@joaopaulo.vieira/clappr-media-control-plugin,1.3.1,19,F,UNVERIFIED_PUBLISH_PATH|DORMANT|SINGLE_MAINTAINER,1,12,v0.2.0
'@laburen/embeds,1.0.235,21,F,UNVERIFIED_PUBLISH_PATH|SINGLE_MAINTAINER,1,12,v0.2.0
'@luminai-platform/rrweb-record,2.0.16,45,D,UNVERIFIED_PUBLISH_PATH,2,12,v0.2.0
'@nortic/newsletter-form,1.2.4,34,F,UNVERIFIED_PUBLISH_PATH,4,12,v0.2.0
'@react-native-oh-tpl/op-sqlite,8.0.2-0.0.2,23,F,UNVERIFIED_PUBLISH_PATH|DORMANT|PUBLISHER_NOT_MAINTAINER,14,12,v0.2.0
'@record-evolution/widget-doughnut,1.5.21,25,F,UNVERIFIED_PUBLISH_PATH|SINGLE_MAINTAINER,1,12,v0.2.0
'@record-evolution/widget-heatmap,1.0.13,25,F,UNVERIFIED_PUBLISH_PATH|SINGLE_MAINTAINER,1,12,v0.2.0
'@record-evolution/widget-image,1.1.19,25,F,UNVERIFIED_PUBLISH_PATH|SINGLE_MAINTAINER,1,12,v0.2.0
'@record-evolution/widget-markdown,1.0.7,25,F,UNVERIFIED_PUBLISH_PATH|SINGLE_MAINTAINER,1,12,v0.2.0
'@record-evolution/widget-value,1.1.27,25,F,UNVERIFIED_PUBLISH_PATH|SINGLE_MAINTAINER,1,12,v0.2.0
'@seedgou/dos.lol,9.4.1-git-14ebc749c0b120965b54d2af92025c3e6d23b78a,21,F,UNVERIFIED_PUBLISH_PATH|SINGLE_MAINTAINER,1,12,v0.2.0
'@tsirosgeorge/toastnotification,5.3.3,25,F,UNVERIFIED_PUBLISH_PATH|SINGLE_MAINTAINER,1,12,v0.2.0
ad-auris-iframe-distribution,2.1.0,33,F,UNVERIFIED_PUBLISH_PATH|DORMANT,2,12,v0.2.0
backupserializer25,1.0.0,16,F,UNVERIFIED_PUBLISH_PATH|SINGLE_MAINTAINER,1,12,v0.2.0
bootstrap337,3.3.7,19,F,UNVERIFIED_PUBLISH_PATH|DORMANT|SINGLE_MAINTAINER,1,12,v0.2.0
flexbundle-components,0.1.3,15,F,UNVERIFIED_PUBLISH_PATH|DORMANT|SINGLE_MAINTAINER,1,12,v0.2.0
javascript.validation,1.8.0,19,F,UNVERIFIED_PUBLISH_PATH|DORMANT|SINGLE_MAINTAINER,1,12,v0.2.0
jquery.loadmask,1.0.1,19,F,UNVERIFIED_PUBLISH_PATH|DORMANT|SINGLE_MAINTAINER,1,12,v0.2.0
transfer-elements,1.0.7,19,F,UNVERIFIED_PUBLISH_PATH|DORMANT|SINGLE_MAINTAINER,1,12,v0.2.0
'@armdborg/hls.js,1.7.2,40,D,UNVERIFIED_PUBLISH_PATH,2,11,v0.2.0
'@aurolabs/auro-banner,1.1.0,40,D,UNVERIFIED_PUBLISH_PATH|DORMANT,2,11,v0.2.0
'@brytdesigns/shopify-product-info-components,1.1.10,30,F,UNVERIFIED_PUBLISH_PATH,5,11,v0.2.0
'@brytdesigns/web-component-drawer,1.1.12,30,F,UNVERIFIED_PUBLISH_PATH,5,11,v0.2.0
'@brytdesigns/web-component-keen-slider-navigation-arrows,1.1.10,30,F,UNVERIFIED_PUBLISH_PATH,5,11,v0.2.0
'@brytdesigns/web-component-modal,1.1.9,30,F,UNVERIFIED_PUBLISH_PATH,5,11,v0.2.0
'@cshawaus/lite-vimeo,1.0.2,57,C,SINGLE_MAINTAINER,1,11,v0.2.0
'@educatly/engagement,0.0.22,15,F,UNVERIFIED_PUBLISH_PATH|DORMANT|SINGLE_MAINTAINER,1,11,v0.2.0
'@figmania/svg-animate,1.3.0,10,F,UNVERIFIED_PUBLISH_PATH|DORMANT|SINGLE_MAINTAINER,1,11,v0.2.0
'@flarehr/document-library-ui,0.0.0,24,F,UNVERIFIED_PUBLISH_PATH|DORMANT|PUBLISHER_NOT_MAINTAINER,8,11,v0.2.0
'@icon/coreui-icons-free,1.0.1-alpha.1,28,F,UNVERIFIED_PUBLISH_PATH|DORMANT,2,11,v0.2.0
'@jamesbattye-dev/swiperflow,0.0.4,63,C,INCONSISTENT_PUBLISH_PATH|SINGLE_MAINTAINER,1,11,v0.2.0
'@lemonadejs/router,6.0.0,21,F,UNVERIFIED_PUBLISH_PATH|SINGLE_MAINTAINER,1,11,v0.2.0
'@orange-games/phaser-super-storage,2.0.0-beta.2,33,F,UNVERIFIED_PUBLISH_PATH|DORMANT,3,11,v0.2.0
'@record-evolution/widget-filter-calendar,1.0.7,25,F,UNVERIFIED_PUBLISH_PATH|SINGLE_MAINTAINER,1,11,v0.2.0
'@record-evolution/widget-mapbox,1.5.17,25,F,UNVERIFIED_PUBLISH_PATH|SINGLE_MAINTAINER,1,11,v0.2.0
'@record-evolution/widget-scada,1.0.7,25,F,UNVERIFIED_PUBLISH_PATH|SINGLE_MAINTAINER,1,11,v0.2.0
'@refina/fluentui-icons,0.6.1,14,F,UNVERIFIED_PUBLISH_PATH|DORMANT|SINGLE_MAINTAINER,1,11,v0.2.0
'@transloadit/jquery-sdk,3.3.7,35,D,UNVERIFIED_PUBLISH_PATH,3,11,v0.2.0
'@webtor/embed-sdk-js,0.2.19,25,F,UNVERIFIED_PUBLISH_PATH|SINGLE_MAINTAINER,1,11,v0.2.0
'@youon/uon-player-skins,1.0.57,29,F,UNVERIFIED_PUBLISH_PATH|DORMANT,3,11,v0.2.0
aixdb-tracker,1.3.4,10,F,UNVERIFIED_PUBLISH_PATH|DORMANT|SINGLE_MAINTAINER,1,11,v0.2.0
alpheios-components,3.4.3-incr-3.4.x.20220428394,33,F,UNVERIFIED_PUBLISH_PATH|DORMANT,4,11,v0.2.0
carousel-3d,0.2.3,19,F,UNVERIFIED_PUBLISH_PATH|DORMANT|SINGLE_MAINTAINER|DEPRECATED,1,11,v0.2.0
cbplayer2,0.12.0,19,F,UNVERIFIED_PUBLISH_PATH|DORMANT|SINGLE_MAINTAINER,1,11,v0.2.0
clappr-level-selector-plugin,0.2.1,19,F,UNVERIFIED_PUBLISH_PATH|DORMANT|SINGLE_MAINTAINER,1,11,v0.2.0
cmzydzs2024,1.0.3,21,F,UNVERIFIED_PUBLISH_PATH|SINGLE_MAINTAINER,1,11,v0.2.0
fetchclient163,1.0.0,16,F,UNVERIFIED_PUBLISH_PATH|SINGLE_MAINTAINER,1,11,v0.2.0
fork-corner,2.0.1,19,F,UNVERIFIED_PUBLISH_PATH|DORMANT|SINGLE_MAINTAINER,1,11,v0.2.0
geometria-font,1.0.1,10,F,UNVERIFIED_PUBLISH_PATH|DORMANT|SINGLE_MAINTAINER,1,11,v0.2.0
groner-checklist-form,1.0.73,25,F,UNVERIFIED_PUBLISH_PATH|SINGLE_MAINTAINER,1,11,v0.2.0
jpanel-menu,1.4.1,19,F,UNVERIFIED_PUBLISH_PATH|DORMANT|SINGLE_MAINTAINER,1,11,v0.2.0
jquery-sse,0.1.5,14,F,UNVERIFIED_PUBLISH_PATH|DORMANT|SINGLE_MAINTAINER,1,11,v0.2.0
nice-toast-js,0.2.3,19,F,UNVERIFIED_PUBLISH_PATH|DORMANT|SINGLE_MAINTAINER,1,11,v0.2.0
safe-email,1.1.1,14,F,UNVERIFIED_PUBLISH_PATH|DORMANT|SINGLE_MAINTAINER,1,11,v0.2.0
ss-utils,0.2.7,19,F,UNVERIFIED_PUBLISH_PATH|DORMANT|SINGLE_MAINTAINER,1,11,v0.2.0
stream-engine-widgets,0.3.35,35,D,UNVERIFIED_PUBLISH_PATH,2,11,v0.2.0
test-broker-230,1.0.0,16,F,UNVERIFIED_PUBLISH_PATH|SINGLE_MAINTAINER,1,11,v0.2.0
ts-sha1,0.6.1,19,F,UNVERIFIED_PUBLISH_PATH|DORMANT|SINGLE_MAINTAINER,1,11,v0.2.0
txto,1.6.1,21,F,UNVERIFIED_PUBLISH_PATH|SINGLE_MAINTAINER,1,11,v0.2.0
zebra_cookie,4.0.0,25,F,UNVERIFIED_PUBLISH_PATH|SINGLE_MAINTAINER,1,11,v0.2.0
'@apttec/reports,2.0.16,19,F,UNVERIFIED_PUBLISH_PATH|DORMANT|SINGLE_MAINTAINER,1,10,v0.2.0
'@binarydreams88/gf-fb-apk00001,4.6.0,21,F,UNVERIFIED_PUBLISH_PATH|SINGLE_MAINTAINER,1,10,v0.2.0
'@brytdesigns/web-component-core,1.1.7,30,F,UNVERIFIED_PUBLISH_PATH,5,10,v0.2.0
'@brytdesigns/web-component-keen-slider-scrollbar,1.1.9,30,F,UNVERIFIED_PUBLISH_PATH,5,10,v0.2.0
'@c3voc/clappr-audio-track-selector,0.2.4,15,F,UNVERIFIED_PUBLISH_PATH|DORMANT|SINGLE_MAINTAINER,1,10,v0.2.0
'@developerportalsg/docsify-sidebar-collapse,2.2.0,33,F,UNVERIFIED_PUBLISH_PATH|DORMANT,3,10,v0.2.0
'@flarehr/benefits-app,0.0.2,19,F,UNVERIFIED_PUBLISH_PATH|DORMANT|PUBLISHER_NOT_MAINTAINER,8,10,v0.2.0
'@goodgamestudios/cxf-announcements,0.5.0-qa.5,24,F,UNVERIFIED_PUBLISH_PATH|DORMANT|PUBLISHER_NOT_MAINTAINER,27,10,v0.2.0
'@goodgamestudios/swiper4,4.5.6,28,F,UNVERIFIED_PUBLISH_PATH|DORMANT|PUBLISHER_NOT_MAINTAINER,27,10,v0.2.0
'@infrastatic.com/infrapass,0.0.4,10,F,UNVERIFIED_PUBLISH_PATH|DORMANT|SINGLE_MAINTAINER|PUBLISHER_NOT_MAINTAINER,1,10,v0.2.0
'@lanyundev/blog-static,1.4.14,16,F,UNVERIFIED_PUBLISH_PATH|SINGLE_MAINTAINER,1,10,v0.2.0
'@machi-pla/cc-client-js-kure-city,0.1.3,35,D,UNVERIFIED_PUBLISH_PATH,3,10,v0.2.0
'@record-evolution/widget-filter-dropdown,1.0.9,25,F,UNVERIFIED_PUBLISH_PATH|SINGLE_MAINTAINER,1,10,v0.2.0
'@record-evolution/widget-gauge,1.7.31,25,F,UNVERIFIED_PUBLISH_PATH|SINGLE_MAINTAINER,1,10,v0.2.0
'@record-evolution/widget-label,1.0.4,25,F,UNVERIFIED_PUBLISH_PATH|SINGLE_MAINTAINER,1,10,v0.2.0
'@record-evolution/widget-signal,1.0.6,25,F,UNVERIFIED_PUBLISH_PATH|SINGLE_MAINTAINER,1,10,v0.2.0
'@slicemypage/motionflow,1.0.0,25,F,UNVERIFIED_PUBLISH_PATH|SINGLE_MAINTAINER,1,10,v0.2.0
'@smart-serve-npm/chatbot,1.0.6,16,F,UNVERIFIED_PUBLISH_PATH|SINGLE_MAINTAINER,1,10,v0.2.0
'@statsig/sidecar,3.33.3,77,B,INCONSISTENT_PUBLISH_PATH,2,10,v0.2.0
'@synapxlab/cookie-consent,2.5.0,25,F,UNVERIFIED_PUBLISH_PATH|SINGLE_MAINTAINER,1,10,v0.2.0
'@vkgp/web-components,1.0.4,19,F,UNVERIFIED_PUBLISH_PATH|DORMANT|SINGLE_MAINTAINER,1,10,v0.2.0
'@wc-lib/infinite-scroll-list,1.3.3,58,C,INCONSISTENT_PUBLISH_PATH|SINGLE_MAINTAINER,1,10,v0.2.0
bootstrap-show-toast,1.2.2,25,F,UNVERIFIED_PUBLISH_PATH|SINGLE_MAINTAINER,1,10,v0.2.0
bullframe.css,5.1.0,25,F,UNVERIFIED_PUBLISH_PATH|SINGLE_MAINTAINER,1,10,v0.2.0
cf-gotham-fonts,1.0.0,10,F,UNVERIFIED_PUBLISH_PATH|DORMANT|SINGLE_MAINTAINER,1,10,v0.2.0
dragon-lightbox,1.4.1,19,F,UNVERIFIED_PUBLISH_PATH|DORMANT|SINGLE_MAINTAINER,1,10,v0.2.0
jquery-scrolla,0.0.3,19,F,UNVERIFIED_PUBLISH_PATH|DORMANT|SINGLE_MAINTAINER,1,10,v0.2.0
jquery.role,1.0.0,19,F,UNVERIFIED_PUBLISH_PATH|DORMANT|SINGLE_MAINTAINER,1,10,v0.2.0
jquery.swipebox,1.4.4,19,F,UNVERIFIED_PUBLISH_PATH|DORMANT|SINGLE_MAINTAINER,1,10,v0.2.0
releaseopener204,1.0.0,16,F,UNVERIFIED_PUBLISH_PATH|SINGLE_MAINTAINER,1,10,v0.2.0
selection-sharer,1.2.2,19,F,UNVERIFIED_PUBLISH_PATH|DORMANT|SINGLE_MAINTAINER,1,10,v0.2.0
sly,0.0.1,19,F,UNVERIFIED_PUBLISH_PATH|DORMANT|SINGLE_MAINTAINER,1,10,v0.2.0
storii-code,1.0.2,10,F,UNVERIFIED_PUBLISH_PATH|DORMANT|SINGLE_MAINTAINER,1,10,v0.2.0
webhostinghub-glyphs,0.1.2,14,F,UNVERIFIED_PUBLISH_PATH|DORMANT|SINGLE_MAINTAINER,1,10,v0.2.0
'@aiconomy/aico-analytics,0.0.18,35,D,UNVERIFIED_PUBLISH_PATH,4,9,v0.2.0
'@amplitude/amplitude-js-gtm,3.25.0,77,B,,6,9,v0.2.0
'@andrea_ztn/gladia,0.1.3,10,F,UNVERIFIED_PUBLISH_PATH|DORMANT|SINGLE_MAINTAINER,1,9,v0.2.0
'@areb0s/scip.js,1.2.13,25,F,UNVERIFIED_PUBLISH_PATH|SINGLE_MAINTAINER,1,9,v0.2.0
'@aurolabs/auro-threecolumn,1.0.1,33,F,UNVERIFIED_PUBLISH_PATH|DORMANT,2,9,v0.2.0
'@bikeindex/time-localizer,0.3.0,25,F,UNVERIFIED_PUBLISH_PATH|SINGLE_MAINTAINER,1,9,v0.2.0
'@brytdesigns/web-component-form-sync,1.2.5,30,F,UNVERIFIED_PUBLISH_PATH,5,9,v0.2.0
'@brytdesigns/web-component-keen-slider,1.2.3,30,F,UNVERIFIED_PUBLISH_PATH,5,9,v0.2.0
'@brytdesigns/web-component-keen-slider-navigation-dots,1.1.12,30,F,UNVERIFIED_PUBLISH_PATH,5,9,v0.2.0
'@claviska/jquery-alertable,1.0.2,19,F,UNVERIFIED_PUBLISH_PATH|DORMANT|SINGLE_MAINTAINER,1,9,v0.2.0
'@creoglyph/cardreadmore,1.0.2,15,F,UNVERIFIED_PUBLISH_PATH|DORMANT|SINGLE_MAINTAINER,1,9,v0.2.0
'@dev-hero/modal-manager,1.0.3,25,F,UNVERIFIED_PUBLISH_PATH|SINGLE_MAINTAINER,1,9,v0.2.0
'@digibib/deichman-ui,7.3.4,33,F,UNVERIFIED_PUBLISH_PATH|DORMANT,4,9,v0.2.0
'@flarehr/core-hr-app,0.1.3,24,F,UNVERIFIED_PUBLISH_PATH|DORMANT|PUBLISHER_NOT_MAINTAINER,8,9,v0.2.0
'@four-corners/fourcorners.js,0.9.6,19,F,UNVERIFIED_PUBLISH_PATH|DORMANT|SINGLE_MAINTAINER,1,9,v0.2.0
'@ideal-postcodes/shopwired,3.0.3,39,D,UNVERIFIED_PUBLISH_PATH,2,9,v0.2.0
'@kiwigrid/kiwi-navigation-shell,0.4.0,29,F,UNVERIFIED_PUBLISH_PATH|DORMANT,6,9,v0.2.0
'@machi-pla/cc-client-js-at-yokohama,0.1.1,35,D,UNVERIFIED_PUBLISH_PATH,3,9,v0.2.0
'@mailbiz/onsite-godeep-vendor,0.2.1,35,D,UNVERIFIED_PUBLISH_PATH,3,9,v0.2.0
'@mailbiz/onsite-shoppub-vendor,0.1.0,35,D,UNVERIFIED_PUBLISH_PATH,3,9,v0.2.0
'@mailbiz/onsite-uoou-vendor,0.1.1,35,D,UNVERIFIED_PUBLISH_PATH,3,9,v0.2.0
'@mirrorapp/iframe-bridge,1.0.0,21,F,UNVERIFIED_PUBLISH_PATH|SINGLE_MAINTAINER,1,9,v0.2.0
'@mobiloud/ml-popup-widget,1.0.0,14,F,UNVERIFIED_PUBLISH_PATH|DORMANT|SINGLE_MAINTAINER|PUBLISHER_NOT_MAINTAINER,1,9,v0.2.0
'@noonnu/ko-pub-batang,0.1.0,14,F,UNVERIFIED_PUBLISH_PATH|DORMANT|SINGLE_MAINTAINER,1,9,v0.2.0
'@noonnu/one-mobile-title,0.1.0,14,F,UNVERIFIED_PUBLISH_PATH|DORMANT|SINGLE_MAINTAINER,1,9,v0.2.0
'@record-evolution/widget-navbar,1.0.14,25,F,UNVERIFIED_PUBLISH_PATH|SINGLE_MAINTAINER,1,9,v0.2.0
'@tagadapay/shopify-mapper,1.3.0,39,D,UNVERIFIED_PUBLISH_PATH,4,9,v0.2.0
'@travelbot/web-frontend,0.0.92,21,F,UNVERIFIED_PUBLISH_PATH|SINGLE_MAINTAINER,1,9,v0.2.0
'@xena-npmjs-public/xena-designsystem,1.8.119,25,F,UNVERIFIED_PUBLISH_PATH|SINGLE_MAINTAINER,1,9,v0.2.0
'@zencemarketing/storepay-sdk,0.1.0-alpha.4,35,D,UNVERIFIED_PUBLISH_PATH,3,9,v0.2.0
'@zendeskgarden/css-scrollbars,0.1.28,26,F,UNVERIFIED_PUBLISH_PATH|DORMANT|SINGLE_MAINTAINER|DEPRECATED,1,9,v0.2.0
ai-chatbot-widget,0.1.6,21,F,UNVERIFIED_PUBLISH_PATH|SINGLE_MAINTAINER,1,9,v0.2.0
blockgallery-stacked,0.0.5,15,F,UNVERIFIED_PUBLISH_PATH|DORMANT|SINGLE_MAINTAINER,1,9,v0.2.0
bootstrap-fullscreen-select,1.5.1,19,F,UNVERIFIED_PUBLISH_PATH|DORMANT|SINGLE_MAINTAINER,1,9,v0.2.0
bootstrap-modal-wrapper,2.0.1,19,F,UNVERIFIED_PUBLISH_PATH|DORMANT|SINGLE_MAINTAINER,1,9,v0.2.0
cookiecraft,1.0.11,25,F,UNVERIFIED_PUBLISH_PATH|SINGLE_MAINTAINER,1,9,v0.2.0
design-system-for-cradlepoint-wp,1.1.4,25,F,UNVERIFIED_PUBLISH_PATH|SINGLE_MAINTAINER,1,9,v0.2.0
gasparesganga-jquery-message-box,3.2.2,19,F,UNVERIFIED_PUBLISH_PATH|DORMANT|SINGLE_MAINTAINER,1,9,v0.2.0
gather-integration,1.27.3,21,F,UNVERIFIED_PUBLISH_PATH|SINGLE_MAINTAINER,1,9,v0.2.0
genericons,1.0.1,19,F,UNVERIFIED_PUBLISH_PATH|DORMANT|SINGLE_MAINTAINER,1,9,v0.2.0
heightline,1.0.2,19,F,UNVERIFIED_PUBLISH_PATH|DORMANT|SINGLE_MAINTAINER,1,9,v0.2.0
hunarcourses,1.0.4,10,F,UNVERIFIED_PUBLISH_PATH|DORMANT|SINGLE_MAINTAINER,1,9,v0.2.0
ibp-tms,1.0.77,16,F,UNVERIFIED_PUBLISH_PATH|SINGLE_MAINTAINER,1,9,v0.2.0
jquery-numerator,0.2.1,19,F,UNVERIFIED_PUBLISH_PATH|DORMANT|SINGLE_MAINTAINER,1,9,v0.2.0
odometer.js,1.0.0,10,F,UNVERIFIED_PUBLISH_PATH|DORMANT|SINGLE_MAINTAINER,1,9,v0.2.0
qs-like,1.0.1,14,F,UNVERIFIED_PUBLISH_PATH|DORMANT|SINGLE_MAINTAINER,1,9,v0.2.0
rechat-material,1.2.0,10,F,UNVERIFIED_PUBLISH_PATH|DORMANT|SINGLE_MAINTAINER,1,9,v0.2.0
udesly-text-effect-mira,1.0.1,10,F,UNVERIFIED_PUBLISH_PATH|DORMANT|SINGLE_MAINTAINER,1,9,v0.2.0
videojs-tracking-events,0.2.9,15,F,UNVERIFIED_PUBLISH_PATH|DORMANT|SINGLE_MAINTAINER,1,9,v0.2.0
'@alaskaairux/auro-carousel,1.4.0,26,F,UNVERIFIED_PUBLISH_PATH|DORMANT|SINGLE_MAINTAINER,1,8,v0.2.0
'@arcade-v/arcade_v,1.2.2,21,F,UNVERIFIED_PUBLISH_PATH|SINGLE_MAINTAINER,1,8,v0.2.0
'@aurolabs/auro-twocolumn,1.2.2,33,F,UNVERIFIED_PUBLISH_PATH|DORMANT,2,8,v0.2.0
'@binarydreams88/string-utils,4.4.0,21,F,UNVERIFIED_PUBLISH_PATH|SINGLE_MAINTAINER,1,8,v0.2.0
'@bounoable/vue-image-slider,0.4.4,10,F,UNVERIFIED_PUBLISH_PATH|DORMANT|SINGLE_MAINTAINER,1,8,v0.2.0
'@bryt-designs/storefront-client,0.7.10,16,F,UNVERIFIED_PUBLISH_PATH|SINGLE_MAINTAINER,1,8,v0.2.0
'@brytdesigns/web-component-accordion,1.1.8,30,F,UNVERIFIED_PUBLISH_PATH,5,8,v0.2.0
'@codevadmin/owl.carousel,2.3.6,19,F,UNVERIFIED_PUBLISH_PATH|DORMANT|SINGLE_MAINTAINER,1,8,v0.2.0
'@finsweet/attributes-support,1.1.1,24,F,UNVERIFIED_PUBLISH_PATH|DORMANT,2,8,v0.2.0
'@flasher/flasher-notyf,2.2.0,21,F,UNVERIFIED_PUBLISH_PATH|SINGLE_MAINTAINER,1,8,v0.2.0
'@kwaeri/user-experience,0.1.13,15,F,UNVERIFIED_PUBLISH_PATH|DORMANT|SINGLE_MAINTAINER,1,8,v0.2.0
'@machi-pla/cc-client-js-sendai-city,0.2.1,35,D,UNVERIFIED_PUBLISH_PATH,3,8,v0.2.0
'@mobiscroll/jquery-lite,4.10.9,23,F,UNVERIFIED_PUBLISH_PATH|DORMANT|PUBLISHER_NOT_MAINTAINER,3,8,v0.2.0
'@motomedialab/cookie-consent,1.3.3,25,F,UNVERIFIED_PUBLISH_PATH|SINGLE_MAINTAINER,1,8,v0.2.0
'@mskcc/typography,0.0.3,29,F,UNVERIFIED_PUBLISH_PATH|DORMANT,5,8,v0.2.0
'@mugnai/rscs,0.5.9,19,F,UNVERIFIED_PUBLISH_PATH|DORMANT|SINGLE_MAINTAINER,1,8,v0.2.0
'@noonnu/gmarketsansbold,0.0.1,14,F,UNVERIFIED_PUBLISH_PATH|DORMANT|SINGLE_MAINTAINER|DEPRECATED,1,8,v0.2.0
'@orange-games/phaser-cachebuster,2.0.0-rc.1,33,F,UNVERIFIED_PUBLISH_PATH|DORMANT,3,8,v0.2.0
'@record-evolution/widget-embed,1.0.8,25,F,UNVERIFIED_PUBLISH_PATH|SINGLE_MAINTAINER,1,8,v0.2.0
'@record-evolution/widget-navbutton,1.0.9,25,F,UNVERIFIED_PUBLISH_PATH|SINGLE_MAINTAINER,1,8,v0.2.0
'@record-evolution/widget-overlay,1.0.11,25,F,UNVERIFIED_PUBLISH_PATH|SINGLE_MAINTAINER,1,8,v0.2.0
'@reform-digital/webflow-devkit-utils,1.2.1,16,F,UNVERIFIED_PUBLISH_PATH|SINGLE_MAINTAINER,1,8,v0.2.0
'@riversun/sortable-table,1.1.2,19,F,UNVERIFIED_PUBLISH_PATH|DORMANT|SINGLE_MAINTAINER,1,8,v0.2.0
'@sogexia/webflow,0.0.7,14,F,UNVERIFIED_PUBLISH_PATH|DORMANT|SINGLE_MAINTAINER,1,8,v0.2.0
'@uizaio/playerjs,5.20.8-rc2,19,F,UNVERIFIED_PUBLISH_PATH|DORMANT|SINGLE_MAINTAINER,1,8,v0.2.0
'@widgetic/sdk,1.7.12,21,F,UNVERIFIED_PUBLISH_PATH|SINGLE_MAINTAINER,1,8,v0.2.0
cn-fontsource-maoken-zhuyuan-ti-regular,1.0.1,19,F,UNVERIFIED_PUBLISH_PATH|DORMANT|SINGLE_MAINTAINER,1,8,v0.2.0
develart-olzalogistic-pickup-points-widget,1.8.19,21,F,UNVERIFIED_PUBLISH_PATH|SINGLE_MAINTAINER,1,8,v0.2.0
djibe-material,4.6.2-1.0,19,F,UNVERIFIED_PUBLISH_PATH|DORMANT|SINGLE_MAINTAINER,1,8,v0.2.0
enllax,1.1.0,10,F,UNVERIFIED_PUBLISH_PATH|DORMANT|SINGLE_MAINTAINER,1,8,v0.2.0
fitfast,1.0.215,39,D,UNVERIFIED_PUBLISH_PATH,2,8,v0.2.0
japhy-custom-elements,1.0.73,21,F,UNVERIFIED_PUBLISH_PATH|SINGLE_MAINTAINER,1,8,v0.2.0
jquery-accessible-subnav-dropdown,1.2.1,19,F,UNVERIFIED_PUBLISH_PATH|DORMANT|SINGLE_MAINTAINER,1,8,v0.2.0
jquery-datetime-picker,2.5.11,19,F,UNVERIFIED_PUBLISH_PATH|DORMANT|SINGLE_MAINTAINER,1,8,v0.2.0
jquery-directional-hover,1.0.1,19,F,UNVERIFIED_PUBLISH_PATH|DORMANT|SINGLE_MAINTAINER,1,8,v0.2.0
jtsage-datebox-i18n,5.3.3,14,F,UNVERIFIED_PUBLISH_PATH|DORMANT|SINGLE_MAINTAINER,1,8,v0.2.0
lazy-youtube-embed,1.0.1,19,F,UNVERIFIED_PUBLISH_PATH|DORMANT|SINGLE_MAINTAINER,1,8,v0.2.0
scrollsnap-controls,1.0.7,15,F,UNVERIFIED_PUBLISH_PATH|DORMANT|SINGLE_MAINTAINER,1,8,v0.2.0
snap-alert-js,1.1.4,19,F,UNVERIFIED_PUBLISH_PATH|DORMANT|SINGLE_MAINTAINER,1,8,v0.2.0
whatsapp-sharing,1.3.4,19,F,UNVERIFIED_PUBLISH_PATH|DORMANT|SINGLE_MAINTAINER|DEPRECATED,1,8,v0.2.0
youtube-iframe-api,0.0.1,15,F,UNVERIFIED_PUBLISH_PATH|DORMANT|SINGLE_MAINTAINER,1,8,v0.2.0
zenselect,0.1.7,19,F,UNVERIFIED_PUBLISH_PATH|DORMANT|SINGLE_MAINTAINER,1,8,v0.2.0
'@00sanoj00/rtxtube,1.3.3,20,F,UNVERIFIED_PUBLISH_PATH|SINGLE_MAINTAINER,1,7,v0.2.0
'@amwaljs/checkout-button,0.3.5,35,D,UNVERIFIED_PUBLISH_PATH,4,7,v0.2.0
'@analytics-debugger/html-media-elements,0.0.2,19,F,UNVERIFIED_PUBLISH_PATH|DORMANT|SINGLE_MAINTAINER,1,7,v0.2.0
'@ayahub/webfont-harmony-sans-sc,1.0.0,14,F,UNVERIFIED_PUBLISH_PATH|DORMANT|SINGLE_MAINTAINER,1,7,v0.2.0
'@azerion/phaser-input,2.0.5,28,F,UNVERIFIED_PUBLISH_PATH|DORMANT|PUBLISHER_NOT_MAINTAINER,4,7,v0.2.0
'@azerion/phaser-nineslice,2.0.1,28,F,UNVERIFIED_PUBLISH_PATH|DORMANT|PUBLISHER_NOT_MAINTAINER,4,7,v0.2.0
'@beyondspace/lightbox-widget,0.0.0,10,F,UNVERIFIED_PUBLISH_PATH|DORMANT|SINGLE_MAINTAINER,1,7,v0.2.0
'@bootcss/www.bootcss.com,1.0.8,15,F,UNVERIFIED_PUBLISH_PATH|DORMANT|SINGLE_MAINTAINER,1,7,v0.2.0
'@electron-fonts/roboto-condensed,1.2.0,19,F,UNVERIFIED_PUBLISH_PATH|DORMANT|SINGLE_MAINTAINER,1,7,v0.2.0
'@frostsw/frostjs,1.3.12,19,F,UNVERIFIED_PUBLISH_PATH|DORMANT|SINGLE_MAINTAINER,1,7,v0.2.0
'@mobiloud/ml-css-injector,1.2.1,25,F,UNVERIFIED_PUBLISH_PATH|SINGLE_MAINTAINER,1,7,v0.2.0
'@noonnu/s-coredream-4regular,0.0.1,14,F,UNVERIFIED_PUBLISH_PATH|DORMANT|SINGLE_MAINTAINER|DEPRECATED,1,7,v0.2.0
'@raineblog/mkdocs-fontkit,1.0.5,73,B,SINGLE_MAINTAINER,1,7,v0.2.0
'@record-evolution/widget-statehistory,1.0.15,25,F,UNVERIFIED_PUBLISH_PATH|SINGLE_MAINTAINER,1,7,v0.2.0
'@record-evolution/widget-switch,1.1.4,25,F,UNVERIFIED_PUBLISH_PATH|SINGLE_MAINTAINER,1,7,v0.2.0
'@scbd/ckeditor5-build-inline-full,48.1.1,35,D,UNVERIFIED_PUBLISH_PATH,4,7,v0.2.0
'@seedgou/flash.homes,5.2.0-git-00f5c8297fc3b7fce98e5c875f754ccf8f3d8b0a,15,F,UNVERIFIED_PUBLISH_PATH|DORMANT|SINGLE_MAINTAINER,1,7,v0.2.0
'@stackla/widget-utils,4.3.0,73,B,SINGLE_MAINTAINER,1,7,v0.2.0
'@tg-ads-mediation/ads-cdn,1.1.0,33,F,UNVERIFIED_PUBLISH_PATH|DORMANT,2,7,v0.2.0
'@thedarkita/agm,1.0.0-beta.2,14,F,UNVERIFIED_PUBLISH_PATH|DORMANT|SINGLE_MAINTAINER,1,7,v0.2.0
'@webreflection/element,0.3.2,25,F,UNVERIFIED_PUBLISH_PATH|SINGLE_MAINTAINER,1,7,v0.2.0
amaranjs,0.5.5,15,F,UNVERIFIED_PUBLISH_PATH|DORMANT|SINGLE_MAINTAINER,1,7,v0.2.0
better_deferred,2.0.2,19,F,UNVERIFIED_PUBLISH_PATH|DORMANT|SINGLE_MAINTAINER,1,7,v0.2.0
bluprnt,1.7.0,19,F,UNVERIFIED_PUBLISH_PATH|DORMANT|SINGLE_MAINTAINER,1,7,v0.2.0
cn-fontsource-975-maru-sc-regular,1.0.1,19,F,UNVERIFIED_PUBLISH_PATH|DORMANT|SINGLE_MAINTAINER,1,7,v0.2.0
eleganticons,0.0.1,19,F,UNVERIFIED_PUBLISH_PATH|DORMANT|SINGLE_MAINTAINER,1,7,v0.2.0
flextabs-js,2.0.0,19,F,UNVERIFIED_PUBLISH_PATH|DORMANT|SINGLE_MAINTAINER,1,7,v0.2.0
fonts-archive-futura-std,0.0.0,15,F,UNVERIFIED_PUBLISH_PATH|DORMANT|SINGLE_MAINTAINER,1,7,v0.2.0
freezeui,1.0.1,19,F,UNVERIFIED_PUBLISH_PATH|DORMANT|SINGLE_MAINTAINER,1,7,v0.2.0
intro.js-mit,3.0.0,33,F,UNVERIFIED_PUBLISH_PATH|DORMANT,2,7,v0.2.0
izimodal-1.6.0,1.6.1,19,F,UNVERIFIED_PUBLISH_PATH|DORMANT|SINGLE_MAINTAINER|DEPRECATED,1,7,v0.2.0
jquery-ean13,2.2.5,19,F,UNVERIFIED_PUBLISH_PATH|DORMANT|SINGLE_MAINTAINER,1,7,v0.2.0
late-images,2.1.0,19,F,UNVERIFIED_PUBLISH_PATH|DORMANT|SINGLE_MAINTAINER,1,7,v0.2.0
malihu-custom-scrollbar-plugin-with-iframe-fix,3.1.6,19,F,UNVERIFIED_PUBLISH_PATH|DORMANT|SINGLE_MAINTAINER,1,7,v0.2.0
oa-frontend-conversiontracking,1.0.15,19,F,UNVERIFIED_PUBLISH_PATH|DORMANT|SINGLE_MAINTAINER,1,7,v0.2.0
owlcarousel2-filter,1.0.0,15,F,UNVERIFIED_PUBLISH_PATH|DORMANT|SINGLE_MAINTAINER,1,7,v0.2.0
popup-framework-core-v2,1.0.3,21,F,UNVERIFIED_PUBLISH_PATH|SINGLE_MAINTAINER,1,7,v0.2.0
quickomcc-widget,0.0.14,15,F,UNVERIFIED_PUBLISH_PATH|DORMANT|SINGLE_MAINTAINER,1,7,v0.2.0
receiptfeedback,26.8.0,21,F,UNVERIFIED_PUBLISH_PATH|SINGLE_MAINTAINER,1,7,v0.2.0
rich-text-editor-vj,3.0.6,19,F,UNVERIFIED_PUBLISH_PATH|DORMANT|SINGLE_MAINTAINER,1,7,v0.2.0
saby-customizer,0.0.11,25,F,UNVERIFIED_PUBLISH_PATH|SINGLE_MAINTAINER,1,7,v0.2.0
simple-popup-modal,1.1.3,19,F,UNVERIFIED_PUBLISH_PATH|DORMANT|SINGLE_MAINTAINER,1,7,v0.2.0
social-share-buttons,0.1.1,25,F,UNVERIFIED_PUBLISH_PATH|SINGLE_MAINTAINER,1,7,v0.2.0
storagedb2,1.0.5,19,F,UNVERIFIED_PUBLISH_PATH|DORMANT|SINGLE_MAINTAINER,1,7,v0.2.0
udesly-ad-banner,0.0.4,15,F,UNVERIFIED_PUBLISH_PATH|DORMANT|SINGLE_MAINTAINER,1,7,v0.2.0
vanilla-emoji-picker,0.2.4,19,F,UNVERIFIED_PUBLISH_PATH|DORMANT|SINGLE_MAINTAINER,1,7,v0.2.0
videojs-record-countdown,4.5.1,19,F,UNVERIFIED_PUBLISH_PATH|DORMANT|SINGLE_MAINTAINER,1,7,v0.2.0
web-vitals-google-analytics-shopify,1.1.0,19,F,UNVERIFIED_PUBLISH_PATH|DORMANT|SINGLE_MAINTAINER,1,7,v0.2.0
whatsapp-floating-widget,1.0.3,20,F,UNVERIFIED_PUBLISH_PATH|SINGLE_MAINTAINER,1,7,v0.2.0
'@app-city/analytics-browser,0.5.0,21,F,UNVERIFIED_PUBLISH_PATH|SINGLE_MAINTAINER,1,6,v0.2.0
'@azerion/phaser-ads,2.4.1,28,F,UNVERIFIED_PUBLISH_PATH|DORMANT|PUBLISHER_NOT_MAINTAINER,4,6,v0.2.0
'@azerion/phaser-spine,3.0.9,28,F,UNVERIFIED_PUBLISH_PATH|DORMANT|PUBLISHER_NOT_MAINTAINER,4,6,v0.2.0
'@azerion/phaser-super-storage,2.0.0-rc.1,28,F,UNVERIFIED_PUBLISH_PATH|DORMANT|PUBLISHER_NOT_MAINTAINER,4,6,v0.2.0
'@bolkstudio/bolklab,1.1.7,25,F,UNVERIFIED_PUBLISH_PATH|SINGLE_MAINTAINER,1,6,v0.2.0
'@brainfish-ai/nudge-widget,0.1.3,30,F,UNVERIFIED_PUBLISH_PATH,4,6,v0.2.0
'@bryt-designs/predictive-search,3.0.10,16,F,UNVERIFIED_PUBLISH_PATH|SINGLE_MAINTAINER,1,6,v0.2.0
'@clappr/stats-plugin,0.3.0,33,F,UNVERIFIED_PUBLISH_PATH|DORMANT,9,6,v0.2.0
'@coaktion/hc-lib,0.2.0,35,D,UNVERIFIED_PUBLISH_PATH,2,6,v0.2.0
'@conversu/plugin,3.7.1,21,F,UNVERIFIED_PUBLISH_PATH|SINGLE_MAINTAINER,1,6,v0.2.0
'@cseitz/icons-thin,1.0.3,19,F,UNVERIFIED_PUBLISH_PATH|DORMANT|SINGLE_MAINTAINER,1,6,v0.2.0
'@electron-fonts/open-sans,1.2.0,19,F,UNVERIFIED_PUBLISH_PATH|DORMANT|SINGLE_MAINTAINER,1,6,v0.2.0
'@frontle/bottomsheet,1.0.3,33,F,UNVERIFIED_PUBLISH_PATH|DORMANT,2,6,v0.2.0
'@hatemhosny/ninja-keys,1.14.0,19,F,UNVERIFIED_PUBLISH_PATH|DORMANT|SINGLE_MAINTAINER,1,6,v0.2.0
'@hypelab/sdk-core,2.9.2,25,F,UNVERIFIED_PUBLISH_PATH,0,6,v0.2.0
'@jsuites/indexing,1.5.1,25,F,UNVERIFIED_PUBLISH_PATH|SINGLE_MAINTAINER,1,6,v0.2.0
'@machi-pla/cc-client-js-nasushiobara,0.1.0,35,D,UNVERIFIED_PUBLISH_PATH,3,6,v0.2.0
'@mezereon/bigcommerce-stencil-cornerstone,1.0.1,19,F,UNVERIFIED_PUBLISH_PATH|DORMANT|SINGLE_MAINTAINER,1,6,v0.2.0
'@mobiloud/ml-promotions-banner,1.0.1,14,F,UNVERIFIED_PUBLISH_PATH|DORMANT|SINGLE_MAINTAINER|PUBLISHER_NOT_MAINTAINER,1,6,v0.2.0
'@playpilot/opw,1.1.2,35,D,UNVERIFIED_PUBLISH_PATH,2,6,v0.2.0
'@rimiti/abm,1.0.0,14,F,UNVERIFIED_PUBLISH_PATH|DORMANT|SINGLE_MAINTAINER,1,6,v0.2.0
'@scbd/angular-vue,4.0.0,33,F,UNVERIFIED_PUBLISH_PATH|DORMANT,4,6,v0.2.0
'@soyleninjs/swappit,3.0.0,25,F,UNVERIFIED_PUBLISH_PATH|SINGLE_MAINTAINER,1,6,v0.2.0
'@tc-turing/webflow,1.0.73,20,F,UNVERIFIED_PUBLISH_PATH|SINGLE_MAINTAINER,1,6,v0.2.0
bootstrap5-dialog,5.0.1,19,F,UNVERIFIED_PUBLISH_PATH|DORMANT|SINGLE_MAINTAINER,1,6,v0.2.0
bunny-skia,0.0.13,33,F,UNVERIFIED_PUBLISH_PATH|DORMANT,2,6,v0.2.0
canvas-qrcode-logo,1.1.1,19,F,UNVERIFIED_PUBLISH_PATH|DORMANT|SINGLE_MAINTAINER,1,6,v0.2.0
carcraft-news-component,0.1.13,16,F,UNVERIFIED_PUBLISH_PATH|SINGLE_MAINTAINER,1,6,v0.2.0
cmzydzsfile2024,1.0.4,21,F,UNVERIFIED_PUBLISH_PATH|SINGLE_MAINTAINER,1,6,v0.2.0
cn-fontsource-hongleixingshu-regular,1.0.7,19,F,UNVERIFIED_PUBLISH_PATH|DORMANT|SINGLE_MAINTAINER,1,6,v0.2.0
contrast-js,0.0.3,19,F,UNVERIFIED_PUBLISH_PATH|DORMANT|SINGLE_MAINTAINER,1,6,v0.2.0
fontawesome5-fullcss,1.1.0,10,F,UNVERIFIED_PUBLISH_PATH|DORMANT|SINGLE_MAINTAINER,1,6,v0.2.0
gumadapter,1.0.1,19,F,UNVERIFIED_PUBLISH_PATH|DORMANT|SINGLE_MAINTAINER,1,6,v0.2.0
in-renderer-js,1.2.3,20,F,UNVERIFIED_PUBLISH_PATH|SINGLE_MAINTAINER,1,6,v0.2.0
ipay9-scripts,4.2.0,21,F,UNVERIFIED_PUBLISH_PATH|SINGLE_MAINTAINER,1,6,v0.2.0
jquery-passive,3.6.0,15,F,UNVERIFIED_PUBLISH_PATH|DORMANT|SINGLE_MAINTAINER,1,6,v0.2.0
jquery-toast,1.0.0,19,F,UNVERIFIED_PUBLISH_PATH|DORMANT|SINGLE_MAINTAINER,1,6,v0.2.0
kgr88-scripts,4.5.0,21,F,UNVERIFIED_PUBLISH_PATH|SINGLE_MAINTAINER,1,6,v0.2.0
openseadragon-opacity-slider,1.0.0,14,F,UNVERIFIED_PUBLISH_PATH|DORMANT|SINGLE_MAINTAINER,1,6,v0.2.0
osi4kjb-embed-checkout-form,1.0.0,10,F,UNVERIFIED_PUBLISH_PATH|DORMANT|SINGLE_MAINTAINER,1,6,v0.2.0
r9-scripts,4.0.0,21,F,UNVERIFIED_PUBLISH_PATH|SINGLE_MAINTAINER,1,6,v0.2.0
staffbase-widget-dacast,1.0.5,21,F,UNVERIFIED_PUBLISH_PATH|SINGLE_MAINTAINER,1,6,v0.2.0
swarmcloud-hls-sw,0.8.1,19,F,UNVERIFIED_PUBLISH_PATH|DORMANT|SINGLE_MAINTAINER,1,6,v0.2.0
'@aurolabs/auro-card,1.0.1,33,F,UNVERIFIED_PUBLISH_PATH|DORMANT,2,5,v0.2.0
'@autosync/atx-bootstrap-daterangepicker,2.0.0,33,F,UNVERIFIED_PUBLISH_PATH|DORMANT,4,5,v0.2.0
'@azerion/splash,3.6.8,29,F,UNVERIFIED_PUBLISH_PATH|DORMANT,4,5,v0.2.0
'@batch.com/in-app-webview-sdk,1.0.0,19,F,UNVERIFIED_PUBLISH_PATH|DORMANT|SINGLE_MAINTAINER,1,5,v0.2.0
'@brytdesigns/web-component-gnav-header,1.0.2,30,F,UNVERIFIED_PUBLISH_PATH,5,5,v0.2.0
'@cabbiepete/cloud-zoom,1.0.4,19,F,UNVERIFIED_PUBLISH_PATH|DORMANT|SINGLE_MAINTAINER,1,5,v0.2.0
'@code-cabana/elements,1.7.6,19,F,UNVERIFIED_PUBLISH_PATH|DORMANT|SINGLE_MAINTAINER,1,5,v0.2.0
'@datarose/scrollreveal,1.3.0,19,F,UNVERIFIED_PUBLISH_PATH|DORMANT|SINGLE_MAINTAINER,1,5,v0.2.0
'@dvgis/cesium-widget,1.0.1,14,F,UNVERIFIED_PUBLISH_PATH|DORMANT|SINGLE_MAINTAINER,1,5,v0.2.0
'@flarehr/savings-rego-app,0.0.2,19,F,UNVERIFIED_PUBLISH_PATH|DORMANT|PUBLISHER_NOT_MAINTAINER,8,5,v0.2.0
'@frontkom/g-feature-box,0.1.0,33,F,UNVERIFIED_PUBLISH_PATH|DORMANT,10,5,v0.2.0
'@frontkom/starterx-quote-background,2.0.0,33,F,UNVERIFIED_PUBLISH_PATH|DORMANT,10,5,v0.2.0
'@fsl-app/erm-app,1.1.3,21,F,UNVERIFIED_PUBLISH_PATH|SINGLE_MAINTAINER,1,5,v0.2.0
'@guzzj/clappr-youtube-playback,0.0.12,19,F,UNVERIFIED_PUBLISH_PATH|DORMANT|SINGLE_MAINTAINER,1,5,v0.2.0
'@hypelab/sdk-analytics,1.3.8,20,F,UNVERIFIED_PUBLISH_PATH,0,5,v0.2.0
'@jacksonavila/phone-lib,2.0.12,25,F,UNVERIFIED_PUBLISH_PATH|SINGLE_MAINTAINER,1,5,v0.2.0
'@jacuzzi-digital/d1-webflow,1.2.79,14,F,UNVERIFIED_PUBLISH_PATH|DORMANT|SINGLE_MAINTAINER,1,5,v0.2.0
'@labtime/avamec-api-bridge-cliente,1.0.0,15,F,UNVERIFIED_PUBLISH_PATH|DORMANT|SINGLE_MAINTAINER,1,5,v0.2.0
'@machi-pla/cc-client-js-tazawako,0.1.0,35,D,UNVERIFIED_PUBLISH_PATH,3,5,v0.2.0
'@mailbiz/onsite-fastcommerce-vendor,0.1.0,30,F,UNVERIFIED_PUBLISH_PATH,3,5,v0.2.0
'@mitojs/browser,3.0.1,14,F,UNVERIFIED_PUBLISH_PATH|DORMANT|SINGLE_MAINTAINER,1,5,v0.2.0
'@noonnu/cafe24-ohsquare,0.1.0,14,F,UNVERIFIED_PUBLISH_PATH|DORMANT|SINGLE_MAINTAINER,1,5,v0.2.0
'@noonnu/jeju-gothic,0.1.0,14,F,UNVERIFIED_PUBLISH_PATH|DORMANT|SINGLE_MAINTAINER,1,5,v0.2.0
'@noonnu/jeju-myeongjo,0.1.0,14,F,UNVERIFIED_PUBLISH_PATH|DORMANT|SINGLE_MAINTAINER,1,5,v0.2.0
'@openfonts/barlow-semi-condensed_latin-ext,1.44.2,14,F,UNVERIFIED_PUBLISH_PATH|DORMANT|SINGLE_MAINTAINER,1,5,v0.2.0
'@orange-games/phaser-spine,3.0.9,28,F,UNVERIFIED_PUBLISH_PATH|DORMANT|DEPRECATED,3,5,v0.2.0
'@perceptimagery/sprie-widget,1.3.2007,34,F,UNVERIFIED_PUBLISH_PATH,2,5,v0.2.0
'@quickcreator/quick-search,1.0.2,25,F,UNVERIFIED_PUBLISH_PATH|SINGLE_MAINTAINER,1,5,v0.2.0
'@remix-gg/sdk,0.6.0,21,F,UNVERIFIED_PUBLISH_PATH|SINGLE_MAINTAINER,1,5,v0.2.0
'@rtstic.dev/infinite-marquee,1.0.1,16,F,UNVERIFIED_PUBLISH_PATH|SINGLE_MAINTAINER,1,5,v0.2.0
'@scbd/page-footer,0.0.69,29,F,UNVERIFIED_PUBLISH_PATH|DORMANT,4,5,v0.2.0
'@segment/vimeo-analytics,2.0.0,23,F,UNVERIFIED_PUBLISH_PATH|DORMANT|PUBLISHER_NOT_MAINTAINER,3,5,v0.2.0
'@snovasys/usage-analytics-sdk,1.2.0,21,F,UNVERIFIED_PUBLISH_PATH|SINGLE_MAINTAINER,1,5,v0.2.0
'@swarmcloud/bitmovin,0.4.1,25,F,UNVERIFIED_PUBLISH_PATH|SINGLE_MAINTAINER,1,5,v0.2.0
'@testometrika/widget,1.2.1,14,F,UNVERIFIED_PUBLISH_PATH|DORMANT|SINGLE_MAINTAINER,1,5,v0.2.0
'@the-oz/app-swatches,3.1.1,24,F,UNVERIFIED_PUBLISH_PATH|DORMANT|PUBLISHER_NOT_MAINTAINER,3,5,v0.2.0
'@tru_id/tru-sdk-web,0.0.11,28,F,UNVERIFIED_PUBLISH_PATH|DORMANT|PUBLISHER_NOT_MAINTAINER,3,5,v0.2.0
'@zaixianwan/web-dist,2.1.0-git-820302aceb943e3d62051403a90193f4449d60c5,21,F,UNVERIFIED_PUBLISH_PATH|SINGLE_MAINTAINER,1,5,v0.2.0
'@zkreations/bjs,1.0.2,15,F,UNVERIFIED_PUBLISH_PATH|DORMANT|SINGLE_MAINTAINER,1,5,v0.2.0
addon-interscroller,1.0.6,19,F,UNVERIFIED_PUBLISH_PATH|DORMANT|SINGLE_MAINTAINER,1,5,v0.2.0
adsense,0.0.1,10,F,UNVERIFIED_PUBLISH_PATH|DORMANT|SINGLE_MAINTAINER,1,5,v0.2.0
anfuns-assets,1.0.10,14,F,UNVERIFIED_PUBLISH_PATH|DORMANT|SINGLE_MAINTAINER,1,5,v0.2.0
angularjs-datetime-picker-v2,0.2.2,19,F,UNVERIFIED_PUBLISH_PATH|DORMANT|SINGLE_MAINTAINER,1,5,v0.2.0
cmzydzsff2024927,1.0.2,10,F,UNVERIFIED_PUBLISH_PATH|DORMANT|SINGLE_MAINTAINER,1,5,v0.2.0
cn-fontsource-yozai-regular,1.0.9,19,F,UNVERIFIED_PUBLISH_PATH|DORMANT|SINGLE_MAINTAINER,1,5,v0.2.0
html2canvas-fixed,1.0.0,14,F,UNVERIFIED_PUBLISH_PATH|DORMANT|SINGLE_MAINTAINER,1,5,v0.2.0
jquery-cookie-dash,1.4.1,14,F,UNVERIFIED_PUBLISH_PATH|DORMANT|SINGLE_MAINTAINER,1,5,v0.2.0
jquery-toasts,1.1.0,19,F,UNVERIFIED_PUBLISH_PATH|DORMANT|SINGLE_MAINTAINER,1,5,v0.2.0
jquery.cookiefy,1.0.4,19,F,UNVERIFIED_PUBLISH_PATH|DORMANT|SINGLE_MAINTAINER,1,5,v0.2.0
jsproxy-cache-01,0.0.79,10,F,UNVERIFIED_PUBLISH_PATH|DORMANT|SINGLE_MAINTAINER,1,5,v0.2.0
lazy-load-picture,0.0.1,14,F,UNVERIFIED_PUBLISH_PATH|DORMANT|SINGLE_MAINTAINER,1,5,v0.2.0
orbitcss,2.0.0,19,F,UNVERIFIED_PUBLISH_PATH|DORMANT|SINGLE_MAINTAINER,1,5,v0.2.0
quojs,3.0.8,15,F,UNVERIFIED_PUBLISH_PATH|DORMANT|SINGLE_MAINTAINER,1,5,v0.2.0
rslider,2.16.3,33,F,UNVERIFIED_PUBLISH_PATH|DORMANT,3,5,v0.2.0
solid-icons-all,1.2.0,25,F,UNVERIFIED_PUBLISH_PATH|SINGLE_MAINTAINER,1,5,v0.2.0
statsig-landing-page-exp,1.0.33,28,F,UNVERIFIED_PUBLISH_PATH|DORMANT|PUBLISHER_NOT_MAINTAINER,2,5,v0.2.0
swarmcloud-mp4-sw,0.2.2,19,F,UNVERIFIED_PUBLISH_PATH|DORMANT|SINGLE_MAINTAINER,1,5,v0.2.0
ton-ai-sdk,2.2.4-alpha.5,25,F,UNVERIFIED_PUBLISH_PATH|SINGLE_MAINTAINER,1,5,v0.2.0
webmetric-analytics,1.0.13,15,F,UNVERIFIED_PUBLISH_PATH|DORMANT|SINGLE_MAINTAINER,1,5,v0.2.0
wikistxr,0.1.5,25,F,UNVERIFIED_PUBLISH_PATH|SINGLE_MAINTAINER,1,5,v0.2.0
'@agenus-io/utms,1.0.5,35,D,UNVERIFIED_PUBLISH_PATH,2,4,v0.2.0
'@azerion/phaser-i18next,1.0.3,28,F,UNVERIFIED_PUBLISH_PATH|DORMANT|PUBLISHER_NOT_MAINTAINER,4,4,v0.2.0
'@barkleyrei/tempusdominus-bootstrap-4,5.39.3,28,F,UNVERIFIED_PUBLISH_PATH|DORMANT|PUBLISHER_NOT_MAINTAINER,4,4,v0.2.0
'@builder.io/persist-attribution,0.0.1-beta-2,19,F,UNVERIFIED_PUBLISH_PATH|DORMANT|PUBLISHER_NOT_MAINTAINER,22,4,v0.2.0
'@codemotion/ment.io,0.9.24,28,F,UNVERIFIED_PUBLISH_PATH|DORMANT|PUBLISHER_NOT_MAINTAINER|DEPRECATED,3,4,v0.2.0
'@databerry/chat-bubble,1.0.142,19,F,UNVERIFIED_PUBLISH_PATH|DORMANT|SINGLE_MAINTAINER,1,4,v0.2.0
'@developerportalsg/docsify,4.12.18,39,D,UNVERIFIED_PUBLISH_PATH|DORMANT,3,4,v0.2.0
'@eliaslazcano/utils,1.0.24,25,F,UNVERIFIED_PUBLISH_PATH|SINGLE_MAINTAINER,1,4,v0.2.0
'@feedmepos/mf-kitchen,1.0.4,35,D,UNVERIFIED_PUBLISH_PATH,3,4,v0.2.0
'@frontkom/g-content-in-columns,0.4.5,33,F,UNVERIFIED_PUBLISH_PATH|DORMANT,10,4,v0.2.0
'@frontkom/starterx-mosaic,1.0.1,28,F,UNVERIFIED_PUBLISH_PATH|DORMANT|PUBLISHER_NOT_MAINTAINER,10,4,v0.2.0
'@goodgamestudios/cxf-banners,1.21.1-qa.0,29,F,UNVERIFIED_PUBLISH_PATH|DORMANT,27,4,v0.2.0
'@goodgamestudios/cxf-ia,0.0.2-qa.2,24,F,UNVERIFIED_PUBLISH_PATH|DORMANT|PUBLISHER_NOT_MAINTAINER,27,4,v0.2.0
'@kiwigrid/kiwi-atoms,0.9.1,29,F,UNVERIFIED_PUBLISH_PATH|DORMANT,6,4,v0.2.0
'@meowwolf/meowwolf-main,1.4.0,34,F,UNVERIFIED_PUBLISH_PATH|BRANCH_REQUIRES_PR,14,4,v0.2.0
'@mrkenz9595/tizentube,5.30.301,20,F,UNVERIFIED_PUBLISH_PATH|SINGLE_MAINTAINER,1,4,v0.2.0
'@noonnu/sebang-gothic-bold,0.1.0,14,F,UNVERIFIED_PUBLISH_PATH|DORMANT|SINGLE_MAINTAINER,1,4,v0.2.0
'@noonnu/tenada,0.1.0,14,F,UNVERIFIED_PUBLISH_PATH|DORMANT|SINGLE_MAINTAINER,1,4,v0.2.0
'@pardnchiu/nanomd,1.11.6,25,F,UNVERIFIED_PUBLISH_PATH|SINGLE_MAINTAINER,1,4,v0.2.0
'@perceptimagery/sprie-embed,0.5.1005,30,F,UNVERIFIED_PUBLISH_PATH,2,4,v0.2.0
'@scbd/page-header,0.1.0,24,F,UNVERIFIED_PUBLISH_PATH|DORMANT,4,4,v0.2.0
'@sebbie1o1/simplecss,1.0.24,10,F,UNVERIFIED_PUBLISH_PATH|DORMANT|SINGLE_MAINTAINER,1,4,v0.2.0
'@uoguelph/uofg-styles,3.0.3,35,D,UNVERIFIED_PUBLISH_PATH,5,4,v0.2.0
chiron-sans-hk-pro-webfont,1.11.1,14,F,UNVERIFIED_PUBLISH_PATH|DORMANT|SINGLE_MAINTAINER|DEPRECATED,1,4,v0.2.0
cookiebot-embeds,1.2.2,19,F,UNVERIFIED_PUBLISH_PATH|DORMANT|SINGLE_MAINTAINER,1,4,v0.2.0
datatables-loadmore,1.0.1,10,F,UNVERIFIED_PUBLISH_PATH|DORMANT|SINGLE_MAINTAINER,1,4,v0.2.0
font-touhou98,1.0.0,19,F,UNVERIFIED_PUBLISH_PATH|DORMANT|SINGLE_MAINTAINER,1,4,v0.2.0
form-cdn,1.0.1,21,F,UNVERIFIED_PUBLISH_PATH|SINGLE_MAINTAINER,1,4,v0.2.0
fullscreen.js,0.3.0,19,F,UNVERIFIED_PUBLISH_PATH|DORMANT|SINGLE_MAINTAINER,1,4,v0.2.0
gocaptcha,1.0.0,16,F,UNVERIFIED_PUBLISH_PATH|SINGLE_MAINTAINER,1,4,v0.2.0
gtm-basic-methods,1.0.0,10,F,UNVERIFIED_PUBLISH_PATH|DORMANT|SINGLE_MAINTAINER,1,4,v0.2.0
imagejextension,0.3.1,19,F,UNVERIFIED_PUBLISH_PATH|DORMANT|SINGLE_MAINTAINER,1,4,v0.2.0
jquery-mask-number,1.0.1,19,F,UNVERIFIED_PUBLISH_PATH|DORMANT|SINGLE_MAINTAINER,1,4,v0.2.0
jquery.nice-number,2.1.0,19,F,UNVERIFIED_PUBLISH_PATH|DORMANT|SINGLE_MAINTAINER,1,4,v0.2.0
json-db-admin,0.0.1,10,F,UNVERIFIED_PUBLISH_PATH|DORMANT|SINGLE_MAINTAINER,1,4,v0.2.0
konami-code.js,1.5.1,19,F,UNVERIFIED_PUBLISH_PATH|DORMANT|SINGLE_MAINTAINER|DEPRECATED,1,4,v0.2.0
min-1px,1.0.0,19,F,UNVERIFIED_PUBLISH_PATH|DORMANT|SINGLE_MAINTAINER,1,4,v0.2.0
mksiema,1.0.3,20,F,UNVERIFIED_PUBLISH_PATH|SINGLE_MAINTAINER,1,4,v0.2.0
picasso-canvas-fingerprinting,1.0.1,19,F,UNVERIFIED_PUBLISH_PATH|DORMANT|SINGLE_MAINTAINER,1,4,v0.2.0
preact-htm-signals-standalone,0.0.16,19,F,UNVERIFIED_PUBLISH_PATH|DORMANT|SINGLE_MAINTAINER,1,4,v0.2.0
proxymity,2.0.4,19,F,UNVERIFIED_PUBLISH_PATH|DORMANT|SINGLE_MAINTAINER,1,4,v0.2.0
rad_share,1.4.1,15,F,UNVERIFIED_PUBLISH_PATH|DORMANT|SINGLE_MAINTAINER,1,4,v0.2.0
rocket-loader,2.4.0,19,F,UNVERIFIED_PUBLISH_PATH|DORMANT|SINGLE_MAINTAINER|DEPRECATED,1,4,v0.2.0
scarab-cli,0.2.2,19,F,UNVERIFIED_PUBLISH_PATH|DORMANT|SINGLE_MAINTAINER,1,4,v0.2.0
sdb-widget,2.0.13,21,F,UNVERIFIED_PUBLISH_PATH|SINGLE_MAINTAINER,1,4,v0.2.0
showfer-tv-guide,1.0.3,21,F,UNVERIFIED_PUBLISH_PATH|SINGLE_MAINTAINER,1,4,v0.2.0
spotclip,1.3.22,25,F,UNVERIFIED_PUBLISH_PATH|SINGLE_MAINTAINER,1,4,v0.2.0
spry,0.0.4,23,F,UNVERIFIED_PUBLISH_PATH|DORMANT|PUBLISHER_NOT_MAINTAINER,2,4,v0.2.0
svg-skeleton,0.0.4,19,F,UNVERIFIED_PUBLISH_PATH|DORMANT|SINGLE_MAINTAINER,1,4,v0.2.0
udesly-web-share-api,1.0.2,10,F,UNVERIFIED_PUBLISH_PATH|DORMANT|SINGLE_MAINTAINER,1,4,v0.2.0
'@fawazahmed0/test-jsdelivr,0.0.21,10,F,UNVERIFIED_PUBLISH_PATH|DORMANT|SINGLE_MAINTAINER,1,3,v0.2.0
'@frontkom/section-row,0.2.0,33,F,UNVERIFIED_PUBLISH_PATH|DORMANT,10,3,v0.2.0
'@frontkom/starterx-employees,1.3.0,33,F,UNVERIFIED_PUBLISH_PATH|DORMANT,10,3,v0.2.0
'@goodgamestudios/cxf-error-handler,0.0.1-qa.0,24,F,UNVERIFIED_PUBLISH_PATH|DORMANT|PUBLISHER_NOT_MAINTAINER,27,3,v0.2.0
'@goodgamestudios/cxf-shop-zipcodes,1.0.1-qa.1,24,F,UNVERIFIED_PUBLISH_PATH|DORMANT|PUBLISHER_NOT_MAINTAINER,27,3,v0.2.0
'@jsuites/menu,4.0.0,25,F,UNVERIFIED_PUBLISH_PATH|SINGLE_MAINTAINER,1,3,v0.2.0
'@mencraft/lore-headless,0.1.22,25,F,UNVERIFIED_PUBLISH_PATH|SINGLE_MAINTAINER,1,3,v0.2.0
'@mobiloud/ml-review-popup,1.0.0,25,F,UNVERIFIED_PUBLISH_PATH|SINGLE_MAINTAINER,1,3,v0.2.0
'@noonnu/cafe24-ohsquareair,0.1.0,14,F,UNVERIFIED_PUBLISH_PATH|DORMANT|SINGLE_MAINTAINER,1,3,v0.2.0
'@noonnu/s-coredream-5medium,0.0.1,14,F,UNVERIFIED_PUBLISH_PATH|DORMANT|SINGLE_MAINTAINER|DEPRECATED,1,3,v0.2.0
'@noonnu/s-coredream-6bold,0.0.1,14,F,UNVERIFIED_PUBLISH_PATH|DORMANT|SINGLE_MAINTAINER|DEPRECATED,1,3,v0.2.0
'@orange-games/phaser-nineslice,2.0.1,28,F,UNVERIFIED_PUBLISH_PATH|DORMANT|DEPRECATED,3,3,v0.2.0
'@peachai/whatsapp-widget,0.0.7,35,D,UNVERIFIED_PUBLISH_PATH,3,3,v0.2.0
'@pixelpink/baupal,1.5.1,10,F,UNVERIFIED_PUBLISH_PATH|DORMANT|SINGLE_MAINTAINER,1,3,v0.2.0
'@positioner/psk-tabs,1.0.2,33,F,UNVERIFIED_PUBLISH_PATH|DORMANT,4,3,v0.2.0
'@priceshape/clientscript,0.4.0,10,F,UNVERIFIED_PUBLISH_PATH|DORMANT|SINGLE_MAINTAINER,1,3,v0.2.0
'@scbd/www-css,1.0.2,24,F,UNVERIFIED_PUBLISH_PATH|DORMANT,4,3,v0.2.0
'@snapboard/flipdown,0.2.3,19,F,UNVERIFIED_PUBLISH_PATH|DORMANT|SINGLE_MAINTAINER,1,3,v0.2.0
'@truex/ctv-ad-renderer,1.10.1,15,F,UNVERIFIED_PUBLISH_PATH|DORMANT|SINGLE_MAINTAINER|DEPRECATED,1,3,v0.2.0
'@vexia/vexia-ads-lib,1.0.15,35,D,UNVERIFIED_PUBLISH_PATH,3,3,v0.2.0
'@wc-lib/d3-line-chart,1.0.14,16,F,UNVERIFIED_PUBLISH_PATH|SINGLE_MAINTAINER,1,3,v0.2.0
'@wc1font/lxgw-wen-kai-screen,1.0.3,19,F,UNVERIFIED_PUBLISH_PATH|DORMANT|SINGLE_MAINTAINER,1,3,v0.2.0
'@yookgmbh/storefront-components,1.3.12,24,F,UNVERIFIED_PUBLISH_PATH|DORMANT,4,3,v0.2.0
'@zanichelli/zanichelli-adv,2.0.1,34,F,UNVERIFIED_PUBLISH_PATH,27,3,v0.2.0
ad-auris-iframe-distribution-nextgen,3.1.1,19,F,UNVERIFIED_PUBLISH_PATH|DORMANT|SINGLE_MAINTAINER,1,3,v0.2.0
aliplayercomonents,1.0.0,10,F,UNVERIFIED_PUBLISH_PATH|DORMANT|SINGLE_MAINTAINER,1,3,v0.2.0
all-animation,3.0.7,19,F,UNVERIFIED_PUBLISH_PATH|DORMANT|SINGLE_MAINTAINER,1,3,v0.2.0
appybee-widget,0.2.12,21,F,UNVERIFIED_PUBLISH_PATH|SINGLE_MAINTAINER,1,3,v0.2.0
c-zoolab-w-data,1.0.11,25,F,UNVERIFIED_PUBLISH_PATH|SINGLE_MAINTAINER,1,3,v0.2.0
cfga,1.0.3,19,F,UNVERIFIED_PUBLISH_PATH|DORMANT|SINGLE_MAINTAINER,1,3,v0.2.0
choices-esm,10.0.0-1,14,F,UNVERIFIED_PUBLISH_PATH|DORMANT|SINGLE_MAINTAINER,1,3,v0.2.0
cmzydzsmb2024927,1.0.8,15,F,UNVERIFIED_PUBLISH_PATH|DORMANT|SINGLE_MAINTAINER,1,3,v0.2.0
codalyn-loadout,1.1.4,73,B,SINGLE_MAINTAINER,1,3,v0.2.0
editor-blocks-pricing-table,0.0.9,10,F,UNVERIFIED_PUBLISH_PATH|DORMANT|SINGLE_MAINTAINER,1,3,v0.2.0
fonts-archive-one-mobile,0.0.3,15,F,UNVERIFIED_PUBLISH_PATH|DORMANT|SINGLE_MAINTAINER,1,3,v0.2.0
ifontawesome.pro,6.4.0,19,F,UNVERIFIED_PUBLISH_PATH|DORMANT|SINGLE_MAINTAINER,1,3,v0.2.0
natural-gallery-js,2.8.0,19,F,UNVERIFIED_PUBLISH_PATH|DORMANT|SINGLE_MAINTAINER|DEPRECATED,1,3,v0.2.0
perfect-scrollbar-vue2,1.2.0,19,F,UNVERIFIED_PUBLISH_PATH|DORMANT|SINGLE_MAINTAINER,1,3,v0.2.0
roboto-regular-woff,0.7.1,5,F,UNVERIFIED_PUBLISH_PATH|DORMANT,0,3,v0.2.0
scholar-icons,1.0.3,19,F,UNVERIFIED_PUBLISH_PATH|DORMANT|SINGLE_MAINTAINER,1,3,v0.2.0
selenium-engine-js,3.2.1,19,F,UNVERIFIED_PUBLISH_PATH|DORMANT|SINGLE_MAINTAINER,1,3,v0.2.0
skrollr-stylesheets,1.0.0,14,F,UNVERIFIED_PUBLISH_PATH|DORMANT|SINGLE_MAINTAINER|DEPRECATED,1,3,v0.2.0
tabpanelwidget,3.0.4,21,F,UNVERIFIED_PUBLISH_PATH|SINGLE_MAINTAINER,1,3,v0.2.0
videojs-hls-source-selector,1.0.1,15,F,UNVERIFIED_PUBLISH_PATH|DORMANT|SINGLE_MAINTAINER,1,3,v0.2.0
webcoin-dogecoin,0.1.1,19,F,UNVERIFIED_PUBLISH_PATH|DORMANT|SINGLE_MAINTAINER,1,3,v0.2.0
webflow-scripts,1.1.0,21,F,UNVERIFIED_PUBLISH_PATH|SINGLE_MAINTAINER,1,3,v0.2.0
xendit-fingerprint-sdk-web,1.1.1,29,F,UNVERIFIED_PUBLISH_PATH|DORMANT,3,3,v0.2.0
zalgirio-arena-scripts,1.0.4,21,F,UNVERIFIED_PUBLISH_PATH|SINGLE_MAINTAINER,1,3,v0.2.0
'@dytesdk/device-emulator,1.12.0,33,F,UNVERIFIED_PUBLISH_PATH|DORMANT,2,2,v0.2.0
'@jimmyswrld/j-calc,2.0.0,15,F,UNVERIFIED_PUBLISH_PATH|DORMANT|SINGLE_MAINTAINER,1,2,v0.2.0
'@jleskovar/vue-native-websocket,2.0.5,19,F,UNVERIFIED_PUBLISH_PATH|DORMANT|SINGLE_MAINTAINER,1,2,v0.2.0
'@kirick/event-emitter,3.0.3,19,F,UNVERIFIED_PUBLISH_PATH|DORMANT|SINGLE_MAINTAINER,1,2,v0.2.0
'@kirick/man,2.0.0-beta.7,19,F,UNVERIFIED_PUBLISH_PATH|DORMANT|SINGLE_MAINTAINER,1,2,v0.2.0
'@noonnu/gmarketsansmedium,0.0.1,14,F,UNVERIFIED_PUBLISH_PATH|DORMANT|SINGLE_MAINTAINER|DEPRECATED,1,2,v0.2.0
'@noonnu/nanum-gothic-coding,0.1.0,14,F,UNVERIFIED_PUBLISH_PATH|DORMANT|SINGLE_MAINTAINER,1,2,v0.2.0
'@noonnu/sebang-gothic_regular,0.0.1,14,F,UNVERIFIED_PUBLISH_PATH|DORMANT|SINGLE_MAINTAINER|DEPRECATED,1,2,v0.2.0
'@noonnu/spoqa-han-sans,0.1.0,14,F,UNVERIFIED_PUBLISH_PATH|DORMANT|SINGLE_MAINTAINER,1,2,v0.2.0
'@pitched/pitched-widget-standard,1.0.26,15,F,UNVERIFIED_PUBLISH_PATH|DORMANT|SINGLE_MAINTAINER,1,2,v0.2.0
'@pollux-docaposte/icon-library,0.0.7,29,F,UNVERIFIED_PUBLISH_PATH|DORMANT,2,2,v0.2.0
'@quotalab/color,2.5.12,15,F,UNVERIFIED_PUBLISH_PATH|DORMANT|SINGLE_MAINTAINER|DEPRECATED,1,2,v0.2.0
'@ststui/web-components,0.0.13,10,F,UNVERIFIED_PUBLISH_PATH|DORMANT|SINGLE_MAINTAINER|PUBLISHER_NOT_MAINTAINER|DEPRECATED,1,2,v0.2.0
'@tashop/prebid-universal-creative,1.14.0,19,F,UNVERIFIED_PUBLISH_PATH|DORMANT|SINGLE_MAINTAINER,1,2,v0.2.0
'@wrapp/f89e3f1419d40,0.1.6,16,F,UNVERIFIED_PUBLISH_PATH|SINGLE_MAINTAINER,1,2,v0.2.0
'@youon/videojs-ssa,1.1.1,29,F,UNVERIFIED_PUBLISH_PATH|DORMANT,3,2,v0.2.0
adinkra-icons,1.1.2,19,F,UNVERIFIED_PUBLISH_PATH|DORMANT|SINGLE_MAINTAINER,1,2,v0.2.0
afterglow,0.0.3,19,F,UNVERIFIED_PUBLISH_PATH|DORMANT|SINGLE_MAINTAINER,1,2,v0.2.0
asyncllm,2.4.0,25,F,UNVERIFIED_PUBLISH_PATH|SINGLE_MAINTAINER,1,2,v0.2.0
bootstrap-hardskilled-extend-select,1.2.2,19,F,UNVERIFIED_PUBLISH_PATH|DORMANT|SINGLE_MAINTAINER,1,2,v0.2.0
bp77-scripts,4.3.0,21,F,UNVERIFIED_PUBLISH_PATH|SINGLE_MAINTAINER,1,2,v0.2.0
clappr-google-ima-html5-preroll-plugin,0.3.3,19,F,UNVERIFIED_PUBLISH_PATH|DORMANT|SINGLE_MAINTAINER|DEPRECATED,1,2,v0.2.0
clappr-pip-plugin,2.0.1,19,F,UNVERIFIED_PUBLISH_PATH|DORMANT|SINGLE_MAINTAINER,1,2,v0.2.0
cmzydzsff2024926,1.0.2,10,F,UNVERIFIED_PUBLISH_PATH|DORMANT|SINGLE_MAINTAINER,1,2,v0.2.0
cn-fontsource-xiaolai-mono-sc-regular,1.0.3,19,F,UNVERIFIED_PUBLISH_PATH|DORMANT|SINGLE_MAINTAINER,1,2,v0.2.0
country-flags-css,1.1.2,19,F,UNVERIFIED_PUBLISH_PATH|DORMANT|SINGLE_MAINTAINER,1,2,v0.2.0
custom-recaptcha,1.1.23,19,F,UNVERIFIED_PUBLISH_PATH|DORMANT|SINGLE_MAINTAINER,1,2,v0.2.0
depends-on-js,1.5.1,14,F,UNVERIFIED_PUBLISH_PATH|DORMANT|SINGLE_MAINTAINER,1,2,v0.2.0
editorjs-youtube-embed-extended,1.0.3,19,F,UNVERIFIED_PUBLISH_PATH|DORMANT|SINGLE_MAINTAINER,1,2,v0.2.0
fjelheisen-api-warning,1.0.12,14,F,UNVERIFIED_PUBLISH_PATH|DORMANT|SINGLE_MAINTAINER,1,2,v0.2.0
honeyjs,1.1.3,14,F,UNVERIFIED_PUBLISH_PATH|DORMANT|SINGLE_MAINTAINER|PUBLISHER_NOT_MAINTAINER|DEPRECATED,1,2,v0.2.0
icons_ms728,1.0.0,10,F,UNVERIFIED_PUBLISH_PATH|DORMANT|SINGLE_MAINTAINER,1,2,v0.2.0
ics-browser-gen,0.1.3,19,F,UNVERIFIED_PUBLISH_PATH|DORMANT|SINGLE_MAINTAINER,1,2,v0.2.0
lining.js,0.3.2,10,F,UNVERIFIED_PUBLISH_PATH|DORMANT|SINGLE_MAINTAINER,1,2,v0.2.0
oovvuu-plugin,1.8.2,10,F,UNVERIFIED_PUBLISH_PATH|DORMANT|SINGLE_MAINTAINER,1,2,v0.2.0
plhq_js_static,1.0.2,10,F,UNVERIFIED_PUBLISH_PATH|DORMANT|SINGLE_MAINTAINER,1,2,v0.2.0
reach-prebid-universal-creative,1.17.2,21,F,UNVERIFIED_PUBLISH_PATH|SINGLE_MAINTAINER,1,2,v0.2.0
thb-calendar,1.0.1,19,F,UNVERIFIED_PUBLISH_PATH|DORMANT|SINGLE_MAINTAINER,1,2,v0.2.0
tiptip,0.2.4,19,F,UNVERIFIED_PUBLISH_PATH|DORMANT|SINGLE_MAINTAINER,1,2,v0.2.0
uiterator,1.0.5,19,F,UNVERIFIED_PUBLISH_PATH|DORMANT|SINGLE_MAINTAINER,1,2,v0.2.0
videojs-suggestedvideoendcap,1.2.0,19,F,UNVERIFIED_PUBLISH_PATH|DORMANT|SINGLE_MAINTAINER,1,2,v0.2.0
viewport-action,1.0.2,19,F,UNVERIFIED_PUBLISH_PATH|DORMANT|SINGLE_MAINTAINER,1,2,v0.2.0
web3fonts,1.0.0,10,F,UNVERIFIED_PUBLISH_PATH|DORMANT|SINGLE_MAINTAINER,1,2,v0.2.0
'@alexandr-sokolov-dev/curb-waste,0.7.7,10,F,UNVERIFIED_PUBLISH_PATH|DORMANT|SINGLE_MAINTAINER,1,1,v0.2.0
'@appility/scrolltracker,1.0.3,15,F,UNVERIFIED_PUBLISH_PATH|DORMANT|SINGLE_MAINTAINER,1,1,v0.2.0
'@fmakdemir/ckeditor5-super-build,12.2.2,19,F,UNVERIFIED_PUBLISH_PATH|DORMANT|SINGLE_MAINTAINER,1,1,v0.2.0
'@getlupa/assets,1.0.2,10,F,UNVERIFIED_PUBLISH_PATH|DORMANT|SINGLE_MAINTAINER,1,1,v0.2.0
'@goodgamestudios/cxf-dialog,1.6.1,29,F,UNVERIFIED_PUBLISH_PATH|DORMANT,27,1,v0.2.0
'@goodgamestudios/cxf-fullscreen,0.0.4,24,F,UNVERIFIED_PUBLISH_PATH|DORMANT|PUBLISHER_NOT_MAINTAINER,27,1,v0.2.0
'@guzzj/clappr-level-selector-plugin,0.2.3,19,F,UNVERIFIED_PUBLISH_PATH|DORMANT|SINGLE_MAINTAINER,1,1,v0.2.0
'@intelight/geolib,2.0.22,14,F,UNVERIFIED_PUBLISH_PATH|DORMANT|SINGLE_MAINTAINER|PUBLISHER_NOT_MAINTAINER,1,1,v0.2.0
'@mig8447/lodash-debounce-throttle,4.17.5,19,F,UNVERIFIED_PUBLISH_PATH|DORMANT|SINGLE_MAINTAINER,1,1,v0.2.0
'@noonnu/jeju-hallasan,0.1.0,14,F,UNVERIFIED_PUBLISH_PATH|DORMANT|SINGLE_MAINTAINER,1,1,v0.2.0
'@sum.cumo/vue-awesome-swiper,3.1.6,33,F,UNVERIFIED_PUBLISH_PATH|DORMANT,6,1,v0.2.0
'@vap/shiki-worker,0.0.8,15,F,UNVERIFIED_PUBLISH_PATH|DORMANT|SINGLE_MAINTAINER,1,1,v0.2.0
'@youon/videojs-abloop,1.0.2,29,F,UNVERIFIED_PUBLISH_PATH|DORMANT,3,1,v0.2.0
bb-track,1.0.13,10,F,UNVERIFIED_PUBLISH_PATH|DORMANT|SINGLE_MAINTAINER,1,1,v0.2.0
cdnbye-mp4,0.11.3,19,F,UNVERIFIED_PUBLISH_PATH|DORMANT|SINGLE_MAINTAINER,1,1,v0.2.0
codex.editor.header,2.1.2,14,F,UNVERIFIED_PUBLISH_PATH|DORMANT|SINGLE_MAINTAINER,1,1,v0.2.0
freemarker-web-editor,1.0.0,15,F,UNVERIFIED_PUBLISH_PATH|DORMANT|SINGLE_MAINTAINER,1,1,v0.2.0
responsive-youtube.js,0.2.1,19,F,UNVERIFIED_PUBLISH_PATH|DORMANT|SINGLE_MAINTAINER,1,1,v0.2.0
routie-2,1.0.0,19,F,UNVERIFIED_PUBLISH_PATH|DORMANT|SINGLE_MAINTAINER,1,1,v0.2.0
youtube-lite,1.0.0,19,F,UNVERIFIED_PUBLISH_PATH|DORMANT|SINGLE_MAINTAINER,1,1,v0.2.0
'@blotoutio/providers-klaviyo-sdk,1.63.3,25,F,UNVERIFIED_PUBLISH_PATH|SINGLE_MAINTAINER,1,0,v0.2.0
'@datacite/datacite-tracker,0.0.5,33,F,UNVERIFIED_PUBLISH_PATH|DORMANT,3,0,v0.2.0
'@dflock/primeicons,6.0.3-SNAPSHOT,19,F,UNVERIFIED_PUBLISH_PATH|DORMANT|SINGLE_MAINTAINER,1,0,v0.2.0
'@finsweet/attributes,2.7.1,82,B,BRANCH_REQUIRES_PR,2,0,v0.2.0
'@fontsource/inter,5.2.8,71,B,,2,0,v0.2.0
'@fontsource/montserrat,5.2.8,71,B,,2,0,v0.2.0
'@segment/analytics-consent-wrapper-onetrust,1.1.3,46,D,UNVERIFIED_PUBLISH_PATH|BRANCH_REQUIRES_PR,3,0,v0.2.0
'@splidejs/splide,4.1.4,19,F,UNVERIFIED_PUBLISH_PATH|DORMANT|SINGLE_MAINTAINER,1,0,v0.2.0
'@swarmcloud/hls,2.18.0,25,F,UNVERIFIED_PUBLISH_PATH|SINGLE_MAINTAINER,1,0,v0.2.0
a11y-slider,0.4.22,19,F,UNVERIFIED_PUBLISH_PATH|DORMANT|SINGLE_MAINTAINER,1,0,v0.2.0
activity-detector,3.0.0,19,F,UNVERIFIED_PUBLISH_PATH|DORMANT|SINGLE_MAINTAINER,1,0,v0.2.0
admin-iframe-compatibility,1.0.116,34,F,UNVERIFIED_PUBLISH_PATH,59,0,v0.2.0
advanced-ellipsis,0.2.3,19,F,UNVERIFIED_PUBLISH_PATH|DORMANT|SINGLE_MAINTAINER,1,0,v0.2.0
aframe-look-at-component,1.0.0,28,F,UNVERIFIED_PUBLISH_PATH|DORMANT,2,0,v0.2.0
aframe-troika-text,0.14.0,21,F,UNVERIFIED_PUBLISH_PATH|SINGLE_MAINTAINER,1,0,v0.2.0
ajaxchimp,1.3.0,14,F,UNVERIFIED_PUBLISH_PATH|DORMANT|SINGLE_MAINTAINER,1,0,v0.2.0
ajmanpck,0.0.30,10,F,UNVERIFIED_PUBLISH_PATH|DORMANT|SINGLE_MAINTAINER,1,0,v0.2.0
alertify-js,0.3.12,15,F,UNVERIFIED_PUBLISH_PATH|DORMANT|SINGLE_MAINTAINER,1,0,v0.2.0
alertify.js,1.0.12,19,F,UNVERIFIED_PUBLISH_PATH|DORMANT|SINGLE_MAINTAINER,1,0,v0.2.0
alist-web,3.55.0,20,F,UNVERIFIED_PUBLISH_PATH|SINGLE_MAINTAINER,1,0,v0.2.0
alpinejs-jsz,1.0.7,19,F,UNVERIFIED_PUBLISH_PATH|DORMANT|SINGLE_MAINTAINER,1,0,v0.2.0
amazon-chime-sdk-js,3.32.0,94,A,,2,0,v0.2.0
angular-bootstrap-slider,None,5,F,UNVERIFIED_PUBLISH_PATH,0,0,v0.2.0
angular-filter,0.5.17,19,F,UNVERIFIED_PUBLISH_PATH|DORMANT|SINGLE_MAINTAINER,1,0,v0.2.0
angular-lock,3.1.0,78,B,,21,0,v0.2.0
angular-materialize,0.2.2,19,F,UNVERIFIED_PUBLISH_PATH|DORMANT|SINGLE_MAINTAINER,1,0,v0.2.0
angular-spinner,1.0.1,19,F,UNVERIFIED_PUBLISH_PATH|DORMANT|SINGLE_MAINTAINER,1,0,v0.2.0
apollo-client-browser,1.9.0,19,F,UNVERIFIED_PUBLISH_PATH|DORMANT|SINGLE_MAINTAINER,1,0,v0.2.0
arabic-webfonts,1.5.0,10,F,UNVERIFIED_PUBLISH_PATH|DORMANT|SINGLE_MAINTAINER,1,0,v0.2.0
artplayer-plugin-dash-quality,2.0.0,19,F,UNVERIFIED_PUBLISH_PATH|DORMANT|SINGLE_MAINTAINER|DEPRECATED,1,0,v0.2.0
assertion-error,2.0.1,19,F,UNVERIFIED_PUBLISH_PATH|DORMANT|SINGLE_MAINTAINER,1,0,v0.2.0
astrobench,0.1.2,19,F,UNVERIFIED_PUBLISH_PATH|DORMANT|SINGLE_MAINTAINER,1,0,v0.2.0
async-wait-until,2.0.31,32,F,UNVERIFIED_PUBLISH_PATH|SINGLE_MAINTAINER,1,0,v0.2.0
authenticate-distribut,1.0.0,16,F,UNVERIFIED_PUBLISH_PATH|SINGLE_MAINTAINER,1,0,v0.2.0
aws-icons,3.3.0,25,F,UNVERIFIED_PUBLISH_PATH|SINGLE_MAINTAINER,1,0,v0.2.0
bad-language-filter,1.0.2,19,F,UNVERIFIED_PUBLISH_PATH|DORMANT|SINGLE_MAINTAINER,1,0,v0.2.0
baseline-browser-mapping,2.10.43,63,C,INCONSISTENT_PUBLISH_PATH|SINGLE_MAINTAINER,1,0,v0.2.0
better-auth,1.6.23,81,B,SINGLE_MAINTAINER,1,0,v0.2.0
blogger-utils,1.4.5,15,F,UNVERIFIED_PUBLISH_PATH|DORMANT|SINGLE_MAINTAINER,1,0,v0.2.0
bootstrap-4.3.0,1.0.0,27,F,UNVERIFIED_PUBLISH_PATH|DORMANT|SINGLE_MAINTAINER,1,0,v0.2.0
bootstrap-honoka,4.4.0,19,F,UNVERIFIED_PUBLISH_PATH|DORMANT|SINGLE_MAINTAINER,1,0,v0.2.0
bootstrap-scss,5.3.8,25,F,UNVERIFIED_PUBLISH_PATH|SINGLE_MAINTAINER,1,0,v0.2.0
bootstrap-tokenfield,0.12.0,14,F,UNVERIFIED_PUBLISH_PATH|DORMANT|SINGLE_MAINTAINER,1,0,v0.2.0
bootstrap4c-custom-switch,1.1.2,19,F,UNVERIFIED_PUBLISH_PATH|DORMANT|SINGLE_MAINTAINER,1,0,v0.2.0
breakpoints-js,1.0.6,19,F,UNVERIFIED_PUBLISH_PATH|DORMANT|SINGLE_MAINTAINER,1,0,v0.2.0
browser-fs-access,0.38.0,25,F,UNVERIFIED_PUBLISH_PATH|SINGLE_MAINTAINER,1,0,v0.2.0
browser-or-node,3.0.0,19,F,UNVERIFIED_PUBLISH_PATH|DORMANT|SINGLE_MAINTAINER,1,0,v0.2.0
browser-query-utils,2.0.1,25,F,UNVERIFIED_PUBLISH_PATH|SINGLE_MAINTAINER,1,0,v0.2.0
buffer-xor,2.0.2,33,F,UNVERIFIED_PUBLISH_PATH|DORMANT,2,0,v0.2.0
bulma-checkradio,2.1.3,33,F,UNVERIFIED_PUBLISH_PATH|DORMANT|DEPRECATED,2,0,v0.2.0
calendar-link,2.11.4,73,B,SINGLE_MAINTAINER,1,0,v0.2.0
calenstyle,2.0.8,24,F,UNVERIFIED_PUBLISH_PATH|DORMANT,2,0,v0.2.0
captcha-web-sdk,1.0.11,21,F,UNVERIFIED_PUBLISH_PATH|SINGLE_MAINTAINER,1,0,v0.2.0
centricminds-ui,2.8.4,21,F,UNVERIFIED_PUBLISH_PATH|SINGLE_MAINTAINER,1,0,v0.2.0
cgview,1.8.2,25,F,UNVERIFIED_PUBLISH_PATH|SINGLE_MAINTAINER,1,0,v0.2.0
chartjs-chart-venn,4.3.7,25,F,UNVERIFIED_PUBLISH_PATH|SINGLE_MAINTAINER,1,0,v0.2.0
chartjs-plugin-datasource,0.1.0,19,F,UNVERIFIED_PUBLISH_PATH|DORMANT|SINGLE_MAINTAINER,1,0,v0.2.0
chibijs,3.0.9,19,F,UNVERIFIED_PUBLISH_PATH|DORMANT|SINGLE_MAINTAINER,1,0,v0.2.0
chinese-lunar-calendar,1.0.1,19,F,UNVERIFIED_PUBLISH_PATH|DORMANT|SINGLE_MAINTAINER,1,0,v0.2.0
clappr-thumbnails-plugin,3.7.3,19,F,UNVERIFIED_PUBLISH_PATH|DORMANT|SINGLE_MAINTAINER,1,0,v0.2.0
click-outside-vue3,4.0.1,19,F,UNVERIFIED_PUBLISH_PATH|DORMANT|SINGLE_MAINTAINER,1,0,v0.2.0
colord,2.9.3,20,F,UNVERIFIED_PUBLISH_PATH|DORMANT|SINGLE_MAINTAINER,1,0,v0.2.0
component-emitter,2.0.0,19,F,UNVERIFIED_PUBLISH_PATH|DORMANT|SINGLE_MAINTAINER,1,0,v0.2.0
convertapi-js,1.0.8,19,F,UNVERIFIED_PUBLISH_PATH|DORMANT|SINGLE_MAINTAINER,1,0,v0.2.0
cornerstone-math,0.1.10,33,F,UNVERIFIED_PUBLISH_PATH|DORMANT,10,0,v0.2.0
deat-mui-icons,3.0.2,14,F,UNVERIFIED_PUBLISH_PATH|DORMANT|SINGLE_MAINTAINER,1,0,v0.2.0
dedent,1.7.2,39,D,UNVERIFIED_PUBLISH_PATH,2,0,v0.2.0
defuddle,0.19.1,25,F,UNVERIFIED_PUBLISH_PATH|SINGLE_MAINTAINER,1,0,v0.2.0
dejavu-smoji,1.0.2,14,F,UNVERIFIED_PUBLISH_PATH|DORMANT|SINGLE_MAINTAINER,1,0,v0.2.0
detect.js,2.2.3,14,F,UNVERIFIED_PUBLISH_PATH|DORMANT|SINGLE_MAINTAINER|PUBLISHER_NOT_MAINTAINER,1,0,v0.2.0
diacritic,0.0.2,14,F,UNVERIFIED_PUBLISH_PATH|DORMANT|SINGLE_MAINTAINER,1,0,v0.2.0
docsify-count,1.1.0,19,F,UNVERIFIED_PUBLISH_PATH|DORMANT|SINGLE_MAINTAINER,1,0,v0.2.0
docsify-ko-fi,1.0.0,19,F,UNVERIFIED_PUBLISH_PATH|DORMANT|SINGLE_MAINTAINER,1,0,v0.2.0
dom-i18n,1.2.0,19,F,UNVERIFIED_PUBLISH_PATH|DORMANT|SINGLE_MAINTAINER,1,0,v0.2.0
easyzoom-mp,2.2.2,19,F,UNVERIFIED_PUBLISH_PATH|DORMANT|SINGLE_MAINTAINER,1,0,v0.2.0
editor,1.0.0,14,F,UNVERIFIED_PUBLISH_PATH|DORMANT|SINGLE_MAINTAINER|PUBLISHER_NOT_MAINTAINER,1,0,v0.2.0
editorjs-simple-image-updated,1.3.8,19,F,UNVERIFIED_PUBLISH_PATH|DORMANT|SINGLE_MAINTAINER,1,0,v0.2.0
editorjs-style,3.0.3,14,F,UNVERIFIED_PUBLISH_PATH|DORMANT|SINGLE_MAINTAINER,1,0,v0.2.0
electron,43.1.1,47,D,UNVERIFIED_PUBLISH_PATH,2,0,v0.2.0
encrypt-storage,2.16.3,31,F,UNVERIFIED_PUBLISH_PATH|SINGLE_MAINTAINER,1,0,v0.2.0
eslint-plugin-react,7.37.5,45,D,UNVERIFIED_PUBLISH_PATH,2,0,v0.2.0
fast-json-patch,3.1.1,33,F,UNVERIFIED_PUBLISH_PATH|DORMANT,4,0,v0.2.0
fast-levenshtein,3.0.0,19,F,UNVERIFIED_PUBLISH_PATH|DORMANT|SINGLE_MAINTAINER,1,0,v0.2.0
filesaver.js,1.3.4,33,F,UNVERIFIED_PUBLISH_PATH|DORMANT|DEPRECATED,2,0,v0.2.0
fingerprintjs2sync,1.5.9,19,F,UNVERIFIED_PUBLISH_PATH|DORMANT|SINGLE_MAINTAINER,1,0,v0.2.0
flowbite-svelte-icons,3.1.0,20,F,UNVERIFIED_PUBLISH_PATH|SINGLE_MAINTAINER,1,0,v0.2.0
flubber,0.4.2,19,F,UNVERIFIED_PUBLISH_PATH|DORMANT|SINGLE_MAINTAINER,1,0,v0.2.0
font-awesome-4,4.7.4,19,F,UNVERIFIED_PUBLISH_PATH|DORMANT|SINGLE_MAINTAINER,1,0,v0.2.0
fontawesome-free-6.2.1,None,5,F,UNVERIFIED_PUBLISH_PATH,0,0,v0.2.0
fontawesome-free-v6,1.0.1,15,F,UNVERIFIED_PUBLISH_PATH|DORMANT|SINGLE_MAINTAINER,1,0,v0.2.0
fsevents,2.3.3,33,F,UNVERIFIED_PUBLISH_PATH|DORMANT,2,0,v0.2.0
fxpmzkxstt,None,5,F,UNVERIFIED_PUBLISH_PATH,0,0,v0.2.0
fz-search,1.0.0,19,F,UNVERIFIED_PUBLISH_PATH|DORMANT|SINGLE_MAINTAINER,1,0,v0.2.0
ganache-cli,6.12.2,40,D,UNVERIFIED_PUBLISH_PATH|DORMANT|DEPRECATED,5,0,v0.2.0
getstats,1.2.0,19,F,UNVERIFIED_PUBLISH_PATH|DORMANT|SINGLE_MAINTAINER,1,0,v0.2.0
gl-vec3,1.2.0,39,D,UNVERIFIED_PUBLISH_PATH,11,0,v0.2.0
gpu-curtains,0.16.3,20,F,UNVERIFIED_PUBLISH_PATH|SINGLE_MAINTAINER,1,0,v0.2.0
graphhopper-js-api-client,7.6.5,39,D,UNVERIFIED_PUBLISH_PATH|DEPRECATED,2,0,v0.2.0
graphql-ws,6.1.0,77,B,INCONSISTENT_PUBLISH_PATH,2,0,v0.2.0
gridalicious,3.0.4,19,F,UNVERIFIED_PUBLISH_PATH|DORMANT|SINGLE_MAINTAINER,1,0,v0.2.0
gs2,1.4.120,21,F,UNVERIFIED_PUBLISH_PATH|SINGLE_MAINTAINER,1,0,v0.2.0
handy-work,3.1.13,39,D,UNVERIFIED_PUBLISH_PATH,2,0,v0.2.0
heap,0.2.7,19,F,UNVERIFIED_PUBLISH_PATH|DORMANT|SINGLE_MAINTAINER,1,0,v0.2.0
hexo-shiki-plugin,1.0.32,73,B,SINGLE_MAINTAINER,1,0,v0.2.0
highlight.run,10.6.0,94,A,,2,0,v0.2.0
highlightjs-cshtml-razor,2.2.0,25,F,UNVERIFIED_PUBLISH_PATH|SINGLE_MAINTAINER,1,0,v0.2.0
hijri-datepicker-component,0.0.10,19,F,UNVERIFIED_PUBLISH_PATH|DORMANT|SINGLE_MAINTAINER,1,0,v0.2.0
html2canvas-oklch,1.5.0-alpha.0,25,F,UNVERIFIED_PUBLISH_PATH|SINGLE_MAINTAINER,1,0,v0.2.0
i8-icon,0.9.4,19,F,UNVERIFIED_PUBLISH_PATH|DORMANT|SINGLE_MAINTAINER,1,0,v0.2.0
ideal-postcodes-autocomplete,0.2.1,19,F,UNVERIFIED_PUBLISH_PATH|DORMANT|SINGLE_MAINTAINER,1,0,v0.2.0
image-blob-reduce,5.0.1,25,F,UNVERIFIED_PUBLISH_PATH|SINGLE_MAINTAINER,1,0,v0.2.0
ionic-angular,3.9.10,35,D,UNVERIFIED_PUBLISH_PATH|DORMANT,10,0,v0.2.0
is-emoji-supported,0.0.5,28,F,UNVERIFIED_PUBLISH_PATH|DORMANT|PUBLISHER_NOT_MAINTAINER,2,0,v0.2.0
jcider,3.0.8,19,F,UNVERIFIED_PUBLISH_PATH|DORMANT|SINGLE_MAINTAINER,1,0,v0.2.0
jolty,0.6.2,19,F,UNVERIFIED_PUBLISH_PATH|DORMANT|SINGLE_MAINTAINER,1,0,v0.2.0
jquery-backstretch,2.1.18,33,F,UNVERIFIED_PUBLISH_PATH|DORMANT,2,0,v0.2.0
jquery-binarytransport,1.0.0,19,F,UNVERIFIED_PUBLISH_PATH|DORMANT|SINGLE_MAINTAINER,1,0,v0.2.0
jquery-file-upload,4.0.11,19,F,UNVERIFIED_PUBLISH_PATH|DORMANT|SINGLE_MAINTAINER,1,0,v0.2.0
jquery-minicolors,2.1.10,19,F,UNVERIFIED_PUBLISH_PATH|DORMANT|SINGLE_MAINTAINER,1,0,v0.2.0
jquery-particles,None,5,F,UNVERIFIED_PUBLISH_PATH,0,0,v0.2.0
jquery-ui-sortable-animation,1.0.3,19,F,UNVERIFIED_PUBLISH_PATH|DORMANT|SINGLE_MAINTAINER,1,0,v0.2.0
jquery-ui.accordion.multiple,1.0.1,19,F,UNVERIFIED_PUBLISH_PATH|DORMANT|SINGLE_MAINTAINER,1,0,v0.2.0
jquery.calculator,2.0.1,19,F,UNVERIFIED_PUBLISH_PATH|DORMANT|SINGLE_MAINTAINER,1,0,v0.2.0
jqueryrouter,2.2.12,25,F,UNVERIFIED_PUBLISH_PATH|DORMANT|SINGLE_MAINTAINER,1,0,v0.2.0
jsbi,4.3.2,39,D,UNVERIFIED_PUBLISH_PATH,3,0,v0.2.0
jupyter-leaflet,0.20.0,39,D,UNVERIFIED_PUBLISH_PATH,6,0,v0.2.0
jzz-synth-tiny,1.4.4,25,F,UNVERIFIED_PUBLISH_PATH|SINGLE_MAINTAINER,1,0,v0.2.0
kchop-plugin,None,5,F,UNVERIFIED_PUBLISH_PATH,0,0,v0.2.0
koombiwebfont,2.1.1,19,F,UNVERIFIED_PUBLISH_PATH|DORMANT|SINGLE_MAINTAINER,1,0,v0.2.0
leaflet-pulse-icon,0.1.0,19,F,UNVERIFIED_PUBLISH_PATH|DORMANT|SINGLE_MAINTAINER,1,0,v0.2.0
leaflet-sidebar-v2,3.2.3,33,F,UNVERIFIED_PUBLISH_PATH|DORMANT,2,0,v0.2.0
leaflet.markercluster.freezable,1.0.0,19,F,UNVERIFIED_PUBLISH_PATH|DORMANT|SINGLE_MAINTAINER,1,0,v0.2.0
leaflet.polylinemeasure,3.0.0,33,F,UNVERIFIED_PUBLISH_PATH|DORMANT,3,0,v0.2.0
leaflet.snogylop,0.4.0,19,F,UNVERIFIED_PUBLISH_PATH|DORMANT|SINGLE_MAINTAINER,1,0,v0.2.0
libsodium-wrappers-sumo,0.8.4,25,F,UNVERIFIED_PUBLISH_PATH|SINGLE_MAINTAINER,1,0,v0.2.0
litegraph.js,0.7.18,33,F,UNVERIFIED_PUBLISH_PATH|DORMANT,2,0,v0.2.0
live2d-widget-model-haru,1.0.5,14,F,UNVERIFIED_PUBLISH_PATH|DORMANT|SINGLE_MAINTAINER,1,0,v0.2.0
mapbox-gl-animated-popup,0.4.0,19,F,UNVERIFIED_PUBLISH_PATH|DORMANT|SINGLE_MAINTAINER,1,0,v0.2.0
maplace-js,0.2.10,19,F,UNVERIFIED_PUBLISH_PATH|DORMANT|SINGLE_MAINTAINER,1,0,v0.2.0
markdown-it-abbr,2.0.0,19,F,UNVERIFIED_PUBLISH_PATH|DORMANT|SINGLE_MAINTAINER,1,0,v0.2.0
markdown-it-mathjax,2.0.0,19,F,UNVERIFIED_PUBLISH_PATH|DORMANT|SINGLE_MAINTAINER,1,0,v0.2.0
mathjax-tex-font,4.0.0-beta.7,19,F,UNVERIFIED_PUBLISH_PATH|DORMANT|SINGLE_MAINTAINER,1,0,v0.2.0
mdbvue,6.7.4,29,F,UNVERIFIED_PUBLISH_PATH|DORMANT,17,0,v0.2.0
mdi-react,9.4.0,14,F,UNVERIFIED_PUBLISH_PATH|DORMANT|SINGLE_MAINTAINER,1,0,v0.2.0
mealz-ds,2.0.0,16,F,UNVERIFIED_PUBLISH_PATH|SINGLE_MAINTAINER,1,0,v0.2.0
mediabunny,1.50.8,73,B,SINGLE_MAINTAINER,1,0,v0.2.0
mfb,0.12.0,19,F,UNVERIFIED_PUBLISH_PATH|DORMANT|SINGLE_MAINTAINER,1,0,v0.2.0
mgrs,2.2.0,39,D,UNVERIFIED_PUBLISH_PATH,3,0,v0.2.0
miller-rabin,4.0.1,33,F,UNVERIFIED_PUBLISH_PATH|DORMANT,2,0,v0.2.0
mind-elixir,5.14.0,63,C,INCONSISTENT_PUBLISH_PATH|SINGLE_MAINTAINER,1,0,v0.2.0
minizinc,4.4.6,82,B,,3,0,v0.2.0
mlwgycqisx,None,5,F,UNVERIFIED_PUBLISH_PATH,0,0,v0.2.0
mnfst,0.5.176,25,F,UNVERIFIED_PUBLISH_PATH|SINGLE_MAINTAINER,1,0,v0.2.0
moveto,1.8.2,19,F,UNVERIFIED_PUBLISH_PATH|DORMANT|SINGLE_MAINTAINER,1,0,v0.2.0
msgpack5,6.0.2,25,F,UNVERIFIED_PUBLISH_PATH|DORMANT|SINGLE_MAINTAINER,1,0,v0.2.0
mtr-pixel,2.0.0,25,F,UNVERIFIED_PUBLISH_PATH|SINGLE_MAINTAINER,1,0,v0.2.0
multiselect,0.9.12,10,F,UNVERIFIED_PUBLISH_PATH|DORMANT|SINGLE_MAINTAINER,1,0,v0.2.0
musubii,9.4.0,25,F,UNVERIFIED_PUBLISH_PATH|SINGLE_MAINTAINER,1,0,v0.2.0
n8n-workflow,2.16.0,95,A,,4,0,v0.2.0
native-base-v3,0.2.5,14,F,UNVERIFIED_PUBLISH_PATH|DORMANT|SINGLE_MAINTAINER,1,0,v0.2.0
native-material-icons,0.1.4,34,F,UNVERIFIED_PUBLISH_PATH,4,0,v0.2.0
neue-template,1.4.17,25,F,UNVERIFIED_PUBLISH_PATH|SINGLE_MAINTAINER,1,0,v0.2.0
noto-serif-sc,31.0.0,19,F,UNVERIFIED_PUBLISH_PATH|DORMANT|SINGLE_MAINTAINER,1,0,v0.2.0
object-fit-videos,1.0.4,19,F,UNVERIFIED_PUBLISH_PATH|DORMANT|SINGLE_MAINTAINER,1,0,v0.2.0
obug,2.1.4,68,C,SINGLE_MAINTAINER,1,0,v0.2.0
octicons,8.5.0,35,D,UNVERIFIED_PUBLISH_PATH|DORMANT|DEPRECATED,20,0,v0.2.0
offcanvas-bootstrap,2.5.2,19,F,UNVERIFIED_PUBLISH_PATH|DORMANT|SINGLE_MAINTAINER,1,0,v0.2.0
ovenlivekit,1.5.8,25,F,UNVERIFIED_PUBLISH_PATH|SINGLE_MAINTAINER,1,0,v0.2.0
owl-carousel-2,0.0.3,10,F,UNVERIFIED_PUBLISH_PATH|DORMANT|SINGLE_MAINTAINER,1,0,v0.2.0
p-timeout,7.0.1,25,F,UNVERIFIED_PUBLISH_PATH|SINGLE_MAINTAINER,1,0,v0.2.0
path2d-polyfill,3.2.2,20,F,UNVERIFIED_PUBLISH_PATH|SINGLE_MAINTAINER,1,0,v0.2.0
poppins-font,1.0.1,19,F,UNVERIFIED_PUBLISH_PATH|DORMANT|SINGLE_MAINTAINER|DEPRECATED,1,0,v0.2.0
ppu-uniface,3.0.0,20,F,UNVERIFIED_PUBLISH_PATH|SINGLE_MAINTAINER,1,0,v0.2.0
protomaps-leaflet,5.1.0,25,F,UNVERIFIED_PUBLISH_PATH|SINGLE_MAINTAINER,1,0,v0.2.0
pubnub,12.0.0,46,D,UNVERIFIED_PUBLISH_PATH,5,0,v0.2.0
q,1.5.1,33,F,UNVERIFIED_PUBLISH_PATH|DORMANT|DEPRECATED,2,0,v0.2.0
query-string,9.4.1,25,F,UNVERIFIED_PUBLISH_PATH|SINGLE_MAINTAINER,1,0,v0.2.0
querystringify,2.2.0,33,F,UNVERIFIED_PUBLISH_PATH|DORMANT,4,0,v0.2.0
quill-resize-image,1.0.11,57,C,SINGLE_MAINTAINER,1,0,v0.2.0
randomcolor,0.6.2,19,F,UNVERIFIED_PUBLISH_PATH|DORMANT|SINGLE_MAINTAINER,1,0,v0.2.0
rc-animate,3.1.1,33,F,UNVERIFIED_PUBLISH_PATH|DORMANT,5,0,v0.2.0
react-date-range,2.0.1,35,D,UNVERIFIED_PUBLISH_PATH|DORMANT,4,0,v0.2.0
react-grid-layout,2.2.3,25,F,UNVERIFIED_PUBLISH_PATH|SINGLE_MAINTAINER,1,0,v0.2.0
react-to-print,3.3.0,39,D,UNVERIFIED_PUBLISH_PATH,2,0,v0.2.0
react-tooltip,6.0.8,39,D,UNVERIFIED_PUBLISH_PATH,6,0,v0.2.0
regression,2.0.1,19,F,UNVERIFIED_PUBLISH_PATH|DORMANT|SINGLE_MAINTAINER,1,0,v0.2.0
requestanimationframe,0.0.23,19,F,UNVERIFIED_PUBLISH_PATH|DORMANT|SINGLE_MAINTAINER,1,0,v0.2.0
requires-port,1.0.0,33,F,UNVERIFIED_PUBLISH_PATH|DORMANT,2,0,v0.2.0
responsive-sketchpad,1.3.1,25,F,UNVERIFIED_PUBLISH_PATH|SINGLE_MAINTAINER,1,0,v0.2.0
rffchggias,None,5,F,UNVERIFIED_PUBLISH_PATH,0,0,v0.2.0
rgb-light-card,1.14.0,25,F,UNVERIFIED_PUBLISH_PATH|SINGLE_MAINTAINER,1,0,v0.2.0
sakura-js,1.1.1,15,F,UNVERIFIED_PUBLISH_PATH|DORMANT|SINGLE_MAINTAINER,1,0,v0.2.0
schema-utils,4.3.3,39,D,UNVERIFIED_PUBLISH_PATH,6,0,v0.2.0
scriptxprint-html,1.16.4,25,F,UNVERIFIED_PUBLISH_PATH|SINGLE_MAINTAINER,1,0,v0.2.0
shadows-imgs,0.0.40,10,F,UNVERIFIED_PUBLISH_PATH|DORMANT|SINGLE_MAINTAINER,1,0,v0.2.0
sharepointplus,6.2.0,19,F,UNVERIFIED_PUBLISH_PATH|DORMANT|SINGLE_MAINTAINER,1,0,v0.2.0
sigy,0.0.11,25,F,UNVERIFIED_PUBLISH_PATH|SINGLE_MAINTAINER,1,0,v0.2.0
slate-react,0.126.0,87,A,,6,0,v0.2.0
smartcrop,2.0.5,19,F,UNVERIFIED_PUBLISH_PATH|DORMANT|SINGLE_MAINTAINER,1,0,v0.2.0
sn-ui-kit-icons,0.4.0,15,F,UNVERIFIED_PUBLISH_PATH|DORMANT|SINGLE_MAINTAINER,1,0,v0.2.0
soundtouchjs,0.3.0,25,F,UNVERIFIED_PUBLISH_PATH|SINGLE_MAINTAINER,1,0,v0.2.0
sprestlib,1.9.0,19,F,UNVERIFIED_PUBLISH_PATH|DORMANT|SINGLE_MAINTAINER,1,0,v0.2.0
stimulus-autocomplete,3.1.0,33,F,UNVERIFIED_PUBLISH_PATH|DORMANT,2,0,v0.2.0
stimulus-textarea-autogrow,4.1.0,14,F,UNVERIFIED_PUBLISH_PATH|DORMANT|SINGLE_MAINTAINER,1,0,v0.2.0
strftime,0.10.3,19,F,UNVERIFIED_PUBLISH_PATH|DORMANT|SINGLE_MAINTAINER,1,0,v0.2.0
style-object-to-css-string,1.1.3,19,F,UNVERIFIED_PUBLISH_PATH|DORMANT|SINGLE_MAINTAINER,1,0,v0.2.0
super-slide,2.1.4,19,F,UNVERIFIED_PUBLISH_PATH|DORMANT|SINGLE_MAINTAINER,1,0,v0.2.0
super-three,0.185.0,31,F,UNVERIFIED_PUBLISH_PATH|SINGLE_MAINTAINER,1,0,v0.2.0
sweph-wasm,2.6.9,31,F,UNVERIFIED_PUBLISH_PATH|SINGLE_MAINTAINER,1,0,v0.2.0
syzoj-public-cdn,1.2.0,19,F,UNVERIFIED_PUBLISH_PATH|DORMANT|SINGLE_MAINTAINER,1,0,v0.2.0
table-dragger,2.0.5,19,F,UNVERIFIED_PUBLISH_PATH|DORMANT|SINGLE_MAINTAINER,1,0,v0.2.0
tablefilter,0.7.2,19,F,UNVERIFIED_PUBLISH_PATH|DORMANT|SINGLE_MAINTAINER,1,0,v0.2.0
tabularjs,1.0.1,25,F,UNVERIFIED_PUBLISH_PATH|SINGLE_MAINTAINER,1,0,v0.2.0
three-addons,1.2.0,14,F,UNVERIFIED_PUBLISH_PATH|DORMANT|SINGLE_MAINTAINER,1,0,v0.2.0
threesixty-slider,2.0.6,19,F,UNVERIFIED_PUBLISH_PATH|DORMANT|SINGLE_MAINTAINER,1,0,v0.2.0
thumbmarkjs,0.15.0,15,F,UNVERIFIED_PUBLISH_PATH|DORMANT|SINGLE_MAINTAINER|DEPRECATED,1,0,v0.2.0
timestamp-witch-js,1.0.0,25,F,UNVERIFIED_PUBLISH_PATH|SINGLE_MAINTAINER,1,0,v0.2.0
tiny-invariant,1.3.3,19,F,UNVERIFIED_PUBLISH_PATH|DORMANT|SINGLE_MAINTAINER,1,0,v0.2.0
togeojson,0.16.0,21,F,UNVERIFIED_PUBLISH_PATH|DORMANT|SINGLE_MAINTAINER|PUBLISHER_NOT_MAINTAINER|DEPRECATED,1,0,v0.2.0
tonal,6.4.3,20,F,UNVERIFIED_PUBLISH_PATH|SINGLE_MAINTAINER,1,0,v0.2.0
translate-js,1.3.0,19,F,UNVERIFIED_PUBLISH_PATH|DORMANT|SINGLE_MAINTAINER,1,0,v0.2.0
tsparticles-move-base,2.12.0,39,D,UNVERIFIED_PUBLISH_PATH|DORMANT|DEPRECATED,2,0,v0.2.0
tsparticles-preset-snow,None,5,F,UNVERIFIED_PUBLISH_PATH,0,0,v0.2.0
tsparticles-shape-circle,2.12.0,39,D,UNVERIFIED_PUBLISH_PATH|DORMANT|DEPRECATED,2,0,v0.2.0
tsparticles-shape-heart,2.12.0,39,D,UNVERIFIED_PUBLISH_PATH|DORMANT|DEPRECATED,2,0,v0.2.0
tsparticles-updater-color,2.12.0,39,D,UNVERIFIED_PUBLISH_PATH|DORMANT|DEPRECATED,2,0,v0.2.0
tsparticles-updater-opacity,2.12.0,39,D,UNVERIFIED_PUBLISH_PATH|DORMANT|DEPRECATED,2,0,v0.2.0
tsparticles-updater-size,2.12.0,39,D,UNVERIFIED_PUBLISH_PATH|DORMANT|DEPRECATED,2,0,v0.2.0
tt-chat-n8n,0.7.4,25,F,UNVERIFIED_PUBLISH_PATH|SINGLE_MAINTAINER,1,0,v0.2.0
tw-animate-css,1.4.0,62,C,SINGLE_MAINTAINER,1,0,v0.2.0
two.js,0.8.23,76,B,SINGLE_MAINTAINER,1,0,v0.2.0
typeface-dm-sans,1.1.13,14,F,UNVERIFIED_PUBLISH_PATH|DORMANT|SINGLE_MAINTAINER,1,0,v0.2.0
typeface-minecraft,1.0.0,14,F,UNVERIFIED_PUBLISH_PATH|DORMANT|SINGLE_MAINTAINER,1,0,v0.2.0
uglify-js,3.19.3,33,F,UNVERIFIED_PUBLISH_PATH|DORMANT,3,0,v0.2.0
uint8arrays,6.1.1,73,B,SINGLE_MAINTAINER,1,0,v0.2.0
undraw-svg,1.0.0,21,F,UNVERIFIED_PUBLISH_PATH|SINGLE_MAINTAINER,1,0,v0.2.0
uniqode-card-templates,1.0.5,25,F,UNVERIFIED_PUBLISH_PATH|SINGLE_MAINTAINER,1,0,v0.2.0
unist,0.0.1,19,F,UNVERIFIED_PUBLISH_PATH|DORMANT|PUBLISHER_NOT_MAINTAINER|DEPRECATED,2,0,v0.2.0
v-money-customized,0.0.1,10,F,UNVERIFIED_PUBLISH_PATH|DORMANT|SINGLE_MAINTAINER,1,0,v0.2.0
vanilla-js-wheel-zoom,9.0.4,19,F,UNVERIFIED_PUBLISH_PATH|DORMANT|SINGLE_MAINTAINER,1,0,v0.2.0
vega-tooltip,1.1.0,39,D,UNVERIFIED_PUBLISH_PATH,6,0,v0.2.0
velocity-ui-pack,1.2.2,14,F,UNVERIFIED_PUBLISH_PATH|DORMANT|SINGLE_MAINTAINER,1,0,v0.2.0
vgr-komponentkartan,16.0.1,35,D,UNVERIFIED_PUBLISH_PATH,8,0,v0.2.0
vh-check,2.0.5,19,F,UNVERIFIED_PUBLISH_PATH|DORMANT|SINGLE_MAINTAINER,1,0,v0.2.0
vue-apollo,3.1.2,19,F,UNVERIFIED_PUBLISH_PATH|DORMANT|SINGLE_MAINTAINER,1,0,v0.2.0
vue-file-agent,1.7.3,19,F,UNVERIFIED_PUBLISH_PATH|DORMANT|SINGLE_MAINTAINER,1,0,v0.2.0
vue-hotel-datepicker,5.0.1,39,D,UNVERIFIED_PUBLISH_PATH,2,0,v0.2.0
vue-toastr,2.1.2,19,F,UNVERIFIED_PUBLISH_PATH|DORMANT|SINGLE_MAINTAINER,1,0,v0.2.0
vue2-touch-events,3.2.3,19,F,UNVERIFIED_PUBLISH_PATH|DORMANT|SINGLE_MAINTAINER,1,0,v0.2.0
vue3-lazyload,0.4.2,20,F,UNVERIFIED_PUBLISH_PATH|SINGLE_MAINTAINER,1,0,v0.2.0
wavedrom,3.6.2,25,F,UNVERIFIED_PUBLISH_PATH|SINGLE_MAINTAINER,1,0,v0.2.0
web-ifc,0.0.77,87,A,,2,0,v0.2.0
webmetric,None,5,F,UNVERIFIED_PUBLISH_PATH,0,0,v0.2.0
webvr-polyfill,0.10.12,33,F,UNVERIFIED_PUBLISH_PATH|DORMANT,3,0,v0.2.0
whatsapp-notification-sound,1.0.0,10,F,UNVERIFIED_PUBLISH_PATH|DORMANT|SINGLE_MAINTAINER,1,0,v0.2.0
x-editable-bs5,1.5.8,19,F,UNVERIFIED_PUBLISH_PATH|DORMANT|SINGLE_MAINTAINER,1,0,v0.2.0
xe-utils,4.0.11,25,F,UNVERIFIED_PUBLISH_PATH|SINGLE_MAINTAINER,1,0,v0.2.0
xeicon,None,5,F,UNVERIFIED_PUBLISH_PATH,0,0,v0.2.0
xml-formatter,3.7.0,25,F,UNVERIFIED_PUBLISH_PATH|SINGLE_MAINTAINER,1,0,v0.2.0
xrblocks,0.18.0,87,A,,2,0,v0.2.0
yargs,18.0.0,39,D,UNVERIFIED_PUBLISH_PATH,3,0,v0.2.0
yt-player,3.6.1,19,F,UNVERIFIED_PUBLISH_PATH|DORMANT|SINGLE_MAINTAINER,1,0,v0.2.0
zendesk-js,1.0.3,19,F,UNVERIFIED_PUBLISH_PATH|DORMANT|SINGLE_MAINTAINER,1,0,v0.2.0
zpl-image,0.3.0,25,F,UNVERIFIED_PUBLISH_PATH|SINGLE_MAINTAINER,1,0,v0.2.0
